,timestamp,open,high,low,close,volume
0,2021-11-30 19:55:00,81.042,81.081,80.732,80.811,37278
1,2021-11-30 19:50:00,81.052,81.13,80.929,80.997,23078
2,2021-11-30 19:45:00,80.979,81.189,80.89,81.037,37462
3,2021-11-30 19:40:00,80.802,81.007,80.708,80.899,27764
4,2021-11-30 19:35:00,80.748,80.826,80.556,80.737,37158
5,2021-11-30 19:30:00,80.762,80.885,80.649,80.718,15054
6,2021-11-30 19:25:00,80.826,80.939,80.61,80.737,33050
7,2021-11-30 19:20:00,80.821,80.944,80.683,80.86,40548
8,2021-11-30 19:15:00,81.19,81.214,80.708,80.821,51694
9,2021-11-30 19:10:00,81.406,81.43,81.076,81.105,10212
10,2021-11-30 19:05:00,81.553,81.681,81.321,81.37,22070
11,2021-11-30 19:00:00,81.229,81.568,81.14,81.483,14664
12,2021-11-30 18:55:00,81.239,81.283,81.095,81.179,7876
13,2021-11-30 18:50:00,81.165,81.312,81.076,81.179,22972
14,2021-11-30 18:45:00,81.234,81.386,81.042,81.135,15018
15,2021-11-30 18:40:00,81.396,81.42,81.105,81.135,17062
16,2021-11-30 18:35:00,81.558,81.582,81.331,81.361,13778
17,2021-11-30 18:30:00,81.568,81.631,81.463,81.493,5186
18,2021-11-30 18:25:00,81.524,81.622,81.409,81.449,9124
19,2021-11-30 18:20:00,81.543,81.568,81.365,81.444,10824
20,2021-11-30 18:15:00,81.588,81.661,81.405,81.434,20550
21,2021-11-30 18:10:00,81.573,81.631,81.439,81.473,13380
22,2021-11-30 18:05:00,81.745,81.794,81.527,81.557,25368
23,2021-11-30 18:00:00,81.46,81.862,81.316,81.641,158590
24,2021-11-30 17:55:00,81.386,81.41,81.272,81.326,3184
25,2021-11-30 17:50:00,81.386,81.425,81.297,81.341,2272
26,2021-11-30 17:45:00,81.386,81.43,81.277,81.326,2428
27,2021-11-30 17:40:00,81.411,81.435,81.321,81.351,1230
28,2021-11-30 17:35:00,81.401,81.435,81.297,81.351,7464
29,2021-11-30 17:30:00,81.362,81.41,81.272,81.326,2538
30,2021-11-30 17:25:00,81.362,81.43,81.272,81.307,1700
31,2021-11-30 17:20:00,81.411,81.435,81.292,81.331,3130
32,2021-11-30 17:15:00,81.386,81.42,81.297,81.336,3214
33,2021-11-30 17:10:00,81.396,81.42,81.272,81.302,3484
34,2021-11-30 17:05:00,81.43,81.459,81.262,81.326,3248
35,2021-11-30 17:00:00,81.46,81.499,81.262,81.37,6056
36,2021-11-30 16:55:00,81.357,81.489,81.243,81.4,33596
37,2021-11-30 16:50:00,81.337,81.42,81.213,81.282,24196
38,2021-11-30 16:45:00,81.16,81.386,81.071,81.302,64656
39,2021-11-30 16:40:00,81.214,81.253,81.081,81.11,7142
40,2021-11-30 16:35:00,81.165,81.219,80.212,81.13,57478
41,2021-11-30 16:30:00,81.219,81.283,81.022,81.076,18260
42,2021-11-30 16:25:00,81.19,81.302,81.061,81.194,27136
43,2021-11-30 16:20:00,81.175,81.405,81.042,81.1,70094
44,2021-11-30 16:15:00,81.077,81.233,80.983,81.15,33396
45,2021-11-30 16:10:00,81.038,81.209,80.889,81.032,103570
46,2021-11-30 16:05:00,81.293,81.4,80.86,80.948,142680
47,2021-11-30 16:00:00,80.153,81.317,80.065,81.233,411420
48,2021-11-30 15:55:00,79.706,80.442,79.584,80.075,2860956
49,2021-11-30 15:50:00,79.947,80.079,79.481,79.648,3928412
50,2021-11-30 15:45:00,80.222,80.501,79.815,79.883,1893596
51,2021-11-30 15:40:00,79.829,80.324,79.673,80.168,963756
52,2021-11-30 15:35:00,79.967,80.04,79.55,79.765,1026836
53,2021-11-30 15:30:00,79.711,80.113,79.555,79.913,960400
54,2021-11-30 15:25:00,79.957,80.03,79.55,79.677,1325076
55,2021-11-30 15:20:00,80.124,80.31,79.835,79.893,731670
56,2021-11-30 15:15:00,80.026,80.221,79.849,80.08,814192
57,2021-11-30 15:10:00,79.957,80.275,79.825,79.947,988250
58,2021-11-30 15:05:00,80.301,80.388,79.83,79.893,830222
59,2021-11-30 15:00:00,80.198,80.428,79.987,80.232,848646
60,2021-11-30 14:55:00,80.031,80.315,79.83,80.143,1067076
61,2021-11-30 14:50:00,80.094,80.241,79.805,79.957,1224408
62,2021-11-30 14:45:00,80.541,80.624,79.982,80.026,1032136
63,2021-11-30 14:40:00,80.836,81.061,80.32,80.482,1142674
64,2021-11-30 14:35:00,81.033,81.17,80.683,80.767,768952
65,2021-11-30 14:30:00,80.846,81.209,80.644,80.973,924886
66,2021-11-30 14:25:00,81.077,81.361,80.732,80.791,1217022
67,2021-11-30 14:20:00,81.082,81.106,80.821,81.017,551930
68,2021-11-30 14:15:00,81.077,81.199,80.654,81.012,815192
69,2021-11-30 14:10:00,81.038,81.238,80.894,81.007,772978
70,2021-11-30 14:05:00,80.988,81.179,80.585,80.973,1154426
71,2021-11-30 14:00:00,81.096,81.174,80.752,80.943,1144192
72,2021-11-30 13:55:00,80.875,81.14,80.683,81.037,967926
73,2021-11-30 13:50:00,80.335,80.968,80.237,80.813,1055934
74,2021-11-30 13:45:00,80.261,80.467,80.124,80.277,588030
75,2021-11-30 13:40:00,80.517,80.554,80.109,80.207,723840
76,2021-11-30 13:35:00,80.045,80.609,79.928,80.453,1059318
77,2021-11-30 13:30:00,79.908,80.202,79.732,80.006,844428
78,2021-11-30 13:25:00,79.775,80.064,79.511,79.839,998760
79,2021-11-30 13:20:00,79.618,79.887,79.364,79.76,859158
80,2021-11-30 13:15:00,79.549,79.902,79.427,79.545,744748
81,2021-11-30 13:10:00,79.648,79.759,79.364,79.481,754974
82,2021-11-30 13:05:00,79.525,79.941,79.432,79.603,781448
83,2021-11-30 13:00:00,79.765,79.994,79.398,79.466,974818
84,2021-11-30 12:55:00,80.129,80.349,79.481,79.702,1104806
85,2021-11-30 12:50:00,79.972,80.3,79.795,80.06,944244
86,2021-11-30 12:45:00,80.178,80.334,79.82,79.922,932816
87,2021-11-30 12:40:00,80.09,80.324,79.712,80.134,1242508
88,2021-11-30 12:35:00,80.085,80.226,79.786,80.045,930144
89,2021-11-30 12:30:00,79.967,80.241,79.624,80.011,1224000
90,2021-11-30 12:25:00,79.956,80.143,79.717,79.913,1503116
91,2021-11-30 12:20:00,79.81,80.0,79.422,79.898,1245472
92,2021-11-30 12:15:00,79.279,79.872,79.177,79.736,1178832
93,2021-11-30 12:10:00,79.137,79.725,78.848,79.216,1810718
94,2021-11-30 12:05:00,79.269,79.529,78.873,79.078,1858590
95,2021-11-30 12:00:00,79.765,79.789,78.927,79.211,2207412
96,2021-11-30 11:55:00,79.205,79.794,79.05,79.707,1808978
97,2021-11-30 11:50:00,79.633,79.745,79.015,79.162,1855206
98,2021-11-30 11:45:00,79.697,79.868,79.099,79.564,2349248
99,2021-11-30 11:40:00,80.178,80.207,79.364,79.643,2273606
100,2021-11-30 11:35:00,79.932,80.398,79.815,80.129,1865862
101,2021-11-30 11:30:00,80.438,80.816,79.82,79.869,1814056
102,2021-11-30 11:25:00,80.227,80.713,80.124,80.369,1398742
103,2021-11-30 11:20:00,80.566,80.89,80.109,80.163,1442868
104,2021-11-30 11:15:00,80.974,81.278,80.36,80.502,2055660
105,2021-11-30 11:10:00,80.522,81.037,80.046,80.914,2421860
106,2021-11-30 11:05:00,80.36,80.708,80.055,80.477,2287864
107,2021-11-30 11:00:00,80.09,80.757,79.496,80.296,4129288
108,2021-11-30 10:55:00,81.057,81.12,79.952,80.03,4442182
109,2021-11-30 10:50:00,81.998,82.206,80.865,80.968,4463742
110,2021-11-30 10:45:00,83.233,83.326,81.807,81.925,3230896
111,2021-11-30 10:40:00,83.317,83.626,83.004,83.177,1710858
112,2021-11-30 10:35:00,84.392,84.604,82.773,83.245,4086428
113,2021-11-30 10:30:00,84.225,84.565,84.113,84.31,1596290
114,2021-11-30 10:25:00,83.881,84.28,83.73,84.153,1471798
115,2021-11-30 10:20:00,84.23,84.294,83.549,83.829,1427130
116,2021-11-30 10:15:00,84.304,84.584,84.064,84.168,1400572
117,2021-11-30 10:10:00,84.711,84.894,84.054,84.242,1736844
118,2021-11-30 10:05:00,84.348,84.77,84.157,84.649,1694324
119,2021-11-30 10:00:00,84.132,84.584,83.931,84.29,1826662
120,2021-11-30 09:55:00,83.847,84.314,83.711,84.055,1786154
121,2021-11-30 09:50:00,83.425,83.911,83.205,83.785,1599146
122,2021-11-30 09:45:00,83.317,83.744,83.094,83.363,1978914
123,2021-11-30 09:40:00,83.223,83.542,82.822,83.26,1463302
124,2021-11-30 09:35:00,83.434,83.571,82.69,83.167,1513580
125,2021-11-30 09:30:00,83.331,83.621,82.773,83.373,2035352
126,2021-11-30 09:25:00,83.587,83.685,83.259,83.289,52610
127,2021-11-30 09:20:00,83.459,83.631,83.357,83.535,134042
128,2021-11-30 09:15:00,83.351,83.484,83.146,83.397,41912
129,2021-11-30 09:10:00,83.346,83.493,83.21,83.324,49934
130,2021-11-30 09:05:00,83.307,83.611,83.215,83.28,125690
131,2021-11-30 09:00:00,83.371,83.42,83.053,83.191,112348
132,2021-11-30 08:55:00,82.801,83.41,82.675,83.284,155900
133,2021-11-30 08:50:00,82.644,82.806,82.553,82.715,72996
134,2021-11-30 08:45:00,82.585,82.702,82.484,82.558,52328
135,2021-11-30 08:40:00,82.575,82.658,82.425,82.543,45818
136,2021-11-30 08:35:00,82.521,82.594,82.253,82.504,126154
137,2021-11-30 08:30:00,82.634,82.658,82.356,82.47,39438
138,2021-11-30 08:25:00,82.56,82.688,82.464,82.534,17066
139,2021-11-30 08:20:00,82.688,82.732,82.41,82.499,22254
140,2021-11-30 08:15:00,82.477,82.707,82.376,82.578,22342
141,2021-11-30 08:10:00,82.619,82.673,82.347,82.406,32222
142,2021-11-30 08:05:00,82.653,82.688,82.489,82.588,45892
143,2021-11-30 08:00:00,82.555,83.965,82.288,82.627,199298
144,2021-11-30 07:55:00,82.762,82.85,82.538,82.656,23106
145,2021-11-30 07:50:00,82.58,82.786,82.45,82.632,13594
146,2021-11-30 07:45:00,82.644,82.678,82.45,82.519,22742
147,2021-11-30 07:40:00,82.678,82.747,82.508,82.592,14070
148,2021-11-30 07:35:00,82.762,82.786,82.499,82.529,38132
149,2021-11-30 07:30:00,82.865,82.953,82.67,82.71,19682
150,2021-11-30 07:25:00,82.86,83.041,82.764,82.892,67360
151,2021-11-30 07:20:00,82.614,82.899,82.513,82.799,10574
152,2021-11-30 07:15:00,82.585,82.668,82.474,82.548,12856
153,2021-11-30 07:10:00,82.619,82.712,82.43,82.46,10066
154,2021-11-30 07:05:00,82.59,82.663,82.45,82.578,8718
155,2021-11-30 07:00:00,82.339,82.599,82.219,82.514,42020
156,2021-11-30 06:55:00,82.393,82.422,82.111,82.269,6578
157,2021-11-30 06:50:00,82.693,82.776,82.268,82.337,7894
158,2021-11-30 06:45:00,82.737,82.85,82.597,82.646,3198
159,2021-11-30 06:40:00,82.663,82.796,82.572,82.71,4210
160,2021-11-30 06:35:00,82.688,82.737,82.44,82.573,5170
161,2021-11-30 06:30:00,82.663,82.698,82.523,82.553,3776
162,2021-11-30 06:25:00,82.555,82.737,82.425,82.568,10076
163,2021-11-30 06:20:00,82.565,82.604,82.361,82.499,6828
164,2021-11-30 06:15:00,82.486,82.594,82.396,82.489,1800
165,2021-11-30 06:10:00,82.516,82.683,82.425,82.465,7072
166,2021-11-30 06:05:00,82.447,82.501,82.278,82.323,9032
167,2021-11-30 06:00:00,82.762,82.83,82.366,82.416,8738
168,2021-11-30 05:55:00,82.614,82.796,82.523,82.642,8262
169,2021-11-30 05:50:00,82.565,82.678,82.356,82.455,16842
170,2021-11-30 05:45:00,82.634,82.658,82.356,82.396,7542
171,2021-11-30 05:40:00,82.757,82.781,82.533,82.597,22084
172,2021-11-30 05:35:00,82.663,82.688,82.513,82.588,3686
173,2021-11-30 05:30:00,82.536,82.698,82.445,82.612,2606
174,2021-11-30 05:25:00,82.354,82.54,82.234,82.455,5070
175,2021-11-30 05:20:00,82.501,82.56,82.258,82.288,3986
176,2021-11-30 05:15:00,82.663,82.688,82.479,82.558,7562
177,2021-11-30 05:10:00,82.629,82.742,82.523,82.573,3122
178,2021-11-30 05:05:00,82.776,82.865,82.425,82.494,26160
179,2021-11-30 05:00:00,82.806,82.855,82.631,82.676,6690
180,2021-11-30 04:55:00,82.595,82.801,82.499,82.71,8714
181,2021-11-30 04:50:00,82.408,82.717,82.317,82.504,22688
182,2021-11-30 04:45:00,82.354,82.467,82.253,82.352,5468
183,2021-11-30 04:40:00,82.256,82.481,82.023,82.239,6960
184,2021-11-30 04:35:00,82.172,82.334,81.998,82.2,8086
185,2021-11-30 04:30:00,82.192,82.216,81.91,82.111,7804
186,2021-11-30 04:25:00,82.256,82.359,81.954,82.151,16244
187,2021-11-30 04:20:00,82.477,82.565,82.15,82.185,2722
188,2021-11-30 04:15:00,82.373,82.624,82.244,82.529,15630
189,2021-11-30 04:10:00,82.295,82.398,82.16,82.313,20446
190,2021-11-30 04:05:00,82.457,82.55,82.136,82.234,20500
191,2021-11-30 04:00:00,83.994,84.019,82.273,82.337,43644
192,2021-11-29 19:55:00,84.554,84.579,84.422,84.482,8990
193,2021-11-29 19:50:00,84.579,84.614,84.461,84.492,11946
194,2021-11-29 19:45:00,84.451,84.604,84.358,84.516,5030
195,2021-11-29 19:40:00,84.505,84.55,84.348,84.394,4486
196,2021-11-29 19:35:00,84.476,84.53,84.378,84.408,2304
197,2021-11-29 19:30:00,84.387,84.452,84.255,84.364,1838
198,2021-11-29 19:25:00,84.407,84.432,84.289,84.32,2000
199,2021-11-29 19:20:00,84.304,84.402,84.211,84.315,942
200,2021-11-29 19:15:00,84.392,84.417,84.221,84.251,7402
201,2021-11-29 19:10:00,84.466,84.51,84.309,84.34,3830
202,2021-11-29 19:05:00,84.51,84.54,84.348,84.394,6688
203,2021-11-29 19:00:00,84.471,84.579,84.378,84.428,9486
204,2021-11-29 18:55:00,84.535,84.56,84.339,84.384,3700
205,2021-11-29 18:50:00,84.569,84.658,84.437,84.467,9490
206,2021-11-29 18:45:00,84.579,84.614,84.486,84.516,1748
207,2021-11-29 18:40:00,84.589,84.653,84.496,84.565,4188
208,2021-11-29 18:35:00,84.628,84.653,84.471,84.521,10126
209,2021-11-29 18:30:00,84.569,84.663,84.451,84.575,8294
210,2021-11-29 18:25:00,84.613,84.638,84.456,84.487,19100
211,2021-11-29 18:20:00,84.51,84.668,84.417,84.57,44256
212,2021-11-29 18:15:00,84.481,84.56,84.388,84.438,55186
213,2021-11-29 18:10:00,84.392,84.506,84.289,84.418,18814
214,2021-11-29 18:05:00,84.348,84.402,84.186,84.315,16054
215,2021-11-29 18:00:00,84.264,84.407,84.147,84.3,35872
216,2021-11-29 17:55:00,84.171,84.25,84.078,84.163,7148
217,2021-11-29 17:50:00,84.186,84.211,84.074,84.109,7218
218,2021-11-29 17:45:00,84.206,84.23,84.113,84.143,400
219,2021-11-29 17:40:00,84.186,84.235,84.083,84.138,2182
220,2021-11-29 17:35:00,84.191,84.216,84.098,84.129,1642
221,2021-11-29 17:30:00,84.225,84.25,84.128,84.163,2194
222,2021-11-29 17:25:00,84.166,84.211,84.074,84.104,1554
223,2021-11-29 17:20:00,84.166,84.201,84.074,84.114,10220
224,2021-11-29 17:15:00,84.186,84.211,84.074,84.104,3658
225,2021-11-29 17:10:00,84.235,84.26,84.093,84.124,1798
226,2021-11-29 17:05:00,84.186,84.265,84.074,84.178,5380
227,2021-11-29 17:00:00,84.166,84.211,84.074,84.124,1916
228,2021-11-29 16:55:00,84.21,84.265,84.103,84.178,17292
229,2021-11-29 16:50:00,84.21,84.265,84.103,84.148,33932
230,2021-11-29 16:45:00,84.191,84.235,84.083,84.138,2524
231,2021-11-29 16:40:00,84.181,84.23,84.069,84.124,12618
232,2021-11-29 16:35:00,84.132,84.221,84.039,84.114,14372
233,2021-11-29 16:30:00,84.147,84.216,84.025,84.075,34926
234,2021-11-29 16:25:00,84.137,84.191,84.015,84.045,30280
235,2021-11-29 16:20:00,84.127,84.181,84.025,84.085,10028
236,2021-11-29 16:15:00,84.078,84.176,83.931,84.06,30384
237,2021-11-29 16:10:00,84.107,84.255,83.995,84.035,55518
238,2021-11-29 16:05:00,83.985,84.113,83.853,84.026,90280
239,2021-11-29 16:00:00,83.906,84.044,83.72,83.873,347634
240,2021-11-29 15:55:00,84.147,84.25,83.627,83.829,1408328
241,2021-11-29 15:50:00,84.122,84.206,83.804,84.085,1333458
242,2021-11-29 15:45:00,84.156,84.196,83.887,84.07,589820
243,2021-11-29 15:40:00,84.198,84.23,83.897,84.104,628960
244,2021-11-29 15:35:00,84.368,84.397,84.044,84.143,434858
245,2021-11-29 15:30:00,84.215,84.402,84.025,84.303,657040
246,2021-11-29 15:25:00,84.152,84.314,83.99,84.158,566302
247,2021-11-29 15:20:00,84.412,84.452,84.01,84.089,602216
248,2021-11-29 15:15:00,84.402,84.584,84.201,84.345,817450
249,2021-11-29 15:10:00,84.166,84.442,84.02,84.34,746944
250,2021-11-29 15:05:00,83.96,84.226,83.745,84.109,435888
251,2021-11-29 15:00:00,84.053,84.201,83.843,83.886,304910
252,2021-11-29 14:55:00,84.009,84.103,83.833,83.996,336958
253,2021-11-29 14:50:00,84.097,84.255,83.833,83.937,476874
254,2021-11-29 14:45:00,84.043,84.201,83.887,84.035,504884
255,2021-11-29 14:40:00,83.862,84.098,83.764,83.967,557832
256,2021-11-29 14:35:00,83.97,84.0,83.573,83.8,633224
257,2021-11-29 14:30:00,83.975,84.068,83.74,83.903,489926
258,2021-11-29 14:25:00,84.019,84.102,83.789,83.908,330026
259,2021-11-29 14:20:00,84.024,84.176,83.863,83.952,394214
260,2021-11-29 14:15:00,84.112,84.186,83.887,83.962,334492
261,2021-11-29 14:10:00,84.107,84.191,83.985,84.06,197496
262,2021-11-29 14:05:00,84.093,84.195,83.936,84.04,240204
263,2021-11-29 14:00:00,84.215,84.289,83.902,84.031,438232
264,2021-11-29 13:55:00,84.117,84.26,84.005,84.153,313188
265,2021-11-29 13:50:00,84.171,84.196,83.931,84.058,363366
266,2021-11-29 13:45:00,83.94,84.221,83.823,84.114,475552
267,2021-11-29 13:40:00,83.788,84.028,83.696,83.891,567712
268,2021-11-29 13:35:00,84.058,84.093,83.652,83.721,474436
269,2021-11-29 13:30:00,84.029,84.221,83.921,84.001,436234
270,2021-11-29 13:25:00,83.94,84.064,83.764,83.972,421696
271,2021-11-29 13:20:00,83.96,84.035,83.731,83.878,546244
272,2021-11-29 13:15:00,84.061,84.191,83.755,83.893,605256
273,2021-11-29 13:10:00,84.24,84.316,83.931,83.991,483394
274,2021-11-29 13:05:00,84.093,84.28,83.99,84.178,577018
275,2021-11-29 13:00:00,83.989,84.171,83.887,84.035,346480
276,2021-11-29 12:55:00,83.832,84.044,83.72,83.913,551582
277,2021-11-29 12:50:00,84.029,84.088,83.715,83.775,688530
278,2021-11-29 12:45:00,84.043,84.137,83.897,83.962,549634
279,2021-11-29 12:40:00,83.975,84.103,83.853,83.972,447126
280,2021-11-29 12:35:00,83.98,84.104,83.838,83.918,745100
281,2021-11-29 12:30:00,83.773,84.049,83.617,83.918,722796
282,2021-11-29 12:25:00,83.773,83.857,83.554,83.707,503174
283,2021-11-29 12:20:00,83.724,83.877,83.588,83.711,672934
284,2021-11-29 12:15:00,83.557,83.783,83.382,83.667,553376
285,2021-11-29 12:10:00,83.596,83.7,83.431,83.491,333618
286,2021-11-29 12:05:00,83.493,83.739,83.397,83.515,598642
287,2021-11-29 12:00:00,83.331,83.567,83.156,83.437,639436
288,2021-11-29 11:55:00,83.252,83.405,83.146,83.27,403934
289,2021-11-29 11:50:00,83.129,83.366,83.014,83.196,494790
290,2021-11-29 11:45:00,83.189,83.307,82.945,83.069,578616
291,2021-11-29 11:40:00,83.051,83.267,82.96,83.113,706710
292,2021-11-29 11:35:00,82.786,83.164,82.626,83.0,1034552
293,2021-11-29 11:30:00,82.393,83.027,82.293,82.73,1316648
294,2021-11-29 11:25:00,82.516,82.825,82.244,82.337,897514
295,2021-11-29 11:20:00,82.344,82.639,82.253,82.475,717626
296,2021-11-29 11:15:00,82.369,82.54,82.224,82.291,403038
297,2021-11-29 11:10:00,82.378,82.521,82.19,82.278,474292
298,2021-11-29 11:05:00,82.113,82.506,81.974,82.318,807954
299,2021-11-29 11:00:00,82.192,82.295,81.905,82.048,878420
300,2021-11-29 10:55:00,81.887,82.26,81.797,82.126,714320
301,2021-11-29 10:50:00,82.044,82.137,81.665,81.814,944218
302,2021-11-29 10:45:00,81.961,82.339,81.812,81.974,1009222
303,2021-11-29 10:40:00,81.735,82.059,81.434,81.896,824812
304,2021-11-29 10:35:00,81.976,82.28,81.39,81.675,1355698
305,2021-11-29 10:30:00,81.99,82.177,81.488,81.93,1348246
306,2021-11-29 10:25:00,82.408,82.57,81.88,81.93,1335174
307,2021-11-29 10:20:00,82.55,82.619,82.057,82.337,978416
308,2021-11-29 10:15:00,82.457,82.732,82.234,82.484,1086376
309,2021-11-29 10:10:00,82.369,82.771,82.209,82.396,1289126
310,2021-11-29 10:05:00,82.369,82.575,81.925,82.313,1740258
311,2021-11-29 10:00:00,82.521,82.747,82.205,82.323,1788442
312,2021-11-29 09:55:00,82.202,82.658,82.013,82.452,2016234
313,2021-11-29 09:50:00,81.676,82.334,81.488,82.141,2380746
314,2021-11-29 09:45:00,81.892,82.177,81.115,81.621,3157190
315,2021-11-29 09:40:00,81.971,82.191,81.738,81.827,1998848
316,2021-11-29 09:35:00,81.519,82.093,81.13,81.915,2215136
317,2021-11-29 09:30:00,81.642,82.275,81.248,81.459,2811990
318,2021-11-29 09:25:00,81.607,81.779,81.498,81.572,42818
319,2021-11-29 09:20:00,81.676,81.705,81.517,81.547,28382
320,2021-11-29 09:15:00,81.681,81.735,81.552,81.606,19572
321,2021-11-29 09:10:00,81.735,81.774,81.532,81.606,30168
322,2021-11-29 09:05:00,81.877,81.926,81.571,81.66,47890
323,2021-11-29 09:00:00,81.651,81.892,81.552,81.807,171412
324,2021-11-29 08:55:00,81.627,81.656,81.459,81.562,36756
325,2021-11-29 08:50:00,81.563,81.724,81.444,81.63,65248
326,2021-11-29 08:45:00,81.293,81.626,81.194,81.523,183238
327,2021-11-29 08:40:00,81.155,81.361,81.066,81.243,64896
328,2021-11-29 08:35:00,81.096,81.179,80.958,81.096,22138
329,2021-11-29 08:30:00,81.003,81.189,80.899,81.032,18302
330,2021-11-29 08:25:00,81.155,81.194,80.894,80.924,91100
331,2021-11-29 08:20:00,81.092,81.184,80.953,81.1,40816
332,2021-11-29 08:15:00,81.052,81.12,80.924,81.022,59964
333,2021-11-29 08:10:00,80.92,81.066,80.831,80.973,23802
334,2021-11-29 08:05:00,80.964,81.032,80.728,80.86,34166
335,2021-11-29 08:00:00,80.944,81.445,80.639,80.889,171404
336,2021-11-29 07:55:00,81.028,81.228,80.938,81.056,31260
337,2021-11-29 07:50:00,81.092,81.145,80.885,80.968,20578
338,2021-11-29 07:45:00,81.052,81.106,80.929,81.022,7610
339,2021-11-29 07:40:00,81.013,81.106,80.865,80.992,42990
340,2021-11-29 07:35:00,80.969,81.071,80.88,80.983,30058
341,2021-11-29 07:30:00,80.797,80.998,80.698,80.909,11166
342,2021-11-29 07:25:00,80.816,80.914,80.639,80.683,20782
343,2021-11-29 07:20:00,80.885,81.042,80.772,80.806,20256
344,2021-11-29 07:15:00,80.851,80.909,80.747,80.821,20730
345,2021-11-29 07:10:00,80.964,81.032,80.772,80.816,42922
346,2021-11-29 07:05:00,80.905,81.003,80.708,80.919,52856
347,2021-11-29 07:00:00,81.042,81.125,80.826,80.86,124754
348,2021-11-29 06:55:00,81.052,81.15,80.943,80.973,9368
349,2021-11-29 06:50:00,81.205,81.229,80.973,81.002,13008
350,2021-11-29 06:45:00,81.239,81.327,81.12,81.15,2804
351,2021-11-29 06:40:00,81.249,81.278,81.115,81.184,2310
352,2021-11-29 06:35:00,81.254,81.317,81.164,81.233,4620
353,2021-11-29 06:30:00,81.322,81.346,81.169,81.199,1280
354,2021-11-29 06:25:00,81.381,81.405,81.233,81.262,4826
355,2021-11-29 06:20:00,81.209,81.332,81.1,81.248,4294
356,2021-11-29 06:15:00,81.234,81.312,81.145,81.228,4654
357,2021-11-29 06:10:00,81.313,81.4,81.199,81.228,8304
358,2021-11-29 06:05:00,81.421,81.459,81.184,81.233,4360
359,2021-11-29 06:00:00,81.278,81.455,81.189,81.37,8936
360,2021-11-29 05:55:00,81.317,81.361,81.14,81.228,2220
361,2021-11-29 05:50:00,81.146,81.317,81.051,81.233,5136
362,2021-11-29 05:45:00,81.042,81.253,80.953,81.169,11094
363,2021-11-29 05:40:00,81.155,81.219,81.037,81.066,3886
364,2021-11-29 05:35:00,81.136,81.16,80.904,81.056,18666
365,2021-11-29 05:30:00,81.155,81.184,80.968,81.071,2860
366,2021-11-29 05:25:00,81.126,81.273,81.032,81.13,61612
367,2021-11-29 05:20:00,80.974,81.155,80.885,81.056,21086
368,2021-11-29 05:15:00,80.846,80.983,80.757,80.889,10554
369,2021-11-29 05:10:00,80.925,80.948,80.757,80.806,4946
370,2021-11-29 05:05:00,80.826,80.934,80.688,80.85,12726
371,2021-11-29 05:00:00,80.625,80.86,80.536,80.776,7244
372,2021-11-29 04:55:00,80.713,80.786,80.502,80.546,15762
373,2021-11-29 04:50:00,80.944,81.003,80.6,80.669,6268
374,2021-11-29 04:45:00,80.866,80.958,80.698,80.781,5148
375,2021-11-29 04:40:00,80.826,80.968,80.698,80.772,5496
376,2021-11-29 04:35:00,80.895,80.963,80.718,80.796,6928
377,2021-11-29 04:30:00,81.106,81.17,80.747,80.83,13454
378,2021-11-29 04:25:00,81.278,81.302,80.963,81.032,21456
379,2021-11-29 04:20:00,81.146,81.302,80.943,81.218,24342
380,2021-11-29 04:15:00,81.376,81.445,81.027,81.061,39486
381,2021-11-29 04:10:00,81.313,81.489,81.145,81.302,17890
382,2021-11-29 04:05:00,80.983,81.337,80.894,81.253,19182
383,2021-11-29 04:00:00,80.556,81.16,80.467,80.938,40450
384,2021-11-26 16:55:00,78.759,78.806,78.672,78.725,924
385,2021-11-26 16:50:00,78.803,78.826,78.716,78.745,200
386,2021-11-26 16:35:00,78.813,78.836,78.623,78.651,3148
387,2021-11-26 16:30:00,78.773,78.806,78.687,78.725,1200
388,2021-11-26 16:20:00,78.636,78.708,78.549,78.627,1600
389,2021-11-26 16:15:00,78.636,78.659,78.549,78.578,800
390,2021-11-26 16:10:00,78.685,78.708,78.598,78.627,200
391,2021-11-26 16:05:00,78.611,78.708,78.5,78.529,2342
392,2021-11-26 16:00:00,78.587,78.703,78.5,78.622,1124
393,2021-11-26 15:55:00,78.596,78.698,78.505,78.588,1696
394,2021-11-26 15:50:00,78.685,78.708,78.598,78.627,2422
395,2021-11-26 15:45:00,78.685,78.708,78.525,78.627,3608
396,2021-11-26 15:40:00,78.611,78.708,78.505,78.627,2430
397,2021-11-26 15:35:00,78.704,78.728,78.549,78.627,2098
398,2021-11-26 15:30:00,78.709,78.733,78.613,78.641,2124
399,2021-11-26 15:25:00,78.734,78.757,78.623,78.651,1402
400,2021-11-26 15:20:00,78.724,78.752,78.637,78.671,800
401,2021-11-26 15:15:00,78.749,78.855,78.647,78.676,1702
402,2021-11-26 15:10:00,78.827,78.855,78.687,78.715,4518
403,2021-11-26 15:00:00,78.793,78.831,78.652,78.681,3826
404,2021-11-26 14:55:00,78.832,78.855,78.706,78.735,4712
405,2021-11-26 14:50:00,78.832,78.855,78.736,78.769,4292
406,2021-11-26 14:45:00,78.857,78.88,78.745,78.774,12454
407,2021-11-26 14:40:00,78.945,78.973,78.79,78.818,2500
408,2021-11-26 14:35:00,78.95,78.973,78.77,78.872,3026
409,2021-11-26 14:30:00,78.857,79.018,78.736,78.892,8614
410,2021-11-26 14:25:00,78.95,79.018,78.863,78.936,802
411,2021-11-26 14:20:00,78.93,78.959,78.844,78.877,8764
412,2021-11-26 14:15:00,78.906,78.929,78.819,78.848,4678
413,2021-11-26 14:10:00,78.832,78.978,78.745,78.897,6020
414,2021-11-26 14:05:00,78.94,78.964,78.736,78.764,7022
415,2021-11-26 14:00:00,78.98,79.013,78.893,78.931,5456
416,2021-11-26 13:55:00,78.906,79.003,78.775,78.803,10920
417,2021-11-26 13:50:00,78.945,78.968,78.804,78.872,3714
418,2021-11-26 13:45:00,78.93,78.978,78.844,78.887,3016
419,2021-11-26 13:40:00,78.965,79.052,78.858,78.948,3426
420,2021-11-26 13:35:00,78.955,79.042,78.863,78.921,11044
421,2021-11-26 13:30:00,78.955,79.003,78.804,78.919,18714
422,2021-11-26 13:25:00,78.98,79.062,78.844,78.872,15210
423,2021-11-26 13:20:00,78.822,78.954,78.736,78.862,11148
424,2021-11-26 13:15:00,78.793,78.954,78.706,78.872,6648
425,2021-11-26 13:10:00,78.709,78.954,78.623,78.725,54572
426,2021-11-26 13:05:00,78.876,79.067,78.569,78.641,78286
427,2021-11-26 13:00:00,78.704,79.15,78.5,78.867,379206
428,2021-11-26 12:55:00,78.071,79.416,77.872,78.646,3252518
429,2021-11-26 12:50:00,79.038,79.067,77.98,78.008,2175690
430,2021-11-26 12:45:00,79.613,79.779,78.927,78.98,1498174
431,2021-11-26 12:40:00,80.031,80.133,79.472,79.554,1401302
432,2021-11-26 12:35:00,80.055,80.266,79.903,79.972,1209934
433,2021-11-26 12:30:00,79.972,80.202,79.756,79.996,1707234
434,2021-11-26 12:25:00,79.49,80.025,79.368,79.913,1360438
435,2021-11-26 12:20:00,79.304,79.602,79.089,79.422,881120
436,2021-11-26 12:15:00,79.318,79.538,79.172,79.23,808452
437,2021-11-26 12:10:00,79.574,79.809,79.035,79.241,1033278
438,2021-11-26 12:05:00,79.358,79.71,79.16,79.53,1317764
439,2021-11-26 12:00:00,79.314,79.583,78.971,79.309,977090
440,2021-11-26 11:55:00,79.009,79.489,78.878,79.26,1089802
441,2021-11-26 11:50:00,79.382,79.617,78.907,78.946,1048816
442,2021-11-26 11:45:00,79.574,79.691,79.256,79.319,1187376
443,2021-11-26 11:40:00,79.755,79.794,79.388,79.53,1539262
444,2021-11-26 11:35:00,79.259,79.799,79.133,79.692,1899672
445,2021-11-26 11:30:00,79.269,79.411,78.942,79.211,1624768
446,2021-11-26 11:25:00,78.783,79.307,78.687,79.211,1474692
447,2021-11-26 11:20:00,78.832,78.959,78.5,78.725,1983180
448,2021-11-26 11:15:00,79.151,79.347,78.642,78.764,1727964
449,2021-11-26 11:10:00,79.873,79.966,79.02,79.108,1605910
450,2021-11-26 11:05:00,79.569,79.985,79.437,79.824,1275864
451,2021-11-26 11:00:00,79.996,80.02,79.324,79.505,1775584
452,2021-11-26 10:55:00,80.021,80.133,79.594,79.937,1893186
453,2021-11-26 10:50:00,80.281,80.452,79.854,79.962,1358962
454,2021-11-26 10:45:00,80.188,80.32,79.914,80.236,1370592
455,2021-11-26 10:40:00,80.532,80.693,80.026,80.119,1417236
456,2021-11-26 10:35:00,80.649,81.007,80.418,80.487,1127038
457,2021-11-26 10:30:00,80.826,80.983,80.301,80.58,1290854
458,2021-11-26 10:25:00,80.414,80.929,80.09,80.772,1519736
459,2021-11-26 10:20:00,80.289,80.772,80.201,80.34,1721274
460,2021-11-26 10:15:00,80.463,80.565,79.815,80.241,2408126
461,2021-11-26 10:10:00,80.836,80.885,80.271,80.408,2151708
462,2021-11-26 10:05:00,80.674,81.273,80.585,80.791,2192714
463,2021-11-26 10:00:00,81.632,81.789,80.551,80.615,2464564
464,2021-11-26 09:55:00,81.337,81.926,81.007,81.577,2543086
465,2021-11-26 09:50:00,80.88,81.622,80.615,81.287,2866528
466,2021-11-26 09:45:00,81.244,81.351,80.688,80.806,3194610
467,2021-11-26 09:40:00,82.133,82.344,81.135,81.208,2225708
468,2021-11-26 09:35:00,82.649,82.855,81.709,82.062,1705668
469,2021-11-26 09:30:00,81.917,82.678,81.611,82.588,2839262
470,2021-11-26 09:25:00,81.74,81.985,81.517,81.876,64682
471,2021-11-26 09:20:00,81.755,81.823,81.625,81.719,33826
472,2021-11-26 09:15:00,81.764,81.97,81.635,81.67,97990
473,2021-11-26 09:10:00,81.617,81.818,81.527,81.704,103878
474,2021-11-26 09:05:00,81.288,81.631,81.199,81.547,95086
475,2021-11-26 09:00:00,81.047,81.307,80.958,81.223,110102
476,2021-11-26 08:55:00,81.003,81.106,80.835,80.983,282226
477,2021-11-26 08:50:00,80.988,81.14,80.84,80.934,60192
478,2021-11-26 08:45:00,81.101,81.238,80.899,80.929,59496
479,2021-11-26 08:40:00,81.19,81.283,80.988,81.051,50614
480,2021-11-26 08:35:00,81.254,81.4,81.105,81.135,62438
481,2021-11-26 08:30:00,81.288,81.327,81.037,81.145,36614
482,2021-11-26 08:25:00,81.465,81.489,81.199,81.228,29028
483,2021-11-26 08:20:00,81.239,81.553,81.051,81.469,46066
484,2021-11-26 08:15:00,81.116,81.253,80.943,81.169,35938
485,2021-11-26 08:10:00,81.249,81.376,80.997,81.042,50918
486,2021-11-26 08:05:00,80.998,81.302,80.845,81.145,59622
487,2021-11-26 08:00:00,81.16,82.344,80.762,80.899,278096
488,2021-11-26 07:55:00,81.244,81.322,80.983,81.086,27554
489,2021-11-26 07:50:00,81.499,81.523,81.076,81.11,34326
490,2021-11-26 07:45:00,81.465,81.681,81.375,81.508,16410
491,2021-11-26 07:40:00,81.499,81.553,81.346,81.454,27136
492,2021-11-26 07:35:00,81.484,81.612,81.316,81.415,21770
493,2021-11-26 07:30:00,81.524,81.754,81.419,81.449,38804
494,2021-11-26 07:25:00,81.578,81.656,81.37,81.439,49360
495,2021-11-26 07:20:00,81.941,82.01,81.488,81.518,25538
496,2021-11-26 07:15:00,81.858,82.0,81.684,81.812,43450
497,2021-11-26 07:10:00,81.656,82.049,81.473,81.778,108302
498,2021-11-26 07:05:00,81.489,81.705,81.37,81.596,37986
499,2021-11-26 07:00:00,81.077,81.504,80.953,81.419,283146
500,2021-11-26 06:55:00,81.082,81.312,80.983,81.076,12674
501,2021-11-26 06:50:00,81.234,81.273,80.988,81.076,10664
502,2021-11-26 06:45:00,81.303,81.346,81.051,81.174,12676
503,2021-11-26 06:40:00,81.121,81.366,81.032,81.272,9818
504,2021-11-26 06:35:00,81.141,81.165,80.737,80.943,23908
505,2021-11-26 06:30:00,81.317,81.376,81.027,81.081,28044
506,2021-11-26 06:25:00,81.352,81.509,81.262,81.346,36654
507,2021-11-26 06:20:00,81.317,81.558,81.228,81.307,18150
508,2021-11-26 06:15:00,81.19,81.342,81.086,81.253,38826
509,2021-11-26 06:10:00,81.317,81.366,80.983,81.076,15316
510,2021-11-26 06:05:00,81.209,81.469,81.11,81.257,27034
511,2021-11-26 06:00:00,80.871,81.165,80.757,81.081,8350
512,2021-11-26 05:55:00,80.866,80.993,80.708,80.83,3114
513,2021-11-26 05:50:00,80.625,80.865,80.414,80.776,54508
514,2021-11-26 05:45:00,80.733,80.757,80.512,80.541,3490
515,2021-11-26 05:40:00,80.792,80.821,80.6,80.708,6310
516,2021-11-26 05:35:00,80.733,80.87,80.644,80.786,10464
517,2021-11-26 05:30:00,80.974,81.007,80.718,80.747,3338
518,2021-11-26 05:25:00,80.861,81.027,80.659,80.929,5500
519,2021-11-26 05:20:00,80.664,80.89,80.575,80.806,2340
520,2021-11-26 05:15:00,80.826,80.85,80.561,80.644,2720
521,2021-11-26 05:10:00,80.988,81.106,80.781,80.835,15498
522,2021-11-26 05:05:00,80.88,80.909,80.531,80.678,4160
523,2021-11-26 05:00:00,80.718,80.919,80.566,80.835,7348
524,2021-11-26 04:55:00,80.404,80.663,80.315,80.502,1410
525,2021-11-26 04:50:00,80.532,80.624,80.33,80.487,6312
526,2021-11-26 04:45:00,80.551,80.801,80.433,80.487,18888
527,2021-11-26 04:40:00,80.492,80.565,80.261,80.448,25652
528,2021-11-26 04:35:00,80.374,80.423,79.938,80.34,23180
529,2021-11-26 04:30:00,80.507,80.634,80.247,80.276,16994
530,2021-11-26 04:25:00,80.738,80.796,80.463,80.492,40072
531,2021-11-26 04:20:00,80.517,80.86,80.389,80.737,22844
532,2021-11-26 04:15:00,80.89,81.017,80.315,80.345,21266
533,2021-11-26 04:10:00,80.645,80.963,80.502,80.875,22630
534,2021-11-26 04:05:00,80.895,80.993,80.423,80.546,43968
535,2021-11-26 04:00:00,83.498,83.523,80.605,80.826,187038
536,2021-11-24 19:55:00,83.714,83.945,83.622,83.824,24140
537,2021-11-24 19:50:00,83.685,83.729,83.573,83.642,26652
538,2021-11-24 19:45:00,83.699,83.744,83.593,83.623,5528
539,2021-11-24 19:40:00,83.685,83.734,83.588,83.628,8380
540,2021-11-24 19:35:00,83.705,83.734,83.588,83.628,9464
541,2021-11-24 19:30:00,83.695,83.734,83.603,83.633,3580
542,2021-11-24 19:25:00,83.739,83.769,83.583,83.613,6590
543,2021-11-24 19:20:00,83.675,83.739,83.583,83.653,7000
544,2021-11-24 19:15:00,83.646,83.719,83.554,83.618,3000
545,2021-11-24 19:10:00,83.646,83.705,83.554,83.618,1386
546,2021-11-24 19:05:00,83.655,83.695,83.554,83.584,3600
547,2021-11-24 19:00:00,83.695,83.769,83.578,83.682,25296
548,2021-11-24 18:55:00,83.67,83.695,83.573,83.604,1204
549,2021-11-24 18:50:00,83.621,83.646,83.529,83.559,200
550,2021-11-24 18:45:00,83.577,83.68,83.485,83.574,2156
551,2021-11-24 18:40:00,83.601,83.646,83.47,83.5,2016
552,2021-11-24 18:35:00,83.621,83.646,83.48,83.51,2000
553,2021-11-24 18:30:00,83.66,83.685,83.539,83.569,5200
554,2021-11-24 18:25:00,83.68,83.705,83.588,83.618,200
555,2021-11-24 18:20:00,83.695,83.719,83.588,83.618,1036
556,2021-11-24 18:15:00,83.68,83.71,83.588,83.623,1580
557,2021-11-24 18:10:00,83.636,83.66,83.495,83.559,3208
558,2021-11-24 18:05:00,83.685,83.749,83.549,83.594,14548
559,2021-11-24 18:00:00,83.646,83.719,83.539,83.628,8356
560,2021-11-24 17:55:00,83.646,83.67,83.554,83.584,200
561,2021-11-24 17:50:00,83.665,83.69,83.554,83.604,1952
562,2021-11-24 17:45:00,83.646,83.7,83.554,83.604,2542
563,2021-11-24 17:40:00,83.67,83.695,83.554,83.584,894
564,2021-11-24 17:35:00,83.621,83.67,83.465,83.584,9030
565,2021-11-24 17:30:00,83.577,83.621,83.485,83.535,600
566,2021-11-24 17:25:00,83.626,83.656,83.485,83.559,1442
567,2021-11-24 17:20:00,83.611,83.66,83.519,83.574,2778
568,2021-11-24 17:15:00,83.631,83.67,83.524,83.574,2284
569,2021-11-24 17:10:00,83.64,83.665,83.519,83.55,1574
570,2021-11-24 17:05:00,83.621,83.656,83.529,83.569,850
571,2021-11-24 17:00:00,83.552,83.577,83.46,83.491,340
572,2021-11-24 16:55:00,83.611,83.636,83.464,83.495,11432
573,2021-11-24 16:50:00,83.557,83.67,83.465,83.584,6926
574,2021-11-24 16:45:00,83.587,83.616,83.446,83.481,13824
575,2021-11-24 16:40:00,83.621,83.665,83.504,83.535,15506
576,2021-11-24 16:35:00,83.587,83.636,83.495,83.55,2166
577,2021-11-24 16:30:00,83.596,83.646,83.49,83.52,7924
578,2021-11-24 16:25:00,83.542,83.611,83.446,83.52,10072
579,2021-11-24 16:20:00,83.508,83.547,83.416,83.451,7550
580,2021-11-24 16:15:00,83.616,83.646,83.416,83.471,27548
581,2021-11-24 16:10:00,83.587,83.7,83.495,83.574,22932
582,2021-11-24 16:05:00,83.616,83.66,83.46,83.491,52710
583,2021-11-24 16:00:00,83.7,83.724,83.377,83.559,208750
584,2021-11-24 15:55:00,83.7,83.798,83.475,83.633,857516
585,2021-11-24 15:50:00,83.479,83.778,83.362,83.628,1340576
586,2021-11-24 15:45:00,83.567,83.597,83.254,83.422,1000312
587,2021-11-24 15:40:00,83.68,83.734,83.357,83.51,880856
588,2021-11-24 15:35:00,83.4,83.788,83.274,83.621,1123490
589,2021-11-24 15:30:00,83.577,83.656,83.166,83.329,1039560
590,2021-11-24 15:25:00,83.552,83.69,83.441,83.51,460338
591,2021-11-24 15:20:00,83.616,83.729,83.436,83.476,801792
592,2021-11-24 15:15:00,83.528,83.665,83.304,83.557,785998
593,2021-11-24 15:10:00,83.439,83.552,83.235,83.461,707492
594,2021-11-24 15:05:00,83.154,83.513,82.994,83.383,1022626
595,2021-11-24 15:00:00,83.12,83.232,82.842,83.081,520988
596,2021-11-24 14:55:00,83.086,83.267,82.955,83.073,575556
597,2021-11-24 14:50:00,82.943,83.199,82.827,83.018,522410
598,2021-11-24 14:45:00,82.997,83.169,82.798,82.872,687190
599,2021-11-24 14:40:00,82.599,83.056,82.371,82.941,962972
600,2021-11-24 14:35:00,82.566,82.688,82.376,82.538,357322
601,2021-11-24 14:30:00,82.462,82.811,82.371,82.519,721508
602,2021-11-24 14:25:00,82.727,82.801,82.278,82.391,733534
603,2021-11-24 14:20:00,82.771,82.83,82.494,82.661,595124
604,2021-11-24 14:15:00,82.359,82.879,82.204,82.705,1116250
605,2021-11-24 14:10:00,82.462,82.54,81.915,82.303,1230208
606,2021-11-24 14:05:00,82.786,83.017,82.268,82.362,1167954
607,2021-11-24 14:00:00,82.791,83.326,82.44,82.715,1238030
608,2021-11-24 13:55:00,82.889,82.938,82.675,82.735,361500
609,2021-11-24 13:50:00,82.973,83.056,82.788,82.833,425922
610,2021-11-24 13:45:00,82.973,83.095,82.803,82.897,460204
611,2021-11-24 13:40:00,82.963,83.132,82.793,82.911,502128
612,2021-11-24 13:35:00,83.086,83.223,82.724,82.897,718356
613,2021-11-24 13:30:00,83.125,83.272,82.97,83.019,422484
614,2021-11-24 13:25:00,83.204,83.317,82.93,83.059,660618
615,2021-11-24 13:20:00,83.002,83.263,82.886,83.147,631998
616,2021-11-24 13:15:00,83.061,83.154,82.906,82.946,386638
617,2021-11-24 13:10:00,83.066,83.189,82.93,83.005,477294
618,2021-11-24 13:05:00,82.83,83.125,82.729,83.005,782918
619,2021-11-24 13:00:00,82.973,83.248,82.661,82.745,957426
620,2021-11-24 12:55:00,83.041,83.086,82.783,82.916,564416
621,2021-11-24 12:50:00,83.012,83.141,82.827,82.975,541820
622,2021-11-24 12:45:00,82.83,83.061,82.739,82.956,691952
623,2021-11-24 12:40:00,82.84,82.948,82.616,82.764,733454
624,2021-11-24 12:35:00,82.447,82.928,82.342,82.779,809714
625,2021-11-24 12:30:00,82.452,82.643,82.337,82.391,634830
626,2021-11-24 12:25:00,82.477,82.545,82.219,82.411,680230
627,2021-11-24 12:20:00,82.835,82.86,82.268,82.416,939462
628,2021-11-24 12:15:00,83.032,83.066,82.602,82.774,754450
629,2021-11-24 12:10:00,82.747,83.115,82.656,82.97,872092
630,2021-11-24 12:05:00,82.948,82.997,82.479,82.676,789766
631,2021-11-24 12:00:00,82.845,83.012,82.65,82.892,617182
632,2021-11-24 11:55:00,83.056,83.095,82.68,82.789,812628
633,2021-11-24 11:50:00,83.15,83.331,82.93,82.99,1194436
634,2021-11-24 11:45:00,82.997,83.253,82.822,83.083,982222
635,2021-11-24 11:40:00,82.811,83.056,82.607,82.956,910130
636,2021-11-24 11:35:00,82.727,82.978,82.543,82.759,1160378
637,2021-11-24 11:30:00,82.953,83.267,82.612,82.666,1451394
638,2021-11-24 11:25:00,83.05,83.1,82.749,82.887,936896
639,2021-11-24 11:20:00,82.732,83.076,82.562,82.985,1343600
640,2021-11-24 11:15:00,82.295,82.756,82.126,82.671,1268700
641,2021-11-24 11:10:00,81.868,82.378,81.777,82.229,1374216
642,2021-11-24 11:05:00,81.568,81.97,81.429,81.817,1027140
643,2021-11-24 11:00:00,81.922,81.99,81.267,81.491,1510200
644,2021-11-24 10:55:00,82.039,82.206,81.733,81.876,1075226
645,2021-11-24 10:50:00,81.725,82.123,81.62,81.974,1186266
646,2021-11-24 10:45:00,81.676,81.789,81.375,81.675,1362496
647,2021-11-24 10:40:00,82.182,82.314,81.528,81.601,1491400
648,2021-11-24 10:35:00,81.833,82.275,81.728,82.136,1561774
649,2021-11-24 10:30:00,81.975,82.147,81.65,81.778,1601362
650,2021-11-24 10:25:00,81.755,82.113,81.586,81.915,1745898
651,2021-11-24 10:20:00,81.052,81.823,80.786,81.699,2061946
652,2021-11-24 10:15:00,81.028,81.263,80.786,80.973,1494130
653,2021-11-24 10:10:00,81.131,81.396,80.477,80.968,2156658
654,2021-11-24 10:05:00,81.602,81.857,81.017,81.076,2547084
655,2021-11-24 10:00:00,80.925,81.837,80.428,81.537,3155334
656,2021-11-24 09:55:00,80.502,81.017,80.35,80.88,1781440
657,2021-11-24 09:50:00,80.193,80.845,80.055,80.438,2495976
658,2021-11-24 09:45:00,80.149,80.58,79.643,80.134,3012272
659,2021-11-24 09:40:00,80.198,80.56,79.839,80.094,2179816
660,2021-11-24 09:35:00,80.433,81.15,79.997,80.124,2344464
661,2021-11-24 09:30:00,81.195,81.361,80.166,80.394,3074440
662,2021-11-24 09:25:00,81.155,81.351,80.997,81.159,88846
663,2021-11-24 09:20:00,80.998,81.174,80.772,81.061,62266
664,2021-11-24 09:15:00,80.955,81.081,80.831,80.948,92442
665,2021-11-24 09:10:00,81.023,81.13,80.732,80.909,89820
666,2021-11-24 09:05:00,81.205,81.229,80.737,81.032,94690
667,2021-11-24 09:00:00,81.136,81.346,81.037,81.169,77864
668,2021-11-24 08:55:00,81.018,81.189,80.904,81.066,62502
669,2021-11-24 08:50:00,81.19,81.214,80.894,81.012,91288
670,2021-11-24 08:45:00,81.578,81.676,81.091,81.135,127778
671,2021-11-24 08:40:00,81.445,81.676,81.252,81.532,63522
672,2021-11-24 08:35:00,82.264,82.289,81.331,81.434,136942
673,2021-11-24 08:30:00,82.025,82.368,81.89,82.21,99360
674,2021-11-24 08:25:00,81.917,82.049,81.777,81.964,20328
675,2021-11-24 08:20:00,81.897,81.97,81.748,81.851,27702
676,2021-11-24 08:15:00,82.015,82.093,81.797,81.827,18578
677,2021-11-24 08:10:00,81.985,82.074,81.846,81.967,25346
678,2021-11-24 08:05:00,81.74,82.049,81.65,81.92,27312
679,2021-11-24 08:00:00,82.123,82.54,81.616,81.684,137798
680,2021-11-24 07:55:00,81.912,81.99,81.699,81.777,27820
681,2021-11-24 07:50:00,81.74,81.946,81.65,81.861,23230
682,2021-11-24 07:45:00,81.976,82.024,81.616,81.66,53172
683,2021-11-24 07:40:00,82.005,82.142,81.841,81.925,9700
684,2021-11-24 07:35:00,81.985,82.015,81.817,81.91,8748
685,2021-11-24 07:30:00,82.025,82.049,81.773,81.866,18704
686,2021-11-24 07:25:00,81.843,82.133,81.753,82.023,41902
687,2021-11-24 07:20:00,81.966,82.015,81.768,81.797,15818
688,2021-11-24 07:15:00,82.015,82.039,81.827,81.861,10770
689,2021-11-24 07:10:00,81.956,82.039,81.822,81.925,31952
690,2021-11-24 07:05:00,82.064,82.118,81.836,81.891,56100
691,2021-11-24 07:00:00,82.162,82.368,82.033,82.062,30978
692,2021-11-24 06:55:00,82.369,82.393,82.052,82.082,11390
693,2021-11-24 06:50:00,82.58,82.604,82.391,82.426,3400
694,2021-11-24 06:45:00,82.58,82.639,82.42,82.465,4500
695,2021-11-24 06:40:00,82.418,82.545,82.327,82.46,5018
696,2021-11-24 06:35:00,82.226,82.368,82.136,82.283,4746
697,2021-11-24 06:30:00,82.133,82.26,82.042,82.175,3800
698,2021-11-24 06:25:00,82.143,82.191,82.052,82.102,960
699,2021-11-24 06:20:00,82.118,82.221,81.998,82.028,7638
700,2021-11-24 06:15:00,81.809,82.147,81.719,82.062,6340
701,2021-11-24 06:10:00,81.784,81.852,81.694,81.743,2398
702,2021-11-24 06:05:00,81.784,81.828,81.689,81.719,2400
703,2021-11-24 06:00:00,81.651,81.813,81.562,81.729,9004
704,2021-11-24 05:55:00,81.823,81.877,81.566,81.626,17352
705,2021-11-24 05:50:00,81.882,81.98,81.689,81.768,13428
706,2021-11-24 05:45:00,82.216,82.255,81.836,81.866,4058
707,2021-11-24 05:40:00,82.094,82.226,82.003,82.111,2710
708,2021-11-24 05:35:00,82.261,82.3,82.072,82.102,2250
709,2021-11-24 05:30:00,82.31,82.334,82.131,82.234,2408
710,2021-11-24 05:25:00,82.285,82.309,82.194,82.224,398
711,2021-11-24 05:20:00,82.511,82.535,82.401,82.43,800
712,2021-11-24 05:15:00,82.462,82.54,82.371,82.45,1016
713,2021-11-24 05:10:00,82.246,82.462,82.155,82.377,5918
714,2021-11-24 05:05:00,82.423,82.447,82.214,82.254,2300
715,2021-11-24 05:00:00,82.251,82.427,82.16,82.342,6292
716,2021-11-24 04:55:00,82.025,82.309,81.934,82.057,2520
717,2021-11-24 04:50:00,82.418,82.442,81.984,82.028,6254
718,2021-11-24 04:45:00,82.516,82.54,82.253,82.43,8800
719,2021-11-24 04:40:00,82.604,82.643,82.376,82.45,2980
720,2021-11-24 04:35:00,82.747,82.771,82.396,82.47,10864
721,2021-11-24 04:30:00,82.884,82.909,82.68,82.745,14258
722,2021-11-24 04:25:00,82.943,83.017,82.847,82.902,5126
723,2021-11-24 04:20:00,82.845,82.919,82.754,82.833,1240
724,2021-11-24 04:15:00,82.565,82.707,82.401,82.622,2000
725,2021-11-24 04:10:00,82.55,82.58,82.376,82.47,5706
726,2021-11-24 04:05:00,82.378,82.55,82.253,82.455,9858
727,2021-11-24 04:00:00,82.712,82.742,82.484,82.514,6606
728,2021-11-23 19:55:00,82.742,82.767,82.612,82.642,4288
729,2021-11-23 19:50:00,82.624,82.776,82.523,82.676,14964
730,2021-11-23 19:45:00,82.644,82.688,82.553,82.583,12826
731,2021-11-23 19:40:00,82.688,82.752,82.587,82.617,3048
732,2021-11-23 19:35:00,82.629,82.688,82.523,82.602,5288
733,2021-11-23 19:30:00,82.693,82.761,82.553,82.583,2900
734,2021-11-23 19:20:00,82.717,82.752,82.602,82.632,2298
735,2021-11-23 19:15:00,82.791,82.845,82.646,82.676,1906
736,2021-11-23 19:10:00,82.762,82.85,82.656,82.715,23530
737,2021-11-23 19:05:00,82.781,82.85,82.636,82.666,7518
738,2021-11-23 19:00:00,82.585,82.791,82.494,82.7,30860
739,2021-11-23 18:55:00,82.531,82.565,82.425,82.455,16300
740,2021-11-23 18:50:00,82.565,82.589,82.445,82.475,1208
741,2021-11-23 18:45:00,82.599,82.624,82.484,82.514,1400
742,2021-11-23 18:40:00,82.57,82.609,82.455,82.484,8544
743,2021-11-23 18:35:00,82.595,82.629,82.479,82.509,8870
744,2021-11-23 18:30:00,82.752,82.776,82.494,82.524,8062
745,2021-11-23 18:25:00,82.762,82.825,82.67,82.725,24592
746,2021-11-23 18:20:00,82.811,82.835,82.675,82.705,10998
747,2021-11-23 18:15:00,82.707,82.806,82.616,82.715,5732
748,2021-11-23 18:10:00,82.639,82.707,82.548,82.622,2842
749,2021-11-23 18:05:00,82.737,82.761,82.533,82.563,800
750,2021-11-23 18:00:00,82.639,82.835,82.548,82.691,52362
751,2021-11-23 17:55:00,82.555,82.634,82.464,82.529,2100
752,2021-11-23 17:50:00,82.565,82.663,82.44,82.47,5852
753,2021-11-23 17:40:00,82.575,82.599,82.479,82.509,2794
754,2021-11-23 17:35:00,82.565,82.589,82.474,82.504,200
755,2021-11-23 17:30:00,82.575,82.599,82.484,82.514,1850
756,2021-11-23 17:25:00,82.688,82.712,82.572,82.602,6896
757,2021-11-23 17:20:00,82.604,82.693,82.513,82.602,12550
758,2021-11-23 17:15:00,82.629,82.653,82.538,82.568,720
759,2021-11-23 17:10:00,82.54,82.565,82.45,82.48,400
760,2021-11-23 17:05:00,82.575,82.599,82.474,82.504,834
761,2021-11-23 17:00:00,82.639,82.687,82.43,82.46,11024
762,2021-11-23 16:55:00,82.653,82.732,82.562,82.646,13190
763,2021-11-23 16:50:00,82.644,82.722,82.553,82.597,38086
764,2021-11-23 16:45:00,82.624,82.653,82.523,82.563,9570
765,2021-11-23 16:40:00,82.55,82.658,82.459,82.563,10824
766,2021-11-23 16:35:00,82.516,82.585,82.425,82.455,27572
767,2021-11-23 16:30:00,82.491,82.55,82.376,82.465,10250
768,2021-11-23 16:25:00,82.393,82.506,82.302,82.406,13032
769,2021-11-23 16:20:00,82.437,82.491,82.302,82.332,22588
770,2021-11-23 16:15:00,82.349,82.496,82.253,82.362,27456
771,2021-11-23 16:10:00,82.373,82.491,82.258,82.288,45960
772,2021-11-23 16:05:00,82.491,82.56,82.263,82.308,62632
773,2021-11-23 16:00:00,82.83,82.894,82.396,82.426,286666
774,2021-11-23 15:55:00,82.732,83.017,82.484,82.769,1040564
775,2021-11-23 15:50:00,82.319,83.046,82.224,82.661,1874428
776,2021-11-23 15:45:00,82.531,82.648,82.096,82.254,887868
777,2021-11-23 15:40:00,82.432,82.683,82.273,82.484,1218706
778,2021-11-23 15:35:00,82.025,82.619,81.807,82.367,1395674
779,2021-11-23 15:30:00,81.892,82.339,81.802,81.959,1017940
780,2021-11-23 15:25:00,81.981,82.413,81.787,81.85,948834
781,2021-11-23 15:20:00,81.99,82.172,81.743,81.92,1094962
782,2021-11-23 15:15:00,82.349,82.535,81.851,81.93,1156378
783,2021-11-23 15:10:00,82.138,82.398,81.827,82.292,1335722
784,2021-11-23 15:05:00,81.818,82.3,81.719,82.111,1391308
785,2021-11-23 15:00:00,81.922,82.054,81.435,81.729,1061060
786,2021-11-23 14:55:00,81.941,82.137,81.552,81.856,1056966
787,2021-11-23 14:50:00,81.764,82.137,81.405,81.886,1218414
788,2021-11-23 14:45:00,80.983,81.838,80.806,81.724,1455868
789,2021-11-23 14:40:00,80.875,81.052,80.639,80.943,695458
790,2021-11-23 14:35:00,80.556,81.081,80.423,80.806,1009378
791,2021-11-23 14:30:00,80.615,80.96,80.345,80.502,862374
792,2021-11-23 14:25:00,80.625,80.885,80.463,80.561,741084
793,2021-11-23 14:20:00,80.276,80.875,80.188,80.559,926752
794,2021-11-23 14:15:00,80.875,80.924,80.163,80.222,1075768
795,2021-11-23 14:10:00,80.929,81.096,80.654,80.826,894344
796,2021-11-23 14:05:00,80.831,81.175,80.659,80.845,586330
797,2021-11-23 14:00:00,81.008,81.396,80.688,80.767,907058
798,2021-11-23 13:55:00,81.337,81.44,80.767,80.943,1334290
799,2021-11-23 13:50:00,80.63,81.356,80.536,81.272,1218612
800,2021-11-23 13:45:00,80.001,80.835,79.913,80.575,1132186
801,2021-11-23 13:40:00,80.119,80.339,79.903,79.947,950712
802,2021-11-23 13:35:00,80.139,80.334,79.869,80.07,895756
803,2021-11-23 13:30:00,80.438,80.472,79.972,80.089,1093718
804,2021-11-23 13:25:00,80.591,80.89,80.266,80.408,891852
805,2021-11-23 13:20:00,80.382,80.835,80.291,80.536,890322
806,2021-11-23 13:15:00,80.802,80.998,80.217,80.325,880416
807,2021-11-23 13:10:00,80.851,80.968,80.477,80.742,699306
808,2021-11-23 13:05:00,81.013,81.096,80.644,80.806,550062
809,2021-11-23 13:00:00,80.787,81.263,80.497,80.963,1126822
810,2021-11-23 12:55:00,80.983,81.096,80.541,80.737,867808
811,2021-11-23 12:50:00,81.146,81.405,80.879,80.909,519508
812,2021-11-23 12:45:00,81.033,81.371,80.811,81.11,794180
813,2021-11-23 12:40:00,81.494,81.651,80.865,80.978,803212
814,2021-11-23 12:35:00,81.489,81.838,81.356,81.444,605066
815,2021-11-23 12:30:00,81.509,81.867,81.331,81.434,741288
816,2021-11-23 12:25:00,81.676,81.867,81.311,81.444,991900
817,2021-11-23 12:20:00,81.298,81.778,81.14,81.626,959168
818,2021-11-23 12:15:00,80.836,81.41,80.747,81.238,779034
819,2021-11-23 12:10:00,81.087,81.4,80.728,80.772,643748
820,2021-11-23 12:05:00,80.846,81.223,80.693,81.042,716874
821,2021-11-23 12:00:00,81.352,81.518,80.688,80.781,1073554
822,2021-11-23 11:55:00,81.357,81.636,81.149,81.297,813512
823,2021-11-23 11:50:00,81.848,82.048,81.218,81.29,1016282
824,2021-11-23 11:45:00,81.273,82.112,80.968,81.778,1302104
825,2021-11-23 11:40:00,81.74,81.852,81.154,81.208,1255178
826,2021-11-23 11:35:00,81.519,81.867,81.135,81.68,1466730
827,2021-11-23 11:30:00,81.922,82.255,81.414,81.449,1511924
828,2021-11-23 11:25:00,81.686,82.285,81.571,81.856,1450168
829,2021-11-23 11:20:00,81.676,81.803,81.39,81.63,820240
830,2021-11-23 11:15:00,81.509,81.961,81.375,81.616,1410252
831,2021-11-23 11:10:00,81.16,81.69,81.022,81.454,1485692
832,2021-11-23 11:05:00,80.782,81.194,80.551,81.086,1385920
833,2021-11-23 11:00:00,80.679,80.934,80.173,80.72,1853698
834,2021-11-23 10:55:00,81.052,81.248,80.502,80.615,1577734
835,2021-11-23 10:50:00,81.583,81.727,80.948,80.988,1477260
836,2021-11-23 10:45:00,81.45,81.872,81.321,81.518,1082846
837,2021-11-23 10:40:00,81.873,81.931,81.272,81.395,1127468
838,2021-11-23 10:35:00,81.927,82.049,81.606,81.832,1076550
839,2021-11-23 10:30:00,81.838,82.285,81.646,81.862,1354682
840,2021-11-23 10:25:00,82.649,82.756,81.667,81.797,1917590
841,2021-11-23 10:20:00,82.536,82.869,82.165,82.597,1531542
842,2021-11-23 10:15:00,82.501,82.884,82.371,82.488,1805624
843,2021-11-23 10:10:00,82.594,82.978,82.131,82.426,2282864
844,2021-11-23 10:05:00,83.69,83.825,82.289,82.524,2489070
845,2021-11-23 10:00:00,84.24,84.378,83.436,83.643,1839492
846,2021-11-23 09:55:00,84.387,84.545,84.108,84.192,1285076
847,2021-11-23 09:50:00,84.323,84.589,84.059,84.315,1612438
848,2021-11-23 09:45:00,83.572,84.481,83.416,84.266,1698328
849,2021-11-23 09:40:00,83.434,83.97,83.186,83.518,2054700
850,2021-11-23 09:35:00,82.526,83.685,82.366,83.383,2585316
851,2021-11-23 09:30:00,83.228,83.469,82.425,82.48,2546410
852,2021-11-23 09:25:00,83.567,83.646,83.033,83.064,66428
853,2021-11-23 09:20:00,83.488,83.636,83.372,83.446,31602
854,2021-11-23 09:15:00,83.493,83.572,83.308,83.392,38538
855,2021-11-23 09:10:00,83.366,83.513,83.21,83.427,32262
856,2021-11-23 09:05:00,83.557,83.606,83.249,83.299,45786
857,2021-11-23 09:00:00,83.547,83.646,83.377,83.545,18648
858,2021-11-23 08:55:00,83.606,83.68,83.401,83.466,39154
859,2021-11-23 08:50:00,83.778,83.828,83.504,83.535,31480
860,2021-11-23 08:45:00,83.813,83.901,83.676,83.741,14018
861,2021-11-23 08:40:00,83.832,83.975,83.603,83.746,83702
862,2021-11-23 08:35:00,83.646,83.852,83.554,83.761,29486
863,2021-11-23 08:30:00,83.695,83.862,83.485,83.598,60130
864,2021-11-23 08:25:00,83.513,83.749,83.382,83.662,34314
865,2021-11-23 08:20:00,83.538,83.67,83.313,83.456,32780
866,2021-11-23 08:15:00,83.371,83.572,83.279,83.446,32042
867,2021-11-23 08:10:00,83.312,83.385,83.156,83.299,28292
868,2021-11-23 08:05:00,83.474,83.562,83.2,83.24,34082
869,2021-11-23 08:00:00,83.793,83.852,82.528,83.388,150662
870,2021-11-23 07:55:00,83.444,83.474,83.132,83.191,11196
871,2021-11-23 07:50:00,83.326,83.484,83.215,83.392,31302
872,2021-11-23 07:45:00,83.459,83.523,83.249,83.28,15710
873,2021-11-23 07:40:00,83.444,83.567,83.338,83.388,32600
874,2021-11-23 07:35:00,83.277,83.464,83.186,83.329,18148
875,2021-11-23 07:30:00,83.277,83.302,83.024,83.216,29566
876,2021-11-23 07:25:00,83.533,83.572,83.195,83.25,35114
877,2021-11-23 07:20:00,83.484,83.69,83.392,83.49,35678
878,2021-11-23 07:15:00,83.616,83.641,83.382,83.422,15468
879,2021-11-23 07:10:00,83.759,83.783,83.48,83.559,21180
880,2021-11-23 07:05:00,83.479,83.916,83.387,83.721,52930
881,2021-11-23 07:00:00,83.351,83.533,83.254,83.446,67942
882,2021-11-23 06:55:00,83.488,83.523,83.259,83.294,3330
883,2021-11-23 06:50:00,83.4,83.518,83.308,83.427,3198
884,2021-11-23 06:45:00,83.253,83.4,83.161,83.289,6650
885,2021-11-23 06:40:00,83.228,83.253,83.097,83.127,404
886,2021-11-23 06:35:00,82.978,83.199,82.886,83.113,4690
887,2021-11-23 06:30:00,83.007,83.051,82.901,82.951,5930
888,2021-11-23 06:25:00,82.973,82.997,82.881,82.911,294
889,2021-11-23 06:20:00,82.889,83.017,82.793,82.867,2790
890,2021-11-23 06:15:00,82.894,82.919,82.685,82.828,1714
891,2021-11-23 06:10:00,82.943,82.968,82.67,82.804,10624
892,2021-11-23 06:05:00,83.105,83.13,82.852,82.882,4076
893,2021-11-23 06:00:00,83.199,83.253,83.097,83.167,4576
894,2021-11-23 05:55:00,83.253,83.277,83.087,83.118,3330
895,2021-11-23 05:50:00,83.228,83.297,83.136,83.196,2804
896,2021-11-23 05:45:00,83.267,83.302,83.136,83.196,40420
897,2021-11-23 05:40:00,83.434,83.464,83.303,83.334,2200
898,2021-11-23 05:35:00,83.312,83.336,83.161,83.191,5092
899,2021-11-23 05:30:00,83.356,83.38,83.132,83.191,2020
900,2021-11-23 05:25:00,83.469,83.528,83.298,83.334,8062
901,2021-11-23 05:20:00,83.439,83.503,83.347,83.417,900
902,2021-11-23 05:15:00,83.429,83.547,83.323,83.358,13030
903,2021-11-23 05:10:00,83.312,83.425,83.22,83.338,3776
904,2021-11-23 05:05:00,83.263,83.385,83.171,83.226,9502
905,2021-11-23 05:00:00,83.277,83.385,83.186,83.25,3752
906,2021-11-23 04:55:00,83.125,83.277,83.009,83.191,2550
907,2021-11-23 04:50:00,83.154,83.179,82.984,83.039,2586
908,2021-11-23 04:45:00,82.919,83.287,82.827,83.059,12130
909,2021-11-23 04:40:00,82.924,82.992,82.832,82.897,2286
910,2021-11-23 04:35:00,82.82,83.022,82.729,82.936,3028
911,2021-11-23 04:30:00,82.771,82.82,82.646,82.7,10344
912,2021-11-23 04:25:00,83.105,83.13,82.69,82.725,9886
913,2021-11-23 04:20:00,83.017,83.13,82.926,83.044,4310
914,2021-11-23 04:15:00,82.776,83.081,82.621,82.98,16804
915,2021-11-23 04:10:00,82.806,82.84,82.651,82.691,8954
916,2021-11-23 04:05:00,82.742,82.83,82.651,82.74,17832
917,2021-11-23 04:00:00,83.744,83.769,82.656,82.686,46642
918,2021-11-22 19:55:00,84.26,84.383,84.167,84.296,28622
919,2021-11-22 19:50:00,84.343,84.373,84.172,84.217,13724
920,2021-11-22 19:45:00,84.397,84.422,84.24,84.296,6222
921,2021-11-22 19:40:00,84.343,84.437,84.25,84.35,4992
922,2021-11-22 19:35:00,84.412,84.437,84.24,84.271,15228
923,2021-11-22 19:30:00,84.446,84.471,84.28,84.32,20700
924,2021-11-22 19:25:00,84.377,84.456,84.285,84.369,4382
925,2021-11-22 19:20:00,84.333,84.358,84.206,84.237,2878
926,2021-11-22 19:15:00,84.196,84.324,84.103,84.237,6196
927,2021-11-22 19:10:00,84.201,84.245,84.103,84.148,5198
928,2021-11-22 19:05:00,84.132,84.186,83.946,84.099,8110
929,2021-11-22 19:00:00,84.215,84.275,83.995,84.075,6486
930,2021-11-22 18:55:00,84.235,84.26,84.118,84.168,2138
931,2021-11-22 18:50:00,84.206,84.26,84.098,84.148,2030
932,2021-11-22 18:45:00,84.21,84.235,84.054,84.129,10334
933,2021-11-22 18:40:00,84.333,84.358,84.123,84.173,7016
934,2021-11-22 18:35:00,84.323,84.388,84.226,84.281,6496
935,2021-11-22 18:30:00,84.392,84.417,84.201,84.266,4188
936,2021-11-22 18:25:00,84.343,84.446,84.25,84.33,6950
937,2021-11-22 18:20:00,84.417,84.442,84.25,84.32,13476
938,2021-11-22 18:15:00,84.446,84.476,84.324,84.384,5440
939,2021-11-22 18:10:00,84.446,84.496,84.348,84.379,16442
940,2021-11-22 18:05:00,84.417,84.471,84.28,84.384,8460
941,2021-11-22 18:00:00,84.107,84.471,84.01,84.355,36482
942,2021-11-22 17:55:00,84.068,84.162,83.946,84.075,31712
943,2021-11-22 17:50:00,84.073,84.132,83.946,84.001,4324
944,2021-11-22 17:45:00,84.088,84.113,83.98,84.011,1200
945,2021-11-22 17:40:00,84.088,84.113,83.995,84.026,606
946,2021-11-22 17:35:00,84.117,84.142,83.995,84.026,604
947,2021-11-22 17:30:00,84.122,84.147,83.98,84.011,2654
948,2021-11-22 17:25:00,84.088,84.152,83.995,84.065,1050
949,2021-11-22 17:20:00,84.112,84.162,84.01,84.041,2604
950,2021-11-22 17:15:00,84.171,84.206,84.044,84.075,10082
951,2021-11-22 17:10:00,84.176,84.235,84.069,84.105,5736
952,2021-11-22 17:05:00,84.24,84.289,84.118,84.148,12440
953,2021-11-22 17:00:00,84.245,84.284,84.118,84.188,6716
954,2021-11-22 16:55:00,84.132,84.265,84.029,84.178,26054
955,2021-11-22 16:50:00,84.009,84.152,83.897,84.065,29710
956,2021-11-22 16:45:00,84.0,84.044,83.863,83.942,18718
957,2021-11-22 16:40:00,83.995,84.054,83.872,83.927,20284
958,2021-11-22 16:35:00,83.955,84.029,83.804,83.927,17422
959,2021-11-22 16:30:00,83.994,84.063,83.818,83.889,44850
960,2021-11-22 16:25:00,84.161,84.226,83.917,83.952,34606
961,2021-11-22 16:20:00,84.156,84.25,84.044,84.084,35422
962,2021-11-22 16:15:00,84.319,84.343,84.044,84.094,87790
963,2021-11-22 16:10:00,84.063,84.388,83.931,84.222,121840
964,2021-11-22 16:05:00,84.063,84.167,83.887,83.977,80252
965,2021-11-22 16:00:00,84.004,84.314,83.647,83.927,328910
966,2021-11-22 15:55:00,84.476,84.604,83.828,83.942,1793924
967,2021-11-22 15:50:00,85.532,85.577,84.309,84.389,2368768
968,2021-11-22 15:45:00,85.821,86.088,85.349,85.478,991982
969,2021-11-22 15:40:00,86.298,86.402,85.688,85.748,1175332
970,2021-11-22 15:35:00,86.627,86.77,86.154,86.244,755958
971,2021-11-22 15:30:00,86.622,86.829,86.463,86.573,502530
972,2021-11-22 15:25:00,86.927,87.001,86.503,86.573,685064
973,2021-11-22 15:20:00,87.005,87.164,86.777,86.862,498876
974,2021-11-22 15:15:00,87.118,87.223,86.87,86.936,535662
975,2021-11-22 15:10:00,87.32,87.453,86.973,87.049,790592
976,2021-11-22 15:05:00,87.29,87.387,87.042,87.25,586316
977,2021-11-22 15:00:00,86.986,87.429,86.723,87.221,1095794
978,2021-11-22 14:55:00,87.044,87.119,86.772,86.916,549664
979,2021-11-22 14:50:00,86.897,87.08,86.801,86.968,493962
980,2021-11-22 14:45:00,86.74,87.09,86.537,86.848,659150
981,2021-11-22 14:40:00,86.671,86.837,86.522,86.666,373766
982,2021-11-22 14:35:00,86.539,86.756,86.419,86.617,381784
983,2021-11-22 14:30:00,86.386,86.751,86.252,86.465,810658
984,2021-11-22 14:25:00,86.524,86.549,86.154,86.323,443252
985,2021-11-22 14:20:00,86.455,86.662,86.227,86.48,406266
986,2021-11-22 14:15:00,86.553,86.599,86.321,86.391,281436
987,2021-11-22 14:10:00,86.386,86.579,86.196,86.485,365018
988,2021-11-22 14:05:00,86.598,86.687,86.262,86.298,414774
989,2021-11-22 14:00:00,86.072,86.665,85.918,86.539,783748
990,2021-11-22 13:55:00,86.19,86.348,85.889,85.984,478930
991,2021-11-22 13:50:00,86.288,86.441,86.046,86.119,439368
992,2021-11-22 13:45:00,86.46,86.535,86.178,86.21,369346
993,2021-11-22 13:40:00,86.367,86.584,86.035,86.406,577992
994,2021-11-22 13:35:00,86.504,86.628,86.258,86.308,235496
995,2021-11-22 13:30:00,86.499,86.686,86.272,86.421,421066
996,2021-11-22 13:25:00,86.563,86.653,86.213,86.421,506062
997,2021-11-22 13:20:00,86.514,86.668,86.378,86.497,491538
998,2021-11-22 13:15:00,86.121,86.589,85.997,86.455,692950
999,2021-11-22 13:10:00,85.876,86.186,85.781,86.062,612926
1000,2021-11-22 13:05:00,85.792,86.092,85.698,85.827,613022
1001,2021-11-22 13:00:00,86.327,86.38,85.698,85.748,850372
1002,2021-11-22 12:55:00,86.165,86.574,86.007,86.264,575520
1003,2021-11-22 12:50:00,86.789,86.849,86.016,86.097,1156300
1004,2021-11-22 12:45:00,86.71,86.854,86.475,86.7,765288
1005,2021-11-22 12:40:00,86.455,86.756,86.355,86.651,946372
1006,2021-11-22 12:35:00,86.303,86.535,86.07,86.396,792412
1007,2021-11-22 12:30:00,85.974,86.387,85.828,86.249,1479954
1008,2021-11-22 12:25:00,85.502,86.107,85.408,85.91,1269634
1009,2021-11-22 12:20:00,85.836,85.921,85.349,85.419,702896
1010,2021-11-22 12:15:00,85.802,86.255,85.487,85.758,1300046
1011,2021-11-22 12:10:00,85.693,85.989,85.531,85.734,903786
1012,2021-11-22 12:05:00,85.792,86.083,85.443,85.639,1230280
1013,2021-11-22 12:00:00,85.939,86.397,85.207,85.743,2473422
1014,2021-11-22 11:55:00,86.136,86.255,85.05,85.881,3025272
1015,2021-11-22 11:50:00,86.882,87.011,85.958,86.077,2353546
1016,2021-11-22 11:45:00,87.099,87.463,86.703,86.813,1550162
1017,2021-11-22 11:40:00,87.698,87.797,86.983,87.034,1692956
1018,2021-11-22 11:35:00,87.825,87.98,87.566,87.628,776522
1019,2021-11-22 11:30:00,87.624,88.018,87.395,87.756,1403390
1020,2021-11-22 11:25:00,87.928,87.964,87.385,87.552,1316558
1021,2021-11-22 11:20:00,88.091,88.269,87.68,87.864,1170226
1022,2021-11-22 11:15:00,88.263,88.367,87.95,88.026,771858
1023,2021-11-22 11:10:00,88.425,88.515,87.925,88.216,1170284
1024,2021-11-22 11:05:00,88.513,88.598,88.195,88.354,1398956
1025,2021-11-22 11:00:00,88.98,89.109,88.416,88.453,1323766
1026,2021-11-22 10:55:00,89.397,89.453,88.739,88.924,1356032
1027,2021-11-22 10:50:00,89.552,89.645,89.255,89.321,678590
1028,2021-11-22 10:45:00,89.589,89.713,89.431,89.483,481008
1029,2021-11-22 10:40:00,89.623,89.733,89.431,89.518,459490
1030,2021-11-22 10:35:00,89.712,89.753,89.461,89.552,407518
1031,2021-11-22 10:30:00,89.677,89.807,89.549,89.635,550144
1032,2021-11-22 10:25:00,89.834,89.866,89.48,89.611,644338
1033,2021-11-22 10:20:00,89.81,89.905,89.627,89.763,730664
1034,2021-11-22 10:15:00,89.866,90.087,89.701,89.739,789512
1035,2021-11-22 10:10:00,89.682,89.925,89.549,89.797,857596
1036,2021-11-22 10:05:00,89.697,89.787,89.353,89.616,886666
1037,2021-11-22 10:00:00,89.333,89.905,89.235,89.626,1383800
1038,2021-11-22 09:55:00,89.471,89.625,89.206,89.267,960100
1039,2021-11-22 09:50:00,89.486,89.581,89.147,89.395,1961116
1040,2021-11-22 09:45:00,89.186,89.532,88.852,89.424,1633814
1041,2021-11-22 09:40:00,88.955,89.207,88.73,89.115,1140990
1042,2021-11-22 09:35:00,88.552,89.016,88.44,88.885,1148150
1043,2021-11-22 09:30:00,88.037,88.746,87.935,88.483,1709160
1044,2021-11-22 09:25:00,88.022,88.136,87.886,87.981,28074
1045,2021-11-22 09:20:00,88.14,88.166,87.915,87.977,39248
1046,2021-11-22 09:15:00,88.238,88.274,88.013,88.075,66702
1047,2021-11-22 09:10:00,88.204,88.328,88.067,88.188,28282
1048,2021-11-22 09:05:00,88.263,88.328,88.062,88.119,97578
1049,2021-11-22 09:00:00,88.258,88.426,87.974,88.217,128976
1050,2021-11-22 08:55:00,88.115,88.308,88.018,88.188,61738
1051,2021-11-22 08:50:00,88.1,88.141,87.959,88.045,24576
1052,2021-11-22 08:45:00,88.155,88.19,88.013,88.045,15652
1053,2021-11-22 08:40:00,88.145,88.176,87.969,88.06,22856
1054,2021-11-22 08:35:00,88.13,88.21,88.003,88.094,26972
1055,2021-11-22 08:30:00,88.061,88.19,87.964,88.084,38044
1056,2021-11-22 08:25:00,88.017,88.122,87.92,88.006,16178
1057,2021-11-22 08:20:00,87.948,88.043,87.822,87.947,7500
1058,2021-11-22 08:15:00,87.968,88.014,87.822,87.888,25144
1059,2021-11-22 08:10:00,88.002,88.082,87.881,87.913,11984
1060,2021-11-22 08:05:00,88.027,88.063,87.886,87.928,15002
1061,2021-11-22 08:00:00,87.983,88.181,87.577,87.942,115478
1062,2021-11-22 07:55:00,88.041,88.072,87.871,87.923,25496
1063,2021-11-22 07:50:00,88.086,88.121,87.92,87.977,9810
1064,2021-11-22 07:45:00,88.091,88.166,87.969,88.026,17568
1065,2021-11-22 07:40:00,88.056,88.117,87.94,88.016,5502
1066,2021-11-22 07:35:00,88.081,88.122,87.964,88.021,12460
1067,2021-11-22 07:30:00,87.968,88.127,87.856,88.001,16360
1068,2021-11-22 07:25:00,87.958,88.033,87.856,87.913,20280
1069,2021-11-22 07:20:00,87.948,88.009,87.783,87.878,19902
1070,2021-11-22 07:15:00,87.983,88.053,87.842,87.898,15920
1071,2021-11-22 07:10:00,88.13,88.156,87.891,87.923,10424
1072,2021-11-22 07:05:00,88.135,88.19,87.999,88.07,68710
1073,2021-11-22 07:00:00,88.096,88.195,87.945,88.06,42006
1074,2021-11-22 06:55:00,88.11,88.156,88.013,88.065,2800
1075,2021-11-22 06:50:00,88.042,88.107,87.945,88.016,2590
1076,2021-11-22 06:45:00,88.051,88.077,87.95,87.981,984
1077,2021-11-22 06:40:00,88.155,88.185,87.93,87.962,5642
1078,2021-11-22 06:35:00,88.076,88.141,87.979,88.05,800
1079,2021-11-22 06:30:00,87.919,87.999,87.822,87.908,2040
1080,2021-11-22 06:25:00,88.012,88.043,87.876,87.908,5362
1081,2021-11-22 06:20:00,88.017,88.077,87.92,87.952,2904
1082,2021-11-22 06:15:00,88.012,88.043,87.881,87.923,1272
1083,2021-11-22 06:10:00,88.076,88.102,87.93,87.962,4150
1084,2021-11-22 06:05:00,88.012,88.043,87.896,87.947,3672
1085,2021-11-22 06:00:00,87.924,87.959,87.822,87.854,1666
1086,2021-11-22 05:55:00,87.933,87.974,87.837,87.883,2456
1087,2021-11-22 05:50:00,87.948,87.974,87.797,87.834,4554
1088,2021-11-22 05:45:00,87.953,87.979,87.822,87.888,4820
1089,2021-11-22 05:40:00,88.012,88.038,87.822,87.888,5934
1090,2021-11-22 05:35:00,87.973,88.072,87.876,87.977,2400
1091,2021-11-22 05:30:00,88.007,88.033,87.9,87.932,1740
1092,2021-11-22 05:25:00,88.066,88.092,87.915,87.947,1596
1093,2021-11-22 05:20:00,88.1,88.127,87.974,88.006,3000
1094,2021-11-22 05:15:00,88.066,88.112,87.959,87.991,858
1095,2021-11-22 05:10:00,88.066,88.102,87.92,87.977,5008
1096,2021-11-22 05:05:00,88.115,88.141,88.018,88.05,484
1097,2021-11-22 05:00:00,88.032,88.127,87.935,88.035,1176
1098,2021-11-22 04:55:00,88.096,88.171,87.969,88.001,4314
1099,2021-11-22 04:50:00,88.007,88.141,87.91,88.05,5348
1100,2021-11-22 04:45:00,88.027,88.068,87.905,87.942,4784
1101,2021-11-22 04:40:00,88.046,88.072,87.925,87.962,2182
1102,2021-11-22 04:35:00,88.091,88.136,87.94,87.972,13014
1103,2021-11-22 04:30:00,88.125,88.166,88.003,88.035,3394
1104,2021-11-22 04:25:00,88.11,88.19,88.013,88.08,2084
1105,2021-11-22 04:20:00,88.105,88.141,87.989,88.04,3334
1106,2021-11-22 04:15:00,88.11,88.156,87.979,88.035,6462
1107,2021-11-22 04:10:00,88.091,88.166,87.984,88.016,9534
1108,2021-11-22 04:05:00,88.027,88.205,87.886,88.045,25066
1109,2021-11-22 04:00:00,87.531,88.043,87.434,87.952,19452
1110,2021-11-19 19:55:00,87.182,87.213,87.086,87.118,5080
1111,2021-11-19 19:50:00,87.172,87.198,87.061,87.098,2356
1112,2021-11-19 19:45:00,87.172,87.198,87.076,87.108,562
1113,2021-11-19 19:40:00,87.074,87.11,86.978,87.02,14278
1114,2021-11-19 19:35:00,87.172,87.198,86.988,87.02,7614
1115,2021-11-19 19:30:00,87.197,87.223,87.061,87.093,1490
1116,2021-11-19 19:25:00,87.192,87.218,87.096,87.127,382
1117,2021-11-19 19:05:00,87.192,87.218,87.047,87.093,3646
1118,2021-11-19 19:00:00,87.143,87.227,87.047,87.127,930
1119,2021-11-19 18:50:00,87.182,87.232,87.086,87.118,5024
1120,2021-11-19 18:45:00,87.172,87.232,87.076,87.142,8448
1121,2021-11-19 18:40:00,87.162,87.198,87.057,87.108,4284
1122,2021-11-19 18:35:00,87.202,87.232,87.086,87.118,1400
1123,2021-11-19 18:30:00,87.182,87.232,87.086,87.142,1222
1124,2021-11-19 18:25:00,87.153,87.183,87.057,87.093,1472
1125,2021-11-19 18:20:00,87.157,87.183,87.057,87.088,1974
1126,2021-11-19 18:15:00,87.153,87.178,87.057,87.088,1340
1127,2021-11-19 18:10:00,87.143,87.168,87.047,87.078,400
1128,2021-11-19 18:05:00,87.143,87.168,87.047,87.078,400
1129,2021-11-19 18:00:00,87.231,87.257,87.047,87.083,1972
1130,2021-11-19 17:55:00,87.221,87.262,87.12,87.172,1296
1131,2021-11-19 17:50:00,87.226,87.252,87.13,87.162,200
1132,2021-11-19 17:45:00,87.231,87.262,87.13,87.162,3000
1133,2021-11-19 17:35:00,87.221,87.257,87.125,87.167,3440
1134,2021-11-19 17:30:00,87.221,87.277,87.125,87.167,1620
1135,2021-11-19 17:25:00,87.231,87.272,87.135,87.181,480
1136,2021-11-19 17:20:00,87.216,87.242,87.12,87.152,672
1137,2021-11-19 17:15:00,87.251,87.281,87.14,87.172,10872
1138,2021-11-19 17:10:00,87.226,87.277,87.13,87.186,7786
1139,2021-11-19 17:05:00,87.246,87.286,87.135,87.167,19206
1140,2021-11-19 17:00:00,87.211,87.272,87.115,87.167,1888
1141,2021-11-19 16:55:00,87.197,87.267,87.101,87.167,12974
1142,2021-11-19 16:50:00,87.236,87.262,87.101,87.132,18360
1143,2021-11-19 16:45:00,87.162,87.296,87.066,87.186,30908
1144,2021-11-19 16:40:00,87.118,87.168,87.022,87.078,5716
1145,2021-11-19 16:35:00,87.108,87.173,87.008,87.064,3582
1146,2021-11-19 16:30:00,87.118,87.173,87.022,87.069,13894
1147,2021-11-19 16:25:00,87.103,87.183,87.008,87.044,14694
1148,2021-11-19 16:20:00,87.059,87.154,86.963,87.044,12540
1149,2021-11-19 16:15:00,87.054,87.085,86.909,86.985,9130
1150,2021-11-19 16:10:00,87.02,87.124,86.895,86.99,38224
1151,2021-11-19 16:05:00,86.981,87.095,86.865,86.946,27998
1152,2021-11-19 16:00:00,86.99,87.105,86.846,86.907,161782
1153,2021-11-19 15:55:00,86.932,87.124,86.733,86.931,948138
1154,2021-11-19 15:50:00,86.986,87.08,86.679,86.872,768972
1155,2021-11-19 15:45:00,86.932,87.08,86.689,86.926,754558
1156,2021-11-19 15:40:00,86.976,87.105,86.792,86.872,419008
1157,2021-11-19 15:35:00,86.995,87.065,86.792,86.902,436792
1158,2021-11-19 15:30:00,87.069,87.164,86.86,86.934,408418
1159,2021-11-19 15:25:00,87.044,87.139,86.841,87.012,412310
1160,2021-11-19 15:20:00,86.966,87.08,86.782,86.975,416314
1161,2021-11-19 15:15:00,86.951,87.011,86.728,86.901,412280
1162,2021-11-19 15:10:00,87.153,87.178,86.831,86.897,403182
1163,2021-11-19 15:05:00,87.074,87.203,86.895,87.083,340384
1164,2021-11-19 15:00:00,87.162,87.272,86.939,86.99,499298
1165,2021-11-19 14:55:00,87.285,87.326,86.983,87.098,365674
1166,2021-11-19 14:50:00,87.143,87.321,86.988,87.213,338534
1167,2021-11-19 14:45:00,87.172,87.279,86.993,87.074,316218
1168,2021-11-19 14:40:00,87.005,87.227,86.875,87.098,393622
1169,2021-11-19 14:35:00,87.01,87.173,86.88,86.952,276054
1170,2021-11-19 14:30:00,87.069,87.286,86.801,86.936,637406
1171,2021-11-19 14:25:00,87.266,87.316,86.968,87.005,341646
1172,2021-11-19 14:20:00,87.177,87.322,87.076,87.196,403934
1173,2021-11-19 14:15:00,87.123,87.301,86.963,87.098,497256
1174,2021-11-19 14:10:00,87.069,87.247,86.944,87.054,401660
1175,2021-11-19 14:05:00,87.04,87.149,86.89,87.005,369106
1176,2021-11-19 14:00:00,87.133,87.202,86.909,86.98,548626
1177,2021-11-19 13:55:00,87.064,87.198,86.9,87.069,595380
1178,2021-11-19 13:50:00,86.774,87.119,86.674,87.005,782332
1179,2021-11-19 13:45:00,86.74,86.815,86.483,86.715,561618
1180,2021-11-19 13:40:00,86.637,86.8,86.301,86.681,1105080
1181,2021-11-19 13:35:00,86.858,86.928,86.429,86.58,837664
1182,2021-11-19 13:30:00,86.809,87.016,86.659,86.801,605662
1183,2021-11-19 13:25:00,87.226,87.257,86.689,86.74,803036
1184,2021-11-19 13:20:00,87.207,87.277,87.022,87.156,339314
1185,2021-11-19 13:15:00,87.437,87.527,86.954,87.142,695410
1186,2021-11-19 13:10:00,87.496,87.606,87.204,87.358,873878
1187,2021-11-19 13:05:00,87.382,87.552,87.286,87.436,404442
1188,2021-11-19 13:00:00,87.29,87.419,87.091,87.309,401778
1189,2021-11-19 12:55:00,87.447,87.512,87.189,87.221,321622
1190,2021-11-19 12:50:00,87.325,87.505,87.194,87.388,431502
1191,2021-11-19 12:45:00,87.452,87.478,87.12,87.264,393722
1192,2021-11-19 12:40:00,87.619,87.647,87.15,87.363,787666
1193,2021-11-19 12:35:00,87.644,87.881,87.464,87.545,605756
1194,2021-11-19 12:30:00,87.536,87.679,87.434,87.579,371632
1195,2021-11-19 12:25:00,87.536,87.611,87.395,87.471,158032
1196,2021-11-19 12:20:00,87.477,87.571,87.29,87.461,412006
1197,2021-11-19 12:15:00,87.683,87.709,87.307,87.417,442744
1198,2021-11-19 12:10:00,87.487,87.743,87.376,87.613,550168
1199,2021-11-19 12:05:00,87.506,87.65,87.375,87.417,515632
1200,2021-11-19 12:00:00,87.487,87.591,87.371,87.441,384564
1201,2021-11-19 11:55:00,87.457,87.571,87.258,87.417,660492
1202,2021-11-19 11:50:00,87.516,87.67,87.317,87.397,583046
1203,2021-11-19 11:45:00,87.585,87.689,87.41,87.451,399866
1204,2021-11-19 11:40:00,87.712,87.743,87.429,87.51,564914
1205,2021-11-19 11:35:00,87.462,87.851,87.366,87.638,787274
1206,2021-11-19 11:30:00,87.531,87.684,87.268,87.393,660000
1207,2021-11-19 11:25:00,87.324,87.557,87.145,87.466,647450
1208,2021-11-19 11:20:00,87.349,87.458,87.12,87.25,524748
1209,2021-11-19 11:15:00,87.221,87.498,87.106,87.283,739288
1210,2021-11-19 11:10:00,87.135,87.331,87.003,87.159,535794
1211,2021-11-19 11:05:00,87.241,87.316,86.978,87.074,611666
1212,2021-11-19 11:00:00,86.888,87.262,86.747,87.167,649980
1213,2021-11-19 10:55:00,86.976,87.09,86.782,86.818,490090
1214,2021-11-19 10:50:00,87.074,87.218,86.728,86.926,663324
1215,2021-11-19 10:45:00,87.261,87.306,86.723,87.005,856264
1216,2021-11-19 10:40:00,87.162,87.404,87.008,87.211,568960
1217,2021-11-19 10:35:00,87.0,87.232,86.738,87.113,656036
1218,2021-11-19 10:30:00,86.627,87.05,86.512,86.95,1059008
1219,2021-11-19 10:25:00,87.236,87.301,86.524,86.563,1273024
1220,2021-11-19 10:20:00,87.28,87.444,87.057,87.177,895736
1221,2021-11-19 10:15:00,87.23,87.385,86.968,87.216,827502
1222,2021-11-19 10:10:00,87.216,87.272,86.87,87.167,1051160
1223,2021-11-19 10:05:00,87.275,87.449,86.939,87.157,1179196
1224,2021-11-19 10:00:00,87.619,87.719,87.155,87.206,1239262
1225,2021-11-19 09:55:00,87.231,87.704,87.022,87.564,1199152
1226,2021-11-19 09:50:00,87.113,87.272,86.89,87.167,1150606
1227,2021-11-19 09:45:00,86.863,87.173,86.635,87.049,1460154
1228,2021-11-19 09:40:00,86.75,86.883,86.473,86.794,1034948
1229,2021-11-19 09:35:00,86.337,86.849,86.169,86.686,1417888
1230,2021-11-19 09:30:00,86.656,86.815,86.016,86.273,1783326
1231,2021-11-19 09:25:00,86.568,86.952,86.453,86.558,309790
1232,2021-11-19 09:20:00,86.514,86.702,86.409,86.494,72948
1233,2021-11-19 09:15:00,86.617,86.657,86.247,86.455,150298
1234,2021-11-19 09:10:00,86.789,86.947,86.453,86.553,170952
1235,2021-11-19 09:05:00,86.74,86.874,86.64,86.73,31422
1236,2021-11-19 09:00:00,86.863,86.893,86.625,86.666,33846
1237,2021-11-19 08:55:00,86.863,86.933,86.757,86.823,41462
1238,2021-11-19 08:50:00,86.774,86.903,86.649,86.779,24174
1239,2021-11-19 08:45:00,86.779,86.864,86.674,86.72,17134
1240,2021-11-19 08:40:00,86.642,86.829,86.532,86.71,34636
1241,2021-11-19 08:35:00,86.573,86.672,86.473,86.578,18550
1242,2021-11-19 08:30:00,86.691,86.741,86.438,86.504,30116
1243,2021-11-19 08:25:00,86.637,86.702,86.424,86.607,31692
1244,2021-11-19 08:20:00,86.543,86.682,86.443,86.558,23400
1245,2021-11-19 08:15:00,86.632,86.692,86.424,86.489,51390
1246,2021-11-19 08:10:00,86.848,86.874,86.551,86.583,19154
1247,2021-11-19 08:05:00,86.779,86.869,86.63,86.779,24706
1248,2021-11-19 08:00:00,86.642,86.849,86.247,86.759,117688
1249,2021-11-19 07:55:00,86.593,86.657,86.463,86.543,5200
1250,2021-11-19 07:50:00,86.598,86.648,86.444,86.485,14700
1251,2021-11-19 07:45:00,86.514,86.608,86.321,86.499,32540
1252,2021-11-19 07:40:00,86.602,86.657,86.424,86.455,21048
1253,2021-11-19 07:35:00,86.691,86.78,86.517,86.553,16672
1254,2021-11-19 07:30:00,86.593,86.712,86.468,86.612,21128
1255,2021-11-19 07:25:00,86.529,86.643,86.419,86.553,20792
1256,2021-11-19 07:20:00,86.406,86.589,86.311,86.499,3800
1257,2021-11-19 07:15:00,86.485,86.51,86.321,86.352,4796
1258,2021-11-19 07:10:00,86.691,86.716,86.34,86.445,27304
1259,2021-11-19 07:05:00,86.431,86.716,86.335,86.627,23946
1260,2021-11-19 07:00:00,86.342,86.431,86.237,86.342,35292
1261,2021-11-19 06:55:00,86.259,86.373,86.149,86.283,11760
1262,2021-11-19 06:50:00,86.249,86.397,86.154,86.22,10550
1263,2021-11-19 06:45:00,86.347,86.373,86.154,86.185,5772
1264,2021-11-19 06:40:00,86.234,86.373,86.031,86.273,23778
1265,2021-11-19 06:35:00,86.342,86.456,86.218,86.249,8636
1266,2021-11-19 06:30:00,86.593,86.618,86.208,86.249,6124
1267,2021-11-19 06:25:00,86.568,86.643,86.473,86.553,500
1268,2021-11-19 06:20:00,86.583,86.633,86.458,86.529,6498
1269,2021-11-19 06:15:00,86.558,86.643,86.448,86.553,4876
1270,2021-11-19 06:10:00,86.435,86.461,86.321,86.352,1680
1271,2021-11-19 06:05:00,86.47,86.495,86.306,86.352,6192
1272,2021-11-19 06:00:00,86.563,86.633,86.414,86.445,10598
1273,2021-11-19 05:55:00,86.504,86.613,86.409,86.524,850
1274,2021-11-19 05:50:00,86.568,86.638,86.473,86.548,3000
1275,2021-11-19 05:45:00,86.48,86.559,86.375,86.406,5140
1276,2021-11-19 05:40:00,86.583,86.653,86.424,86.455,6590
1277,2021-11-19 05:35:00,86.519,86.574,86.36,86.475,5220
1278,2021-11-19 05:30:00,86.514,86.599,86.414,86.485,3798
1279,2021-11-19 05:25:00,86.376,86.589,86.276,86.421,5028
1280,2021-11-19 05:20:00,86.2,86.377,86.105,86.273,8298
1281,2021-11-19 05:15:00,86.057,86.348,85.962,86.195,14298
1282,2021-11-19 05:10:00,86.239,86.264,85.938,85.969,21270
1283,2021-11-19 05:05:00,86.367,86.505,86.154,86.185,22576
1284,2021-11-19 05:00:00,86.445,86.471,86.203,86.234,2668
1285,2021-11-19 04:55:00,86.494,86.623,86.37,86.401,2808
1286,2021-11-19 04:50:00,86.666,86.751,86.433,86.48,5582
1287,2021-11-19 04:45:00,86.504,86.8,86.399,86.602,13664
1288,2021-11-19 04:40:00,86.774,86.874,86.399,86.455,49578
1289,2021-11-19 04:35:00,86.789,86.825,86.635,86.681,3542
1290,2021-11-19 04:30:00,86.804,86.859,86.581,86.651,7280
1291,2021-11-19 04:25:00,86.936,87.031,86.738,86.769,9680
1292,2021-11-19 04:20:00,86.936,86.992,86.821,86.853,4940
1293,2021-11-19 04:15:00,86.887,86.962,86.762,86.867,4658
1294,2021-11-19 04:10:00,86.833,86.913,86.738,86.813,9018
1295,2021-11-19 04:05:00,86.838,86.893,86.728,86.794,3188
1296,2021-11-19 04:00:00,86.45,86.913,86.355,86.784,11934
1297,2021-11-18 19:55:00,85.905,85.93,85.781,85.842,8040
1298,2021-11-18 19:50:00,85.876,85.955,85.781,85.866,7824
1299,2021-11-18 19:45:00,85.871,85.896,85.761,85.793,6200
1300,2021-11-18 19:40:00,85.876,85.901,85.761,85.797,1900
1301,2021-11-18 19:35:00,85.88,85.906,85.737,85.768,1400
1302,2021-11-18 19:30:00,85.88,85.921,85.776,85.832,1500
1303,2021-11-18 19:25:00,85.782,85.871,85.688,85.783,9612
1304,2021-11-18 19:20:00,85.826,85.852,85.732,85.763,570
1305,2021-11-18 19:15:00,85.772,85.798,85.678,85.709,620
1306,2021-11-18 19:10:00,85.871,85.896,85.766,85.797,2138
1307,2021-11-18 19:05:00,85.821,85.906,85.727,85.817,6552
1308,2021-11-18 19:00:00,85.763,85.842,85.663,85.753,1426
1309,2021-11-18 18:55:00,85.826,85.852,85.702,85.734,2580
1310,2021-11-18 18:50:00,85.866,85.906,85.747,85.802,9588
1311,2021-11-18 18:45:00,85.856,85.891,85.761,85.802,10600
1312,2021-11-18 18:40:00,85.807,85.832,85.712,85.743,400
1313,2021-11-18 18:35:00,85.826,85.857,85.663,85.768,14280
1314,2021-11-18 18:30:00,85.861,85.886,85.712,85.743,5270
1315,2021-11-18 18:25:00,85.866,85.891,85.771,85.802,1000
1316,2021-11-18 18:20:00,85.861,85.921,85.766,85.822,7816
1317,2021-11-18 18:15:00,85.841,85.955,85.747,85.866,5478
1318,2021-11-18 18:10:00,85.826,85.871,85.732,85.783,4100
1319,2021-11-18 18:05:00,85.748,85.847,85.653,85.758,4582
1320,2021-11-18 18:00:00,85.9,85.925,85.619,85.685,10624
1321,2021-11-18 17:55:00,85.807,85.925,85.712,85.837,2096
1322,2021-11-18 17:50:00,85.871,85.896,85.737,85.768,4028
1323,2021-11-18 17:45:00,85.856,85.881,85.761,85.793,202
1324,2021-11-18 17:40:00,85.841,85.925,85.747,85.837,5522
1325,2021-11-18 17:35:00,85.88,85.906,85.747,85.793,1928
1326,2021-11-18 17:30:00,85.846,85.916,85.747,85.778,1082
1327,2021-11-18 17:25:00,85.861,85.886,85.742,85.778,5996
1328,2021-11-18 17:20:00,85.905,85.93,85.776,85.807,900
1329,2021-11-18 17:15:00,85.901,85.926,85.756,85.788,1200
1330,2021-11-18 17:10:00,85.895,85.921,85.786,85.817,3280
1331,2021-11-18 17:05:00,85.969,86.014,85.81,85.842,8118
1332,2021-11-18 17:00:00,85.954,86.014,85.855,85.9,4510
1333,2021-11-18 16:55:00,85.91,86.004,85.815,85.846,4500
1334,2021-11-18 16:50:00,85.826,85.984,85.732,85.866,58694
1335,2021-11-18 16:45:00,85.787,85.857,85.693,85.753,8456
1336,2021-11-18 16:40:00,85.782,85.827,85.663,85.694,29530
1337,2021-11-18 16:35:00,85.733,85.808,85.639,85.719,43430
1338,2021-11-18 16:30:00,85.713,85.773,85.614,85.645,11000
1339,2021-11-18 16:25:00,85.699,85.729,85.595,85.631,26884
1340,2021-11-18 16:20:00,85.679,85.729,85.585,85.631,9722
1341,2021-11-18 16:15:00,85.522,85.734,85.428,85.626,18108
1342,2021-11-18 16:10:00,85.713,85.749,85.433,85.464,58580
1343,2021-11-18 16:05:00,85.659,85.793,85.565,85.655,28662
1344,2021-11-18 16:00:00,85.576,85.832,85.462,85.596,196426
1345,2021-11-18 15:55:00,85.718,85.803,85.408,85.513,1232610
1346,2021-11-18 15:50:00,85.753,85.881,85.58,85.66,1304378
1347,2021-11-18 15:45:00,85.64,85.93,85.545,85.685,935218
1348,2021-11-18 15:40:00,85.581,85.803,85.413,85.581,622326
1349,2021-11-18 15:35:00,85.492,85.744,85.384,85.537,904710
1350,2021-11-18 15:30:00,85.487,85.601,85.281,85.419,582376
1351,2021-11-18 15:25:00,85.375,85.53,85.251,85.427,515730
1352,2021-11-18 15:20:00,85.35,85.483,85.222,85.312,627240
1353,2021-11-18 15:15:00,85.355,85.405,85.158,85.272,370224
1354,2021-11-18 15:10:00,85.387,85.483,85.197,85.287,683118
1355,2021-11-18 15:05:00,85.168,85.444,85.05,85.321,810308
1356,2021-11-18 15:00:00,85.055,85.232,84.864,85.115,581574
1357,2021-11-18 14:55:00,85.167,85.193,84.894,84.997,477748
1358,2021-11-18 14:50:00,85.055,85.247,84.927,85.1,619556
1359,2021-11-18 14:45:00,84.962,85.139,84.859,84.997,475400
1360,2021-11-18 14:40:00,84.937,85.051,84.81,84.904,387832
1361,2021-11-18 14:35:00,84.815,85.031,84.638,84.88,584476
1362,2021-11-18 14:30:00,84.79,84.854,84.358,84.747,755976
1363,2021-11-18 14:25:00,84.756,84.84,84.574,84.727,438256
1364,2021-11-18 14:20:00,84.972,85.017,84.648,84.688,425698
1365,2021-11-18 14:15:00,85.08,85.11,84.829,84.909,343104
1366,2021-11-18 14:10:00,85.085,85.181,84.893,85.022,392526
1367,2021-11-18 14:05:00,84.888,85.201,84.78,85.022,681592
1368,2021-11-18 14:00:00,84.888,84.997,84.505,84.821,751940
1369,2021-11-18 13:55:00,84.824,84.948,84.687,84.833,350110
1370,2021-11-18 13:50:00,84.918,85.012,84.648,84.752,642288
1371,2021-11-18 13:45:00,84.932,85.095,84.814,84.865,338708
1372,2021-11-18 13:40:00,84.878,85.046,84.736,84.865,476534
1373,2021-11-18 13:35:00,85.001,85.074,84.787,84.826,360994
1374,2021-11-18 13:30:00,84.967,85.105,84.77,84.943,440964
1375,2021-11-18 13:25:00,84.967,85.134,84.819,84.904,477584
1376,2021-11-18 13:20:00,84.893,85.026,84.76,84.893,696210
1377,2021-11-18 13:15:00,85.237,85.267,84.731,84.816,447366
1378,2021-11-18 13:10:00,85.031,85.289,84.937,85.174,521516
1379,2021-11-18 13:05:00,85.055,85.188,84.888,84.973,574508
1380,2021-11-18 13:00:00,84.932,85.085,84.692,84.997,624606
1381,2021-11-18 12:55:00,85.03,85.055,84.618,84.861,724526
1382,2021-11-18 12:50:00,85.006,85.1,84.697,84.973,880548
1383,2021-11-18 12:45:00,85.379,85.439,84.898,84.958,1063506
1384,2021-11-18 12:40:00,85.443,85.484,85.212,85.312,653490
1385,2021-11-18 12:35:00,85.551,85.655,85.261,85.368,805686
1386,2021-11-18 12:30:00,85.654,85.724,85.394,85.488,990384
1387,2021-11-18 12:25:00,85.502,85.69,85.393,85.591,764248
1388,2021-11-18 12:20:00,85.409,85.552,85.261,85.439,479592
1389,2021-11-18 12:15:00,85.409,85.547,85.236,85.346,785246
1390,2021-11-18 12:10:00,85.33,85.434,85.222,85.346,477238
1391,2021-11-18 12:05:00,85.399,85.458,85.207,85.267,649842
1392,2021-11-18 12:00:00,85.168,85.444,85.045,85.339,648292
1393,2021-11-18 11:55:00,85.301,85.365,85.04,85.105,441612
1394,2021-11-18 11:50:00,85.379,85.469,85.173,85.243,769414
1395,2021-11-18 11:45:00,85.222,85.567,85.128,85.312,1293496
1396,2021-11-18 11:40:00,84.967,85.282,84.785,85.159,1009590
1397,2021-11-18 11:35:00,84.819,85.105,84.592,84.889,1427854
1398,2021-11-18 11:30:00,84.147,84.933,84.044,84.757,1543860
1399,2021-11-18 11:25:00,84.196,84.309,84.054,84.085,633186
1400,2021-11-18 11:20:00,84.206,84.339,84.034,84.138,717562
1401,2021-11-18 11:15:00,84.009,84.304,83.917,84.152,777050
1402,2021-11-18 11:10:00,83.577,84.162,83.436,83.946,1216736
1403,2021-11-18 11:05:00,83.42,83.71,83.26,83.525,820458
1404,2021-11-18 11:00:00,83.734,83.823,83.328,83.363,976348
1405,2021-11-18 10:55:00,83.709,83.862,83.514,83.687,999098
1406,2021-11-18 10:50:00,83.695,83.901,83.495,83.662,1586440
1407,2021-11-18 10:45:00,83.488,83.793,83.362,83.638,1595250
1408,2021-11-18 10:40:00,83.793,83.936,83.293,83.427,1597460
1409,2021-11-18 10:35:00,83.603,83.99,83.495,83.731,1620396
1410,2021-11-18 10:30:00,83.356,83.778,83.225,83.537,1514706
1411,2021-11-18 10:25:00,83.356,83.543,83.141,83.294,1519818
1412,2021-11-18 10:20:00,83.13,83.516,82.803,83.299,3050660
1413,2021-11-18 10:15:00,83.395,83.665,83.033,83.064,2212830
1414,2021-11-18 10:10:00,84.039,84.073,83.161,83.348,2823754
1415,2021-11-18 10:05:00,84.407,84.687,83.902,83.977,1624180
1416,2021-11-18 10:00:00,84.314,84.481,84.054,84.345,1205578
1417,2021-11-18 09:55:00,84.142,84.397,83.995,84.251,1258830
1418,2021-11-18 09:50:00,84.554,84.653,83.892,84.08,1874434
1419,2021-11-18 09:45:00,84.097,84.717,83.951,84.497,2100650
1420,2021-11-18 09:40:00,84.107,84.284,83.936,84.045,1470154
1421,2021-11-18 09:35:00,83.783,84.186,83.593,84.045,1347576
1422,2021-11-18 09:30:00,84.323,84.393,83.544,83.707,1791358
1423,2021-11-18 09:25:00,84.289,84.358,84.157,84.242,17828
1424,2021-11-18 09:20:00,84.368,84.397,84.186,84.266,40412
1425,2021-11-18 09:15:00,84.431,84.466,84.285,84.315,7286
1426,2021-11-18 09:10:00,84.343,84.486,84.25,84.379,64780
1427,2021-11-18 09:05:00,84.338,84.383,84.221,84.286,11820
1428,2021-11-18 09:00:00,84.314,84.364,84.191,84.276,22876
1429,2021-11-18 08:55:00,84.353,84.393,84.201,84.237,31760
1430,2021-11-18 08:50:00,84.358,84.412,84.221,84.3,12966
1431,2021-11-18 08:45:00,84.333,84.407,84.216,84.32,18912
1432,2021-11-18 08:40:00,84.353,84.432,84.216,84.261,43508
1433,2021-11-18 08:35:00,84.235,84.383,84.132,84.266,49354
1434,2021-11-18 08:30:00,84.235,84.329,84.128,84.178,33946
1435,2021-11-18 08:25:00,84.142,84.235,84.025,84.124,28730
1436,2021-11-18 08:20:00,84.181,84.216,84.044,84.099,6660
1437,2021-11-18 08:15:00,84.25,84.275,84.064,84.104,8496
1438,2021-11-18 08:10:00,84.22,84.275,84.088,84.178,14590
1439,2021-11-18 08:05:00,84.142,84.25,84.049,84.163,20810
1440,2021-11-18 08:00:00,84.333,84.397,83.578,84.119,97632
1441,2021-11-18 07:55:00,84.304,84.329,84.152,84.192,3534
1442,2021-11-18 07:50:00,84.206,84.294,84.108,84.207,2236
1443,2021-11-18 07:45:00,84.255,84.294,84.108,84.143,6742
1444,2021-11-18 07:40:00,84.309,84.334,84.152,84.188,6976
1445,2021-11-18 07:35:00,84.323,84.373,84.196,84.247,5944
1446,2021-11-18 07:30:00,84.338,84.388,84.216,84.246,7896
1447,2021-11-18 07:25:00,84.323,84.358,84.211,84.271,4784
1448,2021-11-18 07:20:00,84.26,84.329,84.167,84.242,5298
1449,2021-11-18 07:15:00,84.289,84.314,84.167,84.197,16664
1450,2021-11-18 07:10:00,84.309,84.353,84.191,84.222,14922
1451,2021-11-18 07:05:00,84.289,84.383,84.182,84.271,22840
1452,2021-11-18 07:00:00,84.333,84.383,84.172,84.222,56388
1453,2021-11-18 06:55:00,84.338,84.363,84.24,84.276,6118
1454,2021-11-18 06:50:00,84.407,84.456,84.314,84.369,22754
1455,2021-11-18 06:45:00,84.387,84.437,84.294,84.35,756
1456,2021-11-18 06:40:00,84.333,84.442,84.24,84.296,7246
1457,2021-11-18 06:35:00,84.299,84.334,84.206,84.246,1426
1458,2021-11-18 06:30:00,84.402,84.427,84.28,84.31,802
1459,2021-11-18 06:25:00,84.446,84.471,84.353,84.384,294
1460,2021-11-18 06:20:00,84.368,84.491,84.275,84.399,3900
1461,2021-11-18 06:15:00,84.294,84.388,84.201,84.3,978
1462,2021-11-18 06:10:00,84.245,84.27,84.108,84.163,5340
1463,2021-11-18 06:05:00,84.264,84.309,84.147,84.178,1860
1464,2021-11-18 06:00:00,84.323,84.358,84.206,84.237,1642
1465,2021-11-18 05:55:00,84.363,84.388,84.27,84.3,242
1466,2021-11-18 05:50:00,84.21,84.26,84.113,84.173,2600
1467,2021-11-18 05:45:00,84.186,84.211,84.093,84.124,200
1468,2021-11-18 05:35:00,84.22,84.245,84.113,84.143,3104
1469,2021-11-18 05:30:00,84.215,84.24,84.123,84.153,400
1470,2021-11-18 05:25:00,84.225,84.265,84.132,84.163,2562
1471,2021-11-18 05:20:00,84.215,84.24,84.123,84.153,200
1472,2021-11-18 05:15:00,84.181,84.216,84.088,84.129,2560
1473,2021-11-18 05:10:00,84.171,84.206,84.059,84.119,1212
1474,2021-11-18 05:05:00,84.078,84.181,83.971,84.094,2432
1475,2021-11-18 05:00:00,84.156,84.196,84.005,84.035,4030
1476,2021-11-18 04:55:00,84.245,84.28,84.093,84.124,1956
1477,2021-11-18 04:50:00,84.333,84.358,84.162,84.197,3492
1478,2021-11-18 04:45:00,84.333,84.373,84.24,84.276,3272
1479,2021-11-18 04:40:00,84.363,84.388,84.235,84.271,5636
1480,2021-11-18 04:35:00,84.343,84.388,84.221,84.281,5026
1481,2021-11-18 04:30:00,84.431,84.456,84.201,84.291,2898
1482,2021-11-18 04:25:00,84.422,84.491,84.329,84.374,1742
1483,2021-11-18 04:20:00,84.422,84.491,84.319,84.35,4876
1484,2021-11-18 04:15:00,84.397,84.422,84.304,84.335,200
1485,2021-11-18 04:10:00,84.422,84.461,84.28,84.315,12852
1486,2021-11-18 04:05:00,84.476,84.506,84.294,84.399,11646
1487,2021-11-18 04:00:00,83.7,84.506,83.607,84.364,50140
1488,2021-11-17 19:55:00,83.326,83.376,83.215,83.245,5598
1489,2021-11-17 19:50:00,83.361,83.385,83.24,83.28,7992
1490,2021-11-17 19:45:00,83.302,83.41,83.21,83.319,11890
1491,2021-11-17 19:40:00,83.307,83.331,83.21,83.24,5440
1492,2021-11-17 19:35:00,83.282,83.331,83.19,83.245,968
1493,2021-11-17 19:30:00,83.287,83.336,83.19,83.245,13598
1494,2021-11-17 19:25:00,83.312,83.351,83.205,83.24,8144
1495,2021-11-17 19:20:00,83.292,83.346,83.2,83.255,3388
1496,2021-11-17 19:10:00,83.292,83.317,83.132,83.162,3700
1497,2021-11-17 19:05:00,83.292,83.331,83.2,83.235,25800
1498,2021-11-17 19:00:00,83.272,83.326,83.132,83.24,32100
1499,2021-11-17 18:55:00,83.253,83.287,83.161,83.196,11100
1500,2021-11-17 18:50:00,83.263,83.287,83.171,83.201,3000
1501,2021-11-17 18:45:00,83.277,83.312,83.186,83.226,2200
1502,2021-11-17 18:40:00,83.228,83.297,83.136,83.211,1192
1503,2021-11-17 18:35:00,83.267,83.302,83.176,83.216,22090
1504,2021-11-17 18:30:00,83.223,83.292,83.132,83.201,6230
1505,2021-11-17 18:25:00,83.164,83.287,83.073,83.201,3900
1506,2021-11-17 18:20:00,83.179,83.204,83.073,83.103,4402
1507,2021-11-17 18:15:00,83.174,83.199,83.053,83.093,2700
1508,2021-11-17 18:10:00,83.228,83.253,83.068,83.098,1560
1509,2021-11-17 18:05:00,83.267,83.317,83.151,83.181,5800
1510,2021-11-17 18:00:00,83.15,83.282,83.058,83.191,56912
1511,2021-11-17 17:55:00,83.105,83.15,83.014,83.054,1176
1512,2021-11-17 17:45:00,83.115,83.14,83.024,83.054,220
1513,2021-11-17 17:40:00,83.125,83.15,83.014,83.044,1732
1514,2021-11-17 17:30:00,83.194,83.218,83.102,83.132,206
1515,2021-11-17 17:25:00,83.189,83.213,83.063,83.093,442
1516,2021-11-17 17:20:00,83.159,83.199,83.063,83.093,6566
1517,2021-11-17 17:15:00,83.194,83.223,83.073,83.132,7404
1518,2021-11-17 17:10:00,83.208,83.233,83.097,83.138,2100
1519,2021-11-17 17:05:00,83.199,83.248,83.063,83.157,7046
1520,2021-11-17 17:00:00,83.159,83.233,83.063,83.093,5556
1521,2021-11-17 16:55:00,83.125,83.189,83.033,83.098,10622
1522,2021-11-17 16:50:00,83.12,83.154,83.019,83.064,1456
1523,2021-11-17 16:45:00,83.081,83.154,82.975,83.069,13340
1524,2021-11-17 16:40:00,82.943,83.086,82.852,82.995,17102
1525,2021-11-17 16:35:00,82.968,83.017,82.852,82.882,4070
1526,2021-11-17 16:30:00,82.992,83.037,82.867,82.907,21336
1527,2021-11-17 16:25:00,82.938,83.037,82.847,82.932,43002
1528,2021-11-17 16:20:00,82.845,83.066,82.754,82.921,93722
1529,2021-11-17 16:15:00,82.835,82.879,82.675,82.784,12198
1530,2021-11-17 16:10:00,82.678,82.894,82.587,82.799,20926
1531,2021-11-17 16:05:00,82.943,82.968,82.508,82.617,136182
1532,2021-11-17 16:00:00,83.032,83.066,82.803,82.857,298898
1533,2021-11-17 15:55:00,83.041,83.159,82.813,82.97,913648
1534,2021-11-17 15:50:00,83.302,83.351,82.93,82.98,975510
1535,2021-11-17 15:45:00,83.209,83.459,83.097,83.245,887276
1536,2021-11-17 15:40:00,83.204,83.312,82.94,83.147,539416
1537,2021-11-17 15:35:00,83.223,83.321,83.068,83.142,459040
1538,2021-11-17 15:30:00,83.071,83.26,82.97,83.157,405090
1539,2021-11-17 15:25:00,83.238,83.319,82.935,83.005,372748
1540,2021-11-17 15:20:00,83.091,83.297,82.975,83.171,381210
1541,2021-11-17 15:15:00,83.15,83.361,82.955,83.019,500590
1542,2021-11-17 15:10:00,82.968,83.169,82.867,83.069,395684
1543,2021-11-17 15:05:00,83.13,83.174,82.818,82.911,683336
1544,2021-11-17 15:00:00,83.508,83.547,83.043,83.073,480922
1545,2021-11-17 14:55:00,83.302,83.552,83.19,83.444,428254
1546,2021-11-17 14:50:00,83.351,83.415,83.146,83.245,253534
1547,2021-11-17 14:45:00,83.248,83.39,83.136,83.289,251612
1548,2021-11-17 14:40:00,83.169,83.292,83.044,83.191,254600
1549,2021-11-17 14:35:00,83.164,83.341,83.043,83.113,260384
1550,2021-11-17 14:30:00,83.366,83.464,83.048,83.083,358144
1551,2021-11-17 14:25:00,83.267,83.464,83.117,83.304,377814
1552,2021-11-17 14:20:00,83.375,83.4,83.112,83.211,285940
1553,2021-11-17 14:15:00,83.429,83.528,83.146,83.309,474798
1554,2021-11-17 14:10:00,83.484,83.518,83.274,83.37,326800
1555,2021-11-17 14:05:00,83.538,83.582,83.347,83.427,215386
1556,2021-11-17 14:00:00,83.599,83.641,83.328,83.476,469678
1557,2021-11-17 13:55:00,83.523,83.646,83.397,83.535,434466
1558,2021-11-17 13:50:00,83.326,83.597,83.235,83.456,506926
1559,2021-11-17 13:45:00,83.474,83.528,83.23,83.27,481866
1560,2021-11-17 13:40:00,83.248,83.518,83.102,83.407,470482
1561,2021-11-17 13:35:00,83.223,83.302,83.063,83.191,261568
1562,2021-11-17 13:30:00,83.248,83.312,83.058,83.162,405042
1563,2021-11-17 13:25:00,83.14,83.321,83.036,83.186,495052
1564,2021-11-17 13:20:00,82.943,83.233,82.818,83.078,574626
1565,2021-11-17 13:15:00,82.973,82.997,82.67,82.902,344292
1566,2021-11-17 13:10:00,82.938,83.007,82.587,82.916,604418
1567,2021-11-17 13:05:00,83.022,83.159,82.808,82.882,583982
1568,2021-11-17 13:00:00,82.924,83.095,82.695,82.951,870214
1569,2021-11-17 12:55:00,82.899,82.973,82.68,82.867,676690
1570,2021-11-17 12:50:00,83.14,83.189,82.69,82.843,748278
1571,2021-11-17 12:45:00,83.258,83.282,82.977,83.078,552698
1572,2021-11-17 12:40:00,83.415,83.449,82.975,83.206,788668
1573,2021-11-17 12:35:00,83.159,83.444,83.043,83.358,820270
1574,2021-11-17 12:30:00,83.002,83.184,82.832,83.098,805410
1575,2021-11-17 12:25:00,83.267,83.444,82.872,82.936,1065848
1576,2021-11-17 12:20:00,83.41,83.516,83.141,83.211,894012
1577,2021-11-17 12:15:00,83.754,83.793,83.304,83.348,854890
1578,2021-11-17 12:10:00,83.793,83.891,83.632,83.687,508944
1579,2021-11-17 12:05:00,84.132,84.167,83.598,83.731,978864
1580,2021-11-17 12:00:00,84.225,84.351,83.971,84.07,821266
1581,2021-11-17 11:55:00,84.041,84.265,83.902,84.158,604790
1582,2021-11-17 11:50:00,83.994,84.113,83.818,83.981,465654
1583,2021-11-17 11:45:00,83.906,84.038,83.769,83.937,472848
1584,2021-11-17 11:40:00,83.761,84.004,83.661,83.844,580824
1585,2021-11-17 11:35:00,83.695,83.796,83.568,83.702,450968
1586,2021-11-17 11:30:00,83.685,83.756,83.505,83.645,330752
1587,2021-11-17 11:25:00,83.484,83.754,83.352,83.633,667596
1588,2021-11-17 11:20:00,83.565,83.759,83.382,83.422,606264
1589,2021-11-17 11:15:00,83.479,83.675,83.328,83.51,379428
1590,2021-11-17 11:10:00,83.479,83.621,83.338,83.412,307738
1591,2021-11-17 11:05:00,83.444,83.597,83.34,83.417,509786
1592,2021-11-17 11:00:00,83.38,83.476,83.19,83.372,389068
1593,2021-11-17 10:55:00,83.356,83.439,83.132,83.319,391702
1594,2021-11-17 10:50:00,83.415,83.498,83.193,83.289,483714
1595,2021-11-17 10:45:00,83.493,83.636,83.254,83.353,632330
1596,2021-11-17 10:40:00,83.557,83.685,83.377,83.412,839574
1597,2021-11-17 10:35:00,83.115,83.592,82.979,83.476,876762
1598,2021-11-17 10:30:00,83.066,83.204,82.886,83.054,473572
1599,2021-11-17 10:25:00,82.916,83.204,82.813,83.0,611120
1600,2021-11-17 10:20:00,82.997,83.13,82.778,82.855,676072
1601,2021-11-17 10:15:00,83.184,83.223,82.857,82.936,562962
1602,2021-11-17 10:10:00,83.027,83.297,82.921,83.123,959628
1603,2021-11-17 10:05:00,82.889,83.1,82.773,82.965,885612
1604,2021-11-17 10:00:00,82.639,82.958,82.523,82.838,899692
1605,2021-11-17 09:55:00,82.604,82.786,82.438,82.568,797978
1606,2021-11-17 09:50:00,82.924,82.972,82.322,82.543,1598118
1607,2021-11-17 09:45:00,83.061,83.223,82.827,82.857,1040530
1608,2021-11-17 09:40:00,82.865,83.135,82.695,82.986,717410
1609,2021-11-17 09:35:00,82.978,83.154,82.754,82.828,855138
1610,2021-11-17 09:30:00,83.105,83.238,82.661,82.916,1071218
1611,2021-11-17 09:25:00,83.041,83.106,82.911,83.02,18976
1612,2021-11-17 09:20:00,82.983,83.12,82.891,83.034,17306
1613,2021-11-17 09:15:00,83.007,83.037,82.872,82.921,17232
1614,2021-11-17 09:10:00,82.909,83.002,82.818,82.907,10156
1615,2021-11-17 09:05:00,82.953,82.997,82.808,82.838,27040
1616,2021-11-17 09:00:00,83.007,83.032,82.822,82.867,25532
1617,2021-11-17 08:55:00,83.007,83.071,82.916,82.961,4566
1618,2021-11-17 08:50:00,83.017,83.051,82.886,82.926,10318
1619,2021-11-17 08:45:00,82.978,83.056,82.862,82.931,15040
1620,2021-11-17 08:40:00,82.997,83.056,82.881,82.911,10258
1621,2021-11-17 08:35:00,83.007,83.056,82.911,82.941,5328
1622,2021-11-17 08:30:00,82.987,83.086,82.886,82.956,29560
1623,2021-11-17 08:25:00,82.929,83.017,82.837,82.916,10870
1624,2021-11-17 08:20:00,82.845,83.002,82.744,82.887,26128
1625,2021-11-17 08:15:00,82.786,82.879,82.67,82.779,13238
1626,2021-11-17 08:10:00,82.958,83.007,82.646,82.705,43202
1627,2021-11-17 08:05:00,82.973,83.037,82.822,82.921,15210
1628,2021-11-17 08:00:00,83.115,83.326,82.916,82.946,77284
1629,2021-11-17 07:55:00,83.13,83.164,82.989,83.049,11450
1630,2021-11-17 07:50:00,83.208,83.233,83.058,83.088,6752
1631,2021-11-17 07:45:00,83.267,83.292,83.136,83.167,5002
1632,2021-11-17 07:40:00,83.263,83.321,83.171,83.206,6668
1633,2021-11-17 07:35:00,83.263,83.292,83.146,83.191,7060
1634,2021-11-17 07:30:00,83.258,83.302,83.166,83.206,6574
1635,2021-11-17 07:25:00,83.267,83.292,83.146,83.206,2854
1636,2021-11-17 07:20:00,83.253,83.287,83.117,83.201,3630
1637,2021-11-17 07:15:00,83.228,83.258,83.073,83.172,4090
1638,2021-11-17 07:10:00,83.233,83.277,83.136,83.172,5544
1639,2021-11-17 07:05:00,83.263,83.326,83.161,83.191,12046
1640,2021-11-17 07:00:00,83.189,83.336,83.097,83.211,45062
1641,2021-11-17 06:55:00,83.091,83.223,82.999,83.127,14602
1642,2021-11-17 06:45:00,83.11,83.135,83.009,83.039,742
1643,2021-11-17 06:40:00,83.164,83.189,83.073,83.103,200
1644,2021-11-17 06:35:00,83.194,83.228,83.083,83.113,990
1645,2021-11-17 06:30:00,83.184,83.243,83.092,83.132,4832
1646,2021-11-17 06:25:00,83.105,83.208,83.014,83.123,1638
1647,2021-11-17 06:20:00,83.061,83.12,82.97,83.005,1264
1648,2021-11-17 06:15:00,83.066,83.105,82.975,83.019,982
1649,2021-11-17 06:00:00,83.056,83.081,82.916,82.946,714
1650,2021-11-17 05:50:00,83.11,83.135,82.94,82.97,3246
1651,2021-11-17 05:45:00,83.1,83.145,83.004,83.039,1200
1652,2021-11-17 05:40:00,83.051,83.105,82.96,83.019,756
1653,2021-11-17 05:35:00,83.022,83.046,82.93,82.961,400
1654,2021-11-17 05:25:00,82.958,82.997,82.867,82.897,1200
1655,2021-11-17 05:20:00,83.046,83.071,82.867,82.897,13598
1656,2021-11-17 05:15:00,83.051,83.076,82.955,82.985,8398
1657,2021-11-17 05:10:00,83.017,83.066,82.916,82.97,4270
1658,2021-11-17 05:05:00,83.105,83.13,82.989,83.019,1400
1659,2021-11-17 05:00:00,83.105,83.164,83.014,83.078,2896
1660,2021-11-17 04:55:00,83.096,83.12,83.004,83.034,398
1661,2021-11-17 04:45:00,83.13,83.179,83.038,83.069,1480
1662,2021-11-17 04:40:00,83.115,83.15,82.984,83.024,3330
1663,2021-11-17 04:30:00,83.243,83.267,83.092,83.123,4960
1664,2021-11-17 04:25:00,83.263,83.287,83.161,83.191,568
1665,2021-11-17 04:20:00,83.154,83.179,83.058,83.088,500
1666,2021-11-17 04:15:00,83.15,83.179,83.043,83.093,800
1667,2021-11-17 04:10:00,83.213,83.243,83.078,83.108,4470
1668,2021-11-17 04:05:00,83.253,83.292,83.117,83.152,7902
1669,2021-11-17 04:00:00,83.15,83.248,83.058,83.162,6260
1670,2021-11-16 19:55:00,82.919,82.963,82.818,82.877,3350
1671,2021-11-16 19:50:00,82.909,82.987,82.818,82.902,432
1672,2021-11-16 19:45:00,82.958,82.982,82.808,82.857,1040
1673,2021-11-16 19:40:00,82.963,83.002,82.867,82.916,3190
1674,2021-11-16 19:35:00,82.968,82.997,82.867,82.897,4524
1675,2021-11-16 19:30:00,82.933,82.973,82.837,82.887,2038
1676,2021-11-16 19:25:00,82.953,82.997,82.842,82.887,5208
1677,2021-11-16 19:20:00,82.963,83.012,82.872,82.921,2180
1678,2021-11-16 19:15:00,82.933,82.958,82.842,82.872,400
1679,2021-11-16 19:10:00,82.963,82.987,82.857,82.897,4988
1680,2021-11-16 19:05:00,82.933,83.032,82.842,82.897,4246
1681,2021-11-16 19:00:00,82.909,82.933,82.818,82.848,1706
1682,2021-11-16 18:50:00,82.997,83.022,82.886,82.916,5740
1683,2021-11-16 18:45:00,82.924,83.022,82.832,82.936,14748
1684,2021-11-16 18:40:00,82.919,82.958,82.822,82.872,1800
1685,2021-11-16 18:35:00,82.86,82.933,82.769,82.848,6800
1686,2021-11-16 18:30:00,82.84,82.865,82.744,82.774,5000
1687,2021-11-16 18:20:00,82.791,82.815,82.7,82.73,200
1688,2021-11-16 18:15:00,82.816,82.84,82.685,82.74,5594
1689,2021-11-16 18:10:00,82.825,82.865,82.734,82.779,5482
1690,2021-11-16 18:05:00,82.811,82.845,82.695,82.759,3526
1691,2021-11-16 18:00:00,82.835,82.914,82.715,82.759,14278
1692,2021-11-16 17:55:00,82.825,82.909,82.734,82.813,8288
1693,2021-11-16 17:50:00,82.86,82.884,82.769,82.799,3200
1694,2021-11-16 17:35:00,82.796,82.82,82.705,82.735,200
1695,2021-11-16 17:30:00,82.855,82.879,82.764,82.794,604
1696,2021-11-16 17:25:00,82.791,82.879,82.7,82.794,898
1697,2021-11-16 17:15:00,82.86,82.884,82.695,82.725,1496
1698,2021-11-16 17:10:00,82.835,82.909,82.744,82.774,14330
1699,2021-11-16 17:05:00,82.791,82.889,82.7,82.794,3988
1700,2021-11-16 17:00:00,82.802,82.869,82.685,82.725,5470
1701,2021-11-16 16:55:00,82.747,82.806,82.646,82.7,19530
1702,2021-11-16 16:50:00,82.742,82.796,82.646,82.7,10540
1703,2021-11-16 16:45:00,82.786,82.811,82.661,82.696,27336
1704,2021-11-16 16:40:00,82.835,82.86,82.7,82.759,6098
1705,2021-11-16 16:35:00,82.833,82.874,82.742,82.772,2400
1706,2021-11-16 16:30:00,82.825,82.85,82.729,82.759,8500
1707,2021-11-16 16:25:00,82.84,82.889,82.749,82.789,4668
1708,2021-11-16 16:20:00,82.889,82.914,82.734,82.764,13634
1709,2021-11-16 16:15:00,82.811,82.904,82.68,82.818,30370
1710,2021-11-16 16:10:00,82.83,82.86,82.695,82.725,52444
1711,2021-11-16 16:05:00,82.874,82.973,82.739,82.774,48562
1712,2021-11-16 16:00:00,82.948,82.978,82.68,82.818,131350
1713,2021-11-16 15:55:00,83.041,83.081,82.727,82.887,616994
1714,2021-11-16 15:50:00,82.914,83.169,82.813,82.97,1005520
1715,2021-11-16 15:45:00,83.091,83.174,82.798,82.853,689062
1716,2021-11-16 15:40:00,83.081,83.179,82.97,83.029,388172
1717,2021-11-16 15:35:00,83.105,83.228,82.96,83.015,611518
1718,2021-11-16 15:30:00,82.894,83.184,82.783,83.044,629000
1719,2021-11-16 15:25:00,82.894,82.971,82.749,82.843,421516
1720,2021-11-16 15:20:00,82.766,82.943,82.656,82.838,353546
1721,2021-11-16 15:15:00,82.786,82.855,82.597,82.696,411394
1722,2021-11-16 15:10:00,82.845,82.869,82.538,82.73,714056
1723,2021-11-16 15:05:00,82.943,82.992,82.724,82.784,390896
1724,2021-11-16 15:00:00,82.992,83.037,82.827,82.882,333374
1725,2021-11-16 14:55:00,83.041,83.105,82.869,82.926,418882
1726,2021-11-16 14:50:00,82.968,83.13,82.862,82.978,465286
1727,2021-11-16 14:45:00,82.943,83.009,82.803,82.907,311584
1728,2021-11-16 14:40:00,82.919,82.997,82.803,82.872,248268
1729,2021-11-16 14:35:00,82.992,83.066,82.818,82.857,240710
1730,2021-11-16 14:30:00,83.041,83.091,82.886,82.931,344964
1731,2021-11-16 14:25:00,82.919,83.081,82.818,82.975,341046
1732,2021-11-16 14:20:00,83.046,83.071,82.783,82.848,383340
1733,2021-11-16 14:15:00,83.132,83.164,82.857,82.983,345492
1734,2021-11-16 14:10:00,83.145,83.232,82.994,83.071,222612
1735,2021-11-16 14:05:00,83.145,83.218,83.014,83.083,231844
1736,2021-11-16 14:00:00,83.037,83.226,82.911,83.088,449900
1737,2021-11-16 13:55:00,82.983,83.095,82.872,82.985,523774
1738,2021-11-16 13:50:00,82.899,83.037,82.764,82.921,700634
1739,2021-11-16 13:45:00,82.882,82.963,82.715,82.838,282248
1740,2021-11-16 13:40:00,82.845,82.909,82.685,82.804,202560
1741,2021-11-16 13:35:00,82.791,82.904,82.67,82.786,188666
1742,2021-11-16 13:30:00,82.737,82.872,82.64,82.732,394458
1743,2021-11-16 13:25:00,82.835,82.867,82.631,82.661,173596
1744,2021-11-16 13:20:00,82.722,82.869,82.627,82.774,242916
1745,2021-11-16 13:15:00,82.806,83.017,82.626,82.656,434172
1746,2021-11-16 13:10:00,82.892,82.987,82.687,82.75,447334
1747,2021-11-16 13:05:00,82.85,82.936,82.695,82.833,259920
1748,2021-11-16 13:00:00,82.762,82.879,82.594,82.784,536306
1749,2021-11-16 12:55:00,82.796,82.835,82.621,82.7,225658
1750,2021-11-16 12:50:00,82.816,82.845,82.656,82.74,134258
1751,2021-11-16 12:45:00,82.83,82.928,82.685,82.749,316552
1752,2021-11-16 12:40:00,82.732,82.899,82.577,82.784,374866
1753,2021-11-16 12:35:00,82.811,82.84,82.626,82.661,256296
1754,2021-11-16 12:30:00,82.707,82.85,82.528,82.745,319228
1755,2021-11-16 12:25:00,82.909,82.933,82.607,82.647,232366
1756,2021-11-16 12:20:00,82.811,82.938,82.582,82.843,469200
1757,2021-11-16 12:15:00,82.771,82.879,82.631,82.745,498792
1758,2021-11-16 12:10:00,82.614,82.806,82.518,82.705,287262
1759,2021-11-16 12:05:00,82.565,82.712,82.455,82.553,277466
1760,2021-11-16 12:00:00,82.688,82.766,82.44,82.484,335616
1761,2021-11-16 11:55:00,82.762,82.815,82.562,82.617,269280
1762,2021-11-16 11:50:00,82.609,82.811,82.504,82.7,479714
1763,2021-11-16 11:45:00,82.635,82.722,82.508,82.553,403648
1764,2021-11-16 11:40:00,82.816,82.86,82.543,82.573,330920
1765,2021-11-16 11:35:00,82.87,83.017,82.695,82.754,524152
1766,2021-11-16 11:30:00,82.835,82.894,82.656,82.799,682612
1767,2021-11-16 11:25:00,82.779,82.928,82.68,82.754,480234
1768,2021-11-16 11:20:00,82.791,82.982,82.67,82.725,723874
1769,2021-11-16 11:15:00,82.595,82.884,82.494,82.73,851314
1770,2021-11-16 11:10:00,82.157,82.619,82.062,82.519,1117110
1771,2021-11-16 11:05:00,82.187,82.22,81.954,82.093,415638
1772,2021-11-16 11:00:00,81.818,82.226,81.714,82.13,726372
1773,2021-11-16 10:55:00,81.814,81.907,81.606,81.763,372516
1774,2021-11-16 10:50:00,81.661,81.892,81.527,81.743,522008
1775,2021-11-16 10:45:00,81.675,81.749,81.419,81.625,545304
1776,2021-11-16 10:40:00,81.72,81.921,81.459,81.611,658864
1777,2021-11-16 10:35:00,81.656,81.769,81.446,81.654,569460
1778,2021-11-16 10:30:00,81.337,81.72,81.194,81.586,758210
1779,2021-11-16 10:25:00,81.612,81.735,81.243,81.277,962178
1780,2021-11-16 10:20:00,81.887,81.956,81.493,81.581,705244
1781,2021-11-16 10:15:00,82.062,82.285,81.782,81.822,1282252
1782,2021-11-16 10:10:00,81.956,82.093,81.797,81.995,882508
1783,2021-11-16 10:05:00,82.054,82.118,81.65,81.881,872710
1784,2021-11-16 10:00:00,81.725,82.078,81.63,81.994,1209896
1785,2021-11-16 09:55:00,81.573,81.759,81.351,81.67,684506
1786,2021-11-16 09:50:00,81.814,81.926,81.356,81.503,1242084
1787,2021-11-16 09:45:00,81.966,82.034,81.591,81.753,1002230
1788,2021-11-16 09:40:00,81.931,82.162,81.625,81.9,1364894
1789,2021-11-16 09:35:00,81.317,82.108,81.228,81.871,1694726
1790,2021-11-16 09:30:00,80.694,81.4,80.492,81.253,1163024
1791,2021-11-16 09:25:00,80.723,80.762,80.551,80.669,39286
1792,2021-11-16 09:20:00,80.664,80.806,80.575,80.693,29082
1793,2021-11-16 09:15:00,80.615,80.703,80.438,80.61,35606
1794,2021-11-16 09:10:00,80.895,80.944,80.526,80.556,24350
1795,2021-11-16 09:05:00,80.885,80.968,80.757,80.821,39452
1796,2021-11-16 09:00:00,80.88,80.953,80.708,80.811,40268
1797,2021-11-16 08:55:00,81.018,81.096,80.826,80.855,37464
1798,2021-11-16 08:50:00,81.033,81.116,80.904,80.978,23966
1799,2021-11-16 08:45:00,81.067,81.13,80.732,80.983,75438
1800,2021-11-16 08:40:00,81.411,81.577,80.988,81.017,36966
1801,2021-11-16 08:35:00,81.111,81.553,81.022,81.375,76606
1802,2021-11-16 08:30:00,81.288,81.361,80.904,81.032,48114
1803,2021-11-16 08:25:00,81.175,81.297,81.081,81.213,20730
1804,2021-11-16 08:20:00,81.239,81.307,81.091,81.125,22860
1805,2021-11-16 08:15:00,81.263,81.287,81.12,81.15,9542
1806,2021-11-16 08:10:00,81.278,81.302,81.14,81.199,3422
1807,2021-11-16 08:05:00,81.214,81.292,81.105,81.203,15200
1808,2021-11-16 08:00:00,81.342,81.386,80.914,81.164,53630
1809,2021-11-16 07:55:00,81.062,81.17,80.948,81.086,3872
1810,2021-11-16 07:50:00,81.072,81.096,80.914,80.983,19176
1811,2021-11-16 07:45:00,81.175,81.199,81.002,81.032,4224
1812,2021-11-16 07:40:00,81.244,81.268,81.076,81.105,25136
1813,2021-11-16 07:30:00,81.165,81.258,81.051,81.174,1890
1814,2021-11-16 07:25:00,81.229,81.253,81.086,81.115,1302
1815,2021-11-16 07:20:00,81.278,81.302,81.125,81.154,3644
1816,2021-11-16 07:15:00,81.244,81.361,81.154,81.277,2400
1817,2021-11-16 07:10:00,81.337,81.361,81.199,81.243,2600
1818,2021-11-16 07:05:00,81.332,81.356,81.199,81.233,2778
1819,2021-11-16 07:00:00,81.342,81.415,81.199,81.233,15306
1820,2021-11-16 06:55:00,81.313,81.415,81.213,81.243,14326
1821,2021-11-16 06:50:00,81.308,81.332,81.184,81.228,1434
1822,2021-11-16 06:45:00,81.288,81.41,81.199,81.248,15502
1823,2021-11-16 06:40:00,81.229,81.263,81.115,81.179,1100
1824,2021-11-16 06:35:00,81.273,81.297,81.179,81.208,800
1825,2021-11-16 06:30:00,81.092,81.263,81.002,81.179,1340
1826,2021-11-16 06:20:00,80.954,80.983,80.86,80.889,3200
1827,2021-11-16 06:15:00,80.866,80.963,80.777,80.88,2800
1828,2021-11-16 06:10:00,80.787,80.87,80.698,80.786,1404
1829,2021-11-16 06:05:00,80.758,80.781,80.669,80.698,860
1830,2021-11-16 06:00:00,80.821,80.845,80.674,80.703,2100
1831,2021-11-16 05:55:00,80.816,80.84,80.728,80.757,320
1832,2021-11-16 05:50:00,80.797,80.821,80.708,80.737,398
1833,2021-11-16 05:45:00,80.792,80.831,80.703,80.737,1600
1834,2021-11-16 05:40:00,80.743,80.772,80.654,80.688,572
1835,2021-11-16 05:35:00,80.704,80.727,80.615,80.644,800
1836,2021-11-16 05:30:00,80.718,80.767,80.629,80.678,1366
1837,2021-11-16 05:25:00,80.654,80.698,80.536,80.565,2098
1838,2021-11-16 05:20:00,80.645,80.772,80.556,80.6,3800
1839,2021-11-16 05:15:00,80.625,80.673,80.536,80.59,1188
1840,2021-11-16 05:10:00,80.871,80.904,80.683,80.713,6296
1841,2021-11-16 05:05:00,81.003,81.032,80.84,80.87,1800
1842,2021-11-16 05:00:00,81.013,81.037,80.909,80.938,640
1843,2021-11-16 04:55:00,80.998,81.047,80.909,80.963,1736
1844,2021-11-16 04:50:00,80.964,80.988,80.875,80.904,200
1845,2021-11-16 04:45:00,80.954,81.022,80.865,80.924,7538
1846,2021-11-16 04:40:00,80.969,80.993,80.821,80.899,5544
1847,2021-11-16 04:35:00,80.959,81.012,80.84,80.87,1900
1848,2021-11-16 04:30:00,80.979,81.003,80.855,80.899,3622
1849,2021-11-16 04:25:00,80.92,80.993,80.821,80.87,4772
1850,2021-11-16 04:20:00,80.954,80.978,80.84,80.87,5280
1851,2021-11-16 04:15:00,81.018,81.042,80.894,80.924,1030
1852,2021-11-16 04:10:00,81.038,81.101,80.943,80.973,1806
1853,2021-11-16 04:05:00,80.974,81.052,80.885,80.968,2092
1854,2021-11-16 04:00:00,81.322,82.049,80.84,80.929,11568
1855,2021-11-15 19:55:00,81.234,81.312,81.145,81.189,15180
1856,2021-11-15 19:50:00,81.185,81.268,81.095,81.184,14100
1857,2021-11-15 19:45:00,81.165,81.214,81.066,81.11,1200
1858,2021-11-15 19:40:00,81.155,81.184,81.002,81.091,4480
1859,2021-11-15 19:35:00,81.136,81.16,81.046,81.076,200
1860,2021-11-15 19:30:00,81.052,81.101,80.953,81.017,7060
1861,2021-11-15 19:25:00,81.087,81.116,80.997,81.032,20238
1862,2021-11-15 19:20:00,81.136,81.16,80.997,81.027,1400
1863,2021-11-15 19:15:00,81.219,81.243,81.066,81.096,2400
1864,2021-11-15 19:10:00,81.224,81.263,81.135,81.179,1220
1865,2021-11-15 19:05:00,81.263,81.287,81.174,81.203,200
1866,2021-11-15 19:00:00,81.263,81.322,81.174,81.238,3600
1867,2021-11-15 18:55:00,81.19,81.214,81.1,81.13,430
1868,2021-11-15 18:50:00,81.161,81.189,81.056,81.105,2626
1869,2021-11-15 18:45:00,81.234,81.258,81.051,81.105,13274
1870,2021-11-15 18:40:00,81.249,81.278,81.159,81.194,3642
1871,2021-11-15 18:35:00,81.239,81.263,81.145,81.174,998
1872,2021-11-15 18:30:00,81.19,81.219,81.1,81.135,1874
1873,2021-11-15 18:25:00,81.165,81.189,81.061,81.091,600
1874,2021-11-15 18:20:00,81.18,81.204,81.086,81.115,876
1875,2021-11-15 18:15:00,81.18,81.204,81.046,81.091,2938
1876,2021-11-15 18:10:00,81.322,81.346,81.125,81.154,8420
1877,2021-11-15 18:05:00,81.268,81.346,81.179,81.243,6978
1878,2021-11-15 18:00:00,81.229,81.361,81.14,81.233,38904
1879,2021-11-15 17:55:00,81.229,81.253,81.105,81.169,5600
1880,2021-11-15 17:50:00,81.219,81.243,81.13,81.159,400
1881,2021-11-15 17:45:00,81.195,81.219,81.105,81.135,290
1882,2021-11-15 17:40:00,81.214,81.253,81.125,81.169,1000
1883,2021-11-15 17:30:00,81.214,81.238,81.125,81.154,588
1884,2021-11-15 17:15:00,81.19,81.219,81.1,81.135,1000
1885,2021-11-15 17:10:00,81.249,81.307,81.13,81.223,3820
1886,2021-11-15 17:05:00,81.254,81.278,81.086,81.115,400
1887,2021-11-15 17:00:00,81.288,81.332,81.194,81.248,5866
1888,2021-11-15 16:55:00,81.263,81.313,81.174,81.229,13276
1889,2021-11-15 16:50:00,81.224,81.292,81.13,81.199,14828
1890,2021-11-15 16:45:00,81.254,81.287,81.125,81.159,46000
1891,2021-11-15 16:40:00,81.254,81.302,81.164,81.213,11764
1892,2021-11-15 16:35:00,81.273,81.303,81.174,81.213,18412
1893,2021-11-15 16:30:00,81.263,81.332,81.169,81.218,6700
1894,2021-11-15 16:25:00,81.263,81.292,81.145,81.208,6740
1895,2021-11-15 16:20:00,81.283,81.327,81.145,81.175,8572
1896,2021-11-15 16:15:00,81.283,81.327,81.174,81.214,5654
1897,2021-11-15 16:10:00,81.2,81.361,81.056,81.238,123378
1898,2021-11-15 16:05:00,81.17,81.253,81.022,81.169,29088
1899,2021-11-15 16:00:00,81.19,81.302,81.037,81.179,151138
1900,2021-11-15 15:55:00,80.851,81.253,80.703,81.115,1122694
1901,2021-11-15 15:50:00,80.88,80.963,80.659,80.791,952786
1902,2021-11-15 15:45:00,80.969,80.993,80.678,80.816,593240
1903,2021-11-15 15:40:00,80.964,81.032,80.737,80.911,550720
1904,2021-11-15 15:35:00,81.092,81.116,80.811,80.909,617470
1905,2021-11-15 15:30:00,81.259,81.322,80.953,81.032,640294
1906,2021-11-15 15:25:00,81.165,81.302,81.022,81.203,547128
1907,2021-11-15 15:20:00,81.111,81.273,81.022,81.11,560796
1908,2021-11-15 15:15:00,81.038,81.219,80.88,81.051,570674
1909,2021-11-15 15:10:00,80.895,81.101,80.781,80.973,625110
1910,2021-11-15 15:05:00,80.974,81.037,80.747,80.835,697244
1911,2021-11-15 15:00:00,80.993,81.199,80.845,80.914,957492
1912,2021-11-15 14:55:00,80.792,81.091,80.688,80.934,655882
1913,2021-11-15 14:50:00,80.944,81.061,80.674,80.727,605106
1914,2021-11-15 14:45:00,80.826,81.017,80.698,80.88,634202
1915,2021-11-15 14:40:00,80.495,80.894,80.401,80.767,670390
1916,2021-11-15 14:35:00,80.492,80.546,80.374,80.447,223646
1917,2021-11-15 14:30:00,80.384,80.531,80.188,80.438,314052
1918,2021-11-15 14:25:00,80.36,80.445,80.129,80.32,364958
1919,2021-11-15 14:20:00,80.266,80.413,80.104,80.298,286080
1920,2021-11-15 14:15:00,80.355,80.413,80.158,80.2,271806
1921,2021-11-15 14:10:00,80.35,80.489,80.207,80.291,312516
1922,2021-11-15 14:05:00,80.266,80.403,80.09,80.291,440688
1923,2021-11-15 14:00:00,80.33,80.379,80.104,80.195,545756
1924,2021-11-15 13:55:00,80.446,80.511,80.222,80.266,268382
1925,2021-11-15 13:50:00,80.567,80.629,80.35,80.394,225080
1926,2021-11-15 13:45:00,80.446,80.624,80.34,80.511,263554
1927,2021-11-15 13:40:00,80.443,80.492,80.195,80.389,312426
1928,2021-11-15 13:35:00,80.537,80.56,80.32,80.394,274422
1929,2021-11-15 13:30:00,80.561,80.654,80.428,80.472,285172
1930,2021-11-15 13:25:00,80.605,80.653,80.359,80.492,316522
1931,2021-11-15 13:20:00,80.635,80.723,80.306,80.551,690402
1932,2021-11-15 13:15:00,80.557,80.811,80.43,80.58,590716
1933,2021-11-15 13:10:00,80.625,80.659,80.428,80.492,283902
1934,2021-11-15 13:05:00,80.649,80.673,80.394,80.556,473708
1935,2021-11-15 13:00:00,80.409,80.688,80.198,80.588,408920
1936,2021-11-15 12:55:00,80.414,80.496,80.271,80.354,219474
1937,2021-11-15 12:50:00,80.433,80.555,80.276,80.379,341464
1938,2021-11-15 12:45:00,80.517,80.546,80.281,80.381,327498
1939,2021-11-15 12:40:00,80.345,80.634,80.144,80.453,782090
1940,2021-11-15 12:35:00,80.146,80.366,80.031,80.281,614710
1941,2021-11-15 12:30:00,79.937,80.231,79.83,80.089,816774
1942,2021-11-15 12:25:00,79.873,80.02,79.663,79.869,807990
1943,2021-11-15 12:20:00,80.109,80.167,79.525,79.829,1475944
1944,2021-11-15 12:15:00,80.286,80.388,79.938,80.045,687948
1945,2021-11-15 12:10:00,80.34,80.442,80.104,80.227,558556
1946,2021-11-15 12:05:00,80.512,80.546,80.249,80.286,481998
1947,2021-11-15 12:00:00,80.267,80.546,80.116,80.448,578060
1948,2021-11-15 11:55:00,80.045,80.32,79.952,80.217,867984
1949,2021-11-15 11:50:00,80.094,80.153,79.722,79.976,847742
1950,2021-11-15 11:45:00,79.937,80.251,79.682,80.035,1551712
1951,2021-11-15 11:40:00,80.993,81.066,79.8,79.883,2092980
1952,2021-11-15 11:35:00,81.008,81.307,80.89,80.929,863928
1953,2021-11-15 11:30:00,80.816,81.052,80.678,80.943,614138
1954,2021-11-15 11:25:00,80.939,80.979,80.703,80.752,434076
1955,2021-11-15 11:20:00,80.959,81.012,80.781,80.88,266968
1956,2021-11-15 11:15:00,80.998,81.15,80.786,80.894,731216
1957,2021-11-15 11:10:00,81.067,81.116,80.865,80.941,425916
1958,2021-11-15 11:05:00,80.831,81.091,80.693,81.005,522412
1959,2021-11-15 11:00:00,80.932,81.096,80.728,80.772,614680
1960,2021-11-15 10:55:00,80.983,81.091,80.801,80.875,609866
1961,2021-11-15 10:50:00,80.954,81.128,80.806,80.909,749838
1962,2021-11-15 10:45:00,80.831,81.007,80.654,80.899,717072
1963,2021-11-15 10:40:00,80.776,80.909,80.49,80.772,1171940
1964,2021-11-15 10:35:00,80.934,81.14,80.654,80.708,958374
1965,2021-11-15 10:30:00,80.861,81.003,80.644,80.875,834344
1966,2021-11-15 10:25:00,80.925,81.091,80.703,80.806,945606
1967,2021-11-15 10:20:00,80.816,81.003,80.669,80.86,957732
1968,2021-11-15 10:15:00,81.096,81.14,80.669,80.739,1297100
1969,2021-11-15 10:10:00,81.229,81.332,80.938,81.037,1126866
1970,2021-11-15 10:05:00,81.401,81.548,81.135,81.164,791500
1971,2021-11-15 10:00:00,81.823,81.872,81.243,81.341,841780
1972,2021-11-15 09:55:00,81.602,81.867,81.503,81.753,953576
1973,2021-11-15 09:50:00,81.701,81.735,81.12,81.537,1697002
1974,2021-11-15 09:45:00,81.647,81.926,81.504,81.64,1740256
1975,2021-11-15 09:40:00,82.084,82.187,81.468,81.581,1564592
1976,2021-11-15 09:35:00,81.99,82.201,81.674,82.033,1640880
1977,2021-11-15 09:30:00,81.981,82.108,81.493,81.935,2155524
1978,2021-11-15 09:25:00,82.192,82.275,81.861,81.925,197640
1979,2021-11-15 09:20:00,82.221,82.28,82.116,82.146,29704
1980,2021-11-15 09:15:00,82.241,82.28,82.116,82.161,25898
1981,2021-11-15 09:10:00,82.275,82.3,82.091,82.136,46650
1982,2021-11-15 09:05:00,82.256,82.344,82.165,82.21,45034
1983,2021-11-15 09:00:00,82.251,82.295,82.106,82.195,30082
1984,2021-11-15 08:55:00,82.27,82.309,82.145,82.195,14900
1985,2021-11-15 08:50:00,82.285,82.344,82.155,82.2,57504
1986,2021-11-15 08:45:00,82.437,82.481,82.204,82.239,61292
1987,2021-11-15 08:40:00,82.428,82.506,82.307,82.391,46362
1988,2021-11-15 08:35:00,82.423,82.526,82.327,82.372,32988
1989,2021-11-15 08:30:00,82.437,82.506,82.298,82.337,29130
1990,2021-11-15 08:25:00,82.408,82.535,82.312,82.357,29402
1991,2021-11-15 08:20:00,82.315,82.53,82.219,82.362,37082
1992,2021-11-15 08:15:00,82.211,82.413,82.106,82.259,40856
1993,2021-11-15 08:10:00,81.981,82.275,81.89,82.151,45162
1994,2021-11-15 08:05:00,81.946,81.985,81.822,81.9,12202
1995,2021-11-15 08:00:00,81.765,82.0,81.522,81.915,84910
1996,2021-11-15 07:55:00,81.907,81.936,81.777,81.817,7558
1997,2021-11-15 07:50:00,81.853,81.926,81.763,81.842,6926
1998,2021-11-15 07:45:00,81.823,81.848,81.719,81.753,1400
1999,2021-11-15 07:40:00,81.848,81.872,81.689,81.729,6526
2000,2021-11-15 07:35:00,81.804,81.852,81.689,81.768,10220
2001,2021-11-15 07:30:00,81.779,81.828,81.684,81.724,7770
2002,2021-11-15 07:25:00,81.725,81.779,81.63,81.694,7954
2003,2021-11-15 07:20:00,81.774,81.798,81.625,81.655,20146
2004,2021-11-15 07:15:00,81.784,81.808,81.655,81.714,13142
2005,2021-11-15 07:10:00,81.814,81.838,81.689,81.724,6232
2006,2021-11-15 07:05:00,81.848,81.877,81.719,81.753,9430
2007,2021-11-15 07:00:00,81.897,81.926,81.743,81.792,18988
2008,2021-11-15 06:55:00,81.907,81.946,81.787,81.837,18196
2009,2021-11-15 06:50:00,81.863,81.907,81.773,81.817,3546
2010,2021-11-15 06:45:00,81.868,82.049,81.748,81.842,75898
2011,2021-11-15 06:40:00,81.818,81.857,81.728,81.773,900
2012,2021-11-15 06:35:00,81.789,81.838,81.699,81.753,4918
2013,2021-11-15 06:30:00,81.701,81.867,81.611,81.768,9416
2014,2021-11-15 06:25:00,81.74,81.764,81.645,81.675,1590
2015,2021-11-15 06:20:00,81.779,81.803,81.689,81.719,1704
2016,2021-11-15 06:15:00,81.789,81.828,81.694,81.724,10924
2017,2021-11-15 06:10:00,81.789,81.833,81.699,81.729,2486
2018,2021-11-15 06:05:00,81.799,81.833,81.699,81.729,1958
2019,2021-11-15 06:00:00,81.809,81.843,81.679,81.748,6990
2020,2021-11-15 05:55:00,81.774,81.813,81.67,81.729,1800
2021,2021-11-15 05:50:00,81.764,81.789,81.665,81.704,800
2022,2021-11-15 05:45:00,81.794,81.823,81.674,81.704,1018
2023,2021-11-15 05:40:00,81.877,81.902,81.738,81.768,1058
2024,2021-11-15 05:35:00,81.779,81.941,81.689,81.856,6692
2025,2021-11-15 05:30:00,81.784,81.808,81.689,81.719,1200
2026,2021-11-15 05:25:00,81.848,81.872,81.738,81.773,5324
2027,2021-11-15 05:20:00,81.853,81.877,81.763,81.792,208
2028,2021-11-15 05:15:00,81.814,81.882,81.723,81.792,612
2029,2021-11-15 05:10:00,81.789,81.828,81.674,81.719,3086
2030,2021-11-15 05:05:00,81.73,81.813,81.64,81.724,4120
2031,2021-11-15 05:00:00,81.735,81.803,81.64,81.67,12240
2032,2021-11-15 04:55:00,81.681,81.72,81.591,81.635,4564
2033,2021-11-15 04:50:00,81.661,81.685,81.552,81.581,1700
2034,2021-11-15 04:45:00,81.642,81.685,81.513,81.542,1282
2035,2021-11-15 04:40:00,81.637,81.676,81.547,81.591,1256
2036,2021-11-15 04:35:00,81.602,81.641,81.439,81.498,5308
2037,2021-11-15 04:30:00,81.681,81.705,81.537,81.567,2868
2038,2021-11-15 04:25:00,81.74,81.764,81.571,81.621,5162
2039,2021-11-15 04:20:00,81.691,81.749,81.571,81.65,13516
2040,2021-11-15 04:15:00,81.76,81.784,81.596,81.645,10698
2041,2021-11-15 04:10:00,81.902,81.926,81.655,81.719,9258
2042,2021-11-15 04:05:00,81.907,81.98,81.807,81.861,8382
2043,2021-11-15 04:00:00,81.701,81.965,81.611,81.856,11702
2044,2021-11-12 19:55:00,81.509,81.533,81.346,81.375,9754
2045,2021-11-12 19:50:00,81.529,81.563,81.439,81.469,2442
2046,2021-11-12 19:45:00,81.484,81.509,81.395,81.424,1816
2047,2021-11-12 19:40:00,81.514,81.538,81.419,81.449,1306
2048,2021-11-12 19:35:00,81.534,81.563,81.429,81.459,3580
2049,2021-11-12 19:30:00,81.534,81.563,81.429,81.459,3382
2050,2021-11-12 19:25:00,81.539,81.563,81.444,81.473,1814
2051,2021-11-12 19:15:00,81.534,81.563,81.444,81.478,1700
2052,2021-11-12 19:10:00,81.534,81.558,81.444,81.473,400
2053,2021-11-12 19:00:00,81.519,81.543,81.419,81.449,676
2054,2021-11-12 18:55:00,81.548,81.572,81.459,81.488,200
2055,2021-11-12 18:50:00,81.529,81.553,81.439,81.469,9972
2056,2021-11-12 18:45:00,81.529,81.563,81.439,81.478,600
2057,2021-11-12 18:40:00,81.529,81.553,81.439,81.469,2260
2058,2021-11-12 18:35:00,81.534,81.558,81.439,81.469,3018
2059,2021-11-12 18:30:00,81.534,81.558,81.439,81.473,786
2060,2021-11-12 18:25:00,81.529,81.558,81.439,81.469,15756
2061,2021-11-12 18:20:00,81.504,81.543,81.414,81.459,4196
2062,2021-11-12 18:10:00,81.484,81.509,81.346,81.375,5996
2063,2021-11-12 18:05:00,81.47,81.494,81.37,81.4,400
2064,2021-11-12 18:00:00,81.46,81.484,81.37,81.4,426
2065,2021-11-12 17:55:00,81.484,81.509,81.37,81.4,17274
2066,2021-11-12 17:50:00,81.47,81.499,81.37,81.415,7258
2067,2021-11-12 17:45:00,81.435,81.494,81.346,81.41,7522
2068,2021-11-12 17:40:00,81.435,81.459,81.346,81.375,850
2069,2021-11-12 17:35:00,81.435,81.533,81.346,81.449,1284
2070,2021-11-12 17:30:00,81.435,81.459,81.346,81.375,200
2071,2021-11-12 17:25:00,81.435,81.459,81.346,81.375,5356
2072,2021-11-12 17:20:00,81.435,81.499,81.321,81.395,2000
2073,2021-11-12 17:15:00,81.45,81.513,81.36,81.429,8252
2074,2021-11-12 17:10:00,81.435,81.494,81.331,81.405,3758
2075,2021-11-12 17:05:00,81.416,81.459,81.321,81.375,600
2076,2021-11-12 17:00:00,81.386,81.509,81.248,81.424,20950
2077,2021-11-12 16:55:00,81.426,81.459,81.306,81.361,20758
2078,2021-11-12 16:50:00,81.386,81.45,81.297,81.365,10890
2079,2021-11-12 16:45:00,81.42,81.445,81.282,81.311,3220
2080,2021-11-12 16:40:00,81.42,81.445,81.248,81.361,18508
2081,2021-11-12 16:35:00,81.44,81.499,81.346,81.395,15208
2082,2021-11-12 16:30:00,81.484,81.509,81.341,81.375,68002
2083,2021-11-12 16:25:00,81.48,81.543,81.385,81.439,37162
2084,2021-11-12 16:20:00,81.48,81.513,81.365,81.415,10640
2085,2021-11-12 16:15:00,81.327,81.513,81.238,81.41,48090
2086,2021-11-12 16:10:00,81.421,81.445,81.238,81.272,76004
2087,2021-11-12 16:05:00,81.357,81.44,81.253,81.351,73216
2088,2021-11-12 16:00:00,81.254,81.386,81.159,81.302,327558
2089,2021-11-12 15:55:00,81.2,81.361,81.012,81.189,1059222
2090,2021-11-12 15:50:00,81.101,81.351,81.012,81.14,1217610
2091,2021-11-12 15:45:00,81.273,81.312,81.005,81.039,940854
2092,2021-11-12 15:40:00,81.396,81.459,81.169,81.218,705010
2093,2021-11-12 15:35:00,81.524,81.592,81.277,81.341,744376
2094,2021-11-12 15:30:00,81.332,81.558,81.243,81.469,1078848
2095,2021-11-12 15:25:00,81.249,81.381,81.154,81.277,650292
2096,2021-11-12 15:20:00,81.096,81.287,81.007,81.189,560958
2097,2021-11-12 15:15:00,81.126,81.155,80.958,81.037,366746
2098,2021-11-12 15:10:00,81.052,81.155,80.9,81.066,377026
2099,2021-11-12 15:05:00,80.988,81.098,80.831,80.997,356426
2100,2021-11-12 15:00:00,80.974,81.047,80.811,80.924,382776
2101,2021-11-12 14:55:00,81.003,81.101,80.88,80.915,268964
2102,2021-11-12 14:50:00,81.023,81.113,80.892,80.943,337888
2103,2021-11-12 14:45:00,80.959,81.057,80.865,80.968,202612
2104,2021-11-12 14:40:00,80.979,81.012,80.821,80.894,274260
2105,2021-11-12 14:35:00,80.868,81.01,80.656,80.914,534324
2106,2021-11-12 14:30:00,80.944,81.022,80.767,80.806,394988
2107,2021-11-12 14:25:00,81.101,81.147,80.786,80.87,552986
2108,2021-11-12 14:20:00,81.17,81.204,81.008,81.046,246238
2109,2021-11-12 14:15:00,81.096,81.292,80.992,81.103,494536
2110,2021-11-12 14:10:00,81.04,81.16,80.943,81.028,231806
2111,2021-11-12 14:05:00,81.106,81.16,80.919,80.968,326532
2112,2021-11-12 14:00:00,81.165,81.219,80.992,81.049,430932
2113,2021-11-12 13:55:00,81.106,81.228,81.007,81.101,273754
2114,2021-11-12 13:50:00,81.042,81.13,80.899,81.046,225386
2115,2021-11-12 13:45:00,81.19,81.219,80.914,80.988,298650
2116,2021-11-12 13:40:00,81.2,81.234,81.071,81.125,251624
2117,2021-11-12 13:35:00,81.244,81.268,81.066,81.14,239094
2118,2021-11-12 13:30:00,81.038,81.307,80.948,81.179,534238
2119,2021-11-12 13:25:00,81.018,81.101,80.85,80.978,398404
2120,2021-11-12 13:20:00,80.964,81.052,80.835,80.963,337330
2121,2021-11-12 13:15:00,80.885,80.998,80.752,80.914,365628
2122,2021-11-12 13:10:00,80.831,81.012,80.713,80.835,379580
2123,2021-11-12 13:05:00,80.846,80.919,80.629,80.774,413510
2124,2021-11-12 13:00:00,80.988,81.042,80.664,80.785,813024
2125,2021-11-12 12:55:00,81.092,81.184,80.816,80.919,450482
2126,2021-11-12 12:50:00,81.047,81.125,80.811,81.034,508836
2127,2021-11-12 12:45:00,81.173,81.248,80.924,80.978,336974
2128,2021-11-12 12:40:00,81.249,81.302,81.081,81.11,318688
2129,2021-11-12 12:35:00,81.19,81.314,81.066,81.191,351642
2130,2021-11-12 12:30:00,81.205,81.268,81.066,81.127,288250
2131,2021-11-12 12:25:00,81.214,81.27,81.012,81.14,336606
2132,2021-11-12 12:20:00,81.243,81.342,81.095,81.154,395078
2133,2021-11-12 12:15:00,81.239,81.292,81.051,81.179,467836
2134,2021-11-12 12:10:00,81.082,81.278,80.978,81.179,483080
2135,2021-11-12 12:05:00,81.146,81.243,80.968,81.022,440618
2136,2021-11-12 12:00:00,81.239,81.376,80.997,81.086,629334
2137,2021-11-12 11:55:00,81.317,81.366,81.12,81.155,478708
2138,2021-11-12 11:50:00,80.993,81.361,80.865,81.262,953552
2139,2021-11-12 11:45:00,81.072,81.101,80.762,80.938,686680
2140,2021-11-12 11:40:00,80.998,81.16,80.909,81.012,469398
2141,2021-11-12 11:35:00,81.17,81.219,80.889,80.934,699114
2142,2021-11-12 11:30:00,81.101,81.209,80.904,81.11,963288
2143,2021-11-12 11:25:00,81.096,81.224,80.889,81.037,1327526
2144,2021-11-12 11:20:00,81.057,81.164,80.855,81.032,1657524
2145,2021-11-12 11:15:00,80.502,81.091,80.414,80.997,1572606
2146,2021-11-12 11:10:00,80.576,80.609,80.227,80.453,629668
2147,2021-11-12 11:05:00,80.34,80.605,80.163,80.521,920570
2148,2021-11-12 11:00:00,80.026,80.428,79.859,80.281,1231526
2149,2021-11-12 10:55:00,79.805,80.098,79.653,79.967,733850
2150,2021-11-12 10:50:00,79.702,79.902,79.555,79.741,714518
2151,2021-11-12 10:45:00,79.436,79.801,79.315,79.648,884008
2152,2021-11-12 10:40:00,79.323,79.504,79.221,79.392,616774
2153,2021-11-12 10:35:00,79.107,79.487,79.01,79.255,1096918
2154,2021-11-12 10:30:00,79.348,79.435,78.996,79.054,779804
2155,2021-11-12 10:25:00,79.426,79.47,79.133,79.284,644584
2156,2021-11-12 10:20:00,79.426,79.533,79.158,79.354,940590
2157,2021-11-12 10:15:00,79.112,79.45,78.937,79.363,800954
2158,2021-11-12 10:10:00,79.177,79.273,78.961,79.049,702164
2159,2021-11-12 10:05:00,79.132,79.298,78.863,79.108,860674
2160,2021-11-12 10:00:00,78.754,79.234,78.647,79.088,1856966
2161,2021-11-12 09:55:00,78.857,79.101,78.652,78.71,1216830
2162,2021-11-12 09:50:00,78.557,78.919,78.451,78.794,953296
2163,2021-11-12 09:45:00,78.808,78.934,78.377,78.504,1479068
2164,2021-11-12 09:40:00,78.606,78.88,78.456,78.745,1595924
2165,2021-11-12 09:35:00,79.274,79.317,78.485,78.539,1432266
2166,2021-11-12 09:30:00,79.476,79.607,79.069,79.206,1094478
2167,2021-11-12 09:25:00,79.593,79.637,79.383,79.417,67448
2168,2021-11-12 09:20:00,79.721,79.745,79.481,79.51,37244
2169,2021-11-12 09:15:00,79.716,79.774,79.614,79.672,16516
2170,2021-11-12 09:10:00,79.672,79.769,79.57,79.662,42608
2171,2021-11-12 09:05:00,79.559,79.701,79.452,79.618,67260
2172,2021-11-12 09:00:00,79.402,79.592,79.315,79.51,32206
2173,2021-11-12 08:55:00,79.446,79.499,79.31,79.348,10344
2174,2021-11-12 08:50:00,79.446,79.489,79.324,79.383,24052
2175,2021-11-12 08:45:00,79.422,79.499,79.315,79.402,48750
2176,2021-11-12 08:40:00,79.353,79.445,79.251,79.338,14418
2177,2021-11-12 08:35:00,79.392,79.435,79.241,79.275,10902
2178,2021-11-12 08:30:00,79.422,79.445,79.285,79.338,6846
2179,2021-11-12 08:25:00,79.309,79.45,79.221,79.353,20362
2180,2021-11-12 08:20:00,79.275,79.342,79.177,79.26,49480
2181,2021-11-12 08:15:00,79.314,79.342,79.182,79.216,32690
2182,2021-11-12 08:10:00,79.304,79.332,79.182,79.226,21600
2183,2021-11-12 08:05:00,79.196,79.332,79.104,79.25,34208
2184,2021-11-12 08:00:00,79.245,79.469,78.991,79.137,101810
2185,2021-11-12 07:55:00,79.274,79.312,79.138,79.167,9228
2186,2021-11-12 07:50:00,79.377,79.401,79.192,79.23,11968
2187,2021-11-12 07:45:00,79.397,79.42,79.295,79.324,3018
2188,2021-11-12 07:40:00,79.358,79.43,79.261,79.334,9702
2189,2021-11-12 07:35:00,79.323,79.396,79.231,79.314,7600
2190,2021-11-12 07:30:00,79.372,79.396,79.211,79.275,3420
2191,2021-11-12 07:25:00,79.358,79.381,79.256,79.284,2900
2192,2021-11-12 07:20:00,79.353,79.376,79.246,79.28,3292
2193,2021-11-12 07:15:00,79.368,79.391,79.251,79.28,4900
2194,2021-11-12 07:10:00,79.387,79.411,79.265,79.309,8604
2195,2021-11-12 07:05:00,79.422,79.465,79.275,79.383,4002
2196,2021-11-12 07:00:00,79.387,79.47,79.3,79.353,4628
2197,2021-11-12 06:55:00,79.372,79.45,79.285,79.363,5846
2198,2021-11-12 06:50:00,79.387,79.411,79.265,79.304,3100
2199,2021-11-12 06:45:00,79.372,79.396,79.285,79.314,300
2200,2021-11-12 06:40:00,79.466,79.489,79.27,79.299,19664
2201,2021-11-12 06:35:00,79.372,79.499,79.285,79.417,3516
2202,2021-11-12 06:30:00,79.279,79.352,79.192,79.26,2952
2203,2021-11-12 06:25:00,79.269,79.298,79.172,79.206,2800
2204,2021-11-12 06:20:00,79.274,79.327,79.187,79.245,472
2205,2021-11-12 06:15:00,79.225,79.253,79.138,79.172,2000
2206,2021-11-12 06:10:00,79.269,79.293,79.182,79.211,400
2207,2021-11-12 06:05:00,79.186,79.209,79.099,79.127,200
2208,2021-11-12 06:00:00,79.284,79.322,79.167,79.221,2076
2209,2021-11-12 05:55:00,79.382,79.406,79.29,79.319,400
2210,2021-11-12 05:50:00,79.274,79.425,79.187,79.343,1652
2211,2021-11-12 05:45:00,79.201,79.224,79.089,79.118,2500
2212,2021-11-12 05:40:00,79.161,79.194,79.074,79.113,10300
2213,2021-11-12 05:35:00,79.132,79.175,79.04,79.083,11008
2214,2021-11-12 05:30:00,79.156,79.18,79.054,79.083,2200
2215,2021-11-12 05:25:00,79.137,79.16,79.05,79.078,200
2216,2021-11-12 05:15:00,79.097,79.155,78.986,79.034,1604
2217,2021-11-12 05:10:00,79.21,79.234,78.996,79.024,5148
2218,2021-11-12 05:05:00,79.186,79.209,79.099,79.127,200
2219,2021-11-12 05:00:00,79.088,79.239,79.001,79.152,800
2220,2021-11-12 04:55:00,79.215,79.239,79.02,79.049,3600
2221,2021-11-12 04:50:00,79.171,79.229,79.084,79.147,2950
2222,2021-11-12 04:45:00,79.161,79.209,79.074,79.127,2398
2223,2021-11-12 04:40:00,79.112,79.209,79.025,79.127,4660
2224,2021-11-12 04:35:00,79.107,79.15,79.02,79.064,1608
2225,2021-11-12 04:30:00,79.004,79.136,78.917,79.054,2650
2226,2021-11-12 04:25:00,79.196,79.219,78.991,79.019,3804
2227,2021-11-12 04:20:00,79.176,79.224,79.089,79.142,946
2228,2021-11-12 04:15:00,79.269,79.293,79.03,79.059,2850
2229,2021-11-12 04:10:00,79.323,79.347,79.182,79.211,1358
2230,2021-11-12 04:05:00,79.397,79.42,79.246,79.284,4336
2231,2021-11-12 04:00:00,79.466,79.529,79.305,79.353,11384
2232,2021-11-11 19:55:00,79.628,79.651,79.486,79.515,10394
2233,2021-11-11 19:50:00,79.711,79.735,79.525,79.554,6888
2234,2021-11-11 19:45:00,79.77,79.818,79.629,79.672,23282
2235,2021-11-11 19:40:00,79.692,79.804,79.584,79.711,25654
2236,2021-11-11 19:35:00,79.589,79.715,79.501,79.633,13318
2237,2021-11-11 19:30:00,79.579,79.642,79.491,79.535,12100
2238,2021-11-11 19:25:00,79.579,79.602,79.476,79.52,10588
2239,2021-11-11 19:20:00,79.544,79.612,79.442,79.51,16282
2240,2021-11-11 19:15:00,79.535,79.592,79.447,79.5,6500
2241,2021-11-11 19:10:00,79.525,79.563,79.432,79.476,4000
2242,2021-11-11 19:05:00,79.51,79.666,79.422,79.491,29800
2243,2021-11-11 19:00:00,79.382,79.592,79.295,79.461,26848
2244,2021-11-11 18:55:00,79.25,79.396,79.162,79.314,7130
2245,2021-11-11 18:50:00,79.274,79.347,79.187,79.22,16788
2246,2021-11-11 18:45:00,79.166,79.278,79.064,79.196,3400
2247,2021-11-11 18:35:00,79.191,79.219,79.089,79.127,4494
2248,2021-11-11 18:30:00,79.181,79.224,79.054,79.093,7946
2249,2021-11-11 18:25:00,79.107,79.194,79.02,79.113,6342
2250,2021-11-11 18:20:00,79.078,79.126,78.981,79.044,28000
2251,2021-11-11 18:15:00,79.034,79.101,78.947,79.019,28084
2252,2021-11-11 18:10:00,79.048,79.071,78.951,78.98,460
2253,2021-11-11 18:05:00,79.034,79.057,78.942,78.97,874
2254,2021-11-11 18:00:00,79.053,79.091,78.942,79.01,5928
2255,2021-11-11 17:55:00,79.053,79.077,78.966,78.995,1422
2256,2021-11-11 17:50:00,79.053,79.077,78.966,78.995,232
2257,2021-11-11 17:40:00,78.989,79.052,78.863,78.892,630
2258,2021-11-11 17:35:00,79.029,79.052,78.917,78.946,1726
2259,2021-11-11 17:30:00,79.053,79.077,78.966,78.995,1200
2260,2021-11-11 17:20:00,79.034,79.086,78.947,79.005,632
2261,2021-11-11 17:15:00,79.004,79.101,78.912,79.015,6254
2262,2021-11-11 17:10:00,78.95,78.973,78.863,78.892,560
2263,2021-11-11 17:05:00,78.994,79.027,78.873,78.946,2382
2264,2021-11-11 17:00:00,78.96,78.983,78.873,78.902,644
2265,2021-11-11 16:55:00,78.965,78.998,78.873,78.916,1332
2266,2021-11-11 16:50:00,78.97,78.993,78.868,78.902,1152
2267,2021-11-11 16:45:00,78.93,79.003,78.844,78.916,11958
2268,2021-11-11 16:40:00,78.93,78.954,78.829,78.862,10630
2269,2021-11-11 16:35:00,78.891,78.944,78.794,78.862,4734
2270,2021-11-11 16:30:00,78.906,78.929,78.775,78.803,1504
2271,2021-11-11 16:25:00,78.901,78.939,78.809,78.857,6696
2272,2021-11-11 16:20:00,78.926,78.954,78.823,78.867,3232
2273,2021-11-11 16:15:00,78.921,78.954,78.814,78.872,6270
2274,2021-11-11 16:10:00,78.881,79.003,78.765,78.921,13036
2275,2021-11-11 16:05:00,78.896,78.929,78.794,78.823,3534
2276,2021-11-11 16:00:00,78.759,78.973,78.652,78.882,131928
2277,2021-11-11 15:55:00,78.754,78.851,78.61,78.72,648698
2278,2021-11-11 15:50:00,78.822,78.978,78.613,78.705,845872
2279,2021-11-11 15:45:00,78.867,79.116,78.682,78.769,949670
2280,2021-11-11 15:40:00,78.827,78.959,78.726,78.813,471476
2281,2021-11-11 15:35:00,78.817,78.917,78.657,78.774,384226
2282,2021-11-11 15:30:00,78.862,78.949,78.628,78.752,434002
2283,2021-11-11 15:25:00,78.813,78.963,78.638,78.803,420802
2284,2021-11-11 15:20:00,78.832,78.86,78.613,78.759,463918
2285,2021-11-11 15:15:00,78.66,78.9,78.534,78.794,544176
2286,2021-11-11 15:10:00,78.857,78.907,78.451,78.6,1050540
2287,2021-11-11 15:05:00,78.896,78.993,78.74,78.786,385984
2288,2021-11-11 15:00:00,78.989,79.126,78.732,78.853,671992
2289,2021-11-11 14:55:00,79.034,79.111,78.858,78.941,370040
2290,2021-11-11 14:50:00,79.274,79.312,78.878,78.975,581042
2291,2021-11-11 14:45:00,79.407,79.435,79.172,79.211,362356
2292,2021-11-11 14:40:00,79.476,79.592,79.275,79.343,565590
2293,2021-11-11 14:35:00,79.382,79.563,79.29,79.422,378478
2294,2021-11-11 14:30:00,79.274,79.475,79.182,79.329,343322
2295,2021-11-11 14:25:00,79.245,79.322,79.148,79.216,158574
2296,2021-11-11 14:20:00,79.357,79.381,79.148,79.181,199836
2297,2021-11-11 14:15:00,79.397,79.43,79.211,79.289,193772
2298,2021-11-11 14:10:00,79.436,79.47,79.28,79.329,302092
2299,2021-11-11 14:05:00,79.358,79.465,79.148,79.377,387478
2300,2021-11-11 14:00:00,79.196,79.391,79.05,79.309,654396
2301,2021-11-11 13:55:00,79.22,79.261,79.025,79.144,174284
2302,2021-11-11 13:50:00,79.201,79.298,79.052,79.162,333230
2303,2021-11-11 13:45:00,79.061,79.259,78.966,79.137,415712
2304,2021-11-11 13:40:00,79.063,79.101,78.799,79.002,287070
2305,2021-11-11 13:35:00,79.034,79.15,78.947,79.015,171196
2306,2021-11-11 13:30:00,79.063,79.16,78.922,78.988,276284
2307,2021-11-11 13:25:00,78.945,79.116,78.706,79.015,622084
2308,2021-11-11 13:20:00,79.023,79.19,78.848,78.892,470920
2309,2021-11-11 13:15:00,79.009,79.106,78.888,78.965,243316
2310,2021-11-11 13:10:00,78.94,79.077,78.834,78.956,291792
2311,2021-11-11 13:05:00,79.088,79.165,78.834,78.882,400832
2312,2021-11-11 13:00:00,79.191,79.224,78.917,79.034,510102
2313,2021-11-11 12:55:00,79.235,79.362,79.094,79.132,353390
2314,2021-11-11 12:50:00,79.264,79.303,79.035,79.176,228032
2315,2021-11-11 12:45:00,79.348,79.396,79.145,79.228,285244
2316,2021-11-11 12:40:00,79.314,79.416,79.128,79.284,382472
2317,2021-11-11 12:35:00,79.137,79.401,79.04,79.26,720658
2318,2021-11-11 12:30:00,78.999,79.172,78.848,79.073,636174
2319,2021-11-11 12:25:00,78.984,79.052,78.785,78.956,457042
2320,2021-11-11 12:20:00,78.921,79.116,78.753,78.916,849216
2321,2021-11-11 12:15:00,79.068,79.165,78.677,78.848,1027622
2322,2021-11-11 12:10:00,79.102,79.214,78.951,79.01,567128
2323,2021-11-11 12:05:00,79.215,79.347,78.966,79.044,657128
2324,2021-11-11 12:00:00,79.51,79.597,79.089,79.142,739736
2325,2021-11-11 11:55:00,79.593,79.676,79.418,79.451,310880
2326,2021-11-11 11:50:00,79.667,79.715,79.496,79.525,348310
2327,2021-11-11 11:45:00,79.687,79.735,79.472,79.608,460244
2328,2021-11-11 11:40:00,79.795,79.838,79.575,79.611,367886
2329,2021-11-11 11:35:00,79.481,79.843,79.373,79.736,1001476
2330,2021-11-11 11:30:00,79.471,79.563,79.324,79.417,467230
2331,2021-11-11 11:25:00,79.51,79.607,79.339,79.413,523102
2332,2021-11-11 11:20:00,79.431,79.548,79.28,79.461,325950
2333,2021-11-11 11:15:00,79.343,79.514,79.221,79.368,451830
2334,2021-11-11 11:10:00,79.363,79.425,79.104,79.284,525762
2335,2021-11-11 11:05:00,79.539,79.583,79.251,79.289,434994
2336,2021-11-11 11:00:00,79.52,79.691,79.368,79.481,471280
2337,2021-11-11 10:55:00,79.603,79.703,79.403,79.461,531446
2338,2021-11-11 10:50:00,79.623,79.789,79.467,79.554,690344
2339,2021-11-11 10:45:00,79.677,79.769,79.368,79.569,648406
2340,2021-11-11 10:40:00,79.314,79.809,79.202,79.628,1068950
2341,2021-11-11 10:35:00,79.117,79.381,79.005,79.275,664712
2342,2021-11-11 10:30:00,79.137,79.303,78.893,79.064,896964
2343,2021-11-11 10:25:00,79.294,79.42,79.045,79.088,616686
2344,2021-11-11 10:20:00,79.392,79.465,79.099,79.241,740234
2345,2021-11-11 10:15:00,79.485,79.533,78.937,79.343,1250914
2346,2021-11-11 10:10:00,79.348,79.553,79.177,79.422,995718
2347,2021-11-11 10:05:00,79.392,79.597,79.131,79.284,1203216
2348,2021-11-11 10:00:00,79.805,79.912,79.197,79.334,1400866
2349,2021-11-11 09:55:00,79.969,80.015,79.555,79.748,1007668
2350,2021-11-11 09:50:00,79.481,80.01,79.3,79.913,1335776
2351,2021-11-11 09:45:00,79.387,79.588,79.192,79.442,1197446
2352,2021-11-11 09:40:00,79.328,79.592,79.123,79.334,1089604
2353,2021-11-11 09:35:00,79.726,79.995,79.177,79.265,1143250
2354,2021-11-11 09:30:00,79.932,80.079,79.439,79.667,1903048
2355,2021-11-11 09:25:00,79.873,79.956,79.702,79.854,49974
2356,2021-11-11 09:20:00,79.829,79.872,79.702,79.785,30330
2357,2021-11-11 09:15:00,79.957,79.981,79.736,79.765,37844
2358,2021-11-11 09:10:00,79.977,80.01,79.85,79.908,20052
2359,2021-11-11 09:05:00,79.972,80.01,79.844,79.918,52678
2360,2021-11-11 09:00:00,80.021,80.074,79.859,79.913,40964
2361,2021-11-11 08:55:00,79.923,80.055,79.805,79.952,33456
2362,2021-11-11 08:50:00,80.016,80.044,79.835,79.878,32758
2363,2021-11-11 08:45:00,80.065,80.094,79.884,79.962,87944
2364,2021-11-11 08:40:00,79.966,80.113,79.864,80.03,83220
2365,2021-11-11 08:35:00,79.859,79.99,79.761,79.908,24818
2366,2021-11-11 08:30:00,79.864,79.936,79.717,79.795,67346
2367,2021-11-11 08:25:00,79.78,79.887,79.687,79.795,46178
2368,2021-11-11 08:20:00,79.76,79.887,79.653,79.751,66492
2369,2021-11-11 08:15:00,79.687,79.794,79.599,79.702,56378
2370,2021-11-11 08:10:00,79.662,79.745,79.575,79.613,22322
2371,2021-11-11 08:05:00,79.643,79.73,79.555,79.603,16558
2372,2021-11-11 08:00:00,79.692,79.789,78.745,79.564,141494
2373,2021-11-11 07:55:00,79.682,79.784,79.555,79.648,6370
2374,2021-11-11 07:50:00,79.613,79.784,79.525,79.608,53714
2375,2021-11-11 07:45:00,79.559,79.627,79.452,79.545,30476
2376,2021-11-11 07:40:00,79.544,79.578,79.407,79.495,21504
2377,2021-11-11 07:35:00,79.549,79.622,79.437,79.466,7578
2378,2021-11-11 07:30:00,79.628,79.666,79.427,79.456,10426
2379,2021-11-11 07:25:00,79.589,79.646,79.501,79.564,5778
2380,2021-11-11 07:20:00,79.589,79.642,79.491,79.525,5932
2381,2021-11-11 07:15:00,79.579,79.627,79.452,79.51,14356
2382,2021-11-11 07:10:00,79.682,79.73,79.457,79.52,26876
2383,2021-11-11 07:05:00,79.662,79.789,79.575,79.643,19154
2384,2021-11-11 07:00:00,79.662,79.715,79.496,79.599,17264
2385,2021-11-11 06:55:00,79.706,79.74,79.55,79.603,21424
2386,2021-11-11 06:50:00,79.628,79.701,79.54,79.618,1694
2387,2021-11-11 06:45:00,79.593,79.617,79.506,79.535,2650
2388,2021-11-11 06:40:00,79.613,79.646,79.525,79.559,5600
2389,2021-11-11 06:35:00,79.623,79.646,79.427,79.53,1000
2390,2021-11-11 06:30:00,79.618,79.642,79.53,79.559,300
2391,2021-11-11 06:25:00,79.51,79.588,79.408,79.505,1398
2392,2021-11-11 06:20:00,79.505,79.568,79.418,79.466,1946
2393,2021-11-11 06:15:00,79.5,79.548,79.408,79.466,1900
2394,2021-11-11 06:10:00,79.569,79.592,79.408,79.442,3700
2395,2021-11-11 06:05:00,79.628,79.661,79.54,79.574,1980
2396,2021-11-11 06:00:00,79.481,79.504,79.373,79.422,1198
2397,2021-11-11 05:55:00,79.525,79.548,79.437,79.466,312
2398,2021-11-11 05:50:00,79.431,79.538,79.344,79.456,3580
2399,2021-11-11 05:45:00,79.407,79.499,79.319,79.417,1602
2400,2021-11-11 05:40:00,79.289,79.455,79.202,79.363,3452
2401,2021-11-11 05:35:00,79.5,79.524,79.187,79.216,4434
2402,2021-11-11 05:30:00,79.589,79.612,79.383,79.442,6650
2403,2021-11-11 05:25:00,79.584,79.607,79.462,79.491,6684
2404,2021-11-11 05:20:00,79.652,79.676,79.521,79.569,3052
2405,2021-11-11 05:15:00,79.706,79.73,79.56,79.599,5098
2406,2021-11-11 05:10:00,79.765,79.814,79.599,79.628,11408
2407,2021-11-11 05:05:00,79.662,79.799,79.506,79.687,10802
2408,2021-11-11 05:00:00,79.648,79.671,79.516,79.564,4258
2409,2021-11-11 04:55:00,79.613,79.637,79.457,79.554,3706
2410,2021-11-11 04:50:00,79.564,79.725,79.476,79.564,9438
2411,2021-11-11 04:45:00,79.608,79.656,79.447,79.481,2394
2412,2021-11-11 04:40:00,79.643,79.671,79.486,79.54,9138
2413,2021-11-11 04:35:00,79.603,79.701,79.496,79.535,4456
2414,2021-11-11 04:30:00,79.549,79.617,79.447,79.535,4374
2415,2021-11-11 04:25:00,79.343,79.563,79.226,79.456,6324
2416,2021-11-11 04:20:00,79.294,79.43,79.192,79.299,9684
2417,2021-11-11 04:15:00,79.274,79.337,79.118,79.255,19122
2418,2021-11-11 04:10:00,78.989,79.298,78.858,79.216,10674
2419,2021-11-11 04:05:00,79.063,79.18,78.844,78.956,10314
2420,2021-11-11 04:00:00,78.847,79.081,78.711,78.97,36880
2421,2021-11-10 19:55:00,78.685,78.767,78.598,78.651,45958
2422,2021-11-10 19:50:00,78.675,78.698,78.549,78.617,8970
2423,2021-11-10 19:45:00,78.65,78.703,78.505,78.597,9488
2424,2021-11-10 19:40:00,78.793,78.831,78.583,78.612,13576
2425,2021-11-10 19:35:00,78.739,78.816,78.628,78.676,15792
2426,2021-11-10 19:30:00,78.695,78.816,78.598,78.691,12702
2427,2021-11-10 19:25:00,78.709,78.792,78.613,78.641,43522
2428,2021-11-10 19:20:00,78.592,78.728,78.505,78.641,44322
2429,2021-11-10 19:15:00,78.621,78.644,78.49,78.529,98740
2430,2021-11-10 19:10:00,78.434,78.644,78.348,78.534,19546
2431,2021-11-10 19:05:00,78.321,78.443,78.23,78.357,31700
2432,2021-11-10 19:00:00,78.326,78.413,78.181,78.21,37102
2433,2021-11-10 18:55:00,78.159,78.325,78.059,78.244,12572
2434,2021-11-10 18:50:00,78.105,78.182,78.009,78.077,16872
2435,2021-11-10 18:45:00,78.11,78.177,78.0,78.072,60136
2436,2021-11-10 18:40:00,78.189,78.246,78.044,78.087,10482
2437,2021-11-10 18:35:00,78.179,78.202,78.034,78.111,82094
2438,2021-11-10 18:30:00,78.243,78.3,78.108,78.136,19260
2439,2021-11-10 18:25:00,78.272,78.295,78.073,78.102,3610
2440,2021-11-10 18:20:00,78.292,78.374,78.201,78.229,8064
2441,2021-11-10 18:15:00,78.184,78.281,78.083,78.2,5430
2442,2021-11-10 18:10:00,78.199,78.232,78.073,78.151,14940
2443,2021-11-10 18:05:00,78.326,78.359,78.083,78.126,16738
2444,2021-11-10 18:00:00,78.272,78.369,78.181,78.234,12592
2445,2021-11-10 17:55:00,78.277,78.31,78.181,78.21,2226
2446,2021-11-10 17:45:00,78.248,78.315,78.162,78.234,1172
2447,2021-11-10 17:40:00,78.292,78.315,78.206,78.234,200
2448,2021-11-10 17:35:00,78.292,78.315,78.201,78.234,1792
2449,2021-11-10 17:30:00,78.326,78.349,78.211,78.239,1126
2450,2021-11-10 17:25:00,78.331,78.359,78.157,78.185,17850
2451,2021-11-10 17:20:00,78.307,78.354,78.22,78.264,1800
2452,2021-11-10 17:15:00,78.272,78.335,78.186,78.249,1138
2453,2021-11-10 17:10:00,78.267,78.34,78.157,78.259,1900
2454,2021-11-10 17:05:00,78.267,78.29,78.132,78.205,3874
2455,2021-11-10 17:00:00,78.253,78.315,78.117,78.185,4222
2456,2021-11-10 16:55:00,78.248,78.276,78.127,78.161,22968
2457,2021-11-10 16:50:00,78.223,78.276,78.137,78.175,24486
2458,2021-11-10 16:45:00,78.159,78.232,78.068,78.151,22980
2459,2021-11-10 16:40:00,78.199,78.227,78.078,78.107,12542
2460,2021-11-10 16:35:00,78.159,78.217,78.073,78.126,8662
2461,2021-11-10 16:30:00,78.13,78.197,78.034,78.097,18716
2462,2021-11-10 16:25:00,78.206,78.232,78.039,78.077,34188
2463,2021-11-10 16:20:00,78.076,78.246,77.98,78.136,25376
2464,2021-11-10 16:15:00,78.091,78.123,77.941,77.974,60816
2465,2021-11-10 16:10:00,77.924,78.119,77.808,78.038,36002
2466,2021-11-10 16:05:00,77.874,78.001,77.789,77.881,29444
2467,2021-11-10 16:00:00,78.105,78.168,77.74,77.797,281014
2468,2021-11-10 15:55:00,78.336,78.477,77.955,78.048,1412164
2469,2021-11-10 15:50:00,77.884,78.575,77.798,78.265,1573664
2470,2021-11-10 15:45:00,77.663,78.074,77.57,77.817,895514
2471,2021-11-10 15:40:00,77.884,78.123,77.558,77.601,950406
2472,2021-11-10 15:35:00,78.032,78.128,77.641,77.826,930792
2473,2021-11-10 15:30:00,78.12,78.308,77.897,77.979,886048
2474,2021-11-10 15:25:00,77.982,78.295,77.887,78.062,964006
2475,2021-11-10 15:20:00,78.066,78.251,77.823,77.91,960546
2476,2021-11-10 15:15:00,77.835,78.114,77.7,78.013,733146
2477,2021-11-10 15:10:00,77.722,77.995,77.592,77.773,941064
2478,2021-11-10 15:05:00,77.349,77.863,77.087,77.655,1174408
2479,2021-11-10 15:00:00,77.285,77.573,77.18,77.282,783800
2480,2021-11-10 14:55:00,77.575,77.647,77.161,77.233,853136
2481,2021-11-10 14:50:00,77.545,77.814,77.303,77.518,1379402
2482,2021-11-10 14:45:00,76.99,77.686,76.783,77.495,2073172
2483,2021-11-10 14:40:00,77.28,77.499,76.847,76.933,1634554
2484,2021-11-10 14:35:00,77.644,77.868,77.161,77.228,1298690
2485,2021-11-10 14:30:00,77.477,77.838,77.391,77.581,1263304
2486,2021-11-10 14:25:00,77.855,78.005,77.372,77.414,1499272
2487,2021-11-10 14:20:00,78.258,78.493,77.725,77.794,1455618
2488,2021-11-10 14:15:00,78.449,78.644,78.166,78.202,1061966
2489,2021-11-10 14:10:00,78.832,78.855,78.324,78.376,696590
2490,2021-11-10 14:05:00,78.464,78.895,78.289,78.779,1129116
2491,2021-11-10 14:00:00,78.719,78.821,78.328,78.428,1368832
2492,2021-11-10 13:55:00,78.631,78.929,78.436,78.671,1009862
2493,2021-11-10 13:50:00,78.842,78.905,78.441,78.588,1432054
2494,2021-11-10 13:45:00,79.142,79.278,78.692,78.806,1010198
2495,2021-11-10 13:40:00,79.102,79.253,78.956,79.083,505590
2496,2021-11-10 13:35:00,79.51,79.543,78.976,79.034,855268
2497,2021-11-10 13:30:00,79.22,79.582,79.074,79.442,661212
2498,2021-11-10 13:25:00,79.043,79.45,78.888,79.176,1223068
2499,2021-11-10 13:20:00,79.161,79.239,78.748,78.984,826764
2500,2021-11-10 13:15:00,79.117,79.278,78.765,79.098,1124018
2501,2021-11-10 13:10:00,79.436,79.681,78.981,79.044,934376
2502,2021-11-10 13:05:00,79.643,79.666,79.079,79.373,2072540
2503,2021-11-10 13:00:00,80.335,80.442,79.56,79.589,1385138
2504,2021-11-10 12:55:00,80.188,80.413,80.1,80.291,427856
2505,2021-11-10 12:50:00,80.134,80.29,80.026,80.119,509544
2506,2021-11-10 12:45:00,80.026,80.157,79.82,80.075,688964
2507,2021-11-10 12:40:00,80.325,80.364,79.81,79.952,693908
2508,2021-11-10 12:35:00,80.37,80.484,80.198,80.266,407216
2509,2021-11-10 12:30:00,80.291,80.482,80.173,80.315,453944
2510,2021-11-10 12:25:00,80.419,80.487,80.178,80.217,462604
2511,2021-11-10 12:20:00,80.483,80.6,80.237,80.359,524762
2512,2021-11-10 12:15:00,80.595,80.629,80.325,80.408,398740
2513,2021-11-10 12:10:00,80.718,80.806,80.379,80.531,425434
2514,2021-11-10 12:05:00,80.694,80.781,80.472,80.659,252964
2515,2021-11-10 12:00:00,80.733,80.89,80.571,80.619,450116
2516,2021-11-10 11:55:00,80.699,80.894,80.571,80.678,483526
2517,2021-11-10 11:50:00,80.598,80.799,80.444,80.644,605150
2518,2021-11-10 11:45:00,80.173,80.639,80.07,80.525,724986
2519,2021-11-10 11:40:00,80.497,80.6,80.055,80.119,728886
2520,2021-11-10 11:35:00,80.654,80.762,80.404,80.433,582754
2521,2021-11-10 11:30:00,80.674,80.801,80.325,80.59,853398
2522,2021-11-10 11:25:00,81.077,81.184,80.517,80.61,696190
2523,2021-11-10 11:20:00,81.126,81.204,80.875,81.027,433584
2524,2021-11-10 11:15:00,81.126,81.258,80.992,81.037,365562
2525,2021-11-10 11:10:00,81.209,81.381,80.997,81.071,610178
2526,2021-11-10 11:05:00,81.185,81.356,80.919,81.14,568096
2527,2021-11-10 11:00:00,80.9,81.359,80.811,81.11,856578
2528,2021-11-10 10:55:00,81.146,81.176,80.796,80.826,614986
2529,2021-11-10 10:50:00,81.008,81.312,80.84,81.072,688928
2530,2021-11-10 10:45:00,80.886,81.201,80.791,80.963,640100
2531,2021-11-10 10:40:00,81.18,81.265,80.796,80.84,689202
2532,2021-11-10 10:35:00,81.067,81.248,80.816,81.115,831516
2533,2021-11-10 10:30:00,81.15,81.479,80.885,81.022,1012254
2534,2021-11-10 10:25:00,81.131,81.42,80.968,81.086,947634
2535,2021-11-10 10:20:00,81.46,81.695,81.022,81.059,1151642
2536,2021-11-10 10:15:00,81.514,81.754,81.272,81.41,1092354
2537,2021-11-10 10:10:00,81.254,81.607,81.061,81.454,989682
2538,2021-11-10 10:05:00,81.17,81.415,80.978,81.189,1021414
2539,2021-11-10 10:00:00,81.028,81.224,80.654,81.105,1229064
2540,2021-11-10 09:55:00,80.723,81.15,80.497,80.953,1638052
2541,2021-11-10 09:50:00,80.487,80.772,80.036,80.659,1566822
2542,2021-11-10 09:45:00,80.036,80.688,79.938,80.438,1993314
2543,2021-11-10 09:40:00,79.873,80.32,79.663,79.986,1724778
2544,2021-11-10 09:35:00,79.382,80.141,79.226,79.8,1986736
2545,2021-11-10 09:30:00,79.923,80.089,78.942,79.329,3531278
2546,2021-11-10 09:25:00,80.203,80.226,79.791,79.854,81250
2547,2021-11-10 09:20:00,80.172,80.28,80.036,80.197,47146
2548,2021-11-10 09:15:00,80.139,80.216,79.903,80.134,68494
2549,2021-11-10 09:10:00,80.065,80.192,79.928,80.099,33684
2550,2021-11-10 09:05:00,80.06,80.275,79.972,80.035,33056
2551,2021-11-10 09:00:00,80.011,80.182,79.918,79.986,37260
2552,2021-11-10 08:55:00,80.06,80.182,79.908,79.942,23726
2553,2021-11-10 08:50:00,79.721,80.177,79.633,79.996,137520
2554,2021-11-10 08:45:00,79.873,79.897,79.57,79.657,89792
2555,2021-11-10 08:40:00,79.805,80.069,79.717,79.8,86190
2556,2021-11-10 08:35:00,79.962,80.044,79.653,79.716,122582
2557,2021-11-10 08:30:00,80.625,80.649,79.726,79.942,309222
2558,2021-11-10 08:25:00,80.738,80.821,80.512,80.59,40534
2559,2021-11-10 08:20:00,80.704,80.747,80.541,80.664,33438
2560,2021-11-10 08:15:00,80.753,80.821,80.585,80.659,21798
2561,2021-11-10 08:10:00,80.812,80.85,80.575,80.688,15498
2562,2021-11-10 08:05:00,80.576,80.835,80.487,80.737,39088
2563,2021-11-10 08:00:00,80.325,80.659,80.158,80.521,120070
2564,2021-11-10 07:55:00,80.478,80.526,80.335,80.374,8978
2565,2021-11-10 07:50:00,80.527,80.555,80.409,80.467,6016
2566,2021-11-10 07:45:00,80.6,80.624,80.414,80.467,27730
2567,2021-11-10 07:40:00,80.478,80.624,80.389,80.541,38190
2568,2021-11-10 07:35:00,80.301,80.496,80.188,80.408,22282
2569,2021-11-10 07:30:00,80.473,80.496,80.159,80.242,36278
2570,2021-11-10 07:25:00,80.473,80.546,80.345,80.438,18580
2571,2021-11-10 07:20:00,80.551,80.575,80.369,80.399,13792
2572,2021-11-10 07:15:00,80.63,80.673,80.463,80.531,14268
2573,2021-11-10 07:10:00,80.453,80.639,80.355,80.556,22198
2574,2021-11-10 07:05:00,80.34,80.467,80.247,80.384,18290
2575,2021-11-10 07:00:00,80.316,80.467,80.198,80.291,64564
2576,2021-11-10 06:55:00,80.281,80.329,80.173,80.246,21556
2577,2021-11-10 06:50:00,80.237,80.32,80.149,80.232,6776
2578,2021-11-10 06:45:00,80.217,80.28,80.065,80.158,4802
2579,2021-11-10 06:40:00,80.394,80.418,80.095,80.124,5894
2580,2021-11-10 06:35:00,80.664,80.688,80.217,80.286,8450
2581,2021-11-10 06:25:00,80.674,80.796,80.585,80.698,1350
2582,2021-11-10 06:20:00,80.645,80.668,80.541,80.57,1100
2583,2021-11-10 06:15:00,80.61,80.634,80.463,80.492,1150
2584,2021-11-10 06:10:00,80.772,80.816,80.683,80.727,2306
2585,2021-11-10 06:05:00,80.704,80.727,80.615,80.644,592
2586,2021-11-10 06:00:00,80.664,80.791,80.561,80.654,6768
2587,2021-11-10 05:55:00,80.546,80.722,80.458,80.639,3198
2588,2021-11-10 05:50:00,80.478,80.575,80.36,80.482,17348
2589,2021-11-10 05:45:00,80.63,80.654,80.438,80.467,4260
2590,2021-11-10 05:40:00,80.664,80.688,80.384,80.556,9860
2591,2021-11-10 05:35:00,80.856,80.88,80.575,80.605,7194
2592,2021-11-10 05:30:00,81.052,81.076,80.767,80.796,11326
2593,2021-11-10 05:25:00,81.087,81.111,80.997,81.027,1400
2594,2021-11-10 05:20:00,81.126,81.184,81.032,81.1,4912
2595,2021-11-10 05:15:00,81.165,81.194,81.042,81.11,2830
2596,2021-11-10 05:10:00,81.327,81.351,81.159,81.189,1266
2597,2021-11-10 05:05:00,81.308,81.332,81.218,81.248,200
2598,2021-11-10 05:00:00,81.352,81.376,81.174,81.267,2222
2599,2021-11-10 04:55:00,81.372,81.396,81.213,81.243,2330
2600,2021-11-10 04:50:00,81.43,81.455,81.287,81.316,1400
2601,2021-11-10 04:45:00,81.362,81.469,81.248,81.385,1530
2602,2021-11-10 04:40:00,81.195,81.307,81.066,81.223,7302
2603,2021-11-10 04:35:00,81.273,81.307,80.978,81.046,7602
2604,2021-11-10 04:30:00,81.254,81.337,81.164,81.218,3060
2605,2021-11-10 04:25:00,81.224,81.263,81.135,81.174,3030
2606,2021-11-10 04:20:00,81.234,81.268,81.1,81.184,13434
2607,2021-11-10 04:15:00,81.317,81.4,81.174,81.203,4912
2608,2021-11-10 04:10:00,81.352,81.415,81.243,81.272,12682
2609,2021-11-10 04:05:00,81.583,81.626,81.272,81.302,4954
2610,2021-11-10 04:00:00,81.372,81.577,81.282,81.444,5754
2611,2021-11-09 19:55:00,81.131,81.189,81.012,81.042,34534
2612,2021-11-09 19:50:00,81.096,81.15,80.997,81.066,2658
2613,2021-11-09 19:45:00,81.18,81.204,80.992,81.037,23876
2614,2021-11-09 19:40:00,81.229,81.253,81.1,81.13,1990
2615,2021-11-09 19:35:00,81.229,81.278,81.11,81.15,2400
2616,2021-11-09 19:30:00,81.229,81.283,81.14,81.184,9196
2617,2021-11-09 19:25:00,81.19,81.253,81.1,81.169,4604
2618,2021-11-09 19:20:00,81.283,81.312,81.12,81.15,2714
2619,2021-11-09 19:15:00,81.322,81.371,81.233,81.267,2754
2620,2021-11-09 19:10:00,81.278,81.302,81.179,81.208,1800
2621,2021-11-09 19:05:00,81.357,81.381,81.233,81.262,1900
2622,2021-11-09 19:00:00,81.214,81.459,81.125,81.321,20916
2623,2021-11-09 18:55:00,81.249,81.283,81.125,81.154,3720
2624,2021-11-09 18:50:00,81.224,81.248,81.095,81.145,12140
2625,2021-11-09 18:45:00,81.288,81.312,81.12,81.15,686
2626,2021-11-09 18:40:00,81.278,81.302,81.189,81.218,200
2627,2021-11-09 18:35:00,81.263,81.287,81.149,81.179,2624
2628,2021-11-09 18:30:00,81.239,81.287,81.14,81.203,1934
2629,2021-11-09 18:25:00,81.15,81.234,81.061,81.15,2770
2630,2021-11-09 18:20:00,81.209,81.233,81.051,81.081,12164
2631,2021-11-09 18:15:00,81.254,81.278,81.046,81.149,10322
2632,2021-11-09 18:10:00,81.303,81.356,81.149,81.179,7644
2633,2021-11-09 18:05:00,81.273,81.312,81.184,81.218,3000
2634,2021-11-09 18:00:00,81.381,81.44,81.149,81.203,17616
2635,2021-11-09 17:55:00,81.366,81.405,81.277,81.321,734
2636,2021-11-09 17:50:00,81.317,81.42,81.228,81.336,8496
2637,2021-11-09 17:45:00,81.391,81.415,81.228,81.257,1734
2638,2021-11-09 17:40:00,81.396,81.42,81.306,81.336,268
2639,2021-11-09 17:25:00,81.367,81.391,81.277,81.307,200
2640,2021-11-09 17:15:00,81.386,81.43,81.297,81.346,860
2641,2021-11-09 17:10:00,81.337,81.41,81.248,81.282,626
2642,2021-11-09 17:05:00,81.362,81.435,81.272,81.326,4446
2643,2021-11-09 17:00:00,81.381,81.41,81.272,81.302,3066
2644,2021-11-09 16:55:00,81.396,81.42,81.243,81.317,15260
2645,2021-11-09 16:50:00,81.435,81.459,81.306,81.336,2662
2646,2021-11-09 16:45:00,81.426,81.459,81.316,81.375,19018
2647,2021-11-09 16:40:00,81.45,81.494,81.321,81.356,15296
2648,2021-11-09 16:35:00,81.46,81.489,81.356,81.4,5688
2649,2021-11-09 16:30:00,81.416,81.484,81.321,81.4,12036
2650,2021-11-09 16:25:00,81.45,81.484,81.321,81.361,14716
2651,2021-11-09 16:20:00,81.421,81.464,81.316,81.375,11464
2652,2021-11-09 16:15:00,81.499,81.523,81.321,81.351,15342
2653,2021-11-09 16:10:00,81.534,81.558,81.346,81.419,32330
2654,2021-11-09 16:05:00,81.519,81.641,81.375,81.488,32838
2655,2021-11-09 16:00:00,81.691,81.798,81.346,81.478,264870
2656,2021-11-09 15:55:00,81.514,81.867,81.385,81.626,1360642
2657,2021-11-09 15:50:00,81.455,81.587,81.252,81.454,651260
2658,2021-11-09 15:45:00,81.664,81.727,81.306,81.385,630586
2659,2021-11-09 15:40:00,81.425,81.796,81.326,81.611,998714
2660,2021-11-09 15:35:00,81.457,81.489,81.228,81.361,539786
2661,2021-11-09 15:30:00,81.372,81.577,81.164,81.4,575978
2662,2021-11-09 15:25:00,81.583,81.622,81.252,81.302,422538
2663,2021-11-09 15:20:00,81.267,81.626,81.164,81.523,543878
2664,2021-11-09 15:15:00,81.332,81.504,81.13,81.194,496430
2665,2021-11-09 15:10:00,81.593,81.636,81.218,81.267,477866
2666,2021-11-09 15:05:00,81.524,81.617,81.252,81.518,574974
2667,2021-11-09 15:00:00,81.72,81.744,81.385,81.478,543888
2668,2021-11-09 14:55:00,81.627,81.749,81.4,81.655,458710
2669,2021-11-09 14:50:00,81.583,81.661,81.238,81.547,626210
2670,2021-11-09 14:45:00,81.588,81.725,81.449,81.518,408668
2671,2021-11-09 14:40:00,81.74,81.838,81.479,81.532,493684
2672,2021-11-09 14:35:00,81.578,81.794,81.405,81.675,515372
2673,2021-11-09 14:30:00,81.656,81.754,81.435,81.513,358266
2674,2021-11-09 14:25:00,81.706,81.848,81.469,81.601,727604
2675,2021-11-09 14:20:00,81.612,81.97,81.473,81.65,947794
2676,2021-11-09 14:15:00,81.418,81.676,81.311,81.552,801732
2677,2021-11-09 14:10:00,81.337,81.45,81.149,81.361,587666
2678,2021-11-09 14:05:00,81.195,81.474,81.073,81.263,784346
2679,2021-11-09 14:00:00,80.969,81.253,80.786,81.145,748988
2680,2021-11-09 13:55:00,80.9,81.081,80.742,80.919,522286
2681,2021-11-09 13:50:00,80.969,81.101,80.752,80.826,563042
2682,2021-11-09 13:45:00,81.16,81.366,80.742,80.899,1231590
2683,2021-11-09 13:40:00,81.205,81.351,81.017,81.105,864602
2684,2021-11-09 13:35:00,81.497,81.548,81.083,81.135,530054
2685,2021-11-09 13:30:00,81.347,81.601,81.218,81.434,595390
2686,2021-11-09 13:25:00,81.755,81.803,81.066,81.267,779550
2687,2021-11-09 13:20:00,81.873,81.907,81.566,81.699,369418
2688,2021-11-09 13:15:00,81.622,81.941,81.483,81.805,580904
2689,2021-11-09 13:10:00,81.818,81.843,81.493,81.562,502082
2690,2021-11-09 13:05:00,81.671,81.926,81.427,81.758,838346
2691,2021-11-09 13:00:00,81.573,81.794,81.39,81.611,815908
2692,2021-11-09 12:55:00,81.823,81.872,81.439,81.518,694466
2693,2021-11-09 12:50:00,81.843,82.142,81.699,81.748,694432
2694,2021-11-09 12:45:00,81.681,81.907,81.503,81.758,492654
2695,2021-11-09 12:40:00,81.568,81.754,81.282,81.626,780890
2696,2021-11-09 12:35:00,81.671,81.798,81.346,81.52,563996
2697,2021-11-09 12:30:00,81.597,81.794,81.302,81.626,821308
2698,2021-11-09 12:25:00,81.868,82.05,81.351,81.542,1007522
2699,2021-11-09 12:20:00,81.73,81.99,81.552,81.788,690502
2700,2021-11-09 12:15:00,81.873,82.034,81.611,81.67,576864
2701,2021-11-09 12:10:00,81.602,81.948,81.439,81.817,1044732
2702,2021-11-09 12:05:00,81.421,81.739,81.14,81.534,1321964
2703,2021-11-09 12:00:00,81.995,82.024,81.252,81.365,1200946
2704,2021-11-09 11:55:00,82.059,82.147,81.827,81.943,649614
2705,2021-11-09 11:50:00,82.423,82.476,81.89,82.003,556170
2706,2021-11-09 11:45:00,82.595,82.629,82.204,82.352,633570
2707,2021-11-09 11:40:00,81.922,82.639,81.783,82.534,945030
2708,2021-11-09 11:35:00,82.103,82.3,81.777,81.866,522002
2709,2021-11-09 11:30:00,82.0,82.334,81.895,82.033,695746
2710,2021-11-09 11:25:00,82.099,82.211,81.792,81.945,632298
2711,2021-11-09 11:20:00,82.179,82.447,81.969,82.043,798600
2712,2021-11-09 11:15:00,81.931,82.226,81.748,82.141,805670
2713,2021-11-09 11:10:00,82.31,82.334,81.522,81.876,921938
2714,2021-11-09 11:05:00,82.491,82.594,82.18,82.259,532386
2715,2021-11-09 11:00:00,82.221,82.55,82.121,82.435,612184
2716,2021-11-09 10:55:00,82.437,82.545,81.993,82.161,762518
2717,2021-11-09 10:50:00,82.536,82.639,82.199,82.381,834804
2718,2021-11-09 10:45:00,82.713,82.786,82.401,82.474,849596
2719,2021-11-09 10:40:00,82.442,82.791,82.322,82.651,1216114
2720,2021-11-09 10:35:00,82.599,82.624,82.145,82.372,1007308
2721,2021-11-09 10:30:00,82.089,82.653,81.949,82.556,1458410
2722,2021-11-09 10:25:00,81.931,82.304,81.782,82.038,1026484
2723,2021-11-09 10:20:00,82.275,82.393,81.606,81.861,1106720
2724,2021-11-09 10:15:00,81.985,82.452,81.763,82.21,1699328
2725,2021-11-09 10:10:00,81.48,82.069,81.203,81.94,1537258
2726,2021-11-09 10:05:00,81.494,81.916,81.282,81.454,1589150
2727,2021-11-09 10:00:00,81.823,82.103,81.272,81.439,3147912
2728,2021-11-09 09:55:00,82.968,83.189,81.311,81.778,4175634
2729,2021-11-09 09:50:00,83.39,83.572,82.705,82.921,2382074
2730,2021-11-09 09:45:00,83.975,84.127,83.186,83.352,1427920
2731,2021-11-09 09:40:00,84.058,84.235,83.784,83.913,1118160
2732,2021-11-09 09:35:00,83.96,84.191,83.725,83.981,1075608
2733,2021-11-09 09:30:00,84.127,84.405,83.838,83.896,1404482
2734,2021-11-09 09:25:00,84.269,84.294,84.02,84.085,28742
2735,2021-11-09 09:20:00,84.235,84.319,84.113,84.217,58914
2736,2021-11-09 09:15:00,84.117,84.235,84.025,84.148,36408
2737,2021-11-09 09:10:00,84.097,84.142,84.0,84.05,33902
2738,2021-11-09 09:05:00,84.21,84.25,83.98,84.035,25414
2739,2021-11-09 09:00:00,84.122,84.28,84.029,84.148,30082
2740,2021-11-09 08:55:00,84.186,84.211,83.995,84.065,16716
2741,2021-11-09 08:50:00,84.274,84.324,84.108,84.138,59982
2742,2021-11-09 08:45:00,84.235,84.334,84.142,84.217,53322
2743,2021-11-09 08:40:00,84.063,84.294,83.966,84.192,42808
2744,2021-11-09 08:35:00,84.048,84.103,83.907,84.006,18032
2745,2021-11-09 08:30:00,83.916,84.113,83.823,83.967,102106
2746,2021-11-09 08:25:00,83.842,83.926,83.725,83.839,31994
2747,2021-11-09 08:20:00,83.763,83.857,83.671,83.765,22488
2748,2021-11-09 08:15:00,83.709,83.778,83.617,83.682,26160
2749,2021-11-09 08:10:00,83.744,83.769,83.627,83.667,5588
2750,2021-11-09 08:05:00,83.641,83.759,83.549,83.658,23222
2751,2021-11-09 08:00:00,83.798,83.99,83.49,83.579,80256
2752,2021-11-09 07:55:00,83.69,83.754,83.554,83.584,16458
2753,2021-11-09 07:50:00,83.695,83.719,83.593,83.633,7974
2754,2021-11-09 07:45:00,83.754,83.778,83.431,83.608,22794
2755,2021-11-09 07:40:00,83.798,83.891,83.661,83.697,27162
2756,2021-11-09 07:35:00,83.827,83.852,83.657,83.707,10006
2757,2021-11-09 07:30:00,83.852,83.911,83.76,83.79,20844
2758,2021-11-09 07:25:00,83.847,83.916,83.755,83.79,17984
2759,2021-11-09 07:20:00,83.891,83.941,83.789,83.829,7200
2760,2021-11-09 07:15:00,83.857,83.916,83.75,83.829,11348
2761,2021-11-09 07:10:00,83.886,84.009,83.75,83.78,12578
2762,2021-11-09 07:05:00,83.818,83.911,83.701,83.824,12002
2763,2021-11-09 07:00:00,83.818,83.887,83.681,83.775,43026
2764,2021-11-09 06:55:00,83.911,83.936,83.794,83.824,1232
2765,2021-11-09 06:45:00,83.95,83.99,83.833,83.888,1684
2766,2021-11-09 06:40:00,83.886,83.955,83.794,83.869,4586
2767,2021-11-09 06:35:00,83.96,84.0,83.799,83.829,3212
2768,2021-11-09 06:30:00,83.999,84.024,83.907,83.937,200
2769,2021-11-09 06:25:00,84.004,84.029,83.912,83.942,600
2770,2021-11-09 06:20:00,84.043,84.103,83.941,83.972,1630
2771,2021-11-09 06:15:00,83.906,84.058,83.814,83.972,21426
2772,2021-11-09 06:10:00,83.832,83.945,83.74,83.829,1398
2773,2021-11-09 06:05:00,83.837,83.862,83.745,83.775,6000
2774,2021-11-09 06:00:00,83.852,83.877,83.76,83.79,400
2775,2021-11-09 05:55:00,83.93,83.955,83.784,83.815,1002
2776,2021-11-09 05:50:00,83.891,83.921,83.799,83.834,400
2777,2021-11-09 05:45:00,83.921,83.95,83.814,83.844,4196
2778,2021-11-09 05:40:00,83.832,83.867,83.72,83.751,1292
2779,2021-11-09 05:35:00,83.813,83.837,83.696,83.726,6400
2780,2021-11-09 05:30:00,83.808,83.842,83.715,83.746,796
2781,2021-11-09 05:25:00,83.867,83.896,83.774,83.81,3000
2782,2021-11-09 05:20:00,83.901,83.926,83.774,83.81,11198
2783,2021-11-09 05:15:00,83.876,83.95,83.764,83.829,10158
2784,2021-11-09 05:05:00,83.744,83.808,83.652,83.721,828
2785,2021-11-09 05:00:00,83.759,83.798,83.652,83.682,1792
2786,2021-11-09 04:55:00,83.754,83.803,83.661,83.716,926
2787,2021-11-09 04:50:00,83.793,83.818,83.652,83.682,11744
2788,2021-11-09 04:45:00,83.744,83.808,83.632,83.697,10604
2789,2021-11-09 04:40:00,83.675,83.734,83.578,83.643,9628
2790,2021-11-09 04:35:00,83.641,83.724,83.544,83.638,14398
2791,2021-11-09 04:30:00,83.665,83.69,83.529,83.584,6436
2792,2021-11-09 04:25:00,83.636,83.685,83.539,83.599,2600
2793,2021-11-09 04:20:00,83.651,83.675,83.514,83.584,792
2794,2021-11-09 04:15:00,83.69,83.734,83.554,83.584,7534
2795,2021-11-09 04:10:00,83.577,83.685,83.485,83.589,4038
2796,2021-11-09 04:05:00,83.596,83.621,83.46,83.51,2024
2797,2021-11-09 04:00:00,83.425,83.67,83.333,83.579,70078
2798,2021-11-08 19:55:00,82.845,82.874,82.705,82.75,40380
2799,2021-11-08 19:50:00,82.894,82.919,82.754,82.799,4298
2800,2021-11-08 19:45:00,82.86,82.914,82.754,82.828,11888
2801,2021-11-08 19:40:00,82.86,82.909,82.754,82.804,6362
2802,2021-11-08 19:35:00,82.816,82.855,82.71,82.75,6100
2803,2021-11-08 19:30:00,82.87,82.894,82.695,82.735,22034
2804,2021-11-08 19:25:00,82.997,83.022,82.715,82.75,22020
2805,2021-11-08 19:20:00,82.963,83.032,82.872,82.946,2370
2806,2021-11-08 19:15:00,83.056,83.095,82.842,82.872,95930
2807,2021-11-08 19:10:00,83.154,83.184,82.994,83.024,4632
2808,2021-11-08 19:05:00,83.179,83.204,83.087,83.118,600
2809,2021-11-08 19:00:00,83.14,83.218,83.024,83.118,17992
2810,2021-11-08 18:55:00,83.135,83.213,83.038,83.083,4338
2811,2021-11-08 18:50:00,83.204,83.228,83.053,83.083,2000
2812,2021-11-08 18:45:00,83.277,83.366,83.117,83.157,9882
2813,2021-11-08 18:40:00,83.253,83.282,83.156,83.186,8492
2814,2021-11-08 18:35:00,83.263,83.287,83.141,83.191,6916
2815,2021-11-08 18:30:00,83.194,83.258,83.102,83.172,970
2816,2021-11-08 18:25:00,83.11,83.213,83.019,83.108,7480
2817,2021-11-08 18:20:00,83.096,83.12,82.975,83.024,3492
2818,2021-11-08 18:15:00,83.184,83.208,82.979,83.039,21684
2819,2021-11-08 18:10:00,83.223,83.248,83.062,83.108,5470
2820,2021-11-08 18:05:00,83.233,83.258,83.112,83.142,2318
2821,2021-11-08 18:00:00,83.208,83.292,83.112,83.172,6856
2822,2021-11-08 17:55:00,83.199,83.223,83.107,83.137,200
2823,2021-11-08 17:50:00,83.204,83.228,83.102,83.132,4404
2824,2021-11-08 17:45:00,83.204,83.238,83.112,83.152,3360
2825,2021-11-08 17:40:00,83.213,83.243,83.122,83.157,1280
2826,2021-11-08 17:35:00,83.277,83.302,83.141,83.172,4454
2827,2021-11-08 17:30:00,83.307,83.331,83.186,83.221,990
2828,2021-11-08 17:20:00,83.326,83.376,83.186,83.216,1584
2829,2021-11-08 17:15:00,83.302,83.351,83.21,83.265,3200
2830,2021-11-08 17:10:00,83.297,83.351,83.205,83.265,624
2831,2021-11-08 17:05:00,83.312,83.336,83.205,83.235,1238
2832,2021-11-08 17:00:00,83.297,83.321,83.205,83.235,408
2833,2021-11-08 16:55:00,83.336,83.39,83.21,83.27,5114
2834,2021-11-08 16:50:00,83.4,83.43,83.308,83.343,3200
2835,2021-11-08 16:45:00,83.39,83.415,83.269,83.299,5494
2836,2021-11-08 16:40:00,83.356,83.42,83.264,83.329,23612
2837,2021-11-08 16:35:00,83.321,83.346,83.186,83.216,5196
2838,2021-11-08 16:30:00,83.341,83.434,83.249,83.284,12206
2839,2021-11-08 16:25:00,83.341,83.395,83.249,83.294,4180
2840,2021-11-08 16:20:00,83.307,83.444,83.205,83.289,38194
2841,2021-11-08 16:15:00,83.41,83.434,83.122,83.26,27956
2842,2021-11-08 16:10:00,83.277,83.449,83.161,83.363,57776
2843,2021-11-08 16:05:00,83.253,83.356,83.156,83.27,30064
2844,2021-11-08 16:00:00,83.439,83.464,82.965,83.186,163506
2845,2021-11-08 15:55:00,83.542,83.602,83.279,83.388,711558
2846,2021-11-08 15:50:00,83.189,83.597,83.092,83.473,1162974
2847,2021-11-08 15:45:00,83.371,83.43,83.004,83.118,826146
2848,2021-11-08 15:40:00,83.724,83.749,83.244,83.314,572612
2849,2021-11-08 15:35:00,83.754,83.874,83.593,83.658,274518
2850,2021-11-08 15:30:00,83.813,83.896,83.638,83.687,329418
2851,2021-11-08 15:25:00,83.916,83.963,83.617,83.746,432300
2852,2021-11-08 15:20:00,83.95,84.058,83.785,83.839,238108
2853,2021-11-08 15:15:00,83.94,84.029,83.782,83.883,211020
2854,2021-11-08 15:10:00,83.935,83.99,83.72,83.873,279568
2855,2021-11-08 15:05:00,84.009,84.049,83.711,83.864,328914
2856,2021-11-08 15:00:00,84.039,84.068,83.818,83.947,227118
2857,2021-11-08 14:55:00,83.896,84.103,83.804,83.976,290750
2858,2021-11-08 14:50:00,83.985,84.073,83.789,83.829,325620
2859,2021-11-08 14:45:00,83.93,84.024,83.818,83.923,355912
2860,2021-11-08 14:40:00,83.827,83.995,83.723,83.879,420834
2861,2021-11-08 14:35:00,83.763,83.877,83.642,83.766,178042
2862,2021-11-08 14:30:00,83.632,83.891,83.54,83.709,434798
2863,2021-11-08 14:25:00,83.876,83.901,83.543,83.573,339466
2864,2021-11-08 14:20:00,84.152,84.181,83.76,83.814,506636
2865,2021-11-08 14:15:00,83.975,84.289,83.841,84.109,921218
2866,2021-11-08 14:10:00,83.96,84.0,83.76,83.913,312762
2867,2021-11-08 14:05:00,83.955,84.048,83.774,83.903,302152
2868,2021-11-08 14:00:00,83.906,84.031,83.784,83.908,249516
2869,2021-11-08 13:55:00,83.985,84.034,83.794,83.844,230124
2870,2021-11-08 13:50:00,83.916,84.044,83.814,83.927,312698
2871,2021-11-08 13:45:00,83.842,84.014,83.661,83.844,351402
2872,2021-11-08 13:40:00,83.818,83.882,83.652,83.778,227324
2873,2021-11-08 13:35:00,83.783,83.896,83.603,83.765,277200
2874,2021-11-08 13:30:00,83.906,84.004,83.691,83.721,325028
2875,2021-11-08 13:25:00,83.896,84.009,83.735,83.844,292738
2876,2021-11-08 13:20:00,83.903,84.0,83.769,83.829,413404
2877,2021-11-08 13:15:00,83.852,83.933,83.647,83.839,279792
2878,2021-11-08 13:10:00,83.675,83.97,83.524,83.795,626420
2879,2021-11-08 13:05:00,83.655,83.764,83.558,83.608,234926
2880,2021-11-08 13:00:00,83.675,83.769,83.48,83.584,306030
2881,2021-11-08 12:55:00,83.567,83.729,83.323,83.618,383732
2882,2021-11-08 12:50:00,83.542,83.631,83.323,83.5,463862
2883,2021-11-08 12:45:00,83.592,83.695,83.45,83.491,220704
2884,2021-11-08 12:40:00,83.336,83.665,83.23,83.535,406832
2885,2021-11-08 12:35:00,83.567,83.621,83.22,83.275,324512
2886,2021-11-08 12:30:00,83.41,83.621,83.225,83.51,342726
2887,2021-11-08 12:25:00,83.425,83.518,83.249,83.348,254474
2888,2021-11-08 12:20:00,83.533,83.611,83.316,83.373,249492
2889,2021-11-08 12:15:00,83.317,83.572,83.097,83.476,507718
2890,2021-11-08 12:10:00,83.393,83.523,83.195,83.27,389784
2891,2021-11-08 12:05:00,83.272,83.474,83.146,83.338,506564
2892,2021-11-08 12:00:00,83.518,83.651,83.171,83.211,554988
2893,2021-11-08 11:55:00,83.552,83.577,83.318,83.446,307460
2894,2021-11-08 11:50:00,83.587,83.65,83.308,83.486,535198
2895,2021-11-08 11:45:00,83.744,83.813,83.48,83.52,364038
2896,2021-11-08 11:40:00,83.862,83.916,83.598,83.702,440026
2897,2021-11-08 11:35:00,83.876,84.044,83.711,83.785,492090
2898,2021-11-08 11:30:00,83.916,83.995,83.686,83.819,411692
2899,2021-11-08 11:25:00,83.788,84.039,83.696,83.849,588514
2900,2021-11-08 11:20:00,83.562,83.95,83.46,83.731,796260
2901,2021-11-08 11:15:00,83.307,83.616,83.146,83.491,683696
2902,2021-11-08 11:10:00,83.646,83.705,83.186,83.26,794028
2903,2021-11-08 11:05:00,83.606,83.734,83.306,83.584,742998
2904,2021-11-08 11:00:00,83.552,83.705,83.289,83.545,596864
2905,2021-11-08 10:55:00,83.606,83.744,83.372,83.496,577454
2906,2021-11-08 10:50:00,83.616,83.67,83.401,83.554,559216
2907,2021-11-08 10:45:00,83.233,83.689,83.107,83.564,1008906
2908,2021-11-08 10:40:00,83.326,83.469,82.945,83.172,1256118
2909,2021-11-08 10:35:00,83.646,83.796,83.24,83.275,891830
2910,2021-11-08 10:30:00,83.606,83.936,83.47,83.584,741352
2911,2021-11-08 10:25:00,83.803,83.882,83.406,83.55,632886
2912,2021-11-08 10:20:00,83.707,83.96,83.597,83.736,675304
2913,2021-11-08 10:15:00,83.647,83.832,83.485,83.643,595790
2914,2021-11-08 10:10:00,83.547,83.818,83.426,83.584,777360
2915,2021-11-08 10:05:00,83.361,83.931,83.269,83.496,1146956
2916,2021-11-08 10:00:00,83.577,83.646,83.181,83.314,1071050
2917,2021-11-08 09:55:00,83.506,83.715,83.24,83.51,1196320
2918,2021-11-08 09:50:00,83.773,83.95,83.161,83.442,1622800
2919,2021-11-08 09:45:00,83.754,84.0,83.48,83.721,1218996
2920,2021-11-08 09:40:00,83.891,84.152,83.534,83.702,1388616
2921,2021-11-08 09:35:00,84.117,84.456,83.706,83.805,1638466
2922,2021-11-08 09:30:00,83.744,84.176,83.406,84.05,1612268
2923,2021-11-08 09:25:00,84.083,84.108,83.676,83.707,67506
2924,2021-11-08 09:20:00,83.989,84.152,83.858,84.05,78834
2925,2021-11-08 09:15:00,83.965,84.029,83.764,83.923,79722
2926,2021-11-08 09:10:00,83.827,83.985,83.715,83.898,47466
2927,2021-11-08 09:05:00,83.734,83.852,83.612,83.761,17026
2928,2021-11-08 09:00:00,83.837,83.882,83.612,83.687,50552
2929,2021-11-08 08:55:00,83.817,83.857,83.711,83.761,17964
2930,2021-11-08 08:50:00,83.788,83.857,83.696,83.77,14318
2931,2021-11-08 08:45:00,83.803,83.852,83.671,83.711,19530
2932,2021-11-08 08:40:00,83.818,83.882,83.676,83.78,27462
2933,2021-11-08 08:35:00,83.798,83.887,83.671,83.77,25892
2934,2021-11-08 08:30:00,83.886,83.911,83.701,83.731,39822
2935,2021-11-08 08:25:00,83.788,83.906,83.681,83.78,30452
2936,2021-11-08 08:20:00,83.675,83.832,83.583,83.736,36224
2937,2021-11-08 08:15:00,83.68,83.734,83.573,83.608,15616
2938,2021-11-08 08:10:00,83.655,83.719,83.519,83.579,21850
2939,2021-11-08 08:05:00,83.655,83.729,83.514,83.599,20312
2940,2021-11-08 08:00:00,83.68,83.867,83.446,83.569,75294
2941,2021-11-08 07:55:00,83.621,83.665,83.441,83.569,14070
2942,2021-11-08 07:50:00,83.626,83.656,83.495,83.569,13380
2943,2021-11-08 07:45:00,83.67,83.7,83.475,83.569,18096
2944,2021-11-08 07:40:00,83.803,83.832,83.588,83.618,23712
2945,2021-11-08 07:35:00,83.828,83.911,83.715,83.746,21312
2946,2021-11-08 07:30:00,83.818,83.906,83.725,83.78,17600
2947,2021-11-08 07:25:00,83.744,83.837,83.652,83.702,18794
2948,2021-11-08 07:20:00,83.744,83.798,83.642,83.672,4168
2949,2021-11-08 07:15:00,83.754,83.788,83.652,83.692,4010
2950,2021-11-08 07:10:00,83.641,83.778,83.539,83.692,11624
2951,2021-11-08 07:05:00,83.719,83.764,83.588,83.618,7852
2952,2021-11-08 07:00:00,83.778,83.877,83.554,83.672,31204
2953,2021-11-08 06:55:00,83.818,83.842,83.72,83.756,1626
2954,2021-11-08 06:50:00,83.803,83.828,83.711,83.741,200
2955,2021-11-08 06:45:00,83.891,83.916,83.784,83.815,8230
2956,2021-11-08 06:40:00,83.818,83.95,83.725,83.834,1066
2957,2021-11-08 06:35:00,83.763,83.867,83.671,83.78,8956
2958,2021-11-08 06:30:00,83.719,83.759,83.627,83.672,2134
2959,2021-11-08 06:25:00,83.709,83.764,83.617,83.677,1434
2960,2021-11-08 06:20:00,83.768,83.793,83.593,83.623,600
2961,2021-11-08 06:10:00,83.719,83.744,83.583,83.613,10600
2962,2021-11-08 06:05:00,83.714,83.739,83.612,83.643,3050
2963,2021-11-08 06:00:00,83.675,83.7,83.583,83.613,818
2964,2021-11-08 05:55:00,83.67,83.695,83.534,83.594,10288
2965,2021-11-08 05:50:00,83.67,83.695,83.573,83.608,1000
2966,2021-11-08 05:45:00,83.665,83.695,83.558,83.608,1642
2967,2021-11-08 05:40:00,83.827,83.852,83.563,83.594,9700
2968,2021-11-08 05:35:00,83.744,83.852,83.642,83.765,16100
2969,2021-11-08 05:30:00,83.729,83.773,83.637,83.682,2958
2970,2021-11-08 05:25:00,83.734,83.798,83.642,83.711,9042
2971,2021-11-08 05:20:00,83.665,83.71,83.558,83.623,29038
2972,2021-11-08 05:15:00,83.557,83.621,83.426,83.535,17472
2973,2021-11-08 05:05:00,83.528,83.567,83.426,83.456,1906
2974,2021-11-08 05:00:00,83.547,83.572,83.455,83.486,896
2975,2021-11-08 04:55:00,83.518,83.557,83.392,83.471,3420
2976,2021-11-08 04:50:00,83.518,83.543,83.426,83.456,580
2977,2021-11-08 04:45:00,83.434,83.493,83.343,83.407,942
2978,2021-11-08 04:40:00,83.528,83.552,83.347,83.378,3626
2979,2021-11-08 04:35:00,83.508,83.552,83.382,83.466,3480
2980,2021-11-08 04:30:00,83.498,83.543,83.357,83.456,6948
2981,2021-11-08 04:25:00,83.498,83.528,83.392,83.422,3874
2982,2021-11-08 04:20:00,83.479,83.518,83.357,83.422,2928
2983,2021-11-08 04:15:00,83.572,83.597,83.382,83.412,11384
2984,2021-11-08 04:10:00,83.449,83.597,83.343,83.51,30016
2985,2021-11-08 04:05:00,83.498,83.523,83.293,83.378,12282
2986,2021-11-08 04:00:00,83.498,83.572,83.161,83.466,17890
2987,2021-11-05 19:55:00,83.587,83.665,83.455,83.486,6300
2988,2021-11-05 19:50:00,83.572,83.621,83.48,83.535,1986
2989,2021-11-05 19:45:00,83.572,83.611,83.48,83.525,600
2990,2021-11-05 19:40:00,83.577,83.621,83.455,83.51,3856
2991,2021-11-05 19:35:00,83.596,83.636,83.465,83.496,1550
2992,2021-11-05 19:30:00,83.621,83.646,83.485,83.515,8964
2993,2021-11-05 19:25:00,83.621,83.66,83.529,83.574,1772
2994,2021-11-05 19:20:00,83.646,83.67,83.529,83.579,2486
2995,2021-11-05 19:15:00,83.646,83.67,83.529,83.559,4686
2996,2021-11-05 19:10:00,83.616,83.67,83.485,83.584,3870
2997,2021-11-05 18:55:00,83.557,83.656,83.465,83.569,1800
2998,2021-11-05 18:50:00,83.646,83.67,83.529,83.584,786
2999,2021-11-05 18:45:00,83.547,83.656,83.455,83.569,696
3000,2021-11-05 18:35:00,83.547,83.582,83.455,83.496,1248
3001,2021-11-05 18:30:00,83.616,83.641,83.46,83.491,1876
3002,2021-11-05 18:25:00,83.547,83.572,83.455,83.486,9822
3003,2021-11-05 18:20:00,83.577,83.602,83.46,83.491,400
3004,2021-11-05 18:10:00,83.577,83.602,83.485,83.515,2300
3005,2021-11-05 18:05:00,83.606,83.67,83.514,83.584,2620
3006,2021-11-05 18:00:00,83.577,83.631,83.485,83.545,1698
3007,2021-11-05 17:55:00,83.577,83.602,83.485,83.515,200
3008,2021-11-05 17:50:00,83.646,83.67,83.504,83.535,2200
3009,2021-11-05 17:40:00,83.631,83.67,83.539,83.584,1218
3010,2021-11-05 17:35:00,83.646,83.67,83.554,83.584,600
3011,2021-11-05 17:30:00,83.67,83.719,83.578,83.633,1388
3012,2021-11-05 17:25:00,83.651,83.69,83.558,83.589,1144
3013,2021-11-05 17:20:00,83.621,83.719,83.529,83.608,8422
3014,2021-11-05 17:15:00,83.695,83.719,83.524,83.554,3188
3015,2021-11-05 17:10:00,83.675,83.714,83.583,83.628,1800
3016,2021-11-05 17:05:00,83.719,83.744,83.583,83.613,4394
3017,2021-11-05 17:00:00,83.7,83.724,83.529,83.559,3292
3018,2021-11-05 16:55:00,83.7,83.754,83.607,83.638,24284
3019,2021-11-05 16:50:00,83.665,83.734,83.573,83.628,6260
3020,2021-11-05 16:45:00,83.592,83.69,83.5,83.604,7558
3021,2021-11-05 16:40:00,83.587,83.621,83.48,83.535,3666
3022,2021-11-05 16:35:00,83.552,83.621,83.455,83.535,5856
3023,2021-11-05 16:30:00,83.557,83.597,83.426,83.491,11062
3024,2021-11-05 16:25:00,83.547,83.606,83.455,83.505,9152
3025,2021-11-05 16:20:00,83.596,83.631,83.46,83.491,9246
3026,2021-11-05 16:15:00,83.631,83.67,83.46,83.5,32484
3027,2021-11-05 16:10:00,83.685,83.724,83.519,83.55,62206
3028,2021-11-05 16:05:00,83.709,83.749,83.539,83.613,16370
3029,2021-11-05 16:00:00,83.788,83.813,83.46,83.672,179200
3030,2021-11-05 15:55:00,83.577,83.916,83.47,83.707,994348
3031,2021-11-05 15:50:00,83.714,83.896,83.455,83.515,883158
3032,2021-11-05 15:45:00,83.788,83.955,83.556,83.648,580350
3033,2021-11-05 15:40:00,84.073,84.098,83.642,83.724,730184
3034,2021-11-05 15:35:00,84.009,84.201,83.89,84.004,938686
3035,2021-11-05 15:30:00,83.663,84.039,83.568,83.947,686070
3036,2021-11-05 15:25:00,83.68,83.788,83.446,83.613,405024
3037,2021-11-05 15:20:00,83.837,83.911,83.48,83.621,614324
3038,2021-11-05 15:15:00,83.813,83.936,83.607,83.785,622104
3039,2021-11-05 15:10:00,83.744,83.852,83.558,83.746,463454
3040,2021-11-05 15:05:00,83.587,83.798,83.377,83.677,666046
3041,2021-11-05 15:00:00,84.048,84.122,83.392,83.515,914920
3042,2021-11-05 14:55:00,84.107,84.174,83.877,83.981,379794
3043,2021-11-05 14:50:00,84.041,84.127,83.809,84.035,472210
3044,2021-11-05 14:45:00,83.975,84.206,83.853,83.972,554892
3045,2021-11-05 14:40:00,83.985,84.049,83.76,83.913,351754
3046,2021-11-05 14:35:00,83.916,84.063,83.642,83.91,536258
3047,2021-11-05 14:30:00,83.985,84.014,83.735,83.837,330102
3048,2021-11-05 14:25:00,83.653,84.029,83.5,83.918,733714
3049,2021-11-05 14:20:00,84.019,84.073,83.539,83.579,807164
3050,2021-11-05 14:15:00,83.955,84.093,83.843,83.957,280656
3051,2021-11-05 14:10:00,83.935,84.049,83.764,83.903,462796
3052,2021-11-05 14:05:00,83.911,84.137,83.789,83.878,854114
3053,2021-11-05 14:00:00,83.852,83.97,83.622,83.854,674858
3054,2021-11-05 13:55:00,83.714,83.901,83.485,83.783,725114
3055,2021-11-05 13:50:00,83.488,83.764,83.352,83.653,825616
3056,2021-11-05 13:45:00,83.459,83.543,83.087,83.432,726450
3057,2021-11-05 13:40:00,83.4,83.523,83.249,83.397,464586
3058,2021-11-05 13:35:00,83.498,83.562,83.132,83.329,707656
3059,2021-11-05 13:30:00,82.899,83.587,82.783,83.454,1640686
3060,2021-11-05 13:25:00,83.557,83.616,82.793,82.823,1894472
3061,2021-11-05 13:20:00,83.837,83.887,83.465,83.496,870642
3062,2021-11-05 13:15:00,83.735,83.874,83.5,83.756,882112
3063,2021-11-05 13:10:00,83.896,84.014,83.529,83.687,987736
3064,2021-11-05 13:05:00,84.26,84.338,83.799,83.829,646200
3065,2021-11-05 13:00:00,84.245,84.363,83.907,84.202,663600
3066,2021-11-05 12:55:00,84.382,84.442,83.936,84.178,812760
3067,2021-11-05 12:50:00,84.299,84.506,84.069,84.33,1240704
3068,2021-11-05 12:45:00,84.392,84.451,84.152,84.227,1249800
3069,2021-11-05 12:40:00,84.633,84.69,84.294,84.337,512072
3070,2021-11-05 12:35:00,84.795,84.859,84.343,84.565,830476
3071,2021-11-05 12:30:00,84.815,84.918,84.589,84.732,660464
3072,2021-11-05 12:25:00,84.829,84.913,84.643,84.75,444534
3073,2021-11-05 12:20:00,84.849,84.942,84.687,84.754,468350
3074,2021-11-05 12:15:00,84.996,85.024,84.657,84.784,960948
3075,2021-11-05 12:10:00,84.972,85.159,84.78,84.929,617442
3076,2021-11-05 12:05:00,85.07,85.113,84.829,84.905,447328
3077,2021-11-05 12:00:00,84.977,85.134,84.819,85.0,461472
3078,2021-11-05 11:55:00,85.06,85.125,84.81,84.919,694188
3079,2021-11-05 11:50:00,85.197,85.225,84.883,84.997,698582
3080,2021-11-05 11:45:00,85.026,85.292,84.819,85.13,802330
3081,2021-11-05 11:40:00,85.031,85.085,84.834,84.959,464152
3082,2021-11-05 11:35:00,84.908,85.112,84.751,84.958,750236
3083,2021-11-05 11:30:00,84.677,84.959,84.569,84.835,705948
3084,2021-11-05 11:25:00,84.903,84.943,84.525,84.619,604926
3085,2021-11-05 11:20:00,84.991,85.066,84.751,84.84,496706
3086,2021-11-05 11:15:00,85.001,85.105,84.839,84.939,502668
3087,2021-11-05 11:10:00,85.023,85.129,84.874,84.948,525542
3088,2021-11-05 11:05:00,84.743,85.066,84.648,84.968,731672
3089,2021-11-05 11:00:00,84.957,85.051,84.648,84.686,706856
3090,2021-11-05 10:55:00,85.011,85.085,84.765,84.894,675038
3091,2021-11-05 10:50:00,84.869,85.11,84.775,84.948,789144
3092,2021-11-05 10:45:00,84.977,85.11,84.748,84.801,715406
3093,2021-11-05 10:40:00,85.065,85.164,84.814,84.904,1046922
3094,2021-11-05 10:35:00,84.908,85.11,84.736,85.002,642670
3095,2021-11-05 10:30:00,84.844,85.031,84.736,84.845,627660
3096,2021-11-05 10:25:00,84.991,85.066,84.618,84.786,630630
3097,2021-11-05 10:20:00,85.006,85.115,84.78,84.929,884862
3098,2021-11-05 10:15:00,84.996,85.238,84.893,84.948,1557840
3099,2021-11-05 10:10:00,84.589,85.021,84.417,84.934,1204968
3100,2021-11-05 10:05:00,85.08,85.115,84.39,84.521,1063840
3101,2021-11-05 10:00:00,84.79,85.105,84.645,85.015,1564880
3102,2021-11-05 09:55:00,84.269,84.815,84.098,84.723,1638276
3103,2021-11-05 09:50:00,84.52,84.609,84.064,84.212,1319330
3104,2021-11-05 09:45:00,84.898,85.041,84.27,84.458,2111266
3105,2021-11-05 09:40:00,85.168,85.257,84.603,84.84,2334914
3106,2021-11-05 09:35:00,84.815,85.321,84.721,85.115,1389538
3107,2021-11-05 09:30:00,84.716,84.992,84.304,84.742,1917952
3108,2021-11-05 09:25:00,84.824,84.849,84.515,84.624,83416
3109,2021-11-05 09:20:00,84.608,84.899,84.51,84.811,62594
3110,2021-11-05 09:15:00,84.598,84.712,84.496,84.541,75746
3111,2021-11-05 09:10:00,84.505,84.628,84.378,84.541,58882
3112,2021-11-05 09:05:00,84.348,84.545,84.235,84.433,78276
3113,2021-11-05 09:00:00,84.319,84.432,84.142,84.281,46810
3114,2021-11-05 08:55:00,84.264,84.358,84.142,84.207,29842
3115,2021-11-05 08:50:00,84.215,84.348,84.069,84.251,55668
3116,2021-11-05 08:45:00,84.132,84.257,83.907,84.158,63666
3117,2021-11-05 08:40:00,84.112,84.314,83.946,84.129,37072
3118,2021-11-05 08:35:00,84.328,84.53,84.025,84.08,208458
3119,2021-11-05 08:30:00,83.916,84.304,83.399,84.192,223388
3120,2021-11-05 08:25:00,83.96,84.068,83.804,83.888,38046
3121,2021-11-05 08:20:00,83.916,84.0,83.799,83.913,6724
3122,2021-11-05 08:15:00,83.935,83.97,83.794,83.864,9428
3123,2021-11-05 08:10:00,83.916,84.004,83.823,83.893,21812
3124,2021-11-05 08:05:00,83.926,84.014,83.833,83.873,21250
3125,2021-11-05 08:00:00,84.183,84.628,83.161,83.859,157482
3126,2021-11-05 07:55:00,83.867,84.014,83.774,83.923,59158
3127,2021-11-05 07:50:00,83.798,83.896,83.706,83.8,22990
3128,2021-11-05 07:45:00,83.862,83.901,83.706,83.736,7970
3129,2021-11-05 07:40:00,83.896,83.926,83.75,83.805,16684
3130,2021-11-05 07:35:00,83.935,84.019,83.799,83.829,22908
3131,2021-11-05 07:30:00,83.744,83.995,83.632,83.903,14452
3132,2021-11-05 07:25:00,83.994,84.019,83.657,83.726,27964
3133,2021-11-05 07:20:00,84.245,84.27,83.921,83.952,19040
3134,2021-11-05 07:15:00,84.309,84.334,84.142,84.188,9432
3135,2021-11-05 07:10:00,84.382,84.481,84.211,84.261,22008
3136,2021-11-05 07:05:00,84.368,84.432,84.26,84.291,12200
3137,2021-11-05 07:00:00,84.54,84.609,84.245,84.305,43254
3138,2021-11-05 06:55:00,84.559,84.584,84.427,84.477,6500
3139,2021-11-05 06:50:00,84.608,84.663,84.427,84.512,9404
3140,2021-11-05 06:45:00,84.692,84.717,84.515,84.556,33318
3141,2021-11-05 06:40:00,84.761,84.786,84.594,84.629,9862
3142,2021-11-05 06:30:00,84.785,84.81,84.662,84.693,2568
3143,2021-11-05 06:25:00,84.829,84.894,84.682,84.713,4546
3144,2021-11-05 06:20:00,84.849,84.923,84.731,84.762,7268
3145,2021-11-05 06:15:00,84.746,84.84,84.648,84.737,8572
3146,2021-11-05 06:10:00,84.824,84.854,84.682,84.727,3786
3147,2021-11-05 06:05:00,84.702,84.864,84.608,84.747,12938
3148,2021-11-05 06:00:00,84.677,84.751,84.554,84.664,4794
3149,2021-11-05 05:55:00,84.554,84.751,84.461,84.59,8658
3150,2021-11-05 05:50:00,84.382,84.506,84.289,84.418,12112
3151,2021-11-05 05:45:00,84.309,84.461,84.211,84.325,15090
3152,2021-11-05 05:40:00,84.274,84.324,84.152,84.237,7532
3153,2021-11-05 05:35:00,84.152,84.339,84.049,84.251,9978
3154,2021-11-05 05:30:00,84.132,84.162,84.02,84.06,3984
3155,2021-11-05 05:25:00,83.989,84.063,83.897,83.962,5820
3156,2021-11-05 05:20:00,83.926,83.965,83.833,83.878,2596
3157,2021-11-05 05:15:00,83.94,83.98,83.828,83.859,3542
3158,2021-11-05 05:10:00,83.95,83.99,83.858,83.893,1600
3159,2021-11-05 05:05:00,83.945,83.98,83.848,83.883,9244
3160,2021-11-05 05:00:00,83.837,83.872,83.745,83.785,1980
3161,2021-11-05 04:55:00,83.759,83.818,83.657,83.687,5400
3162,2021-11-05 04:50:00,83.832,83.857,83.735,83.765,1268
3163,2021-11-05 04:45:00,83.778,83.857,83.686,83.77,3168
3164,2021-11-05 04:40:00,83.739,83.773,83.632,83.662,2070
3165,2021-11-05 04:35:00,83.68,83.773,83.588,83.687,600
3166,2021-11-05 04:30:00,83.744,83.773,83.529,83.584,16448
3167,2021-11-05 04:25:00,83.793,83.818,83.622,83.653,13810
3168,2021-11-05 04:20:00,83.734,83.769,83.588,83.682,3218
3169,2021-11-05 04:15:00,83.695,83.744,83.554,83.658,15064
3170,2021-11-05 04:10:00,83.518,83.7,83.382,83.608,6208
3171,2021-11-05 04:05:00,83.474,83.523,83.352,83.432,29058
3172,2021-11-05 04:00:00,83.346,83.459,83.186,83.363,30686
3173,2021-11-04 19:55:00,83.606,83.646,83.495,83.535,5684
3174,2021-11-04 19:50:00,83.557,83.631,83.465,83.545,4100
3175,2021-11-04 19:45:00,83.582,83.621,83.485,83.515,2346
3176,2021-11-04 19:40:00,83.429,83.572,83.333,83.481,23600
3177,2021-11-04 19:35:00,83.469,83.493,83.338,83.368,11226
3178,2021-11-04 19:30:00,83.449,83.547,83.357,83.456,8198
3179,2021-11-04 19:25:00,83.488,83.543,83.357,83.388,12188
3180,2021-11-04 19:20:00,83.528,83.552,83.392,83.427,14190
3181,2021-11-04 19:15:00,83.592,83.616,83.455,83.486,8260
3182,2021-11-04 19:10:00,83.641,83.665,83.5,83.53,1414
3183,2021-11-04 19:05:00,83.596,83.66,83.5,83.574,7554
3184,2021-11-04 19:00:00,83.636,83.66,83.504,83.564,2728
3185,2021-11-04 18:55:00,83.636,83.675,83.524,83.579,22658
3186,2021-11-04 18:50:00,83.695,83.719,83.554,83.584,4570
3187,2021-11-04 18:45:00,83.636,83.695,83.544,83.608,2000
3188,2021-11-04 18:40:00,83.621,83.646,83.524,83.559,2560
3189,2021-11-04 18:35:00,83.695,83.754,83.554,83.584,12232
3190,2021-11-04 18:30:00,83.719,83.744,83.583,83.613,3700
3191,2021-11-04 18:25:00,83.675,83.818,83.583,83.682,13490
3192,2021-11-04 18:20:00,83.577,83.69,83.465,83.604,14770
3193,2021-11-04 18:15:00,83.533,83.572,83.387,83.486,10402
3194,2021-11-04 18:10:00,83.449,83.484,83.352,83.397,1002
3195,2021-11-04 18:05:00,83.425,83.449,83.298,83.343,2528
3196,2021-11-04 18:00:00,83.488,83.552,83.313,83.363,16236
3197,2021-11-04 17:55:00,83.523,83.547,83.406,83.437,3198
3198,2021-11-04 17:50:00,83.503,83.528,83.411,83.442,1900
3199,2021-11-04 17:45:00,83.572,83.597,83.455,83.486,1578
3200,2021-11-04 17:40:00,83.562,83.587,83.47,83.5,530
3201,2021-11-04 17:35:00,83.538,83.562,83.387,83.437,1262
3202,2021-11-04 17:25:00,83.498,83.523,83.406,83.437,800
3203,2021-11-04 17:20:00,83.538,83.562,83.401,83.456,1764
3204,2021-11-04 17:15:00,83.538,83.562,83.357,83.402,11284
3205,2021-11-04 17:05:00,83.498,83.523,83.372,83.437,3556
3206,2021-11-04 17:00:00,83.523,83.621,83.431,83.535,2208
3207,2021-11-04 16:55:00,83.567,83.607,83.475,83.521,1102
3208,2021-11-04 16:50:00,83.523,83.592,83.421,83.486,3082
3209,2021-11-04 16:45:00,83.567,83.592,83.426,83.456,5970
3210,2021-11-04 16:40:00,83.523,83.567,83.416,83.476,3720
3211,2021-11-04 16:35:00,83.641,83.695,83.46,83.496,20376
3212,2021-11-04 16:30:00,83.503,83.685,83.411,83.594,52298
3213,2021-11-04 16:25:00,83.503,83.572,83.392,83.437,24596
3214,2021-11-04 16:20:00,83.479,83.533,83.387,83.442,28754
3215,2021-11-04 16:15:00,83.464,83.508,83.338,83.417,33140
3216,2021-11-04 16:10:00,83.405,83.518,83.274,83.412,23184
3217,2021-11-04 16:05:00,83.385,83.489,83.279,83.358,52016
3218,2021-11-04 16:00:00,83.547,83.636,83.293,83.338,399612
3219,2021-11-04 15:55:00,83.592,83.616,83.083,83.5,1098322
3220,2021-11-04 15:50:00,83.538,83.621,83.2,83.52,1148506
3221,2021-11-04 15:45:00,83.046,83.56,82.921,83.471,777370
3222,2021-11-04 15:40:00,83.226,83.272,82.842,82.99,930278
3223,2021-11-04 15:35:00,83.533,83.557,83.122,83.162,791018
3224,2021-11-04 15:30:00,83.474,83.67,83.372,83.464,492914
3225,2021-11-04 15:25:00,83.587,83.714,83.313,83.412,482130
3226,2021-11-04 15:20:00,83.56,83.744,83.401,83.53,762732
3227,2021-11-04 15:15:00,83.528,83.621,83.343,83.496,735184
3228,2021-11-04 15:10:00,83.358,83.572,83.267,83.464,810318
3229,2021-11-04 15:05:00,83.471,83.621,83.2,83.299,998356
3230,2021-11-04 15:00:00,83.454,83.656,83.186,83.407,1346594
3231,2021-11-04 14:55:00,83.862,84.004,83.362,83.402,793184
3232,2021-11-04 14:50:00,84.034,84.171,83.75,83.805,769558
3233,2021-11-04 14:45:00,84.034,84.185,83.902,83.971,625082
3234,2021-11-04 14:40:00,83.97,84.087,83.853,83.969,384756
3235,2021-11-04 14:35:00,83.837,84.068,83.73,83.908,663022
3236,2021-11-04 14:30:00,83.876,83.953,83.661,83.765,398132
3237,2021-11-04 14:25:00,83.891,84.034,83.735,83.805,503704
3238,2021-11-04 14:20:00,83.695,83.931,83.534,83.839,637384
3239,2021-11-04 14:15:00,83.69,83.724,83.411,83.628,455078
3240,2021-11-04 14:10:00,83.621,83.729,83.49,83.635,510318
3241,2021-11-04 14:05:00,83.277,83.665,83.166,83.55,710124
3242,2021-11-04 14:00:00,83.754,83.808,83.176,83.22,764638
3243,2021-11-04 13:55:00,83.589,83.855,83.475,83.697,599082
3244,2021-11-04 13:50:00,83.567,83.626,83.409,83.53,304476
3245,2021-11-04 13:45:00,83.586,83.744,83.441,83.496,610922
3246,2021-11-04 13:40:00,83.371,83.616,83.264,83.52,1136204
3247,2021-11-04 13:35:00,83.287,83.439,83.127,83.304,546166
3248,2021-11-04 13:30:00,83.267,83.439,83.171,83.226,775088
3249,2021-11-04 13:25:00,83.233,83.311,83.078,83.216,429562
3250,2021-11-04 13:20:00,83.194,83.282,83.038,83.177,394352
3251,2021-11-04 13:15:00,83.26,83.292,83.014,83.127,503916
3252,2021-11-04 13:10:00,83.07,83.287,82.916,83.196,575722
3253,2021-11-04 13:05:00,82.83,83.091,82.715,83.005,422626
3254,2021-11-04 13:00:00,83.1,83.125,82.7,82.776,536790
3255,2021-11-04 12:55:00,83.01,83.15,82.886,83.034,361332
3256,2021-11-04 12:50:00,83.096,83.164,82.798,82.951,331636
3257,2021-11-04 12:45:00,83.046,83.179,82.842,83.029,382358
3258,2021-11-04 12:40:00,83.115,83.154,82.867,82.985,356158
3259,2021-11-04 12:35:00,82.865,83.179,82.773,83.059,438598
3260,2021-11-04 12:30:00,83.071,83.105,82.759,82.808,641698
3261,2021-11-04 12:25:00,83.081,83.145,82.827,83.009,625820
3262,2021-11-04 12:20:00,83.297,83.425,82.918,83.012,665558
3263,2021-11-04 12:15:00,83.263,83.43,83.102,83.24,766258
3264,2021-11-04 12:10:00,83.184,83.422,83.083,83.206,1298678
3265,2021-11-04 12:05:00,83.037,83.238,82.94,83.127,655178
3266,2021-11-04 12:00:00,82.973,83.152,82.864,82.965,744180
3267,2021-11-04 11:55:00,82.619,83.012,82.508,82.907,1187848
3268,2021-11-04 11:50:00,82.349,82.653,82.12,82.563,889836
3269,2021-11-04 11:45:00,82.511,82.619,82.248,82.293,520370
3270,2021-11-04 11:40:00,82.393,82.545,82.185,82.45,581396
3271,2021-11-04 11:35:00,82.359,82.545,82.19,82.335,660890
3272,2021-11-04 11:30:00,82.265,82.53,82.082,82.278,915042
3273,2021-11-04 11:25:00,82.423,82.55,82.133,82.195,1151522
3274,2021-11-04 11:20:00,82.958,82.987,82.332,82.362,1126572
3275,2021-11-04 11:15:00,82.987,83.095,82.749,82.907,862272
3276,2021-11-04 11:10:00,82.914,83.275,82.822,82.931,897526
3277,2021-11-04 11:05:00,82.904,83.037,82.803,82.848,526528
3278,2021-11-04 11:00:00,83.228,83.27,82.734,82.845,1025706
3279,2021-11-04 10:55:00,83.253,83.331,83.068,83.167,712200
3280,2021-11-04 10:50:00,83.488,83.52,83.087,83.181,627696
3281,2021-11-04 10:45:00,83.154,83.516,83.063,83.427,971462
3282,2021-11-04 10:40:00,83.169,83.258,83.019,83.098,813800
3283,2021-11-04 10:35:00,83.184,83.326,83.068,83.118,877734
3284,2021-11-04 10:30:00,82.963,83.292,82.842,83.123,1600798
3285,2021-11-04 10:25:00,82.869,83.018,82.744,82.902,1049632
3286,2021-11-04 10:20:00,82.798,82.963,82.636,82.804,1049278
3287,2021-11-04 10:15:00,82.71,82.938,82.572,82.735,1329038
3288,2021-11-04 10:10:00,82.275,82.742,82.175,82.651,1259390
3289,2021-11-04 10:05:00,82.354,82.462,82.121,82.19,939820
3290,2021-11-04 10:00:00,82.241,82.472,81.998,82.293,1432108
3291,2021-11-04 09:55:00,82.13,82.349,82.023,82.17,1229808
3292,2021-11-04 09:50:00,81.922,82.231,81.763,82.07,1237524
3293,2021-11-04 09:45:00,81.597,82.01,81.498,81.871,1682210
3294,2021-11-04 09:40:00,81.263,81.653,81.086,81.537,1357962
3295,2021-11-04 09:35:00,81.141,81.371,80.938,81.199,944796
3296,2021-11-04 09:30:00,81.254,81.292,80.821,81.081,1469462
3297,2021-11-04 09:25:00,81.214,81.283,81.1,81.184,30364
3298,2021-11-04 09:20:00,81.205,81.263,81.105,81.135,27118
3299,2021-11-04 09:15:00,81.362,81.386,81.125,81.159,72942
3300,2021-11-04 09:10:00,81.376,81.464,81.262,81.292,22314
3301,2021-11-04 09:05:00,81.308,81.386,81.199,81.302,9876
3302,2021-11-04 09:00:00,81.332,81.4,81.179,81.208,15662
3303,2021-11-04 08:55:00,81.293,81.366,81.174,81.277,20588
3304,2021-11-04 08:50:00,81.263,81.346,81.174,81.228,48726
3305,2021-11-04 08:45:00,81.16,81.307,81.071,81.203,36318
3306,2021-11-04 08:40:00,81.244,81.268,81.042,81.105,91376
3307,2021-11-04 08:35:00,81.313,81.337,81.154,81.184,109644
3308,2021-11-04 08:30:00,81.43,81.474,81.199,81.272,138418
3309,2021-11-04 08:25:00,81.465,81.509,81.331,81.375,30160
3310,2021-11-04 08:20:00,81.47,81.499,81.346,81.38,56384
3311,2021-11-04 08:15:00,81.45,81.474,81.302,81.375,10034
3312,2021-11-04 08:10:00,81.484,81.548,81.331,81.38,42106
3313,2021-11-04 08:05:00,81.484,81.533,81.351,81.424,48514
3314,2021-11-04 08:00:00,81.396,81.597,81.248,81.419,169134
3315,2021-11-04 07:55:00,81.367,81.41,81.277,81.326,31456
3316,2021-11-04 07:50:00,81.43,81.455,81.282,81.311,22608
3317,2021-11-04 07:45:00,81.406,81.469,81.292,81.37,12622
3318,2021-11-04 07:40:00,81.411,81.435,81.297,81.326,8230
3319,2021-11-04 07:35:00,81.455,81.479,81.228,81.351,24616
3320,2021-11-04 07:30:00,81.421,81.494,81.331,81.41,12562
3321,2021-11-04 07:25:00,81.411,81.45,81.297,81.326,9244
3322,2021-11-04 07:20:00,81.411,81.435,81.252,81.321,9654
3323,2021-11-04 07:15:00,81.465,81.489,81.336,81.365,17092
3324,2021-11-04 07:10:00,81.484,81.513,81.37,81.405,17600
3325,2021-11-04 07:05:00,81.47,81.558,81.356,81.459,19178
3326,2021-11-04 07:00:00,81.593,81.617,81.356,81.41,36890
3327,2021-11-04 06:55:00,81.597,81.622,81.498,81.527,1220
3328,2021-11-04 06:50:00,81.563,81.646,81.473,81.562,2066
3329,2021-11-04 06:45:00,81.534,81.558,81.429,81.459,400
3330,2021-11-04 06:40:00,81.534,81.602,81.444,81.508,4880
3331,2021-11-04 06:35:00,81.484,81.533,81.395,81.449,600
3332,2021-11-04 06:30:00,81.45,81.484,81.356,81.385,2256
3333,2021-11-04 06:20:00,81.406,81.435,81.306,81.351,3674
3334,2021-11-04 06:15:00,81.44,81.509,81.351,81.419,2892
3335,2021-11-04 06:10:00,81.416,81.464,81.321,81.37,3810
3336,2021-11-04 06:05:00,81.455,81.489,81.302,81.341,2600
3337,2021-11-04 06:00:00,81.426,81.469,81.336,81.385,800
3338,2021-11-04 05:55:00,81.435,81.459,81.346,81.375,762
3339,2021-11-04 05:50:00,81.342,81.425,81.252,81.341,3244
3340,2021-11-04 05:45:00,81.352,81.4,81.257,81.287,2314
3341,2021-11-04 05:40:00,81.376,81.405,81.228,81.257,2012
3342,2021-11-04 05:35:00,81.475,81.499,81.297,81.326,2542
3343,2021-11-04 05:30:00,81.489,81.513,81.39,81.419,528
3344,2021-11-04 05:25:00,81.475,81.513,81.37,81.415,2994
3345,2021-11-04 05:20:00,81.357,81.41,81.267,81.326,1006
3346,2021-11-04 05:15:00,81.367,81.425,81.277,81.331,5132
3347,2021-11-04 05:10:00,81.376,81.415,81.287,81.326,1118
3348,2021-11-04 05:05:00,81.357,81.425,81.262,81.292,3698
3349,2021-11-04 05:00:00,81.386,81.41,81.257,81.287,996
3350,2021-11-04 04:55:00,81.362,81.405,81.272,81.307,2216
3351,2021-11-04 04:50:00,81.47,81.538,81.321,81.351,2784
3352,2021-11-04 04:45:00,81.534,81.563,81.385,81.449,5094
3353,2021-11-04 04:40:00,81.573,81.597,81.424,81.454,1694
3354,2021-11-04 04:35:00,81.548,81.607,81.444,81.518,6692
3355,2021-11-04 04:30:00,81.578,81.636,81.478,81.523,5626
3356,2021-11-04 04:25:00,81.72,81.764,81.503,81.532,21688
3357,2021-11-04 04:20:00,81.642,81.735,81.517,81.64,6866
3358,2021-11-04 04:15:00,81.529,81.666,81.434,81.581,11652
3359,2021-11-04 04:10:00,81.362,81.538,81.213,81.454,12026
3360,2021-11-04 04:05:00,81.249,81.435,81.159,81.321,18712
3361,2021-11-04 04:00:00,81.195,81.302,81.002,81.199,36186
3362,2021-11-03 19:55:00,81.239,81.342,81.149,81.243,18690
3363,2021-11-03 19:50:00,81.259,81.287,81.135,81.199,17318
3364,2021-11-03 19:45:00,81.224,81.278,81.13,81.189,15650
3365,2021-11-03 19:40:00,81.214,81.258,81.095,81.154,27964
3366,2021-11-03 19:35:00,81.185,81.238,81.086,81.154,15786
3367,2021-11-03 19:30:00,81.18,81.209,81.051,81.11,30134
3368,2021-11-03 19:25:00,81.121,81.204,81.027,81.12,26012
3369,2021-11-03 19:20:00,81.067,81.145,80.978,81.056,43804
3370,2021-11-03 19:15:00,81.072,81.125,80.963,81.002,26040
3371,2021-11-03 19:10:00,81.146,81.189,80.958,80.988,20720
3372,2021-11-03 19:05:00,80.934,81.174,80.845,81.091,22480
3373,2021-11-03 19:00:00,80.895,81.012,80.806,80.884,20038
3374,2021-11-03 18:55:00,80.871,80.894,80.777,80.811,912
3375,2021-11-03 18:50:00,80.895,80.919,80.772,80.826,2172
3376,2021-11-03 18:45:00,80.821,80.914,80.723,80.83,14172
3377,2021-11-03 18:40:00,80.748,80.821,80.659,80.737,2390
3378,2021-11-03 18:35:00,80.792,80.816,80.635,80.664,6970
3379,2021-11-03 18:30:00,80.797,80.821,80.669,80.718,5040
3380,2021-11-03 18:25:00,80.753,80.781,80.634,80.688,21082
3381,2021-11-03 18:20:00,80.772,80.816,80.669,80.698,4502
3382,2021-11-03 18:15:00,80.733,80.821,80.639,80.698,41458
3383,2021-11-03 18:10:00,80.664,80.737,80.566,80.654,14268
3384,2021-11-03 18:05:00,80.605,80.663,80.517,80.58,8692
3385,2021-11-03 18:00:00,80.561,80.654,80.428,80.561,10894
3386,2021-11-03 17:55:00,80.635,80.659,80.463,80.541,6164
3387,2021-11-03 17:50:00,80.63,80.654,80.526,80.57,3466
3388,2021-11-03 17:45:00,80.6,80.649,80.512,80.565,1808
3389,2021-11-03 17:40:00,80.6,80.624,80.512,80.541,1000
3390,2021-11-03 17:35:00,80.551,80.575,80.453,80.482,2682
3391,2021-11-03 17:30:00,80.551,80.575,80.453,80.482,850
3392,2021-11-03 17:25:00,80.546,80.57,80.453,80.482,1740
3393,2021-11-03 17:20:00,80.546,80.57,80.453,80.482,3252
3394,2021-11-03 17:15:00,80.546,80.575,80.438,80.487,4408
3395,2021-11-03 17:10:00,80.537,80.575,80.418,80.487,12240
3396,2021-11-03 17:05:00,80.502,80.526,80.399,80.443,1636
3397,2021-11-03 17:00:00,80.508,80.57,80.404,80.443,2444
3398,2021-11-03 16:55:00,80.512,80.546,80.409,80.462,20418
3399,2021-11-03 16:50:00,80.419,80.541,80.33,80.448,24292
3400,2021-11-03 16:45:00,80.424,80.462,80.301,80.379,7722
3401,2021-11-03 16:40:00,80.409,80.462,80.32,80.364,55944
3402,2021-11-03 16:35:00,80.409,80.437,80.306,80.349,24742
3403,2021-11-03 16:30:00,80.433,80.467,80.32,80.349,18804
3404,2021-11-03 16:25:00,80.473,80.501,80.347,80.376,20820
3405,2021-11-03 16:20:00,80.414,80.487,80.325,80.399,25334
3406,2021-11-03 16:15:00,80.448,80.472,80.315,80.354,45528
3407,2021-11-03 16:10:00,80.453,80.506,80.34,80.369,26472
3408,2021-11-03 16:05:00,80.463,80.531,80.355,80.399,48706
3409,2021-11-03 16:00:00,80.492,80.546,80.315,80.389,386152
3410,2021-11-03 15:55:00,80.541,80.732,80.345,80.433,1017912
3411,2021-11-03 15:50:00,80.62,80.678,80.266,80.484,1480046
3412,2021-11-03 15:45:00,80.325,80.644,80.232,80.556,939252
3413,2021-11-03 15:40:00,80.193,80.379,80.075,80.266,774784
3414,2021-11-03 15:35:00,80.112,80.221,79.952,80.138,592546
3415,2021-11-03 15:30:00,80.04,80.256,79.903,80.062,988292
3416,2021-11-03 15:25:00,80.016,80.079,79.825,79.972,627964
3417,2021-11-03 15:20:00,79.937,80.074,79.717,79.957,755828
3418,2021-11-03 15:15:00,79.918,80.049,79.786,79.868,524914
3419,2021-11-03 15:10:00,79.996,80.157,79.756,79.854,1057480
3420,2021-11-03 15:05:00,79.932,80.073,79.751,79.942,861726
3421,2021-11-03 15:00:00,79.79,80.089,79.535,79.878,1437358
3422,2021-11-03 14:55:00,79.702,79.897,79.6,79.736,1281894
3423,2021-11-03 14:50:00,79.579,79.799,79.381,79.642,1268638
3424,2021-11-03 14:45:00,79.053,79.642,78.959,79.515,1596506
3425,2021-11-03 14:40:00,78.906,79.136,78.613,78.98,1164030
3426,2021-11-03 14:35:00,78.763,78.988,78.559,78.843,866350
3427,2021-11-03 14:30:00,78.773,78.944,78.348,78.7,948014
3428,2021-11-03 14:25:00,78.807,78.949,78.608,78.71,661844
3429,2021-11-03 14:20:00,78.631,78.865,78.407,78.74,891760
3430,2021-11-03 14:15:00,78.326,78.664,78.083,78.563,1100388
3431,2021-11-03 14:10:00,78.66,78.684,78.098,78.254,1540880
3432,2021-11-03 14:05:00,79.142,79.303,78.397,78.617,1764460
3433,2021-11-03 14:00:00,78.12,79.347,77.872,79.078,3905042
3434,2021-11-03 13:55:00,78.194,78.222,77.98,78.067,285096
3435,2021-11-03 13:50:00,78.199,78.266,78.083,78.146,212024
3436,2021-11-03 13:45:00,78.351,78.374,77.995,78.151,620700
3437,2021-11-03 13:40:00,78.375,78.443,78.245,78.288,391126
3438,2021-11-03 13:35:00,78.385,78.408,78.225,78.313,293050
3439,2021-11-03 13:30:00,78.272,78.413,78.171,78.327,510088
3440,2021-11-03 13:25:00,78.218,78.29,78.117,78.2,280500
3441,2021-11-03 13:20:00,78.178,78.29,78.056,78.161,244866
3442,2021-11-03 13:15:00,78.223,78.266,77.973,78.121,449806
3443,2021-11-03 13:10:00,78.194,78.281,78.083,78.17,175522
3444,2021-11-03 13:05:00,78.179,78.263,78.044,78.131,209698
3445,2021-11-03 13:00:00,78.231,78.256,78.059,78.112,201334
3446,2021-11-03 12:55:00,78.174,78.246,78.073,78.165,263168
3447,2021-11-03 12:50:00,78.228,78.285,78.088,78.119,205156
3448,2021-11-03 12:45:00,78.282,78.324,78.113,78.168,344436
3449,2021-11-03 12:40:00,78.292,78.389,78.171,78.224,501506
3450,2021-11-03 12:35:00,78.267,78.354,78.142,78.244,329734
3451,2021-11-03 12:30:00,78.243,78.349,78.098,78.205,601972
3452,2021-11-03 12:25:00,78.159,78.276,78.063,78.18,261502
3453,2021-11-03 12:20:00,78.218,78.276,78.009,78.107,248382
3454,2021-11-03 12:15:00,78.218,78.29,78.093,78.156,200414
3455,2021-11-03 12:10:00,78.248,78.295,78.083,78.147,413718
3456,2021-11-03 12:05:00,78.243,78.335,78.137,78.18,253140
3457,2021-11-03 12:00:00,78.307,78.345,78.13,78.175,403998
3458,2021-11-03 11:55:00,78.169,78.359,78.014,78.249,520662
3459,2021-11-03 11:50:00,78.105,78.207,77.97,78.104,284712
3460,2021-11-03 11:45:00,78.081,78.192,77.931,78.045,430698
3461,2021-11-03 11:40:00,77.855,78.109,77.759,78.023,556530
3462,2021-11-03 11:35:00,77.82,77.902,77.637,77.797,510910
3463,2021-11-03 11:30:00,78.017,78.085,77.7,77.773,484546
3464,2021-11-03 11:25:00,77.978,78.123,77.848,77.964,332002
3465,2021-11-03 11:20:00,77.953,78.064,77.848,77.92,252446
3466,2021-11-03 11:15:00,77.884,78.04,77.725,77.891,405384
3467,2021-11-03 11:10:00,77.86,77.937,77.651,77.827,509828
3468,2021-11-03 11:05:00,77.948,78.008,77.705,77.792,428604
3469,2021-11-03 11:00:00,77.973,78.042,77.798,77.891,402174
3470,2021-11-03 10:55:00,78.036,78.079,77.769,77.915,396532
3471,2021-11-03 10:50:00,77.933,78.084,77.808,77.974,299852
3472,2021-11-03 10:45:00,77.835,78.05,77.657,77.881,598160
3473,2021-11-03 10:40:00,77.919,77.954,77.661,77.787,499858
3474,2021-11-03 10:35:00,77.914,78.01,77.592,77.856,834084
3475,2021-11-03 10:30:00,77.946,78.1,77.789,77.861,596834
3476,2021-11-03 10:25:00,78.09,78.138,77.813,77.886,553592
3477,2021-11-03 10:20:00,77.909,78.227,77.818,78.016,635944
3478,2021-11-03 10:15:00,77.933,78.104,77.741,77.837,489222
3479,2021-11-03 10:10:00,77.796,78.074,77.632,77.895,659688
3480,2021-11-03 10:05:00,77.683,77.971,77.568,77.743,796634
3481,2021-11-03 10:00:00,78.14,78.227,77.553,77.621,1524620
3482,2021-11-03 09:55:00,78.243,78.295,77.995,78.077,822688
3483,2021-11-03 09:50:00,78.253,78.364,78.039,78.19,1202832
3484,2021-11-03 09:45:00,78.14,78.305,78.0,78.2,1559398
3485,2021-11-03 09:40:00,78.203,78.359,77.955,78.082,1938738
3486,2021-11-03 09:35:00,78.1,78.325,77.646,78.146,1778732
3487,2021-11-03 09:30:00,78.262,78.536,77.765,78.038,2041872
3488,2021-11-03 09:25:00,78.331,78.379,78.157,78.195,23558
3489,2021-11-03 09:20:00,78.307,78.34,78.206,78.259,9276
3490,2021-11-03 09:15:00,78.292,78.344,78.181,78.259,18152
3491,2021-11-03 09:10:00,78.312,78.349,78.206,78.249,14752
3492,2021-11-03 09:05:00,78.243,78.352,78.157,78.268,22348
3493,2021-11-03 09:00:00,78.218,78.266,78.073,78.185,19474
3494,2021-11-03 08:55:00,78.194,78.266,78.108,78.185,13144
3495,2021-11-03 08:50:00,78.223,78.286,78.127,78.156,5696
3496,2021-11-03 08:45:00,78.194,78.266,78.108,78.185,19438
3497,2021-11-03 08:40:00,78.169,78.217,78.073,78.136,8064
3498,2021-11-03 08:35:00,78.105,78.192,78.009,78.107,43374
3499,2021-11-03 08:30:00,78.223,78.266,78.029,78.057,19632
3500,2021-11-03 08:25:00,78.218,78.241,78.103,78.156,8832
3501,2021-11-03 08:20:00,78.267,78.295,78.093,78.156,17632
3502,2021-11-03 08:15:00,78.272,78.31,78.132,78.195,26028
3503,2021-11-03 08:10:00,78.287,78.364,78.186,78.283,16276
3504,2021-11-03 08:05:00,78.317,78.359,78.186,78.234,13444
3505,2021-11-03 08:00:00,78.292,78.399,77.975,78.298,43688
3506,2021-11-03 07:55:00,78.316,78.34,78.181,78.214,2018
3507,2021-11-03 07:50:00,78.321,78.354,78.216,78.273,1466
3508,2021-11-03 07:45:00,78.292,78.364,78.171,78.219,12684
3509,2021-11-03 07:40:00,78.218,78.315,78.132,78.219,17444
3510,2021-11-03 07:35:00,78.189,78.241,78.088,78.156,14412
3511,2021-11-03 07:30:00,78.189,78.251,78.103,78.131,17196
3512,2021-11-03 07:25:00,78.135,78.197,78.049,78.092,4730
3513,2021-11-03 07:20:00,78.105,78.138,78.019,78.057,13386
3514,2021-11-03 07:15:00,78.095,78.153,78.009,78.038,12398
3515,2021-11-03 07:10:00,78.076,78.143,77.99,78.048,1930
3516,2021-11-03 07:05:00,78.125,78.148,78.005,78.033,13492
3517,2021-11-03 07:00:00,78.115,78.158,78.009,78.062,31750
3518,2021-11-03 06:55:00,78.081,78.114,77.975,78.033,4818
3519,2021-11-03 06:50:00,78.061,78.114,77.926,78.013,9250
3520,2021-11-03 06:45:00,78.11,78.148,77.975,78.003,4800
3521,2021-11-03 06:40:00,78.154,78.177,78.0,78.062,17542
3522,2021-11-03 06:35:00,78.199,78.222,78.078,78.111,2456
3523,2021-11-03 06:30:00,78.243,78.266,78.157,78.185,400
3524,2021-11-03 06:25:00,78.223,78.266,78.137,78.185,2580
3525,2021-11-03 06:20:00,78.248,78.271,78.108,78.146,2806
3526,2021-11-03 06:15:00,78.272,78.354,78.186,78.224,10158
3527,2021-11-03 06:10:00,78.243,78.295,78.157,78.214,2306
3528,2021-11-03 06:05:00,78.243,78.266,78.157,78.185,29988
3529,2021-11-03 06:00:00,78.243,78.3,78.157,78.219,1200
3530,2021-11-03 05:55:00,78.228,78.251,78.127,78.156,756
3531,2021-11-03 05:50:00,78.223,78.246,78.122,78.151,1208
3532,2021-11-03 05:45:00,78.218,78.241,78.122,78.151,458
3533,2021-11-03 05:40:00,78.287,78.315,78.108,78.136,4082
3534,2021-11-03 05:30:00,78.199,78.236,78.112,78.156,1000
3535,2021-11-03 05:25:00,78.243,78.266,78.108,78.146,2400
3536,2021-11-03 05:20:00,78.277,78.3,78.191,78.219,600
3537,2021-11-03 05:15:00,78.243,78.384,78.157,78.21,10272
3538,2021-11-03 05:10:00,78.194,78.241,78.108,78.161,1636
3539,2021-11-03 05:05:00,78.184,78.207,78.098,78.126,2244
3540,2021-11-03 05:00:00,78.164,78.187,78.078,78.107,222
3541,2021-11-03 04:55:00,78.051,78.148,77.965,78.067,1058
3542,2021-11-03 04:50:00,78.056,78.079,77.97,77.999,200
3543,2021-11-03 04:45:00,78.14,78.163,78.054,78.082,1200
3544,2021-11-03 04:40:00,78.11,78.133,78.024,78.053,460
3545,2021-11-03 04:35:00,78.081,78.114,77.975,78.003,2076
3546,2021-11-03 04:30:00,78.091,78.114,78.005,78.033,600
3547,2021-11-03 04:25:00,78.145,78.177,78.059,78.097,3420
3548,2021-11-03 04:20:00,78.125,78.197,78.039,78.116,7198
3549,2021-11-03 04:15:00,78.184,78.207,77.995,78.057,6826
3550,2021-11-03 04:10:00,78.174,78.202,78.044,78.111,7376
3551,2021-11-03 04:05:00,78.091,78.227,77.96,78.121,3542
3552,2021-11-03 04:00:00,77.953,78.123,77.867,78.043,6646
3553,2021-11-02 19:55:00,77.732,77.755,77.632,77.66,3942
3554,2021-11-02 19:50:00,77.742,77.765,77.646,77.675,2378
3555,2021-11-02 19:45:00,77.757,77.784,77.671,77.699,3768
3556,2021-11-02 19:40:00,77.752,77.799,77.656,77.719,10402
3557,2021-11-02 19:35:00,77.771,77.794,77.666,77.704,6264
3558,2021-11-02 19:30:00,77.771,77.794,77.666,77.699,7640
3559,2021-11-02 19:25:00,77.752,77.824,77.666,77.734,8088
3560,2021-11-02 19:20:00,77.752,77.784,77.666,77.699,2000
3561,2021-11-02 19:15:00,77.757,77.814,77.666,77.724,2390
3562,2021-11-02 19:10:00,77.761,77.809,77.666,77.729,9400
3563,2021-11-02 19:05:00,77.772,77.819,77.676,77.724,2560
3564,2021-11-02 19:00:00,77.727,77.824,77.632,77.743,3978
3565,2021-11-02 18:55:00,77.752,77.775,77.661,77.689,400
3566,2021-11-02 18:50:00,77.811,77.834,77.632,77.66,4976
3567,2021-11-02 18:45:00,77.801,77.848,77.705,77.758,4746
3568,2021-11-02 18:40:00,77.791,77.814,77.676,77.709,11464
3569,2021-11-02 18:35:00,77.781,77.804,77.676,77.704,1200
3570,2021-11-02 18:30:00,77.781,77.804,77.691,77.719,1900
3571,2021-11-02 18:25:00,77.776,77.799,77.676,77.704,1972
3572,2021-11-02 18:20:00,77.722,77.745,77.632,77.66,1200
3573,2021-11-02 18:15:00,77.712,77.735,77.627,77.655,1184
3574,2021-11-02 18:10:00,77.747,77.77,77.651,77.68,400
3575,2021-11-02 18:05:00,77.806,77.843,77.632,77.699,5190
3576,2021-11-02 18:00:00,77.855,77.878,77.71,77.738,22900
3577,2021-11-02 17:55:00,77.865,77.888,77.779,77.807,400
3578,2021-11-02 17:50:00,77.855,77.878,77.769,77.797,1000
3579,2021-11-02 17:45:00,77.894,77.917,77.808,77.837,200
3580,2021-11-02 17:35:00,77.889,77.912,77.803,77.832,200
3581,2021-11-02 17:30:00,77.928,77.951,77.843,77.871,828
3582,2021-11-02 17:25:00,77.899,77.947,77.813,77.866,414
3583,2021-11-02 17:20:00,77.914,77.956,77.798,77.876,2790
3584,2021-11-02 17:15:00,77.919,77.942,77.774,77.802,2776
3585,2021-11-02 17:10:00,77.919,77.942,77.794,77.822,4284
3586,2021-11-02 17:05:00,77.924,77.971,77.818,77.846,1780
3587,2021-11-02 17:00:00,77.948,77.971,77.813,77.841,2146
3588,2021-11-02 16:55:00,77.953,77.986,77.852,77.891,2750
3589,2021-11-02 16:50:00,77.968,77.991,77.857,77.9,4000
3590,2021-11-02 16:45:00,77.978,78.01,77.887,77.915,7690
3591,2021-11-02 16:40:00,77.953,77.991,77.867,77.91,8766
3592,2021-11-02 16:35:00,77.973,78.005,77.862,77.91,2116
3593,2021-11-02 16:30:00,77.963,77.986,77.862,77.905,5410
3594,2021-11-02 16:25:00,77.953,77.981,77.867,77.9,1200
3595,2021-11-02 16:20:00,77.948,77.986,77.862,77.891,13078
3596,2021-11-02 16:15:00,77.958,77.981,77.828,77.881,10752
3597,2021-11-02 16:10:00,77.909,77.971,77.789,77.881,6500
3598,2021-11-02 16:05:00,77.914,77.951,77.794,77.871,29520
3599,2021-11-02 16:00:00,78.002,78.025,77.789,77.837,149480
3600,2021-11-02 15:55:00,77.914,78.064,77.708,77.949,691532
3601,2021-11-02 15:50:00,78.115,78.182,77.661,77.855,776964
3602,2021-11-02 15:45:00,78.135,78.256,77.965,78.067,537584
3603,2021-11-02 15:40:00,77.958,78.197,77.852,78.075,780702
3604,2021-11-02 15:35:00,77.889,77.991,77.769,77.9,347334
3605,2021-11-02 15:30:00,77.899,77.956,77.641,77.832,392210
3606,2021-11-02 15:25:00,77.82,77.937,77.627,77.841,321456
3607,2021-11-02 15:20:00,77.791,77.867,77.676,77.763,211276
3608,2021-11-02 15:15:00,77.904,77.942,77.671,77.724,841816
3609,2021-11-02 15:10:00,77.98,78.033,77.791,77.846,357542
3610,2021-11-02 15:05:00,77.885,78.045,77.794,77.921,540720
3611,2021-11-02 15:00:00,77.84,77.917,77.73,77.832,433622
3612,2021-11-02 14:55:00,77.688,77.883,77.573,77.787,602606
3613,2021-11-02 14:50:00,77.639,77.755,77.499,77.626,542172
3614,2021-11-02 14:45:00,77.472,77.666,77.372,77.573,461358
3615,2021-11-02 14:40:00,77.437,77.573,77.332,77.414,351948
3616,2021-11-02 14:35:00,77.246,77.47,77.117,77.385,463884
3617,2021-11-02 14:30:00,77.418,77.445,77.151,77.184,421864
3618,2021-11-02 14:25:00,77.339,77.485,77.166,77.341,407410
3619,2021-11-02 14:20:00,77.477,77.529,77.21,77.282,357520
3620,2021-11-02 14:15:00,77.388,77.529,77.148,77.419,562290
3621,2021-11-02 14:10:00,77.393,77.465,77.244,77.324,326094
3622,2021-11-02 14:05:00,77.58,77.608,77.264,77.316,452136
3623,2021-11-02 14:00:00,77.668,77.725,77.421,77.518,259978
3624,2021-11-02 13:55:00,77.624,77.73,77.538,77.611,258158
3625,2021-11-02 13:50:00,77.644,77.77,77.489,77.572,363912
3626,2021-11-02 13:45:00,77.7,77.724,77.489,77.591,302740
3627,2021-11-02 13:40:00,77.614,77.721,77.504,77.64,391956
3628,2021-11-02 13:35:00,77.565,77.661,77.372,77.557,579204
3629,2021-11-02 13:30:00,77.619,77.684,77.48,77.513,447308
3630,2021-11-02 13:25:00,77.928,77.951,77.514,77.562,477580
3631,2021-11-02 13:20:00,77.811,77.996,77.691,77.871,355848
3632,2021-11-02 13:15:00,77.897,77.954,77.701,77.748,280060
3633,2021-11-02 13:10:00,77.86,77.991,77.745,77.837,312194
3634,2021-11-02 13:05:00,77.894,77.976,77.686,77.802,352774
3635,2021-11-02 13:00:00,77.899,77.959,77.656,77.832,373102
3636,2021-11-02 12:55:00,77.922,77.976,77.794,77.837,312280
3637,2021-11-02 12:50:00,77.83,77.971,77.691,77.866,558484
3638,2021-11-02 12:45:00,77.683,77.872,77.597,77.773,486050
3639,2021-11-02 12:40:00,77.624,77.721,77.509,77.626,361422
3640,2021-11-02 12:35:00,77.599,77.721,77.504,77.562,273984
3641,2021-11-02 12:30:00,77.693,77.745,77.381,77.537,357142
3642,2021-11-02 12:25:00,77.717,77.76,77.558,77.635,322336
3643,2021-11-02 12:20:00,77.537,77.745,77.452,77.65,452742
3644,2021-11-02 12:15:00,77.56,77.607,77.337,77.473,367058
3645,2021-11-02 12:10:00,77.364,77.598,77.215,77.508,729084
3646,2021-11-02 12:05:00,77.501,77.567,77.264,77.304,606284
3647,2021-11-02 12:00:00,77.693,77.74,77.333,77.449,694094
3648,2021-11-02 11:55:00,77.752,77.824,77.568,77.635,503028
3649,2021-11-02 11:50:00,78.065,78.114,77.652,77.699,717820
3650,2021-11-02 11:45:00,78.159,78.3,77.97,77.999,879618
3651,2021-11-02 11:40:00,77.83,78.182,77.725,78.097,734758
3652,2021-11-02 11:35:00,77.845,77.937,77.698,77.783,440390
3653,2021-11-02 11:30:00,77.924,77.956,77.74,77.797,429978
3654,2021-11-02 11:25:00,77.801,77.991,77.646,77.856,730078
3655,2021-11-02 11:20:00,77.712,77.834,77.601,77.738,493044
3656,2021-11-02 11:15:00,77.673,77.76,77.543,77.67,487898
3657,2021-11-02 11:10:00,77.663,77.794,77.524,77.63,447840
3658,2021-11-02 11:05:00,77.948,77.974,77.556,77.596,754654
3659,2021-11-02 11:00:00,77.86,78.114,77.771,77.891,1003646
3660,2021-11-02 10:55:00,77.909,78.03,77.749,77.802,595896
3661,2021-11-02 10:50:00,77.889,78.04,77.745,77.861,631090
3662,2021-11-02 10:45:00,77.727,77.922,77.529,77.837,687736
3663,2021-11-02 10:40:00,77.914,77.981,77.534,77.665,678710
3664,2021-11-02 10:35:00,77.884,77.991,77.637,77.866,864272
3665,2021-11-02 10:30:00,77.815,77.965,77.686,77.832,764824
3666,2021-11-02 10:25:00,77.609,77.848,77.504,77.758,1111652
3667,2021-11-02 10:20:00,77.408,77.647,77.318,77.547,1083156
3668,2021-11-02 10:15:00,77.197,77.539,77.107,77.346,1161902
3669,2021-11-02 10:10:00,77.427,77.524,76.955,77.131,1317592
3670,2021-11-02 10:05:00,77.899,77.947,77.318,77.375,1070434
3671,2021-11-02 10:00:00,77.933,78.035,77.74,77.837,863724
3672,2021-11-02 09:55:00,78.002,78.042,77.695,77.871,907254
3673,2021-11-02 09:50:00,77.978,78.133,77.74,77.954,1429754
3674,2021-11-02 09:45:00,77.815,78.006,77.578,77.915,1902436
3675,2021-11-02 09:40:00,77.587,77.853,77.382,77.758,1902450
3676,2021-11-02 09:35:00,76.779,77.608,76.695,77.527,1740954
3677,2021-11-02 09:30:00,76.637,76.979,76.518,76.718,1230514
3678,2021-11-02 09:25:00,76.745,76.767,76.542,76.57,7602
3679,2021-11-02 09:20:00,76.715,76.777,76.631,76.688,8326
3680,2021-11-02 09:15:00,76.705,76.792,76.611,76.659,12700
3681,2021-11-02 09:10:00,76.671,76.733,76.562,76.649,9430
3682,2021-11-02 09:05:00,76.651,76.689,76.567,76.605,7538
3683,2021-11-02 09:00:00,76.646,76.728,76.562,76.614,28502
3684,2021-11-02 08:55:00,76.73,76.782,76.587,76.614,14254
3685,2021-11-02 08:50:00,76.661,76.9,76.577,76.678,29936
3686,2021-11-02 08:45:00,76.671,76.708,76.552,76.61,24770
3687,2021-11-02 08:40:00,76.691,76.713,76.582,76.61,5000
3688,2021-11-02 08:35:00,76.676,76.733,76.592,76.654,2700
3689,2021-11-02 08:30:00,76.646,76.748,76.562,76.59,3186
3690,2021-11-02 08:25:00,76.602,76.704,76.518,76.605,5846
3691,2021-11-02 08:20:00,76.627,76.674,76.513,76.556,6240
3692,2021-11-02 08:15:00,76.696,76.728,76.542,76.57,5498
3693,2021-11-02 08:10:00,76.607,76.733,76.523,76.639,9122
3694,2021-11-02 08:05:00,76.607,76.649,76.484,76.556,27770
3695,2021-11-02 08:00:00,76.612,76.787,76.439,76.556,35482
3696,2021-11-02 07:55:00,76.612,76.649,76.528,76.57,1398
3697,2021-11-02 07:50:00,76.642,76.664,76.508,76.536,3200
3698,2021-11-02 07:45:00,76.71,76.733,76.582,76.61,4000
3699,2021-11-02 07:40:00,76.745,76.777,76.646,76.673,5080
3700,2021-11-02 07:35:00,76.74,76.792,76.655,76.683,12296
3701,2021-11-02 07:30:00,76.622,76.787,76.533,76.703,17406
3702,2021-11-02 07:25:00,76.592,76.659,76.503,76.57,4200
3703,2021-11-02 07:20:00,76.617,76.684,76.508,76.546,4918
3704,2021-11-02 07:15:00,76.583,76.635,76.459,76.551,14558
3705,2021-11-02 07:10:00,76.573,76.645,76.489,76.556,14278
3706,2021-11-02 07:05:00,76.622,76.645,76.415,76.521,21458
3707,2021-11-02 07:00:00,76.622,76.689,76.538,76.58,15424
3708,2021-11-02 06:55:00,76.622,76.659,76.533,76.56,1988
3709,2021-11-02 06:50:00,76.637,76.674,76.547,76.595,10918
3710,2021-11-02 06:40:00,76.597,76.694,76.513,76.614,5100
3711,2021-11-02 06:30:00,76.597,76.62,76.498,76.526,8354
3712,2021-11-02 06:25:00,76.583,76.63,76.498,76.531,2860
3713,2021-11-02 06:20:00,76.548,76.605,76.464,76.526,1164
3714,2021-11-02 06:15:00,76.597,76.63,76.513,76.551,2050
3715,2021-11-02 06:10:00,76.588,76.61,76.503,76.531,600
3716,2021-11-02 06:05:00,76.568,76.591,76.484,76.511,400
3717,2021-11-02 06:00:00,76.578,76.64,76.493,76.541,3188
3718,2021-11-02 05:55:00,76.588,76.61,76.503,76.531,2000
3719,2021-11-02 05:50:00,76.475,76.502,76.376,76.423,908
3720,2021-11-02 05:45:00,76.465,76.497,76.376,76.418,10106
3721,2021-11-02 05:40:00,76.504,76.527,76.39,76.418,692
3722,2021-11-02 05:35:00,76.558,76.581,76.435,76.462,2718
3723,2021-11-02 05:25:00,76.622,76.694,76.538,76.614,6394
3724,2021-11-02 05:20:00,76.475,76.694,76.346,76.605,22662
3725,2021-11-02 05:15:00,76.543,76.61,76.43,76.457,900
3726,2021-11-02 05:10:00,76.553,76.595,76.469,76.516,1630
3727,2021-11-02 05:05:00,76.524,76.591,76.435,76.511,1620
3728,2021-11-02 05:00:00,76.592,76.615,76.41,76.467,3194
3729,2021-11-02 04:55:00,76.671,76.704,76.489,76.526,9324
3730,2021-11-02 04:50:00,76.676,76.718,76.557,76.585,1636
3731,2021-11-02 04:45:00,76.745,76.767,76.606,76.634,2568
3732,2021-11-02 04:40:00,76.764,76.797,76.655,76.683,6640
3733,2021-11-02 04:35:00,76.75,76.797,76.665,76.703,1888
3734,2021-11-02 04:30:00,76.72,76.802,76.636,76.722,2798
3735,2021-11-02 04:25:00,76.745,76.767,76.66,76.688,888
3736,2021-11-02 04:20:00,76.642,76.733,76.557,76.654,4858
3737,2021-11-02 04:15:00,76.769,76.792,76.596,76.649,3308
3738,2021-11-02 04:10:00,76.72,76.743,76.636,76.664,328
3739,2021-11-02 04:05:00,76.686,76.782,76.601,76.649,5562
3740,2021-11-02 04:00:00,76.892,76.925,76.552,76.629,45390
3741,2021-11-01 19:55:00,76.818,76.856,76.685,76.713,6578
3742,2021-11-01 19:50:00,76.838,76.861,76.724,76.772,5130
3743,2021-11-01 19:45:00,76.858,76.885,76.729,76.776,13488
3744,2021-11-01 19:40:00,76.848,76.88,76.719,76.776,1640
3745,2021-11-01 19:35:00,76.868,76.89,76.749,76.776,3748
3746,2021-11-01 19:30:00,76.931,76.954,76.749,76.776,2654
3747,2021-11-01 19:25:00,76.912,76.979,76.827,76.899,3448
3748,2021-11-01 19:20:00,76.887,76.939,76.803,76.85,7800
3749,2021-11-01 19:15:00,76.823,76.925,76.739,76.845,8704
3750,2021-11-01 19:10:00,76.902,76.925,76.714,76.742,31660
3751,2021-11-01 19:05:00,76.887,76.91,76.724,76.801,6550
3752,2021-11-01 19:00:00,76.892,76.915,76.807,76.835,200
3753,2021-11-01 18:55:00,76.946,77.018,76.852,76.929,3732
3754,2021-11-01 18:50:00,76.956,76.979,76.861,76.89,3674
3755,2021-11-01 18:45:00,77.005,77.028,76.856,76.884,3110
3756,2021-11-01 18:40:00,76.956,77.033,76.871,76.948,10434
3757,2021-11-01 18:35:00,76.892,76.954,76.807,76.875,2716
3758,2021-11-01 18:30:00,76.936,76.988,76.832,76.86,7500
3759,2021-11-01 18:25:00,76.892,76.944,76.807,76.865,1670
3760,2021-11-01 18:20:00,76.755,76.88,76.67,76.796,7948
3761,2021-11-01 18:15:00,76.779,76.802,76.675,76.703,4200
3762,2021-11-01 18:10:00,76.799,76.836,76.699,76.727,2208
3763,2021-11-01 18:05:00,76.818,76.841,76.685,76.732,19566
3764,2021-11-01 18:00:00,76.941,76.964,76.734,76.767,39004
3765,2021-11-01 17:55:00,76.941,76.984,76.852,76.88,2400
3766,2021-11-01 17:50:00,76.966,77.008,76.803,76.884,10176
3767,2021-11-01 17:45:00,76.917,76.984,76.807,76.904,10914
3768,2021-11-01 17:40:00,76.877,76.939,76.788,76.855,2800
3769,2021-11-01 17:35:00,76.897,76.93,76.812,76.85,400
3770,2021-11-01 17:30:00,76.868,76.915,76.783,76.811,2756
3771,2021-11-01 17:25:00,76.931,76.979,76.807,76.835,2610
3772,2021-11-01 17:20:00,76.877,76.9,76.793,76.821,700
3773,2021-11-01 17:15:00,76.917,76.94,76.807,76.835,5424
3774,2021-11-01 17:10:00,76.917,76.939,76.832,76.86,298
3775,2021-11-01 17:05:00,76.961,76.984,76.867,76.895,950
3776,2021-11-01 17:00:00,76.936,76.979,76.852,76.899,2732
3777,2021-11-01 16:55:00,76.912,76.939,76.798,76.826,2630
3778,2021-11-01 16:50:00,76.956,76.993,76.832,76.86,13696
3779,2021-11-01 16:45:00,76.946,76.969,76.829,76.87,16360
3780,2021-11-01 16:40:00,76.936,76.998,76.842,76.87,12018
3781,2021-11-01 16:35:00,76.961,76.993,76.866,76.899,16196
3782,2021-11-01 16:30:00,76.907,76.988,76.812,76.909,21542
3783,2021-11-01 16:25:00,76.872,76.934,76.778,76.84,18106
3784,2021-11-01 16:20:00,76.858,76.9,76.758,76.821,10464
3785,2021-11-01 16:15:00,76.961,76.984,76.685,76.776,13968
3786,2021-11-01 16:10:00,76.745,76.89,76.646,76.762,23958
3787,2021-11-01 16:05:00,76.897,76.92,76.68,76.718,23214
3788,2021-11-01 16:00:00,77.02,77.082,76.778,76.845,242126
3789,2021-11-01 15:55:00,76.607,77.101,76.523,76.933,1699410
3790,2021-11-01 15:50:00,76.602,76.718,76.42,76.556,1286186
3791,2021-11-01 15:45:00,76.543,76.669,76.415,76.556,386010
3792,2021-11-01 15:40:00,76.484,76.59,76.346,76.467,396288
3793,2021-11-01 15:35:00,76.602,76.664,76.302,76.427,744586
3794,2021-11-01 15:30:00,76.411,76.635,76.326,76.551,579602
3795,2021-11-01 15:25:00,76.415,76.473,76.292,76.364,465502
3796,2021-11-01 15:20:00,76.224,76.433,76.008,76.354,897984
3797,2021-11-01 15:15:00,76.214,76.271,76.052,76.163,403846
3798,2021-11-01 15:10:00,76.111,76.252,76.022,76.168,399576
3799,2021-11-01 15:05:00,76.138,76.178,75.991,76.054,324850
3800,2021-11-01 15:00:00,76.047,76.158,75.902,76.079,386566
3801,2021-11-01 14:55:00,75.988,76.134,75.897,75.994,337278
3802,2021-11-01 14:50:00,76.025,76.109,75.892,75.923,403686
3803,2021-11-01 14:45:00,75.964,76.099,75.865,75.962,415694
3804,2021-11-01 14:40:00,75.821,75.996,75.735,75.918,269816
3805,2021-11-01 14:35:00,75.922,76.016,75.738,75.765,341388
3806,2021-11-01 14:30:00,75.78,75.962,75.674,75.873,427640
3807,2021-11-01 14:25:00,75.88,75.937,75.684,75.721,343734
3808,2021-11-01 14:20:00,75.63,75.927,75.522,75.828,656546
3809,2021-11-01 14:15:00,75.684,75.758,75.449,75.576,827514
3810,2021-11-01 14:10:00,75.974,76.045,75.6,75.648,615780
3811,2021-11-01 14:05:00,75.885,76.021,75.787,75.918,301774
3812,2021-11-01 14:00:00,75.959,76.05,75.772,75.822,421896
3813,2021-11-01 13:55:00,75.816,76.006,75.728,75.913,442944
3814,2021-11-01 13:50:00,75.954,76.023,75.713,75.756,343786
3815,2021-11-01 13:45:00,75.885,76.048,75.802,75.898,486430
3816,2021-11-01 13:40:00,76.209,76.232,75.777,75.824,957062
3817,2021-11-01 13:35:00,76.155,76.301,76.052,76.156,351528
3818,2021-11-01 13:30:00,76.2,76.222,75.944,76.104,543712
3819,2021-11-01 13:25:00,76.263,76.319,76.024,76.139,603012
3820,2021-11-01 13:20:00,76.514,76.571,76.11,76.212,837370
3821,2021-11-01 13:15:00,76.563,76.708,76.395,76.467,604998
3822,2021-11-01 13:10:00,76.548,76.595,76.4,76.506,476418
3823,2021-11-01 13:05:00,76.634,76.728,76.452,76.487,556884
3824,2021-11-01 13:00:00,76.548,76.733,76.455,76.58,556030
3825,2021-11-01 12:55:00,76.509,76.595,76.376,76.492,422832
3826,2021-11-01 12:50:00,76.524,76.576,76.41,76.453,315882
3827,2021-11-01 12:45:00,76.563,76.586,76.376,76.467,442556
3828,2021-11-01 12:40:00,76.524,76.653,76.435,76.511,703398
3829,2021-11-01 12:35:00,76.444,76.576,76.336,76.467,478292
3830,2021-11-01 12:30:00,76.494,76.541,76.351,76.389,274582
3831,2021-11-01 12:25:00,76.484,76.532,76.302,76.433,390608
3832,2021-11-01 12:20:00,76.475,76.578,76.361,76.428,254474
3833,2021-11-01 12:15:00,76.534,76.57,76.332,76.428,290880
3834,2021-11-01 12:10:00,76.578,76.61,76.405,76.472,322324
3835,2021-11-01 12:05:00,76.475,76.614,76.371,76.535,499466
3836,2021-11-01 12:00:00,76.558,76.593,76.381,76.423,294372
3837,2021-11-01 11:55:00,76.381,76.586,76.297,76.497,636858
3838,2021-11-01 11:50:00,76.484,76.517,76.273,76.33,494390
3839,2021-11-01 11:45:00,76.327,76.522,76.179,76.423,679464
3840,2021-11-01 11:40:00,76.327,76.36,76.14,76.281,488176
3841,2021-11-01 11:35:00,76.371,76.394,76.189,76.271,422230
3842,2021-11-01 11:30:00,76.322,76.433,76.209,76.315,359000
3843,2021-11-01 11:25:00,76.322,76.36,76.175,76.261,394806
3844,2021-11-01 11:20:00,76.155,76.395,76.057,76.276,1020440
3845,2021-11-01 11:15:00,76.033,76.207,75.924,76.104,591622
3846,2021-11-01 11:10:00,76.06,76.116,75.856,75.962,431236
3847,2021-11-01 11:05:00,76.013,76.153,75.927,76.006,367082
3848,2021-11-01 11:00:00,75.787,76.119,75.679,75.957,744520
3849,2021-11-01 10:55:00,75.846,75.937,75.596,75.736,553196
3850,2021-11-01 10:50:00,75.92,76.119,75.755,75.785,750712
3851,2021-11-01 10:45:00,75.664,75.967,75.561,75.873,696836
3852,2021-11-01 10:40:00,75.812,75.908,75.443,75.608,1046862
3853,2021-11-01 10:35:00,75.841,75.947,75.62,75.746,591876
3854,2021-11-01 10:30:00,75.964,76.05,75.681,75.78,788246
3855,2021-11-01 10:25:00,75.797,76.075,75.699,75.918,732416
3856,2021-11-01 10:20:00,75.674,75.937,75.591,75.737,781244
3857,2021-11-01 10:15:00,75.713,75.883,75.512,75.618,931024
3858,2021-11-01 10:10:00,75.703,75.858,75.443,75.643,1149016
3859,2021-11-01 10:05:00,75.369,75.77,75.277,75.648,1069118
3860,2021-11-01 10:00:00,75.762,75.795,75.154,75.299,2203748
3861,2021-11-01 09:55:00,76.096,76.178,75.571,75.701,1083632
3862,2021-11-01 09:50:00,75.753,76.158,75.605,76.072,1174192
3863,2021-11-01 09:45:00,75.939,76.212,75.654,75.706,1670380
3864,2021-11-01 09:40:00,76.033,76.094,75.708,75.893,1374874
3865,2021-11-01 09:35:00,76.254,76.286,75.684,75.981,1607648
3866,2021-11-01 09:30:00,76.524,76.699,76.047,76.18,1724296
3867,2021-11-01 09:25:00,76.607,76.645,76.444,76.482,67262
3868,2021-11-01 09:20:00,76.622,76.649,76.498,76.56,36482
3869,2021-11-01 09:15:00,76.617,76.669,76.493,76.575,30400
3870,2021-11-01 09:10:00,76.489,76.645,76.405,76.565,43714
3871,2021-11-01 09:05:00,76.592,76.64,76.341,76.408,33508
3872,2021-11-01 09:00:00,76.646,76.679,76.508,76.556,65906
3873,2021-11-01 08:55:00,76.646,76.699,76.542,76.595,18416
3874,2021-11-01 08:50:00,76.529,76.694,76.444,76.595,43344
3875,2021-11-01 08:45:00,76.681,76.738,76.444,76.482,33902
3876,2021-11-01 08:40:00,76.705,76.733,76.533,76.595,36374
3877,2021-11-01 08:35:00,76.779,76.817,76.636,76.664,52392
3878,2021-11-01 08:30:00,76.907,76.93,76.695,76.722,40738
3879,2021-11-01 08:25:00,76.99,77.018,76.856,76.899,36134
3880,2021-11-01 08:20:00,76.98,77.028,76.847,76.948,28702
3881,2021-11-01 08:15:00,76.961,77.018,76.837,76.924,8748
3882,2021-11-01 08:10:00,77.03,77.057,76.871,76.899,59280
3883,2021-11-01 08:05:00,77.059,77.101,76.906,76.968,21200
3884,2021-11-01 08:00:00,77.187,77.288,76.95,77.007,91298
3885,2021-11-01 07:55:00,77.089,77.131,77.004,77.037,8906
3886,2021-11-01 07:50:00,77.098,77.131,76.979,77.007,23930
3887,2021-11-01 07:45:00,77.079,77.146,76.984,77.027,7758
3888,2021-11-01 07:40:00,77.089,77.126,76.984,77.027,26478
3889,2021-11-01 07:35:00,77.167,77.19,77.028,77.061,25816
3890,2021-11-01 07:30:00,77.211,77.234,77.053,77.11,14884
3891,2021-11-01 07:25:00,77.143,77.249,77.058,77.154,8990
3892,2021-11-01 07:20:00,77.211,77.234,77.063,77.091,13442
3893,2021-11-01 07:15:00,77.172,77.332,77.067,77.184,18454
3894,2021-11-01 07:10:00,77.241,77.264,77.087,77.13,16142
3895,2021-11-01 07:05:00,77.236,77.288,77.117,77.199,15596
3896,2021-11-01 07:00:00,77.192,77.264,77.097,77.184,29006
3897,2021-11-01 06:55:00,77.152,77.224,77.067,77.135,2428
3898,2021-11-01 06:50:00,77.157,77.214,77.063,77.125,8642
3899,2021-11-01 06:45:00,77.123,77.17,77.038,77.091,4342
3900,2021-11-01 06:40:00,77.128,77.18,77.043,77.1,3700
3901,2021-11-01 06:35:00,77.138,77.16,77.028,77.056,7292
3902,2021-11-01 06:30:00,77.035,77.136,76.945,77.056,8998
3903,2021-11-01 06:25:00,77.035,77.057,76.95,76.978,596
3904,2021-11-01 06:20:00,77.064,77.092,76.979,77.012,600
3905,2021-11-01 06:15:00,77.025,77.047,76.94,76.968,1682
3906,2021-11-01 06:10:00,77.044,77.067,76.915,76.968,8008
3907,2021-11-01 06:05:00,77.044,77.067,76.94,76.968,4172
3908,2021-11-01 06:00:00,77.064,77.092,76.979,77.012,400
3909,2021-11-01 05:55:00,77.054,77.126,76.945,77.046,1640
3910,2021-11-01 05:50:00,77.059,77.082,76.974,77.002,200
3911,2021-11-01 05:45:00,77.084,77.106,76.935,77.002,5008
3912,2021-11-01 05:40:00,77.147,77.19,77.004,77.046,2904
3913,2021-11-01 05:35:00,77.128,77.185,77.043,77.081,11340
3914,2021-11-01 05:30:00,77.113,77.185,77.018,77.1,23852
3915,2021-11-01 05:25:00,77.172,77.195,77.018,77.061,3936
3916,2021-11-01 05:20:00,77.216,77.249,77.082,77.115,39028
3917,2021-11-01 05:15:00,77.226,77.264,77.136,77.184,1974
3918,2021-11-01 05:10:00,77.256,77.278,77.107,77.179,3412
3919,2021-11-01 05:05:00,77.221,77.278,77.136,77.199,3110
3920,2021-11-01 05:00:00,77.098,77.185,76.999,77.105,3822
3921,2021-11-01 04:55:00,77.084,77.16,76.974,77.081,1460
3922,2021-11-01 04:50:00,77.015,77.087,76.93,77.007,1082
3923,2021-11-01 04:45:00,77.054,77.082,76.935,76.963,5400
3924,2021-11-01 04:40:00,77.069,77.092,76.935,76.992,2956
3925,2021-11-01 04:35:00,77.015,77.136,76.93,77.041,5570
3926,2021-11-01 04:30:00,77.044,77.106,76.925,76.968,4824
3927,2021-11-01 04:25:00,77.015,77.047,76.881,76.963,10108
3928,2021-11-01 04:20:00,77.03,77.087,76.945,76.987,1650
3929,2021-11-01 04:15:00,76.892,77.043,76.807,76.929,9298
3930,2021-11-01 04:10:00,76.784,76.851,76.68,76.772,6000
3931,2021-11-01 04:05:00,76.848,76.871,76.685,76.732,5402
3932,2021-11-01 04:00:00,76.622,76.925,76.533,76.781,34356
