,timestamp,open,high,low,close,volume
0,2022-01-31 19:55:00,60.482,60.53,60.386,60.457,33399
1,2022-01-31 19:50:00,60.492,60.569,60.386,60.438,12683
2,2022-01-31 19:45:00,60.384,60.559,60.318,60.467,25280
3,2022-01-31 19:40:00,60.374,60.422,60.278,60.32,2716
4,2022-01-31 19:35:00,60.374,60.402,60.268,60.339,34966
5,2022-01-31 19:30:00,60.374,60.402,60.288,60.32,5305
6,2022-01-31 19:25:00,60.394,60.422,60.288,60.33,5416
7,2022-01-31 19:20:00,60.355,60.412,60.278,60.33,3012
8,2022-01-31 19:15:00,60.364,60.441,60.288,60.31,17715
9,2022-01-31 19:10:00,60.355,60.372,60.249,60.281,5022
10,2022-01-31 19:05:00,60.364,60.402,60.229,60.251,13114
11,2022-01-31 19:00:00,60.384,60.402,60.278,60.3,2492
12,2022-01-31 18:55:00,60.404,60.431,60.308,60.369,12012
13,2022-01-31 18:50:00,60.423,60.451,60.327,60.349,6146
14,2022-01-31 18:45:00,60.453,60.471,60.318,60.349,9216
15,2022-01-31 18:40:00,60.413,60.48,60.298,60.408,9289
16,2022-01-31 18:35:00,60.325,60.451,60.259,60.379,5960
17,2022-01-31 18:30:00,60.394,60.431,60.219,60.281,10167
18,2022-01-31 18:25:00,60.482,60.53,60.298,60.32,10447
19,2022-01-31 18:20:00,60.482,60.53,60.386,60.457,13405
20,2022-01-31 18:15:00,60.374,60.49,60.308,60.379,26377
21,2022-01-31 18:10:00,60.551,60.569,60.268,60.32,3833
22,2022-01-31 18:05:00,60.315,60.608,60.249,60.497,12843
23,2022-01-31 18:00:00,60.384,60.628,60.318,60.359,40881
24,2022-01-31 17:55:00,60.305,60.431,60.219,60.369,23500
25,2022-01-31 17:50:00,60.364,60.382,60.19,60.261,24391
26,2022-01-31 17:45:00,60.413,60.441,60.259,60.349,12645
27,2022-01-31 17:40:00,60.453,60.48,60.327,60.349,8647
28,2022-01-31 17:35:00,60.443,60.5,60.347,60.369,6383
29,2022-01-31 17:30:00,60.463,60.49,60.347,60.428,19981
30,2022-01-31 17:25:00,60.413,60.49,60.298,60.428,3781
31,2022-01-31 17:20:00,60.374,60.441,60.288,60.369,15320
32,2022-01-31 17:15:00,60.296,60.431,60.229,60.369,13040
33,2022-01-31 17:10:00,60.276,60.362,60.17,60.251,5867
34,2022-01-31 17:05:00,60.315,60.372,60.2,60.31,18588
35,2022-01-31 17:00:00,60.335,60.353,60.249,60.271,15390
36,2022-01-31 16:55:00,60.315,60.392,60.229,60.3,27499
37,2022-01-31 16:50:00,60.305,60.343,60.239,60.271,15044
38,2022-01-31 16:45:00,60.315,60.363,60.239,60.271,27254
39,2022-01-31 16:40:00,60.296,60.353,60.229,60.271,12012
40,2022-01-31 16:35:00,60.315,60.5,60.2,60.241,40052
41,2022-01-31 16:30:00,60.364,60.412,60.239,60.261,31368
42,2022-01-31 16:25:00,60.345,60.431,60.259,60.32,31750
43,2022-01-31 16:20:00,60.364,60.382,60.229,60.3,87154
44,2022-01-31 16:15:00,60.246,60.382,60.18,60.32,58053
45,2022-01-31 16:10:00,60.512,60.539,60.121,60.192,113935
46,2022-01-31 16:05:00,60.345,60.539,60.278,60.477,158016
47,2022-01-31 16:00:00,60.757,60.805,60.239,60.32,394768
48,2022-01-31 15:55:00,60.816,60.982,60.484,60.712,2792000
49,2022-01-31 15:50:00,60.355,60.923,60.239,60.771,2982471
50,2022-01-31 15:45:00,59.913,60.402,59.791,60.32,1932467
51,2022-01-31 15:40:00,59.814,60.029,59.65,59.858,1211368
52,2022-01-31 15:35:00,60.021,60.117,59.621,59.77,1528216
53,2022-01-31 15:30:00,59.284,60.068,59.022,59.986,2075198
54,2022-01-31 15:25:00,59.323,59.498,59.062,59.24,1194271
55,2022-01-31 15:20:00,58.753,59.429,58.65,59.284,2145060
56,2022-01-31 15:15:00,58.92,59.115,58.581,58.7,1810366
57,2022-01-31 15:10:00,59.353,59.439,58.787,58.877,1672581
58,2022-01-31 15:05:00,59.795,59.842,59.248,59.299,1169634
59,2022-01-31 15:00:00,59.775,59.891,59.601,59.76,685350
60,2022-01-31 14:55:00,59.677,59.94,59.611,59.729,978924
61,2022-01-31 14:50:00,59.696,59.811,59.542,59.633,601317
62,2022-01-31 14:45:00,59.834,59.92,59.483,59.638,959931
63,2022-01-31 14:40:00,59.746,59.871,59.582,59.798,595360
64,2022-01-31 14:35:00,59.76,59.861,59.601,59.697,522934
65,2022-01-31 14:30:00,59.829,59.861,59.562,59.721,606959
66,2022-01-31 14:25:00,59.738,59.861,59.582,59.78,784880
67,2022-01-31 14:20:00,59.608,59.793,59.356,59.692,846884
68,2022-01-31 14:15:00,59.569,59.675,59.444,59.564,498101
69,2022-01-31 14:10:00,59.583,59.685,59.425,59.515,649374
70,2022-01-31 14:05:00,59.254,59.744,59.16,59.543,1419439
71,2022-01-31 14:00:00,59.343,59.438,59.121,59.211,552828
72,2022-01-31 13:55:00,59.215,59.37,59.062,59.299,514671
73,2022-01-31 13:50:00,59.274,59.38,59.052,59.166,553618
74,2022-01-31 13:45:00,59.053,59.331,58.978,59.245,606501
75,2022-01-31 13:40:00,59.215,59.488,58.963,58.995,1036415
76,2022-01-31 13:35:00,58.93,59.336,58.767,59.172,922890
77,2022-01-31 13:30:00,59.028,59.139,58.797,58.887,862298
78,2022-01-31 13:25:00,59.264,59.311,58.905,58.985,879611
79,2022-01-31 13:20:00,59.313,59.39,59.081,59.219,637138
80,2022-01-31 13:15:00,59.254,59.35,59.042,59.26,528446
81,2022-01-31 13:10:00,59.274,59.35,59.022,59.211,573454
82,2022-01-31 13:05:00,59.156,59.36,59.003,59.23,742494
83,2022-01-31 13:00:00,59.362,59.39,59.032,59.11,805249
84,2022-01-31 12:55:00,59.303,59.468,59.238,59.314,900635
85,2022-01-31 12:50:00,59.295,59.37,59.121,59.26,568251
86,2022-01-31 12:45:00,58.96,59.341,58.895,59.26,898077
87,2022-01-31 12:40:00,59.047,59.124,58.836,58.906,589491
88,2022-01-31 12:35:00,58.783,59.075,58.659,58.995,578157
89,2022-01-31 12:30:00,58.881,59.093,58.664,58.739,770045
90,2022-01-31 12:25:00,58.783,58.936,58.532,58.833,840797
91,2022-01-31 12:20:00,59.176,59.262,58.571,58.739,940876
92,2022-01-31 12:15:00,58.911,59.291,58.757,59.133,1088173
93,2022-01-31 12:10:00,59.01,59.174,58.806,58.867,897342
94,2022-01-31 12:05:00,59.225,59.341,58.934,58.965,834235
95,2022-01-31 12:00:00,59.313,59.38,59.012,59.171,1207080
96,2022-01-31 11:55:00,59.303,59.429,59.179,59.278,1226871
97,2022-01-31 11:50:00,58.901,59.341,58.777,59.258,1513361
98,2022-01-31 11:45:00,58.724,58.948,58.563,58.861,1026785
99,2022-01-31 11:40:00,58.655,58.83,58.483,58.661,870363
100,2022-01-31 11:35:00,58.714,58.849,58.512,58.603,855262
101,2022-01-31 11:30:00,58.174,58.743,58.012,58.661,1387626
102,2022-01-31 11:25:00,58.125,58.387,57.992,58.141,1127321
103,2022-01-31 11:20:00,58.214,58.535,57.992,58.092,1151133
104,2022-01-31 11:15:00,58.41,58.515,58.061,58.17,1033548
105,2022-01-31 11:10:00,58.449,58.496,57.982,58.366,1337552
106,2022-01-31 11:05:00,58.852,58.898,58.376,58.397,1153957
107,2022-01-31 11:00:00,58.655,58.957,58.522,58.798,1653678
108,2022-01-31 10:55:00,58.577,58.682,58.247,58.612,1182694
109,2022-01-31 10:50:00,58.213,58.741,58.056,58.533,1577552
110,2022-01-31 10:45:00,58.41,58.427,57.894,58.16,1240155
111,2022-01-31 10:40:00,58.174,58.476,57.845,58.376,1771422
112,2022-01-31 10:35:00,58.223,58.466,57.913,58.131,1387694
113,2022-01-31 10:30:00,58.033,58.318,57.815,58.197,1725181
114,2022-01-31 10:25:00,58.518,58.682,57.924,57.985,2019195
115,2022-01-31 10:20:00,58.174,58.771,58.012,58.484,2109322
116,2022-01-31 10:15:00,58.351,58.596,58.012,58.121,2509681
117,2022-01-31 10:10:00,58.567,58.623,58.12,58.298,2518043
118,2022-01-31 10:05:00,57.918,58.584,57.737,58.523,2496371
119,2022-01-31 10:00:00,57.694,58.083,57.59,57.876,2789564
120,2022-01-31 09:55:00,57.466,57.759,57.315,57.65,2011936
121,2022-01-31 09:50:00,56.671,57.513,56.265,57.424,2497020
122,2022-01-31 09:45:00,56.897,57.081,56.52,56.629,2121150
123,2022-01-31 09:40:00,56.799,57.189,56.707,56.855,3200943
124,2022-01-31 09:35:00,56.445,56.815,56.187,56.757,2971433
125,2022-01-31 09:30:00,56.032,56.481,55.166,56.408,3135827
126,2022-01-31 09:25:00,55.718,56.049,55.657,55.991,73752
127,2022-01-31 09:20:00,55.728,55.803,55.539,55.677,70556
128,2022-01-31 09:15:00,55.767,55.872,55.647,55.696,46343
129,2022-01-31 09:10:00,56.003,56.029,55.697,55.717,67258
130,2022-01-31 09:05:00,55.924,56.088,55.863,55.971,71086
131,2022-01-31 09:00:00,55.846,55.97,55.725,55.883,39350
132,2022-01-31 08:55:00,55.846,56.0,55.715,55.832,39462
133,2022-01-31 08:50:00,55.806,55.892,55.725,55.814,45711
134,2022-01-31 08:45:00,55.797,55.833,55.578,55.736,48376
135,2022-01-31 08:40:00,55.806,55.931,55.666,55.736,140535
136,2022-01-31 08:35:00,55.777,55.909,55.647,55.755,278178
137,2022-01-31 08:30:00,55.472,55.842,55.313,55.755,110428
138,2022-01-31 08:25:00,55.423,55.518,55.274,55.402,46433
139,2022-01-31 08:20:00,55.433,55.518,55.323,55.412,26154
140,2022-01-31 08:15:00,55.639,55.715,55.411,55.451,40626
141,2022-01-31 08:10:00,55.394,55.656,55.323,55.588,36725
142,2022-01-31 08:05:00,55.463,55.479,55.215,55.363,38881
143,2022-01-31 08:00:00,56.003,56.108,54.97,55.451,199117
144,2022-01-31 07:55:00,55.521,55.646,55.401,55.588,21551
145,2022-01-31 07:50:00,55.512,55.616,55.392,55.461,39518
146,2022-01-31 07:45:00,55.433,55.616,55.333,55.49,54558
147,2022-01-31 07:40:00,55.384,55.44,55.156,55.382,18294
148,2022-01-31 07:35:00,55.443,55.518,55.313,55.343,24952
149,2022-01-31 07:30:00,55.286,55.469,55.225,55.412,9293
150,2022-01-31 07:25:00,55.187,55.381,55.127,55.255,21474
151,2022-01-31 07:20:00,55.502,55.518,54.98,55.117,61536
152,2022-01-31 07:15:00,55.472,55.587,55.303,55.53,17673
153,2022-01-31 07:10:00,55.482,55.705,55.421,55.451,34027
154,2022-01-31 07:05:00,55.747,55.813,55.323,55.451,89970
155,2022-01-31 07:00:00,56.062,56.137,55.735,55.755,75557
156,2022-01-31 06:55:00,55.954,56.157,55.892,55.991,9118
157,2022-01-31 06:50:00,55.964,56.108,55.892,55.922,17348
158,2022-01-31 06:45:00,55.934,56.01,55.833,55.912,10148
159,2022-01-31 06:40:00,55.993,56.059,55.814,55.834,16605
160,2022-01-31 06:35:00,56.022,56.078,55.912,55.952,13966
161,2022-01-31 06:30:00,55.983,56.019,55.804,55.952,11068
162,2022-01-31 06:25:00,55.993,56.068,55.755,55.912,14398
163,2022-01-31 06:20:00,56.062,56.167,55.931,56.001,27294
164,2022-01-31 06:15:00,55.993,56.196,55.931,56.138,10290
165,2022-01-31 06:10:00,56.209,56.236,55.912,55.952,8374
166,2022-01-31 06:05:00,56.013,56.216,55.951,56.158,12278
167,2022-01-31 06:00:00,56.14,56.304,55.951,55.971,16715
168,2022-01-31 05:55:00,56.15,56.206,56.01,56.128,4422
169,2022-01-31 05:50:00,56.14,56.255,56.02,56.158,10586
170,2022-01-31 05:45:00,56.14,56.255,56.059,56.079,6332
171,2022-01-31 05:40:00,55.944,56.186,55.833,56.069,15205
172,2022-01-31 05:35:00,56.091,56.118,55.882,55.903,51763
173,2022-01-31 05:30:00,56.14,56.167,55.99,56.03,77008
174,2022-01-31 05:25:00,56.239,56.334,56.108,56.128,4572
175,2022-01-31 05:20:00,56.199,56.285,56.029,56.168,6604
176,2022-01-31 05:15:00,56.121,56.304,56.059,56.227,8408
177,2022-01-31 05:10:00,56.288,56.304,55.922,56.079,32880
178,2022-01-31 05:05:00,56.465,56.481,56.157,56.236,35911
179,2022-01-31 05:00:00,56.435,56.452,56.275,56.374,6515
180,2022-01-31 04:55:00,56.356,56.422,56.226,56.364,16934
181,2022-01-31 04:50:00,56.553,56.589,56.285,56.335,15822
182,2022-01-31 04:45:00,56.543,56.678,56.471,56.531,4774
183,2022-01-31 04:40:00,56.632,56.737,56.422,56.442,14045
184,2022-01-31 04:35:00,56.592,56.658,56.491,56.541,14443
185,2022-01-31 04:30:00,56.582,56.599,56.402,56.511,9020
186,2022-01-31 04:25:00,56.543,56.638,56.442,56.541,11723
187,2022-01-31 04:20:00,56.612,56.658,56.422,56.511,21973
188,2022-01-31 04:15:00,56.681,56.697,56.383,56.59,18553
189,2022-01-31 04:10:00,56.553,56.697,56.432,56.639,15771
190,2022-01-31 04:05:00,56.592,56.629,56.363,56.531,30746
191,2022-01-31 04:00:00,55.993,56.678,54.489,56.541,149406
192,2022-01-28 19:55:00,55.797,55.911,55.657,55.706,24213
193,2022-01-28 19:50:00,55.905,55.98,55.657,55.677,20990
194,2022-01-28 19:45:00,55.797,55.941,55.715,55.883,9735
195,2022-01-28 19:40:00,55.747,55.842,55.686,55.716,5079
196,2022-01-28 19:35:00,55.718,55.813,55.657,55.736,9496
197,2022-01-28 19:30:00,55.718,55.774,55.637,55.677,6279
198,2022-01-28 19:25:00,55.767,55.813,55.637,55.706,14815
199,2022-01-28 19:20:00,55.895,55.911,55.706,55.726,13215
200,2022-01-28 19:15:00,55.846,55.931,55.765,55.785,6082
201,2022-01-28 19:10:00,55.885,55.901,55.765,55.785,4099
202,2022-01-28 19:05:00,55.856,55.941,55.794,55.854,3346
203,2022-01-28 19:00:00,55.816,55.892,55.725,55.834,4597
204,2022-01-28 18:55:00,55.797,55.823,55.725,55.755,7263
205,2022-01-28 18:50:00,55.806,55.842,55.617,55.765,10996
206,2022-01-28 18:45:00,55.895,55.941,55.686,55.765,9563
207,2022-01-28 18:40:00,55.885,55.911,55.794,55.824,6596
208,2022-01-28 18:35:00,55.836,55.911,55.755,55.854,6623
209,2022-01-28 18:30:00,55.865,55.911,55.735,55.795,14523
210,2022-01-28 18:25:00,55.797,55.901,55.696,55.834,13584
211,2022-01-28 18:20:00,55.747,55.862,55.686,55.706,6154
212,2022-01-28 18:15:00,55.6,55.813,55.519,55.706,19966
213,2022-01-28 18:10:00,55.59,55.646,55.519,55.588,14300
214,2022-01-28 18:05:00,55.6,55.616,55.529,55.559,8434
215,2022-01-28 18:00:00,55.6,55.616,55.5,55.559,4785
216,2022-01-28 17:55:00,55.561,55.616,55.49,55.549,8675
217,2022-01-28 17:50:00,55.571,55.616,55.49,55.51,8634
218,2022-01-28 17:45:00,55.561,55.607,55.5,55.52,7078
219,2022-01-28 17:40:00,55.59,55.616,55.5,55.52,4940
220,2022-01-28 17:35:00,55.521,55.607,55.46,55.51,6508
221,2022-01-28 17:30:00,55.561,55.587,55.421,55.441,7429
222,2022-01-28 17:25:00,55.453,55.567,55.362,55.51,16271
223,2022-01-28 17:20:00,55.453,55.469,55.352,55.402,15307
224,2022-01-28 17:15:00,55.423,55.518,55.362,55.412,18827
225,2022-01-28 17:10:00,55.433,55.489,55.352,55.382,12162
226,2022-01-28 17:05:00,55.404,55.479,55.303,55.382,12627
227,2022-01-28 17:00:00,55.384,55.42,55.264,55.363,22017
228,2022-01-28 16:55:00,55.364,55.41,55.284,55.333,53780
229,2022-01-28 16:50:00,55.354,55.4,55.274,55.343,60388
230,2022-01-28 16:45:00,55.374,55.41,55.294,55.314,20641
231,2022-01-28 16:40:00,55.354,55.41,55.284,55.333,45240
232,2022-01-28 16:35:00,55.315,55.381,55.244,55.294,37673
233,2022-01-28 16:30:00,55.305,55.332,55.166,55.274,34775
234,2022-01-28 16:25:00,55.256,55.351,55.146,55.274,56491
235,2022-01-28 16:20:00,55.217,55.361,55.127,55.215,70977
236,2022-01-28 16:15:00,55.03,55.39,54.96,55.157,96946
237,2022-01-28 16:10:00,55.315,55.341,54.93,54.98,136762
238,2022-01-28 16:05:00,55.413,55.518,55.254,55.284,233111
239,2022-01-28 16:00:00,55.453,55.518,55.058,55.363,659846
240,2022-01-28 15:55:00,55.011,55.479,54.734,55.384,3804577
241,2022-01-28 15:50:00,54.578,55.096,54.518,54.96,3525849
242,2022-01-28 15:45:00,54.274,54.634,54.057,54.538,2888675
243,2022-01-28 15:40:00,53.95,54.324,53.803,54.224,2131472
244,2022-01-28 15:35:00,53.781,54.034,53.606,53.91,1669896
245,2022-01-28 15:30:00,53.468,53.907,52.88,53.743,2786613
246,2022-01-28 15:25:00,53.675,53.789,53.272,53.419,1839806
247,2022-01-28 15:20:00,53.272,53.759,53.056,53.635,2061343
248,2022-01-28 15:15:00,53.075,53.406,52.948,53.233,1350506
249,2022-01-28 15:10:00,53.301,53.324,52.782,53.036,1686222
250,2022-01-28 15:05:00,53.139,53.396,52.988,53.264,1395994
251,2022-01-28 15:00:00,53.007,53.327,52.899,53.085,1800404
252,2022-01-28 14:55:00,52.555,53.13,52.438,52.97,1968564
253,2022-01-28 14:50:00,52.653,52.752,52.232,52.526,1502893
254,2022-01-28 14:45:00,52.388,52.687,52.065,52.604,1558147
255,2022-01-28 14:40:00,51.867,52.521,51.8,52.349,2864443
256,2022-01-28 14:35:00,51.7,51.981,51.516,51.839,1156627
257,2022-01-28 14:30:00,51.7,51.991,51.28,51.662,1899350
258,2022-01-28 14:25:00,51.514,51.873,51.437,51.657,1809299
259,2022-01-28 14:20:00,51.97,52.0,51.437,51.466,1665708
260,2022-01-28 14:15:00,52.064,52.158,51.849,51.937,1538955
261,2022-01-28 14:10:00,52.476,52.561,51.977,52.016,1441036
262,2022-01-28 14:05:00,52.967,52.983,52.281,52.428,2222908
263,2022-01-28 14:00:00,53.203,53.632,52.894,52.919,1648322
264,2022-01-28 13:55:00,53.203,53.523,53.071,53.174,1045933
265,2022-01-28 13:50:00,53.146,53.406,52.968,53.174,878283
266,2022-01-28 13:45:00,53.164,53.474,52.988,53.115,1028449
267,2022-01-28 13:40:00,53.272,53.337,52.948,53.125,818759
268,2022-01-28 13:35:00,53.311,53.591,53.046,53.242,1057030
269,2022-01-28 13:30:00,53.066,53.582,52.997,53.27,1164057
270,2022-01-28 13:25:00,53.036,53.18,52.556,53.016,1206020
271,2022-01-28 13:20:00,53.301,53.327,52.782,52.997,1354198
272,2022-01-28 13:15:00,53.429,53.553,53.135,53.262,1007392
273,2022-01-28 13:10:00,53.478,53.622,53.277,53.37,1183719
274,2022-01-28 13:05:00,53.047,53.563,52.889,53.439,1239524
275,2022-01-28 13:00:00,52.81,53.347,52.713,53.007,1181909
276,2022-01-28 12:55:00,52.761,53.062,52.664,52.781,1223174
277,2022-01-28 12:50:00,53.252,53.288,52.664,52.722,1344407
278,2022-01-28 12:45:00,53.488,53.641,53.046,53.213,1075592
279,2022-01-28 12:40:00,53.075,53.533,52.978,53.453,1020185
280,2022-01-28 12:35:00,53.144,53.455,52.822,53.017,1241903
281,2022-01-28 12:30:00,53.134,53.307,52.929,53.105,1184637
282,2022-01-28 12:25:00,53.292,53.366,52.978,53.09,1482489
283,2022-01-28 12:20:00,53.945,53.961,53.071,53.262,1855757
284,2022-01-28 12:15:00,53.616,54.049,53.454,53.903,1556027
285,2022-01-28 12:10:00,54.019,54.034,53.419,53.574,1467006
286,2022-01-28 12:05:00,53.979,54.103,53.743,53.979,1574256
287,2022-01-28 12:00:00,53.852,54.025,53.517,53.941,1343124
288,2022-01-28 11:55:00,53.144,53.946,53.086,53.807,2364088
289,2022-01-28 11:50:00,53.005,53.248,52.899,53.11,1254668
290,2022-01-28 11:45:00,52.938,53.15,52.801,52.968,1328048
291,2022-01-28 11:40:00,53.154,53.317,52.85,52.899,1803580
292,2022-01-28 11:35:00,52.977,53.479,52.84,53.115,2290325
293,2022-01-28 11:30:00,53.075,53.199,52.644,52.928,2394066
294,2022-01-28 11:25:00,53.154,53.533,52.929,53.041,2501904
295,2022-01-28 11:20:00,53.247,53.376,52.889,53.113,2410781
296,2022-01-28 11:15:00,52.771,53.425,52.713,53.228,2860331
297,2022-01-28 11:10:00,52.29,52.875,52.104,52.722,2745623
298,2022-01-28 11:05:00,51.779,52.295,51.702,52.241,2253968
299,2022-01-28 11:00:00,52.29,52.393,51.594,51.741,2223096
300,2022-01-28 10:55:00,51.897,52.315,51.565,52.241,2776615
301,2022-01-28 10:50:00,51.563,51.941,51.265,51.853,2328874
302,2022-01-28 10:45:00,50.286,51.647,50.22,51.515,2780025
303,2022-01-28 10:40:00,50.61,50.782,50.063,50.258,1533160
304,2022-01-28 10:35:00,50.001,50.91,49.877,50.582,1891187
305,2022-01-28 10:30:00,50.433,50.536,49.852,49.964,1692212
306,2022-01-28 10:25:00,50.688,50.91,50.083,50.386,1999056
307,2022-01-28 10:20:00,51.17,51.254,50.466,50.661,2665862
308,2022-01-28 10:15:00,50.07,51.209,49.956,51.131,3081674
309,2022-01-28 10:10:00,49.794,50.428,49.73,50.033,3116947
310,2022-01-28 10:05:00,49.569,49.976,49.416,49.758,2267383
311,2022-01-28 10:00:00,49.647,49.839,49.161,49.532,2801203
312,2022-01-28 09:55:00,49.667,49.927,49.337,49.601,2321126
313,2022-01-28 09:50:00,49.686,50.074,49.328,49.63,2842524
314,2022-01-28 09:45:00,49.608,49.966,49.22,49.66,2619687
315,2022-01-28 09:40:00,50.07,50.271,49.514,49.561,3035373
316,2022-01-28 09:35:00,50.404,50.468,49.671,50.023,2940876
317,2022-01-28 09:30:00,51.474,51.853,50.319,50.376,3320985
318,2022-01-28 09:25:00,51.072,51.499,51.005,51.446,189429
319,2022-01-28 09:20:00,51.003,51.234,50.898,51.034,206399
320,2022-01-28 09:15:00,50.816,51.047,50.721,50.955,85338
321,2022-01-28 09:10:00,51.091,51.106,50.711,50.779,66849
322,2022-01-28 09:05:00,50.836,51.121,50.623,51.024,149406
323,2022-01-28 09:00:00,50.865,50.89,50.368,50.779,121356
324,2022-01-28 08:55:00,50.462,50.91,50.338,50.788,148523
325,2022-01-28 08:50:00,50.541,50.615,50.27,50.455,175483
326,2022-01-28 08:45:00,50.914,51.037,50.495,50.514,126203
327,2022-01-28 08:40:00,50.865,51.263,50.604,50.916,195915
328,2022-01-28 08:35:00,50.492,50.949,50.27,50.779,241695
329,2022-01-28 08:30:00,49.46,50.703,49.406,50.425,409416
330,2022-01-28 08:25:00,49.431,49.495,49.171,49.365,94153
331,2022-01-28 08:20:00,49.755,49.77,49.318,49.404,105365
332,2022-01-28 08:15:00,49.569,49.927,49.494,49.709,153830
333,2022-01-28 08:10:00,49.333,49.613,49.171,49.542,85446
334,2022-01-28 08:05:00,49.549,49.583,49.171,49.296,122565
335,2022-01-28 08:00:00,49.441,52.217,48.866,49.503,298066
336,2022-01-28 07:55:00,49.274,49.495,49.082,49.355,104709
337,2022-01-28 07:50:00,49.048,49.377,48.837,49.237,136196
338,2022-01-28 07:45:00,49.195,49.259,48.915,49.031,151860
339,2022-01-28 07:40:00,49.352,49.465,49.102,49.169,116141
340,2022-01-28 07:35:00,49.903,50.006,49.308,49.326,87344
341,2022-01-28 07:30:00,50.02,50.114,49.808,49.866,56044
342,2022-01-28 07:25:00,49.942,50.222,49.632,50.013,109877
343,2022-01-28 07:20:00,50.472,50.487,49.749,49.866,122536
344,2022-01-28 07:15:00,50.59,50.684,50.328,50.366,50683
345,2022-01-28 07:10:00,50.472,50.733,50.377,50.582,43326
346,2022-01-28 07:05:00,50.777,50.792,50.427,50.455,32298
347,2022-01-28 07:00:00,50.59,50.91,50.338,50.739,90170
348,2022-01-28 06:55:00,50.453,50.644,50.24,50.553,10820
349,2022-01-28 06:50:00,50.58,50.605,50.289,50.366,32059
350,2022-01-28 06:45:00,50.364,50.635,50.211,50.494,35312
351,2022-01-28 06:40:00,50.492,50.526,50.319,50.406,8239
352,2022-01-28 06:35:00,50.639,50.752,50.417,50.435,4812
353,2022-01-28 06:30:00,50.708,50.752,50.466,50.533,10100
354,2022-01-28 06:25:00,50.571,50.703,50.436,50.641,35684
355,2022-01-28 06:20:00,50.295,50.605,50.122,50.553,46466
356,2022-01-28 06:15:00,50.571,50.605,50.171,50.258,29680
357,2022-01-28 06:10:00,50.885,50.979,50.534,50.553,77121
358,2022-01-28 06:05:00,50.944,51.087,50.75,50.896,11535
359,2022-01-28 06:00:00,51.042,51.195,50.986,51.044,15672
360,2022-01-28 05:55:00,50.816,51.008,50.652,50.955,14800
361,2022-01-28 05:50:00,50.914,50.939,50.682,50.788,9762
362,2022-01-28 05:45:00,51.072,51.116,50.917,50.945,9302
363,2022-01-28 05:40:00,50.787,51.096,50.721,51.044,12446
364,2022-01-28 05:35:00,51.013,51.037,50.672,50.69,33253
365,2022-01-28 05:30:00,51.15,51.263,50.976,50.995,23222
366,2022-01-28 05:25:00,51.219,51.342,51.084,51.103,15146
367,2022-01-28 05:20:00,50.993,51.234,50.848,51.181,13898
368,2022-01-28 05:15:00,51.239,51.254,50.888,50.965,8455
369,2022-01-28 05:10:00,51.022,51.244,50.966,51.191,13911
370,2022-01-28 05:05:00,51.16,51.234,50.976,51.004,20556
371,2022-01-28 05:00:00,51.327,51.342,51.074,51.211,11472
372,2022-01-28 04:55:00,51.425,51.46,51.162,51.318,6357
373,2022-01-28 04:50:00,51.445,51.46,51.221,51.269,23240
374,2022-01-28 04:45:00,51.69,51.725,51.319,51.377,6596
375,2022-01-28 04:40:00,51.494,51.706,51.369,51.652,15738
376,2022-01-28 04:35:00,51.612,51.637,51.369,51.476,15307
377,2022-01-28 04:30:00,51.533,51.794,51.467,51.525,16106
378,2022-01-28 04:25:00,51.779,51.794,51.496,51.515,15898
379,2022-01-28 04:20:00,51.671,51.902,51.516,51.731,39988
380,2022-01-28 04:15:00,51.857,51.951,51.624,51.642,37195
381,2022-01-28 04:10:00,51.219,51.883,51.162,51.799,39487
382,2022-01-28 04:05:00,51.376,51.431,51.084,51.161,110777
383,2022-01-28 04:00:00,51.965,51.981,51.319,51.348,65482
384,2022-01-27 19:55:00,51.867,52.226,51.81,52.045,45052
385,2022-01-27 19:50:00,51.631,51.883,51.545,51.829,25910
386,2022-01-27 19:45:00,51.435,51.706,51.27,51.603,12159
387,2022-01-27 19:40:00,51.474,51.489,51.251,51.397,12757
388,2022-01-27 19:35:00,51.435,51.568,51.369,51.446,14915
389,2022-01-27 19:30:00,51.671,51.715,51.261,51.397,38267
390,2022-01-27 19:25:00,51.73,51.892,51.653,51.672,9329
391,2022-01-27 19:20:00,51.73,51.814,51.614,51.75,7931
392,2022-01-27 19:15:00,51.985,52.04,51.682,51.701,13508
393,2022-01-27 19:10:00,51.602,52.01,51.546,51.957,30715
394,2022-01-27 19:05:00,51.798,51.843,51.467,51.525,31842
395,2022-01-27 19:00:00,51.759,51.814,51.486,51.721,42443
396,2022-01-27 18:55:00,51.965,52.04,51.712,51.731,18424
397,2022-01-27 18:50:00,52.064,52.089,51.928,52.035,21421
398,2022-01-27 18:45:00,52.113,52.276,52.016,52.045,30670
399,2022-01-27 18:40:00,52.231,52.305,52.016,52.074,26536
400,2022-01-27 18:35:00,52.172,52.344,52.114,52.271,41877
401,2022-01-27 18:30:00,52.29,52.315,52.095,52.114,49918
402,2022-01-27 18:25:00,52.349,52.502,52.212,52.231,38089
403,2022-01-27 18:20:00,52.083,52.384,52.026,52.33,49804
404,2022-01-27 18:15:00,52.565,52.58,52.026,52.045,24191
405,2022-01-27 18:10:00,52.496,52.619,52.399,52.516,26645
406,2022-01-27 18:05:00,52.319,52.58,52.261,52.438,65251
407,2022-01-27 18:00:00,52.555,52.678,52.183,52.271,61584
408,2022-01-27 17:55:00,52.624,52.659,52.35,52.516,34278
409,2022-01-27 17:50:00,52.299,52.669,52.173,52.614,54357
410,2022-01-27 17:45:00,51.936,52.285,51.879,52.231,28248
411,2022-01-27 17:40:00,51.73,51.981,51.673,51.907,7765
412,2022-01-27 17:35:00,51.592,51.853,51.526,51.76,18483
413,2022-01-27 17:30:00,51.582,51.824,51.27,51.584,40686
414,2022-01-27 17:25:00,51.916,52.069,51.526,51.633,50281
415,2022-01-27 17:20:00,52.24,52.354,51.761,51.829,60890
416,2022-01-27 17:15:00,52.241,52.305,52.036,52.182,33120
417,2022-01-27 17:10:00,52.506,52.57,52.016,52.203,60108
418,2022-01-27 17:05:00,52.476,52.669,52.35,52.467,129999
419,2022-01-27 17:00:00,51.926,52.541,51.859,52.418,140653
420,2022-01-27 16:55:00,51.769,51.932,51.712,51.878,74877
421,2022-01-27 16:50:00,51.73,51.912,51.565,51.75,74462
422,2022-01-27 16:45:00,51.72,51.971,51.633,51.682,77895
423,2022-01-27 16:40:00,51.455,51.883,51.329,51.721,203218
424,2022-01-27 16:35:00,51.229,51.48,50.986,51.426,159779
425,2022-01-27 16:30:00,50.679,51.686,50.26,51.181,403548
426,2022-01-27 16:25:00,50.561,50.792,50.505,50.563,43769
427,2022-01-27 16:20:00,50.924,50.969,50.476,50.494,31747
428,2022-01-27 16:15:00,50.787,50.929,50.642,50.877,38530
429,2022-01-27 16:10:00,50.639,51.047,50.309,50.779,95456
430,2022-01-27 16:05:00,50.404,50.841,50.26,50.631,92331
431,2022-01-27 16:00:00,50.6,50.713,50.103,50.347,316050
432,2022-01-27 15:55:00,50.855,51.037,50.402,50.543,2262425
433,2022-01-27 15:50:00,51.18,51.195,50.712,50.818,2134523
434,2022-01-27 15:45:00,51.356,51.932,50.961,51.142,3313315
435,2022-01-27 15:40:00,50.512,51.558,50.368,51.318,2390416
436,2022-01-27 15:35:00,50.61,50.811,50.279,50.469,1200675
437,2022-01-27 15:30:00,50.688,51.067,50.466,50.572,1534971
438,2022-01-27 15:25:00,50.472,50.872,50.328,50.656,1202945
439,2022-01-27 15:20:00,50.708,50.9,50.113,50.425,1731654
440,2022-01-27 15:15:00,50.531,50.743,50.083,50.671,1662551
441,2022-01-27 15:10:00,50.846,50.969,50.387,50.494,1194049
442,2022-01-27 15:05:00,50.905,51.431,50.701,50.798,1446347
443,2022-01-27 15:00:00,50.836,51.362,50.75,50.862,1394439
444,2022-01-27 14:55:00,50.647,51.067,50.348,50.788,1459015
445,2022-01-27 14:50:00,51.17,51.195,50.505,50.607,1200365
446,2022-01-27 14:45:00,51.268,51.617,50.898,51.147,1327228
447,2022-01-27 14:40:00,50.875,51.46,50.741,51.22,1732764
448,2022-01-27 14:35:00,50.541,50.988,50.427,50.847,1379561
449,2022-01-27 14:30:00,50.855,51.165,50.299,50.494,1798594
450,2022-01-27 14:25:00,50.875,51.047,50.623,50.828,1044102
451,2022-01-27 14:20:00,51.553,51.568,50.77,50.837,1288716
452,2022-01-27 14:15:00,51.808,51.902,51.28,51.495,1294705
453,2022-01-27 14:10:00,51.936,52.206,51.712,51.77,1182265
454,2022-01-27 14:05:00,52.083,52.452,51.712,51.898,1608280
455,2022-01-27 14:00:00,51.504,52.276,51.388,52.045,2103214
456,2022-01-27 13:55:00,50.924,51.784,50.76,51.476,2416954
457,2022-01-27 13:50:00,51.229,51.362,50.731,50.896,1338367
458,2022-01-27 13:45:00,50.954,51.327,50.662,51.201,1629674
459,2022-01-27 13:40:00,50.728,51.115,50.466,50.926,1686724
460,2022-01-27 13:35:00,51.013,51.421,50.615,50.671,1825254
461,2022-01-27 13:30:00,50.605,51.047,50.485,50.975,1701842
462,2022-01-27 13:25:00,50.679,50.979,50.446,50.563,1466615
463,2022-01-27 13:20:00,51.14,51.244,50.544,50.641,1670649
464,2022-01-27 13:15:00,51.396,51.824,51.025,51.103,1712823
465,2022-01-27 13:10:00,51.612,51.647,51.133,51.368,939824
466,2022-01-27 13:05:00,51.838,51.912,51.329,51.564,1313415
467,2022-01-27 13:00:00,52.339,52.639,51.732,51.819,1808559
468,2022-01-27 12:55:00,52.073,52.649,51.987,52.305,2066919
469,2022-01-27 12:50:00,51.612,52.158,51.555,52.035,1420178
470,2022-01-27 12:45:00,52.01,52.04,51.491,51.564,1623468
471,2022-01-27 12:40:00,52.024,52.236,51.79,51.976,1266111
472,2022-01-27 12:35:00,52.083,52.167,51.673,51.996,1932039
473,2022-01-27 12:30:00,52.466,52.639,51.967,52.045,2234929
474,2022-01-27 12:25:00,52.437,52.757,52.242,52.437,1765101
475,2022-01-27 12:20:00,52.569,52.649,52.193,52.398,1444555
476,2022-01-27 12:15:00,53.085,53.121,52.301,52.526,1996217
477,2022-01-27 12:10:00,53.301,53.396,52.782,53.045,1321718
478,2022-01-27 12:05:00,53.901,53.917,53.066,53.257,1049471
479,2022-01-27 12:00:00,53.989,54.034,53.498,53.871,1119338
480,2022-01-27 11:55:00,54.117,54.211,53.773,53.939,670360
481,2022-01-27 11:50:00,53.979,54.206,53.704,54.077,971706
482,2022-01-27 11:45:00,54.284,54.457,53.881,53.939,1646238
483,2022-01-27 11:40:00,54.087,54.595,53.949,54.234,2076351
484,2022-01-27 11:35:00,54.176,54.437,53.93,54.038,1590010
485,2022-01-27 11:30:00,53.488,54.221,53.36,54.145,1337288
486,2022-01-27 11:25:00,53.822,53.867,53.192,53.444,1420622
487,2022-01-27 11:20:00,53.91,54.202,53.665,53.782,1562289
488,2022-01-27 11:15:00,54.431,54.457,53.606,53.88,1841947
489,2022-01-27 11:10:00,53.989,54.526,53.9,54.386,1584744
490,2022-01-27 11:05:00,54.333,54.575,53.758,53.934,1936005
491,2022-01-27 11:00:00,53.979,54.624,53.92,54.293,2266203
492,2022-01-27 10:55:00,53.282,54.133,53.203,53.949,2357921
493,2022-01-27 10:50:00,53.184,53.446,52.939,53.247,1513660
494,2022-01-27 10:45:00,53.429,53.651,52.87,53.154,2058371
495,2022-01-27 10:40:00,52.849,53.538,52.693,53.395,2216109
496,2022-01-27 10:35:00,53.331,53.435,52.634,52.801,2283596
497,2022-01-27 10:30:00,53.488,53.681,52.948,53.301,2849707
498,2022-01-27 10:25:00,54.264,54.428,53.439,53.478,3072424
499,2022-01-27 10:20:00,54.618,54.821,54.141,54.215,2068497
500,2022-01-27 10:15:00,55.168,55.233,54.479,54.568,1430548
501,2022-01-27 10:10:00,54.942,55.263,54.626,55.137,1947173
502,2022-01-27 10:05:00,54.827,55.163,54.543,54.892,2371588
503,2022-01-27 10:00:00,54.657,54.87,53.831,54.793,3498198
504,2022-01-27 09:55:00,54.932,55.047,54.077,54.617,4081312
505,2022-01-27 09:50:00,54.775,55.115,54.499,54.892,2938343
506,2022-01-27 09:45:00,54.549,55.006,54.116,54.744,2925815
507,2022-01-27 09:40:00,53.586,54.663,53.527,54.509,3823347
508,2022-01-27 09:35:00,53.783,53.985,53.223,53.547,3026764
509,2022-01-27 09:30:00,54.411,54.585,53.709,53.745,4234208
510,2022-01-27 09:25:00,54.225,54.506,54.165,54.332,141086
511,2022-01-27 09:20:00,54.303,54.369,54.057,54.185,75168
512,2022-01-27 09:15:00,54.47,54.486,54.204,54.263,105996
513,2022-01-27 09:10:00,54.225,54.457,54.106,54.401,134001
514,2022-01-27 09:05:00,54.313,54.418,54.096,54.224,165813
515,2022-01-27 09:00:00,54.019,54.369,53.812,54.273,267757
516,2022-01-27 08:55:00,54.068,54.152,53.871,53.988,117200
517,2022-01-27 08:50:00,53.91,54.093,53.773,54.008,147384
518,2022-01-27 08:45:00,53.574,53.956,53.478,53.871,91500
519,2022-01-27 08:40:00,53.341,53.671,53.282,53.517,71607
520,2022-01-27 08:35:00,53.37,53.466,53.017,53.35,64824
521,2022-01-27 08:30:00,53.488,53.799,53.194,53.321,159589
522,2022-01-27 08:25:00,53.704,53.858,53.419,53.527,61124
523,2022-01-27 08:20:00,53.685,53.779,53.38,53.645,57806
524,2022-01-27 08:15:00,53.537,53.7,53.39,53.606,38161
525,2022-01-27 08:10:00,53.714,53.799,53.449,53.468,43876
526,2022-01-27 08:05:00,53.272,53.759,53.213,53.674,85157
527,2022-01-27 08:00:00,52.908,53.651,50.044,53.213,311044
528,2022-01-27 07:55:00,53.478,53.651,53.243,53.272,56308
529,2022-01-27 07:50:00,53.036,53.582,52.948,53.449,92372
530,2022-01-27 07:45:00,52.8,53.209,52.742,53.026,49477
531,2022-01-27 07:40:00,52.722,52.914,52.644,52.722,24660
532,2022-01-27 07:35:00,52.476,52.934,52.399,52.703,30806
533,2022-01-27 07:30:00,52.771,52.944,52.409,52.428,45006
534,2022-01-27 07:25:00,52.643,52.914,52.575,52.761,39763
535,2022-01-27 07:20:00,52.948,53.042,52.566,52.595,97461
536,2022-01-27 07:15:00,53.341,53.445,52.84,52.86,46467
537,2022-01-27 07:10:00,53.046,53.415,52.988,53.331,60799
538,2022-01-27 07:05:00,52.977,53.081,52.791,53.026,21006
539,2022-01-27 07:00:00,53.115,53.239,52.909,52.968,41798
540,2022-01-27 06:55:00,52.8,53.18,52.664,53.085,16152
541,2022-01-27 06:50:00,52.653,52.963,52.595,52.791,8378
542,2022-01-27 06:45:00,52.496,52.669,52.212,52.545,5955
543,2022-01-27 06:40:00,52.457,52.669,52.399,52.575,4215
544,2022-01-27 06:35:00,52.781,52.914,52.35,52.369,9834
545,2022-01-27 06:30:00,52.928,52.983,52.683,52.771,20563
546,2022-01-27 06:25:00,52.516,52.993,52.448,52.879,14013
547,2022-01-27 06:20:00,52.457,52.511,52.232,52.457,5933
548,2022-01-27 06:15:00,52.555,52.698,52.428,52.477,10920
549,2022-01-27 06:10:00,52.26,52.551,52.203,52.496,10480
550,2022-01-27 06:05:00,52.299,52.423,52.134,52.172,17470
551,2022-01-27 06:00:00,51.769,52.315,51.712,52.202,37328
552,2022-01-27 05:55:00,51.965,51.981,51.516,51.731,26182
553,2022-01-27 05:50:00,52.358,52.374,51.869,51.917,56356
554,2022-01-27 05:45:00,52.663,52.845,52.34,52.359,19211
555,2022-01-27 05:40:00,52.948,52.973,52.585,52.644,17251
556,2022-01-27 05:35:00,52.85,53.003,52.693,52.909,5041
557,2022-01-27 05:30:00,52.859,52.983,52.664,52.771,8389
558,2022-01-27 05:25:00,52.869,53.15,52.782,52.869,10249
559,2022-01-27 05:20:00,52.643,52.934,52.585,52.879,14498
560,2022-01-27 05:15:00,52.869,53.013,52.566,52.585,32602
561,2022-01-27 05:10:00,53.233,53.307,52.791,52.84,89445
562,2022-01-27 05:05:00,53.4,53.415,53.135,53.154,62225
563,2022-01-27 05:00:00,53.095,53.425,52.988,53.37,14155
564,2022-01-27 04:55:00,53.193,53.239,52.997,53.017,25708
565,2022-01-27 04:50:00,52.967,53.288,52.88,53.125,31764
566,2022-01-27 04:45:00,52.869,53.042,52.742,52.928,26095
567,2022-01-27 04:40:00,52.555,52.934,52.428,52.86,19353
568,2022-01-27 04:35:00,52.506,52.698,52.438,52.516,20614
569,2022-01-27 04:30:00,52.663,52.688,52.399,52.496,24649
570,2022-01-27 04:25:00,52.614,52.836,52.526,52.653,35556
571,2022-01-27 04:20:00,52.398,52.669,52.104,52.585,33644
572,2022-01-27 04:15:00,52.299,52.443,52.075,52.359,33337
573,2022-01-27 04:10:00,52.054,52.384,51.83,52.251,31725
574,2022-01-27 04:05:00,52.339,52.472,52.006,52.025,39948
575,2022-01-27 04:00:00,52.064,52.629,51.761,52.3,174588
576,2022-01-26 19:55:00,52.653,52.767,52.409,52.467,98860
577,2022-01-26 19:50:00,52.938,53.081,52.556,52.575,30127
578,2022-01-26 19:45:00,52.928,53.013,52.811,52.899,11920
579,2022-01-26 19:40:00,53.007,53.032,52.742,52.899,23319
580,2022-01-26 19:35:00,53.075,53.101,52.87,52.889,62731
581,2022-01-26 19:30:00,53.046,53.081,52.811,53.026,7417
582,2022-01-26 19:25:00,53.213,53.258,52.939,53.007,14518
583,2022-01-26 19:20:00,52.987,53.248,52.831,53.164,31935
584,2022-01-26 19:15:00,53.125,53.17,52.919,52.938,30752
585,2022-01-26 19:10:00,53.331,53.356,53.056,53.076,52701
586,2022-01-26 19:05:00,53.586,53.602,53.223,53.282,19662
587,2022-01-26 19:00:00,53.694,53.75,53.429,53.547,23272
588,2022-01-26 18:55:00,53.576,53.74,53.498,53.645,10522
589,2022-01-26 18:50:00,53.694,53.71,53.498,53.557,19979
590,2022-01-26 18:45:00,53.734,53.799,53.616,53.674,26633
591,2022-01-26 18:40:00,53.724,53.779,53.596,53.674,45471
592,2022-01-26 18:35:00,53.793,53.858,53.635,53.674,56670
593,2022-01-26 18:30:00,53.714,53.858,53.625,53.782,29030
594,2022-01-26 18:25:00,53.537,53.71,53.429,53.615,99120
595,2022-01-26 18:20:00,53.439,53.651,53.38,53.547,35652
596,2022-01-26 18:15:00,53.596,53.759,53.292,53.399,33574
597,2022-01-26 18:10:00,53.685,53.7,53.429,53.566,39798
598,2022-01-26 18:05:00,53.311,53.671,53.135,53.606,93672
599,2022-01-26 18:00:00,52.889,53.455,52.752,53.203,64129
600,2022-01-26 17:55:00,52.997,53.135,52.811,52.928,30198
601,2022-01-26 17:50:00,53.144,53.16,52.899,52.987,24493
602,2022-01-26 17:45:00,53.242,53.258,53.076,53.105,37116
603,2022-01-26 17:40:00,53.164,53.455,53.086,53.203,42435
604,2022-01-26 17:35:00,52.899,53.229,52.84,53.125,89901
605,2022-01-26 17:30:00,52.948,52.963,52.84,52.86,5534
606,2022-01-26 17:25:00,52.948,53.003,52.811,52.86,20352
607,2022-01-26 17:20:00,52.889,53.052,52.791,52.869,28763
608,2022-01-26 17:15:00,52.683,52.934,52.605,52.811,22603
609,2022-01-26 17:10:00,52.555,52.767,52.487,52.644,20883
610,2022-01-26 17:05:00,52.368,52.57,52.301,52.516,38148
611,2022-01-26 17:00:00,52.447,52.511,52.301,52.418,12344
612,2022-01-26 16:55:00,52.437,52.482,52.311,52.359,31871
613,2022-01-26 16:50:00,52.349,52.462,52.154,52.398,46219
614,2022-01-26 16:45:00,52.064,52.472,51.987,52.32,67811
615,2022-01-26 16:40:00,51.671,52.226,51.614,52.055,111318
616,2022-01-26 16:35:00,51.848,51.863,51.575,51.662,97580
617,2022-01-26 16:30:00,51.916,51.991,51.771,51.829,45235
618,2022-01-26 16:25:00,51.789,51.951,51.712,51.878,51697
619,2022-01-26 16:20:00,51.818,51.883,51.633,51.78,36982
620,2022-01-26 16:15:00,51.563,51.912,51.467,51.78,74043
621,2022-01-26 16:10:00,51.651,51.784,51.301,51.485,180435
622,2022-01-26 16:05:00,52.388,52.649,51.555,51.662,304218
623,2022-01-26 16:00:00,52.358,52.57,52.026,52.339,398563
624,2022-01-26 15:55:00,52.525,52.796,51.84,52.359,3789119
625,2022-01-26 15:50:00,52.015,52.717,51.378,52.487,3614496
626,2022-01-26 15:45:00,52.162,52.678,51.545,51.976,3545515
627,2022-01-26 15:40:00,51.848,52.767,51.398,52.114,3620268
628,2022-01-26 15:35:00,51.808,52.226,51.231,51.819,3524742
629,2022-01-26 15:30:00,52.565,52.816,51.663,51.76,4192771
630,2022-01-26 15:25:00,51.052,52.659,50.741,52.536,5193767
631,2022-01-26 15:20:00,51.16,51.44,50.407,51.014,3986861
632,2022-01-26 15:15:00,51.533,51.922,50.937,51.122,4224565
633,2022-01-26 15:10:00,50.723,52.02,50.652,51.485,4932780
634,2022-01-26 15:05:00,51.808,52.01,50.642,50.671,5801078
635,2022-01-26 15:00:00,53.626,53.641,51.459,51.78,6064777
636,2022-01-26 14:55:00,53.832,53.877,53.203,53.596,5198707
637,2022-01-26 14:50:00,53.075,54.162,52.978,53.792,6212944
638,2022-01-26 14:45:00,54.5,54.644,52.791,53.036,8989468
639,2022-01-26 14:40:00,56.435,56.511,54.44,54.479,5708476
640,2022-01-26 14:35:00,55.168,56.786,54.724,56.393,6380173
641,2022-01-26 14:30:00,56.337,56.403,54.842,55.122,3615795
642,2022-01-26 14:25:00,55.571,56.56,55.5,56.305,3204752
643,2022-01-26 14:20:00,55.58,55.764,54.999,55.53,4118944
644,2022-01-26 14:15:00,55.404,55.911,55.156,55.539,4393354
645,2022-01-26 14:10:00,57.083,57.415,55.069,55.363,5223636
646,2022-01-26 14:05:00,57.034,57.827,56.913,57.046,3915575
647,2022-01-26 14:00:00,56.032,57.631,55.961,57.012,8884886
648,2022-01-26 13:55:00,56.347,56.363,55.951,55.991,549642
649,2022-01-26 13:50:00,56.081,56.423,55.912,56.305,735789
650,2022-01-26 13:45:00,56.101,56.147,55.902,56.04,517562
651,2022-01-26 13:40:00,56.013,56.216,55.882,56.067,608955
652,2022-01-26 13:35:00,56.081,56.196,55.872,55.971,677372
653,2022-01-26 13:30:00,56.189,56.334,55.931,56.05,869331
654,2022-01-26 13:25:00,56.071,56.324,55.961,56.148,864135
655,2022-01-26 13:20:00,56.209,56.236,55.814,56.03,875245
656,2022-01-26 13:15:00,56.366,56.442,56.05,56.168,723884
657,2022-01-26 13:10:00,56.15,56.432,55.99,56.316,636320
658,2022-01-26 13:05:00,56.003,56.225,55.784,56.118,916831
659,2022-01-26 13:00:00,56.651,56.702,55.774,55.952,1420326
660,2022-01-26 12:55:00,56.602,56.737,56.5,56.594,576952
661,2022-01-26 12:50:00,56.69,56.717,56.402,56.56,655744
662,2022-01-26 12:45:00,56.769,56.796,56.451,56.658,1118583
663,2022-01-26 12:40:00,56.366,56.804,56.304,56.727,1468495
664,2022-01-26 12:35:00,56.151,56.481,56.074,56.335,1385780
665,2022-01-26 12:30:00,56.209,56.255,55.941,56.119,573833
666,2022-01-26 12:25:00,56.032,56.245,55.892,56.166,613940
667,2022-01-26 12:20:00,55.988,56.167,55.872,55.991,693347
668,2022-01-26 12:15:00,56.072,56.245,55.902,55.942,822371
669,2022-01-26 12:10:00,55.919,56.186,55.686,56.025,1369620
670,2022-01-26 12:05:00,55.767,55.941,55.627,55.883,801159
671,2022-01-26 12:00:00,55.679,55.96,55.549,55.726,961429
672,2022-01-26 11:55:00,55.767,55.872,55.48,55.633,876837
673,2022-01-26 11:50:00,55.679,55.862,55.274,55.718,1071833
674,2022-01-26 11:45:00,55.836,55.97,55.509,55.638,839619
675,2022-01-26 11:40:00,55.61,55.941,55.542,55.785,959119
676,2022-01-26 11:35:00,55.664,55.793,55.323,55.569,1025416
677,2022-01-26 11:30:00,55.512,55.862,55.411,55.628,1314414
678,2022-01-26 11:25:00,55.6,55.715,55.382,55.451,1011808
679,2022-01-26 11:20:00,55.404,55.764,55.244,55.559,1208652
680,2022-01-26 11:15:00,55.404,55.666,55.205,55.363,1301144
681,2022-01-26 11:10:00,55.148,55.499,54.999,55.363,1316247
682,2022-01-26 11:05:00,54.706,55.263,54.592,55.099,1461772
683,2022-01-26 11:00:00,55.03,55.056,54.44,54.661,982927
684,2022-01-26 10:55:00,54.628,55.145,54.342,54.99,1666161
685,2022-01-26 10:50:00,54.539,54.762,54.381,54.597,1137678
686,2022-01-26 10:45:00,54.549,54.712,54.263,54.509,1424868
687,2022-01-26 10:40:00,54.883,55.169,54.381,54.509,1862856
688,2022-01-26 10:35:00,55.119,55.273,54.734,54.852,1512107
689,2022-01-26 10:30:00,54.957,55.361,54.587,55.098,2312927
690,2022-01-26 10:25:00,55.07,55.214,54.607,54.916,2503808
691,2022-01-26 10:20:00,55.649,55.754,54.96,55.029,1751754
692,2022-01-26 10:15:00,55.62,55.734,55.097,55.618,2306224
693,2022-01-26 10:10:00,56.15,56.177,55.49,55.569,1643388
694,2022-01-26 10:05:00,56.307,56.432,55.887,56.109,1736523
695,2022-01-26 10:00:00,55.747,56.442,55.441,56.276,2964483
696,2022-01-26 09:55:00,55.738,55.823,55.362,55.708,1796176
697,2022-01-26 09:50:00,55.315,55.882,55.029,55.706,2042047
698,2022-01-26 09:45:00,54.804,55.489,54.744,55.274,1835301
699,2022-01-26 09:40:00,55.129,55.273,54.538,54.759,1994617
700,2022-01-26 09:35:00,55.384,55.548,54.911,55.098,2724133
701,2022-01-26 09:30:00,55.983,56.255,55.186,55.343,3245469
702,2022-01-26 09:25:00,55.512,55.99,55.451,55.912,133766
703,2022-01-26 09:20:00,55.512,55.666,55.363,55.471,138286
704,2022-01-26 09:15:00,55.551,55.616,55.372,55.481,124883
705,2022-01-26 09:10:00,55.541,55.685,55.323,55.51,96115
706,2022-01-26 09:05:00,55.551,55.646,55.362,55.49,114793
707,2022-01-26 09:00:00,55.855,56.01,55.49,55.52,151477
708,2022-01-26 08:55:00,55.6,55.901,55.519,55.814,87457
709,2022-01-26 08:50:00,55.728,55.763,55.539,55.559,74090
710,2022-01-26 08:45:00,55.61,55.803,55.5,55.687,73453
711,2022-01-26 08:40:00,55.688,55.813,55.49,55.57,76168
712,2022-01-26 08:35:00,55.747,55.931,55.588,55.618,86236
713,2022-01-26 08:30:00,56.062,56.108,55.657,55.696,122476
714,2022-01-26 08:25:00,56.189,56.314,56.029,56.069,136059
715,2022-01-26 08:20:00,55.836,56.206,55.755,56.128,217785
716,2022-01-26 08:15:00,55.649,55.97,55.588,55.795,191573
717,2022-01-26 08:10:00,55.6,55.705,55.539,55.598,64535
718,2022-01-26 08:05:00,55.669,55.705,55.49,55.549,55202
719,2022-01-26 08:00:00,55.325,55.823,52.988,55.628,395556
720,2022-01-26 07:55:00,55.296,55.381,55.225,55.265,27042
721,2022-01-26 07:50:00,55.05,55.351,54.989,55.245,74360
722,2022-01-26 07:45:00,55.05,55.164,54.95,54.97,22336
723,2022-01-26 07:40:00,55.256,55.273,54.95,55.019,38328
724,2022-01-26 07:35:00,55.207,55.322,55.146,55.176,53874
725,2022-01-26 07:30:00,55.158,55.322,55.097,55.166,59169
726,2022-01-26 07:25:00,54.873,55.115,54.803,55.058,46233
727,2022-01-26 07:20:00,55.109,55.174,54.744,54.901,38622
728,2022-01-26 07:15:00,55.168,55.223,54.96,55.117,60392
729,2022-01-26 07:10:00,55.394,55.41,55.097,55.117,50305
730,2022-01-26 07:05:00,55.404,55.567,55.284,55.323,90951
731,2022-01-26 07:00:00,55.826,55.852,55.333,55.373,129341
732,2022-01-26 06:55:00,55.777,55.842,55.588,55.785,12846
733,2022-01-26 06:50:00,55.688,55.862,55.627,55.706,15907
734,2022-01-26 06:45:00,55.669,55.734,55.529,55.667,18371
735,2022-01-26 06:40:00,55.797,55.862,55.608,55.628,11986
736,2022-01-26 06:35:00,55.718,55.842,55.657,55.755,13651
737,2022-01-26 06:30:00,55.433,55.734,55.343,55.677,18356
738,2022-01-26 06:25:00,55.551,55.567,55.284,55.392,15874
739,2022-01-26 06:20:00,55.679,55.705,55.48,55.5,11054
740,2022-01-26 06:15:00,55.61,55.764,55.549,55.687,14878
741,2022-01-26 06:10:00,55.531,55.626,55.431,55.549,18362
742,2022-01-26 06:05:00,55.679,55.715,55.509,55.559,27147
743,2022-01-26 06:00:00,55.404,55.705,55.343,55.647,19117
744,2022-01-26 05:55:00,55.404,55.42,55.176,55.215,37657
745,2022-01-26 05:50:00,55.423,55.518,55.362,55.392,21557
746,2022-01-26 05:45:00,55.305,55.469,55.225,55.412,9575
747,2022-01-26 05:40:00,55.345,55.44,55.235,55.265,7600
748,2022-01-26 05:35:00,55.472,55.499,55.333,55.353,8312
749,2022-01-26 05:30:00,55.296,55.489,55.205,55.353,16735
750,2022-01-26 05:25:00,55.227,55.243,55.068,55.176,8819
751,2022-01-26 05:20:00,55.02,55.41,54.921,55.215,29749
752,2022-01-26 05:15:00,55.109,55.223,54.96,55.0,12513
753,2022-01-26 05:10:00,54.932,55.164,54.852,55.049,10632
754,2022-01-26 05:05:00,55.03,55.066,54.823,54.892,16530
755,2022-01-26 05:00:00,55.158,55.174,54.754,54.97,109439
756,2022-01-26 04:55:00,55.237,55.253,55.087,55.137,31964
757,2022-01-26 04:50:00,55.354,55.43,55.195,55.215,23937
758,2022-01-26 04:45:00,55.482,55.607,55.294,55.314,31361
759,2022-01-26 04:40:00,55.404,55.548,55.264,55.461,26901
760,2022-01-26 04:35:00,55.04,55.459,54.881,55.392,41709
761,2022-01-26 04:30:00,54.932,55.076,54.823,54.98,25003
762,2022-01-26 04:25:00,55.138,55.184,54.852,54.892,46746
763,2022-01-26 04:20:00,54.893,55.135,54.636,55.078,25080
764,2022-01-26 04:15:00,54.962,55.066,54.783,54.892,57101
765,2022-01-26 04:10:00,54.706,55.066,54.646,54.911,68680
766,2022-01-26 04:05:00,54.372,54.752,54.244,54.676,29927
767,2022-01-26 04:00:00,53.095,54.752,53.037,54.303,170621
768,2022-01-25 19:55:00,52.339,52.492,52.124,52.222,82482
769,2022-01-25 19:50:00,52.447,52.541,52.212,52.241,36406
770,2022-01-25 19:45:00,52.437,52.57,52.34,52.408,14119
771,2022-01-25 19:40:00,52.643,52.659,52.261,52.359,30850
772,2022-01-25 19:35:00,52.506,52.708,52.34,52.604,28646
773,2022-01-25 19:30:00,52.152,52.551,51.977,52.457,48560
774,2022-01-25 19:25:00,52.26,52.57,52.085,52.114,56523
775,2022-01-25 19:20:00,52.172,52.276,52.006,52.192,26931
776,2022-01-25 19:15:00,52.771,52.816,52.311,52.339,43672
777,2022-01-25 19:10:00,52.624,52.934,52.477,52.732,26294
778,2022-01-25 19:05:00,52.496,52.669,52.409,52.575,36795
779,2022-01-25 19:00:00,52.889,52.954,52.409,52.447,65066
780,2022-01-25 18:55:00,53.242,53.258,52.742,52.82,55679
781,2022-01-25 18:50:00,53.419,53.435,53.154,53.193,37039
782,2022-01-25 18:45:00,53.184,53.553,53.086,53.321,101130
783,2022-01-25 18:40:00,52.692,53.288,52.634,53.154,71982
784,2022-01-25 18:35:00,52.722,52.826,52.556,52.644,62024
785,2022-01-25 18:30:00,52.859,53.062,52.585,52.683,119629
786,2022-01-25 18:25:00,52.525,52.914,52.252,52.83,167966
787,2022-01-25 18:20:00,52.525,52.541,52.281,52.487,117157
788,2022-01-25 18:15:00,52.309,52.521,52.075,52.467,218196
789,2022-01-25 18:10:00,51.681,52.433,51.575,52.231,203731
790,2022-01-25 18:05:00,50.787,51.814,50.554,51.623,350560
791,2022-01-25 18:00:00,50.276,50.841,50.22,50.739,96462
792,2022-01-25 17:55:00,50.168,50.359,50.113,50.239,13329
793,2022-01-25 17:50:00,50.168,50.222,50.103,50.16,6840
794,2022-01-25 17:45:00,50.276,50.34,50.054,50.121,8223
795,2022-01-25 17:40:00,50.197,50.291,50.142,50.219,14015
796,2022-01-25 17:35:00,50.217,50.409,50.044,50.199,19826
797,2022-01-25 17:30:00,49.991,50.212,49.926,50.16,20628
798,2022-01-25 17:25:00,50.001,50.035,49.926,49.964,21040
799,2022-01-25 17:20:00,49.912,50.006,49.799,49.954,26809
800,2022-01-25 17:15:00,50.05,50.065,49.848,49.866,46938
801,2022-01-25 17:10:00,49.981,50.065,49.906,50.013,44733
802,2022-01-25 17:05:00,49.863,50.006,49.759,49.944,36494
803,2022-01-25 17:00:00,49.873,50.025,49.808,49.826,46206
804,2022-01-25 16:55:00,49.853,50.084,49.602,49.846,138647
805,2022-01-25 16:50:00,49.971,49.986,49.475,49.817,246376
806,2022-01-25 16:45:00,50.345,50.409,49.818,49.925,230075
807,2022-01-25 16:40:00,50.482,50.526,50.26,50.307,132604
808,2022-01-25 16:35:00,50.482,50.556,50.387,50.445,157904
809,2022-01-25 16:30:00,50.963,51.008,50.407,50.435,225024
810,2022-01-25 16:25:00,51.003,51.047,50.75,50.955,136017
811,2022-01-25 16:20:00,51.229,51.263,50.937,50.975,183781
812,2022-01-25 16:15:00,51.474,51.617,51.172,51.191,181490
813,2022-01-25 16:10:00,51.268,51.617,51.192,51.426,158558
814,2022-01-25 16:05:00,51.779,51.804,51.123,51.26,295727
815,2022-01-25 16:00:00,52.407,53.022,51.369,51.741,1058465
816,2022-01-25 15:55:00,52.182,52.541,51.957,52.369,2512638
817,2022-01-25 15:50:00,53.046,53.062,51.938,52.153,2688350
818,2022-01-25 15:45:00,53.228,53.592,52.831,53.017,1949654
819,2022-01-25 15:40:00,53.38,53.828,53.056,53.193,1874749
820,2022-01-25 15:35:00,53.064,53.514,52.556,53.34,2099426
821,2022-01-25 15:30:00,53.188,53.406,52.811,53.035,1689939
822,2022-01-25 15:25:00,53.773,53.819,52.919,53.149,2570046
823,2022-01-25 15:20:00,54.505,54.546,53.674,53.733,1966609
824,2022-01-25 15:15:00,54.009,54.614,53.939,54.479,1592791
825,2022-01-25 15:10:00,54.156,54.26,53.841,53.969,1517940
826,2022-01-25 15:05:00,54.755,54.821,53.979,54.112,2153038
827,2022-01-25 15:00:00,55.207,55.263,54.469,54.715,1715234
828,2022-01-25 14:55:00,54.923,55.332,54.744,55.166,1642372
829,2022-01-25 14:50:00,54.657,55.027,54.45,54.892,1400603
830,2022-01-25 14:45:00,54.708,54.929,54.509,54.617,1501862
831,2022-01-25 14:40:00,54.156,54.781,54.096,54.666,1647431
832,2022-01-25 14:35:00,53.734,54.162,53.674,54.106,1207051
833,2022-01-25 14:30:00,54.284,54.437,53.586,53.694,1609282
834,2022-01-25 14:25:00,54.254,54.437,53.939,54.234,1467123
835,2022-01-25 14:20:00,54.156,54.496,54.018,54.224,1490102
836,2022-01-25 14:15:00,53.999,54.251,53.832,54.126,1496972
837,2022-01-25 14:10:00,53.341,54.113,53.243,53.949,1798841
838,2022-01-25 14:05:00,53.385,53.553,53.071,53.292,1386407
839,2022-01-25 14:00:00,53.837,53.872,53.203,53.35,1841251
840,2022-01-25 13:55:00,53.616,53.897,53.282,53.792,1417729
841,2022-01-25 13:50:00,53.283,53.681,53.154,53.566,1466594
842,2022-01-25 13:45:00,52.879,53.415,52.656,53.251,1702862
843,2022-01-25 13:40:00,53.026,53.091,52.625,52.85,1023005
844,2022-01-25 13:35:00,52.948,53.111,52.536,52.987,1240257
845,2022-01-25 13:30:00,52.663,53.071,52.468,52.909,1791240
846,2022-01-25 13:25:00,51.946,52.767,51.722,52.624,2134848
847,2022-01-25 13:20:00,52.073,52.118,51.781,51.917,863291
848,2022-01-25 13:15:00,51.828,52.197,51.635,52.045,1040197
849,2022-01-25 13:10:00,51.509,51.941,51.378,51.79,1064921
850,2022-01-25 13:05:00,51.435,51.652,51.094,51.466,1025879
851,2022-01-25 13:00:00,51.743,51.765,51.143,51.397,1056553
852,2022-01-25 12:55:00,51.337,51.784,50.976,51.721,1271229
853,2022-01-25 12:50:00,51.376,51.548,51.035,51.283,1204276
854,2022-01-25 12:45:00,51.818,51.961,51.143,51.328,1010987
855,2022-01-25 12:40:00,51.671,51.853,51.153,51.77,1145766
856,2022-01-25 12:35:00,51.523,51.833,51.418,51.615,1207843
857,2022-01-25 12:30:00,52.064,52.079,51.349,51.485,916330
858,2022-01-25 12:25:00,51.965,52.305,51.751,52.025,1421133
859,2022-01-25 12:20:00,51.661,52.167,51.457,51.917,1401435
860,2022-01-25 12:15:00,51.798,52.187,51.074,51.613,1840603
861,2022-01-25 12:10:00,51.857,51.902,51.496,51.741,1331127
862,2022-01-25 12:05:00,51.681,52.217,51.624,51.819,2033034
863,2022-01-25 12:00:00,51.022,51.706,50.849,51.642,1525510
864,2022-01-25 11:55:00,51.848,51.868,50.868,50.985,1675791
865,2022-01-25 11:50:00,51.543,51.932,51.319,51.809,1420485
866,2022-01-25 11:45:00,51.307,51.696,51.172,51.515,1319517
867,2022-01-25 11:40:00,51.062,51.445,50.848,51.269,1659778
868,2022-01-25 11:35:00,51.72,51.862,50.78,51.033,2540259
869,2022-01-25 11:30:00,52.132,52.246,51.633,51.701,1219539
870,2022-01-25 11:25:00,52.319,52.58,51.79,52.094,1864303
871,2022-01-25 11:20:00,52.378,52.737,52.095,52.3,1734123
872,2022-01-25 11:15:00,51.651,52.452,51.359,52.339,1793601
873,2022-01-25 11:10:00,51.916,52.256,51.467,51.613,1649414
874,2022-01-25 11:05:00,52.358,52.678,51.584,51.878,2190299
875,2022-01-25 11:00:00,52.123,52.492,51.82,52.3,2100577
876,2022-01-25 10:55:00,52.594,52.777,51.849,52.094,2538140
877,2022-01-25 10:50:00,53.321,53.391,52.36,52.555,2300407
878,2022-01-25 10:45:00,53.051,53.495,52.644,53.272,2912099
879,2022-01-25 10:40:00,52.347,53.121,52.006,53.013,2486537
880,2022-01-25 10:35:00,52.81,53.307,51.947,52.29,3384734
881,2022-01-25 10:30:00,53.095,53.111,52.595,52.77,2358006
882,2022-01-25 10:25:00,51.71,53.121,51.497,53.066,3656753
883,2022-01-25 10:20:00,52.044,52.079,51.437,51.672,2735093
884,2022-01-25 10:15:00,52.191,52.374,51.81,52.006,3328696
885,2022-01-25 10:10:00,51.681,52.207,51.104,52.144,3246575
886,2022-01-25 10:05:00,51.307,51.765,51.045,51.642,2789265
887,2022-01-25 10:00:00,51.818,52.246,51.035,51.26,3805764
888,2022-01-25 09:55:00,51.455,52.138,51.388,51.79,3473736
889,2022-01-25 09:50:00,52.015,52.393,51.349,51.417,2891050
890,2022-01-25 09:45:00,53.095,53.199,51.81,51.976,3887145
891,2022-01-25 09:40:00,53.685,54.182,52.929,53.066,3474711
892,2022-01-25 09:35:00,53.233,54.241,52.909,53.645,3889660
893,2022-01-25 09:30:00,53.193,53.759,52.752,53.18,4294827
894,2022-01-25 09:25:00,53.164,53.278,52.988,53.164,60773
895,2022-01-25 09:20:00,53.213,53.327,52.988,53.193,113579
896,2022-01-25 09:15:00,52.968,53.229,52.801,53.174,102026
897,2022-01-25 09:10:00,53.193,53.258,52.791,52.909,72675
898,2022-01-25 09:05:00,53.144,53.268,52.939,53.154,50004
899,2022-01-25 09:00:00,53.046,53.189,52.791,53.095,91087
900,2022-01-25 08:55:00,53.046,53.248,52.889,53.026,55154
901,2022-01-25 08:50:00,52.869,53.189,52.674,53.017,145827
902,2022-01-25 08:45:00,52.928,53.062,52.831,52.86,31995
903,2022-01-25 08:40:00,52.869,53.062,52.693,52.889,69116
904,2022-01-25 08:35:00,52.771,53.052,52.713,52.86,57474
905,2022-01-25 08:30:00,52.457,52.816,52.291,52.722,61684
906,2022-01-25 08:25:00,52.8,52.865,52.399,52.418,42407
907,2022-01-25 08:20:00,52.85,52.914,52.595,52.781,39816
908,2022-01-25 08:15:00,52.565,52.914,52.507,52.83,92479
909,2022-01-25 08:10:00,52.201,52.61,52.144,52.555,163270
910,2022-01-25 08:05:00,52.908,53.003,52.193,52.212,130435
911,2022-01-25 08:00:00,53.144,53.553,52.732,52.879,250227
912,2022-01-25 07:55:00,53.233,53.248,52.997,53.076,15608
913,2022-01-25 07:50:00,53.144,53.347,53.086,53.203,20599
914,2022-01-25 07:45:00,53.026,53.209,52.831,53.105,53769
915,2022-01-25 07:40:00,53.017,53.032,52.732,52.958,83816
916,2022-01-25 07:35:00,53.105,53.229,52.929,52.997,38726
917,2022-01-25 07:30:00,53.341,53.356,52.939,53.076,58044
918,2022-01-25 07:25:00,53.046,53.406,52.988,53.321,23686
919,2022-01-25 07:20:00,53.419,53.533,52.978,53.007,38693
920,2022-01-25 07:15:00,53.37,53.484,53.233,53.409,41455
921,2022-01-25 07:10:00,53.282,53.533,53.223,53.341,38631
922,2022-01-25 07:05:00,53.046,53.307,52.909,53.252,108485
923,2022-01-25 07:00:00,53.4,53.455,52.988,53.007,127618
924,2022-01-25 06:55:00,53.242,53.632,53.154,53.36,16399
925,2022-01-25 06:50:00,53.321,53.425,53.223,53.272,20169
926,2022-01-25 06:45:00,53.154,53.347,53.076,53.203,42007
927,2022-01-25 06:40:00,53.537,53.602,53.017,53.134,67893
928,2022-01-25 06:35:00,53.655,53.936,53.429,53.449,27137
929,2022-01-25 06:30:00,54.028,54.064,53.547,53.596,53833
930,2022-01-25 06:25:00,54.087,54.133,53.969,54.018,2920
931,2022-01-25 06:20:00,53.96,54.162,53.881,54.038,8425
932,2022-01-25 06:15:00,54.225,54.359,53.92,53.979,13605
933,2022-01-25 06:10:00,54.156,54.182,53.979,54.106,9726
934,2022-01-25 06:05:00,54.195,54.211,53.93,54.136,31635
935,2022-01-25 06:00:00,53.812,54.241,53.674,54.146,31178
936,2022-01-25 05:55:00,53.793,53.907,53.567,53.822,19309
937,2022-01-25 05:50:00,53.675,53.966,53.616,53.871,16928
938,2022-01-25 05:45:00,53.93,54.074,53.616,53.635,18113
939,2022-01-25 05:40:00,54.146,54.202,53.91,53.979,31914
940,2022-01-25 05:35:00,54.441,54.457,53.92,54.057,89099
941,2022-01-25 05:30:00,54.726,54.801,54.391,54.411,13377
942,2022-01-25 05:25:00,54.745,54.781,54.538,54.656,15170
943,2022-01-25 05:20:00,54.912,54.958,54.607,54.725,23256
944,2022-01-25 05:15:00,54.873,54.988,54.656,54.882,25945
945,2022-01-25 05:10:00,54.677,54.889,54.607,54.833,7120
946,2022-01-25 05:05:00,54.588,54.988,54.352,54.685,30940
947,2022-01-25 05:00:00,54.677,54.811,54.45,54.548,27524
948,2022-01-25 04:55:00,54.863,55.056,54.626,54.656,46213
949,2022-01-25 04:50:00,54.618,54.85,54.528,54.754,30348
950,2022-01-25 04:45:00,54.47,54.742,54.41,54.636,34975
951,2022-01-25 04:40:00,54.402,54.496,54.136,54.342,25541
952,2022-01-25 04:35:00,54.254,54.428,54.126,54.371,15949
953,2022-01-25 04:30:00,54.421,54.526,54.106,54.185,30642
954,2022-01-25 04:25:00,54.127,54.496,53.969,54.361,60436
955,2022-01-25 04:20:00,53.547,54.143,53.468,54.077,36559
956,2022-01-25 04:15:00,53.311,53.7,53.223,53.557,31983
957,2022-01-25 04:10:00,53.439,53.582,53.145,53.321,97816
958,2022-01-25 04:05:00,53.046,53.455,52.978,53.399,35604
959,2022-01-25 04:00:00,53.979,53.995,52.87,53.046,98688
960,2022-01-24 19:55:00,55.011,55.027,54.44,54.568,85924
961,2022-01-24 19:50:00,55.305,55.322,54.754,54.912,63453
962,2022-01-24 19:45:00,55.502,55.518,55.235,55.314,75837
963,2022-01-24 19:40:00,55.551,55.764,55.372,55.441,13677
964,2022-01-24 19:35:00,55.895,55.911,55.441,55.53,13253
965,2022-01-24 19:30:00,55.61,56.029,55.549,55.942,24983
966,2022-01-24 19:25:00,55.6,55.685,55.441,55.559,18287
967,2022-01-24 19:20:00,55.797,55.813,55.539,55.559,22423
968,2022-01-24 19:15:00,55.747,55.931,55.657,55.755,11233
969,2022-01-24 19:10:00,55.531,55.803,55.441,55.677,30400
970,2022-01-24 19:05:00,55.875,55.892,55.49,55.539,60164
971,2022-01-24 19:00:00,56.268,56.334,55.853,55.902,18063
972,2022-01-24 18:55:00,56.111,56.294,55.99,56.197,23496
973,2022-01-24 18:50:00,56.003,56.265,55.833,56.109,35782
974,2022-01-24 18:45:00,55.934,56.068,55.872,55.971,34930
975,2022-01-24 18:40:00,55.797,55.99,55.715,55.912,27633
976,2022-01-24 18:35:00,55.639,55.842,55.451,55.726,43693
977,2022-01-24 18:30:00,55.659,55.734,55.303,55.58,48034
978,2022-01-24 18:25:00,56.062,56.108,55.598,55.618,53171
979,2022-01-24 18:20:00,56.239,56.265,55.951,55.991,24291
980,2022-01-24 18:15:00,56.366,56.452,56.147,56.168,25221
981,2022-01-24 18:10:00,56.248,56.412,56.108,56.344,24428
982,2022-01-24 18:05:00,56.14,56.383,56.029,56.187,27886
983,2022-01-24 18:00:00,56.307,56.412,56.029,56.119,19953
984,2022-01-24 17:55:00,56.258,56.353,56.137,56.236,38404
985,2022-01-24 17:50:00,56.288,56.304,55.98,56.207,13729
986,2022-01-24 17:45:00,56.258,56.304,56.137,56.187,8002
987,2022-01-24 17:40:00,56.386,56.403,56.196,56.227,11366
988,2022-01-24 17:35:00,56.268,56.501,56.196,56.354,8541
989,2022-01-24 17:30:00,56.356,56.393,56.137,56.217,22444
990,2022-01-24 17:25:00,56.386,56.452,56.304,56.325,6499
991,2022-01-24 17:20:00,56.484,56.54,56.324,56.344,14815
992,2022-01-24 17:15:00,56.553,56.638,56.422,56.442,13369
993,2022-01-24 17:10:00,56.553,56.599,56.422,56.511,14113
994,2022-01-24 17:05:00,56.494,56.57,56.422,56.511,15745
995,2022-01-24 17:00:00,56.681,56.707,56.422,56.452,15365
996,2022-01-24 16:55:00,56.7,56.747,56.579,56.639,45015
997,2022-01-24 16:50:00,56.435,56.717,56.363,56.658,43364
998,2022-01-24 16:45:00,56.229,56.422,56.157,56.364,34331
999,2022-01-24 16:40:00,56.307,56.383,56.128,56.187,36678
1000,2022-01-24 16:35:00,56.327,56.353,56.196,56.266,22747
1001,2022-01-24 16:30:00,56.347,56.471,56.206,56.315,54013
1002,2022-01-24 16:25:00,56.553,56.57,56.255,56.335,70088
1003,2022-01-24 16:20:00,56.582,56.747,56.471,56.492,77202
1004,2022-01-24 16:15:00,56.543,56.766,56.481,56.55,138207
1005,2022-01-24 16:10:00,56.091,56.697,55.98,56.452,153148
1006,2022-01-24 16:05:00,56.465,56.481,56.01,56.079,178883
1007,2022-01-24 16:00:00,56.543,56.678,56.108,56.433,425221
1008,2022-01-24 15:55:00,56.037,56.747,55.568,56.501,3887716
1009,2022-01-24 15:50:00,55.521,56.432,55.46,56.001,4228326
1010,2022-01-24 15:45:00,54.539,55.587,54.42,55.49,3773106
1011,2022-01-24 15:40:00,55.315,55.43,54.185,54.519,3243254
1012,2022-01-24 15:35:00,55.099,55.4,54.509,55.274,4129050
1013,2022-01-24 15:30:00,53.734,55.194,53.194,55.039,5023823
1014,2022-01-24 15:25:00,53.596,54.182,53.174,53.694,3283458
1015,2022-01-24 15:20:00,52.948,53.966,52.889,53.561,2446265
1016,2022-01-24 15:15:00,53.4,54.123,52.742,52.909,3782656
1017,2022-01-24 15:10:00,52.673,53.494,52.587,53.35,2349749
1018,2022-01-24 15:05:00,52.56,52.747,52.026,52.634,1928803
1019,2022-01-24 15:00:00,52.476,53.121,52.35,52.516,2676695
1020,2022-01-24 14:55:00,52.132,52.649,51.584,52.438,2357447
1021,2022-01-24 14:50:00,51.7,52.197,51.28,52.094,2217221
1022,2022-01-24 14:45:00,50.954,51.843,50.358,51.662,2401338
1023,2022-01-24 14:40:00,50.865,51.175,50.623,50.926,1237961
1024,2022-01-24 14:35:00,51.553,51.657,50.476,50.837,2397567
1025,2022-01-24 14:30:00,51.474,52.246,51.349,51.515,1869828
1026,2022-01-24 14:25:00,51.288,51.774,51.133,51.456,1717106
1027,2022-01-24 14:20:00,52.142,52.728,51.221,51.26,2612828
1028,2022-01-24 14:15:00,52.476,52.747,52.016,52.094,1801633
1029,2022-01-24 14:10:00,53.243,53.543,52.173,52.438,2632399
1030,2022-01-24 14:05:00,52.948,53.425,52.821,53.208,1893885
1031,2022-01-24 14:00:00,52.761,53.592,52.634,52.909,3188937
1032,2022-01-24 13:55:00,52.447,52.796,52.144,52.712,2335116
1033,2022-01-24 13:50:00,52.174,52.551,51.967,52.399,2420221
1034,2022-01-24 13:45:00,51.042,52.207,50.956,52.148,2147969
1035,2022-01-24 13:40:00,51.455,51.509,50.77,51.004,1552396
1036,2022-01-24 13:35:00,51.376,51.548,50.525,51.408,1931994
1037,2022-01-24 13:30:00,50.345,51.47,50.24,51.338,2268002
1038,2022-01-24 13:25:00,50.679,51.057,50.219,50.317,2335638
1039,2022-01-24 13:20:00,51.779,51.902,50.554,50.631,2541884
1040,2022-01-24 13:15:00,51.347,51.932,51.094,51.748,2301178
1041,2022-01-24 13:10:00,50.767,51.411,50.652,51.299,2126200
1042,2022-01-24 13:05:00,50.286,51.185,49.995,50.749,3030564
1043,2022-01-24 13:00:00,49.829,50.33,49.494,50.253,1951982
1044,2022-01-24 12:55:00,50.001,50.32,49.612,49.797,2474356
1045,2022-01-24 12:50:00,49.293,50.074,48.798,49.974,2596063
1046,2022-01-24 12:45:00,48.999,49.505,48.876,49.267,2606746
1047,2022-01-24 12:40:00,48.331,49.102,47.826,48.953,2972876
1048,2022-01-24 12:35:00,48.519,48.533,47.777,48.305,1658593
1049,2022-01-24 12:30:00,48.272,48.6,47.924,48.487,2054074
1050,2022-01-24 12:25:00,47.948,48.601,47.316,48.256,2689057
1051,2022-01-24 12:20:00,47.722,48.452,47.405,47.902,3124068
1052,2022-01-24 12:15:00,48.183,48.237,47.267,47.691,2968735
1053,2022-01-24 12:10:00,48.567,48.846,47.798,48.148,3029749
1054,2022-01-24 12:05:00,49.225,49.377,48.415,48.531,2191235
1055,2022-01-24 12:00:00,49.922,49.957,49.082,49.208,1813735
1056,2022-01-24 11:55:00,49.662,49.976,49.357,49.887,2563759
1057,2022-01-24 11:50:00,48.635,49.75,48.543,49.63,3595460
1058,2022-01-24 11:45:00,49.642,49.878,48.552,48.599,4201452
1059,2022-01-24 11:40:00,50.119,50.183,49.386,49.61,2995339
1060,2022-01-24 11:35:00,50.629,50.821,49.848,50.087,3279378
1061,2022-01-24 11:30:00,50.993,51.136,50.427,50.602,2039240
1062,2022-01-24 11:25:00,50.767,51.087,50.387,50.945,2325408
1063,2022-01-24 11:20:00,50.816,51.381,50.525,50.739,2531303
1064,2022-01-24 11:15:00,50.816,51.273,50.476,50.808,2639906
1065,2022-01-24 11:10:00,50.998,51.165,50.407,50.798,2951042
1066,2022-01-24 11:05:00,51.209,51.332,50.809,50.965,3232446
1067,2022-01-24 11:00:00,51.73,51.745,51.035,51.171,2545980
1068,2022-01-24 10:55:00,52.244,52.384,51.457,51.691,2684955
1069,2022-01-24 10:50:00,51.209,52.266,50.839,52.192,3423184
1070,2022-01-24 10:45:00,52.329,52.374,50.829,51.171,3090791
1071,2022-01-24 10:40:00,51.956,52.403,51.447,52.285,2564727
1072,2022-01-24 10:35:00,52.059,52.619,51.611,51.927,3982843
1073,2022-01-24 10:30:00,51.631,52.433,51.486,52.017,3702515
1074,2022-01-24 10:25:00,51.69,52.236,51.339,51.593,3851034
1075,2022-01-24 10:20:00,50.443,51.736,50.373,51.657,4234391
1076,2022-01-24 10:15:00,51.464,51.607,50.358,50.406,3587930
1077,2022-01-24 10:10:00,51.111,51.652,50.466,51.436,4468568
1078,2022-01-24 10:05:00,51.681,51.97,51.02,51.103,4066642
1079,2022-01-24 10:00:00,51.798,52.639,51.555,51.638,3694787
1080,2022-01-24 09:55:00,52.172,53.012,51.732,51.75,3959656
1081,2022-01-24 09:50:00,52.26,52.502,51.231,52.143,5078995
1082,2022-01-24 09:45:00,52.25,52.875,51.81,52.226,4091186
1083,2022-01-24 09:40:00,53.488,53.735,51.977,52.22,5725618
1084,2022-01-24 09:35:00,52.869,53.641,52.585,53.439,4817375
1085,2022-01-24 09:30:00,52.899,53.356,52.261,52.82,6782121
1086,2022-01-24 09:25:00,52.624,53.013,52.409,52.742,271032
1087,2022-01-24 09:20:00,52.663,52.737,52.428,52.614,152255
1088,2022-01-24 09:15:00,52.574,52.914,52.517,52.624,163171
1089,2022-01-24 09:10:00,52.064,52.629,51.977,52.575,230028
1090,2022-01-24 09:05:00,52.604,52.619,51.879,52.015,379700
1091,2022-01-24 09:00:00,52.633,52.649,52.193,52.585,282337
1092,2022-01-24 08:55:00,53.213,53.229,52.566,52.595,225876
1093,2022-01-24 08:50:00,53.115,53.356,52.919,53.095,144280
1094,2022-01-24 08:45:00,52.977,53.239,52.87,53.076,239258
1095,2022-01-24 08:40:00,52.899,53.111,52.664,52.938,268806
1096,2022-01-24 08:35:00,53.085,53.111,52.605,52.841,235626
1097,2022-01-24 08:30:00,53.154,53.219,52.948,53.085,151912
1098,2022-01-24 08:25:00,53.095,53.337,52.988,53.105,192041
1099,2022-01-24 08:20:00,53.419,53.514,53.007,53.036,154175
1100,2022-01-24 08:15:00,53.626,53.769,53.292,53.341,103192
1101,2022-01-24 08:10:00,53.802,53.818,53.38,53.596,167855
1102,2022-01-24 08:05:00,53.684,53.867,53.478,53.773,140623
1103,2022-01-24 08:00:00,54.834,56.855,53.478,53.635,428038
1104,2022-01-24 07:55:00,54.117,54.26,53.998,54.067,125170
1105,2022-01-24 07:50:00,54.195,54.221,53.881,54.116,127353
1106,2022-01-24 07:45:00,54.077,54.379,54.018,54.136,70537
1107,2022-01-24 07:40:00,54.343,54.388,54.008,54.028,67989
1108,2022-01-24 07:35:00,54.362,54.536,54.224,54.283,113045
1109,2022-01-24 07:30:00,54.559,54.752,54.263,54.293,31558
1110,2022-01-24 07:25:00,54.726,54.791,54.489,54.538,38181
1111,2022-01-24 07:20:00,54.657,54.673,54.332,54.499,79008
1112,2022-01-24 07:15:00,54.755,54.978,54.587,54.676,67041
1113,2022-01-24 07:10:00,54.706,54.899,54.528,54.695,60002
1114,2022-01-24 07:05:00,54.804,55.017,54.577,54.685,77380
1115,2022-01-24 07:00:00,55.256,55.381,54.705,54.725,85290
1116,2022-01-24 06:55:00,55.109,55.243,55.038,55.186,5171
1117,2022-01-24 06:50:00,55.246,55.371,55.009,55.029,30225
1118,2022-01-24 06:45:00,54.912,55.312,54.852,55.206,11127
1119,2022-01-24 06:40:00,54.971,55.115,54.842,54.862,7933
1120,2022-01-24 06:35:00,54.706,54.997,54.489,54.872,13525
1121,2022-01-24 06:30:00,54.785,54.88,54.558,54.617,11185
1122,2022-01-24 06:25:00,55.011,55.164,54.715,54.784,12278
1123,2022-01-24 06:20:00,54.814,55.027,54.695,54.931,24600
1124,2022-01-24 06:15:00,55.227,55.44,54.744,54.764,45853
1125,2022-01-24 06:10:00,55.138,55.341,55.078,55.215,19520
1126,2022-01-24 06:05:00,54.755,55.174,54.695,55.117,31375
1127,2022-01-24 06:00:00,54.608,54.85,54.548,54.666,29907
1128,2022-01-24 05:55:00,54.451,54.703,54.371,54.568,43535
1129,2022-01-24 05:50:00,54.333,54.496,54.204,54.381,52114
1130,2022-01-24 05:45:00,54.264,54.536,54.145,54.283,30581
1131,2022-01-24 05:40:00,54.657,54.703,54.008,54.224,30002
1132,2022-01-24 05:35:00,54.706,54.781,54.518,54.558,12934
1133,2022-01-24 05:30:00,54.421,54.83,54.361,54.607,33709
1134,2022-01-24 05:25:00,54.667,54.791,54.312,54.381,53179
1135,2022-01-24 05:20:00,54.932,55.145,54.567,54.597,31391
1136,2022-01-24 05:15:00,55.168,55.253,54.793,54.97,44352
1137,2022-01-24 05:10:00,55.472,55.489,54.96,55.107,54570
1138,2022-01-24 05:05:00,55.659,55.695,55.313,55.402,15586
1139,2022-01-24 05:00:00,55.914,55.951,55.48,55.618,42045
1140,2022-01-24 04:55:00,55.944,56.029,55.794,55.903,11110
1141,2022-01-24 04:50:00,55.895,56.088,55.774,55.844,12805
1142,2022-01-24 04:45:00,55.983,56.0,55.578,55.814,33664
1143,2022-01-24 04:40:00,55.993,56.167,55.863,55.952,60428
1144,2022-01-24 04:35:00,56.052,56.265,55.961,56.001,6315
1145,2022-01-24 04:30:00,56.042,56.186,55.941,56.079,14447
1146,2022-01-24 04:25:00,55.944,56.186,55.882,56.001,32602
1147,2022-01-24 04:20:00,56.052,56.098,55.794,55.854,25738
1148,2022-01-24 04:15:00,56.327,56.344,55.931,56.011,43895
1149,2022-01-24 04:10:00,56.445,56.462,56.216,56.295,20732
1150,2022-01-24 04:05:00,56.386,56.619,56.226,56.462,36663
1151,2022-01-24 04:00:00,56.022,56.992,55.372,56.364,140722
1152,2022-01-21 19:55:00,55.158,55.184,55.009,55.029,20253
1153,2022-01-21 19:50:00,55.06,55.174,54.95,55.078,35359
1154,2022-01-21 19:45:00,55.089,55.184,55.019,55.058,20841
1155,2022-01-21 19:40:00,55.079,55.115,55.019,55.058,12769
1156,2022-01-21 19:35:00,55.109,55.125,54.98,55.019,11104
1157,2022-01-21 19:30:00,55.099,55.174,55.019,55.068,5315
1158,2022-01-21 19:25:00,55.02,55.184,54.95,55.127,7243
1159,2022-01-21 19:20:00,55.04,55.184,54.96,55.029,8990
1160,2022-01-21 19:15:00,55.011,55.086,54.94,55.019,8162
1161,2022-01-21 19:10:00,55.02,55.066,54.95,54.97,3203
1162,2022-01-21 19:05:00,55.168,55.184,54.95,55.019,42170
1163,2022-01-21 19:00:00,55.158,55.204,55.029,55.098,28854
1164,2022-01-21 18:55:00,55.197,55.214,54.95,55.137,129027
1165,2022-01-21 18:50:00,55.305,55.322,55.127,55.147,46110
1166,2022-01-21 18:45:00,55.315,55.371,55.205,55.255,25752
1167,2022-01-21 18:40:00,55.354,55.4,55.244,55.265,21211
1168,2022-01-21 18:35:00,55.335,55.42,55.274,55.353,14210
1169,2022-01-21 18:30:00,55.394,55.41,55.274,55.294,13365
1170,2022-01-21 18:25:00,55.384,55.42,55.294,55.333,8767
1171,2022-01-21 18:20:00,55.364,55.42,55.303,55.323,10471
1172,2022-01-21 18:15:00,55.374,55.39,55.294,55.323,19079
1173,2022-01-21 18:10:00,55.423,55.449,55.284,55.343,15963
1174,2022-01-21 18:05:00,55.394,55.44,55.323,55.373,10555
1175,2022-01-21 18:00:00,55.345,55.42,55.284,55.353,3902
1176,2022-01-21 17:55:00,55.384,55.4,55.284,55.304,16173
1177,2022-01-21 17:50:00,55.374,55.4,55.284,55.323,17007
1178,2022-01-21 17:45:00,55.423,55.44,55.303,55.343,62803
1179,2022-01-21 17:40:00,55.433,55.469,55.343,55.382,13993
1180,2022-01-21 17:35:00,55.463,55.479,55.372,55.412,8440
1181,2022-01-21 17:30:00,55.433,55.499,55.362,55.441,12306
1182,2022-01-21 17:25:00,55.463,55.479,55.362,55.392,36095
1183,2022-01-21 17:20:00,55.453,55.499,55.382,55.422,11575
1184,2022-01-21 17:15:00,55.463,55.528,55.382,55.402,18291
1185,2022-01-21 17:10:00,55.561,55.597,55.392,55.412,21840
1186,2022-01-21 17:05:00,55.502,55.567,55.411,55.51,21682
1187,2022-01-21 17:00:00,55.492,55.567,55.411,55.5,19252
1188,2022-01-21 16:55:00,55.561,55.685,55.401,55.451,97215
1189,2022-01-21 16:50:00,55.63,55.646,55.5,55.52,21500
1190,2022-01-21 16:45:00,55.639,55.675,55.558,55.579,23433
1191,2022-01-21 16:40:00,55.561,55.666,55.451,55.608,23102
1192,2022-01-21 16:35:00,55.531,55.577,55.411,55.5,47446
1193,2022-01-21 16:30:00,55.502,55.577,55.431,55.49,51539
1194,2022-01-21 16:25:00,55.59,55.607,55.421,55.441,29488
1195,2022-01-21 16:20:00,55.639,55.675,55.49,55.539,14771
1196,2022-01-21 16:15:00,55.59,55.715,55.421,55.598,76523
1197,2022-01-21 16:10:00,55.58,55.695,55.382,55.549,208972
1198,2022-01-21 16:05:00,55.836,55.862,55.47,55.51,164188
1199,2022-01-21 16:00:00,55.521,55.941,55.441,55.775,661357
1200,2022-01-21 15:55:00,55.698,56.363,55.441,55.471,3232221
1201,2022-01-21 15:50:00,56.71,56.727,55.554,55.657,3024553
1202,2022-01-21 15:45:00,56.725,56.904,56.323,56.658,2263596
1203,2022-01-21 15:40:00,56.769,57.464,56.589,56.688,3411545
1204,2022-01-21 15:35:00,56.425,56.815,56.294,56.737,1609073
1205,2022-01-21 15:30:00,56.101,56.884,55.972,56.403,2478010
1206,2022-01-21 15:25:00,56.309,56.398,55.774,56.06,2318626
1207,2022-01-21 15:20:00,56.563,56.579,55.971,56.266,2064162
1208,2022-01-21 15:15:00,56.229,56.914,55.941,56.521,2279462
1209,2022-01-21 15:10:00,56.239,56.343,55.843,56.187,2174138
1210,2022-01-21 15:05:00,56.504,56.52,55.971,56.197,2174376
1211,2022-01-21 15:00:00,56.661,56.953,56.363,56.462,1700365
1212,2022-01-21 14:55:00,57.25,57.346,56.54,56.619,1847399
1213,2022-01-21 14:50:00,57.683,57.7,57.128,57.208,1122290
1214,2022-01-21 14:45:00,57.496,57.788,57.393,57.64,910720
1215,2022-01-21 14:40:00,57.643,57.896,57.364,57.444,968440
1216,2022-01-21 14:35:00,57.26,57.768,56.971,57.606,1497111
1217,2022-01-21 14:30:00,57.28,57.483,57.099,57.208,979205
1218,2022-01-21 14:25:00,58.233,58.25,57.148,57.228,1478420
1219,2022-01-21 14:20:00,58.017,58.299,57.727,58.199,1024396
1220,2022-01-21 14:15:00,58.026,58.329,57.894,57.974,863853
1221,2022-01-21 14:10:00,57.997,58.309,57.855,57.993,893363
1222,2022-01-21 14:05:00,58.076,58.476,57.864,57.954,1191828
1223,2022-01-21 14:00:00,57.859,58.201,57.747,58.042,1281661
1224,2022-01-21 13:55:00,58.38,58.476,57.634,57.826,1199020
1225,2022-01-21 13:50:00,58.282,58.702,58.063,58.337,1116573
1226,2022-01-21 13:45:00,58.369,58.486,57.86,58.239,1029976
1227,2022-01-21 13:40:00,58.243,58.643,58.051,58.317,1006367
1228,2022-01-21 13:35:00,57.907,58.476,57.658,58.2,1116000
1229,2022-01-21 13:30:00,57.722,58.103,57.541,57.866,1111403
1230,2022-01-21 13:25:00,57.589,57.954,57.442,57.679,877338
1231,2022-01-21 13:20:00,58.213,58.235,57.472,57.542,1575186
1232,2022-01-21 13:15:00,58.763,58.781,58.021,58.18,870991
1233,2022-01-21 13:10:00,58.267,59.007,58.198,58.72,1267005
1234,2022-01-21 13:05:00,58.115,58.476,58.031,58.229,749834
1235,2022-01-21 13:00:00,58.292,58.623,57.972,58.082,790869
1236,2022-01-21 12:55:00,58.046,58.456,57.786,58.258,896883
1237,2022-01-21 12:50:00,57.977,58.181,57.766,57.993,920735
1238,2022-01-21 12:45:00,58.193,58.594,57.786,57.925,1371268
1239,2022-01-21 12:40:00,58.247,58.594,58.08,58.15,807506
1240,2022-01-21 12:35:00,58.488,58.879,57.933,58.2,1397553
1241,2022-01-21 12:30:00,58.36,58.594,58.129,58.445,1018605
1242,2022-01-21 12:25:00,58.498,58.894,58.232,58.327,1100321
1243,2022-01-21 12:20:00,58.262,58.545,57.982,58.465,1007665
1244,2022-01-21 12:15:00,58.626,58.771,58.11,58.229,1286235
1245,2022-01-21 12:10:00,58.999,59.095,58.384,58.582,1537675
1246,2022-01-21 12:05:00,59.107,59.527,58.885,58.97,1148987
1247,2022-01-21 12:00:00,58.95,59.419,58.669,59.073,1637882
1248,2022-01-21 11:55:00,58.508,59.065,58.394,58.906,1261928
1249,2022-01-21 11:50:00,58.881,59.085,58.335,58.465,1761910
1250,2022-01-21 11:45:00,59.353,59.449,58.522,58.798,2354517
1251,2022-01-21 11:40:00,59.323,59.468,59.062,59.299,1492359
1252,2022-01-21 11:35:00,60.315,60.441,59.16,59.274,2195611
1253,2022-01-21 11:30:00,60.59,60.618,59.797,60.271,2311792
1254,2022-01-21 11:25:00,60.757,60.864,60.259,60.546,1393878
1255,2022-01-21 11:20:00,60.05,60.947,59.778,60.713,2163604
1256,2022-01-21 11:15:00,59.618,60.254,59.552,60.001,1405247
1257,2022-01-21 11:10:00,60.315,60.422,59.513,59.564,1937133
1258,2022-01-21 11:05:00,59.696,60.402,59.533,60.261,2355032
1259,2022-01-21 11:00:00,59.785,59.861,59.297,59.662,1733984
1260,2022-01-21 10:55:00,60.237,60.431,59.425,59.731,2187142
1261,2022-01-21 10:50:00,59.726,60.431,59.645,60.202,3753398
1262,2022-01-21 10:45:00,59.235,59.802,58.767,59.692,2555786
1263,2022-01-21 10:40:00,59.019,59.37,58.669,59.191,3278142
1264,2022-01-21 10:35:00,59.372,59.989,58.944,58.974,3907522
1265,2022-01-21 10:30:00,58.134,59.517,57.864,59.328,4799411
1266,2022-01-21 10:25:00,57.555,58.5,57.442,58.092,2990041
1267,2022-01-21 10:20:00,57.545,57.739,56.864,57.515,3543806
1268,2022-01-21 10:15:00,57.742,58.171,57.403,57.503,2762600
1269,2022-01-21 10:10:00,58.341,58.397,57.521,57.709,3159231
1270,2022-01-21 10:05:00,58.066,58.736,57.972,58.308,2759173
1271,2022-01-21 10:00:00,58.38,58.756,57.777,58.023,3458618
1272,2022-01-21 09:55:00,58.449,58.839,58.08,58.332,3710457
1273,2022-01-21 09:50:00,59.284,59.498,58.335,58.416,3178213
1274,2022-01-21 09:45:00,58.635,59.793,58.551,59.25,3468733
1275,2022-01-21 09:40:00,59.588,59.694,58.532,58.582,4058161
1276,2022-01-21 09:35:00,60.315,60.451,59.464,59.549,3703073
1277,2022-01-21 09:30:00,59.549,60.461,59.012,60.271,4723064
1278,2022-01-21 09:25:00,58.999,59.586,58.924,59.446,176462
1279,2022-01-21 09:20:00,58.871,59.026,58.738,58.946,51894
1280,2022-01-21 09:15:00,58.92,59.075,58.718,58.838,64191
1281,2022-01-21 09:10:00,58.714,58.997,58.62,58.906,76414
1282,2022-01-21 09:05:00,59.087,59.105,58.62,58.69,179918
1283,2022-01-21 09:00:00,59.195,59.311,58.993,59.024,35641
1284,2022-01-21 08:55:00,59.225,59.272,59.052,59.142,34812
1285,2022-01-21 08:50:00,59.314,59.38,59.13,59.171,30685
1286,2022-01-21 08:45:00,59.362,59.468,59.199,59.26,41677
1287,2022-01-21 08:40:00,59.362,59.498,59.199,59.328,75511
1288,2022-01-21 08:35:00,58.979,59.429,58.905,59.368,49800
1289,2022-01-21 08:30:00,59.274,59.301,58.914,58.975,47255
1290,2022-01-21 08:25:00,59.284,59.39,59.16,59.23,57455
1291,2022-01-21 08:20:00,59.186,59.331,59.022,59.22,66541
1292,2022-01-21 08:15:00,59.028,59.193,58.738,59.132,62582
1293,2022-01-21 08:10:00,59.107,59.154,58.738,58.965,57352
1294,2022-01-21 08:05:00,59.019,59.124,58.875,59.044,28526
1295,2022-01-21 08:00:00,59.225,59.94,58.424,58.887,264818
1296,2022-01-21 07:55:00,58.989,59.134,58.797,59.054,27418
1297,2022-01-21 07:50:00,59.058,59.203,58.865,58.906,28742
1298,2022-01-21 07:45:00,59.038,59.252,58.973,59.014,8108
1299,2022-01-21 07:40:00,59.254,59.272,58.963,59.024,19209
1300,2022-01-21 07:35:00,59.097,59.311,58.973,59.211,50732
1301,2022-01-21 07:30:00,59.156,59.282,58.944,59.034,29032
1302,2022-01-21 07:25:00,59.245,59.262,59.022,59.152,47718
1303,2022-01-21 07:20:00,59.235,59.4,59.169,59.211,25406
1304,2022-01-21 07:15:00,59.087,59.35,58.993,59.211,35994
1305,2022-01-21 07:10:00,58.999,59.095,58.698,58.995,48698
1306,2022-01-21 07:05:00,59.156,59.252,58.816,58.955,61229
1307,2022-01-21 07:00:00,59.559,59.606,59.071,59.103,77911
1308,2022-01-21 06:55:00,59.215,59.694,59.15,59.535,44908
1309,2022-01-21 06:50:00,59.117,59.183,58.973,59.122,11033
1310,2022-01-21 06:45:00,59.323,59.341,58.924,59.044,20123
1311,2022-01-21 06:40:00,59.431,59.449,59.199,59.289,15070
1312,2022-01-21 06:35:00,59.127,59.547,59.062,59.446,28449
1313,2022-01-21 06:30:00,59.235,59.252,58.973,59.073,20218
1314,2022-01-21 06:25:00,59.019,59.252,58.944,59.191,24071
1315,2022-01-21 06:20:00,59.264,59.311,58.924,58.946,24557
1316,2022-01-21 06:15:00,59.49,59.537,59.071,59.201,38551
1317,2022-01-21 06:10:00,59.49,59.616,59.366,59.476,7755
1318,2022-01-21 06:05:00,60.06,60.097,59.307,59.427,36136
1319,2022-01-21 06:00:00,60.148,60.166,59.915,59.996,10552
1320,2022-01-21 05:55:00,59.952,60.205,59.837,60.143,17106
1321,2022-01-21 05:50:00,60.119,60.156,59.954,59.976,10019
1322,2022-01-21 05:45:00,60.227,60.254,59.984,60.094,10408
1323,2022-01-21 05:40:00,60.148,60.284,60.082,60.222,7684
1324,2022-01-21 05:35:00,60.138,60.245,60.072,60.153,5605
1325,2022-01-21 05:30:00,60.256,60.274,60.033,60.055,10765
1326,2022-01-21 05:25:00,60.217,60.333,60.111,60.251,18255
1327,2022-01-21 05:20:00,60.276,60.422,60.161,60.231,33720
1328,2022-01-21 05:15:00,60.05,60.333,59.984,60.251,13560
1329,2022-01-21 05:10:00,59.981,60.068,59.856,59.888,16701
1330,2022-01-21 05:05:00,59.883,60.078,59.817,59.927,17425
1331,2022-01-21 05:00:00,59.981,60.009,59.739,59.8,12718
1332,2022-01-21 04:55:00,60.04,60.097,59.925,59.947,10638
1333,2022-01-21 04:50:00,59.844,60.127,59.768,60.006,23242
1334,2022-01-21 04:45:00,59.804,59.861,59.67,59.76,10415
1335,2022-01-21 04:40:00,59.706,59.92,59.64,59.741,9599
1336,2022-01-21 04:35:00,59.873,59.891,59.582,59.603,16694
1337,2022-01-21 04:30:00,59.893,60.019,59.758,59.79,17409
1338,2022-01-21 04:25:00,59.746,59.93,59.67,59.868,10506
1339,2022-01-21 04:20:00,59.579,59.822,59.513,59.701,34863
1340,2022-01-21 04:15:00,59.421,59.567,59.326,59.505,22265
1341,2022-01-21 04:10:00,59.559,59.576,59.277,59.407,38409
1342,2022-01-21 04:05:00,59.755,59.861,59.454,59.535,83315
1343,2022-01-21 04:00:00,59.382,59.793,59.258,59.711,49535
1344,2022-01-20 19:55:00,59.136,59.213,58.895,58.946,62736
1345,2022-01-20 19:50:00,59.235,59.301,59.003,59.112,32851
1346,2022-01-20 19:45:00,59.156,59.272,59.062,59.211,18393
1347,2022-01-20 19:40:00,59.264,59.282,59.003,59.093,55176
1348,2022-01-20 19:35:00,59.333,59.39,59.071,59.22,50583
1349,2022-01-20 19:30:00,59.362,59.439,59.209,59.299,18941
1350,2022-01-20 19:25:00,59.313,59.498,59.219,59.289,20464
1351,2022-01-20 19:20:00,59.451,59.468,59.16,59.289,21857
1352,2022-01-20 19:15:00,59.451,59.527,59.336,59.407,14864
1353,2022-01-20 19:10:00,59.284,59.547,59.219,59.407,17706
1354,2022-01-20 19:05:00,59.353,59.478,59.101,59.319,28405
1355,2022-01-20 19:00:00,59.529,59.694,59.228,59.279,62421
1356,2022-01-20 18:55:00,59.392,59.547,59.268,59.485,50009
1357,2022-01-20 18:50:00,59.461,59.508,59.248,59.328,23818
1358,2022-01-20 18:45:00,59.461,59.596,59.385,59.456,49768
1359,2022-01-20 18:40:00,59.372,59.498,59.287,59.436,85836
1360,2022-01-20 18:35:00,59.087,59.419,58.963,59.309,52234
1361,2022-01-20 18:30:00,58.94,59.154,58.875,59.063,24744
1362,2022-01-20 18:25:00,59.127,59.223,58.875,58.896,25974
1363,2022-01-20 18:20:00,58.96,59.193,58.738,59.132,48297
1364,2022-01-20 18:15:00,59.205,59.223,58.777,58.926,59576
1365,2022-01-20 18:10:00,59.343,59.4,59.071,59.162,16496
1366,2022-01-20 18:05:00,59.5,59.655,59.169,59.191,36791
1367,2022-01-20 18:00:00,59.117,59.547,58.973,59.456,54986
1368,2022-01-20 17:55:00,59.136,59.154,59.022,59.044,11433
1369,2022-01-20 17:50:00,59.048,59.154,58.973,59.004,24454
1370,2022-01-20 17:45:00,59.156,59.213,58.983,59.004,16567
1371,2022-01-20 17:40:00,59.235,59.252,59.111,59.132,6832
1372,2022-01-20 17:35:00,59.343,59.409,59.179,59.201,26218
1373,2022-01-20 17:30:00,59.333,59.419,59.268,59.309,15322
1374,2022-01-20 17:25:00,59.284,60.805,59.189,59.27,65154
1375,2022-01-20 17:20:00,59.264,59.449,59.12,59.201,36011
1376,2022-01-20 17:15:00,59.235,59.35,59.091,59.132,22256
1377,2022-01-20 17:10:00,59.176,59.331,59.091,59.191,20255
1378,2022-01-20 17:05:00,59.264,59.35,59.052,59.142,40452
1379,2022-01-20 17:00:00,59.274,59.321,59.071,59.26,31170
1380,2022-01-20 16:55:00,59.254,59.449,59.16,59.23,123216
1381,2022-01-20 16:50:00,58.616,59.272,58.453,59.191,128884
1382,2022-01-20 16:45:00,58.685,58.859,58.492,58.582,209697
1383,2022-01-20 16:40:00,59.028,59.075,58.286,58.622,290197
1384,2022-01-20 16:35:00,59.392,59.419,58.963,58.985,120376
1385,2022-01-20 16:30:00,59.294,59.419,59.052,59.338,162023
1386,2022-01-20 16:25:00,59.726,59.871,59.238,59.279,167303
1387,2022-01-20 16:20:00,60.07,60.107,59.611,59.701,167914
1388,2022-01-20 16:15:00,59.962,60.176,59.837,60.074,141702
1389,2022-01-20 16:10:00,60.168,60.235,59.876,59.957,119687
1390,2022-01-20 16:05:00,59.981,60.441,59.915,60.065,239492
1391,2022-01-20 16:00:00,60.62,60.874,59.837,59.908,766416
1392,2022-01-20 15:55:00,60.59,60.923,60.347,60.575,4325482
1393,2022-01-20 15:50:00,61.091,61.414,60.435,60.555,3007953
1394,2022-01-20 15:45:00,61.622,61.719,61.004,61.046,1856824
1395,2022-01-20 15:40:00,61.789,62.082,61.524,61.576,1725307
1396,2022-01-20 15:35:00,62.25,62.269,61.407,61.743,2146280
1397,2022-01-20 15:30:00,62.329,62.475,61.937,62.185,1445348
1398,2022-01-20 15:25:00,62.457,62.623,62.015,62.293,1575421
1399,2022-01-20 15:20:00,63.056,63.08,62.359,62.401,1352102
1400,2022-01-20 15:15:00,62.869,63.158,62.663,63.0,1255052
1401,2022-01-20 15:10:00,63.09,63.33,62.761,62.823,1134076
1402,2022-01-20 15:05:00,63.567,63.694,62.938,63.039,1060597
1403,2022-01-20 15:00:00,63.753,64.146,63.369,63.52,1222931
1404,2022-01-20 14:55:00,63.989,64.146,63.649,63.706,766048
1405,2022-01-20 14:50:00,63.94,64.155,63.752,63.942,667887
1406,2022-01-20 14:45:00,63.989,64.205,63.585,63.913,1034666
1407,2022-01-20 14:40:00,64.176,64.214,63.85,63.922,686544
1408,2022-01-20 14:35:00,64.323,64.377,63.933,64.124,617349
1409,2022-01-20 14:30:00,64.392,64.431,64.027,64.266,905213
1410,2022-01-20 14:25:00,64.657,64.814,64.282,64.344,660121
1411,2022-01-20 14:20:00,64.696,64.824,64.4,64.619,536295
1412,2022-01-20 14:15:00,64.636,64.883,64.321,64.649,1045344
1413,2022-01-20 14:10:00,65.537,65.649,64.489,64.59,1473029
1414,2022-01-20 14:05:00,65.61,65.649,65.371,65.493,431322
1415,2022-01-20 14:00:00,64.962,65.659,64.831,65.552,876381
1416,2022-01-20 13:55:00,65.296,65.338,64.802,64.914,663547
1417,2022-01-20 13:50:00,65.197,65.384,65.057,65.257,238210
1418,2022-01-20 13:45:00,65.268,65.492,64.943,65.149,470098
1419,2022-01-20 13:40:00,65.315,65.453,65.165,65.218,392198
1420,2022-01-20 13:35:00,65.011,65.364,64.841,65.267,608624
1421,2022-01-20 13:30:00,65.247,65.325,64.841,64.953,707280
1422,2022-01-20 13:25:00,65.256,65.541,65.145,65.179,538843
1423,2022-01-20 13:20:00,65.286,65.443,65.127,65.218,475706
1424,2022-01-20 13:15:00,65.423,65.443,64.939,65.248,692153
1425,2022-01-20 13:10:00,65.178,65.522,65.047,65.377,729352
1426,2022-01-20 13:05:00,65.364,65.389,64.969,65.12,1052883
1427,2022-01-20 13:00:00,65.787,65.811,65.234,65.326,879133
1428,2022-01-20 12:55:00,65.797,65.885,65.567,65.753,597130
1429,2022-01-20 12:50:00,66.16,66.19,65.695,65.748,532284
1430,2022-01-20 12:45:00,66.366,66.396,66.029,66.093,325033
1431,2022-01-20 12:40:00,66.277,66.465,66.146,66.317,308248
1432,2022-01-20 12:35:00,66.435,66.514,66.087,66.224,381895
1433,2022-01-20 12:30:00,66.337,66.474,66.176,66.396,505243
1434,2022-01-20 12:25:00,66.101,66.357,65.842,66.288,537213
1435,2022-01-20 12:20:00,65.89,66.16,65.754,66.062,594745
1436,2022-01-20 12:15:00,66.17,66.219,65.813,65.846,380120
1437,2022-01-20 12:10:00,66.032,66.307,65.891,66.131,403623
1438,2022-01-20 12:05:00,66.239,66.276,65.891,65.993,452499
1439,2022-01-20 12:00:00,66.268,66.431,66.107,66.19,360638
1440,2022-01-20 11:55:00,66.273,66.563,66.127,66.209,491919
1441,2022-01-20 11:50:00,66.023,66.406,65.93,66.229,550104
1442,2022-01-20 11:45:00,65.748,66.121,65.666,65.964,717485
1443,2022-01-20 11:40:00,66.381,66.425,65.665,65.719,936050
1444,2022-01-20 11:35:00,66.445,66.533,65.983,66.327,841517
1445,2022-01-20 11:30:00,66.455,66.642,66.284,66.387,659974
1446,2022-01-20 11:25:00,66.209,66.553,66.058,66.416,549491
1447,2022-01-20 11:20:00,66.406,66.425,65.989,66.16,687318
1448,2022-01-20 11:15:00,66.445,66.533,66.215,66.337,577722
1449,2022-01-20 11:10:00,66.691,66.732,66.244,66.406,766821
1450,2022-01-20 11:05:00,66.877,66.936,66.607,66.641,561472
1451,2022-01-20 11:00:00,66.602,66.995,66.529,66.838,729391
1452,2022-01-20 10:55:00,66.75,66.769,66.372,66.553,534189
1453,2022-01-20 10:50:00,66.538,66.858,66.401,66.71,860847
1454,2022-01-20 10:45:00,66.357,66.642,66.205,66.484,737282
1455,2022-01-20 10:40:00,66.386,66.589,66.254,66.308,671688
1456,2022-01-20 10:35:00,66.504,66.602,66.205,66.337,635404
1457,2022-01-20 10:30:00,66.111,66.72,66.038,66.455,1648137
1458,2022-01-20 10:25:00,65.915,66.258,65.617,66.062,834591
1459,2022-01-20 10:20:00,65.473,65.964,65.381,65.866,989401
1460,2022-01-20 10:15:00,66.023,66.17,65.371,65.424,1327421
1461,2022-01-20 10:10:00,66.141,66.386,65.774,65.974,1148237
1462,2022-01-20 10:05:00,66.219,66.376,65.832,66.092,1104458
1463,2022-01-20 10:00:00,66.18,66.406,65.881,66.17,1262987
1464,2022-01-20 09:55:00,65.954,66.317,65.719,66.126,912443
1465,2022-01-20 09:50:00,65.904,66.14,65.44,65.9,1478181
1466,2022-01-20 09:45:00,65.944,66.061,65.646,65.856,1505243
1467,2022-01-20 09:40:00,65.217,65.964,65.008,65.895,1895710
1468,2022-01-20 09:35:00,65.217,65.374,64.841,65.159,1432005
1469,2022-01-20 09:30:00,64.854,65.512,64.517,65.166,2302446
1470,2022-01-20 09:25:00,64.981,65.001,64.694,64.796,84915
1471,2022-01-20 09:20:00,65.021,65.099,64.91,64.963,30202
1472,2022-01-20 09:15:00,65.07,65.089,64.91,64.963,18828
1473,2022-01-20 09:10:00,65.021,65.128,64.871,65.032,58305
1474,2022-01-20 09:05:00,65.05,65.138,64.861,64.982,47289
1475,2022-01-20 09:00:00,65.097,65.158,64.959,64.992,38856
1476,2022-01-20 08:55:00,65.217,65.246,64.978,65.002,31633
1477,2022-01-20 08:50:00,65.079,65.305,64.978,65.208,157358
1478,2022-01-20 08:45:00,64.981,65.099,64.831,65.012,97105
1479,2022-01-20 08:40:00,64.893,65.03,64.763,64.924,32564
1480,2022-01-20 08:35:00,65.03,65.069,64.714,64.884,86455
1481,2022-01-20 08:30:00,64.667,65.148,64.586,65.032,158134
1482,2022-01-20 08:25:00,64.608,64.706,64.429,64.619,46499
1483,2022-01-20 08:20:00,64.569,64.657,64.449,64.59,43276
1484,2022-01-20 08:15:00,64.696,64.794,64.498,64.532,40691
1485,2022-01-20 08:10:00,64.608,64.706,64.39,64.639,10787
1486,2022-01-20 08:05:00,64.588,64.657,64.331,64.541,44291
1487,2022-01-20 08:00:00,64.736,64.883,64.125,64.551,127275
1488,2022-01-20 07:55:00,64.412,64.627,64.341,64.521,28154
1489,2022-01-20 07:50:00,64.382,64.48,64.282,64.394,11907
1490,2022-01-20 07:45:00,64.284,64.391,64.193,64.325,28261
1491,2022-01-20 07:40:00,64.392,64.411,64.125,64.178,34661
1492,2022-01-20 07:35:00,64.392,64.519,64.282,64.384,5216
1493,2022-01-20 07:30:00,64.598,64.657,64.321,64.344,19827
1494,2022-01-20 07:25:00,64.588,64.627,64.439,64.531,18761
1495,2022-01-20 07:20:00,64.696,64.853,64.517,64.541,15872
1496,2022-01-20 07:15:00,64.834,64.853,64.615,64.649,18252
1497,2022-01-20 07:10:00,64.775,64.912,64.684,64.786,35215
1498,2022-01-20 07:05:00,64.775,64.794,64.566,64.727,14298
1499,2022-01-20 07:00:00,64.795,64.863,64.566,64.747,51861
1500,2022-01-20 06:55:00,64.775,64.853,64.704,64.786,13261
1501,2022-01-20 06:50:00,64.775,64.863,64.615,64.639,10459
1502,2022-01-20 06:45:00,64.696,64.745,64.537,64.678,9439
1503,2022-01-20 06:40:00,64.824,64.843,64.684,64.708,8742
1504,2022-01-20 06:35:00,64.785,64.873,64.714,64.767,9269
1505,2022-01-20 06:30:00,64.932,64.951,64.674,64.698,9441
1506,2022-01-20 06:25:00,64.883,64.991,64.792,64.874,9845
1507,2022-01-20 06:20:00,64.834,64.892,64.704,64.825,3042
1508,2022-01-20 06:15:00,64.696,64.902,64.625,64.796,8595
1509,2022-01-20 06:10:00,64.677,64.755,64.586,64.609,4733
1510,2022-01-20 06:05:00,64.775,64.794,64.615,64.639,6476
1511,2022-01-20 06:00:00,64.549,64.804,64.478,64.649,9065
1512,2022-01-20 05:55:00,64.471,64.549,64.341,64.364,5937
1513,2022-01-20 05:50:00,64.412,64.499,64.321,64.433,4572
1514,2022-01-20 05:45:00,64.382,64.45,64.311,64.384,4800
1515,2022-01-20 05:40:00,64.392,64.46,64.311,64.394,723
1516,2022-01-20 05:35:00,64.333,64.45,64.243,64.384,2203
1517,2022-01-20 05:30:00,64.461,64.49,64.282,64.305,4356
1518,2022-01-20 05:25:00,64.559,64.588,64.331,64.423,5067
1519,2022-01-20 05:20:00,64.402,64.588,64.331,64.521,2955
1520,2022-01-20 05:15:00,64.225,64.411,64.154,64.325,1551
1521,2022-01-20 05:10:00,64.353,64.372,64.184,64.207,2034
1522,2022-01-20 05:05:00,64.362,64.401,64.076,64.178,7676
1523,2022-01-20 05:00:00,64.412,64.431,64.252,64.325,3422
1524,2022-01-20 04:55:00,64.441,64.46,64.233,64.295,6111
1525,2022-01-20 04:50:00,64.343,64.48,64.272,64.354,6626
1526,2022-01-20 04:45:00,64.372,64.401,64.174,64.335,7615
1527,2022-01-20 04:40:00,64.5,64.529,64.311,64.335,8393
1528,2022-01-20 04:35:00,64.421,64.519,64.272,64.423,26086
1529,2022-01-20 04:30:00,64.078,64.46,63.987,64.354,43659
1530,2022-01-20 04:25:00,63.911,64.195,63.781,64.05,10035
1531,2022-01-20 04:20:00,63.763,63.929,63.693,63.805,15434
1532,2022-01-20 04:15:00,63.95,64.038,63.654,63.677,5770
1533,2022-01-20 04:10:00,63.763,63.988,63.526,63.873,17510
1534,2022-01-20 04:05:00,63.999,64.018,63.585,63.677,85641
1535,2022-01-20 04:00:00,64.068,64.244,63.879,63.952,42490
1536,2022-01-19 19:55:00,63.282,63.419,63.202,63.353,28268
1537,2022-01-19 19:50:00,63.193,63.251,63.026,63.186,23250
1538,2022-01-19 19:45:00,63.331,63.369,63.163,63.186,7345
1539,2022-01-19 19:40:00,63.37,63.419,63.222,63.284,6231
1540,2022-01-19 19:35:00,63.567,63.586,63.261,63.314,7803
1541,2022-01-19 19:30:00,63.508,63.615,63.379,63.53,17363
1542,2022-01-19 19:25:00,63.508,63.546,63.379,63.471,15848
1543,2022-01-19 19:20:00,63.429,63.527,63.33,63.461,22965
1544,2022-01-19 19:15:00,63.429,63.527,63.32,63.383,15675
1545,2022-01-19 19:10:00,63.341,63.458,63.222,63.382,22991
1546,2022-01-19 19:05:00,63.125,63.36,63.045,63.294,32291
1547,2022-01-19 19:00:00,62.879,63.143,62.8,63.078,54090
1548,2022-01-19 18:55:00,62.84,62.898,62.702,62.744,13929
1549,2022-01-19 18:50:00,63.066,63.084,62.653,62.774,60015
1550,2022-01-19 18:45:00,63.144,63.163,62.977,63.019,15467
1551,2022-01-19 18:40:00,63.076,63.183,62.987,63.108,14052
1552,2022-01-19 18:35:00,63.017,63.065,62.888,62.98,23188
1553,2022-01-19 18:30:00,63.017,63.084,62.947,63.0,10765
1554,2022-01-19 18:25:00,62.968,63.084,62.879,62.951,29712
1555,2022-01-19 18:20:00,63.105,63.134,62.898,62.921,44294
1556,2022-01-19 18:15:00,63.184,63.202,63.036,63.078,13292
1557,2022-01-19 18:10:00,63.311,63.34,63.134,63.157,12073
1558,2022-01-19 18:05:00,63.36,63.428,63.242,63.274,17838
1559,2022-01-19 18:00:00,63.262,63.379,63.193,63.314,11167
1560,2022-01-19 17:55:00,63.262,63.33,63.153,63.216,8305
1561,2022-01-19 17:50:00,63.174,63.232,63.104,63.157,4507
1562,2022-01-19 17:45:00,63.125,63.183,63.055,63.117,6644
1563,2022-01-19 17:40:00,63.144,63.183,63.065,63.098,5777
1564,2022-01-19 17:35:00,63.144,63.183,63.075,63.098,3093
1565,2022-01-19 17:30:00,63.115,63.163,63.045,63.098,2363
1566,2022-01-19 17:25:00,63.135,63.153,63.036,63.078,5189
1567,2022-01-19 17:20:00,63.144,63.173,63.055,63.108,1200
1568,2022-01-19 17:15:00,63.066,63.143,62.996,63.078,4630
1569,2022-01-19 17:10:00,63.115,63.163,62.996,63.049,5293
1570,2022-01-19 17:05:00,63.115,63.173,63.006,63.049,3500
1571,2022-01-19 17:00:00,63.115,63.183,63.035,63.098,6250
1572,2022-01-19 16:55:00,63.184,63.251,63.045,63.108,25827
1573,2022-01-19 16:50:00,63.174,63.222,63.085,63.127,27112
1574,2022-01-19 16:45:00,63.007,63.212,62.918,63.127,55547
1575,2022-01-19 16:40:00,62.968,63.035,62.82,62.941,30338
1576,2022-01-19 16:35:00,62.968,62.986,62.8,62.882,49675
1577,2022-01-19 16:30:00,62.977,63.035,62.859,62.931,39263
1578,2022-01-19 16:25:00,63.105,63.124,62.859,62.931,67976
1579,2022-01-19 16:20:00,63.193,63.251,63.006,63.059,42010
1580,2022-01-19 16:15:00,63.233,63.34,63.114,63.146,27750
1581,2022-01-19 16:10:00,63.203,63.36,63.085,63.157,60330
1582,2022-01-19 16:05:00,63.223,63.35,63.114,63.137,115935
1583,2022-01-19 16:00:00,63.193,63.369,63.006,63.127,404159
1584,2022-01-19 15:55:00,63.527,63.615,62.957,63.155,2736567
1585,2022-01-19 15:50:00,64.146,64.165,63.399,63.481,2656507
1586,2022-01-19 15:45:00,64.362,64.46,64.056,64.109,916646
1587,2022-01-19 15:40:00,64.107,64.49,63.997,64.315,958384
1588,2022-01-19 15:35:00,64.225,64.372,64.027,64.06,779141
1589,2022-01-19 15:30:00,64.441,64.608,64.056,64.187,1194734
1590,2022-01-19 15:25:00,64.893,65.045,64.301,64.394,968767
1591,2022-01-19 15:20:00,65.03,65.236,64.802,64.845,777060
1592,2022-01-19 15:15:00,65.403,65.492,64.851,64.992,753668
1593,2022-01-19 15:10:00,64.903,65.492,64.772,65.355,820758
1594,2022-01-19 15:05:00,64.814,65.109,64.694,64.855,819862
1595,2022-01-19 15:00:00,65.089,65.207,64.645,64.767,825799
1596,2022-01-19 14:55:00,65.129,65.502,64.949,65.022,696745
1597,2022-01-19 14:50:00,64.898,65.168,64.792,65.076,530140
1598,2022-01-19 14:45:00,65.335,65.374,64.743,64.855,806790
1599,2022-01-19 14:40:00,64.795,65.384,64.655,65.295,811021
1600,2022-01-19 14:35:00,64.839,65.099,64.664,64.747,885565
1601,2022-01-19 14:30:00,64.726,64.932,64.498,64.796,761145
1602,2022-01-19 14:25:00,64.903,64.961,64.615,64.668,530530
1603,2022-01-19 14:20:00,65.099,65.148,64.655,64.865,686723
1604,2022-01-19 14:15:00,65.04,65.197,64.851,65.051,581632
1605,2022-01-19 14:10:00,65.148,65.354,64.881,64.992,692000
1606,2022-01-19 14:05:00,65.787,65.806,64.978,65.11,1140925
1607,2022-01-19 14:00:00,65.944,66.121,65.616,65.728,669699
1608,2022-01-19 13:55:00,65.964,66.228,65.783,65.895,635872
1609,2022-01-19 13:50:00,65.826,66.052,65.577,65.925,589359
1610,2022-01-19 13:45:00,65.964,66.052,65.724,65.797,372614
1611,2022-01-19 13:40:00,65.895,65.993,65.665,65.905,540586
1612,2022-01-19 13:35:00,66.072,66.091,65.685,65.846,659208
1613,2022-01-19 13:30:00,66.013,66.263,65.852,66.033,567100
1614,2022-01-19 13:25:00,66.376,66.504,65.901,65.964,476167
1615,2022-01-19 13:20:00,66.524,66.563,66.195,66.337,401179
1616,2022-01-19 13:15:00,66.592,66.73,66.411,66.484,478572
1617,2022-01-19 13:10:00,66.416,66.671,66.303,66.543,442392
1618,2022-01-19 13:05:00,66.622,66.646,66.225,66.357,526016
1619,2022-01-19 13:00:00,66.71,66.779,66.107,66.582,990632
1620,2022-01-19 12:55:00,66.268,66.799,66.185,66.661,502122
1621,2022-01-19 12:50:00,66.494,66.651,66.166,66.2,506066
1622,2022-01-19 12:45:00,66.219,66.73,66.028,66.445,975570
1623,2022-01-19 12:40:00,66.249,66.381,66.033,66.17,597750
1624,2022-01-19 12:35:00,66.366,66.563,66.127,66.19,818815
1625,2022-01-19 12:30:00,66.484,66.602,66.274,66.308,669612
1626,2022-01-19 12:25:00,66.366,66.543,66.166,66.445,678897
1627,2022-01-19 12:20:00,66.091,66.479,65.999,66.317,1239299
1628,2022-01-19 12:15:00,66.219,66.278,65.93,66.052,773718
1629,2022-01-19 12:10:00,65.816,66.366,65.695,66.188,1383895
1630,2022-01-19 12:05:00,65.433,65.885,65.312,65.778,798298
1631,2022-01-19 12:00:00,65.217,65.58,65.111,65.385,973092
1632,2022-01-19 11:55:00,65.207,65.354,64.959,65.159,971817
1633,2022-01-19 11:50:00,64.795,65.295,64.596,65.159,1031757
1634,2022-01-19 11:45:00,64.382,64.951,64.252,64.757,1241218
1635,2022-01-19 11:40:00,64.52,64.745,64.164,64.343,923754
1636,2022-01-19 11:35:00,64.367,64.608,64.076,64.482,776565
1637,2022-01-19 11:30:00,64.628,64.966,64.184,64.32,977510
1638,2022-01-19 11:25:00,64.176,64.735,63.978,64.59,1171702
1639,2022-01-19 11:20:00,64.51,64.637,64.007,64.128,1224908
1640,2022-01-19 11:15:00,64.392,64.716,64.272,64.462,1090190
1641,2022-01-19 11:10:00,65.237,65.256,64.301,64.335,1708293
1642,2022-01-19 11:05:00,65.286,65.373,64.939,65.189,896742
1643,2022-01-19 11:00:00,65.306,65.659,65.156,65.248,1294245
1644,2022-01-19 10:55:00,65.099,65.413,64.802,65.257,1295221
1645,2022-01-19 10:50:00,64.873,65.413,64.763,65.052,1501569
1646,2022-01-19 10:45:00,65.335,65.502,64.674,64.825,1911672
1647,2022-01-19 10:40:00,65.463,65.482,64.988,65.297,1532572
1648,2022-01-19 10:35:00,66.053,66.072,65.322,65.414,1378466
1649,2022-01-19 10:30:00,66.337,66.504,65.813,65.998,1578952
1650,2022-01-19 10:25:00,66.563,66.661,66.234,66.288,1211883
1651,2022-01-19 10:20:00,66.907,67.025,66.406,66.504,1227361
1652,2022-01-19 10:15:00,67.3,67.378,66.578,66.848,1378874
1653,2022-01-19 10:10:00,66.887,67.428,66.735,67.24,1418556
1654,2022-01-19 10:05:00,67.319,67.388,66.617,66.828,1565758
1655,2022-01-19 10:00:00,67.359,67.516,66.755,67.27,1721856
1656,2022-01-19 09:55:00,67.133,67.487,66.97,67.309,1462260
1657,2022-01-19 09:50:00,66.838,67.27,66.548,67.088,1781012
1658,2022-01-19 09:45:00,66.583,67.29,66.431,66.789,1890802
1659,2022-01-19 09:40:00,66.858,66.961,66.117,66.533,1737808
1660,2022-01-19 09:35:00,66.131,67.113,65.881,66.798,2307902
1661,2022-01-19 09:30:00,66.121,66.808,65.925,66.102,1963569
1662,2022-01-19 09:25:00,66.209,66.248,65.989,66.092,83126
1663,2022-01-19 09:20:00,66.406,66.504,66.087,66.16,58312
1664,2022-01-19 09:15:00,66.357,66.445,66.234,66.357,33139
1665,2022-01-19 09:10:00,66.465,66.514,66.274,66.308,41167
1666,2022-01-19 09:05:00,66.494,66.602,66.382,66.406,14614
1667,2022-01-19 09:00:00,66.75,66.789,66.431,66.465,30985
1668,2022-01-19 08:55:00,66.416,66.809,66.313,66.681,68557
1669,2022-01-19 08:50:00,66.366,66.592,66.284,66.317,48158
1670,2022-01-19 08:45:00,66.386,66.435,66.205,66.317,32299
1671,2022-01-19 08:40:00,66.573,66.661,66.323,66.357,42437
1672,2022-01-19 08:35:00,66.465,66.622,66.362,66.475,40831
1673,2022-01-19 08:30:00,66.828,66.848,66.313,66.416,152514
1674,2022-01-19 08:25:00,66.769,66.858,66.696,66.779,73910
1675,2022-01-19 08:20:00,66.622,66.828,66.509,66.71,38917
1676,2022-01-19 08:15:00,66.612,66.72,66.421,66.514,22136
1677,2022-01-19 08:10:00,66.632,66.7,66.431,66.553,31837
1678,2022-01-19 08:05:00,66.347,66.72,66.274,66.573,73282
1679,2022-01-19 08:00:00,66.091,66.445,63.664,66.298,149518
1680,2022-01-19 07:55:00,66.091,66.18,65.999,66.072,13957
1681,2022-01-19 07:50:00,65.964,66.131,65.881,66.033,30176
1682,2022-01-19 07:45:00,65.748,65.993,65.675,65.915,16016
1683,2022-01-19 07:40:00,65.728,65.767,65.626,65.699,8030
1684,2022-01-19 07:35:00,65.973,65.993,65.626,65.65,26846
1685,2022-01-19 07:30:00,65.924,65.983,65.832,65.915,4421
1686,2022-01-19 07:25:00,65.856,65.973,65.783,65.846,6428
1687,2022-01-19 07:20:00,65.905,65.993,65.734,65.846,13719
1688,2022-01-19 07:15:00,66.14,66.16,65.793,65.817,20035
1689,2022-01-19 07:10:00,66.111,66.18,65.999,66.023,13786
1690,2022-01-19 07:05:00,66.16,66.248,66.019,66.043,24893
1691,2022-01-19 07:00:00,66.16,66.258,66.068,66.121,54210
1692,2022-01-19 06:55:00,66.16,66.19,66.048,66.072,3926
1693,2022-01-19 06:50:00,66.199,66.248,66.087,66.17,15810
1694,2022-01-19 06:45:00,65.905,66.072,65.832,66.003,4334
1695,2022-01-19 06:40:00,65.895,65.964,65.822,65.876,2589
1696,2022-01-19 06:35:00,65.708,65.914,65.636,65.846,16037
1697,2022-01-19 06:30:00,65.62,65.738,65.508,65.63,32976
1698,2022-01-19 06:25:00,65.728,65.806,65.587,65.611,17051
1699,2022-01-19 06:20:00,65.895,65.914,65.616,65.64,6548
1700,2022-01-19 06:15:00,66.111,66.131,65.783,65.807,4241
1701,2022-01-19 06:10:00,66.131,66.15,65.96,65.984,1786
1702,2022-01-19 06:05:00,66.19,66.239,66.028,66.052,5238
1703,2022-01-19 06:00:00,66.111,66.239,66.028,66.141,7800
1704,2022-01-19 05:55:00,65.836,66.14,65.724,66.062,7894
1705,2022-01-19 05:50:00,65.895,65.914,65.773,65.797,400
1706,2022-01-19 05:45:00,65.797,65.983,65.705,65.915,3460
1707,2022-01-19 05:40:00,65.826,65.924,65.724,65.748,3358
1708,2022-01-19 05:35:00,65.915,65.944,65.744,65.768,3693
1709,2022-01-19 05:30:00,65.807,65.895,65.734,65.827,2607
1710,2022-01-19 05:25:00,65.954,65.973,65.675,65.699,2046
1711,2022-01-19 05:20:00,65.885,66.042,65.803,65.915,10179
1712,2022-01-19 05:15:00,65.708,65.865,65.626,65.797,2126
1713,2022-01-19 05:10:00,65.934,65.954,65.646,65.67,18089
1714,2022-01-19 05:05:00,65.875,65.983,65.803,65.876,4128
1715,2022-01-19 05:00:00,66.062,66.111,65.813,65.836,8930
1716,2022-01-19 04:55:00,65.865,66.14,65.773,66.062,11081
1717,2022-01-19 04:50:00,65.708,65.875,65.636,65.768,4996
1718,2022-01-19 04:45:00,65.679,65.806,65.538,65.591,19571
1719,2022-01-19 04:40:00,65.482,65.757,65.4,65.66,12313
1720,2022-01-19 04:35:00,65.266,65.453,65.155,65.385,100983
1721,2022-01-19 04:30:00,64.991,65.256,64.9,65.179,33168
1722,2022-01-19 04:25:00,65.168,65.227,64.959,64.982,7946
1723,2022-01-19 04:20:00,65.355,65.374,65.106,65.14,9959
1724,2022-01-19 04:15:00,65.148,65.413,65.077,65.316,7037
1725,2022-01-19 04:10:00,65.306,65.325,65.067,65.09,13649
1726,2022-01-19 04:05:00,65.306,65.413,65.185,65.208,28226
1727,2022-01-19 04:00:00,64.952,65.354,64.88,65.267,22676
1728,2022-01-18 19:55:00,64.913,65.001,64.821,64.914,19519
1729,2022-01-18 19:50:00,64.932,64.961,64.704,64.894,65438
1730,2022-01-18 19:45:00,65.08,65.099,64.802,64.825,33407
1731,2022-01-18 19:40:00,65.109,65.128,64.998,65.032,6724
1732,2022-01-18 19:35:00,65.197,65.217,64.998,65.081,17812
1733,2022-01-18 19:30:00,65.168,65.305,65.096,65.159,32642
1734,2022-01-18 19:25:00,65.158,65.227,65.037,65.09,11644
1735,2022-01-18 19:20:00,65.178,65.246,65.077,65.13,11104
1736,2022-01-18 19:15:00,65.08,65.177,64.978,65.11,11497
1737,2022-01-18 19:10:00,65.276,65.335,64.998,65.041,13733
1738,2022-01-18 19:05:00,65.374,65.433,65.204,65.316,9885
1739,2022-01-18 19:00:00,65.217,65.423,65.145,65.336,8460
1740,2022-01-18 18:55:00,65.306,65.335,65.135,65.169,9044
1741,2022-01-18 18:50:00,65.335,65.364,65.156,65.257,88947
1742,2022-01-18 18:45:00,65.335,65.423,65.253,65.287,9991
1743,2022-01-18 18:40:00,65.336,65.443,65.263,65.287,13765
1744,2022-01-18 18:35:00,65.414,65.482,65.273,65.297,19898
1745,2022-01-18 18:30:00,65.59,65.61,65.342,65.385,29222
1746,2022-01-18 18:25:00,65.659,65.718,65.508,65.532,9386
1747,2022-01-18 18:20:00,65.64,65.757,65.499,65.562,27602
1748,2022-01-18 18:15:00,65.846,65.865,65.557,65.591,10813
1749,2022-01-18 18:10:00,65.787,65.905,65.714,65.797,7068
1750,2022-01-18 18:05:00,65.816,65.846,65.714,65.758,1939
1751,2022-01-18 18:00:00,65.767,65.885,65.695,65.817,11195
1752,2022-01-18 17:55:00,65.747,65.787,65.616,65.64,2933
1753,2022-01-18 17:50:00,65.748,65.787,65.675,65.719,4641
1754,2022-01-18 17:45:00,65.767,65.796,65.646,65.719,1914
1755,2022-01-18 17:40:00,65.718,65.738,65.616,65.64,860
1756,2022-01-18 17:35:00,65.767,65.796,65.656,65.728,1202
1757,2022-01-18 17:25:00,65.698,65.796,65.597,65.621,4677
1758,2022-01-18 17:20:00,65.708,65.757,65.616,65.641,5230
1759,2022-01-18 17:15:00,65.767,65.806,65.626,65.67,9675
1760,2022-01-18 17:10:00,65.728,65.806,65.636,65.738,3033
1761,2022-01-18 17:05:00,65.807,65.826,65.626,65.719,6414
1762,2022-01-18 17:00:00,65.767,65.826,65.656,65.719,1440
1763,2022-01-18 16:55:00,65.767,65.826,65.695,65.738,8206
1764,2022-01-18 16:50:00,65.807,65.826,65.675,65.738,25886
1765,2022-01-18 16:45:00,65.718,65.836,65.646,65.758,48066
1766,2022-01-18 16:40:00,65.64,65.757,65.538,65.689,11801
1767,2022-01-18 16:35:00,65.63,65.659,65.538,65.591,8869
1768,2022-01-18 16:30:00,65.62,65.659,65.528,65.581,12270
1769,2022-01-18 16:25:00,65.679,65.747,65.548,65.571,12769
1770,2022-01-18 16:20:00,65.63,65.747,65.528,65.66,30012
1771,2022-01-18 16:15:00,65.522,65.688,65.449,65.581,51411
1772,2022-01-18 16:10:00,65.423,65.58,65.341,65.493,36901
1773,2022-01-18 16:05:00,65.482,65.521,65.312,65.365,41051
1774,2022-01-18 16:00:00,65.463,65.629,65.185,65.483,357275
1775,2022-01-18 15:55:00,64.972,65.59,64.821,65.414,2721823
1776,2022-01-18 15:50:00,65.59,65.875,64.861,64.914,1756395
1777,2022-01-18 15:45:00,65.158,65.638,65.067,65.532,997148
1778,2022-01-18 15:40:00,65.581,65.688,65.057,65.09,1169444
1779,2022-01-18 15:35:00,65.738,65.855,65.43,65.532,912349
1780,2022-01-18 15:30:00,65.895,65.993,65.626,65.691,505605
1781,2022-01-18 15:25:00,65.944,66.062,65.685,65.866,503044
1782,2022-01-18 15:20:00,65.739,66.032,65.606,65.905,826941
1783,2022-01-18 15:15:00,66.327,66.347,65.459,65.689,1818497
1784,2022-01-18 15:10:00,66.406,66.622,66.234,66.293,583371
1785,2022-01-18 15:05:00,66.494,66.642,66.254,66.357,502571
1786,2022-01-18 15:00:00,66.759,66.897,66.313,66.435,609731
1787,2022-01-18 14:55:00,66.946,67.054,66.647,66.7,633880
1788,2022-01-18 14:50:00,66.799,67.035,66.696,66.887,662719
1789,2022-01-18 14:45:00,66.406,66.848,66.274,66.735,624480
1790,2022-01-18 14:40:00,66.563,66.632,66.303,66.367,465128
1791,2022-01-18 14:35:00,66.357,66.651,66.244,66.506,626373
1792,2022-01-18 14:30:00,66.096,66.642,66.019,66.308,849916
1793,2022-01-18 14:25:00,66.023,66.204,65.793,66.062,419461
1794,2022-01-18 14:20:00,66.475,66.514,65.94,65.974,497362
1795,2022-01-18 14:15:00,66.18,66.524,66.077,66.425,521308
1796,2022-01-18 14:10:00,66.298,66.465,66.048,66.126,412089
1797,2022-01-18 14:05:00,66.229,66.445,66.097,66.239,421275
1798,2022-01-18 14:00:00,66.18,66.465,66.077,66.18,888291
1799,2022-01-18 13:55:00,65.856,66.307,65.744,66.141,560513
1800,2022-01-18 13:50:00,65.885,66.081,65.675,65.807,506477
1801,2022-01-18 13:45:00,66.209,66.337,65.724,65.845,968732
1802,2022-01-18 13:40:00,66.082,66.347,65.96,66.16,748223
1803,2022-01-18 13:35:00,65.929,66.15,65.724,66.033,862153
1804,2022-01-18 13:30:00,65.875,65.983,65.626,65.876,531196
1805,2022-01-18 13:25:00,65.757,65.944,65.567,65.827,628931
1806,2022-01-18 13:20:00,66.072,66.091,65.577,65.699,666933
1807,2022-01-18 13:15:00,66.121,66.229,65.92,66.015,574821
1808,2022-01-18 13:10:00,65.944,66.237,65.793,66.087,766284
1809,2022-01-18 13:05:00,65.865,66.022,65.626,65.905,652810
1810,2022-01-18 13:00:00,66.032,66.062,65.646,65.817,1063176
1811,2022-01-18 12:55:00,66.042,66.268,65.871,65.984,607353
1812,2022-01-18 12:50:00,66.17,66.337,65.94,65.994,577027
1813,2022-01-18 12:45:00,66.268,66.465,65.94,66.121,838265
1814,2022-01-18 12:40:00,66.248,66.524,66.171,66.239,466079
1815,2022-01-18 12:35:00,66.435,66.455,66.048,66.191,440084
1816,2022-01-18 12:30:00,66.494,66.519,66.107,66.395,852259
1817,2022-01-18 12:25:00,66.563,66.622,66.284,66.454,544642
1818,2022-01-18 12:20:00,66.956,67.035,66.372,66.504,567760
1819,2022-01-18 12:15:00,66.828,67.113,66.553,66.897,512081
1820,2022-01-18 12:10:00,66.7,66.897,66.49,66.779,365154
1821,2022-01-18 12:05:00,66.7,66.768,66.45,66.652,499307
1822,2022-01-18 12:00:00,67.251,67.428,66.588,66.651,627140
1823,2022-01-18 11:55:00,67.27,67.388,67.039,67.201,425681
1824,2022-01-18 11:50:00,67.172,67.536,67.029,67.23,684353
1825,2022-01-18 11:45:00,66.926,67.197,66.853,67.113,469818
1826,2022-01-18 11:40:00,66.956,67.162,66.784,66.887,569127
1827,2022-01-18 11:35:00,66.199,67.035,66.087,66.916,1115613
1828,2022-01-18 11:30:00,66.533,66.553,65.97,66.15,1222866
1829,2022-01-18 11:25:00,66.563,66.681,66.352,66.494,719089
1830,2022-01-18 11:20:00,66.807,66.827,66.46,66.504,479802
1831,2022-01-18 11:15:00,66.681,66.976,66.578,66.749,725968
1832,2022-01-18 11:10:00,66.553,66.759,66.372,66.632,698931
1833,2022-01-18 11:05:00,66.936,67.074,66.274,66.495,1081516
1834,2022-01-18 11:00:00,66.877,67.054,66.556,66.877,664510
1835,2022-01-18 10:55:00,67.0,67.162,66.637,66.808,802435
1836,2022-01-18 10:50:00,67.506,67.565,66.921,66.96,632854
1837,2022-01-18 10:45:00,67.693,67.855,67.176,67.446,724862
1838,2022-01-18 10:40:00,67.201,67.781,67.049,67.633,769852
1839,2022-01-18 10:35:00,67.555,67.693,67.029,67.153,758653
1840,2022-01-18 10:30:00,68.297,68.317,67.363,67.505,1005246
1841,2022-01-18 10:25:00,68.135,68.361,67.844,68.241,1044744
1842,2022-01-18 10:20:00,67.948,68.248,67.628,68.084,1237972
1843,2022-01-18 10:15:00,67.987,68.415,67.706,67.898,1378061
1844,2022-01-18 10:10:00,68.125,68.509,67.893,67.947,1520094
1845,2022-01-18 10:05:00,67.182,68.251,67.078,68.084,1798543
1846,2022-01-18 10:00:00,67.093,67.211,66.607,67.132,1986585
1847,2022-01-18 09:55:00,66.848,67.28,66.362,67.054,1620863
1848,2022-01-18 09:50:00,66.799,67.064,66.333,66.798,1381297
1849,2022-01-18 09:45:00,67.418,67.467,66.627,66.744,1713777
1850,2022-01-18 09:40:00,66.583,67.701,66.274,67.338,1732722
1851,2022-01-18 09:35:00,66.563,66.828,66.239,66.533,1544311
1852,2022-01-18 09:30:00,67.275,67.631,66.48,66.509,2017504
1853,2022-01-18 09:25:00,67.319,67.496,67.176,67.24,42707
1854,2022-01-18 09:20:00,67.201,67.369,67.107,67.26,35898
1855,2022-01-18 09:15:00,67.545,67.604,67.0,67.191,69923
1856,2022-01-18 09:10:00,67.673,67.781,67.353,67.476,37038
1857,2022-01-18 09:05:00,67.712,67.752,67.422,67.643,22121
1858,2022-01-18 09:00:00,67.643,67.781,67.412,67.643,36415
1859,2022-01-18 08:55:00,67.634,67.703,67.471,67.633,34629
1860,2022-01-18 08:50:00,67.545,67.732,67.412,67.633,46126
1861,2022-01-18 08:45:00,67.339,67.644,67.217,67.436,48915
1862,2022-01-18 08:40:00,67.486,67.536,67.118,67.279,72727
1863,2022-01-18 08:35:00,67.624,67.781,67.363,67.436,67622
1864,2022-01-18 08:30:00,67.398,67.801,67.324,67.613,69083
1865,2022-01-18 08:25:00,67.054,67.388,66.98,67.289,29452
1866,2022-01-18 08:20:00,67.191,67.349,66.921,66.956,25871
1867,2022-01-18 08:15:00,67.378,67.428,67.049,67.132,45877
1868,2022-01-18 08:10:00,67.447,67.526,67.304,67.348,28228
1869,2022-01-18 08:05:00,67.526,67.575,67.363,67.387,21246
1870,2022-01-18 08:00:00,67.192,68.292,66.892,67.456,178970
1871,2022-01-18 07:55:00,67.545,67.654,67.471,67.564,25220
1872,2022-01-18 07:50:00,67.535,67.732,67.432,67.574,20693
1873,2022-01-18 07:45:00,67.339,67.693,67.235,67.486,33062
1874,2022-01-18 07:40:00,67.339,67.378,67.176,67.309,10389
1875,2022-01-18 07:35:00,67.241,67.388,67.118,67.299,7322
1876,2022-01-18 07:30:00,67.437,67.457,67.069,67.24,17665
1877,2022-01-18 07:25:00,67.339,67.447,67.216,67.378,17682
1878,2022-01-18 07:20:00,67.29,67.506,67.098,67.26,27317
1879,2022-01-18 07:15:00,67.182,67.3,67.069,67.181,21514
1880,2022-01-18 07:10:00,67.26,67.28,67.039,67.142,12397
1881,2022-01-18 07:05:00,67.172,67.29,67.069,67.191,27136
1882,2022-01-18 07:00:00,66.956,67.261,66.853,67.122,48614
1883,2022-01-18 06:55:00,66.897,66.966,66.823,66.897,4323
1884,2022-01-18 06:50:00,67.005,67.054,66.705,66.798,6249
1885,2022-01-18 06:45:00,66.975,67.113,66.882,67.014,14903
1886,2022-01-18 06:40:00,66.966,67.015,66.804,66.906,2808
1887,2022-01-18 06:35:00,66.75,67.015,66.676,66.848,4860
1888,2022-01-18 06:30:00,66.769,66.868,66.578,66.651,16052
1889,2022-01-18 06:25:00,66.858,66.887,66.656,66.818,10739
1890,2022-01-18 06:20:00,66.956,66.995,66.774,66.798,3916
1891,2022-01-18 06:15:00,66.799,67.015,66.725,66.897,6412
1892,2022-01-18 06:10:00,66.72,66.779,66.499,66.681,5984
1893,2022-01-18 06:05:00,66.563,66.828,66.49,66.651,7657
1894,2022-01-18 06:00:00,66.946,66.966,66.48,66.504,16522
1895,2022-01-18 05:55:00,66.907,66.956,66.715,66.867,9430
1896,2022-01-18 05:50:00,66.877,67.015,66.804,66.877,4428
1897,2022-01-18 05:45:00,66.897,66.995,66.627,66.73,7149
1898,2022-01-18 05:40:00,66.907,66.966,66.686,66.808,9688
1899,2022-01-18 05:35:00,67.103,67.123,66.823,66.848,9103
1900,2022-01-18 05:30:00,67.241,67.261,67.019,67.063,3773
1901,2022-01-18 05:25:00,67.231,67.261,67.0,67.191,8568
1902,2022-01-18 05:20:00,67.044,67.182,66.97,67.113,1551
1903,2022-01-18 05:15:00,67.172,67.211,66.833,66.926,8097
1904,2022-01-18 05:10:00,67.034,67.261,66.921,67.171,11602
1905,2022-01-18 05:05:00,66.956,66.995,66.823,66.926,3926
1906,2022-01-18 05:00:00,66.818,67.113,66.745,66.906,10455
1907,2022-01-18 04:55:00,66.946,66.966,66.715,66.749,6996
1908,2022-01-18 04:50:00,66.917,67.054,66.823,66.985,9725
1909,2022-01-18 04:45:00,66.602,66.956,66.509,66.828,15972
1910,2022-01-18 04:40:00,66.563,66.602,66.185,66.533,25961
1911,2022-01-18 04:35:00,66.465,66.612,66.234,66.514,22727
1912,2022-01-18 04:30:00,66.632,66.681,66.401,66.445,15299
1913,2022-01-18 04:25:00,66.416,66.671,66.254,66.524,19313
1914,2022-01-18 04:20:00,66.602,66.779,66.234,66.357,40914
1915,2022-01-18 04:15:00,67.034,67.054,66.431,66.533,97514
1916,2022-01-18 04:10:00,67.152,67.221,66.931,67.024,15009
1917,2022-01-18 04:05:00,67.339,67.359,66.843,67.122,29477
1918,2022-01-18 04:00:00,67.437,67.536,67.206,67.289,77215
1919,2022-01-14 19:55:00,70.699,70.749,70.621,70.676,6573
1920,2022-01-14 19:50:00,70.728,70.769,70.64,70.666,2155
1921,2022-01-14 19:45:00,70.649,70.749,70.572,70.676,6096
1922,2022-01-14 19:40:00,70.728,70.749,70.542,70.578,4310
1923,2022-01-14 19:35:00,70.728,70.808,70.65,70.725,3305
1924,2022-01-14 19:30:00,70.777,70.808,70.581,70.607,2373
1925,2022-01-14 19:25:00,70.777,70.808,70.699,70.735,488
1926,2022-01-14 19:20:00,70.826,70.847,70.729,70.754,2400
1927,2022-01-14 19:15:00,70.826,70.847,70.729,70.774,6082
1928,2022-01-14 19:10:00,70.816,70.837,70.719,70.764,3563
1929,2022-01-14 19:05:00,70.826,70.847,70.719,70.764,1900
1930,2022-01-14 19:00:00,70.797,70.827,70.719,70.745,1354
1931,2022-01-14 18:55:00,70.807,70.847,70.719,70.754,2825
1932,2022-01-14 18:50:00,70.797,70.837,70.719,70.764,6842
1933,2022-01-14 18:45:00,70.787,70.828,70.709,70.745,5847
1934,2022-01-14 18:40:00,70.787,70.827,70.709,70.754,3714
1935,2022-01-14 18:35:00,70.787,70.827,70.699,70.735,3285
1936,2022-01-14 18:30:00,70.748,70.808,70.67,70.735,5894
1937,2022-01-14 18:25:00,70.816,70.837,70.738,70.764,100
1938,2022-01-14 18:20:00,70.728,70.769,70.65,70.695,400
1939,2022-01-14 18:15:00,70.728,70.778,70.65,70.705,2000
1940,2022-01-14 18:10:00,70.728,70.749,70.64,70.666,550
1941,2022-01-14 18:05:00,70.738,70.759,70.66,70.686,961
1942,2022-01-14 17:55:00,70.797,70.818,70.67,70.725,2732
1943,2022-01-14 17:50:00,70.846,70.877,70.67,70.695,1806
1944,2022-01-14 17:45:00,70.797,70.818,70.67,70.745,3085
1945,2022-01-14 17:40:00,70.797,70.818,70.699,70.745,2067
1946,2022-01-14 17:35:00,70.836,70.877,70.706,70.745,1038
1947,2022-01-14 17:30:00,70.826,70.896,70.68,70.774,2836
1948,2022-01-14 17:25:00,70.806,70.847,70.699,70.725,1456
1949,2022-01-14 17:20:00,70.787,70.847,70.709,70.754,1407
1950,2022-01-14 17:15:00,70.777,70.867,70.689,70.774,4357
1951,2022-01-14 17:10:00,70.885,70.906,70.689,70.725,4423
1952,2022-01-14 17:05:00,70.846,70.867,70.67,70.794,3094
1953,2022-01-14 17:00:00,70.954,70.975,70.748,70.823,1550
1954,2022-01-14 16:55:00,70.905,70.965,70.807,70.892,33219
1955,2022-01-14 16:50:00,70.915,70.936,70.778,70.862,12441
1956,2022-01-14 16:45:00,70.915,70.945,70.787,70.852,32836
1957,2022-01-14 16:40:00,70.846,70.936,70.758,70.852,28588
1958,2022-01-14 16:35:00,70.816,70.877,70.729,70.803,16964
1959,2022-01-14 16:30:00,70.836,70.886,70.709,70.774,9120
1960,2022-01-14 16:25:00,70.767,70.847,70.689,70.774,25897
1961,2022-01-14 16:20:00,70.767,70.808,70.621,70.696,17004
1962,2022-01-14 16:15:00,70.659,70.788,70.581,70.705,15622
1963,2022-01-14 16:10:00,70.63,70.778,70.523,70.607,32656
1964,2022-01-14 16:05:00,70.718,70.739,70.503,70.578,39349
1965,2022-01-14 16:00:00,70.63,70.847,70.434,70.676,248824
1966,2022-01-14 15:55:00,70.659,70.798,70.351,70.587,1830875
1967,2022-01-14 15:50:00,70.414,70.813,70.316,70.606,1763681
1968,2022-01-14 15:45:00,70.649,70.813,70.169,70.362,1796786
1969,2022-01-14 15:40:00,70.551,70.719,70.297,70.597,1059237
1970,2022-01-14 15:35:00,70.571,70.767,70.356,70.499,952471
1971,2022-01-14 15:30:00,70.217,70.651,70.13,70.529,1053674
1972,2022-01-14 15:25:00,70.443,70.508,70.101,70.156,955887
1973,2022-01-14 15:20:00,70.222,70.533,70.091,70.401,859249
1974,2022-01-14 15:15:00,69.765,70.375,69.561,70.165,1472389
1975,2022-01-14 15:10:00,69.569,69.874,69.394,69.714,647474
1976,2022-01-14 15:05:00,69.942,70.051,69.414,69.518,1047222
1977,2022-01-14 15:00:00,69.323,70.041,69.247,69.881,1602922
1978,2022-01-14 14:55:00,69.5,69.658,69.227,69.272,473010
1979,2022-01-14 14:50:00,69.559,69.815,69.345,69.439,568216
1980,2022-01-14 14:45:00,69.363,69.766,69.247,69.513,644286
1981,2022-01-14 14:40:00,69.726,69.796,69.267,69.302,653816
1982,2022-01-14 14:35:00,69.579,70.002,69.473,69.684,868392
1983,2022-01-14 14:30:00,69.038,69.668,68.943,69.537,604139
1984,2022-01-14 14:25:00,69.554,69.678,68.903,68.997,611359
1985,2022-01-14 14:20:00,69.372,69.599,69.208,69.498,372843
1986,2022-01-14 14:15:00,69.461,69.589,69.208,69.321,586603
1987,2022-01-14 14:10:00,69.441,69.526,69.08,69.39,673690
1988,2022-01-14 14:05:00,69.559,69.658,69.237,69.4,662289
1989,2022-01-14 14:00:00,69.549,69.904,69.443,69.508,1325670
1990,2022-01-14 13:55:00,69.205,69.737,69.032,69.501,965236
1991,2022-01-14 13:50:00,68.773,69.255,68.658,69.144,767999
1992,2022-01-14 13:45:00,68.724,68.833,68.472,68.742,460684
1993,2022-01-14 13:40:00,68.302,68.833,68.177,68.673,769146
1994,2022-01-14 13:35:00,68.184,68.43,68.02,68.251,519420
1995,2022-01-14 13:30:00,68.361,68.597,68.041,68.143,742426
1996,2022-01-14 13:25:00,68.155,68.42,68.011,68.31,662490
1997,2022-01-14 13:20:00,68.704,68.744,68.03,68.108,1057992
1998,2022-01-14 13:15:00,68.714,68.852,68.482,68.664,543034
1999,2022-01-14 13:10:00,68.616,68.862,68.364,68.673,765487
2000,2022-01-14 13:05:00,68.812,68.892,68.491,68.565,398549
2001,2022-01-14 13:00:00,68.557,68.951,68.344,68.771,623740
2002,2022-01-14 12:55:00,68.812,68.848,68.403,68.497,882598
2003,2022-01-14 12:50:00,68.94,69.098,68.619,68.762,812380
2004,2022-01-14 12:45:00,69.363,69.398,68.707,68.898,731399
2005,2022-01-14 12:40:00,69.559,69.58,69.188,69.3,407282
2006,2022-01-14 12:35:00,69.598,69.825,69.414,69.522,799067
2007,2022-01-14 12:30:00,69.539,69.688,69.334,69.527,469387
2008,2022-01-14 12:25:00,69.245,69.658,69.11,69.488,552824
2009,2022-01-14 12:20:00,69.588,69.609,69.111,69.194,592037
2010,2022-01-14 12:15:00,69.48,69.756,69.345,69.532,528127
2011,2022-01-14 12:10:00,69.942,70.14,69.325,69.424,965370
2012,2022-01-14 12:05:00,69.608,69.968,69.453,69.891,486640
2013,2022-01-14 12:00:00,69.942,70.051,69.502,69.547,849485
2014,2022-01-14 11:55:00,69.991,70.184,69.772,69.881,663286
2015,2022-01-14 11:50:00,70.06,70.208,69.816,69.94,741075
2016,2022-01-14 11:45:00,69.901,70.344,69.757,69.994,945968
2017,2022-01-14 11:40:00,69.697,70.091,69.492,69.832,942328
2018,2022-01-14 11:35:00,69.363,69.874,69.286,69.645,1172100
2019,2022-01-14 11:30:00,68.97,69.54,68.727,69.316,935308
2020,2022-01-14 11:25:00,68.891,69.422,68.697,68.933,1061678
2021,2022-01-14 11:20:00,68.528,68.97,68.432,68.86,982080
2022,2022-01-14 11:15:00,68.557,68.793,68.197,68.506,926156
2023,2022-01-14 11:10:00,68.596,68.843,68.398,68.516,1020041
2024,2022-01-14 11:05:00,69.156,69.177,68.442,68.546,1336062
2025,2022-01-14 11:00:00,69.323,69.933,68.864,69.115,1186999
2026,2022-01-14 10:55:00,69.186,69.511,68.943,69.272,797306
2027,2022-01-14 10:50:00,69.48,69.535,68.796,69.153,951998
2028,2022-01-14 10:45:00,68.95,69.57,68.727,69.439,1279532
2029,2022-01-14 10:40:00,69.196,69.309,68.737,68.899,1081212
2030,2022-01-14 10:35:00,69.51,69.56,68.805,69.135,1285988
2031,2022-01-14 10:30:00,69.579,69.609,69.041,69.459,1358791
2032,2022-01-14 10:25:00,69.775,70.032,69.306,69.518,1465627
2033,2022-01-14 10:20:00,70.59,70.631,69.649,69.714,1276939
2034,2022-01-14 10:15:00,69.638,70.729,69.561,70.548,1762124
2035,2022-01-14 10:10:00,69.883,70.385,69.463,69.576,1318116
2036,2022-01-14 10:05:00,69.48,70.179,69.394,69.87,1501789
2037,2022-01-14 10:00:00,70.443,70.552,69.09,69.439,1825155
2038,2022-01-14 09:55:00,70.001,70.665,69.875,70.391,1732356
2039,2022-01-14 09:50:00,69.53,70.041,69.345,69.949,1327476
2040,2022-01-14 09:45:00,69.716,70.199,69.394,69.464,1885903
2041,2022-01-14 09:40:00,69.441,69.894,69.159,69.655,1873881
2042,2022-01-14 09:35:00,68.4,69.619,68.177,69.4,2309649
2043,2022-01-14 09:30:00,67.869,68.843,67.706,68.34,2761887
2044,2022-01-14 09:25:00,67.653,67.998,67.579,67.78,111691
2045,2022-01-14 09:20:00,67.791,67.899,67.422,67.603,62372
2046,2022-01-14 09:15:00,67.83,68.047,67.579,67.731,117216
2047,2022-01-14 09:10:00,67.732,67.948,67.53,67.77,58586
2048,2022-01-14 09:05:00,67.545,67.87,67.471,67.634,141379
2049,2022-01-14 09:00:00,67.437,67.555,67.176,67.486,30242
2050,2022-01-14 08:55:00,67.231,67.496,67.01,67.397,100182
2051,2022-01-14 08:50:00,67.192,67.3,66.941,67.181,60876
2052,2022-01-14 08:45:00,67.162,67.437,67.059,67.221,47504
2053,2022-01-14 08:40:00,67.309,67.536,67.0,67.103,82034
2054,2022-01-14 08:35:00,67.585,67.604,67.206,67.24,88029
2055,2022-01-14 08:30:00,67.634,67.958,67.255,67.505,119077
2056,2022-01-14 08:25:00,67.791,67.83,67.363,67.495,61595
2057,2022-01-14 08:20:00,67.594,67.811,67.461,67.731,42511
2058,2022-01-14 08:15:00,67.3,67.801,67.226,67.554,76980
2059,2022-01-14 08:10:00,67.398,67.565,67.186,67.23,100119
2060,2022-01-14 08:05:00,67.29,67.556,67.069,67.348,60561
2061,2022-01-14 08:00:00,69.038,69.078,66.804,67.24,229018
2062,2022-01-14 07:55:00,67.702,67.772,66.931,66.965,152011
2063,2022-01-14 07:50:00,67.869,67.939,67.589,67.652,27350
2064,2022-01-14 07:45:00,67.83,68.007,67.726,67.76,33166
2065,2022-01-14 07:40:00,68.174,68.194,67.706,67.8,51377
2066,2022-01-14 07:35:00,68.567,68.685,68.177,68.222,20576
2067,2022-01-14 07:30:00,68.459,68.626,68.374,68.516,21113
2068,2022-01-14 07:25:00,68.832,68.852,68.383,68.418,19106
2069,2022-01-14 07:20:00,68.714,68.961,68.531,68.811,10988
2070,2022-01-14 07:15:00,68.744,68.902,68.599,68.624,8923
2071,2022-01-14 07:10:00,68.518,68.793,68.442,68.722,33964
2072,2022-01-14 07:05:00,68.812,68.872,68.354,68.438,41606
2073,2022-01-14 07:00:00,68.979,69.098,68.737,68.771,49781
2074,2022-01-14 06:55:00,69.107,69.137,68.756,68.997,4833
2075,2022-01-14 06:50:00,69.019,69.098,68.903,69.027,7275
2076,2022-01-14 06:45:00,68.94,69.029,68.825,68.948,3470
2077,2022-01-14 06:40:00,68.93,68.98,68.707,68.909,10594
2078,2022-01-14 06:35:00,69.068,69.167,68.845,68.87,11633
2079,2022-01-14 06:30:00,69.156,69.177,68.982,69.027,1467
2080,2022-01-14 06:25:00,69.137,69.226,69.06,69.125,4512
2081,2022-01-14 06:20:00,69.254,69.295,69.09,69.115,4054
2082,2022-01-14 06:15:00,69.323,69.344,69.149,69.223,2036
2083,2022-01-14 06:10:00,69.353,69.422,69.267,69.351,1727
2084,2022-01-14 06:05:00,69.431,69.452,69.198,69.252,4257
2085,2022-01-14 06:00:00,69.313,69.363,69.237,69.292,8135
2086,2022-01-14 05:55:00,69.313,69.363,69.208,69.233,1229
2087,2022-01-14 05:50:00,69.372,69.413,69.129,69.154,5850
2088,2022-01-14 05:45:00,69.245,69.442,69.129,69.302,16600
2089,2022-01-14 05:40:00,69.254,69.324,69.129,69.154,8773
2090,2022-01-14 05:35:00,69.068,69.206,68.913,69.135,6805
2091,2022-01-14 05:30:00,69.058,69.098,68.805,69.027,9558
2092,2022-01-14 05:25:00,69.313,69.344,69.011,69.046,6834
2093,2022-01-14 05:20:00,69.313,69.403,69.217,69.262,2358
2094,2022-01-14 05:15:00,69.402,69.422,69.227,69.302,1336
2095,2022-01-14 05:10:00,69.52,69.56,69.325,69.351,12736
2096,2022-01-14 05:05:00,69.382,69.58,69.306,69.508,4193
2097,2022-01-14 05:00:00,69.579,69.599,69.296,69.321,4708
2098,2022-01-14 04:55:00,69.618,69.737,69.522,69.547,2690
2099,2022-01-14 04:50:00,69.539,69.668,69.374,69.508,10487
2100,2022-01-14 04:45:00,69.697,69.717,69.473,69.498,4145
2101,2022-01-14 04:40:00,69.755,69.776,69.62,69.704,1938
2102,2022-01-14 04:35:00,69.834,69.855,69.649,69.684,4005
2103,2022-01-14 04:30:00,69.608,69.815,69.531,69.743,5455
2104,2022-01-14 04:25:00,69.628,69.648,69.276,69.508,5809
2105,2022-01-14 04:20:00,69.647,69.756,69.512,69.596,4805
2106,2022-01-14 04:15:00,69.539,69.688,69.374,69.606,5487
2107,2022-01-14 04:10:00,69.363,69.53,69.09,69.459,24523
2108,2022-01-14 04:05:00,69.559,69.58,69.306,69.331,8016
2109,2022-01-14 04:00:00,69.549,69.639,69.227,69.508,23616
2110,2022-01-13 19:55:00,69.313,69.383,69.178,69.243,18118
2111,2022-01-13 19:50:00,69.137,69.334,69.051,69.262,6826
2112,2022-01-13 19:45:00,69.382,69.403,69.06,69.086,10500
2113,2022-01-13 19:40:00,69.274,69.432,69.129,69.351,10593
2114,2022-01-13 19:35:00,69.205,69.481,69.129,69.252,10271
2115,2022-01-13 19:30:00,69.333,69.373,69.129,69.164,15286
2116,2022-01-13 19:25:00,69.382,69.413,69.227,69.302,3631
2117,2022-01-13 19:20:00,69.313,69.393,69.227,69.321,27131
2118,2022-01-13 19:15:00,69.166,69.413,69.06,69.272,17509
2119,2022-01-13 19:10:00,69.097,69.206,68.962,69.135,8064
2120,2022-01-13 19:05:00,68.871,69.128,68.796,69.037,15945
2121,2022-01-13 19:00:00,69.313,69.363,68.688,68.85,77625
2122,2022-01-13 18:55:00,69.353,69.373,69.168,69.262,11756
2123,2022-01-13 18:50:00,69.431,69.452,69.237,69.302,7166
2124,2022-01-13 18:45:00,69.353,69.462,69.276,69.37,4279
2125,2022-01-13 18:40:00,69.304,69.373,69.198,69.292,6318
2126,2022-01-13 18:35:00,69.333,69.354,69.178,69.252,7130
2127,2022-01-13 18:30:00,69.274,69.373,69.198,69.282,6678
2128,2022-01-13 18:25:00,69.372,69.393,69.178,69.213,11264
2129,2022-01-13 18:20:00,69.353,69.452,69.276,69.311,38189
2130,2022-01-13 18:15:00,69.51,69.53,69.276,69.311,11969
2131,2022-01-13 18:10:00,69.471,69.57,69.374,69.498,12965
2132,2022-01-13 18:05:00,69.5,69.521,69.306,69.39,6683
2133,2022-01-13 18:00:00,69.441,69.57,69.345,69.459,18009
2134,2022-01-13 17:55:00,69.431,69.471,69.286,69.39,4288
2135,2022-01-13 17:50:00,69.431,69.471,69.188,69.38,6565
2136,2022-01-13 17:45:00,69.451,69.471,69.335,69.38,5335
2137,2022-01-13 17:40:00,69.431,69.471,69.345,69.37,5596
2138,2022-01-13 17:35:00,69.431,69.452,69.325,69.38,5035
2139,2022-01-13 17:30:00,69.412,69.452,69.316,69.351,6638
2140,2022-01-13 17:25:00,69.353,69.462,69.178,69.302,8013
2141,2022-01-13 17:20:00,69.421,69.442,69.178,69.302,11010
2142,2022-01-13 17:15:00,69.402,69.471,69.276,69.37,13525
2143,2022-01-13 17:10:00,69.441,69.491,69.257,69.351,8912
2144,2022-01-13 17:05:00,69.372,69.462,69.247,69.311,10112
2145,2022-01-13 17:00:00,69.402,69.422,69.237,69.292,5389
2146,2022-01-13 16:55:00,69.303,69.403,69.198,69.331,20611
2147,2022-01-13 16:50:00,69.245,69.295,69.129,69.203,9282
2148,2022-01-13 16:45:00,69.304,69.373,69.11,69.203,21308
2149,2022-01-13 16:40:00,69.313,69.383,69.208,69.272,25356
2150,2022-01-13 16:35:00,69.235,69.334,69.149,69.252,10328
2151,2022-01-13 16:30:00,69.078,69.245,68.982,69.144,9801
2152,2022-01-13 16:25:00,69.186,69.236,68.894,69.027,31901
2153,2022-01-13 16:20:00,69.245,69.275,69.06,69.125,32391
2154,2022-01-13 16:15:00,69.441,69.462,69.11,69.184,34210
2155,2022-01-13 16:10:00,69.294,69.491,69.119,69.331,63152
2156,2022-01-13 16:05:00,69.323,69.422,69.11,69.213,73275
2157,2022-01-13 16:00:00,69.333,69.589,69.06,69.282,353390
2158,2022-01-13 15:55:00,68.94,69.501,68.707,69.282,2687243
2159,2022-01-13 15:50:00,69.588,69.619,68.786,68.87,2304716
2160,2022-01-13 15:45:00,69.893,70.041,69.433,69.547,1181277
2161,2022-01-13 15:40:00,69.873,70.13,69.742,69.833,620661
2162,2022-01-13 15:35:00,70.433,70.543,69.703,69.832,1259029
2163,2022-01-13 15:30:00,70.553,70.778,70.287,70.381,984750
2164,2022-01-13 15:25:00,70.148,70.572,69.983,70.499,718109
2165,2022-01-13 15:20:00,70.504,70.601,69.904,70.097,684423
2166,2022-01-13 15:15:00,70.202,70.621,69.944,70.44,977191
2167,2022-01-13 15:10:00,70.315,70.366,69.929,70.136,926191
2168,2022-01-13 15:05:00,70.522,70.769,70.199,70.273,949749
2169,2022-01-13 15:00:00,71.17,71.201,70.238,70.489,1784328
2170,2022-01-13 14:55:00,71.003,71.309,70.922,71.109,723962
2171,2022-01-13 14:50:00,70.816,71.127,70.66,70.96,561169
2172,2022-01-13 14:45:00,71.052,71.201,70.67,70.754,694196
2173,2022-01-13 14:40:00,70.807,71.181,70.699,71.01,822316
2174,2022-01-13 14:35:00,71.209,71.289,70.699,70.735,582903
2175,2022-01-13 14:30:00,71.209,71.309,70.768,71.167,976649
2176,2022-01-13 14:25:00,71.475,71.496,71.067,71.176,463421
2177,2022-01-13 14:20:00,71.484,71.584,71.219,71.422,407082
2178,2022-01-13 14:15:00,71.887,71.997,71.2,71.432,793350
2179,2022-01-13 14:10:00,72.141,72.183,71.739,71.834,420020
2180,2022-01-13 14:05:00,72.241,72.311,71.878,72.089,509745
2181,2022-01-13 14:00:00,71.897,72.419,71.72,72.197,995941
2182,2022-01-13 13:55:00,71.691,71.987,71.523,71.844,555865
2183,2022-01-13 13:50:00,71.632,71.751,71.366,71.638,390183
2184,2022-01-13 13:45:00,71.514,71.81,71.366,71.608,534616
2185,2022-01-13 13:40:00,71.651,71.673,71.317,71.46,351311
2186,2022-01-13 13:35:00,71.524,71.751,71.229,71.607,802256
2187,2022-01-13 13:30:00,71.74,71.771,71.401,71.471,435216
2188,2022-01-13 13:25:00,71.976,72.133,71.354,71.692,726240
2189,2022-01-13 13:20:00,71.642,72.144,71.465,71.903,843562
2190,2022-01-13 13:15:00,71.651,72.007,71.425,71.582,641216
2191,2022-01-13 13:10:00,71.789,71.977,71.366,71.598,561598
2192,2022-01-13 13:05:00,71.642,72.144,71.454,71.756,1177283
2193,2022-01-13 13:00:00,71.327,71.751,70.827,71.599,1546058
2194,2022-01-13 12:55:00,71.131,71.442,70.974,71.284,992489
2195,2022-01-13 12:50:00,70.89,71.324,70.738,71.088,1101069
2196,2022-01-13 12:45:00,71.229,71.496,70.65,70.852,1233643
2197,2022-01-13 12:40:00,71.578,71.643,71.111,71.176,766506
2198,2022-01-13 12:35:00,71.592,71.81,71.209,71.53,1088673
2199,2022-01-13 12:30:00,71.258,71.643,70.817,71.53,1498887
2200,2022-01-13 12:25:00,71.411,71.633,71.093,71.216,994364
2201,2022-01-13 12:20:00,71.691,71.722,71.023,71.363,1989291
2202,2022-01-13 12:15:00,72.736,72.757,71.465,71.656,2107004
2203,2022-01-13 12:10:00,73.105,73.166,72.64,72.688,522499
2204,2022-01-13 12:05:00,72.948,73.255,72.809,73.051,503585
2205,2022-01-13 12:00:00,73.616,73.638,72.819,72.894,648934
2206,2022-01-13 11:55:00,73.901,73.923,73.457,73.571,443959
2207,2022-01-13 11:50:00,73.636,73.933,73.319,73.846,690706
2208,2022-01-13 11:45:00,73.842,73.933,73.515,73.572,525876
2209,2022-01-13 11:40:00,73.98,74.089,73.663,73.787,571131
2210,2022-01-13 11:35:00,73.756,74.06,73.643,73.935,633460
2211,2022-01-13 11:30:00,73.778,73.903,73.457,73.709,568966
2212,2022-01-13 11:25:00,73.488,73.883,73.329,73.719,923335
2213,2022-01-13 11:20:00,72.84,73.544,72.642,73.434,1048234
2214,2022-01-13 11:15:00,72.761,73.142,72.583,72.786,916762
2215,2022-01-13 11:10:00,73.174,73.205,72.564,72.708,1117791
2216,2022-01-13 11:05:00,73.007,73.422,72.829,73.12,1080800
2217,2022-01-13 11:00:00,73.105,73.348,72.564,72.968,1466968
2218,2022-01-13 10:55:00,72.791,73.269,72.711,73.061,987406
2219,2022-01-13 10:50:00,73.547,73.571,72.515,72.737,2010649
2220,2022-01-13 10:45:00,73.709,73.962,73.427,73.496,886997
2221,2022-01-13 10:40:00,73.871,74.055,73.506,73.67,1103878
2222,2022-01-13 10:35:00,73.911,74.208,73.614,73.817,1133361
2223,2022-01-13 10:30:00,74.569,74.729,73.741,73.866,1272194
2224,2022-01-13 10:25:00,74.461,74.689,74.094,74.524,908173
2225,2022-01-13 10:20:00,74.309,74.542,74.143,74.411,835386
2226,2022-01-13 10:15:00,74.579,74.709,73.996,74.243,1303333
2227,2022-01-13 10:10:00,74.963,75.004,74.418,74.524,996553
2228,2022-01-13 10:05:00,75.139,75.274,74.87,74.916,924074
2229,2022-01-13 10:00:00,75.591,75.741,75.017,75.083,1060024
2230,2022-01-13 09:55:00,75.591,75.996,75.468,75.535,800599
2231,2022-01-13 09:50:00,75.807,76.016,75.35,75.527,1083546
2232,2022-01-13 09:45:00,75.885,76.075,75.488,75.761,914329
2233,2022-01-13 09:40:00,75.974,76.202,75.439,75.839,1425520
2234,2022-01-13 09:35:00,75.738,76.163,75.174,75.909,1961387
2235,2022-01-13 09:30:00,75.767,76.021,75.448,75.692,2120127
2236,2022-01-13 09:25:00,75.738,75.859,75.605,75.682,35765
2237,2022-01-13 09:20:00,75.738,75.8,75.605,75.653,36060
2238,2022-01-13 09:15:00,75.753,75.8,75.556,75.603,33524
2239,2022-01-13 09:10:00,75.846,75.927,75.625,75.702,62618
2240,2022-01-13 09:05:00,75.748,75.859,75.596,75.78,40839
2241,2022-01-13 09:00:00,75.63,75.741,75.517,75.643,28328
2242,2022-01-13 08:55:00,75.718,75.829,75.409,75.574,32983
2243,2022-01-13 08:50:00,75.541,75.75,75.458,75.643,52416
2244,2022-01-13 08:45:00,75.384,75.593,75.301,75.495,31104
2245,2022-01-13 08:40:00,75.374,75.407,75.164,75.299,42869
2246,2022-01-13 08:35:00,75.306,75.554,75.164,75.319,46245
2247,2022-01-13 08:30:00,75.08,75.76,74.85,75.28,165757
2248,2022-01-13 08:25:00,75.178,75.249,75.017,75.044,20726
2249,2022-01-13 08:20:00,75.188,75.239,74.997,75.093,17994
2250,2022-01-13 08:15:00,75.07,75.2,74.987,75.093,16362
2251,2022-01-13 08:10:00,74.981,75.102,74.879,75.024,19786
2252,2022-01-13 08:05:00,75.011,75.033,74.87,74.916,14258
2253,2022-01-13 08:00:00,74.972,75.249,74.683,74.936,61955
2254,2022-01-13 07:55:00,75.06,75.161,74.977,75.073,5392
2255,2022-01-13 07:50:00,75.188,75.21,74.977,75.005,8594
2256,2022-01-13 07:45:00,75.227,75.259,75.066,75.093,6284
2257,2022-01-13 07:40:00,75.109,75.239,75.017,75.152,9885
2258,2022-01-13 07:35:00,75.148,75.171,74.987,75.054,6253
2259,2022-01-13 07:30:00,75.099,75.122,74.899,75.034,7578
2260,2022-01-13 07:25:00,75.031,75.112,74.948,75.034,20071
2261,2022-01-13 07:20:00,74.962,74.994,74.762,74.916,13257
2262,2022-01-13 07:15:00,75.001,75.023,74.86,74.916,6600
2263,2022-01-13 07:10:00,74.972,75.063,74.86,74.946,5647
2264,2022-01-13 07:05:00,74.805,74.905,74.703,74.819,8366
2265,2022-01-13 07:00:00,74.765,74.935,74.654,74.769,13444
2266,2022-01-13 06:55:00,74.736,74.846,74.654,74.71,1025
2267,2022-01-13 06:50:00,74.932,74.955,74.742,74.769,1911
2268,2022-01-13 06:45:00,74.913,74.935,74.801,74.828,340
2269,2022-01-13 06:40:00,74.913,74.984,74.83,74.867,2103
2270,2022-01-13 06:35:00,74.913,74.984,74.83,74.897,2484
2271,2022-01-13 06:30:00,74.824,74.964,74.742,74.887,700
2272,2022-01-13 06:25:00,74.913,74.935,74.732,74.769,813
2273,2022-01-13 06:20:00,75.08,75.102,74.86,74.907,2196
2274,2022-01-13 06:15:00,75.188,75.239,75.036,75.064,2262
2275,2022-01-13 06:10:00,75.198,75.239,75.115,75.152,400
2276,2022-01-13 06:05:00,75.178,75.2,75.066,75.103,1340
2277,2022-01-13 06:00:00,75.119,75.2,74.987,75.122,3167
2278,2022-01-13 05:55:00,75.04,75.092,74.938,74.995,5961
2279,2022-01-13 05:50:00,75.168,75.19,74.938,74.975,3403
2280,2022-01-13 05:45:00,75.257,75.328,75.095,75.122,2410
2281,2022-01-13 05:40:00,75.345,75.367,75.164,75.221,5025
2282,2022-01-13 05:35:00,75.247,75.279,75.154,75.191,2528
2283,2022-01-13 05:30:00,75.276,75.377,75.164,75.221,4532
2284,2022-01-13 05:25:00,75.129,75.308,75.046,75.113,6449
2285,2022-01-13 05:20:00,75.119,75.141,74.968,75.015,1192
2286,2022-01-13 05:15:00,74.991,75.092,74.909,75.015,1084
2287,2022-01-13 05:10:00,74.981,75.033,74.87,74.956,2589
2288,2022-01-13 05:05:00,75.001,75.033,74.909,74.956,726
2289,2022-01-13 05:00:00,75.021,75.043,74.84,74.926,4274
2290,2022-01-13 04:55:00,74.795,74.856,74.713,74.779,888
2291,2022-01-13 04:50:00,74.726,74.846,74.634,74.769,332
2292,2022-01-13 04:45:00,74.883,74.905,74.801,74.828,199
2293,2022-01-13 04:40:00,74.844,74.925,74.732,74.848,929
2294,2022-01-13 04:35:00,74.844,74.866,74.732,74.779,1100
2295,2022-01-13 04:30:00,74.834,74.905,74.722,74.749,4562
2296,2022-01-13 04:25:00,74.795,74.905,74.693,74.828,2090
2297,2022-01-13 04:20:00,74.785,74.846,74.693,74.759,1719
2298,2022-01-13 04:15:00,74.628,74.65,74.467,74.563,3741
2299,2022-01-13 04:10:00,74.844,74.866,74.575,74.612,3485
2300,2022-01-13 04:05:00,74.706,74.778,74.565,74.7,2169
2301,2022-01-13 04:00:00,78.881,78.905,74.575,74.602,6544
2302,2022-01-12 19:55:00,74.8,74.822,74.673,74.7,4782
2303,2022-01-12 19:50:00,74.834,74.856,74.717,74.755,7302
2304,2022-01-12 19:45:00,74.883,74.906,74.796,74.823,794
2305,2022-01-12 19:40:00,74.888,74.925,74.771,74.799,6486
2306,2022-01-12 19:35:00,74.903,74.925,74.786,74.813,1470
2307,2022-01-12 19:30:00,74.805,74.925,74.722,74.848,4880
2308,2022-01-12 19:25:00,74.81,74.832,74.688,74.715,18988
2309,2022-01-12 19:20:00,74.765,74.837,74.668,74.715,3900
2310,2022-01-12 19:15:00,74.731,74.812,74.639,74.695,3574
2311,2022-01-12 19:10:00,74.805,74.827,74.654,74.686,1660
2312,2022-01-12 19:05:00,74.942,74.974,74.771,74.799,4366
2313,2022-01-12 19:00:00,74.942,74.964,74.816,74.848,6240
2314,2022-01-12 18:55:00,74.834,74.935,74.752,74.848,5350
2315,2022-01-12 18:50:00,74.844,74.881,74.722,74.784,11628
2316,2022-01-12 18:45:00,74.873,74.964,74.781,74.808,12410
2317,2022-01-12 18:40:00,74.923,74.945,74.766,74.794,7090
2318,2022-01-12 18:35:00,74.932,74.974,74.85,74.887,3522
2319,2022-01-12 18:30:00,74.942,74.964,74.82,74.872,2900
2320,2022-01-12 18:25:00,75.001,75.023,74.82,74.848,8246
2321,2022-01-12 18:20:00,74.923,75.004,74.84,74.921,4928
2322,2022-01-12 18:15:00,74.913,74.964,74.83,74.867,3374
2323,2022-01-12 18:10:00,74.977,74.999,74.894,74.921,2200
2324,2022-01-12 18:05:00,74.957,74.989,74.825,74.902,3118
2325,2022-01-12 18:00:00,75.006,75.028,74.82,74.926,26248
2326,2022-01-12 17:55:00,74.933,74.955,74.85,74.878,400
2327,2022-01-12 17:50:00,74.947,74.969,74.85,74.877,2390
2328,2022-01-12 17:45:00,74.913,74.974,74.83,74.897,1840
2329,2022-01-12 17:40:00,74.952,74.974,74.83,74.857,858
2330,2022-01-12 17:35:00,74.908,74.935,74.825,74.857,586
2331,2022-01-12 17:30:00,74.918,74.94,74.83,74.857,6798
2332,2022-01-12 17:25:00,74.991,75.033,74.83,74.857,12620
2333,2022-01-12 17:20:00,75.025,75.048,74.845,74.872,8984
2334,2022-01-12 17:15:00,75.011,75.053,74.923,74.956,12516
2335,2022-01-12 17:10:00,75.011,75.033,74.923,74.951,2188
2336,2022-01-12 17:05:00,75.036,75.058,74.923,74.975,1126
2337,2022-01-12 17:00:00,75.007,75.038,74.923,74.961,7666
2338,2022-01-12 16:55:00,75.06,75.082,74.884,74.911,17016
2339,2022-01-12 16:50:00,75.104,75.141,74.973,75.0,7456
2340,2022-01-12 16:45:00,75.085,75.107,74.968,75.02,15544
2341,2022-01-12 16:40:00,75.075,75.107,74.968,75.005,9928
2342,2022-01-12 16:35:00,75.114,75.146,74.992,75.019,15494
2343,2022-01-12 16:30:00,75.203,75.225,75.027,75.078,24786
2344,2022-01-12 16:25:00,75.242,75.284,75.115,75.147,16728
2345,2022-01-12 16:20:00,75.296,75.318,75.085,75.167,15998
2346,2022-01-12 16:15:00,75.227,75.328,75.144,75.25,27662
2347,2022-01-12 16:10:00,75.296,75.348,75.144,75.172,39100
2348,2022-01-12 16:05:00,75.193,75.318,75.1,75.221,64492
2349,2022-01-12 16:00:00,74.996,75.254,74.889,75.127,275170
2350,2022-01-12 15:55:00,75.036,75.136,74.659,74.941,2026210
2351,2022-01-12 15:50:00,74.927,75.193,74.757,74.98,1888974
2352,2022-01-12 15:45:00,74.888,75.239,74.752,74.882,2133164
2353,2022-01-12 15:40:00,74.539,74.935,74.374,74.843,1465800
2354,2022-01-12 15:35:00,74.618,74.738,74.374,74.475,885728
2355,2022-01-12 15:30:00,74.667,74.861,74.502,74.562,664022
2356,2022-01-12 15:25:00,74.731,74.758,74.364,74.622,775736
2357,2022-01-12 15:20:00,74.731,74.9,74.575,74.681,647122
2358,2022-01-12 15:15:00,74.898,75.028,74.624,74.683,1109782
2359,2022-01-12 15:10:00,74.618,74.915,74.511,74.838,767192
2360,2022-01-12 15:05:00,74.746,74.827,74.452,74.558,883510
2361,2022-01-12 15:00:00,75.04,75.185,74.438,74.691,2031356
2362,2022-01-12 14:55:00,74.986,75.2,74.87,74.985,742190
2363,2022-01-12 14:50:00,74.932,75.092,74.811,74.931,631658
2364,2022-01-12 14:45:00,74.765,74.989,74.605,74.867,701672
2365,2022-01-12 14:40:00,75.08,75.112,74.644,74.71,696424
2366,2022-01-12 14:35:00,74.859,75.141,74.703,75.034,715190
2367,2022-01-12 14:30:00,75.237,75.294,74.629,74.818,1277890
2368,2022-01-12 14:25:00,75.193,75.313,75.076,75.184,611436
2369,2022-01-12 14:20:00,74.923,75.249,74.816,75.147,835274
2370,2022-01-12 14:15:00,74.932,75.023,74.776,74.872,659318
2371,2022-01-12 14:10:00,74.662,74.994,74.497,74.872,809252
2372,2022-01-12 14:05:00,74.574,74.832,74.448,74.617,970966
2373,2022-01-12 14:00:00,74.873,74.915,74.403,74.519,1342942
2374,2022-01-12 13:55:00,74.844,75.028,74.713,74.818,693264
2375,2022-01-12 13:50:00,75.153,75.205,74.615,74.803,1446514
2376,2022-01-12 13:45:00,75.099,75.372,74.906,75.103,716974
2377,2022-01-12 13:40:00,75.09,75.264,74.948,75.058,484370
2378,2022-01-12 13:35:00,75.188,75.21,74.825,75.025,573586
2379,2022-01-12 13:30:00,75.02,75.264,74.762,75.132,824532
2380,2022-01-12 13:25:00,75.099,75.323,74.801,74.961,1045066
2381,2022-01-12 13:20:00,75.176,75.21,74.899,75.054,498978
2382,2022-01-12 13:15:00,75.158,75.21,74.884,75.122,887312
2383,2022-01-12 13:10:00,75.502,75.652,74.943,75.083,938744
2384,2022-01-12 13:05:00,75.509,75.574,75.314,75.441,465388
2385,2022-01-12 13:00:00,75.699,75.76,75.267,75.452,1124886
2386,2022-01-12 12:55:00,75.694,75.819,75.561,75.638,647498
2387,2022-01-12 12:50:00,75.492,75.746,75.365,75.638,1415588
2388,2022-01-12 12:45:00,75.438,75.544,75.154,75.432,836164
2389,2022-01-12 12:40:00,75.438,75.574,75.252,75.383,664226
2390,2022-01-12 12:35:00,75.291,75.618,75.193,75.358,1079556
2391,2022-01-12 12:30:00,75.134,75.328,75.002,75.235,674430
2392,2022-01-12 12:25:00,75.08,75.303,74.977,75.078,894176
2393,2022-01-12 12:20:00,75.006,75.131,74.816,75.034,670668
2394,2022-01-12 12:15:00,74.692,75.156,74.521,74.957,937908
2395,2022-01-12 12:10:00,74.76,74.881,74.428,74.646,793246
2396,2022-01-12 12:05:00,75.09,75.117,74.497,74.72,1294924
2397,2022-01-12 12:00:00,75.07,75.264,74.877,75.034,827070
2398,2022-01-12 11:55:00,75.271,75.357,74.781,75.0,1024620
2399,2022-01-12 11:50:00,74.923,75.328,74.786,75.221,890270
2400,2022-01-12 11:45:00,74.961,75.195,74.747,74.867,1224654
2401,2022-01-12 11:40:00,74.995,75.387,74.766,74.899,1621620
2402,2022-01-12 11:35:00,74.913,75.171,74.737,74.941,1275430
2403,2022-01-12 11:30:00,74.603,75.107,74.487,74.862,1692566
2404,2022-01-12 11:25:00,74.412,74.763,74.202,74.543,1607954
2405,2022-01-12 11:20:00,74.245,74.483,73.977,74.347,1699878
2406,2022-01-12 11:15:00,74.014,74.429,73.618,74.195,2026686
2407,2022-01-12 11:10:00,74.043,74.301,73.869,73.954,1885170
2408,2022-01-12 11:05:00,74.412,74.611,73.535,73.989,3326298
2409,2022-01-12 11:00:00,74.471,74.89,74.296,74.362,2160020
2410,2022-01-12 10:55:00,74.343,74.738,74.085,74.43,2017040
2411,2022-01-12 10:50:00,74.662,74.783,74.109,74.313,2355850
2412,2022-01-12 10:45:00,74.869,75.161,74.541,74.607,2201580
2413,2022-01-12 10:40:00,74.873,75.176,74.399,74.813,3217396
2414,2022-01-12 10:35:00,75.576,75.755,74.776,74.813,2638328
2415,2022-01-12 10:30:00,76.126,76.198,75.262,75.524,2797154
2416,2022-01-12 10:25:00,76.249,76.502,76.003,76.08,1938918
2417,2022-01-12 10:20:00,76.347,76.448,75.919,76.173,1490900
2418,2022-01-12 10:15:00,76.507,76.566,75.964,76.293,1563444
2419,2022-01-12 10:10:00,76.347,76.61,76.194,76.448,1719626
2420,2022-01-12 10:05:00,75.875,76.399,75.478,76.283,2904326
2421,2022-01-12 10:00:00,75.993,76.202,75.635,75.824,2974162
2422,2022-01-12 09:55:00,75.63,76.045,75.291,75.942,2718716
2423,2022-01-12 09:50:00,75.222,75.908,74.948,75.603,3195896
2424,2022-01-12 09:45:00,75.227,75.465,74.757,75.162,2841834
2425,2022-01-12 09:40:00,75.959,76.104,74.909,75.167,4603314
2426,2022-01-12 09:35:00,76.229,76.32,75.37,75.9,3197928
2427,2022-01-12 09:30:00,75.595,76.374,75.345,76.173,3854498
2428,2022-01-12 09:25:00,75.836,75.917,75.537,75.569,96878
2429,2022-01-12 09:20:00,75.537,75.903,75.414,75.799,120832
2430,2022-01-12 09:15:00,75.723,75.814,75.439,75.535,65996
2431,2022-01-12 09:10:00,76.033,76.114,75.571,75.648,95146
2432,2022-01-12 09:05:00,76.038,76.089,75.802,75.981,105666
2433,2022-01-12 09:00:00,76.047,76.183,75.861,75.976,277338
2434,2022-01-12 08:55:00,75.895,76.124,75.63,75.972,189362
2435,2022-01-12 08:50:00,75.664,75.947,75.473,75.839,166532
2436,2022-01-12 08:45:00,75.875,75.903,75.424,75.569,201568
2437,2022-01-12 08:40:00,75.713,75.986,75.586,75.864,269112
2438,2022-01-12 08:35:00,74.972,75.868,74.889,75.648,380958
2439,2022-01-12 08:30:00,74.854,75.47,74.467,74.882,432186
2440,2022-01-12 08:25:00,74.834,74.974,74.668,74.799,106146
2441,2022-01-12 08:20:00,74.79,74.861,74.639,74.764,66746
2442,2022-01-12 08:15:00,74.652,74.856,74.56,74.764,33052
2443,2022-01-12 08:10:00,74.544,74.67,74.438,74.558,6980
2444,2022-01-12 08:05:00,74.726,74.802,74.384,74.46,56366
2445,2022-01-12 08:00:00,74.176,74.876,73.25,74.646,204584
2446,2022-01-12 07:55:00,74.525,74.62,74.418,74.48,16478
2447,2022-01-12 07:50:00,74.51,74.532,74.305,74.445,11428
2448,2022-01-12 07:45:00,74.638,74.679,74.394,74.421,19840
2449,2022-01-12 07:40:00,74.638,74.768,74.556,74.583,14344
2450,2022-01-12 07:35:00,74.643,74.748,74.526,74.607,25012
2451,2022-01-12 07:30:00,74.451,74.743,74.369,74.592,50060
2452,2022-01-12 07:25:00,74.436,74.498,74.3,74.342,6864
2453,2022-01-12 07:20:00,74.24,74.434,74.08,74.357,22852
2454,2022-01-12 07:15:00,74.264,74.331,74.109,74.136,9334
2455,2022-01-12 07:10:00,74.191,74.262,74.075,74.175,22854
2456,2022-01-12 07:05:00,74.505,74.532,74.129,74.156,12410
2457,2022-01-12 07:00:00,74.422,74.596,74.242,74.48,36866
2458,2022-01-12 06:55:00,74.657,74.689,74.33,74.357,5748
2459,2022-01-12 06:50:00,74.692,74.724,74.575,74.607,5126
2460,2022-01-12 06:45:00,74.51,74.689,74.428,74.612,6318
2461,2022-01-12 06:40:00,74.525,74.581,74.428,74.455,3654
2462,2022-01-12 06:35:00,74.598,74.655,74.506,74.568,2538
2463,2022-01-12 06:30:00,74.559,74.679,74.477,74.583,3152
2464,2022-01-12 06:25:00,74.751,74.773,74.477,74.519,8432
2465,2022-01-12 06:20:00,74.657,74.797,74.575,74.72,2676
2466,2022-01-12 06:15:00,74.706,74.753,74.575,74.602,2316
2467,2022-01-12 06:10:00,74.657,74.699,74.526,74.602,3452
2468,2022-01-12 06:05:00,74.805,74.861,74.634,74.661,7554
2469,2022-01-12 06:00:00,74.805,74.876,74.722,74.764,5916
2470,2022-01-12 05:55:00,74.751,74.787,74.629,74.656,4760
2471,2022-01-12 05:50:00,74.775,74.797,74.575,74.602,2092
2472,2022-01-12 05:45:00,74.697,74.861,74.614,74.676,5852
2473,2022-01-12 05:40:00,74.52,74.63,74.433,74.553,2138
2474,2022-01-12 05:35:00,74.417,74.616,74.335,74.499,3406
2475,2022-01-12 05:30:00,74.515,74.561,74.281,74.308,9590
2476,2022-01-12 05:25:00,74.657,74.729,74.546,74.651,8250
2477,2022-01-12 05:20:00,74.53,74.729,74.448,74.651,5626
2478,2022-01-12 05:15:00,74.436,74.606,74.354,74.401,4424
2479,2022-01-12 05:10:00,74.377,74.483,74.207,74.367,6524
2480,2022-01-12 05:05:00,74.49,74.512,74.237,74.362,8808
2481,2022-01-12 05:00:00,74.593,74.616,74.423,74.45,6060
2482,2022-01-12 04:55:00,74.451,74.512,74.295,74.406,12650
2483,2022-01-12 04:50:00,74.264,74.463,74.163,74.386,3434
2484,2022-01-12 04:45:00,74.127,74.301,74.035,74.224,3596
2485,2022-01-12 04:40:00,74.068,74.1,73.957,74.018,1398
2486,2022-01-12 04:35:00,74.117,74.139,73.888,73.92,6352
2487,2022-01-12 04:30:00,74.215,74.262,73.981,74.008,5872
2488,2022-01-12 04:25:00,74.053,74.188,73.937,74.111,5494
2489,2022-01-12 04:20:00,73.749,73.982,73.667,73.905,5966
2490,2022-01-12 04:15:00,73.714,73.766,73.594,73.689,1698
2491,2022-01-12 04:10:00,73.695,73.716,73.501,73.591,3364
2492,2022-01-12 04:05:00,73.768,73.824,73.609,73.65,29442
2493,2022-01-12 04:00:00,73.429,73.761,73.206,73.66,29704
2494,2022-01-11 19:55:00,74.117,74.159,74.006,74.048,8302
2495,2022-01-11 19:50:00,74.156,74.178,74.011,74.038,6100
2496,2022-01-11 19:45:00,74.161,74.183,74.06,74.107,10288
2497,2022-01-11 19:40:00,74.191,74.252,74.085,74.126,12876
2498,2022-01-11 19:35:00,74.23,74.277,74.089,74.131,5280
2499,2022-01-11 19:30:00,74.181,74.291,74.099,74.151,12658
2500,2022-01-11 19:25:00,74.142,74.257,74.055,74.111,7358
2501,2022-01-11 19:20:00,74.053,74.168,73.962,74.067,23578
2502,2022-01-11 19:15:00,73.994,74.1,73.913,73.969,18516
2503,2022-01-11 19:10:00,73.994,74.016,73.874,73.93,4250
2504,2022-01-11 19:05:00,73.96,73.992,73.878,73.915,1260
2505,2022-01-11 19:00:00,73.921,74.016,73.839,73.915,7246
2506,2022-01-11 18:55:00,73.906,73.957,73.824,73.881,2198
2507,2022-01-11 18:50:00,73.881,73.928,73.795,73.841,4944
2508,2022-01-11 18:45:00,73.945,73.967,73.79,73.817,16372
2509,2022-01-11 18:40:00,73.911,73.977,73.829,73.9,3232
2510,2022-01-11 18:35:00,73.96,73.982,73.775,73.802,4366
2511,2022-01-11 18:30:00,73.95,74.001,73.864,73.9,7672
2512,2022-01-11 18:25:00,73.916,73.992,73.82,73.866,7018
2513,2022-01-11 18:20:00,73.98,74.016,73.834,73.891,9456
2514,2022-01-11 18:15:00,74.068,74.09,73.839,73.94,32628
2515,2022-01-11 18:10:00,74.137,74.178,73.996,74.023,8394
2516,2022-01-11 18:05:00,74.117,74.227,74.035,74.067,27674
2517,2022-01-11 18:00:00,74.019,74.164,73.937,74.048,29792
2518,2022-01-11 17:55:00,74.004,74.026,73.908,73.94,5328
2519,2022-01-11 17:50:00,73.93,74.006,73.849,73.93,1760
2520,2022-01-11 17:45:00,73.921,73.992,73.839,73.915,4020
2521,2022-01-11 17:40:00,73.921,73.992,73.839,73.915,22028
2522,2022-01-11 17:35:00,73.97,73.992,73.829,73.866,3874
2523,2022-01-11 17:30:00,73.93,73.967,73.849,73.891,4224
2524,2022-01-11 17:25:00,73.94,73.962,73.849,73.876,1332
2525,2022-01-11 17:20:00,73.93,74.016,73.849,73.915,7542
2526,2022-01-11 17:15:00,73.93,73.952,73.824,73.851,3992
2527,2022-01-11 17:10:00,73.95,74.031,73.864,73.954,3770
2528,2022-01-11 17:05:00,73.984,74.031,73.844,73.954,5982
2529,2022-01-11 17:00:00,73.945,74.041,73.864,73.905,8314
2530,2022-01-11 16:55:00,73.975,74.036,73.878,73.949,14156
2531,2022-01-11 16:50:00,74.009,74.041,73.903,73.959,18870
2532,2022-01-11 16:45:00,74.043,74.09,73.932,73.959,15030
2533,2022-01-11 16:40:00,74.019,74.065,73.933,73.969,12518
2534,2022-01-11 16:35:00,74.004,74.026,73.903,73.949,4080
2535,2022-01-11 16:30:00,73.999,74.036,73.888,73.949,20606
2536,2022-01-11 16:25:00,73.97,74.006,73.854,73.915,36148
2537,2022-01-11 16:20:00,74.029,74.08,73.913,73.945,18838
2538,2022-01-11 16:15:00,74.063,74.09,73.928,73.969,26510
2539,2022-01-11 16:10:00,74.063,74.114,73.937,73.999,46902
2540,2022-01-11 16:05:00,74.137,74.188,73.977,74.013,79774
2541,2022-01-11 16:00:00,74.127,74.237,73.972,74.097,275256
2542,2022-01-11 15:55:00,73.69,74.183,73.574,74.059,1968200
2543,2022-01-11 15:50:00,73.827,73.908,73.344,73.626,1871130
2544,2022-01-11 15:45:00,73.822,73.913,73.648,73.753,765290
2545,2022-01-11 15:40:00,73.744,73.879,73.535,73.773,1089644
2546,2022-01-11 15:35:00,73.891,74.046,73.638,73.704,881456
2547,2022-01-11 15:30:00,73.943,74.124,73.775,73.832,1050390
2548,2022-01-11 15:25:00,73.813,74.026,73.687,73.886,1078756
2549,2022-01-11 15:20:00,73.921,74.075,73.717,73.773,745168
2550,2022-01-11 15:15:00,74.034,74.178,73.772,73.861,1139102
2551,2022-01-11 15:10:00,74.058,74.095,73.766,73.972,813572
2552,2022-01-11 15:05:00,73.881,74.203,73.771,73.999,1479858
2553,2022-01-11 15:00:00,73.817,74.038,73.663,73.827,1143762
2554,2022-01-11 14:55:00,73.935,74.183,73.707,73.753,1220260
2555,2022-01-11 14:50:00,73.921,74.001,73.697,73.886,1058104
2556,2022-01-11 14:45:00,73.719,73.987,73.599,73.871,1012206
2557,2022-01-11 14:40:00,73.582,73.751,73.447,73.665,816558
2558,2022-01-11 14:35:00,73.287,73.662,73.113,73.532,946992
2559,2022-01-11 14:30:00,73.535,73.569,73.093,73.241,1211284
2560,2022-01-11 14:25:00,73.533,73.594,73.353,73.473,646458
2561,2022-01-11 14:20:00,73.528,73.608,73.25,73.478,640654
2562,2022-01-11 14:15:00,73.459,73.623,73.329,73.483,511042
2563,2022-01-11 14:10:00,73.4,73.554,73.201,73.395,1029582
2564,2022-01-11 14:05:00,73.609,73.677,73.157,73.331,1004334
2565,2022-01-11 14:00:00,73.719,73.81,73.425,73.547,1060722
2566,2022-01-11 13:55:00,73.577,73.775,73.461,73.675,901162
2567,2022-01-11 13:50:00,73.542,73.667,73.432,73.518,639634
2568,2022-01-11 13:45:00,73.591,73.849,73.378,73.493,1215054
2569,2022-01-11 13:40:00,73.523,73.697,73.334,73.537,804438
2570,2022-01-11 13:35:00,73.611,73.648,73.398,73.468,503270
2571,2022-01-11 13:30:00,73.479,73.653,73.366,73.556,654110
2572,2022-01-11 13:25:00,73.704,73.736,73.358,73.419,896632
2573,2022-01-11 13:20:00,73.523,73.8,73.403,73.655,1170602
2574,2022-01-11 13:15:00,73.277,73.544,73.133,73.464,877620
2575,2022-01-11 13:10:00,72.973,73.353,72.882,73.213,1049540
2576,2022-01-11 13:05:00,73.1,73.132,72.647,72.914,1578750
2577,2022-01-11 13:00:00,73.267,73.323,72.833,73.046,1331600
2578,2022-01-11 12:55:00,73.459,73.5,73.079,73.218,874152
2579,2022-01-11 12:50:00,73.154,73.481,73.053,73.395,1083594
2580,2022-01-11 12:45:00,73.341,73.377,73.03,73.095,978970
2581,2022-01-11 12:40:00,73.12,73.372,72.919,73.282,1230206
2582,2022-01-11 12:35:00,73.093,73.372,72.922,73.056,1046700
2583,2022-01-11 12:30:00,72.982,73.294,72.809,73.037,1305162
2584,2022-01-11 12:25:00,73.557,73.623,72.819,72.929,2137922
2585,2022-01-11 12:20:00,73.7,73.805,73.393,73.498,1215580
2586,2022-01-11 12:15:00,73.837,73.967,73.471,73.635,1248816
2587,2022-01-11 12:10:00,73.867,73.923,73.658,73.787,1125542
2588,2022-01-11 12:05:00,73.906,74.006,73.599,73.812,1351402
2589,2022-01-11 12:00:00,73.95,74.095,73.638,73.842,1891428
2590,2022-01-11 11:55:00,73.862,73.996,73.653,73.877,1552736
2591,2022-01-11 11:50:00,73.518,73.967,73.422,73.802,2773834
2592,2022-01-11 11:45:00,73.773,73.859,73.339,73.459,2248056
2593,2022-01-11 11:40:00,73.449,74.05,73.319,73.714,2904802
2594,2022-01-11 11:35:00,72.825,73.53,72.745,73.395,2461346
2595,2022-01-11 11:30:00,73.007,73.092,72.647,72.772,1258094
2596,2022-01-11 11:25:00,72.668,73.077,72.51,72.948,1959502
2597,2022-01-11 11:20:00,72.869,72.97,72.289,72.61,2921956
2598,2022-01-11 11:15:00,72.354,73.073,72.147,72.821,3260670
2599,2022-01-11 11:10:00,71.322,72.464,71.236,72.315,3255414
2600,2022-01-11 11:05:00,71.303,71.682,71.126,71.269,2266742
2601,2022-01-11 11:00:00,70.492,71.506,70.321,71.25,2462298
2602,2022-01-11 10:55:00,70.158,70.557,69.914,70.43,2097606
2603,2022-01-11 10:50:00,69.986,70.218,69.723,70.111,1799462
2604,2022-01-11 10:45:00,69.775,70.385,69.61,69.93,3134682
2605,2022-01-11 10:40:00,70.438,70.459,69.595,69.733,2330950
2606,2022-01-11 10:35:00,70.399,70.626,70.209,70.391,1667452
2607,2022-01-11 10:30:00,71.028,71.643,70.302,70.337,3202958
2608,2022-01-11 10:25:00,71.057,71.24,70.689,70.96,1949952
2609,2022-01-11 10:20:00,71.18,71.407,70.935,71.005,1981260
2610,2022-01-11 10:15:00,71.337,71.53,70.66,71.123,3002804
2611,2022-01-11 10:10:00,71.077,71.712,70.944,71.279,2349842
2612,2022-01-11 10:05:00,71.268,71.589,70.949,71.029,3054634
2613,2022-01-11 10:00:00,70.286,71.28,69.939,71.206,3627156
2614,2022-01-11 09:55:00,69.893,70.41,69.478,70.229,2776214
2615,2022-01-11 09:50:00,69.711,70.641,69.438,69.837,2884406
2616,2022-01-11 09:45:00,69.574,70.223,69.384,69.655,3072882
2617,2022-01-11 09:40:00,70.527,70.597,69.198,69.535,3204004
2618,2022-01-11 09:35:00,70.05,70.886,69.865,70.465,2787206
2619,2022-01-11 09:30:00,70.477,70.66,69.605,69.998,3201854
2620,2022-01-11 09:25:00,70.571,70.626,70.278,70.43,101114
2621,2022-01-11 09:20:00,70.35,70.592,70.263,70.519,81280
2622,2022-01-11 09:15:00,70.664,70.695,70.12,70.313,163434
2623,2022-01-11 09:10:00,70.772,70.808,70.439,70.592,91716
2624,2022-01-11 09:05:00,70.713,70.857,70.498,70.749,162418
2625,2022-01-11 09:00:00,70.924,70.945,70.557,70.681,159944
2626,2022-01-11 08:55:00,71.028,71.103,70.827,70.872,37844
2627,2022-01-11 08:50:00,71.219,71.24,70.866,70.98,102194
2628,2022-01-11 08:45:00,71.175,71.407,71.092,71.235,87244
2629,2022-01-11 08:40:00,71.45,71.471,70.979,71.108,110492
2630,2022-01-11 08:35:00,71.809,71.83,71.293,71.407,74206
2631,2022-01-11 08:30:00,71.691,71.899,71.587,71.76,64510
2632,2022-01-11 08:25:00,71.735,71.83,71.543,71.569,53360
2633,2022-01-11 08:20:00,71.809,71.83,71.582,71.643,14520
2634,2022-01-11 08:15:00,71.784,71.869,71.695,71.756,19456
2635,2022-01-11 08:10:00,71.858,71.879,71.631,71.721,51918
2636,2022-01-11 08:05:00,71.838,71.938,71.71,71.819,38464
2637,2022-01-11 08:00:00,72.162,72.282,70.724,71.756,247310
2638,2022-01-11 07:55:00,71.799,71.913,71.484,71.554,61358
2639,2022-01-11 07:50:00,71.877,72.007,71.729,71.756,22278
2640,2022-01-11 07:45:00,72.059,72.085,71.729,71.829,44620
2641,2022-01-11 07:40:00,72.079,72.149,71.994,72.021,17194
2642,2022-01-11 07:35:00,72.084,72.159,71.965,72.016,10048
2643,2022-01-11 07:30:00,72.197,72.233,71.96,72.035,11336
2644,2022-01-11 07:25:00,72.206,72.228,72.048,72.133,8638
2645,2022-01-11 07:20:00,72.133,72.257,72.053,72.148,35836
2646,2022-01-11 07:15:00,72.187,72.223,71.994,72.04,16892
2647,2022-01-11 07:10:00,72.103,72.282,71.936,72.148,28110
2648,2022-01-11 07:05:00,72.049,72.228,71.97,72.133,30718
2649,2022-01-11 07:00:00,71.985,72.159,71.877,71.972,56224
2650,2022-01-11 06:55:00,72.329,72.351,71.985,72.016,6132
2651,2022-01-11 06:50:00,72.241,72.419,72.156,72.325,10352
2652,2022-01-11 06:45:00,72.197,72.247,72.117,72.173,3040
2653,2022-01-11 06:40:00,72.206,72.228,72.093,72.148,3874
2654,2022-01-11 06:35:00,72.054,72.242,71.975,72.099,4362
2655,2022-01-11 06:30:00,71.99,72.154,71.886,72.03,8480
2656,2022-01-11 06:25:00,72.069,72.09,71.852,71.922,7710
2657,2022-01-11 06:20:00,72.064,72.149,71.96,72.075,10192
2658,2022-01-11 06:15:00,72.0,72.149,71.911,71.967,8546
2659,2022-01-11 06:10:00,72.182,72.282,71.95,71.976,14002
2660,2022-01-11 06:05:00,72.172,72.223,71.896,72.148,13440
2661,2022-01-11 06:00:00,72.447,72.468,72.004,72.03,14816
2662,2022-01-11 05:55:00,72.55,72.572,72.416,72.443,1700
2663,2022-01-11 05:50:00,72.575,72.611,72.465,72.531,7054
2664,2022-01-11 05:45:00,72.565,72.69,72.485,72.605,13172
2665,2022-01-11 05:40:00,72.477,72.616,72.367,72.541,5012
2666,2022-01-11 05:35:00,72.447,72.601,72.367,72.453,3780
2667,2022-01-11 05:30:00,72.349,72.449,72.269,72.374,1154
2668,2022-01-11 05:25:00,72.447,72.532,72.308,72.335,4500
2669,2022-01-11 05:20:00,72.467,72.488,72.353,72.384,6804
2670,2022-01-11 05:15:00,72.501,72.567,72.402,72.492,12022
2671,2022-01-11 05:10:00,72.609,72.631,72.416,72.443,10476
2672,2022-01-11 05:05:00,72.634,72.778,72.519,72.614,10228
2673,2022-01-11 05:00:00,72.447,72.636,72.323,72.56,16638
2674,2022-01-11 04:55:00,72.644,72.665,72.367,72.448,14920
2675,2022-01-11 04:50:00,72.58,72.665,72.485,72.56,6936
2676,2022-01-11 04:45:00,72.462,72.694,72.382,72.61,5894
2677,2022-01-11 04:40:00,72.398,72.468,72.225,72.394,17140
2678,2022-01-11 04:35:00,72.275,72.468,72.161,72.369,8328
2679,2022-01-11 04:30:00,72.157,72.331,72.058,72.207,8670
2680,2022-01-11 04:25:00,72.147,72.169,71.994,72.089,6590
2681,2022-01-11 04:20:00,71.799,72.252,71.671,72.119,38476
2682,2022-01-11 04:15:00,71.514,71.83,71.435,71.687,20232
2683,2022-01-11 04:10:00,71.268,71.56,71.175,71.476,14982
2684,2022-01-11 04:05:00,71.219,71.329,71.097,71.216,8744
2685,2022-01-11 04:00:00,71.219,71.348,70.994,71.181,56036
2686,2022-01-10 19:55:00,71.342,71.461,71.263,71.353,41874
2687,2022-01-10 19:50:00,71.219,71.358,71.126,71.27,10850
2688,2022-01-10 19:45:00,71.219,71.314,71.141,71.172,19254
2689,2022-01-10 19:40:00,71.087,71.225,70.954,71.142,35466
2690,2022-01-10 19:35:00,70.959,71.112,70.881,71.019,10508
2691,2022-01-10 19:30:00,70.944,70.98,70.832,70.897,23520
2692,2022-01-10 19:25:00,70.969,71.127,70.881,70.911,17564
2693,2022-01-10 19:20:00,71.131,71.171,70.856,70.916,27268
2694,2022-01-10 19:15:00,71.44,71.461,71.043,71.068,14364
2695,2022-01-10 19:10:00,71.401,71.525,71.308,71.427,10662
2696,2022-01-10 19:05:00,71.465,71.525,71.283,71.309,9988
2697,2022-01-10 19:00:00,71.342,71.486,71.263,71.412,13646
2698,2022-01-10 18:55:00,71.367,71.412,71.249,71.284,24196
2699,2022-01-10 18:50:00,71.386,71.412,71.263,71.314,24252
2700,2022-01-10 18:45:00,71.416,71.437,71.273,71.333,28222
2701,2022-01-10 18:40:00,71.268,71.432,71.19,71.358,5454
2702,2022-01-10 18:35:00,71.367,71.427,71.224,71.25,4986
2703,2022-01-10 18:30:00,71.46,71.481,71.258,71.284,14744
2704,2022-01-10 18:25:00,71.475,71.54,71.273,71.397,27068
2705,2022-01-10 18:20:00,71.367,71.501,71.288,71.427,25694
2706,2022-01-10 18:15:00,71.293,71.373,71.165,71.299,38864
2707,2022-01-10 18:10:00,71.071,71.314,70.989,71.24,28210
2708,2022-01-10 18:05:00,71.141,71.201,70.935,71.024,20282
2709,2022-01-10 18:00:00,71.258,71.289,70.969,71.078,31382
2710,2022-01-10 17:55:00,71.2,71.265,71.111,71.191,9938
2711,2022-01-10 17:50:00,71.209,71.23,71.111,71.157,2812
2712,2022-01-10 17:45:00,71.19,71.211,71.106,71.132,400
2713,2022-01-10 17:40:00,71.17,71.24,71.092,71.157,1674
2714,2022-01-10 17:35:00,71.219,71.24,71.092,71.142,7948
2715,2022-01-10 17:30:00,71.121,71.24,71.043,71.167,5932
2716,2022-01-10 17:25:00,71.121,71.142,71.013,71.059,4394
2717,2022-01-10 17:20:00,71.072,71.141,70.994,71.064,3950
2718,2022-01-10 17:15:00,71.047,71.126,70.969,71.052,5080
2719,2022-01-10 17:10:00,71.038,71.108,70.944,71.034,11794
2720,2022-01-10 17:05:00,71.077,71.137,70.959,70.985,5558
2721,2022-01-10 17:00:00,71.15,71.191,70.984,71.019,4480
2722,2022-01-10 16:55:00,71.121,71.167,70.944,71.093,45346
2723,2022-01-10 16:50:00,71.165,71.24,71.043,71.083,22242
2724,2022-01-10 16:45:00,71.219,71.314,71.082,71.118,46674
2725,2022-01-10 16:40:00,71.254,71.289,71.141,71.167,63654
2726,2022-01-10 16:35:00,71.185,71.289,71.087,71.211,49148
2727,2022-01-10 16:30:00,71.19,71.23,71.028,71.127,109650
2728,2022-01-10 16:25:00,71.155,71.216,71.057,71.137,18286
2729,2022-01-10 16:20:00,71.037,71.206,70.959,71.113,89538
2730,2022-01-10 16:15:00,70.974,71.088,70.832,71.0,63344
2731,2022-01-10 16:10:00,70.964,70.995,70.841,70.916,41038
2732,2022-01-10 16:05:00,70.92,71.039,70.797,70.921,56260
2733,2022-01-10 16:00:00,71.028,71.058,70.797,70.872,270158
2734,2022-01-10 15:55:00,70.453,71.211,70.341,70.975,2288802
2735,2022-01-10 15:50:00,70.193,70.597,69.934,70.372,2565686
2736,2022-01-10 15:45:00,69.819,70.346,69.688,70.136,2754154
2737,2022-01-10 15:40:00,69.667,70.174,69.536,69.778,2344018
2738,2022-01-10 15:35:00,69.613,69.894,69.389,69.611,1802078
2739,2022-01-10 15:30:00,69.259,69.653,68.83,69.557,1541628
2740,2022-01-10 15:25:00,69.171,69.417,68.992,69.203,1243446
2741,2022-01-10 15:20:00,69.073,69.201,68.751,69.13,1207602
2742,2022-01-10 15:15:00,68.552,69.264,68.32,69.032,1645402
2743,2022-01-10 15:10:00,68.596,68.975,68.437,68.487,1392396
2744,2022-01-10 15:05:00,68.979,69.054,68.241,68.536,1873434
2745,2022-01-10 15:00:00,69.097,69.447,68.825,68.919,1540594
2746,2022-01-10 14:55:00,68.714,69.216,68.565,69.041,1404094
2747,2022-01-10 14:50:00,69.294,69.344,68.594,68.664,1988776
2748,2022-01-10 14:45:00,69.142,69.368,69.046,69.243,1192878
2749,2022-01-10 14:40:00,69.412,69.752,69.011,69.081,1549510
2750,2022-01-10 14:35:00,69.544,69.732,69.286,69.351,1299722
2751,2022-01-10 14:30:00,69.235,69.584,69.056,69.508,1428716
2752,2022-01-10 14:25:00,69.063,69.368,68.894,69.179,1347026
2753,2022-01-10 14:20:00,69.142,69.356,68.953,69.017,1239786
2754,2022-01-10 14:15:00,68.906,69.314,68.777,69.088,1665264
2755,2022-01-10 14:10:00,69.102,69.157,68.732,68.852,1405870
2756,2022-01-10 14:05:00,68.943,69.204,68.668,69.056,1740052
2757,2022-01-10 14:00:00,68.368,68.965,68.208,68.892,1917496
2758,2022-01-10 13:55:00,68.503,68.622,68.065,68.319,1841988
2759,2022-01-10 13:50:00,68.13,68.66,68.02,68.443,2122798
2760,2022-01-10 13:45:00,68.036,68.233,67.697,68.07,1408168
2761,2022-01-10 13:40:00,67.545,68.096,67.378,67.991,1625174
2762,2022-01-10 13:35:00,67.614,67.772,67.402,67.5,1125786
2763,2022-01-10 13:30:00,67.712,67.993,67.393,67.564,1471428
2764,2022-01-10 13:25:00,67.658,67.993,67.505,67.662,1524868
2765,2022-01-10 13:20:00,67.349,67.727,67.093,67.603,2023822
2766,2022-01-10 13:15:00,67.098,67.388,66.867,67.304,1373020
2767,2022-01-10 13:10:00,66.691,67.162,66.598,67.044,1429006
2768,2022-01-10 13:05:00,66.612,66.971,66.455,66.646,1193988
2769,2022-01-10 13:00:00,66.587,66.922,66.382,66.568,1513124
2770,2022-01-10 12:55:00,66.877,66.902,66.426,66.533,1100236
2771,2022-01-10 12:50:00,66.126,67.113,65.898,66.823,1999224
2772,2022-01-10 12:45:00,65.949,66.386,65.827,66.062,1296558
2773,2022-01-10 12:40:00,65.713,66.298,65.548,65.89,1208066
2774,2022-01-10 12:35:00,65.723,66.003,65.582,65.665,1527568
2775,2022-01-10 12:30:00,65.762,65.885,65.508,65.664,1169204
2776,2022-01-10 12:25:00,65.772,66.022,65.592,65.712,1147634
2777,2022-01-10 12:20:00,65.772,65.909,65.631,65.732,863478
2778,2022-01-10 12:15:00,66.165,66.214,65.665,65.714,1035002
2779,2022-01-10 12:10:00,65.88,66.376,65.804,66.121,1421778
2780,2022-01-10 12:05:00,66.249,66.361,65.788,65.832,1349024
2781,2022-01-10 12:00:00,66.897,66.941,66.136,66.214,1402022
2782,2022-01-10 11:55:00,66.425,66.966,66.22,66.843,1406054
2783,2022-01-10 11:50:00,66.494,66.764,66.131,66.371,1439400
2784,2022-01-10 11:45:00,66.514,66.804,66.279,66.45,1777630
2785,2022-01-10 11:40:00,66.592,66.612,66.176,66.46,1730854
2786,2022-01-10 11:35:00,66.877,66.946,66.445,66.533,1381498
2787,2022-01-10 11:30:00,67.192,67.231,66.705,66.821,1912966
2788,2022-01-10 11:25:00,66.931,67.3,66.71,67.146,1852842
2789,2022-01-10 11:20:00,66.72,67.039,66.416,66.892,1938676
2790,2022-01-10 11:15:00,66.337,66.813,66.024,66.676,2288344
2791,2022-01-10 11:10:00,65.964,66.504,65.734,66.298,2342280
2792,2022-01-10 11:05:00,65.61,65.998,65.449,65.915,2226854
2793,2022-01-10 11:00:00,65.473,65.723,65.14,65.571,2181092
2794,2022-01-10 10:55:00,65.394,65.634,65.032,65.434,2082540
2795,2022-01-10 10:50:00,65.06,65.6,64.832,65.355,2336472
2796,2022-01-10 10:45:00,65.026,65.452,64.812,65.022,2065918
2797,2022-01-10 10:40:00,65.286,65.541,64.895,64.992,2019712
2798,2022-01-10 10:35:00,65.595,65.782,65.096,65.228,2522914
2799,2022-01-10 10:30:00,65.959,66.145,65.484,65.557,2426700
2800,2022-01-10 10:25:00,65.713,66.145,65.616,65.91,2675924
2801,2022-01-10 10:20:00,65.487,65.875,65.41,65.684,2269058
2802,2022-01-10 10:15:00,65.59,66.022,65.371,65.434,3069852
2803,2022-01-10 10:10:00,66.165,66.185,65.499,65.542,3422692
2804,2022-01-10 10:05:00,65.861,66.443,65.754,66.121,3591510
2805,2022-01-10 10:00:00,66.312,66.504,65.744,65.817,3207184
2806,2022-01-10 09:55:00,66.715,66.784,66.014,66.269,3681058
2807,2022-01-10 09:50:00,67.167,67.496,66.558,66.666,3069390
2808,2022-01-10 09:45:00,67.118,67.201,66.539,67.117,2698176
2809,2022-01-10 09:40:00,67.231,67.511,66.652,67.063,3254862
2810,2022-01-10 09:35:00,67.231,67.378,66.759,67.176,3386914
2811,2022-01-10 09:30:00,67.982,68.469,66.97,67.176,4661878
2812,2022-01-10 09:25:00,67.732,68.056,67.652,67.927,269930
2813,2022-01-10 09:20:00,67.879,68.022,67.608,67.633,122586
2814,2022-01-10 09:15:00,67.948,68.032,67.608,67.81,205830
2815,2022-01-10 09:10:00,68.051,68.071,67.834,67.883,74658
2816,2022-01-10 09:05:00,68.076,68.228,67.932,67.996,82272
2817,2022-01-10 09:00:00,68.076,68.189,67.908,68.017,47544
2818,2022-01-10 08:55:00,68.002,68.12,67.863,68.03,95704
2819,2022-01-10 08:50:00,68.277,68.302,67.873,67.932,47882
2820,2022-01-10 08:45:00,68.307,68.4,68.079,68.153,55884
2821,2022-01-10 08:40:00,68.488,68.513,68.246,68.271,33802
2822,2022-01-10 08:35:00,68.213,68.528,68.069,68.438,42750
2823,2022-01-10 08:30:00,68.316,68.489,68.03,68.183,75062
2824,2022-01-10 08:25:00,68.365,68.4,68.109,68.256,92258
2825,2022-01-10 08:20:00,68.321,68.494,68.202,68.335,66526
2826,2022-01-10 08:15:00,68.282,68.361,68.123,68.285,54240
2827,2022-01-10 08:10:00,68.081,68.341,67.942,68.241,70938
2828,2022-01-10 08:05:00,68.149,68.253,67.976,68.035,65426
2829,2022-01-10 08:00:00,69.819,71.515,67.706,68.104,359978
2830,2022-01-10 07:55:00,68.341,68.396,67.76,67.785,189028
2831,2022-01-10 07:50:00,68.43,68.479,68.138,68.276,213494
2832,2022-01-10 07:45:00,68.665,68.695,68.359,68.443,75888
2833,2022-01-10 07:40:00,68.665,68.735,68.531,68.605,37286
2834,2022-01-10 07:35:00,68.65,68.833,68.477,68.61,62626
2835,2022-01-10 07:30:00,69.328,69.363,68.536,68.56,215436
2836,2022-01-10 07:25:00,69.363,69.491,69.188,69.277,33194
2837,2022-01-10 07:20:00,69.269,69.408,69.154,69.316,50344
2838,2022-01-10 07:15:00,69.633,69.653,69.124,69.252,125410
2839,2022-01-10 07:10:00,69.893,69.987,69.546,69.645,72150
2840,2022-01-10 07:05:00,70.05,70.164,69.782,69.866,31292
2841,2022-01-10 07:00:00,70.089,70.243,69.914,70.023,38512
2842,2022-01-10 06:55:00,70.129,70.149,69.978,70.038,6586
2843,2022-01-10 06:50:00,70.001,70.115,69.914,69.949,17240
2844,2022-01-10 06:45:00,69.814,70.032,69.738,69.91,6196
2845,2022-01-10 06:40:00,69.932,69.953,69.546,69.753,15118
2846,2022-01-10 06:35:00,69.986,70.007,69.635,69.748,15062
2847,2022-01-10 06:30:00,70.07,70.14,69.895,69.92,3748
2848,2022-01-10 06:25:00,69.878,69.899,69.767,69.797,3750
2849,2022-01-10 06:20:00,70.035,70.061,69.757,69.856,5466
2850,2022-01-10 06:15:00,70.04,70.164,69.963,70.008,3234
2851,2022-01-10 06:10:00,70.06,70.105,69.909,70.033,2382
2852,2022-01-10 06:05:00,70.094,70.208,69.86,69.994,16680
2853,2022-01-10 06:00:00,70.217,70.238,69.983,70.062,6464
2854,2022-01-10 05:55:00,70.188,70.208,70.056,70.082,1200
2855,2022-01-10 05:50:00,70.188,70.208,69.934,70.082,3164
2856,2022-01-10 05:45:00,70.212,70.405,70.13,70.21,17960
2857,2022-01-10 05:40:00,70.59,70.611,70.13,70.185,31768
2858,2022-01-10 05:35:00,70.576,70.631,70.498,70.558,654
2859,2022-01-10 05:30:00,70.63,70.651,70.439,70.548,4468
2860,2022-01-10 05:25:00,70.605,70.651,70.444,70.573,7722
2861,2022-01-10 05:20:00,70.728,70.754,70.405,70.43,5066
2862,2022-01-10 05:15:00,70.821,70.872,70.729,70.754,1440
2863,2022-01-10 05:10:00,70.684,70.921,70.606,70.848,5090
2864,2022-01-10 05:05:00,70.532,70.606,70.454,70.499,1576
2865,2022-01-10 05:00:00,70.63,70.651,70.41,70.543,29860
2866,2022-01-10 04:55:00,70.875,70.896,70.626,70.651,7220
2867,2022-01-10 04:50:00,70.797,70.931,70.675,70.823,11386
2868,2022-01-10 04:45:00,71.023,71.044,70.714,70.74,6202
2869,2022-01-10 04:40:00,70.9,70.921,70.822,70.848,200
2870,2022-01-10 04:35:00,70.787,70.995,70.709,70.803,6374
2871,2022-01-10 04:30:00,70.915,71.019,70.65,70.676,11374
2872,2022-01-10 04:25:00,70.861,70.955,70.783,70.872,3344
2873,2022-01-10 04:20:00,70.875,70.945,70.738,70.769,5586
2874,2022-01-10 04:15:00,70.841,70.955,70.748,70.828,14632
2875,2022-01-10 04:10:00,70.811,70.936,70.645,70.671,34016
2876,2022-01-10 04:05:00,70.605,70.921,70.527,70.803,18830
2877,2022-01-10 04:00:00,72.938,73.176,70.38,70.425,37634
2878,2022-01-07 19:55:00,70.654,70.675,70.552,70.578,5528
2879,2022-01-07 19:50:00,70.644,70.675,70.567,70.602,3980
2880,2022-01-07 19:45:00,70.63,70.651,70.527,70.578,8562
2881,2022-01-07 19:40:00,70.635,70.675,70.552,70.602,2700
2882,2022-01-07 19:35:00,70.649,70.675,70.552,70.602,5892
2883,2022-01-07 19:30:00,70.654,70.675,70.527,70.597,2816
2884,2022-01-07 19:25:00,70.649,70.67,70.552,70.578,1800
2885,2022-01-07 19:20:00,70.644,70.7,70.567,70.627,428
2886,2022-01-07 19:15:00,70.679,70.7,70.596,70.627,1232
2887,2022-01-07 19:10:00,70.654,70.7,70.577,70.627,1000
2888,2022-01-07 19:05:00,70.63,70.651,70.552,70.578,466
2889,2022-01-07 19:00:00,70.605,70.626,70.527,70.553,2600
2890,2022-01-07 18:55:00,70.649,70.67,70.503,70.533,6564
2891,2022-01-07 18:50:00,70.654,70.7,70.577,70.627,410
2892,2022-01-07 18:45:00,70.63,70.656,70.552,70.583,604
2893,2022-01-07 18:40:00,70.625,70.651,70.547,70.578,1006
2894,2022-01-07 18:35:00,70.532,70.675,70.454,70.578,2106
2895,2022-01-07 18:30:00,70.635,70.656,70.478,70.504,3578
2896,2022-01-07 18:25:00,70.635,70.656,70.537,70.563,400
2897,2022-01-07 18:20:00,70.654,70.675,70.577,70.602,854
2898,2022-01-07 18:15:00,70.674,70.7,70.527,70.602,4750
2899,2022-01-07 18:10:00,70.654,70.7,70.518,70.627,6598
2900,2022-01-07 18:05:00,70.689,70.71,70.596,70.627,1200
2901,2022-01-07 18:00:00,70.694,70.719,70.616,70.646,656
2902,2022-01-07 17:55:00,70.635,70.734,70.557,70.637,3134
2903,2022-01-07 17:50:00,70.63,70.651,70.552,70.578,3002
2904,2022-01-07 17:45:00,70.63,70.651,70.527,70.553,3400
2905,2022-01-07 17:40:00,70.669,70.69,70.591,70.617,1000
2906,2022-01-07 17:35:00,70.728,70.749,70.601,70.651,3100
2907,2022-01-07 17:30:00,70.727,70.748,70.626,70.651,3350
2908,2022-01-07 17:25:00,70.654,70.729,70.577,70.627,1496
2909,2022-01-07 17:20:00,70.674,70.695,70.567,70.602,8700
2910,2022-01-07 17:15:00,70.669,70.743,70.577,70.67,2180
2911,2022-01-07 17:10:00,70.723,70.749,70.586,70.627,5394
2912,2022-01-07 17:05:00,70.605,70.744,70.527,70.671,10056
2913,2022-01-07 17:00:00,70.6,70.67,70.523,70.597,2320
2914,2022-01-07 16:55:00,70.615,70.646,70.498,70.543,4716
2915,2022-01-07 16:50:00,70.64,70.675,70.537,70.563,4634
2916,2022-01-07 16:45:00,70.644,70.67,70.513,70.563,21910
2917,2022-01-07 16:40:00,70.689,70.71,70.562,70.593,9482
2918,2022-01-07 16:35:00,70.718,70.754,70.601,70.627,13458
2919,2022-01-07 16:30:00,70.728,70.769,70.611,70.676,11328
2920,2022-01-07 16:25:00,70.816,70.837,70.65,70.691,27474
2921,2022-01-07 16:20:00,70.728,70.837,70.621,70.759,18204
2922,2022-01-07 16:15:00,70.723,70.803,70.645,70.681,25426
2923,2022-01-07 16:10:00,70.851,70.906,70.65,70.681,35880
2924,2022-01-07 16:05:00,70.905,71.019,70.768,70.803,40076
2925,2022-01-07 16:00:00,70.748,70.945,70.63,70.833,337990
2926,2022-01-07 15:55:00,70.934,71.167,70.527,70.7,2457166
2927,2022-01-07 15:50:00,71.288,71.491,70.817,70.878,1871022
2928,2022-01-07 15:45:00,71.028,71.378,70.832,71.237,1412250
2929,2022-01-07 15:40:00,71.283,71.358,70.92,70.975,886746
2930,2022-01-07 15:35:00,71.19,71.397,70.998,71.235,890270
2931,2022-01-07 15:30:00,71.155,71.564,71.013,71.142,1491216
2932,2022-01-07 15:25:00,71.229,71.26,70.891,71.118,810856
2933,2022-01-07 15:20:00,71.45,71.599,71.131,71.181,1037682
2934,2022-01-07 15:15:00,71.298,71.506,71.205,71.397,927670
2935,2022-01-07 15:10:00,71.656,71.689,71.16,71.26,811858
2936,2022-01-07 15:05:00,71.725,71.97,71.509,71.603,1558566
2937,2022-01-07 15:00:00,71.504,71.771,71.396,71.667,1501626
2938,2022-01-07 14:55:00,71.632,71.673,71.347,71.451,804964
2939,2022-01-07 14:50:00,71.43,71.746,71.234,71.579,1497750
2940,2022-01-07 14:45:00,71.273,71.594,71.101,71.375,1248182
2941,2022-01-07 14:40:00,71.175,71.392,71.008,71.228,1171446
2942,2022-01-07 14:35:00,70.757,71.245,70.586,71.127,1240382
2943,2022-01-07 14:30:00,70.689,70.832,70.507,70.705,766182
2944,2022-01-07 14:25:00,70.551,70.744,70.282,70.641,1076132
2945,2022-01-07 14:20:00,70.772,70.793,70.424,70.489,1114488
2946,2022-01-07 14:15:00,70.836,70.945,70.655,70.715,728610
2947,2022-01-07 14:10:00,70.895,71.058,70.743,70.784,578620
2948,2022-01-07 14:05:00,70.929,70.98,70.508,70.852,1181370
2949,2022-01-07 14:00:00,71.047,71.157,70.763,70.882,1114940
2950,2022-01-07 13:55:00,71.013,71.186,70.876,70.99,517958
2951,2022-01-07 13:50:00,71.116,71.147,70.748,70.96,1115816
2952,2022-01-07 13:45:00,71.332,71.353,71.033,71.064,706262
2953,2022-01-07 13:40:00,71.263,71.444,71.062,71.284,685292
2954,2022-01-07 13:35:00,71.401,71.535,71.111,71.196,790478
2955,2022-01-07 13:30:00,71.15,71.456,71.023,71.353,745270
2956,2022-01-07 13:25:00,71.298,71.368,71.016,71.093,912570
2957,2022-01-07 13:20:00,71.588,71.663,71.171,71.238,768602
2958,2022-01-07 13:15:00,71.607,71.786,71.371,71.522,717934
2959,2022-01-07 13:10:00,71.553,71.677,71.362,71.559,656848
2960,2022-01-07 13:05:00,71.484,71.687,71.333,71.51,790856
2961,2022-01-07 13:00:00,71.524,71.663,71.097,71.446,1176594
2962,2022-01-07 12:55:00,71.445,71.579,71.229,71.451,742514
2963,2022-01-07 12:50:00,71.224,71.56,71.126,71.392,691054
2964,2022-01-07 12:45:00,71.141,71.638,70.93,71.162,1217774
2965,2022-01-07 12:40:00,70.969,71.225,70.837,71.073,749932
2966,2022-01-07 12:35:00,71.15,71.176,70.68,70.919,874230
2967,2022-01-07 12:30:00,71.239,71.27,70.915,71.093,890922
2968,2022-01-07 12:25:00,71.175,71.358,71.008,71.196,1284188
2969,2022-01-07 12:20:00,71.317,71.343,70.9,71.127,1041404
2970,2022-01-07 12:15:00,71.588,71.761,71.209,71.27,914752
2971,2022-01-07 12:10:00,71.524,71.82,71.313,71.535,916754
2972,2022-01-07 12:05:00,71.376,71.677,71.17,71.471,823362
2973,2022-01-07 12:00:00,71.602,71.746,71.244,71.319,950718
2974,2022-01-07 11:55:00,71.966,72.012,71.465,71.549,1279852
2975,2022-01-07 11:50:00,71.691,71.997,71.42,71.913,1675252
2976,2022-01-07 11:45:00,71.023,71.736,70.861,71.643,1513028
2977,2022-01-07 11:40:00,71.033,71.334,70.773,70.956,1233224
2978,2022-01-07 11:35:00,71.087,71.338,70.768,70.995,1695762
2979,2022-01-07 11:30:00,71.141,71.225,70.787,71.014,1404990
2980,2022-01-07 11:25:00,70.703,71.23,70.493,71.093,1872668
2981,2022-01-07 11:20:00,70.168,70.798,70.044,70.661,1598500
2982,2022-01-07 11:15:00,70.59,70.778,69.983,70.116,1786320
2983,2022-01-07 11:10:00,70.605,70.798,70.263,70.543,1307692
2984,2022-01-07 11:05:00,70.296,70.879,70.194,70.565,2486468
2985,2022-01-07 11:00:00,70.33,70.744,70.037,70.254,2111702
2986,2022-01-07 10:55:00,70.089,70.562,69.792,70.273,2776476
2987,2022-01-07 10:50:00,70.306,70.444,69.669,70.033,4342906
2988,2022-01-07 10:45:00,70.807,70.857,70.209,70.239,2641498
2989,2022-01-07 10:40:00,71.16,71.51,70.67,70.754,2873550
2990,2022-01-07 10:35:00,71.784,71.908,71.082,71.113,3137574
2991,2022-01-07 10:30:00,71.794,72.11,71.489,71.729,2141674
2992,2022-01-07 10:25:00,71.769,72.208,71.592,71.741,2140756
2993,2022-01-07 10:20:00,72.103,72.188,71.631,71.706,2011194
2994,2022-01-07 10:15:00,72.59,72.611,71.955,72.05,1545020
2995,2022-01-07 10:10:00,72.373,72.837,72.142,72.531,1607132
2996,2022-01-07 10:05:00,73.012,73.068,72.264,72.315,1789082
2997,2022-01-07 10:00:00,73.66,73.751,72.922,72.948,1734962
2998,2022-01-07 09:55:00,73.7,74.159,73.51,73.601,1864406
2999,2022-01-07 09:50:00,73.474,73.864,73.246,73.628,2383522
3000,2022-01-07 09:45:00,73.773,74.129,73.285,73.414,4280590
3001,2022-01-07 09:40:00,72.771,73.947,72.372,73.71,4846022
3002,2022-01-07 09:35:00,72.467,72.871,71.931,72.718,3731048
3003,2022-01-07 09:30:00,73.135,73.441,72.299,72.403,2496336
3004,2022-01-07 09:25:00,72.924,73.205,72.696,73.091,75652
3005,2022-01-07 09:20:00,72.987,73.107,72.76,72.826,87464
3006,2022-01-07 09:15:00,72.909,73.171,72.735,72.913,144466
3007,2022-01-07 09:10:00,72.59,72.896,72.323,72.821,75492
3008,2022-01-07 09:05:00,72.511,72.665,72.348,72.506,64064
3009,2022-01-07 09:00:00,72.152,72.562,71.999,72.374,126380
3010,2022-01-07 08:55:00,71.853,72.223,71.651,71.981,96212
3011,2022-01-07 08:50:00,72.285,72.306,71.602,71.76,170728
3012,2022-01-07 08:45:00,71.764,72.405,71.671,72.271,227054
3013,2022-01-07 08:40:00,71.573,71.85,71.278,71.702,297816
3014,2022-01-07 08:35:00,72.938,72.96,71.455,71.481,399140
3015,2022-01-07 08:30:00,73.37,74.109,72.676,72.811,392678
3016,2022-01-07 08:25:00,73.262,73.392,73.064,73.13,67288
3017,2022-01-07 08:20:00,73.262,73.309,73.054,73.159,45156
3018,2022-01-07 08:15:00,73.37,73.466,73.147,73.199,31222
3019,2022-01-07 08:10:00,73.449,73.51,73.201,73.262,15354
3020,2022-01-07 08:05:00,73.439,73.598,73.309,73.419,29662
3021,2022-01-07 08:00:00,73.98,74.095,72.515,73.37,96972
3022,2022-01-07 07:55:00,73.577,73.598,73.201,73.326,9746
3023,2022-01-07 07:50:00,73.611,73.638,73.52,73.547,2714
3024,2022-01-07 07:45:00,73.493,73.648,73.393,73.532,22086
3025,2022-01-07 07:40:00,73.508,73.633,73.344,73.508,49812
3026,2022-01-07 07:35:00,73.636,73.657,73.368,73.488,54308
3027,2022-01-07 07:30:00,73.729,73.775,73.56,73.586,15574
3028,2022-01-07 07:25:00,73.675,73.731,73.481,73.655,5544
3029,2022-01-07 07:20:00,73.773,73.795,73.594,73.621,15196
3030,2022-01-07 07:15:00,73.773,73.849,73.687,73.768,20424
3031,2022-01-07 07:10:00,73.783,73.844,73.653,73.719,20476
3032,2022-01-07 07:05:00,74.019,74.139,73.741,73.778,27162
3033,2022-01-07 07:00:00,73.655,74.031,73.569,73.93,25108
3034,2022-01-07 06:55:00,73.871,73.972,73.579,73.606,5850
3035,2022-01-07 06:50:00,73.911,73.933,73.736,73.792,2280
3036,2022-01-07 06:45:00,73.98,74.001,73.854,73.886,1032
3037,2022-01-07 06:40:00,73.822,73.952,73.741,73.876,1468
3038,2022-01-07 06:35:00,74.048,74.07,73.79,73.861,3430
3039,2022-01-07 06:30:00,73.98,74.021,73.795,73.94,6710
3040,2022-01-07 06:25:00,73.911,74.016,73.824,73.886,11882
3041,2022-01-07 06:20:00,73.906,73.972,73.766,73.856,15582
3042,2022-01-07 06:15:00,73.768,73.903,73.687,73.743,3006
3043,2022-01-07 06:10:00,73.719,73.78,73.52,73.557,22362
3044,2022-01-07 06:05:00,73.606,73.721,73.525,73.645,1428
3045,2022-01-07 06:00:00,73.611,73.633,73.442,73.468,4578
3046,2022-01-07 05:55:00,73.773,73.795,73.594,73.621,1368
3047,2022-01-07 05:50:00,73.758,73.879,73.677,73.802,4348
3048,2022-01-07 05:45:00,73.832,73.854,73.643,73.67,4448
3049,2022-01-07 05:40:00,73.749,73.859,73.667,73.783,3108
3050,2022-01-07 05:35:00,73.832,73.888,73.658,73.684,2698
3051,2022-01-07 05:30:00,73.714,73.893,73.633,73.792,4102
3052,2022-01-07 05:25:00,73.621,73.785,73.54,73.709,7886
3053,2022-01-07 05:20:00,73.533,73.594,73.427,73.518,2178
3054,2022-01-07 05:15:00,73.528,73.549,73.285,73.395,3560
3055,2022-01-07 05:10:00,73.429,73.618,73.304,73.464,12306
3056,2022-01-07 05:05:00,73.184,73.461,73.103,73.385,4450
3057,2022-01-07 05:00:00,73.095,73.117,72.858,72.973,47770
3058,2022-01-07 04:55:00,73.218,73.255,73.005,73.032,11438
3059,2022-01-07 04:50:00,73.361,73.382,73.177,73.203,1928
3060,2022-01-07 04:45:00,73.366,73.451,73.285,73.37,1886
3061,2022-01-07 04:40:00,73.405,73.451,73.275,73.311,6374
3062,2022-01-07 04:35:00,73.302,73.451,73.133,73.199,6176
3063,2022-01-07 04:30:00,73.11,73.309,73.03,73.233,5538
3064,2022-01-07 04:25:00,72.938,73.255,72.848,73.056,11336
3065,2022-01-07 04:20:00,72.766,72.876,72.681,72.801,29392
3066,2022-01-07 04:15:00,72.786,72.807,72.51,72.664,4398
3067,2022-01-07 04:10:00,72.535,72.817,72.421,72.698,10776
3068,2022-01-07 04:05:00,72.251,72.434,72.117,72.359,13818
3069,2022-01-07 04:00:00,73.154,73.677,72.029,72.232,41446
3070,2022-01-06 19:55:00,74.353,74.429,74.232,74.327,39602
3071,2022-01-06 19:50:00,74.318,74.394,74.217,74.308,24780
3072,2022-01-06 19:45:00,74.318,74.355,74.217,74.278,14636
3073,2022-01-06 19:40:00,74.353,74.375,74.236,74.264,20354
3074,2022-01-06 19:35:00,74.333,74.36,74.212,74.283,15984
3075,2022-01-06 19:30:00,74.259,74.355,74.168,74.278,10840
3076,2022-01-06 19:25:00,74.166,74.291,74.07,74.19,9518
3077,2022-01-06 19:20:00,74.205,74.227,74.05,74.111,7254
3078,2022-01-06 19:15:00,74.22,74.272,74.094,74.151,10270
3079,2022-01-06 19:10:00,74.132,74.252,73.986,74.165,16310
3080,2022-01-06 19:05:00,74.097,74.164,74.011,74.077,6498
3081,2022-01-06 19:00:00,74.004,74.178,73.913,74.043,40514
3082,2022-01-06 18:55:00,73.97,74.025,73.888,73.935,23936
3083,2022-01-06 18:50:00,73.901,74.006,73.82,73.93,8040
3084,2022-01-06 18:45:00,73.935,73.962,73.785,73.812,10408
3085,2022-01-06 18:40:00,73.945,73.982,73.815,73.856,8180
3086,2022-01-06 18:35:00,73.901,73.987,73.82,73.91,6656
3087,2022-01-06 18:30:00,73.921,73.942,73.761,73.837,3764
3088,2022-01-06 18:25:00,73.901,73.923,73.771,73.837,10104
3089,2022-01-06 18:20:00,73.906,73.947,73.771,73.797,13134
3090,2022-01-06 18:15:00,73.798,73.893,73.702,73.817,12472
3091,2022-01-06 18:10:00,73.871,73.918,73.761,73.787,4492
3092,2022-01-06 18:05:00,73.773,73.869,73.687,73.738,17274
3093,2022-01-06 18:00:00,73.719,73.903,73.638,73.772,42324
3094,2022-01-06 17:55:00,73.675,73.741,73.564,73.591,1870
3095,2022-01-06 17:50:00,73.675,73.756,73.584,73.621,19558
3096,2022-01-06 17:45:00,73.606,73.741,73.496,73.621,6174
3097,2022-01-06 17:40:00,73.734,73.756,73.486,73.552,8138
3098,2022-01-06 17:35:00,73.719,73.746,73.594,73.621,3600
3099,2022-01-06 17:30:00,73.65,73.697,73.564,73.601,8868
3100,2022-01-06 17:25:00,73.636,73.672,73.52,73.596,6702
3101,2022-01-06 17:20:00,73.67,73.697,73.569,73.621,7196
3102,2022-01-06 17:15:00,73.675,73.746,73.555,73.596,7532
3103,2022-01-06 17:10:00,73.65,73.8,73.569,73.635,12460
3104,2022-01-06 17:05:00,73.675,73.697,73.555,73.581,4910
3105,2022-01-06 17:00:00,73.675,73.756,73.569,73.621,8836
3106,2022-01-06 16:55:00,73.616,73.667,73.506,73.591,3968
3107,2022-01-06 16:50:00,73.537,73.677,73.442,73.586,19722
3108,2022-01-06 16:45:00,73.587,73.613,73.461,73.493,35520
3109,2022-01-06 16:40:00,73.405,73.608,73.324,73.532,10856
3110,2022-01-06 16:35:00,73.434,73.564,73.3,73.326,21364
3111,2022-01-06 16:30:00,73.552,73.594,73.349,73.38,19258
3112,2022-01-06 16:25:00,73.587,73.613,73.461,73.513,39702
3113,2022-01-06 16:20:00,73.488,73.564,73.388,73.478,32470
3114,2022-01-06 16:15:00,73.493,73.544,73.378,73.439,59052
3115,2022-01-06 16:10:00,73.434,73.623,73.3,73.473,52874
3116,2022-01-06 16:05:00,73.287,73.535,73.152,73.39,99220
3117,2022-01-06 16:00:00,73.154,73.333,73.049,73.257,232692
3118,2022-01-06 15:55:00,72.963,73.279,72.524,73.105,2799952
3119,2022-01-06 15:50:00,73.105,73.309,72.779,72.919,1971982
3120,2022-01-06 15:45:00,73.154,73.309,72.897,73.056,1242370
3121,2022-01-06 15:40:00,73.176,73.353,72.799,73.091,1537652
3122,2022-01-06 15:35:00,73.4,73.485,72.927,73.12,2087744
3123,2022-01-06 15:30:00,73.793,73.992,73.265,73.346,1618380
3124,2022-01-06 15:25:00,73.572,73.849,73.422,73.734,1118098
3125,2022-01-06 15:20:00,73.862,74.016,73.407,73.518,1224878
3126,2022-01-06 15:15:00,74.127,74.232,73.672,73.792,1438600
3127,2022-01-06 15:10:00,74.314,74.463,74.001,74.068,865962
3128,2022-01-06 15:05:00,74.557,74.679,74.188,74.268,983998
3129,2022-01-06 15:00:00,73.98,74.596,73.888,74.504,1189356
3130,2022-01-06 14:55:00,74.063,74.227,73.844,73.935,845024
3131,2022-01-06 14:50:00,74.068,74.149,73.771,74.008,764390
3132,2022-01-06 14:45:00,73.754,74.222,73.638,74.018,1190648
3133,2022-01-06 14:40:00,73.832,73.97,73.56,73.699,700862
3134,2022-01-06 14:35:00,73.749,73.974,73.525,73.787,724010
3135,2022-01-06 14:30:00,73.714,73.953,73.53,73.694,856062
3136,2022-01-06 14:25:00,73.68,73.834,73.545,73.665,646602
3137,2022-01-06 14:20:00,73.709,73.849,73.403,73.64,892954
3138,2022-01-06 14:15:00,73.704,73.942,73.545,73.655,873660
3139,2022-01-06 14:10:00,73.96,74.493,73.594,73.66,1378178
3140,2022-01-06 14:05:00,73.636,74.065,73.417,73.915,841728
3141,2022-01-06 14:00:00,74.029,74.144,73.52,73.575,992416
3142,2022-01-06 13:55:00,74.043,74.129,73.761,73.994,635850
3143,2022-01-06 13:50:00,73.916,74.168,73.682,73.984,767674
3144,2022-01-06 13:45:00,73.768,74.129,73.56,73.866,842862
3145,2022-01-06 13:40:00,73.601,73.874,73.353,73.734,695286
3146,2022-01-06 13:35:00,73.474,73.79,73.285,73.552,1037230
3147,2022-01-06 13:30:00,73.39,73.589,73.221,73.424,1020274
3148,2022-01-06 13:25:00,73.488,73.623,73.265,73.341,912924
3149,2022-01-06 13:20:00,73.994,74.085,73.358,73.444,708640
3150,2022-01-06 13:15:00,74.186,74.218,73.609,73.945,938876
3151,2022-01-06 13:10:00,74.107,74.286,73.952,74.116,682352
3152,2022-01-06 13:05:00,74.127,74.198,73.829,74.057,547514
3153,2022-01-06 13:00:00,74.053,74.222,73.717,74.082,952060
3154,2022-01-06 12:55:00,74.186,74.316,73.918,73.979,715526
3155,2022-01-06 12:50:00,74.579,74.63,74.06,74.124,941278
3156,2022-01-06 12:45:00,74.829,74.95,74.443,74.529,955466
3157,2022-01-06 12:40:00,74.23,74.856,74.099,74.754,1066352
3158,2022-01-06 12:35:00,74.083,74.419,73.849,74.192,1069898
3159,2022-01-06 12:30:00,74.117,74.267,73.731,74.043,916416
3160,2022-01-06 12:25:00,73.817,74.252,73.648,74.072,981778
3161,2022-01-06 12:20:00,73.852,74.178,73.54,73.768,1016776
3162,2022-01-06 12:15:00,74.029,74.168,73.658,73.797,687136
3163,2022-01-06 12:10:00,74.328,74.365,73.883,73.964,610860
3164,2022-01-06 12:05:00,73.955,74.419,73.697,74.283,867944
3165,2022-01-06 12:00:00,74.215,74.301,73.864,73.908,957404
3166,2022-01-06 11:55:00,74.355,74.463,74.031,74.161,993248
3167,2022-01-06 11:50:00,73.999,74.448,73.726,74.308,1204324
3168,2022-01-06 11:45:00,73.822,74.164,73.437,73.979,1594434
3169,2022-01-06 11:40:00,73.768,74.05,73.285,73.763,1317360
3170,2022-01-06 11:35:00,73.518,74.09,73.285,73.719,1748376
3171,2022-01-06 11:30:00,73.989,74.242,73.236,73.483,1878294
3172,2022-01-06 11:25:00,74.358,74.385,73.545,73.93,1575140
3173,2022-01-06 11:20:00,74.412,74.448,73.952,74.308,1549150
3174,2022-01-06 11:15:00,74.579,75.077,74.281,74.344,2351440
3175,2022-01-06 11:10:00,74.343,74.842,74.183,74.526,1612476
3176,2022-01-06 11:05:00,74.063,74.544,73.78,74.298,2006682
3177,2022-01-06 11:00:00,74.309,74.727,73.874,73.989,2092978
3178,2022-01-06 10:55:00,73.901,74.753,73.741,74.259,2661112
3179,2022-01-06 10:50:00,74.318,74.34,73.569,73.837,1846594
3180,2022-01-06 10:45:00,73.488,74.39,73.206,74.264,2747034
3181,2022-01-06 10:40:00,73.886,74.006,73.143,73.429,2343640
3182,2022-01-06 10:35:00,73.891,74.173,73.476,73.822,2763742
3183,2022-01-06 10:30:00,73.086,74.193,72.976,73.832,4065040
3184,2022-01-06 10:25:00,72.761,73.667,72.647,73.041,3335600
3185,2022-01-06 10:20:00,72.118,72.862,71.798,72.708,3208924
3186,2022-01-06 10:15:00,71.646,72.866,71.563,72.065,3704544
3187,2022-01-06 10:10:00,71.298,71.795,70.856,71.608,3577916
3188,2022-01-06 10:05:00,71.515,71.874,71.141,71.255,3184856
3189,2022-01-06 10:00:00,72.599,73.029,71.362,71.466,3665372
3190,2022-01-06 09:55:00,72.884,73.294,72.308,72.551,2295916
3191,2022-01-06 09:50:00,73.336,73.716,72.735,72.83,3453596
3192,2022-01-06 09:45:00,74.259,74.365,73.128,73.282,4024160
3193,2022-01-06 09:40:00,73.975,74.458,73.614,74.205,3573492
3194,2022-01-06 09:35:00,73.641,74.35,73.496,73.92,3438314
3195,2022-01-06 09:30:00,72.216,73.716,71.896,73.596,3828578
3196,2022-01-06 09:25:00,72.757,72.778,72.029,72.158,365716
3197,2022-01-06 09:20:00,72.59,72.803,72.475,72.718,93906
3198,2022-01-06 09:15:00,72.54,72.611,72.343,72.536,89646
3199,2022-01-06 09:10:00,72.3,72.542,72.176,72.467,41654
3200,2022-01-06 09:05:00,72.388,72.572,72.225,72.261,41330
3201,2022-01-06 09:00:00,72.26,72.38,72.088,72.3,55206
3202,2022-01-06 08:55:00,72.201,72.336,72.107,72.232,59280
3203,2022-01-06 08:50:00,72.147,72.297,71.999,72.202,46228
3204,2022-01-06 08:45:00,72.398,72.444,72.063,72.104,61754
3205,2022-01-06 08:40:00,72.251,72.419,72.073,72.305,30304
3206,2022-01-06 08:35:00,72.3,72.434,72.147,72.291,51578
3207,2022-01-06 08:30:00,72.481,72.636,72.137,72.217,68682
3208,2022-01-06 08:25:00,72.408,72.498,72.294,72.394,38366
3209,2022-01-06 08:20:00,72.589,72.665,72.284,72.373,58990
3210,2022-01-06 08:15:00,72.432,72.631,72.323,72.546,41368
3211,2022-01-06 08:10:00,72.177,72.454,72.097,72.369,55402
3212,2022-01-06 08:05:00,72.034,72.213,71.901,72.119,26168
3213,2022-01-06 08:00:00,72.054,72.684,71.759,72.011,139550
3214,2022-01-06 07:55:00,72.089,72.223,71.906,72.035,48254
3215,2022-01-06 07:50:00,71.917,72.139,71.828,72.021,26452
3216,2022-01-06 07:45:00,71.907,71.958,71.764,71.854,30896
3217,2022-01-06 07:40:00,72.226,72.282,71.857,71.888,55950
3218,2022-01-06 07:35:00,72.025,72.306,71.94,72.197,18652
3219,2022-01-06 07:30:00,72.084,72.247,71.965,71.991,30720
3220,2022-01-06 07:25:00,72.26,72.282,71.955,72.011,42576
3221,2022-01-06 07:20:00,72.457,72.478,72.107,72.183,48246
3222,2022-01-06 07:15:00,72.644,72.675,72.392,72.433,20406
3223,2022-01-06 07:10:00,72.594,72.69,72.495,72.575,11376
3224,2022-01-06 07:05:00,72.545,72.675,72.441,72.541,7994
3225,2022-01-06 07:00:00,72.27,72.591,72.161,72.457,36604
3226,2022-01-06 06:55:00,72.388,72.41,72.22,72.246,2004
3227,2022-01-06 06:50:00,72.152,72.4,72.073,72.325,2192
3228,2022-01-06 06:45:00,72.305,72.41,72.024,72.089,18482
3229,2022-01-06 06:40:00,72.349,72.562,72.23,72.408,2826
3230,2022-01-06 06:35:00,72.526,72.547,72.313,72.34,1766
3231,2022-01-06 06:30:00,72.364,72.621,72.274,72.546,6464
3232,2022-01-06 06:25:00,72.305,72.478,72.22,72.335,15604
3233,2022-01-06 06:20:00,72.59,72.611,72.279,72.305,7354
3234,2022-01-06 06:15:00,72.648,72.68,72.436,72.541,3738
3235,2022-01-06 06:10:00,72.693,72.763,72.515,72.59,3898
3236,2022-01-06 06:05:00,73.027,73.048,72.676,72.703,8128
3237,2022-01-06 06:00:00,72.688,72.96,72.608,72.884,2504
3238,2022-01-06 05:55:00,72.761,72.812,72.598,72.624,8364
3239,2022-01-06 05:50:00,72.953,73.019,72.667,72.693,6272
3240,2022-01-06 05:45:00,72.86,72.96,72.735,72.85,5470
3241,2022-01-06 05:40:00,73.257,73.279,72.721,72.772,6226
3242,2022-01-06 05:35:00,73.169,73.245,73.089,73.12,3958
3243,2022-01-06 05:30:00,73.091,73.23,73.01,73.105,4850
3244,2022-01-06 05:25:00,73.179,73.23,72.99,73.037,7844
3245,2022-01-06 05:20:00,72.997,73.25,72.868,73.174,4450
3246,2022-01-06 05:15:00,73.125,73.156,72.897,72.933,3948
3247,2022-01-06 05:10:00,73.1,73.205,73.005,73.13,3158
3248,2022-01-06 05:05:00,72.938,73.146,72.843,73.071,13386
3249,2022-01-06 05:00:00,72.86,72.911,72.779,72.821,928
3250,2022-01-06 04:55:00,72.545,72.847,72.367,72.772,3374
3251,2022-01-06 04:50:00,72.644,72.827,72.549,72.644,26676
3252,2022-01-06 04:45:00,72.732,72.788,72.465,72.531,30422
3253,2022-01-06 04:40:00,72.752,72.773,72.465,72.492,3000
3254,2022-01-06 04:35:00,72.575,72.788,72.465,72.654,8278
3255,2022-01-06 04:30:00,72.815,72.837,72.465,72.516,10180
3256,2022-01-06 04:25:00,72.958,72.979,72.784,72.84,6534
3257,2022-01-06 04:20:00,72.938,73.009,72.76,72.86,9094
3258,2022-01-06 04:15:00,72.663,73.053,72.583,72.899,19038
3259,2022-01-06 04:10:00,72.634,72.729,72.5,72.644,53704
3260,2022-01-06 04:05:00,72.58,72.714,72.372,72.57,37936
3261,2022-01-06 04:00:00,73.636,74.35,72.48,72.511,58616
3262,2022-01-05 19:55:00,73.552,73.574,73.398,73.459,18830
3263,2022-01-05 19:50:00,73.429,73.603,73.334,73.503,23818
3264,2022-01-05 19:45:00,73.257,73.427,73.089,73.341,42688
3265,2022-01-05 19:40:00,73.424,73.456,73.182,73.208,52440
3266,2022-01-05 19:35:00,73.67,73.697,73.344,73.37,34402
3267,2022-01-05 19:30:00,73.65,73.8,73.55,73.616,23420
3268,2022-01-05 19:25:00,73.542,73.697,73.461,73.586,7058
3269,2022-01-05 19:20:00,73.685,73.756,73.471,73.522,26652
3270,2022-01-05 19:15:00,73.7,73.805,73.594,73.645,11062
3271,2022-01-05 19:10:00,73.582,73.716,73.501,73.64,19066
3272,2022-01-05 19:05:00,73.616,73.643,73.417,73.498,17856
3273,2022-01-05 19:00:00,73.552,73.697,73.471,73.567,26050
3274,2022-01-05 18:55:00,73.4,73.618,73.319,73.508,20818
3275,2022-01-05 18:50:00,73.356,73.431,73.275,73.356,14602
3276,2022-01-05 18:45:00,73.405,73.427,73.206,73.287,10300
3277,2022-01-05 18:40:00,73.395,73.461,73.216,73.356,28342
3278,2022-01-05 18:35:00,73.479,73.5,73.172,73.341,30324
3279,2022-01-05 18:30:00,73.351,73.525,73.246,73.4,31856
3280,2022-01-05 18:25:00,73.169,73.348,73.069,73.228,53014
3281,2022-01-05 18:20:00,72.919,73.176,72.809,73.1,49244
3282,2022-01-05 18:15:00,72.865,72.96,72.74,72.845,33338
3283,2022-01-05 18:10:00,72.742,72.847,72.608,72.737,27570
3284,2022-01-05 18:05:00,72.987,73.024,72.534,72.668,117216
3285,2022-01-05 18:00:00,73.248,73.299,72.902,72.929,38700
3286,2022-01-05 17:55:00,73.331,73.353,73.177,73.277,5810
3287,2022-01-05 17:50:00,73.238,73.353,73.157,73.228,46020
3288,2022-01-05 17:45:00,73.218,73.343,73.133,73.267,17930
3289,2022-01-05 17:40:00,73.145,73.255,73.064,73.169,11948
3290,2022-01-05 17:35:00,73.179,73.205,73.064,73.13,9086
3291,2022-01-05 17:30:00,73.115,73.205,73.03,73.125,3420
3292,2022-01-05 17:25:00,73.203,73.23,73.01,73.056,22724
3293,2022-01-05 17:20:00,73.194,73.23,73.103,73.145,24316
3294,2022-01-05 17:15:00,73.184,73.23,73.103,73.154,12592
3295,2022-01-05 17:10:00,73.135,73.255,73.044,73.13,16716
3296,2022-01-05 17:05:00,73.091,73.156,72.976,73.081,12872
3297,2022-01-05 17:00:00,73.13,73.156,73.01,73.037,19610
3298,2022-01-05 16:55:00,73.213,73.235,73.035,73.076,65838
3299,2022-01-05 16:50:00,73.189,73.284,73.108,73.149,19496
3300,2022-01-05 16:45:00,73.272,73.358,73.108,73.145,20696
3301,2022-01-05 16:40:00,73.366,73.417,73.184,73.218,36672
3302,2022-01-05 16:35:00,73.454,73.476,73.3,73.326,40868
3303,2022-01-05 16:30:00,73.469,73.525,73.349,73.385,36096
3304,2022-01-05 16:25:00,73.528,73.549,73.349,73.41,27558
3305,2022-01-05 16:20:00,73.596,73.628,73.422,73.464,38438
3306,2022-01-05 16:15:00,73.636,73.657,73.432,73.542,82634
3307,2022-01-05 16:10:00,73.449,73.677,73.27,73.562,111340
3308,2022-01-05 16:05:00,73.287,73.554,73.206,73.38,185924
3309,2022-01-05 16:00:00,73.253,73.451,73.069,73.272,469404
3310,2022-01-05 15:55:00,73.975,74.09,73.104,73.233,3500438
3311,2022-01-05 15:50:00,74.147,74.493,73.839,73.915,2788838
3312,2022-01-05 15:45:00,74.5,74.571,74.055,74.092,2161230
3313,2022-01-05 15:40:00,74.716,74.989,74.369,74.43,1308964
3314,2022-01-05 15:35:00,74.535,75.023,74.212,74.686,1815964
3315,2022-01-05 15:30:00,74.294,74.616,74.021,74.476,1489812
3316,2022-01-05 15:25:00,74.505,74.733,74.124,74.224,1758178
3317,2022-01-05 15:20:00,74.417,74.645,73.972,74.445,1779716
3318,2022-01-05 15:15:00,74.883,74.905,74.227,74.381,1247974
3319,2022-01-05 15:10:00,74.387,74.979,74.173,74.833,2019748
3320,2022-01-05 15:05:00,74.598,74.773,73.918,74.313,2610450
3321,2022-01-05 15:00:00,75.257,75.298,74.487,74.534,2049346
3322,2022-01-05 14:55:00,75.595,75.618,75.11,75.196,1077126
3323,2022-01-05 14:50:00,75.512,75.716,75.252,75.549,1663734
3324,2022-01-05 14:45:00,75.158,75.559,74.874,75.481,2028984
3325,2022-01-05 14:40:00,75.699,75.731,75.031,75.1,1691914
3326,2022-01-05 14:35:00,75.871,76.178,75.488,75.653,1717360
3327,2022-01-05 14:30:00,76.317,76.704,75.748,75.814,1966368
3328,2022-01-05 14:25:00,76.322,76.689,76.032,76.281,1920866
3329,2022-01-05 14:20:00,76.411,76.64,76.047,76.28,1542052
3330,2022-01-05 14:15:00,76.499,76.866,76.263,76.339,1513790
3331,2022-01-05 14:10:00,77.157,77.195,76.175,76.443,2349086
3332,2022-01-05 14:05:00,77.29,77.73,76.724,77.081,3986278
3333,2022-01-05 14:00:00,77.712,78.674,77.161,77.219,3256054
3334,2022-01-05 13:55:00,77.707,77.848,77.504,77.67,463024
3335,2022-01-05 13:50:00,77.56,77.819,77.47,77.655,619392
3336,2022-01-05 13:45:00,77.766,77.902,77.455,77.513,499012
3337,2022-01-05 13:40:00,77.811,77.961,77.627,77.714,436132
3338,2022-01-05 13:35:00,77.928,78.01,77.607,77.753,655422
3339,2022-01-05 13:30:00,77.864,78.079,77.686,77.871,747764
3340,2022-01-05 13:25:00,77.836,78.001,77.681,77.797,588306
3341,2022-01-05 13:20:00,77.57,77.927,77.465,77.763,737918
3342,2022-01-05 13:15:00,77.467,77.708,77.377,77.5,742978
3343,2022-01-05 13:10:00,77.329,77.5,77.053,77.415,799286
3344,2022-01-05 13:05:00,77.491,77.554,77.151,77.255,927608
3345,2022-01-05 13:00:00,77.511,77.642,77.313,77.432,597610
3346,2022-01-05 12:55:00,77.737,77.78,77.362,77.459,745130
3347,2022-01-05 12:50:00,77.703,77.789,77.46,77.684,550828
3348,2022-01-05 12:45:00,77.707,77.802,77.475,77.64,621356
3349,2022-01-05 12:40:00,77.781,77.974,77.494,77.645,991946
3350,2022-01-05 12:35:00,78.285,78.354,77.671,77.719,1545912
3351,2022-01-05 12:30:00,78.675,78.723,78.063,78.224,1159752
3352,2022-01-05 12:25:00,78.776,78.875,78.554,78.632,538840
3353,2022-01-05 12:20:00,78.719,78.929,78.53,78.715,1163622
3354,2022-01-05 12:15:00,78.651,78.914,78.461,78.666,867650
3355,2022-01-05 12:10:00,78.543,78.718,78.407,78.592,546772
3356,2022-01-05 12:05:00,78.896,79.003,78.373,78.484,739132
3357,2022-01-05 12:00:00,78.724,78.973,78.441,78.843,700752
3358,2022-01-05 11:55:00,78.632,78.88,78.545,78.671,480730
3359,2022-01-05 11:50:00,78.66,78.841,78.515,78.583,482622
3360,2022-01-05 11:45:00,78.675,78.776,78.417,78.602,1041882
3361,2022-01-05 11:40:00,79.029,79.14,78.51,78.597,982688
3362,2022-01-05 11:35:00,78.896,79.096,78.721,78.968,643792
3363,2022-01-05 11:30:00,79.279,79.406,78.716,78.833,976780
3364,2022-01-05 11:25:00,78.935,79.317,78.839,79.218,740298
3365,2022-01-05 11:20:00,78.94,79.131,78.765,78.877,644682
3366,2022-01-05 11:15:00,79.039,79.327,78.819,78.887,1033392
3367,2022-01-05 11:10:00,78.98,79.072,78.642,78.99,976870
3368,2022-01-05 11:05:00,79.097,79.249,78.79,78.909,841172
3369,2022-01-05 11:00:00,79.309,79.548,78.996,79.04,985302
3370,2022-01-05 10:55:00,78.994,79.386,78.893,79.258,1090648
3371,2022-01-05 10:50:00,78.867,79.086,78.559,78.936,980754
3372,2022-01-05 10:45:00,78.867,78.983,78.5,78.808,1363866
3373,2022-01-05 10:40:00,78.788,79.116,78.615,78.823,1135842
3374,2022-01-05 10:35:00,78.955,79.165,78.515,78.735,1156406
3375,2022-01-05 10:30:00,79.672,79.705,78.785,78.867,1626692
3376,2022-01-05 10:25:00,79.476,80.054,79.369,79.613,1450180
3377,2022-01-05 10:20:00,79.284,79.647,79.182,79.407,1333812
3378,2022-01-05 10:15:00,79.476,79.617,78.986,79.228,1241754
3379,2022-01-05 10:10:00,79.648,79.828,79.266,79.417,1429060
3380,2022-01-05 10:05:00,79.775,80.045,79.506,79.589,1375610
3381,2022-01-05 10:00:00,79.908,80.438,79.486,79.716,2585602
3382,2022-01-05 09:55:00,79.741,80.0,79.393,79.854,2139840
3383,2022-01-05 09:50:00,79.294,80.103,78.971,79.697,2611124
3384,2022-01-05 09:45:00,79.407,79.622,78.878,79.265,2359126
3385,2022-01-05 09:40:00,79.053,79.833,78.947,79.314,2387996
3386,2022-01-05 09:35:00,78.449,79.337,78.171,78.995,2881932
3387,2022-01-05 09:30:00,79.756,79.951,78.343,78.381,3398576
3388,2022-01-05 09:25:00,79.854,79.877,79.584,79.643,27074
3389,2022-01-05 09:20:00,79.874,79.927,79.653,79.78,14124
3390,2022-01-05 09:15:00,79.839,79.927,79.732,79.805,26888
3391,2022-01-05 09:10:00,79.594,79.882,79.506,79.795,33790
3392,2022-01-05 09:05:00,79.648,79.691,79.457,79.51,24952
3393,2022-01-05 09:00:00,80.036,80.084,79.555,79.584,81818
3394,2022-01-05 08:55:00,79.967,80.158,79.859,79.996,72254
3395,2022-01-05 08:50:00,79.746,80.005,79.658,79.923,21202
3396,2022-01-05 08:45:00,79.913,79.941,79.594,79.687,17648
3397,2022-01-05 08:40:00,79.854,79.932,79.727,79.815,10068
3398,2022-01-05 08:35:00,79.937,80.02,79.737,79.8,20832
3399,2022-01-05 08:30:00,79.829,79.986,79.687,79.864,25512
3400,2022-01-05 08:25:00,79.761,79.912,79.673,79.756,7836
3401,2022-01-05 08:20:00,79.805,79.828,79.55,79.672,17186
3402,2022-01-05 08:15:00,79.633,79.927,79.383,79.805,22892
3403,2022-01-05 08:10:00,79.835,79.858,79.555,79.584,45486
3404,2022-01-05 08:05:00,79.894,79.985,79.786,79.815,9460
3405,2022-01-05 08:00:00,80.05,80.133,79.383,79.844,112442
3406,2022-01-05 07:55:00,79.692,79.882,79.604,79.8,6924
3407,2022-01-05 07:50:00,79.692,79.725,79.54,79.643,20508
3408,2022-01-05 07:45:00,79.893,79.917,79.589,79.618,15768
3409,2022-01-05 07:40:00,79.957,79.981,79.786,79.824,11630
3410,2022-01-05 07:35:00,80.021,80.074,79.864,79.893,6560
3411,2022-01-05 07:30:00,80.05,80.118,79.947,79.986,12558
3412,2022-01-05 07:25:00,79.893,80.094,79.776,80.011,12818
3413,2022-01-05 07:20:00,80.055,80.084,79.795,79.824,12856
3414,2022-01-05 07:15:00,80.099,80.133,79.957,79.996,15536
3415,2022-01-05 07:10:00,80.05,80.133,79.938,80.05,13336
3416,2022-01-05 07:05:00,79.962,80.099,79.786,80.016,36536
3417,2022-01-05 07:00:00,79.967,80.084,79.874,79.942,25116
3418,2022-01-05 06:55:00,79.972,79.995,79.884,79.913,250
3419,2022-01-05 06:50:00,79.918,79.966,79.81,79.883,1800
3420,2022-01-05 06:45:00,79.874,79.956,79.771,79.873,2798
3421,2022-01-05 06:40:00,79.785,79.873,79.697,79.751,2380
3422,2022-01-05 06:35:00,79.751,79.818,79.658,79.736,2250
3423,2022-01-05 06:30:00,79.839,79.863,79.692,79.721,1218
3424,2022-01-05 06:25:00,79.859,79.887,79.712,79.77,7552
3425,2022-01-05 06:20:00,79.991,80.015,79.869,79.898,964
3426,2022-01-05 06:15:00,80.016,80.04,79.908,79.937,1070
3427,2022-01-05 06:10:00,79.893,80.025,79.8,79.942,2660
3428,2022-01-05 06:05:00,80.041,80.064,79.756,79.849,6154
3429,2022-01-05 05:55:00,80.178,80.202,80.036,80.065,1564
3430,2022-01-05 05:50:00,80.183,80.207,79.972,80.001,1662
3431,2022-01-05 05:45:00,80.095,80.118,80.006,80.035,268
3432,2022-01-05 05:40:00,80.173,80.197,79.997,80.026,708
3433,2022-01-05 05:35:00,80.306,80.329,80.08,80.158,3138
3434,2022-01-05 05:30:00,80.522,80.575,80.315,80.345,8762
3435,2022-01-05 05:25:00,80.335,80.442,80.232,80.359,8036
3436,2022-01-05 05:20:00,80.345,80.369,80.227,80.256,3014
3437,2022-01-05 05:15:00,80.34,80.364,80.247,80.281,1156
3438,2022-01-05 05:10:00,80.438,80.462,80.217,80.246,2466
3439,2022-01-05 05:05:00,80.37,80.506,80.281,80.394,10680
3440,2022-01-05 05:00:00,80.306,80.374,80.217,80.291,2800
3441,2022-01-05 04:55:00,80.208,80.285,80.114,80.202,1222
3442,2022-01-05 04:50:00,80.193,80.216,80.104,80.134,400
3443,2022-01-05 04:45:00,80.134,80.162,79.972,80.05,2660
3444,2022-01-05 04:40:00,80.095,80.138,80.006,80.055,640
3445,2022-01-05 04:35:00,80.163,80.197,80.046,80.085,2586
3446,2022-01-05 04:30:00,80.158,80.216,80.07,80.129,8082
3447,2022-01-05 04:25:00,80.237,80.261,80.07,80.099,6314
3448,2022-01-05 04:20:00,80.291,80.315,80.1,80.188,1586
3449,2022-01-05 04:15:00,80.139,80.329,80.051,80.148,11462
3450,2022-01-05 04:10:00,80.06,80.187,79.903,80.104,2816
3451,2022-01-05 04:05:00,80.158,80.275,80.051,80.08,3952
3452,2022-01-05 04:00:00,80.05,80.143,79.869,80.001,17442
3453,2022-01-04 19:55:00,80.134,80.197,80.041,80.114,28700
3454,2022-01-04 19:50:00,80.119,80.182,79.987,80.085,9146
3455,2022-01-04 19:45:00,80.129,80.153,79.997,80.045,5410
3456,2022-01-04 19:40:00,80.095,80.143,80.001,80.06,11328
3457,2022-01-04 19:35:00,80.149,80.187,79.972,80.045,16068
3458,2022-01-04 19:30:00,80.139,80.172,79.967,80.075,37212
3459,2022-01-04 19:25:00,80.158,80.182,80.055,80.085,4110
3460,2022-01-04 19:20:00,80.06,80.197,79.962,80.104,28936
3461,2022-01-04 19:15:00,80.144,80.182,79.992,80.021,6446
3462,2022-01-04 19:10:00,80.099,80.158,79.982,80.07,9730
3463,2022-01-04 19:05:00,80.129,80.187,79.957,80.026,21220
3464,2022-01-04 19:00:00,80.158,80.28,80.016,80.07,20184
3465,2022-01-04 18:55:00,80.188,80.231,80.046,80.129,9102
3466,2022-01-04 18:50:00,80.134,80.212,80.046,80.124,5692
3467,2022-01-04 18:45:00,80.183,80.231,80.046,80.075,29094
3468,2022-01-04 18:40:00,80.281,80.305,80.085,80.124,13070
3469,2022-01-04 18:35:00,80.286,80.31,80.149,80.222,5994
3470,2022-01-04 18:30:00,80.335,80.359,80.129,80.207,11268
3471,2022-01-04 18:25:00,80.271,80.438,80.168,80.271,11194
3472,2022-01-04 18:20:00,80.404,80.428,80.168,80.202,32842
3473,2022-01-04 18:15:00,80.576,80.6,80.315,80.345,20514
3474,2022-01-04 18:10:00,80.581,80.619,80.472,80.526,8752
3475,2022-01-04 18:05:00,80.645,80.698,80.468,80.512,5440
3476,2022-01-04 18:00:00,80.551,80.723,80.463,80.605,90306
3477,2022-01-04 17:55:00,80.546,80.575,80.438,80.492,8440
3478,2022-01-04 17:50:00,80.527,80.57,80.438,80.487,3210
3479,2022-01-04 17:45:00,80.537,80.57,80.438,80.487,5748
3480,2022-01-04 17:40:00,80.576,80.6,80.463,80.492,2348
3481,2022-01-04 17:35:00,80.542,80.6,80.453,80.512,3886
3482,2022-01-04 17:30:00,80.551,80.6,80.453,80.482,3232
3483,2022-01-04 17:25:00,80.596,80.634,80.448,80.482,3098
3484,2022-01-04 17:20:00,80.586,80.619,80.463,80.536,4330
3485,2022-01-04 17:15:00,80.635,80.668,80.497,80.526,5260
3486,2022-01-04 17:05:00,80.586,80.659,80.497,80.551,6130
3487,2022-01-04 17:00:00,80.6,80.624,80.497,80.526,2676
3488,2022-01-04 16:55:00,80.546,80.605,80.453,80.522,6330
3489,2022-01-04 16:50:00,80.581,80.614,80.438,80.477,6526
3490,2022-01-04 16:45:00,80.551,80.619,80.438,80.536,12524
3491,2022-01-04 16:40:00,80.537,80.61,80.448,80.512,18262
3492,2022-01-04 16:35:00,80.527,80.6,80.438,80.472,2720
3493,2022-01-04 16:30:00,80.561,80.614,80.418,80.448,12876
3494,2022-01-04 16:25:00,80.625,80.649,80.463,80.492,9336
3495,2022-01-04 16:20:00,80.64,80.693,80.531,80.566,19606
3496,2022-01-04 16:15:00,80.487,80.59,80.389,80.497,17414
3497,2022-01-04 16:10:00,80.63,80.668,80.389,80.418,35470
3498,2022-01-04 16:05:00,80.645,80.728,80.517,80.615,29032
3499,2022-01-04 16:00:00,80.782,80.821,80.502,80.595,178698
3500,2022-01-04 15:55:00,81.042,81.194,80.654,80.727,1710830
3501,2022-01-04 15:50:00,81.347,81.617,80.914,80.993,2037054
3502,2022-01-04 15:45:00,81.097,81.405,80.909,81.282,1353826
3503,2022-01-04 15:40:00,81.023,81.203,80.786,81.032,1120544
3504,2022-01-04 15:35:00,80.92,81.125,80.688,80.961,1021860
3505,2022-01-04 15:30:00,81.013,81.12,80.639,80.865,1173200
3506,2022-01-04 15:25:00,80.84,81.047,80.649,80.943,795536
3507,2022-01-04 15:20:00,80.708,81.042,80.606,80.781,1123006
3508,2022-01-04 15:15:00,80.6,80.742,80.374,80.654,818464
3509,2022-01-04 15:10:00,80.37,80.678,80.271,80.541,1102622
3510,2022-01-04 15:05:00,80.355,80.438,80.188,80.315,660348
3511,2022-01-04 15:00:00,80.058,80.388,79.952,80.296,734650
3512,2022-01-04 14:55:00,80.065,80.133,79.844,80.006,477886
3513,2022-01-04 14:50:00,79.962,80.148,79.835,80.001,720942
3514,2022-01-04 14:45:00,79.947,80.084,79.683,79.898,695178
3515,2022-01-04 14:40:00,79.603,79.986,79.506,79.881,658648
3516,2022-01-04 14:35:00,79.687,79.745,79.437,79.54,469760
3517,2022-01-04 14:30:00,79.255,79.873,79.148,79.618,1162262
3518,2022-01-04 14:25:00,79.181,79.406,79.074,79.201,610022
3519,2022-01-04 14:20:00,79.397,79.493,79.064,79.127,513020
3520,2022-01-04 14:15:00,79.309,79.47,79.118,79.348,893134
3521,2022-01-04 14:10:00,78.935,79.342,78.799,79.25,798120
3522,2022-01-04 14:05:00,79.142,79.263,78.834,78.892,652616
3523,2022-01-04 14:00:00,78.857,79.19,78.726,79.088,900988
3524,2022-01-04 13:55:00,79.132,79.18,78.691,78.799,1393670
3525,2022-01-04 13:50:00,79.333,79.386,78.932,79.069,1198102
3526,2022-01-04 13:45:00,79.407,79.569,79.231,79.294,470308
3527,2022-01-04 13:40:00,79.427,79.578,79.216,79.368,632348
3528,2022-01-04 13:35:00,79.225,79.602,79.049,79.383,1025306
3529,2022-01-04 13:30:00,79.638,79.696,78.991,79.172,1423994
3530,2022-01-04 13:25:00,79.569,79.912,79.398,79.569,765612
3531,2022-01-04 13:20:00,79.456,79.622,79.295,79.515,484700
3532,2022-01-04 13:15:00,79.657,79.764,79.364,79.402,402766
3533,2022-01-04 13:10:00,79.78,79.863,79.526,79.608,394518
3534,2022-01-04 13:05:00,79.608,80.035,79.506,79.736,696192
3535,2022-01-04 13:00:00,79.422,79.75,79.202,79.554,799634
3536,2022-01-04 12:55:00,79.559,79.686,79.221,79.363,670636
3537,2022-01-04 12:50:00,79.716,79.833,79.423,79.505,620694
3538,2022-01-04 12:45:00,79.702,80.01,79.501,79.662,678052
3539,2022-01-04 12:40:00,79.77,79.842,79.516,79.618,381432
3540,2022-01-04 12:35:00,79.795,79.971,79.648,79.716,423992
3541,2022-01-04 12:30:00,79.844,79.956,79.56,79.736,642330
3542,2022-01-04 12:25:00,79.864,80.01,79.722,79.79,528478
3543,2022-01-04 12:20:00,79.972,80.163,79.737,79.815,493726
3544,2022-01-04 12:15:00,79.908,80.191,79.786,79.917,751432
3545,2022-01-04 12:10:00,79.549,79.985,79.427,79.858,752162
3546,2022-01-04 12:05:00,79.559,79.72,79.285,79.486,779006
3547,2022-01-04 12:00:00,79.756,79.981,79.393,79.462,850318
3548,2022-01-04 11:55:00,80.114,80.212,79.604,79.702,909684
3549,2022-01-04 11:50:00,80.325,80.349,79.852,80.074,1029088
3550,2022-01-04 11:45:00,80.163,80.477,80.051,80.251,1079660
3551,2022-01-04 11:40:00,80.133,80.212,79.761,80.118,1074104
3552,2022-01-04 11:35:00,79.864,80.177,79.702,80.075,1237350
3553,2022-01-04 11:30:00,79.598,79.936,79.388,79.8,1250632
3554,2022-01-04 11:25:00,79.471,79.637,79.099,79.55,1417914
3555,2022-01-04 11:20:00,79.775,79.868,79.113,79.392,1550526
3556,2022-01-04 11:15:00,79.746,79.833,79.236,79.716,1441936
3557,2022-01-04 11:10:00,79.618,79.868,79.275,79.702,1703358
3558,2022-01-04 11:05:00,79.535,79.794,79.378,79.55,1947822
3559,2022-01-04 11:00:00,80.09,80.143,79.03,79.476,3209554
3560,2022-01-04 10:55:00,80.6,80.649,79.938,80.026,2369182
3561,2022-01-04 10:50:00,81.18,81.229,80.507,80.541,1633470
3562,2022-01-04 10:45:00,81.013,81.371,80.845,81.115,1651752
3563,2022-01-04 10:40:00,81.342,81.597,80.772,80.943,1730740
3564,2022-01-04 10:35:00,82.148,82.226,81.179,81.285,2556414
3565,2022-01-04 10:30:00,82.796,82.85,81.925,82.087,1715252
3566,2022-01-04 10:25:00,82.536,82.855,82.185,82.73,1167834
3567,2022-01-04 10:20:00,82.324,82.648,82.18,82.475,1245924
3568,2022-01-04 10:15:00,82.55,82.702,82.111,82.245,1978948
3569,2022-01-04 10:10:00,82.997,83.051,82.352,82.489,1594818
3570,2022-01-04 10:05:00,82.938,83.061,82.729,82.926,1152540
3571,2022-01-04 10:00:00,83.655,83.724,82.68,82.887,2376554
3572,2022-01-04 09:55:00,83.729,83.823,83.417,83.594,1053888
3573,2022-01-04 09:50:00,83.847,83.887,83.303,83.658,1886400
3574,2022-01-04 09:45:00,84.107,84.309,83.73,83.785,1595256
3575,2022-01-04 09:40:00,84.112,84.289,83.657,84.045,1640472
3576,2022-01-04 09:35:00,84.019,84.318,83.74,84.055,1662274
3577,2022-01-04 09:30:00,84.397,84.452,83.681,84.011,1983890
3578,2022-01-04 09:25:00,84.525,84.569,84.216,84.32,226428
3579,2022-01-04 09:20:00,84.476,84.584,84.383,84.492,8554
3580,2022-01-04 09:15:00,84.51,84.569,84.348,84.394,36848
3581,2022-01-04 09:10:00,84.486,84.628,84.393,84.458,23820
3582,2022-01-04 09:05:00,84.461,84.545,84.353,84.443,32798
3583,2022-01-04 09:00:00,84.594,84.682,84.314,84.345,20756
3584,2022-01-04 08:55:00,84.594,84.668,84.486,84.556,53942
3585,2022-01-04 08:50:00,84.382,84.653,84.29,84.561,31210
3586,2022-01-04 08:45:00,84.53,84.555,84.26,84.291,32608
3587,2022-01-04 08:40:00,84.481,84.589,84.373,84.487,71368
3588,2022-01-04 08:35:00,84.456,84.506,84.236,84.418,48152
3589,2022-01-04 08:30:00,84.633,84.697,84.363,84.394,65466
3590,2022-01-04 08:25:00,84.702,84.761,84.466,84.619,34334
3591,2022-01-04 08:20:00,84.574,84.766,84.481,84.639,20852
3592,2022-01-04 08:15:00,84.554,84.643,84.427,84.556,12832
3593,2022-01-04 08:10:00,84.486,84.569,84.388,84.482,14734
3594,2022-01-04 08:05:00,84.446,84.555,84.339,84.453,13246
3595,2022-01-04 08:00:00,84.848,84.898,84.118,84.379,109506
3596,2022-01-04 07:55:00,84.319,84.55,84.226,84.442,16852
3597,2022-01-04 07:50:00,84.353,84.378,84.172,84.256,11230
3598,2022-01-04 07:45:00,84.412,84.437,84.216,84.261,4640
3599,2022-01-04 07:40:00,84.289,84.456,84.167,84.32,26862
3600,2022-01-04 07:35:00,84.407,84.432,84.191,84.222,7434
3601,2022-01-04 07:30:00,84.211,84.407,84.098,84.32,18998
3602,2022-01-04 07:25:00,84.481,84.506,84.054,84.143,29394
3603,2022-01-04 07:20:00,84.731,84.756,84.402,84.433,10672
3604,2022-01-04 07:15:00,84.746,84.805,84.569,84.624,29566
3605,2022-01-04 07:10:00,84.834,84.884,84.667,84.698,20904
3606,2022-01-04 07:05:00,84.829,84.874,84.682,84.777,11936
3607,2022-01-04 07:00:00,84.82,84.908,84.672,84.762,15508
3608,2022-01-04 06:55:00,84.844,84.869,84.721,84.752,3114
3609,2022-01-04 06:50:00,85.011,85.036,84.839,84.87,790
3610,2022-01-04 06:45:00,84.987,85.017,84.868,84.929,7654
3611,2022-01-04 06:40:00,84.933,84.958,84.839,84.87,330
3612,2022-01-04 06:35:00,84.903,84.997,84.79,84.909,3114
3613,2022-01-04 06:30:00,84.972,84.997,84.849,84.88,3024
3614,2022-01-04 06:25:00,85.031,85.056,84.849,84.889,6866
3615,2022-01-04 06:20:00,85.119,85.243,85.011,85.042,2664
3616,2022-01-04 06:15:00,85.139,85.164,85.025,85.056,482
3617,2022-01-04 06:10:00,85.119,85.179,85.025,85.091,2300
3618,2022-01-04 06:05:00,85.109,85.193,85.001,85.105,2758
3619,2022-01-04 06:00:00,84.869,85.189,84.775,85.022,6866
3620,2022-01-04 05:55:00,84.923,84.948,84.829,84.86,208
3621,2022-01-04 05:50:00,84.859,84.884,84.765,84.796,400
3622,2022-01-04 05:45:00,84.962,84.987,84.868,84.899,374
3623,2022-01-04 05:40:00,84.918,84.953,84.81,84.865,1140
3624,2022-01-04 05:35:00,84.967,84.992,84.805,84.865,2202
3625,2022-01-04 05:30:00,84.982,85.007,84.829,84.904,1326
3626,2022-01-04 05:25:00,84.898,84.997,84.8,84.885,8402
3627,2022-01-04 05:20:00,84.815,84.967,84.682,84.88,5766
3628,2022-01-04 05:15:00,84.716,84.786,84.623,84.698,800
3629,2022-01-04 05:10:00,84.702,84.8,84.608,84.688,9238
3630,2022-01-04 05:05:00,84.648,84.702,84.535,84.615,1432
3631,2022-01-04 05:00:00,84.574,84.678,84.476,84.59,6846
3632,2022-01-04 04:55:00,84.466,84.589,84.368,84.502,5224
3633,2022-01-04 04:50:00,84.451,84.52,84.358,84.418,7326
3634,2022-01-04 04:45:00,84.451,84.506,84.358,84.418,8726
3635,2022-01-04 04:40:00,84.343,84.481,84.25,84.394,2576
3636,2022-01-04 04:35:00,84.284,84.373,84.191,84.286,1802
3637,2022-01-04 04:30:00,84.378,84.402,84.28,84.31,1236
3638,2022-01-04 04:25:00,84.343,84.368,84.24,84.271,2304
3639,2022-01-04 04:20:00,84.363,84.388,84.216,84.271,2674
3640,2022-01-04 04:15:00,84.299,84.363,84.201,84.276,4566
3641,2022-01-04 04:10:00,84.225,84.324,84.133,84.237,1402
3642,2022-01-04 04:05:00,84.161,84.24,84.069,84.143,10192
3643,2022-01-04 04:00:00,84.102,84.211,83.99,84.07,6728
3644,2022-01-03 19:55:00,84.161,84.221,84.039,84.094,10790
3645,2022-01-03 19:50:00,84.112,84.206,84.01,84.119,13320
3646,2022-01-03 19:45:00,84.063,84.132,83.971,84.045,4042
3647,2022-01-03 19:40:00,83.994,84.113,83.872,83.967,19410
3648,2022-01-03 19:35:00,84.029,84.059,83.912,83.942,2694
3649,2022-01-03 19:30:00,84.039,84.073,83.936,83.967,2516
3650,2022-01-03 19:25:00,84.053,84.078,83.922,83.952,2400
3651,2022-01-03 19:20:00,84.039,84.063,83.902,83.932,3300
3652,2022-01-03 19:15:00,84.004,84.029,83.897,83.928,1100
3653,2022-01-03 19:10:00,83.999,84.059,83.907,83.972,400
3654,2022-01-03 19:05:00,84.014,84.054,83.882,83.967,11564
3655,2022-01-03 19:00:00,83.975,84.083,83.814,83.996,33338
3656,2022-01-03 18:55:00,84.058,84.083,83.897,83.928,7538
3657,2022-01-03 18:50:00,84.098,84.122,83.931,84.001,29714
3658,2022-01-03 18:45:00,84.176,84.201,83.995,84.026,4412
3659,2022-01-03 18:40:00,84.112,84.211,84.02,84.094,6140
3660,2022-01-03 18:35:00,84.211,84.235,84.039,84.094,8246
3661,2022-01-03 18:30:00,84.284,84.309,84.079,84.139,8470
3662,2022-01-03 18:25:00,84.284,84.329,84.172,84.242,6258
3663,2022-01-03 18:20:00,84.328,84.378,84.236,84.291,3000
3664,2022-01-03 18:15:00,84.387,84.417,84.221,84.266,21770
3665,2022-01-03 18:10:00,84.333,84.407,84.24,84.32,14684
3666,2022-01-03 18:05:00,84.269,84.319,84.177,84.232,2500
3667,2022-01-03 18:00:00,84.289,84.334,84.167,84.197,12776
3668,2022-01-03 17:55:00,84.255,84.28,84.162,84.193,200
3669,2022-01-03 17:50:00,84.225,84.25,84.133,84.163,1328
3670,2022-01-03 17:45:00,84.225,84.25,84.133,84.163,726
3671,2022-01-03 17:40:00,84.215,84.26,84.123,84.173,1002
3672,2022-01-03 17:35:00,84.284,84.309,84.093,84.207,4032
3673,2022-01-03 17:30:00,84.284,84.319,84.177,84.232,4300
3674,2022-01-03 17:25:00,84.26,84.285,84.167,84.197,600
3675,2022-01-03 17:20:00,84.284,84.334,84.191,84.247,586
3676,2022-01-03 17:15:00,84.274,84.309,84.093,84.222,5310
3677,2022-01-03 17:10:00,84.181,84.299,84.069,84.124,5886
3678,2022-01-03 17:05:00,84.161,84.211,84.069,84.124,1726
3679,2022-01-03 17:00:00,84.186,84.211,84.069,84.099,1386
3680,2022-01-03 16:55:00,84.147,84.192,84.049,84.105,4578
3681,2022-01-03 16:50:00,84.142,84.191,84.039,84.089,10914
3682,2022-01-03 16:45:00,84.25,84.275,84.02,84.05,9490
3683,2022-01-03 16:40:00,84.294,84.319,84.133,84.163,6102
3684,2022-01-03 16:35:00,84.245,84.339,84.147,84.227,40926
3685,2022-01-03 16:30:00,84.255,84.294,84.142,84.183,21148
3686,2022-01-03 16:25:00,84.284,84.353,84.152,84.183,15684
3687,2022-01-03 16:20:00,84.279,84.388,84.186,84.232,31906
3688,2022-01-03 16:15:00,84.201,84.289,84.108,84.202,17668
3689,2022-01-03 16:10:00,84.235,84.275,84.064,84.094,43538
3690,2022-01-03 16:05:00,84.211,84.285,84.069,84.173,61232
3691,2022-01-03 16:00:00,84.098,84.23,83.887,84.143,232590
3692,2022-01-03 15:55:00,84.009,84.122,83.696,84.035,1415834
3693,2022-01-03 15:50:00,83.985,84.063,83.593,83.947,1293358
3694,2022-01-03 15:45:00,83.695,84.035,83.485,83.918,894514
3695,2022-01-03 15:40:00,84.019,84.073,83.406,83.628,1050332
3696,2022-01-03 15:35:00,84.122,84.181,83.858,83.972,574324
3697,2022-01-03 15:30:00,83.95,84.157,83.814,84.067,535564
3698,2022-01-03 15:25:00,83.879,84.078,83.787,83.894,502908
3699,2022-01-03 15:20:00,84.058,84.127,83.76,83.834,486808
3700,2022-01-03 15:15:00,84.122,84.196,83.873,84.011,336364
3701,2022-01-03 15:10:00,84.004,84.181,83.887,84.065,473210
3702,2022-01-03 15:05:00,83.994,84.078,83.789,83.952,466112
3703,2022-01-03 15:00:00,83.852,84.029,83.696,83.923,501420
3704,2022-01-03 14:55:00,84.039,84.073,83.73,83.78,353032
3705,2022-01-03 14:50:00,84.127,84.176,83.882,83.986,326286
3706,2022-01-03 14:45:00,84.083,84.23,83.951,84.065,399014
3707,2022-01-03 14:40:00,83.773,84.172,83.662,84.021,880504
3708,2022-01-03 14:35:00,83.587,83.803,83.446,83.712,404674
3709,2022-01-03 14:30:00,83.695,83.759,83.451,83.516,347876
3710,2022-01-03 14:25:00,83.626,83.744,83.509,83.619,214832
3711,2022-01-03 14:20:00,83.739,83.783,83.505,83.555,201278
3712,2022-01-03 14:15:00,83.655,83.827,83.502,83.677,434970
3713,2022-01-03 14:10:00,83.683,83.739,83.519,83.594,206664
3714,2022-01-03 14:05:00,83.56,83.768,83.392,83.618,457360
3715,2022-01-03 14:00:00,83.631,83.759,83.426,83.491,353604
3716,2022-01-03 13:55:00,83.66,83.759,83.446,83.557,421662
3717,2022-01-03 13:50:00,83.604,83.71,83.48,83.594,331502
3718,2022-01-03 13:45:00,83.655,83.705,83.397,83.54,466498
3719,2022-01-03 13:40:00,83.282,83.695,83.161,83.582,800060
3720,2022-01-03 13:35:00,83.184,83.341,83.073,83.225,255596
3721,2022-01-03 13:30:00,83.199,83.302,83.03,83.113,240382
3722,2022-01-03 13:25:00,83.199,83.302,83.043,83.123,286078
3723,2022-01-03 13:20:00,83.135,83.277,83.034,83.137,263746
3724,2022-01-03 13:15:00,83.11,83.222,82.994,83.069,227978
3725,2022-01-03 13:10:00,82.902,83.282,82.71,83.039,622650
3726,2022-01-03 13:05:00,83.002,83.046,82.773,82.833,207382
3727,2022-01-03 13:00:00,83.056,83.118,82.793,82.941,379862
3728,2022-01-03 12:55:00,82.978,83.12,82.847,82.973,243660
3729,2022-01-03 12:50:00,83.14,83.218,82.832,82.902,378948
3730,2022-01-03 12:45:00,82.978,83.169,82.886,83.074,495000
3731,2022-01-03 12:40:00,82.938,83.002,82.724,82.916,230602
3732,2022-01-03 12:35:00,82.914,82.978,82.751,82.877,205934
3733,2022-01-03 12:30:00,82.968,83.017,82.7,82.85,240954
3734,2022-01-03 12:25:00,83.042,83.066,82.759,82.902,272076
3735,2022-01-03 12:20:00,82.757,83.086,82.616,82.975,485562
3736,2022-01-03 12:15:00,82.708,82.811,82.553,82.701,334476
3737,2022-01-03 12:10:00,82.629,82.757,82.322,82.642,463484
3738,2022-01-03 12:05:00,82.604,82.722,82.337,82.568,414718
3739,2022-01-03 12:00:00,82.599,82.683,82.253,82.539,538364
3740,2022-01-03 11:55:00,82.757,82.85,82.42,82.543,573402
3741,2022-01-03 11:50:00,83.032,83.061,82.553,82.696,757792
3742,2022-01-03 11:45:00,82.796,83.233,82.621,82.969,865698
3743,2022-01-03 11:40:00,82.364,82.899,82.273,82.757,968258
3744,2022-01-03 11:35:00,82.865,82.963,82.253,82.293,1209886
3745,2022-01-03 11:30:00,82.914,82.968,82.616,82.819,628392
3746,2022-01-03 11:25:00,82.801,83.017,82.567,82.838,681108
3747,2022-01-03 11:20:00,82.694,82.938,82.445,82.75,811226
3748,2022-01-03 11:15:00,82.737,82.835,82.494,82.627,695892
3749,2022-01-03 11:10:00,83.056,83.12,82.518,82.661,974138
3750,2022-01-03 11:05:00,83.076,83.376,82.808,83.0,835238
3751,2022-01-03 11:00:00,83.267,83.405,82.852,83.02,758508
3752,2022-01-03 10:55:00,83.204,83.326,82.906,83.201,736424
3753,2022-01-03 10:50:00,83.103,83.228,82.877,83.123,854428
3754,2022-01-03 10:45:00,82.862,83.371,82.705,83.051,1154362
3755,2022-01-03 10:40:00,82.673,83.098,82.44,82.789,1022120
3756,2022-01-03 10:35:00,82.867,83.032,82.489,82.602,992164
3757,2022-01-03 10:30:00,83.002,83.046,82.469,82.808,957896
3758,2022-01-03 10:25:00,82.541,83.135,82.332,82.931,2006916
3759,2022-01-03 10:20:00,82.565,82.589,81.881,82.48,1190032
3760,2022-01-03 10:15:00,82.545,82.825,82.283,82.509,1477478
3761,2022-01-03 10:10:00,82.094,82.634,81.773,82.475,1629212
3762,2022-01-03 10:05:00,82.202,82.354,81.714,82.038,1430476
3763,2022-01-03 10:00:00,81.48,82.359,81.218,82.112,2028008
3764,2022-01-03 09:55:00,81.362,81.862,81.012,81.4,2154032
3765,2022-01-03 09:50:00,81.932,82.024,81.086,81.331,3496828
3766,2022-01-03 09:45:00,83.351,83.484,81.586,81.861,2647226
3767,2022-01-03 09:40:00,83.675,83.818,83.048,83.285,1509886
3768,2022-01-03 09:35:00,83.287,83.975,82.994,83.604,2515448
3769,2022-01-03 09:30:00,82.432,83.449,82.302,83.221,2663718
3770,2022-01-03 09:25:00,82.59,82.648,82.268,82.371,80512
3771,2022-01-03 09:20:00,82.639,82.673,82.425,82.553,27582
3772,2022-01-03 09:15:00,82.536,82.663,82.278,82.573,83882
3773,2022-01-03 09:10:00,82.555,82.624,82.342,82.48,61726
3774,2022-01-03 09:05:00,82.428,82.599,82.263,82.499,46980
3775,2022-01-03 09:00:00,82.418,82.521,82.175,82.367,92754
3776,2022-01-03 08:55:00,82.938,82.987,82.361,82.406,105142
3777,2022-01-03 08:50:00,83.022,83.105,82.813,82.853,29808
3778,2022-01-03 08:45:00,82.948,83.071,82.857,82.985,28112
3779,2022-01-03 08:40:00,82.968,83.007,82.783,82.912,16054
3780,2022-01-03 08:35:00,82.968,83.059,82.813,82.961,42616
3781,2022-01-03 08:30:00,83.14,83.189,82.877,82.916,42932
3782,2022-01-03 08:25:00,83.209,83.233,83.014,83.083,77600
3783,2022-01-03 08:20:00,83.238,83.268,83.107,83.142,19604
3784,2022-01-03 08:15:00,83.282,83.326,83.122,83.152,24538
3785,2022-01-03 08:10:00,83.243,83.326,83.151,83.206,37274
3786,2022-01-03 08:05:00,83.213,83.253,83.078,83.167,14314
3787,2022-01-03 08:00:00,83.331,83.39,83.014,83.152,138022
3788,2022-01-03 07:55:00,83.14,83.169,83.019,83.064,14674
3789,2022-01-03 07:50:00,83.169,83.218,83.063,83.108,9456
3790,2022-01-03 07:45:00,83.223,83.248,83.014,83.078,20392
3791,2022-01-03 07:40:00,83.233,83.326,83.127,83.157,20052
3792,2022-01-03 07:35:00,83.204,83.253,83.087,83.167,21066
3793,2022-01-03 07:30:00,83.213,83.253,83.058,83.162,19660
3794,2022-01-03 07:25:00,83.194,83.282,83.083,83.142,12400
3795,2022-01-03 07:20:00,83.282,83.326,83.117,83.147,15370
3796,2022-01-03 07:15:00,83.253,83.326,83.156,83.231,3820
3797,2022-01-03 07:10:00,83.204,83.326,83.112,83.24,8706
3798,2022-01-03 07:05:00,83.302,83.336,83.117,83.147,13286
3799,2022-01-03 07:00:00,83.385,83.41,83.191,83.25,50448
3800,2022-01-03 06:55:00,83.385,83.41,83.294,83.324,200
3801,2022-01-03 06:50:00,83.282,83.39,83.191,83.304,1660
3802,2022-01-03 06:45:00,83.302,83.331,83.21,83.245,3240
3803,2022-01-03 06:40:00,83.444,83.469,83.22,83.25,3010
3804,2022-01-03 06:35:00,83.38,83.454,83.269,83.368,2252
3805,2022-01-03 06:30:00,83.395,83.425,83.279,83.309,3602
3806,2022-01-03 06:25:00,83.385,83.41,83.259,83.289,3680
3807,2022-01-03 06:20:00,83.331,83.415,83.24,83.329,1618
3808,2022-01-03 06:15:00,83.282,83.322,83.186,83.216,1372
3809,2022-01-03 06:10:00,83.326,83.371,83.235,83.275,4176
3810,2022-01-03 06:05:00,83.243,83.341,83.151,83.255,1440
3811,2022-01-03 06:00:00,83.096,83.287,83.004,83.181,4532
3812,2022-01-03 05:55:00,83.032,83.105,82.94,83.02,2714
3813,2022-01-03 05:50:00,83.007,83.061,82.916,82.975,4478
3814,2022-01-03 05:45:00,83.046,83.071,82.93,82.97,1800
3815,2022-01-03 05:40:00,83.046,83.071,82.955,82.985,200
3816,2022-01-03 05:35:00,83.071,83.096,82.955,83.01,2248
3817,2022-01-03 05:30:00,83.081,83.105,82.94,82.99,1322
3818,2022-01-03 05:25:00,83.027,83.11,82.921,82.951,1712
3819,2022-01-03 05:20:00,82.983,83.105,82.891,82.966,3400
3820,2022-01-03 05:15:00,82.968,83.032,82.867,82.897,2594
3821,2022-01-03 05:10:00,82.825,82.992,82.734,82.897,3746
3822,2022-01-03 05:05:00,82.806,82.87,82.715,82.774,13074
3823,2022-01-03 05:00:00,82.86,82.899,82.724,82.764,13044
3824,2022-01-03 04:55:00,82.762,82.835,82.67,82.75,8120
3825,2022-01-03 04:50:00,82.762,82.806,82.67,82.72,1094
3826,2022-01-03 04:45:00,82.698,82.722,82.607,82.637,400
3827,2022-01-03 04:40:00,82.624,82.678,82.533,82.593,1836
3828,2022-01-03 04:35:00,82.639,82.663,82.523,82.573,6412
3829,2022-01-03 04:30:00,82.649,82.673,82.558,82.588,1000
3830,2022-01-03 04:25:00,82.668,82.722,82.553,82.583,3794
3831,2022-01-03 04:20:00,82.59,82.668,82.499,82.583,2114
3832,2022-01-03 04:15:00,82.717,82.742,82.474,82.539,4348
3833,2022-01-03 04:10:00,82.614,82.742,82.513,82.656,7178
3834,2022-01-03 04:05:00,82.614,82.639,82.459,82.534,9318
3835,2022-01-03 04:00:00,82.506,82.644,82.415,82.548,27812
