,timestamp,open,high,low,close,volume
0,2022-09-30 19:55:00,19.008,19.063,18.958,19.004,209901
1,2022-09-30 19:50:00,19.008,19.024,18.977,18.994,105955
2,2022-09-30 19:45:00,19.018,19.024,18.982,18.994,101838
3,2022-09-30 19:40:00,19.047,19.053,18.997,19.004,48358
4,2022-09-30 19:35:00,19.038,19.058,19.007,19.033,57703
5,2022-09-30 19:30:00,19.043,19.063,19.017,19.024,62421
6,2022-09-30 19:25:00,19.057,19.068,19.017,19.024,63687
7,2022-09-30 19:20:00,19.067,19.083,19.036,19.053,37626
8,2022-09-30 19:15:00,19.077,19.083,19.036,19.053,88649
9,2022-09-30 19:10:00,19.087,19.112,19.046,19.063,22415
10,2022-09-30 19:05:00,19.106,19.112,19.046,19.082,27453
11,2022-09-30 19:00:00,19.116,19.122,19.076,19.092,68807
12,2022-09-30 18:55:00,19.106,19.132,19.085,19.092,41187
13,2022-09-30 18:50:00,19.126,19.132,19.085,19.092,45196
14,2022-09-30 18:45:00,19.111,19.132,19.085,19.112,31082
15,2022-09-30 18:40:00,19.106,19.122,19.066,19.097,52303
16,2022-09-30 18:35:00,19.116,19.132,19.076,19.082,48009
17,2022-09-30 18:30:00,19.106,19.122,19.066,19.092,34212
18,2022-09-30 18:25:00,19.116,19.122,19.076,19.092,37372
19,2022-09-30 18:20:00,19.116,19.132,19.085,19.092,47200
20,2022-09-30 18:15:00,19.116,19.132,19.085,19.112,37605
21,2022-09-30 18:10:00,19.106,19.132,19.076,19.112,26819
22,2022-09-30 18:05:00,19.067,19.122,19.036,19.092,41576
23,2022-09-30 18:00:00,19.087,19.092,19.046,19.053,26122
24,2022-09-30 17:55:00,19.087,19.092,19.046,19.073,49020
25,2022-09-30 17:50:00,19.067,19.092,19.036,19.073,44124
26,2022-09-30 17:45:00,19.077,19.092,19.046,19.053,23573
27,2022-09-30 17:40:00,19.087,19.102,19.017,19.063,60773
28,2022-09-30 17:35:00,19.087,19.112,19.046,19.063,49249
29,2022-09-30 17:30:00,19.106,19.132,19.066,19.073,80537
30,2022-09-30 17:25:00,19.126,19.132,19.095,19.102,25103
31,2022-09-30 17:20:00,19.117,19.132,19.085,19.111,54806
32,2022-09-30 17:15:00,19.141,19.151,19.095,19.102,43715
33,2022-09-30 17:10:00,19.146,19.151,19.115,19.122,46006
34,2022-09-30 17:05:00,19.117,19.151,19.095,19.122,71314
35,2022-09-30 17:00:00,19.097,19.132,19.076,19.102,44396
36,2022-09-30 16:55:00,19.087,19.112,19.056,19.092,71106
37,2022-09-30 16:50:00,19.067,19.112,19.046,19.063,78749
38,2022-09-30 16:45:00,19.067,19.083,19.026,19.053,80235
39,2022-09-30 16:40:00,19.057,19.083,19.026,19.043,105481
40,2022-09-30 16:35:00,19.116,19.122,19.036,19.043,140469
41,2022-09-30 16:30:00,19.165,19.171,19.007,19.092,255937
42,2022-09-30 16:25:00,19.165,19.181,19.125,19.161,96599
43,2022-09-30 16:20:00,19.165,19.2,19.134,19.151,170378
44,2022-09-30 16:15:00,19.234,19.24,19.125,19.151,511913
45,2022-09-30 16:10:00,19.185,19.24,19.144,19.21,1382036
46,2022-09-30 16:05:00,19.077,19.21,19.036,19.181,512926
47,2022-09-30 16:00:00,18.979,19.142,18.919,19.063,1157735
48,2022-09-30 15:55:00,19.097,19.132,18.919,18.965,7790386
49,2022-09-30 15:50:00,19.381,19.387,19.076,19.092,7823212
50,2022-09-30 15:45:00,19.391,19.466,19.312,19.367,2242701
51,2022-09-30 15:40:00,19.322,19.446,19.282,19.384,2937295
52,2022-09-30 15:35:00,19.386,19.446,19.272,19.302,2398442
53,2022-09-30 15:30:00,19.499,19.613,19.331,19.377,4173195
54,2022-09-30 15:25:00,19.435,19.524,19.282,19.475,3347856
55,2022-09-30 15:20:00,19.435,19.475,19.331,19.426,2109479
56,2022-09-30 15:15:00,19.391,19.505,19.331,19.418,2883584
57,2022-09-30 15:10:00,19.504,19.58,19.35,19.382,2897783
58,2022-09-30 15:05:00,19.583,19.668,19.468,19.495,2519068
59,2022-09-30 15:00:00,19.401,19.682,19.35,19.573,4050339
60,2022-09-30 14:55:00,19.48,19.495,19.35,19.389,2435718
61,2022-09-30 14:50:00,19.499,19.544,19.429,19.465,1713087
62,2022-09-30 14:45:00,19.573,19.584,19.39,19.49,3730430
63,2022-09-30 14:40:00,19.681,19.692,19.488,19.559,2893631
64,2022-09-30 14:35:00,19.795,19.81,19.615,19.667,2018189
65,2022-09-30 14:30:00,19.686,19.81,19.654,19.784,2363924
66,2022-09-30 14:25:00,19.727,19.741,19.586,19.676,1449161
67,2022-09-30 14:20:00,19.731,19.79,19.654,19.716,1441876
68,2022-09-30 14:15:00,19.74,19.839,19.694,19.717,2467651
69,2022-09-30 14:10:00,19.701,19.79,19.674,19.721,2060698
70,2022-09-30 14:05:00,19.632,19.721,19.576,19.681,2071493
71,2022-09-30 14:00:00,19.656,19.711,19.576,19.618,2207613
72,2022-09-30 13:55:00,19.691,19.741,19.635,19.647,1926871
73,2022-09-30 13:50:00,19.621,19.761,19.586,19.681,2850144
74,2022-09-30 13:45:00,19.675,19.687,19.596,19.613,3276818
75,2022-09-30 13:40:00,19.755,19.761,19.645,19.662,2063118
76,2022-09-30 13:35:00,19.915,19.923,19.723,19.745,2790552
77,2022-09-30 13:30:00,20.03,20.065,19.89,19.9,1137214
78,2022-09-30 13:25:00,19.927,20.065,19.88,20.01,1962877
79,2022-09-30 13:20:00,19.917,20.006,19.881,19.917,999556
80,2022-09-30 13:15:00,19.946,20.016,19.87,19.902,1222453
81,2022-09-30 13:10:00,19.991,20.085,19.91,19.936,1201127
82,2022-09-30 13:05:00,19.976,20.065,19.939,19.976,1947180
83,2022-09-30 13:00:00,20.02,20.036,19.88,19.956,2053929
84,2022-09-30 12:55:00,20.064,20.101,19.988,20.005,1888146
85,2022-09-30 12:50:00,20.177,20.213,20.037,20.045,2329973
86,2022-09-30 12:45:00,20.162,20.213,20.116,20.158,1825383
87,2022-09-30 12:40:00,20.162,20.193,20.086,20.152,1892980
88,2022-09-30 12:35:00,20.063,20.193,20.008,20.152,3364532
89,2022-09-30 12:30:00,20.03,20.095,19.968,20.054,1348557
90,2022-09-30 12:25:00,20.006,20.104,19.968,20.01,1830343
91,2022-09-30 12:20:00,20.035,20.055,19.851,19.995,3144605
92,2022-09-30 12:15:00,20.049,20.104,19.998,20.02,2137928
93,2022-09-30 12:10:00,19.971,20.075,19.929,20.035,1373436
94,2022-09-30 12:05:00,20.017,20.075,19.949,19.961,1441619
95,2022-09-30 12:00:00,20.118,20.124,19.919,20.0,2943701
96,2022-09-30 11:55:00,20.099,20.154,20.047,20.108,1778018
97,2022-09-30 11:50:00,20.157,20.173,20.057,20.083,2474565
98,2022-09-30 11:45:00,20.217,20.278,20.125,20.143,3332031
99,2022-09-30 11:40:00,20.421,20.448,20.194,20.203,4005329
100,2022-09-30 11:35:00,20.56,20.572,20.354,20.398,3149372
101,2022-09-30 11:30:00,20.562,20.625,20.498,20.535,1632204
102,2022-09-30 11:25:00,20.624,20.665,20.528,20.552,2536376
103,2022-09-30 11:20:00,20.607,20.665,20.528,20.614,1521643
104,2022-09-30 11:15:00,20.658,20.714,20.557,20.587,2722677
105,2022-09-30 11:10:00,20.645,20.724,20.577,20.637,2958575
106,2022-09-30 11:05:00,20.491,20.665,20.43,20.628,4581887
107,2022-09-30 11:00:00,20.413,20.537,20.263,20.467,3625102
108,2022-09-30 10:55:00,20.344,20.419,20.248,20.398,2164593
109,2022-09-30 10:50:00,20.308,20.429,20.233,20.339,2392939
110,2022-09-30 10:45:00,20.354,20.409,20.175,20.295,2702844
111,2022-09-30 10:40:00,20.413,20.419,20.273,20.344,2570743
112,2022-09-30 10:35:00,20.403,20.502,20.341,20.395,3734722
113,2022-09-30 10:30:00,20.192,20.429,20.125,20.393,4746758
114,2022-09-30 10:25:00,20.138,20.281,20.029,20.172,3294067
115,2022-09-30 10:20:00,20.04,20.156,19.939,20.123,2410644
116,2022-09-30 10:15:00,20.03,20.104,19.836,20.03,3543262
117,2022-09-30 10:10:00,20.049,20.189,19.9,20.024,3172324
118,2022-09-30 10:05:00,20.079,20.109,19.89,20.037,2768060
119,2022-09-30 10:00:00,20.049,20.124,19.87,20.054,3607740
120,2022-09-30 09:55:00,20.094,20.232,20.008,20.03,4763249
121,2022-09-30 09:50:00,19.873,20.154,19.762,20.084,5010996
122,2022-09-30 09:45:00,19.892,20.016,19.674,19.848,4378149
123,2022-09-30 09:40:00,19.696,20.046,19.558,19.873,5561318
124,2022-09-30 09:35:00,20.03,20.075,19.547,19.673,5676488
125,2022-09-30 09:30:00,19.799,20.124,19.704,20.02,5525853
126,2022-09-30 09:25:00,19.833,19.849,19.743,19.77,360334
127,2022-09-30 09:20:00,19.882,19.918,19.772,19.819,316360
128,2022-09-30 09:15:00,19.902,19.918,19.831,19.868,299342
129,2022-09-30 09:10:00,19.882,19.937,19.821,19.878,252347
130,2022-09-30 09:05:00,19.902,19.967,19.831,19.878,475748
131,2022-09-30 09:00:00,20.069,20.193,19.88,19.887,484618
132,2022-09-30 08:55:00,20.049,20.183,20.018,20.064,490336
133,2022-09-30 08:50:00,20.059,20.124,19.959,20.035,496349
134,2022-09-30 08:45:00,20.266,20.301,20.027,20.054,586198
135,2022-09-30 08:40:00,20.04,20.33,19.968,20.252,1015488
136,2022-09-30 08:35:00,19.951,20.114,19.919,20.025,645601
137,2022-09-30 08:30:00,20.364,20.37,19.645,19.946,1978266
138,2022-09-30 08:25:00,20.128,20.409,20.076,20.359,868914
139,2022-09-30 08:20:00,20.157,20.173,20.086,20.103,133609
140,2022-09-30 08:15:00,20.118,20.193,20.048,20.133,111891
141,2022-09-30 08:10:00,20.138,20.222,20.086,20.103,201175
142,2022-09-30 08:05:00,20.157,20.173,20.076,20.113,219442
143,2022-09-30 08:00:00,20.295,20.654,19.821,20.143,1474498
144,2022-09-30 07:55:00,20.04,20.154,20.008,20.113,132108
145,2022-09-30 07:50:00,20.059,20.085,19.978,20.025,154009
146,2022-09-30 07:45:00,20.108,20.124,19.978,20.054,190726
147,2022-09-30 07:40:00,20.148,20.173,20.086,20.103,98782
148,2022-09-30 07:35:00,20.157,20.163,20.076,20.123,41031
149,2022-09-30 07:30:00,20.255,20.261,20.125,20.152,55300
150,2022-09-30 07:25:00,20.197,20.252,20.145,20.231,151936
151,2022-09-30 07:20:00,20.177,20.222,20.135,20.182,132256
152,2022-09-30 07:15:00,20.138,20.193,20.106,20.162,114173
153,2022-09-30 07:10:00,20.128,20.144,20.047,20.123,147086
154,2022-09-30 07:05:00,20.187,20.232,20.106,20.113,174802
155,2022-09-30 07:00:00,20.275,20.311,20.155,20.182,99843
156,2022-09-30 06:55:00,20.295,20.301,20.194,20.251,109291
157,2022-09-30 06:50:00,20.364,20.38,20.224,20.28,140753
158,2022-09-30 06:45:00,20.423,20.439,20.332,20.359,62794
159,2022-09-30 06:40:00,20.462,20.498,20.41,20.417,45607
160,2022-09-30 06:35:00,20.501,20.537,20.439,20.457,40638
161,2022-09-30 06:30:00,20.501,20.517,20.449,20.476,38427
162,2022-09-30 06:25:00,20.462,20.556,20.41,20.506,81383
163,2022-09-30 06:20:00,20.462,20.478,20.381,20.447,62294
164,2022-09-30 06:15:00,20.541,20.556,20.449,20.457,66953
165,2022-09-30 06:10:00,20.482,20.556,20.459,20.525,83928
166,2022-09-30 06:05:00,20.452,20.498,20.41,20.457,37579
167,2022-09-30 06:00:00,20.354,20.458,20.322,20.427,61062
168,2022-09-30 05:55:00,20.354,20.37,20.282,20.339,36875
169,2022-09-30 05:50:00,20.364,20.429,20.322,20.339,53186
170,2022-09-30 05:45:00,20.344,20.419,20.312,20.349,32429
171,2022-09-30 05:40:00,20.354,20.389,20.282,20.368,61235
172,2022-09-30 05:35:00,20.433,20.439,20.302,20.329,49866
173,2022-09-30 05:30:00,20.403,20.468,20.371,20.408,51922
174,2022-09-30 05:25:00,20.413,20.439,20.322,20.388,63691
175,2022-09-30 05:20:00,20.393,20.429,20.322,20.398,95776
176,2022-09-30 05:15:00,20.511,20.517,20.371,20.378,71272
177,2022-09-30 05:10:00,20.521,20.556,20.479,20.496,88366
178,2022-09-30 05:05:00,20.521,20.566,20.469,20.506,85139
179,2022-09-30 05:00:00,20.629,20.635,20.489,20.516,65326
180,2022-09-30 04:55:00,20.619,20.665,20.577,20.604,106595
181,2022-09-30 04:50:00,20.482,20.645,20.459,20.594,312802
182,2022-09-30 04:45:00,20.472,20.527,20.449,20.467,124407
183,2022-09-30 04:40:00,20.462,20.498,20.4,20.467,156848
184,2022-09-30 04:35:00,20.501,20.517,20.4,20.447,235615
185,2022-09-30 04:30:00,20.482,20.547,20.439,20.486,114397
186,2022-09-30 04:25:00,20.56,20.586,20.459,20.467,64996
187,2022-09-30 04:20:00,20.541,20.566,20.459,20.545,89028
188,2022-09-30 04:15:00,20.482,20.576,20.439,20.525,90536
189,2022-09-30 04:10:00,20.442,20.498,20.42,20.467,121555
190,2022-09-30 04:05:00,20.55,20.566,20.41,20.417,282605
191,2022-09-30 04:00:00,20.58,20.615,20.116,20.545,540085
192,2022-09-29 19:55:00,20.226,20.252,20.184,20.192,134290
193,2022-09-29 19:50:00,20.226,20.242,20.184,20.211,79445
194,2022-09-29 19:45:00,20.236,20.252,20.184,20.201,115047
195,2022-09-29 19:40:00,20.187,20.262,20.165,20.221,100353
196,2022-09-29 19:35:00,20.177,20.213,20.135,20.172,63381
197,2022-09-29 19:30:00,20.167,20.232,20.145,20.152,117999
198,2022-09-29 19:25:00,20.128,20.183,20.106,20.153,113176
199,2022-09-29 19:20:00,20.118,20.144,20.076,20.113,33209
200,2022-09-29 19:15:00,20.118,20.154,20.076,20.103,75782
201,2022-09-29 19:10:00,20.148,20.154,20.096,20.103,142448
202,2022-09-29 19:05:00,20.138,20.173,20.106,20.133,87717
203,2022-09-29 19:00:00,20.099,20.144,20.076,20.113,58748
204,2022-09-29 18:55:00,20.099,20.124,20.057,20.084,61329
205,2022-09-29 18:50:00,20.04,20.104,19.998,20.084,80712
206,2022-09-29 18:45:00,20.049,20.065,20.018,20.025,21410
207,2022-09-29 18:40:00,20.02,20.075,19.998,20.035,25085
208,2022-09-29 18:35:00,20.049,20.065,19.998,20.005,60590
209,2022-09-29 18:30:00,20.059,20.095,20.018,20.035,52231
210,2022-09-29 18:25:00,20.079,20.104,20.047,20.054,30084
211,2022-09-29 18:20:00,20.157,20.163,20.057,20.064,80773
212,2022-09-29 18:15:00,20.118,20.183,20.096,20.133,66291
213,2022-09-29 18:10:00,20.138,20.173,20.086,20.094,81001
214,2022-09-29 18:05:00,20.049,20.144,20.027,20.123,97504
215,2022-09-29 18:00:00,19.976,20.075,19.949,20.035,185816
216,2022-09-29 17:55:00,19.99,20.001,19.939,19.956,35201
217,2022-09-29 17:50:00,20.0,20.016,19.968,19.986,35850
218,2022-09-29 17:45:00,20.01,20.016,19.968,19.986,104392
219,2022-09-29 17:40:00,20.0,20.016,19.978,19.995,39423
220,2022-09-29 17:35:00,20.0,20.016,19.978,19.986,47718
221,2022-09-29 17:30:00,20.0,20.016,19.968,19.986,38891
222,2022-09-29 17:25:00,20.0,20.016,19.978,19.986,30128
223,2022-09-29 17:20:00,20.0,20.026,19.968,19.986,70815
224,2022-09-29 17:15:00,19.99,20.016,19.968,19.986,34158
225,2022-09-29 17:10:00,20.0,20.006,19.968,19.976,22045
226,2022-09-29 17:05:00,20.0,20.016,19.968,19.981,40299
227,2022-09-29 17:00:00,20.03,20.036,19.978,19.986,19470
228,2022-09-29 16:55:00,20.03,20.036,19.988,20.015,48869
229,2022-09-29 16:50:00,20.02,20.036,19.978,19.995,36254
230,2022-09-29 16:45:00,19.991,20.026,19.968,20.005,67101
231,2022-09-29 16:40:00,19.99,20.026,19.968,19.986,67439
232,2022-09-29 16:35:00,20.011,20.026,19.968,19.976,117204
233,2022-09-29 16:30:00,20.04,20.055,19.988,19.995,72546
234,2022-09-29 16:25:00,20.049,20.055,20.008,20.025,82333
235,2022-09-29 16:20:00,20.049,20.055,20.008,20.035,74774
236,2022-09-29 16:15:00,20.02,20.066,19.988,20.035,92631
237,2022-09-29 16:10:00,20.02,20.065,19.988,19.995,154226
238,2022-09-29 16:05:00,20.04,20.046,19.949,20.015,403987
239,2022-09-29 16:00:00,20.03,20.163,19.988,20.015,1075512
240,2022-09-29 15:55:00,19.986,20.085,19.884,20.005,4863393
241,2022-09-29 15:50:00,19.932,20.084,19.88,19.971,4389476
242,2022-09-29 15:45:00,19.882,19.987,19.792,19.917,3289213
243,2022-09-29 15:40:00,19.922,19.967,19.743,19.858,3137706
244,2022-09-29 15:35:00,19.843,20.026,19.733,19.907,5525247
245,2022-09-29 15:30:00,19.656,19.888,19.599,19.828,3844577
246,2022-09-29 15:25:00,19.706,19.711,19.556,19.637,2433953
247,2022-09-29 15:20:00,19.743,19.77,19.654,19.691,2010278
248,2022-09-29 15:15:00,19.669,19.79,19.604,19.725,4092807
249,2022-09-29 15:10:00,19.514,19.682,19.448,19.658,3459785
250,2022-09-29 15:05:00,19.504,19.603,19.468,19.505,1777660
251,2022-09-29 15:00:00,19.372,19.574,19.34,19.49,2039819
252,2022-09-29 14:55:00,19.388,19.461,19.34,19.347,1804048
253,2022-09-29 14:50:00,19.49,19.515,19.34,19.373,2046326
254,2022-09-29 14:45:00,19.499,19.574,19.458,19.485,1301527
255,2022-09-29 14:40:00,19.588,19.623,19.468,19.49,1660949
256,2022-09-29 14:35:00,19.435,19.672,19.409,19.573,3020641
257,2022-09-29 14:30:00,19.512,19.574,19.403,19.416,2050736
258,2022-09-29 14:25:00,19.337,19.554,19.311,19.5,2971407
259,2022-09-29 14:20:00,19.283,19.397,19.252,19.328,1999937
260,2022-09-29 14:15:00,19.46,19.476,19.262,19.269,2856147
261,2022-09-29 14:10:00,19.516,19.525,19.429,19.436,1211718
262,2022-09-29 14:05:00,19.401,19.535,19.376,19.495,2508842
263,2022-09-29 14:00:00,19.46,19.466,19.34,19.38,3430866
264,2022-09-29 13:55:00,19.563,19.584,19.429,19.446,3729272
265,2022-09-29 13:50:00,19.676,19.721,19.527,19.553,7597220
266,2022-09-29 13:45:00,19.711,19.751,19.649,19.656,1554371
267,2022-09-29 13:40:00,19.833,19.839,19.674,19.691,1619911
268,2022-09-29 13:35:00,19.828,19.898,19.763,19.818,1609013
269,2022-09-29 13:30:00,19.735,19.849,19.654,19.813,2035503
270,2022-09-29 13:25:00,19.733,19.839,19.678,19.72,1108643
271,2022-09-29 13:20:00,19.774,19.8,19.684,19.711,1320480
272,2022-09-29 13:15:00,19.814,19.869,19.753,19.76,1454863
273,2022-09-29 13:10:00,19.696,19.849,19.664,19.809,2028103
274,2022-09-29 13:05:00,19.74,19.78,19.664,19.686,2036976
275,2022-09-29 13:00:00,19.787,19.81,19.684,19.727,2374614
276,2022-09-29 12:55:00,19.936,19.957,19.743,19.779,2773763
277,2022-09-29 12:50:00,19.932,19.977,19.851,19.922,1208587
278,2022-09-29 12:45:00,19.986,20.016,19.88,19.927,1043365
279,2022-09-29 12:40:00,19.981,19.996,19.851,19.966,1132299
280,2022-09-29 12:35:00,19.981,20.006,19.841,19.956,1388328
281,2022-09-29 12:30:00,19.912,19.991,19.851,19.971,1502689
282,2022-09-29 12:25:00,19.899,19.946,19.841,19.897,1453171
283,2022-09-29 12:20:00,19.927,19.967,19.821,19.878,2839958
284,2022-09-29 12:15:00,20.069,20.104,19.9,19.912,1965701
285,2022-09-29 12:10:00,20.177,20.203,20.027,20.044,2375958
286,2022-09-29 12:05:00,20.226,20.301,20.116,20.162,2126624
287,2022-09-29 12:00:00,20.216,20.247,20.116,20.207,1983685
288,2022-09-29 11:55:00,20.27,20.301,20.175,20.201,2049923
289,2022-09-29 11:50:00,20.158,20.321,20.086,20.255,3729123
290,2022-09-29 11:45:00,20.085,20.173,20.057,20.143,2012668
291,2022-09-29 11:40:00,20.015,20.124,19.91,20.069,1823408
292,2022-09-29 11:35:00,20.02,20.095,19.919,20.0,1470135
293,2022-09-29 11:30:00,19.981,20.08,19.88,20.005,2075507
294,2022-09-29 11:25:00,19.873,20.016,19.831,19.966,1911964
295,2022-09-29 11:20:00,19.976,19.983,19.821,19.858,2214603
296,2022-09-29 11:15:00,19.941,20.005,19.89,19.956,2185776
297,2022-09-29 11:10:00,20.133,20.149,19.88,19.924,3096451
298,2022-09-29 11:05:00,19.946,20.203,19.87,20.118,4385836
299,2022-09-29 11:00:00,19.981,20.085,19.919,19.927,2559085
300,2022-09-29 10:55:00,19.971,20.085,19.928,19.966,3752680
301,2022-09-29 10:50:00,19.843,20.016,19.811,19.951,3594730
302,2022-09-29 10:45:00,19.853,19.957,19.792,19.833,2274587
303,2022-09-29 10:40:00,19.794,19.953,19.762,19.839,3111242
304,2022-09-29 10:35:00,19.72,19.859,19.645,19.784,3415234
305,2022-09-29 10:30:00,19.892,19.898,19.674,19.701,3570997
306,2022-09-29 10:25:00,19.843,19.967,19.802,19.87,2991977
307,2022-09-29 10:20:00,19.75,19.947,19.723,19.838,3883761
308,2022-09-29 10:15:00,19.75,19.839,19.645,19.74,5016501
309,2022-09-29 10:10:00,19.843,19.953,19.704,19.74,4896246
310,2022-09-29 10:05:00,19.951,20.046,19.821,19.828,5519180
311,2022-09-29 10:00:00,20.226,20.281,19.87,19.927,9328742
312,2022-09-29 09:55:00,20.261,20.358,20.16,20.201,4066312
313,2022-09-29 09:50:00,20.187,20.389,20.155,20.243,6013879
314,2022-09-29 09:45:00,20.256,20.301,20.116,20.173,6674250
315,2022-09-29 09:40:00,20.629,20.674,20.224,20.233,6664056
316,2022-09-29 09:35:00,20.855,20.861,20.577,20.62,6274723
317,2022-09-29 09:30:00,20.929,21.018,20.783,20.84,6621718
318,2022-09-29 09:25:00,20.978,20.984,20.891,20.918,278069
319,2022-09-29 09:20:00,21.091,21.107,20.96,20.977,347476
320,2022-09-29 09:15:00,20.924,21.107,20.901,21.075,520400
321,2022-09-29 09:10:00,20.953,20.969,20.861,20.908,469255
322,2022-09-29 09:05:00,20.806,20.969,20.783,20.938,450205
323,2022-09-29 09:00:00,20.845,20.881,20.753,20.79,546378
324,2022-09-29 08:55:00,20.875,20.95,20.783,20.83,455029
325,2022-09-29 08:50:00,20.855,20.91,20.812,20.859,303406
326,2022-09-29 08:45:00,20.904,20.94,20.803,20.849,576523
327,2022-09-29 08:40:00,20.884,20.92,20.763,20.889,866376
328,2022-09-29 08:35:00,20.757,20.9,20.616,20.859,1374617
329,2022-09-29 08:30:00,21.169,21.176,20.734,20.741,1137109
330,2022-09-29 08:25:00,21.13,21.215,21.067,21.154,400761
331,2022-09-29 08:20:00,21.042,21.146,20.999,21.124,283135
332,2022-09-29 08:15:00,21.002,21.077,20.94,21.026,342111
333,2022-09-29 08:10:00,21.081,21.087,20.95,20.987,464430
334,2022-09-29 08:05:00,21.051,21.087,20.989,21.065,599414
335,2022-09-29 08:00:00,21.091,21.922,20.91,21.036,1425152
336,2022-09-29 07:55:00,21.218,21.225,21.087,21.095,290525
337,2022-09-29 07:50:00,21.179,21.244,21.156,21.213,79664
338,2022-09-29 07:45:00,21.238,21.293,21.136,21.163,159222
339,2022-09-29 07:40:00,21.189,21.284,21.166,21.232,128663
340,2022-09-29 07:35:00,21.277,21.293,21.136,21.173,179316
341,2022-09-29 07:30:00,21.326,21.352,21.254,21.271,156439
342,2022-09-29 07:25:00,21.277,21.323,21.244,21.301,88239
343,2022-09-29 07:20:00,21.326,21.352,21.234,21.252,318772
344,2022-09-29 07:15:00,21.228,21.343,21.205,21.311,235318
345,2022-09-29 07:10:00,21.159,21.243,21.097,21.213,152587
346,2022-09-29 07:05:00,21.12,21.185,21.087,21.144,208004
347,2022-09-29 07:00:00,21.051,21.156,21.028,21.105,187668
348,2022-09-29 06:55:00,21.179,21.195,21.028,21.036,57957
349,2022-09-29 06:50:00,21.101,21.195,21.058,21.163,54959
350,2022-09-29 06:45:00,21.061,21.117,21.028,21.095,35705
351,2022-09-29 06:40:00,21.051,21.087,20.999,21.036,37260
352,2022-09-29 06:35:00,21.051,21.067,20.999,21.026,27172
353,2022-09-29 06:30:00,20.992,21.067,20.96,21.036,38613
354,2022-09-29 06:25:00,21.071,21.097,20.96,20.977,78962
355,2022-09-29 06:20:00,21.071,21.097,21.009,21.065,38871
356,2022-09-29 06:15:00,21.012,21.067,20.979,21.046,49472
357,2022-09-29 06:10:00,21.022,21.048,20.969,20.987,86474
358,2022-09-29 06:05:00,21.002,21.048,20.92,21.006,236768
359,2022-09-29 06:00:00,21.248,21.254,20.95,20.977,268536
360,2022-09-29 05:55:00,21.277,21.284,21.175,21.222,89653
361,2022-09-29 05:50:00,21.326,21.343,21.224,21.271,96253
362,2022-09-29 05:45:00,21.395,21.402,21.274,21.311,118443
363,2022-09-29 05:40:00,21.209,21.402,21.156,21.379,169116
364,2022-09-29 05:35:00,21.209,21.244,21.175,21.183,51442
365,2022-09-29 05:30:00,21.179,21.234,21.146,21.203,73115
366,2022-09-29 05:25:00,21.169,21.225,21.136,21.154,51889
367,2022-09-29 05:20:00,21.169,21.205,21.107,21.163,36127
368,2022-09-29 05:15:00,21.218,21.284,21.117,21.124,117945
369,2022-09-29 05:10:00,21.189,21.274,21.117,21.213,79027
370,2022-09-29 05:05:00,21.091,21.215,21.028,21.163,125142
371,2022-09-29 05:00:00,20.992,21.107,20.94,21.075,79004
372,2022-09-29 04:55:00,20.983,21.008,20.91,20.967,73935
373,2022-09-29 04:50:00,21.012,21.038,20.94,20.957,73467
374,2022-09-29 04:45:00,21.11,21.126,20.989,20.997,72240
375,2022-09-29 04:40:00,20.963,21.126,20.94,21.085,198172
376,2022-09-29 04:35:00,21.101,21.107,20.91,20.938,163054
377,2022-09-29 04:30:00,21.022,21.117,20.989,21.075,185578
378,2022-09-29 04:25:00,21.032,21.097,20.979,21.006,101052
379,2022-09-29 04:20:00,21.13,21.146,21.009,21.016,133634
380,2022-09-29 04:15:00,21.091,21.156,21.028,21.124,249405
381,2022-09-29 04:10:00,21.091,21.117,21.028,21.075,134271
382,2022-09-29 04:05:00,21.022,21.107,20.989,21.075,227039
383,2022-09-29 04:00:00,21.12,21.313,20.842,20.997,648728
384,2022-09-28 19:55:00,21.739,21.785,21.715,21.752,122201
385,2022-09-28 19:50:00,21.749,21.775,21.705,21.733,129930
386,2022-09-28 19:45:00,21.719,21.765,21.686,21.733,144554
387,2022-09-28 19:40:00,21.71,21.736,21.686,21.703,61362
388,2022-09-28 19:35:00,21.759,21.765,21.676,21.694,73031
389,2022-09-28 19:30:00,21.769,21.795,21.725,21.733,39685
390,2022-09-28 19:25:00,21.749,21.795,21.715,21.762,37648
391,2022-09-28 19:20:00,21.778,21.795,21.725,21.733,35440
392,2022-09-28 19:15:00,21.778,21.804,21.735,21.772,64275
393,2022-09-28 19:10:00,21.759,21.795,21.725,21.762,105168
394,2022-09-28 19:05:00,21.749,21.765,21.695,21.743,61307
395,2022-09-28 19:00:00,21.749,21.765,21.725,21.733,62535
396,2022-09-28 18:55:00,21.7,21.765,21.676,21.743,107016
397,2022-09-28 18:50:00,21.769,21.784,21.676,21.694,112788
398,2022-09-28 18:45:00,21.847,21.854,21.725,21.762,96765
399,2022-09-28 18:40:00,21.867,21.883,21.784,21.821,65805
400,2022-09-28 18:35:00,21.896,21.903,21.843,21.851,70775
401,2022-09-28 18:30:00,21.896,21.913,21.843,21.88,76054
402,2022-09-28 18:25:00,21.886,21.942,21.852,21.89,51670
403,2022-09-28 18:20:00,21.877,21.893,21.843,21.87,18433
404,2022-09-28 18:15:00,21.906,21.913,21.843,21.851,42293
405,2022-09-28 18:10:00,21.877,21.932,21.852,21.89,52735
406,2022-09-28 18:05:00,21.857,21.903,21.833,21.851,183175
407,2022-09-28 18:00:00,21.847,21.893,21.813,21.841,99217
408,2022-09-28 17:55:00,21.867,21.893,21.843,21.86,71915
409,2022-09-28 17:50:00,21.867,21.883,21.833,21.851,29613
410,2022-09-28 17:45:00,21.847,21.873,21.823,21.851,41790
411,2022-09-28 17:40:00,21.847,21.863,21.813,21.831,21456
412,2022-09-28 17:35:00,21.857,21.863,21.813,21.821,8537
413,2022-09-28 17:30:00,21.837,21.863,21.813,21.831,11697
414,2022-09-28 17:25:00,21.837,21.863,21.803,21.821,46487
415,2022-09-28 17:20:00,21.837,21.844,21.803,21.821,43376
416,2022-09-28 17:15:00,21.857,21.863,21.813,21.831,37598
417,2022-09-28 17:10:00,21.837,21.883,21.813,21.841,79424
418,2022-09-28 17:05:00,21.798,21.854,21.774,21.831,41714
419,2022-09-28 17:00:00,21.808,21.814,21.774,21.792,17547
420,2022-09-28 16:55:00,21.818,21.834,21.764,21.782,38785
421,2022-09-28 16:50:00,21.798,21.844,21.745,21.802,188800
422,2022-09-28 16:45:00,21.827,21.834,21.754,21.782,128326
423,2022-09-28 16:40:00,21.847,21.863,21.794,21.811,108700
424,2022-09-28 16:35:00,21.837,21.863,21.813,21.841,53636
425,2022-09-28 16:30:00,21.837,21.873,21.803,21.821,92127
426,2022-09-28 16:25:00,21.837,21.863,21.803,21.831,172047
427,2022-09-28 16:20:00,21.886,21.903,21.823,21.831,113788
428,2022-09-28 16:15:00,21.886,21.913,21.852,21.87,68607
429,2022-09-28 16:10:00,21.886,21.913,21.843,21.88,192165
430,2022-09-28 16:05:00,21.877,21.903,21.803,21.88,502680
431,2022-09-28 16:00:00,21.877,21.952,21.784,21.86,723875
432,2022-09-28 15:55:00,22.073,22.099,21.823,21.86,5355489
433,2022-09-28 15:50:00,22.142,22.197,22.039,22.062,4088678
434,2022-09-28 15:45:00,22.073,22.197,22.029,22.127,2880765
435,2022-09-28 15:40:00,22.004,22.109,21.98,22.062,2500979
436,2022-09-28 15:35:00,22.038,22.06,21.951,21.993,2142109
437,2022-09-28 15:30:00,21.916,22.06,21.887,22.027,3723099
438,2022-09-28 15:25:00,21.862,21.971,21.833,21.9,1771711
439,2022-09-28 15:20:00,21.867,21.922,21.794,21.846,1839407
440,2022-09-28 15:15:00,21.921,21.971,21.817,21.851,2828075
441,2022-09-28 15:10:00,21.901,21.976,21.843,21.9,2291144
442,2022-09-28 15:05:00,21.818,21.952,21.764,21.885,3978726
443,2022-09-28 15:00:00,21.675,21.844,21.627,21.792,3158447
444,2022-09-28 14:55:00,21.69,21.736,21.642,21.655,1344083
445,2022-09-28 14:50:00,21.66,21.726,21.637,21.679,1573207
446,2022-09-28 14:45:00,21.597,21.667,21.538,21.639,901112
447,2022-09-28 14:40:00,21.714,21.724,21.499,21.58,2091142
448,2022-09-28 14:35:00,21.668,21.736,21.627,21.699,2165308
449,2022-09-28 14:30:00,21.567,21.686,21.538,21.654,2253479
450,2022-09-28 14:25:00,21.503,21.578,21.431,21.552,1314566
451,2022-09-28 14:20:00,21.543,21.559,21.46,21.487,746113
452,2022-09-28 14:15:00,21.533,21.569,21.45,21.522,963903
453,2022-09-28 14:10:00,21.543,21.593,21.489,21.517,1043563
454,2022-09-28 14:05:00,21.493,21.578,21.46,21.534,1526125
455,2022-09-28 14:00:00,21.452,21.51,21.401,21.475,1056748
456,2022-09-28 13:55:00,21.43,21.49,21.372,21.438,1100228
457,2022-09-28 13:50:00,21.435,21.445,21.332,21.419,1551847
458,2022-09-28 13:45:00,21.509,21.529,21.352,21.413,2200601
459,2022-09-28 13:40:00,21.523,21.603,21.484,21.493,1319467
460,2022-09-28 13:35:00,21.552,21.578,21.44,21.501,1294815
461,2022-09-28 13:30:00,21.562,21.588,21.489,21.541,1230504
462,2022-09-28 13:25:00,21.641,21.657,21.509,21.549,1647959
463,2022-09-28 13:20:00,21.679,21.686,21.588,21.615,969389
464,2022-09-28 13:15:00,21.577,21.686,21.548,21.659,2267355
465,2022-09-28 13:10:00,21.636,21.647,21.519,21.566,1272832
466,2022-09-28 13:05:00,21.459,21.657,21.435,21.62,2963385
467,2022-09-28 13:00:00,21.454,21.488,21.332,21.444,2478752
468,2022-09-28 12:55:00,21.407,21.46,21.347,21.438,1330004
469,2022-09-28 12:50:00,21.435,21.46,21.313,21.398,1625130
470,2022-09-28 12:45:00,21.474,21.539,21.391,21.424,2638744
471,2022-09-28 12:40:00,21.346,21.49,21.303,21.464,1612739
472,2022-09-28 12:35:00,21.434,21.451,21.303,21.321,1841208
473,2022-09-28 12:30:00,21.389,21.451,21.313,21.415,2512250
474,2022-09-28 12:25:00,21.454,21.486,21.342,21.376,2701046
475,2022-09-28 12:20:00,21.631,21.657,21.426,21.439,3777467
476,2022-09-28 12:15:00,21.546,21.647,21.47,21.623,3287498
477,2022-09-28 12:10:00,21.425,21.569,21.392,21.529,2491358
478,2022-09-28 12:05:00,21.474,21.48,21.381,21.409,1715381
479,2022-09-28 12:00:00,21.464,21.506,21.411,21.458,1998314
480,2022-09-28 11:55:00,21.385,21.485,21.357,21.442,2810911
481,2022-09-28 11:50:00,21.287,21.411,21.244,21.36,1814326
482,2022-09-28 11:45:00,21.169,21.333,21.087,21.267,2173767
483,2022-09-28 11:40:00,21.15,21.185,21.049,21.154,1560984
484,2022-09-28 11:35:00,21.169,21.244,21.077,21.134,2780757
485,2022-09-28 11:30:00,21.199,21.232,21.067,21.149,2799304
486,2022-09-28 11:25:00,21.326,21.392,21.146,21.176,3162962
487,2022-09-28 11:20:00,21.169,21.382,21.146,21.311,4671058
488,2022-09-28 11:15:00,21.091,21.202,21.038,21.157,1787235
489,2022-09-28 11:10:00,21.027,21.195,20.979,21.065,2502846
490,2022-09-28 11:05:00,21.094,21.117,20.989,21.011,1766684
491,2022-09-28 11:00:00,21.022,21.212,20.93,21.085,3164055
492,2022-09-28 10:55:00,21.129,21.147,20.96,21.0,2754476
493,2022-09-28 10:50:00,21.15,21.166,21.019,21.105,2552895
494,2022-09-28 10:45:00,21.081,21.225,21.038,21.141,3491913
495,2022-09-28 10:40:00,21.012,21.176,20.963,21.07,2883062
496,2022-09-28 10:35:00,21.037,21.166,20.901,21.005,4689627
497,2022-09-28 10:30:00,21.076,21.107,20.93,21.018,4844877
498,2022-09-28 10:25:00,20.884,21.092,20.793,21.055,6553113
499,2022-09-28 10:20:00,20.661,20.9,20.619,20.869,5157143
500,2022-09-28 10:15:00,20.55,20.699,20.39,20.643,4057972
501,2022-09-28 10:10:00,20.334,20.586,20.312,20.535,3297374
502,2022-09-28 10:05:00,20.517,20.611,20.312,20.329,4811155
503,2022-09-28 10:00:00,20.57,20.9,20.459,20.506,6819097
504,2022-09-28 09:55:00,20.547,20.724,20.5,20.545,3824693
505,2022-09-28 09:50:00,20.599,20.763,20.498,20.525,4046284
506,2022-09-28 09:45:00,20.708,20.791,20.459,20.584,5947874
507,2022-09-28 09:40:00,20.442,20.743,20.381,20.702,6618036
508,2022-09-28 09:35:00,20.393,20.565,20.332,20.437,5176985
509,2022-09-28 09:30:00,20.658,20.724,20.292,20.379,7604734
510,2022-09-28 09:25:00,20.757,20.763,20.641,20.653,974498
511,2022-09-28 09:20:00,20.658,20.782,20.606,20.746,750083
512,2022-09-28 09:15:00,20.55,20.694,20.523,20.653,521304
513,2022-09-28 09:10:00,20.55,20.586,20.4,20.525,905358
514,2022-09-28 09:05:00,20.708,20.782,20.528,20.535,948763
515,2022-09-28 09:00:00,20.609,20.743,20.547,20.692,586929
516,2022-09-28 08:55:00,20.648,20.655,20.528,20.594,548458
517,2022-09-28 08:50:00,20.639,20.704,20.567,20.624,874058
518,2022-09-28 08:45:00,20.717,20.802,20.606,20.614,823989
519,2022-09-28 08:40:00,20.58,20.743,20.489,20.712,1295498
520,2022-09-28 08:35:00,20.472,20.586,20.41,20.565,693863
521,2022-09-28 08:30:00,20.344,20.478,20.243,20.457,446743
522,2022-09-28 08:25:00,20.364,20.389,20.253,20.329,422036
523,2022-09-28 08:20:00,20.236,20.389,20.194,20.349,531468
524,2022-09-28 08:15:00,20.118,20.252,20.096,20.211,223204
525,2022-09-28 08:10:00,20.148,20.193,20.057,20.103,290991
526,2022-09-28 08:05:00,20.197,20.281,20.135,20.143,410340
527,2022-09-28 08:00:00,20.246,20.536,19.636,20.172,1952931
528,2022-09-28 07:55:00,20.04,20.055,19.939,20.025,119937
529,2022-09-28 07:50:00,20.04,20.055,19.959,20.015,115449
530,2022-09-28 07:45:00,20.03,20.055,19.939,20.015,139752
531,2022-09-28 07:40:00,19.971,20.055,19.9,20.015,239509
532,2022-09-28 07:35:00,20.128,20.144,19.929,19.956,239853
533,2022-09-28 07:30:00,20.02,20.183,19.988,20.113,136216
534,2022-09-28 07:25:00,20.04,20.085,19.988,19.995,160838
535,2022-09-28 07:20:00,20.069,20.104,19.939,20.025,185815
536,2022-09-28 07:15:00,19.932,20.085,19.89,20.054,217078
537,2022-09-28 07:10:00,19.99,20.085,19.9,19.917,274126
538,2022-09-28 07:05:00,20.099,20.134,19.929,19.976,278933
539,2022-09-28 07:00:00,20.216,20.272,20.037,20.084,508150
540,2022-09-28 06:55:00,20.285,20.35,20.165,20.211,131229
541,2022-09-28 06:50:00,20.275,20.38,20.224,20.28,185634
542,2022-09-28 06:45:00,20.452,20.458,20.184,20.27,168890
543,2022-09-28 06:40:00,20.423,20.547,20.322,20.437,320193
544,2022-09-28 06:35:00,20.207,20.439,20.175,20.408,215279
545,2022-09-28 06:30:00,20.344,20.37,20.106,20.201,312436
546,2022-09-28 06:25:00,20.501,20.507,20.165,20.329,403460
547,2022-09-28 06:20:00,20.383,20.556,20.332,20.476,431472
548,2022-09-28 06:15:00,20.167,20.38,20.116,20.359,395347
549,2022-09-28 06:10:00,20.01,20.203,19.959,20.162,364491
550,2022-09-28 06:05:00,19.912,20.046,19.684,19.986,424372
551,2022-09-28 06:00:00,19.696,20.203,19.625,19.887,902095
552,2022-09-28 05:55:00,19.725,19.741,19.645,19.681,158088
553,2022-09-28 05:50:00,19.735,19.751,19.664,19.721,53823
554,2022-09-28 05:45:00,19.774,19.79,19.713,19.721,66711
555,2022-09-28 05:40:00,19.725,19.78,19.694,19.76,56085
556,2022-09-28 05:35:00,19.755,19.761,19.654,19.711,101698
557,2022-09-28 05:30:00,19.774,19.82,19.713,19.76,178478
558,2022-09-28 05:25:00,19.706,19.79,19.674,19.76,135977
559,2022-09-28 05:20:00,19.725,19.741,19.635,19.691,216161
560,2022-09-28 05:15:00,19.823,19.829,19.645,19.711,355208
561,2022-09-28 05:10:00,19.863,19.918,19.792,19.809,134932
562,2022-09-28 05:05:00,20.01,20.016,19.831,19.848,176207
563,2022-09-28 05:00:00,20.04,20.065,19.959,19.986,30647
564,2022-09-28 04:55:00,20.079,20.104,19.998,20.025,78208
565,2022-09-28 04:50:00,19.99,20.075,19.949,20.054,79321
566,2022-09-28 04:45:00,19.912,20.026,19.87,19.976,114246
567,2022-09-28 04:40:00,19.853,19.928,19.831,19.897,113661
568,2022-09-28 04:35:00,19.902,19.967,19.841,19.848,113087
569,2022-09-28 04:30:00,19.951,19.957,19.88,19.897,144767
570,2022-09-28 04:25:00,20.079,20.124,19.9,19.927,300163
571,2022-09-28 04:20:00,19.981,20.095,19.949,20.054,514375
572,2022-09-28 04:15:00,20.02,20.036,19.929,19.956,132152
573,2022-09-28 04:10:00,20.02,20.065,19.949,20.005,165069
574,2022-09-28 04:05:00,20.059,20.095,19.998,20.005,219958
575,2022-09-28 04:00:00,20.354,20.36,20.037,20.054,437788
576,2022-09-27 19:55:00,20.786,20.812,20.724,20.732,186945
577,2022-09-27 19:50:00,20.874,20.881,20.753,20.771,133932
578,2022-09-27 19:45:00,20.884,20.9,20.842,20.859,98584
579,2022-09-27 19:40:00,20.865,20.92,20.842,20.859,90579
580,2022-09-27 19:35:00,20.825,20.881,20.803,20.85,58997
581,2022-09-27 19:30:00,20.806,20.851,20.773,20.82,67966
582,2022-09-27 19:25:00,20.776,20.812,20.744,20.781,33612
583,2022-09-27 19:20:00,20.806,20.822,20.744,20.751,95243
584,2022-09-27 19:15:00,20.845,20.871,20.773,20.781,41744
585,2022-09-27 19:10:00,20.875,20.881,20.822,20.849,46314
586,2022-09-27 19:05:00,20.855,20.881,20.812,20.859,148491
587,2022-09-27 19:00:00,20.835,20.861,20.803,20.84,42120
588,2022-09-27 18:55:00,20.796,20.851,20.773,20.83,150347
589,2022-09-27 18:50:00,20.796,20.812,20.753,20.781,60948
590,2022-09-27 18:45:00,20.796,20.812,20.753,20.781,17506
591,2022-09-27 18:40:00,20.806,20.812,20.744,20.771,59445
592,2022-09-27 18:35:00,20.776,20.822,20.744,20.8,36641
593,2022-09-27 18:30:00,20.757,20.782,20.704,20.761,59971
594,2022-09-27 18:25:00,20.747,20.773,20.724,20.741,44391
595,2022-09-27 18:20:00,20.776,20.812,20.714,20.722,46053
596,2022-09-27 18:15:00,20.786,20.832,20.744,20.751,63337
597,2022-09-27 18:10:00,20.825,20.841,20.734,20.771,92225
598,2022-09-27 18:05:00,20.845,20.861,20.783,20.81,87858
599,2022-09-27 18:00:00,20.747,20.91,20.724,20.83,258488
600,2022-09-27 17:55:00,20.708,20.763,20.685,20.732,45844
601,2022-09-27 17:50:00,20.708,20.743,20.675,20.712,47475
602,2022-09-27 17:45:00,20.708,20.733,20.675,20.692,36936
603,2022-09-27 17:40:00,20.668,20.724,20.646,20.692,118167
604,2022-09-27 17:35:00,20.688,20.694,20.636,20.663,106399
605,2022-09-27 17:30:00,20.708,20.733,20.646,20.673,203461
606,2022-09-27 17:25:00,20.796,20.802,20.685,20.692,58682
607,2022-09-27 17:20:00,20.767,20.822,20.734,20.781,85549
608,2022-09-27 17:15:00,20.757,20.782,20.734,20.741,48966
609,2022-09-27 17:10:00,20.776,20.782,20.724,20.751,37006
610,2022-09-27 17:05:00,20.776,20.782,20.734,20.751,37976
611,2022-09-27 17:00:00,20.786,20.792,20.714,20.761,78819
612,2022-09-27 16:55:00,20.737,20.792,20.714,20.771,93932
613,2022-09-27 16:50:00,20.757,20.763,20.704,20.732,159050
614,2022-09-27 16:45:00,20.688,20.763,20.665,20.732,81772
615,2022-09-27 16:40:00,20.727,20.763,20.646,20.673,135860
616,2022-09-27 16:35:00,20.776,20.802,20.695,20.702,87925
617,2022-09-27 16:30:00,20.717,20.782,20.675,20.761,94386
618,2022-09-27 16:25:00,20.698,20.743,20.675,20.702,51469
619,2022-09-27 16:20:00,20.727,20.733,20.646,20.682,189628
620,2022-09-27 16:15:00,20.747,20.773,20.685,20.702,183517
621,2022-09-27 16:10:00,20.717,20.802,20.675,20.732,238665
622,2022-09-27 16:05:00,20.619,20.743,20.596,20.712,592778
623,2022-09-27 16:00:00,20.678,20.684,20.528,20.604,853466
624,2022-09-27 15:55:00,20.742,20.802,20.577,20.673,4618143
625,2022-09-27 15:50:00,20.6,20.773,20.557,20.722,5390241
626,2022-09-27 15:45:00,20.619,20.655,20.479,20.584,3041964
627,2022-09-27 15:40:00,20.467,20.655,20.416,20.614,2667807
628,2022-09-27 15:35:00,20.448,20.537,20.395,20.452,2058187
629,2022-09-27 15:30:00,20.559,20.575,20.371,20.437,2822560
630,2022-09-27 15:25:00,20.634,20.674,20.479,20.54,2489064
631,2022-09-27 15:20:00,20.717,20.733,20.572,20.619,1838676
632,2022-09-27 15:15:00,20.683,20.733,20.518,20.702,2775794
633,2022-09-27 15:10:00,20.688,20.733,20.597,20.658,1658332
634,2022-09-27 15:05:00,20.6,20.714,20.528,20.676,2130594
635,2022-09-27 15:00:00,20.727,20.738,20.459,20.584,4113153
636,2022-09-27 14:55:00,20.744,20.782,20.655,20.712,1966151
637,2022-09-27 14:50:00,20.825,20.841,20.686,20.722,2496133
638,2022-09-27 14:45:00,20.667,20.851,20.557,20.81,3603677
639,2022-09-27 14:40:00,20.609,20.782,20.582,20.653,4719992
640,2022-09-27 14:35:00,20.387,20.645,20.327,20.591,3023093
641,2022-09-27 14:30:00,20.385,20.429,20.273,20.378,1335886
642,2022-09-27 14:25:00,20.364,20.409,20.302,20.373,1408504
643,2022-09-27 14:20:00,20.268,20.375,20.224,20.354,1340153
644,2022-09-27 14:15:00,20.32,20.36,20.243,20.26,1174250
645,2022-09-27 14:10:00,20.412,20.448,20.292,20.309,1553869
646,2022-09-27 14:05:00,20.459,20.476,20.361,20.388,1417456
647,2022-09-27 14:00:00,20.344,20.527,20.273,20.441,3593289
648,2022-09-27 13:55:00,20.266,20.35,20.155,20.319,2098009
649,2022-09-27 13:50:00,20.324,20.38,20.237,20.255,1274364
650,2022-09-27 13:45:00,20.28,20.399,20.253,20.309,1803175
651,2022-09-27 13:40:00,20.305,20.33,20.166,20.26,2464295
652,2022-09-27 13:35:00,20.442,20.458,20.282,20.295,1358505
653,2022-09-27 13:30:00,20.364,20.468,20.302,20.417,1649408
654,2022-09-27 13:25:00,20.324,20.429,20.243,20.349,1568418
655,2022-09-27 13:20:00,20.379,20.415,20.278,20.309,1223418
656,2022-09-27 13:15:00,20.334,20.434,20.302,20.363,1844339
657,2022-09-27 13:10:00,20.32,20.36,20.224,20.324,1521419
658,2022-09-27 13:05:00,20.284,20.458,20.253,20.309,2528591
659,2022-09-27 13:00:00,20.491,20.502,20.214,20.26,3328073
660,2022-09-27 12:55:00,20.536,20.556,20.439,20.476,2227007
661,2022-09-27 12:50:00,20.423,20.556,20.263,20.525,3243121
662,2022-09-27 12:45:00,20.375,20.458,20.307,20.417,1777531
663,2022-09-27 12:40:00,20.334,20.439,20.273,20.363,2210827
664,2022-09-27 12:35:00,20.448,20.484,20.263,20.324,3278696
665,2022-09-27 12:30:00,20.379,20.478,20.322,20.433,2623608
666,2022-09-27 12:25:00,20.242,20.468,20.214,20.368,5303460
667,2022-09-27 12:20:00,20.148,20.291,20.116,20.222,3874397
668,2022-09-27 12:15:00,20.403,20.419,20.116,20.138,3550715
669,2022-09-27 12:10:00,20.58,20.601,20.273,20.393,6241485
670,2022-09-27 12:05:00,20.727,20.733,20.528,20.565,2270630
671,2022-09-27 12:00:00,20.732,20.753,20.567,20.712,4305386
672,2022-09-27 11:55:00,20.796,20.851,20.695,20.717,2679153
673,2022-09-27 11:50:00,20.953,21.028,20.758,20.781,3276772
674,2022-09-27 11:45:00,20.992,21.058,20.892,20.938,1617309
675,2022-09-27 11:40:00,21.023,21.072,20.94,20.977,2131906
676,2022-09-27 11:35:00,21.036,21.077,20.93,21.006,2821206
677,2022-09-27 11:30:00,20.933,21.067,20.852,21.018,3318396
678,2022-09-27 11:25:00,21.12,21.161,20.852,20.913,4479146
679,2022-09-27 11:20:00,21.268,21.293,21.048,21.095,4370578
680,2022-09-27 11:15:00,21.313,21.362,21.205,21.247,2616240
681,2022-09-27 11:10:00,21.543,21.578,21.274,21.296,2563263
682,2022-09-27 11:05:00,21.341,21.559,21.274,21.526,2756588
683,2022-09-27 11:00:00,21.513,21.578,21.303,21.325,2637313
684,2022-09-27 10:55:00,21.464,21.569,21.435,21.497,2080636
685,2022-09-27 10:50:00,21.572,21.608,21.431,21.458,2127304
686,2022-09-27 10:45:00,21.552,21.608,21.45,21.556,3868699
687,2022-09-27 10:40:00,21.312,21.569,21.244,21.532,2806225
688,2022-09-27 10:35:00,21.331,21.51,21.264,21.296,3293397
689,2022-09-27 10:30:00,21.228,21.441,21.195,21.318,2917445
690,2022-09-27 10:25:00,21.375,21.46,21.195,21.208,3187817
691,2022-09-27 10:20:00,21.317,21.441,21.205,21.355,3283409
692,2022-09-27 10:15:00,21.297,21.409,21.156,21.307,3647607
693,2022-09-27 10:10:00,21.133,21.323,21.087,21.281,4190880
694,2022-09-27 10:05:00,21.228,21.274,21.048,21.119,3848081
695,2022-09-27 10:00:00,21.533,21.569,21.077,21.208,7669950
696,2022-09-27 09:55:00,21.606,21.628,21.431,21.507,3113933
697,2022-09-27 09:50:00,21.518,21.667,21.352,21.593,5366279
698,2022-09-27 09:45:00,21.803,21.854,21.47,21.502,5657786
699,2022-09-27 09:40:00,21.867,21.962,21.73,21.785,5570286
700,2022-09-27 09:35:00,21.749,21.883,21.661,21.846,7322812
701,2022-09-27 09:30:00,21.43,21.755,21.352,21.728,8571904
702,2022-09-27 09:25:00,21.415,21.48,21.342,21.409,397678
703,2022-09-27 09:20:00,21.464,21.51,21.381,21.398,396348
704,2022-09-27 09:15:00,21.494,21.539,21.44,21.458,467585
705,2022-09-27 09:10:00,21.444,21.539,21.421,21.478,416138
706,2022-09-27 09:05:00,21.415,21.519,21.342,21.429,519443
707,2022-09-27 09:00:00,21.454,21.49,21.381,21.399,564294
708,2022-09-27 08:55:00,21.543,21.559,21.431,21.448,428571
709,2022-09-27 08:50:00,21.7,21.706,21.519,21.527,386295
710,2022-09-27 08:45:00,21.631,21.716,21.597,21.679,551678
711,2022-09-27 08:40:00,21.611,21.647,21.538,21.605,283361
712,2022-09-27 08:35:00,21.602,21.657,21.558,21.604,242126
713,2022-09-27 08:30:00,21.523,21.628,21.489,21.586,336129
714,2022-09-27 08:25:00,21.572,21.588,21.489,21.517,266572
715,2022-09-27 08:20:00,21.621,21.628,21.529,21.556,337350
716,2022-09-27 08:15:00,21.572,21.657,21.548,21.595,419910
717,2022-09-27 08:10:00,21.552,21.598,21.499,21.556,233015
718,2022-09-27 08:05:00,21.523,21.569,21.48,21.527,294939
719,2022-09-27 08:00:00,21.405,21.667,20.96,21.507,1796977
720,2022-09-27 07:55:00,21.592,21.637,21.519,21.556,120351
721,2022-09-27 07:50:00,21.641,21.647,21.548,21.586,181354
722,2022-09-27 07:45:00,21.611,21.657,21.578,21.615,132588
723,2022-09-27 07:40:00,21.543,21.618,21.509,21.595,191137
724,2022-09-27 07:35:00,21.493,21.559,21.46,21.527,192769
725,2022-09-27 07:30:00,21.425,21.519,21.401,21.487,185832
726,2022-09-27 07:25:00,21.474,21.5,21.391,21.419,136657
727,2022-09-27 07:20:00,21.366,21.48,21.332,21.458,175374
728,2022-09-27 07:15:00,21.405,21.421,21.323,21.35,126164
729,2022-09-27 07:10:00,21.435,21.451,21.352,21.379,62512
730,2022-09-27 07:05:00,21.405,21.47,21.352,21.419,132795
731,2022-09-27 07:00:00,21.415,21.431,21.342,21.389,259101
732,2022-09-27 06:55:00,21.415,21.46,21.381,21.389,31470
733,2022-09-27 06:50:00,21.474,21.5,21.391,21.409,80841
734,2022-09-27 06:45:00,21.444,21.48,21.362,21.448,169786
735,2022-09-27 06:40:00,21.435,21.47,21.381,21.429,68793
736,2022-09-27 06:35:00,21.415,21.49,21.332,21.419,202025
737,2022-09-27 06:30:00,21.444,21.48,21.401,21.409,132891
738,2022-09-27 06:25:00,21.356,21.46,21.323,21.429,242830
739,2022-09-27 06:20:00,21.336,21.362,21.283,21.33,67635
740,2022-09-27 06:15:00,21.336,21.382,21.244,21.311,182030
741,2022-09-27 06:10:00,21.189,21.333,21.146,21.311,152403
742,2022-09-27 06:05:00,21.228,21.254,21.175,21.183,34064
743,2022-09-27 06:00:00,21.15,21.264,21.126,21.222,51762
744,2022-09-27 05:55:00,21.169,21.185,21.117,21.134,24335
745,2022-09-27 05:50:00,21.228,21.234,21.126,21.154,47083
746,2022-09-27 05:45:00,21.258,21.284,21.205,21.222,57624
747,2022-09-27 05:40:00,21.199,21.254,21.175,21.232,34936
748,2022-09-27 05:35:00,21.15,21.225,21.126,21.173,51931
749,2022-09-27 05:30:00,21.15,21.176,21.097,21.124,66503
750,2022-09-27 05:25:00,21.15,21.195,21.107,21.124,52925
751,2022-09-27 05:20:00,21.248,21.254,21.117,21.134,38638
752,2022-09-27 05:15:00,21.169,21.264,21.146,21.232,151952
753,2022-09-27 05:10:00,21.179,21.195,21.097,21.154,153530
754,2022-09-27 05:05:00,21.277,21.313,21.156,21.173,93074
755,2022-09-27 05:00:00,21.326,21.362,21.254,21.262,55110
756,2022-09-27 04:55:00,21.405,21.411,21.293,21.311,55862
757,2022-09-27 04:50:00,21.356,21.451,21.323,21.389,81966
758,2022-09-27 04:45:00,21.376,21.382,21.293,21.34,204422
759,2022-09-27 04:40:00,21.405,21.411,21.332,21.36,130027
760,2022-09-27 04:35:00,21.444,21.451,21.342,21.379,93771
761,2022-09-27 04:30:00,21.464,21.47,21.421,21.438,20803
762,2022-09-27 04:25:00,21.493,21.5,21.411,21.438,72902
763,2022-09-27 04:20:00,21.425,21.5,21.391,21.468,76680
764,2022-09-27 04:15:00,21.435,21.47,21.391,21.409,88972
765,2022-09-27 04:10:00,21.464,21.47,21.411,21.419,149664
766,2022-09-27 04:05:00,21.523,21.539,21.431,21.448,184433
767,2022-09-27 04:00:00,21.346,21.618,21.323,21.507,494675
768,2022-09-26 19:55:00,20.776,20.802,20.734,20.751,111575
769,2022-09-26 19:50:00,20.688,20.802,20.665,20.771,113883
770,2022-09-26 19:45:00,20.678,20.694,20.636,20.673,28012
771,2022-09-26 19:40:00,20.717,20.733,20.626,20.673,28104
772,2022-09-26 19:35:00,20.727,20.753,20.675,20.692,46937
773,2022-09-26 19:30:00,20.717,20.724,20.675,20.702,302089
774,2022-09-26 19:25:00,20.737,20.743,20.685,20.702,51142
775,2022-09-26 19:20:00,20.737,20.763,20.675,20.722,55465
776,2022-09-26 19:15:00,20.708,20.753,20.675,20.712,137797
777,2022-09-26 19:10:00,20.658,20.714,20.636,20.692,53865
778,2022-09-26 19:05:00,20.658,20.674,20.626,20.643,53680
779,2022-09-26 19:00:00,20.619,20.674,20.596,20.653,67948
780,2022-09-26 18:55:00,20.619,20.635,20.587,20.614,21144
781,2022-09-26 18:50:00,20.629,20.635,20.587,20.604,13899
782,2022-09-26 18:45:00,20.619,20.635,20.587,20.613,17543
783,2022-09-26 18:40:00,20.609,20.635,20.587,20.604,26355
784,2022-09-26 18:35:00,20.629,20.645,20.596,20.604,22429
785,2022-09-26 18:30:00,20.58,20.645,20.557,20.614,34071
786,2022-09-26 18:25:00,20.56,20.606,20.538,20.555,24698
787,2022-09-26 18:20:00,20.531,20.606,20.498,20.565,73093
788,2022-09-26 18:15:00,20.491,20.537,20.469,20.511,128992
789,2022-09-26 18:10:00,20.531,20.547,20.469,20.486,46562
790,2022-09-26 18:05:00,20.55,20.596,20.498,20.516,117326
791,2022-09-26 18:00:00,20.58,20.655,20.518,20.535,131154
792,2022-09-26 17:55:00,20.58,20.586,20.547,20.564,19137
793,2022-09-26 17:50:00,20.58,20.586,20.538,20.565,13136
794,2022-09-26 17:45:00,20.57,20.592,20.528,20.571,22773
795,2022-09-26 17:40:00,20.59,20.596,20.538,20.545,61924
796,2022-09-26 17:35:00,20.58,20.596,20.538,20.565,47112
797,2022-09-26 17:30:00,20.57,20.601,20.547,20.565,51296
798,2022-09-26 17:25:00,20.56,20.586,20.537,20.565,30191
799,2022-09-26 17:20:00,20.56,20.576,20.528,20.555,14573
800,2022-09-26 17:15:00,20.56,20.576,20.518,20.545,27492
801,2022-09-26 17:10:00,20.57,20.586,20.538,20.555,44743
802,2022-09-26 17:05:00,20.571,20.586,20.547,20.555,10380
803,2022-09-26 17:00:00,20.58,20.586,20.538,20.565,28497
804,2022-09-26 16:55:00,20.57,20.596,20.538,20.555,112413
805,2022-09-26 16:50:00,20.58,20.596,20.538,20.556,95941
806,2022-09-26 16:45:00,20.57,20.596,20.538,20.565,47966
807,2022-09-26 16:40:00,20.57,20.586,20.538,20.545,89088
808,2022-09-26 16:35:00,20.55,20.586,20.508,20.555,59665
809,2022-09-26 16:30:00,20.55,20.566,20.489,20.525,86931
810,2022-09-26 16:25:00,20.501,20.566,20.479,20.545,182658
811,2022-09-26 16:20:00,20.56,20.566,20.479,20.496,147707
812,2022-09-26 16:15:00,20.55,20.606,20.528,20.555,94610
813,2022-09-26 16:10:00,20.491,20.635,20.439,20.535,206668
814,2022-09-26 16:05:00,20.482,20.527,20.42,20.457,279628
815,2022-09-26 16:00:00,20.604,20.684,20.449,20.467,972120
816,2022-09-26 15:55:00,20.938,20.945,20.518,20.584,5527263
817,2022-09-26 15:50:00,20.884,21.087,20.685,20.927,5275879
818,2022-09-26 15:45:00,20.791,20.93,20.727,20.869,2706041
819,2022-09-26 15:40:00,20.781,20.925,20.636,20.779,2425854
820,2022-09-26 15:35:00,20.825,20.979,20.724,20.768,2561751
821,2022-09-26 15:30:00,20.929,20.935,20.753,20.819,2146535
822,2022-09-26 15:25:00,20.894,20.969,20.822,20.911,1570879
823,2022-09-26 15:20:00,20.948,21.008,20.822,20.874,1904274
824,2022-09-26 15:15:00,20.934,21.038,20.753,20.928,3219584
825,2022-09-26 15:10:00,21.051,21.097,20.901,20.92,2377602
826,2022-09-26 15:05:00,21.007,21.077,20.871,21.042,2974457
827,2022-09-26 15:00:00,20.958,21.097,20.925,20.996,3391177
828,2022-09-26 14:55:00,21.015,21.048,20.91,20.938,1818779
829,2022-09-26 14:50:00,20.958,21.048,20.832,21.006,3638832
830,2022-09-26 14:45:00,20.649,20.989,20.577,20.943,4538910
831,2022-09-26 14:40:00,20.626,20.674,20.538,20.631,1306172
832,2022-09-26 14:35:00,20.678,20.704,20.518,20.609,1826494
833,2022-09-26 14:30:00,20.635,20.763,20.606,20.663,1391828
834,2022-09-26 14:25:00,20.781,20.792,20.606,20.624,1740762
835,2022-09-26 14:20:00,20.806,20.871,20.734,20.771,1534968
836,2022-09-26 14:15:00,20.83,20.881,20.744,20.8,1356635
837,2022-09-26 14:10:00,20.87,20.891,20.734,20.814,1872146
838,2022-09-26 14:05:00,20.796,20.907,20.724,20.854,2624836
839,2022-09-26 14:00:00,20.491,20.812,20.439,20.79,3161634
840,2022-09-26 13:55:00,20.693,20.699,20.439,20.476,1967858
841,2022-09-26 13:50:00,20.623,20.782,20.587,20.681,2318470
842,2022-09-26 13:45:00,20.573,20.704,20.548,20.609,1790925
843,2022-09-26 13:40:00,20.624,20.651,20.508,20.565,1285065
844,2022-09-26 13:35:00,20.586,20.684,20.547,20.614,1237518
845,2022-09-26 13:30:00,20.629,20.762,20.538,20.57,2906388
846,2022-09-26 13:25:00,20.614,20.665,20.479,20.62,2821360
847,2022-09-26 13:20:00,20.65,20.743,20.567,20.594,1808303
848,2022-09-26 13:15:00,20.58,20.694,20.547,20.633,1723610
849,2022-09-26 13:10:00,20.709,20.724,20.538,20.573,1985960
850,2022-09-26 13:05:00,20.753,20.782,20.646,20.702,1519292
851,2022-09-26 13:00:00,20.894,20.93,20.714,20.732,2268762
852,2022-09-26 12:55:00,20.824,20.979,20.793,20.883,2864898
853,2022-09-26 12:50:00,20.693,20.851,20.665,20.804,2122725
854,2022-09-26 12:45:00,20.587,20.753,20.547,20.68,2417798
855,2022-09-26 12:40:00,20.619,20.665,20.528,20.565,1570637
856,2022-09-26 12:35:00,20.596,20.704,20.565,20.604,1948599
857,2022-09-26 12:30:00,20.658,20.694,20.557,20.579,1866163
858,2022-09-26 12:25:00,20.757,20.773,20.577,20.645,3932766
859,2022-09-26 12:20:00,20.992,21.008,20.734,20.743,3450048
860,2022-09-26 12:15:00,20.983,21.067,20.92,20.982,1528942
861,2022-09-26 12:10:00,20.978,21.038,20.92,20.966,1092084
862,2022-09-26 12:05:00,20.997,21.038,20.901,20.967,1777053
863,2022-09-26 12:00:00,21.13,21.146,20.95,20.987,2063810
864,2022-09-26 11:55:00,20.983,21.195,20.93,21.109,4059717
865,2022-09-26 11:50:00,20.958,20.979,20.852,20.957,1850567
866,2022-09-26 11:45:00,20.855,21.018,20.783,20.948,3541259
867,2022-09-26 11:40:00,21.03,21.146,20.832,20.842,3049622
868,2022-09-26 11:35:00,20.968,21.092,20.93,21.016,2372572
869,2022-09-26 11:30:00,20.934,21.033,20.891,20.948,2238771
870,2022-09-26 11:25:00,21.046,21.077,20.901,20.913,3457549
871,2022-09-26 11:20:00,21.091,21.225,20.969,21.031,2636806
872,2022-09-26 11:15:00,21.194,21.234,21.067,21.075,2408897
873,2022-09-26 11:10:00,21.076,21.205,21.009,21.18,3147699
874,2022-09-26 11:05:00,21.38,21.401,21.043,21.061,4740618
875,2022-09-26 11:00:00,21.377,21.46,21.303,21.37,2305924
876,2022-09-26 10:55:00,21.326,21.441,21.224,21.366,2460103
877,2022-09-26 10:50:00,21.346,21.392,21.254,21.316,3254142
878,2022-09-26 10:45:00,21.559,21.578,21.244,21.34,3656499
879,2022-09-26 10:40:00,21.602,21.613,21.381,21.543,2911340
880,2022-09-26 10:35:00,21.582,21.653,21.523,21.581,1754630
881,2022-09-26 10:30:00,21.729,21.755,21.519,21.571,2965437
882,2022-09-26 10:25:00,21.729,21.78,21.607,21.703,2352511
883,2022-09-26 10:20:00,21.759,21.814,21.676,21.723,2654526
884,2022-09-26 10:15:00,21.587,21.824,21.558,21.743,4230827
885,2022-09-26 10:10:00,21.489,21.623,21.333,21.566,3565957
886,2022-09-26 10:05:00,21.543,21.696,21.431,21.478,3196996
887,2022-09-26 10:00:00,21.572,21.736,21.431,21.527,6347712
888,2022-09-26 09:55:00,21.42,21.598,21.352,21.553,4247199
889,2022-09-26 09:50:00,21.356,21.5,21.308,21.405,4455463
890,2022-09-26 09:45:00,21.2,21.372,21.126,21.34,3822614
891,2022-09-26 09:40:00,21.297,21.411,21.146,21.183,4849464
892,2022-09-26 09:35:00,21.168,21.372,21.077,21.281,5740839
893,2022-09-26 09:30:00,20.796,21.244,20.719,21.144,8622278
894,2022-09-26 09:25:00,20.904,20.91,20.724,20.781,324144
895,2022-09-26 09:20:00,20.953,20.989,20.871,20.898,296088
896,2022-09-26 09:15:00,20.973,20.979,20.861,20.948,214143
897,2022-09-26 09:10:00,20.835,20.999,20.773,20.957,263454
898,2022-09-26 09:05:00,20.894,20.9,20.793,20.82,213197
899,2022-09-26 09:00:00,20.983,20.989,20.822,20.869,345867
900,2022-09-26 08:55:00,20.963,20.989,20.832,20.967,404593
901,2022-09-26 08:50:00,20.835,20.969,20.803,20.948,640770
902,2022-09-26 08:45:00,20.668,20.871,20.646,20.83,248484
903,2022-09-26 08:40:00,20.717,20.733,20.636,20.653,170383
904,2022-09-26 08:35:00,20.609,20.743,20.567,20.712,202273
905,2022-09-26 08:30:00,20.698,20.714,20.547,20.584,193010
906,2022-09-26 08:25:00,20.677,20.763,20.636,20.682,399714
907,2022-09-26 08:20:00,20.511,20.684,20.489,20.653,268441
908,2022-09-26 08:15:00,20.491,20.527,20.459,20.486,187936
909,2022-09-26 08:10:00,20.491,20.517,20.449,20.476,172624
910,2022-09-26 08:05:00,20.541,20.556,20.459,20.486,259988
911,2022-09-26 08:00:00,20.57,21.097,20.312,20.525,911992
912,2022-09-26 07:55:00,20.57,20.635,20.538,20.575,102467
913,2022-09-26 07:50:00,20.58,20.586,20.518,20.545,57415
914,2022-09-26 07:45:00,20.609,20.615,20.538,20.565,36167
915,2022-09-26 07:40:00,20.629,20.635,20.538,20.594,36930
916,2022-09-26 07:35:00,20.619,20.655,20.538,20.614,109231
917,2022-09-26 07:30:00,20.59,20.645,20.538,20.604,82442
918,2022-09-26 07:25:00,20.55,20.615,20.518,20.584,157787
919,2022-09-26 07:20:00,20.541,20.556,20.459,20.535,76333
920,2022-09-26 07:15:00,20.482,20.556,20.459,20.525,93127
921,2022-09-26 07:10:00,20.462,20.488,20.41,20.467,64935
922,2022-09-26 07:05:00,20.58,20.586,20.43,20.447,76927
923,2022-09-26 07:00:00,20.58,20.615,20.508,20.535,77514
924,2022-09-26 06:55:00,20.649,20.684,20.557,20.565,27788
925,2022-09-26 06:50:00,20.658,20.674,20.596,20.633,18434
926,2022-09-26 06:45:00,20.629,20.674,20.596,20.643,17884
927,2022-09-26 06:40:00,20.619,20.645,20.538,20.624,25773
928,2022-09-26 06:35:00,20.658,20.665,20.567,20.614,19300
929,2022-09-26 06:30:00,20.717,20.733,20.626,20.643,46357
930,2022-09-26 06:25:00,20.649,20.724,20.616,20.702,55456
931,2022-09-26 06:20:00,20.629,20.665,20.587,20.633,14747
932,2022-09-26 06:15:00,20.55,20.665,20.528,20.614,95912
933,2022-09-26 06:10:00,20.59,20.606,20.449,20.535,62129
934,2022-09-26 06:05:00,20.6,20.606,20.538,20.575,25940
935,2022-09-26 06:00:00,20.55,20.615,20.528,20.594,35583
936,2022-09-26 05:55:00,20.58,20.586,20.508,20.525,63799
937,2022-09-26 05:50:00,20.541,20.606,20.489,20.575,142608
938,2022-09-26 05:45:00,20.501,20.556,20.449,20.535,69613
939,2022-09-26 05:40:00,20.452,20.547,20.371,20.496,132348
940,2022-09-26 05:35:00,20.609,20.645,20.43,20.437,186488
941,2022-09-26 05:30:00,20.688,20.704,20.596,20.604,88953
942,2022-09-26 05:25:00,20.737,20.753,20.646,20.673,146147
943,2022-09-26 05:20:00,20.825,20.841,20.724,20.732,80598
944,2022-09-26 05:15:00,20.865,20.891,20.803,20.81,45611
945,2022-09-26 05:10:00,20.875,20.92,20.852,20.859,22915
946,2022-09-26 05:05:00,20.973,20.979,20.852,20.859,59744
947,2022-09-26 05:00:00,20.973,21.018,20.93,20.957,60943
948,2022-09-26 04:55:00,20.983,20.989,20.92,20.957,27273
949,2022-09-26 04:50:00,20.983,21.008,20.93,20.967,104168
950,2022-09-26 04:45:00,20.973,21.028,20.93,20.967,83834
951,2022-09-26 04:40:00,20.953,20.999,20.881,20.967,49405
952,2022-09-26 04:35:00,21.002,21.028,20.91,20.948,75588
953,2022-09-26 04:30:00,21.081,21.107,20.979,20.987,104083
954,2022-09-26 04:25:00,21.002,21.087,20.95,21.055,198981
955,2022-09-26 04:20:00,20.786,21.008,20.763,20.987,235656
956,2022-09-26 04:15:00,20.806,20.851,20.724,20.781,103278
957,2022-09-26 04:10:00,20.816,20.851,20.773,20.81,420212
958,2022-09-26 04:05:00,20.806,20.861,20.734,20.8,282380
959,2022-09-26 04:00:00,20.727,20.841,20.704,20.79,233334
960,2022-09-23 19:55:00,20.963,20.999,20.93,20.967,66151
961,2022-09-23 19:50:00,20.973,20.979,20.93,20.957,32459
962,2022-09-23 19:45:00,20.983,20.999,20.94,20.957,32343
963,2022-09-23 19:40:00,20.973,21.008,20.94,20.967,31622
964,2022-09-23 19:35:00,20.943,20.979,20.92,20.957,25757
965,2022-09-23 19:30:00,20.963,20.969,20.91,20.928,54253
966,2022-09-23 19:25:00,20.992,20.999,20.901,20.948,70858
967,2022-09-23 19:20:00,20.983,20.999,20.95,20.967,18502
968,2022-09-23 19:15:00,20.992,20.999,20.96,20.977,11784
969,2022-09-23 19:10:00,20.983,21.008,20.95,20.967,17375
970,2022-09-23 19:05:00,20.983,20.989,20.94,20.957,61941
971,2022-09-23 19:00:00,20.978,20.989,20.95,20.962,14917
972,2022-09-23 18:55:00,20.973,20.989,20.95,20.967,10553
973,2022-09-23 18:50:00,20.973,20.989,20.94,20.957,32517
974,2022-09-23 18:45:00,20.973,20.989,20.95,20.967,4064
975,2022-09-23 18:40:00,20.983,20.989,20.95,20.957,14328
976,2022-09-23 18:35:00,20.983,20.989,20.95,20.957,7355
977,2022-09-23 18:30:00,20.973,20.989,20.94,20.967,32176
978,2022-09-23 18:25:00,20.973,20.979,20.93,20.957,39176
979,2022-09-23 18:20:00,20.963,20.979,20.93,20.948,27435
980,2022-09-23 18:15:00,20.963,20.989,20.93,20.957,12959
981,2022-09-23 18:10:00,20.963,20.969,20.92,20.948,15810
982,2022-09-23 18:05:00,20.953,20.979,20.92,20.938,22531
983,2022-09-23 18:00:00,20.963,20.989,20.93,20.938,23880
984,2022-09-23 17:55:00,20.963,20.969,20.92,20.938,25280
985,2022-09-23 17:50:00,20.983,20.989,20.93,20.948,21985
986,2022-09-23 17:45:00,20.973,20.999,20.93,20.967,43808
987,2022-09-23 17:40:00,20.973,20.989,20.95,20.967,14220
988,2022-09-23 17:35:00,20.992,21.008,20.95,20.957,36986
989,2022-09-23 17:30:00,21.002,21.018,20.969,20.987,29806
990,2022-09-23 17:25:00,21.002,21.018,20.979,20.988,57293
991,2022-09-23 17:20:00,21.022,21.028,20.979,20.987,32091
992,2022-09-23 17:15:00,21.012,21.028,20.979,21.006,29028
993,2022-09-23 17:10:00,20.983,21.008,20.96,20.987,81594
994,2022-09-23 17:05:00,20.973,20.999,20.95,20.977,58224
995,2022-09-23 17:00:00,20.973,20.989,20.95,20.967,33806
996,2022-09-23 16:55:00,20.992,21.008,20.96,20.967,84015
997,2022-09-23 16:50:00,21.012,21.018,20.968,20.977,132211
998,2022-09-23 16:45:00,20.983,21.018,20.95,20.997,156075
999,2022-09-23 16:40:00,20.983,20.999,20.95,20.967,75823
1000,2022-09-23 16:35:00,20.992,21.008,20.95,20.957,81076
1001,2022-09-23 16:30:00,21.002,21.018,20.96,20.987,153734
1002,2022-09-23 16:25:00,20.983,21.018,20.91,20.977,78588
1003,2022-09-23 16:20:00,21.002,21.018,20.94,20.957,113224
1004,2022-09-23 16:15:00,20.924,21.018,20.901,20.997,153425
1005,2022-09-23 16:10:00,20.904,20.979,20.881,20.908,269386
1006,2022-09-23 16:05:00,20.943,20.95,20.861,20.898,338855
1007,2022-09-23 16:00:00,20.924,21.028,20.734,20.938,2667983
1008,2022-09-23 15:55:00,20.859,20.969,20.685,20.903,8012993
1009,2022-09-23 15:50:00,20.816,20.9,20.626,20.849,5310387
1010,2022-09-23 15:45:00,20.943,20.989,20.763,20.81,4275523
1011,2022-09-23 15:40:00,20.781,20.994,20.685,20.928,4988559
1012,2022-09-23 15:35:00,20.722,20.792,20.567,20.767,3914332
1013,2022-09-23 15:30:00,20.609,20.802,20.582,20.712,6017836
1014,2022-09-23 15:25:00,20.491,20.635,20.42,20.589,2694955
1015,2022-09-23 15:20:00,20.555,20.645,20.42,20.476,2933051
1016,2022-09-23 15:15:00,20.482,20.674,20.449,20.55,4374027
1017,2022-09-23 15:10:00,20.501,20.565,20.351,20.471,3401620
1018,2022-09-23 15:05:00,20.374,20.615,20.292,20.476,4661229
1019,2022-09-23 15:00:00,20.128,20.429,20.096,20.363,5513303
1020,2022-09-23 14:55:00,20.212,20.217,20.067,20.113,3790867
1021,2022-09-23 14:50:00,20.266,20.321,20.184,20.206,2373096
1022,2022-09-23 14:45:00,20.329,20.37,20.233,20.26,1856489
1023,2022-09-23 14:40:00,20.246,20.35,20.194,20.314,2368737
1024,2022-09-23 14:35:00,20.324,20.34,20.204,20.237,2291443
1025,2022-09-23 14:30:00,20.393,20.399,20.214,20.309,2423849
1026,2022-09-23 14:25:00,20.379,20.458,20.333,20.387,1912611
1027,2022-09-23 14:20:00,20.285,20.448,20.214,20.362,3478671
1028,2022-09-23 14:15:00,20.348,20.36,20.244,20.27,2815989
1029,2022-09-23 14:10:00,20.541,20.586,20.292,20.338,5449413
1030,2022-09-23 14:05:00,20.703,20.768,20.508,20.526,2904557
1031,2022-09-23 14:00:00,20.668,20.724,20.508,20.682,2539821
1032,2022-09-23 13:55:00,20.654,20.714,20.567,20.646,1483721
1033,2022-09-23 13:50:00,20.651,20.665,20.582,20.638,1042744
1034,2022-09-23 13:45:00,20.6,20.714,20.557,20.638,1870887
1035,2022-09-23 13:40:00,20.58,20.63,20.518,20.589,1748264
1036,2022-09-23 13:35:00,20.656,20.68,20.557,20.57,1497314
1037,2022-09-23 13:30:00,20.605,20.704,20.557,20.639,1575262
1038,2022-09-23 13:25:00,20.767,20.778,20.567,20.584,3025104
1039,2022-09-23 13:20:00,20.875,20.891,20.734,20.756,1458169
1040,2022-09-23 13:15:00,20.802,20.895,20.734,20.854,1839419
1041,2022-09-23 13:10:00,20.764,20.861,20.728,20.787,1480125
1042,2022-09-23 13:05:00,20.821,20.851,20.714,20.751,1521421
1043,2022-09-23 13:00:00,20.806,20.91,20.724,20.806,3124919
1044,2022-09-23 12:55:00,20.845,20.852,20.724,20.795,2466226
1045,2022-09-23 12:50:00,20.688,20.861,20.655,20.82,3709981
1046,2022-09-23 12:45:00,20.6,20.71,20.557,20.68,2325457
1047,2022-09-23 12:40:00,20.619,20.655,20.547,20.575,1873145
1048,2022-09-23 12:35:00,20.55,20.655,20.518,20.599,2334379
1049,2022-09-23 12:30:00,20.516,20.615,20.459,20.537,3389555
1050,2022-09-23 12:25:00,20.654,20.714,20.489,20.506,2959008
1051,2022-09-23 12:20:00,20.703,20.733,20.587,20.633,4113178
1052,2022-09-23 12:15:00,20.688,20.728,20.616,20.692,2356390
1053,2022-09-23 12:10:00,20.693,20.733,20.616,20.67,2005009
1054,2022-09-23 12:05:00,20.806,20.832,20.616,20.673,3729100
1055,2022-09-23 12:00:00,20.845,20.891,20.704,20.795,2349183
1056,2022-09-23 11:55:00,20.855,20.891,20.773,20.836,1490864
1057,2022-09-23 11:50:00,20.809,20.92,20.773,20.844,2236804
1058,2022-09-23 11:45:00,20.827,20.838,20.695,20.795,3946212
1059,2022-09-23 11:40:00,20.934,20.979,20.793,20.815,3237598
1060,2022-09-23 11:35:00,21.012,21.058,20.91,20.918,1509025
1061,2022-09-23 11:30:00,20.934,21.058,20.906,20.997,1815100
1062,2022-09-23 11:25:00,21.155,21.195,20.891,20.918,3151020
1063,2022-09-23 11:20:00,21.079,21.224,20.999,21.135,2934302
1064,2022-09-23 11:15:00,20.934,21.102,20.901,21.06,2278061
1065,2022-09-23 11:10:00,21.081,21.133,20.901,20.923,2513756
1066,2022-09-23 11:05:00,20.894,21.146,20.871,21.065,3376224
1067,2022-09-23 11:00:00,20.943,20.959,20.812,20.879,2774142
1068,2022-09-23 10:55:00,21.071,21.176,20.91,20.923,3150178
1069,2022-09-23 10:50:00,20.976,21.126,20.866,21.06,3073661
1070,2022-09-23 10:45:00,20.987,21.097,20.944,20.957,3072585
1071,2022-09-23 10:40:00,20.914,21.053,20.871,20.977,2358820
1072,2022-09-23 10:35:00,20.934,20.979,20.832,20.903,2078968
1073,2022-09-23 10:30:00,21.101,21.107,20.901,20.918,4147485
1074,2022-09-23 10:25:00,20.879,21.117,20.812,21.085,4881869
1075,2022-09-23 10:20:00,20.914,20.989,20.798,20.86,3049864
1076,2022-09-23 10:15:00,20.879,20.959,20.793,20.894,3483159
1077,2022-09-23 10:10:00,20.816,21.018,20.783,20.869,3888899
1078,2022-09-23 10:05:00,20.825,20.891,20.753,20.81,3646867
1079,2022-09-23 10:00:00,20.806,20.851,20.698,20.816,4274257
1080,2022-09-23 09:55:00,20.943,21.018,20.763,20.79,4250532
1081,2022-09-23 09:50:00,20.978,21.038,20.843,20.92,5113142
1082,2022-09-23 09:45:00,21.11,21.254,20.95,20.957,5148548
1083,2022-09-23 09:40:00,21.125,21.244,20.96,21.105,5115096
1084,2022-09-23 09:35:00,21.444,21.45,21.048,21.109,5601355
1085,2022-09-23 09:30:00,21.41,21.48,21.195,21.419,6092130
1086,2022-09-23 09:25:00,21.474,21.48,21.352,21.389,314136
1087,2022-09-23 09:20:00,21.474,21.529,21.421,21.463,452847
1088,2022-09-23 09:15:00,21.484,21.5,21.352,21.458,526200
1089,2022-09-23 09:10:00,21.513,21.529,21.391,21.458,589380
1090,2022-09-23 09:05:00,21.405,21.519,21.274,21.497,597664
1091,2022-09-23 09:00:00,21.13,21.421,21.087,21.389,513265
1092,2022-09-23 08:55:00,21.159,21.176,21.107,21.124,119970
1093,2022-09-23 08:50:00,21.091,21.166,21.018,21.144,279816
1094,2022-09-23 08:45:00,21.11,21.176,21.067,21.075,189178
1095,2022-09-23 08:40:00,21.101,21.126,21.048,21.105,241669
1096,2022-09-23 08:35:00,21.159,21.166,21.049,21.085,419890
1097,2022-09-23 08:30:00,21.216,21.225,21.097,21.154,191447
1098,2022-09-23 08:25:00,21.218,21.244,21.156,21.193,179351
1099,2022-09-23 08:20:00,21.179,21.244,21.117,21.203,275700
1100,2022-09-23 08:15:00,21.209,21.225,21.117,21.154,165219
1101,2022-09-23 08:10:00,21.189,21.244,21.136,21.193,294012
1102,2022-09-23 08:05:00,21.199,21.215,21.117,21.154,266332
1103,2022-09-23 08:00:00,21.051,21.981,20.95,21.183,2092245
1104,2022-09-23 07:55:00,21.109,21.156,21.077,21.114,129798
1105,2022-09-23 07:50:00,21.071,21.176,21.038,21.095,234629
1106,2022-09-23 07:45:00,20.983,21.097,20.96,21.065,134979
1107,2022-09-23 07:40:00,21.081,21.107,20.95,20.967,174743
1108,2022-09-23 07:35:00,21.051,21.097,21.009,21.065,107328
1109,2022-09-23 07:30:00,21.051,21.077,20.999,21.046,175205
1110,2022-09-23 07:25:00,21.012,21.067,20.979,21.046,112368
1111,2022-09-23 07:20:00,21.012,21.038,20.95,21.006,195274
1112,2022-09-23 07:15:00,21.012,21.067,20.979,20.997,154449
1113,2022-09-23 07:10:00,20.983,21.048,20.95,20.987,173113
1114,2022-09-23 07:05:00,21.012,21.067,20.96,20.967,156333
1115,2022-09-23 07:00:00,21.022,21.107,20.969,20.997,542975
1116,2022-09-23 06:55:00,21.101,21.107,20.96,21.006,181870
1117,2022-09-23 06:50:00,21.13,21.136,21.048,21.085,120543
1118,2022-09-23 06:45:00,21.14,21.166,21.097,21.114,101356
1119,2022-09-23 06:40:00,21.228,21.234,21.107,21.124,46615
1120,2022-09-23 06:35:00,21.15,21.244,21.117,21.213,63564
1121,2022-09-23 06:30:00,21.209,21.225,21.107,21.134,135003
1122,2022-09-23 06:25:00,21.228,21.264,21.175,21.203,72545
1123,2022-09-23 06:20:00,21.356,21.362,21.195,21.222,74082
1124,2022-09-23 06:15:00,21.346,21.382,21.313,21.34,17148
1125,2022-09-23 06:10:00,21.346,21.362,21.313,21.321,16539
1126,2022-09-23 06:05:00,21.336,21.392,21.303,21.34,19495
1127,2022-09-23 06:00:00,21.385,21.402,21.303,21.321,55560
1128,2022-09-23 05:55:00,21.248,21.411,21.224,21.389,67262
1129,2022-09-23 05:50:00,21.317,21.333,21.205,21.232,55222
1130,2022-09-23 05:45:00,21.238,21.323,21.205,21.301,55172
1131,2022-09-23 05:40:00,21.218,21.274,21.195,21.213,87438
1132,2022-09-23 05:35:00,21.307,21.323,21.156,21.193,227328
1133,2022-09-23 05:30:00,21.405,21.441,21.274,21.291,115505
1134,2022-09-23 05:25:00,21.444,21.5,21.381,21.389,65108
1135,2022-09-23 05:20:00,21.444,21.47,21.411,21.429,22742
1136,2022-09-23 05:15:00,21.454,21.49,21.411,21.438,53370
1137,2022-09-23 05:10:00,21.454,21.48,21.411,21.448,66431
1138,2022-09-23 05:05:00,21.474,21.5,21.391,21.438,70204
1139,2022-09-23 05:00:00,21.493,21.519,21.421,21.458,94138
1140,2022-09-23 04:55:00,21.513,21.529,21.46,21.468,103271
1141,2022-09-23 04:50:00,21.543,21.588,21.499,21.507,64786
1142,2022-09-23 04:45:00,21.602,21.618,21.519,21.536,39018
1143,2022-09-23 04:40:00,21.641,21.667,21.538,21.576,30755
1144,2022-09-23 04:35:00,21.592,21.657,21.568,21.625,41441
1145,2022-09-23 04:30:00,21.592,21.628,21.499,21.576,72732
1146,2022-09-23 04:25:00,21.631,21.647,21.548,21.576,76129
1147,2022-09-23 04:20:00,21.66,21.667,21.588,21.625,90027
1148,2022-09-23 04:15:00,21.611,21.667,21.568,21.644,136201
1149,2022-09-23 04:10:00,21.719,21.755,21.597,21.605,133663
1150,2022-09-23 04:05:00,21.808,21.824,21.695,21.703,125637
1151,2022-09-23 04:00:00,21.837,21.844,21.695,21.782,210719
1152,2022-09-22 19:55:00,22.142,22.158,22.108,22.125,92198
1153,2022-09-22 19:50:00,22.093,22.148,22.068,22.116,60669
1154,2022-09-22 19:45:00,22.112,22.119,22.059,22.067,80436
1155,2022-09-22 19:40:00,22.102,22.139,22.078,22.096,31755
1156,2022-09-22 19:35:00,22.112,22.129,22.078,22.086,18295
1157,2022-09-22 19:30:00,22.073,22.128,22.049,22.096,25164
1158,2022-09-22 19:25:00,22.053,22.089,22.029,22.057,16575
1159,2022-09-22 19:20:00,22.073,22.08,22.019,22.047,33253
1160,2022-09-22 19:15:00,22.063,22.089,22.039,22.057,12158
1161,2022-09-22 19:10:00,22.093,22.099,22.039,22.057,9914
1162,2022-09-22 19:05:00,22.102,22.109,22.029,22.067,49848
1163,2022-09-22 19:00:00,22.034,22.109,21.99,22.076,20447
1164,2022-09-22 18:55:00,22.014,22.06,21.97,22.037,36867
1165,2022-09-22 18:50:00,22.014,22.04,21.98,22.008,27165
1166,2022-09-22 18:45:00,21.985,22.04,21.951,21.998,56452
1167,2022-09-22 18:40:00,22.102,22.119,21.951,21.959,75996
1168,2022-09-22 18:35:00,22.093,22.129,22.059,22.086,19925
1169,2022-09-22 18:30:00,22.112,22.119,22.049,22.076,19943
1170,2022-09-22 18:25:00,22.112,22.139,22.078,22.086,25186
1171,2022-09-22 18:20:00,22.083,22.139,22.059,22.106,29669
1172,2022-09-22 18:15:00,22.073,22.099,22.029,22.067,21241
1173,2022-09-22 18:10:00,22.063,22.109,22.009,22.067,71546
1174,2022-09-22 18:05:00,22.044,22.06,21.99,22.037,48432
1175,2022-09-22 18:00:00,22.112,22.119,22.019,22.027,56055
1176,2022-09-22 17:55:00,22.142,22.168,22.088,22.125,38162
1177,2022-09-22 17:50:00,22.14,22.168,22.108,22.116,33216
1178,2022-09-22 17:45:00,22.152,22.168,22.098,22.135,43963
1179,2022-09-22 17:40:00,22.112,22.158,22.088,22.125,23157
1180,2022-09-22 17:35:00,22.093,22.119,22.059,22.096,39433
1181,2022-09-22 17:30:00,22.093,22.109,22.059,22.086,49942
1182,2022-09-22 17:25:00,22.083,22.099,22.029,22.076,51718
1183,2022-09-22 17:20:00,22.053,22.089,22.009,22.067,152560
1184,2022-09-22 17:15:00,22.033,22.06,22.0,22.037,25115
1185,2022-09-22 17:10:00,21.985,22.04,21.951,22.017,37080
1186,2022-09-22 17:05:00,22.034,22.04,21.951,21.968,28530
1187,2022-09-22 17:00:00,22.014,22.05,21.99,22.008,24355
1188,2022-09-22 16:55:00,22.024,22.05,21.98,21.998,68578
1189,2022-09-22 16:50:00,22.004,22.03,21.97,22.008,55015
1190,2022-09-22 16:45:00,21.975,22.011,21.951,21.988,81815
1191,2022-09-22 16:40:00,21.936,21.981,21.911,21.959,138240
1192,2022-09-22 16:35:00,21.895,21.991,21.862,21.909,108616
1193,2022-09-22 16:30:00,21.945,21.952,21.862,21.88,108358
1194,2022-09-22 16:25:00,21.965,21.981,21.921,21.929,57253
1195,2022-09-22 16:20:00,21.985,22.001,21.931,21.949,143316
1196,2022-09-22 16:15:00,22.024,22.03,21.96,21.968,135988
1197,2022-09-22 16:10:00,22.063,22.08,22.0,22.017,201007
1198,2022-09-22 16:05:00,21.985,22.089,21.96,22.047,228468
1199,2022-09-22 16:00:00,21.99,22.011,21.911,21.968,666082
1200,2022-09-22 15:55:00,22.23,22.286,21.951,21.975,4856082
1201,2022-09-22 15:50:00,22.623,22.635,22.197,22.205,4179817
1202,2022-09-22 15:45:00,22.407,22.708,22.368,22.611,4590213
1203,2022-09-22 15:40:00,22.407,22.459,22.298,22.399,2172558
1204,2022-09-22 15:35:00,22.461,22.561,22.364,22.391,3279838
1205,2022-09-22 15:30:00,22.357,22.482,22.314,22.44,3298904
1206,2022-09-22 15:25:00,22.269,22.374,22.137,22.341,1934745
1207,2022-09-22 15:20:00,22.373,22.394,22.216,22.263,1898106
1208,2022-09-22 15:15:00,22.515,22.537,22.323,22.351,2649083
1209,2022-09-22 15:10:00,22.299,22.532,22.265,22.498,4442690
1210,2022-09-22 15:05:00,22.273,22.345,22.196,22.278,2380913
1211,2022-09-22 15:00:00,22.107,22.335,22.083,22.253,3403154
1212,2022-09-22 14:55:00,22.1,22.168,22.024,22.096,1553942
1213,2022-09-22 14:50:00,21.875,22.148,21.843,22.086,2617635
1214,2022-09-22 14:45:00,21.926,21.952,21.764,21.856,1280569
1215,2022-09-22 14:40:00,21.955,21.977,21.852,21.913,947896
1216,2022-09-22 14:35:00,21.872,21.971,21.803,21.938,1569675
1217,2022-09-22 14:30:00,21.857,21.947,21.784,21.86,1553454
1218,2022-09-22 14:25:00,21.778,21.922,21.729,21.841,1885023
1219,2022-09-22 14:20:00,21.911,21.952,21.735,21.768,2284683
1220,2022-09-22 14:15:00,21.916,21.986,21.862,21.89,1333645
1221,2022-09-22 14:10:00,21.985,22.021,21.882,21.909,1405918
1222,2022-09-22 14:05:00,22.034,22.129,21.96,21.973,1682128
1223,2022-09-22 14:00:00,22.157,22.217,22.0,22.013,1343664
1224,2022-09-22 13:55:00,22.196,22.247,22.108,22.136,1455619
1225,2022-09-22 13:50:00,22.053,22.227,22.014,22.178,1650829
1226,2022-09-22 13:45:00,22.004,22.089,21.941,22.037,876817
1227,2022-09-22 13:40:00,22.058,22.129,21.97,21.98,1118883
1228,2022-09-22 13:35:00,22.102,22.148,22.009,22.047,1349118
1229,2022-09-22 13:30:00,22.024,22.119,21.98,22.091,1682808
1230,2022-09-22 13:25:00,21.898,22.03,21.862,22.008,945321
1231,2022-09-22 13:20:00,21.931,22.001,21.852,21.88,1081784
1232,2022-09-22 13:15:00,21.906,21.962,21.813,21.909,1343208
1233,2022-09-22 13:10:00,21.931,21.991,21.872,21.89,1088461
1234,2022-09-22 13:05:00,22.014,22.06,21.902,21.91,1441296
1235,2022-09-22 13:00:00,22.083,22.145,21.946,21.998,1502182
1236,2022-09-22 12:55:00,22.157,22.276,22.059,22.076,2180792
1237,2022-09-22 12:50:00,22.063,22.237,22.029,22.14,2073005
1238,2022-09-22 12:45:00,22.127,22.188,22.029,22.05,1234775
1239,2022-09-22 12:40:00,22.122,22.207,22.059,22.108,1710922
1240,2022-09-22 12:35:00,21.994,22.158,21.965,22.116,1490065
1241,2022-09-22 12:30:00,22.063,22.08,21.951,21.988,1311163
1242,2022-09-22 12:25:00,22.22,22.232,22.029,22.047,1769671
1243,2022-09-22 12:20:00,21.985,22.247,21.892,22.194,2542432
1244,2022-09-22 12:15:00,21.936,22.017,21.843,21.968,1263199
1245,2022-09-22 12:10:00,22.058,22.089,21.843,21.925,1451608
1246,2022-09-22 12:05:00,22.058,22.089,21.941,22.047,1165852
1247,2022-09-22 12:00:00,22.004,22.148,21.953,22.037,1451929
1248,2022-09-22 11:55:00,22.083,22.148,21.902,21.988,1990685
1249,2022-09-22 11:50:00,22.112,22.163,22.014,22.058,1985894
1250,2022-09-22 11:45:00,21.945,22.158,21.882,22.101,3408204
1251,2022-09-22 11:40:00,21.975,21.991,21.862,21.922,1503401
1252,2022-09-22 11:35:00,21.911,22.021,21.872,21.959,1811148
1253,2022-09-22 11:30:00,21.872,22.011,21.808,21.896,2750761
1254,2022-09-22 11:25:00,21.734,21.922,21.705,21.851,2310862
1255,2022-09-22 11:20:00,21.793,21.824,21.656,21.716,3212651
1256,2022-09-22 11:15:00,21.847,21.903,21.764,21.774,2989328
1257,2022-09-22 11:10:00,21.977,21.991,21.813,21.841,1856367
1258,2022-09-22 11:05:00,21.867,22.03,21.833,21.963,2796504
1259,2022-09-22 11:00:00,21.877,21.942,21.803,21.851,2486717
1260,2022-09-22 10:55:00,21.96,22.03,21.813,21.87,3200144
1261,2022-09-22 10:50:00,22.102,22.109,21.921,21.939,3352211
1262,2022-09-22 10:45:00,22.122,22.207,22.009,22.091,3237495
1263,2022-09-22 10:40:00,22.26,22.306,22.088,22.116,2380335
1264,2022-09-22 10:35:00,22.152,22.285,22.078,22.243,2151554
1265,2022-09-22 10:30:00,22.215,22.355,22.029,22.145,4295272
1266,2022-09-22 10:25:00,22.112,22.237,22.049,22.199,3397866
1267,2022-09-22 10:20:00,22.161,22.266,22.022,22.101,3070497
1268,2022-09-22 10:15:00,22.427,22.463,22.113,22.15,3786331
1269,2022-09-22 10:10:00,22.24,22.448,22.117,22.42,4325606
1270,2022-09-22 10:05:00,22.098,22.315,22.039,22.233,3803334
1271,2022-09-22 10:00:00,22.166,22.197,21.99,22.081,3181803
1272,2022-09-22 09:55:00,22.122,22.286,22.019,22.155,3732869
1273,2022-09-22 09:50:00,22.181,22.266,22.049,22.108,4242102
1274,2022-09-22 09:45:00,22.216,22.365,22.122,22.16,4009827
1275,2022-09-22 09:40:00,22.348,22.423,22.088,22.199,4949650
1276,2022-09-22 09:35:00,22.515,22.669,22.323,22.336,4295859
1277,2022-09-22 09:30:00,22.446,22.697,22.373,22.508,5499541
1278,2022-09-22 09:25:00,22.525,22.571,22.373,22.44,326187
1279,2022-09-22 09:20:00,22.643,22.669,22.461,22.518,535274
1280,2022-09-22 09:15:00,22.741,22.777,22.608,22.616,476304
1281,2022-09-22 09:10:00,22.81,22.817,22.687,22.705,176317
1282,2022-09-22 09:05:00,22.79,22.836,22.755,22.793,236767
1283,2022-09-22 09:00:00,22.888,22.924,22.745,22.763,315538
1284,2022-09-22 08:55:00,22.996,23.043,22.863,22.871,266837
1285,2022-09-22 08:50:00,22.928,23.092,22.873,22.979,567177
1286,2022-09-22 08:45:00,22.849,22.984,22.804,22.921,236095
1287,2022-09-22 08:40:00,22.78,22.915,22.755,22.842,582216
1288,2022-09-22 08:35:00,22.721,22.875,22.677,22.783,261454
1289,2022-09-22 08:30:00,22.77,22.787,22.559,22.714,501663
1290,2022-09-22 08:25:00,22.78,22.895,22.745,22.754,247415
1291,2022-09-22 08:20:00,22.888,22.895,22.745,22.763,155212
1292,2022-09-22 08:15:00,22.928,22.964,22.844,22.871,223615
1293,2022-09-22 08:10:00,22.78,22.926,22.755,22.902,348488
1294,2022-09-22 08:05:00,22.79,22.797,22.647,22.754,120362
1295,2022-09-22 08:00:00,22.967,23.366,22.284,22.773,1004905
1296,2022-09-22 07:55:00,22.761,22.846,22.736,22.773,109720
1297,2022-09-22 07:50:00,22.653,22.767,22.618,22.744,90435
1298,2022-09-22 07:45:00,22.672,22.689,22.559,22.616,72751
1299,2022-09-22 07:40:00,22.653,22.699,22.579,22.665,103788
1300,2022-09-22 07:35:00,22.545,22.669,22.52,22.646,69992
1301,2022-09-22 07:30:00,22.476,22.581,22.451,22.538,106216
1302,2022-09-22 07:25:00,22.594,22.649,22.431,22.459,375088
1303,2022-09-22 07:20:00,22.662,22.699,22.52,22.587,138843
1304,2022-09-22 07:15:00,22.584,22.699,22.559,22.656,170771
1305,2022-09-22 07:10:00,22.662,22.699,22.559,22.567,193885
1306,2022-09-22 07:05:00,22.859,22.885,22.647,22.656,127258
1307,2022-09-22 07:00:00,22.937,23.013,22.736,22.842,316532
1308,2022-09-22 06:55:00,22.937,22.964,22.902,22.93,15785
1309,2022-09-22 06:50:00,22.849,22.964,22.824,22.921,39455
1310,2022-09-22 06:45:00,22.908,22.925,22.804,22.832,28464
1311,2022-09-22 06:40:00,22.977,22.984,22.844,22.891,41890
1312,2022-09-22 06:35:00,22.967,23.003,22.912,22.96,42332
1313,2022-09-22 06:30:00,22.888,22.993,22.853,22.96,65931
1314,2022-09-22 06:25:00,22.81,22.895,22.775,22.871,55306
1315,2022-09-22 06:20:00,22.761,22.836,22.726,22.803,29411
1316,2022-09-22 06:15:00,22.731,22.767,22.706,22.744,15460
1317,2022-09-22 06:10:00,22.751,22.767,22.696,22.714,21309
1318,2022-09-22 06:05:00,22.702,22.767,22.667,22.724,70686
1319,2022-09-22 06:00:00,22.81,22.826,22.657,22.675,84647
1320,2022-09-22 05:55:00,22.79,22.846,22.745,22.793,36320
1321,2022-09-22 05:50:00,22.721,22.797,22.687,22.773,30472
1322,2022-09-22 05:45:00,22.741,22.807,22.687,22.695,61414
1323,2022-09-22 05:40:00,22.77,22.787,22.667,22.714,135429
1324,2022-09-22 05:35:00,22.898,22.925,22.736,22.754,130304
1325,2022-09-22 05:30:00,22.928,23.003,22.873,22.891,45386
1326,2022-09-22 05:25:00,22.898,22.925,22.863,22.901,31529
1327,2022-09-22 05:20:00,22.928,22.993,22.853,22.881,71722
1328,2022-09-22 05:15:00,22.996,23.052,22.883,22.891,84162
1329,2022-09-22 05:10:00,22.898,23.013,22.873,22.979,46166
1330,2022-09-22 05:05:00,23.016,23.043,22.873,22.881,275874
1331,2022-09-22 05:00:00,23.134,23.141,22.961,23.009,76463
1332,2022-09-22 04:55:00,23.104,23.141,23.059,23.107,53581
1333,2022-09-22 04:50:00,23.173,23.21,23.069,23.097,122577
1334,2022-09-22 04:45:00,23.291,23.367,23.108,23.137,128985
1335,2022-09-22 04:40:00,23.163,23.288,23.128,23.264,102771
1336,2022-09-22 04:35:00,23.114,23.21,23.089,23.146,115807
1337,2022-09-22 04:30:00,23.046,23.121,23.02,23.097,71059
1338,2022-09-22 04:25:00,23.085,23.111,23.001,23.029,137813
1339,2022-09-22 04:20:00,23.055,23.141,23.01,23.068,132843
1340,2022-09-22 04:15:00,22.947,23.072,22.912,23.048,246742
1341,2022-09-22 04:10:00,22.977,23.023,22.902,22.911,595369
1342,2022-09-22 04:05:00,23.036,23.092,22.902,22.96,181225
1343,2022-09-22 04:00:00,22.879,23.052,22.775,23.029,558654
1344,2022-09-21 19:55:00,22.319,22.365,22.256,22.283,179669
1345,2022-09-21 19:50:00,22.289,22.335,22.245,22.312,124527
1346,2022-09-21 19:45:00,22.299,22.325,22.255,22.283,64180
1347,2022-09-21 19:40:00,22.309,22.325,22.255,22.283,69953
1348,2022-09-21 19:35:00,22.279,22.325,22.255,22.292,35217
1349,2022-09-21 19:30:00,22.338,22.345,22.255,22.263,71995
1350,2022-09-21 19:25:00,22.368,22.384,22.304,22.312,90395
1351,2022-09-21 19:20:00,22.328,22.384,22.294,22.351,33004
1352,2022-09-21 19:15:00,22.299,22.335,22.255,22.302,82693
1353,2022-09-21 19:10:00,22.417,22.423,22.255,22.283,74461
1354,2022-09-21 19:05:00,22.387,22.433,22.353,22.381,58881
1355,2022-09-21 19:00:00,22.368,22.394,22.314,22.361,39145
1356,2022-09-21 18:55:00,22.358,22.404,22.333,22.351,67845
1357,2022-09-21 18:50:00,22.358,22.404,22.304,22.341,96216
1358,2022-09-21 18:45:00,22.407,22.433,22.323,22.341,128725
1359,2022-09-21 18:40:00,22.584,22.591,22.382,22.4,164351
1360,2022-09-21 18:35:00,22.564,22.581,22.52,22.557,22075
1361,2022-09-21 18:30:00,22.594,22.61,22.539,22.548,23601
1362,2022-09-21 18:25:00,22.574,22.6,22.539,22.577,37129
1363,2022-09-21 18:20:00,22.554,22.591,22.53,22.567,27871
1364,2022-09-21 18:15:00,22.554,22.591,22.52,22.538,45776
1365,2022-09-21 18:10:00,22.613,22.63,22.52,22.548,51180
1366,2022-09-21 18:05:00,22.643,22.649,22.569,22.597,88879
1367,2022-09-21 18:00:00,22.613,22.679,22.569,22.626,102286
1368,2022-09-21 17:55:00,22.613,22.659,22.588,22.606,32335
1369,2022-09-21 17:50:00,22.613,22.64,22.588,22.606,37809
1370,2022-09-21 17:45:00,22.613,22.62,22.569,22.587,19185
1371,2022-09-21 17:40:00,22.613,22.62,22.579,22.587,30543
1372,2022-09-21 17:35:00,22.603,22.62,22.569,22.587,15979
1373,2022-09-21 17:30:00,22.594,22.62,22.569,22.577,51586
1374,2022-09-21 17:25:00,22.613,22.62,22.569,22.587,33103
1375,2022-09-21 17:20:00,22.623,22.63,22.569,22.597,62372
1376,2022-09-21 17:15:00,22.603,22.63,22.569,22.597,52654
1377,2022-09-21 17:10:00,22.613,22.649,22.588,22.606,43549
1378,2022-09-21 17:05:00,22.623,22.649,22.579,22.606,50212
1379,2022-09-21 17:00:00,22.613,22.836,22.569,22.605,48783
1380,2022-09-21 16:55:00,22.623,22.64,22.539,22.587,100651
1381,2022-09-21 16:50:00,22.662,22.669,22.579,22.606,109082
1382,2022-09-21 16:45:00,22.545,22.679,22.52,22.646,149942
1383,2022-09-21 16:40:00,22.545,22.571,22.5,22.538,175450
1384,2022-09-21 16:35:00,22.545,22.581,22.51,22.528,168063
1385,2022-09-21 16:30:00,22.515,22.62,22.49,22.518,226438
1386,2022-09-21 16:25:00,22.594,22.61,22.471,22.498,441105
1387,2022-09-21 16:20:00,22.672,22.728,22.569,22.577,413136
1388,2022-09-21 16:15:00,22.79,22.817,22.647,22.656,360842
1389,2022-09-21 16:10:00,22.79,22.826,22.687,22.763,553860
1390,2022-09-21 16:05:00,22.721,22.836,22.687,22.773,570497
1391,2022-09-21 16:00:00,22.829,22.846,22.687,22.705,1348064
1392,2022-09-21 15:55:00,23.134,23.141,22.794,22.803,6235165
1393,2022-09-21 15:50:00,23.046,23.239,22.991,23.117,7612105
1394,2022-09-21 15:45:00,23.124,23.141,22.912,23.033,7130513
1395,2022-09-21 15:40:00,23.271,23.436,23.099,23.112,5984303
1396,2022-09-21 15:35:00,23.743,23.765,23.216,23.257,6675714
1397,2022-09-21 15:30:00,23.704,23.779,23.403,23.725,7652907
1398,2022-09-21 15:25:00,24.273,24.281,23.678,23.696,6571633
1399,2022-09-21 15:20:00,24.44,24.453,24.139,24.256,5121627
1400,2022-09-21 15:15:00,24.676,24.831,24.364,24.432,5617014
1401,2022-09-21 15:10:00,24.657,24.703,23.952,24.656,12035862
1402,2022-09-21 15:05:00,24.863,25.048,24.571,24.633,5063267
1403,2022-09-21 15:00:00,25.069,25.204,24.708,24.854,6716474
1404,2022-09-21 14:55:00,25.089,25.155,24.757,25.041,7281214
1405,2022-09-21 14:50:00,24.814,25.145,24.453,25.07,8998969
1406,2022-09-21 14:45:00,25.099,25.47,24.6,24.786,13910965
1407,2022-09-21 14:40:00,24.273,25.204,24.1,25.08,14359267
1408,2022-09-21 14:35:00,24.386,24.588,24.06,24.265,15113986
1409,2022-09-21 14:30:00,23.704,24.546,23.452,24.367,12939857
1410,2022-09-21 14:25:00,23.763,23.956,23.629,23.686,5591062
1411,2022-09-21 14:20:00,23.507,23.789,23.472,23.746,4212808
1412,2022-09-21 14:15:00,23.389,23.603,23.324,23.495,5952677
1413,2022-09-21 14:10:00,23.782,23.902,23.354,23.377,5651980
1414,2022-09-21 14:05:00,23.321,24.014,23.138,23.755,11524405
1415,2022-09-21 14:00:00,24.814,24.87,23.295,23.323,16820693
1416,2022-09-21 13:55:00,24.637,24.959,24.593,24.791,2502552
1417,2022-09-21 13:50:00,24.652,24.693,24.6,24.619,1054935
1418,2022-09-21 13:45:00,24.642,24.703,24.561,24.633,1145058
1419,2022-09-21 13:40:00,24.607,24.664,24.561,24.621,850232
1420,2022-09-21 13:35:00,24.558,24.615,24.531,24.584,885995
1421,2022-09-21 13:30:00,24.494,24.575,24.453,24.545,1074366
1422,2022-09-21 13:25:00,24.436,24.507,24.374,24.476,577529
1423,2022-09-21 13:20:00,24.44,24.462,24.374,24.418,476197
1424,2022-09-21 13:15:00,24.47,24.477,24.364,24.427,830771
1425,2022-09-21 13:10:00,24.499,24.546,24.443,24.462,553711
1426,2022-09-21 13:05:00,24.516,24.536,24.414,24.484,672040
1427,2022-09-21 13:00:00,24.491,24.536,24.453,24.491,569799
1428,2022-09-21 12:55:00,24.553,24.562,24.463,24.476,684030
1429,2022-09-21 12:50:00,24.647,24.654,24.512,24.537,753199
1430,2022-09-21 12:45:00,24.578,24.654,24.521,24.619,985159
1431,2022-09-21 12:40:00,24.588,24.61,24.541,24.56,573483
1432,2022-09-21 12:35:00,24.627,24.674,24.541,24.565,1342035
1433,2022-09-21 12:30:00,24.558,24.644,24.502,24.609,1215307
1434,2022-09-21 12:25:00,24.494,24.566,24.447,24.535,1090543
1435,2022-09-21 12:20:00,24.495,24.526,24.423,24.472,530376
1436,2022-09-21 12:15:00,24.476,24.516,24.428,24.474,561716
1437,2022-09-21 12:10:00,24.451,24.507,24.406,24.458,964615
1438,2022-09-21 12:05:00,24.382,24.467,24.335,24.434,521406
1439,2022-09-21 12:00:00,24.417,24.428,24.325,24.364,360237
1440,2022-09-21 11:55:00,24.382,24.438,24.325,24.398,418613
1441,2022-09-21 11:50:00,24.377,24.428,24.325,24.368,612375
1442,2022-09-21 11:45:00,24.45,24.487,24.345,24.359,730474
1443,2022-09-21 11:40:00,24.421,24.487,24.377,24.432,1028994
1444,2022-09-21 11:35:00,24.416,24.448,24.36,24.408,649243
1445,2022-09-21 11:30:00,24.391,24.444,24.345,24.393,1441360
1446,2022-09-21 11:25:00,24.367,24.408,24.296,24.373,810138
1447,2022-09-21 11:20:00,24.342,24.379,24.266,24.354,866682
1448,2022-09-21 11:15:00,24.401,24.408,24.306,24.33,1212174
1449,2022-09-21 11:10:00,24.313,24.408,24.276,24.379,1490166
1450,2022-09-21 11:05:00,24.267,24.354,24.207,24.29,892543
1451,2022-09-21 11:00:00,24.342,24.403,24.212,24.247,1163920
1452,2022-09-21 10:55:00,24.361,24.379,24.266,24.32,710905
1453,2022-09-21 10:50:00,24.332,24.428,24.296,24.338,2217791
1454,2022-09-21 10:45:00,24.323,24.405,24.227,24.322,1548604
1455,2022-09-21 10:40:00,24.352,24.408,24.286,24.31,1069895
1456,2022-09-21 10:35:00,24.436,24.448,24.306,24.334,1965223
1457,2022-09-21 10:30:00,24.583,24.615,24.374,24.413,1971518
1458,2022-09-21 10:25:00,24.46,24.605,24.384,24.57,1841954
1459,2022-09-21 10:20:00,24.395,24.487,24.315,24.442,1483823
1460,2022-09-21 10:15:00,24.44,24.457,24.34,24.373,1004962
1461,2022-09-21 10:10:00,24.506,24.526,24.355,24.422,1075124
1462,2022-09-21 10:05:00,24.47,24.516,24.286,24.481,2120337
1463,2022-09-21 10:00:00,24.431,24.516,24.355,24.452,1806593
1464,2022-09-21 09:55:00,24.445,24.506,24.296,24.408,1935030
1465,2022-09-21 09:50:00,24.522,24.595,24.384,24.432,2452822
1466,2022-09-21 09:45:00,24.247,24.566,24.212,24.505,3252275
1467,2022-09-21 09:40:00,24.323,24.438,24.217,24.231,2583574
1468,2022-09-21 09:35:00,24.244,24.369,24.198,24.305,2551137
1469,2022-09-21 09:30:00,24.372,24.467,24.207,24.219,3301837
1470,2022-09-21 09:25:00,24.421,24.428,24.315,24.354,175764
1471,2022-09-21 09:20:00,24.44,24.467,24.394,24.403,94823
1472,2022-09-21 09:15:00,24.47,24.497,24.414,24.422,118319
1473,2022-09-21 09:10:00,24.47,24.487,24.404,24.442,148061
1474,2022-09-21 09:05:00,24.44,24.487,24.374,24.442,121492
1475,2022-09-21 09:00:00,24.45,24.507,24.414,24.422,174055
1476,2022-09-21 08:55:00,24.431,24.448,24.355,24.422,113260
1477,2022-09-21 08:50:00,24.45,24.457,24.384,24.422,172436
1478,2022-09-21 08:45:00,24.45,24.487,24.414,24.432,134217
1479,2022-09-21 08:40:00,24.47,24.487,24.394,24.422,151713
1480,2022-09-21 08:35:00,24.509,24.516,24.433,24.452,242641
1481,2022-09-21 08:30:00,24.323,24.546,24.296,24.491,345859
1482,2022-09-21 08:25:00,24.254,24.349,24.207,24.314,106927
1483,2022-09-21 08:20:00,24.215,24.261,24.188,24.236,145224
1484,2022-09-21 08:15:00,24.254,24.271,24.188,24.197,23192
1485,2022-09-21 08:10:00,24.273,24.281,24.188,24.226,87635
1486,2022-09-21 08:05:00,24.234,24.281,24.198,24.246,78764
1487,2022-09-21 08:00:00,24.156,24.3,23.864,24.216,399793
1488,2022-09-21 07:55:00,24.273,24.281,24.207,24.216,20368
1489,2022-09-21 07:50:00,24.234,24.3,24.188,24.256,129752
1490,2022-09-21 07:45:00,24.165,24.261,24.139,24.216,82725
1491,2022-09-21 07:40:00,24.136,24.182,24.109,24.138,15201
1492,2022-09-21 07:35:00,24.097,24.173,24.07,24.118,33475
1493,2022-09-21 07:30:00,24.106,24.143,24.06,24.079,30468
1494,2022-09-21 07:25:00,24.125,24.132,24.07,24.089,18144
1495,2022-09-21 07:20:00,24.126,24.133,24.07,24.108,17038
1496,2022-09-21 07:15:00,24.116,24.173,24.09,24.108,18516
1497,2022-09-21 07:10:00,24.116,24.133,24.08,24.089,17183
1498,2022-09-21 07:05:00,24.146,24.162,24.09,24.108,32540
1499,2022-09-21 07:00:00,24.146,24.192,24.119,24.138,79367
1500,2022-09-21 06:55:00,24.185,24.202,24.119,24.128,11605
1501,2022-09-21 06:50:00,24.165,24.222,24.129,24.187,38243
1502,2022-09-21 06:45:00,24.136,24.202,24.109,24.157,9516
1503,2022-09-21 06:40:00,24.106,24.143,24.08,24.108,7024
1504,2022-09-21 06:35:00,24.077,24.133,24.001,24.098,36798
1505,2022-09-21 06:30:00,24.175,24.182,24.031,24.049,49799
1506,2022-09-21 06:25:00,24.116,24.202,24.09,24.177,25303
1507,2022-09-21 06:20:00,24.185,24.192,24.09,24.108,18638
1508,2022-09-21 06:15:00,24.175,24.212,24.149,24.167,5984
1509,2022-09-21 06:10:00,24.175,24.192,24.129,24.167,6171
1510,2022-09-21 06:05:00,24.185,24.192,24.139,24.157,12648
1511,2022-09-21 06:00:00,24.215,24.241,24.149,24.157,15248
1512,2022-09-21 05:55:00,24.215,24.231,24.178,24.197,19508
1513,2022-09-21 05:50:00,24.244,24.271,24.178,24.206,28970
1514,2022-09-21 05:45:00,24.156,24.241,24.129,24.216,33326
1515,2022-09-21 05:40:00,24.165,24.202,24.129,24.138,22713
1516,2022-09-21 05:35:00,24.156,24.163,24.1,24.138,17724
1517,2022-09-21 05:30:00,24.077,24.153,24.05,24.118,22109
1518,2022-09-21 05:25:00,24.038,24.094,24.001,24.049,10006
1519,2022-09-21 05:20:00,24.038,24.074,23.992,24.01,24028
1520,2022-09-21 05:15:00,24.077,24.084,24.001,24.02,21598
1521,2022-09-21 05:10:00,24.097,24.104,24.041,24.049,19787
1522,2022-09-21 05:05:00,24.126,24.133,24.06,24.079,12245
1523,2022-09-21 05:00:00,24.146,24.163,24.08,24.118,22858
1524,2022-09-21 04:55:00,24.175,24.182,24.109,24.118,14353
1525,2022-09-21 04:50:00,24.175,24.182,24.119,24.148,9487
1526,2022-09-21 04:45:00,24.175,24.192,24.139,24.148,14932
1527,2022-09-21 04:40:00,24.165,24.202,24.129,24.148,21782
1528,2022-09-21 04:35:00,24.146,24.182,24.119,24.148,30582
1529,2022-09-21 04:30:00,24.136,24.163,24.06,24.128,42427
1530,2022-09-21 04:25:00,24.195,24.212,24.1,24.118,25003
1531,2022-09-21 04:20:00,24.156,24.212,24.119,24.177,40369
1532,2022-09-21 04:15:00,24.077,24.163,24.05,24.138,41138
1533,2022-09-21 04:10:00,24.067,24.133,24.041,24.059,94346
1534,2022-09-21 04:05:00,24.048,24.074,23.972,24.04,43150
1535,2022-09-21 04:00:00,24.116,24.251,23.992,24.04,171847
1536,2022-09-20 19:55:00,24.165,24.173,24.1,24.128,77438
1537,2022-09-20 19:50:00,24.165,24.182,24.109,24.148,81326
1538,2022-09-20 19:45:00,24.156,24.173,24.119,24.138,16881
1539,2022-09-20 19:40:00,24.146,24.173,24.109,24.128,24116
1540,2022-09-20 19:35:00,24.126,24.153,24.09,24.128,28420
1541,2022-09-20 19:30:00,24.097,24.133,24.05,24.108,26014
1542,2022-09-20 19:25:00,24.087,24.123,24.06,24.079,25406
1543,2022-09-20 19:20:00,24.087,24.114,24.05,24.069,33699
1544,2022-09-20 19:15:00,24.067,24.094,24.031,24.069,57716
1545,2022-09-20 19:10:00,24.087,24.114,24.031,24.04,26317
1546,2022-09-20 19:05:00,24.185,24.192,24.06,24.089,39794
1547,2022-09-20 19:00:00,24.185,24.202,24.149,24.167,30217
1548,2022-09-20 18:55:00,24.165,24.192,24.129,24.167,45222
1549,2022-09-20 18:50:00,24.156,24.192,24.129,24.148,7716
1550,2022-09-20 18:45:00,24.165,24.182,24.119,24.138,5500
1551,2022-09-20 18:40:00,24.146,24.192,24.119,24.167,11097
1552,2022-09-20 18:35:00,24.156,24.182,24.119,24.138,12728
1553,2022-09-20 18:30:00,24.156,24.182,24.119,24.128,31033
1554,2022-09-20 18:25:00,24.156,24.192,24.129,24.138,24776
1555,2022-09-20 18:20:00,24.146,24.163,24.109,24.138,27303
1556,2022-09-20 18:15:00,24.146,24.163,24.109,24.118,18680
1557,2022-09-20 18:10:00,24.165,24.182,24.119,24.128,37650
1558,2022-09-20 18:05:00,24.195,24.202,24.129,24.138,49189
1559,2022-09-20 18:00:00,24.215,24.251,24.129,24.167,56683
1560,2022-09-20 17:55:00,24.205,24.222,24.168,24.187,13813
1561,2022-09-20 17:50:00,24.198,24.222,24.168,24.187,17335
1562,2022-09-20 17:45:00,24.195,24.222,24.168,24.177,15038
1563,2022-09-20 17:40:00,24.205,24.222,24.168,24.177,14172
1564,2022-09-20 17:35:00,24.215,24.231,24.178,24.197,9273
1565,2022-09-20 17:30:00,24.224,24.241,24.188,24.197,10682
1566,2022-09-20 17:25:00,24.244,24.261,24.198,24.216,10350
1567,2022-09-20 17:20:00,24.234,24.251,24.207,24.226,5897
1568,2022-09-20 17:15:00,24.234,24.251,24.198,24.226,10792
1569,2022-09-20 17:10:00,24.224,24.261,24.198,24.206,7981
1570,2022-09-20 17:05:00,24.254,24.27,24.198,24.206,14613
1571,2022-09-20 17:00:00,24.264,24.29,24.237,24.256,24674
1572,2022-09-20 16:55:00,24.244,24.29,24.207,24.256,26969
1573,2022-09-20 16:50:00,24.224,24.251,24.198,24.226,47879
1574,2022-09-20 16:45:00,24.224,24.251,24.178,24.206,20112
1575,2022-09-20 16:40:00,24.224,24.241,24.178,24.206,33016
1576,2022-09-20 16:35:00,24.234,24.241,24.168,24.216,71072
1577,2022-09-20 16:30:00,24.234,24.261,24.198,24.226,32696
1578,2022-09-20 16:25:00,24.234,24.271,24.207,24.216,71403
1579,2022-09-20 16:20:00,24.254,24.271,24.207,24.216,75043
1580,2022-09-20 16:15:00,24.283,24.33,24.217,24.226,57306
1581,2022-09-20 16:10:00,24.293,24.33,24.257,24.265,192704
1582,2022-09-20 16:05:00,24.224,24.32,24.198,24.285,270415
1583,2022-09-20 16:00:00,24.146,24.31,24.119,24.206,653297
1584,2022-09-20 15:55:00,24.185,24.192,24.021,24.128,2568834
1585,2022-09-20 15:50:00,24.283,24.31,24.06,24.167,2320773
1586,2022-09-20 15:45:00,24.332,24.428,24.217,24.265,2428565
1587,2022-09-20 15:40:00,24.337,24.364,24.217,24.315,1823941
1588,2022-09-20 15:35:00,24.215,24.369,24.158,24.318,2292433
1589,2022-09-20 15:30:00,24.165,24.231,23.992,24.202,2233053
1590,2022-09-20 15:25:00,24.195,24.261,24.139,24.157,1368672
1591,2022-09-20 15:20:00,24.126,24.251,24.07,24.177,3023934
1592,2022-09-20 15:15:00,24.078,24.153,24.006,24.107,1454424
1593,2022-09-20 15:10:00,23.979,24.113,23.923,24.065,1196526
1594,2022-09-20 15:05:00,24.061,24.089,23.913,23.957,1512896
1595,2022-09-20 15:00:00,24.037,24.222,23.967,24.04,2995701
1596,2022-09-20 14:55:00,23.959,24.099,23.893,24.015,1933467
1597,2022-09-20 14:50:00,24.033,24.064,23.903,23.942,1556160
1598,2022-09-20 14:45:00,23.797,24.104,23.741,24.012,3558912
1599,2022-09-20 14:40:00,23.763,23.829,23.638,23.779,1412745
1600,2022-09-20 14:35:00,23.743,23.819,23.697,23.745,872096
1601,2022-09-20 14:30:00,23.881,23.892,23.707,23.716,1365225
1602,2022-09-20 14:25:00,23.93,23.956,23.815,23.867,1156265
1603,2022-09-20 14:20:00,23.871,23.986,23.786,23.912,2824009
1604,2022-09-20 14:15:00,23.768,23.884,23.648,23.847,1349546
1605,2022-09-20 14:10:00,23.785,23.799,23.687,23.755,1225740
1606,2022-09-20 14:05:00,23.714,23.799,23.668,23.77,1757742
1607,2022-09-20 14:00:00,23.599,23.75,23.56,23.696,1857095
1608,2022-09-20 13:55:00,23.704,23.721,23.53,23.583,2378863
1609,2022-09-20 13:50:00,23.753,23.789,23.629,23.692,1898127
1610,2022-09-20 13:45:00,23.861,23.917,23.717,23.73,1396560
1611,2022-09-20 13:40:00,23.783,23.907,23.727,23.862,1504415
1612,2022-09-20 13:35:00,23.763,23.829,23.717,23.766,1065873
1613,2022-09-20 13:30:00,23.881,23.888,23.697,23.75,2931450
1614,2022-09-20 13:25:00,24.063,24.084,23.854,23.867,1848904
1615,2022-09-20 13:20:00,24.033,24.094,23.962,24.048,1386287
1616,2022-09-20 13:15:00,24.116,24.123,23.982,24.01,1766132
1617,2022-09-20 13:10:00,24.205,24.222,24.07,24.105,910248
1618,2022-09-20 13:05:00,24.224,24.261,24.109,24.192,1691475
1619,2022-09-20 13:00:00,24.303,24.33,24.183,24.197,1552234
1620,2022-09-20 12:55:00,24.318,24.34,24.242,24.28,1255713
1621,2022-09-20 12:50:00,24.26,24.33,24.198,24.297,916695
1622,2022-09-20 12:45:00,24.259,24.31,24.182,24.246,1571874
1623,2022-09-20 12:40:00,24.262,24.31,24.198,24.239,1058433
1624,2022-09-20 12:35:00,24.264,24.32,24.178,24.246,1286310
1625,2022-09-20 12:30:00,24.372,24.399,24.207,24.246,2539901
1626,2022-09-20 12:25:00,24.532,24.542,24.335,24.354,1470534
1627,2022-09-20 12:20:00,24.573,24.614,24.482,24.516,749199
1628,2022-09-20 12:15:00,24.627,24.669,24.492,24.554,1117545
1629,2022-09-20 12:10:00,24.637,24.674,24.526,24.609,1290157
1630,2022-09-20 12:05:00,24.725,24.752,24.59,24.624,1509736
1631,2022-09-20 12:00:00,24.696,24.752,24.61,24.702,1365947
1632,2022-09-20 11:55:00,24.622,24.723,24.59,24.673,1678978
1633,2022-09-20 11:50:00,24.443,24.654,24.355,24.609,2510375
1634,2022-09-20 11:45:00,24.358,24.482,24.306,24.427,1164950
1635,2022-09-20 11:40:00,24.377,24.435,24.286,24.334,941449
1636,2022-09-20 11:35:00,24.431,24.448,24.296,24.363,1093289
1637,2022-09-20 11:30:00,24.45,24.533,24.364,24.408,1485393
1638,2022-09-20 11:25:00,24.421,24.536,24.355,24.431,1149593
1639,2022-09-20 11:20:00,24.382,24.487,24.324,24.403,1189090
1640,2022-09-20 11:15:00,24.45,24.491,24.296,24.371,1312712
1641,2022-09-20 11:10:00,24.48,24.523,24.394,24.432,1418827
1642,2022-09-20 11:05:00,24.308,24.507,24.237,24.462,2292259
1643,2022-09-20 11:00:00,24.351,24.408,24.217,24.285,1556460
1644,2022-09-20 10:55:00,24.322,24.364,24.237,24.328,1380578
1645,2022-09-20 10:50:00,24.233,24.399,24.188,24.3,3097726
1646,2022-09-20 10:45:00,24.184,24.261,24.109,24.211,1859330
1647,2022-09-20 10:40:00,24.057,24.276,24.021,24.167,2810051
1648,2022-09-20 10:35:00,24.126,24.182,23.903,24.04,3192405
1649,2022-09-20 10:30:00,24.175,24.187,24.05,24.118,1280667
1650,2022-09-20 10:25:00,24.086,24.271,24.021,24.162,1975384
1651,2022-09-20 10:20:00,24.067,24.202,24.021,24.064,1688018
1652,2022-09-20 10:15:00,24.063,24.163,23.952,24.049,2119218
1653,2022-09-20 10:10:00,24.234,24.281,23.956,24.04,2600875
1654,2022-09-20 10:05:00,24.107,24.3,24.07,24.211,2536481
1655,2022-09-20 10:00:00,24.116,24.222,23.982,24.093,2500771
1656,2022-09-20 09:55:00,24.111,24.231,24.05,24.092,1676009
1657,2022-09-20 09:50:00,24.102,24.143,23.962,24.089,1982385
1658,2022-09-20 09:45:00,23.989,24.202,23.933,24.084,3426481
1659,2022-09-20 09:40:00,24.057,24.094,23.884,23.974,2625711
1660,2022-09-20 09:35:00,24.239,24.246,23.943,24.04,3248541
1661,2022-09-20 09:30:00,24.097,24.281,24.041,24.221,4355535
1662,2022-09-20 09:25:00,24.156,24.182,24.051,24.079,250757
1663,2022-09-20 09:20:00,24.165,24.173,24.09,24.138,154607
1664,2022-09-20 09:15:00,24.215,24.222,24.129,24.148,163448
1665,2022-09-20 09:10:00,24.234,24.251,24.168,24.206,87196
1666,2022-09-20 09:05:00,24.273,24.29,24.178,24.226,202292
1667,2022-09-20 09:00:00,24.244,24.31,24.207,24.256,120856
1668,2022-09-20 08:55:00,24.273,24.3,24.198,24.226,111684
1669,2022-09-20 08:50:00,24.224,24.31,24.198,24.256,205262
1670,2022-09-20 08:45:00,24.224,24.271,24.178,24.216,138313
1671,2022-09-20 08:40:00,24.175,24.251,24.149,24.206,308394
1672,2022-09-20 08:35:00,24.165,24.212,24.129,24.148,188602
1673,2022-09-20 08:30:00,24.116,24.212,24.08,24.138,238751
1674,2022-09-20 08:25:00,24.185,24.202,24.07,24.098,198385
1675,2022-09-20 08:20:00,24.254,24.271,24.139,24.167,216087
1676,2022-09-20 08:15:00,24.224,24.3,24.178,24.236,126619
1677,2022-09-20 08:10:00,24.215,24.29,24.188,24.216,192302
1678,2022-09-20 08:05:00,24.293,24.31,24.178,24.197,388654
1679,2022-09-20 08:00:00,24.411,25.027,24.248,24.275,697975
1680,2022-09-20 07:55:00,24.342,24.359,24.285,24.294,100930
1681,2022-09-20 07:50:00,24.382,24.418,24.315,24.324,51339
1682,2022-09-20 07:45:00,24.372,24.389,24.306,24.354,74244
1683,2022-09-20 07:40:00,24.44,24.448,24.325,24.354,116361
1684,2022-09-20 07:35:00,24.45,24.457,24.404,24.422,34358
1685,2022-09-20 07:30:00,24.47,24.477,24.394,24.432,75773
1686,2022-09-20 07:25:00,24.46,24.516,24.423,24.462,24156
1687,2022-09-20 07:20:00,24.519,24.526,24.414,24.442,48274
1688,2022-09-20 07:15:00,24.401,24.516,24.374,24.491,69452
1689,2022-09-20 07:10:00,24.46,24.477,24.335,24.373,64162
1690,2022-09-20 07:05:00,24.47,24.507,24.414,24.452,102503
1691,2022-09-20 07:00:00,24.421,24.497,24.374,24.462,138296
1692,2022-09-20 06:55:00,24.411,24.428,24.374,24.403,6116
1693,2022-09-20 06:50:00,24.401,24.438,24.364,24.393,13159
1694,2022-09-20 06:45:00,24.342,24.399,24.276,24.373,8881
1695,2022-09-20 06:40:00,24.401,24.408,24.315,24.324,27336
1696,2022-09-20 06:35:00,24.411,24.438,24.364,24.373,13038
1697,2022-09-20 06:30:00,24.391,24.408,24.345,24.383,23144
1698,2022-09-20 06:25:00,24.352,24.399,24.325,24.373,15423
1699,2022-09-20 06:20:00,24.303,24.349,24.247,24.324,21199
1700,2022-09-20 06:15:00,24.313,24.32,24.237,24.275,22804
1701,2022-09-20 06:10:00,24.303,24.33,24.247,24.295,24249
1702,2022-09-20 06:05:00,24.332,24.34,24.237,24.295,98705
1703,2022-09-20 06:00:00,24.372,24.379,24.227,24.305,54835
1704,2022-09-20 05:55:00,24.313,24.389,24.286,24.354,27527
1705,2022-09-20 05:50:00,24.342,24.369,24.257,24.295,35482
1706,2022-09-20 05:45:00,24.352,24.359,24.266,24.324,38804
1707,2022-09-20 05:40:00,24.401,24.408,24.325,24.334,25822
1708,2022-09-20 05:35:00,24.382,24.418,24.335,24.383,26765
1709,2022-09-20 05:30:00,24.391,24.467,24.355,24.373,65760
1710,2022-09-20 05:25:00,24.323,24.428,24.286,24.373,58886
1711,2022-09-20 05:20:00,24.391,24.399,24.286,24.305,123279
1712,2022-09-20 05:15:00,24.44,24.448,24.345,24.373,82755
1713,2022-09-20 05:10:00,24.47,24.477,24.394,24.432,85744
1714,2022-09-20 05:05:00,24.558,24.566,24.433,24.452,28748
1715,2022-09-20 05:00:00,24.539,24.585,24.502,24.53,12074
1716,2022-09-20 04:55:00,24.519,24.575,24.492,24.511,31064
1717,2022-09-20 04:50:00,24.598,24.625,24.492,24.501,45469
1718,2022-09-20 04:45:00,24.627,24.654,24.58,24.599,18479
1719,2022-09-20 04:40:00,24.637,24.664,24.6,24.609,32939
1720,2022-09-20 04:35:00,24.627,24.644,24.58,24.619,35192
1721,2022-09-20 04:30:00,24.549,24.625,24.512,24.599,80176
1722,2022-09-20 04:25:00,24.499,24.566,24.443,24.53,58803
1723,2022-09-20 04:20:00,24.49,24.507,24.443,24.462,28942
1724,2022-09-20 04:15:00,24.48,24.516,24.414,24.471,40328
1725,2022-09-20 04:10:00,24.509,24.516,24.414,24.452,85187
1726,2022-09-20 04:05:00,24.568,24.585,24.463,24.501,78305
1727,2022-09-20 04:00:00,24.745,24.851,24.531,24.55,203458
1728,2022-09-19 19:55:00,25.03,25.077,24.992,25.041,106282
1729,2022-09-19 19:50:00,25.0,25.057,24.973,25.021,93824
1730,2022-09-19 19:45:00,24.981,25.018,24.943,24.992,78357
1731,2022-09-19 19:40:00,24.991,24.998,24.934,24.952,33252
1732,2022-09-19 19:35:00,24.981,25.018,24.953,24.972,45103
1733,2022-09-19 19:30:00,24.941,25.037,24.914,24.962,83389
1734,2022-09-19 19:25:00,24.941,24.978,24.894,24.913,28375
1735,2022-09-19 19:20:00,24.912,24.949,24.875,24.923,19470
1736,2022-09-19 19:15:00,24.903,24.949,24.875,24.903,27414
1737,2022-09-19 19:10:00,24.902,24.919,24.865,24.874,65545
1738,2022-09-19 19:05:00,24.922,24.929,24.885,24.894,7529
1739,2022-09-19 19:00:00,24.912,24.929,24.875,24.894,24729
1740,2022-09-19 18:55:00,24.932,24.949,24.875,24.894,12534
1741,2022-09-19 18:50:00,24.932,24.949,24.894,24.913,13308
1742,2022-09-19 18:45:00,24.941,24.959,24.904,24.923,21588
1743,2022-09-19 18:40:00,24.932,24.949,24.885,24.923,30648
1744,2022-09-19 18:35:00,24.912,24.929,24.875,24.903,6209
1745,2022-09-19 18:30:00,24.922,24.939,24.875,24.894,25870
1746,2022-09-19 18:25:00,24.951,24.968,24.885,24.903,22587
1747,2022-09-19 18:20:00,24.932,24.988,24.894,24.952,93285
1748,2022-09-19 18:15:00,24.912,24.929,24.865,24.903,26941
1749,2022-09-19 18:10:00,24.873,24.919,24.845,24.894,27814
1750,2022-09-19 18:05:00,24.863,24.88,24.816,24.835,65368
1751,2022-09-19 18:00:00,24.892,24.9,24.826,24.845,70404
1752,2022-09-19 17:55:00,24.912,24.929,24.875,24.884,41891
1753,2022-09-19 17:50:00,24.883,24.919,24.855,24.893,34970
1754,2022-09-19 17:45:00,24.883,24.9,24.845,24.874,27806
1755,2022-09-19 17:40:00,24.912,24.919,24.846,24.864,13214
1756,2022-09-19 17:35:00,24.883,24.919,24.827,24.884,19541
1757,2022-09-19 17:30:00,24.883,24.9,24.845,24.854,22545
1758,2022-09-19 17:25:00,24.892,24.91,24.826,24.864,11821
1759,2022-09-19 17:20:00,24.922,24.929,24.855,24.864,55357
1760,2022-09-19 17:15:00,24.863,24.939,24.816,24.903,36546
1761,2022-09-19 17:10:00,24.843,24.87,24.816,24.835,21832
1762,2022-09-19 17:05:00,24.834,24.86,24.806,24.835,11133
1763,2022-09-19 17:00:00,24.873,24.89,24.796,24.815,73635
1764,2022-09-19 16:55:00,24.912,24.929,24.835,24.854,55151
1765,2022-09-19 16:50:00,24.912,24.939,24.875,24.904,77347
1766,2022-09-19 16:45:00,24.932,24.939,24.875,24.903,57850
1767,2022-09-19 16:40:00,24.902,24.949,24.865,24.913,115070
1768,2022-09-19 16:35:00,24.843,24.9,24.816,24.874,84346
1769,2022-09-19 16:30:00,24.804,24.86,24.767,24.825,73716
1770,2022-09-19 16:25:00,24.774,24.821,24.737,24.786,48901
1771,2022-09-19 16:20:00,24.794,24.801,24.737,24.756,110932
1772,2022-09-19 16:15:00,24.833,24.841,24.757,24.786,112717
1773,2022-09-19 16:10:00,24.794,24.851,24.767,24.805,135396
1774,2022-09-19 16:05:00,24.873,24.88,24.767,24.786,145367
1775,2022-09-19 16:00:00,24.765,25.008,24.698,24.845,617606
1776,2022-09-19 15:55:00,24.725,24.773,24.629,24.746,3387631
1777,2022-09-19 15:50:00,24.666,24.733,24.502,24.697,2206436
1778,2022-09-19 15:45:00,24.706,24.762,24.58,24.638,1694778
1779,2022-09-19 15:40:00,24.716,24.772,24.639,24.687,1471935
1780,2022-09-19 15:35:00,24.711,24.792,24.659,24.697,1391232
1781,2022-09-19 15:30:00,24.666,24.792,24.629,24.697,2098644
1782,2022-09-19 15:25:00,24.631,24.752,24.58,24.643,1938991
1783,2022-09-19 15:20:00,24.588,24.664,24.512,24.619,1507564
1784,2022-09-19 15:15:00,24.647,24.693,24.541,24.578,1837186
1785,2022-09-19 15:10:00,24.494,24.703,24.433,24.629,4600479
1786,2022-09-19 15:05:00,24.49,24.526,24.423,24.476,1483382
1787,2022-09-19 15:00:00,24.273,24.526,24.247,24.474,3196791
1788,2022-09-19 14:55:00,24.215,24.3,24.178,24.246,1148677
1789,2022-09-19 14:50:00,24.126,24.261,24.09,24.197,848909
1790,2022-09-19 14:45:00,24.146,24.192,24.06,24.107,831970
1791,2022-09-19 14:40:00,24.26,24.27,24.119,24.138,852163
1792,2022-09-19 14:35:00,24.205,24.29,24.129,24.241,1283439
1793,2022-09-19 14:30:00,24.116,24.222,24.08,24.187,1625166
1794,2022-09-19 14:25:00,23.999,24.133,23.962,24.096,845177
1795,2022-09-19 14:20:00,24.111,24.163,23.952,23.981,1133053
1796,2022-09-19 14:15:00,24.043,24.202,24.011,24.089,1185950
1797,2022-09-19 14:10:00,24.126,24.143,24.017,24.026,935466
1798,2022-09-19 14:05:00,24.067,24.153,24.001,24.108,917313
1799,2022-09-19 14:00:00,24.106,24.163,24.031,24.049,851570
1800,2022-09-19 13:55:00,24.146,24.192,24.041,24.081,880586
1801,2022-09-19 13:50:00,24.153,24.192,24.07,24.128,639900
1802,2022-09-19 13:45:00,24.106,24.251,24.07,24.148,1469032
1803,2022-09-19 13:40:00,24.097,24.163,24.05,24.098,925313
1804,2022-09-19 13:35:00,24.087,24.132,23.982,24.079,1097434
1805,2022-09-19 13:30:00,24.259,24.271,24.06,24.074,1042079
1806,2022-09-19 13:25:00,24.18,24.271,24.129,24.246,1225827
1807,2022-09-19 13:20:00,24.126,24.191,24.041,24.157,1173715
1808,2022-09-19 13:15:00,24.087,24.123,24.011,24.098,851237
1809,2022-09-19 13:10:00,24.205,24.231,24.026,24.071,1404361
1810,2022-09-19 13:05:00,24.211,24.251,24.12,24.182,1094342
1811,2022-09-19 13:00:00,24.259,24.3,24.173,24.192,966563
1812,2022-09-19 12:55:00,24.264,24.32,24.198,24.246,1197484
1813,2022-09-19 12:50:00,24.136,24.271,24.104,24.246,1378644
1814,2022-09-19 12:45:00,24.16,24.192,24.08,24.113,853192
1815,2022-09-19 12:40:00,24.126,24.182,24.031,24.148,1626381
1816,2022-09-19 12:35:00,23.969,24.153,23.943,24.099,2314563
1817,2022-09-19 12:30:00,23.895,24.005,23.849,23.956,1256957
1818,2022-09-19 12:25:00,23.93,23.966,23.795,23.878,974373
1819,2022-09-19 12:20:00,23.92,23.976,23.825,23.912,700985
1820,2022-09-19 12:15:00,23.881,23.986,23.805,23.902,1313136
1821,2022-09-19 12:10:00,23.9,23.966,23.844,23.863,814421
1822,2022-09-19 12:05:00,23.831,23.956,23.663,23.883,2361041
1823,2022-09-19 12:00:00,23.851,23.961,23.805,23.819,1087285
1824,2022-09-19 11:55:00,23.979,24.015,23.805,23.838,1418276
1825,2022-09-19 11:50:00,23.988,24.055,23.884,23.956,1539151
1826,2022-09-19 11:45:00,23.91,24.015,23.879,23.965,1827558
1827,2022-09-19 11:40:00,23.861,23.937,23.805,23.887,1321043
1828,2022-09-19 11:35:00,23.959,23.976,23.786,23.843,2217631
1829,2022-09-19 11:30:00,24.019,24.055,23.903,23.951,1763801
1830,2022-09-19 11:25:00,24.156,24.207,23.992,24.01,1660845
1831,2022-09-19 11:20:00,24.293,24.31,24.09,24.143,2048506
1832,2022-09-19 11:15:00,24.293,24.487,24.247,24.275,2036705
1833,2022-09-19 11:10:00,24.342,24.418,24.221,24.282,1187088
1834,2022-09-19 11:05:00,24.318,24.414,24.276,24.319,1439809
1835,2022-09-19 11:00:00,24.293,24.408,24.198,24.305,2378658
1836,2022-09-19 10:55:00,24.25,24.349,24.188,24.265,1393163
1837,2022-09-19 10:50:00,24.362,24.408,24.217,24.231,2123136
1838,2022-09-19 10:45:00,24.391,24.477,24.315,24.347,1934574
1839,2022-09-19 10:40:00,24.293,24.428,24.247,24.373,2722999
1840,2022-09-19 10:35:00,24.087,24.33,24.06,24.28,3382204
1841,2022-09-19 10:30:00,24.098,24.173,23.947,24.069,1480671
1842,2022-09-19 10:25:00,23.998,24.133,23.943,24.081,1786957
1843,2022-09-19 10:20:00,23.954,24.005,23.805,23.971,2112477
1844,2022-09-19 10:15:00,24.116,24.182,23.923,23.941,2068596
1845,2022-09-19 10:10:00,23.93,24.231,23.879,24.089,3191682
1846,2022-09-19 10:05:00,23.949,24.084,23.815,23.918,1821889
1847,2022-09-19 10:00:00,24.099,24.123,23.854,23.927,2036045
1848,2022-09-19 09:55:00,24.111,24.187,23.982,24.079,2552623
1849,2022-09-19 09:50:00,23.949,24.202,23.903,24.098,2522958
1850,2022-09-19 09:45:00,23.989,24.123,23.854,23.927,2359210
1851,2022-09-19 09:40:00,23.826,24.045,23.771,23.971,6039100
1852,2022-09-19 09:35:00,23.873,23.907,23.717,23.814,2257764
1853,2022-09-19 09:30:00,23.517,23.907,23.472,23.855,4119683
1854,2022-09-19 09:25:00,23.635,23.642,23.472,23.48,225214
1855,2022-09-19 09:20:00,23.664,23.671,23.589,23.627,160660
1856,2022-09-19 09:15:00,23.714,23.73,23.629,23.647,159404
1857,2022-09-19 09:10:00,23.723,23.73,23.668,23.696,100310
1858,2022-09-19 09:05:00,23.723,23.76,23.648,23.696,104396
1859,2022-09-19 09:00:00,23.714,23.77,23.658,23.716,163490
1860,2022-09-19 08:55:00,23.753,23.779,23.668,23.676,116880
1861,2022-09-19 08:50:00,23.763,23.819,23.707,23.725,179382
1862,2022-09-19 08:45:00,23.723,23.77,23.683,23.745,112545
1863,2022-09-19 08:40:00,23.723,23.76,23.658,23.706,243436
1864,2022-09-19 08:35:00,23.605,23.73,23.57,23.696,211608
1865,2022-09-19 08:30:00,23.596,23.632,23.54,23.588,172446
1866,2022-09-19 08:25:00,23.547,23.632,23.511,23.578,145274
1867,2022-09-19 08:20:00,23.497,23.553,23.462,23.529,82755
1868,2022-09-19 08:15:00,23.547,23.553,23.452,23.48,150637
1869,2022-09-19 08:10:00,23.586,23.632,23.462,23.539,173924
1870,2022-09-19 08:05:00,23.488,23.612,23.462,23.568,228799
1871,2022-09-19 08:00:00,23.448,23.829,23.326,23.46,704019
1872,2022-09-19 07:55:00,23.566,23.573,23.413,23.421,129516
1873,2022-09-19 07:50:00,23.497,23.583,23.472,23.549,81421
1874,2022-09-19 07:45:00,23.488,23.544,23.462,23.48,65272
1875,2022-09-19 07:40:00,23.566,23.573,23.442,23.47,71286
1876,2022-09-19 07:35:00,23.517,23.573,23.491,23.549,33207
1877,2022-09-19 07:30:00,23.478,23.524,23.452,23.5,30285
1878,2022-09-19 07:25:00,23.497,23.544,23.442,23.451,56281
1879,2022-09-19 07:20:00,23.586,23.593,23.472,23.48,47253
1880,2022-09-19 07:15:00,23.605,23.632,23.55,23.568,42111
1881,2022-09-19 07:10:00,23.586,23.632,23.53,23.588,59993
1882,2022-09-19 07:05:00,23.586,23.652,23.55,23.578,95018
1883,2022-09-19 07:00:00,23.576,23.632,23.54,23.568,219779
1884,2022-09-19 06:55:00,23.547,23.583,23.511,23.549,47672
1885,2022-09-19 06:50:00,23.566,23.573,23.511,23.529,25700
1886,2022-09-19 06:45:00,23.507,23.573,23.481,23.549,66199
1887,2022-09-19 06:40:00,23.448,23.514,23.422,23.49,30523
1888,2022-09-19 06:35:00,23.488,23.514,23.422,23.431,66752
1889,2022-09-19 06:30:00,23.468,23.504,23.403,23.47,42653
1890,2022-09-19 06:25:00,23.458,23.495,23.432,23.451,28477
1891,2022-09-19 06:20:00,23.399,23.485,23.354,23.441,27721
1892,2022-09-19 06:15:00,23.38,23.396,23.315,23.362,175469
1893,2022-09-19 06:10:00,23.389,23.436,23.354,23.372,60526
1894,2022-09-19 06:05:00,23.448,23.455,23.344,23.382,62253
1895,2022-09-19 06:00:00,23.507,23.524,23.422,23.431,20110
1896,2022-09-19 05:55:00,23.497,23.544,23.452,23.5,26179
1897,2022-09-19 05:50:00,23.458,23.524,23.432,23.47,16205
1898,2022-09-19 05:45:00,23.438,23.475,23.403,23.441,53518
1899,2022-09-19 05:40:00,23.458,23.504,23.403,23.411,35107
1900,2022-09-19 05:35:00,23.438,23.485,23.413,23.451,8401
1901,2022-09-19 05:30:00,23.488,23.495,23.383,23.411,44941
1902,2022-09-19 05:25:00,23.488,23.534,23.452,23.48,30476
1903,2022-09-19 05:20:00,23.429,23.485,23.393,23.46,57388
1904,2022-09-19 05:15:00,23.566,23.583,23.393,23.411,83772
1905,2022-09-19 05:10:00,23.566,23.573,23.511,23.539,21333
1906,2022-09-19 05:05:00,23.547,23.603,23.481,23.549,16642
1907,2022-09-19 05:00:00,23.497,23.553,23.472,23.529,25107
1908,2022-09-19 04:55:00,23.576,23.583,23.442,23.48,82878
1909,2022-09-19 04:50:00,23.596,23.632,23.54,23.549,99127
1910,2022-09-19 04:45:00,23.605,23.622,23.521,23.588,42981
1911,2022-09-19 04:40:00,23.625,23.632,23.57,23.598,24071
1912,2022-09-19 04:35:00,23.664,23.691,23.609,23.617,28669
1913,2022-09-19 04:30:00,23.723,23.73,23.648,23.667,26644
1914,2022-09-19 04:25:00,23.694,23.77,23.668,23.696,32608
1915,2022-09-19 04:20:00,23.664,23.701,23.629,23.667,134756
1916,2022-09-19 04:15:00,23.714,23.73,23.638,23.657,40200
1917,2022-09-19 04:10:00,23.694,23.73,23.658,23.676,111095
1918,2022-09-19 04:05:00,23.615,23.73,23.579,23.667,221995
1919,2022-09-19 04:00:00,23.664,23.671,23.481,23.598,198986
1920,2022-09-16 19:55:00,24.45,24.487,24.414,24.452,57010
1921,2022-09-16 19:50:00,24.45,24.467,24.414,24.432,25999
1922,2022-09-16 19:45:00,24.431,24.467,24.404,24.432,23429
1923,2022-09-16 19:40:00,24.401,24.448,24.374,24.422,31245
1924,2022-09-16 19:35:00,24.391,24.418,24.345,24.393,22706
1925,2022-09-16 19:30:00,24.362,24.408,24.325,24.383,22898
1926,2022-09-16 19:25:00,24.352,24.389,24.325,24.344,41374
1927,2022-09-16 19:20:00,24.362,24.369,24.296,24.344,37945
1928,2022-09-16 19:15:00,24.362,24.389,24.325,24.334,17958
1929,2022-09-16 19:10:00,24.372,24.379,24.306,24.344,10636
1930,2022-09-16 19:05:00,24.362,24.379,24.315,24.354,7081
1931,2022-09-16 19:00:00,24.362,24.379,24.315,24.354,9910
1932,2022-09-16 18:55:00,24.362,24.379,24.306,24.354,54641
1933,2022-09-16 18:50:00,24.362,24.369,24.325,24.334,10835
1934,2022-09-16 18:45:00,24.372,24.389,24.325,24.344,31819
1935,2022-09-16 18:40:00,24.391,24.408,24.335,24.354,11292
1936,2022-09-16 18:35:00,24.391,24.408,24.345,24.373,15105
1937,2022-09-16 18:30:00,24.391,24.408,24.335,24.373,13567
1938,2022-09-16 18:25:00,24.362,24.408,24.335,24.354,7177
1939,2022-09-16 18:20:00,24.382,24.418,24.325,24.354,19486
1940,2022-09-16 18:15:00,24.313,24.389,24.286,24.364,16776
1941,2022-09-16 18:10:00,24.323,24.349,24.296,24.305,5509
1942,2022-09-16 18:05:00,24.323,24.33,24.286,24.295,5621
1943,2022-09-16 18:00:00,24.332,24.34,24.266,24.305,9361
1944,2022-09-16 17:55:00,24.303,24.34,24.276,24.314,19508
1945,2022-09-16 17:50:00,24.283,24.32,24.257,24.285,37031
1946,2022-09-16 17:45:00,24.303,24.32,24.257,24.275,9933
1947,2022-09-16 17:40:00,24.283,24.32,24.139,24.285,13043
1948,2022-09-16 17:35:00,24.303,24.32,24.247,24.265,14134
1949,2022-09-16 17:30:00,24.332,24.349,24.266,24.285,19552
1950,2022-09-16 17:25:00,24.341,24.349,24.286,24.324,22794
1951,2022-09-16 17:20:00,24.342,24.349,24.306,24.314,23289
1952,2022-09-16 17:15:00,24.323,24.349,24.286,24.314,18254
1953,2022-09-16 17:10:00,24.352,24.369,24.286,24.295,55435
1954,2022-09-16 17:05:00,24.352,24.369,24.306,24.334,22274
1955,2022-09-16 17:00:00,24.342,24.408,24.296,24.314,80125
1956,2022-09-16 16:55:00,24.273,24.369,24.237,24.324,128558
1957,2022-09-16 16:50:00,24.215,24.281,24.188,24.246,75235
1958,2022-09-16 16:45:00,24.205,24.241,24.168,24.197,70821
1959,2022-09-16 16:40:00,24.205,24.231,24.178,24.197,40444
1960,2022-09-16 16:35:00,24.195,24.222,24.158,24.187,114572
1961,2022-09-16 16:30:00,24.205,24.212,24.14,24.167,133674
1962,2022-09-16 16:25:00,24.224,24.231,24.168,24.187,271262
1963,2022-09-16 16:20:00,24.224,24.261,24.198,24.206,152546
1964,2022-09-16 16:15:00,24.205,24.241,24.158,24.206,120922
1965,2022-09-16 16:10:00,24.234,24.251,24.139,24.197,266711
1966,2022-09-16 16:05:00,24.195,24.261,24.139,24.216,179433
1967,2022-09-16 16:00:00,24.165,24.261,24.129,24.177,784039
1968,2022-09-16 15:55:00,24.136,24.3,24.095,24.148,4432061
1969,2022-09-16 15:50:00,24.077,24.241,23.992,24.123,4400700
1970,2022-09-16 15:45:00,24.126,24.153,23.903,24.059,2594764
1971,2022-09-16 15:40:00,24.077,24.163,23.982,24.118,2980547
1972,2022-09-16 15:35:00,23.91,24.084,23.847,24.049,1825443
1973,2022-09-16 15:30:00,23.969,24.054,23.786,23.899,2606104
1974,2022-09-16 15:25:00,24.081,24.123,23.884,23.961,2151961
1975,2022-09-16 15:20:00,23.989,24.251,23.943,24.059,2909782
1976,2022-09-16 15:15:00,24.008,24.104,23.913,23.966,1677374
1977,2022-09-16 15:10:00,24.19,24.202,23.943,23.991,2553881
1978,2022-09-16 15:05:00,24.087,24.271,24.05,24.171,3710110
1979,2022-09-16 15:00:00,23.93,24.104,23.884,24.059,2441288
1980,2022-09-16 14:55:00,23.997,24.035,23.864,23.915,1818436
1981,2022-09-16 14:50:00,23.93,24.015,23.825,23.976,2206952
1982,2022-09-16 14:45:00,23.763,23.986,23.727,23.917,2192484
1983,2022-09-16 14:40:00,23.772,23.843,23.648,23.747,1177400
1984,2022-09-16 14:35:00,23.846,23.897,23.697,23.745,1749244
1985,2022-09-16 14:30:00,23.815,23.858,23.668,23.833,2185837
1986,2022-09-16 14:25:00,23.591,23.884,23.56,23.798,3563508
1987,2022-09-16 14:20:00,23.492,23.603,23.462,23.574,810798
1988,2022-09-16 14:15:00,23.527,23.612,23.432,23.471,962999
1989,2022-09-16 14:10:00,23.551,23.603,23.432,23.519,1004831
1990,2022-09-16 14:05:00,23.547,23.583,23.452,23.539,909282
1991,2022-09-16 14:00:00,23.478,23.563,23.422,23.522,1371842
1992,2022-09-16 13:55:00,23.429,23.534,23.373,23.46,1283406
1993,2022-09-16 13:50:00,23.493,23.504,23.393,23.416,943967
1994,2022-09-16 13:45:00,23.576,23.592,23.442,23.479,826228
1995,2022-09-16 13:40:00,23.64,23.671,23.521,23.565,1040811
1996,2022-09-16 13:35:00,23.497,23.701,23.456,23.617,1494881
1997,2022-09-16 13:30:00,23.488,23.652,23.432,23.48,2020436
1998,2022-09-16 13:25:00,23.503,23.524,23.403,23.474,718545
1999,2022-09-16 13:20:00,23.47,23.534,23.398,23.48,763183
2000,2022-09-16 13:15:00,23.438,23.544,23.393,23.46,723714
2001,2022-09-16 13:10:00,23.483,23.534,23.403,23.421,709138
2002,2022-09-16 13:05:00,23.512,23.544,23.393,23.465,862523
2003,2022-09-16 13:00:00,23.635,23.711,23.472,23.499,1999751
2004,2022-09-16 12:55:00,23.576,23.671,23.501,23.622,1690405
2005,2022-09-16 12:50:00,23.596,23.652,23.521,23.554,1230908
2006,2022-09-16 12:45:00,23.551,23.608,23.452,23.583,1510564
2007,2022-09-16 12:40:00,23.399,23.563,23.373,23.534,1783266
2008,2022-09-16 12:35:00,23.404,23.445,23.315,23.382,1227738
2009,2022-09-16 12:30:00,23.316,23.426,23.269,23.387,1914309
2010,2022-09-16 12:25:00,23.35,23.386,23.226,23.303,2550597
2011,2022-09-16 12:20:00,23.483,23.49,23.305,23.337,2490382
2012,2022-09-16 12:15:00,23.508,23.563,23.364,23.465,1166666
2013,2022-09-16 12:10:00,23.517,23.583,23.462,23.49,1004694
2014,2022-09-16 12:05:00,23.635,23.721,23.481,23.51,1789986
2015,2022-09-16 12:00:00,23.753,23.779,23.57,23.622,1612247
2016,2022-09-16 11:55:00,23.65,23.796,23.561,23.735,2461684
2017,2022-09-16 11:50:00,23.527,23.691,23.472,23.627,2193077
2018,2022-09-16 11:45:00,23.473,23.553,23.373,23.519,1695021
2019,2022-09-16 11:40:00,23.38,23.514,23.334,23.456,1701234
2020,2022-09-16 11:35:00,23.547,23.583,23.319,23.369,3160379
2021,2022-09-16 11:30:00,23.481,23.608,23.413,23.519,1590154
2022,2022-09-16 11:25:00,23.507,23.6,23.422,23.47,1711931
2023,2022-09-16 11:20:00,23.674,23.682,23.442,23.48,1734732
2024,2022-09-16 11:15:00,23.469,23.74,23.403,23.667,2727164
2025,2022-09-16 11:10:00,23.522,23.553,23.383,23.46,1577551
2026,2022-09-16 11:05:00,23.488,23.652,23.442,23.502,2029899
2027,2022-09-16 11:00:00,23.477,23.603,23.406,23.475,1829863
2028,2022-09-16 10:55:00,23.657,23.676,23.432,23.446,2484006
2029,2022-09-16 10:50:00,23.586,23.77,23.521,23.647,2697202
2030,2022-09-16 10:45:00,23.753,23.817,23.53,23.572,3434528
2031,2022-09-16 10:40:00,23.92,24.041,23.727,23.745,2796258
2032,2022-09-16 10:35:00,23.984,24.094,23.835,23.902,4203685
2033,2022-09-16 10:30:00,23.669,23.992,23.629,23.963,4426491
2034,2022-09-16 10:25:00,23.792,23.829,23.599,23.647,2423106
2035,2022-09-16 10:20:00,23.674,23.828,23.57,23.783,3041521
2036,2022-09-16 10:15:00,23.792,23.858,23.629,23.662,2960935
2037,2022-09-16 10:10:00,23.507,23.917,23.462,23.775,4523210
2038,2022-09-16 10:05:00,23.438,23.691,23.403,23.5,4332012
2039,2022-09-16 10:00:00,23.34,23.544,23.305,23.421,3952955
2040,2022-09-16 09:55:00,23.396,23.457,23.236,23.323,3614005
2041,2022-09-16 09:50:00,23.473,23.593,23.324,23.372,3057853
2042,2022-09-16 09:45:00,23.458,23.612,23.364,23.456,3037879
2043,2022-09-16 09:40:00,23.694,23.74,23.364,23.441,3391849
2044,2022-09-16 09:35:00,23.537,23.721,23.393,23.667,3452434
2045,2022-09-16 09:30:00,23.782,23.809,23.383,23.529,6472612
2046,2022-09-16 09:25:00,23.664,23.809,23.511,23.765,493405
2047,2022-09-16 09:20:00,23.704,23.721,23.619,23.657,230070
2048,2022-09-16 09:15:00,23.674,23.721,23.589,23.696,284204
2049,2022-09-16 09:10:00,23.615,23.701,23.579,23.657,415616
2050,2022-09-16 09:05:00,23.596,23.711,23.55,23.598,334163
2051,2022-09-16 09:00:00,23.615,23.657,23.56,23.583,324689
2052,2022-09-16 08:55:00,23.684,23.711,23.56,23.598,316936
2053,2022-09-16 08:50:00,23.733,23.76,23.629,23.657,264513
2054,2022-09-16 08:45:00,23.792,23.819,23.668,23.716,147529
2055,2022-09-16 08:40:00,23.772,23.838,23.727,23.784,144836
2056,2022-09-16 08:35:00,23.743,23.789,23.707,23.745,137602
2057,2022-09-16 08:30:00,23.772,23.779,23.678,23.725,199125
2058,2022-09-16 08:25:00,23.782,23.819,23.717,23.755,169557
2059,2022-09-16 08:20:00,23.831,23.848,23.756,23.775,101522
2060,2022-09-16 08:15:00,23.851,23.888,23.795,23.824,114796
2061,2022-09-16 08:10:00,23.871,23.878,23.795,23.833,126577
2062,2022-09-16 08:05:00,23.831,23.907,23.795,23.853,160277
2063,2022-09-16 08:00:00,23.998,24.094,23.669,23.804,651536
2064,2022-09-16 07:55:00,23.969,24.005,23.923,23.932,74916
2065,2022-09-16 07:50:00,23.93,23.986,23.893,23.951,32777
2066,2022-09-16 07:45:00,23.998,24.025,23.884,23.902,28470
2067,2022-09-16 07:40:00,23.939,24.015,23.913,23.991,51689
2068,2022-09-16 07:35:00,23.861,23.947,23.825,23.922,27315
2069,2022-09-16 07:30:00,23.92,23.937,23.835,23.853,69423
2070,2022-09-16 07:25:00,23.89,23.937,23.864,23.912,33655
2071,2022-09-16 07:20:00,23.89,23.947,23.825,23.853,65414
2072,2022-09-16 07:15:00,23.92,23.927,23.844,23.863,70584
2073,2022-09-16 07:10:00,23.93,23.976,23.884,23.892,46949
2074,2022-09-16 07:05:00,23.959,23.996,23.893,23.912,33022
2075,2022-09-16 07:00:00,24.067,24.094,23.933,23.941,113540
2076,2022-09-16 06:55:00,23.969,24.104,23.943,24.059,41954
2077,2022-09-16 06:50:00,23.939,23.996,23.913,23.951,8324
2078,2022-09-16 06:45:00,23.979,24.015,23.903,23.922,37246
2079,2022-09-16 06:40:00,23.9,23.996,23.874,23.961,64315
2080,2022-09-16 06:35:00,23.861,23.917,23.835,23.873,23357
2081,2022-09-16 06:30:00,23.841,23.878,23.815,23.833,49308
2082,2022-09-16 06:25:00,23.841,23.858,23.795,23.824,16055
2083,2022-09-16 06:20:00,23.782,23.848,23.756,23.824,19762
2084,2022-09-16 06:15:00,23.753,23.77,23.707,23.745,27839
2085,2022-09-16 06:10:00,23.772,23.789,23.736,23.745,5470
2086,2022-09-16 06:05:00,23.763,23.809,23.717,23.755,23248
2087,2022-09-16 06:00:00,23.782,23.838,23.727,23.755,27992
2088,2022-09-16 05:55:00,23.841,23.878,23.756,23.775,46779
2089,2022-09-16 05:50:00,23.763,23.858,23.727,23.824,41632
2090,2022-09-16 05:45:00,23.841,23.858,23.717,23.735,50741
2091,2022-09-16 05:40:00,23.831,23.858,23.786,23.833,8683
2092,2022-09-16 05:35:00,23.792,23.848,23.766,23.814,11200
2093,2022-09-16 05:30:00,23.812,23.829,23.756,23.784,17906
2094,2022-09-16 05:25:00,23.861,23.868,23.776,23.794,25923
2095,2022-09-16 05:20:00,23.812,23.868,23.786,23.843,16802
2096,2022-09-16 05:15:00,23.831,23.848,23.786,23.804,10486
2097,2022-09-16 05:10:00,23.822,23.858,23.786,23.814,20878
2098,2022-09-16 05:05:00,23.841,23.907,23.786,23.794,109869
2099,2022-09-16 05:00:00,23.792,23.888,23.746,23.833,107111
2100,2022-09-16 04:55:00,23.733,23.819,23.697,23.775,40554
2101,2022-09-16 04:50:00,23.714,23.74,23.668,23.706,34595
2102,2022-09-16 04:45:00,23.733,23.75,23.678,23.686,25936
2103,2022-09-16 04:40:00,23.733,23.77,23.687,23.716,46084
2104,2022-09-16 04:35:00,23.743,23.779,23.707,23.716,39017
2105,2022-09-16 04:30:00,23.782,23.799,23.717,23.735,54799
2106,2022-09-16 04:25:00,23.841,23.848,23.736,23.765,52238
2107,2022-09-16 04:20:00,23.841,23.868,23.795,23.824,38427
2108,2022-09-16 04:15:00,23.881,23.888,23.805,23.824,40920
2109,2022-09-16 04:10:00,23.939,23.947,23.844,23.853,144791
2110,2022-09-16 04:05:00,23.93,23.996,23.903,23.922,67386
2111,2022-09-16 04:00:00,24.087,24.094,23.874,23.912,191615
2112,2022-09-15 19:55:00,24.097,24.114,24.05,24.079,116759
2113,2022-09-15 19:50:00,24.116,24.123,24.041,24.079,90170
2114,2022-09-15 19:45:00,24.126,24.133,24.06,24.089,37359
2115,2022-09-15 19:40:00,24.116,24.143,24.07,24.079,75781
2116,2022-09-15 19:35:00,24.106,24.123,24.06,24.098,13395
2117,2022-09-15 19:30:00,24.048,24.123,24.001,24.079,54506
2118,2022-09-15 19:25:00,24.077,24.084,24.001,24.02,37016
2119,2022-09-15 19:20:00,24.067,24.084,24.031,24.059,44017
2120,2022-09-15 19:15:00,24.116,24.123,24.031,24.049,121013
2121,2022-09-15 19:10:00,24.146,24.153,24.08,24.089,11843
2122,2022-09-15 19:05:00,24.165,24.182,24.119,24.128,13490
2123,2022-09-15 19:00:00,24.195,24.212,24.119,24.157,30284
2124,2022-09-15 18:55:00,24.146,24.202,24.1,24.157,67815
2125,2022-09-15 18:50:00,24.106,24.153,24.07,24.118,29243
2126,2022-09-15 18:45:00,24.106,24.133,24.05,24.098,34233
2127,2022-09-15 18:40:00,24.156,24.173,24.07,24.079,18077
2128,2022-09-15 18:35:00,24.146,24.173,24.109,24.138,32492
2129,2022-09-15 18:30:00,24.126,24.173,24.1,24.128,23464
2130,2022-09-15 18:25:00,24.106,24.173,24.08,24.098,36656
2131,2022-09-15 18:20:00,24.116,24.153,24.07,24.079,57208
2132,2022-09-15 18:15:00,24.126,24.163,24.07,24.089,46216
2133,2022-09-15 18:10:00,24.087,24.143,24.041,24.089,77309
2134,2022-09-15 18:05:00,24.048,24.074,23.923,24.049,145835
2135,2022-09-15 18:00:00,24.362,24.369,24.031,24.04,268386
2136,2022-09-15 17:55:00,24.391,24.408,24.335,24.364,30704
2137,2022-09-15 17:50:00,24.362,24.418,24.325,24.373,18082
2138,2022-09-15 17:45:00,24.362,24.379,24.325,24.354,29400
2139,2022-09-15 17:40:00,24.362,24.379,24.325,24.334,22557
2140,2022-09-15 17:35:00,24.362,24.369,24.315,24.344,23999
2141,2022-09-15 17:30:00,24.352,24.369,24.315,24.334,17781
2142,2022-09-15 17:25:00,24.361,24.369,24.315,24.334,20178
2143,2022-09-15 17:20:00,24.332,24.389,24.296,24.343,31510
2144,2022-09-15 17:15:00,24.352,24.359,24.286,24.305,65609
2145,2022-09-15 17:10:00,24.352,24.389,24.306,24.334,33253
2146,2022-09-15 17:05:00,24.401,24.408,24.296,24.334,56778
2147,2022-09-15 17:00:00,24.44,24.497,24.374,24.393,88557
2148,2022-09-15 16:55:00,24.362,24.448,24.335,24.413,63676
2149,2022-09-15 16:50:00,24.362,24.428,24.325,24.354,93562
2150,2022-09-15 16:45:00,24.44,24.654,24.296,24.354,181231
2151,2022-09-15 16:40:00,24.45,24.497,24.404,24.413,76286
2152,2022-09-15 16:35:00,24.558,24.575,24.414,24.422,209769
2153,2022-09-15 16:30:00,24.686,24.703,24.521,24.54,209673
2154,2022-09-15 16:25:00,24.686,24.713,24.659,24.678,57390
2155,2022-09-15 16:20:00,24.676,24.713,24.639,24.668,73181
2156,2022-09-15 16:15:00,24.706,24.733,24.639,24.658,90115
2157,2022-09-15 16:10:00,24.745,24.782,24.659,24.697,130821
2158,2022-09-15 16:05:00,24.755,24.821,24.708,24.717,253084
2159,2022-09-15 16:00:00,24.637,24.831,24.61,24.727,875570
2160,2022-09-15 15:55:00,24.607,24.752,24.58,24.609,4031198
2161,2022-09-15 15:50:00,24.519,24.811,24.423,24.589,6213716
2162,2022-09-15 15:45:00,24.47,24.615,24.409,24.501,3086667
2163,2022-09-15 15:40:00,24.45,24.546,24.335,24.452,2887163
2164,2022-09-15 15:35:00,24.323,24.467,24.286,24.432,1941552
2165,2022-09-15 15:30:00,24.273,24.438,24.198,24.314,2495870
2166,2022-09-15 15:25:00,24.44,24.448,24.188,24.26,2718283
2167,2022-09-15 15:20:00,24.377,24.457,24.286,24.422,2092861
2168,2022-09-15 15:15:00,24.45,24.504,24.306,24.364,3233902
2169,2022-09-15 15:10:00,24.647,24.664,24.384,24.435,4309252
2170,2022-09-15 15:05:00,24.728,24.787,24.62,24.632,1799951
2171,2022-09-15 15:00:00,24.755,24.811,24.62,24.717,1705896
2172,2022-09-15 14:55:00,24.804,24.816,24.678,24.732,1148834
2173,2022-09-15 14:50:00,24.706,24.821,24.659,24.791,1615878
2174,2022-09-15 14:45:00,24.951,24.968,24.678,24.692,1909482
2175,2022-09-15 14:40:00,25.01,25.027,24.835,24.933,1212082
2176,2022-09-15 14:35:00,24.922,25.057,24.85,24.987,1264265
2177,2022-09-15 14:30:00,24.961,25.086,24.875,24.908,1809938
2178,2022-09-15 14:25:00,24.873,24.983,24.796,24.943,1024269
2179,2022-09-15 14:20:00,24.932,24.944,24.786,24.856,1017971
2180,2022-09-15 14:15:00,24.902,24.994,24.807,24.917,1240239
2181,2022-09-15 14:10:00,24.843,24.965,24.786,24.886,1475514
2182,2022-09-15 14:05:00,24.863,24.938,24.762,24.83,1178508
2183,2022-09-15 14:00:00,25.187,25.194,24.826,24.845,2528498
2184,2022-09-15 13:55:00,25.153,25.214,25.081,25.159,936710
2185,2022-09-15 13:50:00,25.171,25.194,25.042,25.134,1174064
2186,2022-09-15 13:45:00,25.236,25.263,25.12,25.154,1169848
2187,2022-09-15 13:40:00,25.315,25.362,25.189,25.227,989355
2188,2022-09-15 13:35:00,25.403,25.43,25.218,25.286,1636474
2189,2022-09-15 13:30:00,25.433,25.47,25.306,25.389,1536435
2190,2022-09-15 13:25:00,25.442,25.568,25.37,25.416,2621981
2191,2022-09-15 13:20:00,25.443,25.514,25.365,25.433,1757633
2192,2022-09-15 13:15:00,25.403,25.515,25.331,25.429,1497590
2193,2022-09-15 13:10:00,25.442,25.45,25.306,25.375,1472338
2194,2022-09-15 13:05:00,25.393,25.509,25.346,25.424,3085417
2195,2022-09-15 13:00:00,25.049,25.489,25.022,25.375,5447156
2196,2022-09-15 12:55:00,24.951,25.057,24.875,25.031,1621398
2197,2022-09-15 12:50:00,24.961,25.027,24.914,24.943,1270123
2198,2022-09-15 12:45:00,24.932,24.983,24.845,24.941,1139944
2199,2022-09-15 12:40:00,24.868,24.998,24.835,24.913,1531735
2200,2022-09-15 12:35:00,24.859,24.914,24.767,24.85,1558105
2201,2022-09-15 12:30:00,24.676,24.89,24.649,24.835,1624769
2202,2022-09-15 12:25:00,24.693,24.811,24.629,24.658,1384125
2203,2022-09-15 12:20:00,24.716,24.752,24.59,24.674,955237
2204,2022-09-15 12:15:00,24.617,24.747,24.571,24.697,1592490
2205,2022-09-15 12:10:00,24.666,24.729,24.561,24.599,1513869
2206,2022-09-15 12:05:00,24.771,24.801,24.629,24.648,1405851
2207,2022-09-15 12:00:00,24.753,24.867,24.688,24.746,1853287
2208,2022-09-15 11:55:00,24.72,24.772,24.58,24.733,1936889
2209,2022-09-15 11:50:00,24.907,24.919,24.688,24.702,2130864
2210,2022-09-15 11:45:00,24.971,25.037,24.845,24.884,1672292
2211,2022-09-15 11:40:00,24.954,25.042,24.914,24.945,1381866
2212,2022-09-15 11:35:00,24.941,25.057,24.835,24.943,2101838
2213,2022-09-15 11:30:00,24.912,25.047,24.868,24.923,1689181
2214,2022-09-15 11:25:00,24.913,24.978,24.826,24.889,2229527
2215,2022-09-15 11:20:00,24.755,24.993,24.678,24.898,3750975
2216,2022-09-15 11:15:00,24.583,24.792,24.492,24.736,2716352
2217,2022-09-15 11:10:00,24.657,24.674,24.492,24.565,3807317
2218,2022-09-15 11:05:00,24.735,24.771,24.62,24.632,2267419
2219,2022-09-15 11:00:00,24.666,24.772,24.551,24.724,3439804
2220,2022-09-15 10:55:00,24.831,24.846,24.629,24.648,3070705
2221,2022-09-15 10:50:00,25.153,25.165,24.786,24.811,4681379
2222,2022-09-15 10:45:00,25.393,25.43,25.1,25.136,3196220
2223,2022-09-15 10:40:00,25.359,25.422,25.257,25.374,1396136
2224,2022-09-15 10:35:00,25.266,25.456,25.218,25.34,2666106
2225,2022-09-15 10:30:00,25.299,25.411,25.154,25.247,3497966
2226,2022-09-15 10:25:00,25.609,25.627,25.248,25.281,4177670
2227,2022-09-15 10:20:00,25.894,25.913,25.503,25.591,2954539
2228,2022-09-15 10:15:00,25.892,26.04,25.817,25.88,2243623
2229,2022-09-15 10:10:00,25.786,25.951,25.719,25.866,1672969
2230,2022-09-15 10:05:00,25.853,25.931,25.748,25.772,1914761
2231,2022-09-15 10:00:00,25.894,26.089,25.759,25.826,2940669
2232,2022-09-15 09:55:00,25.875,25.922,25.733,25.87,1767297
2233,2022-09-15 09:50:00,25.875,26.0,25.787,25.846,3509681
2234,2022-09-15 09:45:00,25.654,25.902,25.493,25.856,3506992
2235,2022-09-15 09:40:00,25.403,25.735,25.365,25.63,2942371
2236,2022-09-15 09:35:00,25.511,25.538,25.267,25.394,2479565
2237,2022-09-15 09:30:00,25.423,25.548,25.257,25.492,3875020
2238,2022-09-15 09:25:00,25.492,25.538,25.365,25.404,247025
2239,2022-09-15 09:20:00,25.492,25.558,25.444,25.483,186265
2240,2022-09-15 09:15:00,25.629,25.705,25.454,25.463,248482
2241,2022-09-15 09:10:00,25.629,25.656,25.552,25.619,149916
2242,2022-09-15 09:05:00,25.717,25.745,25.581,25.61,159005
2243,2022-09-15 09:00:00,25.737,25.774,25.67,25.708,139126
2244,2022-09-15 08:55:00,25.826,25.833,25.699,25.708,172522
2245,2022-09-15 08:50:00,25.845,25.882,25.738,25.797,182054
2246,2022-09-15 08:45:00,25.786,25.843,25.709,25.816,220712
2247,2022-09-15 08:40:00,25.786,25.814,25.67,25.757,237436
2248,2022-09-15 08:35:00,25.609,25.774,25.522,25.748,320737
2249,2022-09-15 08:30:00,25.6,25.823,25.424,25.591,541528
2250,2022-09-15 08:25:00,25.57,25.637,25.532,25.571,143143
2251,2022-09-15 08:20:00,25.629,25.637,25.503,25.551,257920
2252,2022-09-15 08:15:00,25.688,25.715,25.601,25.62,89720
2253,2022-09-15 08:10:00,25.58,25.705,25.551,25.649,124180
2254,2022-09-15 08:05:00,25.619,25.656,25.542,25.551,279358
2255,2022-09-15 08:00:00,25.767,26.176,25.553,25.61,610871
2256,2022-09-15 07:55:00,25.688,25.745,25.64,25.718,49699
2257,2022-09-15 07:50:00,25.786,25.794,25.66,25.679,33190
2258,2022-09-15 07:45:00,25.796,25.823,25.719,25.767,17018
2259,2022-09-15 07:40:00,25.826,25.833,25.738,25.777,24657
2260,2022-09-15 07:35:00,25.875,25.892,25.797,25.816,48222
2261,2022-09-15 07:30:00,25.943,25.951,25.807,25.856,71344
2262,2022-09-15 07:25:00,25.884,25.951,25.836,25.924,53550
2263,2022-09-15 07:20:00,25.835,25.912,25.797,25.856,54587
2264,2022-09-15 07:15:00,25.796,25.843,25.758,25.816,28639
2265,2022-09-15 07:10:00,25.737,25.804,25.709,25.777,47956
2266,2022-09-15 07:05:00,25.708,25.764,25.679,25.718,15293
2267,2022-09-15 07:00:00,25.727,25.774,25.679,25.699,42380
2268,2022-09-15 06:55:00,25.717,25.725,25.65,25.689,123780
2269,2022-09-15 06:50:00,25.678,25.735,25.64,25.699,14372
2270,2022-09-15 06:45:00,25.639,25.715,25.611,25.659,24353
2271,2022-09-15 06:40:00,25.717,25.755,25.552,25.63,118292
2272,2022-09-15 06:35:00,25.865,25.882,25.63,25.689,65071
2273,2022-09-15 06:30:00,26.012,26.02,25.827,25.846,34685
2274,2022-09-15 06:25:00,26.022,26.04,25.974,25.993,7343
2275,2022-09-15 06:20:00,26.051,26.069,25.974,26.013,13318
2276,2022-09-15 06:15:00,26.061,26.089,26.023,26.042,1411
2277,2022-09-15 06:10:00,26.061,26.089,26.023,26.052,3795
2278,2022-09-15 06:05:00,26.042,26.079,26.013,26.042,45180
2279,2022-09-15 06:00:00,26.051,26.089,26.013,26.022,12563
2280,2022-09-15 05:55:00,26.032,26.069,26.003,26.032,11357
2281,2022-09-15 05:50:00,26.081,26.098,26.003,26.013,9874
2282,2022-09-15 05:45:00,26.071,26.098,26.033,26.062,32371
2283,2022-09-15 05:40:00,26.061,26.089,26.033,26.052,12631
2284,2022-09-15 05:35:00,26.042,26.069,26.003,26.042,5321
2285,2022-09-15 05:30:00,25.973,26.04,25.934,26.013,10661
2286,2022-09-15 05:25:00,25.953,25.971,25.915,25.924,3480
2287,2022-09-15 05:20:00,25.973,25.981,25.915,25.934,3790
2288,2022-09-15 05:15:00,25.943,25.981,25.905,25.934,2681
2289,2022-09-15 05:10:00,25.983,26.0,25.925,25.944,12629
2290,2022-09-15 05:05:00,25.963,26.01,25.915,25.964,12351
2291,2022-09-15 05:00:00,25.973,25.99,25.866,25.954,17578
2292,2022-09-15 04:55:00,25.934,25.981,25.885,25.944,19447
2293,2022-09-15 04:50:00,25.884,25.951,25.856,25.914,3522
2294,2022-09-15 04:45:00,25.924,25.931,25.846,25.885,16285
2295,2022-09-15 04:40:00,25.973,25.981,25.895,25.914,21869
2296,2022-09-15 04:35:00,25.973,25.99,25.925,25.954,10444
2297,2022-09-15 04:30:00,25.973,25.99,25.925,25.964,21746
2298,2022-09-15 04:25:00,25.983,25.99,25.925,25.954,9245
2299,2022-09-15 04:20:00,25.943,26.01,25.905,25.954,25076
2300,2022-09-15 04:15:00,25.983,26.0,25.905,25.924,26735
2301,2022-09-15 04:10:00,26.051,26.069,25.954,25.973,43186
2302,2022-09-15 04:05:00,26.071,26.118,26.013,26.032,35651
2303,2022-09-15 04:00:00,26.071,26.226,26.042,26.052,132026
2304,2022-09-14 19:55:00,26.14,26.207,26.101,26.15,83088
2305,2022-09-14 19:50:00,26.11,26.167,26.082,26.121,68796
2306,2022-09-14 19:45:00,26.16,26.167,26.082,26.091,68641
2307,2022-09-14 19:40:00,26.14,26.167,26.101,26.13,18605
2308,2022-09-14 19:35:00,26.14,26.167,26.101,26.121,10744
2309,2022-09-14 19:30:00,26.13,26.197,26.082,26.13,20874
2310,2022-09-14 19:25:00,26.169,26.187,26.082,26.111,21552
2311,2022-09-14 19:20:00,26.179,26.197,26.131,26.15,18356
2312,2022-09-14 19:15:00,26.189,26.197,26.121,26.15,21612
2313,2022-09-14 19:10:00,26.16,26.197,26.121,26.17,33601
2314,2022-09-14 19:05:00,26.218,26.226,26.121,26.14,61296
2315,2022-09-14 19:00:00,26.228,26.246,26.17,26.189,72283
2316,2022-09-14 18:55:00,26.209,26.236,26.18,26.209,12860
2317,2022-09-14 18:50:00,26.258,26.266,26.19,26.209,67634
2318,2022-09-14 18:45:00,26.248,26.285,26.219,26.238,68968
2319,2022-09-14 18:40:00,26.169,26.256,26.141,26.229,54960
2320,2022-09-14 18:35:00,26.15,26.187,26.091,26.15,13516
2321,2022-09-14 18:30:00,26.14,26.167,26.091,26.13,19682
2322,2022-09-14 18:25:00,26.13,26.157,26.091,26.13,13911
2323,2022-09-14 18:20:00,26.169,26.207,26.082,26.121,33905
2324,2022-09-14 18:15:00,26.13,26.177,26.101,26.15,20526
2325,2022-09-14 18:10:00,26.13,26.157,26.082,26.13,13952
2326,2022-09-14 18:05:00,26.081,26.138,26.042,26.101,15337
2327,2022-09-14 18:00:00,26.15,26.157,26.042,26.062,45477
2328,2022-09-14 17:55:00,26.169,26.177,26.121,26.13,6352
2329,2022-09-14 17:50:00,26.16,26.177,26.121,26.13,11350
2330,2022-09-14 17:45:00,26.16,26.177,26.121,26.14,6114
2331,2022-09-14 17:40:00,26.15,26.177,26.121,26.14,10732
2332,2022-09-14 17:35:00,26.14,26.177,26.111,26.13,37618
2333,2022-09-14 17:30:00,26.14,26.167,26.111,26.121,15136
2334,2022-09-14 17:25:00,26.15,26.177,26.121,26.139,15931
2335,2022-09-14 17:20:00,26.16,26.177,26.101,26.15,26854
2336,2022-09-14 17:15:00,26.158,26.187,26.13,26.15,21569
2337,2022-09-14 17:10:00,26.13,26.167,26.101,26.13,10989
2338,2022-09-14 17:05:00,26.13,26.167,26.091,26.121,43742
2339,2022-09-14 17:00:00,26.16,26.177,26.101,26.111,16911
2340,2022-09-14 16:55:00,26.16,26.177,26.111,26.14,48563
2341,2022-09-14 16:50:00,26.169,26.187,26.111,26.13,62147
2342,2022-09-14 16:45:00,26.16,26.177,25.925,26.15,38503
2343,2022-09-14 16:40:00,26.16,26.177,26.121,26.13,53585
2344,2022-09-14 16:35:00,26.14,26.177,26.091,26.15,66267
2345,2022-09-14 16:30:00,26.14,26.177,26.101,26.121,86843
2346,2022-09-14 16:25:00,26.13,26.148,26.082,26.121,117071
2347,2022-09-14 16:20:00,26.051,26.148,26.013,26.111,138499
2348,2022-09-14 16:15:00,26.012,26.069,25.974,26.042,75966
2349,2022-09-14 16:10:00,25.993,26.03,25.944,25.973,135229
2350,2022-09-14 16:05:00,26.051,26.079,25.954,25.973,221414
2351,2022-09-14 16:00:00,25.973,26.069,25.905,26.042,539688
2352,2022-09-14 15:55:00,25.919,26.049,25.787,25.944,3317525
2353,2022-09-14 15:50:00,25.619,25.922,25.572,25.895,3389113
2354,2022-09-14 15:45:00,25.57,25.661,25.483,25.595,2560124
2355,2022-09-14 15:40:00,25.393,25.637,25.316,25.556,2111384
2356,2022-09-14 15:35:00,25.388,25.43,25.274,25.375,1439177
2357,2022-09-14 15:30:00,25.388,25.411,25.159,25.365,2400045
2358,2022-09-14 15:25:00,25.393,25.411,25.228,25.37,1078724
2359,2022-09-14 15:20:00,25.295,25.47,25.208,25.375,1673383
2360,2022-09-14 15:15:00,25.403,25.42,25.179,25.276,2181468
2361,2022-09-14 15:10:00,25.646,25.666,25.356,25.389,1139809
2362,2022-09-14 15:05:00,25.487,25.666,25.454,25.628,1120850
2363,2022-09-14 15:00:00,25.472,25.553,25.385,25.473,1205622
2364,2022-09-14 14:55:00,25.482,25.578,25.414,25.444,831494
2365,2022-09-14 14:50:00,25.609,25.666,25.424,25.468,788664
2366,2022-09-14 14:45:00,25.58,25.637,25.444,25.59,867321
2367,2022-09-14 14:40:00,25.686,25.735,25.522,25.561,1150793
2368,2022-09-14 14:35:00,25.668,25.72,25.601,25.664,896928
2369,2022-09-14 14:30:00,25.56,25.696,25.517,25.659,1412821
2370,2022-09-14 14:25:00,25.56,25.597,25.463,25.537,867649
2371,2022-09-14 14:20:00,25.541,25.597,25.503,25.546,1622359
2372,2022-09-14 14:15:00,25.457,25.553,25.375,25.517,1330559
2373,2022-09-14 14:10:00,25.442,25.482,25.316,25.438,1098390
2374,2022-09-14 14:05:00,25.423,25.563,25.365,25.424,1126355
2375,2022-09-14 14:00:00,25.541,25.621,25.395,25.405,1465060
2376,2022-09-14 13:55:00,25.649,25.656,25.434,25.522,1126209
2377,2022-09-14 13:50:00,25.541,25.695,25.503,25.63,1616124
2378,2022-09-14 13:45:00,25.855,25.872,25.454,25.532,2800984
2379,2022-09-14 13:40:00,25.821,25.872,25.768,25.836,1044265
2380,2022-09-14 13:35:00,25.924,25.961,25.787,25.806,841212
2381,2022-09-14 13:30:00,25.973,26.02,25.866,25.91,792826
2382,2022-09-14 13:25:00,25.993,26.0,25.866,25.949,894718
2383,2022-09-14 13:20:00,26.066,26.089,25.936,25.968,664647
2384,2022-09-14 13:15:00,26.081,26.157,25.979,26.047,1873483
2385,2022-09-14 13:10:00,25.999,26.098,25.949,26.056,580104
2386,2022-09-14 13:05:00,26.002,26.04,25.895,25.978,905958
2387,2022-09-14 13:00:00,26.027,26.128,25.964,25.988,935420
2388,2022-09-14 12:55:00,26.115,26.128,25.955,26.008,707540
2389,2022-09-14 12:50:00,26.078,26.148,26.033,26.098,1029093
2390,2022-09-14 12:45:00,26.091,26.118,25.964,26.062,841954
2391,2022-09-14 12:40:00,25.978,26.108,25.925,26.072,1292760
2392,2022-09-14 12:35:00,25.865,26.03,25.778,25.954,1249740
2393,2022-09-14 12:30:00,25.904,25.98,25.787,25.846,870270
2394,2022-09-14 12:25:00,25.973,26.03,25.807,25.875,1127413
2395,2022-09-14 12:20:00,25.929,26.01,25.836,25.959,917073
2396,2022-09-14 12:15:00,25.909,25.981,25.846,25.905,1003337
2397,2022-09-14 12:10:00,25.826,25.936,25.748,25.895,1104387
2398,2022-09-14 12:05:00,25.806,25.863,25.709,25.816,1402051
2399,2022-09-14 12:00:00,25.924,25.981,25.768,25.792,1115845
2400,2022-09-14 11:55:00,26.037,26.069,25.876,25.898,815942
2401,2022-09-14 11:50:00,26.032,26.059,25.885,26.022,1540271
2402,2022-09-14 11:45:00,26.032,26.118,25.993,26.008,1787068
2403,2022-09-14 11:40:00,25.924,26.059,25.871,26.018,1705599
2404,2022-09-14 11:35:00,25.826,25.951,25.763,25.895,1146069
2405,2022-09-14 11:30:00,25.835,25.941,25.738,25.806,1623081
2406,2022-09-14 11:25:00,25.924,25.971,25.807,25.826,1232693
2407,2022-09-14 11:20:00,26.022,26.037,25.836,25.91,1694964
2408,2022-09-14 11:15:00,26.066,26.118,25.944,26.003,1543514
2409,2022-09-14 11:10:00,26.12,26.207,26.023,26.049,3088525
2410,2022-09-14 11:05:00,25.873,26.157,25.763,26.101,2527062
2411,2022-09-14 11:00:00,25.958,25.99,25.758,25.848,1402465
2412,2022-09-14 10:55:00,26.015,26.03,25.797,25.944,2421254
2413,2022-09-14 10:50:00,25.762,26.04,25.709,26.003,2677624
2414,2022-09-14 10:45:00,25.845,25.912,25.699,25.744,1774807
2415,2022-09-14 10:40:00,25.737,25.922,25.64,25.817,2794377
2416,2022-09-14 10:35:00,25.501,25.799,25.448,25.708,2412297
2417,2022-09-14 10:30:00,25.266,25.568,25.169,25.483,2563056
2418,2022-09-14 10:25:00,25.511,25.568,25.228,25.237,2336050
2419,2022-09-14 10:20:00,25.659,25.764,25.434,25.487,3184916
2420,2022-09-14 10:15:00,25.688,25.882,25.562,25.634,2394048
2421,2022-09-14 10:10:00,25.711,25.863,25.571,25.669,2226449
2422,2022-09-14 10:05:00,25.653,25.872,25.532,25.698,2386159
2423,2022-09-14 10:00:00,25.816,25.843,25.542,25.635,2380460
2424,2022-09-14 09:55:00,25.57,25.823,25.463,25.792,2965264
2425,2022-09-14 09:50:00,25.595,25.725,25.414,25.542,3239111
2426,2022-09-14 09:45:00,25.747,25.951,25.542,25.581,4844984
2427,2022-09-14 09:40:00,25.388,25.764,25.238,25.738,3760271
2428,2022-09-14 09:35:00,25.24,25.479,25.189,25.375,3031199
2429,2022-09-14 09:30:00,25.663,25.735,25.199,25.226,4891084
2430,2022-09-14 09:25:00,25.609,25.681,25.581,25.635,542391
2431,2022-09-14 09:20:00,25.619,25.646,25.522,25.591,167931
2432,2022-09-14 09:15:00,25.629,25.646,25.552,25.6,107594
2433,2022-09-14 09:10:00,25.59,25.666,25.542,25.581,175654
2434,2022-09-14 09:05:00,25.614,25.696,25.532,25.561,191374
2435,2022-09-14 09:00:00,25.619,25.666,25.522,25.61,224890
2436,2022-09-14 08:55:00,25.668,25.715,25.581,25.61,267388
2437,2022-09-14 08:50:00,25.501,25.686,25.463,25.64,254218
2438,2022-09-14 08:45:00,25.649,25.666,25.473,25.483,254202
2439,2022-09-14 08:40:00,25.58,25.676,25.522,25.64,484492
2440,2022-09-14 08:35:00,25.364,25.607,25.336,25.561,370595
2441,2022-09-14 08:30:00,25.472,25.548,25.267,25.335,448133
2442,2022-09-14 08:25:00,25.442,25.479,25.385,25.433,157508
2443,2022-09-14 08:20:00,25.423,25.45,25.346,25.424,146589
2444,2022-09-14 08:15:00,25.334,25.43,25.267,25.404,200581
2445,2022-09-14 08:10:00,25.256,25.342,25.199,25.316,103356
2446,2022-09-14 08:05:00,25.187,25.293,25.149,25.227,179866
2447,2022-09-14 08:00:00,25.148,25.979,25.11,25.178,476370
2448,2022-09-14 07:55:00,25.197,25.224,25.091,25.139,177010
2449,2022-09-14 07:50:00,25.305,25.332,25.169,25.188,145393
2450,2022-09-14 07:45:00,25.393,25.42,25.277,25.286,105360
2451,2022-09-14 07:40:00,25.492,25.519,25.356,25.365,66533
2452,2022-09-14 07:35:00,25.413,25.499,25.385,25.473,65593
2453,2022-09-14 07:30:00,25.433,25.479,25.346,25.375,105972
2454,2022-09-14 07:25:00,25.442,25.489,25.395,25.414,65375
2455,2022-09-14 07:20:00,25.531,25.538,25.414,25.424,137981
2456,2022-09-14 07:15:00,25.55,25.578,25.493,25.512,143762
2457,2022-09-14 07:10:00,25.609,25.637,25.513,25.532,70973
2458,2022-09-14 07:05:00,25.6,25.617,25.532,25.591,146013
2459,2022-09-14 07:00:00,25.688,25.705,25.562,25.581,130850
2460,2022-09-14 06:55:00,25.659,25.725,25.63,25.669,43102
2461,2022-09-14 06:50:00,25.649,25.656,25.591,25.63,22741
2462,2022-09-14 06:45:00,25.649,25.696,25.611,25.649,26171
2463,2022-09-14 06:40:00,25.717,25.735,25.63,25.64,33816
2464,2022-09-14 06:35:00,25.737,25.755,25.679,25.699,11732
2465,2022-09-14 06:30:00,25.786,25.794,25.67,25.699,18801
2466,2022-09-14 06:25:00,25.826,25.833,25.738,25.748,10373
2467,2022-09-14 06:20:00,25.806,25.823,25.758,25.797,24425
2468,2022-09-14 06:15:00,25.796,25.843,25.748,25.787,12546
2469,2022-09-14 06:10:00,25.776,25.823,25.738,25.767,41174
2470,2022-09-14 06:05:00,25.776,25.804,25.699,25.738,17394
2471,2022-09-14 06:00:00,25.727,25.794,25.679,25.757,8558
2472,2022-09-14 05:55:00,25.688,25.755,25.62,25.718,36221
2473,2022-09-14 05:50:00,25.737,25.774,25.66,25.679,54372
2474,2022-09-14 05:45:00,25.757,25.794,25.709,25.718,47942
2475,2022-09-14 05:40:00,25.835,25.843,25.719,25.728,26250
2476,2022-09-14 05:35:00,25.786,25.863,25.758,25.836,12821
2477,2022-09-14 05:30:00,25.875,25.902,25.758,25.777,63820
2478,2022-09-14 05:25:00,25.865,25.892,25.807,25.856,29594
2479,2022-09-14 05:20:00,25.786,25.872,25.758,25.846,35131
2480,2022-09-14 05:15:00,25.737,25.774,25.689,25.748,23657
2481,2022-09-14 05:10:00,25.796,25.804,25.699,25.718,78760
2482,2022-09-14 05:05:00,25.796,25.853,25.758,25.787,20746
2483,2022-09-14 05:00:00,25.826,25.843,25.758,25.767,34849
2484,2022-09-14 04:55:00,25.884,25.931,25.797,25.806,32290
2485,2022-09-14 04:50:00,25.796,25.892,25.758,25.865,32802
2486,2022-09-14 04:45:00,25.904,25.922,25.768,25.777,60257
2487,2022-09-14 04:40:00,25.894,25.922,25.836,25.885,21256
2488,2022-09-14 04:35:00,25.953,25.99,25.866,25.885,52853
2489,2022-09-14 04:30:00,25.767,25.971,25.738,25.934,50443
2490,2022-09-14 04:25:00,25.835,25.843,25.699,25.718,104309
2491,2022-09-14 04:20:00,25.776,25.843,25.748,25.816,49935
2492,2022-09-14 04:15:00,25.767,25.794,25.719,25.757,72615
2493,2022-09-14 04:10:00,25.757,25.794,25.719,25.748,52326
2494,2022-09-14 04:05:00,25.727,25.784,25.679,25.748,133133
2495,2022-09-14 04:00:00,25.609,25.745,25.542,25.708,240077
2496,2022-09-13 19:55:00,25.462,25.499,25.414,25.443,105915
2497,2022-09-13 19:50:00,25.442,25.47,25.395,25.443,50273
2498,2022-09-13 19:45:00,25.423,25.46,25.385,25.424,78839
2499,2022-09-13 19:40:00,25.452,25.479,25.385,25.404,33543
2500,2022-09-13 19:35:00,25.413,25.47,25.375,25.443,31637
2501,2022-09-13 19:30:00,25.433,25.45,25.365,25.394,46092
2502,2022-09-13 19:25:00,25.413,25.45,25.385,25.414,77382
2503,2022-09-13 19:20:00,25.374,25.44,25.336,25.404,41296
2504,2022-09-13 19:15:00,25.374,25.381,25.326,25.355,28633
2505,2022-09-13 19:10:00,25.423,25.44,25.336,25.345,40216
2506,2022-09-13 19:05:00,25.442,25.45,25.375,25.404,65276
2507,2022-09-13 19:00:00,25.521,25.529,25.405,25.433,74914
2508,2022-09-13 18:55:00,25.521,25.568,25.483,25.512,78743
2509,2022-09-13 18:50:00,25.501,25.529,25.463,25.502,37337
2510,2022-09-13 18:45:00,25.531,25.548,25.454,25.483,50894
2511,2022-09-13 18:40:00,25.492,25.538,25.454,25.502,37614
2512,2022-09-13 18:35:00,25.472,25.529,25.444,25.473,39255
2513,2022-09-13 18:30:00,25.423,25.499,25.395,25.453,105168
2514,2022-09-13 18:25:00,25.423,25.44,25.385,25.414,18076
2515,2022-09-13 18:20:00,25.423,25.45,25.385,25.403,25927
2516,2022-09-13 18:15:00,25.364,25.44,25.336,25.404,22113
2517,2022-09-13 18:10:00,25.383,25.401,25.326,25.355,15752
2518,2022-09-13 18:05:00,25.295,25.401,25.267,25.375,66050
2519,2022-09-13 18:00:00,25.413,25.46,25.277,25.286,66930
2520,2022-09-13 17:55:00,25.442,25.45,25.375,25.394,14525
2521,2022-09-13 17:50:00,25.482,25.489,25.395,25.424,32303
2522,2022-09-13 17:45:00,25.462,25.499,25.434,25.463,16423
2523,2022-09-13 17:40:00,25.423,25.499,25.395,25.463,81673
2524,2022-09-13 17:35:00,25.384,25.44,25.356,25.414,48090
2525,2022-09-13 17:30:00,25.423,25.45,25.356,25.365,50634
2526,2022-09-13 17:25:00,25.433,25.45,25.395,25.414,28959
2527,2022-09-13 17:20:00,25.413,25.45,25.365,25.404,42359
2528,2022-09-13 17:15:00,25.423,25.43,25.367,25.404,29488
2529,2022-09-13 17:10:00,25.383,25.42,25.356,25.394,26525
2530,2022-09-13 17:05:00,25.383,25.401,25.356,25.375,20217
2531,2022-09-13 17:00:00,25.393,25.411,25.356,25.365,37819
2532,2022-09-13 16:55:00,25.403,25.42,25.356,25.384,54294
2533,2022-09-13 16:50:00,25.403,25.411,25.346,25.375,49838
2534,2022-09-13 16:45:00,25.354,25.411,25.316,25.384,57323
2535,2022-09-13 16:40:00,25.354,25.371,25.306,25.335,43191
2536,2022-09-13 16:35:00,25.344,25.371,25.287,25.335,155018
2537,2022-09-13 16:30:00,25.334,25.352,25.297,25.325,30851
2538,2022-09-13 16:25:00,25.334,25.342,25.257,25.306,123513
2539,2022-09-13 16:20:00,25.325,25.352,25.277,25.316,69903
2540,2022-09-13 16:15:00,25.364,25.391,25.277,25.306,133733
2541,2022-09-13 16:10:00,25.423,25.46,25.336,25.355,226894
2542,2022-09-13 16:05:00,25.442,25.46,25.375,25.414,135598
2543,2022-09-13 16:00:00,25.364,25.479,25.336,25.433,725304
2544,2022-09-13 15:55:00,25.383,25.548,25.189,25.335,5034654
2545,2022-09-13 15:50:00,25.266,25.46,25.208,25.374,4092557
2546,2022-09-13 15:45:00,25.281,25.362,25.081,25.247,3669473
2547,2022-09-13 15:40:00,25.403,25.416,25.169,25.266,2555704
2548,2022-09-13 15:35:00,25.364,25.45,25.14,25.384,3818382
2549,2022-09-13 15:30:00,25.614,25.637,25.248,25.345,3926665
2550,2022-09-13 15:25:00,25.792,25.823,25.581,25.595,1930183
2551,2022-09-13 15:20:00,25.826,25.892,25.709,25.772,1514686
2552,2022-09-13 15:15:00,25.806,25.882,25.768,25.815,1222331
2553,2022-09-13 15:10:00,25.914,25.946,25.732,25.797,1903933
2554,2022-09-13 15:05:00,25.994,26.04,25.866,25.895,1982428
2555,2022-09-13 15:00:00,26.051,26.108,25.964,25.973,1087009
2556,2022-09-13 14:55:00,25.997,26.148,25.964,26.027,2885884
2557,2022-09-13 14:50:00,26.141,26.177,25.964,25.973,2372053
2558,2022-09-13 14:45:00,26.171,26.216,26.101,26.121,916869
2559,2022-09-13 14:40:00,26.238,26.275,26.141,26.155,1401159
2560,2022-09-13 14:35:00,26.302,26.324,26.209,26.228,1274549
2561,2022-09-13 14:30:00,26.327,26.364,26.258,26.283,1152746
2562,2022-09-13 14:25:00,26.45,26.482,26.268,26.314,2785938
2563,2022-09-13 14:20:00,26.545,26.609,26.415,26.43,853821
2564,2022-09-13 14:15:00,26.548,26.609,26.476,26.53,1126340
2565,2022-09-13 14:10:00,26.484,26.575,26.405,26.528,1066952
2566,2022-09-13 14:05:00,26.513,26.59,26.445,26.454,974850
2567,2022-09-13 14:00:00,26.587,26.639,26.386,26.494,1624060
2568,2022-09-13 13:55:00,26.629,26.698,26.553,26.566,650787
2569,2022-09-13 13:50:00,26.754,26.786,26.572,26.611,1020656
2570,2022-09-13 13:45:00,26.754,26.786,26.661,26.734,685586
2571,2022-09-13 13:40:00,26.847,26.892,26.71,26.735,734519
2572,2022-09-13 13:35:00,26.857,26.914,26.719,26.824,1115592
2573,2022-09-13 13:30:00,26.886,26.924,26.759,26.847,1306753
2574,2022-09-13 13:25:00,26.833,26.924,26.769,26.867,1740945
2575,2022-09-13 13:20:00,26.677,26.875,26.646,26.808,987144
2576,2022-09-13 13:15:00,26.749,26.826,26.641,26.654,1214900
2577,2022-09-13 13:10:00,26.651,26.796,26.597,26.729,1156258
2578,2022-09-13 13:05:00,26.635,26.776,26.582,26.636,1249492
2579,2022-09-13 13:00:00,26.602,26.767,26.474,26.611,1599088
2580,2022-09-13 12:55:00,26.689,26.704,26.562,26.587,564192
2581,2022-09-13 12:50:00,26.68,26.742,26.607,26.665,718561
2582,2022-09-13 12:45:00,26.664,26.698,26.562,26.665,525093
2583,2022-09-13 12:40:00,26.685,26.737,26.612,26.641,655925
2584,2022-09-13 12:35:00,26.621,26.708,26.582,26.664,1264873
2585,2022-09-13 12:30:00,26.551,26.629,26.455,26.597,1107439
2586,2022-09-13 12:25:00,26.651,26.668,26.474,26.533,1339268
2587,2022-09-13 12:20:00,26.724,26.747,26.612,26.631,1362839
2588,2022-09-13 12:15:00,26.755,26.806,26.68,26.7,1649733
2589,2022-09-13 12:10:00,26.7,26.767,26.612,26.734,1745920
2590,2022-09-13 12:05:00,26.611,26.718,26.504,26.68,1579229
2591,2022-09-13 12:00:00,26.484,26.635,26.376,26.597,1368638
2592,2022-09-13 11:55:00,26.557,26.609,26.415,26.474,871063
2593,2022-09-13 11:50:00,26.449,26.595,26.405,26.543,1118683
2594,2022-09-13 11:45:00,26.533,26.55,26.386,26.427,884513
2595,2022-09-13 11:40:00,26.607,26.619,26.376,26.513,1507878
2596,2022-09-13 11:35:00,26.552,26.619,26.484,26.592,1211319
2597,2022-09-13 11:30:00,26.469,26.59,26.386,26.533,1737793
2598,2022-09-13 11:25:00,26.4,26.492,26.356,26.454,1537001
2599,2022-09-13 11:20:00,26.5,26.57,26.356,26.386,1572431
2600,2022-09-13 11:15:00,26.533,26.609,26.43,26.484,1478881
2601,2022-09-13 11:10:00,26.641,26.678,26.455,26.522,2276062
2602,2022-09-13 11:05:00,26.67,26.747,26.504,26.621,2363969
2603,2022-09-13 11:00:00,26.71,26.786,26.592,26.646,1811175
2604,2022-09-13 10:55:00,26.691,26.781,26.656,26.695,1625821
2605,2022-09-13 10:50:00,26.688,26.737,26.562,26.68,2481871
2606,2022-09-13 10:45:00,26.827,26.84,26.641,26.665,2169493
2607,2022-09-13 10:40:00,26.926,26.953,26.739,26.808,2823053
2608,2022-09-13 10:35:00,27.088,27.106,26.886,26.898,2622818
2609,2022-09-13 10:30:00,27.176,27.317,27.014,27.071,2723555
2610,2022-09-13 10:25:00,27.147,27.278,27.063,27.156,1727405
2611,2022-09-13 10:20:00,27.387,27.415,27.063,27.122,2242244
2612,2022-09-13 10:15:00,27.274,27.437,27.141,27.367,2139325
2613,2022-09-13 10:10:00,27.26,27.386,27.112,27.259,2135585
2614,2022-09-13 10:05:00,27.098,27.327,27.053,27.254,2453248
2615,2022-09-13 10:00:00,27.284,27.346,27.037,27.079,4551979
2616,2022-09-13 09:55:00,27.515,27.543,27.249,27.259,4179880
2617,2022-09-13 09:50:00,27.586,27.759,27.465,27.5,3292975
2618,2022-09-13 09:45:00,27.515,27.7,27.377,27.559,3275398
2619,2022-09-13 09:40:00,27.584,27.739,27.416,27.5,4196759
2620,2022-09-13 09:35:00,27.81,27.838,27.338,27.572,6871597
2621,2022-09-13 09:30:00,27.741,28.113,27.593,27.794,9457487
2622,2022-09-13 09:25:00,27.839,27.848,27.652,27.711,766595
2623,2022-09-13 09:20:00,27.702,27.848,27.652,27.809,573252
2624,2022-09-13 09:15:00,27.613,27.71,27.475,27.681,1072467
2625,2022-09-13 09:10:00,27.801,27.828,27.563,27.593,1198679
2626,2022-09-13 09:05:00,27.839,27.887,27.701,27.799,865119
2627,2022-09-13 09:00:00,27.761,27.867,27.652,27.819,1130852
2628,2022-09-13 08:55:00,27.967,28.024,27.73,27.75,1256927
2629,2022-09-13 08:50:00,28.272,28.329,27.887,27.937,1103601
2630,2022-09-13 08:45:00,28.242,28.417,28.162,28.241,1371639
2631,2022-09-13 08:40:00,28.203,28.28,28.025,28.221,1689976
2632,2022-09-13 08:35:00,28.733,28.801,28.083,28.182,2469285
2633,2022-09-13 08:30:00,31.13,31.346,28.309,28.702,5185062
2634,2022-09-13 08:25:00,31.052,31.228,30.988,31.088,514663
2635,2022-09-13 08:20:00,30.973,31.061,30.89,31.029,248183
2636,2022-09-13 08:15:00,30.983,31.002,30.909,30.95,226675
2637,2022-09-13 08:10:00,31.102,31.12,30.949,30.969,173289
2638,2022-09-13 08:05:00,31.061,31.149,30.998,31.088,186308
2639,2022-09-13 08:00:00,30.924,31.1,30.36,31.038,788949
2640,2022-09-13 07:55:00,31.032,31.061,30.978,31.009,28227
2641,2022-09-13 07:50:00,30.993,31.071,30.949,31.009,68783
2642,2022-09-13 07:45:00,31.002,31.021,30.939,30.96,30871
2643,2022-09-13 07:40:00,31.032,31.041,30.958,30.989,59506
2644,2022-09-13 07:35:00,31.061,31.09,30.988,31.009,50528
2645,2022-09-13 07:30:00,31.002,31.061,30.949,31.029,86650
2646,2022-09-13 07:25:00,30.963,31.002,30.929,30.97,15948
2647,2022-09-13 07:20:00,30.963,30.992,30.919,30.94,27763
2648,2022-09-13 07:15:00,30.973,30.982,30.909,30.921,25840
2649,2022-09-13 07:10:00,31.022,31.041,30.929,30.96,63456
2650,2022-09-13 07:05:00,30.993,31.041,30.958,30.999,34217
2651,2022-09-13 07:00:00,30.934,31.012,30.88,30.97,99131
2652,2022-09-13 06:55:00,30.924,30.962,30.89,30.921,24530
2653,2022-09-13 06:50:00,30.875,30.962,30.841,30.911,100222
2654,2022-09-13 06:45:00,30.835,30.884,30.792,30.852,13721
2655,2022-09-13 06:40:00,30.855,30.884,30.792,30.803,34747
2656,2022-09-13 06:35:00,30.835,30.884,30.792,30.832,43208
2657,2022-09-13 06:30:00,30.767,30.845,30.733,30.813,31602
2658,2022-09-13 06:25:00,30.747,30.805,30.713,30.744,16022
2659,2022-09-13 06:20:00,30.776,30.786,30.694,30.724,19075
2660,2022-09-13 06:15:00,30.718,30.795,30.674,30.754,27885
2661,2022-09-13 06:10:00,30.708,30.756,30.674,30.695,49629
2662,2022-09-13 06:05:00,30.698,30.727,30.654,30.675,21888
2663,2022-09-13 06:00:00,30.727,30.736,30.654,30.665,16829
2664,2022-09-13 05:55:00,30.698,30.756,30.664,30.715,12633
2665,2022-09-13 05:50:00,30.649,30.717,30.615,30.685,8837
2666,2022-09-13 05:45:00,30.698,30.707,30.625,30.636,9511
2667,2022-09-13 05:40:00,30.659,30.727,30.615,30.665,8059
2668,2022-09-13 05:35:00,30.688,30.697,30.605,30.636,23927
2669,2022-09-13 05:30:00,30.678,30.727,30.644,30.665,8850
2670,2022-09-13 05:25:00,30.668,30.687,30.615,30.636,29264
2671,2022-09-13 05:20:00,30.688,30.707,30.635,30.656,12215
2672,2022-09-13 05:15:00,30.688,30.717,30.654,30.665,7406
2673,2022-09-13 05:10:00,30.747,30.756,30.635,30.646,42735
2674,2022-09-13 05:05:00,30.757,30.776,30.694,30.715,11214
2675,2022-09-13 05:00:00,30.757,30.776,30.684,30.734,6149
2676,2022-09-13 04:55:00,30.718,30.766,30.684,30.734,5729
2677,2022-09-13 04:50:00,30.767,30.786,30.674,30.695,27491
2678,2022-09-13 04:45:00,30.718,30.776,30.664,30.744,24488
2679,2022-09-13 04:40:00,30.708,30.736,30.654,30.695,17857
2680,2022-09-13 04:35:00,30.757,30.766,30.674,30.685,41521
2681,2022-09-13 04:30:00,30.776,30.795,30.723,30.734,19352
2682,2022-09-13 04:25:00,30.796,30.815,30.733,30.754,24337
2683,2022-09-13 04:20:00,30.767,30.805,30.703,30.773,30636
2684,2022-09-13 04:15:00,30.757,30.795,30.703,30.744,19494
2685,2022-09-13 04:10:00,30.747,30.815,30.703,30.734,34639
2686,2022-09-13 04:05:00,30.786,30.805,30.674,30.724,41346
2687,2022-09-13 04:00:00,30.767,30.845,30.654,30.764,88357
2688,2022-09-12 19:55:00,30.531,30.56,30.478,30.518,49649
2689,2022-09-12 19:50:00,30.511,30.55,30.468,30.499,37968
2690,2022-09-12 19:45:00,30.541,30.55,30.468,30.479,31565
2691,2022-09-12 19:40:00,30.541,30.55,30.497,30.508,14384
2692,2022-09-12 19:35:00,30.579,30.589,30.487,30.518,41047
2693,2022-09-12 19:30:00,30.57,30.589,30.527,30.557,10293
2694,2022-09-12 19:25:00,30.57,30.589,30.527,30.548,7559
2695,2022-09-12 19:20:00,30.551,30.579,30.507,30.548,28865
2696,2022-09-12 19:15:00,30.56,30.579,30.517,30.528,18652
2697,2022-09-12 19:10:00,30.56,30.589,30.517,30.548,35301
2698,2022-09-12 19:05:00,30.531,30.599,30.497,30.548,28290
2699,2022-09-12 19:00:00,30.531,30.54,30.478,30.508,8181
2700,2022-09-12 18:55:00,30.521,30.54,30.478,30.499,15178
2701,2022-09-12 18:50:00,30.521,30.53,30.478,30.499,19697
2702,2022-09-12 18:45:00,30.501,30.53,30.468,30.499,14227
2703,2022-09-12 18:40:00,30.492,30.52,30.458,30.479,5254
2704,2022-09-12 18:35:00,30.482,30.501,30.429,30.469,22764
2705,2022-09-12 18:30:00,30.531,30.54,30.448,30.459,28536
2706,2022-09-12 18:25:00,30.501,30.55,30.468,30.518,31821
2707,2022-09-12 18:20:00,30.56,30.569,30.468,30.489,14255
2708,2022-09-12 18:15:00,30.56,30.589,30.517,30.528,13504
2709,2022-09-12 18:10:00,30.541,30.569,30.507,30.538,13020
2710,2022-09-12 18:05:00,30.57,30.579,30.507,30.528,30811
2711,2022-09-12 18:00:00,30.6,30.619,30.517,30.538,49872
2712,2022-09-12 17:55:00,30.59,30.609,30.537,30.577,13644
2713,2022-09-12 17:50:00,30.6,30.609,30.556,30.577,28157
2714,2022-09-12 17:45:00,30.59,30.609,30.556,30.567,6539
2715,2022-09-12 17:40:00,30.58,30.609,30.537,30.567,14076
2716,2022-09-12 17:35:00,30.57,30.599,30.527,30.567,14122
2717,2022-09-12 17:30:00,30.57,30.599,30.527,30.538,8720
2718,2022-09-12 17:25:00,30.57,30.599,30.527,30.538,20723
2719,2022-09-12 17:20:00,30.59,30.599,30.527,30.538,19593
2720,2022-09-12 17:15:00,30.56,30.599,30.527,30.557,12502
2721,2022-09-12 17:10:00,30.57,30.589,30.517,30.548,12618
2722,2022-09-12 17:05:00,30.58,30.589,30.527,30.538,15049
2723,2022-09-12 17:00:00,30.58,30.599,30.527,30.538,24594
2724,2022-09-12 16:55:00,30.59,30.609,30.546,30.557,28794
2725,2022-09-12 16:50:00,30.57,30.599,30.537,30.557,28856
2726,2022-09-12 16:45:00,30.57,30.589,30.537,30.548,21440
2727,2022-09-12 16:40:00,30.57,30.589,30.527,30.548,41323
2728,2022-09-12 16:35:00,30.58,30.589,30.527,30.548,65423
2729,2022-09-12 16:30:00,30.58,30.599,30.537,30.548,42656
2730,2022-09-12 16:25:00,30.6,30.609,30.546,30.557,87649
2731,2022-09-12 16:20:00,30.56,30.609,30.516,30.577,88864
2732,2022-09-12 16:15:00,30.541,30.579,30.497,30.519,144620
2733,2022-09-12 16:10:00,30.521,30.56,30.468,30.508,82112
2734,2022-09-12 16:05:00,30.482,30.52,30.409,30.489,151565
2735,2022-09-12 16:00:00,30.393,30.55,30.34,30.459,689365
2736,2022-09-12 15:55:00,30.261,30.402,30.203,30.371,2489395
2737,2022-09-12 15:50:00,30.305,30.353,30.203,30.243,1733654
2738,2022-09-12 15:45:00,30.337,30.353,30.173,30.292,1500995
2739,2022-09-12 15:40:00,30.202,30.363,30.105,30.312,1437127
2740,2022-09-12 15:35:00,30.158,30.242,30.085,30.184,1088462
2741,2022-09-12 15:30:00,30.202,30.265,30.105,30.14,891108
2742,2022-09-12 15:25:00,30.194,30.265,30.11,30.175,868031
2743,2022-09-12 15:20:00,30.231,30.29,30.144,30.17,821441
2744,2022-09-12 15:15:00,30.308,30.329,30.173,30.209,771938
2745,2022-09-12 15:10:00,30.314,30.363,30.252,30.288,957650
2746,2022-09-12 15:05:00,30.177,30.334,30.124,30.292,1146187
2747,2022-09-12 15:00:00,30.177,30.216,30.066,30.155,796884
2748,2022-09-12 14:55:00,30.176,30.24,30.105,30.15,622755
2749,2022-09-12 14:50:00,30.226,30.26,30.128,30.148,647677
2750,2022-09-12 14:45:00,30.148,30.251,30.091,30.214,925524
2751,2022-09-12 14:40:00,30.13,30.176,30.051,30.13,809752
2752,2022-09-12 14:35:00,30.01,30.157,29.977,30.111,1276707
2753,2022-09-12 14:30:00,30.04,30.093,29.928,29.99,1072925
2754,2022-09-12 14:25:00,30.133,30.186,29.982,30.022,1113160
2755,2022-09-12 14:20:00,30.148,30.245,29.997,30.106,1671263
2756,2022-09-12 14:15:00,30.3,30.363,30.046,30.125,1776639
2757,2022-09-12 14:10:00,30.217,30.314,30.154,30.277,826821
2758,2022-09-12 14:05:00,30.261,30.294,30.173,30.195,745043
2759,2022-09-12 14:00:00,30.354,30.388,30.203,30.242,987598
2760,2022-09-12 13:55:00,30.374,30.393,30.301,30.332,793769
2761,2022-09-12 13:50:00,30.256,30.402,30.213,30.355,1041904
2762,2022-09-12 13:45:00,30.177,30.275,30.134,30.227,1205770
2763,2022-09-12 13:40:00,30.246,30.289,30.136,30.162,727157
2764,2022-09-12 13:35:00,30.344,30.363,30.203,30.224,757995
2765,2022-09-12 13:30:00,30.315,30.353,30.223,30.322,934837
2766,2022-09-12 13:25:00,30.197,30.343,30.134,30.297,877418
2767,2022-09-12 13:20:00,30.246,30.284,30.134,30.175,768117
2768,2022-09-12 13:15:00,30.266,30.304,30.193,30.219,728833
2769,2022-09-12 13:10:00,30.251,30.304,30.193,30.243,783866
2770,2022-09-12 13:05:00,30.109,30.275,30.046,30.232,1370762
2771,2022-09-12 13:00:00,30.192,30.221,29.948,30.085,1646528
2772,2022-09-12 12:55:00,30.167,30.216,30.105,30.165,1054501
2773,2022-09-12 12:50:00,30.079,30.186,30.046,30.137,1065669
2774,2022-09-12 12:45:00,30.133,30.167,29.967,30.063,1354820
2775,2022-09-12 12:40:00,30.069,30.147,30.019,30.11,1076372
2776,2022-09-12 12:35:00,30.032,30.112,29.869,30.057,1391692
2777,2022-09-12 12:30:00,30.005,30.098,29.928,30.015,1330237
2778,2022-09-12 12:25:00,29.971,30.019,29.869,29.978,1203238
2779,2022-09-12 12:20:00,29.843,30.019,29.762,29.958,1774643
2780,2022-09-12 12:15:00,29.868,29.941,29.722,29.825,1565086
2781,2022-09-12 12:10:00,29.735,29.901,29.624,29.851,2566093
2782,2022-09-12 12:05:00,29.775,29.939,29.693,29.718,1774828
2783,2022-09-12 12:00:00,29.833,29.881,29.722,29.755,1097914
2784,2022-09-12 11:55:00,29.981,29.999,29.663,29.802,3288092
2785,2022-09-12 11:50:00,30.133,30.154,29.918,29.959,1358867
2786,2022-09-12 11:45:00,30.194,30.255,30.041,30.113,973884
2787,2022-09-12 11:40:00,30.207,30.284,30.115,30.175,1076204
2788,2022-09-12 11:35:00,30.334,30.343,30.066,30.175,1806328
2789,2022-09-12 11:30:00,30.334,30.378,30.193,30.311,1839210
2790,2022-09-12 11:25:00,30.226,30.343,30.183,30.312,1487200
2791,2022-09-12 11:20:00,30.111,30.245,30.046,30.209,1663866
2792,2022-09-12 11:15:00,30.071,30.147,29.953,30.086,1465130
2793,2022-09-12 11:10:00,29.966,30.088,29.899,30.052,1377669
2794,2022-09-12 11:05:00,29.981,30.039,29.889,29.947,1523467
2795,2022-09-12 11:00:00,30.099,30.157,29.879,29.949,2980879
2796,2022-09-12 10:55:00,30.197,30.26,30.026,30.086,2968958
2797,2022-09-12 10:50:00,30.31,30.343,30.134,30.17,1697690
2798,2022-09-12 10:45:00,30.236,30.324,30.164,30.283,1632429
2799,2022-09-12 10:40:00,30.325,30.334,30.105,30.204,2230828
2800,2022-09-12 10:35:00,30.344,30.422,30.237,30.294,1578188
2801,2022-09-12 10:30:00,30.374,30.442,30.272,30.322,1441649
2802,2022-09-12 10:25:00,30.43,30.491,30.301,30.351,1484783
2803,2022-09-12 10:20:00,30.443,30.488,30.311,30.41,1911459
2804,2022-09-12 10:15:00,30.285,30.491,30.242,30.415,2532944
2805,2022-09-12 10:10:00,30.393,30.412,30.223,30.263,1761102
2806,2022-09-12 10:05:00,30.305,30.432,30.213,30.371,2443899
2807,2022-09-12 10:00:00,30.354,30.412,30.223,30.278,2497592
2808,2022-09-12 09:55:00,30.167,30.368,30.129,30.325,3353458
2809,2022-09-12 09:50:00,30.04,30.176,29.98,30.145,2274437
2810,2022-09-12 09:45:00,29.991,30.127,29.909,30.008,2391387
2811,2022-09-12 09:40:00,29.883,30.108,29.844,29.963,3228141
2812,2022-09-12 09:35:00,29.949,29.959,29.693,29.861,3368393
2813,2022-09-12 09:30:00,29.765,29.999,29.653,29.929,5806244
2814,2022-09-12 09:25:00,29.755,29.773,29.693,29.743,152922
2815,2022-09-12 09:20:00,29.735,29.783,29.693,29.733,336418
2816,2022-09-12 09:15:00,29.755,29.773,29.683,29.723,82242
2817,2022-09-12 09:10:00,29.725,29.773,29.644,29.733,118750
2818,2022-09-12 09:05:00,29.676,29.773,29.634,29.694,73376
2819,2022-09-12 09:00:00,29.716,29.724,29.575,29.654,145526
2820,2022-09-12 08:55:00,29.676,29.734,29.644,29.694,116816
2821,2022-09-12 08:50:00,29.696,29.715,29.644,29.664,92446
2822,2022-09-12 08:45:00,29.617,29.705,29.565,29.664,127237
2823,2022-09-12 08:40:00,29.627,29.636,29.565,29.604,91233
2824,2022-09-12 08:35:00,29.588,29.656,29.545,29.605,188579
2825,2022-09-12 08:30:00,29.509,29.597,29.467,29.566,183120
2826,2022-09-12 08:25:00,29.617,29.627,29.457,29.478,233590
2827,2022-09-12 08:20:00,29.735,29.773,29.575,29.595,207565
2828,2022-09-12 08:15:00,29.843,29.852,29.693,29.723,174841
2829,2022-09-12 08:10:00,29.814,29.862,29.761,29.821,156140
2830,2022-09-12 08:05:00,29.873,29.911,29.761,29.782,200028
2831,2022-09-12 08:00:00,29.765,30.057,29.271,29.861,679652
2832,2022-09-12 07:55:00,29.942,29.98,29.899,29.919,62522
2833,2022-09-12 07:50:00,29.902,29.941,29.859,29.91,20844
2834,2022-09-12 07:45:00,29.892,29.921,29.84,29.89,34323
2835,2022-09-12 07:40:00,29.833,29.911,29.781,29.88,73787
2836,2022-09-12 07:35:00,29.824,29.882,29.781,29.811,67472
2837,2022-09-12 07:30:00,29.843,29.852,29.752,29.811,57551
2838,2022-09-12 07:25:00,29.824,29.882,29.791,29.831,32083
2839,2022-09-12 07:20:00,29.814,29.832,29.761,29.792,11145
2840,2022-09-12 07:15:00,29.765,29.842,29.732,29.792,38856
2841,2022-09-12 07:10:00,29.784,29.823,29.693,29.713,55134
2842,2022-09-12 07:05:00,29.735,29.823,29.702,29.772,42217
2843,2022-09-12 07:00:00,29.765,29.783,29.663,29.713,152649
2844,2022-09-12 06:55:00,29.814,29.823,29.732,29.753,10206
2845,2022-09-12 06:50:00,29.794,29.823,29.732,29.792,22099
2846,2022-09-12 06:45:00,29.814,29.842,29.752,29.772,13409
2847,2022-09-12 06:40:00,29.814,29.823,29.771,29.792,3269
2848,2022-09-12 06:35:00,29.833,29.842,29.761,29.802,20229
2849,2022-09-12 06:30:00,29.794,29.862,29.752,29.802,76193
2850,2022-09-12 06:25:00,29.775,29.813,29.732,29.782,27976
2851,2022-09-12 06:20:00,29.745,29.793,29.702,29.753,18203
2852,2022-09-12 06:15:00,29.735,29.783,29.673,29.723,27467
2853,2022-09-12 06:10:00,29.775,29.823,29.702,29.713,26124
2854,2022-09-12 06:05:00,29.833,29.842,29.732,29.753,25620
2855,2022-09-12 06:00:00,29.863,29.872,29.761,29.811,39208
2856,2022-09-12 05:55:00,29.892,29.901,29.82,29.851,30815
2857,2022-09-12 05:50:00,29.922,29.931,29.84,29.89,22080
2858,2022-09-12 05:45:00,29.932,29.95,29.889,29.9,20454
2859,2022-09-12 05:40:00,29.932,29.96,29.889,29.9,23493
2860,2022-09-12 05:35:00,29.922,29.95,29.889,29.91,11422
2861,2022-09-12 05:30:00,29.971,29.98,29.85,29.9,41407
2862,2022-09-12 05:25:00,30.01,30.029,29.938,29.949,17459
2863,2022-09-12 05:20:00,30.02,30.088,29.967,29.988,103189
2864,2022-09-12 05:15:00,30.0,30.049,29.967,29.998,16110
2865,2022-09-12 05:10:00,30.03,30.049,29.948,29.978,28900
2866,2022-09-12 05:05:00,30.0,30.058,29.938,30.008,47478
2867,2022-09-12 05:00:00,30.0,30.019,29.938,29.978,52136
2868,2022-09-12 04:55:00,29.991,30.009,29.948,29.969,17928
2869,2022-09-12 04:50:00,29.951,29.99,29.918,29.959,59175
2870,2022-09-12 04:45:00,29.971,29.999,29.918,29.929,48792
2871,2022-09-12 04:40:00,29.942,30.009,29.879,29.959,87492
2872,2022-09-12 04:35:00,29.794,29.95,29.761,29.919,52771
2873,2022-09-12 04:30:00,29.735,29.803,29.702,29.772,70841
2874,2022-09-12 04:25:00,29.725,29.754,29.663,29.703,29592
2875,2022-09-12 04:20:00,29.706,29.754,29.673,29.694,35064
2876,2022-09-12 04:15:00,29.666,29.705,29.624,29.674,25567
2877,2022-09-12 04:10:00,29.657,29.705,29.604,29.625,27260
2878,2022-09-12 04:05:00,29.725,29.744,29.555,29.615,137723
2879,2022-09-12 04:00:00,29.539,29.803,29.32,29.694,183238
2880,2022-09-09 19:55:00,29.352,29.361,29.29,29.311,18278
2881,2022-09-09 19:50:00,29.332,29.38,29.29,29.321,37165
2882,2022-09-09 19:45:00,29.323,29.371,29.29,29.311,23445
2883,2022-09-09 19:40:00,29.352,29.371,29.29,29.301,11750
2884,2022-09-09 19:35:00,29.332,29.371,29.3,29.33,26427
2885,2022-09-09 19:30:00,29.342,29.351,29.3,29.311,12879
2886,2022-09-09 19:25:00,29.342,29.351,29.29,29.311,7589
2887,2022-09-09 19:20:00,29.342,29.351,29.3,29.311,3177
2888,2022-09-09 19:15:00,29.342,29.351,29.3,29.321,9071
2889,2022-09-09 19:10:00,29.342,29.351,29.3,29.311,8161
2890,2022-09-09 19:05:00,29.332,29.351,29.271,29.311,10590
2891,2022-09-09 19:00:00,29.323,29.351,29.29,29.311,6660
2892,2022-09-09 18:55:00,29.332,29.341,29.281,29.301,9587
2893,2022-09-09 18:50:00,29.313,29.341,29.271,29.301,4579
2894,2022-09-09 18:45:00,29.274,29.321,29.231,29.281,6924
2895,2022-09-09 18:40:00,29.274,29.312,29.241,29.252,8564
2896,2022-09-09 18:35:00,29.293,29.312,29.241,29.252,12032
2897,2022-09-09 18:30:00,29.293,29.312,29.261,29.281,1998
2898,2022-09-09 18:25:00,29.293,29.312,29.261,29.281,8139
2899,2022-09-09 18:20:00,29.303,29.312,29.261,29.281,940
2900,2022-09-09 18:15:00,29.313,29.321,29.271,29.281,1809
2901,2022-09-09 18:10:00,29.313,29.321,29.271,29.291,3560
2902,2022-09-09 18:05:00,29.313,29.321,29.271,29.281,7566
2903,2022-09-09 18:00:00,29.313,29.351,29.271,29.291,4082
2904,2022-09-09 17:55:00,29.313,29.351,29.271,29.291,6354
2905,2022-09-09 17:50:00,29.313,29.321,29.261,29.291,6024
2906,2022-09-09 17:45:00,29.313,29.331,29.261,29.272,7965
2907,2022-09-09 17:40:00,29.313,29.341,29.281,29.291,15821
2908,2022-09-09 17:35:00,29.323,29.331,29.281,29.291,5822
2909,2022-09-09 17:30:00,29.313,29.331,29.271,29.291,9519
2910,2022-09-09 17:25:00,29.323,29.351,29.271,29.291,7890
2911,2022-09-09 17:20:00,29.293,29.341,29.261,29.291,15187
2912,2022-09-09 17:15:00,29.313,29.321,29.261,29.272,13455
2913,2022-09-09 17:10:00,29.303,29.321,29.261,29.272,28096
2914,2022-09-09 17:05:00,29.313,29.321,29.261,29.281,9337
2915,2022-09-09 17:00:00,29.323,29.341,29.271,29.291,18632
2916,2022-09-09 16:55:00,29.352,29.361,29.29,29.301,36330
2917,2022-09-09 16:50:00,29.323,29.361,29.281,29.321,33577
2918,2022-09-09 16:45:00,29.303,29.321,29.261,29.291,25225
2919,2022-09-09 16:40:00,29.323,29.331,29.271,29.281,71694
2920,2022-09-09 16:35:00,29.323,29.341,29.281,29.301,35921
2921,2022-09-09 16:30:00,29.323,29.351,29.29,29.301,21369
2922,2022-09-09 16:25:00,29.323,29.351,29.29,29.311,31516
2923,2022-09-09 16:20:00,29.313,29.361,29.281,29.301,20108
2924,2022-09-09 16:15:00,29.332,29.341,29.261,29.301,66175
2925,2022-09-09 16:10:00,29.283,29.331,29.251,29.301,80848
2926,2022-09-09 16:05:00,29.274,29.302,29.182,29.272,194419
2927,2022-09-09 16:00:00,29.323,29.341,29.231,29.252,421584
2928,2022-09-09 15:55:00,29.417,29.426,29.271,29.311,2560084
2929,2022-09-09 15:50:00,29.402,29.479,29.261,29.399,2276107
2930,2022-09-09 15:45:00,29.465,29.479,29.33,29.382,1424469
2931,2022-09-09 15:40:00,29.35,29.498,29.293,29.448,2250185
2932,2022-09-09 15:35:00,29.401,29.42,29.281,29.326,1300537
2933,2022-09-09 15:30:00,29.352,29.41,29.281,29.38,976645
2934,2022-09-09 15:25:00,29.334,29.39,29.261,29.326,898013
2935,2022-09-09 15:20:00,29.382,29.41,29.261,29.316,1182293
2936,2022-09-09 15:15:00,29.382,29.401,29.3,29.36,649205
2937,2022-09-09 15:10:00,29.318,29.42,29.266,29.36,1293134
2938,2022-09-09 15:05:00,29.336,29.38,29.241,29.296,933031
2939,2022-09-09 15:00:00,29.238,29.361,29.163,29.317,1385572
2940,2022-09-09 14:55:00,29.151,29.263,29.114,29.218,939590
2941,2022-09-09 14:50:00,29.161,29.204,29.074,29.124,808874
2942,2022-09-09 14:45:00,29.185,29.223,29.104,29.144,1072224
2943,2022-09-09 14:40:00,29.239,29.282,29.124,29.164,611397
2944,2022-09-09 14:35:00,29.224,29.282,29.124,29.215,1098148
2945,2022-09-09 14:30:00,29.376,29.39,29.173,29.198,1055253
2946,2022-09-09 14:25:00,29.367,29.39,29.266,29.35,893346
2947,2022-09-09 14:20:00,29.313,29.39,29.271,29.35,810312
2948,2022-09-09 14:15:00,29.298,29.351,29.241,29.297,1272367
2949,2022-09-09 14:10:00,29.22,29.321,29.133,29.276,922488
2950,2022-09-09 14:05:00,29.185,29.282,29.114,29.197,808123
2951,2022-09-09 14:00:00,29.298,29.312,29.104,29.168,1451492
2952,2022-09-09 13:55:00,29.288,29.321,29.231,29.278,458793
2953,2022-09-09 13:50:00,29.313,29.321,29.202,29.271,641175
2954,2022-09-09 13:45:00,29.274,29.331,29.192,29.281,973697
2955,2022-09-09 13:40:00,29.401,29.41,29.231,29.242,1340442
2956,2022-09-09 13:35:00,29.352,29.42,29.3,29.37,1167298
2957,2022-09-09 13:30:00,29.288,29.38,29.251,29.326,1089111
2958,2022-09-09 13:25:00,29.298,29.351,29.251,29.27,709079
2959,2022-09-09 13:20:00,29.313,29.361,29.241,29.278,803475
2960,2022-09-09 13:15:00,29.298,29.371,29.251,29.3,1407006
2961,2022-09-09 13:10:00,29.234,29.312,29.182,29.276,1789807
2962,2022-09-09 13:05:00,29.185,29.253,29.124,29.213,993003
2963,2022-09-09 13:00:00,29.215,29.233,29.07,29.159,975613
2964,2022-09-09 12:55:00,29.176,29.233,29.124,29.188,847875
2965,2022-09-09 12:50:00,29.146,29.204,29.084,29.159,1336688
2966,2022-09-09 12:45:00,29.057,29.169,28.957,29.12,1305771
2967,2022-09-09 12:40:00,29.038,29.115,28.996,29.026,962919
2968,2022-09-09 12:35:00,28.998,29.086,28.937,29.016,1261958
2969,2022-09-09 12:30:00,28.91,29.037,28.829,28.982,1626095
2970,2022-09-09 12:25:00,28.812,28.958,28.77,28.889,1335897
2971,2022-09-09 12:20:00,28.979,28.992,28.751,28.792,1470022
2972,2022-09-09 12:15:00,29.008,29.017,28.839,28.962,1393533
2973,2022-09-09 12:10:00,28.998,29.056,28.927,28.982,1403370
2974,2022-09-09 12:05:00,28.915,29.017,28.859,28.979,1577693
2975,2022-09-09 12:00:00,29.116,29.145,28.868,28.894,2319354
2976,2022-09-09 11:55:00,29.048,29.141,28.976,29.085,993259
2977,2022-09-09 11:50:00,29.081,29.115,28.967,29.016,1105071
2978,2022-09-09 11:45:00,29.161,29.184,29.029,29.061,1257470
2979,2022-09-09 11:40:00,29.224,29.263,29.094,29.144,1279826
2980,2022-09-09 11:35:00,29.111,29.243,29.045,29.198,1375608
2981,2022-09-09 11:30:00,29.126,29.218,28.987,29.09,1812361
2982,2022-09-09 11:25:00,29.028,29.135,28.976,29.095,1288347
2983,2022-09-09 11:20:00,28.948,29.046,28.83,28.999,1906132
2984,2022-09-09 11:15:00,29.038,29.125,28.888,28.923,1773240
2985,2022-09-09 11:10:00,28.998,29.056,28.868,29.025,1848783
2986,2022-09-09 11:05:00,29.062,29.125,28.947,28.962,1640683
2987,2022-09-09 11:00:00,29.116,29.184,28.957,29.036,1764617
2988,2022-09-09 10:55:00,29.106,29.135,28.957,29.095,1719502
2989,2022-09-09 10:50:00,29.131,29.184,29.045,29.08,1762785
2990,2022-09-09 10:45:00,29.136,29.174,28.976,29.112,2006634
2991,2022-09-09 10:40:00,29.038,29.194,28.996,29.119,2795599
2992,2022-09-09 10:35:00,28.959,29.076,28.849,29.016,2234533
2993,2022-09-09 10:30:00,28.9,28.978,28.77,28.933,2003210
2994,2022-09-09 10:25:00,28.723,28.928,28.603,28.874,2769499
2995,2022-09-09 10:20:00,28.851,28.938,28.682,28.703,2141771
2996,2022-09-09 10:15:00,28.856,29.036,28.731,28.829,2980035
2997,2022-09-09 10:10:00,28.974,28.988,28.76,28.838,2851752
2998,2022-09-09 10:05:00,28.881,28.987,28.81,28.957,3504830
2999,2022-09-09 10:00:00,28.743,28.909,28.662,28.859,4422649
3000,2022-09-09 09:55:00,28.571,28.759,28.388,28.722,3792291
3001,2022-09-09 09:50:00,28.576,28.663,28.45,28.546,3561600
3002,2022-09-09 09:45:00,28.36,28.683,28.211,28.545,5056368
3003,2022-09-09 09:40:00,28.478,28.555,28.319,28.339,3366378
3004,2022-09-09 09:35:00,28.507,28.604,28.309,28.457,4565071
3005,2022-09-09 09:30:00,28.163,28.545,28.123,28.486,6079597
3006,2022-09-09 09:25:00,28.242,28.27,28.064,28.143,424730
3007,2022-09-09 09:20:00,28.35,28.378,28.211,28.221,168687
3008,2022-09-09 09:15:00,28.34,28.408,28.309,28.329,167824
3009,2022-09-09 09:10:00,28.34,28.359,28.24,28.319,139937
3010,2022-09-09 09:05:00,28.321,28.359,28.24,28.31,241906
3011,2022-09-09 09:00:00,28.34,28.368,28.27,28.31,355113
3012,2022-09-09 08:55:00,28.38,28.447,28.309,28.319,134626
3013,2022-09-09 08:50:00,28.517,28.526,28.358,28.368,161194
3014,2022-09-09 08:45:00,28.527,28.535,28.437,28.486,167575
3015,2022-09-09 08:40:00,28.429,28.535,28.397,28.497,393287
3016,2022-09-09 08:35:00,28.439,28.457,28.378,28.418,138943
3017,2022-09-09 08:30:00,28.35,28.447,28.299,28.418,161045
3018,2022-09-09 08:25:00,28.34,28.388,28.309,28.329,99836
3019,2022-09-09 08:20:00,28.33,28.368,28.28,28.319,88754
3020,2022-09-09 08:15:00,28.281,28.359,28.24,28.3,107883
3021,2022-09-09 08:10:00,28.262,28.3,28.211,28.261,112547
3022,2022-09-09 08:05:00,28.311,28.319,28.211,28.241,111692
3023,2022-09-09 08:00:00,28.34,28.556,27.838,28.29,548238
3024,2022-09-09 07:55:00,28.35,28.368,28.27,28.329,78245
3025,2022-09-09 07:50:00,28.38,28.388,28.309,28.329,24236
3026,2022-09-09 07:45:00,28.36,28.378,28.319,28.339,18628
3027,2022-09-09 07:40:00,28.38,28.388,28.319,28.349,14233
3028,2022-09-09 07:35:00,28.311,28.398,28.28,28.368,43625
3029,2022-09-09 07:30:00,28.389,28.398,28.28,28.3,52934
3030,2022-09-09 07:25:00,28.37,28.408,28.339,28.359,30769
3031,2022-09-09 07:20:00,28.429,28.437,28.348,28.359,47011
3032,2022-09-09 07:15:00,28.439,28.476,28.378,28.398,72381
3033,2022-09-09 07:10:00,28.439,28.457,28.358,28.427,73489
3034,2022-09-09 07:05:00,28.429,28.467,28.388,28.418,75217
3035,2022-09-09 07:00:00,28.488,28.496,28.378,28.398,159649
3036,2022-09-09 06:55:00,28.488,28.516,28.446,28.457,16635
3037,2022-09-09 06:50:00,28.547,28.555,28.456,28.467,30552
3038,2022-09-09 06:45:00,28.527,28.604,28.496,28.526,86451
3039,2022-09-09 06:40:00,28.478,28.545,28.437,28.516,63912
3040,2022-09-09 06:35:00,28.448,28.486,28.388,28.457,37283
3041,2022-09-09 06:30:00,28.389,28.476,28.358,28.427,59738
3042,2022-09-09 06:25:00,28.389,28.408,28.348,28.378,17439
3043,2022-09-09 06:20:00,28.33,28.388,28.289,28.359,19261
3044,2022-09-09 06:15:00,28.33,28.408,28.28,28.329,21821
3045,2022-09-09 06:10:00,28.301,28.349,28.27,28.319,17272
3046,2022-09-09 06:05:00,28.34,28.368,28.26,28.28,25529
3047,2022-09-09 06:00:00,28.389,28.408,28.309,28.329,19423
3048,2022-09-09 05:55:00,28.34,28.427,28.309,28.368,25208
3049,2022-09-09 05:50:00,28.37,28.378,28.28,28.31,50353
3050,2022-09-09 05:45:00,28.38,28.388,28.319,28.349,30458
3051,2022-09-09 05:40:00,28.389,28.476,28.339,28.359,71671
3052,2022-09-09 05:35:00,28.37,28.398,28.319,28.368,27809
3053,2022-09-09 05:30:00,28.38,28.388,28.329,28.349,7972
3054,2022-09-09 05:25:00,28.409,28.417,28.339,28.359,41954
3055,2022-09-09 05:20:00,28.35,28.417,28.319,28.378,86960
3056,2022-09-09 05:15:00,28.38,28.398,28.319,28.339,9545
3057,2022-09-09 05:10:00,28.37,28.408,28.339,28.378,19840
3058,2022-09-09 05:05:00,28.38,28.408,28.299,28.349,25537
3059,2022-09-09 05:00:00,28.389,28.408,28.299,28.349,22510
3060,2022-09-09 04:55:00,28.37,28.417,28.329,28.368,61735
3061,2022-09-09 04:50:00,28.36,28.388,28.309,28.359,32376
3062,2022-09-09 04:45:00,28.33,28.378,28.299,28.329,27193
3063,2022-09-09 04:40:00,28.252,28.349,28.191,28.31,25241
3064,2022-09-09 04:35:00,28.321,28.359,28.221,28.231,34719
3065,2022-09-09 04:30:00,28.399,28.408,28.289,28.31,51335
3066,2022-09-09 04:25:00,28.389,28.417,28.329,28.368,60983
3067,2022-09-09 04:20:00,28.34,28.398,28.299,28.359,76714
3068,2022-09-09 04:15:00,28.232,28.359,28.201,28.31,74929
3069,2022-09-09 04:10:00,28.193,28.241,28.142,28.202,52258
3070,2022-09-09 04:05:00,28.144,28.201,28.103,28.172,50042
3071,2022-09-09 04:00:00,28.105,28.201,27.966,28.133,120081
3072,2022-09-08 19:55:00,27.761,27.789,27.691,27.721,73149
3073,2022-09-08 19:50:00,27.741,27.798,27.701,27.73,28872
3074,2022-09-08 19:45:00,27.731,27.749,27.681,27.721,18320
3075,2022-09-08 19:40:00,27.741,27.759,27.691,27.711,27017
3076,2022-09-08 19:35:00,27.741,27.798,27.691,27.721,29449
3077,2022-09-08 19:30:00,27.761,27.778,27.671,27.721,44874
3078,2022-09-08 19:25:00,27.751,27.808,27.711,27.73,42271
3079,2022-09-08 19:20:00,27.702,27.759,27.661,27.73,66339
3080,2022-09-08 19:15:00,27.692,27.73,27.652,27.701,51612
3081,2022-09-08 19:10:00,27.672,27.71,27.642,27.672,39816
3082,2022-09-08 19:05:00,27.682,27.7,27.632,27.662,40169
3083,2022-09-08 19:00:00,27.633,27.7,27.603,27.672,19398
3084,2022-09-08 18:55:00,27.623,27.651,27.593,27.622,12228
3085,2022-09-08 18:50:00,27.633,27.651,27.583,27.593,5376
3086,2022-09-08 18:45:00,27.623,27.641,27.583,27.613,3767
3087,2022-09-08 18:40:00,27.663,27.671,27.593,27.603,7750
3088,2022-09-08 18:35:00,27.594,27.671,27.563,27.622,13798
3089,2022-09-08 18:30:00,27.584,27.612,27.544,27.574,19076
3090,2022-09-08 18:25:00,27.604,27.631,27.563,27.583,27863
3091,2022-09-08 18:20:00,27.594,27.641,27.554,27.564,13768
3092,2022-09-08 18:15:00,27.633,27.651,27.573,27.583,21121
3093,2022-09-08 18:10:00,27.643,27.661,27.603,27.613,14440
3094,2022-09-08 18:05:00,27.633,27.661,27.603,27.632,7035
3095,2022-09-08 18:00:00,27.672,27.69,27.594,27.613,14232
3096,2022-09-08 17:55:00,27.702,27.72,27.652,27.662,27671
3097,2022-09-08 17:50:00,27.702,27.72,27.652,27.681,19991
3098,2022-09-08 17:45:00,27.702,27.72,27.661,27.691,9350
3099,2022-09-08 17:40:00,27.702,27.72,27.661,27.691,5264
3100,2022-09-08 17:35:00,27.702,27.72,27.661,27.691,27727
3101,2022-09-08 17:30:00,27.712,27.72,27.671,27.681,10825
3102,2022-09-08 17:25:00,27.692,27.72,27.661,27.691,3497
3103,2022-09-08 17:20:00,27.692,27.72,27.652,27.663,11062
3104,2022-09-08 17:15:00,27.712,27.72,27.642,27.672,14461
3105,2022-09-08 17:10:00,27.682,27.71,27.642,27.681,55415
3106,2022-09-08 17:05:00,27.672,27.69,27.632,27.653,16339
3107,2022-09-08 17:00:00,27.692,27.71,27.642,27.662,21892
3108,2022-09-08 16:55:00,27.702,27.72,27.642,27.672,33552
3109,2022-09-08 16:50:00,27.682,27.71,27.652,27.681,32782
3110,2022-09-08 16:45:00,27.682,27.71,27.652,27.672,34629
3111,2022-09-08 16:40:00,27.682,27.7,27.642,27.672,38922
3112,2022-09-08 16:35:00,27.682,27.69,27.642,27.662,24336
3113,2022-09-08 16:30:00,27.672,27.69,27.632,27.652,39887
3114,2022-09-08 16:25:00,27.663,27.681,27.622,27.652,34727
3115,2022-09-08 16:20:00,27.692,27.7,27.622,27.642,104957
3116,2022-09-08 16:15:00,27.653,27.7,27.612,27.662,145904
3117,2022-09-08 16:10:00,27.633,27.7,27.593,27.632,138118
3118,2022-09-08 16:05:00,27.623,27.661,27.593,27.613,118371
3119,2022-09-08 16:00:00,27.545,27.661,27.514,27.603,490674
3120,2022-09-08 15:55:00,27.397,27.569,27.328,27.534,3197931
3121,2022-09-08 15:50:00,27.112,27.435,27.083,27.382,2167801
3122,2022-09-08 15:45:00,27.053,27.243,27.014,27.098,1610993
3123,2022-09-08 15:40:00,27.201,27.238,27.004,27.033,1180917
3124,2022-09-08 15:35:00,27.181,27.248,27.092,27.186,1112684
3125,2022-09-08 15:30:00,27.23,27.334,27.127,27.166,1393899
3126,2022-09-08 15:25:00,27.279,27.307,27.176,27.21,822181
3127,2022-09-08 15:20:00,27.225,27.317,27.151,27.259,1297063
3128,2022-09-08 15:15:00,27.194,27.263,27.122,27.21,1485140
3129,2022-09-08 15:10:00,27.069,27.219,26.984,27.181,1304177
3130,2022-09-08 15:05:00,27.024,27.14,26.965,27.048,1138346
3131,2022-09-08 15:00:00,27.093,27.199,26.886,27.004,1882872
3132,2022-09-08 14:55:00,27.216,27.225,27.027,27.073,816847
3133,2022-09-08 14:50:00,27.122,27.238,26.994,27.195,1197080
3134,2022-09-08 14:45:00,27.22,27.257,27.024,27.102,1403971
3135,2022-09-08 14:40:00,27.368,27.401,27.014,27.195,2512761
3136,2022-09-08 14:35:00,27.311,27.405,27.22,27.348,1429927
3137,2022-09-08 14:30:00,27.152,27.341,27.107,27.292,1485855
3138,2022-09-08 14:25:00,27.159,27.219,27.058,27.122,953038
3139,2022-09-08 14:20:00,27.171,27.209,27.073,27.137,659279
3140,2022-09-08 14:15:00,27.066,27.219,26.945,27.151,1338893
3141,2022-09-08 14:10:00,27.132,27.218,27.024,27.048,858009
3142,2022-09-08 14:05:00,27.173,27.258,27.033,27.106,1208110
3143,2022-09-08 14:00:00,27.112,27.189,27.034,27.156,1125060
3144,2022-09-08 13:55:00,27.211,27.238,26.916,27.093,3392621
3145,2022-09-08 13:50:00,27.324,27.354,27.151,27.2,952219
3146,2022-09-08 13:45:00,27.305,27.346,27.186,27.303,839128
3147,2022-09-08 13:40:00,27.294,27.356,27.21,27.279,1090715
3148,2022-09-08 13:35:00,27.201,27.405,27.151,27.269,2518508
3149,2022-09-08 13:30:00,27.22,27.278,27.063,27.186,1240507
3150,2022-09-08 13:25:00,27.23,27.317,27.073,27.191,2333705
3151,2022-09-08 13:20:00,27.191,27.248,27.141,27.205,1066540
3152,2022-09-08 13:15:00,27.201,27.248,27.102,27.166,1775191
3153,2022-09-08 13:10:00,26.825,27.233,26.788,27.181,4012422
3154,2022-09-08 13:05:00,26.749,26.845,26.67,26.798,1222549
3155,2022-09-08 13:00:00,26.916,26.973,26.656,26.735,2769368
3156,2022-09-08 12:55:00,26.94,27.012,26.876,26.886,1052891
3157,2022-09-08 12:50:00,26.896,27.052,26.847,26.916,2176764
3158,2022-09-08 12:45:00,26.995,27.012,26.818,26.876,2297928
3159,2022-09-08 12:40:00,26.726,27.032,26.641,26.98,3621533
3160,2022-09-08 12:35:00,26.661,26.806,26.621,26.71,1980356
3161,2022-09-08 12:30:00,26.564,26.757,26.484,26.646,3252599
3162,2022-09-08 12:25:00,26.484,26.619,26.386,26.543,2281897
3163,2022-09-08 12:20:00,26.508,26.57,26.278,26.454,3185012
3164,2022-09-08 12:15:00,26.552,26.644,26.366,26.484,3381345
3165,2022-09-08 12:10:00,26.668,26.683,26.401,26.533,4434311
3166,2022-09-08 12:05:00,26.955,26.983,26.523,26.641,5312571
3167,2022-09-08 12:00:00,27.491,27.55,26.919,26.929,4737726
3168,2022-09-08 11:55:00,27.581,27.612,27.446,27.465,1079537
3169,2022-09-08 11:50:00,27.486,27.592,27.397,27.554,1693150
3170,2022-09-08 11:45:00,27.559,27.631,27.446,27.465,1550835
3171,2022-09-08 11:40:00,27.574,27.602,27.436,27.544,2422580
3172,2022-09-08 11:35:00,27.771,27.848,27.534,27.554,2380673
3173,2022-09-08 11:30:00,27.771,27.808,27.701,27.755,1803772
3174,2022-09-08 11:25:00,27.869,27.892,27.73,27.75,2420609
3175,2022-09-08 11:20:00,27.838,27.921,27.784,27.842,1645412
3176,2022-09-08 11:15:00,27.848,27.877,27.74,27.818,1805556
3177,2022-09-08 11:10:00,27.8,27.877,27.691,27.829,1568184
3178,2022-09-08 11:05:00,27.751,27.877,27.691,27.78,1988545
3179,2022-09-08 11:00:00,27.658,27.838,27.617,27.733,3573066
3180,2022-09-08 10:55:00,27.481,27.671,27.406,27.637,2687866
3181,2022-09-08 10:50:00,27.466,27.513,27.318,27.46,2072210
3182,2022-09-08 10:45:00,27.466,27.563,27.367,27.439,2511595
3183,2022-09-08 10:40:00,27.394,27.504,27.279,27.446,2936414
3184,2022-09-08 10:35:00,27.227,27.454,27.112,27.377,4128542
3185,2022-09-08 10:30:00,27.073,27.258,26.935,27.205,3145898
3186,2022-09-08 10:25:00,26.995,27.12,26.906,27.043,2024574
3187,2022-09-08 10:20:00,27.181,27.307,26.935,26.975,3730958
3188,2022-09-08 10:15:00,26.783,27.209,26.661,27.166,3445785
3189,2022-09-08 10:10:00,26.847,26.993,26.651,26.778,2118921
3190,2022-09-08 10:05:00,26.641,26.944,26.582,26.828,3087515
3191,2022-09-08 10:00:00,27.034,27.081,26.553,26.623,4055186
3192,2022-09-08 09:55:00,27.058,27.204,26.935,27.004,4141787
3193,2022-09-08 09:50:00,26.837,27.081,26.769,27.038,4805435
3194,2022-09-08 09:45:00,26.818,26.973,26.67,26.826,5363707
3195,2022-09-08 09:40:00,26.454,26.875,26.248,26.798,5962113
3196,2022-09-08 09:35:00,26.238,26.516,26.141,26.435,4374965
3197,2022-09-08 09:30:00,26.552,26.57,26.15,26.229,6832270
3198,2022-09-08 09:25:00,26.582,26.609,26.376,26.513,403112
3199,2022-09-08 09:20:00,26.602,26.609,26.435,26.562,382454
3200,2022-09-08 09:15:00,26.474,26.619,26.435,26.582,467797
3201,2022-09-08 09:10:00,26.562,26.668,26.435,26.445,768126
3202,2022-09-08 09:05:00,26.592,26.619,26.464,26.543,302396
3203,2022-09-08 09:00:00,26.592,26.639,26.533,26.562,182771
3204,2022-09-08 08:55:00,26.749,26.757,26.523,26.582,447308
3205,2022-09-08 08:50:00,26.818,26.914,26.661,26.729,245976
3206,2022-09-08 08:45:00,26.778,26.894,26.71,26.798,198084
3207,2022-09-08 08:40:00,26.837,26.865,26.67,26.759,334858
3208,2022-09-08 08:35:00,26.828,26.904,26.769,26.818,326582
3209,2022-09-08 08:30:00,27.073,27.081,26.788,26.808,373337
3210,2022-09-08 08:25:00,27.171,27.179,27.004,27.053,86706
3211,2022-09-08 08:20:00,26.955,27.189,26.926,27.141,228144
3212,2022-09-08 08:15:00,27.103,27.307,26.906,26.955,458172
3213,2022-09-08 08:10:00,27.112,27.15,27.073,27.083,70971
3214,2022-09-08 08:05:00,27.103,27.15,27.063,27.092,109262
3215,2022-09-08 08:00:00,27.23,27.513,26.848,27.083,592862
3216,2022-09-08 07:55:00,27.024,27.081,26.994,27.053,24609
3217,2022-09-08 07:50:00,27.014,27.061,26.975,27.004,54486
3218,2022-09-08 07:45:00,27.053,27.061,26.984,27.004,28940
3219,2022-09-08 07:40:00,27.083,27.12,27.024,27.043,52207
3220,2022-09-08 07:35:00,27.063,27.101,26.975,27.063,96551
3221,2022-09-08 07:30:00,27.171,27.179,27.033,27.043,107947
3222,2022-09-08 07:25:00,27.162,27.189,27.102,27.151,29382
3223,2022-09-08 07:20:00,27.191,27.209,27.122,27.132,37830
3224,2022-09-08 07:15:00,27.24,27.248,27.141,27.161,48059
3225,2022-09-08 07:10:00,27.279,27.356,27.2,27.22,187925
3226,2022-09-08 07:05:00,27.289,27.307,27.2,27.249,60397
3227,2022-09-08 07:00:00,27.201,27.307,27.151,27.269,73261
3228,2022-09-08 06:55:00,27.25,27.268,27.171,27.191,50992
3229,2022-09-08 06:50:00,27.23,27.287,27.2,27.249,18321
3230,2022-09-08 06:45:00,27.181,27.287,27.141,27.22,58067
3231,2022-09-08 06:40:00,27.162,27.189,27.092,27.151,29159
3232,2022-09-08 06:35:00,27.152,27.199,27.073,27.151,9582
3233,2022-09-08 06:30:00,27.142,27.16,27.102,27.112,6705
3234,2022-09-08 06:25:00,27.142,27.16,27.083,27.122,7135
3235,2022-09-08 06:20:00,27.093,27.15,27.063,27.122,10867
3236,2022-09-08 06:15:00,27.093,27.12,27.053,27.073,4472
3237,2022-09-08 06:10:00,27.132,27.14,27.053,27.073,4103
3238,2022-09-08 06:05:00,27.112,27.12,27.024,27.092,10182
3239,2022-09-08 06:00:00,27.132,27.16,27.083,27.092,18154
3240,2022-09-08 05:55:00,27.073,27.13,27.043,27.102,5671
3241,2022-09-08 05:50:00,27.044,27.091,26.994,27.063,3873
3242,2022-09-08 05:45:00,27.073,27.101,27.014,27.024,52575
3243,2022-09-08 05:40:00,27.132,27.15,27.043,27.053,47251
3244,2022-09-08 05:35:00,27.083,27.13,27.033,27.092,7103
3245,2022-09-08 05:30:00,27.093,27.111,27.024,27.063,17451
3246,2022-09-08 05:25:00,27.122,27.15,27.083,27.102,11323
3247,2022-09-08 05:20:00,27.122,27.14,27.063,27.112,5241
3248,2022-09-08 05:15:00,27.103,27.14,27.053,27.102,12782
3249,2022-09-08 05:10:00,27.142,27.16,27.073,27.083,20455
3250,2022-09-08 05:05:00,27.171,27.179,27.102,27.112,15102
3251,2022-09-08 05:00:00,27.171,27.189,27.112,27.151,12779
3252,2022-09-08 04:55:00,27.132,27.179,27.092,27.141,13677
3253,2022-09-08 04:50:00,27.122,27.15,27.063,27.122,12014
3254,2022-09-08 04:45:00,27.093,27.13,27.063,27.102,24098
3255,2022-09-08 04:40:00,27.044,27.101,27.004,27.063,6746
3256,2022-09-08 04:35:00,27.053,27.061,26.984,27.004,16040
3257,2022-09-08 04:30:00,27.073,27.081,26.994,27.024,15143
3258,2022-09-08 04:25:00,27.024,27.081,26.945,27.053,10999
3259,2022-09-08 04:20:00,27.063,27.101,26.975,26.994,35737
3260,2022-09-08 04:15:00,27.014,27.081,26.955,27.043,39130
3261,2022-09-08 04:10:00,26.926,27.022,26.896,26.994,17075
3262,2022-09-08 04:05:00,26.936,26.973,26.876,26.906,34334
3263,2022-09-08 04:00:00,27.014,27.268,26.847,26.916,73284
3264,2022-09-07 19:55:00,27.083,27.12,27.053,27.092,39285
3265,2022-09-07 19:50:00,27.132,27.14,27.053,27.073,67394
3266,2022-09-07 19:45:00,27.103,27.13,27.063,27.102,37565
3267,2022-09-07 19:40:00,27.103,27.12,27.063,27.092,44187
3268,2022-09-07 19:35:00,27.142,27.15,27.063,27.083,35645
3269,2022-09-07 19:30:00,27.142,27.16,27.092,27.112,50731
3270,2022-09-07 19:25:00,27.142,27.17,27.102,27.122,10946
3271,2022-09-07 19:20:00,27.181,27.199,27.102,27.112,44816
3272,2022-09-07 19:15:00,27.191,27.248,27.161,27.171,26619
3273,2022-09-07 19:10:00,27.181,27.199,27.141,27.161,31469
3274,2022-09-07 19:05:00,27.152,27.179,27.122,27.151,17703
3275,2022-09-07 19:00:00,27.191,27.209,27.122,27.151,19575
3276,2022-09-07 18:55:00,27.162,27.209,27.132,27.181,26954
3277,2022-09-07 18:50:00,27.152,27.179,27.112,27.141,13509
3278,2022-09-07 18:45:00,27.162,27.17,27.112,27.122,24762
3279,2022-09-07 18:40:00,27.162,27.179,27.122,27.151,40187
3280,2022-09-07 18:35:00,27.201,27.209,27.132,27.141,31275
3281,2022-09-07 18:30:00,27.23,27.238,27.171,27.191,19603
3282,2022-09-07 18:25:00,27.25,27.258,27.19,27.2,29776
3283,2022-09-07 18:20:00,27.24,27.249,27.19,27.221,18399
3284,2022-09-07 18:15:00,27.25,27.258,27.19,27.21,32686
3285,2022-09-07 18:10:00,27.27,27.278,27.21,27.24,54664
3286,2022-09-07 18:05:00,27.22,27.307,27.19,27.24,143375
3287,2022-09-07 18:00:00,27.181,27.258,27.151,27.21,91096
3288,2022-09-07 17:55:00,27.171,27.199,27.132,27.171,37033
3289,2022-09-07 17:50:00,27.142,27.179,27.112,27.141,24720
3290,2022-09-07 17:45:00,27.142,27.16,27.112,27.122,28458
3291,2022-09-07 17:40:00,27.152,27.16,27.092,27.132,11972
3292,2022-09-07 17:35:00,27.152,27.16,27.092,27.102,15850
3293,2022-09-07 17:30:00,27.171,27.179,27.112,27.132,9357
3294,2022-09-07 17:25:00,27.16,27.179,27.112,27.151,25379
3295,2022-09-07 17:20:00,27.162,27.179,27.112,27.141,24333
3296,2022-09-07 17:15:00,27.152,27.179,27.122,27.141,15959
3297,2022-09-07 17:10:00,27.152,27.179,27.112,27.132,23928
3298,2022-09-07 17:05:00,27.122,27.16,27.083,27.122,29621
3299,2022-09-07 17:00:00,27.122,27.14,27.083,27.102,36150
3300,2022-09-07 16:55:00,27.142,27.16,27.092,27.102,31343
3301,2022-09-07 16:50:00,27.152,27.17,27.112,27.132,23041
3302,2022-09-07 16:45:00,27.142,27.17,27.102,27.122,34217
3303,2022-09-07 16:40:00,27.152,27.16,27.092,27.122,55109
3304,2022-09-07 16:35:00,27.142,27.16,27.102,27.132,25328
3305,2022-09-07 16:30:00,27.152,27.16,27.092,27.117,93786
3306,2022-09-07 16:25:00,27.132,27.189,27.092,27.132,64026
3307,2022-09-07 16:20:00,27.112,27.15,27.073,27.102,110715
3308,2022-09-07 16:15:00,27.073,27.12,27.043,27.092,91716
3309,2022-09-07 16:10:00,27.063,27.091,27.014,27.043,164713
3310,2022-09-07 16:05:00,27.073,27.101,27.004,27.053,190830
3311,2022-09-07 16:00:00,27.132,27.14,27.024,27.043,469066
3312,2022-09-07 15:55:00,27.26,27.268,27.063,27.112,2436668
3313,2022-09-07 15:50:00,27.309,27.327,27.141,27.24,2265294
3314,2022-09-07 15:45:00,27.22,27.356,27.171,27.284,1810170
3315,2022-09-07 15:40:00,27.25,27.287,27.122,27.205,1757550
3316,2022-09-07 15:35:00,27.303,27.343,27.181,27.239,1292263
3317,2022-09-07 15:30:00,27.387,27.396,27.23,27.284,1518010
3318,2022-09-07 15:25:00,27.284,27.415,27.249,27.372,2044274
3319,2022-09-07 15:20:00,27.24,27.317,27.171,27.269,1529302
3320,2022-09-07 15:15:00,27.312,27.386,27.181,27.225,1975475
3321,2022-09-07 15:10:00,27.333,27.356,27.213,27.289,1939884
3322,2022-09-07 15:05:00,27.22,27.346,27.141,27.318,1779751
3323,2022-09-07 15:00:00,27.191,27.238,27.102,27.206,1072747
3324,2022-09-07 14:55:00,27.21,27.248,27.123,27.171,1253373
3325,2022-09-07 14:50:00,27.166,27.219,27.043,27.181,1641782
3326,2022-09-07 14:45:00,27.112,27.189,27.063,27.146,1208899
3327,2022-09-07 14:40:00,27.102,27.199,27.048,27.092,1892437
3328,2022-09-07 14:35:00,27.078,27.15,27.004,27.082,1736319
3329,2022-09-07 14:30:00,27.034,27.091,26.896,27.053,2410679
3330,2022-09-07 14:25:00,26.857,27.052,26.818,27.014,1883678
3331,2022-09-07 14:20:00,26.789,26.875,26.749,26.837,1102158
3332,2022-09-07 14:15:00,26.923,26.983,26.759,26.773,1991238
3333,2022-09-07 14:10:00,26.931,26.958,26.857,26.906,1139780
3334,2022-09-07 14:05:00,27.083,27.091,26.886,26.91,2100344
3335,2022-09-07 14:00:00,26.798,27.091,26.739,27.053,3216197
3336,2022-09-07 13:55:00,26.823,26.835,26.7,26.768,890974
3337,2022-09-07 13:50:00,26.793,26.845,26.729,26.798,1562254
3338,2022-09-07 13:45:00,26.788,26.835,26.684,26.773,1828654
3339,2022-09-07 13:40:00,26.646,26.826,26.602,26.772,1712206
3340,2022-09-07 13:35:00,26.562,26.688,26.523,26.626,1684773
3341,2022-09-07 13:30:00,26.435,26.59,26.389,26.553,1289667
3342,2022-09-07 13:25:00,26.508,26.521,26.366,26.41,914346
3343,2022-09-07 13:20:00,26.503,26.6,26.445,26.484,964079
3344,2022-09-07 13:15:00,26.572,26.6,26.455,26.474,896539
3345,2022-09-07 13:10:00,26.582,26.609,26.484,26.543,980654
3346,2022-09-07 13:05:00,26.582,26.639,26.513,26.557,1700755
3347,2022-09-07 13:00:00,26.459,26.629,26.405,26.572,1920391
3348,2022-09-07 12:55:00,26.444,26.482,26.342,26.435,1071370
3349,2022-09-07 12:50:00,26.503,26.531,26.396,26.425,830382
3350,2022-09-07 12:45:00,26.489,26.56,26.425,26.484,1258962
3351,2022-09-07 12:40:00,26.366,26.57,26.298,26.464,3446769
3352,2022-09-07 12:35:00,26.223,26.374,26.141,26.341,1559770
3353,2022-09-07 12:30:00,26.211,26.236,26.091,26.199,1161255
3354,2022-09-07 12:25:00,26.15,26.246,26.095,26.194,1477493
3355,2022-09-07 12:20:00,26.222,26.266,26.072,26.135,1532852
3356,2022-09-07 12:15:00,26.317,26.334,26.17,26.204,1274498
3357,2022-09-07 12:10:00,26.414,26.433,26.273,26.3,766145
3358,2022-09-07 12:05:00,26.366,26.433,26.248,26.395,1519599
3359,2022-09-07 12:00:00,26.376,26.458,26.307,26.343,1190625
3360,2022-09-07 11:55:00,26.435,26.492,26.317,26.348,1819188
3361,2022-09-07 11:50:00,26.346,26.462,26.307,26.409,1740383
3362,2022-09-07 11:45:00,26.204,26.383,26.17,26.327,1410155
3363,2022-09-07 11:40:00,26.287,26.343,26.131,26.189,1424880
3364,2022-09-07 11:35:00,26.254,26.362,26.209,26.258,1005603
3365,2022-09-07 11:30:00,26.268,26.403,26.18,26.224,1712217
3366,2022-09-07 11:25:00,26.322,26.364,26.219,26.243,1253682
3367,2022-09-07 11:20:00,26.287,26.369,26.219,26.302,1441174
3368,2022-09-07 11:15:00,26.35,26.393,26.213,26.268,2629069
3369,2022-09-07 11:10:00,26.204,26.442,26.17,26.327,3418711
3370,2022-09-07 11:05:00,26.115,26.266,26.033,26.181,2080740
3371,2022-09-07 11:00:00,25.936,26.157,25.807,26.101,2166921
3372,2022-09-07 10:55:00,25.973,26.049,25.905,25.919,1386113
3373,2022-09-07 10:50:00,25.87,26.03,25.787,25.944,2199864
3374,2022-09-07 10:45:00,25.88,25.922,25.777,25.853,964255
3375,2022-09-07 10:40:00,25.943,25.981,25.738,25.865,1934860
3376,2022-09-07 10:35:00,25.983,26.069,25.85,25.924,2650268
3377,2022-09-07 10:30:00,25.924,26.167,25.885,25.964,4384227
3378,2022-09-07 10:25:00,25.757,25.961,25.66,25.895,2931892
3379,2022-09-07 10:20:00,25.855,25.931,25.689,25.748,1885269
3380,2022-09-07 10:15:00,25.742,25.902,25.62,25.845,3027640
3381,2022-09-07 10:10:00,25.894,25.966,25.689,25.713,2371232
3382,2022-09-07 10:05:00,26.014,26.084,25.782,25.865,2296837
3383,2022-09-07 10:00:00,25.953,26.059,25.719,25.998,3586676
3384,2022-09-07 09:55:00,26.047,26.207,25.876,25.934,2665869
3385,2022-09-07 09:50:00,26.199,26.243,25.915,26.022,2544384
3386,2022-09-07 09:45:00,26.11,26.285,26.042,26.179,3312082
3387,2022-09-07 09:40:00,26.14,26.265,25.954,26.091,4000525
3388,2022-09-07 09:35:00,25.973,26.216,25.885,26.118,4925259
3389,2022-09-07 09:30:00,25.717,25.99,25.66,25.954,5046879
3390,2022-09-07 09:25:00,25.698,25.745,25.591,25.689,135065
3391,2022-09-07 09:20:00,25.688,25.735,25.64,25.684,247466
3392,2022-09-07 09:15:00,25.609,25.705,25.581,25.669,161201
3393,2022-09-07 09:10:00,25.6,25.637,25.473,25.591,136342
3394,2022-09-07 09:05:00,25.521,25.617,25.493,25.571,112090
3395,2022-09-07 09:00:00,25.531,25.568,25.473,25.502,106927
3396,2022-09-07 08:55:00,25.423,25.548,25.395,25.512,214940
3397,2022-09-07 08:50:00,25.511,25.548,25.375,25.394,143702
3398,2022-09-07 08:45:00,25.56,25.578,25.473,25.502,70073
3399,2022-09-07 08:40:00,25.59,25.607,25.522,25.541,141006
3400,2022-09-07 08:35:00,25.482,25.588,25.434,25.561,101179
3401,2022-09-07 08:30:00,25.413,25.509,25.375,25.473,150419
3402,2022-09-07 08:25:00,25.413,25.44,25.336,25.384,55074
3403,2022-09-07 08:20:00,25.423,25.47,25.346,25.394,138844
3404,2022-09-07 08:15:00,25.374,25.44,25.336,25.384,80100
3405,2022-09-07 08:10:00,25.423,25.43,25.296,25.355,190972
3406,2022-09-07 08:05:00,25.531,25.538,25.316,25.394,214380
3407,2022-09-07 08:00:00,25.688,25.95,25.199,25.522,459168
3408,2022-09-07 07:55:00,25.521,25.568,25.463,25.492,35428
3409,2022-09-07 07:50:00,25.462,25.538,25.405,25.502,60955
3410,2022-09-07 07:45:00,25.511,25.519,25.405,25.453,67670
3411,2022-09-07 07:40:00,25.344,25.529,25.306,25.502,159564
3412,2022-09-07 07:35:00,25.678,25.705,25.316,25.325,136328
3413,2022-09-07 07:30:00,25.727,25.745,25.63,25.649,207961
3414,2022-09-07 07:25:00,25.727,25.755,25.689,25.708,41628
3415,2022-09-07 07:20:00,25.678,25.745,25.65,25.708,21589
3416,2022-09-07 07:15:00,25.688,25.715,25.63,25.669,61003
3417,2022-09-07 07:10:00,25.639,25.696,25.601,25.669,44611
3418,2022-09-07 07:05:00,25.688,25.725,25.601,25.62,47716
3419,2022-09-07 07:00:00,25.717,25.735,25.64,25.669,76918
3420,2022-09-07 06:55:00,25.747,25.755,25.67,25.679,5936
3421,2022-09-07 06:50:00,25.717,25.784,25.689,25.757,8284
3422,2022-09-07 06:45:00,25.767,25.774,25.66,25.689,18232
3423,2022-09-07 06:40:00,25.737,25.784,25.709,25.728,33904
3424,2022-09-07 06:35:00,25.727,25.823,25.699,25.757,23416
3425,2022-09-07 06:30:00,25.776,25.784,25.699,25.718,2753
3426,2022-09-07 06:25:00,25.767,25.794,25.719,25.767,2569
3427,2022-09-07 06:20:00,25.737,25.804,25.699,25.757,11726
3428,2022-09-07 06:15:00,25.737,25.774,25.66,25.748,28851
3429,2022-09-07 06:10:00,25.776,25.784,25.709,25.738,6847
3430,2022-09-07 06:05:00,25.767,25.814,25.738,25.748,4573
3431,2022-09-07 06:00:00,25.826,25.843,25.738,25.748,9820
3432,2022-09-07 05:55:00,25.806,25.843,25.758,25.797,11420
3433,2022-09-07 05:50:00,25.796,25.814,25.748,25.757,12077
3434,2022-09-07 05:45:00,25.767,25.823,25.728,25.797,17024
3435,2022-09-07 05:40:00,25.717,25.804,25.689,25.767,7147
3436,2022-09-07 05:35:00,25.786,25.804,25.679,25.699,9821
3437,2022-09-07 05:30:00,25.767,25.784,25.709,25.748,19156
3438,2022-09-07 05:25:00,25.757,25.794,25.719,25.767,14256
3439,2022-09-07 05:20:00,25.786,25.823,25.709,25.748,14091
3440,2022-09-07 05:15:00,25.727,25.784,25.699,25.757,3839
3441,2022-09-07 05:10:00,25.698,25.745,25.67,25.699,21474
3442,2022-09-07 05:05:00,25.717,25.755,25.66,25.679,32964
3443,2022-09-07 05:00:00,25.855,25.872,25.679,25.699,33547
3444,2022-09-07 04:55:00,25.835,25.872,25.797,25.836,17439
3445,2022-09-07 04:50:00,25.786,25.863,25.719,25.816,48586
3446,2022-09-07 04:45:00,25.727,25.794,25.699,25.757,14613
3447,2022-09-07 04:40:00,25.698,25.725,25.64,25.699,21319
3448,2022-09-07 04:35:00,25.767,25.794,25.67,25.689,17014
3449,2022-09-07 04:30:00,25.737,25.784,25.699,25.757,39110
3450,2022-09-07 04:25:00,25.767,25.794,25.699,25.708,25779
3451,2022-09-07 04:20:00,25.786,25.814,25.709,25.748,22450
3452,2022-09-07 04:15:00,25.776,25.833,25.709,25.767,24312
3453,2022-09-07 04:10:00,25.855,25.863,25.738,25.757,54905
3454,2022-09-07 04:05:00,25.855,25.951,25.817,25.846,109218
3455,2022-09-07 04:00:00,25.708,25.882,25.65,25.846,135037
3456,2022-09-06 19:55:00,25.492,25.529,25.463,25.492,51215
3457,2022-09-06 19:50:00,25.531,25.538,25.463,25.483,55287
3458,2022-09-06 19:45:00,25.56,25.568,25.493,25.512,22428
3459,2022-09-06 19:40:00,25.55,25.588,25.522,25.541,42770
3460,2022-09-06 19:35:00,25.531,25.568,25.503,25.541,12087
3461,2022-09-06 19:30:00,25.521,25.558,25.493,25.532,50117
3462,2022-09-06 19:25:00,25.56,25.568,25.503,25.512,37090
3463,2022-09-06 19:20:00,25.521,25.548,25.483,25.522,16505
3464,2022-09-06 19:15:00,25.501,25.538,25.463,25.483,20461
3465,2022-09-06 19:10:00,25.501,25.509,25.444,25.483,38819
3466,2022-09-06 19:05:00,25.55,25.578,25.463,25.473,36668
3467,2022-09-06 19:00:00,25.59,25.617,25.532,25.541,34181
3468,2022-09-06 18:55:00,25.59,25.617,25.562,25.571,16670
3469,2022-09-06 18:50:00,25.619,25.627,25.532,25.571,50534
3470,2022-09-06 18:45:00,25.609,25.637,25.571,25.61,14477
3471,2022-09-06 18:40:00,25.58,25.617,25.552,25.591,18356
3472,2022-09-06 18:35:00,25.609,25.617,25.552,25.571,11925
3473,2022-09-06 18:30:00,25.639,25.666,25.581,25.591,12950
3474,2022-09-06 18:25:00,25.609,25.646,25.581,25.62,9490
3475,2022-09-06 18:20:00,25.639,25.656,25.611,25.62,3715
3476,2022-09-06 18:15:00,25.668,25.676,25.581,25.62,62215
3477,2022-09-06 18:10:00,25.619,25.686,25.591,25.649,42564
3478,2022-09-06 18:05:00,25.58,25.617,25.552,25.591,18387
3479,2022-09-06 18:00:00,25.58,25.597,25.513,25.571,30343
3480,2022-09-06 17:55:00,25.58,25.597,25.542,25.571,35311
3481,2022-09-06 17:50:00,25.55,25.578,25.513,25.551,40015
3482,2022-09-06 17:45:00,25.56,25.578,25.522,25.541,26464
3483,2022-09-06 17:40:00,25.56,25.578,25.532,25.551,10579
3484,2022-09-06 17:35:00,25.57,25.578,25.532,25.551,4748
3485,2022-09-06 17:30:00,25.56,25.578,25.532,25.551,4849
3486,2022-09-06 17:25:00,25.56,25.578,25.522,25.551,8670
3487,2022-09-06 17:20:00,25.57,25.578,25.532,25.541,19801
3488,2022-09-06 17:15:00,25.58,25.588,25.532,25.551,9026
3489,2022-09-06 17:10:00,25.58,25.588,25.532,25.551,12196
3490,2022-09-06 17:05:00,25.59,25.627,25.552,25.561,26714
3491,2022-09-06 17:00:00,25.59,25.607,25.524,25.571,3401
3492,2022-09-06 16:55:00,25.55,25.597,25.522,25.571,44610
3493,2022-09-06 16:50:00,25.59,25.597,25.532,25.541,21478
3494,2022-09-06 16:45:00,25.57,25.597,25.522,25.571,10767
3495,2022-09-06 16:40:00,25.511,25.568,25.483,25.541,80339
3496,2022-09-06 16:35:00,25.521,25.529,25.473,25.492,14385
3497,2022-09-06 16:30:00,25.501,25.519,25.463,25.483,39149
3498,2022-09-06 16:25:00,25.541,25.548,25.463,25.492,31323
3499,2022-09-06 16:20:00,25.56,25.617,25.503,25.522,33000
3500,2022-09-06 16:15:00,25.531,25.568,25.473,25.532,132669
3501,2022-09-06 16:10:00,25.521,25.548,25.473,25.522,54678
3502,2022-09-06 16:05:00,25.56,25.568,25.483,25.502,165377
3503,2022-09-06 16:00:00,25.6,25.637,25.463,25.541,311711
3504,2022-09-06 15:55:00,25.536,25.627,25.375,25.581,2723073
3505,2022-09-06 15:50:00,25.678,25.686,25.463,25.52,2155535
3506,2022-09-06 15:45:00,25.708,25.764,25.547,25.664,2299910
3507,2022-09-06 15:40:00,25.482,25.744,25.444,25.694,2067633
3508,2022-09-06 15:35:00,25.516,25.583,25.444,25.468,1583520
3509,2022-09-06 15:30:00,25.678,25.687,25.385,25.492,2018578
3510,2022-09-06 15:25:00,25.727,25.79,25.63,25.66,1456508
3511,2022-09-06 15:20:00,25.722,25.79,25.532,25.723,2169062
3512,2022-09-06 15:15:00,25.717,25.902,25.67,25.703,1943067
3513,2022-09-06 15:10:00,25.746,25.823,25.643,25.704,1965440
3514,2022-09-06 15:05:00,25.501,25.764,25.453,25.728,1878257
3515,2022-09-06 15:00:00,25.564,25.656,25.405,25.483,1426596
3516,2022-09-06 14:55:00,25.609,25.715,25.483,25.544,1124832
3517,2022-09-06 14:50:00,25.659,25.676,25.434,25.587,1394124
3518,2022-09-06 14:45:00,25.6,25.686,25.487,25.635,896939
3519,2022-09-06 14:40:00,25.698,25.705,25.542,25.591,921587
3520,2022-09-06 14:35:00,25.654,25.794,25.552,25.671,1058001
3521,2022-09-06 14:30:00,25.717,25.764,25.522,25.64,1545554
3522,2022-09-06 14:25:00,25.776,25.818,25.634,25.699,1217847
3523,2022-09-06 14:20:00,25.796,25.833,25.679,25.767,1198002
3524,2022-09-06 14:15:00,25.791,25.868,25.7,25.777,1321698
3525,2022-09-06 14:10:00,25.59,25.848,25.562,25.777,2577248
3526,2022-09-06 14:05:00,25.57,25.627,25.473,25.563,1062355
3527,2022-09-06 14:00:00,25.511,25.671,25.454,25.546,1983948
3528,2022-09-06 13:55:00,25.339,25.544,25.306,25.497,1632337
3529,2022-09-06 13:50:00,25.325,25.371,25.199,25.322,1720655
3530,2022-09-06 13:45:00,25.447,25.548,25.287,25.306,1342243
3531,2022-09-06 13:40:00,25.516,25.529,25.311,25.429,1182183
3532,2022-09-06 13:35:00,25.487,25.558,25.365,25.502,1062476
3533,2022-09-06 13:30:00,25.354,25.568,25.287,25.473,1927334
3534,2022-09-06 13:25:00,25.407,25.45,25.316,25.335,712445
3535,2022-09-06 13:20:00,25.423,25.484,25.316,25.394,1534884
3536,2022-09-06 13:15:00,25.349,25.46,25.257,25.411,1823990
3537,2022-09-06 13:10:00,25.398,25.476,25.277,25.335,1516494
3538,2022-09-06 13:05:00,25.698,25.725,25.365,25.384,2040401
3539,2022-09-06 13:00:00,25.835,25.872,25.63,25.689,1485290
3540,2022-09-06 12:55:00,25.884,25.961,25.758,25.821,1587687
3541,2022-09-06 12:50:00,25.871,25.912,25.719,25.86,1086761
3542,2022-09-06 12:45:00,25.923,25.931,25.778,25.855,1258997
3543,2022-09-06 12:40:00,25.739,25.941,25.591,25.895,1860071
3544,2022-09-06 12:35:00,25.737,25.823,25.67,25.718,1095138
3545,2022-09-06 12:30:00,25.737,25.813,25.67,25.718,1076274
3546,2022-09-06 12:25:00,25.639,25.774,25.513,25.718,1801557
3547,2022-09-06 12:20:00,25.781,25.852,25.582,25.63,2359453
3548,2022-09-06 12:15:00,25.973,26.0,25.728,25.762,2096142
3549,2022-09-06 12:10:00,25.997,26.04,25.895,25.944,1405575
3550,2022-09-06 12:05:00,26.243,26.374,25.925,25.973,2399251
3551,2022-09-06 12:00:00,26.243,26.354,26.154,26.209,1415855
3552,2022-09-06 11:55:00,26.258,26.354,26.18,26.229,1419816
3553,2022-09-06 11:50:00,26.079,26.329,26.023,26.243,1797506
3554,2022-09-06 11:45:00,26.204,26.285,26.023,26.057,1526303
3555,2022-09-06 11:40:00,26.051,26.403,25.993,26.172,3126182
3556,2022-09-06 11:35:00,26.106,26.207,25.915,26.035,1716417
3557,2022-09-06 11:30:00,25.894,26.285,25.807,26.083,2533286
3558,2022-09-06 11:25:00,26.12,26.221,25.829,25.88,2163888
3559,2022-09-06 11:20:00,26.002,26.167,25.885,26.096,1721157
3560,2022-09-06 11:15:00,26.11,26.148,25.915,25.982,2024384
3561,2022-09-06 11:10:00,26.228,26.266,26.003,26.086,1880940
3562,2022-09-06 11:05:00,26.049,26.372,25.964,26.204,3467675
3563,2022-09-06 11:00:00,26.14,26.157,25.915,26.032,2533950
3564,2022-09-06 10:55:00,26.007,26.285,25.964,26.121,3558896
3565,2022-09-06 10:50:00,25.729,26.167,25.689,25.993,5555500
3566,2022-09-06 10:45:00,25.791,25.862,25.64,25.713,2382040
3567,2022-09-06 10:40:00,25.623,25.912,25.583,25.772,4589584
3568,2022-09-06 10:35:00,25.383,25.681,25.238,25.607,2550468
3569,2022-09-06 10:30:00,25.423,25.435,25.248,25.36,1987609
3570,2022-09-06 10:25:00,25.164,25.509,25.076,25.411,3844788
3571,2022-09-06 10:20:00,25.246,25.288,25.022,25.139,2409575
3572,2022-09-06 10:15:00,25.236,25.283,25.081,25.232,2644336
3573,2022-09-06 10:10:00,25.212,25.273,24.983,25.222,4004831
3574,2022-09-06 10:05:00,25.285,25.351,25.091,25.193,2540890
3575,2022-09-06 10:00:00,25.772,25.779,25.159,25.276,6209893
3576,2022-09-06 09:55:00,25.659,25.784,25.562,25.738,3036717
3577,2022-09-06 09:50:00,25.886,25.941,25.62,25.643,2162893
3578,2022-09-06 09:45:00,26.061,26.162,25.807,25.87,3158744
3579,2022-09-06 09:40:00,26.002,26.207,25.925,26.037,2657195
3580,2022-09-06 09:35:00,26.13,26.334,25.964,25.973,3402852
3581,2022-09-06 09:30:00,26.287,26.55,26.062,26.121,4043608
3582,2022-09-06 09:25:00,26.474,26.482,26.199,26.258,402291
3583,2022-09-06 09:20:00,26.513,26.531,26.415,26.454,107153
3584,2022-09-06 09:15:00,26.484,26.541,26.435,26.494,151166
3585,2022-09-06 09:10:00,26.484,26.511,26.396,26.474,139856
3586,2022-09-06 09:05:00,26.572,26.6,26.405,26.454,306952
3587,2022-09-06 09:00:00,26.572,26.678,26.523,26.544,256711
3588,2022-09-06 08:55:00,26.591,26.629,26.543,26.553,124825
3589,2022-09-06 08:50:00,26.611,26.639,26.513,26.562,49611
3590,2022-09-06 08:45:00,26.602,26.629,26.494,26.592,62478
3591,2022-09-06 08:40:00,26.592,26.639,26.523,26.582,142535
3592,2022-09-06 08:35:00,26.494,26.609,26.455,26.562,76390
3593,2022-09-06 08:30:00,26.523,26.55,26.455,26.474,107422
3594,2022-09-06 08:25:00,26.611,26.659,26.494,26.503,130897
3595,2022-09-06 08:20:00,26.611,26.639,26.543,26.582,70301
3596,2022-09-06 08:15:00,26.7,26.708,26.562,26.592,92715
3597,2022-09-06 08:10:00,26.759,26.776,26.67,26.69,107931
3598,2022-09-06 08:05:00,26.661,26.776,26.592,26.739,166437
3599,2022-09-06 08:00:00,26.729,26.933,26.366,26.631,679000
3600,2022-09-06 07:55:00,26.552,26.649,26.523,26.611,87729
3601,2022-09-06 07:50:00,26.435,26.55,26.396,26.523,41243
3602,2022-09-06 07:45:00,26.484,26.501,26.396,26.425,74960
3603,2022-09-06 07:40:00,26.454,26.492,26.376,26.454,111992
3604,2022-09-06 07:35:00,26.552,26.56,26.415,26.445,84272
3605,2022-09-06 07:30:00,26.572,26.59,26.494,26.533,126105
3606,2022-09-06 07:25:00,26.582,26.659,26.543,26.562,54990
3607,2022-09-06 07:20:00,26.67,26.688,26.523,26.562,74849
3608,2022-09-06 07:15:00,26.68,26.698,26.621,26.651,58342
3609,2022-09-06 07:10:00,26.68,26.727,26.631,26.66,53050
3610,2022-09-06 07:05:00,26.7,26.708,26.612,26.66,86478
3611,2022-09-06 07:00:00,26.729,26.747,26.67,26.68,147337
3612,2022-09-06 06:55:00,26.719,26.757,26.69,26.7,10670
3613,2022-09-06 06:50:00,26.759,26.767,26.68,26.69,23255
3614,2022-09-06 06:45:00,26.798,26.816,26.719,26.739,32887
3615,2022-09-06 06:40:00,26.798,26.845,26.739,26.778,18031
3616,2022-09-06 06:35:00,26.818,26.835,26.759,26.778,16924
3617,2022-09-06 06:30:00,26.886,26.894,26.749,26.798,61718
3618,2022-09-06 06:25:00,26.926,26.983,26.827,26.867,77023
3619,2022-09-06 06:20:00,26.847,26.934,26.808,26.896,42083
3620,2022-09-06 06:15:00,26.798,26.885,26.759,26.827,103619
3621,2022-09-06 06:10:00,26.7,26.806,26.661,26.768,24370
3622,2022-09-06 06:05:00,26.69,26.718,26.661,26.68,6552
3623,2022-09-06 06:00:00,26.719,26.727,26.631,26.641,18692
3624,2022-09-06 05:55:00,26.719,26.747,26.661,26.69,27352
3625,2022-09-06 05:50:00,26.651,26.757,26.621,26.7,23327
3626,2022-09-06 05:45:00,26.68,26.708,26.612,26.621,88860
3627,2022-09-06 05:40:00,26.719,26.767,26.651,26.66,12335
3628,2022-09-06 05:35:00,26.71,26.737,26.67,26.7,5606
3629,2022-09-06 05:30:00,26.729,26.757,26.651,26.69,6979
3630,2022-09-06 05:25:00,26.69,26.747,26.641,26.719,92626
3631,2022-09-06 05:20:00,26.651,26.708,26.602,26.68,12583
3632,2022-09-06 05:15:00,26.602,26.688,26.572,26.631,24743
3633,2022-09-06 05:10:00,26.611,26.649,26.553,26.582,14090
3634,2022-09-06 05:05:00,26.661,26.688,26.572,26.592,27357
3635,2022-09-06 05:00:00,26.818,26.826,26.631,26.641,41554
3636,2022-09-06 04:55:00,26.798,26.826,26.749,26.798,26222
3637,2022-09-06 04:50:00,26.739,26.806,26.69,26.778,28065
3638,2022-09-06 04:45:00,26.749,26.796,26.71,26.719,28300
3639,2022-09-06 04:40:00,26.69,26.776,26.661,26.729,28225
3640,2022-09-06 04:35:00,26.641,26.688,26.582,26.66,32498
3641,2022-09-06 04:30:00,26.661,26.678,26.582,26.621,26762
3642,2022-09-06 04:25:00,26.592,26.668,26.553,26.641,19228
3643,2022-09-06 04:20:00,26.621,26.649,26.543,26.553,34716
3644,2022-09-06 04:15:00,26.572,26.629,26.494,26.602,47999
3645,2022-09-06 04:10:00,26.582,26.6,26.484,26.562,71224
3646,2022-09-06 04:05:00,26.719,26.737,26.494,26.562,150828
3647,2022-09-06 04:00:00,26.769,26.776,26.621,26.7,228208
3648,2022-09-02 19:55:00,26.15,26.187,26.072,26.15,34879
3649,2022-09-02 19:50:00,26.12,26.157,26.082,26.13,25420
3650,2022-09-02 19:45:00,26.11,26.148,26.082,26.091,14781
3651,2022-09-02 19:40:00,26.12,26.138,26.082,26.091,26038
3652,2022-09-02 19:35:00,26.12,26.138,26.072,26.101,15005
3653,2022-09-02 19:30:00,26.11,26.118,26.072,26.091,4763
3654,2022-09-02 19:25:00,26.12,26.128,26.072,26.101,11747
3655,2022-09-02 19:20:00,26.12,26.128,26.082,26.091,5921
3656,2022-09-02 19:15:00,26.14,26.148,26.082,26.091,7076
3657,2022-09-02 19:10:00,26.12,26.148,26.082,26.121,4861
3658,2022-09-02 19:05:00,26.12,26.148,26.091,26.101,8624
3659,2022-09-02 19:00:00,26.13,26.148,26.082,26.091,11118
3660,2022-09-02 18:55:00,26.11,26.148,26.082,26.111,8357
3661,2022-09-02 18:50:00,26.11,26.138,26.072,26.111,15066
3662,2022-09-02 18:45:00,26.11,26.118,26.062,26.081,5885
3663,2022-09-02 18:40:00,26.13,26.138,26.062,26.091,10591
3664,2022-09-02 18:35:00,26.13,26.138,26.052,26.111,11249
3665,2022-09-02 18:30:00,26.12,26.138,26.091,26.101,6190
3666,2022-09-02 18:25:00,26.16,26.167,26.082,26.101,46805
3667,2022-09-02 18:20:00,26.15,26.167,26.121,26.14,7103
3668,2022-09-02 18:15:00,26.15,26.177,26.121,26.14,9010
3669,2022-09-02 18:10:00,26.16,26.177,26.111,26.14,16165
3670,2022-09-02 18:05:00,26.14,26.167,26.101,26.13,22198
3671,2022-09-02 18:00:00,26.189,26.207,26.111,26.121,18182
3672,2022-09-02 17:55:00,26.209,26.216,26.141,26.15,69273
3673,2022-09-02 17:50:00,26.218,26.236,26.18,26.189,34097
3674,2022-09-02 17:45:00,26.268,26.275,26.19,26.209,21721
3675,2022-09-02 17:40:00,26.277,26.285,26.219,26.248,4538
3676,2022-09-02 17:35:00,26.287,26.305,26.229,26.258,50331
3677,2022-09-02 17:30:00,26.287,26.305,26.248,26.268,7638
3678,2022-09-02 17:25:00,26.287,26.295,26.229,26.258,13957
3679,2022-09-02 17:20:00,26.287,26.305,26.248,26.278,17591
3680,2022-09-02 17:15:00,26.297,26.305,26.248,26.268,10886
3681,2022-09-02 17:10:00,26.277,26.305,26.248,26.278,13283
3682,2022-09-02 17:05:00,26.287,26.305,26.248,26.268,16164
3683,2022-09-02 17:00:00,26.306,26.315,26.239,26.258,41713
3684,2022-09-02 16:55:00,26.297,26.315,26.248,26.287,23898
3685,2022-09-02 16:50:00,26.317,26.324,26.258,26.268,21083
3686,2022-09-02 16:45:00,26.307,26.344,26.268,26.297,41142
3687,2022-09-02 16:40:00,26.317,26.334,26.248,26.287,42523
3688,2022-09-02 16:35:00,26.297,26.334,26.268,26.307,70213
3689,2022-09-02 16:30:00,26.297,26.315,26.258,26.278,36111
3690,2022-09-02 16:25:00,26.317,26.324,26.18,26.278,55597
3691,2022-09-02 16:20:00,26.287,26.324,26.229,26.287,59105
3692,2022-09-02 16:15:00,26.248,26.315,26.219,26.268,82216
3693,2022-09-02 16:10:00,26.317,26.344,26.209,26.229,160614
3694,2022-09-02 16:05:00,26.297,26.364,26.248,26.297,229363
3695,2022-09-02 16:00:00,26.179,26.334,26.111,26.278,817391
3696,2022-09-02 15:55:00,26.169,26.275,25.954,26.16,4026319
3697,2022-09-02 15:50:00,25.904,26.177,25.846,26.15,4660907
3698,2022-09-02 15:45:00,25.717,25.951,25.679,25.887,3268656
3699,2022-09-02 15:40:00,25.811,25.833,25.689,25.702,1986251
3700,2022-09-02 15:35:00,25.953,25.971,25.719,25.792,2554497
3701,2022-09-02 15:30:00,26.189,26.196,25.925,25.934,1914340
3702,2022-09-02 15:25:00,26.071,26.228,25.993,26.165,1577707
3703,2022-09-02 15:20:00,26.307,26.433,25.993,26.052,2832899
3704,2022-09-02 15:15:00,26.307,26.419,26.199,26.287,1470820
3705,2022-09-02 15:10:00,26.346,26.423,26.199,26.287,1704941
3706,2022-09-02 15:05:00,26.385,26.511,26.288,26.322,1829225
3707,2022-09-02 15:00:00,26.15,26.467,26.096,26.356,2395784
3708,2022-09-02 14:55:00,26.273,26.295,26.082,26.14,2031606
3709,2022-09-02 14:50:00,26.336,26.383,26.248,26.258,1135511
3710,2022-09-02 14:45:00,26.464,26.482,26.278,26.317,1806051
3711,2022-09-02 14:40:00,26.418,26.492,26.307,26.444,2028926
3712,2022-09-02 14:35:00,26.297,26.472,26.231,26.4,1923601
3713,2022-09-02 14:30:00,26.417,26.428,26.209,26.275,1980555
3714,2022-09-02 14:25:00,26.189,26.452,26.131,26.4,3244978
3715,2022-09-02 14:20:00,26.169,26.244,26.091,26.167,1185168
3716,2022-09-02 14:15:00,26.152,26.226,26.033,26.14,2081660
3717,2022-09-02 14:10:00,26.203,26.275,26.072,26.13,1664776
3718,2022-09-02 14:05:00,26.13,26.246,25.964,26.179,2154027
3719,2022-09-02 14:00:00,26.032,26.173,25.984,26.111,1988448
3720,2022-09-02 13:55:00,26.13,26.138,25.984,26.01,1860318
3721,2022-09-02 13:50:00,26.209,26.246,26.033,26.116,2712952
3722,2022-09-02 13:45:00,26.444,26.59,26.17,26.189,3117752
3723,2022-09-02 13:40:00,26.356,26.521,26.298,26.427,1853071
3724,2022-09-02 13:35:00,26.341,26.501,26.239,26.345,1918864
3725,2022-09-02 13:30:00,26.366,26.472,26.268,26.318,2397707
3726,2022-09-02 13:25:00,26.405,26.452,26.298,26.361,2043067
3727,2022-09-02 13:20:00,26.818,26.826,26.356,26.371,3850660
3728,2022-09-02 13:15:00,26.778,26.924,26.582,26.798,2591948
3729,2022-09-02 13:10:00,26.695,26.813,26.612,26.768,1832327
3730,2022-09-02 13:05:00,26.778,26.845,26.572,26.68,2144511
3731,2022-09-02 13:00:00,27.022,27.03,26.563,26.759,3619551
3732,2022-09-02 12:55:00,26.995,27.096,26.877,26.997,2727517
3733,2022-09-02 12:50:00,26.995,27.022,26.739,26.975,3413510
3734,2022-09-02 12:45:00,27.024,27.12,26.908,26.975,2770401
3735,2022-09-02 12:40:00,27.22,27.278,26.984,27.014,2206366
3736,2022-09-02 12:35:00,27.383,27.405,27.083,27.205,3223564
3737,2022-09-02 12:30:00,27.524,27.612,27.249,27.367,3506754
3738,2022-09-02 12:25:00,27.623,27.661,27.436,27.504,2678727
3739,2022-09-02 12:20:00,27.849,27.916,27.495,27.608,3665201
3740,2022-09-02 12:15:00,28.036,28.054,27.809,27.829,2027903
3741,2022-09-02 12:10:00,28.095,28.137,27.975,28.025,1115728
3742,2022-09-02 12:05:00,28.163,28.191,28.025,28.079,1138800
3743,2022-09-02 12:00:00,28.232,28.285,28.093,28.153,960901
3744,2022-09-02 11:55:00,28.29,28.316,28.162,28.211,818268
3745,2022-09-02 11:50:00,28.258,28.349,28.191,28.27,1323120
3746,2022-09-02 11:45:00,28.085,28.3,28.044,28.231,1592841
3747,2022-09-02 11:40:00,28.257,28.289,27.946,28.069,2073689
3748,2022-09-02 11:35:00,28.203,28.29,28.093,28.238,1257050
3749,2022-09-02 11:30:00,28.213,28.334,28.088,28.18,1738880
3750,2022-09-02 11:25:00,28.262,28.275,28.113,28.187,1234137
3751,2022-09-02 11:20:00,28.269,28.309,28.173,28.241,1278455
3752,2022-09-02 11:15:00,28.212,28.29,28.054,28.241,1596909
3753,2022-09-02 11:10:00,28.102,28.241,28.005,28.186,1645264
3754,2022-09-02 11:05:00,28.232,28.29,28.025,28.079,2792980
3755,2022-09-02 11:00:00,28.1,28.25,28.005,28.216,2767384
3756,2022-09-02 10:55:00,28.065,28.139,27.868,28.084,3577380
3757,2022-09-02 10:50:00,28.321,28.408,28.034,28.046,3316654
3758,2022-09-02 10:45:00,28.409,28.447,28.27,28.3,2176091
3759,2022-09-02 10:40:00,28.443,28.535,28.348,28.388,3382767
3760,2022-09-02 10:35:00,28.326,28.496,28.29,28.418,3260828
3761,2022-09-02 10:30:00,28.154,28.377,28.103,28.305,4664167
3762,2022-09-02 10:25:00,27.947,28.167,27.877,28.123,2727178
3763,2022-09-02 10:20:00,27.957,28.054,27.828,27.917,2899817
3764,2022-09-02 10:15:00,27.864,28.064,27.828,27.934,3212953
3765,2022-09-02 10:10:00,27.564,27.936,27.504,27.841,4340704
3766,2022-09-02 10:05:00,27.329,27.592,27.259,27.534,3336029
3767,2022-09-02 10:00:00,27.505,27.592,27.22,27.313,3632970
3768,2022-09-02 09:55:00,27.697,27.825,27.455,27.475,2772130
3769,2022-09-02 09:50:00,27.682,27.867,27.583,27.676,4080633
3770,2022-09-02 09:45:00,27.456,27.687,27.416,27.658,3363107
3771,2022-09-02 09:40:00,27.771,27.808,27.352,27.441,4816597
3772,2022-09-02 09:35:00,27.584,27.844,27.519,27.75,5342273
3773,2022-09-02 09:30:00,28.134,28.211,27.534,27.556,7222400
3774,2022-09-02 09:25:00,28.163,28.181,28.054,28.113,422890
3775,2022-09-02 09:20:00,28.163,28.241,28.093,28.133,540347
3776,2022-09-02 09:15:00,27.987,28.191,27.946,28.153,281629
3777,2022-09-02 09:10:00,28.085,28.103,27.936,27.956,575765
3778,2022-09-02 09:05:00,27.957,28.123,27.887,28.064,551251
3779,2022-09-02 09:00:00,27.869,27.985,27.74,27.937,356268
3780,2022-09-02 08:55:00,27.839,27.916,27.76,27.848,370912
3781,2022-09-02 08:50:00,27.682,27.848,27.652,27.818,776842
3782,2022-09-02 08:45:00,27.663,27.71,27.406,27.662,903142
3783,2022-09-02 08:40:00,28.016,28.083,27.622,27.632,1089384
3784,2022-09-02 08:35:00,27.939,28.133,27.858,27.995,1590520
3785,2022-09-02 08:30:00,27.358,28.093,27.063,27.917,2504966
3786,2022-09-02 08:25:00,27.397,27.415,27.259,27.338,215057
3787,2022-09-02 08:20:00,27.25,27.415,27.22,27.387,153624
3788,2022-09-02 08:15:00,27.22,27.268,27.161,27.22,110529
3789,2022-09-02 08:10:00,27.279,27.307,27.19,27.2,89435
3790,2022-09-02 08:05:00,27.279,27.337,27.24,27.259,89548
3791,2022-09-02 08:00:00,27.191,27.504,27.033,27.259,540720
3792,2022-09-02 07:55:00,27.309,27.317,27.23,27.259,20044
3793,2022-09-02 07:50:00,27.309,27.346,27.27,27.299,30460
3794,2022-09-02 07:45:00,27.299,27.327,27.23,27.299,24253
3795,2022-09-02 07:40:00,27.26,27.317,27.23,27.279,58225
3796,2022-09-02 07:35:00,27.181,27.268,27.132,27.24,33568
3797,2022-09-02 07:30:00,27.142,27.179,27.092,27.151,11803
3798,2022-09-02 07:25:00,27.093,27.17,27.063,27.102,20918
3799,2022-09-02 07:20:00,27.171,27.179,27.063,27.073,27823
3800,2022-09-02 07:15:00,27.112,27.189,27.083,27.161,25161
3801,2022-09-02 07:10:00,27.171,27.199,27.024,27.092,62804
3802,2022-09-02 07:05:00,27.152,27.189,27.092,27.151,50818
3803,2022-09-02 07:00:00,27.162,27.228,27.122,27.132,82945
3804,2022-09-02 06:55:00,27.142,27.199,27.102,27.161,66776
3805,2022-09-02 06:50:00,27.132,27.15,27.053,27.112,9889
3806,2022-09-02 06:45:00,27.142,27.15,27.053,27.112,23268
3807,2022-09-02 06:40:00,27.142,27.189,27.092,27.102,12168
3808,2022-09-02 06:35:00,27.103,27.15,27.073,27.122,38830
3809,2022-09-02 06:30:00,27.122,27.14,27.014,27.083,46169
3810,2022-09-02 06:25:00,27.171,27.189,27.092,27.112,26072
3811,2022-09-02 06:20:00,27.211,27.228,27.122,27.151,34150
3812,2022-09-02 06:15:00,27.279,27.287,27.171,27.191,37196
3813,2022-09-02 06:10:00,27.26,27.307,27.21,27.269,33525
3814,2022-09-02 06:05:00,27.378,27.386,27.24,27.249,47554
3815,2022-09-02 06:00:00,27.358,27.405,27.308,27.367,15156
3816,2022-09-02 05:55:00,27.338,27.366,27.298,27.338,14185
3817,2022-09-02 05:50:00,27.309,27.346,27.269,27.318,9084
3818,2022-09-02 05:45:00,27.27,27.327,27.24,27.279,44873
3819,2022-09-02 05:40:00,27.299,27.327,27.24,27.249,14182
3820,2022-09-02 05:35:00,27.299,27.307,27.249,27.269,16270
3821,2022-09-02 05:30:00,27.387,27.396,27.279,27.289,93360
3822,2022-09-02 05:25:00,27.329,27.396,27.289,27.367,19447
3823,2022-09-02 05:20:00,27.358,27.376,27.298,27.318,68116
3824,2022-09-02 05:15:00,27.387,27.405,27.338,27.348,18631
3825,2022-09-02 05:10:00,27.387,27.435,27.357,27.377,10350
3826,2022-09-02 05:05:00,27.397,27.435,27.347,27.357,37464
3827,2022-09-02 05:00:00,27.456,27.464,27.367,27.387,18826
3828,2022-09-02 04:55:00,27.466,27.494,27.387,27.446,52793
3829,2022-09-02 04:50:00,27.486,27.533,27.436,27.446,97859
3830,2022-09-02 04:45:00,27.456,27.484,27.367,27.456,48716
3831,2022-09-02 04:40:00,27.456,27.504,27.426,27.446,53636
3832,2022-09-02 04:35:00,27.397,27.474,27.367,27.436,27341
3833,2022-09-02 04:30:00,27.437,27.464,27.347,27.387,46536
3834,2022-09-02 04:25:00,27.397,27.454,27.357,27.407,20518
3835,2022-09-02 04:20:00,27.427,27.494,27.367,27.377,30537
3836,2022-09-02 04:15:00,27.397,27.464,27.357,27.416,32782
3837,2022-09-02 04:10:00,27.407,27.435,27.357,27.367,65545
3838,2022-09-02 04:05:00,27.397,27.415,27.338,27.387,32457
3839,2022-09-02 04:00:00,27.348,27.415,27.161,27.387,165603
3840,2022-09-01 19:55:00,27.407,27.435,27.357,27.407,80515
3841,2022-09-01 19:50:00,27.368,27.425,27.308,27.377,62482
3842,2022-09-01 19:45:00,27.387,27.396,27.338,27.348,87977
3843,2022-09-01 19:40:00,27.329,27.396,27.279,27.357,52021
3844,2022-09-01 19:35:00,27.27,27.346,27.24,27.308,32854
3845,2022-09-01 19:30:00,27.338,27.356,27.24,27.259,101349
3846,2022-09-01 19:25:00,27.338,27.356,27.298,27.318,20797
3847,2022-09-01 19:20:00,27.338,27.346,27.289,27.308,30199
3848,2022-09-01 19:15:00,27.358,27.366,27.298,27.318,22478
3849,2022-09-01 19:10:00,27.368,27.376,27.328,27.348,12977
3850,2022-09-01 19:05:00,27.358,27.386,27.308,27.348,17038
3851,2022-09-01 19:00:00,27.387,27.396,27.308,27.338,91156
3852,2022-09-01 18:55:00,27.378,27.405,27.338,27.367,22333
3853,2022-09-01 18:50:00,27.387,27.396,27.338,27.348,24871
3854,2022-09-01 18:45:00,27.368,27.396,27.318,27.367,30308
3855,2022-09-01 18:40:00,27.368,27.386,27.279,27.348,69826
3856,2022-09-01 18:35:00,27.417,27.425,27.328,27.348,96227
3857,2022-09-01 18:30:00,27.446,27.454,27.377,27.387,64685
3858,2022-09-01 18:25:00,27.437,27.474,27.406,27.436,20761
3859,2022-09-01 18:20:00,27.427,27.454,27.377,27.416,52532
3860,2022-09-01 18:15:00,27.525,27.533,27.397,27.416,82176
3861,2022-09-01 18:10:00,27.515,27.563,27.485,27.505,70077
3862,2022-09-01 18:05:00,27.496,27.523,27.455,27.495,299460
3863,2022-09-01 18:00:00,27.476,27.513,27.397,27.475,182724
3864,2022-09-01 17:55:00,27.496,27.513,27.446,27.465,39713
3865,2022-09-01 17:50:00,27.504,27.513,27.455,27.475,19677
3866,2022-09-01 17:45:00,27.505,27.513,27.465,27.475,25582
3867,2022-09-01 17:40:00,27.505,27.513,27.465,27.475,20353
3868,2022-09-01 17:35:00,27.496,27.513,27.455,27.485,39797
3869,2022-09-01 17:30:00,27.486,27.513,27.455,27.475,33557
3870,2022-09-01 17:25:00,27.486,27.513,27.446,27.47,63221
3871,2022-09-01 17:20:00,27.496,27.513,27.446,27.465,63669
3872,2022-09-01 17:15:00,27.476,27.504,27.426,27.465,82487
3873,2022-09-01 17:10:00,27.456,27.474,27.406,27.446,43267
3874,2022-09-01 17:05:00,27.427,27.484,27.387,27.426,60648
3875,2022-09-01 17:00:00,27.368,27.445,27.338,27.407,74894
3876,2022-09-01 16:55:00,27.437,27.445,27.338,27.348,65271
3877,2022-09-01 16:50:00,27.387,27.435,27.347,27.407,52102
3878,2022-09-01 16:45:00,27.348,27.396,27.318,27.367,47400
3879,2022-09-01 16:40:00,27.358,27.376,27.308,27.328,66551
3880,2022-09-01 16:35:00,27.368,27.386,27.308,27.328,69786
3881,2022-09-01 16:30:00,27.397,27.415,27.308,27.348,82144
3882,2022-09-01 16:25:00,27.378,27.415,27.338,27.377,88429
3883,2022-09-01 16:20:00,27.329,27.386,27.279,27.357,122328
3884,2022-09-01 16:15:00,27.171,27.346,27.141,27.299,103846
3885,2022-09-01 16:10:00,27.358,27.366,27.132,27.151,263340
3886,2022-09-01 16:05:00,27.319,27.376,27.279,27.338,224174
3887,2022-09-01 16:00:00,27.348,27.366,27.24,27.299,606637
3888,2022-09-01 15:55:00,27.112,27.445,27.083,27.308,6167149
3889,2022-09-01 15:50:00,26.808,27.125,26.778,27.092,3612143
3890,2022-09-01 15:45:00,26.818,26.941,26.719,26.778,1952732
3891,2022-09-01 15:40:00,26.795,26.865,26.7,26.808,1425186
3892,2022-09-01 15:35:00,26.721,26.865,26.651,26.768,1649812
3893,2022-09-01 15:30:00,26.734,26.821,26.631,26.7,1802784
3894,2022-09-01 15:25:00,26.896,26.909,26.7,26.713,1427697
3895,2022-09-01 15:20:00,26.877,26.993,26.749,26.872,1910756
3896,2022-09-01 15:15:00,27.053,27.101,26.837,26.857,1948750
3897,2022-09-01 15:10:00,26.975,27.13,26.837,27.027,2631776
3898,2022-09-01 15:05:00,26.719,27.012,26.685,26.955,2781294
3899,2022-09-01 15:00:00,26.715,26.914,26.612,26.7,2209293
3900,2022-09-01 14:55:00,26.769,26.845,26.602,26.699,1875725
3901,2022-09-01 14:50:00,26.603,26.806,26.517,26.759,1571021
3902,2022-09-01 14:45:00,26.661,26.776,26.533,26.582,1988075
3903,2022-09-01 14:40:00,26.739,26.806,26.592,26.635,1471566
3904,2022-09-01 14:35:00,26.764,26.921,26.616,26.713,4035603
3905,2022-09-01 14:30:00,26.597,26.806,26.556,26.748,3700356
3906,2022-09-01 14:25:00,26.491,26.678,26.455,26.582,2869988
3907,2022-09-01 14:20:00,26.247,26.541,26.209,26.473,3265488
3908,2022-09-01 14:15:00,26.164,26.266,26.111,26.225,1411277
3909,2022-09-01 14:10:00,26.092,26.197,25.964,26.145,1126474
3910,2022-09-01 14:05:00,26.155,26.207,26.013,26.072,1618193
3911,2022-09-01 14:00:00,26.002,26.167,25.885,26.135,2035464
3912,2022-09-01 13:55:00,25.953,26.049,25.915,25.973,904410
3913,2022-09-01 13:50:00,25.992,26.049,25.905,25.944,949332
3914,2022-09-01 13:45:00,26.061,26.069,25.898,25.973,1232760
3915,2022-09-01 13:40:00,26.14,26.148,26.013,26.052,1089103
3916,2022-09-01 13:35:00,26.223,26.261,26.062,26.116,1593401
3917,2022-09-01 13:30:00,26.223,26.285,26.121,26.205,1709884
3918,2022-09-01 13:25:00,26.13,26.256,26.033,26.199,2581988
3919,2022-09-01 13:20:00,25.973,26.157,25.944,26.111,1459863
3920,2022-09-01 13:15:00,26.042,26.089,25.925,25.949,2131958
3921,2022-09-01 13:10:00,25.929,26.069,25.827,26.023,2002627
3922,2022-09-01 13:05:00,25.796,25.947,25.763,25.91,1936707
3923,2022-09-01 13:00:00,25.698,25.863,25.62,25.779,1505621
3924,2022-09-01 12:55:00,25.629,25.725,25.532,25.679,1792923
3925,2022-09-01 12:50:00,25.786,25.794,25.581,25.605,1286978
3926,2022-09-01 12:45:00,25.752,25.794,25.643,25.761,1000588
3927,2022-09-01 12:40:00,25.698,25.759,25.62,25.733,1364613
3928,2022-09-01 12:35:00,25.894,25.907,25.65,25.679,1449993
3929,2022-09-01 12:30:00,25.855,25.897,25.748,25.87,1393454
3930,2022-09-01 12:25:00,25.821,25.961,25.719,25.836,1396082
3931,2022-09-01 12:20:00,25.889,25.922,25.758,25.805,1242437
3932,2022-09-01 12:15:00,25.875,26.009,25.829,25.875,1994411
3933,2022-09-01 12:10:00,25.894,25.902,25.768,25.848,1218679
3934,2022-09-01 12:05:00,25.85,25.941,25.709,25.871,1611982
3935,2022-09-01 12:00:00,25.717,25.892,25.679,25.831,2075063
3936,2022-09-01 11:55:00,25.727,25.764,25.581,25.704,1620301
3937,2022-09-01 11:50:00,25.742,25.794,25.611,25.708,1531659
3938,2022-09-01 11:45:00,25.684,25.755,25.611,25.725,1813373
3939,2022-09-01 11:40:00,25.885,25.927,25.65,25.659,1517790
3940,2022-09-01 11:35:00,25.909,26.108,25.846,25.865,2807779
3941,2022-09-01 11:30:00,25.659,25.931,25.616,25.891,2833665
3942,2022-09-01 11:25:00,25.776,25.814,25.591,25.63,2026806
3943,2022-09-01 11:20:00,25.875,25.892,25.64,25.762,2361790
3944,2022-09-01 11:15:00,26.017,26.04,25.788,25.856,2033844
3945,2022-09-01 11:10:00,25.948,26.069,25.911,25.993,2556625
3946,2022-09-01 11:05:00,25.747,26.058,25.714,25.934,3372461
3947,2022-09-01 11:00:00,25.793,25.868,25.679,25.723,2921233
3948,2022-09-01 10:55:00,25.924,26.03,25.758,25.772,2399053
3949,2022-09-01 10:50:00,25.894,26.075,25.85,25.91,2890277
3950,2022-09-01 10:45:00,25.963,25.99,25.817,25.88,2389930
3951,2022-09-01 10:40:00,26.071,26.148,25.895,25.952,2847809
3952,2022-09-01 10:35:00,26.351,26.413,26.003,26.052,2991665
3953,2022-09-01 10:30:00,26.548,26.56,26.317,26.332,1671265
3954,2022-09-01 10:25:00,26.474,26.59,26.366,26.523,2697525
3955,2022-09-01 10:20:00,26.184,26.482,26.106,26.454,2996629
3956,2022-09-01 10:15:00,26.199,26.216,26.047,26.167,3173530
3957,2022-09-01 10:10:00,26.356,26.403,26.15,26.189,2266178
3958,2022-09-01 10:05:00,26.317,26.501,26.248,26.337,2687166
3959,2022-09-01 10:00:00,26.68,26.786,26.199,26.297,6075384
3960,2022-09-01 09:55:00,26.626,26.737,26.396,26.651,3360752
3961,2022-09-01 09:50:00,26.582,26.649,26.435,26.606,3030693
3962,2022-09-01 09:45:00,26.749,26.826,26.513,26.562,3131770
3963,2022-09-01 09:40:00,26.642,26.943,26.607,26.722,4742239
3964,2022-09-01 09:35:00,26.435,26.698,26.4,26.613,3943922
3965,2022-09-01 09:30:00,26.592,26.718,26.347,26.415,4887335
3966,2022-09-01 09:25:00,26.69,26.698,26.523,26.582,185648
3967,2022-09-01 09:20:00,26.71,26.727,26.62,26.68,67062
3968,2022-09-01 09:15:00,26.68,26.727,26.602,26.69,126674
3969,2022-09-01 09:10:00,26.661,26.727,26.602,26.66,175839
3970,2022-09-01 09:05:00,26.523,26.737,26.474,26.641,185370
3971,2022-09-01 09:00:00,26.621,26.639,26.484,26.494,186960
3972,2022-09-01 08:55:00,26.71,26.727,26.572,26.602,115314
3973,2022-09-01 08:50:00,26.71,26.776,26.621,26.69,169038
3974,2022-09-01 08:45:00,26.631,26.737,26.602,26.68,178399
3975,2022-09-01 08:40:00,26.641,26.678,26.562,26.602,111929
3976,2022-09-01 08:35:00,26.592,26.678,26.484,26.621,256578
3977,2022-09-01 08:30:00,26.749,26.885,26.543,26.582,259353
3978,2022-09-01 08:25:00,26.808,26.826,26.651,26.729,123374
3979,2022-09-01 08:20:00,26.749,26.816,26.719,26.778,84036
3980,2022-09-01 08:15:00,26.788,26.816,26.71,26.729,104727
3981,2022-09-01 08:10:00,26.857,26.914,26.769,26.778,108202
3982,2022-09-01 08:05:00,26.837,26.904,26.798,26.827,173182
3983,2022-09-01 08:00:00,26.828,27.022,26.21,26.808,929938
3984,2022-09-01 07:55:00,26.847,26.914,26.788,26.798,69088
3985,2022-09-01 07:50:00,26.896,26.904,26.778,26.808,62819
3986,2022-09-01 07:45:00,26.975,27.022,26.857,26.876,113118
3987,2022-09-01 07:40:00,26.867,26.973,26.827,26.945,87420
3988,2022-09-01 07:35:00,26.896,26.934,26.827,26.857,104727
3989,2022-09-01 07:30:00,26.769,26.914,26.68,26.876,61878
3990,2022-09-01 07:25:00,26.808,26.835,26.729,26.749,118082
3991,2022-09-01 07:20:00,26.788,26.816,26.739,26.788,70401
3992,2022-09-01 07:15:00,26.739,26.796,26.661,26.759,97446
3993,2022-09-01 07:10:00,26.7,26.767,26.621,26.729,150975
3994,2022-09-01 07:05:00,26.621,26.698,26.562,26.67,145129
3995,2022-09-01 07:00:00,26.552,26.639,26.523,26.611,78578
3996,2022-09-01 06:55:00,26.503,26.609,26.464,26.543,83333
3997,2022-09-01 06:50:00,26.513,26.521,26.425,26.484,7401
3998,2022-09-01 06:45:00,26.523,26.531,26.445,26.494,5483
3999,2022-09-01 06:40:00,26.464,26.492,26.415,26.445,4570
4000,2022-09-01 06:35:00,26.503,26.511,26.425,26.445,15079
4001,2022-09-01 06:30:00,26.513,26.55,26.435,26.484,10482
4002,2022-09-01 06:25:00,26.454,26.541,26.425,26.503,31569
4003,2022-09-01 06:20:00,26.444,26.492,26.415,26.435,15329
4004,2022-09-01 06:15:00,26.503,26.511,26.396,26.405,18584
4005,2022-09-01 06:10:00,26.494,26.501,26.435,26.464,8106
4006,2022-09-01 06:05:00,26.464,26.511,26.415,26.454,5756
4007,2022-09-01 06:00:00,26.454,26.492,26.425,26.445,10349
4008,2022-09-01 05:55:00,26.503,26.531,26.425,26.445,23748
4009,2022-09-01 05:50:00,26.484,26.531,26.445,26.484,89798
4010,2022-09-01 05:45:00,26.435,26.501,26.386,26.454,45177
4011,2022-09-01 05:40:00,26.395,26.442,26.356,26.415,75248
4012,2022-09-01 05:35:00,26.297,26.403,26.268,26.356,20141
4013,2022-09-01 05:30:00,26.327,26.383,26.278,26.287,29797
4014,2022-09-01 05:25:00,26.268,26.344,26.229,26.317,34433
4015,2022-09-01 05:20:00,26.346,26.354,26.209,26.219,51563
4016,2022-09-01 05:15:00,26.376,26.423,26.298,26.317,21880
4017,2022-09-01 05:10:00,26.425,26.472,26.337,26.346,33257
4018,2022-09-01 05:05:00,26.454,26.492,26.396,26.415,14671
4019,2022-09-01 05:00:00,26.385,26.482,26.347,26.435,42049
4020,2022-09-01 04:55:00,26.307,26.393,26.268,26.366,20992
4021,2022-09-01 04:50:00,26.327,26.354,26.248,26.278,33008
4022,2022-09-01 04:45:00,26.376,26.383,26.268,26.297,45951
4023,2022-09-01 04:40:00,26.425,26.442,26.347,26.356,40155
4024,2022-09-01 04:35:00,26.356,26.413,26.307,26.386,42182
4025,2022-09-01 04:30:00,26.395,26.433,26.307,26.327,80551
4026,2022-09-01 04:25:00,26.454,26.472,26.366,26.386,63620
4027,2022-09-01 04:20:00,26.523,26.541,26.415,26.435,32250
4028,2022-09-01 04:15:00,26.562,26.57,26.474,26.503,51405
4029,2022-09-01 04:10:00,26.484,26.58,26.415,26.543,59846
4030,2022-09-01 04:05:00,26.533,26.58,26.455,26.464,132508
4031,2022-09-01 04:00:00,26.523,26.609,26.376,26.503,277453
