,timestamp,open,high,low,close,volume
0,2023-06-30 19:55:00,40.788,40.798,40.77,40.78,13384
1,2023-06-30 19:50:00,40.798,40.808,40.78,40.78,6726
2,2023-06-30 19:45:00,40.778,40.818,40.77,40.8,21977
3,2023-06-30 19:40:00,40.808,40.808,40.76,40.77,4099
4,2023-06-30 19:35:00,40.808,40.828,40.77,40.8,15599
5,2023-06-30 19:30:00,40.808,40.818,40.79,40.79,8216
6,2023-06-30 19:25:00,40.818,40.818,40.8,40.8,2147
7,2023-06-30 19:20:00,40.808,40.818,40.8,40.8,4396
8,2023-06-30 19:15:00,40.788,40.818,40.78,40.8,5610
9,2023-06-30 19:10:00,40.808,40.818,40.77,40.78,10191
10,2023-06-30 19:05:00,40.788,40.828,40.78,40.81,6435
11,2023-06-30 19:00:00,40.798,40.798,40.77,40.78,9247
12,2023-06-30 18:55:00,40.778,40.798,40.76,40.78,7127
13,2023-06-30 18:50:00,40.768,40.778,40.75,40.75,4304
14,2023-06-30 18:45:00,40.758,40.768,40.75,40.76,10222
15,2023-06-30 18:40:00,40.758,40.768,40.74,40.76,2429
16,2023-06-30 18:35:00,40.758,40.758,40.74,40.75,6100
17,2023-06-30 18:30:00,40.738,40.758,40.72,40.75,7033
18,2023-06-30 18:25:00,40.728,40.738,40.71,40.73,5932
19,2023-06-30 18:20:00,40.733,40.738,40.71,40.71,9784
20,2023-06-30 18:15:00,40.758,40.758,40.72,40.72,4301
21,2023-06-30 18:10:00,40.758,40.778,40.73,40.74,7698
22,2023-06-30 18:05:00,40.748,40.758,40.73,40.75,4901
23,2023-06-30 18:00:00,40.728,40.748,40.71,40.74,7069
24,2023-06-30 17:55:00,40.728,40.748,40.71,40.72,3174
25,2023-06-30 17:50:00,40.748,40.748,40.71,40.73,18185
26,2023-06-30 17:45:00,40.748,40.748,40.73,40.73,1814
27,2023-06-30 17:40:00,40.748,40.758,40.72,40.75,5927
28,2023-06-30 17:35:00,40.748,40.758,40.73,40.75,1719
29,2023-06-30 17:30:00,40.748,40.758,40.72,40.73,4365
30,2023-06-30 17:25:00,40.748,40.758,40.73,40.75,2071
31,2023-06-30 17:20:00,40.748,40.778,40.74,40.74,19900
32,2023-06-30 17:15:00,40.768,40.768,40.75,40.75,6563
33,2023-06-30 17:10:00,40.748,40.768,40.74,40.75,13013
34,2023-06-30 17:05:00,40.738,40.758,40.73,40.742,16699
35,2023-06-30 17:00:00,40.748,40.748,40.73,40.74,16840
36,2023-06-30 16:55:00,40.738,40.758,40.73,40.732,7137
37,2023-06-30 16:50:00,40.738,40.748,40.73,40.74,11073
38,2023-06-30 16:45:00,40.738,40.748,40.72,40.73,11934
39,2023-06-30 16:40:00,40.758,40.768,40.72,40.73,14744
40,2023-06-30 16:35:00,40.736,40.758,40.71,40.75,77626
41,2023-06-30 16:30:00,40.718,41.057,40.7,41.039,144597
42,2023-06-30 16:25:00,40.718,40.738,40.71,40.72,65490
43,2023-06-30 16:20:00,40.738,40.75,40.7,40.71,35172
44,2023-06-30 16:15:00,40.858,40.858,40.7,40.73,221728
45,2023-06-30 16:10:00,40.828,40.838,39.171,40.78,63669
46,2023-06-30 16:05:00,40.778,40.838,40.75,40.81,132959
47,2023-06-30 16:00:00,40.868,40.908,40.67,40.78,767713
48,2023-06-30 15:55:00,41.137,41.137,40.85,40.85,2082458
49,2023-06-30 15:50:00,41.017,41.147,40.929,41.129,2380505
50,2023-06-30 15:45:00,41.037,41.037,40.91,41.009,1024462
51,2023-06-30 15:40:00,41.117,41.127,41.009,41.039,869172
52,2023-06-30 15:35:00,41.047,41.127,41.029,41.107,882432
53,2023-06-30 15:30:00,41.057,41.068,40.969,41.029,661089
54,2023-06-30 15:25:00,41.017,41.077,40.984,41.044,489358
55,2023-06-30 15:20:00,41.027,41.037,40.949,41.016,628470
56,2023-06-30 15:15:00,41.047,41.082,40.999,41.014,682460
57,2023-06-30 15:10:00,40.947,41.053,40.92,41.034,478255
58,2023-06-30 15:05:00,40.917,40.958,40.83,40.94,834372
59,2023-06-30 15:00:00,40.987,41.003,40.88,40.915,789843
60,2023-06-30 14:55:00,40.997,40.998,40.88,40.976,527731
61,2023-06-30 14:50:00,40.997,41.057,40.969,40.984,522436
62,2023-06-30 14:45:00,41.017,41.037,40.88,40.994,790735
63,2023-06-30 14:40:00,41.057,41.063,40.969,41.014,461994
64,2023-06-30 14:35:00,41.027,41.06,40.979,41.052,395176
65,2023-06-30 14:30:00,41.107,41.107,40.979,41.019,632579
66,2023-06-30 14:25:00,40.987,41.107,40.964,41.089,946057
67,2023-06-30 14:20:00,40.992,41.017,40.95,40.979,459424
68,2023-06-30 14:15:00,40.972,41.047,40.964,40.989,517377
69,2023-06-30 14:10:00,40.997,40.998,40.9,40.96,764197
70,2023-06-30 14:05:00,41.033,41.077,40.989,40.999,449847
71,2023-06-30 14:00:00,41.047,41.057,40.989,41.024,514812
72,2023-06-30 13:55:00,41.007,41.057,40.984,41.049,356083
73,2023-06-30 13:50:00,41.062,41.067,40.999,41.0,331746
74,2023-06-30 13:45:00,41.007,41.067,40.959,41.052,472463
75,2023-06-30 13:40:00,40.982,41.027,40.959,40.989,384475
76,2023-06-30 13:35:00,41.057,41.077,40.969,40.97,540347
77,2023-06-30 13:30:00,40.967,41.087,40.959,41.057,804654
78,2023-06-30 13:25:00,40.959,40.997,40.91,40.961,397469
79,2023-06-30 13:20:00,40.967,41.012,40.9,40.954,707580
80,2023-06-30 13:15:00,41.007,41.027,40.949,40.96,396502
81,2023-06-30 13:10:00,41.017,41.047,40.959,41.004,540529
82,2023-06-30 13:05:00,40.977,41.067,40.948,41.015,734927
83,2023-06-30 13:00:00,41.057,41.057,40.92,40.963,1032155
84,2023-06-30 12:55:00,41.017,41.077,40.999,41.039,833452
85,2023-06-30 12:50:00,40.992,41.027,40.959,41.014,446926
86,2023-06-30 12:45:00,40.927,41.017,40.91,40.979,797173
87,2023-06-30 12:40:00,40.917,40.943,40.89,40.915,562204
88,2023-06-30 12:35:00,40.887,40.948,40.87,40.904,468127
89,2023-06-30 12:30:00,40.847,40.918,40.824,40.87,968753
90,2023-06-30 12:25:00,40.843,40.843,40.76,40.83,557773
91,2023-06-30 12:20:00,40.777,40.848,40.76,40.835,1069695
92,2023-06-30 12:15:00,40.718,40.768,40.69,40.76,688511
93,2023-06-30 12:10:00,40.668,40.758,40.641,40.715,779293
94,2023-06-30 12:05:00,40.788,40.815,40.631,40.661,1228168
95,2023-06-30 12:00:00,40.718,40.798,40.68,40.785,938581
96,2023-06-30 11:55:00,40.589,40.719,40.571,40.706,1398738
97,2023-06-30 11:50:00,40.633,40.659,40.541,40.591,1080929
98,2023-06-30 11:45:00,40.579,40.639,40.491,40.631,1619590
99,2023-06-30 11:40:00,40.673,40.689,40.551,40.578,1539145
100,2023-06-30 11:35:00,40.738,40.768,40.66,40.665,890672
101,2023-06-30 11:30:00,40.828,40.829,40.681,40.73,1644879
102,2023-06-30 11:25:00,40.942,40.954,40.77,40.83,1450451
103,2023-06-30 11:20:00,40.982,40.988,40.86,40.935,1016346
104,2023-06-30 11:15:00,41.007,41.067,40.949,40.975,927760
105,2023-06-30 11:10:00,40.987,41.047,40.92,40.995,1062778
106,2023-06-30 11:05:00,40.887,40.988,40.86,40.979,811200
107,2023-06-30 11:00:00,40.877,40.928,40.81,40.889,1069615
108,2023-06-30 10:55:00,40.977,41.023,40.83,40.864,1299455
109,2023-06-30 10:50:00,40.877,40.998,40.79,40.975,1443260
110,2023-06-30 10:45:00,40.983,41.057,40.84,40.87,1247978
111,2023-06-30 10:40:00,41.02,41.082,40.949,40.97,1288174
112,2023-06-30 10:35:00,41.082,41.087,40.88,41.019,2599290
113,2023-06-30 10:30:00,41.027,41.147,41.004,41.077,1435244
114,2023-06-30 10:25:00,40.982,41.077,40.969,41.019,1212590
115,2023-06-30 10:20:00,41.097,41.207,40.969,40.979,2221486
116,2023-06-30 10:15:00,40.897,41.097,40.889,41.084,1698559
117,2023-06-30 10:10:00,40.787,40.958,40.74,40.889,1477357
118,2023-06-30 10:05:00,40.818,40.908,40.73,40.78,1547542
119,2023-06-30 10:00:00,40.748,40.858,40.272,40.8,1777597
120,2023-06-30 09:55:00,40.738,40.818,40.651,40.74,1652726
121,2023-06-30 09:50:00,40.838,40.858,40.675,40.738,2000780
122,2023-06-30 09:45:00,40.618,40.848,40.571,40.825,3027563
123,2023-06-30 09:40:00,40.389,40.624,40.312,40.611,2598506
124,2023-06-30 09:35:00,40.329,40.444,40.272,40.382,2439771
125,2023-06-30 09:30:00,40.26,40.409,40.142,40.323,3620292
126,2023-06-30 09:25:00,40.26,40.33,40.212,40.262,187055
127,2023-06-30 09:20:00,40.3,40.31,40.242,40.262,226365
128,2023-06-30 09:15:00,40.339,40.35,40.262,40.3,216605
129,2023-06-30 09:10:00,40.27,40.35,40.252,40.332,245887
130,2023-06-30 09:05:00,40.26,40.36,40.242,40.262,431682
131,2023-06-30 09:00:00,40.14,40.26,40.117,40.252,244035
132,2023-06-30 08:55:00,40.07,40.15,40.053,40.123,172664
133,2023-06-30 08:50:00,40.16,40.17,40.063,40.063,302534
134,2023-06-30 08:45:00,40.19,40.22,40.083,40.153,377958
135,2023-06-30 08:40:00,40.26,40.27,40.152,40.182,328878
136,2023-06-30 08:35:00,40.16,40.32,40.033,40.262,523848
137,2023-06-30 08:30:00,39.741,40.2,39.734,40.153,908546
138,2023-06-30 08:25:00,39.771,39.802,39.714,39.714,236688
139,2023-06-30 08:20:00,39.761,39.792,39.734,39.764,89238
140,2023-06-30 08:15:00,39.731,39.792,39.714,39.755,157046
141,2023-06-30 08:10:00,39.722,39.752,39.704,39.724,124811
142,2023-06-30 08:05:00,39.702,39.732,39.674,39.714,117467
143,2023-06-30 08:00:00,39.662,39.73,39.246,39.694,492244
144,2023-06-30 07:55:00,39.632,39.662,39.614,39.644,22451
145,2023-06-30 07:50:00,39.642,39.672,39.594,39.605,84605
146,2023-06-30 07:45:00,39.632,39.652,39.614,39.634,35793
147,2023-06-30 07:40:00,39.642,39.652,39.624,39.624,23591
148,2023-06-30 07:35:00,39.652,39.652,39.624,39.624,38824
149,2023-06-30 07:30:00,39.632,39.652,39.614,39.644,34181
150,2023-06-30 07:25:00,39.642,39.652,39.614,39.634,56869
151,2023-06-30 07:20:00,39.642,39.652,39.604,39.634,17514
152,2023-06-30 07:15:00,39.652,39.662,39.614,39.624,31639
153,2023-06-30 07:10:00,39.672,39.672,39.634,39.644,31881
154,2023-06-30 07:05:00,39.697,39.712,39.654,39.664,62372
155,2023-06-30 07:00:00,39.662,39.732,39.644,39.694,131081
156,2023-06-30 06:55:00,39.682,39.692,39.654,39.654,5375
157,2023-06-30 06:50:00,39.712,39.742,39.684,39.684,33365
158,2023-06-30 06:45:00,39.682,39.722,39.654,39.704,33816
159,2023-06-30 06:40:00,39.612,39.692,39.594,39.684,12830
160,2023-06-30 06:35:00,39.612,39.652,39.604,39.605,1429
161,2023-06-30 06:30:00,39.602,39.622,39.564,39.615,10501
162,2023-06-30 06:25:00,39.592,39.622,39.574,39.595,4879
163,2023-06-30 06:20:00,39.632,39.642,39.584,39.585,8610
164,2023-06-30 06:15:00,39.632,39.652,39.594,39.624,3563
165,2023-06-30 06:10:00,39.642,39.662,39.624,39.624,12095
166,2023-06-30 06:05:00,39.582,39.652,39.574,39.634,30003
167,2023-06-30 06:00:00,39.632,39.642,39.574,39.575,17293
168,2023-06-30 05:55:00,39.662,39.682,39.614,39.615,9206
169,2023-06-30 05:50:00,39.672,39.682,39.644,39.654,8062
170,2023-06-30 05:45:00,39.652,39.682,39.634,39.654,4953
171,2023-06-30 05:40:00,39.642,39.682,39.634,39.644,13623
172,2023-06-30 05:35:00,39.672,39.692,39.634,39.644,9686
173,2023-06-30 05:30:00,39.682,39.702,39.644,39.674,35635
174,2023-06-30 05:25:00,39.632,39.682,39.614,39.674,16848
175,2023-06-30 05:20:00,39.572,39.642,39.555,39.624,10651
176,2023-06-30 05:15:00,39.582,39.602,39.564,39.565,7417
177,2023-06-30 05:10:00,39.622,39.622,39.564,39.575,18609
178,2023-06-30 05:05:00,39.662,39.662,39.584,39.624,16403
179,2023-06-30 05:00:00,39.592,39.662,39.564,39.644,56803
180,2023-06-30 04:55:00,39.592,39.612,39.564,39.585,14413
181,2023-06-30 04:50:00,39.562,39.592,39.525,39.585,9096
182,2023-06-30 04:45:00,39.552,39.563,39.525,39.555,14470
183,2023-06-30 04:40:00,39.512,39.572,39.505,39.545,35228
184,2023-06-30 04:35:00,39.462,39.513,39.455,39.505,17968
185,2023-06-30 04:30:00,39.433,39.453,39.425,39.445,4679
186,2023-06-30 04:25:00,39.462,39.463,39.405,39.425,7661
187,2023-06-30 04:20:00,39.482,39.483,39.425,39.465,3789
188,2023-06-30 04:15:00,39.482,39.483,39.445,39.465,9764
189,2023-06-30 04:10:00,39.462,39.523,39.455,39.475,11041
190,2023-06-30 04:05:00,39.522,39.533,39.455,39.455,36484
191,2023-06-30 04:00:00,39.403,39.523,39.335,39.515,81918
192,2023-06-29 19:55:00,39.203,39.224,39.176,39.196,15562
193,2023-06-29 19:50:00,39.203,39.214,39.176,39.196,9755
194,2023-06-29 19:45:00,39.203,39.234,39.195,39.206,24214
195,2023-06-29 19:40:00,39.193,39.204,39.176,39.186,39079
196,2023-06-29 19:35:00,39.223,39.224,39.176,39.176,12448
197,2023-06-29 19:30:00,39.163,39.264,39.146,39.206,53761
198,2023-06-29 19:25:00,39.163,39.174,39.146,39.165,5304
199,2023-06-29 19:20:00,39.154,39.164,39.136,39.146,1140
200,2023-06-29 19:15:00,39.154,39.164,39.136,39.156,3886
201,2023-06-29 19:10:00,39.173,39.174,39.146,39.146,1655
202,2023-06-29 19:05:00,39.154,39.184,39.146,39.176,13583
203,2023-06-29 19:00:00,39.134,39.154,39.116,39.146,8713
204,2023-06-29 18:55:00,39.144,39.144,39.116,39.135,1437
205,2023-06-29 18:50:00,39.124,39.144,39.116,39.126,7945
206,2023-06-29 18:45:00,39.104,39.144,39.096,39.136,7720
207,2023-06-29 18:40:00,39.124,39.134,39.086,39.096,6379
208,2023-06-29 18:35:00,39.124,39.144,39.106,39.116,2140
209,2023-06-29 18:30:00,39.134,39.154,39.106,39.106,11530
210,2023-06-29 18:25:00,39.144,39.154,39.136,39.136,3335
211,2023-06-29 18:20:00,39.144,39.164,39.126,39.126,10705
212,2023-06-29 18:15:00,39.094,39.144,39.086,39.116,2662
213,2023-06-29 18:10:00,39.124,39.134,39.096,39.096,4389
214,2023-06-29 18:05:00,39.094,39.124,39.086,39.116,2828
215,2023-06-29 18:00:00,39.104,39.114,39.066,39.086,24969
216,2023-06-29 17:55:00,39.104,39.104,39.086,39.096,7136
217,2023-06-29 17:50:00,39.104,39.104,39.086,39.086,6348
218,2023-06-29 17:45:00,39.104,39.114,39.086,39.086,3667
219,2023-06-29 17:40:00,39.114,39.114,39.086,39.106,1967
220,2023-06-29 17:35:00,39.114,39.114,39.096,39.096,1754
221,2023-06-29 17:30:00,39.124,39.124,39.096,39.106,6275
222,2023-06-29 17:25:00,39.124,39.124,39.106,39.116,2458
223,2023-06-29 17:20:00,39.124,39.134,39.115,39.115,2462
224,2023-06-29 17:15:00,39.124,39.134,39.116,39.126,4229
225,2023-06-29 17:10:00,39.134,39.144,39.116,39.116,11702
226,2023-06-29 17:05:00,39.134,39.144,39.126,39.126,8095
227,2023-06-29 17:00:00,39.144,39.144,39.126,39.126,27933
228,2023-06-29 16:55:00,39.144,39.164,39.136,39.136,88182
229,2023-06-29 16:50:00,39.154,39.164,39.136,39.136,7768
230,2023-06-29 16:45:00,39.173,39.174,39.136,39.136,42163
231,2023-06-29 16:40:00,39.163,39.174,39.146,39.166,36256
232,2023-06-29 16:35:00,39.154,39.184,39.146,39.166,52024
233,2023-06-29 16:30:00,39.154,39.164,39.136,39.146,9394
234,2023-06-29 16:25:00,39.144,39.164,39.126,39.136,90299
235,2023-06-29 16:20:00,39.134,39.144,39.096,39.136,36339
236,2023-06-29 16:15:00,39.094,39.174,39.076,39.136,93424
237,2023-06-29 16:10:00,39.163,39.194,39.146,39.166,80797
238,2023-06-29 16:05:00,39.154,39.194,39.136,39.156,129301
239,2023-06-29 16:00:00,39.094,39.164,39.036,39.146,572714
240,2023-06-29 15:55:00,38.964,39.094,38.867,39.078,1908659
241,2023-06-29 15:50:00,38.924,39.124,38.867,38.947,2021097
242,2023-06-29 15:45:00,38.795,38.965,38.777,38.917,717175
243,2023-06-29 15:40:00,38.894,38.895,38.777,38.788,498278
244,2023-06-29 15:35:00,38.932,38.95,38.847,38.897,420855
245,2023-06-29 15:30:00,38.904,38.975,38.867,38.927,680157
246,2023-06-29 15:25:00,38.83,38.934,38.817,38.904,551703
247,2023-06-29 15:20:00,38.855,38.915,38.748,38.827,478077
248,2023-06-29 15:15:00,38.909,38.985,38.827,38.857,657788
249,2023-06-29 15:10:00,38.924,38.945,38.867,38.897,435887
250,2023-06-29 15:05:00,38.949,38.97,38.867,38.907,538235
251,2023-06-29 15:00:00,38.914,38.965,38.882,38.937,877182
252,2023-06-29 14:55:00,38.79,38.917,38.752,38.907,596787
253,2023-06-29 14:50:00,38.84,38.846,38.748,38.778,352108
254,2023-06-29 14:45:00,38.825,38.875,38.807,38.827,483718
255,2023-06-29 14:40:00,38.874,38.895,38.709,38.818,915781
256,2023-06-29 14:35:00,38.824,38.905,38.807,38.877,325727
257,2023-06-29 14:30:00,38.865,38.875,38.791,38.808,594324
258,2023-06-29 14:25:00,38.865,38.9,38.817,38.857,468247
259,2023-06-29 14:20:00,38.775,38.885,38.767,38.862,640129
260,2023-06-29 14:15:00,38.75,38.795,38.718,38.778,569316
261,2023-06-29 14:10:00,38.635,38.759,38.608,38.747,773355
262,2023-06-29 14:05:00,38.675,38.706,38.578,38.628,1380837
263,2023-06-29 14:00:00,38.775,38.775,38.578,38.678,1469245
264,2023-06-29 13:55:00,38.964,38.988,38.728,38.768,1054628
265,2023-06-29 13:50:00,38.914,38.975,38.882,38.949,475027
266,2023-06-29 13:45:00,38.894,38.925,38.817,38.907,511415
267,2023-06-29 13:40:00,38.934,38.975,38.837,38.887,551860
268,2023-06-29 13:35:00,38.956,38.975,38.881,38.934,372338
269,2023-06-29 13:30:00,39.059,39.074,38.897,38.947,764816
270,2023-06-29 13:25:00,39.064,39.094,38.977,39.047,488284
271,2023-06-29 13:20:00,39.04,39.104,39.007,39.048,720467
272,2023-06-29 13:15:00,38.934,39.054,38.907,39.027,626570
273,2023-06-29 13:10:00,38.944,38.975,38.871,38.922,712133
274,2023-06-29 13:05:00,38.904,38.95,38.752,38.937,1621269
275,2023-06-29 13:00:00,38.984,39.004,38.867,38.897,886262
276,2023-06-29 12:55:00,39.183,39.194,38.887,38.987,1284042
277,2023-06-29 12:50:00,39.228,39.25,39.166,39.181,411650
278,2023-06-29 12:45:00,39.229,39.303,39.186,39.226,904009
279,2023-06-29 12:40:00,39.124,39.244,39.089,39.22,527942
280,2023-06-29 12:35:00,39.203,39.224,39.091,39.116,599996
281,2023-06-29 12:30:00,39.222,39.244,39.116,39.196,644618
282,2023-06-29 12:25:00,39.138,39.254,39.086,39.215,853613
283,2023-06-29 12:20:00,39.143,39.164,39.106,39.136,603208
284,2023-06-29 12:15:00,39.084,39.164,38.967,39.132,1299967
285,2023-06-29 12:10:00,39.233,39.254,39.036,39.076,931639
286,2023-06-29 12:05:00,39.233,39.244,39.116,39.226,803831
287,2023-06-29 12:00:00,39.258,39.388,39.176,39.226,1367570
288,2023-06-29 11:55:00,39.283,39.323,39.206,39.246,695063
289,2023-06-29 11:50:00,39.183,39.313,39.17,39.275,598449
290,2023-06-29 11:45:00,39.154,39.249,39.116,39.176,804267
291,2023-06-29 11:40:00,39.218,39.333,39.14,39.146,1674716
292,2023-06-29 11:35:00,39.188,39.224,39.107,39.216,803891
293,2023-06-29 11:30:00,39.333,39.363,39.146,39.182,1230976
294,2023-06-29 11:25:00,39.323,39.363,39.236,39.316,1131345
295,2023-06-29 11:20:00,39.213,39.333,39.196,39.316,1407616
296,2023-06-29 11:15:00,39.154,39.264,39.106,39.206,1297247
297,2023-06-29 11:10:00,39.084,39.204,39.026,39.136,1327477
298,2023-06-29 11:05:00,38.934,39.134,38.887,39.076,2082732
299,2023-06-29 11:00:00,38.855,38.95,38.797,38.935,806599
300,2023-06-29 10:55:00,38.776,38.935,38.733,38.842,1227627
301,2023-06-29 10:50:00,38.705,38.801,38.663,38.768,1004360
302,2023-06-29 10:45:00,38.755,38.765,38.528,38.699,2259039
303,2023-06-29 10:40:00,38.914,38.955,38.638,38.765,2069316
304,2023-06-29 10:35:00,38.884,38.965,38.738,38.906,1692004
305,2023-06-29 10:30:00,38.785,38.895,38.588,38.877,2442943
306,2023-06-29 10:25:00,38.865,38.985,38.767,38.778,1520562
307,2023-06-29 10:20:00,38.85,39.104,38.807,38.857,2327961
308,2023-06-29 10:15:00,38.78,38.935,38.728,38.842,1958057
309,2023-06-29 10:10:00,38.765,38.795,38.573,38.778,2615142
310,2023-06-29 10:05:00,39.253,39.333,38.708,38.758,4101455
311,2023-06-29 10:00:00,39.074,39.264,39.041,39.236,2134966
312,2023-06-29 09:55:00,39.154,39.184,38.957,39.062,1666710
313,2023-06-29 09:50:00,39.223,39.293,39.096,39.156,1503348
314,2023-06-29 09:45:00,38.984,39.293,38.918,39.216,2739633
315,2023-06-29 09:40:00,39.288,39.353,38.947,38.967,2564381
316,2023-06-29 09:35:00,39.393,39.423,39.144,39.286,2611863
317,2023-06-29 09:30:00,39.223,39.413,38.937,39.385,4349298
318,2023-06-29 09:25:00,39.124,39.214,39.076,39.206,388344
319,2023-06-29 09:20:00,39.144,39.204,39.116,39.116,216280
320,2023-06-29 09:15:00,39.144,39.194,39.076,39.136,225859
321,2023-06-29 09:10:00,39.323,39.333,39.106,39.146,262266
322,2023-06-29 09:05:00,39.273,39.423,39.256,39.316,190880
323,2023-06-29 09:00:00,39.373,39.413,39.196,39.261,442148
324,2023-06-29 08:55:00,39.303,39.413,39.286,39.365,212393
325,2023-06-29 08:50:00,39.512,39.533,39.276,39.286,413505
326,2023-06-29 08:45:00,39.542,39.622,39.485,39.495,237487
327,2023-06-29 08:40:00,39.622,39.642,39.505,39.545,140685
328,2023-06-29 08:35:00,39.712,39.712,39.455,39.615,443365
329,2023-06-29 08:30:00,39.781,39.871,39.624,39.704,478928
330,2023-06-29 08:25:00,39.751,39.802,39.734,39.774,56431
331,2023-06-29 08:20:00,39.712,39.772,39.694,39.746,91706
332,2023-06-29 08:15:00,39.662,39.732,39.634,39.714,89558
333,2023-06-29 08:10:00,39.702,39.702,39.644,39.644,80219
334,2023-06-29 08:05:00,39.761,39.762,39.674,39.684,87980
335,2023-06-29 08:00:00,39.742,39.83,39.196,39.762,428238
336,2023-06-29 07:55:00,39.682,39.712,39.674,39.704,13665
337,2023-06-29 07:50:00,39.692,39.702,39.654,39.684,10941
338,2023-06-29 07:45:00,39.662,39.712,39.644,39.684,19255
339,2023-06-29 07:40:00,39.682,39.692,39.624,39.664,74677
340,2023-06-29 07:35:00,39.771,39.772,39.664,39.674,60024
341,2023-06-29 07:30:00,39.791,39.802,39.744,39.764,60996
342,2023-06-29 07:25:00,39.712,39.792,39.684,39.784,75580
343,2023-06-29 07:20:00,39.722,39.742,39.694,39.704,27036
344,2023-06-29 07:15:00,39.741,39.782,39.704,39.724,30690
345,2023-06-29 07:10:00,39.741,39.772,39.724,39.734,14265
346,2023-06-29 07:05:00,39.712,39.782,39.704,39.734,42802
347,2023-06-29 07:00:00,39.741,39.772,39.694,39.704,43343
348,2023-06-29 06:55:00,39.761,39.772,39.724,39.734,25093
349,2023-06-29 06:50:00,39.821,39.832,39.744,39.744,14411
350,2023-06-29 06:45:00,39.781,39.812,39.764,39.804,10881
351,2023-06-29 06:40:00,39.751,39.802,39.734,39.784,11384
352,2023-06-29 06:35:00,39.781,39.782,39.744,39.754,7422
353,2023-06-29 06:30:00,39.761,39.812,39.744,39.774,22225
354,2023-06-29 06:25:00,39.751,39.782,39.734,39.754,10819
355,2023-06-29 06:20:00,39.751,39.792,39.714,39.744,62214
356,2023-06-29 06:15:00,39.682,39.792,39.664,39.744,46505
357,2023-06-29 06:10:00,39.612,39.682,39.604,39.674,8947
358,2023-06-29 06:05:00,39.642,39.662,39.594,39.605,14139
359,2023-06-29 06:00:00,39.652,39.652,39.604,39.634,17963
360,2023-06-29 05:55:00,39.632,39.682,39.624,39.644,13806
361,2023-06-29 05:50:00,39.642,39.652,39.604,39.615,11780
362,2023-06-29 05:45:00,39.622,39.642,39.604,39.634,10342
363,2023-06-29 05:40:00,39.542,39.642,39.535,39.615,37307
364,2023-06-29 05:35:00,39.512,39.553,39.505,39.535,14260
365,2023-06-29 05:30:00,39.512,39.513,39.475,39.505,13795
366,2023-06-29 05:25:00,39.492,39.533,39.465,39.515,6310
367,2023-06-29 05:20:00,39.502,39.523,39.445,39.475,16992
368,2023-06-29 05:15:00,39.502,39.533,39.495,39.495,5823
369,2023-06-29 05:10:00,39.512,39.553,39.495,39.505,11675
370,2023-06-29 05:05:00,39.512,39.523,39.455,39.505,15534
371,2023-06-29 05:00:00,39.532,39.533,39.485,39.515,11343
372,2023-06-29 04:55:00,39.482,39.553,39.475,39.525,12494
373,2023-06-29 04:50:00,39.512,39.513,39.435,39.475,39795
374,2023-06-29 04:45:00,39.522,39.533,39.485,39.505,17155
375,2023-06-29 04:40:00,39.502,39.543,39.475,39.525,16802
376,2023-06-29 04:35:00,39.492,39.503,39.465,39.495,9374
377,2023-06-29 04:30:00,39.542,39.543,39.475,39.485,18457
378,2023-06-29 04:25:00,39.522,39.553,39.465,39.515,24225
379,2023-06-29 04:20:00,39.532,39.572,39.495,39.505,24947
380,2023-06-29 04:15:00,39.522,39.563,39.485,39.525,60539
381,2023-06-29 04:10:00,39.433,39.553,39.425,39.505,69249
382,2023-06-29 04:05:00,39.452,39.483,39.415,39.425,28255
383,2023-06-29 04:00:00,39.323,39.453,39.295,39.435,71324
384,2023-06-28 19:55:00,39.622,39.642,39.604,39.615,43747
385,2023-06-28 19:50:00,39.622,39.642,39.614,39.624,21463
386,2023-06-28 19:45:00,39.632,39.642,39.614,39.624,12626
387,2023-06-28 19:40:00,39.651,39.652,39.614,39.624,14977
388,2023-06-28 19:35:00,39.652,39.672,39.624,39.634,19502
389,2023-06-28 19:30:00,39.672,39.682,39.644,39.644,34447
390,2023-06-28 19:25:00,39.662,39.692,39.654,39.674,11511
391,2023-06-28 19:20:00,39.672,39.672,39.634,39.664,14927
392,2023-06-28 19:15:00,39.672,39.682,39.654,39.664,10572
393,2023-06-28 19:10:00,39.702,39.702,39.664,39.664,6217
394,2023-06-28 19:05:00,39.662,39.702,39.654,39.694,13555
395,2023-06-28 19:00:00,39.692,39.692,39.654,39.654,10447
396,2023-06-28 18:55:00,39.692,39.702,39.674,39.694,18350
397,2023-06-28 18:50:00,39.682,39.702,39.674,39.674,11774
398,2023-06-28 18:45:00,39.662,39.692,39.644,39.674,14710
399,2023-06-28 18:40:00,39.662,39.682,39.644,39.674,19713
400,2023-06-28 18:35:00,39.642,39.702,39.634,39.644,16529
401,2023-06-28 18:30:00,39.692,39.702,39.634,39.634,82601
402,2023-06-28 18:25:00,39.632,39.702,39.614,39.684,47503
403,2023-06-28 18:20:00,39.602,39.632,39.584,39.624,47470
404,2023-06-28 18:15:00,39.522,39.612,39.515,39.595,29608
405,2023-06-28 18:10:00,39.522,39.543,39.495,39.525,15202
406,2023-06-28 18:05:00,39.522,39.553,39.515,39.515,13593
407,2023-06-28 18:00:00,39.532,39.543,39.485,39.525,21783
408,2023-06-28 17:55:00,39.552,39.563,39.515,39.545,4534
409,2023-06-28 17:50:00,39.532,39.553,39.505,39.535,7446
410,2023-06-28 17:45:00,39.512,39.533,39.495,39.515,20578
411,2023-06-28 17:40:00,39.512,39.513,39.495,39.5,4591
412,2023-06-28 17:35:00,39.512,39.513,39.495,39.505,2152
413,2023-06-28 17:30:00,39.502,39.513,39.485,39.495,13466
414,2023-06-28 17:25:00,39.502,39.523,39.495,39.505,7583
415,2023-06-28 17:20:00,39.512,39.543,39.495,39.505,14962
416,2023-06-28 17:15:00,39.492,39.523,39.485,39.514,13019
417,2023-06-28 17:10:00,39.492,39.503,39.485,39.485,6668
418,2023-06-28 17:05:00,39.482,39.503,39.475,39.485,9053
419,2023-06-28 17:00:00,39.482,39.493,39.465,39.475,18442
420,2023-06-28 16:55:00,39.482,39.498,39.465,39.467,22883
421,2023-06-28 16:50:00,39.494,39.503,39.475,39.485,12241
422,2023-06-28 16:45:00,39.512,39.523,39.475,39.495,12699
423,2023-06-28 16:40:00,39.582,39.582,39.505,39.515,36193
424,2023-06-28 16:35:00,39.572,39.582,39.555,39.57,42824
425,2023-06-28 16:30:00,39.542,39.572,39.535,39.565,16618
426,2023-06-28 16:25:00,39.562,39.572,39.515,39.545,28043
427,2023-06-28 16:20:00,39.522,39.582,39.515,39.565,42253
428,2023-06-28 16:15:00,39.363,39.582,39.355,39.525,40360
429,2023-06-28 16:10:00,39.582,39.592,39.505,39.565,121172
430,2023-06-28 16:05:00,39.572,39.632,39.535,39.565,235228
431,2023-06-28 16:00:00,39.373,39.672,39.325,39.565,752232
432,2023-06-28 15:55:00,39.134,39.368,39.047,39.355,1907911
433,2023-06-28 15:50:00,39.134,39.283,39.066,39.133,1591584
434,2023-06-28 15:45:00,39.084,39.172,39.059,39.126,524087
435,2023-06-28 15:40:00,39.094,39.194,39.066,39.076,1039732
436,2023-06-28 15:35:00,39.074,39.114,39.007,39.076,604508
437,2023-06-28 15:30:00,39.104,39.142,39.023,39.061,869600
438,2023-06-28 15:25:00,39.243,39.266,39.066,39.096,719750
439,2023-06-28 15:20:00,39.233,39.274,39.176,39.241,833414
440,2023-06-28 15:15:00,39.144,39.234,39.106,39.221,927186
441,2023-06-28 15:10:00,38.984,39.154,38.947,39.136,912593
442,2023-06-28 15:05:00,39.004,39.034,38.787,38.977,1562146
443,2023-06-28 15:00:00,39.253,39.283,38.977,39.007,924465
444,2023-06-28 14:55:00,39.263,39.264,39.176,39.236,469805
445,2023-06-28 14:50:00,39.229,39.303,39.176,39.246,474870
446,2023-06-28 14:45:00,39.293,39.293,39.216,39.221,352537
447,2023-06-28 14:40:00,39.198,39.328,39.126,39.293,872004
448,2023-06-28 14:35:00,39.358,39.373,39.156,39.196,1163603
449,2023-06-28 14:30:00,39.357,39.403,39.246,39.345,659886
450,2023-06-28 14:25:00,39.408,39.448,39.325,39.345,814875
451,2023-06-28 14:20:00,39.343,39.433,39.305,39.405,943873
452,2023-06-28 14:15:00,39.303,39.373,39.236,39.345,755114
453,2023-06-28 14:10:00,39.263,39.333,39.236,39.286,656195
454,2023-06-28 14:05:00,39.263,39.333,39.226,39.251,833569
455,2023-06-28 14:00:00,39.114,39.283,39.067,39.246,914217
456,2023-06-28 13:55:00,39.144,39.239,39.017,39.106,737037
457,2023-06-28 13:50:00,39.084,39.144,38.967,39.136,787775
458,2023-06-28 13:45:00,39.149,39.193,39.036,39.076,493436
459,2023-06-28 13:40:00,39.213,39.244,39.077,39.136,645683
460,2023-06-28 13:35:00,39.134,39.274,39.116,39.206,691452
461,2023-06-28 13:30:00,39.273,39.363,39.126,39.127,1865595
462,2023-06-28 13:25:00,39.183,39.264,39.156,39.256,830681
463,2023-06-28 13:20:00,39.048,39.224,38.997,39.176,1219973
464,2023-06-28 13:15:00,39.024,39.064,38.962,39.037,506198
465,2023-06-28 13:10:00,39.004,39.029,38.907,39.017,903176
466,2023-06-28 13:05:00,38.984,39.114,38.967,38.991,900694
467,2023-06-28 13:00:00,38.974,39.049,38.807,38.977,1192721
468,2023-06-28 12:55:00,38.884,39.014,38.748,38.972,1349450
469,2023-06-28 12:50:00,39.004,39.094,38.767,38.887,2160315
470,2023-06-28 12:45:00,38.976,39.114,38.907,38.987,1780656
471,2023-06-28 12:40:00,39.232,39.323,38.927,38.976,2133157
472,2023-06-28 12:35:00,39.333,39.383,39.146,39.221,1439011
473,2023-06-28 12:30:00,39.423,39.433,39.246,39.321,1790963
474,2023-06-28 12:25:00,39.762,39.78,39.325,39.418,1997754
475,2023-06-28 12:20:00,39.971,39.975,39.744,39.759,1262779
476,2023-06-28 12:15:00,39.921,40.001,39.903,39.953,706394
477,2023-06-28 12:10:00,39.791,39.956,39.754,39.923,1398437
478,2023-06-28 12:05:00,39.686,39.792,39.624,39.774,1096203
479,2023-06-28 12:00:00,39.722,39.722,39.575,39.674,687551
480,2023-06-28 11:55:00,39.637,39.732,39.584,39.714,560993
481,2023-06-28 11:50:00,39.582,39.692,39.539,39.624,615670
482,2023-06-28 11:45:00,39.731,39.742,39.564,39.588,820244
483,2023-06-28 11:40:00,39.702,39.742,39.604,39.721,886458
484,2023-06-28 11:35:00,39.589,39.742,39.535,39.698,966603
485,2023-06-28 11:30:00,39.423,39.598,39.385,39.584,1276732
486,2023-06-28 11:25:00,39.293,39.428,39.176,39.415,1628050
487,2023-06-28 11:20:00,39.602,39.612,39.286,39.286,1319680
488,2023-06-28 11:15:00,39.462,39.632,39.345,39.588,1679786
489,2023-06-28 11:10:00,39.722,39.762,39.375,39.463,2174959
490,2023-06-28 11:05:00,39.766,39.802,39.654,39.709,854030
491,2023-06-28 11:00:00,39.677,39.782,39.639,39.764,1158633
492,2023-06-28 10:55:00,39.841,39.871,39.634,39.668,1581176
493,2023-06-28 10:50:00,39.861,39.901,39.764,39.834,1218676
494,2023-06-28 10:45:00,39.712,39.871,39.684,39.854,1507980
495,2023-06-28 10:40:00,39.731,39.812,39.685,39.697,1650989
496,2023-06-28 10:35:00,39.571,39.812,39.555,39.714,2129903
497,2023-06-28 10:30:00,39.403,39.642,39.345,39.56,2739306
498,2023-06-28 10:25:00,39.124,39.428,39.096,39.395,2319172
499,2023-06-28 10:20:00,39.188,39.313,39.076,39.116,2568489
500,2023-06-28 10:15:00,38.795,39.194,38.748,39.186,2962366
501,2023-06-28 10:10:00,38.85,38.881,38.638,38.788,1504802
502,2023-06-28 10:05:00,38.844,38.903,38.728,38.842,1427765
503,2023-06-28 10:00:00,39.009,39.044,38.787,38.832,1624472
504,2023-06-28 09:55:00,38.785,39.144,38.757,39.002,2760820
505,2023-06-28 09:50:00,38.889,38.955,38.733,38.778,1806862
506,2023-06-28 09:45:00,38.808,38.935,38.591,38.882,2572174
507,2023-06-28 09:40:00,38.904,39.104,38.767,38.799,3038893
508,2023-06-28 09:35:00,38.805,38.985,38.698,38.907,2663309
509,2023-06-28 09:30:00,38.536,38.835,38.491,38.798,3413303
510,2023-06-28 09:25:00,38.615,38.616,38.518,38.538,364484
511,2023-06-28 09:20:00,38.576,38.636,38.538,38.618,103754
512,2023-06-28 09:15:00,38.585,38.606,38.558,38.578,116705
513,2023-06-28 09:10:00,38.605,38.606,38.568,38.588,77982
514,2023-06-28 09:05:00,38.675,38.676,38.548,38.603,233355
515,2023-06-28 09:00:00,38.655,38.696,38.648,38.668,64323
516,2023-06-28 08:55:00,38.665,38.676,38.618,38.648,52983
517,2023-06-28 08:50:00,38.605,38.686,38.578,38.658,121819
518,2023-06-28 08:45:00,38.605,38.666,38.598,38.608,104909
519,2023-06-28 08:40:00,38.685,38.696,38.568,38.588,120188
520,2023-06-28 08:35:00,38.705,38.735,38.678,38.688,58293
521,2023-06-28 08:30:00,38.775,38.795,38.688,38.698,70038
522,2023-06-28 08:25:00,38.755,38.795,38.728,38.768,86689
523,2023-06-28 08:20:00,38.735,38.765,38.698,38.738,33920
524,2023-06-28 08:15:00,38.735,38.765,38.688,38.728,74610
525,2023-06-28 08:10:00,38.725,38.735,38.668,38.728,62659
526,2023-06-28 08:05:00,38.645,38.745,38.628,38.718,69051
527,2023-06-28 08:00:00,38.685,38.985,38.45,38.638,467646
528,2023-06-28 07:55:00,38.755,38.785,38.668,38.668,36325
529,2023-06-28 07:50:00,38.745,38.765,38.678,38.748,59953
530,2023-06-28 07:45:00,38.775,38.785,38.718,38.748,42956
531,2023-06-28 07:40:00,38.865,38.875,38.767,38.768,48075
532,2023-06-28 07:35:00,38.845,38.885,38.807,38.857,23140
533,2023-06-28 07:30:00,38.904,38.905,38.817,38.837,55693
534,2023-06-28 07:25:00,38.914,38.945,38.897,38.897,27221
535,2023-06-28 07:20:00,38.954,38.955,38.907,38.907,27220
536,2023-06-28 07:15:00,38.954,38.995,38.917,38.947,51000
537,2023-06-28 07:10:00,38.914,38.965,38.907,38.947,60053
538,2023-06-28 07:05:00,38.914,38.935,38.867,38.897,55760
539,2023-06-28 07:00:00,38.795,38.945,38.767,38.897,74721
540,2023-06-28 06:55:00,38.735,38.795,38.718,38.788,8956
541,2023-06-28 06:50:00,38.725,38.775,38.718,38.738,6815
542,2023-06-28 06:45:00,38.645,38.725,38.628,38.718,7883
543,2023-06-28 06:40:00,38.705,38.706,38.618,38.638,8693
544,2023-06-28 06:35:00,38.745,38.745,38.688,38.698,8484
545,2023-06-28 06:30:00,38.725,38.755,38.698,38.748,3446
546,2023-06-28 06:25:00,38.655,38.725,38.648,38.718,9174
547,2023-06-28 06:20:00,38.655,38.666,38.638,38.648,1878
548,2023-06-28 06:15:00,38.655,38.666,38.638,38.648,6027
549,2023-06-28 06:10:00,38.645,38.666,38.628,38.658,3703
550,2023-06-28 06:05:00,38.635,38.656,38.608,38.648,10841
551,2023-06-28 06:00:00,38.635,38.656,38.608,38.628,13362
552,2023-06-28 05:55:00,38.556,38.636,38.528,38.628,5135
553,2023-06-28 05:50:00,38.566,38.566,38.518,38.538,7051
554,2023-06-28 05:45:00,38.576,38.606,38.548,38.548,9508
555,2023-06-28 05:40:00,38.566,38.586,38.548,38.568,2965
556,2023-06-28 05:35:00,38.556,38.606,38.538,38.548,7381
557,2023-06-28 05:30:00,38.556,38.556,38.459,38.538,19362
558,2023-06-28 05:25:00,38.536,38.576,38.518,38.538,4897
559,2023-06-28 05:20:00,38.526,38.556,38.518,38.528,5028
560,2023-06-28 05:15:00,38.536,38.566,38.508,38.519,17481
561,2023-06-28 05:10:00,38.576,38.586,38.528,38.528,6286
562,2023-06-28 05:05:00,38.526,38.576,38.518,38.568,7318
563,2023-06-28 05:00:00,38.546,38.596,38.508,38.509,14240
564,2023-06-28 04:55:00,38.556,38.556,38.518,38.548,8532
565,2023-06-28 04:50:00,38.516,38.566,38.478,38.548,17062
566,2023-06-28 04:45:00,38.516,38.526,38.488,38.489,10478
567,2023-06-28 04:40:00,38.526,38.536,38.488,38.509,30478
568,2023-06-28 04:35:00,38.595,38.596,38.498,38.519,50478
569,2023-06-28 04:30:00,38.675,38.696,38.588,38.598,15025
570,2023-06-28 04:25:00,38.735,38.735,38.638,38.658,12116
571,2023-06-28 04:20:00,38.645,38.735,38.638,38.728,90579
572,2023-06-28 04:15:00,38.755,38.755,38.648,38.648,17243
573,2023-06-28 04:10:00,38.725,38.755,38.688,38.738,18098
574,2023-06-28 04:05:00,38.725,38.785,38.708,38.718,31884
575,2023-06-28 04:00:00,38.785,38.845,38.668,38.718,70112
576,2023-06-27 19:55:00,38.755,38.755,38.718,38.728,25336
577,2023-06-27 19:50:00,38.705,38.795,38.698,38.758,29744
578,2023-06-27 19:45:00,38.725,38.745,38.688,38.703,16086
579,2023-06-27 19:40:00,38.715,38.745,38.698,38.728,22206
580,2023-06-27 19:35:00,38.665,38.735,38.658,38.698,21779
581,2023-06-27 19:30:00,38.665,38.666,38.638,38.658,21091
582,2023-06-27 19:25:00,38.625,38.676,38.608,38.648,28421
583,2023-06-27 19:20:00,38.625,38.666,38.598,38.608,30263
584,2023-06-27 19:15:00,38.645,38.646,38.618,38.628,25189
585,2023-06-27 19:10:00,38.695,38.706,38.638,38.648,23619
586,2023-06-27 19:05:00,38.695,38.725,38.688,38.698,19403
587,2023-06-27 19:00:00,38.715,38.725,38.688,38.698,17170
588,2023-06-27 18:55:00,38.695,38.725,38.668,38.718,33477
589,2023-06-27 18:50:00,38.715,38.725,38.678,38.678,38006
590,2023-06-27 18:45:00,38.755,38.765,38.698,38.708,36261
591,2023-06-27 18:40:00,38.785,38.795,38.738,38.738,23152
592,2023-06-27 18:35:00,38.795,38.795,38.757,38.778,24092
593,2023-06-27 18:30:00,38.775,38.805,38.757,38.768,69416
594,2023-06-27 18:25:00,38.795,38.805,38.757,38.768,38159
595,2023-06-27 18:20:00,38.765,38.815,38.757,38.798,33837
596,2023-06-27 18:15:00,38.845,38.845,38.738,38.738,81846
597,2023-06-27 18:10:00,38.924,38.945,38.837,38.847,45484
598,2023-06-27 18:05:00,38.964,38.965,38.907,38.907,37403
599,2023-06-27 18:00:00,38.994,39.014,38.957,38.967,18856
600,2023-06-27 17:55:00,38.984,39.014,38.977,38.987,22515
601,2023-06-27 17:50:00,38.974,38.995,38.957,38.967,27765
602,2023-06-27 17:45:00,38.984,38.985,38.957,38.967,4225
603,2023-06-27 17:40:00,38.984,38.985,38.957,38.967,4838
604,2023-06-27 17:35:00,38.964,38.985,38.947,38.957,11430
605,2023-06-27 17:30:00,38.974,38.985,38.947,38.957,22671
606,2023-06-27 17:25:00,38.984,39.004,38.957,38.977,11268
607,2023-06-27 17:20:00,38.984,38.995,38.957,38.967,10125
608,2023-06-27 17:15:00,38.994,39.004,38.977,38.987,5229
609,2023-06-27 17:10:00,39.004,39.004,38.977,38.987,7559
610,2023-06-27 17:05:00,38.984,39.004,38.967,38.997,17398
611,2023-06-27 17:00:00,38.974,38.985,38.957,38.967,7485
612,2023-06-27 16:55:00,38.994,39.004,38.958,38.967,14012
613,2023-06-27 16:50:00,38.984,39.004,38.967,38.997,25595
614,2023-06-27 16:45:00,38.994,38.995,38.957,38.957,47451
615,2023-06-27 16:40:00,38.954,38.995,38.947,38.977,21260
616,2023-06-27 16:35:00,38.984,38.985,38.937,38.947,29631
617,2023-06-27 16:30:00,38.994,38.995,38.967,38.977,23342
618,2023-06-27 16:25:00,38.984,39.004,38.967,38.997,38013
619,2023-06-27 16:20:00,38.994,39.004,38.967,38.977,49775
620,2023-06-27 16:15:00,39.124,39.144,38.947,38.987,59221
621,2023-06-27 16:10:00,39.004,39.024,38.947,38.997,105886
622,2023-06-27 16:05:00,39.054,39.054,38.977,38.997,236499
623,2023-06-27 16:00:00,39.124,39.144,39.007,39.037,1170023
624,2023-06-27 15:55:00,39.154,39.195,39.066,39.136,1647594
625,2023-06-27 15:50:00,39.283,39.283,39.096,39.146,1789729
626,2023-06-27 15:45:00,39.248,39.313,39.2,39.276,1122362
627,2023-06-27 15:40:00,39.223,39.274,39.196,39.246,762834
628,2023-06-27 15:35:00,39.223,39.244,39.146,39.206,668616
629,2023-06-27 15:30:00,39.359,39.363,39.196,39.216,1127597
630,2023-06-27 15:25:00,39.273,39.363,39.226,39.354,1036810
631,2023-06-27 15:20:00,39.223,39.274,39.17,39.256,504897
632,2023-06-27 15:15:00,39.293,39.323,39.176,39.206,864781
633,2023-06-27 15:10:00,39.23,39.303,39.166,39.291,682346
634,2023-06-27 15:05:00,39.161,39.251,39.146,39.221,509582
635,2023-06-27 15:00:00,39.104,39.219,39.096,39.151,800349
636,2023-06-27 14:55:00,39.228,39.239,39.086,39.096,844478
637,2023-06-27 14:50:00,39.193,39.283,39.171,39.216,868620
638,2023-06-27 14:45:00,39.149,39.214,39.066,39.186,1290580
639,2023-06-27 14:40:00,39.194,39.204,39.096,39.141,1042413
640,2023-06-27 14:35:00,39.279,39.323,39.186,39.186,768636
641,2023-06-27 14:30:00,39.253,39.303,39.216,39.27,653830
642,2023-06-27 14:25:00,39.223,39.274,39.176,39.236,683563
643,2023-06-27 14:20:00,39.253,39.274,39.186,39.216,677452
644,2023-06-27 14:15:00,39.217,39.254,39.176,39.245,707179
645,2023-06-27 14:10:00,39.114,39.224,39.106,39.216,807879
646,2023-06-27 14:05:00,39.144,39.154,39.056,39.106,960165
647,2023-06-27 14:00:00,39.173,39.193,39.111,39.146,660152
648,2023-06-27 13:55:00,39.117,39.179,39.056,39.166,1074349
649,2023-06-27 13:50:00,39.119,39.164,39.076,39.106,752559
650,2023-06-27 13:45:00,39.014,39.139,39.007,39.106,850201
651,2023-06-27 13:40:00,38.99,39.059,38.979,39.012,891151
652,2023-06-27 13:35:00,38.954,39.004,38.927,38.979,549393
653,2023-06-27 13:30:00,38.874,39.014,38.857,38.952,1102871
654,2023-06-27 13:25:00,38.922,38.935,38.827,38.858,940769
655,2023-06-27 13:20:00,38.83,38.935,38.787,38.911,1377823
656,2023-06-27 13:15:00,38.667,38.835,38.618,38.817,890968
657,2023-06-27 13:10:00,38.66,38.72,38.628,38.665,584568
658,2023-06-27 13:05:00,38.67,38.695,38.568,38.658,722454
659,2023-06-27 13:00:00,38.715,38.735,38.638,38.663,788469
660,2023-06-27 12:55:00,38.755,38.784,38.668,38.708,806422
661,2023-06-27 12:50:00,38.769,38.815,38.748,38.753,796539
662,2023-06-27 12:45:00,38.735,38.825,38.722,38.763,1071399
663,2023-06-27 12:40:00,38.615,38.735,38.568,38.718,985875
664,2023-06-27 12:35:00,38.535,38.616,38.488,38.603,588253
665,2023-06-27 12:30:00,38.531,38.566,38.469,38.533,644869
666,2023-06-27 12:25:00,38.431,38.536,38.409,38.524,1135855
667,2023-06-27 12:20:00,38.386,38.446,38.339,38.429,470457
668,2023-06-27 12:15:00,38.396,38.466,38.323,38.369,773106
669,2023-06-27 12:10:00,38.356,38.417,38.319,38.389,575531
670,2023-06-27 12:05:00,38.441,38.474,38.339,38.341,739705
671,2023-06-27 12:00:00,38.386,38.446,38.339,38.439,967080
672,2023-06-27 11:55:00,38.406,38.417,38.309,38.373,760269
673,2023-06-27 11:50:00,38.254,38.407,38.239,38.399,1080825
674,2023-06-27 11:45:00,38.316,38.337,38.202,38.24,852301
675,2023-06-27 11:40:00,38.277,38.337,38.204,38.309,786011
676,2023-06-27 11:35:00,38.166,38.297,38.11,38.278,1399074
677,2023-06-27 11:30:00,38.182,38.237,38.13,38.15,1227371
678,2023-06-27 11:25:00,37.928,38.187,37.895,38.18,1896169
679,2023-06-27 11:20:00,37.848,37.978,37.821,37.917,1404273
680,2023-06-27 11:15:00,37.704,37.848,37.642,37.831,1157981
681,2023-06-27 11:10:00,37.629,37.714,37.483,37.697,1315525
682,2023-06-27 11:05:00,37.654,37.679,37.567,37.622,1123289
683,2023-06-27 11:00:00,37.838,37.888,37.612,37.642,1274623
684,2023-06-27 10:55:00,37.838,37.848,37.711,37.831,843581
685,2023-06-27 10:50:00,37.798,37.918,37.766,37.831,1659596
686,2023-06-27 10:45:00,37.712,37.819,37.612,37.791,1432396
687,2023-06-27 10:40:00,37.848,37.888,37.681,37.702,1313796
688,2023-06-27 10:35:00,37.768,37.887,37.709,37.846,1422723
689,2023-06-27 10:30:00,37.808,37.884,37.644,37.751,1906170
690,2023-06-27 10:25:00,37.748,37.978,37.721,37.801,1880125
691,2023-06-27 10:20:00,37.738,37.829,37.572,37.746,1689557
692,2023-06-27 10:15:00,37.639,37.759,37.587,37.73,1557002
693,2023-06-27 10:10:00,37.788,37.789,37.462,37.642,2240500
694,2023-06-27 10:05:00,38.027,38.028,37.671,37.784,2198134
695,2023-06-27 10:00:00,38.007,38.157,37.881,38.015,2905717
696,2023-06-27 09:55:00,38.017,38.048,37.871,38.01,1351316
697,2023-06-27 09:50:00,37.868,38.088,37.846,38.01,2210906
698,2023-06-27 09:45:00,37.857,37.948,37.711,37.861,1923728
699,2023-06-27 09:40:00,37.838,37.968,37.682,37.847,2371246
700,2023-06-27 09:35:00,37.848,38.104,37.801,37.826,3384915
701,2023-06-27 09:30:00,37.714,37.839,37.552,37.831,3696330
702,2023-06-27 09:25:00,37.699,37.739,37.671,37.711,102111
703,2023-06-27 09:20:00,37.728,37.749,37.681,37.702,147688
704,2023-06-27 09:15:00,37.728,37.779,37.701,37.721,218962
705,2023-06-27 09:10:00,37.649,37.729,37.602,37.721,125011
706,2023-06-27 09:05:00,37.649,37.669,37.602,37.652,77485
707,2023-06-27 09:00:00,37.679,37.679,37.582,37.642,112974
708,2023-06-27 08:55:00,37.669,37.689,37.612,37.672,77673
709,2023-06-27 08:50:00,37.718,37.729,37.642,37.653,192290
710,2023-06-27 08:45:00,37.768,37.769,37.691,37.711,97416
711,2023-06-27 08:40:00,37.818,37.848,37.731,37.751,162315
712,2023-06-27 08:35:00,37.719,37.848,37.681,37.811,193018
713,2023-06-27 08:30:00,37.629,37.729,37.562,37.721,163738
714,2023-06-27 08:25:00,37.579,37.639,37.562,37.62,36208
715,2023-06-27 08:20:00,37.609,37.609,37.552,37.582,63810
716,2023-06-27 08:15:00,37.579,37.629,37.532,37.612,78679
717,2023-06-27 08:10:00,37.639,37.669,37.552,37.572,79614
718,2023-06-27 08:05:00,37.559,37.649,37.552,37.632,84451
719,2023-06-27 08:00:00,37.768,37.837,37.363,37.562,492825
720,2023-06-27 07:55:00,37.589,37.639,37.562,37.612,41743
721,2023-06-27 07:50:00,37.609,37.619,37.552,37.582,25936
722,2023-06-27 07:45:00,37.639,37.659,37.572,37.592,27462
723,2023-06-27 07:40:00,37.649,37.689,37.612,37.642,23992
724,2023-06-27 07:35:00,37.659,37.669,37.632,37.652,24709
725,2023-06-27 07:30:00,37.679,37.679,37.602,37.652,40194
726,2023-06-27 07:25:00,37.679,37.709,37.661,37.682,74453
727,2023-06-27 07:20:00,37.669,37.689,37.652,37.672,28002
728,2023-06-27 07:15:00,37.748,37.749,37.652,37.662,47891
729,2023-06-27 07:10:00,37.738,37.779,37.731,37.731,27870
730,2023-06-27 07:05:00,37.758,37.779,37.711,37.721,46860
731,2023-06-27 07:00:00,37.788,37.799,37.751,37.751,63045
732,2023-06-27 06:55:00,37.808,37.809,37.781,37.791,21265
733,2023-06-27 06:50:00,37.828,37.839,37.801,37.801,8464
734,2023-06-27 06:45:00,37.808,37.829,37.761,37.821,27272
735,2023-06-27 06:40:00,37.758,37.809,37.741,37.801,7654
736,2023-06-27 06:35:00,37.738,37.769,37.701,37.751,6727
737,2023-06-27 06:30:00,37.699,37.779,37.681,37.731,10663
738,2023-06-27 06:25:00,37.699,37.719,37.681,37.692,4072
739,2023-06-27 06:20:00,37.699,37.709,37.681,37.692,9023
740,2023-06-27 06:15:00,37.699,37.719,37.681,37.692,3904
741,2023-06-27 06:10:00,37.679,37.719,37.671,37.692,8854
742,2023-06-27 06:05:00,37.738,37.739,37.671,37.672,9987
743,2023-06-27 06:00:00,37.709,37.739,37.701,37.731,15552
744,2023-06-27 05:55:00,37.699,37.709,37.671,37.682,8950
745,2023-06-27 05:50:00,37.689,37.699,37.661,37.692,8406
746,2023-06-27 05:45:00,37.679,37.699,37.642,37.662,6572
747,2023-06-27 05:40:00,37.689,37.699,37.671,37.672,2175
748,2023-06-27 05:35:00,37.709,37.719,37.671,37.682,6759
749,2023-06-27 05:30:00,37.709,37.709,37.642,37.692,9852
750,2023-06-27 05:25:00,37.699,37.719,37.671,37.702,13217
751,2023-06-27 05:20:00,37.669,37.729,37.652,37.692,12700
752,2023-06-27 05:15:00,37.649,37.689,37.622,37.672,12814
753,2023-06-27 05:10:00,37.649,37.689,37.632,37.642,29259
754,2023-06-27 05:05:00,37.599,37.669,37.592,37.652,23509
755,2023-06-27 05:00:00,37.639,37.639,37.572,37.582,10677
756,2023-06-27 04:55:00,37.629,37.649,37.592,37.622,13599
757,2023-06-27 04:50:00,37.609,37.639,37.572,37.612,17560
758,2023-06-27 04:45:00,37.589,37.619,37.562,37.592,21583
759,2023-06-27 04:40:00,37.599,37.619,37.542,37.592,34329
760,2023-06-27 04:35:00,37.639,37.639,37.592,37.602,40098
761,2023-06-27 04:30:00,37.679,37.679,37.602,37.632,34492
762,2023-06-27 04:25:00,37.669,37.709,37.652,37.682,19211
763,2023-06-27 04:20:00,37.728,37.739,37.661,37.662,43563
764,2023-06-27 04:15:00,37.719,37.759,37.691,37.721,66327
765,2023-06-27 04:10:00,37.649,37.749,37.622,37.721,75267
766,2023-06-27 04:05:00,37.709,37.739,37.642,37.642,31463
767,2023-06-27 04:00:00,37.639,37.709,37.572,37.692,95437
768,2023-06-26 19:55:00,37.489,37.51,37.482,37.492,41528
769,2023-06-26 19:50:00,37.479,37.5,37.462,37.482,21273
770,2023-06-26 19:45:00,37.459,37.48,37.442,37.467,6227
771,2023-06-26 19:40:00,37.469,37.47,37.442,37.452,13451
772,2023-06-26 19:35:00,37.459,37.48,37.432,37.462,24785
773,2023-06-26 19:30:00,37.459,37.48,37.442,37.452,39661
774,2023-06-26 19:25:00,37.459,37.46,37.422,37.442,13376
775,2023-06-26 19:20:00,37.479,37.49,37.432,37.442,10185
776,2023-06-26 19:15:00,37.469,37.51,37.452,37.482,26474
777,2023-06-26 19:10:00,37.479,37.48,37.442,37.462,11806
778,2023-06-26 19:05:00,37.43,37.48,37.412,37.462,31550
779,2023-06-26 19:00:00,37.4,37.449,37.392,37.413,16155
780,2023-06-26 18:55:00,37.39,37.41,37.373,37.393,9579
781,2023-06-26 18:50:00,37.38,37.39,37.363,37.373,5993
782,2023-06-26 18:45:00,37.39,37.4,37.363,37.373,8396
783,2023-06-26 18:40:00,37.36,37.39,37.333,37.383,13994
784,2023-06-26 18:35:00,37.31,37.36,37.303,37.353,24050
785,2023-06-26 18:30:00,37.33,37.34,37.273,37.303,41842
786,2023-06-26 18:25:00,37.35,37.35,37.323,37.333,23162
787,2023-06-26 18:20:00,37.37,37.37,37.333,37.353,43479
788,2023-06-26 18:15:00,37.39,37.4,37.353,37.363,10451
789,2023-06-26 18:10:00,37.38,37.39,37.343,37.373,27381
790,2023-06-26 18:05:00,37.39,37.39,37.363,37.363,21496
791,2023-06-26 18:00:00,37.39,37.43,37.383,37.393,55346
792,2023-06-26 17:55:00,37.38,37.4,37.373,37.383,22511
793,2023-06-26 17:50:00,37.39,37.41,37.363,37.393,10422
794,2023-06-26 17:45:00,37.38,37.39,37.353,37.383,6712
795,2023-06-26 17:40:00,37.37,37.39,37.343,37.373,14718
796,2023-06-26 17:35:00,37.34,37.37,37.333,37.363,7262
797,2023-06-26 17:30:00,37.339,37.35,37.323,37.338,7939
798,2023-06-26 17:25:00,37.33,37.35,37.313,37.333,18280
799,2023-06-26 17:20:00,37.34,37.34,37.313,37.323,25552
800,2023-06-26 17:15:00,37.35,37.36,37.333,37.333,18420
801,2023-06-26 17:10:00,37.368,37.37,37.343,37.353,11831
802,2023-06-26 17:05:00,37.368,37.37,37.343,37.363,13555
803,2023-06-26 17:00:00,37.37,37.37,37.343,37.361,9379
804,2023-06-26 16:55:00,37.38,37.38,37.343,37.363,46535
805,2023-06-26 16:50:00,37.36,37.37,37.333,37.363,40324
806,2023-06-26 16:45:00,37.36,37.39,37.343,37.363,46641
807,2023-06-26 16:40:00,37.36,37.37,37.333,37.353,17189
808,2023-06-26 16:35:00,37.4,37.4,37.333,37.363,156611
809,2023-06-26 16:30:00,37.41,37.42,37.383,37.383,42405
810,2023-06-26 16:25:00,37.42,37.42,37.391,37.393,46920
811,2023-06-26 16:20:00,37.42,37.44,37.392,37.413,51287
812,2023-06-26 16:15:00,37.28,37.47,37.273,37.413,68663
813,2023-06-26 16:10:00,37.41,37.49,37.383,37.452,137718
814,2023-06-26 16:05:00,37.37,38.671,37.353,37.413,167023
815,2023-06-26 16:00:00,37.24,37.43,37.233,37.363,1382576
816,2023-06-26 15:55:00,37.449,37.45,37.203,37.243,2869468
817,2023-06-26 15:50:00,37.469,37.52,37.373,37.442,1795543
818,2023-06-26 15:45:00,37.589,37.589,37.333,37.463,2027164
819,2023-06-26 15:40:00,37.778,37.789,37.576,37.592,1072575
820,2023-06-26 15:35:00,37.783,37.834,37.741,37.761,487238
821,2023-06-26 15:30:00,37.74,37.814,37.671,37.771,844158
822,2023-06-26 15:25:00,37.738,37.779,37.701,37.739,451747
823,2023-06-26 15:20:00,37.848,37.898,37.681,37.741,862426
824,2023-06-26 15:15:00,37.918,37.938,37.791,37.849,785880
825,2023-06-26 15:10:00,37.928,37.952,37.841,37.911,834929
826,2023-06-26 15:05:00,37.898,37.938,37.831,37.911,888958
827,2023-06-26 15:00:00,37.818,37.908,37.801,37.891,1154646
828,2023-06-26 14:55:00,37.872,37.898,37.751,37.806,1044783
829,2023-06-26 14:50:00,37.898,37.937,37.82,37.869,861629
830,2023-06-26 14:45:00,37.908,37.923,37.811,37.886,901229
831,2023-06-26 14:40:00,37.944,37.958,37.832,37.894,1072419
832,2023-06-26 14:35:00,37.811,37.948,37.761,37.925,1125947
833,2023-06-26 14:30:00,37.659,37.829,37.635,37.803,852297
834,2023-06-26 14:25:00,37.539,37.684,37.522,37.652,611684
835,2023-06-26 14:20:00,37.659,37.699,37.527,37.532,570371
836,2023-06-26 14:15:00,37.674,37.709,37.597,37.662,524877
837,2023-06-26 14:10:00,37.629,37.739,37.586,37.662,643170
838,2023-06-26 14:05:00,37.638,37.649,37.547,37.622,543104
839,2023-06-26 14:00:00,37.584,37.669,37.512,37.628,606234
840,2023-06-26 13:55:00,37.619,37.679,37.542,37.582,658957
841,2023-06-26 13:50:00,37.689,37.689,37.562,37.613,692451
842,2023-06-26 13:45:00,37.629,37.739,37.582,37.682,691681
843,2023-06-26 13:40:00,37.704,37.789,37.595,37.628,764120
844,2023-06-26 13:35:00,37.719,37.759,37.592,37.692,1006804
845,2023-06-26 13:30:00,37.768,37.809,37.681,37.702,927556
846,2023-06-26 13:25:00,37.629,37.789,37.492,37.761,1260411
847,2023-06-26 13:20:00,37.614,37.719,37.542,37.627,937783
848,2023-06-26 13:15:00,37.575,37.709,37.552,37.612,650827
849,2023-06-26 13:10:00,37.639,37.699,37.482,37.567,839513
850,2023-06-26 13:05:00,37.639,37.709,37.596,37.642,628935
851,2023-06-26 13:00:00,37.698,37.729,37.602,37.622,1104688
852,2023-06-26 12:55:00,37.569,37.699,37.522,37.682,1047433
853,2023-06-26 12:50:00,37.469,37.579,37.442,37.569,961945
854,2023-06-26 12:45:00,37.478,37.604,37.402,37.471,1327135
855,2023-06-26 12:40:00,37.619,37.655,37.412,37.472,1536593
856,2023-06-26 12:35:00,37.679,37.769,37.562,37.612,1124945
857,2023-06-26 12:30:00,37.699,37.747,37.602,37.677,1414220
858,2023-06-26 12:25:00,37.828,37.839,37.672,37.691,1063274
859,2023-06-26 12:20:00,37.778,37.908,37.661,37.821,1621354
860,2023-06-26 12:15:00,37.828,37.948,37.751,37.776,1657505
861,2023-06-26 12:10:00,37.818,37.848,37.681,37.827,2651468
862,2023-06-26 12:05:00,38.233,38.242,37.801,37.811,3607331
863,2023-06-26 12:00:00,38.456,38.466,38.2,38.22,1272204
864,2023-06-26 11:55:00,38.451,38.476,38.304,38.449,1002609
865,2023-06-26 11:50:00,38.381,38.476,38.339,38.449,876627
866,2023-06-26 11:45:00,38.247,38.436,38.228,38.378,1067510
867,2023-06-26 11:40:00,38.456,38.506,38.18,38.235,1269102
868,2023-06-26 11:35:00,38.501,38.586,38.429,38.449,1037507
869,2023-06-26 11:30:00,38.346,38.556,38.249,38.489,1542675
870,2023-06-26 11:25:00,38.277,38.476,38.269,38.339,1126396
871,2023-06-26 11:20:00,38.277,38.387,38.218,38.279,1613212
872,2023-06-26 11:15:00,38.536,38.616,38.259,38.269,1877453
873,2023-06-26 11:10:00,38.584,38.636,38.459,38.538,1331208
874,2023-06-26 11:05:00,38.685,38.686,38.469,38.57,2011228
875,2023-06-26 11:00:00,38.99,38.999,38.682,38.682,1117371
876,2023-06-26 10:55:00,39.034,39.064,38.867,38.977,1169162
877,2023-06-26 10:50:00,39.044,39.139,38.957,39.028,1418624
878,2023-06-26 10:45:00,38.775,39.039,38.757,39.032,1562803
879,2023-06-26 10:40:00,38.825,38.825,38.578,38.778,2451340
880,2023-06-26 10:35:00,39.044,39.069,38.817,38.827,1638395
881,2023-06-26 10:30:00,39.313,39.343,38.917,39.034,1953814
882,2023-06-26 10:25:00,39.3,39.383,39.196,39.306,1236091
883,2023-06-26 10:20:00,39.343,39.371,39.216,39.291,1550623
884,2023-06-26 10:15:00,39.442,39.533,39.345,39.345,1691307
885,2023-06-26 10:10:00,39.433,39.453,39.256,39.435,2134750
886,2023-06-26 10:05:00,39.378,39.523,38.624,39.425,1751072
887,2023-06-26 10:00:00,39.423,39.513,39.315,39.366,2363925
888,2023-06-26 09:55:00,39.313,39.443,38.618,39.41,2075996
889,2023-06-26 09:50:00,39.054,39.373,38.987,39.313,2366320
890,2023-06-26 09:45:00,39.024,39.174,38.997,39.052,1957966
891,2023-06-26 09:40:00,38.954,39.064,38.86,39.009,1884574
892,2023-06-26 09:35:00,38.865,39.004,38.787,38.937,2078135
893,2023-06-26 09:30:00,38.625,38.855,38.546,38.837,2976848
894,2023-06-26 09:25:00,38.825,38.825,38.618,38.628,168981
895,2023-06-26 09:20:00,38.785,38.855,38.748,38.827,139221
896,2023-06-26 09:15:00,38.815,38.835,38.767,38.778,63577
897,2023-06-26 09:10:00,38.725,38.825,38.718,38.807,120839
898,2023-06-26 09:05:00,38.795,38.815,38.688,38.708,103741
899,2023-06-26 09:00:00,38.815,38.845,38.767,38.788,138656
900,2023-06-26 08:55:00,38.815,38.845,38.767,38.807,76273
901,2023-06-26 08:50:00,38.805,38.845,38.767,38.798,44630
902,2023-06-26 08:45:00,38.825,38.825,38.738,38.807,65794
903,2023-06-26 08:40:00,38.845,38.865,38.797,38.817,127002
904,2023-06-26 08:35:00,38.874,38.895,38.787,38.837,101505
905,2023-06-26 08:30:00,38.835,38.885,38.807,38.867,137085
906,2023-06-26 08:25:00,38.774,38.845,38.748,38.827,70896
907,2023-06-26 08:20:00,38.695,38.795,38.688,38.768,105492
908,2023-06-26 08:15:00,38.705,38.715,38.608,38.698,66954
909,2023-06-26 08:10:00,38.625,38.725,38.618,38.698,55100
910,2023-06-26 08:05:00,38.685,38.686,38.598,38.618,62899
911,2023-06-26 08:00:00,38.725,39.164,38.357,38.678,294380
912,2023-06-26 07:55:00,38.745,38.755,38.668,38.728,40610
913,2023-06-26 07:50:00,38.715,38.765,38.668,38.738,43785
914,2023-06-26 07:45:00,38.635,38.725,38.618,38.698,50978
915,2023-06-26 07:40:00,38.585,38.626,38.568,38.618,31017
916,2023-06-26 07:35:00,38.546,38.606,38.538,38.568,7324
917,2023-06-26 07:30:00,38.585,38.606,38.538,38.548,24331
918,2023-06-26 07:25:00,38.585,38.606,38.538,38.588,18194
919,2023-06-26 07:20:00,38.576,38.646,38.568,38.578,54258
920,2023-06-26 07:15:00,38.576,38.596,38.558,38.568,54026
921,2023-06-26 07:10:00,38.546,38.576,38.508,38.568,14106
922,2023-06-26 07:05:00,38.486,38.546,38.478,38.538,12408
923,2023-06-26 07:00:00,38.506,38.546,38.469,38.489,66319
924,2023-06-26 06:55:00,38.556,38.556,38.508,38.509,1620
925,2023-06-26 06:50:00,38.556,38.556,38.528,38.528,2558
926,2023-06-26 06:45:00,38.605,38.636,38.538,38.548,6412
927,2023-06-26 06:40:00,38.516,38.596,38.508,38.588,1720
928,2023-06-26 06:35:00,38.486,38.566,38.478,38.519,3962
929,2023-06-26 06:30:00,38.516,38.526,38.488,38.489,3136
930,2023-06-26 06:25:00,38.516,38.536,38.498,38.519,3417
931,2023-06-26 06:20:00,38.556,38.576,38.508,38.509,1972
932,2023-06-26 06:15:00,38.576,38.576,38.528,38.538,2983
933,2023-06-26 06:10:00,38.546,38.586,38.528,38.568,10041
934,2023-06-26 06:05:00,38.536,38.566,38.498,38.538,4419
935,2023-06-26 06:00:00,38.585,38.606,38.518,38.538,16186
936,2023-06-26 05:55:00,38.625,38.626,38.558,38.588,5806
937,2023-06-26 05:50:00,38.615,38.666,38.608,38.618,3288
938,2023-06-26 05:45:00,38.605,38.626,38.578,38.608,5147
939,2023-06-26 05:40:00,38.576,38.616,38.568,38.588,12143
940,2023-06-26 05:35:00,38.556,38.616,38.518,38.568,9027
941,2023-06-26 05:30:00,38.546,38.556,38.498,38.538,2801
942,2023-06-26 05:25:00,38.556,38.606,38.528,38.538,45215
943,2023-06-26 05:20:00,38.536,38.556,38.508,38.548,7023
944,2023-06-26 05:15:00,38.496,38.526,38.488,38.519,7598
945,2023-06-26 05:10:00,38.486,38.526,38.478,38.479,6832
946,2023-06-26 05:05:00,38.466,38.536,38.459,38.479,20004
947,2023-06-26 05:00:00,38.416,38.486,38.409,38.449,19958
948,2023-06-26 04:55:00,38.426,38.486,38.389,38.409,30598
949,2023-06-26 04:50:00,38.386,38.436,38.349,38.409,24066
950,2023-06-26 04:45:00,38.496,38.506,38.369,38.389,17076
951,2023-06-26 04:40:00,38.576,38.576,38.498,38.499,7686
952,2023-06-26 04:35:00,38.546,38.616,38.518,38.568,10546
953,2023-06-26 04:30:00,38.476,38.556,38.389,38.528,53460
954,2023-06-26 04:25:00,38.536,38.536,38.469,38.479,19785
955,2023-06-26 04:20:00,38.556,38.566,38.469,38.519,34374
956,2023-06-26 04:15:00,38.546,38.636,38.518,38.538,58085
957,2023-06-26 04:10:00,38.516,38.616,38.498,38.548,47966
958,2023-06-26 04:05:00,38.595,38.616,38.488,38.519,80707
959,2023-06-26 04:00:00,38.715,38.745,38.568,38.588,114913
960,2023-06-23 19:55:00,38.665,38.706,38.638,38.638,12286
961,2023-06-23 19:50:00,38.695,38.696,38.658,38.678,15063
962,2023-06-23 19:45:00,38.695,38.696,38.668,38.683,4695
963,2023-06-23 19:40:00,38.715,38.715,38.678,38.688,6021
964,2023-06-23 19:35:00,38.714,38.725,38.698,38.708,5130
965,2023-06-23 19:30:00,38.715,38.715,38.698,38.698,8658
966,2023-06-23 19:25:00,38.715,38.745,38.698,38.708,6107
967,2023-06-23 19:20:00,38.695,38.725,38.678,38.707,7958
968,2023-06-23 19:15:00,38.685,38.696,38.678,38.688,3119
969,2023-06-23 19:10:00,38.695,38.696,38.678,38.678,11912
970,2023-06-23 19:05:00,38.695,38.706,38.678,38.688,13597
971,2023-06-23 19:00:00,38.675,38.696,38.668,38.683,10549
972,2023-06-23 18:55:00,38.685,38.686,38.668,38.668,3925
973,2023-06-23 18:50:00,38.705,38.706,38.668,38.678,10186
974,2023-06-23 18:45:00,38.695,38.706,38.668,38.688,17316
975,2023-06-23 18:40:00,38.695,38.706,38.678,38.688,4946
976,2023-06-23 18:35:00,38.72,38.725,38.688,38.688,17035
977,2023-06-23 18:30:00,38.745,38.745,38.708,38.708,14259
978,2023-06-23 18:25:00,38.735,38.745,38.728,38.738,9921
979,2023-06-23 18:20:00,38.725,38.745,38.718,38.738,8467
980,2023-06-23 18:15:00,38.725,38.725,38.708,38.718,3375
981,2023-06-23 18:10:00,38.735,38.745,38.713,38.718,6369
982,2023-06-23 18:05:00,38.745,38.745,38.718,38.728,18030
983,2023-06-23 18:00:00,38.755,38.765,38.718,38.738,6121
984,2023-06-23 17:55:00,38.765,38.765,38.738,38.748,1625
985,2023-06-23 17:50:00,38.765,38.765,38.738,38.758,29452
986,2023-06-23 17:45:00,38.765,38.765,38.738,38.758,5365
987,2023-06-23 17:40:00,38.765,38.765,38.748,38.758,5068
988,2023-06-23 17:35:00,38.775,38.775,38.748,38.758,8821
989,2023-06-23 17:30:00,38.795,38.795,38.757,38.767,7061
990,2023-06-23 17:25:00,38.804,38.805,38.767,38.783,4633
991,2023-06-23 17:20:00,38.803,38.805,38.787,38.789,8786
992,2023-06-23 17:15:00,38.8,38.805,38.787,38.788,33228
993,2023-06-23 17:10:00,38.805,38.805,38.748,38.798,44321
994,2023-06-23 17:05:00,38.775,38.805,38.757,38.783,27549
995,2023-06-23 17:00:00,38.765,38.775,38.748,38.768,6985
996,2023-06-23 16:55:00,38.775,38.805,38.748,38.758,29135
997,2023-06-23 16:50:00,38.785,38.785,38.759,38.778,16256
998,2023-06-23 16:45:00,38.775,38.795,38.767,38.778,33222
999,2023-06-23 16:40:00,38.785,38.795,38.748,38.768,39214
1000,2023-06-23 16:35:00,38.775,38.805,38.748,38.778,46404
1001,2023-06-23 16:30:00,38.735,38.785,38.708,38.768,40263
1002,2023-06-23 16:25:00,38.795,38.805,38.728,38.738,48626
1003,2023-06-23 16:20:00,38.785,38.805,38.757,38.788,17822
1004,2023-06-23 16:15:00,38.815,38.845,38.767,38.778,47975
1005,2023-06-23 16:10:00,38.875,38.885,38.807,38.817,74989
1006,2023-06-23 16:05:00,38.894,38.915,38.847,38.872,115096
1007,2023-06-23 16:00:00,38.815,38.895,38.648,38.887,639162
1008,2023-06-23 15:55:00,38.874,38.995,38.757,38.803,2070376
1009,2023-06-23 15:50:00,38.964,39.034,38.738,38.867,2466145
1010,2023-06-23 15:45:00,38.984,39.014,38.907,38.957,820319
1011,2023-06-23 15:40:00,38.924,38.995,38.818,38.972,958289
1012,2023-06-23 15:35:00,38.884,38.971,38.867,38.914,819499
1013,2023-06-23 15:30:00,38.842,38.935,38.792,38.867,1064074
1014,2023-06-23 15:25:00,38.835,38.865,38.782,38.83,583521
1015,2023-06-23 15:20:00,38.994,39.019,38.797,38.827,991959
1016,2023-06-23 15:15:00,38.874,39.004,38.837,38.987,764805
1017,2023-06-23 15:10:00,38.825,38.945,38.807,38.862,1416944
1018,2023-06-23 15:05:00,38.695,38.83,38.668,38.817,645778
1019,2023-06-23 15:00:00,38.785,38.785,38.578,38.688,1914871
1020,2023-06-23 14:55:00,38.805,38.875,38.757,38.783,763500
1021,2023-06-23 14:50:00,38.825,38.865,38.757,38.798,631566
1022,2023-06-23 14:45:00,38.884,38.905,38.728,38.817,1707101
1023,2023-06-23 14:40:00,38.997,39.044,38.867,38.887,1113415
1024,2023-06-23 14:35:00,39.157,39.204,38.989,38.997,1228802
1025,2023-06-23 14:30:00,39.174,39.184,39.086,39.146,749633
1026,2023-06-23 14:25:00,39.279,39.283,39.086,39.176,763161
1027,2023-06-23 14:20:00,39.194,39.304,39.186,39.266,517090
1028,2023-06-23 14:15:00,39.183,39.264,39.157,39.196,540215
1029,2023-06-23 14:10:00,39.233,39.239,39.106,39.176,1111595
1030,2023-06-23 14:05:00,39.353,39.353,39.186,39.236,833162
1031,2023-06-23 14:00:00,39.348,39.393,39.305,39.341,583420
1032,2023-06-23 13:55:00,39.373,39.433,39.336,39.336,419301
1033,2023-06-23 13:50:00,39.337,39.443,39.305,39.365,686023
1034,2023-06-23 13:45:00,39.388,39.403,39.315,39.334,529289
1035,2023-06-23 13:40:00,39.492,39.523,39.34,39.375,875167
1036,2023-06-23 13:35:00,39.482,39.499,39.405,39.485,625406
1037,2023-06-23 13:30:00,39.492,39.543,39.415,39.475,703142
1038,2023-06-23 13:25:00,39.522,39.553,39.415,39.475,690645
1039,2023-06-23 13:20:00,39.492,39.572,39.445,39.52,1430214
1040,2023-06-23 13:15:00,39.472,39.538,39.415,39.495,852819
1041,2023-06-23 13:10:00,39.383,39.493,39.355,39.465,1272562
1042,2023-06-23 13:05:00,39.307,39.393,39.201,39.37,867489
1043,2023-06-23 13:00:00,39.303,39.392,39.221,39.302,1136188
1044,2023-06-23 12:55:00,39.188,39.313,39.178,39.29,607928
1045,2023-06-23 12:50:00,39.293,39.318,39.166,39.176,805026
1046,2023-06-23 12:45:00,39.278,39.303,39.196,39.282,861537
1047,2023-06-23 12:40:00,39.263,39.333,39.226,39.271,751563
1048,2023-06-23 12:35:00,39.213,39.298,39.146,39.262,1192857
1049,2023-06-23 12:30:00,39.233,39.353,39.196,39.216,1948341
1050,2023-06-23 12:25:00,39.143,39.239,39.126,39.226,1032902
1051,2023-06-23 12:20:00,39.168,39.194,39.076,39.142,1181253
1052,2023-06-23 12:15:00,38.972,39.194,38.937,39.156,1950713
1053,2023-06-23 12:10:00,38.894,38.985,38.837,38.961,1291459
1054,2023-06-23 12:05:00,38.855,38.914,38.807,38.888,723024
1055,2023-06-23 12:00:00,38.805,38.965,38.797,38.847,1665680
1056,2023-06-23 11:55:00,38.835,38.855,38.767,38.798,780081
1057,2023-06-23 11:50:00,38.865,38.885,38.787,38.818,723020
1058,2023-06-23 11:45:00,38.788,38.91,38.752,38.852,1165651
1059,2023-06-23 11:40:00,38.675,38.855,38.665,38.788,1250446
1060,2023-06-23 11:35:00,38.501,38.725,38.492,38.668,1208962
1061,2023-06-23 11:30:00,38.507,38.556,38.409,38.489,864807
1062,2023-06-23 11:25:00,38.585,38.616,38.409,38.499,1300961
1063,2023-06-23 11:20:00,38.596,38.666,38.478,38.588,1430920
1064,2023-06-23 11:15:00,38.665,38.71,38.548,38.588,1024926
1065,2023-06-23 11:10:00,38.793,38.805,38.642,38.658,1175109
1066,2023-06-23 11:05:00,38.725,38.853,38.703,38.783,1341517
1067,2023-06-23 11:00:00,38.755,38.78,38.648,38.718,1092738
1068,2023-06-23 10:55:00,38.665,38.751,38.558,38.738,1289257
1069,2023-06-23 10:50:00,38.825,38.87,38.588,38.658,2030531
1070,2023-06-23 10:45:00,39.004,39.024,38.757,38.822,1452801
1071,2023-06-23 10:40:00,38.954,39.009,38.857,38.997,1634077
1072,2023-06-23 10:35:00,38.775,38.975,38.698,38.957,1367542
1073,2023-06-23 10:30:00,38.715,38.875,38.703,38.763,1677217
1074,2023-06-23 10:25:00,38.784,38.824,38.538,38.708,1817849
1075,2023-06-23 10:20:00,38.894,38.925,38.608,38.772,2446597
1076,2023-06-23 10:15:00,38.695,38.905,38.67,38.879,1830479
1077,2023-06-23 10:10:00,38.745,38.915,38.678,38.688,3057640
1078,2023-06-23 10:05:00,38.536,38.785,38.439,38.743,2353619
1079,2023-06-23 10:00:00,38.516,38.611,38.349,38.524,2453397
1080,2023-06-23 09:55:00,38.496,38.626,38.379,38.519,2616985
1081,2023-06-23 09:50:00,38.306,38.526,38.239,38.494,3145472
1082,2023-06-23 09:45:00,38.571,38.641,38.269,38.289,3937330
1083,2023-06-23 09:40:00,38.825,38.845,38.459,38.568,2884279
1084,2023-06-23 09:35:00,39.024,39.064,38.738,38.818,2500314
1085,2023-06-23 09:30:00,38.695,39.032,38.638,39.007,3870978
1086,2023-06-23 09:25:00,38.665,38.696,38.628,38.688,131156
1087,2023-06-23 09:20:00,38.685,38.715,38.648,38.668,148509
1088,2023-06-23 09:15:00,38.755,39.966,38.648,38.678,284369
1089,2023-06-23 09:10:00,38.745,38.795,38.708,38.748,194887
1090,2023-06-23 09:05:00,38.793,38.805,38.618,38.738,239921
1091,2023-06-23 09:00:00,38.685,38.835,38.638,38.778,243976
1092,2023-06-23 08:55:00,38.685,38.735,38.578,38.678,125360
1093,2023-06-23 08:50:00,38.615,38.725,38.578,38.688,242217
1094,2023-06-23 08:45:00,38.765,38.785,38.518,38.617,395340
1095,2023-06-23 08:40:00,38.934,38.995,38.718,38.758,290392
1096,2023-06-23 08:35:00,39.074,39.094,38.877,38.917,210860
1097,2023-06-23 08:30:00,39.163,39.164,39.017,39.076,151195
1098,2023-06-23 08:25:00,39.203,39.224,39.146,39.156,60802
1099,2023-06-23 08:20:00,39.144,39.244,39.126,39.196,82531
1100,2023-06-23 08:15:00,39.253,39.254,39.126,39.146,120830
1101,2023-06-23 08:10:00,39.263,39.283,39.226,39.236,77614
1102,2023-06-23 08:05:00,39.262,39.293,39.226,39.246,245815
1103,2023-06-23 08:00:00,39.213,39.712,39.065,39.255,667341
1104,2023-06-23 07:55:00,39.353,39.383,39.335,39.336,76133
1105,2023-06-23 07:50:00,39.393,39.393,39.286,39.345,69323
1106,2023-06-23 07:45:00,39.393,39.393,39.335,39.385,63299
1107,2023-06-23 07:40:00,39.452,39.453,39.355,39.385,94607
1108,2023-06-23 07:35:00,39.413,39.463,39.395,39.445,67222
1109,2023-06-23 07:30:00,39.423,39.433,39.385,39.405,57141
1110,2023-06-23 07:25:00,39.462,39.503,39.415,39.415,104392
1111,2023-06-23 07:20:00,39.363,39.463,39.335,39.455,84319
1112,2023-06-23 07:15:00,39.423,39.433,39.355,39.355,194014
1113,2023-06-23 07:10:00,39.303,39.433,39.295,39.405,34164
1114,2023-06-23 07:05:00,39.253,39.323,39.236,39.296,69133
1115,2023-06-23 07:00:00,39.213,39.264,39.196,39.246,56651
1116,2023-06-23 06:55:00,39.223,39.254,39.186,39.206,20838
1117,2023-06-23 06:50:00,39.163,39.244,39.156,39.216,28707
1118,2023-06-23 06:45:00,39.173,39.184,39.146,39.156,33004
1119,2023-06-23 06:40:00,39.124,39.184,39.116,39.166,13144
1120,2023-06-23 06:35:00,39.183,39.184,39.096,39.116,25579
1121,2023-06-23 06:30:00,39.233,39.234,39.176,39.176,10228
1122,2023-06-23 06:25:00,39.253,39.254,39.216,39.226,5381
1123,2023-06-23 06:20:00,39.163,39.254,39.146,39.246,8498
1124,2023-06-23 06:15:00,39.233,39.254,39.156,39.166,4996
1125,2023-06-23 06:10:00,39.283,39.293,39.196,39.226,11993
1126,2023-06-23 06:05:00,39.273,39.303,39.256,39.286,5320
1127,2023-06-23 06:00:00,39.293,39.293,39.216,39.266,14819
1128,2023-06-23 05:55:00,39.293,39.323,39.276,39.286,11213
1129,2023-06-23 05:50:00,39.213,39.283,39.196,39.266,36534
1130,2023-06-23 05:45:00,39.233,39.234,39.176,39.206,3788
1131,2023-06-23 05:40:00,39.243,39.264,39.216,39.236,19676
1132,2023-06-23 05:35:00,39.193,39.264,39.186,39.236,16934
1133,2023-06-23 05:30:00,39.163,39.214,39.136,39.176,36850
1134,2023-06-23 05:25:00,39.233,39.234,39.136,39.156,16486
1135,2023-06-23 05:20:00,39.233,39.254,39.206,39.226,29674
1136,2023-06-23 05:15:00,39.233,39.264,39.226,39.226,89363
1137,2023-06-23 05:10:00,39.183,39.283,39.166,39.226,161297
1138,2023-06-23 05:05:00,39.144,39.184,39.126,39.176,8556
1139,2023-06-23 05:00:00,39.134,39.154,39.106,39.126,59638
1140,2023-06-23 04:55:00,39.154,39.154,39.096,39.116,15316
1141,2023-06-23 04:50:00,39.243,39.244,39.056,39.146,99687
1142,2023-06-23 04:45:00,39.323,39.323,39.206,39.226,21887
1143,2023-06-23 04:40:00,39.333,39.343,39.305,39.316,70687
1144,2023-06-23 04:35:00,39.273,39.353,39.266,39.336,90984
1145,2023-06-23 04:30:00,39.253,39.293,39.226,39.266,55954
1146,2023-06-23 04:25:00,39.273,39.313,39.216,39.256,63155
1147,2023-06-23 04:20:00,39.363,39.383,39.256,39.266,30294
1148,2023-06-23 04:15:00,39.413,39.443,39.355,39.355,74894
1149,2023-06-23 04:10:00,39.492,39.493,39.385,39.405,30049
1150,2023-06-23 04:05:00,39.423,39.523,39.375,39.485,65618
1151,2023-06-23 04:00:00,39.452,39.752,39.405,39.415,125547
1152,2023-06-22 19:55:00,40.11,40.121,40.073,40.083,34816
1153,2023-06-22 19:50:00,40.12,40.131,40.103,40.113,5693
1154,2023-06-22 19:45:00,40.12,40.121,40.093,40.103,21290
1155,2023-06-22 19:40:00,40.12,40.141,40.103,40.113,13657
1156,2023-06-22 19:35:00,40.11,40.121,40.093,40.104,7254
1157,2023-06-22 19:30:00,40.11,40.111,40.083,40.103,7859
1158,2023-06-22 19:25:00,40.11,40.121,40.093,40.093,30539
1159,2023-06-22 19:20:00,40.12,40.131,40.103,40.113,8770
1160,2023-06-22 19:15:00,40.13,40.141,40.112,40.123,6425
1161,2023-06-22 19:10:00,40.12,40.141,40.093,40.123,6556
1162,2023-06-22 19:05:00,40.13,40.141,40.103,40.103,14366
1163,2023-06-22 19:00:00,40.13,40.15,40.122,40.133,14020
1164,2023-06-22 18:55:00,40.13,40.141,40.122,40.133,14847
1165,2023-06-22 18:50:00,40.14,40.15,40.122,40.123,5858
1166,2023-06-22 18:45:00,40.14,40.15,40.132,40.143,3655
1167,2023-06-22 18:40:00,40.14,40.141,40.122,40.133,14604
1168,2023-06-22 18:35:00,40.13,40.15,40.122,40.133,5744
1169,2023-06-22 18:30:00,40.17,40.17,40.122,40.133,6176
1170,2023-06-22 18:25:00,40.16,40.17,40.142,40.153,11213
1171,2023-06-22 18:20:00,40.14,40.18,40.122,40.162,29294
1172,2023-06-22 18:15:00,40.11,40.15,40.103,40.133,86505
1173,2023-06-22 18:10:00,40.14,40.15,40.103,40.103,50741
1174,2023-06-22 18:05:00,40.13,40.16,40.112,40.123,37807
1175,2023-06-22 18:00:00,40.2,40.2,40.112,40.123,30882
1176,2023-06-22 17:55:00,40.19,40.21,40.182,40.192,7267
1177,2023-06-22 17:50:00,40.18,40.21,40.172,40.192,35693
1178,2023-06-22 17:45:00,40.16,40.2,40.152,40.182,14413
1179,2023-06-22 17:40:00,40.15,40.17,40.132,40.162,14501
1180,2023-06-22 17:35:00,40.16,40.17,40.142,40.153,5018
1181,2023-06-22 17:30:00,40.16,40.18,40.152,40.153,6809
1182,2023-06-22 17:25:00,40.17,40.19,40.152,40.162,18531
1183,2023-06-22 17:20:00,40.18,40.19,40.162,40.172,11979
1184,2023-06-22 17:15:00,40.18,40.19,40.162,40.162,6310
1185,2023-06-22 17:10:00,40.17,40.18,40.162,40.172,5731
1186,2023-06-22 17:05:00,40.16,40.18,40.142,40.172,26480
1187,2023-06-22 17:00:00,40.17,40.19,40.152,40.162,23435
1188,2023-06-22 16:55:00,40.19,40.21,40.152,40.162,22581
1189,2023-06-22 16:50:00,40.15,40.21,40.132,40.192,166543
1190,2023-06-22 16:45:00,40.16,40.16,40.112,40.143,40940
1191,2023-06-22 16:40:00,40.15,40.18,40.132,40.172,69209
1192,2023-06-22 16:35:00,40.09,40.15,40.083,40.133,142553
1193,2023-06-22 16:30:00,40.06,40.101,40.043,40.083,64553
1194,2023-06-22 16:25:00,40.04,40.081,40.023,40.053,68469
1195,2023-06-22 16:20:00,40.05,40.081,40.023,40.033,54891
1196,2023-06-22 16:15:00,40.001,40.046,39.993,40.033,82449
1197,2023-06-22 16:10:00,39.981,40.036,39.953,40.023,67354
1198,2023-06-22 16:05:00,40.05,40.061,39.953,39.963,91484
1199,2023-06-22 16:00:00,40.001,40.061,39.963,40.053,969644
1200,2023-06-22 15:55:00,40.021,40.051,39.887,40.008,1851328
1201,2023-06-22 15:50:00,39.861,40.021,39.834,40.013,1668492
1202,2023-06-22 15:45:00,39.841,39.911,39.824,39.854,1400976
1203,2023-06-22 15:40:00,39.811,39.861,39.784,39.844,1265581
1204,2023-06-22 15:35:00,39.632,39.804,39.605,39.796,1107515
1205,2023-06-22 15:30:00,39.602,39.632,39.509,39.619,874670
1206,2023-06-22 15:25:00,39.692,39.702,39.574,39.595,646393
1207,2023-06-22 15:20:00,39.758,39.777,39.624,39.684,1193482
1208,2023-06-22 15:15:00,39.791,39.832,39.684,39.744,944427
1209,2023-06-22 15:10:00,39.773,39.822,39.724,39.784,777543
1210,2023-06-22 15:05:00,39.751,39.84,39.704,39.768,1029768
1211,2023-06-22 15:00:00,39.841,39.852,39.694,39.739,1645073
1212,2023-06-22 14:55:00,39.712,39.852,39.694,39.824,1230215
1213,2023-06-22 14:50:00,39.599,39.722,39.574,39.712,978949
1214,2023-06-22 14:45:00,39.622,39.648,39.545,39.595,456067
1215,2023-06-22 14:40:00,39.597,39.632,39.545,39.615,465987
1216,2023-06-22 14:35:00,39.522,39.631,39.445,39.594,712069
1217,2023-06-22 14:30:00,39.572,39.682,39.415,39.515,1341662
1218,2023-06-22 14:25:00,39.572,39.622,39.515,39.57,500308
1219,2023-06-22 14:20:00,39.537,39.582,39.495,39.56,628594
1220,2023-06-22 14:15:00,39.572,39.612,39.485,39.525,610160
1221,2023-06-22 14:10:00,39.523,39.608,39.495,39.575,651401
1222,2023-06-22 14:05:00,39.622,39.632,39.515,39.515,716978
1223,2023-06-22 14:00:00,39.562,39.648,39.535,39.624,1005589
1224,2023-06-22 13:55:00,39.488,39.582,39.475,39.554,660261
1225,2023-06-22 13:50:00,39.475,39.523,39.425,39.478,545461
1226,2023-06-22 13:45:00,39.487,39.513,39.415,39.475,675370
1227,2023-06-22 13:40:00,39.357,39.488,39.335,39.475,726459
1228,2023-06-22 13:35:00,39.323,39.373,39.246,39.345,458370
1229,2023-06-22 13:30:00,39.293,39.353,39.246,39.314,507227
1230,2023-06-22 13:25:00,39.27,39.303,39.226,39.286,538411
1231,2023-06-22 13:20:00,39.257,39.303,39.182,39.266,526818
1232,2023-06-22 13:15:00,39.223,39.264,39.106,39.246,616410
1233,2023-06-22 13:10:00,39.163,39.273,39.126,39.216,705093
1234,2023-06-22 13:05:00,39.064,39.234,39.007,39.166,1145330
1235,2023-06-22 13:00:00,39.358,39.363,39.026,39.047,1585329
1236,2023-06-22 12:55:00,39.293,39.399,39.276,39.345,514436
1237,2023-06-22 12:50:00,39.383,39.393,39.276,39.279,586421
1238,2023-06-22 12:45:00,39.393,39.478,39.335,39.369,600313
1239,2023-06-22 12:40:00,39.393,39.462,39.345,39.38,540197
1240,2023-06-22 12:35:00,39.442,39.533,39.355,39.385,1121806
1241,2023-06-22 12:30:00,39.343,39.453,39.281,39.425,795764
1242,2023-06-22 12:25:00,39.433,39.442,39.236,39.336,942279
1243,2023-06-22 12:20:00,39.294,39.443,39.258,39.435,1135967
1244,2023-06-22 12:15:00,39.293,39.383,39.218,39.296,1026627
1245,2023-06-22 12:10:00,39.343,39.368,39.246,39.276,747814
1246,2023-06-22 12:05:00,39.421,39.428,39.286,39.345,937119
1247,2023-06-22 12:00:00,39.602,39.609,39.36,39.405,1383623
1248,2023-06-22 11:55:00,39.588,39.612,39.517,39.595,969806
1249,2023-06-22 11:50:00,39.746,39.772,39.574,39.575,1243326
1250,2023-06-22 11:45:00,39.692,39.752,39.644,39.734,1636019
1251,2023-06-22 11:40:00,39.442,39.727,39.435,39.682,2442721
1252,2023-06-22 11:35:00,39.323,39.513,39.295,39.443,1768849
1253,2023-06-22 11:30:00,39.213,39.383,39.146,39.316,1189370
1254,2023-06-22 11:25:00,39.303,39.383,39.176,39.216,976162
1255,2023-06-22 11:20:00,39.366,39.458,39.196,39.296,1590464
1256,2023-06-22 11:15:00,39.353,39.443,39.296,39.36,936688
1257,2023-06-22 11:10:00,39.383,39.411,39.276,39.337,1181032
1258,2023-06-22 11:05:00,39.273,39.493,39.266,39.37,2198709
1259,2023-06-22 11:00:00,39.004,39.311,38.996,39.265,1824968
1260,2023-06-22 10:55:00,38.874,39.044,38.797,39.007,1055953
1261,2023-06-22 10:50:00,39.06,39.104,38.857,38.867,1527898
1262,2023-06-22 10:45:00,38.954,39.074,38.797,39.057,1903297
1263,2023-06-22 10:40:00,39.203,39.254,38.837,38.951,2479104
1264,2023-06-22 10:35:00,39.363,39.413,39.186,39.206,1182433
1265,2023-06-22 10:30:00,39.424,39.473,39.318,39.37,1324020
1266,2023-06-22 10:25:00,39.323,39.453,39.25,39.415,1239237
1267,2023-06-22 10:20:00,39.414,39.459,39.256,39.306,1598941
1268,2023-06-22 10:15:00,39.413,39.533,39.305,39.415,2521375
1269,2023-06-22 10:10:00,38.989,39.413,38.977,39.395,2651180
1270,2023-06-22 10:05:00,39.114,39.134,38.23,38.982,1658510
1271,2023-06-22 10:00:00,39.024,39.154,38.957,39.114,1943001
1272,2023-06-22 09:55:00,38.934,39.129,38.917,39.017,2719602
1273,2023-06-22 09:50:00,38.915,38.985,38.8,38.927,2157358
1274,2023-06-22 09:45:00,38.755,38.965,38.718,38.907,3082679
1275,2023-06-22 09:40:00,38.536,38.775,38.459,38.748,2547423
1276,2023-06-22 09:35:00,38.441,38.616,38.379,38.528,3229273
1277,2023-06-22 09:30:00,38.237,38.486,38.099,38.439,3837157
1278,2023-06-22 09:25:00,38.247,38.277,38.18,38.24,141425
1279,2023-06-22 09:20:00,38.296,38.297,38.214,38.24,86507
1280,2023-06-22 09:15:00,38.277,38.317,38.2,38.289,91127
1281,2023-06-22 09:10:00,38.326,38.357,38.269,38.279,73438
1282,2023-06-22 09:05:00,38.386,38.417,38.299,38.329,70080
1283,2023-06-22 09:00:00,38.306,38.397,38.279,38.379,162903
1284,2023-06-22 08:55:00,38.326,38.347,38.249,38.309,221579
1285,2023-06-22 08:50:00,38.346,38.387,38.309,38.309,106745
1286,2023-06-22 08:45:00,38.386,38.407,38.319,38.339,78091
1287,2023-06-22 08:40:00,38.446,38.486,38.359,38.379,102414
1288,2023-06-22 08:35:00,38.526,38.73,38.429,38.439,80674
1289,2023-06-22 08:30:00,38.336,38.556,38.329,38.519,265479
1290,2023-06-22 08:25:00,38.356,38.357,38.279,38.319,81626
1291,2023-06-22 08:20:00,38.356,38.367,38.339,38.349,25862
1292,2023-06-22 08:15:00,38.346,38.377,38.329,38.339,57092
1293,2023-06-22 08:10:00,38.366,38.387,38.329,38.348,28381
1294,2023-06-22 08:05:00,38.326,38.387,38.309,38.369,33091
1295,2023-06-22 08:00:00,38.257,38.596,38.15,38.319,517399
1296,2023-06-22 07:55:00,38.366,38.367,38.309,38.339,46138
1297,2023-06-22 07:50:00,38.346,38.367,38.319,38.349,15530
1298,2023-06-22 07:45:00,38.336,38.357,38.299,38.339,24867
1299,2023-06-22 07:40:00,38.316,38.337,38.269,38.319,62844
1300,2023-06-22 07:35:00,38.316,38.337,38.269,38.319,31154
1301,2023-06-22 07:30:00,38.217,38.317,38.19,38.299,144857
1302,2023-06-22 07:25:00,38.287,38.287,38.209,38.22,22228
1303,2023-06-22 07:20:00,38.287,38.347,38.269,38.279,33279
1304,2023-06-22 07:15:00,38.187,38.297,38.17,38.289,58739
1305,2023-06-22 07:10:00,38.277,38.287,38.18,38.18,72525
1306,2023-06-22 07:05:00,38.207,38.297,38.18,38.279,106387
1307,2023-06-22 07:00:00,38.257,38.257,38.13,38.21,175509
1308,2023-06-22 06:55:00,38.217,38.257,38.2,38.24,11079
1309,2023-06-22 06:50:00,38.247,38.257,38.209,38.21,30018
1310,2023-06-22 06:45:00,38.267,38.267,38.19,38.23,15114
1311,2023-06-22 06:40:00,38.277,38.317,38.229,38.259,52127
1312,2023-06-22 06:35:00,38.336,38.337,38.229,38.259,20897
1313,2023-06-22 06:30:00,38.356,38.377,38.319,38.329,3119
1314,2023-06-22 06:25:00,38.366,38.397,38.349,38.349,8071
1315,2023-06-22 06:20:00,38.326,38.377,38.299,38.359,3573
1316,2023-06-22 06:15:00,38.376,38.377,38.289,38.309,11564
1317,2023-06-22 06:10:00,38.386,38.397,38.339,38.389,19755
1318,2023-06-22 06:05:00,38.406,38.417,38.349,38.389,10903
1319,2023-06-22 06:00:00,38.526,38.546,38.399,38.409,12944
1320,2023-06-22 05:55:00,38.496,38.526,38.478,38.519,3363
1321,2023-06-22 05:50:00,38.536,38.566,38.498,38.499,6917
1322,2023-06-22 05:45:00,38.476,38.546,38.469,38.519,7396
1323,2023-06-22 05:40:00,38.456,38.476,38.429,38.469,10925
1324,2023-06-22 05:35:00,38.436,38.456,38.429,38.439,7317
1325,2023-06-22 05:30:00,38.386,38.456,38.379,38.439,8183
1326,2023-06-22 05:25:00,38.426,38.426,38.369,38.389,4089
1327,2023-06-22 05:20:00,38.446,38.466,38.409,38.409,10922
1328,2023-06-22 05:15:00,38.446,38.456,38.409,38.429,36105
1329,2023-06-22 05:10:00,38.366,38.446,38.349,38.439,7646
1330,2023-06-22 05:05:00,38.366,38.377,38.349,38.359,15153
1331,2023-06-22 05:00:00,38.326,38.367,38.299,38.349,23504
1332,2023-06-22 04:55:00,38.267,38.347,38.259,38.319,7945
1333,2023-06-22 04:50:00,38.376,38.377,38.259,38.259,16396
1334,2023-06-22 04:45:00,38.356,38.397,38.349,38.359,10334
1335,2023-06-22 04:40:00,38.366,38.397,38.339,38.359,2896
1336,2023-06-22 04:35:00,38.336,38.387,38.329,38.369,5289
1337,2023-06-22 04:30:00,38.386,38.387,38.299,38.319,13112
1338,2023-06-22 04:25:00,38.386,38.407,38.339,38.379,35689
1339,2023-06-22 04:20:00,38.416,38.446,38.359,38.369,32351
1340,2023-06-22 04:15:00,38.356,38.426,38.329,38.399,10522
1341,2023-06-22 04:10:00,38.376,38.387,38.289,38.349,30059
1342,2023-06-22 04:05:00,38.366,38.426,38.349,38.369,22641
1343,2023-06-22 04:00:00,38.396,38.417,38.11,38.359,54874
1344,2023-06-21 19:55:00,38.675,38.706,38.668,38.678,38990
1345,2023-06-21 19:50:00,38.685,38.696,38.658,38.658,24687
1346,2023-06-21 19:45:00,38.685,38.696,38.658,38.688,15952
1347,2023-06-21 19:40:00,38.695,38.696,38.668,38.668,19056
1348,2023-06-21 19:35:00,38.695,38.706,38.678,38.688,5999
1349,2023-06-21 19:30:00,38.685,38.706,38.658,38.678,13776
1350,2023-06-21 19:25:00,38.695,38.706,38.668,38.668,6377
1351,2023-06-21 19:20:00,38.695,38.706,38.678,38.688,5752
1352,2023-06-21 19:15:00,38.695,38.706,38.678,38.688,11268
1353,2023-06-21 19:10:00,38.695,38.696,38.668,38.688,17717
1354,2023-06-21 19:05:00,38.675,38.696,38.658,38.688,12842
1355,2023-06-21 19:00:00,38.615,38.686,38.598,38.648,16820
1356,2023-06-21 18:55:00,38.585,38.636,38.578,38.588,22559
1357,2023-06-21 18:50:00,38.595,38.606,38.558,38.578,8111
1358,2023-06-21 18:45:00,38.593,38.616,38.568,38.588,35640
1359,2023-06-21 18:40:00,38.615,38.616,38.558,38.568,18559
1360,2023-06-21 18:35:00,38.615,38.636,38.608,38.618,12641
1361,2023-06-21 18:30:00,38.605,38.626,38.588,38.608,15589
1362,2023-06-21 18:25:00,38.605,38.616,38.578,38.598,5641
1363,2023-06-21 18:20:00,38.64,38.646,38.588,38.608,20261
1364,2023-06-21 18:15:00,38.666,38.676,38.638,38.638,15370
1365,2023-06-21 18:10:00,38.705,38.715,38.658,38.678,21474
1366,2023-06-21 18:05:00,38.745,38.745,38.688,38.688,23260
1367,2023-06-21 18:00:00,38.655,38.745,38.648,38.728,46045
1368,2023-06-21 17:55:00,38.665,38.666,38.638,38.648,7143
1369,2023-06-21 17:50:00,38.655,38.666,38.648,38.658,4583
1370,2023-06-21 17:45:00,38.665,38.676,38.648,38.658,9537
1371,2023-06-21 17:40:00,38.675,38.676,38.653,38.658,18724
1372,2023-06-21 17:35:00,38.665,38.686,38.648,38.668,4846
1373,2023-06-21 17:30:00,38.665,38.666,38.648,38.658,4386
1374,2023-06-21 17:25:00,38.665,38.676,38.648,38.658,14009
1375,2023-06-21 17:20:00,38.675,38.684,38.638,38.658,8399
1376,2023-06-21 17:15:00,38.695,38.696,38.658,38.678,12761
1377,2023-06-21 17:10:00,38.694,38.696,38.678,38.688,8557
1378,2023-06-21 17:05:00,38.685,38.696,38.668,38.688,14436
1379,2023-06-21 17:00:00,38.675,38.686,38.658,38.678,11671
1380,2023-06-21 16:55:00,38.665,38.676,38.638,38.658,16932
1381,2023-06-21 16:50:00,38.695,38.696,38.648,38.668,31710
1382,2023-06-21 16:45:00,38.705,38.706,38.668,38.688,20168
1383,2023-06-21 16:40:00,38.665,38.706,38.658,38.688,22844
1384,2023-06-21 16:35:00,38.665,38.686,38.648,38.668,22366
1385,2023-06-21 16:30:00,38.665,38.684,38.638,38.668,49172
1386,2023-06-21 16:25:00,38.695,38.696,38.648,38.658,31358
1387,2023-06-21 16:20:00,38.685,38.715,38.658,38.688,31536
1388,2023-06-21 16:15:00,38.715,38.775,38.668,38.668,89742
1389,2023-06-21 16:10:00,38.805,38.815,38.748,38.768,77202
1390,2023-06-21 16:05:00,38.745,38.805,38.738,38.798,114106
1391,2023-06-21 16:00:00,38.705,38.845,38.698,38.738,1388275
1392,2023-06-21 15:55:00,38.884,38.885,38.608,38.713,2233898
1393,2023-06-21 15:50:00,38.924,38.995,38.847,38.882,1153390
1394,2023-06-21 15:45:00,38.874,38.955,38.826,38.926,747822
1395,2023-06-21 15:40:00,38.82,38.91,38.772,38.877,1117513
1396,2023-06-21 15:35:00,38.884,38.905,38.698,38.814,1533470
1397,2023-06-21 15:30:00,39.114,39.154,38.857,38.882,1411692
1398,2023-06-21 15:25:00,39.154,39.194,39.078,39.107,603351
1399,2023-06-21 15:20:00,39.307,39.313,39.136,39.146,755698
1400,2023-06-21 15:15:00,39.293,39.358,39.246,39.309,700458
1401,2023-06-21 15:10:00,39.213,39.313,39.166,39.276,782335
1402,2023-06-21 15:05:00,39.163,39.219,39.076,39.201,859469
1403,2023-06-21 15:00:00,39.373,39.383,39.136,39.156,1340648
1404,2023-06-21 14:55:00,39.402,39.419,39.286,39.373,912899
1405,2023-06-21 14:50:00,39.243,39.433,39.23,39.394,870732
1406,2023-06-21 14:45:00,39.383,39.383,39.236,39.239,1071037
1407,2023-06-21 14:40:00,39.413,39.423,39.295,39.37,789876
1408,2023-06-21 14:35:00,39.482,39.493,39.355,39.4,1188323
1409,2023-06-21 14:30:00,39.403,39.543,39.385,39.465,1557109
1410,2023-06-21 14:25:00,39.383,39.423,39.295,39.4,1307107
1411,2023-06-21 14:20:00,39.323,39.392,39.256,39.375,1162684
1412,2023-06-21 14:15:00,39.183,39.343,39.166,39.316,1515147
1413,2023-06-21 14:10:00,39.034,39.189,39.013,39.181,772298
1414,2023-06-21 14:05:00,39.044,39.134,39.007,39.027,880539
1415,2023-06-21 14:00:00,39.084,39.114,39.027,39.036,648576
1416,2023-06-21 13:55:00,38.999,39.104,38.957,39.067,700371
1417,2023-06-21 13:50:00,38.964,39.034,38.927,38.993,620081
1418,2023-06-21 13:45:00,38.855,39.014,38.837,38.956,734544
1419,2023-06-21 13:40:00,38.924,38.945,38.797,38.842,554700
1420,2023-06-21 13:35:00,38.835,38.935,38.768,38.917,565013
1421,2023-06-21 13:30:00,38.745,38.87,38.703,38.827,473281
1422,2023-06-21 13:25:00,38.725,38.825,38.668,38.748,899963
1423,2023-06-21 13:20:00,38.835,38.835,38.708,38.711,770147
1424,2023-06-21 13:15:00,38.815,38.892,38.777,38.837,485232
1425,2023-06-21 13:10:00,38.914,38.955,38.797,38.815,691403
1426,2023-06-21 13:05:00,38.825,38.905,38.777,38.897,862732
1427,2023-06-21 13:00:00,38.84,38.84,38.673,38.822,1040021
1428,2023-06-21 12:55:00,38.869,38.905,38.738,38.827,1497960
1429,2023-06-21 12:50:00,38.815,38.965,38.802,38.865,863105
1430,2023-06-21 12:45:00,38.914,38.915,38.787,38.802,890786
1431,2023-06-21 12:40:00,38.984,39.034,38.887,38.917,520212
1432,2023-06-21 12:35:00,38.954,39.003,38.857,38.987,635166
1433,2023-06-21 12:30:00,38.92,39.054,38.867,38.957,1066945
1434,2023-06-21 12:25:00,38.936,38.965,38.827,38.907,830248
1435,2023-06-21 12:20:00,38.973,39.029,38.887,38.934,881404
1436,2023-06-21 12:15:00,38.865,39.074,38.819,38.967,1319656
1437,2023-06-21 12:10:00,38.805,38.865,38.708,38.852,777448
1438,2023-06-21 12:05:00,38.735,38.905,38.698,38.798,1627723
1439,2023-06-21 12:00:00,38.585,38.726,38.548,38.718,1019224
1440,2023-06-21 11:55:00,38.682,38.715,38.558,38.571,1016040
1441,2023-06-21 11:50:00,38.9,38.905,38.672,38.672,883074
1442,2023-06-21 11:45:00,38.805,38.915,38.792,38.895,832290
1443,2023-06-21 11:40:00,38.944,39.034,38.792,38.798,1773119
1444,2023-06-21 11:35:00,38.735,38.975,38.718,38.932,1659801
1445,2023-06-21 11:30:00,38.715,38.775,38.658,38.738,1100786
1446,2023-06-21 11:25:00,38.536,38.725,38.528,38.708,1365170
1447,2023-06-21 11:20:00,38.376,38.606,38.359,38.528,1792159
1448,2023-06-21 11:15:00,38.501,38.546,38.369,38.378,907600
1449,2023-06-21 11:10:00,38.486,38.556,38.428,38.489,1675672
1450,2023-06-21 11:05:00,38.655,38.735,38.459,38.481,1681891
1451,2023-06-21 11:00:00,38.805,38.865,38.598,38.648,1677271
1452,2023-06-21 10:55:00,38.775,38.865,38.688,38.793,1431684
1453,2023-06-21 10:50:00,38.766,38.825,38.638,38.777,2351966
1454,2023-06-21 10:45:00,38.914,38.974,38.748,38.758,1934495
1455,2023-06-21 10:40:00,39.173,39.224,38.887,38.912,1575603
1456,2023-06-21 10:35:00,39.203,39.23,38.997,39.164,1210416
1457,2023-06-21 10:30:00,39.163,39.283,39.106,39.202,1145698
1458,2023-06-21 10:25:00,39.124,39.224,39.026,39.156,1522524
1459,2023-06-21 10:20:00,39.173,39.254,39.106,39.116,1327469
1460,2023-06-21 10:15:00,39.263,39.443,39.156,39.166,2060135
1461,2023-06-21 10:10:00,39.104,39.274,39.066,39.256,1643836
1462,2023-06-21 10:05:00,39.193,39.283,38.947,39.096,1974822
1463,2023-06-21 10:00:00,39.353,39.403,38.957,39.186,2703081
1464,2023-06-21 09:55:00,39.447,39.503,39.266,39.355,1710538
1465,2023-06-21 09:50:00,39.592,39.672,39.426,39.445,1703469
1466,2023-06-21 09:45:00,39.801,39.812,39.564,39.585,2138451
1467,2023-06-21 09:40:00,39.941,40.031,39.754,39.794,1662710
1468,2023-06-21 09:35:00,39.88,40.051,39.843,39.933,1451446
1469,2023-06-21 09:30:00,39.941,40.081,39.754,39.865,2531455
1470,2023-06-21 09:25:00,39.911,39.961,39.893,39.913,202762
1471,2023-06-21 09:20:00,39.841,39.921,39.804,39.893,166180
1472,2023-06-21 09:15:00,39.861,39.891,39.784,39.825,103266
1473,2023-06-21 09:10:00,39.85,39.881,39.824,39.864,92565
1474,2023-06-21 09:05:00,39.881,39.911,39.804,39.834,147115
1475,2023-06-21 09:00:00,39.941,39.961,39.863,39.864,65975
1476,2023-06-21 08:55:00,39.921,39.991,39.913,39.923,78680
1477,2023-06-21 08:50:00,39.951,39.961,39.863,39.903,74532
1478,2023-06-21 08:45:00,39.971,39.991,39.893,39.943,82971
1479,2023-06-21 08:40:00,39.949,40.001,39.932,39.963,149925
1480,2023-06-21 08:35:00,39.901,39.991,39.794,39.933,207347
1481,2023-06-21 08:30:00,39.901,40.062,39.814,39.893,320868
1482,2023-06-21 08:25:00,39.961,39.971,39.873,39.884,99913
1483,2023-06-21 08:20:00,40.011,40.031,39.933,39.963,119564
1484,2023-06-21 08:15:00,40.011,40.041,39.973,40.013,95047
1485,2023-06-21 08:10:00,40.06,40.071,39.973,40.003,94676
1486,2023-06-21 08:05:00,40.11,40.121,40.053,40.053,38274
1487,2023-06-21 08:00:00,40.26,40.42,40.053,40.103,358905
1488,2023-06-21 07:55:00,40.229,40.229,40.162,40.162,13197
1489,2023-06-21 07:50:00,40.21,40.23,40.152,40.222,21578
1490,2023-06-21 07:45:00,40.2,40.21,40.162,40.192,7334
1491,2023-06-21 07:40:00,40.12,40.19,40.093,40.182,58404
1492,2023-06-21 07:35:00,40.16,40.18,40.112,40.113,18921
1493,2023-06-21 07:30:00,40.19,40.19,40.152,40.162,31323
1494,2023-06-21 07:25:00,40.21,40.22,40.182,40.192,39360
1495,2023-06-21 07:20:00,40.19,40.22,40.152,40.202,18384
1496,2023-06-21 07:15:00,40.24,40.25,40.182,40.182,21054
1497,2023-06-21 07:10:00,40.28,40.28,40.222,40.222,39031
1498,2023-06-21 07:05:00,40.26,40.29,40.222,40.282,20525
1499,2023-06-21 07:00:00,40.27,40.31,40.242,40.252,24703
1500,2023-06-21 06:55:00,40.28,40.28,40.232,40.242,19037
1501,2023-06-21 06:50:00,40.28,40.3,40.262,40.282,2719
1502,2023-06-21 06:45:00,40.29,40.3,40.242,40.272,17541
1503,2023-06-21 06:40:00,40.359,40.36,40.282,40.282,4160
1504,2023-06-21 06:35:00,40.319,40.38,40.312,40.352,10898
1505,2023-06-21 06:30:00,40.339,40.36,40.302,40.302,8512
1506,2023-06-21 06:25:00,40.349,40.36,40.322,40.322,7900
1507,2023-06-21 06:20:00,40.339,40.4,40.332,40.352,28112
1508,2023-06-21 06:15:00,40.349,40.37,40.322,40.332,12285
1509,2023-06-21 06:10:00,40.349,40.37,40.322,40.342,7894
1510,2023-06-21 06:05:00,40.339,40.35,40.322,40.332,5044
1511,2023-06-21 06:00:00,40.309,40.34,40.292,40.332,2311
1512,2023-06-21 05:55:00,40.349,40.35,40.312,40.312,2944
1513,2023-06-21 05:50:00,40.329,40.36,40.312,40.342,9390
1514,2023-06-21 05:45:00,40.319,40.36,40.312,40.332,9673
1515,2023-06-21 05:40:00,40.319,40.33,40.302,40.312,2495
1516,2023-06-21 05:35:00,40.25,40.32,40.232,40.312,9304
1517,2023-06-21 05:30:00,40.25,40.29,40.232,40.232,12561
1518,2023-06-21 05:25:00,40.21,40.25,40.192,40.242,5525
1519,2023-06-21 05:20:00,40.25,40.27,40.202,40.202,19773
1520,2023-06-21 05:15:00,40.27,40.29,40.242,40.242,6492
1521,2023-06-21 05:10:00,40.27,40.28,40.252,40.272,3930
1522,2023-06-21 05:05:00,40.28,40.32,40.242,40.262,24242
1523,2023-06-21 05:00:00,40.309,40.32,40.262,40.272,3403
1524,2023-06-21 04:55:00,40.319,40.32,40.292,40.292,1850
1525,2023-06-21 04:50:00,40.339,40.36,40.272,40.292,7053
1526,2023-06-21 04:45:00,40.319,40.35,40.292,40.332,8033
1527,2023-06-21 04:40:00,40.349,40.36,40.292,40.312,9495
1528,2023-06-21 04:35:00,40.389,40.39,40.342,40.352,9644
1529,2023-06-21 04:30:00,40.28,40.38,40.272,40.372,37514
1530,2023-06-21 04:25:00,40.28,40.29,40.252,40.272,6900
1531,2023-06-21 04:20:00,40.27,40.29,40.242,40.262,4544
1532,2023-06-21 04:15:00,40.24,40.29,40.222,40.262,5986
1533,2023-06-21 04:10:00,40.21,40.29,40.202,40.232,24882
1534,2023-06-21 04:05:00,40.2,40.22,40.122,40.202,16718
1535,2023-06-21 04:00:00,40.13,40.25,40.122,40.192,82969
1536,2023-06-20 19:55:00,40.411,40.421,40.373,40.403,33092
1537,2023-06-20 19:50:00,40.371,40.431,40.353,40.403,22891
1538,2023-06-20 19:45:00,40.381,40.392,40.363,40.364,20164
1539,2023-06-20 19:40:00,40.391,40.411,40.373,40.383,12128
1540,2023-06-20 19:35:00,40.321,40.392,40.294,40.383,23683
1541,2023-06-20 19:30:00,40.321,40.332,40.304,40.304,4762
1542,2023-06-20 19:25:00,40.321,40.332,40.304,40.304,417
1543,2023-06-20 19:20:00,40.282,40.332,40.274,40.324,3433
1544,2023-06-20 19:15:00,40.311,40.312,40.264,40.274,2438
1545,2023-06-20 19:10:00,40.272,40.293,40.254,40.284,15802
1546,2023-06-20 19:05:00,40.282,40.282,40.254,40.274,5715
1547,2023-06-20 19:00:00,40.262,40.282,40.244,40.264,4142
1548,2023-06-20 18:55:00,40.252,40.272,40.234,40.254,10462
1549,2023-06-20 18:50:00,40.252,40.253,40.224,40.235,4907
1550,2023-06-20 18:45:00,40.262,40.262,40.224,40.244,3328
1551,2023-06-20 18:40:00,40.291,40.292,40.254,40.264,1694
1552,2023-06-20 18:35:00,40.291,40.292,40.254,40.284,4140
1553,2023-06-20 18:30:00,40.311,40.342,40.264,40.284,35790
1554,2023-06-20 18:25:00,40.282,40.302,40.274,40.294,6228
1555,2023-06-20 18:20:00,40.262,40.282,40.244,40.274,3488
1556,2023-06-20 18:15:00,40.291,40.302,40.234,40.254,17135
1557,2023-06-20 18:10:00,40.311,40.322,40.283,40.284,4903
1558,2023-06-20 18:05:00,40.331,40.342,40.295,40.314,6032
1559,2023-06-20 18:00:00,40.291,40.332,40.284,40.324,12112
1560,2023-06-20 17:55:00,40.301,40.312,40.284,40.284,3195
1561,2023-06-20 17:50:00,40.291,40.302,40.274,40.294,1356
1562,2023-06-20 17:45:00,40.291,40.302,40.274,40.284,2075
1563,2023-06-20 17:40:00,40.301,40.302,40.284,40.294,3694
1564,2023-06-20 17:35:00,40.311,40.312,40.264,40.284,4383
1565,2023-06-20 17:30:00,40.331,40.332,40.304,40.304,2583
1566,2023-06-20 17:25:00,40.321,40.332,40.304,40.314,6568
1567,2023-06-20 17:20:00,40.301,40.332,40.284,40.324,11097
1568,2023-06-20 17:15:00,40.291,40.312,40.284,40.284,1824
1569,2023-06-20 17:10:00,40.291,40.312,40.284,40.294,3937
1570,2023-06-20 17:05:00,40.272,40.312,40.254,40.285,8182
1571,2023-06-20 17:00:00,40.291,40.292,40.254,40.254,11427
1572,2023-06-20 16:55:00,40.301,40.312,40.264,40.284,7833
1573,2023-06-20 16:50:00,40.301,40.322,40.274,40.294,7957
1574,2023-06-20 16:45:00,40.282,40.302,40.264,40.284,9401
1575,2023-06-20 16:40:00,40.301,40.302,40.274,40.284,8059
1576,2023-06-20 16:35:00,40.321,40.332,40.284,40.284,14980
1577,2023-06-20 16:30:00,40.332,40.343,40.314,40.314,10112
1578,2023-06-20 16:25:00,40.341,40.342,40.304,40.334,17269
1579,2023-06-20 16:20:00,40.262,40.342,40.254,40.324,32373
1580,2023-06-20 16:15:00,40.331,40.332,40.244,40.264,100536
1581,2023-06-20 16:10:00,40.212,40.292,40.194,40.254,39865
1582,2023-06-20 16:05:00,40.222,40.233,40.155,40.195,79846
1583,2023-06-20 16:00:00,40.351,40.362,40.184,40.225,673413
1584,2023-06-20 15:55:00,40.411,40.421,40.298,40.335,1376452
1585,2023-06-20 15:50:00,40.5,40.62,40.373,40.407,1762421
1586,2023-06-20 15:45:00,40.462,40.501,40.393,40.493,1087449
1587,2023-06-20 15:40:00,40.331,40.471,40.304,40.453,875233
1588,2023-06-20 15:35:00,40.288,40.382,40.257,40.329,537107
1589,2023-06-20 15:30:00,40.34,40.382,40.244,40.277,693392
1590,2023-06-20 15:25:00,40.301,40.352,40.224,40.333,471789
1591,2023-06-20 15:20:00,40.232,40.332,40.205,40.284,519982
1592,2023-06-20 15:15:00,40.282,40.282,40.185,40.225,414754
1593,2023-06-20 15:10:00,40.267,40.322,40.155,40.274,613759
1594,2023-06-20 15:05:00,40.202,40.272,40.155,40.259,445483
1595,2023-06-20 15:00:00,40.321,40.362,40.165,40.2,568288
1596,2023-06-20 14:55:00,40.222,40.342,40.199,40.304,526191
1597,2023-06-20 14:50:00,40.277,40.322,40.184,40.214,526555
1598,2023-06-20 14:45:00,40.242,40.274,40.155,40.264,567588
1599,2023-06-20 14:40:00,40.301,40.312,40.189,40.244,510490
1600,2023-06-20 14:35:00,40.331,40.372,40.254,40.304,458963
1601,2023-06-20 14:30:00,40.465,40.481,40.314,40.319,677425
1602,2023-06-20 14:25:00,40.391,40.481,40.353,40.463,533098
1603,2023-06-20 14:20:00,40.349,40.441,40.333,40.379,935002
1604,2023-06-20 14:15:00,40.232,40.372,40.219,40.344,636802
1605,2023-06-20 14:10:00,40.222,40.281,40.165,40.225,473643
1606,2023-06-20 14:05:00,40.262,40.301,40.194,40.215,543068
1607,2023-06-20 14:00:00,40.212,40.302,40.165,40.257,771064
1608,2023-06-20 13:55:00,40.311,40.342,40.165,40.214,1097343
1609,2023-06-20 13:50:00,40.48,40.491,40.294,40.304,1055510
1610,2023-06-20 13:45:00,40.464,40.531,40.433,40.473,328763
1611,2023-06-20 13:40:00,40.465,40.521,40.443,40.453,359799
1612,2023-06-20 13:35:00,40.53,40.542,40.423,40.463,557705
1613,2023-06-20 13:30:00,40.46,40.56,40.433,40.523,832475
1614,2023-06-20 13:25:00,40.539,40.551,40.393,40.453,825792
1615,2023-06-20 13:20:00,40.465,40.6,40.423,40.53,1410648
1616,2023-06-20 13:15:00,40.418,40.471,40.393,40.459,500574
1617,2023-06-20 13:10:00,40.351,40.466,40.274,40.403,814992
1618,2023-06-20 13:05:00,40.331,40.402,40.254,40.349,855207
1619,2023-06-20 13:00:00,40.392,40.426,40.284,40.334,713053
1620,2023-06-20 12:55:00,40.381,40.461,40.304,40.391,1110035
1621,2023-06-20 12:50:00,40.445,40.511,40.353,40.374,970493
1622,2023-06-20 12:45:00,40.401,40.461,40.316,40.434,849552
1623,2023-06-20 12:40:00,40.309,40.477,40.294,40.392,1062378
1624,2023-06-20 12:35:00,40.291,40.382,40.234,40.299,909724
1625,2023-06-20 12:30:00,40.256,40.318,40.198,40.289,944872
1626,2023-06-20 12:25:00,40.113,40.282,40.095,40.254,1231103
1627,2023-06-20 12:20:00,39.934,40.133,39.906,40.105,1131616
1628,2023-06-20 12:15:00,39.906,39.964,39.877,39.929,679691
1629,2023-06-20 12:10:00,39.735,39.984,39.718,39.899,1137431
1630,2023-06-20 12:05:00,39.626,39.776,39.608,39.728,651856
1631,2023-06-20 12:00:00,39.656,39.733,39.589,39.619,1046763
1632,2023-06-20 11:55:00,39.745,39.796,39.628,39.641,616303
1633,2023-06-20 11:50:00,39.811,39.855,39.728,39.738,711742
1634,2023-06-20 11:45:00,39.715,39.825,39.688,39.798,716562
1635,2023-06-20 11:40:00,39.864,39.895,39.718,39.723,858262
1636,2023-06-20 11:35:00,39.77,39.875,39.757,39.862,854094
1637,2023-06-20 11:30:00,39.735,39.865,39.698,39.758,1121274
1638,2023-06-20 11:25:00,39.632,39.746,39.569,39.728,599255
1639,2023-06-20 11:20:00,39.695,39.736,39.598,39.629,660034
1640,2023-06-20 11:15:00,39.636,39.766,39.559,39.693,1043085
1641,2023-06-20 11:10:00,39.725,39.781,39.598,39.637,842933
1642,2023-06-20 11:05:00,39.681,39.845,39.668,39.711,2165939
1643,2023-06-20 11:00:00,39.527,39.706,39.511,39.675,1035328
1644,2023-06-20 10:55:00,39.517,39.627,39.449,39.51,1056885
1645,2023-06-20 10:50:00,39.641,39.696,39.469,39.503,1085610
1646,2023-06-20 10:45:00,39.656,39.706,39.575,39.639,924146
1647,2023-06-20 10:40:00,39.407,39.696,39.4,39.649,1600351
1648,2023-06-20 10:35:00,39.507,39.542,39.38,39.405,1248998
1649,2023-06-20 10:30:00,39.467,39.567,39.33,39.499,1764781
1650,2023-06-20 10:25:00,39.556,39.617,39.36,39.458,2212241
1651,2023-06-20 10:20:00,39.78,39.814,39.529,39.541,2493830
1652,2023-06-20 10:15:00,40.023,40.036,39.749,39.768,1721979
1653,2023-06-20 10:10:00,40.16,40.332,39.991,40.018,1508601
1654,2023-06-20 10:05:00,40.202,40.233,40.066,40.146,1112630
1655,2023-06-20 10:00:00,40.133,40.272,39.958,40.195,1790069
1656,2023-06-20 09:55:00,40.37,40.439,40.115,40.125,1520278
1657,2023-06-20 09:50:00,40.709,40.729,40.358,40.359,1408006
1658,2023-06-20 09:45:00,40.52,40.809,40.512,40.7,1799267
1659,2023-06-20 09:40:00,40.602,40.66,40.453,40.514,1854658
1660,2023-06-20 09:35:00,40.49,40.61,40.403,40.592,1945330
1661,2023-06-20 09:30:00,40.023,40.521,39.966,40.473,3438980
1662,2023-06-20 09:25:00,40.172,40.193,39.996,40.026,162684
1663,2023-06-20 09:20:00,40.272,41.281,40.155,40.165,90289
1664,2023-06-20 09:15:00,40.242,40.292,40.224,40.264,60078
1665,2023-06-20 09:10:00,40.32,40.342,40.224,40.235,83560
1666,2023-06-20 09:05:00,40.292,40.372,40.274,40.314,143944
1667,2023-06-20 09:00:00,40.351,40.362,40.224,40.294,66888
1668,2023-06-20 08:55:00,40.291,40.352,40.264,40.344,99640
1669,2023-06-20 08:50:00,40.282,40.322,40.244,40.284,63172
1670,2023-06-20 08:45:00,40.202,40.282,40.184,40.274,91441
1671,2023-06-20 08:40:00,40.133,40.223,40.105,40.195,113328
1672,2023-06-20 08:35:00,40.162,40.193,40.125,40.135,63724
1673,2023-06-20 08:30:00,40.232,40.272,40.115,40.147,152387
1674,2023-06-20 08:25:00,40.282,40.302,40.214,40.235,79975
1675,2023-06-20 08:20:00,40.192,40.322,40.175,40.274,294295
1676,2023-06-20 08:15:00,40.232,40.282,40.184,40.195,130537
1677,2023-06-20 08:10:00,40.232,40.302,40.214,40.225,90105
1678,2023-06-20 08:05:00,40.182,40.262,40.155,40.225,76463
1679,2023-06-20 08:00:00,40.038,40.302,39.676,40.175,366879
1680,2023-06-20 07:55:00,40.182,40.203,40.105,40.135,22742
1681,2023-06-20 07:50:00,40.063,40.193,40.055,40.175,35336
1682,2023-06-20 07:45:00,40.123,40.123,40.026,40.056,16877
1683,2023-06-20 07:40:00,40.063,40.133,40.045,40.115,64781
1684,2023-06-20 07:35:00,40.013,40.064,39.986,40.046,23991
1685,2023-06-20 07:30:00,40.073,40.094,39.996,40.006,52251
1686,2023-06-20 07:25:00,40.033,40.074,40.026,40.066,11262
1687,2023-06-20 07:20:00,40.063,40.074,40.026,40.026,10294
1688,2023-06-20 07:15:00,40.033,40.074,40.016,40.056,33368
1689,2023-06-20 07:10:00,40.083,40.094,40.016,40.026,31799
1690,2023-06-20 07:05:00,40.083,40.094,40.045,40.086,24294
1691,2023-06-20 07:00:00,40.033,40.104,40.026,40.086,66570
1692,2023-06-20 06:55:00,40.003,40.044,39.986,40.026,9974
1693,2023-06-20 06:50:00,39.954,40.024,39.936,39.986,49587
1694,2023-06-20 06:45:00,39.954,39.974,39.926,39.946,7441
1695,2023-06-20 06:40:00,39.924,39.974,39.916,39.946,3381
1696,2023-06-20 06:35:00,39.914,39.955,39.877,39.917,12697
1697,2023-06-20 06:30:00,39.924,39.935,39.896,39.917,7887
1698,2023-06-20 06:25:00,39.934,39.945,39.896,39.917,10978
1699,2023-06-20 06:20:00,39.914,39.935,39.886,39.927,10808
1700,2023-06-20 06:15:00,39.974,39.984,39.867,39.907,15452
1701,2023-06-20 06:10:00,39.944,39.984,39.926,39.966,33448
1702,2023-06-20 06:05:00,39.874,39.955,39.857,39.927,21837
1703,2023-06-20 06:00:00,39.854,39.885,39.837,39.867,9637
1704,2023-06-20 05:55:00,39.894,39.905,39.847,39.857,10138
1705,2023-06-20 05:50:00,39.795,39.895,39.777,39.877,13305
1706,2023-06-20 05:45:00,39.815,39.825,39.777,39.778,5529
1707,2023-06-20 05:40:00,39.805,39.835,39.777,39.807,11021
1708,2023-06-20 05:35:00,39.775,39.815,39.747,39.807,11604
1709,2023-06-20 05:30:00,39.775,39.786,39.728,39.768,17582
1710,2023-06-20 05:25:00,39.805,39.825,39.728,39.768,19372
1711,2023-06-20 05:20:00,39.825,39.835,39.787,39.798,53699
1712,2023-06-20 05:15:00,39.795,39.835,39.757,39.827,15539
1713,2023-06-20 05:10:00,39.745,39.796,39.728,39.778,8836
1714,2023-06-20 05:05:00,39.735,39.766,39.718,39.738,24751
1715,2023-06-20 05:00:00,39.755,39.786,39.728,39.728,39910
1716,2023-06-20 04:55:00,39.705,39.776,39.688,39.748,28478
1717,2023-06-20 04:50:00,39.775,39.796,39.668,39.698,29079
1718,2023-06-20 04:45:00,39.844,39.845,39.767,39.768,11259
1719,2023-06-20 04:40:00,39.785,39.875,39.777,39.837,71112
1720,2023-06-20 04:35:00,39.775,39.815,39.688,39.788,85141
1721,2023-06-20 04:30:00,39.874,39.895,39.757,39.768,95202
1722,2023-06-20 04:25:00,39.983,39.984,39.867,39.877,33125
1723,2023-06-20 04:20:00,40.023,40.034,39.936,39.986,58308
1724,2023-06-20 04:15:00,40.093,40.094,39.996,40.016,44450
1725,2023-06-20 04:10:00,40.162,40.163,40.045,40.076,48317
1726,2023-06-20 04:05:00,40.222,40.223,40.145,40.155,41736
1727,2023-06-20 04:00:00,40.291,40.59,40.204,40.215,154390
1728,2023-06-16 19:55:00,40.629,40.64,40.602,40.622,14926
1729,2023-06-16 19:50:00,40.629,40.63,40.592,40.622,10747
1730,2023-06-16 19:45:00,40.629,40.65,40.612,40.612,10841
1731,2023-06-16 19:40:00,40.609,40.63,40.592,40.622,6952
1732,2023-06-16 19:35:00,40.599,40.61,40.582,40.602,1969
1733,2023-06-16 19:30:00,40.58,40.62,40.572,40.597,6388
1734,2023-06-16 19:25:00,40.58,40.6,40.572,40.582,5029
1735,2023-06-16 19:20:00,40.589,40.61,40.572,40.582,6165
1736,2023-06-16 19:15:00,40.599,40.6,40.572,40.582,4540
1737,2023-06-16 19:10:00,40.58,40.6,40.562,40.592,5077
1738,2023-06-16 19:05:00,40.56,40.57,40.532,40.562,4192
1739,2023-06-16 19:00:00,40.58,40.59,40.532,40.532,17711
1740,2023-06-16 18:55:00,40.56,40.58,40.522,40.542,20976
1741,2023-06-16 18:50:00,40.57,40.57,40.542,40.542,36133
1742,2023-06-16 18:45:00,40.58,40.59,40.552,40.562,11529
1743,2023-06-16 18:40:00,40.59,40.6,40.572,40.582,15692
1744,2023-06-16 18:35:00,40.619,40.62,40.582,40.592,12721
1745,2023-06-16 18:30:00,40.649,40.65,40.607,40.612,16961
1746,2023-06-16 18:25:00,40.639,40.66,40.621,40.632,6735
1747,2023-06-16 18:20:00,40.639,40.65,40.621,40.622,8937
1748,2023-06-16 18:15:00,40.639,40.65,40.621,40.622,3986
1749,2023-06-16 18:10:00,40.659,40.66,40.631,40.642,9017
1750,2023-06-16 18:05:00,40.669,40.67,40.631,40.642,6368
1751,2023-06-16 18:00:00,40.657,40.67,40.631,40.662,5051
1752,2023-06-16 17:55:00,40.669,40.67,40.631,40.632,9577
1753,2023-06-16 17:50:00,40.679,40.68,40.651,40.652,8390
1754,2023-06-16 17:45:00,40.677,40.68,40.651,40.671,3543
1755,2023-06-16 17:40:00,40.669,40.69,40.651,40.672,10100
1756,2023-06-16 17:35:00,40.669,40.69,40.651,40.662,5078
1757,2023-06-16 17:30:00,40.709,40.71,40.651,40.672,4779
1758,2023-06-16 17:25:00,40.719,40.729,40.699,40.701,8692
1759,2023-06-16 17:20:00,40.709,40.729,40.691,40.711,18645
1760,2023-06-16 17:15:00,40.699,40.719,40.691,40.711,7616
1761,2023-06-16 17:10:00,40.698,40.71,40.681,40.701,30022
1762,2023-06-16 17:05:00,40.669,40.7,40.651,40.691,15600
1763,2023-06-16 17:00:00,40.699,40.7,40.651,40.662,14666
1764,2023-06-16 16:55:00,40.689,40.71,40.67,40.681,62795
1765,2023-06-16 16:50:00,40.699,40.719,40.681,40.701,6641
1766,2023-06-16 16:45:00,40.689,40.708,40.651,40.691,79200
1767,2023-06-16 16:40:00,40.738,40.739,40.651,40.672,51794
1768,2023-06-16 16:35:00,40.807,40.807,40.711,40.721,15276
1769,2023-06-16 16:30:00,40.768,40.819,40.751,40.801,60194
1770,2023-06-16 16:25:00,40.748,40.779,40.731,40.751,28730
1771,2023-06-16 16:20:00,40.729,40.779,40.711,40.741,51692
1772,2023-06-16 16:15:00,40.53,40.738,40.522,40.721,17327
1773,2023-06-16 16:10:00,40.778,40.789,40.681,40.701,75904
1774,2023-06-16 16:05:00,40.709,40.789,40.671,40.769,125136
1775,2023-06-16 16:00:00,40.51,40.759,40.502,40.691,853578
1776,2023-06-16 15:55:00,40.56,40.56,40.373,40.508,2625112
1777,2023-06-16 15:50:00,40.818,40.839,40.547,40.553,2312537
1778,2023-06-16 15:45:00,40.778,40.898,40.751,40.801,931596
1779,2023-06-16 15:40:00,40.878,40.894,40.734,40.755,898683
1780,2023-06-16 15:35:00,40.864,40.925,40.77,40.86,1140176
1781,2023-06-16 15:30:00,40.679,40.898,40.664,40.854,1412625
1782,2023-06-16 15:25:00,40.803,40.819,40.631,40.672,724268
1783,2023-06-16 15:20:00,40.709,40.849,40.701,40.791,1177088
1784,2023-06-16 15:15:00,40.58,40.729,40.554,40.701,949880
1785,2023-06-16 15:10:00,40.729,40.739,40.562,40.567,903551
1786,2023-06-16 15:05:00,40.808,40.848,40.661,40.715,999146
1787,2023-06-16 15:00:00,40.838,40.868,40.681,40.796,1776851
1788,2023-06-16 14:55:00,40.962,41.003,40.81,40.83,1229816
1789,2023-06-16 14:50:00,40.967,41.037,40.92,40.959,688744
1790,2023-06-16 14:45:00,41.003,41.043,40.919,40.952,602159
1791,2023-06-16 14:40:00,41.084,41.087,40.959,40.989,731168
1792,2023-06-16 14:35:00,40.977,41.107,40.969,41.069,647511
1793,2023-06-16 14:30:00,41.156,41.157,40.919,40.973,994064
1794,2023-06-16 14:25:00,41.177,41.205,41.108,41.158,650508
1795,2023-06-16 14:20:00,41.155,41.181,41.058,41.168,685625
1796,2023-06-16 14:15:00,41.166,41.216,41.098,41.148,597441
1797,2023-06-16 14:10:00,41.219,41.286,41.138,41.158,775581
1798,2023-06-16 14:05:00,41.136,41.236,41.108,41.216,589388
1799,2023-06-16 14:00:00,41.325,41.355,41.098,41.13,931076
1800,2023-06-16 13:55:00,41.334,41.336,41.227,41.312,488423
1801,2023-06-16 13:50:00,41.197,41.34,41.158,41.332,587472
1802,2023-06-16 13:45:00,41.374,41.395,41.148,41.197,1073321
1803,2023-06-16 13:40:00,41.373,41.385,41.297,41.358,520290
1804,2023-06-16 13:35:00,41.307,41.375,41.227,41.367,829877
1805,2023-06-16 13:30:00,41.305,41.39,41.277,41.307,692797
1806,2023-06-16 13:25:00,41.384,41.455,41.262,41.297,816049
1807,2023-06-16 13:20:00,41.354,41.425,41.267,41.372,685448
1808,2023-06-16 13:15:00,41.389,41.415,41.317,41.347,569995
1809,2023-06-16 13:10:00,41.414,41.415,41.267,41.377,1272315
1810,2023-06-16 13:05:00,41.553,41.604,41.396,41.406,1091232
1811,2023-06-16 13:00:00,41.563,41.574,41.446,41.546,931118
1812,2023-06-16 12:55:00,41.617,41.64,41.535,41.546,755404
1813,2023-06-16 12:50:00,41.523,41.662,41.505,41.615,1683723
1814,2023-06-16 12:45:00,41.404,41.534,41.366,41.517,853159
1815,2023-06-16 12:40:00,41.454,41.474,41.379,41.397,600265
1816,2023-06-16 12:35:00,41.533,41.544,41.367,41.446,1031627
1817,2023-06-16 12:30:00,41.452,41.544,41.41,41.531,1056641
1818,2023-06-16 12:25:00,41.404,41.464,41.376,41.436,727195
1819,2023-06-16 12:20:00,41.364,41.415,41.292,41.402,795812
1820,2023-06-16 12:15:00,41.245,41.375,41.202,41.357,810441
1821,2023-06-16 12:10:00,41.29,41.393,41.227,41.228,874843
1822,2023-06-16 12:05:00,41.295,41.365,41.217,41.277,886621
1823,2023-06-16 12:00:00,41.325,41.342,41.222,41.285,788735
1824,2023-06-16 11:55:00,41.225,41.335,41.202,41.312,1256035
1825,2023-06-16 11:50:00,41.027,41.246,40.959,41.222,1118804
1826,2023-06-16 11:45:00,41.185,41.266,41.019,41.029,1355139
1827,2023-06-16 11:40:00,41.106,41.233,41.049,41.169,981342
1828,2023-06-16 11:35:00,41.126,41.186,41.039,41.091,1124348
1829,2023-06-16 11:30:00,41.086,41.205,41.058,41.123,1238776
1830,2023-06-16 11:25:00,41.176,41.246,40.919,41.079,2189188
1831,2023-06-16 11:20:00,41.363,41.44,41.098,41.178,1647310
1832,2023-06-16 11:15:00,41.603,41.604,41.346,41.351,1231967
1833,2023-06-16 11:10:00,41.529,41.673,41.47,41.595,1851493
1834,2023-06-16 11:05:00,41.359,41.564,41.288,41.516,1324564
1835,2023-06-16 11:00:00,41.344,41.425,41.197,41.355,1469932
1836,2023-06-16 10:55:00,41.305,41.464,41.257,41.337,1248780
1837,2023-06-16 10:50:00,41.245,41.345,41.178,41.287,1075612
1838,2023-06-16 10:45:00,41.315,41.334,41.09,41.243,2019944
1839,2023-06-16 10:40:00,41.573,41.581,41.288,41.298,1644873
1840,2023-06-16 10:35:00,41.578,42.14,41.456,41.565,1661688
1841,2023-06-16 10:30:00,41.637,41.643,41.456,41.571,1558249
1842,2023-06-16 10:25:00,41.483,41.653,41.317,41.63,1968155
1843,2023-06-16 10:20:00,41.315,41.514,41.247,41.476,1852566
1844,2023-06-16 10:15:00,41.295,41.405,41.168,41.297,1870268
1845,2023-06-16 10:10:00,41.354,41.544,41.229,41.279,2825911
1846,2023-06-16 10:05:00,41.305,41.385,41.088,41.347,2194192
1847,2023-06-16 10:00:00,41.245,41.445,41.168,41.292,4066964
1848,2023-06-16 09:55:00,41.047,41.246,41.029,41.223,1774174
1849,2023-06-16 09:50:00,41.215,41.365,40.999,41.049,2586540
1850,2023-06-16 09:45:00,41.195,41.256,41.049,41.208,2362624
1851,2023-06-16 09:40:00,41.454,41.484,41.138,41.188,2694400
1852,2023-06-16 09:35:00,41.613,41.623,41.361,41.446,2577819
1853,2023-06-16 09:30:00,42.129,42.16,41.535,41.595,4951846
1854,2023-06-16 09:25:00,42.06,42.15,41.864,42.122,442316
1855,2023-06-16 09:20:00,41.831,42.061,41.793,42.042,802251
1856,2023-06-16 09:15:00,41.682,41.852,41.664,41.824,326011
1857,2023-06-16 09:10:00,41.662,41.693,41.555,41.675,378457
1858,2023-06-16 09:05:00,41.791,41.802,41.644,41.655,219645
1859,2023-06-16 09:00:00,41.811,41.842,41.764,41.794,111582
1860,2023-06-16 08:55:00,41.8,41.862,41.774,41.814,145574
1861,2023-06-16 08:50:00,41.752,41.812,41.694,41.794,204905
1862,2023-06-16 08:45:00,41.791,41.852,41.744,41.754,295373
1863,2023-06-16 08:40:00,41.777,41.812,41.724,41.784,147694
1864,2023-06-16 08:35:00,41.831,41.832,41.744,41.764,206899
1865,2023-06-16 08:30:00,41.801,41.892,41.774,41.824,211349
1866,2023-06-16 08:25:00,41.821,41.832,41.764,41.792,179236
1867,2023-06-16 08:20:00,41.752,41.832,41.724,41.814,201510
1868,2023-06-16 08:15:00,41.782,41.792,41.724,41.744,177602
1869,2023-06-16 08:10:00,41.672,41.802,41.664,41.782,157295
1870,2023-06-16 08:05:00,41.603,41.683,41.565,41.665,157305
1871,2023-06-16 08:00:00,41.469,41.733,41.019,41.605,683021
1872,2023-06-16 07:55:00,41.623,41.623,41.565,41.575,110864
1873,2023-06-16 07:50:00,41.692,41.693,41.605,41.605,133100
1874,2023-06-16 07:45:00,41.672,41.713,41.654,41.685,48380
1875,2023-06-16 07:40:00,41.712,41.733,41.654,41.665,89296
1876,2023-06-16 07:35:00,41.672,41.723,41.664,41.695,96744
1877,2023-06-16 07:30:00,41.662,41.673,41.634,41.665,46126
1878,2023-06-16 07:25:00,41.583,41.673,41.555,41.665,76645
1879,2023-06-16 07:20:00,41.553,41.594,41.545,41.575,17943
1880,2023-06-16 07:15:00,41.553,41.613,41.535,41.536,82885
1881,2023-06-16 07:10:00,41.513,41.574,41.495,41.546,22053
1882,2023-06-16 07:05:00,41.543,41.554,41.486,41.506,36785
1883,2023-06-16 07:00:00,41.464,41.554,41.436,41.536,215704
1884,2023-06-16 06:55:00,41.414,41.464,41.386,41.456,17321
1885,2023-06-16 06:50:00,41.414,41.425,41.337,41.397,18357
1886,2023-06-16 06:45:00,41.414,41.445,41.386,41.416,19501
1887,2023-06-16 06:40:00,41.424,41.455,41.386,41.416,16727
1888,2023-06-16 06:35:00,41.404,41.435,41.366,41.406,11390
1889,2023-06-16 06:30:00,41.344,41.445,41.337,41.406,16677
1890,2023-06-16 06:25:00,41.354,41.375,41.337,41.337,16850
1891,2023-06-16 06:20:00,41.344,41.395,41.267,41.347,36496
1892,2023-06-16 06:15:00,41.404,41.415,41.327,41.337,27851
1893,2023-06-16 06:10:00,41.454,41.464,41.386,41.397,42805
1894,2023-06-16 06:05:00,41.493,41.514,41.436,41.446,6563
1895,2023-06-16 06:00:00,41.503,41.524,41.486,41.496,10077
1896,2023-06-16 05:55:00,41.523,41.524,41.476,41.496,7798
1897,2023-06-16 05:50:00,41.533,41.544,41.486,41.516,11344
1898,2023-06-16 05:45:00,41.563,41.574,41.515,41.526,6978
1899,2023-06-16 05:40:00,41.493,41.564,41.486,41.555,12273
1900,2023-06-16 05:35:00,41.454,41.494,41.436,41.486,27293
1901,2023-06-16 05:30:00,41.474,41.474,41.416,41.446,78283
1902,2023-06-16 05:25:00,41.513,41.524,41.426,41.466,21267
1903,2023-06-16 05:20:00,41.563,41.564,41.505,41.516,24458
1904,2023-06-16 05:15:00,41.573,41.584,41.535,41.555,104036
1905,2023-06-16 05:10:00,41.583,41.613,41.555,41.575,72978
1906,2023-06-16 05:05:00,41.563,41.584,41.515,41.575,23485
1907,2023-06-16 05:00:00,41.523,41.564,41.505,41.555,23107
1908,2023-06-16 04:55:00,41.483,41.544,41.476,41.516,23395
1909,2023-06-16 04:50:00,41.533,41.534,41.446,41.476,183765
1910,2023-06-16 04:45:00,41.593,41.613,41.495,41.526,67366
1911,2023-06-16 04:40:00,41.563,41.613,41.525,41.585,116229
1912,2023-06-16 04:35:00,41.493,41.564,41.466,41.555,155705
1913,2023-06-16 04:30:00,41.464,41.584,41.446,41.496,102931
1914,2023-06-16 04:25:00,41.374,41.494,41.366,41.456,84860
1915,2023-06-16 04:20:00,41.315,41.385,41.297,41.377,92938
1916,2023-06-16 04:15:00,41.265,41.315,41.237,41.297,49007
1917,2023-06-16 04:10:00,41.235,41.266,41.227,41.258,37198
1918,2023-06-16 04:05:00,41.275,41.276,41.227,41.238,50636
1919,2023-06-16 04:00:00,41.195,41.306,41.158,41.267,68683
1920,2023-06-15 19:55:00,41.166,41.186,41.148,41.158,28247
1921,2023-06-15 19:50:00,41.166,41.186,41.148,41.178,20251
1922,2023-06-15 19:45:00,41.185,41.196,41.148,41.148,12348
1923,2023-06-15 19:40:00,41.156,41.206,41.148,41.168,11531
1924,2023-06-15 19:35:00,41.156,41.166,41.128,41.148,6547
1925,2023-06-15 19:30:00,41.156,41.176,41.138,41.158,10169
1926,2023-06-15 19:25:00,41.176,41.176,41.148,41.148,4640
1927,2023-06-15 19:20:00,41.156,41.186,41.148,41.168,8726
1928,2023-06-15 19:15:00,41.176,41.176,41.148,41.158,10952
1929,2023-06-15 19:10:00,41.176,41.186,41.158,41.168,8208
1930,2023-06-15 19:05:00,41.176,41.196,41.158,41.158,15330
1931,2023-06-15 19:00:00,41.146,41.176,41.128,41.168,8840
1932,2023-06-15 18:55:00,41.126,41.147,41.118,41.128,39823
1933,2023-06-15 18:50:00,41.116,41.147,41.098,41.123,18368
1934,2023-06-15 18:45:00,41.156,41.176,41.117,41.118,15207
1935,2023-06-15 18:40:00,41.156,41.176,41.128,41.128,15585
1936,2023-06-15 18:35:00,41.166,41.166,41.138,41.158,8895
1937,2023-06-15 18:30:00,41.225,41.226,41.148,41.158,23179
1938,2023-06-15 18:25:00,41.195,41.226,41.188,41.208,39690
1939,2023-06-15 18:20:00,41.225,41.246,41.188,41.198,9972
1940,2023-06-15 18:15:00,41.225,41.276,41.207,41.218,23607
1941,2023-06-15 18:10:00,41.195,41.266,41.188,41.218,18372
1942,2023-06-15 18:05:00,41.156,41.206,41.138,41.188,12583
1943,2023-06-15 18:00:00,41.245,41.266,41.128,41.138,55275
1944,2023-06-15 17:55:00,41.254,41.256,41.217,41.238,10389
1945,2023-06-15 17:50:00,41.255,41.256,41.237,41.243,6040
1946,2023-06-15 17:45:00,41.265,41.266,41.237,41.238,10019
1947,2023-06-15 17:40:00,41.26,41.266,41.237,41.258,4233
1948,2023-06-15 17:35:00,41.245,41.276,41.227,41.248,73437
1949,2023-06-15 17:30:00,41.225,41.246,41.217,41.228,17277
1950,2023-06-15 17:25:00,41.225,41.236,41.207,41.218,5616
1951,2023-06-15 17:20:00,41.235,41.246,41.207,41.218,12000
1952,2023-06-15 17:15:00,41.245,41.246,41.217,41.218,27237
1953,2023-06-15 17:10:00,41.254,41.256,41.227,41.238,14363
1954,2023-06-15 17:05:00,41.255,41.266,41.237,41.239,6346
1955,2023-06-15 17:00:00,41.27,41.286,41.247,41.248,9304
1956,2023-06-15 16:55:00,41.265,41.296,41.237,41.258,83843
1957,2023-06-15 16:50:00,41.225,41.276,41.217,41.267,19834
1958,2023-06-15 16:45:00,41.235,41.256,41.207,41.228,55980
1959,2023-06-15 16:40:00,41.235,41.266,41.227,41.238,25331
1960,2023-06-15 16:35:00,41.245,41.266,41.207,41.228,29894
1961,2023-06-15 16:30:00,41.305,41.315,41.227,41.238,33838
1962,2023-06-15 16:25:00,41.295,41.325,41.277,41.302,101409
1963,2023-06-15 16:20:00,41.265,41.306,41.237,41.287,54302
1964,2023-06-15 16:15:00,41.325,41.385,41.168,41.258,127014
1965,2023-06-15 16:10:00,41.255,41.266,41.108,41.198,114532
1966,2023-06-15 16:05:00,41.235,41.296,41.178,41.238,144771
1967,2023-06-15 16:00:00,41.305,41.375,41.217,41.218,638495
1968,2023-06-15 15:55:00,41.434,41.435,41.158,41.317,2920660
1969,2023-06-15 15:50:00,41.573,41.673,41.396,41.426,2351307
1970,2023-06-15 15:45:00,41.445,41.582,41.386,41.557,1257077
1971,2023-06-15 15:40:00,41.513,41.584,41.406,41.436,1047810
1972,2023-06-15 15:35:00,41.583,41.613,41.461,41.496,1097843
1973,2023-06-15 15:30:00,41.583,41.672,41.535,41.565,1182406
1974,2023-06-15 15:25:00,41.503,41.594,41.426,41.575,1007456
1975,2023-06-15 15:20:00,41.563,41.613,41.446,41.491,1050470
1976,2023-06-15 15:15:00,41.699,41.772,41.526,41.546,1426106
1977,2023-06-15 15:10:00,41.573,41.703,41.495,41.685,1388224
1978,2023-06-15 15:05:00,41.533,41.603,41.376,41.565,1743239
1979,2023-06-15 15:00:00,41.712,41.78,41.505,41.526,1978154
1980,2023-06-15 14:55:00,41.667,41.812,41.595,41.704,2399167
1981,2023-06-15 14:50:00,41.474,41.668,41.449,41.66,1842400
1982,2023-06-15 14:45:00,41.464,41.494,41.346,41.461,1300884
1983,2023-06-15 14:40:00,41.314,41.479,41.306,41.446,1437714
1984,2023-06-15 14:35:00,41.235,41.355,41.217,41.311,1466705
1985,2023-06-15 14:30:00,41.146,41.246,41.128,41.228,1240658
1986,2023-06-15 14:25:00,41.036,41.191,40.999,41.138,1113666
1987,2023-06-15 14:20:00,40.927,41.057,40.87,41.024,1116818
1988,2023-06-15 14:15:00,40.947,41.008,40.9,40.918,1019070
1989,2023-06-15 14:10:00,41.066,41.127,40.939,40.94,1029980
1990,2023-06-15 14:05:00,41.146,41.176,40.989,41.069,1134144
1991,2023-06-15 14:00:00,41.126,41.206,41.098,41.135,1275987
1992,2023-06-15 13:55:00,41.096,41.176,41.073,41.113,1558565
1993,2023-06-15 13:50:00,41.016,41.087,40.959,41.079,1087937
1994,2023-06-15 13:45:00,40.937,41.037,40.929,41.009,1452379
1995,2023-06-15 13:40:00,40.778,40.978,40.751,40.936,1158419
1996,2023-06-15 13:35:00,40.798,40.868,40.731,40.771,837072
1997,2023-06-15 13:30:00,40.758,40.819,40.741,40.785,866812
1998,2023-06-15 13:25:00,40.669,40.764,40.621,40.749,866478
1999,2023-06-15 13:20:00,40.546,40.68,40.512,40.662,796052
2000,2023-06-15 13:15:00,40.444,40.56,40.403,40.542,658259
2001,2023-06-15 13:10:00,40.54,40.598,40.433,40.433,953206
2002,2023-06-15 13:05:00,40.649,40.679,40.512,40.532,858204
2003,2023-06-15 13:00:00,40.709,40.729,40.561,40.642,936394
2004,2023-06-15 12:55:00,40.649,40.719,40.582,40.701,569743
2005,2023-06-15 12:50:00,40.669,40.71,40.585,40.645,588937
2006,2023-06-15 12:45:00,40.699,40.71,40.542,40.662,1003318
2007,2023-06-15 12:40:00,40.719,40.799,40.681,40.696,991349
2008,2023-06-15 12:35:00,40.629,40.729,40.512,40.711,1075758
2009,2023-06-15 12:30:00,40.719,40.789,40.572,40.617,854416
2010,2023-06-15 12:25:00,40.743,40.779,40.671,40.705,573469
2011,2023-06-15 12:20:00,40.669,40.789,40.631,40.741,1107168
2012,2023-06-15 12:15:00,40.625,40.68,40.612,40.667,603197
2013,2023-06-15 12:10:00,40.815,40.839,40.612,40.612,792267
2014,2023-06-15 12:05:00,40.808,40.858,40.721,40.801,760419
2015,2023-06-15 12:00:00,40.765,40.868,40.731,40.798,974225
2016,2023-06-15 11:55:00,40.698,40.809,40.631,40.76,1066366
2017,2023-06-15 11:50:00,40.58,40.71,40.542,40.686,1460653
2018,2023-06-15 11:45:00,40.793,40.868,40.532,40.582,2122806
2019,2023-06-15 11:40:00,40.828,40.908,40.76,40.791,1432826
2020,2023-06-15 11:35:00,40.699,40.898,40.671,40.83,2316196
2021,2023-06-15 11:30:00,40.669,40.719,40.542,40.691,1321024
2022,2023-06-15 11:25:00,40.54,40.679,40.512,40.662,1308531
2023,2023-06-15 11:20:00,40.47,40.56,40.438,40.542,1212603
2024,2023-06-15 11:15:00,40.475,40.64,40.433,40.453,1840354
2025,2023-06-15 11:10:00,40.431,40.531,40.344,40.463,1731142
2026,2023-06-15 11:05:00,40.461,40.57,40.239,40.423,2211657
2027,2023-06-15 11:00:00,40.376,40.491,40.257,40.457,1417239
2028,2023-06-15 10:55:00,40.401,40.481,40.304,40.361,1191167
2029,2023-06-15 10:50:00,40.5,40.521,40.254,40.397,1662430
2030,2023-06-15 10:45:00,40.291,40.58,40.279,40.483,1992630
2031,2023-06-15 10:40:00,40.093,40.378,40.065,40.278,1451968
2032,2023-06-15 10:35:00,40.202,40.243,40.055,40.086,1455553
2033,2023-06-15 10:30:00,40.45,40.471,40.096,40.2,2637879
2034,2023-06-15 10:25:00,40.232,40.489,40.218,40.433,2621911
2035,2023-06-15 10:20:00,40.162,40.326,40.105,40.224,1998038
2036,2023-06-15 10:15:00,40.242,40.258,40.045,40.155,1758105
2037,2023-06-15 10:10:00,40.331,40.402,40.194,40.244,2306231
2038,2023-06-15 10:05:00,40.053,40.362,39.996,40.314,4018816
2039,2023-06-15 10:00:00,39.944,40.074,39.797,40.046,2258426
2040,2023-06-15 09:55:00,40.043,40.063,39.77,39.927,2373948
2041,2023-06-15 09:50:00,39.869,40.112,39.847,40.036,3472283
2042,2023-06-15 09:45:00,39.81,39.994,39.698,39.866,3414222
2043,2023-06-15 09:40:00,39.546,39.855,39.494,39.798,3023408
2044,2023-06-15 09:35:00,39.36,39.577,39.261,39.539,2671850
2045,2023-06-15 09:30:00,39.477,39.587,39.241,39.351,3371153
2046,2023-06-15 09:25:00,39.447,39.517,39.4,39.46,176454
2047,2023-06-15 09:20:00,39.527,39.537,39.44,39.44,206530
2048,2023-06-15 09:15:00,39.348,39.537,39.34,39.529,250857
2049,2023-06-15 09:10:00,39.457,39.468,38.64,39.349,236838
2050,2023-06-15 09:05:00,39.417,39.488,39.33,39.45,381455
2051,2023-06-15 09:00:00,39.318,39.428,39.231,39.41,233032
2052,2023-06-15 08:55:00,39.377,39.378,39.271,39.311,150040
2053,2023-06-15 08:50:00,39.219,39.388,39.181,39.37,415770
2054,2023-06-15 08:45:00,39.03,39.229,39.003,39.207,355961
2055,2023-06-15 08:40:00,38.901,39.051,38.883,39.043,146598
2056,2023-06-15 08:35:00,39.109,39.14,38.863,38.904,249124
2057,2023-06-15 08:30:00,39.08,39.249,38.893,39.102,416433
2058,2023-06-15 08:25:00,39.06,39.13,39.012,39.112,52854
2059,2023-06-15 08:20:00,39.099,39.14,39.033,39.053,66925
2060,2023-06-15 08:15:00,39.169,39.17,39.022,39.092,107165
2061,2023-06-15 08:10:00,39.139,39.19,39.102,39.162,60422
2062,2023-06-15 08:05:00,39.17,39.18,39.082,39.132,89656
2063,2023-06-15 08:00:00,39.129,39.945,39.003,39.162,655279
2064,2023-06-15 07:55:00,39.119,39.14,39.092,39.102,21936
2065,2023-06-15 07:50:00,39.08,39.14,39.062,39.112,43589
2066,2023-06-15 07:45:00,39.031,39.12,39.023,39.072,30248
2067,2023-06-15 07:40:00,39.04,39.08,39.022,39.033,36865
2068,2023-06-15 07:35:00,39.159,39.16,39.022,39.033,43573
2069,2023-06-15 07:30:00,39.109,39.19,39.092,39.152,61992
2070,2023-06-15 07:25:00,39.138,39.14,39.062,39.092,48646
2071,2023-06-15 07:20:00,39.03,39.14,39.022,39.131,22334
2072,2023-06-15 07:15:00,39.08,39.1,39.012,39.023,36427
2073,2023-06-15 07:10:00,39.08,39.1,39.003,39.082,83805
2074,2023-06-15 07:05:00,39.179,39.19,39.052,39.053,79102
2075,2023-06-15 07:00:00,39.129,39.219,39.102,39.162,120254
2076,2023-06-15 06:55:00,39.109,39.14,39.082,39.102,28040
2077,2023-06-15 06:50:00,39.07,39.12,39.052,39.102,88070
2078,2023-06-15 06:45:00,39.05,39.12,39.032,39.072,57698
2079,2023-06-15 06:40:00,39.03,39.06,38.993,39.043,123456
2080,2023-06-15 06:35:00,39.08,39.09,39.032,39.033,137369
2081,2023-06-15 06:30:00,39.119,39.15,39.062,39.072,22446
2082,2023-06-15 06:25:00,39.099,39.12,39.072,39.112,20842
2083,2023-06-15 06:20:00,39.129,39.16,39.072,39.082,22923
2084,2023-06-15 06:15:00,39.119,39.18,39.072,39.122,31062
2085,2023-06-15 06:10:00,39.199,39.229,39.112,39.112,19281
2086,2023-06-15 06:05:00,39.209,39.249,39.161,39.192,8591
2087,2023-06-15 06:00:00,39.209,39.239,39.161,39.202,19667
2088,2023-06-15 05:55:00,39.109,39.229,39.102,39.202,21782
2089,2023-06-15 05:50:00,39.189,39.229,39.102,39.102,29368
2090,2023-06-15 05:45:00,39.278,39.299,39.181,39.182,13074
2091,2023-06-15 05:40:00,39.248,39.319,39.221,39.281,13758
2092,2023-06-15 05:35:00,39.248,39.319,39.211,39.251,24740
2093,2023-06-15 05:30:00,39.219,39.299,39.211,39.251,25119
2094,2023-06-15 05:25:00,39.209,39.239,39.161,39.212,46464
2095,2023-06-15 05:20:00,39.278,39.309,39.201,39.212,33866
2096,2023-06-15 05:15:00,39.397,39.408,39.251,39.281,23889
2097,2023-06-15 05:10:00,39.368,39.428,39.36,39.4,8931
2098,2023-06-15 05:05:00,39.368,39.388,39.33,39.351,15949
2099,2023-06-15 05:00:00,39.348,39.428,39.31,39.361,26820
2100,2023-06-15 04:55:00,39.447,39.458,39.32,39.331,41297
2101,2023-06-15 04:50:00,39.368,39.468,39.36,39.44,32430
2102,2023-06-15 04:45:00,39.358,39.408,39.31,39.37,57496
2103,2023-06-15 04:40:00,39.517,39.517,39.35,39.361,140989
2104,2023-06-15 04:35:00,39.576,39.597,39.509,39.509,21564
2105,2023-06-15 04:30:00,39.636,39.647,39.559,39.569,19315
2106,2023-06-15 04:25:00,39.646,39.666,39.608,39.639,24969
2107,2023-06-15 04:20:00,39.745,39.756,39.628,39.639,35537
2108,2023-06-15 04:15:00,39.685,39.776,39.668,39.748,14346
2109,2023-06-15 04:10:00,39.735,39.746,39.668,39.678,25651
2110,2023-06-15 04:05:00,39.805,39.815,39.708,39.738,43355
2111,2023-06-15 04:00:00,39.854,39.974,39.777,39.807,43978
2112,2023-06-14 19:55:00,40.033,40.044,39.996,39.996,56259
2113,2023-06-14 19:50:00,40.033,40.054,40.016,40.026,42212
2114,2023-06-14 19:45:00,40.013,40.044,40.006,40.026,18083
2115,2023-06-14 19:40:00,40.043,40.054,40.006,40.011,48914
2116,2023-06-14 19:35:00,40.033,40.044,40.006,40.036,41652
2117,2023-06-14 19:30:00,40.003,40.034,39.986,40.026,19464
2118,2023-06-14 19:25:00,40.033,40.044,39.986,39.986,77897
2119,2023-06-14 19:20:00,40.053,40.074,40.035,40.036,5986
2120,2023-06-14 19:15:00,40.043,40.064,40.016,40.056,11358
2121,2023-06-14 19:10:00,40.033,40.054,40.026,40.026,6246
2122,2023-06-14 19:05:00,40.053,40.054,40.026,40.036,4351
2123,2023-06-14 19:00:00,40.073,40.084,40.026,40.036,8183
2124,2023-06-14 18:55:00,40.113,40.123,40.065,40.066,13588
2125,2023-06-14 18:50:00,40.093,40.123,40.085,40.105,5510
2126,2023-06-14 18:45:00,40.103,40.123,40.075,40.086,22228
2127,2023-06-14 18:40:00,40.083,40.113,40.065,40.095,24495
2128,2023-06-14 18:35:00,40.053,40.084,40.035,40.066,8176
2129,2023-06-14 18:30:00,40.043,40.054,40.006,40.046,24275
2130,2023-06-14 18:25:00,40.053,40.074,40.035,40.046,10695
2131,2023-06-14 18:20:00,40.033,40.064,40.026,40.036,11933
2132,2023-06-14 18:15:00,40.084,40.094,40.006,40.026,19252
2133,2023-06-14 18:10:00,40.093,40.123,40.085,40.086,19597
2134,2023-06-14 18:05:00,40.103,40.104,40.075,40.086,10850
2135,2023-06-14 18:00:00,40.043,40.113,40.026,40.105,48899
2136,2023-06-14 17:55:00,40.043,40.054,40.006,40.026,73047
2137,2023-06-14 17:50:00,40.063,40.074,40.035,40.036,10305
2138,2023-06-14 17:45:00,40.073,40.084,40.055,40.056,9439
2139,2023-06-14 17:40:00,40.083,40.084,40.065,40.066,9466
2140,2023-06-14 17:35:00,40.063,40.094,40.045,40.066,19951
2141,2023-06-14 17:30:00,40.063,40.094,40.045,40.046,43716
2142,2023-06-14 17:25:00,40.113,40.113,40.055,40.066,22153
2143,2023-06-14 17:20:00,40.113,40.123,40.085,40.105,9777
2144,2023-06-14 17:15:00,40.123,40.123,40.085,40.11,15879
2145,2023-06-14 17:10:00,40.142,40.143,40.095,40.095,39050
2146,2023-06-14 17:05:00,40.142,40.153,40.106,40.135,53671
2147,2023-06-14 17:00:00,40.163,40.164,40.115,40.135,35696
2148,2023-06-14 16:55:00,40.192,40.203,40.105,40.155,71144
2149,2023-06-14 16:50:00,40.212,40.243,40.184,40.195,88112
2150,2023-06-14 16:45:00,40.182,40.233,38.263,40.215,116158
2151,2023-06-14 16:40:00,40.172,40.193,40.105,40.175,90605
2152,2023-06-14 16:35:00,40.103,40.173,40.075,40.165,282907
2153,2023-06-14 16:30:00,40.043,40.104,40.026,40.095,197242
2154,2023-06-14 16:25:00,39.974,40.054,39.966,40.026,271208
2155,2023-06-14 16:20:00,39.944,39.984,39.916,39.976,97973
2156,2023-06-14 16:15:00,39.924,39.995,39.916,39.937,56297
2157,2023-06-14 16:10:00,40.048,40.069,39.946,39.957,141415
2158,2023-06-14 16:05:00,40.028,40.074,39.996,40.046,140186
2159,2023-06-14 16:00:00,39.934,40.044,39.906,40.016,784913
2160,2023-06-14 15:55:00,39.447,39.935,39.44,39.927,4300419
2161,2023-06-14 15:50:00,39.437,39.519,39.112,39.44,3657345
2162,2023-06-14 15:45:00,39.477,39.607,39.38,39.43,2529699
2163,2023-06-14 15:40:00,39.566,39.597,39.395,39.475,1690943
2164,2023-06-14 15:35:00,39.546,39.657,39.489,39.569,1755943
2165,2023-06-14 15:30:00,39.467,39.617,39.31,39.549,2158046
2166,2023-06-14 15:25:00,39.626,39.835,39.43,39.46,2617673
2167,2023-06-14 15:20:00,39.323,39.686,39.291,39.599,2816824
2168,2023-06-14 15:15:00,39.417,39.438,39.122,39.314,3276672
2169,2023-06-14 15:10:00,40.013,40.024,39.38,39.4,3463955
2170,2023-06-14 15:05:00,39.546,40.014,39.509,40.006,4161511
2171,2023-06-14 15:00:00,39.407,39.627,39.37,39.539,1662178
2172,2023-06-14 14:55:00,39.536,39.607,39.345,39.39,2126468
2173,2023-06-14 14:50:00,39.626,39.676,39.301,39.538,3765902
2174,2023-06-14 14:45:00,39.457,39.637,39.236,39.624,3804226
2175,2023-06-14 14:40:00,38.97,39.498,38.933,39.449,4064297
2176,2023-06-14 14:35:00,38.702,39.229,38.67,38.963,5020124
2177,2023-06-14 14:30:00,38.682,38.931,38.486,38.697,3598308
2178,2023-06-14 14:25:00,38.454,38.693,38.298,38.673,2218260
2179,2023-06-14 14:20:00,38.503,38.65,38.347,38.457,2132302
2180,2023-06-14 14:15:00,38.712,38.762,38.347,38.496,3321557
2181,2023-06-14 14:10:00,38.583,38.872,38.516,38.705,3941254
2182,2023-06-14 14:05:00,38.786,38.807,38.159,38.577,5365330
2183,2023-06-14 14:00:00,39.426,39.427,38.635,38.779,7911642
2184,2023-06-14 13:55:00,39.436,39.448,39.37,39.42,619530
2185,2023-06-14 13:50:00,39.457,39.458,39.37,39.425,471312
2186,2023-06-14 13:45:00,39.368,39.463,39.31,39.445,682788
2187,2023-06-14 13:40:00,39.447,39.473,39.341,39.351,500500
2188,2023-06-14 13:35:00,39.487,39.497,39.37,39.436,744361
2189,2023-06-14 13:30:00,39.417,39.498,39.082,39.484,1219167
2190,2023-06-14 13:25:00,39.417,39.458,39.36,39.402,751362
2191,2023-06-14 13:20:00,39.368,39.433,39.31,39.416,790127
2192,2023-06-14 13:15:00,39.492,39.494,39.34,39.361,913263
2193,2023-06-14 13:10:00,39.576,39.577,39.424,39.49,1138674
2194,2023-06-14 13:05:00,39.616,39.627,39.544,39.563,516200
2195,2023-06-14 13:00:00,39.735,39.736,39.569,39.609,777064
2196,2023-06-14 12:55:00,39.731,39.756,39.678,39.733,532584
2197,2023-06-14 12:50:00,39.651,39.746,39.643,39.722,689276
2198,2023-06-14 12:45:00,39.666,39.696,39.608,39.649,603246
2199,2023-06-14 12:40:00,39.715,39.726,39.648,39.654,510042
2200,2023-06-14 12:35:00,39.715,39.746,39.643,39.708,537086
2201,2023-06-14 12:30:00,39.735,39.746,39.668,39.718,602146
2202,2023-06-14 12:25:00,39.775,39.786,39.698,39.728,729707
2203,2023-06-14 12:20:00,39.805,39.83,39.733,39.768,639004
2204,2023-06-14 12:15:00,39.765,39.832,39.698,39.801,1066503
2205,2023-06-14 12:10:00,39.68,39.786,39.658,39.756,1107993
2206,2023-06-14 12:05:00,39.596,39.706,39.499,39.668,1171238
2207,2023-06-14 12:00:00,39.71,39.716,39.559,39.591,993910
2208,2023-06-14 11:55:00,39.725,39.736,39.628,39.705,1070350
2209,2023-06-14 11:50:00,39.795,39.796,39.718,39.728,704415
2210,2023-06-14 11:45:00,39.776,39.815,39.708,39.784,1146247
2211,2023-06-14 11:40:00,39.894,39.94,39.758,39.772,1102155
2212,2023-06-14 11:35:00,39.854,39.905,39.837,39.882,750641
2213,2023-06-14 11:30:00,39.894,39.945,39.837,39.847,1163040
2214,2023-06-14 11:25:00,39.974,40.034,39.852,39.887,1876268
2215,2023-06-14 11:20:00,39.795,39.984,39.772,39.965,1518854
2216,2023-06-14 11:15:00,39.755,39.835,39.747,39.788,1027594
2217,2023-06-14 11:10:00,39.636,39.771,39.589,39.743,1293940
2218,2023-06-14 11:05:00,39.487,39.637,39.43,39.619,1099257
2219,2023-06-14 11:00:00,39.517,39.542,39.38,39.474,1322561
2220,2023-06-14 10:55:00,39.617,39.618,39.479,39.509,1567762
2221,2023-06-14 10:50:00,39.705,39.726,39.608,39.609,1597106
2222,2023-06-14 10:45:00,39.666,39.716,39.608,39.698,1105230
2223,2023-06-14 10:40:00,39.636,39.736,39.628,39.66,2065279
2224,2023-06-14 10:35:00,39.646,39.671,39.549,39.639,1111700
2225,2023-06-14 10:30:00,39.497,39.666,39.474,39.634,1446532
2226,2023-06-14 10:25:00,39.497,39.557,39.39,39.48,1842615
2227,2023-06-14 10:20:00,39.566,39.686,39.469,39.481,2303759
2228,2023-06-14 10:15:00,39.467,39.587,39.453,39.565,1476268
2229,2023-06-14 10:10:00,39.447,39.488,39.38,39.46,1114571
2230,2023-06-14 10:05:00,39.348,39.488,39.301,39.435,2315623
2231,2023-06-14 10:00:00,39.288,39.349,39.181,39.34,1172589
2232,2023-06-14 09:55:00,39.179,39.299,39.092,39.281,1603914
2233,2023-06-14 09:50:00,39.268,39.319,39.153,39.175,1749091
2234,2023-06-14 09:45:00,39.119,39.279,39.112,39.261,1984287
2235,2023-06-14 09:40:00,38.886,39.16,38.878,39.112,2401169
2236,2023-06-14 09:35:00,38.95,39.006,38.754,38.874,1862986
2237,2023-06-14 09:30:00,39.089,39.14,38.863,38.943,2668908
2238,2023-06-14 09:25:00,39.05,39.1,39.012,39.082,113457
2239,2023-06-14 09:20:00,39.04,39.07,39.012,39.053,160239
2240,2023-06-14 09:15:00,39.099,39.1,39.012,39.043,76656
2241,2023-06-14 09:10:00,39.03,39.11,39.012,39.082,137558
2242,2023-06-14 09:05:00,39.129,39.15,39.003,39.033,229360
2243,2023-06-14 09:00:00,39.159,39.17,39.073,39.122,229269
2244,2023-06-14 08:55:00,39.169,39.219,39.122,39.162,89425
2245,2023-06-14 08:50:00,39.209,39.219,39.152,39.152,99713
2246,2023-06-14 08:45:00,39.229,39.249,39.16,39.192,173169
2247,2023-06-14 08:40:00,39.238,39.249,39.132,39.212,213899
2248,2023-06-14 08:35:00,39.298,39.319,39.231,39.231,130364
2249,2023-06-14 08:30:00,39.308,39.478,39.241,39.3,493502
2250,2023-06-14 08:25:00,39.328,39.358,39.301,39.331,97818
2251,2023-06-14 08:20:00,39.328,39.349,39.301,39.311,86525
2252,2023-06-14 08:15:00,39.288,39.329,39.271,39.321,52280
2253,2023-06-14 08:10:00,39.278,39.289,39.251,39.281,27305
2254,2023-06-14 08:05:00,39.29,39.309,39.251,39.271,35193
2255,2023-06-14 08:00:00,39.258,39.526,38.993,39.291,409782
2256,2023-06-14 07:55:00,39.288,39.299,39.251,39.291,17365
2257,2023-06-14 07:50:00,39.298,39.309,39.261,39.281,23089
2258,2023-06-14 07:45:00,39.278,39.309,39.241,39.291,99386
2259,2023-06-14 07:40:00,39.278,39.299,39.261,39.271,14042
2260,2023-06-14 07:35:00,39.338,39.349,39.261,39.271,45868
2261,2023-06-14 07:30:00,39.348,39.358,39.301,39.331,17488
2262,2023-06-14 07:25:00,39.288,39.349,39.271,39.341,39632
2263,2023-06-14 07:20:00,39.238,39.289,39.231,39.281,25440
2264,2023-06-14 07:15:00,39.288,39.289,39.231,39.231,28226
2265,2023-06-14 07:10:00,39.268,39.319,39.261,39.291,6995
2266,2023-06-14 07:05:00,39.278,39.279,39.251,39.261,18548
2267,2023-06-14 07:00:00,39.268,39.289,39.221,39.271,46780
2268,2023-06-14 06:55:00,39.248,39.289,39.211,39.261,12564
2269,2023-06-14 06:50:00,39.368,39.368,39.211,39.241,62854
2270,2023-06-14 06:45:00,39.368,39.388,39.34,39.351,10511
2271,2023-06-14 06:40:00,39.407,39.418,39.35,39.361,6505
2272,2023-06-14 06:35:00,39.387,39.408,39.36,39.4,6796
2273,2023-06-14 06:30:00,39.348,39.398,39.33,39.39,5913
2274,2023-06-14 06:25:00,39.318,39.349,39.31,39.341,5186
2275,2023-06-14 06:20:00,39.288,39.319,39.271,39.311,15134
2276,2023-06-14 06:15:00,39.328,39.339,39.271,39.281,16510
2277,2023-06-14 06:10:00,39.358,39.358,39.31,39.321,9655
2278,2023-06-14 06:05:00,39.348,39.358,39.33,39.351,7981
2279,2023-06-14 06:00:00,39.358,39.378,39.34,39.351,59389
2280,2023-06-14 05:55:00,39.338,39.358,39.32,39.351,7917
2281,2023-06-14 05:50:00,39.397,39.398,39.32,39.331,16939
2282,2023-06-14 05:45:00,39.378,39.428,39.37,39.39,4165
2283,2023-06-14 05:40:00,39.397,39.408,39.37,39.38,3724
2284,2023-06-14 05:35:00,39.457,39.458,39.38,39.39,9667
2285,2023-06-14 05:30:00,39.407,39.478,39.4,39.44,20142
2286,2023-06-14 05:25:00,39.417,39.438,39.4,39.41,5011
2287,2023-06-14 05:20:00,39.387,39.438,39.38,39.41,10157
2288,2023-06-14 05:15:00,39.338,39.388,39.33,39.37,6645
2289,2023-06-14 05:10:00,39.378,39.378,39.301,39.331,29228
2290,2023-06-14 05:05:00,39.417,39.428,39.37,39.38,17507
2291,2023-06-14 05:00:00,39.407,39.438,39.37,39.41,16664
2292,2023-06-14 04:55:00,39.417,39.438,39.39,39.39,26746
2293,2023-06-14 04:50:00,39.487,39.498,39.4,39.41,21240
2294,2023-06-14 04:45:00,39.447,39.488,39.42,39.48,16612
2295,2023-06-14 04:40:00,39.487,39.488,39.41,39.44,59435
2296,2023-06-14 04:35:00,39.457,39.527,39.44,39.48,55080
2297,2023-06-14 04:30:00,39.457,39.458,39.41,39.45,91180
2298,2023-06-14 04:25:00,39.437,39.458,39.4,39.44,36956
2299,2023-06-14 04:20:00,39.397,39.438,39.37,39.43,113997
2300,2023-06-14 04:15:00,39.387,39.418,39.38,39.39,34841
2301,2023-06-14 04:10:00,39.387,39.418,39.37,39.37,83006
2302,2023-06-14 04:05:00,39.348,39.408,39.33,39.37,96136
2303,2023-06-14 04:00:00,39.427,39.458,39.142,39.341,191272
2304,2023-06-13 19:55:00,39.149,39.16,39.132,39.152,30187
2305,2023-06-13 19:50:00,39.149,39.16,39.132,39.152,18876
2306,2023-06-13 19:45:00,39.139,39.15,39.122,39.132,20884
2307,2023-06-13 19:40:00,39.149,39.16,39.102,39.122,58124
2308,2023-06-13 19:35:00,39.149,39.16,39.132,39.142,12440
2309,2023-06-13 19:30:00,39.159,39.16,39.142,39.142,33562
2310,2023-06-13 19:25:00,39.159,39.16,39.142,39.147,30949
2311,2023-06-13 19:20:00,39.179,39.18,39.142,39.152,22682
2312,2023-06-13 19:15:00,39.189,39.19,39.152,39.172,13171
2313,2023-06-13 19:10:00,39.199,39.209,39.181,39.192,6962
2314,2023-06-13 19:05:00,39.229,39.249,39.181,39.192,10582
2315,2023-06-13 19:00:00,39.233,39.249,39.221,39.231,7926
2316,2023-06-13 18:55:00,39.229,39.239,39.221,39.221,4624
2317,2023-06-13 18:50:00,39.238,39.239,39.201,39.221,9387
2318,2023-06-13 18:45:00,39.238,39.249,39.211,39.241,5112
2319,2023-06-13 18:40:00,39.219,39.239,39.211,39.231,8177
2320,2023-06-13 18:35:00,39.229,39.239,39.201,39.212,9014
2321,2023-06-13 18:30:00,39.219,39.239,39.211,39.221,12913
2322,2023-06-13 18:25:00,39.209,39.229,39.191,39.212,6888
2323,2023-06-13 18:20:00,39.189,39.219,39.171,39.192,32719
2324,2023-06-13 18:15:00,39.189,39.205,39.171,39.182,8750
2325,2023-06-13 18:10:00,39.179,39.19,39.142,39.177,18987
2326,2023-06-13 18:05:00,39.209,39.239,39.161,39.172,19028
2327,2023-06-13 18:00:00,39.209,39.249,39.181,39.202,37473
2328,2023-06-13 17:55:00,39.248,39.259,39.211,39.221,13979
2329,2023-06-13 17:50:00,39.219,39.259,39.201,39.246,102650
2330,2023-06-13 17:45:00,39.229,39.229,39.201,39.221,21290
2331,2023-06-13 17:40:00,39.209,39.229,39.201,39.216,17005
2332,2023-06-13 17:35:00,39.219,39.229,39.191,39.202,72464
2333,2023-06-13 17:30:00,39.199,39.229,39.191,39.212,26329
2334,2023-06-13 17:25:00,39.209,39.229,39.201,39.202,13404
2335,2023-06-13 17:20:00,39.189,39.229,39.181,39.202,16673
2336,2023-06-13 17:15:00,39.179,39.209,39.161,39.192,34405
2337,2023-06-13 17:10:00,39.169,39.19,39.161,39.172,7737
2338,2023-06-13 17:05:00,39.15,39.18,39.142,39.162,10944
2339,2023-06-13 17:00:00,39.179,39.19,39.142,39.152,12937
2340,2023-06-13 16:55:00,39.179,39.2,39.171,39.172,17145
2341,2023-06-13 16:50:00,39.179,39.2,39.171,39.172,39666
2342,2023-06-13 16:45:00,39.184,39.2,39.161,39.182,40160
2343,2023-06-13 16:40:00,39.139,39.19,39.132,39.172,128032
2344,2023-06-13 16:35:00,39.129,39.14,39.102,39.132,45615
2345,2023-06-13 16:30:00,39.089,39.13,39.082,39.122,38730
2346,2023-06-13 16:25:00,39.079,39.1,39.042,39.072,35333
2347,2023-06-13 16:20:00,39.119,39.13,39.072,39.072,18283
2348,2023-06-13 16:15:00,39.089,39.14,39.082,39.112,60549
2349,2023-06-13 16:10:00,39.089,39.13,39.082,39.092,58275
2350,2023-06-13 16:05:00,39.07,39.1,39.052,39.072,44059
2351,2023-06-13 16:00:00,39.089,39.15,39.032,39.063,454361
2352,2023-06-13 15:55:00,39.05,39.14,38.996,39.092,3149369
2353,2023-06-13 15:50:00,38.96,39.056,38.923,39.038,2240499
2354,2023-06-13 15:45:00,38.921,39.031,38.898,38.953,713592
2355,2023-06-13 15:40:00,38.955,39.041,38.883,38.914,1285800
2356,2023-06-13 15:35:00,38.876,38.971,38.837,38.949,759253
2357,2023-06-13 15:30:00,38.901,38.937,38.834,38.874,666642
2358,2023-06-13 15:25:00,38.931,38.981,38.863,38.894,775259
2359,2023-06-13 15:20:00,39.0,39.08,38.883,38.926,1825341
2360,2023-06-13 15:15:00,38.94,39.07,38.863,38.993,1381759
2361,2023-06-13 15:10:00,38.931,38.961,38.824,38.936,1061496
2362,2023-06-13 15:05:00,38.901,38.981,38.873,38.924,1118133
2363,2023-06-13 15:00:00,38.87,38.911,38.824,38.893,894581
2364,2023-06-13 14:55:00,38.861,38.931,38.814,38.856,1094333
2365,2023-06-13 14:50:00,38.633,38.872,38.615,38.864,1321955
2366,2023-06-13 14:45:00,38.633,38.713,38.516,38.635,858090
2367,2023-06-13 14:40:00,38.603,38.653,38.516,38.622,1040286
2368,2023-06-13 14:35:00,38.588,38.618,38.491,38.597,1030729
2369,2023-06-13 14:30:00,38.573,38.653,38.456,38.585,1646109
2370,2023-06-13 14:25:00,38.861,38.891,38.467,38.561,2272969
2371,2023-06-13 14:20:00,38.891,38.921,38.824,38.854,638130
2372,2023-06-13 14:15:00,38.904,38.937,38.774,38.877,1084972
2373,2023-06-13 14:10:00,38.881,38.916,38.725,38.903,1627497
2374,2023-06-13 14:05:00,38.97,39.011,38.873,38.879,781596
2375,2023-06-13 14:00:00,39.05,39.1,38.933,38.963,1076160
2376,2023-06-13 13:55:00,39.089,39.14,38.953,39.043,1039766
2377,2023-06-13 13:50:00,39.149,39.16,39.042,39.083,837915
2378,2023-06-13 13:45:00,39.164,39.193,39.092,39.145,708670
2379,2023-06-13 13:40:00,39.07,39.18,39.052,39.157,614547
2380,2023-06-13 13:35:00,39.119,39.136,39.023,39.067,702160
2381,2023-06-13 13:30:00,39.06,39.13,39.022,39.105,820813
2382,2023-06-13 13:25:00,39.06,39.09,38.943,39.044,1001785
2383,2023-06-13 13:20:00,39.06,39.09,39.012,39.053,766928
2384,2023-06-13 13:15:00,38.97,39.07,38.903,39.053,918005
2385,2023-06-13 13:10:00,39.03,39.031,38.834,38.963,1426915
2386,2023-06-13 13:05:00,39.169,39.239,38.973,39.028,1704026
2387,2023-06-13 13:00:00,39.139,39.209,39.112,39.167,943841
2388,2023-06-13 12:55:00,39.04,39.15,39.003,39.142,837466
2389,2023-06-13 12:50:00,38.97,39.1,38.943,39.023,825522
2390,2023-06-13 12:45:00,39.048,39.051,38.923,38.973,1023337
2391,2023-06-13 12:40:00,38.984,39.08,38.977,39.037,833831
2392,2023-06-13 12:35:00,38.901,39.021,38.844,38.978,1125184
2393,2023-06-13 12:30:00,38.901,38.951,38.873,38.894,724986
2394,2023-06-13 12:25:00,38.851,38.931,38.715,38.887,1195340
2395,2023-06-13 12:20:00,38.96,38.961,38.808,38.844,763352
2396,2023-06-13 12:15:00,38.99,39.011,38.893,38.943,865047
2397,2023-06-13 12:10:00,38.901,39.037,38.877,38.978,1178533
2398,2023-06-13 12:05:00,38.782,38.911,38.734,38.894,1086148
2399,2023-06-13 12:00:00,38.772,38.792,38.645,38.775,1454648
2400,2023-06-13 11:55:00,38.945,39.08,38.755,38.765,1583267
2401,2023-06-13 11:50:00,38.96,39.001,38.874,38.943,956505
2402,2023-06-13 11:45:00,38.901,38.981,38.834,38.959,1162545
2403,2023-06-13 11:40:00,38.906,38.941,38.814,38.904,1182032
2404,2023-06-13 11:35:00,38.911,39.067,38.863,38.896,1631498
2405,2023-06-13 11:30:00,39.06,39.089,38.903,38.914,1575241
2406,2023-06-13 11:25:00,39.069,39.13,39.013,39.053,1403518
2407,2023-06-13 11:20:00,39.098,39.219,39.012,39.057,2283571
2408,2023-06-13 11:15:00,39.089,39.14,38.973,39.092,2034408
2409,2023-06-13 11:10:00,38.871,39.13,38.844,39.082,2197496
2410,2023-06-13 11:05:00,38.702,38.882,38.625,38.864,1567381
2411,2023-06-13 11:00:00,38.732,38.772,38.585,38.705,1241205
2412,2023-06-13 10:55:00,38.767,38.792,38.685,38.725,1451295
2413,2023-06-13 10:50:00,38.697,38.772,38.615,38.76,1467348
2414,2023-06-13 10:45:00,38.543,38.713,38.456,38.69,1670785
2415,2023-06-13 10:40:00,38.638,38.663,38.496,38.536,1470514
2416,2023-06-13 10:35:00,38.503,38.663,38.456,38.635,2310516
2417,2023-06-13 10:30:00,38.317,38.514,38.18,38.505,2114764
2418,2023-06-13 10:25:00,38.374,38.454,38.238,38.315,1686241
2419,2023-06-13 10:20:00,38.374,38.509,38.317,38.37,2340851
2420,2023-06-13 10:15:00,38.225,38.375,38.069,38.364,2978558
2421,2023-06-13 10:10:00,38.364,38.415,38.059,38.218,3436175
2422,2023-06-13 10:05:00,38.573,38.693,38.297,38.357,2567472
2423,2023-06-13 10:00:00,38.553,38.751,38.446,38.576,2056284
2424,2023-06-13 09:55:00,38.757,38.88,38.446,38.537,2634239
2425,2023-06-13 09:50:00,38.702,38.802,38.489,38.745,2801377
2426,2023-06-13 09:45:00,39.04,39.05,38.476,38.685,4186531
2427,2023-06-13 09:40:00,39.119,39.368,38.953,39.033,3486782
2428,2023-06-13 09:35:00,39.199,39.319,38.854,39.102,3807197
2429,2023-06-13 09:30:00,39.109,39.219,38.943,39.191,4961658
2430,2023-06-13 09:25:00,39.129,39.16,39.082,39.112,487057
2431,2023-06-13 09:20:00,39.308,39.329,39.092,39.132,541261
2432,2023-06-13 09:15:00,39.397,39.408,39.281,39.321,336588
2433,2023-06-13 09:10:00,39.457,39.537,39.38,39.39,388887
2434,2023-06-13 09:05:00,39.318,39.498,39.281,39.45,694672
2435,2023-06-13 09:00:00,39.219,39.358,39.211,39.301,606464
2436,2023-06-13 08:55:00,39.06,39.229,39.022,39.221,322625
2437,2023-06-13 08:50:00,39.119,39.12,39.012,39.053,366964
2438,2023-06-13 08:45:00,39.138,39.18,39.042,39.112,621321
2439,2023-06-13 08:40:00,38.871,39.14,38.834,39.122,747518
2440,2023-06-13 08:35:00,38.772,38.941,38.724,38.874,796408
2441,2023-06-13 08:30:00,38.692,39.15,38.198,38.774,2285956
2442,2023-06-13 08:25:00,38.553,38.772,38.536,38.725,345887
2443,2023-06-13 08:20:00,38.474,38.574,38.466,38.556,176000
2444,2023-06-13 08:15:00,38.513,38.524,38.407,38.467,142648
2445,2023-06-13 08:10:00,38.533,38.564,38.486,38.496,168417
2446,2023-06-13 08:05:00,38.512,38.534,38.486,38.526,160883
2447,2023-06-13 08:00:00,38.553,39.001,38.398,38.496,626131
2448,2023-06-13 07:55:00,38.444,38.474,38.397,38.447,92767
2449,2023-06-13 07:50:00,38.474,38.474,38.426,38.437,43201
2450,2023-06-13 07:45:00,38.483,38.514,38.417,38.447,107972
2451,2023-06-13 07:40:00,38.474,38.494,38.456,38.467,51518
2452,2023-06-13 07:35:00,38.553,38.574,38.466,38.467,80131
2453,2023-06-13 07:30:00,38.633,38.633,38.536,38.546,60589
2454,2023-06-13 07:25:00,38.652,38.693,38.625,38.635,103677
2455,2023-06-13 07:20:00,38.692,38.703,38.635,38.645,55550
2456,2023-06-13 07:15:00,38.642,38.683,38.635,38.675,70108
2457,2023-06-13 07:10:00,38.573,38.633,38.556,38.626,30971
2458,2023-06-13 07:05:00,38.603,38.613,38.536,38.576,41494
2459,2023-06-13 07:00:00,38.553,38.603,38.536,38.586,56568
2460,2023-06-13 06:55:00,38.573,38.603,38.546,38.556,10485
2461,2023-06-13 06:50:00,38.543,38.584,38.516,38.556,20015
2462,2023-06-13 06:45:00,38.583,38.594,38.536,38.546,15506
2463,2023-06-13 06:40:00,38.623,38.623,38.566,38.576,11830
2464,2023-06-13 06:35:00,38.642,38.653,38.625,38.626,8666
2465,2023-06-13 06:30:00,38.593,38.663,38.575,38.645,17887
2466,2023-06-13 06:25:00,38.583,38.613,38.566,38.586,14939
2467,2023-06-13 06:20:00,38.573,38.603,38.526,38.576,80783
2468,2023-06-13 06:15:00,38.682,38.723,38.556,38.576,35572
2469,2023-06-13 06:10:00,38.752,38.772,38.645,38.655,46561
2470,2023-06-13 06:05:00,38.702,38.772,38.695,38.745,30483
2471,2023-06-13 06:00:00,38.722,38.743,38.685,38.695,45429
2472,2023-06-13 05:55:00,38.752,38.772,38.705,38.715,36551
2473,2023-06-13 05:50:00,38.712,38.762,38.705,38.745,12666
2474,2023-06-13 05:45:00,38.672,38.723,38.655,38.715,15665
2475,2023-06-13 05:40:00,38.752,38.753,38.655,38.655,45239
2476,2023-06-13 05:35:00,38.811,38.822,38.734,38.755,16382
2477,2023-06-13 05:30:00,38.841,38.852,38.754,38.814,41159
2478,2023-06-13 05:25:00,38.841,38.852,38.814,38.834,16905
2479,2023-06-13 05:20:00,38.851,38.862,38.814,38.834,33975
2480,2023-06-13 05:15:00,38.901,38.902,38.854,38.854,12213
2481,2023-06-13 05:10:00,38.921,38.921,38.873,38.894,21304
2482,2023-06-13 05:05:00,38.911,38.931,38.893,38.914,10087
2483,2023-06-13 05:00:00,38.911,38.911,38.883,38.904,15839
2484,2023-06-13 04:55:00,38.901,38.941,38.883,38.894,20566
2485,2023-06-13 04:50:00,38.921,38.931,38.883,38.894,9478
2486,2023-06-13 04:45:00,38.921,38.941,38.893,38.914,34744
2487,2023-06-13 04:40:00,38.96,38.971,38.903,38.914,24891
2488,2023-06-13 04:35:00,38.97,38.971,38.913,38.953,24453
2489,2023-06-13 04:30:00,38.921,38.991,38.913,38.963,27167
2490,2023-06-13 04:25:00,38.94,38.951,38.903,38.914,33414
2491,2023-06-13 04:20:00,38.861,38.951,38.854,38.933,41195
2492,2023-06-13 04:15:00,38.841,38.852,38.804,38.844,39592
2493,2023-06-13 04:10:00,38.841,38.862,38.794,38.834,35050
2494,2023-06-13 04:05:00,38.851,38.902,38.834,38.844,65823
2495,2023-06-13 04:00:00,38.841,38.862,38.774,38.844,77456
2496,2023-06-12 19:55:00,38.354,38.395,38.347,38.377,36250
2497,2023-06-12 19:50:00,38.354,38.375,38.337,38.347,19854
2498,2023-06-12 19:45:00,38.384,38.385,38.337,38.347,28110
2499,2023-06-12 19:40:00,38.389,38.415,38.357,38.377,21575
2500,2023-06-12 19:35:00,38.434,38.435,38.377,38.387,33084
2501,2023-06-12 19:30:00,38.454,38.484,38.407,38.427,15754
2502,2023-06-12 19:25:00,38.503,38.514,38.446,38.457,12215
2503,2023-06-12 19:20:00,38.493,38.524,38.486,38.496,30152
2504,2023-06-12 19:15:00,38.483,38.514,38.476,38.496,22049
2505,2023-06-12 19:10:00,38.434,38.484,38.426,38.477,15887
2506,2023-06-12 19:05:00,38.479,38.514,38.426,38.437,54958
2507,2023-06-12 19:00:00,38.513,38.524,38.456,38.477,14428
2508,2023-06-12 18:55:00,38.474,38.524,38.466,38.506,21370
2509,2023-06-12 18:50:00,38.483,38.494,38.446,38.477,20884
2510,2023-06-12 18:45:00,38.415,38.514,38.407,38.486,85138
2511,2023-06-12 18:40:00,38.389,38.425,38.382,38.407,8251
2512,2023-06-12 18:35:00,38.384,38.405,38.377,38.397,4244
2513,2023-06-12 18:30:00,38.394,38.405,38.367,38.387,8058
2514,2023-06-12 18:25:00,38.384,38.405,38.367,38.397,16805
2515,2023-06-12 18:20:00,38.404,38.405,38.347,38.367,15540
2516,2023-06-12 18:15:00,38.373,38.405,38.357,38.397,47093
2517,2023-06-12 18:10:00,38.344,38.375,38.327,38.357,33418
2518,2023-06-12 18:05:00,38.344,38.355,38.327,38.338,10410
2519,2023-06-12 18:00:00,38.354,38.375,38.327,38.338,49973
2520,2023-06-12 17:55:00,38.344,38.355,38.337,38.338,5632
2521,2023-06-12 17:50:00,38.344,38.365,38.337,38.338,9067
2522,2023-06-12 17:45:00,38.354,38.365,38.337,38.338,8701
2523,2023-06-12 17:40:00,38.344,38.365,38.327,38.347,12086
2524,2023-06-12 17:35:00,38.354,38.365,38.327,38.338,11890
2525,2023-06-12 17:30:00,38.354,38.365,38.337,38.338,47013
2526,2023-06-12 17:25:00,38.364,38.365,38.337,38.347,7335
2527,2023-06-12 17:20:00,38.364,38.375,38.327,38.357,76443
2528,2023-06-12 17:15:00,38.376,38.385,38.357,38.367,33789
2529,2023-06-12 17:10:00,38.384,38.395,38.367,38.369,29229
2530,2023-06-12 17:05:00,38.414,38.435,38.377,38.377,35270
2531,2023-06-12 17:00:00,38.434,38.435,38.397,38.397,26382
2532,2023-06-12 16:55:00,38.394,38.425,38.387,38.417,26256
2533,2023-06-12 16:50:00,38.394,38.415,38.387,38.387,118433
2534,2023-06-12 16:45:00,38.424,38.425,38.387,38.387,85852
2535,2023-06-12 16:40:00,38.394,38.425,38.377,38.407,80584
2536,2023-06-12 16:35:00,38.374,38.405,38.367,38.387,50023
2537,2023-06-12 16:30:00,38.364,38.385,38.347,38.367,60841
2538,2023-06-12 16:25:00,38.354,38.375,38.337,38.367,144413
2539,2023-06-12 16:20:00,38.354,38.385,38.337,38.357,74193
2540,2023-06-12 16:15:00,38.235,38.355,38.228,38.347,103053
2541,2023-06-12 16:10:00,38.176,38.314,38.168,38.268,145876
2542,2023-06-12 16:05:00,38.235,38.266,38.158,38.179,116393
2543,2023-06-12 16:00:00,38.235,38.325,38.168,38.238,869879
2544,2023-06-12 15:55:00,38.066,38.256,38.029,38.237,2294371
2545,2023-06-12 15:50:00,38.096,38.166,38.049,38.069,1939923
2546,2023-06-12 15:45:00,38.053,38.113,38.019,38.089,1058019
2547,2023-06-12 15:40:00,38.131,38.216,38.039,38.049,1702827
2548,2023-06-12 15:35:00,38.017,38.137,37.993,38.129,897946
2549,2023-06-12 15:30:00,37.997,38.027,37.93,38.01,1019989
2550,2023-06-12 15:25:00,37.965,38.007,37.884,37.994,1175981
2551,2023-06-12 15:20:00,37.992,38.014,37.87,37.951,1303587
2552,2023-06-12 15:15:00,38.059,38.166,37.971,37.98,1813905
2553,2023-06-12 15:10:00,37.967,38.111,37.95,38.053,1430926
2554,2023-06-12 15:05:00,37.878,37.978,37.821,37.96,1108336
2555,2023-06-12 15:00:00,37.839,37.888,37.753,37.866,1076356
2556,2023-06-12 14:55:00,37.753,37.858,37.731,37.839,796531
2557,2023-06-12 14:50:00,37.689,37.769,37.682,37.742,1193974
2558,2023-06-12 14:45:00,37.604,37.7,37.581,37.682,765097
2559,2023-06-12 14:40:00,37.56,37.61,37.543,37.593,578703
2560,2023-06-12 14:35:00,37.579,37.61,37.533,37.543,605992
2561,2023-06-12 14:30:00,37.514,37.6,37.503,37.567,486146
2562,2023-06-12 14:25:00,37.535,37.56,37.493,37.507,315875
2563,2023-06-12 14:20:00,37.525,37.541,37.463,37.524,466953
2564,2023-06-12 14:15:00,37.537,37.58,37.487,37.518,378753
2565,2023-06-12 14:10:00,37.505,37.56,37.483,37.528,832704
2566,2023-06-12 14:05:00,37.53,37.541,37.483,37.5,533520
2567,2023-06-12 14:00:00,37.566,37.58,37.483,37.518,556966
2568,2023-06-12 13:55:00,37.466,37.57,37.443,37.557,842455
2569,2023-06-12 13:50:00,37.475,37.479,37.423,37.459,551059
2570,2023-06-12 13:45:00,37.41,37.521,37.394,37.468,1027766
2571,2023-06-12 13:40:00,37.326,37.431,37.294,37.398,834003
2572,2023-06-12 13:35:00,37.291,37.332,37.245,37.323,398563
2573,2023-06-12 13:30:00,37.282,37.352,37.235,37.283,528465
2574,2023-06-12 13:25:00,37.272,37.302,37.254,37.267,332750
2575,2023-06-12 13:20:00,37.272,37.302,37.235,37.265,311389
2576,2023-06-12 13:15:00,37.282,37.302,37.225,37.266,373182
2577,2023-06-12 13:10:00,37.252,37.303,37.225,37.269,392300
2578,2023-06-12 13:05:00,37.291,37.319,37.225,37.25,497070
2579,2023-06-12 13:00:00,37.262,37.317,37.245,37.275,769170
2580,2023-06-12 12:55:00,37.267,37.272,37.225,37.26,342242
2581,2023-06-12 12:50:00,37.202,37.292,37.195,37.265,682957
2582,2023-06-12 12:45:00,37.246,37.272,37.165,37.19,520450
2583,2023-06-12 12:40:00,37.262,37.312,37.205,37.245,810931
2584,2023-06-12 12:35:00,37.252,37.292,37.23,37.255,1161544
2585,2023-06-12 12:30:00,37.201,37.252,37.185,37.24,567521
2586,2023-06-12 12:25:00,37.145,37.233,37.129,37.19,696786
2587,2023-06-12 12:20:00,37.142,37.173,37.096,37.137,372667
2588,2023-06-12 12:15:00,37.137,37.163,37.096,37.136,381245
2589,2023-06-12 12:10:00,37.178,37.203,37.086,37.126,552011
2590,2023-06-12 12:05:00,37.123,37.219,37.115,37.175,602488
2591,2023-06-12 12:00:00,37.242,37.252,37.106,37.116,690190
2592,2023-06-12 11:55:00,37.172,37.252,37.147,37.241,425719
2593,2023-06-12 11:50:00,37.186,37.252,37.155,37.175,672142
2594,2023-06-12 11:45:00,37.242,37.282,37.145,37.177,1073562
2595,2023-06-12 11:40:00,37.172,37.252,37.155,37.24,711800
2596,2023-06-12 11:35:00,37.118,37.193,37.106,37.166,1210796
2597,2023-06-12 11:30:00,36.983,37.123,36.976,37.11,905345
2598,2023-06-12 11:25:00,36.981,37.024,36.927,36.969,422147
2599,2023-06-12 11:20:00,36.974,37.014,36.907,36.972,744271
2600,2023-06-12 11:15:00,36.889,36.984,36.857,36.974,819871
2601,2023-06-12 11:10:00,36.795,36.905,36.788,36.887,747013
2602,2023-06-12 11:05:00,36.844,36.945,36.738,36.778,908608
2603,2023-06-12 11:00:00,36.854,36.905,36.798,36.838,915064
2604,2023-06-12 10:55:00,36.914,36.945,36.808,36.838,855378
2605,2023-06-12 10:50:00,37.033,37.049,36.897,36.912,735408
2606,2023-06-12 10:45:00,36.969,37.103,36.917,37.026,1605088
2607,2023-06-12 10:40:00,36.894,36.974,36.847,36.957,674770
2608,2023-06-12 10:35:00,36.879,36.945,36.808,36.892,842099
2609,2023-06-12 10:30:00,36.924,36.984,36.808,36.873,1148378
2610,2023-06-12 10:25:00,36.934,36.954,36.798,36.917,1163757
2611,2023-06-12 10:20:00,36.656,36.935,36.639,36.927,1428972
2612,2023-06-12 10:15:00,36.775,36.783,36.589,36.644,1011688
2613,2023-06-12 10:10:00,36.73,36.785,36.589,36.768,1243559
2614,2023-06-12 10:05:00,36.785,36.803,36.624,36.713,1618985
2615,2023-06-12 10:00:00,36.844,36.935,36.743,36.768,1403923
2616,2023-06-12 09:55:00,36.795,36.885,36.777,36.833,1017058
2617,2023-06-12 09:50:00,36.864,36.881,36.758,36.798,1083126
2618,2023-06-12 09:45:00,36.889,37.0,36.806,36.858,1547238
2619,2023-06-12 09:40:00,36.924,36.984,36.758,36.869,1956582
2620,2023-06-12 09:35:00,36.869,36.964,36.738,36.917,1986975
2621,2023-06-12 09:30:00,36.904,37.014,36.728,36.857,3080318
2622,2023-06-12 09:25:00,36.904,36.925,36.847,36.897,154524
2623,2023-06-12 09:20:00,36.904,36.925,36.867,36.887,76192
2624,2023-06-12 09:15:00,36.964,36.964,36.887,36.897,107245
2625,2023-06-12 09:10:00,36.993,37.004,36.947,36.957,59209
2626,2023-06-12 09:05:00,36.934,37.004,36.927,36.997,44078
2627,2023-06-12 09:00:00,37.003,37.024,36.918,36.937,82556
2628,2023-06-12 08:55:00,37.023,37.044,36.957,36.987,129719
2629,2023-06-12 08:50:00,36.964,37.024,36.947,37.007,83059
2630,2023-06-12 08:45:00,36.924,36.994,36.917,36.955,65658
2631,2023-06-12 08:40:00,36.954,36.954,36.887,36.919,72007
2632,2023-06-12 08:35:00,36.884,36.954,36.867,36.947,73628
2633,2023-06-12 08:30:00,36.834,36.905,36.808,36.887,68609
2634,2023-06-12 08:25:00,36.785,36.835,36.768,36.828,100277
2635,2023-06-12 08:20:00,36.834,36.835,36.758,36.768,118238
2636,2023-06-12 08:15:00,36.904,36.915,36.818,36.828,102693
2637,2023-06-12 08:10:00,36.884,36.935,36.867,36.897,34390
2638,2023-06-12 08:05:00,36.954,36.964,36.847,36.878,56950
2639,2023-06-12 08:00:00,36.854,37.125,36.569,36.947,364551
2640,2023-06-12 07:55:00,36.954,36.954,36.917,36.947,10395
2641,2023-06-12 07:50:00,36.944,36.964,36.927,36.937,4240
2642,2023-06-12 07:45:00,36.954,36.964,36.937,36.937,23126
2643,2023-06-12 07:40:00,36.944,36.964,36.927,36.947,11697
2644,2023-06-12 07:35:00,36.944,36.954,36.907,36.937,72998
2645,2023-06-12 07:30:00,36.924,36.974,36.917,36.927,17075
2646,2023-06-12 07:25:00,36.924,36.964,36.907,36.917,29480
2647,2023-06-12 07:20:00,36.894,36.925,36.887,36.907,10661
2648,2023-06-12 07:15:00,36.914,36.935,36.887,36.887,12987
2649,2023-06-12 07:10:00,36.924,36.935,36.887,36.907,56230
2650,2023-06-12 07:05:00,36.894,36.935,36.887,36.927,69108
2651,2023-06-12 07:00:00,36.854,36.895,36.808,36.887,78253
2652,2023-06-12 06:55:00,36.864,36.895,36.827,36.858,21363
2653,2023-06-12 06:50:00,36.785,36.865,36.778,36.848,12113
2654,2023-06-12 06:45:00,36.785,36.815,36.758,36.778,12776
2655,2023-06-12 06:40:00,36.755,36.815,36.748,36.798,21620
2656,2023-06-12 06:35:00,36.844,36.845,36.738,36.738,28551
2657,2023-06-12 06:30:00,36.785,36.845,36.778,36.838,7389
2658,2023-06-12 06:25:00,36.805,36.815,36.768,36.778,22546
2659,2023-06-12 06:20:00,36.825,36.835,36.738,36.788,28559
2660,2023-06-12 06:15:00,36.884,36.895,36.818,36.818,31305
2661,2023-06-12 06:10:00,36.894,36.895,36.857,36.878,10401
2662,2023-06-12 06:05:00,36.884,36.895,36.867,36.878,8213
2663,2023-06-12 06:00:00,36.914,36.925,36.857,36.878,38818
2664,2023-06-12 05:55:00,36.874,36.935,36.867,36.917,51071
2665,2023-06-12 05:50:00,36.894,36.935,36.867,36.868,22112
2666,2023-06-12 05:45:00,36.954,36.954,36.877,36.887,60369
2667,2023-06-12 05:40:00,37.043,37.044,36.917,36.947,28162
2668,2023-06-12 05:35:00,37.043,37.054,37.026,37.036,7722
2669,2023-06-12 05:30:00,37.053,37.074,37.036,37.046,5220
2670,2023-06-12 05:25:00,37.043,37.064,37.026,37.056,19118
2671,2023-06-12 05:20:00,37.063,37.074,37.036,37.036,11434
2672,2023-06-12 05:15:00,37.103,37.103,37.046,37.056,16964
2673,2023-06-12 05:10:00,37.053,37.123,37.046,37.096,32627
2674,2023-06-12 05:05:00,37.083,37.084,37.036,37.056,15224
2675,2023-06-12 05:00:00,37.023,37.094,37.006,37.076,20451
2676,2023-06-12 04:55:00,37.013,37.034,36.996,37.017,7702
2677,2023-06-12 04:50:00,36.993,37.014,36.967,37.007,5574
2678,2023-06-12 04:45:00,36.983,37.004,36.967,36.987,4621
2679,2023-06-12 04:40:00,36.983,37.004,36.967,36.977,13790
2680,2023-06-12 04:35:00,36.983,37.024,36.937,36.977,30607
2681,2023-06-12 04:30:00,36.993,37.034,36.976,36.987,26490
2682,2023-06-12 04:25:00,36.924,36.994,36.907,36.987,34162
2683,2023-06-12 04:20:00,36.884,36.925,36.877,36.917,10217
2684,2023-06-12 04:15:00,36.904,36.915,36.857,36.878,34533
2685,2023-06-12 04:10:00,36.884,36.905,36.827,36.897,30638
2686,2023-06-12 04:05:00,36.914,36.935,36.867,36.868,21708
2687,2023-06-12 04:00:00,36.894,36.954,36.798,36.907,83327
2688,2023-06-09 19:55:00,36.358,36.368,36.311,36.321,17690
2689,2023-06-09 19:50:00,36.378,36.378,36.351,36.351,19288
2690,2023-06-09 19:45:00,36.368,36.378,36.351,36.366,4303
2691,2023-06-09 19:40:00,36.368,36.378,36.351,36.361,10737
2692,2023-06-09 19:35:00,36.368,36.368,36.351,36.361,2158
2693,2023-06-09 19:30:00,36.368,36.368,36.351,36.361,1742
2694,2023-06-09 19:25:00,36.368,36.378,36.351,36.351,2089
2695,2023-06-09 19:20:00,36.378,36.378,36.341,36.371,8909
2696,2023-06-09 19:15:00,36.358,36.378,36.351,36.361,5414
2697,2023-06-09 19:10:00,36.358,36.368,36.351,36.351,791
2698,2023-06-09 19:05:00,36.368,36.368,36.341,36.361,3271
2699,2023-06-09 19:00:00,36.368,36.368,36.341,36.361,1321
2700,2023-06-09 18:55:00,36.358,36.368,36.341,36.341,2791
2701,2023-06-09 18:50:00,36.358,36.368,36.291,36.351,5199
2702,2023-06-09 18:45:00,36.378,36.378,36.351,36.361,4086
2703,2023-06-09 18:40:00,36.397,36.398,36.361,36.371,10477
2704,2023-06-09 18:35:00,36.397,36.398,36.251,36.391,8110
2705,2023-06-09 18:30:00,36.397,36.398,36.381,36.381,2381
2706,2023-06-09 18:25:00,36.397,36.398,36.381,36.391,2064
2707,2023-06-09 18:20:00,36.397,36.438,36.381,36.391,4043
2708,2023-06-09 18:15:00,36.387,36.398,36.371,36.391,967
2709,2023-06-09 18:10:00,36.378,36.378,36.361,36.371,4767
2710,2023-06-09 18:05:00,36.397,36.408,36.371,36.371,5841
2711,2023-06-09 18:00:00,36.378,36.408,36.371,36.391,23218
2712,2023-06-09 17:55:00,36.447,36.448,36.371,36.381,21868
2713,2023-06-09 17:50:00,36.447,36.448,36.43,36.431,4724
2714,2023-06-09 17:45:00,36.457,36.458,36.44,36.44,1506
2715,2023-06-09 17:40:00,36.457,36.458,36.43,36.44,11218
2716,2023-06-09 17:35:00,36.467,36.468,36.44,36.44,1477
2717,2023-06-09 17:30:00,36.457,36.468,36.45,36.46,5253
2718,2023-06-09 17:25:00,36.457,36.468,36.45,36.451,4943
2719,2023-06-09 17:20:00,36.437,36.468,36.43,36.45,7172
2720,2023-06-09 17:15:00,36.447,36.468,36.43,36.44,9103
2721,2023-06-09 17:10:00,36.437,36.448,36.42,36.44,23170
2722,2023-06-09 17:05:00,36.447,36.448,36.42,36.421,2856
2723,2023-06-09 17:00:00,36.447,36.468,36.43,36.44,1870
2724,2023-06-09 16:55:00,36.437,36.478,36.43,36.45,17360
2725,2023-06-09 16:50:00,36.447,36.458,36.43,36.44,19434
2726,2023-06-09 16:45:00,36.467,36.478,36.42,36.431,55255
2727,2023-06-09 16:40:00,36.467,36.478,36.45,36.46,7957
2728,2023-06-09 16:35:00,36.477,36.488,36.44,36.46,23818
2729,2023-06-09 16:30:00,36.497,36.507,36.47,36.48,21411
2730,2023-06-09 16:25:00,36.487,36.497,36.47,36.49,21017
2731,2023-06-09 16:20:00,36.477,36.497,36.469,36.48,26899
2732,2023-06-09 16:15:00,36.378,36.488,36.371,36.48,36912
2733,2023-06-09 16:10:00,36.452,36.478,36.43,36.45,27275
2734,2023-06-09 16:05:00,36.442,36.488,36.42,36.45,34794
2735,2023-06-09 16:00:00,36.387,36.679,36.371,36.431,858777
2736,2023-06-09 15:55:00,36.338,36.418,36.251,36.401,1547384
2737,2023-06-09 15:50:00,36.368,36.388,36.291,36.34,876535
2738,2023-06-09 15:45:00,36.422,36.488,36.351,36.363,703612
2739,2023-06-09 15:40:00,36.427,36.497,36.39,36.411,774654
2740,2023-06-09 15:35:00,36.464,36.494,36.351,36.416,872242
2741,2023-06-09 15:30:00,36.457,36.516,36.43,36.46,560878
2742,2023-06-09 15:25:00,36.467,36.502,36.411,36.452,479931
2743,2023-06-09 15:20:00,36.486,36.527,36.45,36.47,558611
2744,2023-06-09 15:15:00,36.467,36.497,36.311,36.476,765232
2745,2023-06-09 15:10:00,36.456,36.487,36.393,36.45,532165
2746,2023-06-09 15:05:00,36.586,36.587,36.4,36.448,883197
2747,2023-06-09 15:00:00,36.601,36.627,36.52,36.583,584720
2748,2023-06-09 14:55:00,36.502,36.625,36.49,36.589,789242
2749,2023-06-09 14:50:00,36.457,36.587,36.432,36.5,509935
2750,2023-06-09 14:45:00,36.532,36.567,36.42,36.442,494969
2751,2023-06-09 14:40:00,36.487,36.552,36.44,36.525,525437
2752,2023-06-09 14:35:00,36.616,36.637,36.46,36.484,669696
2753,2023-06-09 14:30:00,36.692,36.695,36.539,36.618,963994
2754,2023-06-09 14:25:00,36.805,36.808,36.629,36.679,836523
2755,2023-06-09 14:20:00,36.676,36.83,36.649,36.788,868721
2756,2023-06-09 14:15:00,36.705,36.706,36.581,36.659,975882
2757,2023-06-09 14:10:00,36.715,36.782,36.659,36.698,584411
2758,2023-06-09 14:05:00,36.715,36.736,36.649,36.708,582271
2759,2023-06-09 14:00:00,36.79,36.795,36.688,36.709,757566
2760,2023-06-09 13:55:00,36.765,36.83,36.703,36.778,948920
2761,2023-06-09 13:50:00,36.685,36.781,36.649,36.758,814297
2762,2023-06-09 13:45:00,36.695,36.805,36.659,36.679,1407149
2763,2023-06-09 13:40:00,36.633,36.726,36.609,36.688,850210
2764,2023-06-09 13:35:00,36.645,36.656,36.56,36.621,765449
2765,2023-06-09 13:30:00,36.601,36.676,36.574,36.639,1012766
2766,2023-06-09 13:25:00,36.506,36.607,36.47,36.589,1056267
2767,2023-06-09 13:20:00,36.402,36.507,36.361,36.496,648107
2768,2023-06-09 13:15:00,36.487,36.517,36.395,36.395,596230
2769,2023-06-09 13:10:00,36.506,36.517,36.42,36.48,848525
2770,2023-06-09 13:05:00,36.422,36.497,36.4,36.49,940478
2771,2023-06-09 13:00:00,36.368,36.438,36.331,36.416,772150
2772,2023-06-09 12:55:00,36.308,36.378,36.213,36.367,816541
2773,2023-06-09 12:50:00,36.307,36.348,36.261,36.3,942874
2774,2023-06-09 12:45:00,36.169,36.304,36.102,36.296,1123122
2775,2023-06-09 12:40:00,36.05,36.18,35.948,36.162,1179493
2776,2023-06-09 12:35:00,36.184,36.199,36.008,36.049,875099
2777,2023-06-09 12:30:00,36.119,36.229,36.093,36.172,956138
2778,2023-06-09 12:25:00,36.258,36.289,36.003,36.113,1417497
2779,2023-06-09 12:20:00,36.402,36.404,36.193,36.252,873440
2780,2023-06-09 12:15:00,36.365,36.428,36.321,36.391,838619
2781,2023-06-09 12:10:00,36.24,36.388,36.212,36.352,1085873
2782,2023-06-09 12:05:00,36.248,36.307,36.202,36.232,951419
2783,2023-06-09 12:00:00,36.224,36.269,36.013,36.247,2022344
2784,2023-06-09 11:55:00,36.447,36.473,36.202,36.217,1336658
2785,2023-06-09 11:50:00,36.447,36.507,36.331,36.44,803925
2786,2023-06-09 11:45:00,36.517,36.547,36.371,36.445,1003629
2787,2023-06-09 11:40:00,36.407,36.537,36.361,36.511,947614
2788,2023-06-09 11:35:00,36.338,36.527,36.321,36.391,1585511
2789,2023-06-09 11:30:00,36.358,36.378,36.212,36.331,2889126
2790,2023-06-09 11:25:00,36.745,36.756,36.331,36.361,2533577
2791,2023-06-09 11:20:00,36.856,36.856,36.688,36.748,1176846
2792,2023-06-09 11:15:00,37.038,37.039,36.788,36.848,1708037
2793,2023-06-09 11:10:00,36.924,37.044,36.902,37.031,1311094
2794,2023-06-09 11:05:00,36.737,36.984,36.688,36.927,1794362
2795,2023-06-09 11:00:00,36.646,36.766,36.619,36.729,1504572
2796,2023-06-09 10:55:00,36.561,36.681,36.52,36.639,1852790
2797,2023-06-09 10:50:00,36.586,36.607,36.41,36.56,2862116
2798,2023-06-09 10:45:00,36.779,36.865,36.569,36.59,2452197
2799,2023-06-09 10:40:00,37.043,37.049,36.669,36.772,3043239
2800,2023-06-09 10:35:00,37.115,37.158,37.036,37.036,1436058
2801,2023-06-09 10:30:00,37.242,37.308,37.096,37.116,1371463
2802,2023-06-09 10:25:00,37.252,37.292,37.185,37.23,1200352
2803,2023-06-09 10:20:00,37.326,37.367,37.245,37.25,1417846
2804,2023-06-09 10:15:00,37.242,37.362,37.215,37.324,1833234
2805,2023-06-09 10:10:00,37.093,37.281,37.036,37.242,1866444
2806,2023-06-09 10:05:00,37.162,37.282,37.046,37.074,2370613
2807,2023-06-09 10:00:00,37.123,37.243,37.096,37.156,1683626
2808,2023-06-09 09:55:00,37.212,37.223,37.066,37.111,1828735
2809,2023-06-09 09:50:00,36.983,37.23,36.967,37.198,2429420
2810,2023-06-09 09:45:00,36.884,37.084,36.877,36.957,2485739
2811,2023-06-09 09:40:00,36.735,36.935,36.659,36.868,2628343
2812,2023-06-09 09:35:00,36.636,36.786,36.569,36.729,2624471
2813,2023-06-09 09:30:00,36.437,36.656,36.409,36.619,3652831
2814,2023-06-09 09:25:00,36.427,36.458,36.409,36.431,113581
2815,2023-06-09 09:20:00,36.417,36.458,36.4,36.421,98095
2816,2023-06-09 09:15:00,36.387,36.458,36.361,36.411,156399
2817,2023-06-09 09:10:00,36.308,36.398,36.301,36.391,102623
2818,2023-06-09 09:05:00,36.308,36.339,36.281,36.31,122940
2819,2023-06-09 09:00:00,36.378,36.378,36.281,36.301,151974
2820,2023-06-09 08:55:00,36.397,36.398,36.321,36.361,102591
2821,2023-06-09 08:50:00,36.356,36.408,36.321,36.391,150156
2822,2023-06-09 08:45:00,36.348,36.368,36.311,36.343,90516
2823,2023-06-09 08:40:00,36.338,36.358,36.291,36.341,65113
2824,2023-06-09 08:35:00,36.227,36.339,36.212,36.331,55564
2825,2023-06-09 08:30:00,36.199,36.319,36.192,36.222,146782
2826,2023-06-09 08:25:00,36.219,36.239,36.162,36.182,92663
2827,2023-06-09 08:20:00,36.308,36.309,36.192,36.212,148969
2828,2023-06-09 08:15:00,36.268,36.299,36.241,36.292,112503
2829,2023-06-09 08:10:00,36.278,36.309,36.232,36.262,175616
2830,2023-06-09 08:05:00,36.179,36.299,36.142,36.272,162484
2831,2023-06-09 08:00:00,35.95,36.199,35.675,36.172,346070
2832,2023-06-09 07:55:00,36.149,36.16,36.093,36.103,30055
2833,2023-06-09 07:50:00,36.159,36.16,36.112,36.143,25363
2834,2023-06-09 07:45:00,36.139,36.199,36.112,36.152,45111
2835,2023-06-09 07:40:00,36.109,36.14,36.053,36.123,13838
2836,2023-06-09 07:35:00,36.129,36.14,36.093,36.103,31021
2837,2023-06-09 07:30:00,36.08,36.13,36.043,36.123,17913
2838,2023-06-09 07:25:00,36.08,36.1,36.073,36.073,10273
2839,2023-06-09 07:20:00,36.109,36.11,36.053,36.073,15230
2840,2023-06-09 07:15:00,36.089,36.13,36.053,36.103,34632
2841,2023-06-09 07:10:00,36.04,36.11,35.993,36.093,33835
2842,2023-06-09 07:05:00,35.96,36.041,35.944,36.033,89555
2843,2023-06-09 07:00:00,35.95,36.011,35.934,35.964,25865
2844,2023-06-09 06:55:00,36.0,36.011,35.934,35.944,8690
2845,2023-06-09 06:50:00,35.94,36.001,35.914,35.994,6031
2846,2023-06-09 06:45:00,35.881,35.961,35.864,35.944,15708
2847,2023-06-09 06:40:00,35.891,35.901,35.854,35.874,10064
2848,2023-06-09 06:35:00,35.97,35.971,35.874,35.904,12661
2849,2023-06-09 06:30:00,36.06,36.06,35.953,35.964,8164
2850,2023-06-09 06:25:00,36.04,36.08,36.033,36.053,4584
2851,2023-06-09 06:20:00,36.06,36.06,36.023,36.043,6831
2852,2023-06-09 06:15:00,35.97,36.05,35.934,36.043,11040
2853,2023-06-09 06:10:00,36.01,36.031,35.904,35.974,14507
2854,2023-06-09 06:05:00,35.98,36.031,35.963,36.003,9649
2855,2023-06-09 06:00:00,35.96,35.991,35.953,35.974,7438
2856,2023-06-09 05:55:00,35.94,35.971,35.924,35.944,41861
2857,2023-06-09 05:50:00,35.97,35.971,35.904,35.924,19415
2858,2023-06-09 05:45:00,35.97,36.001,35.944,35.964,83269
2859,2023-06-09 05:40:00,35.99,35.991,35.953,35.964,100082
2860,2023-06-09 05:35:00,36.05,36.05,35.983,35.984,51766
2861,2023-06-09 05:30:00,36.099,36.1,36.053,36.053,10497
2862,2023-06-09 05:25:00,36.03,36.1,36.013,36.083,15429
2863,2023-06-09 05:20:00,36.05,36.06,36.003,36.023,8104
2864,2023-06-09 05:15:00,36.06,36.07,36.033,36.043,22707
2865,2023-06-09 05:10:00,36.06,36.08,36.043,36.053,14574
2866,2023-06-09 05:05:00,36.08,36.1,36.033,36.053,17518
2867,2023-06-09 05:00:00,35.99,36.09,35.983,36.073,34598
2868,2023-06-09 04:55:00,35.96,36.021,35.953,35.994,9281
2869,2023-06-09 04:50:00,35.97,36.001,35.953,35.954,15640
2870,2023-06-09 04:45:00,35.96,35.971,35.934,35.964,12607
2871,2023-06-09 04:40:00,35.931,35.981,35.924,35.964,12153
2872,2023-06-09 04:35:00,35.901,35.951,35.894,35.924,3715
2873,2023-06-09 04:30:00,35.931,35.951,35.874,35.904,28287
2874,2023-06-09 04:25:00,35.871,35.931,35.844,35.914,7718
2875,2023-06-09 04:20:00,35.861,35.882,35.824,35.864,14883
2876,2023-06-09 04:15:00,35.871,35.882,35.844,35.855,13371
2877,2023-06-09 04:10:00,35.821,35.872,35.785,35.864,22918
2878,2023-06-09 04:05:00,35.861,35.882,35.804,35.815,30750
2879,2023-06-09 04:00:00,35.831,35.901,35.775,35.855,91711
2880,2023-06-08 19:55:00,35.99,36.001,35.963,35.984,24789
2881,2023-06-08 19:50:00,36.0,36.001,35.973,35.984,13987
2882,2023-06-08 19:45:00,36.0,36.021,35.973,35.989,40611
2883,2023-06-08 19:40:00,36.0,36.021,35.983,35.994,8145
2884,2023-06-08 19:35:00,36.0,36.001,35.973,35.984,7084
2885,2023-06-08 19:30:00,36.0,36.011,35.973,35.984,6407
2886,2023-06-08 19:25:00,35.97,36.001,35.953,35.974,39231
2887,2023-06-08 19:20:00,36.02,36.021,35.963,35.964,30962
2888,2023-06-08 19:15:00,36.02,36.031,36.003,36.013,3642
2889,2023-06-08 19:10:00,36.04,36.05,36.003,36.013,10819
2890,2023-06-08 19:05:00,36.07,36.08,36.023,36.033,14536
2891,2023-06-08 19:00:00,36.06,36.07,36.043,36.053,11800
2892,2023-06-08 18:55:00,36.06,36.07,36.043,36.053,9544
2893,2023-06-08 18:50:00,36.06,36.07,36.053,36.063,9163
2894,2023-06-08 18:45:00,36.07,36.08,36.053,36.063,16314
2895,2023-06-08 18:40:00,36.07,36.09,36.053,36.063,15283
2896,2023-06-08 18:35:00,36.07,36.07,36.043,36.043,6836
2897,2023-06-08 18:30:00,36.05,36.08,36.033,36.063,3606
2898,2023-06-08 18:25:00,36.05,36.06,36.041,36.043,1278
2899,2023-06-08 18:20:00,36.05,36.06,36.033,36.053,11055
2900,2023-06-08 18:15:00,36.04,36.06,36.023,36.043,8942
2901,2023-06-08 18:10:00,36.03,36.05,36.023,36.023,20548
2902,2023-06-08 18:05:00,36.02,36.041,36.013,36.023,30569
2903,2023-06-08 18:00:00,36.089,36.09,36.003,36.023,42600
2904,2023-06-08 17:55:00,36.06,36.09,36.053,36.083,8471
2905,2023-06-08 17:50:00,36.07,36.08,36.053,36.073,13262
2906,2023-06-08 17:45:00,36.079,36.09,36.063,36.063,15464
2907,2023-06-08 17:40:00,36.07,36.09,36.063,36.063,8322
2908,2023-06-08 17:35:00,36.08,36.09,36.063,36.073,4582
2909,2023-06-08 17:30:00,36.07,36.09,36.053,36.063,5390
2910,2023-06-08 17:25:00,36.089,36.09,36.053,36.063,13477
2911,2023-06-08 17:20:00,36.089,36.099,36.063,36.073,19032
2912,2023-06-08 17:15:00,36.05,36.08,36.033,36.063,14662
2913,2023-06-08 17:10:00,36.061,36.07,36.033,36.043,21298
2914,2023-06-08 17:05:00,36.089,36.11,36.053,36.063,39874
2915,2023-06-08 17:00:00,36.129,36.13,36.083,36.083,10625
2916,2023-06-08 16:55:00,36.109,36.13,36.073,36.113,33042
2917,2023-06-08 16:50:00,36.149,36.16,36.083,36.103,38415
2918,2023-06-08 16:45:00,36.119,36.17,36.093,36.143,205231
2919,2023-06-08 16:40:00,36.08,36.12,36.073,36.113,48303
2920,2023-06-08 16:35:00,36.08,36.11,36.063,36.073,205095
2921,2023-06-08 16:30:00,36.01,36.08,36.003,36.063,121162
2922,2023-06-08 16:25:00,35.97,36.021,35.963,36.003,92821
2923,2023-06-08 16:20:00,35.97,35.991,35.944,35.964,222013
2924,2023-06-08 16:15:00,35.94,35.981,35.924,35.974,60237
2925,2023-06-08 16:10:00,35.931,35.941,35.904,35.934,25811
2926,2023-06-08 16:05:00,35.921,35.981,35.914,35.934,71330
2927,2023-06-08 16:00:00,35.97,35.971,35.904,35.904,1199327
2928,2023-06-08 15:55:00,35.95,36.03,35.924,35.959,1462330
2929,2023-06-08 15:50:00,36.01,36.075,35.934,35.949,1532200
2930,2023-06-08 15:45:00,36.01,36.026,35.928,36.008,904983
2931,2023-06-08 15:40:00,35.935,36.031,35.904,36.007,881836
2932,2023-06-08 15:35:00,35.896,35.941,35.868,35.925,517946
2933,2023-06-08 15:30:00,35.881,35.911,35.834,35.891,562328
2934,2023-06-08 15:25:00,35.937,35.938,35.844,35.874,398957
2935,2023-06-08 15:20:00,35.891,35.951,35.844,35.934,721046
2936,2023-06-08 15:15:00,35.905,35.941,35.864,35.894,569705
2937,2023-06-08 15:10:00,35.906,35.991,35.894,35.904,1018912
2938,2023-06-08 15:05:00,35.851,35.911,35.809,35.904,599838
2939,2023-06-08 15:00:00,35.851,35.877,35.804,35.845,407674
2940,2023-06-08 14:55:00,35.826,35.89,35.815,35.84,505108
2941,2023-06-08 14:50:00,35.799,35.857,35.78,35.815,356671
2942,2023-06-08 14:45:00,35.876,35.88,35.775,35.785,612445
2943,2023-06-08 14:40:00,35.811,35.892,35.785,35.864,764017
2944,2023-06-08 14:35:00,35.801,35.822,35.755,35.803,564254
2945,2023-06-08 14:30:00,35.742,35.832,35.735,35.794,1091325
2946,2023-06-08 14:25:00,35.707,35.747,35.685,35.729,635676
2947,2023-06-08 14:20:00,35.767,35.777,35.675,35.701,680433
2948,2023-06-08 14:15:00,35.616,35.772,35.6,35.755,1462292
2949,2023-06-08 14:10:00,35.583,35.623,35.497,35.616,716420
2950,2023-06-08 14:05:00,35.632,35.653,35.516,35.581,831500
2951,2023-06-08 14:00:00,35.583,35.643,35.526,35.626,789230
2952,2023-06-08 13:55:00,35.523,35.613,35.507,35.566,1044696
2953,2023-06-08 13:50:00,35.454,35.574,35.421,35.527,1122781
2954,2023-06-08 13:45:00,35.483,35.49,35.377,35.447,901791
2955,2023-06-08 13:40:00,35.556,35.564,35.457,35.481,951754
2956,2023-06-08 13:35:00,35.623,35.652,35.536,35.551,654236
2957,2023-06-08 13:30:00,35.677,35.703,35.556,35.616,1105775
2958,2023-06-08 13:25:00,35.692,35.752,35.666,35.671,690368
2959,2023-06-08 13:20:00,35.835,35.852,35.616,35.695,1175792
2960,2023-06-08 13:15:00,35.861,35.872,35.785,35.834,433206
2961,2023-06-08 13:10:00,35.911,35.911,35.834,35.859,374081
2962,2023-06-08 13:05:00,35.846,35.911,35.824,35.899,633141
2963,2023-06-08 13:00:00,35.831,35.852,35.785,35.84,406925
2964,2023-06-08 12:55:00,35.811,35.862,35.775,35.824,417280
2965,2023-06-08 12:50:00,35.772,35.822,35.756,35.803,596757
2966,2023-06-08 12:45:00,35.916,35.917,35.745,35.765,1353873
2967,2023-06-08 12:40:00,35.911,35.941,35.844,35.909,793848
2968,2023-06-08 12:35:00,35.99,36.016,35.864,35.904,1318678
2969,2023-06-08 12:30:00,36.114,36.129,35.978,35.985,663916
2970,2023-06-08 12:25:00,36.038,36.14,36.003,36.113,828967
2971,2023-06-08 12:20:00,35.94,36.075,35.924,36.023,921448
2972,2023-06-08 12:15:00,35.897,35.981,35.864,35.928,852281
2973,2023-06-08 12:10:00,35.849,35.949,35.824,35.894,945659
2974,2023-06-08 12:05:00,35.931,35.951,35.804,35.845,769084
2975,2023-06-08 12:00:00,35.926,35.951,35.795,35.929,1143117
2976,2023-06-08 11:55:00,36.01,36.07,35.868,35.924,1616922
2977,2023-06-08 11:50:00,35.866,36.012,35.824,35.999,886329
2978,2023-06-08 11:45:00,35.891,35.941,35.844,35.858,792285
2979,2023-06-08 11:40:00,35.829,35.901,35.804,35.88,771995
2980,2023-06-08 11:35:00,35.863,35.891,35.815,35.824,675478
2981,2023-06-08 11:30:00,35.901,35.921,35.814,35.855,928867
2982,2023-06-08 11:25:00,35.831,35.901,35.765,35.889,934457
2983,2023-06-08 11:20:00,35.762,35.868,35.755,35.827,1241978
2984,2023-06-08 11:15:00,35.791,35.842,35.715,35.745,1073870
2985,2023-06-08 11:10:00,35.871,35.917,35.729,35.785,1546029
2986,2023-06-08 11:05:00,35.767,35.876,35.725,35.864,1670359
2987,2023-06-08 11:00:00,35.652,35.802,35.621,35.759,1834399
2988,2023-06-08 10:55:00,35.558,35.673,35.541,35.646,1290775
2989,2023-06-08 10:50:00,35.521,35.593,35.497,35.547,921719
2990,2023-06-08 10:45:00,35.483,35.584,35.477,35.512,1606301
2991,2023-06-08 10:40:00,35.295,35.554,35.288,35.477,1871915
2992,2023-06-08 10:35:00,35.358,35.405,35.199,35.293,1173600
2993,2023-06-08 10:30:00,35.344,35.444,35.288,35.348,2005360
2994,2023-06-08 10:25:00,35.285,35.405,35.169,35.328,1630686
2995,2023-06-08 10:20:00,35.244,35.33,35.169,35.288,931784
2996,2023-06-08 10:15:00,35.285,35.355,35.169,35.229,1628898
2997,2023-06-08 10:10:00,35.195,35.292,35.149,35.283,1399688
2998,2023-06-08 10:05:00,35.156,35.345,35.129,35.179,2167496
2999,2023-06-08 10:00:00,35.086,35.156,34.982,35.149,1610255
3000,2023-06-08 09:55:00,34.853,35.137,34.811,35.075,1740674
3001,2023-06-08 09:50:00,34.967,35.122,34.822,34.843,1878765
3002,2023-06-08 09:45:00,35.111,35.117,34.872,34.959,2083474
3003,2023-06-08 09:40:00,34.977,35.216,34.893,35.108,2847372
3004,2023-06-08 09:35:00,34.778,35.087,34.712,34.972,2741405
3005,2023-06-08 09:30:00,34.788,35.057,34.742,34.777,5115327
3006,2023-06-08 09:25:00,34.868,34.898,34.763,34.782,124107
3007,2023-06-08 09:20:00,34.838,34.908,34.821,34.871,79644
3008,2023-06-08 09:15:00,34.907,34.928,34.831,34.841,61896
3009,2023-06-08 09:10:00,34.917,34.948,34.811,34.901,95053
3010,2023-06-08 09:05:00,34.937,34.978,34.891,34.911,110876
3011,2023-06-08 09:00:00,34.947,35.017,34.841,34.921,300564
3012,2023-06-08 08:55:00,34.967,34.997,34.881,34.941,117502
3013,2023-06-08 08:50:00,34.967,35.027,34.94,34.951,173714
3014,2023-06-08 08:45:00,34.887,35.027,34.871,34.971,331462
3015,2023-06-08 08:40:00,34.868,34.908,34.821,34.881,218633
3016,2023-06-08 08:35:00,34.808,34.938,34.781,34.861,322050
3017,2023-06-08 08:30:00,34.56,34.997,34.553,34.812,593858
3018,2023-06-08 08:25:00,34.55,34.58,34.513,34.563,44245
3019,2023-06-08 08:20:00,34.57,34.57,34.493,34.534,80232
3020,2023-06-08 08:15:00,34.49,34.58,34.424,34.563,222881
3021,2023-06-08 08:10:00,34.619,34.62,34.474,34.484,126630
3022,2023-06-08 08:05:00,34.689,34.69,34.613,34.623,30960
3023,2023-06-08 08:00:00,34.669,34.907,34.265,34.681,369314
3024,2023-06-08 07:55:00,34.669,34.69,34.633,34.663,11969
3025,2023-06-08 07:50:00,34.649,34.719,34.623,34.663,15786
3026,2023-06-08 07:45:00,34.709,34.719,34.603,34.653,52158
3027,2023-06-08 07:40:00,34.689,34.719,34.642,34.702,24901
3028,2023-06-08 07:35:00,34.629,34.699,34.573,34.673,44304
3029,2023-06-08 07:30:00,34.738,34.769,34.603,34.633,67274
3030,2023-06-08 07:25:00,34.758,34.779,34.712,34.732,13306
3031,2023-06-08 07:20:00,34.748,34.779,34.732,34.742,55093
3032,2023-06-08 07:15:00,34.719,34.759,34.712,34.742,17975
3033,2023-06-08 07:10:00,34.699,34.729,34.682,34.712,25609
3034,2023-06-08 07:05:00,34.748,34.759,34.682,34.692,51377
3035,2023-06-08 07:00:00,34.748,34.789,34.722,34.732,22702
3036,2023-06-08 06:55:00,34.729,34.759,34.712,34.732,12916
3037,2023-06-08 06:50:00,34.808,34.819,34.702,34.722,25591
3038,2023-06-08 06:45:00,34.858,34.868,34.801,34.802,11579
3039,2023-06-08 06:40:00,34.848,34.868,34.831,34.851,12514
3040,2023-06-08 06:35:00,34.868,34.888,34.841,34.841,9043
3041,2023-06-08 06:30:00,34.838,34.878,34.831,34.871,4783
3042,2023-06-08 06:25:00,34.838,34.858,34.831,34.841,5598
3043,2023-06-08 06:20:00,34.878,34.878,34.831,34.832,18390
3044,2023-06-08 06:15:00,34.907,34.908,34.851,34.861,14976
3045,2023-06-08 06:10:00,34.838,34.898,34.821,34.891,9332
3046,2023-06-08 06:05:00,34.828,34.848,34.801,34.832,10314
3047,2023-06-08 06:00:00,34.848,34.878,34.811,34.822,20545
3048,2023-06-08 05:55:00,34.848,34.848,34.831,34.841,6445
3049,2023-06-08 05:50:00,34.848,34.848,34.801,34.832,14916
3050,2023-06-08 05:45:00,34.828,34.858,34.811,34.841,49552
3051,2023-06-08 05:40:00,34.788,34.858,34.772,34.822,54775
3052,2023-06-08 05:35:00,34.699,34.789,34.672,34.782,17044
3053,2023-06-08 05:30:00,34.738,34.739,34.692,34.692,5786
3054,2023-06-08 05:25:00,34.738,34.749,34.712,34.732,9576
3055,2023-06-08 05:20:00,34.709,34.749,34.692,34.712,5663
3056,2023-06-08 05:15:00,34.719,34.739,34.682,34.692,6829
3057,2023-06-08 05:10:00,34.719,34.759,34.712,34.722,10264
3058,2023-06-08 05:05:00,34.689,34.739,34.682,34.712,13724
3059,2023-06-08 05:00:00,34.689,34.739,34.662,34.692,17476
3060,2023-06-08 04:55:00,34.659,34.69,34.642,34.683,7776
3061,2023-06-08 04:50:00,34.679,34.69,34.652,34.663,8597
3062,2023-06-08 04:45:00,34.748,34.749,34.662,34.663,25084
3063,2023-06-08 04:40:00,34.719,34.749,34.692,34.742,23619
3064,2023-06-08 04:35:00,34.758,34.759,34.702,34.712,29519
3065,2023-06-08 04:30:00,34.709,34.769,34.692,34.742,43751
3066,2023-06-08 04:25:00,34.719,34.729,34.662,34.702,23143
3067,2023-06-08 04:20:00,34.639,34.749,34.633,34.702,78770
3068,2023-06-08 04:15:00,34.55,34.65,34.543,34.633,30424
3069,2023-06-08 04:10:00,34.57,34.59,34.523,34.543,12407
3070,2023-06-08 04:05:00,34.46,34.57,34.434,34.563,31570
3071,2023-06-08 04:00:00,34.51,34.511,34.424,34.444,68290
3072,2023-06-07 19:55:00,34.729,34.729,34.692,34.702,22622
3073,2023-06-07 19:50:00,34.689,34.729,34.672,34.722,65585
3074,2023-06-07 19:45:00,34.669,34.69,34.642,34.673,37515
3075,2023-06-07 19:40:00,34.669,34.68,34.642,34.663,10631
3076,2023-06-07 19:35:00,34.669,34.69,34.652,34.653,15478
3077,2023-06-07 19:30:00,34.639,34.68,34.623,34.653,16356
3078,2023-06-07 19:25:00,34.639,34.65,34.623,34.633,15164
3079,2023-06-07 19:20:00,34.649,34.65,34.613,34.643,31536
3080,2023-06-07 19:15:00,34.669,34.67,34.633,34.653,18853
3081,2023-06-07 19:10:00,34.649,34.67,34.633,34.658,23705
3082,2023-06-07 19:05:00,34.639,34.67,34.633,34.633,9782
3083,2023-06-07 19:00:00,34.589,34.67,34.583,34.633,21981
3084,2023-06-07 18:55:00,34.609,34.63,34.583,34.583,19024
3085,2023-06-07 18:50:00,34.599,34.63,34.583,34.593,8121
3086,2023-06-07 18:45:00,34.589,34.61,34.553,34.583,40143
3087,2023-06-07 18:40:00,34.679,34.68,34.583,34.593,23942
3088,2023-06-07 18:35:00,34.669,34.68,34.623,34.673,13892
3089,2023-06-07 18:30:00,34.699,34.709,34.652,34.673,7177
3090,2023-06-07 18:25:00,34.748,34.749,34.692,34.702,13238
3091,2023-06-07 18:20:00,34.748,34.749,34.722,34.742,40438
3092,2023-06-07 18:15:00,34.738,34.749,34.712,34.742,19818
3093,2023-06-07 18:10:00,34.699,34.749,34.692,34.722,45648
3094,2023-06-07 18:05:00,34.699,34.719,34.682,34.692,13170
3095,2023-06-07 18:00:00,34.639,34.729,34.633,34.692,22426
3096,2023-06-07 17:55:00,34.639,34.64,34.613,34.633,19427
3097,2023-06-07 17:50:00,34.639,34.65,34.623,34.633,21448
3098,2023-06-07 17:45:00,34.639,34.65,34.623,34.642,6494
3099,2023-06-07 17:40:00,34.649,34.65,34.623,34.633,13551
3100,2023-06-07 17:35:00,34.649,34.66,34.623,34.643,12043
3101,2023-06-07 17:30:00,34.659,34.66,34.633,34.643,15542
3102,2023-06-07 17:25:00,34.649,34.66,34.633,34.653,22384
3103,2023-06-07 17:20:00,34.648,34.65,34.623,34.643,21569
3104,2023-06-07 17:15:00,34.639,34.65,34.623,34.643,10840
3105,2023-06-07 17:10:00,34.629,34.648,34.613,34.633,11003
3106,2023-06-07 17:05:00,34.639,34.64,34.613,34.623,11728
3107,2023-06-07 17:00:00,34.639,34.64,34.613,34.633,10069
3108,2023-06-07 16:55:00,34.639,34.66,34.613,34.633,42428
3109,2023-06-07 16:50:00,34.649,34.65,34.613,34.633,41846
3110,2023-06-07 16:45:00,34.639,34.66,34.613,34.643,28792
3111,2023-06-07 16:40:00,34.649,34.65,34.613,34.633,85199
3112,2023-06-07 16:35:00,34.659,34.66,34.633,34.643,42815
3113,2023-06-07 16:30:00,34.689,34.699,34.642,34.653,32663
3114,2023-06-07 16:25:00,34.669,34.699,34.642,34.678,27455
3115,2023-06-07 16:20:00,34.629,34.69,34.623,34.673,52933
3116,2023-06-07 16:15:00,34.748,34.749,34.613,34.613,79838
3117,2023-06-07 16:10:00,34.679,34.709,34.652,34.673,127118
3118,2023-06-07 16:05:00,34.719,34.719,34.662,34.663,158134
3119,2023-06-07 16:00:00,34.729,34.769,34.662,34.722,1605511
3120,2023-06-07 15:55:00,34.679,34.779,34.583,34.717,2868441
3121,2023-06-07 15:50:00,34.629,34.824,34.623,34.683,2394438
3122,2023-06-07 15:45:00,34.699,34.709,34.533,34.614,1616435
3123,2023-06-07 15:40:00,34.649,34.719,34.558,34.683,1718427
3124,2023-06-07 15:35:00,34.794,34.839,34.633,34.647,1992171
3125,2023-06-07 15:30:00,34.916,34.978,34.781,34.782,1249782
3126,2023-06-07 15:25:00,34.947,34.948,34.772,34.911,969072
3127,2023-06-07 15:20:00,34.947,35.077,34.911,34.936,1080235
3128,2023-06-07 15:15:00,34.897,35.006,34.851,34.931,996361
3129,2023-06-07 15:10:00,34.983,34.983,34.826,34.891,865526
3130,2023-06-07 15:05:00,35.056,35.117,34.95,34.98,614772
3131,2023-06-07 15:00:00,35.046,35.117,34.98,35.042,856105
3132,2023-06-07 14:55:00,34.947,35.057,34.881,35.044,835962
3133,2023-06-07 14:50:00,34.868,34.966,34.816,34.95,756944
3134,2023-06-07 14:45:00,34.917,34.978,34.856,34.87,655699
3135,2023-06-07 14:40:00,34.997,35.035,34.876,34.913,696407
3136,2023-06-07 14:35:00,34.907,35.037,34.796,34.995,1485416
3137,2023-06-07 14:30:00,35.136,35.156,34.901,34.901,1041795
3138,2023-06-07 14:25:00,35.205,35.216,35.044,35.134,846719
3139,2023-06-07 14:20:00,35.255,35.32,35.149,35.189,901821
3140,2023-06-07 14:15:00,35.181,35.256,35.168,35.249,1102654
3141,2023-06-07 14:10:00,35.201,35.226,35.02,35.174,1374264
3142,2023-06-07 14:05:00,35.156,35.216,35.139,35.199,976083
3143,2023-06-07 14:00:00,35.062,35.176,35.056,35.149,879952
3144,2023-06-07 13:55:00,34.967,35.112,34.95,35.058,935271
3145,2023-06-07 13:50:00,34.909,34.988,34.851,34.958,1062297
3146,2023-06-07 13:45:00,34.997,35.057,34.891,34.911,1088715
3147,2023-06-07 13:40:00,34.818,35.007,34.792,34.995,1023393
3148,2023-06-07 13:35:00,34.917,34.988,34.801,34.817,1334308
3149,2023-06-07 13:30:00,35.046,35.067,34.852,34.92,1566611
3150,2023-06-07 13:25:00,35.027,35.127,34.96,35.03,955926
3151,2023-06-07 13:20:00,34.977,35.087,34.873,35.025,1275196
3152,2023-06-07 13:15:00,35.106,35.156,34.951,34.98,1277475
3153,2023-06-07 13:10:00,35.271,35.325,35.079,35.091,1742854
3154,2023-06-07 13:05:00,35.136,35.274,35.084,35.265,1307942
3155,2023-06-07 13:00:00,35.176,35.216,35.109,35.129,785271
3156,2023-06-07 12:55:00,35.195,35.266,35.109,35.164,820095
3157,2023-06-07 12:50:00,35.389,35.425,35.159,35.179,1221932
3158,2023-06-07 12:45:00,35.434,35.454,35.348,35.388,691915
3159,2023-06-07 12:40:00,35.344,35.454,35.313,35.428,701628
3160,2023-06-07 12:35:00,35.354,35.42,35.298,35.338,785362
3161,2023-06-07 12:30:00,35.161,35.381,35.15,35.358,1181804
3162,2023-06-07 12:25:00,35.235,35.241,35.044,35.149,1383070
3163,2023-06-07 12:20:00,35.394,35.425,35.189,35.239,1605565
3164,2023-06-07 12:15:00,35.498,35.544,35.367,35.393,1025800
3165,2023-06-07 12:10:00,35.64,35.673,35.457,35.497,1070242
3166,2023-06-07 12:05:00,35.642,35.663,35.556,35.635,890155
3167,2023-06-07 12:00:00,35.479,36.119,35.442,35.636,1080411
3168,2023-06-07 11:55:00,35.632,35.642,35.429,35.467,1583305
3169,2023-06-07 11:50:00,35.847,35.852,35.497,35.626,2011458
3170,2023-06-07 11:45:00,35.662,35.862,35.655,35.836,1044366
3171,2023-06-07 11:40:00,35.851,35.862,35.646,35.646,1271067
3172,2023-06-07 11:35:00,36.015,36.021,35.786,35.845,1413591
3173,2023-06-07 11:30:00,35.901,36.07,35.885,36.008,1819676
3174,2023-06-07 11:25:00,35.821,35.941,35.775,35.891,854409
3175,2023-06-07 11:20:00,35.791,35.931,35.745,35.825,1099915
3176,2023-06-07 11:15:00,35.861,35.871,35.626,35.785,1509730
3177,2023-06-07 11:10:00,35.948,35.951,35.736,35.844,1252249
3178,2023-06-07 11:05:00,35.931,35.971,35.854,35.943,1455084
3179,2023-06-07 11:00:00,35.801,35.941,35.735,35.924,1688164
3180,2023-06-07 10:55:00,35.647,35.822,35.596,35.8,1906266
3181,2023-06-07 10:50:00,35.841,35.948,35.619,35.646,2507341
3182,2023-06-07 10:45:00,35.891,35.991,35.834,35.844,1823076
3183,2023-06-07 10:40:00,36.169,36.187,35.874,35.884,1782113
3184,2023-06-07 10:35:00,36.278,36.279,35.983,36.162,2851131
3185,2023-06-07 10:30:00,36.358,36.449,36.251,36.272,1781657
3186,2023-06-07 10:25:00,36.368,36.398,36.232,36.361,2285739
3187,2023-06-07 10:20:00,36.606,36.652,36.341,36.361,1957245
3188,2023-06-07 10:15:00,36.736,36.741,36.539,36.6,1973103
3189,2023-06-07 10:10:00,36.815,36.935,36.708,36.729,1388904
3190,2023-06-07 10:05:00,36.805,36.905,36.788,36.818,1153020
3191,2023-06-07 10:00:00,36.979,37.042,36.649,36.8,2590722
3192,2023-06-07 09:55:00,36.944,37.064,36.818,36.972,1865224
3193,2023-06-07 09:50:00,37.129,37.252,36.927,36.927,1654218
3194,2023-06-07 09:45:00,37.262,37.272,37.097,37.119,1357179
3195,2023-06-07 09:40:00,37.103,37.282,37.026,37.247,1944256
3196,2023-06-07 09:35:00,37.262,37.312,37.088,37.101,2250629
3197,2023-06-07 09:30:00,36.695,37.302,36.678,37.265,4239811
3198,2023-06-07 09:25:00,36.775,36.796,36.678,36.689,195047
3199,2023-06-07 09:20:00,36.775,36.805,36.748,36.778,80234
3200,2023-06-07 09:15:00,36.715,36.786,36.698,36.777,71973
3201,2023-06-07 09:10:00,36.725,36.726,36.688,36.709,32556
3202,2023-06-07 09:05:00,36.705,36.746,36.688,36.719,58054
3203,2023-06-07 09:00:00,36.725,36.766,36.688,36.699,98538
3204,2023-06-07 08:55:00,36.715,36.736,36.415,36.729,44483
3205,2023-06-07 08:50:00,36.715,36.736,36.698,36.717,17814
3206,2023-06-07 08:45:00,36.705,36.736,36.698,36.709,57748
3207,2023-06-07 08:40:00,36.705,36.736,36.688,36.699,45957
3208,2023-06-07 08:35:00,36.775,36.781,36.698,36.699,51341
3209,2023-06-07 08:30:00,36.764,36.796,36.708,36.768,67390
3210,2023-06-07 08:25:00,36.815,36.825,36.748,36.748,35706
3211,2023-06-07 08:20:00,36.795,36.825,36.758,36.807,49935
3212,2023-06-07 08:15:00,36.765,36.815,36.756,36.788,36551
3213,2023-06-07 08:10:00,36.765,36.786,36.748,36.758,23022
3214,2023-06-07 08:05:00,36.795,36.805,36.738,36.768,74217
3215,2023-06-07 08:00:00,36.625,36.855,36.28,36.788,324089
3216,2023-06-07 07:55:00,36.815,36.855,36.808,36.848,41838
3217,2023-06-07 07:50:00,36.795,36.835,36.788,36.818,66754
3218,2023-06-07 07:45:00,36.755,36.815,36.728,36.788,58387
3219,2023-06-07 07:40:00,36.765,36.766,36.728,36.748,13352
3220,2023-06-07 07:35:00,36.676,36.766,36.669,36.758,43111
3221,2023-06-07 07:30:00,36.656,36.686,36.639,36.669,7447
3222,2023-06-07 07:25:00,36.656,36.676,36.639,36.649,8643
3223,2023-06-07 07:20:00,36.655,36.666,36.639,36.649,27185
3224,2023-06-07 07:15:00,36.656,36.666,36.619,36.639,22130
3225,2023-06-07 07:10:00,36.695,36.726,36.649,36.649,69687
3226,2023-06-07 07:05:00,36.646,36.696,36.629,36.689,7979
3227,2023-06-07 07:00:00,36.626,36.686,36.609,36.639,25860
3228,2023-06-07 06:55:00,36.656,36.656,36.599,36.609,10090
3229,2023-06-07 06:50:00,36.596,36.656,36.579,36.649,13366
3230,2023-06-07 06:45:00,36.596,36.597,36.569,36.58,4797
3231,2023-06-07 06:40:00,36.606,36.607,36.569,36.58,13287
3232,2023-06-07 06:35:00,36.576,36.617,36.569,36.599,2292
3233,2023-06-07 06:30:00,36.616,36.617,36.569,36.57,30901
3234,2023-06-07 06:25:00,36.586,36.627,36.569,36.609,27428
3235,2023-06-07 06:20:00,36.536,36.587,36.53,36.58,7199
3236,2023-06-07 06:15:00,36.517,36.537,36.5,36.53,1754
3237,2023-06-07 06:10:00,36.507,36.517,36.49,36.51,3615
3238,2023-06-07 06:05:00,36.477,36.537,36.47,36.5,11723
3239,2023-06-07 06:00:00,36.467,36.497,36.45,36.48,5435
3240,2023-06-07 05:55:00,36.467,36.468,36.44,36.46,16802
3241,2023-06-07 05:50:00,36.447,36.468,36.43,36.46,7345
3242,2023-06-07 05:45:00,36.477,36.478,36.44,36.44,2129
3243,2023-06-07 05:40:00,36.447,36.478,36.44,36.46,2999
3244,2023-06-07 05:35:00,36.477,36.497,36.44,36.44,8366
3245,2023-06-07 05:30:00,36.487,36.507,36.46,36.48,7389
3246,2023-06-07 05:25:00,36.457,36.488,36.45,36.47,12421
3247,2023-06-07 05:20:00,36.378,36.468,36.361,36.46,12937
3248,2023-06-07 05:15:00,36.427,36.428,36.371,36.371,6227
3249,2023-06-07 05:10:00,36.407,36.428,36.39,36.421,1570
3250,2023-06-07 05:05:00,36.417,36.418,36.351,36.411,27321
3251,2023-06-07 05:00:00,36.417,36.428,36.4,36.411,3232
3252,2023-06-07 04:55:00,36.417,36.428,36.4,36.411,8872
3253,2023-06-07 04:50:00,36.407,36.428,36.4,36.411,5579
3254,2023-06-07 04:45:00,36.407,36.408,36.361,36.401,22949
3255,2023-06-07 04:40:00,36.387,36.418,36.351,36.391,15872
3256,2023-06-07 04:35:00,36.378,36.388,36.361,36.381,4772
3257,2023-06-07 04:30:00,36.378,36.388,36.351,36.381,4434
3258,2023-06-07 04:25:00,36.348,36.378,36.331,36.371,7154
3259,2023-06-07 04:20:00,36.348,36.388,36.331,36.331,17052
3260,2023-06-07 04:15:00,36.358,36.358,36.311,36.341,3190
3261,2023-06-07 04:10:00,36.358,36.358,36.281,36.351,9016
3262,2023-06-07 04:05:00,36.397,36.398,36.331,36.341,10373
3263,2023-06-07 04:00:00,36.368,36.438,36.321,36.381,53782
3264,2023-06-06 19:55:00,36.705,36.726,36.688,36.699,34680
3265,2023-06-06 19:50:00,36.656,36.716,36.649,36.709,28496
3266,2023-06-06 19:45:00,36.676,36.676,36.639,36.649,3881
3267,2023-06-06 19:40:00,36.685,36.696,36.659,36.669,11131
3268,2023-06-06 19:35:00,36.685,36.706,36.669,36.679,3352
3269,2023-06-06 19:30:00,36.656,36.706,36.639,36.689,11582
3270,2023-06-06 19:25:00,36.646,36.676,36.639,36.649,7103
3271,2023-06-06 19:20:00,36.626,36.656,36.619,36.639,10760
3272,2023-06-06 19:15:00,36.666,36.666,36.629,36.629,9771
3273,2023-06-06 19:10:00,36.626,36.666,36.609,36.649,22414
3274,2023-06-06 19:05:00,36.586,36.617,36.579,36.609,5699
3275,2023-06-06 19:00:00,36.566,36.607,36.559,36.599,2463
3276,2023-06-06 18:55:00,36.596,36.607,36.559,36.58,5157
3277,2023-06-06 18:50:00,36.586,36.597,36.569,36.57,7918
3278,2023-06-06 18:45:00,36.596,36.617,36.589,36.589,7919
3279,2023-06-06 18:40:00,36.626,36.627,36.589,36.609,5898
3280,2023-06-06 18:35:00,36.586,36.647,36.579,36.629,16896
3281,2023-06-06 18:30:00,36.546,36.597,36.539,36.58,10807
3282,2023-06-06 18:25:00,36.616,36.617,36.549,36.55,45867
3283,2023-06-06 18:20:00,36.616,36.637,36.609,36.619,13707
3284,2023-06-06 18:15:00,36.666,36.666,36.619,36.619,9082
3285,2023-06-06 18:10:00,36.676,36.676,36.659,36.669,3176
3286,2023-06-06 18:05:00,36.676,36.686,36.649,36.659,15019
3287,2023-06-06 18:00:00,36.715,36.716,36.659,36.669,13293
3288,2023-06-06 17:55:00,36.725,36.726,36.698,36.719,12054
3289,2023-06-06 17:50:00,36.685,36.726,36.678,36.709,22781
3290,2023-06-06 17:45:00,36.705,36.706,36.678,36.679,5276
3291,2023-06-06 17:40:00,36.685,36.706,36.669,36.699,17268
3292,2023-06-06 17:35:00,36.695,36.696,36.659,36.669,41680
3293,2023-06-06 17:30:00,36.685,36.696,36.669,36.689,7334
3294,2023-06-06 17:25:00,36.695,36.696,36.669,36.679,2638
3295,2023-06-06 17:20:00,36.695,36.696,36.678,36.679,8195
3296,2023-06-06 17:15:00,36.666,36.696,36.659,36.679,11779
3297,2023-06-06 17:10:00,36.676,36.676,36.659,36.659,6023
3298,2023-06-06 17:05:00,36.676,36.676,36.659,36.669,2399
3299,2023-06-06 17:00:00,36.685,36.696,36.659,36.659,3514
3300,2023-06-06 16:55:00,36.685,36.696,36.669,36.688,6478
3301,2023-06-06 16:50:00,36.685,36.696,36.659,36.679,18941
3302,2023-06-06 16:45:00,36.685,36.696,36.659,36.684,18129
3303,2023-06-06 16:40:00,36.676,36.686,36.664,36.679,8910
3304,2023-06-06 16:35:00,36.666,36.676,36.649,36.669,3327
3305,2023-06-06 16:30:00,36.656,36.676,36.649,36.659,13646
3306,2023-06-06 16:25:00,36.656,36.676,36.639,36.639,10524
3307,2023-06-06 16:20:00,36.656,36.666,36.639,36.648,10785
3308,2023-06-06 16:15:00,36.616,36.676,36.609,36.649,28430
3309,2023-06-06 16:10:00,36.695,36.716,36.659,36.669,61233
3310,2023-06-06 16:05:00,36.705,36.716,36.669,36.689,30113
3311,2023-06-06 16:00:00,36.616,36.716,36.569,36.704,686910
3312,2023-06-06 15:55:00,36.636,36.746,36.604,36.609,1990076
3313,2023-06-06 15:50:00,36.546,36.647,36.539,36.629,758778
3314,2023-06-06 15:45:00,36.616,36.636,36.521,36.54,736803
3315,2023-06-06 15:40:00,36.517,36.637,36.44,36.609,871223
3316,2023-06-06 15:35:00,36.647,36.658,36.47,36.511,946164
3317,2023-06-06 15:30:00,36.666,36.686,36.623,36.644,414862
3318,2023-06-06 15:25:00,36.7,36.724,36.629,36.654,493526
3319,2023-06-06 15:20:00,36.702,36.736,36.659,36.694,407899
3320,2023-06-06 15:15:00,36.666,36.726,36.639,36.689,486606
3321,2023-06-06 15:10:00,36.725,36.726,36.659,36.664,504900
3322,2023-06-06 15:05:00,36.7,36.766,36.678,36.724,766768
3323,2023-06-06 15:00:00,36.636,36.716,36.629,36.689,959573
3324,2023-06-06 14:55:00,36.611,36.656,36.589,36.619,471760
3325,2023-06-06 14:50:00,36.546,36.637,36.53,36.599,837115
3326,2023-06-06 14:45:00,36.507,36.557,36.48,36.54,440235
3327,2023-06-06 14:40:00,36.482,36.537,36.459,36.509,384826
3328,2023-06-06 14:35:00,36.507,36.527,36.44,36.475,338413
3329,2023-06-06 14:30:00,36.555,36.577,36.46,36.51,622635
3330,2023-06-06 14:25:00,36.467,36.557,36.44,36.54,565759
3331,2023-06-06 14:20:00,36.472,36.478,36.371,36.458,510769
3332,2023-06-06 14:15:00,36.517,36.527,36.43,36.47,374342
3333,2023-06-06 14:10:00,36.458,36.527,36.42,36.515,868644
3334,2023-06-06 14:05:00,36.368,36.468,36.331,36.45,454725
3335,2023-06-06 14:00:00,36.378,36.404,36.311,36.361,871113
3336,2023-06-06 13:55:00,36.428,36.428,36.283,36.371,1093576
3337,2023-06-06 13:50:00,36.492,36.527,36.385,36.429,397570
3338,2023-06-06 13:45:00,36.497,36.577,36.475,36.49,404085
3339,2023-06-06 13:40:00,36.546,36.576,36.47,36.49,375293
3340,2023-06-06 13:35:00,36.546,36.587,36.52,36.544,561734
3341,2023-06-06 13:30:00,36.532,36.575,36.48,36.53,779018
3342,2023-06-06 13:25:00,36.487,36.537,36.351,36.525,1037712
3343,2023-06-06 13:20:00,36.511,36.54,36.41,36.488,1042632
3344,2023-06-06 13:15:00,36.561,36.597,36.464,36.51,1038738
3345,2023-06-06 13:10:00,36.437,36.567,36.41,36.55,876527
3346,2023-06-06 13:05:00,36.318,36.458,36.281,36.44,890118
3347,2023-06-06 13:00:00,36.229,36.329,36.212,36.311,714346
3348,2023-06-06 12:55:00,36.378,36.399,36.183,36.225,1525593
3349,2023-06-06 12:50:00,36.365,36.458,36.312,36.371,1256041
3350,2023-06-06 12:45:00,36.452,36.478,36.351,36.361,778093
3351,2023-06-06 12:40:00,36.508,36.509,36.346,36.44,1350355
3352,2023-06-06 12:35:00,36.695,36.709,36.43,36.503,1108411
3353,2023-06-06 12:30:00,36.677,36.736,36.659,36.689,478672
3354,2023-06-06 12:25:00,36.657,36.746,36.639,36.679,672594
3355,2023-06-06 12:20:00,36.705,36.716,36.609,36.659,552407
3356,2023-06-06 12:15:00,36.676,36.733,36.659,36.699,547206
3357,2023-06-06 12:10:00,36.772,36.786,36.669,36.67,714305
3358,2023-06-06 12:05:00,36.88,36.895,36.688,36.763,881173
3359,2023-06-06 12:00:00,36.825,36.915,36.808,36.869,1091320
3360,2023-06-06 11:55:00,36.754,36.855,36.719,36.821,1226456
3361,2023-06-06 11:50:00,36.715,36.776,36.688,36.739,804312
3362,2023-06-06 11:45:00,36.576,36.766,36.545,36.708,1190279
3363,2023-06-06 11:40:00,36.586,36.596,36.5,36.56,587882
3364,2023-06-06 11:35:00,36.543,36.597,36.485,36.58,592979
3365,2023-06-06 11:30:00,36.452,36.567,36.44,36.53,824576
3366,2023-06-06 11:25:00,36.487,36.502,36.281,36.45,1757583
3367,2023-06-06 11:20:00,36.71,36.716,36.48,36.485,1302060
3368,2023-06-06 11:15:00,36.685,36.756,36.649,36.7,1031209
3369,2023-06-06 11:10:00,36.666,36.709,36.639,36.672,624619
3370,2023-06-06 11:05:00,36.666,36.721,36.619,36.649,870664
3371,2023-06-06 11:00:00,36.685,36.701,36.599,36.649,802970
3372,2023-06-06 10:55:00,36.661,36.706,36.589,36.673,1078428
3373,2023-06-06 10:50:00,36.75,36.796,36.649,36.659,1643939
3374,2023-06-06 10:45:00,36.566,36.756,36.559,36.748,2094236
3375,2023-06-06 10:40:00,36.462,36.577,36.445,36.57,810728
3376,2023-06-06 10:35:00,36.458,36.547,36.43,36.46,984673
3377,2023-06-06 10:30:00,36.507,36.545,36.445,36.456,792882
3378,2023-06-06 10:25:00,36.576,36.607,36.49,36.5,1160467
3379,2023-06-06 10:20:00,36.452,36.597,36.435,36.58,1543619
3380,2023-06-06 10:15:00,36.397,36.468,36.301,36.447,1119535
3381,2023-06-06 10:10:00,36.416,36.547,36.334,36.398,2319988
3382,2023-06-06 10:05:00,36.258,36.413,36.172,36.406,1484404
3383,2023-06-06 10:00:00,36.333,36.398,36.212,36.243,1393285
3384,2023-06-06 09:55:00,36.328,36.403,36.255,36.331,1016237
3385,2023-06-06 09:50:00,36.422,36.438,36.186,36.316,2041657
3386,2023-06-06 09:45:00,36.219,36.458,36.195,36.42,2202099
3387,2023-06-06 09:40:00,36.199,36.294,36.132,36.216,2032609
3388,2023-06-06 09:35:00,36.129,36.219,36.013,36.192,2436295
3389,2023-06-06 09:30:00,36.447,36.448,36.102,36.123,2913205
3390,2023-06-06 09:25:00,36.606,36.607,36.44,36.44,131957
3391,2023-06-06 09:20:00,36.575,36.627,36.559,36.609,85499
3392,2023-06-06 09:15:00,36.576,36.597,36.559,36.57,54779
3393,2023-06-06 09:10:00,36.566,36.597,36.53,36.58,56313
3394,2023-06-06 09:05:00,36.536,36.587,36.519,36.56,32516
3395,2023-06-06 09:00:00,36.517,36.597,36.51,36.53,60558
3396,2023-06-06 08:55:00,36.517,36.527,36.49,36.52,45790
3397,2023-06-06 08:50:00,36.545,36.557,36.5,36.52,43983
3398,2023-06-06 08:45:00,36.527,36.547,36.5,36.54,53337
3399,2023-06-06 08:40:00,36.487,36.527,36.46,36.51,50468
3400,2023-06-06 08:35:00,36.497,36.527,36.46,36.47,27198
3401,2023-06-06 08:30:00,36.507,36.547,36.47,36.49,52514
3402,2023-06-06 08:25:00,36.517,36.537,36.47,36.495,60939
3403,2023-06-06 08:20:00,36.576,36.587,36.5,36.51,42055
3404,2023-06-06 08:15:00,36.527,36.597,36.51,36.57,41358
3405,2023-06-06 08:10:00,36.646,36.647,36.5,36.51,71300
3406,2023-06-06 08:05:00,36.666,36.676,36.639,36.639,28125
3407,2023-06-06 08:00:00,36.577,36.815,36.461,36.669,269416
3408,2023-06-06 07:55:00,36.636,36.656,36.619,36.619,3774
3409,2023-06-06 07:50:00,36.666,36.666,36.619,36.639,10197
3410,2023-06-06 07:45:00,36.676,36.696,36.629,36.659,20681
3411,2023-06-06 07:40:00,36.656,36.686,36.609,36.669,34074
3412,2023-06-06 07:35:00,36.586,36.666,36.569,36.649,19492
3413,2023-06-06 07:30:00,36.606,36.617,36.559,36.57,7419
3414,2023-06-06 07:25:00,36.556,36.617,36.539,36.609,15835
3415,2023-06-06 07:20:00,36.596,36.597,36.539,36.54,6915
3416,2023-06-06 07:15:00,36.586,36.607,36.559,36.599,14170
3417,2023-06-06 07:10:00,36.576,36.607,36.549,36.56,24137
3418,2023-06-06 07:05:00,36.596,36.607,36.569,36.57,57080
3419,2023-06-06 07:00:00,36.576,36.607,36.559,36.599,15936
3420,2023-06-06 06:55:00,36.566,36.607,36.539,36.58,5139
3421,2023-06-06 06:50:00,36.546,36.567,36.53,36.56,3900
3422,2023-06-06 06:45:00,36.566,36.577,36.53,36.54,1770
3423,2023-06-06 06:40:00,36.586,36.587,36.53,36.56,3765
3424,2023-06-06 06:35:00,36.507,36.587,36.5,36.58,6257
3425,2023-06-06 06:30:00,36.507,36.537,36.49,36.5,4518
3426,2023-06-06 06:25:00,36.487,36.527,36.48,36.49,3896
3427,2023-06-06 06:20:00,36.497,36.517,36.48,36.49,9221
3428,2023-06-06 06:15:00,36.517,36.527,36.49,36.49,3959
3429,2023-06-06 06:10:00,36.507,36.537,36.49,36.51,6088
3430,2023-06-06 06:05:00,36.527,36.537,36.46,36.51,17989
3431,2023-06-06 06:00:00,36.576,36.587,36.51,36.52,10298
3432,2023-06-06 05:55:00,36.606,36.617,36.569,36.57,4592
3433,2023-06-06 05:50:00,36.606,36.617,36.599,36.599,1120
3434,2023-06-06 05:45:00,36.636,36.647,36.589,36.599,2092
3435,2023-06-06 05:40:00,36.636,36.647,36.619,36.629,26966
3436,2023-06-06 05:35:00,36.616,36.637,36.599,36.619,2467
3437,2023-06-06 05:30:00,36.606,36.637,36.599,36.619,6839
3438,2023-06-06 05:25:00,36.636,36.647,36.589,36.599,4076
3439,2023-06-06 05:20:00,36.586,36.627,36.579,36.619,4778
3440,2023-06-06 05:15:00,36.616,36.617,36.559,36.57,12629
3441,2023-06-06 05:10:00,36.616,36.647,36.599,36.609,8064
3442,2023-06-06 05:05:00,36.656,36.676,36.579,36.589,19605
3443,2023-06-06 05:00:00,36.606,36.666,36.599,36.629,9112
3444,2023-06-06 04:55:00,36.596,36.627,36.549,36.599,21948
3445,2023-06-06 04:50:00,36.636,36.647,36.589,36.589,7347
3446,2023-06-06 04:45:00,36.636,36.656,36.619,36.629,369
3447,2023-06-06 04:40:00,36.646,36.656,36.609,36.629,8735
3448,2023-06-06 04:35:00,36.606,36.666,36.589,36.649,7100
3449,2023-06-06 04:30:00,36.636,36.647,36.599,36.599,8242
3450,2023-06-06 04:25:00,36.685,36.686,36.619,36.639,18181
3451,2023-06-06 04:20:00,36.745,36.756,36.659,36.659,51140
3452,2023-06-06 04:15:00,36.715,36.756,36.688,36.729,16074
3453,2023-06-06 04:10:00,36.745,36.756,36.669,36.709,38002
3454,2023-06-06 04:05:00,36.755,36.815,36.738,36.738,32550
3455,2023-06-06 04:00:00,36.715,36.786,36.659,36.729,45783
3456,2023-06-05 19:55:00,36.437,36.468,36.42,36.46,19356
3457,2023-06-05 19:50:00,36.417,36.448,36.41,36.431,15554
3458,2023-06-05 19:45:00,36.437,36.438,36.41,36.421,8403
3459,2023-06-05 19:40:00,36.517,36.517,36.41,36.426,22700
3460,2023-06-05 19:35:00,36.517,36.537,36.51,36.51,8598
3461,2023-06-05 19:30:00,36.517,36.537,36.5,36.51,7929
3462,2023-06-05 19:25:00,36.507,36.527,36.5,36.51,6479
3463,2023-06-05 19:20:00,36.507,36.547,36.5,36.53,3249
3464,2023-06-05 19:15:00,36.517,36.537,36.5,36.5,20767
3465,2023-06-05 19:10:00,36.527,36.537,36.5,36.505,3352
3466,2023-06-05 19:05:00,36.507,36.527,36.48,36.52,7626
3467,2023-06-05 19:00:00,36.477,36.507,36.46,36.5,3163
3468,2023-06-05 18:55:00,36.497,36.497,36.46,36.46,6756
3469,2023-06-05 18:50:00,36.477,36.507,36.46,36.48,20922
3470,2023-06-05 18:45:00,36.497,36.497,36.45,36.45,5852
3471,2023-06-05 18:40:00,36.487,36.497,36.47,36.49,15711
3472,2023-06-05 18:35:00,36.487,36.507,36.47,36.48,2074
3473,2023-06-05 18:30:00,36.536,36.537,36.49,36.49,14486
3474,2023-06-05 18:25:00,36.536,36.537,36.5,36.51,9577
3475,2023-06-05 18:20:00,36.536,36.547,36.5,36.54,9580
3476,2023-06-05 18:15:00,36.556,36.567,36.51,36.51,37465
3477,2023-06-05 18:10:00,36.586,36.607,36.549,36.559,3613
3478,2023-06-05 18:05:00,36.586,36.607,36.559,36.58,21757
3479,2023-06-05 18:00:00,36.616,36.617,36.549,36.58,8319
3480,2023-06-05 17:55:00,36.646,36.647,36.609,36.609,6301
3481,2023-06-05 17:50:00,36.636,36.656,36.629,36.639,8399
3482,2023-06-05 17:45:00,36.626,36.656,36.609,36.629,8543
3483,2023-06-05 17:40:00,36.616,36.627,36.609,36.619,1315
3484,2023-06-05 17:35:00,36.606,36.637,36.599,36.609,4421
3485,2023-06-05 17:30:00,36.626,36.627,36.579,36.609,20325
3486,2023-06-05 17:25:00,36.616,36.627,36.599,36.599,12831
3487,2023-06-05 17:20:00,36.626,36.637,36.609,36.619,4415
3488,2023-06-05 17:15:00,36.626,36.637,36.609,36.629,6988
3489,2023-06-05 17:10:00,36.626,36.637,36.609,36.619,1060
3490,2023-06-05 17:05:00,36.636,36.647,36.609,36.611,3673
3491,2023-06-05 17:00:00,36.616,36.647,36.599,36.629,17763
3492,2023-06-05 16:55:00,36.646,36.666,36.599,36.609,29185
3493,2023-06-05 16:50:00,36.656,36.656,36.629,36.649,37909
3494,2023-06-05 16:45:00,36.654,36.666,36.629,36.649,18412
3495,2023-06-05 16:40:00,36.656,36.666,36.639,36.649,12461
3496,2023-06-05 16:35:00,36.636,36.656,36.629,36.648,19944
3497,2023-06-05 16:30:00,36.646,36.656,36.619,36.619,13289
3498,2023-06-05 16:25:00,36.656,36.657,36.619,36.629,34345
3499,2023-06-05 16:20:00,36.666,36.676,36.629,36.659,37658
3500,2023-06-05 16:15:00,36.656,36.676,36.639,36.659,24682
3501,2023-06-05 16:10:00,36.675,36.678,36.639,36.659,15772
3502,2023-06-05 16:05:00,36.646,36.676,36.629,36.669,39468
3503,2023-06-05 16:00:00,36.636,36.686,36.609,36.639,796142
3504,2023-06-05 15:55:00,36.671,36.716,36.609,36.639,1471545
3505,2023-06-05 15:50:00,36.715,36.786,36.639,36.664,1273446
3506,2023-06-05 15:45:00,36.735,36.756,36.623,36.709,823310
3507,2023-06-05 15:40:00,36.682,36.776,36.659,36.729,977520
3508,2023-06-05 15:35:00,36.671,36.715,36.589,36.669,633351
3509,2023-06-05 15:30:00,36.666,36.746,36.629,36.66,872910
3510,2023-06-05 15:25:00,36.735,36.746,36.579,36.669,984610
3511,2023-06-05 15:20:00,36.606,36.756,36.579,36.734,1170455
3512,2023-06-05 15:15:00,36.586,36.656,36.51,36.598,1337264
3513,2023-06-05 15:10:00,36.349,36.607,36.325,36.57,1388249
3514,2023-06-05 15:05:00,36.457,36.537,36.311,36.341,1764071
3515,2023-06-05 15:00:00,36.805,36.845,36.371,36.451,2126016
3516,2023-06-05 14:55:00,36.666,36.816,36.649,36.797,1550457
3517,2023-06-05 14:50:00,36.466,36.696,36.361,36.669,1486968
3518,2023-06-05 14:45:00,36.576,36.578,36.42,36.46,984248
3519,2023-06-05 14:40:00,36.457,36.617,36.425,36.56,1070586
3520,2023-06-05 14:35:00,36.387,36.597,36.342,36.44,2475042
3521,2023-06-05 14:30:00,36.864,36.88,36.311,36.376,4002849
3522,2023-06-05 14:25:00,36.939,36.954,36.788,36.854,1093257
3523,2023-06-05 14:20:00,36.904,36.984,36.847,36.937,778425
3524,2023-06-05 14:15:00,36.824,36.925,36.778,36.897,818282
3525,2023-06-05 14:10:00,36.914,36.935,36.743,36.818,986893
3526,2023-06-05 14:05:00,37.003,37.024,36.808,36.907,1348335
3527,2023-06-05 14:00:00,36.983,37.034,36.957,36.997,682026
3528,2023-06-05 13:55:00,36.864,37.004,36.808,36.977,1166527
3529,2023-06-05 13:50:00,36.924,36.935,36.837,36.848,875621
3530,2023-06-05 13:45:00,36.993,37.044,36.887,36.917,828516
3531,2023-06-05 13:40:00,37.033,37.054,36.967,36.987,980961
3532,2023-06-05 13:35:00,37.152,37.163,36.938,37.036,1434280
3533,2023-06-05 13:30:00,37.132,37.183,37.036,37.148,1659455
3534,2023-06-05 13:25:00,37.326,37.332,37.066,37.121,1963998
3535,2023-06-05 13:20:00,37.298,37.332,37.264,37.32,805304
3536,2023-06-05 13:15:00,37.356,37.362,37.225,37.285,1653217
3537,2023-06-05 13:10:00,37.427,37.441,37.344,37.349,704890
3538,2023-06-05 13:05:00,37.372,37.446,37.344,37.414,478517
3539,2023-06-05 13:00:00,37.421,37.451,37.354,37.369,641483
3540,2023-06-05 12:55:00,37.406,37.421,37.364,37.404,482289
3541,2023-06-05 12:50:00,37.321,37.411,37.314,37.394,742859
3542,2023-06-05 12:45:00,37.301,37.352,37.264,37.31,379175
3543,2023-06-05 12:40:00,37.311,37.342,37.264,37.295,532069
3544,2023-06-05 12:35:00,37.291,37.339,37.253,37.305,401732
3545,2023-06-05 12:30:00,37.341,37.352,37.276,37.282,424298
3546,2023-06-05 12:25:00,37.285,37.342,37.245,37.334,578846
3547,2023-06-05 12:20:00,37.381,37.392,37.264,37.285,724435
3548,2023-06-05 12:15:00,37.371,37.431,37.334,37.374,823117
3549,2023-06-05 12:10:00,37.301,37.392,37.274,37.364,1132886
3550,2023-06-05 12:05:00,37.123,37.302,37.096,37.29,1191539
3551,2023-06-05 12:00:00,37.262,37.322,37.096,37.116,1591071
3552,2023-06-05 11:55:00,37.331,37.362,37.245,37.255,581384
3553,2023-06-05 11:50:00,37.319,37.349,37.284,37.324,412697
3554,2023-06-05 11:45:00,37.311,37.332,37.255,37.308,839597
3555,2023-06-05 11:40:00,37.331,37.362,37.274,37.31,676884
3556,2023-06-05 11:35:00,37.361,37.382,37.235,37.329,1220887
3557,2023-06-05 11:30:00,37.282,37.401,37.265,37.354,989421
3558,2023-06-05 11:25:00,37.217,37.332,37.17,37.28,1189835
3559,2023-06-05 11:20:00,37.212,37.228,37.145,37.21,712170
3560,2023-06-05 11:15:00,37.172,37.262,37.135,37.204,713649
3561,2023-06-05 11:10:00,37.261,37.262,37.145,37.161,743967
3562,2023-06-05 11:05:00,37.132,37.26,37.061,37.245,1256713
3563,2023-06-05 11:00:00,37.226,37.243,37.106,37.116,827890
3564,2023-06-05 10:55:00,37.167,37.272,37.13,37.22,1796721
3565,2023-06-05 10:50:00,37.023,37.193,36.996,37.156,1080290
3566,2023-06-05 10:45:00,37.001,37.163,36.987,37.021,2049480
3567,2023-06-05 10:40:00,36.815,37.012,36.768,36.992,1638015
3568,2023-06-05 10:35:00,36.864,37.054,36.798,36.798,2111883
3569,2023-06-05 10:30:00,36.795,36.905,36.718,36.863,1463564
3570,2023-06-05 10:25:00,36.805,36.905,36.728,36.788,1019712
3571,2023-06-05 10:20:00,36.844,36.915,36.738,36.797,1219515
3572,2023-06-05 10:15:00,36.805,36.915,36.659,36.837,1899087
3573,2023-06-05 10:10:00,36.874,37.044,36.758,36.798,1550488
3574,2023-06-05 10:05:00,36.944,37.024,36.824,36.865,1946516
3575,2023-06-05 10:00:00,36.725,36.984,36.679,36.937,2522673
3576,2023-06-05 09:55:00,36.647,36.786,36.579,36.709,2137273
3577,2023-06-05 09:50:00,36.954,36.964,36.601,36.644,1957583
3578,2023-06-05 09:45:00,37.033,37.084,36.917,36.947,1757098
3579,2023-06-05 09:40:00,36.835,37.128,36.818,37.032,2548999
3580,2023-06-05 09:35:00,36.785,36.915,36.723,36.836,2811164
3581,2023-06-05 09:30:00,36.517,36.786,36.495,36.773,3313760
3582,2023-06-05 09:25:00,36.437,36.507,36.4,36.49,96333
3583,2023-06-05 09:20:00,36.487,36.497,36.4,36.431,88218
3584,2023-06-05 09:15:00,36.457,36.497,36.43,36.48,163772
3585,2023-06-05 09:10:00,36.515,36.517,36.44,36.455,91155
3586,2023-06-05 09:05:00,36.497,36.527,36.47,36.51,64619
3587,2023-06-05 09:00:00,36.437,36.527,36.43,36.48,115590
3588,2023-06-05 08:55:00,36.417,36.448,36.4,36.431,35256
3589,2023-06-05 08:50:00,36.468,36.488,36.4,36.411,92349
3590,2023-06-05 08:45:00,36.496,36.507,36.46,36.465,86680
3591,2023-06-05 08:40:00,36.417,36.497,36.405,36.49,77997
3592,2023-06-05 08:35:00,36.417,36.428,36.381,36.401,89269
3593,2023-06-05 08:30:00,36.387,36.418,36.351,36.411,52966
3594,2023-06-05 08:25:00,36.387,36.408,36.361,36.381,55084
3595,2023-06-05 08:20:00,36.368,36.388,36.331,36.381,78749
3596,2023-06-05 08:15:00,36.397,36.408,36.321,36.361,36838
3597,2023-06-05 08:10:00,36.417,36.428,36.381,36.391,39786
3598,2023-06-05 08:05:00,36.397,36.458,36.381,36.411,68743
3599,2023-06-05 08:00:00,36.387,36.497,36.122,36.391,440662
3600,2023-06-05 07:55:00,36.427,36.428,36.39,36.401,22477
3601,2023-06-05 07:50:00,36.387,36.418,36.361,36.411,9415
3602,2023-06-05 07:45:00,36.358,36.398,36.351,36.371,49247
3603,2023-06-05 07:40:00,36.368,36.377,36.321,36.351,19542
3604,2023-06-05 07:35:00,36.387,36.408,36.361,36.371,5042
3605,2023-06-05 07:30:00,36.397,36.418,36.381,36.391,47462
3606,2023-06-05 07:25:00,36.397,36.408,36.371,36.391,17500
3607,2023-06-05 07:20:00,36.447,36.468,36.39,36.391,27325
3608,2023-06-05 07:15:00,36.457,36.468,36.42,36.45,23613
3609,2023-06-05 07:10:00,36.417,36.458,36.41,36.44,16658
3610,2023-06-05 07:05:00,36.397,36.428,36.381,36.421,14907
3611,2023-06-05 07:00:00,36.368,36.408,36.341,36.391,50106
3612,2023-06-05 06:55:00,36.368,36.388,36.351,36.371,9457
3613,2023-06-05 06:50:00,36.368,36.368,36.341,36.351,2878
3614,2023-06-05 06:45:00,36.358,36.388,36.341,36.371,12867
3615,2023-06-05 06:40:00,36.348,36.368,36.331,36.341,7431
3616,2023-06-05 06:35:00,36.338,36.358,36.311,36.341,18802
3617,2023-06-05 06:30:00,36.288,36.368,36.281,36.331,28571
3618,2023-06-05 06:25:00,36.258,36.289,36.241,36.282,8784
3619,2023-06-05 06:20:00,36.248,36.259,36.232,36.252,1232
3620,2023-06-05 06:15:00,36.229,36.259,36.222,36.242,4756
3621,2023-06-05 06:10:00,36.229,36.239,36.212,36.222,11947
3622,2023-06-05 06:05:00,36.229,36.249,36.202,36.222,15622
3623,2023-06-05 06:00:00,36.258,36.269,36.212,36.222,9922
3624,2023-06-05 05:55:00,36.278,36.279,36.222,36.242,5042
3625,2023-06-05 05:50:00,36.268,36.289,36.241,36.272,10706
3626,2023-06-05 05:45:00,36.229,36.289,36.212,36.262,5395
3627,2023-06-05 05:40:00,36.318,36.319,36.212,36.222,49258
3628,2023-06-05 05:35:00,36.318,36.329,36.291,36.321,4931
3629,2023-06-05 05:30:00,36.348,36.358,36.311,36.311,13712
3630,2023-06-05 05:25:00,36.278,36.348,36.261,36.341,12365
3631,2023-06-05 05:20:00,36.248,36.279,36.232,36.262,14385
3632,2023-06-05 05:15:00,36.268,36.279,36.232,36.242,13891
3633,2023-06-05 05:10:00,36.308,36.309,36.261,36.282,9248
3634,2023-06-05 05:05:00,36.308,36.319,36.281,36.301,2822
3635,2023-06-05 05:00:00,36.298,36.339,36.291,36.301,46882
3636,2023-06-05 04:55:00,36.278,36.299,36.261,36.292,9099
3637,2023-06-05 04:50:00,36.318,36.319,36.271,36.272,14082
3638,2023-06-05 04:45:00,36.308,36.329,36.281,36.311,6779
3639,2023-06-05 04:40:00,36.328,36.329,36.291,36.311,7627
3640,2023-06-05 04:35:00,36.338,36.339,36.281,36.321,18766
3641,2023-06-05 04:30:00,36.338,36.368,36.311,36.331,26823
3642,2023-06-05 04:25:00,36.348,36.368,36.321,36.331,30588
3643,2023-06-05 04:20:00,36.338,36.358,36.311,36.341,13762
3644,2023-06-05 04:15:00,36.288,36.339,36.271,36.331,41325
3645,2023-06-05 04:10:00,36.338,36.348,36.271,36.282,48754
3646,2023-06-05 04:05:00,36.397,36.408,36.321,36.341,78787
3647,2023-06-05 04:00:00,36.378,36.507,36.122,36.391,185795
3648,2023-06-02 19:55:00,36.616,36.617,36.599,36.599,25089
3649,2023-06-02 19:50:00,36.586,36.627,36.579,36.599,22889
3650,2023-06-02 19:45:00,36.596,36.607,36.569,36.58,8437
3651,2023-06-02 19:40:00,36.586,36.607,36.569,36.589,9303
3652,2023-06-02 19:35:00,36.586,36.607,36.579,36.589,7055
3653,2023-06-02 19:30:00,36.586,36.597,36.579,36.58,406
3654,2023-06-02 19:25:00,36.596,36.607,36.579,36.589,3406
3655,2023-06-02 19:20:00,36.596,36.607,36.589,36.589,24422
3656,2023-06-02 19:15:00,36.606,36.617,36.589,36.589,3055
3657,2023-06-02 19:10:00,36.606,36.617,36.589,36.609,10910
3658,2023-06-02 19:05:00,36.576,36.607,36.569,36.599,23646
3659,2023-06-02 19:00:00,36.596,36.597,36.569,36.57,1355
3660,2023-06-02 18:55:00,36.586,36.597,36.564,36.589,22517
3661,2023-06-02 18:50:00,36.586,36.597,36.579,36.589,2605
3662,2023-06-02 18:45:00,36.586,36.597,36.579,36.589,2461
3663,2023-06-02 18:40:00,36.596,36.597,36.579,36.58,4420
3664,2023-06-02 18:35:00,36.586,36.597,36.579,36.58,1265
3665,2023-06-02 18:30:00,36.596,36.607,36.579,36.589,3946
3666,2023-06-02 18:25:00,36.581,36.597,36.559,36.589,11255
3667,2023-06-02 18:20:00,36.576,36.587,36.559,36.575,16028
3668,2023-06-02 18:15:00,36.586,36.607,36.579,36.58,8872
3669,2023-06-02 18:10:00,36.586,36.597,36.569,36.58,22308
3670,2023-06-02 18:05:00,36.576,36.587,36.559,36.58,4714
3671,2023-06-02 18:00:00,36.586,36.597,36.559,36.57,5101
3672,2023-06-02 17:55:00,36.596,36.597,36.569,36.589,3875
3673,2023-06-02 17:50:00,36.606,36.607,36.579,36.58,3020
3674,2023-06-02 17:45:00,36.606,36.607,36.589,36.599,1834
3675,2023-06-02 17:40:00,36.626,36.627,36.579,36.589,6343
3676,2023-06-02 17:35:00,36.626,36.627,36.609,36.609,16206
3677,2023-06-02 17:30:00,36.616,36.627,36.589,36.619,24990
3678,2023-06-02 17:25:00,36.616,36.627,36.599,36.609,9108
3679,2023-06-02 17:20:00,36.596,36.637,36.589,36.609,12119
3680,2023-06-02 17:15:00,36.596,36.617,36.569,36.609,30558
3681,2023-06-02 17:10:00,36.606,36.617,36.579,36.58,11709
3682,2023-06-02 17:05:00,36.616,36.637,36.599,36.599,14877
3683,2023-06-02 17:00:00,36.606,36.627,36.599,36.599,6945
3684,2023-06-02 16:55:00,36.606,36.617,36.589,36.599,259158
3685,2023-06-02 16:50:00,36.596,36.617,36.579,36.599,269390
3686,2023-06-02 16:45:00,36.566,36.597,36.549,36.589,18585
3687,2023-06-02 16:40:00,36.595,36.607,36.569,36.57,8836
3688,2023-06-02 16:35:00,36.616,36.617,36.579,36.589,25918
3689,2023-06-02 16:30:00,36.616,36.637,36.599,36.609,32509
3690,2023-06-02 16:25:00,36.616,36.627,36.589,36.609,34381
3691,2023-06-02 16:20:00,36.596,36.627,36.579,36.599,27472
3692,2023-06-02 16:15:00,36.576,36.627,36.569,36.589,33602
3693,2023-06-02 16:10:00,36.636,36.656,36.599,36.619,89630
3694,2023-06-02 16:05:00,36.606,36.647,36.599,36.629,111235
3695,2023-06-02 16:00:00,36.576,36.647,36.569,36.609,419835
3696,2023-06-02 15:55:00,36.626,36.636,36.516,36.57,2126466
3697,2023-06-02 15:50:00,36.636,36.647,36.549,36.619,1281012
3698,2023-06-02 15:45:00,36.576,36.666,36.534,36.634,940381
3699,2023-06-02 15:40:00,36.586,36.656,36.53,36.57,808639
3700,2023-06-02 15:35:00,36.532,36.607,36.525,36.583,496791
3701,2023-06-02 15:30:00,36.558,36.587,36.48,36.524,770329
3702,2023-06-02 15:25:00,36.626,36.627,36.549,36.552,530508
3703,2023-06-02 15:20:00,36.705,36.706,36.619,36.619,426742
3704,2023-06-02 15:15:00,36.626,36.716,36.619,36.69,568863
3705,2023-06-02 15:10:00,36.621,36.656,36.549,36.619,688395
3706,2023-06-02 15:05:00,36.695,36.746,36.599,36.617,848197
3707,2023-06-02 15:00:00,36.646,36.726,36.639,36.683,753436
3708,2023-06-02 14:55:00,36.651,36.661,36.569,36.629,664916
3709,2023-06-02 14:50:00,36.678,36.716,36.619,36.643,641612
3710,2023-06-02 14:45:00,36.641,36.726,36.63,36.676,636526
3711,2023-06-02 14:40:00,36.652,36.666,36.589,36.629,425660
3712,2023-06-02 14:35:00,36.601,36.666,36.569,36.645,485229
3713,2023-06-02 14:30:00,36.546,36.666,36.51,36.598,879100
3714,2023-06-02 14:25:00,36.585,36.607,36.48,36.53,728580
3715,2023-06-02 14:20:00,36.464,36.597,36.445,36.57,849398
3716,2023-06-02 14:15:00,36.423,36.468,36.39,36.458,602768
3717,2023-06-02 14:10:00,36.507,36.517,36.41,36.421,662275
3718,2023-06-02 14:05:00,36.576,36.587,36.4,36.5,1567756
3719,2023-06-02 14:00:00,36.646,36.696,36.574,36.58,638046
3720,2023-06-02 13:55:00,36.606,36.647,36.569,36.634,615952
3721,2023-06-02 13:50:00,36.621,36.642,36.559,36.599,529872
3722,2023-06-02 13:45:00,36.627,36.647,36.564,36.609,667964
3723,2023-06-02 13:40:00,36.651,36.666,36.569,36.629,608035
3724,2023-06-02 13:35:00,36.656,36.676,36.579,36.639,675906
3725,2023-06-02 13:30:00,36.735,36.756,36.589,36.649,1074219
3726,2023-06-02 13:25:00,36.696,36.776,36.689,36.729,808760
3727,2023-06-02 13:20:00,36.638,36.736,36.629,36.699,655779
3728,2023-06-02 13:15:00,36.656,36.696,36.608,36.638,834553
3729,2023-06-02 13:10:00,36.747,36.756,36.609,36.649,711537
3730,2023-06-02 13:05:00,36.656,36.776,36.649,36.746,816995
3731,2023-06-02 13:00:00,36.685,36.696,36.579,36.649,976530
3732,2023-06-02 12:55:00,36.745,36.766,36.659,36.679,627714
3733,2023-06-02 12:50:00,36.715,36.756,36.698,36.743,541010
3734,2023-06-02 12:45:00,36.685,36.796,36.669,36.709,1276858
3735,2023-06-02 12:40:00,36.646,36.696,36.589,36.672,783012
3736,2023-06-02 12:35:00,36.589,36.676,36.569,36.639,1355981
3737,2023-06-02 12:30:00,36.545,36.597,36.48,36.587,552010
3738,2023-06-02 12:25:00,36.556,36.587,36.47,36.53,628989
3739,2023-06-02 12:20:00,36.467,36.567,36.45,36.55,880524
3740,2023-06-02 12:15:00,36.457,36.478,36.39,36.459,649827
3741,2023-06-02 12:10:00,36.556,36.577,36.41,36.451,811724
3742,2023-06-02 12:05:00,36.549,36.607,36.48,36.55,856380
3743,2023-06-02 12:00:00,36.646,36.676,36.52,36.55,774062
3744,2023-06-02 11:55:00,36.576,36.676,36.549,36.631,1014308
3745,2023-06-02 11:50:00,36.559,36.582,36.44,36.57,1329065
3746,2023-06-02 11:45:00,36.664,36.666,36.53,36.56,530231
3747,2023-06-02 11:40:00,36.571,36.676,36.539,36.654,634134
3748,2023-06-02 11:35:00,36.616,36.622,36.539,36.57,858810
3749,2023-06-02 11:30:00,36.651,36.731,36.589,36.615,1136780
3750,2023-06-02 11:25:00,36.676,36.736,36.609,36.644,978030
3751,2023-06-02 11:20:00,36.556,36.726,36.543,36.669,991638
3752,2023-06-02 11:15:00,36.546,36.647,36.53,36.545,1007722
3753,2023-06-02 11:10:00,36.666,36.726,36.53,36.54,1330841
3754,2023-06-02 11:05:00,36.705,36.746,36.599,36.652,1847268
3755,2023-06-02 11:00:00,36.646,36.785,36.599,36.704,2777499
3756,2023-06-02 10:55:00,36.551,36.676,36.504,36.629,1550571
3757,2023-06-02 10:50:00,36.477,36.567,36.39,36.55,1755841
3758,2023-06-02 10:45:00,36.482,36.617,36.44,36.48,2577531
3759,2023-06-02 10:40:00,36.328,36.487,36.241,36.475,2283772
3760,2023-06-02 10:35:00,36.144,36.338,36.073,36.321,1309529
3761,2023-06-02 10:30:00,36.179,36.229,36.013,36.133,1364634
3762,2023-06-02 10:25:00,35.941,36.2,35.884,36.172,1953763
3763,2023-06-02 10:20:00,36.248,36.287,35.924,35.936,2535994
3764,2023-06-02 10:15:00,36.238,36.279,36.132,36.237,1663693
3765,2023-06-02 10:10:00,35.921,36.269,35.884,36.237,2536173
3766,2023-06-02 10:05:00,36.0,36.15,35.894,35.914,2643516
3767,2023-06-02 10:00:00,35.871,36.059,35.765,36.003,3018323
3768,2023-06-02 09:55:00,36.278,36.306,35.815,35.855,3081245
3769,2023-06-02 09:50:00,36.318,36.358,36.093,36.262,3887541
3770,2023-06-02 09:45:00,36.77,36.81,36.222,36.303,4714723
3771,2023-06-02 09:40:00,36.815,36.945,36.748,36.766,2748816
3772,2023-06-02 09:35:00,36.874,36.895,36.748,36.798,2596041
3773,2023-06-02 09:30:00,36.318,36.885,36.301,36.874,5438456
3774,2023-06-02 09:25:00,36.258,36.339,36.251,36.301,188106
3775,2023-06-02 09:20:00,36.229,36.289,36.192,36.252,265863
3776,2023-06-02 09:15:00,36.219,36.249,36.182,36.232,108148
3777,2023-06-02 09:10:00,36.248,36.289,36.202,36.217,228057
3778,2023-06-02 09:05:00,36.179,36.269,36.152,36.233,233133
3779,2023-06-02 09:00:00,36.07,36.209,36.063,36.162,260700
3780,2023-06-02 08:55:00,36.05,36.11,36.023,36.073,220702
3781,2023-06-02 08:50:00,36.109,36.11,35.934,36.053,407387
3782,2023-06-02 08:45:00,36.099,36.199,36.073,36.103,205901
3783,2023-06-02 08:40:00,36.099,36.17,36.053,36.103,374957
3784,2023-06-02 08:35:00,36.268,36.329,36.043,36.103,542808
3785,2023-06-02 08:30:00,36.326,36.358,35.993,36.272,1028075
3786,2023-06-02 08:25:00,36.278,36.339,36.251,36.311,161648
3787,2023-06-02 08:20:00,36.258,36.319,36.222,36.272,116995
3788,2023-06-02 08:15:00,36.338,36.339,36.232,36.252,172202
3789,2023-06-02 08:10:00,36.358,36.368,36.301,36.331,122669
3790,2023-06-02 08:05:00,36.397,36.398,36.341,36.361,80554
3791,2023-06-02 08:00:00,36.378,36.478,36.003,36.401,468648
3792,2023-06-02 07:55:00,36.397,36.428,36.361,36.371,32433
3793,2023-06-02 07:50:00,36.387,36.428,36.371,36.391,33522
3794,2023-06-02 07:45:00,36.358,36.408,36.341,36.371,46628
3795,2023-06-02 07:40:00,36.378,36.418,36.341,36.351,95198
3796,2023-06-02 07:35:00,36.437,36.438,36.351,36.361,63823
3797,2023-06-02 07:30:00,36.457,36.458,36.41,36.431,48341
3798,2023-06-02 07:25:00,36.387,36.478,36.371,36.46,106231
3799,2023-06-02 07:20:00,36.368,36.408,36.351,36.381,46991
3800,2023-06-02 07:15:00,36.358,36.398,36.321,36.361,32984
3801,2023-06-02 07:10:00,36.298,36.368,36.271,36.351,56380
3802,2023-06-02 07:05:00,36.288,36.329,36.281,36.292,36880
3803,2023-06-02 07:00:00,36.219,36.299,36.202,36.282,143171
3804,2023-06-02 06:55:00,36.209,36.259,36.202,36.212,28551
3805,2023-06-02 06:50:00,36.278,36.279,36.192,36.192,36166
3806,2023-06-02 06:45:00,36.308,36.319,36.251,36.272,18771
3807,2023-06-02 06:40:00,36.338,36.348,36.291,36.301,15553
3808,2023-06-02 06:35:00,36.358,36.368,36.321,36.341,18238
3809,2023-06-02 06:30:00,36.348,36.368,36.341,36.351,3674
3810,2023-06-02 06:25:00,36.358,36.378,36.331,36.351,6740
3811,2023-06-02 06:20:00,36.387,36.388,36.311,36.351,32549
3812,2023-06-02 06:15:00,36.318,36.408,36.301,36.381,20541
3813,2023-06-02 06:10:00,36.298,36.329,36.271,36.321,23181
3814,2023-06-02 06:05:00,36.298,36.309,36.261,36.292,44078
3815,2023-06-02 06:00:00,36.308,36.309,36.271,36.282,7448
3816,2023-06-02 05:55:00,36.288,36.309,36.281,36.301,16209
3817,2023-06-02 05:50:00,36.328,36.329,36.261,36.282,18101
3818,2023-06-02 05:45:00,36.328,36.348,36.311,36.321,13307
3819,2023-06-02 05:40:00,36.397,36.398,36.301,36.321,22787
3820,2023-06-02 05:35:00,36.387,36.408,36.361,36.391,20585
3821,2023-06-02 05:30:00,36.427,36.433,36.371,36.381,28153
3822,2023-06-02 05:25:00,36.397,36.428,36.341,36.421,19898
3823,2023-06-02 05:20:00,36.447,36.448,36.371,36.391,35904
3824,2023-06-02 05:15:00,36.358,36.468,36.311,36.44,48106
3825,2023-06-02 05:10:00,36.238,36.388,36.222,36.361,69444
3826,2023-06-02 05:05:00,36.209,36.249,36.182,36.242,13910
3827,2023-06-02 05:00:00,36.209,36.219,36.182,36.192,18298
3828,2023-06-02 04:55:00,36.159,36.209,36.142,36.192,27458
3829,2023-06-02 04:50:00,36.129,36.16,36.102,36.152,18751
3830,2023-06-02 04:45:00,36.149,36.16,36.112,36.123,16774
3831,2023-06-02 04:40:00,36.149,36.16,36.122,36.143,6962
3832,2023-06-02 04:35:00,36.149,36.17,36.122,36.143,26157
3833,2023-06-02 04:30:00,36.07,36.16,36.063,36.143,23862
3834,2023-06-02 04:25:00,36.06,36.08,36.043,36.053,13463
3835,2023-06-02 04:20:00,36.08,36.09,36.023,36.053,21950
3836,2023-06-02 04:15:00,36.04,36.09,36.023,36.063,18653
3837,2023-06-02 04:10:00,36.05,36.055,36.013,36.033,12936
3838,2023-06-02 04:05:00,36.109,36.12,36.013,36.043,48091
3839,2023-06-02 04:00:00,36.099,36.12,36.013,36.103,64944
3840,2023-06-01 19:55:00,35.841,35.862,35.824,35.845,24157
3841,2023-06-01 19:50:00,35.841,35.862,35.824,35.845,39959
3842,2023-06-01 19:45:00,35.861,35.862,35.824,35.835,15298
3843,2023-06-01 19:40:00,35.861,35.882,35.854,35.864,37309
3844,2023-06-01 19:35:00,35.871,35.872,35.844,35.855,11503
3845,2023-06-01 19:30:00,35.88,35.882,35.854,35.864,7917
3846,2023-06-01 19:25:00,35.881,35.892,35.864,35.874,4765
3847,2023-06-01 19:20:00,35.891,35.901,35.864,35.884,8526
3848,2023-06-01 19:15:00,35.881,35.901,35.864,35.884,16016
3849,2023-06-01 19:10:00,35.9,35.901,35.854,35.866,6545
3850,2023-06-01 19:05:00,35.896,35.901,35.874,35.894,5938
3851,2023-06-01 19:00:00,35.911,35.916,35.884,35.894,5053
3852,2023-06-01 18:55:00,35.901,35.921,35.894,35.914,25749
3853,2023-06-01 18:50:00,35.881,35.911,35.874,35.894,6650
3854,2023-06-01 18:45:00,35.9,35.901,35.874,35.894,11741
3855,2023-06-01 18:40:00,35.891,35.901,35.874,35.894,14801
3856,2023-06-01 18:35:00,35.911,35.911,35.884,35.884,53078
3857,2023-06-01 18:30:00,35.921,35.931,35.894,35.904,9607
3858,2023-06-01 18:25:00,35.921,35.941,35.909,35.914,35707
3859,2023-06-01 18:20:00,35.921,35.931,35.904,35.924,9490
3860,2023-06-01 18:15:00,35.921,35.931,35.894,35.904,11334
3861,2023-06-01 18:10:00,35.931,35.941,35.914,35.914,4657
3862,2023-06-01 18:05:00,35.921,35.941,35.904,35.934,17171
3863,2023-06-01 18:00:00,35.94,35.941,35.894,35.924,19925
3864,2023-06-01 17:55:00,35.94,35.951,35.924,35.934,10840
3865,2023-06-01 17:50:00,35.94,35.961,35.924,35.934,5596
3866,2023-06-01 17:45:00,35.931,35.961,35.914,35.934,11752
3867,2023-06-01 17:40:00,35.94,35.95,35.914,35.934,6003
3868,2023-06-01 17:35:00,35.94,35.961,35.904,35.934,18112
3869,2023-06-01 17:30:00,35.96,35.991,35.934,35.934,12684
3870,2023-06-01 17:25:00,36.04,36.05,35.953,35.954,32586
3871,2023-06-01 17:20:00,36.08,36.08,36.023,36.033,20037
3872,2023-06-01 17:15:00,36.05,36.09,36.043,36.063,18221
3873,2023-06-01 17:10:00,36.02,36.06,36.003,36.043,28537
3874,2023-06-01 17:05:00,35.95,36.031,35.944,36.003,60656
3875,2023-06-01 17:00:00,35.965,35.971,35.924,35.939,17682
3876,2023-06-01 16:55:00,35.97,35.971,35.944,35.954,13626
3877,2023-06-01 16:50:00,35.95,35.971,35.924,35.964,43746
3878,2023-06-01 16:45:00,35.96,35.981,35.934,35.944,23879
3879,2023-06-01 16:40:00,35.921,35.981,35.904,35.964,42282
3880,2023-06-01 16:35:00,35.94,35.951,35.894,35.924,22315
3881,2023-06-01 16:30:00,35.901,35.951,35.884,35.934,40309
3882,2023-06-01 16:25:00,35.871,35.931,35.854,35.894,34362
3883,2023-06-01 16:20:00,35.861,35.911,35.834,35.864,47775
3884,2023-06-01 16:15:00,35.772,35.941,35.765,35.855,93533
3885,2023-06-01 16:10:00,35.95,35.961,35.904,35.934,80243
3886,2023-06-01 16:05:00,35.881,35.961,35.864,35.944,106983
3887,2023-06-01 16:00:00,35.796,35.882,35.297,35.864,1035358
3888,2023-06-01 15:55:00,35.722,35.802,35.672,35.79,2633330
3889,2023-06-01 15:50:00,35.742,35.752,35.626,35.71,2270277
3890,2023-06-01 15:45:00,35.623,35.762,35.606,35.745,2054062
3891,2023-06-01 15:40:00,35.543,35.643,35.489,35.616,1703721
3892,2023-06-01 15:35:00,35.692,35.713,35.497,35.539,2525998
3893,2023-06-01 15:30:00,35.851,35.882,35.626,35.686,2667064
3894,2023-06-01 15:25:00,35.96,35.971,35.824,35.854,1128782
3895,2023-06-01 15:20:00,36.099,36.139,35.944,35.946,964719
3896,2023-06-01 15:15:00,36.139,36.19,36.093,36.093,775363
3897,2023-06-01 15:10:00,36.114,36.15,36.083,36.135,671955
3898,2023-06-01 15:05:00,36.119,36.17,36.073,36.113,1163432
3899,2023-06-01 15:00:00,36.01,36.12,35.993,36.106,972293
3900,2023-06-01 14:55:00,36.003,36.06,35.973,36.003,787287
3901,2023-06-01 14:50:00,35.95,36.06,35.914,35.994,1060739
3902,2023-06-01 14:45:00,35.907,35.956,35.864,35.934,412677
3903,2023-06-01 14:40:00,35.867,35.961,35.844,35.898,654886
3904,2023-06-01 14:35:00,35.841,35.911,35.824,35.855,649225
3905,2023-06-01 14:30:00,35.91,35.926,35.824,35.826,549035
3906,2023-06-01 14:25:00,35.935,35.951,35.864,35.894,462961
3907,2023-06-01 14:20:00,35.88,35.956,35.864,35.924,522397
3908,2023-06-01 14:15:00,35.901,35.961,35.854,35.874,766018
3909,2023-06-01 14:10:00,35.953,35.961,35.864,35.893,658647
3910,2023-06-01 14:05:00,35.861,35.981,35.849,35.954,1268939
3911,2023-06-01 14:00:00,35.881,35.887,35.785,35.855,837358
3912,2023-06-01 13:55:00,35.861,35.887,35.801,35.874,777482
3913,2023-06-01 13:50:00,35.821,35.872,35.775,35.856,1000122
3914,2023-06-01 13:45:00,35.717,35.822,35.705,35.809,803030
3915,2023-06-01 13:40:00,35.722,35.733,35.66,35.71,459450
3916,2023-06-01 13:35:00,35.681,35.752,35.656,35.713,810515
3917,2023-06-01 13:30:00,35.642,35.683,35.576,35.666,654879
3918,2023-06-01 13:25:00,35.674,35.688,35.586,35.636,941200
3919,2023-06-01 13:20:00,35.702,35.782,35.627,35.666,1454103
3920,2023-06-01 13:15:00,35.782,35.782,35.675,35.696,864093
3921,2023-06-01 13:10:00,35.662,35.782,35.646,35.775,744011
3922,2023-06-01 13:05:00,35.662,35.752,35.646,35.654,523591
3923,2023-06-01 13:00:00,35.712,35.732,35.626,35.656,684183
3924,2023-06-01 12:55:00,35.677,35.733,35.651,35.704,933179
3925,2023-06-01 12:50:00,35.662,35.691,35.586,35.676,880221
3926,2023-06-01 12:45:00,35.652,35.683,35.571,35.651,1082584
3927,2023-06-01 12:40:00,35.687,35.713,35.636,35.651,658537
3928,2023-06-01 12:35:00,35.603,35.693,35.576,35.686,829874
3929,2023-06-01 12:30:00,35.662,35.693,35.586,35.601,795784
3930,2023-06-01 12:25:00,35.695,35.723,35.606,35.651,899720
3931,2023-06-01 12:20:00,35.637,35.723,35.606,35.691,1479949
3932,2023-06-01 12:15:00,35.543,35.653,35.507,35.635,1048825
3933,2023-06-01 12:10:00,35.518,35.57,35.487,35.535,1068354
3934,2023-06-01 12:05:00,35.513,35.544,35.477,35.517,1200949
3935,2023-06-01 12:00:00,35.424,35.584,35.417,35.509,1780025
3936,2023-06-01 11:55:00,35.344,35.43,35.288,35.414,1317271
3937,2023-06-01 11:50:00,35.27,35.385,35.258,35.338,1771299
3938,2023-06-01 11:45:00,35.211,35.315,35.199,35.267,1017249
3939,2023-06-01 11:40:00,35.176,35.286,35.153,35.209,1182927
3940,2023-06-01 11:35:00,35.245,35.325,35.129,35.164,1956730
3941,2023-06-01 11:30:00,35.136,35.266,35.099,35.238,1147308
3942,2023-06-01 11:25:00,35.176,35.256,35.094,35.129,1654959
3943,2023-06-01 11:20:00,35.126,35.176,35.03,35.169,1270019
3944,2023-06-01 11:15:00,35.156,35.276,35.119,35.121,1772846
3945,2023-06-01 11:10:00,34.929,35.176,34.901,35.149,1320905
3946,2023-06-01 11:05:00,34.987,35.047,34.891,34.921,1150793
3947,2023-06-01 11:00:00,34.957,35.007,34.852,34.98,1077349
3948,2023-06-01 10:55:00,34.988,35.017,34.901,34.941,1029841
3949,2023-06-01 10:50:00,35.076,35.087,34.94,34.981,1403823
3950,2023-06-01 10:45:00,34.977,35.146,34.933,35.06,3594509
3951,2023-06-01 10:40:00,34.679,34.988,34.642,34.961,3241818
3952,2023-06-01 10:35:00,34.5,34.699,34.444,34.671,1338293
3953,2023-06-01 10:30:00,34.56,34.6,34.454,34.493,1059654
3954,2023-06-01 10:25:00,34.391,34.57,34.335,34.543,1676597
3955,2023-06-01 10:20:00,34.589,34.61,34.335,34.385,1483424
3956,2023-06-01 10:15:00,34.729,34.799,34.563,34.583,2198809
3957,2023-06-01 10:10:00,34.679,34.769,34.613,34.732,1206173
3958,2023-06-01 10:05:00,34.709,34.839,34.662,34.673,1962003
3959,2023-06-01 10:00:00,34.609,34.779,34.593,34.702,2852798
3960,2023-06-01 09:55:00,34.52,34.699,34.454,34.603,1782663
3961,2023-06-01 09:50:00,34.52,34.55,34.335,34.514,1310132
3962,2023-06-01 09:45:00,34.54,34.58,34.335,34.524,1413847
3963,2023-06-01 09:40:00,34.45,34.637,34.438,34.524,2608590
3964,2023-06-01 09:35:00,34.361,34.451,34.176,34.44,2177202
3965,2023-06-01 09:30:00,34.51,34.57,34.315,34.355,2815037
3966,2023-06-01 09:25:00,34.659,34.66,34.503,34.504,159253
3967,2023-06-01 09:20:00,34.589,34.68,34.573,34.663,131226
3968,2023-06-01 09:15:00,34.57,34.62,34.553,34.583,142868
3969,2023-06-01 09:10:00,34.58,34.62,34.543,34.563,93054
3970,2023-06-01 09:05:00,34.45,34.63,34.444,34.573,282848
3971,2023-06-01 09:00:00,34.5,34.511,34.414,34.444,80355
3972,2023-06-01 08:55:00,34.47,34.531,34.444,34.504,48644
3973,2023-06-01 08:50:00,34.47,34.511,34.444,34.464,66487
3974,2023-06-01 08:45:00,34.48,34.55,34.413,34.464,264340
3975,2023-06-01 08:40:00,34.5,34.511,34.394,34.474,144641
3976,2023-06-01 08:35:00,34.56,34.57,34.444,34.484,135598
3977,2023-06-01 08:30:00,34.431,34.68,34.424,34.553,270745
3978,2023-06-01 08:25:00,34.44,34.491,34.434,34.434,69969
3979,2023-06-01 08:20:00,34.431,34.451,34.354,34.434,109776
3980,2023-06-01 08:15:00,34.51,34.54,34.335,34.414,191657
3981,2023-06-01 08:10:00,34.49,34.511,34.474,34.484,46803
3982,2023-06-01 08:05:00,34.599,34.61,34.474,34.484,112080
3983,2023-06-01 08:00:00,34.648,34.853,34.383,34.603,412236
3984,2023-06-01 07:55:00,34.589,34.61,34.563,34.603,20212
3985,2023-06-01 07:50:00,34.599,34.63,34.573,34.583,23121
3986,2023-06-01 07:45:00,34.659,34.66,34.583,34.593,36429
3987,2023-06-01 07:40:00,34.619,34.68,34.593,34.653,32166
3988,2023-06-01 07:35:00,34.659,34.66,34.593,34.613,16010
3989,2023-06-01 07:30:00,34.689,34.69,34.642,34.653,83876
3990,2023-06-01 07:25:00,34.719,34.749,34.672,34.673,37348
3991,2023-06-01 07:20:00,34.758,34.759,34.712,34.712,36425
3992,2023-06-01 07:15:00,34.778,34.799,34.732,34.762,42013
3993,2023-06-01 07:10:00,34.758,34.789,34.712,34.782,65607
3994,2023-06-01 07:05:00,34.689,34.759,34.682,34.752,86699
3995,2023-06-01 07:00:00,34.639,34.709,34.623,34.692,57384
3996,2023-06-01 06:55:00,34.729,34.729,34.642,34.643,36687
3997,2023-06-01 06:50:00,34.699,34.739,34.682,34.722,12214
3998,2023-06-01 06:45:00,34.699,34.709,34.672,34.683,58247
3999,2023-06-01 06:40:00,34.738,34.749,34.682,34.683,12281
4000,2023-06-01 06:35:00,34.699,34.759,34.682,34.732,52065
4001,2023-06-01 06:30:00,34.619,34.709,34.613,34.692,23367
4002,2023-06-01 06:25:00,34.58,34.62,34.573,34.613,12343
4003,2023-06-01 06:20:00,34.56,34.59,34.553,34.573,44869
4004,2023-06-01 06:15:00,34.58,34.58,34.543,34.543,28587
4005,2023-06-01 06:10:00,34.589,34.59,34.553,34.573,5930
4006,2023-06-01 06:05:00,34.53,34.59,34.513,34.583,4643
4007,2023-06-01 06:00:00,34.58,34.58,34.523,34.524,4817
4008,2023-06-01 05:55:00,34.55,34.58,34.533,34.573,5156
4009,2023-06-01 05:50:00,34.54,34.56,34.513,34.543,5853
4010,2023-06-01 05:45:00,34.54,34.57,34.523,34.534,5588
4011,2023-06-01 05:40:00,34.52,34.55,34.503,34.524,5741
4012,2023-06-01 05:35:00,34.5,34.521,34.484,34.514,19185
4013,2023-06-01 05:30:00,34.52,34.521,34.474,34.504,33263
4014,2023-06-01 05:25:00,34.5,34.54,34.484,34.514,13642
4015,2023-06-01 05:20:00,34.52,34.521,34.493,34.494,26323
4016,2023-06-01 05:15:00,34.56,34.56,34.513,34.514,10435
4017,2023-06-01 05:10:00,34.58,34.59,34.553,34.563,9369
4018,2023-06-01 05:05:00,34.57,34.6,34.533,34.563,10894
4019,2023-06-01 05:00:00,34.619,34.62,34.543,34.563,14724
4020,2023-06-01 04:55:00,34.609,34.64,34.603,34.603,24705
4021,2023-06-01 04:50:00,34.599,34.64,34.593,34.613,23480
4022,2023-06-01 04:45:00,34.53,34.61,34.513,34.603,15790
4023,2023-06-01 04:40:00,34.54,34.55,34.493,34.514,13237
4024,2023-06-01 04:35:00,34.52,34.55,34.513,34.543,11783
4025,2023-06-01 04:30:00,34.48,34.54,34.474,34.524,9831
4026,2023-06-01 04:25:00,34.45,34.521,34.444,34.484,30484
4027,2023-06-01 04:20:00,34.45,34.461,34.374,34.454,54663
4028,2023-06-01 04:15:00,34.48,34.491,34.414,34.464,61105
4029,2023-06-01 04:10:00,34.48,34.491,34.444,34.464,39207
4030,2023-06-01 04:05:00,34.45,34.501,34.394,34.474,28292
4031,2023-06-01 04:00:00,34.51,34.709,34.424,34.444,108738
