,timestamp,open,high,low,close,volume
0,2022-11-30 19:55:00,23.301,23.318,23.265,23.284,77326
1,2022-11-30 19:50:00,23.291,23.308,23.246,23.274,87074
2,2022-11-30 19:45:00,23.301,23.318,23.256,23.264,97004
3,2022-11-30 19:40:00,23.291,23.308,23.256,23.274,86118
4,2022-11-30 19:35:00,23.321,23.327,23.265,23.284,58746
5,2022-11-30 19:30:00,23.33,23.337,23.275,23.303,61528
6,2022-11-30 19:25:00,23.34,23.377,23.315,23.323,94127
7,2022-11-30 19:20:00,23.33,23.367,23.305,23.333,114923
8,2022-11-30 19:15:00,23.33,23.357,23.285,23.303,53951
9,2022-11-30 19:10:00,23.345,23.357,23.285,23.303,47712
10,2022-11-30 19:05:00,23.389,23.396,23.305,23.323,114847
11,2022-11-30 19:00:00,23.35,23.406,23.315,23.382,84318
12,2022-11-30 18:55:00,23.38,23.396,23.324,23.343,98521
13,2022-11-30 18:50:00,23.34,23.396,23.305,23.362,103696
14,2022-11-30 18:45:00,23.321,23.347,23.285,23.313,199480
15,2022-11-30 18:40:00,23.301,23.337,23.275,23.313,25611
16,2022-11-30 18:35:00,23.291,23.318,23.256,23.294,43167
17,2022-11-30 18:30:00,23.321,23.327,23.246,23.265,145471
18,2022-11-30 18:25:00,23.311,23.337,23.285,23.303,52961
19,2022-11-30 18:20:00,23.311,23.327,23.285,23.294,33239
20,2022-11-30 18:15:00,23.33,23.347,23.265,23.294,116904
21,2022-11-30 18:10:00,23.311,23.347,23.285,23.303,88391
22,2022-11-30 18:05:00,23.36,23.367,23.285,23.303,49598
23,2022-11-30 18:00:00,23.34,23.426,23.285,23.352,117145
24,2022-11-30 17:55:00,23.311,23.337,23.285,23.313,45452
25,2022-11-30 17:50:00,23.35,23.357,23.285,23.294,77277
26,2022-11-30 17:45:00,23.37,23.377,23.118,23.313,128754
27,2022-11-30 17:40:00,23.37,23.377,23.334,23.343,58644
28,2022-11-30 17:35:00,23.34,23.377,23.305,23.343,71707
29,2022-11-30 17:30:00,23.34,23.347,23.295,23.323,33724
30,2022-11-30 17:25:00,23.35,23.357,23.305,23.313,25649
31,2022-11-30 17:20:00,23.34,23.357,23.305,23.323,44970
32,2022-11-30 17:15:00,23.35,23.357,23.295,23.313,36185
33,2022-11-30 17:10:00,23.33,23.357,23.305,23.323,65792
34,2022-11-30 17:05:00,23.33,23.357,23.305,23.313,53018
35,2022-11-30 17:00:00,23.35,23.377,23.305,23.313,68050
36,2022-11-30 16:55:00,23.33,23.367,23.295,23.343,258500
37,2022-11-30 16:50:00,23.301,23.347,23.265,23.303,219978
38,2022-11-30 16:45:00,23.33,23.337,23.265,23.294,114468
39,2022-11-30 16:40:00,23.36,23.367,23.305,23.313,225027
40,2022-11-30 16:35:00,23.33,23.376,23.285,23.343,291270
41,2022-11-30 16:30:00,23.242,23.337,23.216,23.303,231573
42,2022-11-30 16:25:00,23.214,23.259,23.187,23.225,208298
43,2022-11-30 16:20:00,23.204,23.229,23.177,23.195,310516
44,2022-11-30 16:15:00,23.232,23.239,23.167,23.186,305641
45,2022-11-30 16:10:00,23.262,23.269,23.187,23.215,944573
46,2022-11-30 16:05:00,23.222,23.279,23.197,23.235,398960
47,2022-11-30 16:00:00,23.222,23.278,23.078,23.205,1150102
48,2022-11-30 15:55:00,23.026,23.234,23.0,23.205,6949826
49,2022-11-30 15:50:00,22.869,23.082,22.824,23.009,6961212
50,2022-11-30 15:45:00,22.834,22.934,22.794,22.857,5185464
51,2022-11-30 15:40:00,22.815,22.856,22.755,22.822,2197952
52,2022-11-30 15:35:00,22.932,22.984,22.765,22.803,4380971
53,2022-11-30 15:30:00,22.803,22.944,22.765,22.916,3564383
54,2022-11-30 15:25:00,22.721,22.817,22.687,22.791,3057022
55,2022-11-30 15:20:00,22.682,22.767,22.618,22.71,2054299
56,2022-11-30 15:15:00,22.574,22.748,22.53,22.66,4376995
57,2022-11-30 15:10:00,22.578,22.6,22.5,22.559,2115101
58,2022-11-30 15:05:00,22.486,22.6,22.412,22.561,3861447
59,2022-11-30 15:00:00,22.412,22.502,22.328,22.479,3667109
60,2022-11-30 14:55:00,22.35,22.423,22.255,22.39,2918937
61,2022-11-30 14:50:00,22.378,22.492,22.284,22.332,4396303
62,2022-11-30 14:45:00,22.243,22.384,22.214,22.356,3887573
63,2022-11-30 14:40:00,22.358,22.404,22.186,22.224,4549780
64,2022-11-30 14:35:00,22.437,22.492,22.255,22.332,4919684
65,2022-11-30 14:30:00,22.495,22.532,22.314,22.43,8026827
66,2022-11-30 14:25:00,22.474,22.6,22.353,22.475,15229011
67,2022-11-30 14:20:00,22.466,22.541,22.343,22.453,11029193
68,2022-11-30 14:15:00,22.073,22.512,22.039,22.454,9694863
69,2022-11-30 14:10:00,21.935,22.109,21.892,22.047,5815186
70,2022-11-30 14:05:00,21.862,22.06,21.833,21.913,8455544
71,2022-11-30 14:00:00,21.636,21.903,21.607,21.846,10521391
72,2022-11-30 13:55:00,21.322,21.716,21.283,21.62,8987958
73,2022-11-30 13:50:00,21.258,21.333,21.146,21.311,3587922
74,2022-11-30 13:45:00,21.268,21.343,20.96,21.245,6405104
75,2022-11-30 13:40:00,21.324,21.441,21.126,21.252,8097446
76,2022-11-30 13:35:00,20.875,21.411,20.851,21.301,9613463
77,2022-11-30 13:30:00,20.619,21.155,20.43,20.859,17138284
78,2022-11-30 13:25:00,20.612,20.645,20.567,20.603,679655
79,2022-11-30 13:20:00,20.6,20.635,20.557,20.599,582161
80,2022-11-30 13:15:00,20.629,20.645,20.571,20.594,692378
81,2022-11-30 13:10:00,20.606,20.674,20.567,20.614,1193343
82,2022-11-30 13:05:00,20.541,20.615,20.498,20.594,1010612
83,2022-11-30 13:00:00,20.452,20.556,20.425,20.53,837967
84,2022-11-30 12:55:00,20.477,20.502,20.41,20.442,631336
85,2022-11-30 12:50:00,20.459,20.498,20.42,20.457,652304
86,2022-11-30 12:45:00,20.428,20.478,20.39,20.442,693417
87,2022-11-30 12:40:00,20.369,20.458,20.312,20.408,997075
88,2022-11-30 12:35:00,20.423,20.429,20.302,20.349,888305
89,2022-11-30 12:30:00,20.388,20.439,20.351,20.403,819735
90,2022-11-30 12:25:00,20.379,20.414,20.323,20.368,712929
91,2022-11-30 12:20:00,20.403,20.409,20.263,20.359,2441399
92,2022-11-30 12:15:00,20.531,20.537,20.361,20.388,1483373
93,2022-11-30 12:10:00,20.565,20.596,20.508,20.521,387058
94,2022-11-30 12:05:00,20.648,20.655,20.518,20.545,735678
95,2022-11-30 12:00:00,20.609,20.655,20.567,20.633,430590
96,2022-11-30 11:55:00,20.629,20.645,20.567,20.589,517583
97,2022-11-30 11:50:00,20.668,20.694,20.587,20.609,796188
98,2022-11-30 11:45:00,20.644,20.694,20.606,20.648,1060410
99,2022-11-30 11:40:00,20.678,20.704,20.616,20.633,1738278
100,2022-11-30 11:35:00,20.614,20.684,20.587,20.654,1065251
101,2022-11-30 11:30:00,20.57,20.645,20.508,20.604,1453289
102,2022-11-30 11:25:00,20.527,20.615,20.489,20.55,1067648
103,2022-11-30 11:20:00,20.531,20.586,20.479,20.511,640189
104,2022-11-30 11:15:00,20.541,20.606,20.469,20.522,927274
105,2022-11-30 11:10:00,20.536,20.595,20.489,20.53,1069436
106,2022-11-30 11:05:00,20.383,20.566,20.351,20.52,1681174
107,2022-11-30 11:00:00,20.452,20.507,20.322,20.359,1817922
108,2022-11-30 10:55:00,20.413,20.498,20.39,20.432,967043
109,2022-11-30 10:50:00,20.437,20.498,20.371,20.406,1296850
110,2022-11-30 10:45:00,20.536,20.547,20.39,20.427,1953436
111,2022-11-30 10:40:00,20.57,20.615,20.508,20.516,1120429
112,2022-11-30 10:35:00,20.523,20.606,20.493,20.555,1102300
113,2022-11-30 10:30:00,20.59,20.625,20.469,20.511,985772
114,2022-11-30 10:25:00,20.624,20.635,20.481,20.579,1318151
115,2022-11-30 10:20:00,20.531,20.655,20.498,20.604,1275200
116,2022-11-30 10:15:00,20.604,20.645,20.484,20.521,1300759
117,2022-11-30 10:10:00,20.678,20.71,20.547,20.584,1280563
118,2022-11-30 10:05:00,20.565,20.714,20.503,20.668,2309003
119,2022-11-30 10:00:00,20.639,20.694,20.39,20.545,3189384
120,2022-11-30 09:55:00,20.59,20.665,20.547,20.619,1466588
121,2022-11-30 09:50:00,20.57,20.665,20.489,20.575,1897260
122,2022-11-30 09:45:00,20.693,20.714,20.498,20.555,2122165
123,2022-11-30 09:40:00,20.506,20.731,20.469,20.682,3436545
124,2022-11-30 09:35:00,20.654,20.694,20.43,20.495,3080019
125,2022-11-30 09:30:00,20.482,20.665,20.371,20.633,3770986
126,2022-11-30 09:25:00,20.55,20.556,20.449,20.467,218051
127,2022-11-30 09:20:00,20.56,20.586,20.439,20.545,160833
128,2022-11-30 09:15:00,20.501,20.576,20.479,20.555,149150
129,2022-11-30 09:10:00,20.501,20.537,20.479,20.496,168584
130,2022-11-30 09:05:00,20.442,20.537,20.42,20.486,148387
131,2022-11-30 09:00:00,20.403,20.458,20.361,20.437,153427
132,2022-11-30 08:55:00,20.481,20.488,20.371,20.388,282505
133,2022-11-30 08:50:00,20.442,20.517,20.42,20.457,167941
134,2022-11-30 08:45:00,20.501,20.517,20.4,20.437,375746
135,2022-11-30 08:40:00,20.531,20.566,20.469,20.486,262505
136,2022-11-30 08:35:00,20.521,20.556,20.459,20.516,292498
137,2022-11-30 08:30:00,20.727,20.763,20.439,20.496,693302
138,2022-11-30 08:25:00,20.708,20.753,20.665,20.712,117632
139,2022-11-30 08:20:00,20.757,20.802,20.675,20.702,281766
140,2022-11-30 08:15:00,20.658,20.812,20.626,20.741,447096
141,2022-11-30 08:10:00,20.609,20.655,20.577,20.614,137184
142,2022-11-30 08:05:00,20.599,20.655,20.576,20.594,97929
143,2022-11-30 08:00:00,20.678,20.752,20.459,20.584,479223
144,2022-11-30 07:55:00,20.658,20.665,20.596,20.604,38343
145,2022-11-30 07:50:00,20.629,20.684,20.606,20.653,43850
146,2022-11-30 07:45:00,20.6,20.645,20.577,20.614,14075
147,2022-11-30 07:40:00,20.619,20.635,20.577,20.584,60467
148,2022-11-30 07:35:00,20.619,20.645,20.587,20.604,26840
149,2022-11-30 07:30:00,20.658,20.674,20.606,20.614,46670
150,2022-11-30 07:25:00,20.649,20.674,20.606,20.633,54376
151,2022-11-30 07:20:00,20.649,20.674,20.626,20.633,14212
152,2022-11-30 07:15:00,20.678,20.684,20.626,20.633,9821
153,2022-11-30 07:10:00,20.678,20.704,20.646,20.663,19151
154,2022-11-30 07:05:00,20.668,20.694,20.636,20.663,37579
155,2022-11-30 07:00:00,20.678,20.684,20.636,20.643,112996
156,2022-11-30 06:55:00,20.668,20.704,20.646,20.673,29035
157,2022-11-30 06:50:00,20.668,20.674,20.626,20.653,12003
158,2022-11-30 06:45:00,20.649,20.674,20.626,20.653,19064
159,2022-11-30 06:40:00,20.639,20.665,20.606,20.643,12959
160,2022-11-30 06:35:00,20.58,20.645,20.557,20.624,29952
161,2022-11-30 06:30:00,20.6,20.615,20.557,20.584,29935
162,2022-11-30 06:25:00,20.609,20.615,20.557,20.575,11001
163,2022-11-30 06:20:00,20.6,20.625,20.567,20.594,17057
164,2022-11-30 06:15:00,20.58,20.606,20.557,20.584,7871
165,2022-11-30 06:10:00,20.59,20.596,20.547,20.575,15085
166,2022-11-30 06:05:00,20.629,20.635,20.577,20.584,30396
167,2022-11-30 06:00:00,20.619,20.665,20.596,20.614,18966
168,2022-11-30 05:55:00,20.619,20.655,20.596,20.614,15825
169,2022-11-30 05:50:00,20.688,20.694,20.587,20.614,23003
170,2022-11-30 05:45:00,20.658,20.694,20.636,20.673,14684
171,2022-11-30 05:40:00,20.688,20.733,20.646,20.653,237714
172,2022-11-30 05:35:00,20.678,20.694,20.636,20.673,18275
173,2022-11-30 05:30:00,20.658,20.684,20.636,20.663,9855
174,2022-11-30 05:25:00,20.629,20.665,20.587,20.643,104139
175,2022-11-30 05:20:00,20.629,20.655,20.596,20.614,10536
176,2022-11-30 05:15:00,20.639,20.665,20.596,20.624,20103
177,2022-11-30 05:10:00,20.639,20.665,20.616,20.633,22066
178,2022-11-30 05:05:00,20.6,20.645,20.577,20.604,14167
179,2022-11-30 05:00:00,20.619,20.655,20.577,20.594,10197
180,2022-11-30 04:55:00,20.629,20.635,20.596,20.614,19301
181,2022-11-30 04:50:00,20.6,20.645,20.567,20.624,17162
182,2022-11-30 04:45:00,20.59,20.615,20.547,20.575,43678
183,2022-11-30 04:40:00,20.678,20.684,20.538,20.575,47272
184,2022-11-30 04:35:00,20.737,20.743,20.626,20.663,49900
185,2022-11-30 04:30:00,20.737,20.763,20.704,20.712,29648
186,2022-11-30 04:25:00,20.698,20.753,20.665,20.712,49787
187,2022-11-30 04:20:00,20.688,20.704,20.655,20.682,48102
188,2022-11-30 04:15:00,20.678,20.714,20.646,20.682,22234
189,2022-11-30 04:10:00,20.688,20.714,20.646,20.653,25626
190,2022-11-30 04:05:00,20.688,20.714,20.655,20.673,43540
191,2022-11-30 04:00:00,20.649,20.724,20.518,20.673,159068
192,2022-11-29 19:55:00,20.423,20.439,20.381,20.408,98340
193,2022-11-29 19:50:00,20.423,20.439,20.39,20.408,36146
194,2022-11-29 19:45:00,20.423,20.448,20.39,20.408,138039
195,2022-11-29 19:40:00,20.393,20.429,20.371,20.408,37094
196,2022-11-29 19:35:00,20.383,20.409,20.361,20.388,26557
197,2022-11-29 19:30:00,20.354,20.389,20.332,20.359,22672
198,2022-11-29 19:25:00,20.364,20.38,20.332,20.349,35005
199,2022-11-29 19:20:00,20.344,20.37,20.312,20.339,17070
200,2022-11-29 19:15:00,20.324,20.34,20.282,20.319,21775
201,2022-11-29 19:10:00,20.324,20.34,20.302,20.309,8814
202,2022-11-29 19:05:00,20.344,20.35,20.302,20.309,33497
203,2022-11-29 19:00:00,20.315,20.36,20.292,20.329,28511
204,2022-11-29 18:55:00,20.305,20.321,20.273,20.3,48928
205,2022-11-29 18:50:00,20.315,20.33,20.273,20.281,19509
206,2022-11-29 18:45:00,20.315,20.33,20.282,20.3,24913
207,2022-11-29 18:40:00,20.324,20.33,20.282,20.3,9199
208,2022-11-29 18:35:00,20.315,20.34,20.273,20.309,25765
209,2022-11-29 18:30:00,20.324,20.33,20.283,20.3,31214
210,2022-11-29 18:25:00,20.344,20.36,20.292,20.309,37706
211,2022-11-29 18:20:00,20.354,20.36,20.322,20.339,46943
212,2022-11-29 18:15:00,20.364,20.38,20.312,20.329,46145
213,2022-11-29 18:10:00,20.393,20.399,20.332,20.359,10335
214,2022-11-29 18:05:00,20.393,20.409,20.351,20.368,37548
215,2022-11-29 18:00:00,20.393,20.409,20.361,20.378,20654
216,2022-11-29 17:55:00,20.393,20.409,20.371,20.388,8771
217,2022-11-29 17:50:00,20.413,20.419,20.371,20.379,4626
218,2022-11-29 17:45:00,20.423,20.429,20.39,20.398,8635
219,2022-11-29 17:40:00,20.413,20.429,20.39,20.398,7548
220,2022-11-29 17:35:00,20.413,20.429,20.39,20.398,3163
221,2022-11-29 17:30:00,20.423,20.429,20.39,20.408,6890
222,2022-11-29 17:25:00,20.413,20.429,20.39,20.398,4978
223,2022-11-29 17:20:00,20.403,20.429,20.371,20.398,18049
224,2022-11-29 17:15:00,20.403,20.409,20.371,20.378,23351
225,2022-11-29 17:10:00,20.394,20.409,20.371,20.378,23727
226,2022-11-29 17:05:00,20.403,20.409,20.361,20.388,13698
227,2022-11-29 17:00:00,20.403,20.409,20.371,20.388,16303
228,2022-11-29 16:55:00,20.403,20.419,20.371,20.378,11206
229,2022-11-29 16:50:00,20.403,20.419,20.371,20.378,18142
230,2022-11-29 16:45:00,20.403,20.409,20.371,20.388,6959
231,2022-11-29 16:40:00,20.393,20.409,20.361,20.388,34008
232,2022-11-29 16:35:00,20.383,20.409,20.361,20.37,18340
233,2022-11-29 16:30:00,20.364,20.389,20.341,20.359,15444
234,2022-11-29 16:25:00,20.364,20.38,20.332,20.349,32196
235,2022-11-29 16:20:00,20.364,20.38,20.332,20.349,41155
236,2022-11-29 16:15:00,20.334,20.38,20.312,20.349,50648
237,2022-11-29 16:10:00,20.354,20.37,20.312,20.319,97839
238,2022-11-29 16:05:00,20.442,20.448,20.322,20.33,115846
239,2022-11-29 16:00:00,20.413,20.448,20.381,20.417,654628
240,2022-11-29 15:55:00,20.359,20.458,20.336,20.398,2817481
241,2022-11-29 15:50:00,20.383,20.429,20.302,20.349,1609328
242,2022-11-29 15:45:00,20.369,20.389,20.282,20.366,1175453
243,2022-11-29 15:40:00,20.381,20.448,20.341,20.353,945928
244,2022-11-29 15:35:00,20.437,20.468,20.332,20.368,1087557
245,2022-11-29 15:30:00,20.369,20.468,20.307,20.422,1465301
246,2022-11-29 15:25:00,20.349,20.419,20.292,20.349,802854
247,2022-11-29 15:20:00,20.383,20.458,20.297,20.339,1531930
248,2022-11-29 15:15:00,20.398,20.429,20.341,20.368,1509755
249,2022-11-29 15:10:00,20.413,20.429,20.332,20.383,1117203
250,2022-11-29 15:05:00,20.303,20.439,20.278,20.403,939681
251,2022-11-29 15:00:00,20.349,20.409,20.273,20.28,1287777
252,2022-11-29 14:55:00,20.295,20.37,20.263,20.339,1015399
253,2022-11-29 14:50:00,20.27,20.34,20.243,20.275,1128859
254,2022-11-29 14:45:00,20.275,20.301,20.224,20.255,568383
255,2022-11-29 14:40:00,20.344,20.365,20.224,20.264,960233
256,2022-11-29 14:35:00,20.334,20.37,20.243,20.329,837937
257,2022-11-29 14:30:00,20.364,20.37,20.273,20.31,957621
258,2022-11-29 14:25:00,20.388,20.419,20.302,20.348,907158
259,2022-11-29 14:20:00,20.462,20.488,20.351,20.368,1028142
260,2022-11-29 14:15:00,20.495,20.517,20.435,20.442,522437
261,2022-11-29 14:10:00,20.49,20.527,20.43,20.481,602537
262,2022-11-29 14:05:00,20.55,20.557,20.449,20.467,1223913
263,2022-11-29 14:00:00,20.408,20.596,20.381,20.53,2300191
264,2022-11-29 13:55:00,20.356,20.419,20.322,20.388,793367
265,2022-11-29 13:50:00,20.329,20.378,20.273,20.339,951968
266,2022-11-29 13:45:00,20.3,20.37,20.275,20.31,1028292
267,2022-11-29 13:40:00,20.266,20.321,20.233,20.284,751940
268,2022-11-29 13:35:00,20.212,20.291,20.184,20.255,1351223
269,2022-11-29 13:30:00,20.192,20.232,20.155,20.197,1087795
270,2022-11-29 13:25:00,20.29,20.301,20.165,20.172,1172392
271,2022-11-29 13:20:00,20.344,20.355,20.243,20.275,975275
272,2022-11-29 13:15:00,20.482,20.498,20.282,20.324,1437352
273,2022-11-29 13:10:00,20.423,20.498,20.385,20.467,433336
274,2022-11-29 13:05:00,20.423,20.478,20.386,20.404,452321
275,2022-11-29 13:00:00,20.491,20.517,20.371,20.408,1368846
276,2022-11-29 12:55:00,20.496,20.556,20.459,20.486,523225
277,2022-11-29 12:50:00,20.526,20.576,20.469,20.481,609805
278,2022-11-29 12:45:00,20.558,20.586,20.459,20.509,676864
279,2022-11-29 12:40:00,20.526,20.596,20.489,20.538,1307553
280,2022-11-29 12:35:00,20.413,20.586,20.361,20.506,2381579
281,2022-11-29 12:30:00,20.383,20.439,20.341,20.398,537987
282,2022-11-29 12:25:00,20.379,20.458,20.322,20.364,922287
283,2022-11-29 12:20:00,20.462,20.477,20.353,20.363,711850
284,2022-11-29 12:15:00,20.408,20.478,20.322,20.452,1053820
285,2022-11-29 12:10:00,20.423,20.439,20.312,20.393,731960
286,2022-11-29 12:05:00,20.392,20.458,20.352,20.417,957863
287,2022-11-29 12:00:00,20.428,20.439,20.341,20.373,986482
288,2022-11-29 11:55:00,20.373,20.448,20.341,20.412,1606572
289,2022-11-29 11:50:00,20.344,20.38,20.233,20.354,1284605
290,2022-11-29 11:45:00,20.324,20.367,20.258,20.329,901703
291,2022-11-29 11:40:00,20.329,20.36,20.243,20.3,1278120
292,2022-11-29 11:35:00,20.294,20.35,20.224,20.319,1770936
293,2022-11-29 11:30:00,20.246,20.33,20.165,20.279,2023362
294,2022-11-29 11:25:00,20.221,20.272,20.155,20.235,2539366
295,2022-11-29 11:20:00,20.162,20.242,20.086,20.202,3722213
296,2022-11-29 11:15:00,20.403,20.409,20.135,20.149,3549087
297,2022-11-29 11:10:00,20.349,20.429,20.273,20.383,4033814
298,2022-11-29 11:05:00,20.531,20.566,20.322,20.332,4268524
299,2022-11-29 11:00:00,20.816,20.841,20.459,20.517,4609407
300,2022-11-29 10:55:00,20.796,20.92,20.767,20.796,1858634
301,2022-11-29 10:50:00,20.969,21.008,20.783,20.79,3408766
302,2022-11-29 10:45:00,20.934,20.999,20.891,20.952,2144096
303,2022-11-29 10:40:00,20.918,20.989,20.874,20.908,1701259
304,2022-11-29 10:35:00,20.929,20.959,20.842,20.908,1772972
305,2022-11-29 10:30:00,20.968,21.048,20.891,20.913,2483554
306,2022-11-29 10:25:00,20.866,20.984,20.812,20.952,2991082
307,2022-11-29 10:20:00,20.819,20.9,20.783,20.859,1911410
308,2022-11-29 10:15:00,20.673,20.871,20.636,20.8,2042257
309,2022-11-29 10:10:00,20.83,20.861,20.606,20.653,2525866
310,2022-11-29 10:05:00,20.767,20.9,20.695,20.82,3054158
311,2022-11-29 10:00:00,20.727,20.861,20.685,20.741,2521391
312,2022-11-29 09:55:00,20.731,20.753,20.626,20.702,2119181
313,2022-11-29 09:50:00,20.768,20.792,20.675,20.712,1581881
314,2022-11-29 09:45:00,20.752,20.802,20.665,20.756,2089029
315,2022-11-29 09:40:00,20.786,20.93,20.704,20.737,2838470
316,2022-11-29 09:35:00,20.943,20.95,20.753,20.781,3189202
317,2022-11-29 09:30:00,20.943,20.989,20.803,20.938,4332305
318,2022-11-29 09:25:00,21.022,21.048,20.901,20.928,199917
319,2022-11-29 09:20:00,21.002,21.038,20.93,21.006,153546
320,2022-11-29 09:15:00,21.081,21.087,20.969,21.006,180007
321,2022-11-29 09:10:00,21.051,21.097,21.018,21.075,203632
322,2022-11-29 09:05:00,21.051,21.097,21.009,21.044,163952
323,2022-11-29 09:00:00,21.022,21.077,20.979,21.026,180964
324,2022-11-29 08:55:00,20.943,21.028,20.92,20.997,153332
325,2022-11-29 08:50:00,20.963,20.989,20.901,20.928,249434
326,2022-11-29 08:45:00,20.992,21.013,20.95,20.957,91407
327,2022-11-29 08:40:00,21.002,21.009,20.93,20.977,120616
328,2022-11-29 08:35:00,21.042,21.107,20.93,20.986,186894
329,2022-11-29 08:30:00,21.051,21.087,20.989,21.026,84159
330,2022-11-29 08:25:00,21.101,21.107,21.028,21.036,95331
331,2022-11-29 08:20:00,21.051,21.117,21.028,21.085,112744
332,2022-11-29 08:15:00,21.022,21.067,20.979,21.036,298525
333,2022-11-29 08:10:00,21.159,21.166,20.96,21.006,246445
334,2022-11-29 08:05:00,21.189,21.205,21.126,21.134,58388
335,2022-11-29 08:00:00,21.238,21.341,21.079,21.164,555246
336,2022-11-29 07:55:00,21.199,21.225,21.175,21.203,95777
337,2022-11-29 07:50:00,21.169,21.205,21.146,21.173,135304
338,2022-11-29 07:45:00,21.14,21.176,21.087,21.154,74857
339,2022-11-29 07:40:00,21.169,21.185,21.117,21.124,31771
340,2022-11-29 07:35:00,21.199,21.205,21.136,21.144,42607
341,2022-11-29 07:30:00,21.209,21.225,21.175,21.183,22786
342,2022-11-29 07:25:00,21.228,21.244,21.175,21.193,51365
343,2022-11-29 07:20:00,21.228,21.254,21.205,21.222,48848
344,2022-11-29 07:15:00,21.218,21.234,21.185,21.213,34221
345,2022-11-29 07:10:00,21.199,21.244,21.175,21.213,57177
346,2022-11-29 07:05:00,21.218,21.234,21.185,21.193,53328
347,2022-11-29 07:00:00,21.248,21.264,21.195,21.203,256504
348,2022-11-29 06:55:00,21.218,21.264,21.195,21.242,54799
349,2022-11-29 06:50:00,21.189,21.225,21.166,21.203,6413
350,2022-11-29 06:45:00,21.189,21.195,21.146,21.163,5819
351,2022-11-29 06:40:00,21.189,21.195,21.136,21.173,11370
352,2022-11-29 06:35:00,21.199,21.244,21.166,21.173,17653
353,2022-11-29 06:30:00,21.199,21.234,21.175,21.193,20231
354,2022-11-29 06:25:00,21.199,21.205,21.156,21.173,9352
355,2022-11-29 06:20:00,21.15,21.215,21.126,21.183,47897
356,2022-11-29 06:15:00,21.179,21.195,21.126,21.134,91011
357,2022-11-29 06:10:00,21.159,21.185,21.097,21.163,25582
358,2022-11-29 06:05:00,21.199,21.205,21.126,21.154,13478
359,2022-11-29 06:00:00,21.189,21.234,21.166,21.193,20656
360,2022-11-29 05:55:00,21.209,21.215,21.166,21.183,2409
361,2022-11-29 05:50:00,21.248,21.254,21.175,21.193,22458
362,2022-11-29 05:45:00,21.248,21.264,21.215,21.222,19418
363,2022-11-29 05:40:00,21.268,21.274,21.224,21.242,8121
364,2022-11-29 05:35:00,21.228,21.274,21.205,21.252,26137
365,2022-11-29 05:30:00,21.218,21.254,21.195,21.213,9074
366,2022-11-29 05:25:00,21.209,21.234,21.185,21.193,13566
367,2022-11-29 05:20:00,21.209,21.234,21.185,21.193,36989
368,2022-11-29 05:15:00,21.189,21.205,21.156,21.183,10129
369,2022-11-29 05:10:00,21.14,21.195,21.117,21.163,15707
370,2022-11-29 05:05:00,21.159,21.166,21.087,21.124,28812
371,2022-11-29 05:00:00,21.14,21.176,21.117,21.144,32167
372,2022-11-29 04:55:00,21.14,21.166,21.107,21.124,13861
373,2022-11-29 04:50:00,21.11,21.136,21.067,21.114,78379
374,2022-11-29 04:45:00,21.159,21.185,21.087,21.105,71653
375,2022-11-29 04:40:00,21.169,21.185,21.126,21.134,59313
376,2022-11-29 04:35:00,21.179,21.195,21.156,21.163,58166
377,2022-11-29 04:30:00,21.218,21.244,21.136,21.163,66326
378,2022-11-29 04:25:00,21.209,21.234,21.185,21.203,27861
379,2022-11-29 04:20:00,21.228,21.264,21.185,21.193,54691
380,2022-11-29 04:15:00,21.228,21.274,21.205,21.213,61666
381,2022-11-29 04:10:00,21.228,21.264,21.185,21.213,54049
382,2022-11-29 04:05:00,21.277,21.303,21.205,21.213,100068
383,2022-11-29 04:00:00,21.336,21.372,21.224,21.262,236514
384,2022-11-28 19:55:00,20.983,21.008,20.94,20.957,53921
385,2022-11-28 19:50:00,20.973,20.999,20.95,20.968,92420
386,2022-11-28 19:45:00,20.983,20.989,20.94,20.958,25789
387,2022-11-28 19:40:00,20.992,20.999,20.95,20.967,12444
388,2022-11-28 19:35:00,20.983,20.999,20.96,20.967,96627
389,2022-11-28 19:30:00,20.983,20.989,20.94,20.967,22962
390,2022-11-28 19:25:00,20.963,20.989,20.94,20.967,9571
391,2022-11-28 19:20:00,20.934,20.96,20.901,20.938,52439
392,2022-11-28 19:15:00,20.904,20.95,20.881,20.918,23737
393,2022-11-28 19:10:00,20.904,20.92,20.871,20.898,53303
394,2022-11-28 19:05:00,20.904,20.94,20.871,20.898,28191
395,2022-11-28 19:00:00,20.924,20.94,20.871,20.879,64596
396,2022-11-28 18:55:00,20.934,20.95,20.91,20.918,17425
397,2022-11-28 18:50:00,20.934,20.945,20.901,20.918,11959
398,2022-11-28 18:45:00,20.943,20.95,20.901,20.918,22844
399,2022-11-28 18:40:00,20.924,20.959,20.901,20.938,34334
400,2022-11-28 18:35:00,20.924,20.95,20.901,20.908,14287
401,2022-11-28 18:30:00,20.934,20.95,20.901,20.918,10282
402,2022-11-28 18:25:00,20.953,20.959,20.901,20.928,38212
403,2022-11-28 18:20:00,20.943,20.959,20.92,20.938,14799
404,2022-11-28 18:15:00,20.914,20.959,20.881,20.928,52539
405,2022-11-28 18:10:00,20.929,20.935,20.891,20.898,11819
406,2022-11-28 18:05:00,20.924,20.95,20.891,20.928,14577
407,2022-11-28 18:00:00,20.943,20.969,20.891,20.908,43919
408,2022-11-28 17:55:00,20.934,20.95,20.91,20.918,11649
409,2022-11-28 17:50:00,20.924,20.94,20.901,20.918,6447
410,2022-11-28 17:45:00,20.934,20.95,20.901,20.908,16445
411,2022-11-28 17:40:00,20.923,20.95,20.9,20.928,39542
412,2022-11-28 17:35:00,20.914,20.93,20.881,20.908,12765
413,2022-11-28 17:30:00,20.924,20.93,20.881,20.889,8790
414,2022-11-28 17:25:00,20.914,20.93,20.891,20.898,12020
415,2022-11-28 17:20:00,20.924,20.93,20.881,20.898,21457
416,2022-11-28 17:15:00,20.924,20.94,20.891,20.898,62165
417,2022-11-28 17:10:00,20.943,20.959,20.901,20.918,38300
418,2022-11-28 17:05:00,20.953,20.961,20.91,20.928,42747
419,2022-11-28 17:00:00,20.963,20.969,20.92,20.938,33919
420,2022-11-28 16:55:00,20.963,20.979,20.93,20.948,32774
421,2022-11-28 16:50:00,20.973,20.989,20.94,20.948,32637
422,2022-11-28 16:45:00,20.953,20.989,20.93,20.966,45847
423,2022-11-28 16:40:00,20.945,20.969,20.92,20.938,23514
424,2022-11-28 16:35:00,20.953,20.969,20.91,20.938,43494
425,2022-11-28 16:30:00,20.934,20.95,20.91,20.928,27231
426,2022-11-28 16:25:00,20.953,20.959,20.91,20.928,37188
427,2022-11-28 16:20:00,20.934,20.969,20.91,20.928,85235
428,2022-11-28 16:15:00,20.943,20.959,20.91,20.928,154972
429,2022-11-28 16:10:00,20.924,20.959,20.901,20.928,110594
430,2022-11-28 16:05:00,20.914,20.94,20.881,20.918,205823
431,2022-11-28 16:00:00,20.894,20.95,20.861,20.898,583322
432,2022-11-28 15:55:00,20.884,20.955,20.822,20.869,3685297
433,2022-11-28 15:50:00,20.747,20.896,20.724,20.874,2377372
434,2022-11-28 15:45:00,20.835,20.851,20.714,20.732,1401130
435,2022-11-28 15:40:00,20.747,20.861,20.714,20.815,1361558
436,2022-11-28 15:35:00,20.709,20.782,20.685,20.732,1140540
437,2022-11-28 15:30:00,20.727,20.753,20.665,20.697,980401
438,2022-11-28 15:25:00,20.742,20.753,20.675,20.702,1530549
439,2022-11-28 15:20:00,20.786,20.827,20.714,20.729,1150542
440,2022-11-28 15:15:00,20.771,20.812,20.724,20.765,870745
441,2022-11-28 15:10:00,20.855,20.861,20.734,20.761,1167553
442,2022-11-28 15:05:00,20.899,20.91,20.822,20.84,822869
443,2022-11-28 15:00:00,20.914,20.94,20.847,20.879,984485
444,2022-11-28 14:55:00,20.952,20.969,20.852,20.889,1300779
445,2022-11-28 14:50:00,20.919,20.979,20.895,20.938,811051
446,2022-11-28 14:45:00,20.943,20.959,20.881,20.902,583716
447,2022-11-28 14:40:00,20.911,20.95,20.861,20.918,927898
448,2022-11-28 14:35:00,20.894,20.925,20.842,20.898,1002554
449,2022-11-28 14:30:00,20.839,20.91,20.783,20.883,1371366
450,2022-11-28 14:25:00,20.84,20.871,20.803,20.828,731059
451,2022-11-28 14:20:00,20.884,20.895,20.783,20.828,1589753
452,2022-11-28 14:15:00,20.855,20.91,20.822,20.874,930150
453,2022-11-28 14:10:00,20.889,20.92,20.822,20.84,1633632
454,2022-11-28 14:05:00,20.968,20.994,20.861,20.879,1828580
455,2022-11-28 14:00:00,20.992,21.038,20.92,20.948,1811331
456,2022-11-28 13:55:00,21.11,21.126,20.96,20.979,2539611
457,2022-11-28 13:50:00,21.155,21.176,21.062,21.095,1211731
458,2022-11-28 13:45:00,21.159,21.185,21.117,21.135,912444
459,2022-11-28 13:40:00,21.243,21.264,21.136,21.145,1256126
460,2022-11-28 13:35:00,21.213,21.274,21.175,21.232,432856
461,2022-11-28 13:30:00,21.277,21.293,21.185,21.203,838289
462,2022-11-28 13:25:00,21.287,21.318,21.224,21.261,902115
463,2022-11-28 13:20:00,21.253,21.303,21.224,21.281,841483
464,2022-11-28 13:15:00,21.253,21.264,21.195,21.237,400731
465,2022-11-28 13:10:00,21.213,21.274,21.146,21.237,1461148
466,2022-11-28 13:05:00,21.248,21.274,21.185,21.198,805591
467,2022-11-28 13:00:00,21.204,21.264,21.166,21.238,1489051
468,2022-11-28 12:55:00,21.228,21.264,21.166,21.188,2016664
469,2022-11-28 12:50:00,21.376,21.392,21.185,21.208,2306780
470,2022-11-28 12:45:00,21.43,21.46,21.342,21.364,861379
471,2022-11-28 12:40:00,21.469,21.5,21.401,21.414,565474
472,2022-11-28 12:35:00,21.424,21.5,21.391,21.449,1211835
473,2022-11-28 12:30:00,21.371,21.47,21.342,21.403,906059
474,2022-11-28 12:25:00,21.366,21.431,21.342,21.35,1035358
475,2022-11-28 12:20:00,21.405,21.441,21.342,21.355,1310040
476,2022-11-28 12:15:00,21.262,21.431,21.229,21.384,1971810
477,2022-11-28 12:10:00,21.248,21.303,21.185,21.251,2233621
478,2022-11-28 12:05:00,21.336,21.578,21.224,21.233,3004651
479,2022-11-28 12:00:00,21.449,21.519,21.156,21.325,3566036
480,2022-11-28 11:55:00,21.459,21.48,21.421,21.429,1073681
481,2022-11-28 11:50:00,21.425,21.47,21.381,21.448,586440
482,2022-11-28 11:45:00,21.376,21.451,21.323,21.411,775764
483,2022-11-28 11:40:00,21.385,21.431,21.332,21.36,1156096
484,2022-11-28 11:35:00,21.322,21.411,21.274,21.378,896227
485,2022-11-28 11:30:00,21.346,21.392,21.283,21.308,972432
486,2022-11-28 11:25:00,21.415,21.441,21.293,21.34,1090729
487,2022-11-28 11:20:00,21.351,21.441,21.303,21.394,1385077
488,2022-11-28 11:15:00,21.376,21.421,21.323,21.331,1111401
489,2022-11-28 11:10:00,21.31,21.402,21.254,21.36,1112135
490,2022-11-28 11:05:00,21.331,21.382,21.195,21.296,1661809
491,2022-11-28 11:00:00,21.297,21.392,21.264,21.321,1184664
492,2022-11-28 10:55:00,21.331,21.411,21.274,21.283,2074886
493,2022-11-28 10:50:00,21.404,21.421,21.244,21.316,1750385
494,2022-11-28 10:45:00,21.413,21.47,21.336,21.384,1054331
495,2022-11-28 10:40:00,21.442,21.49,21.381,21.398,1598604
496,2022-11-28 10:35:00,21.356,21.47,21.323,21.424,1596117
497,2022-11-28 10:30:00,21.383,21.431,21.313,21.34,1742000
498,2022-11-28 10:25:00,21.42,21.437,21.264,21.365,2892001
499,2022-11-28 10:20:00,21.592,21.637,21.372,21.399,3314559
500,2022-11-28 10:15:00,21.67,21.682,21.548,21.586,1137022
501,2022-11-28 10:10:00,21.674,21.706,21.538,21.654,2283180
502,2022-11-28 10:05:00,21.744,21.775,21.588,21.66,1798614
503,2022-11-28 10:00:00,21.7,21.765,21.617,21.728,1429915
504,2022-11-28 09:55:00,21.69,21.726,21.588,21.689,2448056
505,2022-11-28 09:50:00,21.739,21.785,21.627,21.674,2550775
506,2022-11-28 09:45:00,21.819,21.883,21.695,21.723,3013513
507,2022-11-28 09:40:00,21.729,21.844,21.646,21.802,3231735
508,2022-11-28 09:35:00,21.66,21.775,21.632,21.708,2622010
509,2022-11-28 09:30:00,21.405,21.696,21.332,21.644,4911856
510,2022-11-28 09:25:00,21.346,21.411,21.313,21.389,250690
511,2022-11-28 09:20:00,21.376,21.392,21.323,21.35,131937
512,2022-11-28 09:15:00,21.425,21.441,21.342,21.36,116494
513,2022-11-28 09:10:00,21.405,21.451,21.381,21.419,82724
514,2022-11-28 09:05:00,21.405,21.421,21.342,21.389,139634
515,2022-11-28 09:00:00,21.474,21.48,21.362,21.381,125649
516,2022-11-28 08:55:00,21.435,21.48,21.411,21.458,84231
517,2022-11-28 08:50:00,21.425,21.47,21.401,21.427,141126
518,2022-11-28 08:45:00,21.415,21.431,21.362,21.409,117891
519,2022-11-28 08:40:00,21.415,21.431,21.372,21.409,48182
520,2022-11-28 08:35:00,21.415,21.441,21.391,21.409,104573
521,2022-11-28 08:30:00,21.376,21.431,21.352,21.409,135172
522,2022-11-28 08:25:00,21.336,21.382,21.284,21.36,79691
523,2022-11-28 08:20:00,21.326,21.343,21.254,21.311,178628
524,2022-11-28 08:15:00,21.376,21.382,21.303,21.311,130724
525,2022-11-28 08:10:00,21.385,21.431,21.352,21.36,73015
526,2022-11-28 08:05:00,21.336,21.411,21.313,21.37,100018
527,2022-11-28 08:00:00,21.366,21.49,21.059,21.33,699435
528,2022-11-28 07:55:00,21.385,21.431,21.362,21.379,21244
529,2022-11-28 07:50:00,21.405,21.411,21.352,21.36,27505
530,2022-11-28 07:45:00,21.405,21.431,21.372,21.399,25636
531,2022-11-28 07:40:00,21.405,21.431,21.372,21.389,51772
532,2022-11-28 07:35:00,21.376,21.421,21.342,21.399,53094
533,2022-11-28 07:30:00,21.366,21.392,21.332,21.36,27794
534,2022-11-28 07:25:00,21.435,21.441,21.352,21.36,20509
535,2022-11-28 07:20:00,21.415,21.441,21.372,21.419,55242
536,2022-11-28 07:15:00,21.435,21.451,21.391,21.409,424414
537,2022-11-28 07:10:00,21.405,21.441,21.372,21.419,59955
538,2022-11-28 07:05:00,21.346,21.411,21.323,21.389,72208
539,2022-11-28 07:00:00,21.376,21.402,21.323,21.33,668211
540,2022-11-28 06:55:00,21.297,21.382,21.254,21.35,54612
541,2022-11-28 06:50:00,21.248,21.303,21.224,21.281,15322
542,2022-11-28 06:45:00,21.248,21.264,21.205,21.242,18790
543,2022-11-28 06:40:00,21.277,21.284,21.215,21.252,16702
544,2022-11-28 06:35:00,21.297,21.343,21.234,21.262,16415
545,2022-11-28 06:30:00,21.297,21.323,21.264,21.301,30954
546,2022-11-28 06:25:00,21.287,21.323,21.264,21.301,40011
547,2022-11-28 06:20:00,21.277,21.303,21.254,21.262,7401
548,2022-11-28 06:15:00,21.317,21.323,21.264,21.271,19626
549,2022-11-28 06:10:00,21.326,21.343,21.283,21.291,20331
550,2022-11-28 06:05:00,21.258,21.333,21.234,21.301,47722
551,2022-11-28 06:00:00,21.258,21.264,21.195,21.242,94605
552,2022-11-28 05:55:00,21.218,21.264,21.195,21.242,51275
553,2022-11-28 05:50:00,21.238,21.264,21.175,21.193,20383
554,2022-11-28 05:45:00,21.287,21.293,21.215,21.222,19574
555,2022-11-28 05:40:00,21.228,21.293,21.205,21.262,20342
556,2022-11-28 05:35:00,21.238,21.264,21.185,21.203,42364
557,2022-11-28 05:30:00,21.248,21.274,21.215,21.222,53579
558,2022-11-28 05:25:00,21.228,21.254,21.205,21.222,76645
559,2022-11-28 05:20:00,21.179,21.234,21.156,21.203,36072
560,2022-11-28 05:15:00,21.13,21.195,21.107,21.163,366808
561,2022-11-28 05:10:00,21.169,21.185,21.107,21.124,46242
562,2022-11-28 05:05:00,21.12,21.176,21.087,21.144,50070
563,2022-11-28 05:00:00,21.13,21.146,21.058,21.095,142469
564,2022-11-28 04:55:00,21.169,21.205,21.077,21.114,103373
565,2022-11-28 04:50:00,21.238,21.274,21.146,21.154,69546
566,2022-11-28 04:45:00,21.336,21.343,21.195,21.213,113534
567,2022-11-28 04:40:00,21.376,21.392,21.313,21.321,38378
568,2022-11-28 04:35:00,21.336,21.402,21.293,21.379,31586
569,2022-11-28 04:30:00,21.346,21.362,21.293,21.311,150475
570,2022-11-28 04:25:00,21.425,21.441,21.323,21.33,33436
571,2022-11-28 04:20:00,21.415,21.441,21.372,21.399,37228
572,2022-11-28 04:15:00,21.336,21.411,21.313,21.389,148776
573,2022-11-28 04:10:00,21.356,21.382,21.303,21.321,318302
574,2022-11-28 04:05:00,21.385,21.402,21.303,21.34,114617
575,2022-11-28 04:00:00,21.405,21.588,21.323,21.37,214738
576,2022-11-25 16:55:00,21.847,21.854,21.813,21.831,22840
577,2022-11-25 16:50:00,21.847,21.858,21.823,21.831,6188
578,2022-11-25 16:45:00,21.847,21.863,21.823,21.831,3535
579,2022-11-25 16:40:00,21.857,21.863,21.823,21.836,9896
580,2022-11-25 16:35:00,21.867,21.873,21.823,21.831,3084
581,2022-11-25 16:30:00,21.867,21.873,21.833,21.841,280
582,2022-11-25 16:25:00,21.857,21.863,21.833,21.841,1250
583,2022-11-25 16:20:00,21.847,21.863,21.823,21.841,9394
584,2022-11-25 16:15:00,21.847,21.854,21.813,21.831,21215
585,2022-11-25 16:10:00,21.837,21.854,21.813,21.831,3050
586,2022-11-25 16:05:00,21.847,21.854,21.813,21.831,7846
587,2022-11-25 16:00:00,21.837,21.854,21.813,21.821,4050
588,2022-11-25 15:55:00,21.847,21.863,21.813,21.823,25951
589,2022-11-25 15:50:00,21.862,21.868,21.823,21.831,64661
590,2022-11-25 15:45:00,21.857,21.868,21.833,21.846,4529
591,2022-11-25 15:40:00,21.857,21.873,21.833,21.851,2795
592,2022-11-25 15:35:00,21.867,21.883,21.833,21.841,4539
593,2022-11-25 15:30:00,21.867,21.883,21.843,21.851,8237
594,2022-11-25 15:25:00,21.867,21.883,21.843,21.86,5900
595,2022-11-25 15:20:00,21.857,21.883,21.833,21.851,14003
596,2022-11-25 15:15:00,21.862,21.873,21.833,21.846,8280
597,2022-11-25 15:10:00,21.857,21.873,21.833,21.851,2940
598,2022-11-25 15:05:00,21.862,21.873,21.833,21.851,7013
599,2022-11-25 15:00:00,21.862,21.873,21.833,21.842,4735
600,2022-11-25 14:55:00,21.857,21.873,21.833,21.841,27882
601,2022-11-25 14:50:00,21.857,21.873,21.833,21.841,9941
602,2022-11-25 14:45:00,21.857,21.873,21.833,21.846,16648
603,2022-11-25 14:40:00,21.857,21.873,21.833,21.841,17413
604,2022-11-25 14:35:00,21.857,21.873,21.833,21.841,9057
605,2022-11-25 14:30:00,21.867,21.873,21.823,21.842,3061
606,2022-11-25 14:25:00,21.857,21.873,21.823,21.831,13597
607,2022-11-25 14:20:00,21.867,21.873,21.823,21.831,16139
608,2022-11-25 14:15:00,21.857,21.873,21.823,21.841,14322
609,2022-11-25 14:10:00,21.862,21.873,21.823,21.831,21351
610,2022-11-25 14:05:00,21.847,21.873,21.813,21.841,18409
611,2022-11-25 14:00:00,21.857,21.873,21.815,21.823,17423
612,2022-11-25 13:55:00,21.867,21.883,21.813,21.831,24735
613,2022-11-25 13:50:00,21.857,21.883,21.833,21.851,9874
614,2022-11-25 13:45:00,21.857,21.883,21.823,21.86,24793
615,2022-11-25 13:40:00,21.867,21.873,21.823,21.841,23630
616,2022-11-25 13:35:00,21.876,21.883,21.833,21.841,13297
617,2022-11-25 13:30:00,21.857,21.883,21.833,21.851,11968
618,2022-11-25 13:25:00,21.857,21.873,21.833,21.851,20501
619,2022-11-25 13:20:00,21.857,21.873,21.823,21.851,27167
620,2022-11-25 13:15:00,21.857,21.873,21.813,21.841,29169
621,2022-11-25 13:10:00,21.818,21.873,21.784,21.851,188083
622,2022-11-25 13:05:00,21.857,21.863,21.784,21.802,67396
623,2022-11-25 13:00:00,21.857,21.883,21.784,21.831,343592
624,2022-11-25 12:55:00,21.896,21.903,21.794,21.841,2627418
625,2022-11-25 12:50:00,21.872,21.922,21.843,21.885,1036958
626,2022-11-25 12:45:00,21.906,21.917,21.833,21.855,1027655
627,2022-11-25 12:40:00,21.896,21.922,21.852,21.885,697130
628,2022-11-25 12:35:00,21.901,21.922,21.852,21.884,1511331
629,2022-11-25 12:30:00,21.955,21.971,21.872,21.886,1164736
630,2022-11-25 12:25:00,21.906,21.962,21.882,21.939,1856914
631,2022-11-25 12:20:00,21.881,21.931,21.843,21.895,919609
632,2022-11-25 12:15:00,21.891,21.908,21.833,21.86,624743
633,2022-11-25 12:10:00,21.877,21.932,21.852,21.875,344397
634,2022-11-25 12:05:00,21.89,21.932,21.833,21.87,864087
635,2022-11-25 12:00:00,21.94,21.952,21.862,21.87,962631
636,2022-11-25 11:55:00,21.945,21.971,21.892,21.924,692290
637,2022-11-25 11:50:00,21.926,21.952,21.882,21.925,650174
638,2022-11-25 11:45:00,21.926,21.952,21.882,21.9,856561
639,2022-11-25 11:40:00,21.881,21.932,21.823,21.909,1068479
640,2022-11-25 11:35:00,21.857,21.893,21.813,21.86,1190791
641,2022-11-25 11:30:00,21.886,21.899,21.764,21.836,1897473
642,2022-11-25 11:25:00,21.955,21.967,21.843,21.875,1539702
643,2022-11-25 11:20:00,21.994,22.011,21.921,21.944,1044898
644,2022-11-25 11:15:00,21.985,22.011,21.941,21.978,1111252
645,2022-11-25 11:10:00,22.029,22.04,21.941,21.968,1187198
646,2022-11-25 11:05:00,22.044,22.08,21.995,22.013,833586
647,2022-11-25 11:00:00,21.985,22.089,21.921,22.028,2058311
648,2022-11-25 10:55:00,21.994,22.021,21.941,21.972,457763
649,2022-11-25 10:50:00,22.009,22.021,21.921,21.978,627996
650,2022-11-25 10:45:00,21.983,22.026,21.921,21.992,724401
651,2022-11-25 10:40:00,21.96,21.991,21.902,21.963,901405
652,2022-11-25 10:35:00,22.004,22.045,21.911,21.939,846003
653,2022-11-25 10:30:00,21.98,22.04,21.931,21.988,928680
654,2022-11-25 10:25:00,22.029,22.05,21.941,21.963,1872816
655,2022-11-25 10:20:00,22.04,22.089,21.98,22.022,1254389
656,2022-11-25 10:15:00,22.019,22.109,21.99,22.024,2388803
657,2022-11-25 10:10:00,22.009,22.06,21.941,22.002,1235505
658,2022-11-25 10:05:00,22.024,22.06,21.931,21.998,1795356
659,2022-11-25 10:00:00,21.965,22.05,21.892,22.013,2000927
660,2022-11-25 09:55:00,21.881,22.011,21.823,21.954,2369308
661,2022-11-25 09:50:00,21.819,21.952,21.794,21.864,1763529
662,2022-11-25 09:45:00,21.886,21.942,21.789,21.806,1385522
663,2022-11-25 09:40:00,21.955,21.981,21.833,21.87,2016601
664,2022-11-25 09:35:00,21.778,22.04,21.745,21.949,4671702
665,2022-11-25 09:30:00,21.945,21.991,21.735,21.762,4000701
666,2022-11-25 09:25:00,21.926,21.981,21.882,21.919,511206
667,2022-11-25 09:20:00,21.945,21.952,21.862,21.918,616095
668,2022-11-25 09:15:00,21.994,22.011,21.911,21.929,150545
669,2022-11-25 09:10:00,22.014,22.021,21.942,21.978,281413
670,2022-11-25 09:05:00,22.053,22.06,21.98,21.998,153200
671,2022-11-25 09:00:00,22.053,22.08,22.0,22.037,115001
672,2022-11-25 08:55:00,22.063,22.08,22.009,22.037,93162
673,2022-11-25 08:50:00,22.053,22.08,22.019,22.057,60745
674,2022-11-25 08:45:00,22.053,22.07,22.0,22.037,307518
675,2022-11-25 08:40:00,22.093,22.109,22.029,22.045,174027
676,2022-11-25 08:35:00,22.112,22.129,22.059,22.067,170452
677,2022-11-25 08:30:00,22.161,22.168,22.078,22.086,202917
678,2022-11-25 08:25:00,22.181,22.217,22.137,22.15,60703
679,2022-11-25 08:20:00,22.22,22.227,22.127,22.165,76718
680,2022-11-25 08:15:00,22.191,22.217,22.147,22.184,76647
681,2022-11-25 08:10:00,22.171,22.207,22.137,22.165,112442
682,2022-11-25 08:05:00,22.161,22.178,22.117,22.145,99747
683,2022-11-25 08:00:00,22.211,22.6,22.108,22.135,559446
684,2022-11-25 07:55:00,22.161,22.178,22.108,22.135,90660
685,2022-11-25 07:50:00,22.181,22.207,22.137,22.145,30103
686,2022-11-25 07:45:00,22.171,22.197,22.147,22.165,64550
687,2022-11-25 07:40:00,22.191,22.207,22.147,22.155,27211
688,2022-11-25 07:35:00,22.211,22.217,22.147,22.175,187054
689,2022-11-25 07:30:00,22.22,22.256,22.176,22.194,10273
690,2022-11-25 07:25:00,22.24,22.266,22.196,22.214,44691
691,2022-11-25 07:20:00,22.22,22.247,22.196,22.214,20350
692,2022-11-25 07:15:00,22.24,22.247,22.176,22.204,28259
693,2022-11-25 07:10:00,22.23,22.247,22.186,22.224,71512
694,2022-11-25 07:05:00,22.22,22.256,22.196,22.224,165927
695,2022-11-25 07:00:00,22.201,22.237,22.176,22.204,94549
696,2022-11-25 06:55:00,22.22,22.227,22.157,22.175,49036
697,2022-11-25 06:50:00,22.23,22.237,22.186,22.204,9389
698,2022-11-25 06:45:00,22.23,22.247,22.186,22.214,32372
699,2022-11-25 06:40:00,22.269,22.276,22.206,22.214,20453
700,2022-11-25 06:35:00,22.289,22.296,22.235,22.253,10141
701,2022-11-25 06:30:00,22.319,22.325,22.265,22.292,49723
702,2022-11-25 06:25:00,22.269,22.315,22.245,22.283,50538
703,2022-11-25 06:20:00,22.26,22.286,22.216,22.253,82999
704,2022-11-25 06:15:00,22.319,22.335,22.225,22.243,55832
705,2022-11-25 06:10:00,22.279,22.325,22.245,22.292,15216
706,2022-11-25 06:05:00,22.299,22.306,22.245,22.263,16894
707,2022-11-25 06:00:00,22.289,22.315,22.245,22.273,12241
708,2022-11-25 05:55:00,22.348,22.355,22.274,22.283,9495
709,2022-11-25 05:50:00,22.338,22.355,22.294,22.312,7375
710,2022-11-25 05:45:00,22.328,22.374,22.304,22.332,7064
711,2022-11-25 05:40:00,22.328,22.345,22.274,22.302,9796
712,2022-11-25 05:35:00,22.319,22.345,22.294,22.322,17885
713,2022-11-25 05:30:00,22.319,22.335,22.265,22.302,21954
714,2022-11-25 05:25:00,22.299,22.325,22.274,22.302,10434
715,2022-11-25 05:20:00,22.269,22.306,22.235,22.283,11292
716,2022-11-25 05:15:00,22.25,22.276,22.216,22.253,58114
717,2022-11-25 05:10:00,22.26,22.276,22.225,22.233,8730
718,2022-11-25 05:05:00,22.23,22.276,22.186,22.253,15372
719,2022-11-25 05:00:00,22.269,22.276,22.196,22.214,20217
720,2022-11-25 04:55:00,22.23,22.276,22.206,22.253,24001
721,2022-11-25 04:50:00,22.279,22.286,22.186,22.204,121552
722,2022-11-25 04:45:00,22.338,22.345,22.235,22.263,61029
723,2022-11-25 04:40:00,22.378,22.463,22.284,22.322,44152
724,2022-11-25 04:35:00,22.427,22.443,22.353,22.361,33309
725,2022-11-25 04:30:00,22.397,22.433,22.363,22.4,36409
726,2022-11-25 04:25:00,22.397,22.414,22.363,22.381,41794
727,2022-11-25 04:20:00,22.417,22.423,22.353,22.371,27560
728,2022-11-25 04:15:00,22.397,22.433,22.373,22.39,69644
729,2022-11-25 04:10:00,22.427,22.443,22.373,22.39,85317
730,2022-11-25 04:05:00,22.407,22.443,22.382,22.41,28854
731,2022-11-25 04:00:00,22.417,22.551,22.353,22.39,130163
732,2022-11-23 19:55:00,22.456,22.492,22.422,22.469,89580
733,2022-11-23 19:50:00,22.436,22.463,22.412,22.435,46725
734,2022-11-23 19:45:00,22.436,22.453,22.412,22.42,34261
735,2022-11-23 19:40:00,22.466,22.473,22.412,22.43,34086
736,2022-11-23 19:35:00,22.476,22.502,22.431,22.44,28251
737,2022-11-23 19:30:00,22.476,22.502,22.441,22.459,94234
738,2022-11-23 19:25:00,22.456,22.482,22.431,22.449,30737
739,2022-11-23 19:20:00,22.466,22.478,22.431,22.44,17416
740,2022-11-23 19:15:00,22.476,22.492,22.422,22.449,95202
741,2022-11-23 19:10:00,22.446,22.482,22.422,22.449,15700
742,2022-11-23 19:05:00,22.456,22.482,22.412,22.42,54296
743,2022-11-23 19:00:00,22.436,22.482,22.402,22.44,101481
744,2022-11-23 18:55:00,22.417,22.443,22.392,22.42,23546
745,2022-11-23 18:50:00,22.412,22.443,22.373,22.41,36723
746,2022-11-23 18:45:00,22.378,22.414,22.353,22.39,85944
747,2022-11-23 18:40:00,22.378,22.394,22.353,22.371,16118
748,2022-11-23 18:35:00,22.387,22.404,22.353,22.366,31579
749,2022-11-23 18:30:00,22.407,22.414,22.363,22.381,7881
750,2022-11-23 18:25:00,22.427,22.433,22.373,22.39,14468
751,2022-11-23 18:20:00,22.417,22.443,22.382,22.4,59654
752,2022-11-23 18:15:00,22.397,22.433,22.363,22.4,48641
753,2022-11-23 18:10:00,22.387,22.404,22.353,22.371,19090
754,2022-11-23 18:05:00,22.397,22.404,22.333,22.381,28739
755,2022-11-23 18:00:00,22.378,22.423,22.343,22.381,101036
756,2022-11-23 17:55:00,22.387,22.394,22.353,22.371,30373
757,2022-11-23 17:50:00,22.368,22.394,22.343,22.362,18255
758,2022-11-23 17:45:00,22.378,22.384,22.343,22.351,16728
759,2022-11-23 17:40:00,22.378,22.394,22.353,22.361,10983
760,2022-11-23 17:35:00,22.387,22.394,22.353,22.371,12959
761,2022-11-23 17:30:00,22.378,22.394,22.353,22.361,12979
762,2022-11-23 17:25:00,22.378,22.394,22.343,22.371,10706
763,2022-11-23 17:20:00,22.374,22.394,22.343,22.361,16596
764,2022-11-23 17:15:00,22.368,22.384,22.333,22.361,20917
765,2022-11-23 17:10:00,22.358,22.374,22.333,22.351,9595
766,2022-11-23 17:05:00,22.359,22.374,22.304,22.351,35334
767,2022-11-23 17:00:00,22.368,22.384,22.333,22.341,33752
768,2022-11-23 16:55:00,22.368,22.384,22.333,22.361,70560
769,2022-11-23 16:50:00,22.358,22.374,22.333,22.341,33806
770,2022-11-23 16:45:00,22.368,22.384,22.333,22.341,20867
771,2022-11-23 16:40:00,22.387,22.394,22.343,22.361,41575
772,2022-11-23 16:35:00,22.387,22.404,22.353,22.371,35619
773,2022-11-23 16:30:00,22.378,22.394,22.343,22.371,79619
774,2022-11-23 16:25:00,22.368,22.394,22.343,22.361,26473
775,2022-11-23 16:20:00,22.387,22.394,22.343,22.361,94398
776,2022-11-23 16:15:00,22.358,22.394,22.324,22.361,101454
777,2022-11-23 16:10:00,22.368,22.394,22.314,22.332,120057
778,2022-11-23 16:05:00,22.338,22.374,22.304,22.351,126396
779,2022-11-23 16:00:00,22.319,22.365,22.284,22.322,705551
780,2022-11-23 15:55:00,22.23,22.325,22.167,22.302,3527993
781,2022-11-23 15:50:00,22.201,22.31,22.176,22.224,2011484
782,2022-11-23 15:45:00,22.279,22.286,22.147,22.175,1755968
783,2022-11-23 15:40:00,22.319,22.335,22.225,22.253,914558
784,2022-11-23 15:35:00,22.274,22.335,22.225,22.307,1239635
785,2022-11-23 15:30:00,22.348,22.365,22.245,22.253,1633406
786,2022-11-23 15:25:00,22.387,22.414,22.314,22.341,1085631
787,2022-11-23 15:20:00,22.446,22.463,22.287,22.371,2022765
788,2022-11-23 15:15:00,22.368,22.473,22.323,22.423,2256666
789,2022-11-23 15:10:00,22.348,22.394,22.255,22.346,1628572
790,2022-11-23 15:05:00,22.284,22.384,22.255,22.332,1508124
791,2022-11-23 15:00:00,22.309,22.315,22.176,22.272,1622525
792,2022-11-23 14:55:00,22.304,22.374,22.265,22.302,1641764
793,2022-11-23 14:50:00,22.339,22.414,22.274,22.287,2373141
794,2022-11-23 14:45:00,22.26,22.384,22.206,22.322,1915059
795,2022-11-23 14:40:00,22.161,22.276,22.117,22.243,1338574
796,2022-11-23 14:35:00,22.211,22.222,22.078,22.135,1872499
797,2022-11-23 14:30:00,22.314,22.325,22.171,22.194,2017399
798,2022-11-23 14:25:00,22.304,22.414,22.245,22.287,3445632
799,2022-11-23 14:20:00,22.206,22.321,22.142,22.287,1892391
800,2022-11-23 14:15:00,22.26,22.306,22.147,22.184,2567788
801,2022-11-23 14:10:00,22.24,22.276,22.019,22.233,4746131
802,2022-11-23 14:05:00,22.39,22.404,22.117,22.218,6019683
803,2022-11-23 14:00:00,22.014,22.433,21.823,22.371,11048665
804,2022-11-23 13:55:00,21.99,22.03,21.951,22.003,692468
805,2022-11-23 13:50:00,22.034,22.046,21.941,21.978,1187795
806,2022-11-23 13:45:00,22.058,22.089,22.009,22.017,814252
807,2022-11-23 13:40:00,22.032,22.08,21.98,22.046,760227
808,2022-11-23 13:35:00,21.994,22.056,21.96,22.013,1409844
809,2022-11-23 13:30:00,21.945,22.021,21.921,21.968,2128342
810,2022-11-23 13:25:00,21.881,21.962,21.835,21.938,1346526
811,2022-11-23 13:20:00,21.847,21.893,21.813,21.862,1249767
812,2022-11-23 13:15:00,21.768,21.863,21.744,21.836,1031524
813,2022-11-23 13:10:00,21.798,21.814,21.735,21.743,713943
814,2022-11-23 13:05:00,21.788,21.824,21.745,21.787,1091109
815,2022-11-23 13:00:00,21.739,21.814,21.656,21.782,1599496
816,2022-11-23 12:55:00,21.788,21.804,21.597,21.718,3284659
817,2022-11-23 12:50:00,21.92,21.937,21.715,21.772,1726788
818,2022-11-23 12:45:00,21.891,21.952,21.852,21.905,885070
819,2022-11-23 12:40:00,21.98,21.991,21.843,21.88,1201855
820,2022-11-23 12:35:00,21.985,22.001,21.894,21.959,808439
821,2022-11-23 12:30:00,21.975,22.021,21.911,21.968,938932
822,2022-11-23 12:25:00,22.004,22.05,21.931,21.959,978932
823,2022-11-23 12:20:00,21.994,22.05,21.951,21.988,944228
824,2022-11-23 12:15:00,21.975,22.031,21.941,21.978,963588
825,2022-11-23 12:10:00,21.975,22.03,21.911,21.968,1574867
826,2022-11-23 12:05:00,21.896,22.001,21.87,21.959,2383225
827,2022-11-23 12:00:00,21.867,21.913,21.833,21.88,1530435
828,2022-11-23 11:55:00,21.886,21.922,21.735,21.858,4755554
829,2022-11-23 11:50:00,22.068,22.129,21.852,21.88,3224066
830,2022-11-23 11:45:00,22.274,22.286,22.039,22.052,2495279
831,2022-11-23 11:40:00,22.256,22.296,22.216,22.258,947291
832,2022-11-23 11:35:00,22.255,22.276,22.176,22.238,907949
833,2022-11-23 11:30:00,22.295,22.306,22.186,22.238,1118206
834,2022-11-23 11:25:00,22.353,22.363,22.206,22.273,1934418
835,2022-11-23 11:20:00,22.324,22.404,22.284,22.332,1158813
836,2022-11-23 11:15:00,22.378,22.414,22.284,22.302,1071420
837,2022-11-23 11:10:00,22.383,22.423,22.333,22.356,876852
838,2022-11-23 11:05:00,22.353,22.414,22.298,22.361,947776
839,2022-11-23 11:00:00,22.368,22.433,22.286,22.336,1653596
840,2022-11-23 10:55:00,22.319,22.384,22.275,22.356,1338369
841,2022-11-23 10:50:00,22.304,22.355,22.255,22.302,1323663
842,2022-11-23 10:45:00,22.378,22.389,22.235,22.287,1731144
843,2022-11-23 10:40:00,22.358,22.443,22.294,22.361,2269531
844,2022-11-23 10:35:00,22.368,22.394,22.304,22.337,1074153
845,2022-11-23 10:30:00,22.279,22.394,22.238,22.341,2316239
846,2022-11-23 10:25:00,22.279,22.335,22.206,22.256,2293268
847,2022-11-23 10:20:00,22.24,22.296,22.166,22.269,1309342
848,2022-11-23 10:15:00,22.25,22.272,22.137,22.224,1803588
849,2022-11-23 10:10:00,22.235,22.286,22.157,22.227,2865358
850,2022-11-23 10:05:00,22.171,22.306,22.118,22.214,3520252
851,2022-11-23 10:00:00,22.132,22.227,21.931,22.15,4727788
852,2022-11-23 09:55:00,22.193,22.217,22.049,22.106,2875677
853,2022-11-23 09:50:00,22.063,22.239,22.029,22.175,3527651
854,2022-11-23 09:45:00,21.896,22.148,21.823,22.046,7031146
855,2022-11-23 09:40:00,21.945,21.962,21.823,21.879,2876907
856,2022-11-23 09:35:00,21.778,21.962,21.754,21.929,4855239
857,2022-11-23 09:30:00,21.67,21.824,21.627,21.762,3456194
858,2022-11-23 09:25:00,21.71,21.726,21.627,21.654,190757
859,2022-11-23 09:20:00,21.739,21.765,21.676,21.703,180107
860,2022-11-23 09:15:00,21.729,21.775,21.705,21.733,123592
861,2022-11-23 09:10:00,21.69,21.755,21.656,21.723,115716
862,2022-11-23 09:05:00,21.719,21.765,21.666,21.674,176110
863,2022-11-23 09:00:00,21.729,21.756,21.686,21.713,162524
864,2022-11-23 08:55:00,21.69,21.736,21.656,21.703,228055
865,2022-11-23 08:50:00,21.651,21.716,21.627,21.674,217645
866,2022-11-23 08:45:00,21.66,21.667,21.588,21.635,482896
867,2022-11-23 08:40:00,21.739,21.795,21.607,21.644,349639
868,2022-11-23 08:35:00,21.808,21.824,21.695,21.733,214823
869,2022-11-23 08:30:00,21.7,21.814,21.646,21.792,1064505
870,2022-11-23 08:25:00,21.691,21.736,21.667,21.684,185029
871,2022-11-23 08:20:00,21.759,21.775,21.656,21.684,220410
872,2022-11-23 08:15:00,21.808,21.814,21.735,21.752,106930
873,2022-11-23 08:10:00,21.827,21.844,21.774,21.791,87817
874,2022-11-23 08:05:00,21.827,21.844,21.794,21.802,42322
875,2022-11-23 08:00:00,21.759,21.913,21.538,21.821,804520
876,2022-11-23 07:55:00,21.857,21.883,21.813,21.841,25257
877,2022-11-23 07:50:00,21.886,21.893,21.803,21.851,25326
878,2022-11-23 07:45:00,21.867,21.903,21.823,21.87,23685
879,2022-11-23 07:40:00,21.877,21.903,21.833,21.841,43342
880,2022-11-23 07:35:00,21.827,21.883,21.803,21.86,84483
881,2022-11-23 07:30:00,21.818,21.854,21.774,21.802,43039
882,2022-11-23 07:25:00,21.808,21.824,21.764,21.792,56518
883,2022-11-23 07:20:00,21.827,21.863,21.784,21.802,45242
884,2022-11-23 07:15:00,21.798,21.854,21.764,21.821,60852
885,2022-11-23 07:10:00,21.759,21.834,21.735,21.782,77517
886,2022-11-23 07:05:00,21.759,21.775,21.705,21.743,49570
887,2022-11-23 07:00:00,21.808,21.824,21.725,21.743,114554
888,2022-11-23 06:55:00,21.759,21.814,21.735,21.792,59167
889,2022-11-23 06:50:00,21.778,21.795,21.725,21.752,14497
890,2022-11-23 06:45:00,21.778,21.795,21.745,21.762,15081
891,2022-11-23 06:40:00,21.769,21.795,21.745,21.772,8117
892,2022-11-23 06:35:00,21.759,21.775,21.715,21.752,12353
893,2022-11-23 06:30:00,21.749,21.765,21.705,21.733,17564
894,2022-11-23 06:25:00,21.7,21.755,21.666,21.733,57286
895,2022-11-23 06:20:00,21.67,21.716,21.627,21.694,33281
896,2022-11-23 06:15:00,21.68,21.696,21.627,21.635,11569
897,2022-11-23 06:10:00,21.719,21.726,21.627,21.664,52365
898,2022-11-23 06:05:00,21.729,21.745,21.666,21.703,27377
899,2022-11-23 06:00:00,21.719,21.745,21.695,21.713,17412
900,2022-11-23 05:55:00,21.68,21.726,21.656,21.703,14931
901,2022-11-23 05:50:00,21.68,21.696,21.637,21.674,87253
902,2022-11-23 05:45:00,21.729,21.745,21.666,21.674,19726
903,2022-11-23 05:40:00,21.719,21.736,21.686,21.713,18319
904,2022-11-23 05:35:00,21.749,21.755,21.686,21.703,7634
905,2022-11-23 05:30:00,21.719,21.755,21.676,21.733,8811
906,2022-11-23 05:25:00,21.719,21.736,21.666,21.703,13609
907,2022-11-23 05:20:00,21.7,21.726,21.676,21.703,12150
908,2022-11-23 05:15:00,21.69,21.716,21.666,21.684,51190
909,2022-11-23 05:10:00,21.749,21.755,21.666,21.674,30755
910,2022-11-23 05:05:00,21.749,21.775,21.715,21.733,19885
911,2022-11-23 05:00:00,21.788,21.804,21.705,21.713,26042
912,2022-11-23 04:55:00,21.798,21.844,21.764,21.772,23543
913,2022-11-23 04:50:00,21.798,21.814,21.754,21.792,9526
914,2022-11-23 04:45:00,21.798,21.814,21.745,21.782,28781
915,2022-11-23 04:40:00,21.759,21.804,21.735,21.782,19979
916,2022-11-23 04:35:00,21.739,21.765,21.715,21.743,17208
917,2022-11-23 04:30:00,21.7,21.736,21.676,21.713,23747
918,2022-11-23 04:25:00,21.729,21.745,21.676,21.684,29209
919,2022-11-23 04:20:00,21.739,21.755,21.686,21.723,63431
920,2022-11-23 04:15:00,21.719,21.745,21.695,21.723,63329
921,2022-11-23 04:10:00,21.66,21.736,21.637,21.713,43501
922,2022-11-23 04:05:00,21.631,21.667,21.597,21.635,27503
923,2022-11-23 04:00:00,21.651,21.677,21.568,21.625,68958
924,2022-11-22 19:55:00,21.592,21.608,21.568,21.576,61899
925,2022-11-22 19:50:00,21.611,21.628,21.568,21.586,44702
926,2022-11-22 19:45:00,21.621,21.628,21.588,21.595,59410
927,2022-11-22 19:40:00,21.631,21.637,21.588,21.605,44486
928,2022-11-22 19:35:00,21.651,21.657,21.607,21.615,221156
929,2022-11-22 19:30:00,21.641,21.657,21.616,21.625,14012
930,2022-11-22 19:25:00,21.641,21.657,21.617,21.625,8428
931,2022-11-22 19:20:00,21.651,21.657,21.617,21.634,20134
932,2022-11-22 19:15:00,21.67,21.677,21.617,21.635,10532
933,2022-11-22 19:10:00,21.651,21.667,21.627,21.644,19162
934,2022-11-22 19:05:00,21.675,21.696,21.627,21.635,41776
935,2022-11-22 19:00:00,21.641,21.686,21.607,21.655,64899
936,2022-11-22 18:55:00,21.611,21.647,21.583,21.615,56151
937,2022-11-22 18:50:00,21.616,21.623,21.578,21.595,18842
938,2022-11-22 18:45:00,21.611,21.628,21.578,21.595,16830
939,2022-11-22 18:40:00,21.621,21.637,21.588,21.595,22490
940,2022-11-22 18:35:00,21.621,21.637,21.597,21.614,5647
941,2022-11-22 18:30:00,21.641,21.657,21.607,21.615,24837
942,2022-11-22 18:25:00,21.66,21.667,21.607,21.615,29666
943,2022-11-22 18:20:00,21.646,21.677,21.617,21.644,34853
944,2022-11-22 18:15:00,21.631,21.657,21.597,21.625,23102
945,2022-11-22 18:10:00,21.621,21.657,21.597,21.615,33910
946,2022-11-22 18:05:00,21.641,21.647,21.588,21.595,22454
947,2022-11-22 18:00:00,21.641,21.667,21.597,21.625,52679
948,2022-11-22 17:55:00,21.631,21.657,21.597,21.625,49047
949,2022-11-22 17:50:00,21.621,21.647,21.588,21.605,37273
950,2022-11-22 17:45:00,21.602,21.627,21.578,21.595,17349
951,2022-11-22 17:40:00,21.602,21.618,21.578,21.595,30198
952,2022-11-22 17:35:00,21.611,21.618,21.578,21.595,12782
953,2022-11-22 17:30:00,21.592,21.618,21.568,21.586,9027
954,2022-11-22 17:25:00,21.602,21.618,21.568,21.586,17270
955,2022-11-22 17:20:00,21.611,21.618,21.578,21.595,13421
956,2022-11-22 17:15:00,21.602,21.618,21.568,21.595,35062
957,2022-11-22 17:10:00,21.592,21.608,21.568,21.576,21164
958,2022-11-22 17:05:00,21.602,21.618,21.568,21.576,20605
959,2022-11-22 17:00:00,21.602,21.608,21.558,21.586,26729
960,2022-11-22 16:55:00,21.592,21.618,21.568,21.595,73903
961,2022-11-22 16:50:00,21.602,21.618,21.568,21.576,47089
962,2022-11-22 16:45:00,21.592,21.618,21.558,21.595,51275
963,2022-11-22 16:40:00,21.602,21.608,21.558,21.576,55287
964,2022-11-22 16:35:00,21.611,21.618,21.578,21.586,18532
965,2022-11-22 16:30:00,21.621,21.628,21.568,21.586,27331
966,2022-11-22 16:25:00,21.602,21.628,21.568,21.595,35375
967,2022-11-22 16:20:00,21.621,21.637,21.588,21.595,30869
968,2022-11-22 16:15:00,21.631,21.647,21.588,21.595,43354
969,2022-11-22 16:10:00,21.621,21.638,21.578,21.614,133800
970,2022-11-22 16:05:00,21.651,21.657,21.588,21.595,105833
971,2022-11-22 16:00:00,21.67,21.686,21.607,21.636,638589
972,2022-11-22 15:55:00,21.631,21.716,21.573,21.654,3716017
973,2022-11-22 15:50:00,21.621,21.667,21.538,21.62,2205479
974,2022-11-22 15:45:00,21.582,21.628,21.548,21.595,1090481
975,2022-11-22 15:40:00,21.607,21.618,21.548,21.57,910437
976,2022-11-22 15:35:00,21.606,21.628,21.558,21.59,1754973
977,2022-11-22 15:30:00,21.552,21.618,21.509,21.59,1202434
978,2022-11-22 15:25:00,21.547,21.578,21.499,21.536,923943
979,2022-11-22 15:20:00,21.484,21.559,21.46,21.536,1128784
980,2022-11-22 15:15:00,21.513,21.534,21.45,21.468,1356633
981,2022-11-22 15:10:00,21.489,21.519,21.421,21.49,982267
982,2022-11-22 15:05:00,21.493,21.51,21.44,21.468,1402387
983,2022-11-22 15:00:00,21.395,21.51,21.362,21.478,1653744
984,2022-11-22 14:55:00,21.41,21.431,21.352,21.38,1000422
985,2022-11-22 14:50:00,21.365,21.431,21.332,21.389,1259063
986,2022-11-22 14:45:00,21.297,21.372,21.274,21.345,876325
987,2022-11-22 14:40:00,21.41,21.421,21.274,21.281,1242264
988,2022-11-22 14:35:00,21.301,21.421,21.278,21.39,1587983
989,2022-11-22 14:30:00,21.331,21.342,21.264,21.291,871136
990,2022-11-22 14:25:00,21.322,21.352,21.274,21.311,644940
991,2022-11-22 14:20:00,21.287,21.333,21.254,21.306,632317
992,2022-11-22 14:15:00,21.268,21.323,21.244,21.262,794382
993,2022-11-22 14:10:00,21.302,21.343,21.236,21.257,1287720
994,2022-11-22 14:05:00,21.39,21.401,21.264,21.286,1128918
995,2022-11-22 14:00:00,21.395,21.451,21.313,21.376,1913654
996,2022-11-22 13:55:00,21.394,21.411,21.352,21.375,611851
997,2022-11-22 13:50:00,21.366,21.411,21.342,21.379,1115460
998,2022-11-22 13:45:00,21.341,21.392,21.318,21.354,697774
999,2022-11-22 13:40:00,21.346,21.372,21.297,21.321,484970
1000,2022-11-22 13:35:00,21.366,21.377,21.293,21.325,1025757
1001,2022-11-22 13:30:00,21.341,21.392,21.318,21.351,1486395
1002,2022-11-22 13:25:00,21.336,21.372,21.299,21.326,753704
1003,2022-11-22 13:20:00,21.346,21.362,21.283,21.321,799649
1004,2022-11-22 13:15:00,21.331,21.362,21.283,21.335,1017730
1005,2022-11-22 13:10:00,21.282,21.343,21.244,21.317,1481985
1006,2022-11-22 13:05:00,21.174,21.303,21.112,21.267,2031562
1007,2022-11-22 13:00:00,21.15,21.215,21.077,21.159,1373311
1008,2022-11-22 12:55:00,21.14,21.176,21.099,21.128,532913
1009,2022-11-22 12:50:00,21.16,21.185,21.087,21.124,643840
1010,2022-11-22 12:45:00,21.189,21.215,21.138,21.148,612576
1011,2022-11-22 12:40:00,21.174,21.195,21.087,21.164,717323
1012,2022-11-22 12:35:00,21.15,21.195,21.126,21.159,715004
1013,2022-11-22 12:30:00,21.145,21.185,21.087,21.137,1382411
1014,2022-11-22 12:25:00,21.15,21.166,21.077,21.129,771477
1015,2022-11-22 12:20:00,21.2,21.211,21.087,21.124,1296029
1016,2022-11-22 12:15:00,21.164,21.234,21.141,21.183,1373871
1017,2022-11-22 12:10:00,21.134,21.205,21.107,21.154,1202868
1018,2022-11-22 12:05:00,21.149,21.176,21.067,21.119,1670675
1019,2022-11-22 12:00:00,21.096,21.195,21.06,21.129,2325494
1020,2022-11-22 11:55:00,21.056,21.126,21.018,21.079,1093271
1021,2022-11-22 11:50:00,21.035,21.077,20.96,21.046,924135
1022,2022-11-22 11:45:00,21.012,21.058,20.96,21.016,632444
1023,2022-11-22 11:40:00,21.027,21.097,20.979,20.997,1265262
1024,2022-11-22 11:35:00,21.027,21.048,20.92,21.011,1520193
1025,2022-11-22 11:30:00,21.091,21.097,20.94,21.011,1711570
1026,2022-11-22 11:25:00,21.093,21.155,21.018,21.065,1290327
1027,2022-11-22 11:20:00,21.096,21.136,21.028,21.075,1069699
1028,2022-11-22 11:15:00,21.071,21.107,20.95,21.075,1835696
1029,2022-11-22 11:10:00,21.11,21.166,21.028,21.055,1690438
1030,2022-11-22 11:05:00,21.046,21.126,20.989,21.088,1545229
1031,2022-11-22 11:00:00,21.13,21.156,21.009,21.031,1345996
1032,2022-11-22 10:55:00,21.086,21.156,21.018,21.114,2615401
1033,2022-11-22 10:50:00,21.091,21.146,21.038,21.065,2682420
1034,2022-11-22 10:45:00,20.901,21.126,20.847,21.066,3792640
1035,2022-11-22 10:40:00,20.796,20.93,20.724,20.879,1921074
1036,2022-11-22 10:35:00,20.873,20.93,20.753,20.786,2249669
1037,2022-11-22 10:30:00,20.904,20.999,20.783,20.858,3043486
1038,2022-11-22 10:25:00,20.892,20.94,20.793,20.889,2606918
1039,2022-11-22 10:20:00,20.884,20.93,20.842,20.869,1546436
1040,2022-11-22 10:15:00,20.929,20.969,20.832,20.869,2757667
1041,2022-11-22 10:10:00,20.757,20.94,20.724,20.91,4690836
1042,2022-11-22 10:05:00,20.7,20.841,20.675,20.743,4909230
1043,2022-11-22 10:00:00,20.57,20.782,20.518,20.692,4336498
1044,2022-11-22 09:55:00,20.531,20.645,20.498,20.555,2814998
1045,2022-11-22 09:50:00,20.555,20.615,20.479,20.516,2528914
1046,2022-11-22 09:45:00,20.521,20.606,20.449,20.545,3368901
1047,2022-11-22 09:40:00,20.609,20.655,20.439,20.511,5242968
1048,2022-11-22 09:35:00,20.821,20.881,20.567,20.594,5097494
1049,2022-11-22 09:30:00,20.953,21.018,20.783,20.81,5034118
1050,2022-11-22 09:25:00,20.983,20.989,20.901,20.928,216863
1051,2022-11-22 09:20:00,21.022,21.038,20.94,20.977,189369
1052,2022-11-22 09:15:00,20.992,21.028,20.94,21.006,85674
1053,2022-11-22 09:10:00,20.973,21.018,20.945,20.977,111602
1054,2022-11-22 09:05:00,21.012,21.038,20.95,20.957,135953
1055,2022-11-22 09:00:00,21.061,21.087,20.979,20.987,164647
1056,2022-11-22 08:55:00,21.042,21.067,20.989,21.046,165978
1057,2022-11-22 08:50:00,21.022,21.087,20.999,21.026,263373
1058,2022-11-22 08:45:00,20.953,21.048,20.91,21.016,203112
1059,2022-11-22 08:40:00,20.943,20.979,20.92,20.938,31777
1060,2022-11-22 08:35:00,20.953,20.989,20.92,20.928,85073
1061,2022-11-22 08:30:00,20.943,20.979,20.91,20.938,164817
1062,2022-11-22 08:25:00,20.943,20.979,20.901,20.928,111179
1063,2022-11-22 08:20:00,21.002,21.028,20.91,20.938,218546
1064,2022-11-22 08:15:00,20.992,21.048,20.96,20.996,160104
1065,2022-11-22 08:10:00,20.983,21.008,20.93,20.967,123579
1066,2022-11-22 08:05:00,21.002,21.018,20.95,20.967,124369
1067,2022-11-22 08:00:00,20.767,21.028,20.606,20.977,906074
1068,2022-11-22 07:55:00,20.904,20.92,20.852,20.889,40827
1069,2022-11-22 07:50:00,20.894,20.93,20.861,20.889,36900
1070,2022-11-22 07:45:00,20.875,20.9,20.842,20.869,23976
1071,2022-11-22 07:40:00,20.875,20.881,20.822,20.849,14667
1072,2022-11-22 07:35:00,20.884,20.91,20.861,20.869,21488
1073,2022-11-22 07:30:00,20.904,20.93,20.852,20.859,44078
1074,2022-11-22 07:25:00,20.875,20.92,20.852,20.898,281809
1075,2022-11-22 07:20:00,20.855,20.9,20.812,20.849,37502
1076,2022-11-22 07:15:00,20.855,20.871,20.803,20.84,40887
1077,2022-11-22 07:10:00,20.806,20.861,20.783,20.84,85974
1078,2022-11-22 07:05:00,20.776,20.812,20.744,20.79,61019
1079,2022-11-22 07:00:00,20.786,20.792,20.724,20.751,182351
1080,2022-11-22 06:55:00,20.717,20.782,20.695,20.761,23984
1081,2022-11-22 06:50:00,20.698,20.724,20.665,20.692,79543
1082,2022-11-22 06:45:00,20.717,20.753,20.665,20.682,86842
1083,2022-11-22 06:40:00,20.747,20.792,20.695,20.702,13688
1084,2022-11-22 06:35:00,20.845,20.851,20.704,20.741,72566
1085,2022-11-22 06:30:00,20.855,20.881,20.803,20.82,31341
1086,2022-11-22 06:25:00,20.865,20.881,20.832,20.859,6771
1087,2022-11-22 06:20:00,20.855,20.871,20.803,20.849,20503
1088,2022-11-22 06:15:00,20.757,20.871,20.724,20.849,54906
1089,2022-11-22 06:10:00,20.884,20.9,20.734,20.761,66785
1090,2022-11-22 06:05:00,20.924,20.93,20.861,20.879,13110
1091,2022-11-22 06:00:00,20.904,20.94,20.881,20.908,25258
1092,2022-11-22 05:55:00,20.875,20.92,20.852,20.889,11868
1093,2022-11-22 05:50:00,20.835,20.871,20.812,20.849,5554
1094,2022-11-22 05:45:00,20.875,20.881,20.822,20.83,15405
1095,2022-11-22 05:40:00,20.884,20.9,20.852,20.859,10583
1096,2022-11-22 05:35:00,20.855,20.891,20.832,20.859,17924
1097,2022-11-22 05:30:00,20.855,20.881,20.822,20.84,23183
1098,2022-11-22 05:25:00,20.894,20.9,20.832,20.84,10113
1099,2022-11-22 05:20:00,20.904,20.91,20.822,20.869,26138
1100,2022-11-22 05:15:00,20.894,20.93,20.871,20.898,3045
1101,2022-11-22 05:10:00,20.894,20.91,20.852,20.879,30218
1102,2022-11-22 05:05:00,20.914,20.93,20.871,20.879,29534
1103,2022-11-22 05:00:00,20.943,20.959,20.881,20.889,27790
1104,2022-11-22 04:55:00,20.943,20.959,20.91,20.918,30403
1105,2022-11-22 04:50:00,20.914,20.95,20.881,20.928,56438
1106,2022-11-22 04:45:00,20.963,20.969,20.881,20.889,72261
1107,2022-11-22 04:40:00,20.963,20.979,20.91,20.938,59179
1108,2022-11-22 04:35:00,20.894,20.989,20.852,20.948,130727
1109,2022-11-22 04:30:00,20.796,20.92,20.773,20.889,119667
1110,2022-11-22 04:25:00,20.727,20.802,20.695,20.781,42968
1111,2022-11-22 04:20:00,20.668,20.743,20.636,20.722,38070
1112,2022-11-22 04:15:00,20.639,20.684,20.616,20.653,27330
1113,2022-11-22 04:10:00,20.658,20.665,20.596,20.624,51290
1114,2022-11-22 04:05:00,20.698,20.704,20.626,20.643,187155
1115,2022-11-22 04:00:00,20.59,20.714,20.567,20.673,443205
1116,2022-11-21 19:55:00,20.914,20.92,20.881,20.889,72386
1117,2022-11-21 19:50:00,20.914,20.92,20.871,20.889,28607
1118,2022-11-21 19:45:00,20.934,20.949,20.881,20.889,38682
1119,2022-11-21 19:40:00,20.943,20.969,20.91,20.918,32925
1120,2022-11-21 19:35:00,20.934,20.95,20.881,20.918,23911
1121,2022-11-21 19:30:00,20.943,20.959,20.901,20.918,37894
1122,2022-11-21 19:25:00,20.904,20.95,20.881,20.928,34034
1123,2022-11-21 19:20:00,20.914,20.94,20.881,20.889,77271
1124,2022-11-21 19:15:00,20.894,20.93,20.861,20.899,89934
1125,2022-11-21 19:10:00,20.875,20.92,20.842,20.879,70167
1126,2022-11-21 19:05:00,20.875,20.9,20.842,20.849,39121
1127,2022-11-21 19:00:00,20.825,20.882,20.793,20.86,105960
1128,2022-11-21 18:55:00,20.806,20.832,20.773,20.81,27662
1129,2022-11-21 18:50:00,20.776,20.812,20.753,20.79,12169
1130,2022-11-21 18:45:00,20.776,20.792,20.744,20.761,10707
1131,2022-11-21 18:40:00,20.806,20.812,20.753,20.761,5505
1132,2022-11-21 18:35:00,20.776,20.812,20.753,20.79,5035
1133,2022-11-21 18:30:00,20.786,20.802,20.744,20.771,24031
1134,2022-11-21 18:25:00,20.787,20.793,20.744,20.761,26449
1135,2022-11-21 18:20:00,20.796,20.812,20.763,20.771,7679
1136,2022-11-21 18:15:00,20.816,20.822,20.773,20.781,11074
1137,2022-11-21 18:10:00,20.806,20.832,20.783,20.81,27772
1138,2022-11-21 18:05:00,20.825,20.832,20.773,20.79,12741
1139,2022-11-21 18:00:00,20.776,20.832,20.753,20.81,28037
1140,2022-11-21 17:55:00,20.768,20.782,20.744,20.761,10887
1141,2022-11-21 17:50:00,20.776,20.782,20.734,20.751,44196
1142,2022-11-21 17:45:00,20.786,20.802,20.753,20.761,41055
1143,2022-11-21 17:40:00,20.796,20.802,20.763,20.771,14950
1144,2022-11-21 17:35:00,20.796,20.812,20.773,20.79,10999
1145,2022-11-21 17:30:00,20.796,20.812,20.772,20.79,8446
1146,2022-11-21 17:25:00,20.796,20.802,20.763,20.771,4837
1147,2022-11-21 17:20:00,20.796,20.802,20.763,20.771,7977
1148,2022-11-21 17:15:00,20.796,20.812,20.763,20.781,28623
1149,2022-11-21 17:10:00,20.796,20.812,20.773,20.781,10451
1150,2022-11-21 17:05:00,20.806,20.812,20.773,20.781,10450
1151,2022-11-21 17:00:00,20.796,20.812,20.773,20.79,11480
1152,2022-11-21 16:55:00,20.806,20.822,20.773,20.781,21756
1153,2022-11-21 16:50:00,20.825,20.832,20.763,20.781,21822
1154,2022-11-21 16:45:00,20.835,20.841,20.783,20.8,23261
1155,2022-11-21 16:40:00,20.816,20.841,20.793,20.81,39257
1156,2022-11-21 16:35:00,20.796,20.832,20.763,20.8,16960
1157,2022-11-21 16:30:00,20.796,20.812,20.763,20.781,30113
1158,2022-11-21 16:25:00,20.806,20.822,20.763,20.771,58242
1159,2022-11-21 16:20:00,20.825,20.832,20.783,20.791,28762
1160,2022-11-21 16:15:00,20.816,20.841,20.793,20.81,39216
1161,2022-11-21 16:10:00,20.796,20.841,20.773,20.8,90414
1162,2022-11-21 16:05:00,20.786,20.812,20.753,20.781,61454
1163,2022-11-21 16:00:00,20.796,20.812,20.753,20.761,336603
1164,2022-11-21 15:55:00,20.855,20.861,20.744,20.761,2727347
1165,2022-11-21 15:50:00,20.884,20.93,20.803,20.84,2960339
1166,2022-11-21 15:45:00,20.786,20.891,20.753,20.86,1839803
1167,2022-11-21 15:40:00,20.786,20.802,20.714,20.771,780071
1168,2022-11-21 15:35:00,20.786,20.841,20.734,20.766,833008
1169,2022-11-21 15:30:00,20.781,20.871,20.744,20.764,1304399
1170,2022-11-21 15:25:00,20.791,20.822,20.714,20.766,1358628
1171,2022-11-21 15:20:00,20.904,20.93,20.763,20.781,1312748
1172,2022-11-21 15:15:00,20.85,20.92,20.812,20.889,1243457
1173,2022-11-21 15:10:00,20.85,20.867,20.773,20.838,731897
1174,2022-11-21 15:05:00,20.894,20.91,20.783,20.835,1134901
1175,2022-11-21 15:00:00,20.796,20.92,20.763,20.876,1220265
1176,2022-11-21 14:55:00,20.85,20.891,20.773,20.783,1084504
1177,2022-11-21 14:50:00,20.806,20.892,20.773,20.835,1282958
1178,2022-11-21 14:45:00,20.767,20.832,20.729,20.795,690705
1179,2022-11-21 14:40:00,20.801,20.822,20.734,20.757,603742
1180,2022-11-21 14:35:00,20.805,20.818,20.724,20.786,967314
1181,2022-11-21 14:30:00,20.79,20.861,20.753,20.786,634825
1182,2022-11-21 14:25:00,20.786,20.847,20.757,20.781,620892
1183,2022-11-21 14:20:00,20.92,20.93,20.734,20.766,1833208
1184,2022-11-21 14:15:00,20.889,20.959,20.852,20.907,848079
1185,2022-11-21 14:10:00,20.924,20.93,20.822,20.871,1318233
1186,2022-11-21 14:05:00,20.919,20.979,20.891,20.908,879877
1187,2022-11-21 14:00:00,20.855,20.94,20.832,20.905,1049373
1188,2022-11-21 13:55:00,20.914,20.945,20.832,20.844,1007943
1189,2022-11-21 13:50:00,20.943,20.979,20.891,20.908,644693
1190,2022-11-21 13:45:00,21.007,21.028,20.91,20.927,947249
1191,2022-11-21 13:40:00,21.032,21.048,20.93,20.997,1153981
1192,2022-11-21 13:35:00,20.914,21.058,20.871,21.006,2349575
1193,2022-11-21 13:30:00,20.894,20.94,20.832,20.894,1024393
1194,2022-11-21 13:25:00,20.894,20.94,20.832,20.877,1426454
1195,2022-11-21 13:20:00,20.875,20.91,20.822,20.874,1301172
1196,2022-11-21 13:15:00,20.87,20.91,20.803,20.849,1983436
1197,2022-11-21 13:10:00,20.743,20.93,20.72,20.854,2597858
1198,2022-11-21 13:05:00,20.673,20.773,20.628,20.722,1610715
1199,2022-11-21 13:00:00,20.639,20.714,20.606,20.663,2119008
1200,2022-11-21 12:55:00,20.688,20.704,20.577,20.628,2760121
1201,2022-11-21 12:50:00,20.737,20.748,20.655,20.673,1058046
1202,2022-11-21 12:45:00,20.78,20.822,20.704,20.722,998793
1203,2022-11-21 12:40:00,20.752,20.802,20.714,20.77,833892
1204,2022-11-21 12:35:00,20.757,20.837,20.714,20.741,1813371
1205,2022-11-21 12:30:00,20.649,20.773,20.616,20.741,1537898
1206,2022-11-21 12:25:00,20.703,20.743,20.616,20.638,1195091
1207,2022-11-21 12:20:00,20.727,20.733,20.626,20.683,1349803
1208,2022-11-21 12:15:00,20.733,20.773,20.66,20.71,1149105
1209,2022-11-21 12:10:00,20.757,20.822,20.695,20.712,1014908
1210,2022-11-21 12:05:00,20.775,20.832,20.714,20.746,1039012
1211,2022-11-21 12:00:00,20.742,20.871,20.704,20.761,1889605
1212,2022-11-21 11:55:00,20.879,20.891,20.646,20.722,3277695
1213,2022-11-21 11:50:00,20.845,20.94,20.793,20.864,1626838
1214,2022-11-21 11:45:00,20.811,20.871,20.753,20.83,828478
1215,2022-11-21 11:40:00,20.839,20.91,20.768,20.795,963964
1216,2022-11-21 11:35:00,20.825,20.9,20.793,20.825,905811
1217,2022-11-21 11:30:00,20.894,20.92,20.773,20.807,1465096
1218,2022-11-21 11:25:00,20.992,21.038,20.842,20.879,2010529
1219,2022-11-21 11:20:00,20.924,21.024,20.871,20.977,1936534
1220,2022-11-21 11:15:00,20.924,21.008,20.891,20.908,1772017
1221,2022-11-21 11:10:00,20.899,20.969,20.832,20.907,1736172
1222,2022-11-21 11:05:00,20.83,20.93,20.803,20.879,2026414
1223,2022-11-21 11:00:00,20.845,20.9,20.767,20.82,1277426
1224,2022-11-21 10:55:00,20.786,20.881,20.763,20.84,1624583
1225,2022-11-21 10:50:00,20.762,20.812,20.714,20.781,1872788
1226,2022-11-21 10:45:00,20.816,20.827,20.704,20.751,2014163
1227,2022-11-21 10:40:00,20.865,20.92,20.744,20.79,2215194
1228,2022-11-21 10:35:00,20.845,20.955,20.822,20.85,1672596
1229,2022-11-21 10:30:00,20.884,20.95,20.817,20.84,1676562
1230,2022-11-21 10:25:00,20.902,20.95,20.842,20.879,2090023
1231,2022-11-21 10:20:00,21.051,21.067,20.773,20.881,3461939
1232,2022-11-21 10:15:00,20.978,21.082,20.93,21.046,1779537
1233,2022-11-21 10:10:00,21.037,21.087,20.941,20.967,2461487
1234,2022-11-21 10:05:00,21.061,21.077,20.91,21.025,4352372
1235,2022-11-21 10:00:00,21.209,21.284,21.009,21.036,4062590
1236,2022-11-21 09:55:00,21.326,21.352,21.146,21.186,2391732
1237,2022-11-21 09:50:00,21.326,21.421,21.254,21.305,3203307
1238,2022-11-21 09:45:00,21.155,21.382,21.077,21.311,3841946
1239,2022-11-21 09:40:00,21.101,21.264,21.059,21.144,3867022
1240,2022-11-21 09:35:00,21.081,21.166,20.999,21.085,3405691
1241,2022-11-21 09:30:00,21.14,21.387,21.018,21.07,5078626
1242,2022-11-21 09:25:00,21.248,21.254,21.117,21.124,235034
1243,2022-11-21 09:20:00,21.179,21.274,21.136,21.242,432035
1244,2022-11-21 09:15:00,21.121,21.195,21.092,21.154,155985
1245,2022-11-21 09:10:00,21.13,21.146,21.058,21.114,137115
1246,2022-11-21 09:05:00,21.13,21.137,21.097,21.114,74753
1247,2022-11-21 09:00:00,21.159,21.176,21.097,21.105,95234
1248,2022-11-21 08:55:00,21.159,21.176,21.097,21.134,55269
1249,2022-11-21 08:50:00,21.12,21.176,21.097,21.154,57171
1250,2022-11-21 08:45:00,21.14,21.166,21.097,21.114,85453
1251,2022-11-21 08:40:00,21.12,21.146,21.097,21.114,56899
1252,2022-11-21 08:35:00,21.138,21.166,21.097,21.114,68555
1253,2022-11-21 08:30:00,21.15,21.176,21.087,21.114,155547
1254,2022-11-21 08:25:00,21.159,21.185,21.107,21.134,199472
1255,2022-11-21 08:20:00,21.101,21.166,21.077,21.144,139644
1256,2022-11-21 08:15:00,21.081,21.117,21.048,21.085,121225
1257,2022-11-21 08:10:00,21.071,21.117,21.038,21.065,146834
1258,2022-11-21 08:05:00,20.992,21.087,20.96,21.055,189310
1259,2022-11-21 08:00:00,20.934,21.323,20.822,20.977,597419
1260,2022-11-21 07:55:00,20.992,21.008,20.95,20.967,82966
1261,2022-11-21 07:50:00,20.943,20.989,20.92,20.967,11589
1262,2022-11-21 07:45:00,20.973,20.989,20.891,20.928,35118
1263,2022-11-21 07:40:00,20.943,20.979,20.92,20.948,41258
1264,2022-11-21 07:35:00,20.953,20.959,20.901,20.918,34483
1265,2022-11-21 07:30:00,20.934,20.969,20.891,20.938,26516
1266,2022-11-21 07:25:00,20.934,20.95,20.881,20.918,27843
1267,2022-11-21 07:20:00,20.934,20.95,20.891,20.918,47853
1268,2022-11-21 07:15:00,20.904,20.94,20.871,20.918,28127
1269,2022-11-21 07:10:00,20.894,20.93,20.852,20.889,26835
1270,2022-11-21 07:05:00,20.934,20.95,20.822,20.859,91354
1271,2022-11-21 07:00:00,20.924,20.969,20.891,20.918,77002
1272,2022-11-21 06:55:00,20.914,20.95,20.852,20.908,55331
1273,2022-11-21 06:50:00,20.973,20.979,20.901,20.908,36336
1274,2022-11-21 06:45:00,20.992,21.018,20.969,20.997,19516
1275,2022-11-21 06:40:00,20.953,20.989,20.92,20.967,27915
1276,2022-11-21 06:35:00,20.963,20.979,20.92,20.938,117224
1277,2022-11-21 06:30:00,20.943,20.979,20.91,20.957,17036
1278,2022-11-21 06:25:00,20.983,20.989,20.91,20.928,17396
1279,2022-11-21 06:20:00,20.983,20.999,20.95,20.967,13689
1280,2022-11-21 06:15:00,21.002,21.028,20.96,20.967,56555
1281,2022-11-21 06:10:00,21.002,21.008,20.96,20.987,15167
1282,2022-11-21 06:05:00,20.983,21.008,20.95,20.967,14551
1283,2022-11-21 06:00:00,20.963,21.008,20.93,20.967,60395
1284,2022-11-21 05:55:00,21.002,21.008,20.94,20.948,19547
1285,2022-11-21 05:50:00,20.983,21.146,20.95,20.977,70799
1286,2022-11-21 05:45:00,20.963,21.018,20.901,20.967,26590
1287,2022-11-21 05:40:00,20.963,20.989,20.92,20.938,12371
1288,2022-11-21 05:35:00,20.953,20.979,20.91,20.957,34616
1289,2022-11-21 05:30:00,20.943,20.979,20.91,20.928,55248
1290,2022-11-21 05:25:00,20.992,20.999,20.91,20.938,21309
1291,2022-11-21 05:20:00,20.992,21.018,20.92,20.967,66343
1292,2022-11-21 05:15:00,21.051,21.067,20.96,20.967,38623
1293,2022-11-21 05:10:00,21.071,21.087,21.018,21.036,11387
1294,2022-11-21 05:05:00,21.091,21.107,21.038,21.055,13505
1295,2022-11-21 05:00:00,21.032,21.087,21.009,21.065,58984
1296,2022-11-21 04:55:00,21.071,21.077,21.009,21.016,17081
1297,2022-11-21 04:50:00,21.022,21.097,20.979,21.046,34943
1298,2022-11-21 04:45:00,21.022,21.067,20.999,21.026,11090
1299,2022-11-21 04:40:00,21.022,21.038,20.979,21.006,22363
1300,2022-11-21 04:35:00,21.032,21.048,20.979,21.006,15792
1301,2022-11-21 04:30:00,20.983,21.038,20.95,21.016,29227
1302,2022-11-21 04:25:00,21.042,21.097,20.94,20.967,53247
1303,2022-11-21 04:20:00,21.081,21.117,21.009,21.026,29831
1304,2022-11-21 04:15:00,21.002,21.087,20.969,21.065,62533
1305,2022-11-21 04:10:00,21.051,21.087,20.979,20.997,96976
1306,2022-11-21 04:05:00,21.051,21.107,21.018,21.036,109932
1307,2022-11-21 04:00:00,21.13,21.264,21.018,21.036,137406
1308,2022-11-18 19:55:00,21.366,21.421,21.342,21.36,68202
1309,2022-11-18 19:50:00,21.376,21.402,21.342,21.35,79717
1310,2022-11-18 19:45:00,21.376,21.382,21.342,21.36,20450
1311,2022-11-18 19:40:00,21.395,21.402,21.352,21.36,41858
1312,2022-11-18 19:35:00,21.395,21.411,21.372,21.379,25197
1313,2022-11-18 19:30:00,21.405,21.416,21.372,21.379,10009
1314,2022-11-18 19:25:00,21.405,21.421,21.381,21.389,14268
1315,2022-11-18 19:20:00,21.415,21.421,21.381,21.394,8952
1316,2022-11-18 19:15:00,21.405,21.421,21.381,21.394,14135
1317,2022-11-18 19:10:00,21.415,21.421,21.381,21.399,5894
1318,2022-11-18 19:05:00,21.405,21.421,21.372,21.399,12116
1319,2022-11-18 19:00:00,21.395,21.411,21.367,21.379,12158
1320,2022-11-18 18:55:00,21.405,21.431,21.372,21.384,36342
1321,2022-11-18 18:50:00,21.42,21.431,21.381,21.389,15846
1322,2022-11-18 18:45:00,21.415,21.431,21.391,21.409,3016
1323,2022-11-18 18:40:00,21.41,21.421,21.381,21.399,9672
1324,2022-11-18 18:35:00,21.415,21.421,21.381,21.399,17598
1325,2022-11-18 18:30:00,21.415,21.421,21.381,21.394,36499
1326,2022-11-18 18:25:00,21.415,21.421,21.381,21.399,13251
1327,2022-11-18 18:20:00,21.405,21.421,21.381,21.389,5113
1328,2022-11-18 18:15:00,21.395,21.421,21.372,21.399,6188
1329,2022-11-18 18:10:00,21.405,21.421,21.372,21.389,39778
1330,2022-11-18 18:05:00,21.395,21.411,21.372,21.379,13735
1331,2022-11-18 18:00:00,21.395,21.411,21.352,21.379,18463
1332,2022-11-18 17:55:00,21.385,21.421,21.362,21.379,22420
1333,2022-11-18 17:50:00,21.425,21.431,21.362,21.37,19867
1334,2022-11-18 17:45:00,21.435,21.451,21.391,21.399,11855
1335,2022-11-18 17:40:00,21.444,21.451,21.391,21.419,33511
1336,2022-11-18 17:35:00,21.435,21.451,21.401,21.409,28508
1337,2022-11-18 17:30:00,21.484,21.49,21.382,21.409,49456
1338,2022-11-18 17:25:00,21.474,21.49,21.45,21.468,6568
1339,2022-11-18 17:20:00,21.484,21.5,21.45,21.468,13999
1340,2022-11-18 17:15:00,21.493,21.5,21.45,21.468,13990
1341,2022-11-18 17:10:00,21.474,21.5,21.45,21.478,15180
1342,2022-11-18 17:05:00,21.464,21.48,21.44,21.458,14938
1343,2022-11-18 17:00:00,21.474,21.48,21.44,21.449,11742
1344,2022-11-18 16:55:00,21.464,21.5,21.431,21.458,25898
1345,2022-11-18 16:50:00,21.464,21.5,21.431,21.438,52574
1346,2022-11-18 16:45:00,21.444,21.46,21.411,21.438,57448
1347,2022-11-18 16:40:00,21.444,21.46,21.401,21.419,42247
1348,2022-11-18 16:35:00,21.444,21.47,21.421,21.438,49585
1349,2022-11-18 16:30:00,21.493,21.5,21.421,21.429,93060
1350,2022-11-18 16:25:00,21.464,21.51,21.44,21.487,67448
1351,2022-11-18 16:20:00,21.454,21.48,21.431,21.448,50237
1352,2022-11-18 16:15:00,21.444,21.47,21.411,21.438,88168
1353,2022-11-18 16:10:00,21.454,21.49,21.421,21.429,180544
1354,2022-11-18 16:05:00,21.493,21.5,21.391,21.438,275942
1355,2022-11-18 16:00:00,21.464,21.539,21.421,21.468,529231
1356,2022-11-18 15:55:00,21.337,21.49,21.293,21.448,3514914
1357,2022-11-18 15:50:00,21.562,21.647,21.293,21.321,5856352
1358,2022-11-18 15:45:00,21.543,21.588,21.46,21.546,2493543
1359,2022-11-18 15:40:00,21.533,21.569,21.47,21.527,1977121
1360,2022-11-18 15:35:00,21.405,21.554,21.362,21.527,2718025
1361,2022-11-18 15:30:00,21.464,21.49,21.372,21.384,2300850
1362,2022-11-18 15:25:00,21.297,21.47,21.264,21.443,2919175
1363,2022-11-18 15:20:00,21.346,21.362,21.224,21.291,1786913
1364,2022-11-18 15:15:00,21.346,21.362,21.264,21.336,1511021
1365,2022-11-18 15:10:00,21.389,21.431,21.323,21.33,1560558
1366,2022-11-18 15:05:00,21.351,21.421,21.313,21.375,2578440
1367,2022-11-18 15:00:00,21.248,21.382,21.205,21.33,2994505
1368,2022-11-18 14:55:00,21.174,21.274,21.146,21.222,1146846
1369,2022-11-18 14:50:00,21.119,21.201,21.077,21.163,962698
1370,2022-11-18 14:45:00,21.13,21.166,21.058,21.095,1096886
1371,2022-11-18 14:40:00,21.144,21.205,21.097,21.113,1241309
1372,2022-11-18 14:35:00,21.125,21.156,21.058,21.129,857664
1373,2022-11-18 14:30:00,21.13,21.21,21.048,21.109,1835884
1374,2022-11-18 14:25:00,21.199,21.225,21.087,21.119,1359049
1375,2022-11-18 14:20:00,21.16,21.225,21.126,21.178,727266
1376,2022-11-18 14:15:00,21.164,21.274,21.126,21.149,1834786
1377,2022-11-18 14:10:00,21.185,21.215,21.126,21.154,829228
1378,2022-11-18 14:05:00,21.194,21.234,21.136,21.168,1400560
1379,2022-11-18 14:00:00,21.108,21.22,21.071,21.182,2277571
1380,2022-11-18 13:55:00,21.033,21.117,21.009,21.085,1162797
1381,2022-11-18 13:50:00,21.042,21.087,20.999,21.026,971840
1382,2022-11-18 13:45:00,21.061,21.097,21.003,21.026,1172991
1383,2022-11-18 13:40:00,21.153,21.185,21.014,21.048,1863633
1384,2022-11-18 13:35:00,21.258,21.274,21.117,21.139,1696533
1385,2022-11-18 13:30:00,21.272,21.293,21.185,21.241,2591423
1386,2022-11-18 13:25:00,21.184,21.284,21.117,21.252,2055210
1387,2022-11-18 13:20:00,21.101,21.195,21.033,21.168,1020949
1388,2022-11-18 13:15:00,21.155,21.166,21.038,21.08,1523516
1389,2022-11-18 13:10:00,21.199,21.224,21.117,21.134,1782585
1390,2022-11-18 13:05:00,21.061,21.215,21.028,21.178,1960896
1391,2022-11-18 13:00:00,21.051,21.097,20.999,21.036,1082881
1392,2022-11-18 12:55:00,20.992,21.077,20.94,21.036,1194213
1393,2022-11-18 12:50:00,21.046,21.092,20.901,20.977,1137112
1394,2022-11-18 12:45:00,21.037,21.097,20.979,21.031,951105
1395,2022-11-18 12:40:00,21.135,21.146,20.999,21.016,1123438
1396,2022-11-18 12:35:00,21.071,21.146,21.028,21.114,1082461
1397,2022-11-18 12:30:00,21.061,21.087,20.999,21.055,1829513
1398,2022-11-18 12:25:00,20.914,21.077,20.881,21.046,2930384
1399,2022-11-18 12:20:00,20.953,20.999,20.891,20.898,2270208
1400,2022-11-18 12:15:00,21.198,21.205,20.93,20.94,4486784
1401,2022-11-18 12:10:00,21.219,21.264,21.166,21.183,1242511
1402,2022-11-18 12:05:00,21.346,21.362,21.126,21.204,2736673
1403,2022-11-18 12:00:00,21.312,21.372,21.269,21.33,1199510
1404,2022-11-18 11:55:00,21.262,21.343,21.208,21.296,1401807
1405,2022-11-18 11:50:00,21.209,21.303,21.156,21.252,1970286
1406,2022-11-18 11:45:00,21.312,21.338,21.175,21.188,2958282
1407,2022-11-18 11:40:00,21.289,21.343,21.234,21.296,1883123
1408,2022-11-18 11:35:00,21.425,21.48,21.244,21.281,2614249
1409,2022-11-18 11:30:00,21.405,21.51,21.372,21.409,1534418
1410,2022-11-18 11:25:00,21.435,21.49,21.352,21.389,1293292
1411,2022-11-18 11:20:00,21.474,21.5,21.372,21.419,1889177
1412,2022-11-18 11:15:00,21.308,21.49,21.264,21.463,2940051
1413,2022-11-18 11:10:00,21.228,21.333,21.156,21.296,1717968
1414,2022-11-18 11:05:00,21.159,21.26,21.126,21.213,1603782
1415,2022-11-18 11:00:00,21.258,21.31,21.097,21.144,3919576
1416,2022-11-18 10:55:00,21.461,21.48,21.146,21.242,4345447
1417,2022-11-18 10:50:00,21.454,21.5,21.372,21.438,1605733
1418,2022-11-18 10:45:00,21.435,21.488,21.313,21.446,1497096
1419,2022-11-18 10:40:00,21.425,21.544,21.391,21.424,2849797
1420,2022-11-18 10:35:00,21.464,21.569,21.372,21.414,3073299
1421,2022-11-18 10:30:00,21.493,21.559,21.391,21.454,2361051
1422,2022-11-18 10:25:00,21.5,21.539,21.264,21.473,2971138
1423,2022-11-18 10:20:00,21.415,21.569,21.381,21.478,3376309
1424,2022-11-18 10:15:00,21.359,21.519,21.308,21.391,2830548
1425,2022-11-18 10:10:00,21.395,21.48,21.332,21.35,3819662
1426,2022-11-18 10:05:00,21.42,21.48,21.255,21.379,5181298
1427,2022-11-18 10:00:00,21.71,21.736,21.381,21.404,6587209
1428,2022-11-18 09:55:00,21.769,21.883,21.646,21.694,3984392
1429,2022-11-18 09:50:00,21.621,21.804,21.588,21.748,2653179
1430,2022-11-18 09:45:00,21.759,21.844,21.588,21.595,4076546
1431,2022-11-18 09:40:00,21.68,21.804,21.646,21.743,3266456
1432,2022-11-18 09:35:00,21.798,21.903,21.646,21.659,4557794
1433,2022-11-18 09:30:00,22.152,22.188,21.725,21.781,6878409
1434,2022-11-18 09:25:00,22.093,22.188,22.068,22.135,322837
1435,2022-11-18 09:20:00,22.093,22.119,22.029,22.076,332931
1436,2022-11-18 09:15:00,22.075,22.119,22.039,22.076,234604
1437,2022-11-18 09:10:00,22.073,22.089,22.019,22.066,231266
1438,2022-11-18 09:05:00,22.132,22.168,22.044,22.052,184366
1439,2022-11-18 09:00:00,22.122,22.158,22.059,22.116,159430
1440,2022-11-18 08:55:00,22.073,22.139,22.039,22.106,221380
1441,2022-11-18 08:50:00,22.034,22.099,22.0,22.067,123050
1442,2022-11-18 08:45:00,22.073,22.099,21.99,22.018,162201
1443,2022-11-18 08:40:00,22.053,22.089,22.019,22.067,173781
1444,2022-11-18 08:35:00,22.122,22.139,22.029,22.037,238639
1445,2022-11-18 08:30:00,22.122,22.139,22.059,22.106,157541
1446,2022-11-18 08:25:00,22.141,22.178,22.098,22.106,285374
1447,2022-11-18 08:20:00,22.142,22.168,22.088,22.125,214146
1448,2022-11-18 08:15:00,22.063,22.158,22.039,22.135,183372
1449,2022-11-18 08:10:00,22.102,22.119,22.009,22.047,185318
1450,2022-11-18 08:05:00,22.073,22.158,22.049,22.086,413482
1451,2022-11-18 08:00:00,21.945,22.148,21.293,22.067,1000206
1452,2022-11-18 07:55:00,22.004,22.03,21.951,21.988,72684
1453,2022-11-18 07:50:00,22.034,22.06,21.99,21.998,68913
1454,2022-11-18 07:45:00,21.994,22.04,21.97,22.017,36661
1455,2022-11-18 07:40:00,22.044,22.05,21.98,21.988,56475
1456,2022-11-18 07:35:00,22.052,22.06,21.98,22.027,79031
1457,2022-11-18 07:30:00,22.083,22.089,22.019,22.037,72456
1458,2022-11-18 07:25:00,22.063,22.089,22.009,22.067,91281
1459,2022-11-18 07:20:00,22.112,22.129,22.039,22.057,109999
1460,2022-11-18 07:15:00,22.073,22.148,22.049,22.096,195774
1461,2022-11-18 07:10:00,22.083,22.089,22.019,22.057,259077
1462,2022-11-18 07:05:00,22.073,22.099,22.009,22.067,170386
1463,2022-11-18 07:00:00,21.955,22.109,21.911,22.067,210771
1464,2022-11-18 06:55:00,21.945,21.991,21.911,21.939,19538
1465,2022-11-18 06:50:00,21.926,21.991,21.892,21.939,26586
1466,2022-11-18 06:45:00,21.926,21.952,21.882,21.909,34329
1467,2022-11-18 06:40:00,21.955,21.991,21.892,21.9,70504
1468,2022-11-18 06:35:00,21.985,22.001,21.911,21.939,73675
1469,2022-11-18 06:30:00,21.975,21.991,21.951,21.968,56269
1470,2022-11-18 06:25:00,21.965,21.981,21.882,21.949,49311
1471,2022-11-18 06:20:00,21.965,21.971,21.911,21.949,88839
1472,2022-11-18 06:15:00,21.955,22.001,21.921,21.949,31136
1473,2022-11-18 06:10:00,21.975,21.981,21.902,21.939,66587
1474,2022-11-18 06:05:00,21.955,22.021,21.921,21.968,68685
1475,2022-11-18 06:00:00,21.994,22.06,21.931,21.939,96845
1476,2022-11-18 05:55:00,22.014,22.03,21.96,21.968,86866
1477,2022-11-18 05:50:00,21.945,22.03,21.921,21.998,105852
1478,2022-11-18 05:45:00,21.906,21.952,21.843,21.929,78248
1479,2022-11-18 05:40:00,21.916,21.971,21.882,21.89,158774
1480,2022-11-18 05:35:00,21.769,21.932,21.745,21.909,101549
1481,2022-11-18 05:30:00,21.759,21.765,21.715,21.743,41690
1482,2022-11-18 05:25:00,21.729,21.775,21.676,21.713,65592
1483,2022-11-18 05:20:00,21.778,21.785,21.695,21.713,24438
1484,2022-11-18 05:15:00,21.749,21.814,21.725,21.762,85203
1485,2022-11-18 05:10:00,21.719,21.755,21.686,21.733,91287
1486,2022-11-18 05:05:00,21.641,21.736,21.597,21.703,50874
1487,2022-11-18 05:00:00,21.68,21.686,21.607,21.635,77268
1488,2022-11-18 04:55:00,21.71,21.716,21.656,21.664,33986
1489,2022-11-18 04:50:00,21.719,21.736,21.666,21.703,51295
1490,2022-11-18 04:45:00,21.808,21.814,21.705,21.713,83020
1491,2022-11-18 04:40:00,21.788,21.824,21.764,21.792,42196
1492,2022-11-18 04:35:00,21.808,21.834,21.745,21.752,107853
1493,2022-11-18 04:30:00,21.719,21.814,21.695,21.782,186962
1494,2022-11-18 04:25:00,21.67,21.736,21.637,21.713,73296
1495,2022-11-18 04:20:00,21.651,21.706,21.617,21.664,56253
1496,2022-11-18 04:15:00,21.611,21.677,21.568,21.644,128662
1497,2022-11-18 04:10:00,21.641,21.647,21.548,21.586,59682
1498,2022-11-18 04:05:00,21.592,21.677,21.558,21.625,160811
1499,2022-11-18 04:00:00,21.474,21.608,21.45,21.576,144175
1500,2022-11-17 19:55:00,21.592,21.618,21.548,21.586,213259
1501,2022-11-17 19:50:00,21.572,21.618,21.548,21.566,75699
1502,2022-11-17 19:45:00,21.572,21.618,21.538,21.556,80976
1503,2022-11-17 19:40:00,21.523,21.578,21.489,21.546,103320
1504,2022-11-17 19:35:00,21.528,21.539,21.489,21.507,35847
1505,2022-11-17 19:30:00,21.503,21.539,21.48,21.517,145260
1506,2022-11-17 19:25:00,21.503,21.539,21.47,21.478,35179
1507,2022-11-17 19:20:00,21.513,21.529,21.47,21.487,58453
1508,2022-11-17 19:15:00,21.533,21.549,21.489,21.497,22469
1509,2022-11-17 19:10:00,21.533,21.549,21.489,21.517,62068
1510,2022-11-17 19:05:00,21.503,21.539,21.47,21.517,20379
1511,2022-11-17 19:00:00,21.503,21.519,21.46,21.487,66776
1512,2022-11-17 18:55:00,21.552,21.569,21.46,21.468,265555
1513,2022-11-17 18:50:00,21.542,21.559,21.509,21.536,40571
1514,2022-11-17 18:45:00,21.523,21.549,21.499,21.527,29368
1515,2022-11-17 18:40:00,21.543,21.559,21.499,21.517,99031
1516,2022-11-17 18:35:00,21.592,21.598,21.509,21.536,63394
1517,2022-11-17 18:30:00,21.621,21.637,21.558,21.576,23675
1518,2022-11-17 18:25:00,21.592,21.628,21.568,21.605,28795
1519,2022-11-17 18:20:00,21.621,21.628,21.558,21.576,40341
1520,2022-11-17 18:15:00,21.611,21.628,21.568,21.595,110686
1521,2022-11-17 18:10:00,21.651,21.667,21.588,21.595,32139
1522,2022-11-17 18:05:00,21.651,21.675,21.617,21.635,127499
1523,2022-11-17 18:00:00,21.651,21.726,21.617,21.634,191504
1524,2022-11-17 17:55:00,21.641,21.657,21.607,21.625,37729
1525,2022-11-17 17:50:00,21.641,21.647,21.607,21.625,24302
1526,2022-11-17 17:45:00,21.641,21.647,21.597,21.615,41401
1527,2022-11-17 17:40:00,21.641,21.657,21.597,21.615,25979
1528,2022-11-17 17:35:00,21.651,21.667,21.607,21.625,57131
1529,2022-11-17 17:30:00,21.651,21.667,21.617,21.635,35775
1530,2022-11-17 17:25:00,21.641,21.657,21.607,21.635,107529
1531,2022-11-17 17:20:00,21.612,21.647,21.588,21.625,48228
1532,2022-11-17 17:15:00,21.651,21.667,21.588,21.595,47460
1533,2022-11-17 17:10:00,21.66,21.667,21.627,21.635,44178
1534,2022-11-17 17:05:00,21.66,21.677,21.627,21.635,44882
1535,2022-11-17 17:00:00,21.652,21.667,21.617,21.644,50918
1536,2022-11-17 16:55:00,21.641,21.667,21.616,21.635,45178
1537,2022-11-17 16:50:00,21.631,21.667,21.597,21.635,122280
1538,2022-11-17 16:45:00,21.656,21.667,21.597,21.615,131623
1539,2022-11-17 16:40:00,21.592,21.667,21.568,21.635,209374
1540,2022-11-17 16:35:00,21.602,21.618,21.558,21.586,163735
1541,2022-11-17 16:30:00,21.543,21.608,21.519,21.586,140691
1542,2022-11-17 16:25:00,21.523,21.549,21.499,21.527,41576
1543,2022-11-17 16:20:00,21.543,21.549,21.489,21.497,34917
1544,2022-11-17 16:15:00,21.474,21.558,21.45,21.527,112147
1545,2022-11-17 16:10:00,21.533,21.569,21.45,21.468,125063
1546,2022-11-17 16:05:00,21.503,21.588,21.47,21.517,256593
1547,2022-11-17 16:00:00,21.464,21.559,21.411,21.497,544845
1548,2022-11-17 15:55:00,21.307,21.5,21.264,21.458,3648070
1549,2022-11-17 15:50:00,21.405,21.46,21.274,21.281,2743348
1550,2022-11-17 15:45:00,21.212,21.441,21.185,21.384,3041128
1551,2022-11-17 15:40:00,21.164,21.254,21.136,21.198,2085261
1552,2022-11-17 15:35:00,21.12,21.176,21.077,21.149,1106749
1553,2022-11-17 15:30:00,21.061,21.166,21.019,21.114,2010088
1554,2022-11-17 15:25:00,21.032,21.087,20.96,21.051,1784915
1555,2022-11-17 15:20:00,21.081,21.107,20.999,21.006,1664017
1556,2022-11-17 15:15:00,21.11,21.146,21.038,21.06,1883885
1557,2022-11-17 15:10:00,21.228,21.244,21.077,21.09,2538500
1558,2022-11-17 15:05:00,21.258,21.362,21.185,21.208,2187593
1559,2022-11-17 15:00:00,21.31,21.362,21.195,21.238,2387517
1560,2022-11-17 14:55:00,21.371,21.382,21.283,21.296,1000792
1561,2022-11-17 14:50:00,21.345,21.382,21.274,21.353,2000952
1562,2022-11-17 14:45:00,21.287,21.382,21.175,21.324,1879409
1563,2022-11-17 14:40:00,21.307,21.352,21.205,21.276,1496896
1564,2022-11-17 14:35:00,21.361,21.382,21.195,21.291,2127008
1565,2022-11-17 14:30:00,21.338,21.387,21.283,21.34,1516121
1566,2022-11-17 14:25:00,21.336,21.382,21.254,21.325,1957649
1567,2022-11-17 14:20:00,21.335,21.362,21.244,21.315,1744110
1568,2022-11-17 14:15:00,21.425,21.437,21.283,21.32,1894601
1569,2022-11-17 14:10:00,21.479,21.494,21.372,21.404,1881470
1570,2022-11-17 14:05:00,21.66,21.675,21.45,21.468,2707744
1571,2022-11-17 14:00:00,21.657,21.726,21.612,21.649,1134857
1572,2022-11-17 13:55:00,21.597,21.686,21.529,21.64,1135132
1573,2022-11-17 13:50:00,21.611,21.637,21.529,21.581,1525667
1574,2022-11-17 13:45:00,21.714,21.726,21.578,21.594,1532558
1575,2022-11-17 13:40:00,21.793,21.814,21.676,21.698,839266
1576,2022-11-17 13:35:00,21.705,21.824,21.66,21.772,1757550
1577,2022-11-17 13:30:00,21.68,21.716,21.601,21.689,1958872
1578,2022-11-17 13:25:00,21.749,21.765,21.631,21.664,1299772
1579,2022-11-17 13:20:00,21.778,21.814,21.7,21.733,1782209
1580,2022-11-17 13:15:00,21.67,21.785,21.627,21.757,2458980
1581,2022-11-17 13:10:00,21.622,21.736,21.597,21.652,1436068
1582,2022-11-17 13:05:00,21.656,21.726,21.597,21.605,1639851
1583,2022-11-17 13:00:00,21.677,21.736,21.627,21.64,2024845
1584,2022-11-17 12:55:00,21.553,21.755,21.524,21.655,4163010
1585,2022-11-17 12:50:00,21.479,21.618,21.45,21.537,3230544
1586,2022-11-17 12:45:00,21.415,21.49,21.381,21.463,1290582
1587,2022-11-17 12:40:00,21.424,21.48,21.342,21.405,1335155
1588,2022-11-17 12:35:00,21.317,21.431,21.283,21.409,1129913
1589,2022-11-17 12:30:00,21.361,21.435,21.274,21.301,1737378
1590,2022-11-17 12:25:00,21.371,21.411,21.313,21.345,1550826
1591,2022-11-17 12:20:00,21.449,21.46,21.323,21.355,1396953
1592,2022-11-17 12:15:00,21.454,21.466,21.352,21.435,1702167
1593,2022-11-17 12:10:00,21.464,21.539,21.421,21.433,1530713
1594,2022-11-17 12:05:00,21.489,21.549,21.411,21.448,2116687
1595,2022-11-17 12:00:00,21.454,21.519,21.401,21.478,2999350
1596,2022-11-17 11:55:00,21.13,21.47,21.107,21.443,5539633
1597,2022-11-17 11:50:00,21.12,21.195,21.038,21.111,1939348
1598,2022-11-17 11:45:00,21.155,21.195,21.077,21.095,1246846
1599,2022-11-17 11:40:00,21.15,21.191,21.087,21.144,1154402
1600,2022-11-17 11:35:00,21.125,21.185,21.077,21.134,1413205
1601,2022-11-17 11:30:00,21.071,21.136,21.009,21.105,1612343
1602,2022-11-17 11:25:00,21.007,21.107,20.964,21.06,2013764
1603,2022-11-17 11:20:00,21.002,21.033,20.881,20.992,1403261
1604,2022-11-17 11:15:00,20.96,21.038,20.895,20.984,1326689
1605,2022-11-17 11:10:00,20.866,20.969,20.822,20.943,1710175
1606,2022-11-17 11:05:00,20.919,21.067,20.842,20.849,2588543
1607,2022-11-17 11:00:00,20.884,20.989,20.852,20.903,1479021
1608,2022-11-17 10:55:00,21.002,21.028,20.852,20.874,1391396
1609,2022-11-17 10:50:00,20.963,21.028,20.925,20.982,1252018
1610,2022-11-17 10:45:00,21.113,21.121,20.903,20.952,2559864
1611,2022-11-17 10:40:00,21.071,21.181,21.028,21.1,1701134
1612,2022-11-17 10:35:00,21.033,21.166,21.009,21.055,2015604
1613,2022-11-17 10:30:00,21.189,21.205,20.999,21.022,2176646
1614,2022-11-17 10:25:00,21.13,21.264,21.097,21.179,2896499
1615,2022-11-17 10:20:00,21.182,21.215,21.087,21.119,3798768
1616,2022-11-17 10:15:00,20.914,21.211,20.871,21.165,4539634
1617,2022-11-17 10:10:00,20.87,20.95,20.744,20.908,2248255
1618,2022-11-17 10:05:00,20.898,20.959,20.803,20.849,2411757
1619,2022-11-17 10:00:00,20.786,20.91,20.675,20.884,3697143
1620,2022-11-17 09:55:00,20.865,20.9,20.753,20.776,2679297
1621,2022-11-17 09:50:00,21.006,21.058,20.822,20.859,2929857
1622,2022-11-17 09:45:00,20.924,21.058,20.847,20.997,4168650
1623,2022-11-17 09:40:00,20.752,20.935,20.675,20.908,3852876
1624,2022-11-17 09:35:00,20.752,20.851,20.636,20.732,4501949
1625,2022-11-17 09:30:00,20.58,20.782,20.518,20.732,17361246
1626,2022-11-17 09:25:00,20.59,20.615,20.341,20.555,8888499
1627,2022-11-17 09:20:00,20.649,20.665,20.567,20.575,1204603
1628,2022-11-17 09:15:00,20.688,20.714,20.626,20.643,307523
1629,2022-11-17 09:10:00,20.688,20.704,20.616,20.673,319144
1630,2022-11-17 09:05:00,20.639,20.694,20.606,20.673,331592
1631,2022-11-17 09:00:00,20.629,20.684,20.567,20.633,780775
1632,2022-11-17 08:55:00,20.688,20.704,20.587,20.622,503481
1633,2022-11-17 08:50:00,20.668,20.724,20.616,20.673,537329
1634,2022-11-17 08:45:00,20.727,20.753,20.626,20.653,627885
1635,2022-11-17 08:40:00,20.717,20.763,20.655,20.732,626812
1636,2022-11-17 08:35:00,20.835,20.851,20.675,20.702,693622
1637,2022-11-17 08:30:00,20.875,20.979,20.783,20.83,933435
1638,2022-11-17 08:25:00,20.875,20.881,20.812,20.849,299390
1639,2022-11-17 08:20:00,20.865,20.891,20.753,20.849,339804
1640,2022-11-17 08:15:00,20.816,20.881,20.783,20.849,307804
1641,2022-11-17 08:10:00,20.795,20.822,20.724,20.8,472422
1642,2022-11-17 08:05:00,20.904,20.92,20.773,20.781,524962
1643,2022-11-17 08:00:00,21.336,22.06,20.871,20.889,1542197
1644,2022-11-17 07:55:00,21.042,21.077,20.96,21.006,123927
1645,2022-11-17 07:50:00,21.022,21.077,20.989,21.046,316225
1646,2022-11-17 07:45:00,21.051,21.077,20.979,21.006,188804
1647,2022-11-17 07:40:00,21.12,21.166,21.018,21.046,182697
1648,2022-11-17 07:35:00,21.179,21.195,21.087,21.095,182901
1649,2022-11-17 07:30:00,21.228,21.264,21.156,21.173,166655
1650,2022-11-17 07:25:00,21.199,21.313,21.175,21.213,129293
1651,2022-11-17 07:20:00,21.228,21.244,21.156,21.203,53549
1652,2022-11-17 07:15:00,21.228,21.274,21.185,21.203,51941
1653,2022-11-17 07:10:00,21.248,21.254,21.185,21.213,42444
1654,2022-11-17 07:05:00,21.228,21.264,21.175,21.242,55766
1655,2022-11-17 07:00:00,21.307,21.343,21.215,21.222,122460
1656,2022-11-17 06:55:00,21.277,21.323,21.244,21.301,48779
1657,2022-11-17 06:50:00,21.218,21.303,21.195,21.262,57936
1658,2022-11-17 06:45:00,21.14,21.225,21.107,21.203,36119
1659,2022-11-17 06:40:00,21.14,21.156,21.058,21.124,125413
1660,2022-11-17 06:35:00,21.238,21.274,21.067,21.124,98784
1661,2022-11-17 06:30:00,21.189,21.244,21.156,21.222,75707
1662,2022-11-17 06:25:00,21.218,21.225,21.146,21.173,184515
1663,2022-11-17 06:20:00,21.228,21.264,21.156,21.193,87614
1664,2022-11-17 06:15:00,21.238,21.284,21.215,21.222,22377
1665,2022-11-17 06:10:00,21.307,21.313,21.215,21.222,61041
1666,2022-11-17 06:05:00,21.297,21.352,21.274,21.301,49342
1667,2022-11-17 06:00:00,21.218,21.333,21.185,21.291,85106
1668,2022-11-17 05:55:00,21.258,21.284,21.195,21.213,89119
1669,2022-11-17 05:50:00,21.474,21.49,21.224,21.242,167104
1670,2022-11-17 05:45:00,21.582,21.588,21.44,21.468,86653
1671,2022-11-17 05:40:00,21.592,21.598,21.529,21.566,27351
1672,2022-11-17 05:35:00,21.582,21.608,21.538,21.586,23426
1673,2022-11-17 05:30:00,21.66,21.667,21.558,21.576,15978
1674,2022-11-17 05:25:00,21.651,21.677,21.617,21.644,26665
1675,2022-11-17 05:20:00,21.621,21.637,21.588,21.615,22278
1676,2022-11-17 05:15:00,21.602,21.628,21.578,21.605,9426
1677,2022-11-17 05:10:00,21.602,21.608,21.529,21.586,35386
1678,2022-11-17 05:05:00,21.562,21.628,21.538,21.576,19161
1679,2022-11-17 05:00:00,21.533,21.637,21.509,21.556,32767
1680,2022-11-17 04:55:00,21.552,21.559,21.48,21.527,30379
1681,2022-11-17 04:50:00,21.582,21.588,21.46,21.517,56773
1682,2022-11-17 04:45:00,21.602,21.628,21.568,21.576,46257
1683,2022-11-17 04:40:00,21.562,21.637,21.538,21.576,53900
1684,2022-11-17 04:35:00,21.611,21.618,21.509,21.546,77681
1685,2022-11-17 04:30:00,21.769,21.785,21.578,21.615,104842
1686,2022-11-17 04:25:00,21.778,21.824,21.754,21.762,14950
1687,2022-11-17 04:20:00,21.808,21.824,21.745,21.772,67462
1688,2022-11-17 04:15:00,21.759,21.814,21.735,21.792,20364
1689,2022-11-17 04:10:00,21.749,21.804,21.725,21.743,44001
1690,2022-11-17 04:05:00,21.788,21.804,21.705,21.723,58860
1691,2022-11-17 04:00:00,21.818,22.021,21.754,21.762,151871
1692,2022-11-16 19:55:00,21.827,21.873,21.803,21.831,107537
1693,2022-11-16 19:50:00,21.837,21.854,21.794,21.811,47964
1694,2022-11-16 19:45:00,21.818,21.854,21.784,21.811,55739
1695,2022-11-16 19:40:00,21.837,21.854,21.794,21.802,21654
1696,2022-11-16 19:35:00,21.837,21.863,21.813,21.822,35193
1697,2022-11-16 19:30:00,21.857,21.863,21.803,21.831,28226
1698,2022-11-16 19:25:00,21.837,21.863,21.803,21.831,25407
1699,2022-11-16 19:20:00,21.827,21.854,21.803,21.831,11894
1700,2022-11-16 19:15:00,21.867,21.873,21.774,21.811,30618
1701,2022-11-16 19:10:00,21.867,21.883,21.833,21.851,18871
1702,2022-11-16 19:05:00,21.857,21.883,21.823,21.86,32884
1703,2022-11-16 19:00:00,21.837,21.883,21.813,21.841,48882
1704,2022-11-16 18:55:00,21.808,21.854,21.784,21.821,15529
1705,2022-11-16 18:50:00,21.827,21.844,21.784,21.802,16835
1706,2022-11-16 18:45:00,21.827,21.844,21.794,21.811,43927
1707,2022-11-16 18:40:00,21.818,21.844,21.784,21.802,33498
1708,2022-11-16 18:35:00,21.808,21.824,21.764,21.802,13371
1709,2022-11-16 18:30:00,21.798,21.814,21.764,21.782,16777
1710,2022-11-16 18:25:00,21.788,21.804,21.754,21.782,54191
1711,2022-11-16 18:20:00,21.808,21.814,21.754,21.782,39617
1712,2022-11-16 18:15:00,21.818,21.824,21.764,21.792,12008
1713,2022-11-16 18:10:00,21.827,21.844,21.784,21.802,22538
1714,2022-11-16 18:05:00,21.818,21.844,21.784,21.811,14899
1715,2022-11-16 18:00:00,21.818,21.873,21.784,21.802,82141
1716,2022-11-16 17:55:00,21.788,21.824,21.754,21.792,38259
1717,2022-11-16 17:50:00,21.788,21.804,21.754,21.782,15553
1718,2022-11-16 17:45:00,21.778,21.804,21.745,21.762,13587
1719,2022-11-16 17:40:00,21.769,21.785,21.745,21.762,8742
1720,2022-11-16 17:35:00,21.778,21.785,21.735,21.752,22191
1721,2022-11-16 17:30:00,21.778,21.785,21.745,21.762,9537
1722,2022-11-16 17:25:00,21.769,21.804,21.735,21.782,13729
1723,2022-11-16 17:20:00,21.778,21.785,21.735,21.762,11835
1724,2022-11-16 17:15:00,21.788,21.804,21.754,21.762,15586
1725,2022-11-16 17:10:00,21.759,21.795,21.735,21.772,33472
1726,2022-11-16 17:05:00,21.808,21.814,21.725,21.743,64089
1727,2022-11-16 17:00:00,21.798,21.834,21.754,21.782,41763
1728,2022-11-16 16:55:00,21.818,21.824,21.754,21.792,52660
1729,2022-11-16 16:50:00,21.808,21.844,21.774,21.802,104598
1730,2022-11-16 16:45:00,21.808,21.824,21.764,21.792,65228
1731,2022-11-16 16:40:00,21.818,21.844,21.754,21.792,58441
1732,2022-11-16 16:35:00,21.808,21.834,21.764,21.811,106141
1733,2022-11-16 16:30:00,21.827,21.834,21.686,21.802,250808
1734,2022-11-16 16:25:00,21.916,21.942,21.803,21.812,359010
1735,2022-11-16 16:20:00,21.749,21.981,21.627,21.9,1180893
1736,2022-11-16 16:15:00,21.818,21.834,21.735,21.743,88098
1737,2022-11-16 16:10:00,21.749,21.824,21.725,21.802,364593
1738,2022-11-16 16:05:00,21.69,21.775,21.617,21.733,312567
1739,2022-11-16 16:00:00,21.631,21.706,21.597,21.674,337445
1740,2022-11-16 15:55:00,21.778,21.785,21.568,21.615,3119343
1741,2022-11-16 15:50:00,21.66,21.804,21.637,21.767,4104471
1742,2022-11-16 15:45:00,21.66,21.686,21.578,21.644,1874977
1743,2022-11-16 15:40:00,21.532,21.677,21.47,21.654,2837535
1744,2022-11-16 15:35:00,21.474,21.549,21.448,21.511,1071892
1745,2022-11-16 15:30:00,21.562,21.618,21.44,21.454,1870245
1746,2022-11-16 15:25:00,21.543,21.609,21.509,21.541,1328492
1747,2022-11-16 15:20:00,21.533,21.598,21.47,21.527,1272843
1748,2022-11-16 15:15:00,21.578,21.618,21.46,21.512,1491338
1749,2022-11-16 15:10:00,21.543,21.608,21.509,21.562,1389688
1750,2022-11-16 15:05:00,21.679,21.716,21.489,21.522,2722886
1751,2022-11-16 15:00:00,21.778,21.804,21.627,21.663,1171193
1752,2022-11-16 14:55:00,21.729,21.795,21.686,21.771,686137
1753,2022-11-16 14:50:00,21.662,21.775,21.622,21.711,1658516
1754,2022-11-16 14:45:00,21.71,21.755,21.622,21.644,1198785
1755,2022-11-16 14:40:00,21.739,21.785,21.669,21.684,1744094
1756,2022-11-16 14:35:00,21.621,21.814,21.568,21.718,2828974
1757,2022-11-16 14:30:00,21.759,21.765,21.548,21.6,2499896
1758,2022-11-16 14:25:00,21.744,21.814,21.715,21.738,1639662
1759,2022-11-16 14:20:00,21.667,21.765,21.634,21.723,1435386
1760,2022-11-16 14:15:00,21.7,21.736,21.597,21.649,1118836
1761,2022-11-16 14:10:00,21.724,21.736,21.646,21.679,879534
1762,2022-11-16 14:05:00,21.719,21.745,21.646,21.708,755159
1763,2022-11-16 14:00:00,21.651,21.736,21.597,21.698,1097949
1764,2022-11-16 13:55:00,21.729,21.755,21.588,21.63,1853116
1765,2022-11-16 13:50:00,21.759,21.794,21.686,21.713,1549243
1766,2022-11-16 13:45:00,21.798,21.834,21.715,21.743,2121852
1767,2022-11-16 13:40:00,21.773,21.834,21.735,21.778,1095190
1768,2022-11-16 13:35:00,21.744,21.8,21.695,21.753,1419375
1769,2022-11-16 13:30:00,21.945,21.991,21.705,21.732,2621228
1770,2022-11-16 13:25:00,21.95,22.021,21.897,21.919,1120725
1771,2022-11-16 13:20:00,21.916,22.011,21.892,21.931,1507651
1772,2022-11-16 13:15:00,21.955,21.996,21.872,21.901,2435054
1773,2022-11-16 13:10:00,21.951,22.03,21.892,21.934,2116484
1774,2022-11-16 13:05:00,21.926,21.981,21.862,21.936,1820215
1775,2022-11-16 13:00:00,21.931,21.962,21.794,21.919,2757702
1776,2022-11-16 12:55:00,21.985,22.011,21.892,21.914,1295256
1777,2022-11-16 12:50:00,22.048,22.148,21.921,21.959,2669275
1778,2022-11-16 12:45:00,21.994,22.148,21.956,22.037,2882074
1779,2022-11-16 12:40:00,21.867,22.03,21.813,21.972,1790912
1780,2022-11-16 12:35:00,21.847,21.922,21.813,21.841,1857861
1781,2022-11-16 12:30:00,21.808,21.873,21.735,21.826,1314010
1782,2022-11-16 12:25:00,21.754,21.834,21.715,21.792,2120390
1783,2022-11-16 12:20:00,21.729,21.804,21.637,21.736,2478549
1784,2022-11-16 12:15:00,21.749,21.795,21.681,21.718,822821
1785,2022-11-16 12:10:00,21.813,21.844,21.715,21.737,1528623
1786,2022-11-16 12:05:00,21.734,21.837,21.646,21.801,2215114
1787,2022-11-16 12:00:00,21.788,21.814,21.686,21.718,1894721
1788,2022-11-16 11:55:00,21.798,21.942,21.754,21.767,2468012
1789,2022-11-16 11:50:00,21.837,21.893,21.735,21.782,1842176
1790,2022-11-16 11:45:00,21.773,21.893,21.747,21.826,1791229
1791,2022-11-16 11:40:00,21.749,21.844,21.705,21.764,1259822
1792,2022-11-16 11:35:00,21.807,21.824,21.686,21.738,1907806
1793,2022-11-16 11:30:00,21.778,21.893,21.747,21.787,1903017
1794,2022-11-16 11:25:00,21.749,21.844,21.686,21.762,2219065
1795,2022-11-16 11:20:00,21.698,21.785,21.632,21.738,2238530
1796,2022-11-16 11:15:00,21.641,21.716,21.588,21.684,1399362
1797,2022-11-16 11:10:00,21.592,21.706,21.519,21.63,2900897
1798,2022-11-16 11:05:00,21.587,21.657,21.519,21.576,2214162
1799,2022-11-16 11:00:00,21.484,21.598,21.445,21.571,2470201
1800,2022-11-16 10:55:00,21.464,21.519,21.421,21.477,2269770
1801,2022-11-16 10:50:00,21.621,21.642,21.411,21.443,4226575
1802,2022-11-16 10:45:00,21.66,21.726,21.538,21.6,2220324
1803,2022-11-16 10:40:00,21.734,21.765,21.627,21.649,2610933
1804,2022-11-16 10:35:00,21.842,21.854,21.666,21.713,2451799
1805,2022-11-16 10:30:00,21.695,21.893,21.656,21.825,3316011
1806,2022-11-16 10:25:00,21.651,21.765,21.599,21.674,2654603
1807,2022-11-16 10:20:00,21.582,21.726,21.543,21.635,3539492
1808,2022-11-16 10:15:00,21.729,21.746,21.509,21.575,5892396
1809,2022-11-16 10:10:00,21.754,21.913,21.676,21.713,2745386
1810,2022-11-16 10:05:00,21.856,21.932,21.676,21.743,3384167
1811,2022-11-16 10:00:00,21.867,21.962,21.794,21.836,3020134
1812,2022-11-16 09:55:00,21.788,21.962,21.745,21.851,3562280
1813,2022-11-16 09:50:00,21.736,21.844,21.656,21.777,4043692
1814,2022-11-16 09:45:00,21.965,22.099,21.676,21.718,5892868
1815,2022-11-16 09:40:00,22.063,22.089,21.931,21.954,2256343
1816,2022-11-16 09:35:00,22.142,22.153,21.956,22.054,3109839
1817,2022-11-16 09:30:00,22.102,22.188,21.902,22.125,5018926
1818,2022-11-16 09:25:00,22.142,22.148,22.019,22.086,477037
1819,2022-11-16 09:20:00,22.211,22.256,22.078,22.135,301592
1820,2022-11-16 09:15:00,22.269,22.286,22.176,22.194,242074
1821,2022-11-16 09:10:00,22.26,22.306,22.176,22.253,235752
1822,2022-11-16 09:05:00,22.201,22.276,22.147,22.243,267059
1823,2022-11-16 09:00:00,22.142,22.266,22.117,22.184,527545
1824,2022-11-16 08:55:00,22.289,22.315,22.089,22.125,739562
1825,2022-11-16 08:50:00,22.495,22.512,22.225,22.273,488182
1826,2022-11-16 08:45:00,22.417,22.591,22.373,22.479,553403
1827,2022-11-16 08:40:00,22.358,22.463,22.333,22.39,206450
1828,2022-11-16 08:35:00,22.319,22.463,22.284,22.341,634125
1829,2022-11-16 08:30:00,22.456,22.541,22.186,22.322,1195861
1830,2022-11-16 08:25:00,22.456,22.502,22.422,22.459,81514
1831,2022-11-16 08:20:00,22.436,22.512,22.412,22.449,133474
1832,2022-11-16 08:15:00,22.446,22.473,22.382,22.42,117059
1833,2022-11-16 08:10:00,22.476,22.482,22.412,22.43,61567
1834,2022-11-16 08:05:00,22.485,22.502,22.422,22.477,128758
1835,2022-11-16 08:00:00,22.476,22.905,22.323,22.469,748810
1836,2022-11-16 07:55:00,22.495,22.581,22.461,22.538,80111
1837,2022-11-16 07:50:00,22.515,22.522,22.451,22.498,41480
1838,2022-11-16 07:45:00,22.564,22.581,22.49,22.498,57708
1839,2022-11-16 07:40:00,22.535,22.581,22.5,22.548,32315
1840,2022-11-16 07:35:00,22.545,22.561,22.48,22.528,56679
1841,2022-11-16 07:30:00,22.466,22.561,22.431,22.538,71005
1842,2022-11-16 07:25:00,22.495,22.502,22.431,22.469,91220
1843,2022-11-16 07:20:00,22.466,22.532,22.441,22.489,112403
1844,2022-11-16 07:15:00,22.417,22.473,22.392,22.449,44148
1845,2022-11-16 07:10:00,22.378,22.443,22.333,22.41,98088
1846,2022-11-16 07:05:00,22.466,22.473,22.353,22.371,116891
1847,2022-11-16 07:00:00,22.486,22.502,22.422,22.449,73949
1848,2022-11-16 06:55:00,22.476,22.532,22.451,22.479,23643
1849,2022-11-16 06:50:00,22.545,22.551,22.431,22.449,22426
1850,2022-11-16 06:45:00,22.476,22.541,22.451,22.518,27975
1851,2022-11-16 06:40:00,22.466,22.502,22.402,22.459,61691
1852,2022-11-16 06:35:00,22.476,22.532,22.422,22.44,99316
1853,2022-11-16 06:30:00,22.584,22.591,22.402,22.469,95887
1854,2022-11-16 06:25:00,22.554,22.591,22.51,22.567,29666
1855,2022-11-16 06:20:00,22.505,22.581,22.48,22.538,40634
1856,2022-11-16 06:15:00,22.466,22.541,22.441,22.489,75723
1857,2022-11-16 06:10:00,22.456,22.492,22.392,22.44,41076
1858,2022-11-16 06:05:00,22.574,22.581,22.412,22.44,149411
1859,2022-11-16 06:00:00,22.603,22.649,22.549,22.557,42404
1860,2022-11-16 05:55:00,22.623,22.63,22.569,22.597,43465
1861,2022-11-16 05:50:00,22.633,22.669,22.598,22.606,44521
1862,2022-11-16 05:45:00,22.633,22.659,22.598,22.626,58963
1863,2022-11-16 05:40:00,22.643,22.669,22.598,22.616,92838
1864,2022-11-16 05:35:00,22.702,22.708,22.598,22.626,47832
1865,2022-11-16 05:30:00,22.77,22.836,22.667,22.675,92238
1866,2022-11-16 05:25:00,22.79,22.817,22.726,22.754,38224
1867,2022-11-16 05:20:00,22.829,22.846,22.765,22.783,46534
1868,2022-11-16 05:15:00,22.8,22.846,22.765,22.813,54606
1869,2022-11-16 05:10:00,22.731,22.826,22.706,22.793,59375
1870,2022-11-16 05:05:00,22.721,22.758,22.687,22.714,59171
1871,2022-11-16 05:00:00,22.682,22.718,22.647,22.695,16170
1872,2022-11-16 04:55:00,22.692,22.718,22.637,22.656,36169
1873,2022-11-16 04:50:00,22.712,22.728,22.647,22.675,24356
1874,2022-11-16 04:45:00,22.662,22.728,22.628,22.685,84167
1875,2022-11-16 04:40:00,22.662,22.699,22.628,22.646,22556
1876,2022-11-16 04:35:00,22.613,22.669,22.588,22.646,57082
1877,2022-11-16 04:30:00,22.613,22.64,22.539,22.597,55004
1878,2022-11-16 04:25:00,22.692,22.718,22.588,22.597,82465
1879,2022-11-16 04:20:00,22.682,22.728,22.637,22.675,129332
1880,2022-11-16 04:15:00,22.653,22.689,22.618,22.665,116843
1881,2022-11-16 04:10:00,22.623,22.669,22.588,22.626,97753
1882,2022-11-16 04:05:00,22.633,22.64,22.569,22.606,69346
1883,2022-11-16 04:00:00,22.702,22.787,22.608,22.616,256582
1884,2022-11-15 19:55:00,22.24,22.256,22.166,22.194,217930
1885,2022-11-15 19:50:00,22.289,22.306,22.176,22.233,150087
1886,2022-11-15 19:45:00,22.309,22.384,22.265,22.273,80312
1887,2022-11-15 19:40:00,22.338,22.345,22.265,22.292,65635
1888,2022-11-15 19:35:00,22.269,22.335,22.225,22.312,52372
1889,2022-11-15 19:30:00,22.289,22.296,22.216,22.253,95613
1890,2022-11-15 19:25:00,22.299,22.335,22.255,22.273,102279
1891,2022-11-15 19:20:00,22.368,22.384,22.284,22.292,64306
1892,2022-11-15 19:15:00,22.387,22.394,22.323,22.351,51818
1893,2022-11-15 19:10:00,22.417,22.453,22.373,22.381,49817
1894,2022-11-15 19:05:00,22.476,22.492,22.402,22.41,25812
1895,2022-11-15 19:00:00,22.515,22.551,22.441,22.459,123440
1896,2022-11-15 18:55:00,22.505,22.532,22.471,22.498,58793
1897,2022-11-15 18:50:00,22.495,22.512,22.441,22.489,22214
1898,2022-11-15 18:45:00,22.446,22.512,22.392,22.489,48865
1899,2022-11-15 18:40:00,22.427,22.463,22.402,22.43,57677
1900,2022-11-15 18:35:00,22.427,22.453,22.382,22.4,80548
1901,2022-11-15 18:30:00,22.407,22.433,22.373,22.4,34400
1902,2022-11-15 18:25:00,22.427,22.443,22.373,22.381,45079
1903,2022-11-15 18:20:00,22.436,22.463,22.382,22.42,47649
1904,2022-11-15 18:15:00,22.422,22.463,22.392,22.42,45086
1905,2022-11-15 18:10:00,22.348,22.443,22.323,22.4,93889
1906,2022-11-15 18:05:00,22.319,22.365,22.284,22.331,38245
1907,2022-11-15 18:00:00,22.456,22.463,22.255,22.283,172078
1908,2022-11-15 17:55:00,22.436,22.463,22.412,22.44,15649
1909,2022-11-15 17:50:00,22.427,22.453,22.373,22.43,97171
1910,2022-11-15 17:45:00,22.436,22.443,22.402,22.41,11726
1911,2022-11-15 17:40:00,22.446,22.453,22.402,22.42,22455
1912,2022-11-15 17:35:00,22.456,22.463,22.412,22.43,61660
1913,2022-11-15 17:30:00,22.446,22.473,22.382,22.43,85800
1914,2022-11-15 17:25:00,22.466,22.482,22.431,22.44,29101
1915,2022-11-15 17:20:00,22.456,22.473,22.431,22.44,13414
1916,2022-11-15 17:15:00,22.447,22.473,22.422,22.449,23619
1917,2022-11-15 17:10:00,22.466,22.473,22.431,22.44,74077
1918,2022-11-15 17:05:00,22.456,22.473,22.412,22.44,15226
1919,2022-11-15 17:00:00,22.486,22.492,22.422,22.43,36326
1920,2022-11-15 16:55:00,22.466,22.493,22.441,22.47,80147
1921,2022-11-15 16:50:00,22.446,22.482,22.422,22.459,49392
1922,2022-11-15 16:45:00,22.446,22.463,22.402,22.43,66803
1923,2022-11-15 16:40:00,22.456,22.473,22.412,22.43,101296
1924,2022-11-15 16:35:00,22.495,22.502,22.431,22.44,52927
1925,2022-11-15 16:30:00,22.495,22.512,22.451,22.479,46206
1926,2022-11-15 16:25:00,22.535,22.551,22.471,22.489,73750
1927,2022-11-15 16:20:00,22.564,22.581,22.471,22.508,54423
1928,2022-11-15 16:15:00,22.535,22.581,22.48,22.548,106082
1929,2022-11-15 16:10:00,22.623,22.63,22.402,22.518,282431
1930,2022-11-15 16:05:00,22.682,22.699,22.588,22.606,181277
1931,2022-11-15 16:00:00,22.564,22.748,22.53,22.666,833425
1932,2022-11-15 15:55:00,22.451,22.59,22.412,22.557,3951732
1933,2022-11-15 15:50:00,22.574,22.591,22.353,22.434,4647670
1934,2022-11-15 15:45:00,22.682,22.696,22.51,22.552,2447074
1935,2022-11-15 15:40:00,22.682,22.738,22.598,22.67,2370162
1936,2022-11-15 15:35:00,22.51,22.727,22.48,22.675,2988903
1937,2022-11-15 15:30:00,22.707,22.713,22.461,22.489,3924639
1938,2022-11-15 15:25:00,22.79,22.813,22.637,22.685,1792577
1939,2022-11-15 15:20:00,22.741,22.836,22.647,22.768,2785414
1940,2022-11-15 15:15:00,22.608,22.777,22.584,22.724,2942080
1941,2022-11-15 15:10:00,22.628,22.689,22.492,22.596,2350770
1942,2022-11-15 15:05:00,22.741,22.753,22.53,22.602,3084873
1943,2022-11-15 15:00:00,22.643,22.807,22.584,22.732,3856665
1944,2022-11-15 14:55:00,22.438,22.728,22.382,22.634,4366684
1945,2022-11-15 14:50:00,22.422,22.502,22.314,22.425,2683670
1946,2022-11-15 14:45:00,22.51,22.607,22.363,22.405,2883053
1947,2022-11-15 14:40:00,22.505,22.63,22.452,22.498,2132482
1948,2022-11-15 14:35:00,22.488,22.669,22.422,22.484,3238116
1949,2022-11-15 14:30:00,22.606,22.649,22.451,22.469,2322158
1950,2022-11-15 14:25:00,22.682,22.728,22.471,22.587,3830590
1951,2022-11-15 14:20:00,22.499,22.738,22.471,22.67,7008097
1952,2022-11-15 14:15:00,22.378,22.561,22.235,22.489,4943685
1953,2022-11-15 14:10:00,22.181,22.591,22.142,22.361,11778243
1954,2022-11-15 14:05:00,21.886,22.207,21.854,22.174,4612616
1955,2022-11-15 14:00:00,22.24,22.325,21.852,21.87,4882190
1956,2022-11-15 13:55:00,22.284,22.423,22.176,22.216,3755476
1957,2022-11-15 13:50:00,22.068,22.315,22.039,22.268,4085131
1958,2022-11-15 13:45:00,22.211,22.404,22.039,22.056,6187197
1959,2022-11-15 13:40:00,21.975,22.345,21.764,22.194,8799992
1960,2022-11-15 13:35:00,22.096,22.276,21.833,21.968,5922501
1961,2022-11-15 13:30:00,22.269,22.433,22.068,22.086,6096904
1962,2022-11-15 13:25:00,22.471,22.551,22.166,22.253,6932917
1963,2022-11-15 13:20:00,22.658,22.689,22.294,22.454,7483075
1964,2022-11-15 13:15:00,22.957,22.964,22.618,22.641,5552557
1965,2022-11-15 13:10:00,22.982,23.013,22.883,22.945,1667001
1966,2022-11-15 13:05:00,23.055,23.101,22.942,22.96,1236485
1967,2022-11-15 13:00:00,23.036,23.101,22.965,23.038,1457058
1968,2022-11-15 12:55:00,23.012,23.043,22.906,23.019,1530634
1969,2022-11-15 12:50:00,23.104,23.111,22.981,22.996,888263
1970,2022-11-15 12:45:00,23.026,23.121,22.922,23.084,1688289
1971,2022-11-15 12:40:00,23.104,23.151,22.961,23.009,1321271
1972,2022-11-15 12:35:00,23.085,23.141,23.04,23.087,1043950
1973,2022-11-15 12:30:00,23.072,23.16,22.981,23.078,1603661
1974,2022-11-15 12:25:00,23.144,23.17,23.03,23.058,1087891
1975,2022-11-15 12:20:00,23.154,23.21,23.059,23.121,1382094
1976,2022-11-15 12:15:00,23.178,23.219,23.099,23.137,1007165
1977,2022-11-15 12:10:00,23.164,23.288,23.118,23.162,2244850
1978,2022-11-15 12:05:00,23.14,23.19,23.03,23.146,1751905
1979,2022-11-15 12:00:00,23.301,23.318,23.02,23.127,2992857
1980,2022-11-15 11:55:00,23.262,23.318,23.177,23.279,1496883
1981,2022-11-15 11:50:00,23.227,23.274,23.158,23.25,1148668
1982,2022-11-15 11:45:00,23.203,23.288,23.148,23.215,1662113
1983,2022-11-15 11:40:00,23.217,23.288,23.132,23.181,2110937
1984,2022-11-15 11:35:00,23.33,23.337,23.138,23.205,2822245
1985,2022-11-15 11:30:00,22.996,23.337,22.971,23.306,4465593
1986,2022-11-15 11:25:00,23.026,23.072,22.922,22.979,1530253
1987,2022-11-15 11:20:00,22.996,23.136,22.968,23.004,1928716
1988,2022-11-15 11:15:00,23.095,23.141,22.893,22.984,2533456
1989,2022-11-15 11:10:00,23.006,23.119,22.942,23.078,2182821
1990,2022-11-15 11:05:00,22.918,23.092,22.844,22.989,2512084
1991,2022-11-15 11:00:00,22.996,23.042,22.746,22.911,4491471
1992,2022-11-15 10:55:00,23.055,23.136,22.971,22.989,2764534
1993,2022-11-15 10:50:00,22.998,23.072,22.853,23.046,3484262
1994,2022-11-15 10:45:00,23.183,23.298,22.932,22.987,4167118
1995,2022-11-15 10:40:00,23.183,23.239,23.088,23.176,2124215
1996,2022-11-15 10:35:00,23.345,23.386,23.131,23.166,2498845
1997,2022-11-15 10:30:00,23.316,23.367,23.207,23.323,2111775
1998,2022-11-15 10:25:00,23.291,23.377,23.246,23.298,3160149
1999,2022-11-15 10:20:00,23.139,23.308,23.03,23.269,3434315
2000,2022-11-15 10:15:00,23.203,23.278,23.069,23.118,2866111
2001,2022-11-15 10:10:00,23.222,23.308,23.128,23.178,3283550
2002,2022-11-15 10:05:00,23.35,23.406,23.148,23.203,4427227
2003,2022-11-15 10:00:00,23.271,23.386,23.226,23.333,5640353
2004,2022-11-15 09:55:00,22.918,23.278,22.893,23.254,5839354
2005,2022-11-15 09:50:00,22.996,23.082,22.888,22.901,3907933
2006,2022-11-15 09:45:00,23.163,23.219,22.863,22.979,6074401
2007,2022-11-15 09:40:00,23.183,23.308,23.089,23.146,4278774
2008,2022-11-15 09:35:00,23.213,23.366,23.099,23.156,5856113
2009,2022-11-15 09:30:00,23.227,23.534,23.177,23.193,15686256
2010,2022-11-15 09:25:00,23.301,23.318,23.172,23.215,1080390
2011,2022-11-15 09:20:00,23.262,23.357,23.216,23.293,681824
2012,2022-11-15 09:15:00,23.271,23.318,23.197,23.235,744441
2013,2022-11-15 09:10:00,23.409,23.436,23.236,23.244,850173
2014,2022-11-15 09:05:00,23.389,23.455,23.315,23.392,1121250
2015,2022-11-15 09:00:00,23.517,23.534,23.354,23.372,1170377
2016,2022-11-15 08:55:00,23.448,23.524,23.354,23.5,880984
2017,2022-11-15 08:50:00,23.458,23.544,23.305,23.431,1701589
2018,2022-11-15 08:45:00,23.419,23.485,23.315,23.451,1870047
2019,2022-11-15 08:40:00,23.537,23.612,23.373,23.402,1922044
2020,2022-11-15 08:35:00,23.674,23.701,23.501,23.519,2960219
2021,2022-11-15 08:30:00,22.692,23.77,22.667,23.657,5962556
2022,2022-11-15 08:25:00,22.643,22.718,22.608,22.683,380942
2023,2022-11-15 08:20:00,22.731,22.738,22.608,22.626,404504
2024,2022-11-15 08:15:00,22.761,22.787,22.706,22.724,353201
2025,2022-11-15 08:10:00,22.751,22.787,22.716,22.734,347645
2026,2022-11-15 08:05:00,22.643,22.767,22.618,22.744,370671
2027,2022-11-15 08:00:00,22.397,22.689,22.0,22.626,1496855
2028,2022-11-15 07:55:00,22.594,22.649,22.569,22.616,202696
2029,2022-11-15 07:50:00,22.623,22.63,22.569,22.577,222301
2030,2022-11-15 07:45:00,22.603,22.64,22.579,22.606,68553
2031,2022-11-15 07:40:00,22.623,22.649,22.569,22.587,85461
2032,2022-11-15 07:35:00,22.594,22.659,22.569,22.597,163514
2033,2022-11-15 07:30:00,22.584,22.6,22.539,22.577,98123
2034,2022-11-15 07:25:00,22.495,22.63,22.471,22.557,347630
2035,2022-11-15 07:20:00,22.417,22.512,22.382,22.489,234647
2036,2022-11-15 07:15:00,22.378,22.433,22.323,22.4,142677
2037,2022-11-15 07:10:00,22.378,22.404,22.333,22.361,49023
2038,2022-11-15 07:05:00,22.328,22.404,22.294,22.361,72331
2039,2022-11-15 07:00:00,22.417,22.423,22.274,22.312,281249
2040,2022-11-15 06:55:00,22.368,22.433,22.343,22.4,67560
2041,2022-11-15 06:50:00,22.358,22.384,22.323,22.361,27487
2042,2022-11-15 06:45:00,22.319,22.365,22.294,22.341,26877
2043,2022-11-15 06:40:00,22.328,22.345,22.284,22.312,37733
2044,2022-11-15 06:35:00,22.358,22.374,22.304,22.322,58073
2045,2022-11-15 06:30:00,22.378,22.394,22.323,22.332,34245
2046,2022-11-15 06:25:00,22.358,22.394,22.314,22.361,32729
2047,2022-11-15 06:20:00,22.368,22.394,22.333,22.341,40121
2048,2022-11-15 06:15:00,22.397,22.414,22.343,22.361,47032
2049,2022-11-15 06:10:00,22.436,22.443,22.373,22.381,36934
2050,2022-11-15 06:05:00,22.417,22.433,22.382,22.41,37278
2051,2022-11-15 06:00:00,22.387,22.443,22.353,22.381,77815
2052,2022-11-15 05:55:00,22.368,22.404,22.333,22.371,16351
2053,2022-11-15 05:50:00,22.378,22.394,22.343,22.351,29704
2054,2022-11-15 05:45:00,22.378,22.414,22.353,22.361,54626
2055,2022-11-15 05:40:00,22.368,22.394,22.323,22.361,26990
2056,2022-11-15 05:35:00,22.378,22.384,22.304,22.351,29441
2057,2022-11-15 05:30:00,22.348,22.384,22.323,22.361,30295
2058,2022-11-15 05:25:00,22.338,22.365,22.314,22.332,26346
2059,2022-11-15 05:20:00,22.378,22.394,22.314,22.332,52800
2060,2022-11-15 05:15:00,22.417,22.423,22.343,22.361,76900
2061,2022-11-15 05:10:00,22.368,22.423,22.333,22.4,73140
2062,2022-11-15 05:05:00,22.397,22.404,22.333,22.351,119220
2063,2022-11-15 05:00:00,22.299,22.414,22.265,22.381,112653
2064,2022-11-15 04:55:00,22.289,22.325,22.265,22.283,149764
2065,2022-11-15 04:50:00,22.25,22.306,22.225,22.273,44527
2066,2022-11-15 04:45:00,22.25,22.286,22.225,22.233,58926
2067,2022-11-15 04:40:00,22.22,22.266,22.176,22.233,91204
2068,2022-11-15 04:35:00,22.25,22.266,22.176,22.204,62492
2069,2022-11-15 04:30:00,22.23,22.256,22.196,22.233,45762
2070,2022-11-15 04:25:00,22.22,22.247,22.176,22.214,55461
2071,2022-11-15 04:20:00,22.25,22.256,22.186,22.214,91231
2072,2022-11-15 04:15:00,22.279,22.286,22.196,22.233,84765
2073,2022-11-15 04:10:00,22.25,22.276,22.216,22.253,57033
2074,2022-11-15 04:05:00,22.309,22.325,22.216,22.233,205961
2075,2022-11-15 04:00:00,22.211,22.315,22.186,22.283,347919
2076,2022-11-14 19:55:00,21.827,21.834,21.735,21.762,522720
2077,2022-11-14 19:50:00,21.818,21.854,21.794,21.821,36159
2078,2022-11-14 19:45:00,21.847,21.863,21.784,21.802,35316
2079,2022-11-14 19:40:00,21.837,21.863,21.813,21.83,30806
2080,2022-11-14 19:35:00,21.837,21.844,21.794,21.811,43670
2081,2022-11-14 19:30:00,21.818,21.854,21.784,21.831,47153
2082,2022-11-14 19:25:00,21.837,21.844,21.794,21.802,44122
2083,2022-11-14 19:20:00,21.808,21.854,21.784,21.831,34361
2084,2022-11-14 19:15:00,21.818,21.824,21.779,21.802,18228
2085,2022-11-14 19:10:00,21.808,21.839,21.783,21.811,51709
2086,2022-11-14 19:05:00,21.818,21.834,21.774,21.792,28241
2087,2022-11-14 19:00:00,21.798,21.854,21.774,21.831,36557
2088,2022-11-14 18:55:00,21.818,21.824,21.774,21.792,57095
2089,2022-11-14 18:50:00,21.837,21.844,21.784,21.802,36626
2090,2022-11-14 18:45:00,21.877,21.883,21.803,21.811,81614
2091,2022-11-14 18:40:00,21.867,21.893,21.833,21.86,38487
2092,2022-11-14 18:35:00,21.857,21.883,21.823,21.851,27130
2093,2022-11-14 18:30:00,21.847,21.873,21.823,21.851,30494
2094,2022-11-14 18:25:00,21.857,21.864,21.803,21.821,39057
2095,2022-11-14 18:20:00,21.857,21.873,21.823,21.841,47007
2096,2022-11-14 18:15:00,21.857,21.873,21.823,21.841,28319
2097,2022-11-14 18:10:00,21.837,21.863,21.813,21.831,31837
2098,2022-11-14 18:05:00,21.827,21.854,21.794,21.821,47511
2099,2022-11-14 18:00:00,21.818,21.863,21.784,21.811,29304
2100,2022-11-14 17:55:00,21.827,21.843,21.784,21.802,29203
2101,2022-11-14 17:50:00,21.867,21.873,21.794,21.802,50585
2102,2022-11-14 17:45:00,21.857,21.873,21.833,21.841,36242
2103,2022-11-14 17:40:00,21.857,21.873,21.823,21.851,40400
2104,2022-11-14 17:35:00,21.847,21.873,21.823,21.851,55483
2105,2022-11-14 17:30:00,21.837,21.863,21.803,21.841,53971
2106,2022-11-14 17:25:00,21.808,21.844,21.774,21.811,48435
2107,2022-11-14 17:20:00,21.798,21.824,21.764,21.792,53805
2108,2022-11-14 17:15:00,21.788,21.824,21.764,21.782,81871
2109,2022-11-14 17:10:00,21.778,21.795,21.754,21.772,35162
2110,2022-11-14 17:05:00,21.788,21.795,21.754,21.762,13294
2111,2022-11-14 17:00:00,21.798,21.814,21.754,21.762,36297
2112,2022-11-14 16:55:00,21.788,21.814,21.754,21.792,45579
2113,2022-11-14 16:50:00,21.778,21.795,21.725,21.762,89083
2114,2022-11-14 16:45:00,21.798,21.814,21.745,21.762,87568
2115,2022-11-14 16:40:00,21.749,21.795,21.725,21.772,41728
2116,2022-11-14 16:35:00,21.759,21.775,21.715,21.733,57548
2117,2022-11-14 16:30:00,21.749,21.775,21.705,21.743,87985
2118,2022-11-14 16:25:00,21.749,21.765,21.715,21.723,27069
2119,2022-11-14 16:20:00,21.739,21.765,21.715,21.743,44224
2120,2022-11-14 16:15:00,21.818,21.824,21.715,21.733,139554
2121,2022-11-14 16:10:00,21.778,21.834,21.735,21.811,173319
2122,2022-11-14 16:05:00,21.729,21.804,21.705,21.752,349249
2123,2022-11-14 16:00:00,21.66,21.765,21.627,21.713,610754
2124,2022-11-14 15:55:00,21.749,21.755,21.568,21.644,4906371
2125,2022-11-14 15:50:00,21.867,21.942,21.715,21.737,3585434
2126,2022-11-14 15:45:00,21.941,21.981,21.813,21.846,2660538
2127,2022-11-14 15:40:00,22.034,22.07,21.902,21.924,2621211
2128,2022-11-14 15:35:00,21.985,22.07,21.931,22.017,2270722
2129,2022-11-14 15:30:00,22.134,22.148,21.951,21.967,2641811
2130,2022-11-14 15:25:00,22.181,22.217,22.098,22.116,1096707
2131,2022-11-14 15:20:00,22.142,22.217,22.098,22.165,2607222
2132,2022-11-14 15:15:00,22.132,22.158,22.029,22.125,3185629
2133,2022-11-14 15:10:00,22.351,22.384,22.083,22.121,2753793
2134,2022-11-14 15:05:00,22.402,22.482,22.314,22.332,2395051
2135,2022-11-14 15:00:00,22.309,22.423,22.274,22.381,2432142
2136,2022-11-14 14:55:00,22.289,22.355,22.255,22.283,1416569
2137,2022-11-14 14:50:00,22.25,22.335,22.206,22.27,1417522
2138,2022-11-14 14:45:00,22.353,22.374,22.176,22.233,2736345
2139,2022-11-14 14:40:00,22.378,22.423,22.284,22.336,1587962
2140,2022-11-14 14:35:00,22.417,22.482,22.353,22.361,1232506
2141,2022-11-14 14:30:00,22.481,22.502,22.382,22.392,1492219
2142,2022-11-14 14:25:00,22.424,22.492,22.363,22.464,1213744
2143,2022-11-14 14:20:00,22.432,22.453,22.337,22.405,1175579
2144,2022-11-14 14:15:00,22.471,22.492,22.333,22.42,1637361
2145,2022-11-14 14:10:00,22.456,22.482,22.382,22.454,857692
2146,2022-11-14 14:05:00,22.495,22.512,22.373,22.444,1900153
2147,2022-11-14 14:00:00,22.52,22.561,22.441,22.481,2728690
2148,2022-11-14 13:55:00,22.495,22.541,22.451,22.508,1219592
2149,2022-11-14 13:50:00,22.446,22.532,22.407,22.484,2147016
2150,2022-11-14 13:45:00,22.461,22.472,22.363,22.426,1275222
2151,2022-11-14 13:40:00,22.486,22.502,22.405,22.444,1299508
2152,2022-11-14 13:35:00,22.441,22.532,22.412,22.476,2333366
2153,2022-11-14 13:30:00,22.471,22.478,22.373,22.42,1839258
2154,2022-11-14 13:25:00,22.369,22.492,22.324,22.455,3239274
2155,2022-11-14 13:20:00,22.309,22.394,22.282,22.351,2358181
2156,2022-11-14 13:15:00,22.24,22.325,22.196,22.297,1478728
2157,2022-11-14 13:10:00,22.22,22.266,22.127,22.233,1560005
2158,2022-11-14 13:05:00,22.201,22.256,22.147,22.194,1632577
2159,2022-11-14 13:00:00,22.161,22.237,22.078,22.189,1658305
2160,2022-11-14 12:55:00,22.26,22.266,22.098,22.145,1625202
2161,2022-11-14 12:50:00,22.265,22.286,22.186,22.24,807574
2162,2022-11-14 12:45:00,22.215,22.306,22.181,22.248,1379668
2163,2022-11-14 12:40:00,22.289,22.296,22.166,22.199,1766329
2164,2022-11-14 12:35:00,22.206,22.296,22.157,22.268,2017562
2165,2022-11-14 12:30:00,22.132,22.247,22.088,22.184,2033622
2166,2022-11-14 12:25:00,22.063,22.163,21.995,22.108,1807491
2167,2022-11-14 12:20:00,22.073,22.089,21.882,22.047,3024721
2168,2022-11-14 12:15:00,22.166,22.237,22.044,22.052,2142988
2169,2022-11-14 12:10:00,22.161,22.207,22.078,22.15,1245821
2170,2022-11-14 12:05:00,22.137,22.227,22.083,22.145,2457901
2171,2022-11-14 12:00:00,22.024,22.207,21.921,22.125,2374620
2172,2022-11-14 11:55:00,22.014,22.085,21.965,22.003,1113474
2173,2022-11-14 11:50:00,22.103,22.148,21.951,21.993,2251333
2174,2022-11-14 11:45:00,21.985,22.168,21.951,22.086,3432492
2175,2022-11-14 11:40:00,21.965,22.055,21.892,21.962,2206662
2176,2022-11-14 11:35:00,21.994,22.05,21.912,21.947,3921998
2177,2022-11-14 11:30:00,21.7,22.001,21.627,21.968,4182238
2178,2022-11-14 11:25:00,21.7,21.775,21.637,21.684,2003123
2179,2022-11-14 11:20:00,21.67,21.765,21.597,21.683,2133996
2180,2022-11-14 11:15:00,21.719,21.765,21.588,21.644,2633172
2181,2022-11-14 11:10:00,21.931,21.952,21.666,21.703,2788979
2182,2022-11-14 11:05:00,21.862,21.957,21.784,21.919,2066735
2183,2022-11-14 11:00:00,21.975,22.016,21.774,21.841,4273281
2184,2022-11-14 10:55:00,21.965,22.095,21.921,21.959,4209384
2185,2022-11-14 10:50:00,21.896,22.001,21.813,21.951,2916066
2186,2022-11-14 10:45:00,21.955,21.981,21.852,21.887,1786980
2187,2022-11-14 10:40:00,21.975,22.104,21.902,21.944,3354466
2188,2022-11-14 10:35:00,21.96,21.991,21.803,21.949,2322711
2189,2022-11-14 10:30:00,21.896,22.011,21.764,21.943,3092897
2190,2022-11-14 10:25:00,21.911,21.942,21.754,21.875,3148494
2191,2022-11-14 10:20:00,22.004,22.076,21.882,21.89,3251776
2192,2022-11-14 10:15:00,21.975,22.099,21.921,21.988,3976508
2193,2022-11-14 10:10:00,21.94,22.06,21.872,21.958,3913623
2194,2022-11-14 10:05:00,21.847,22.001,21.759,21.924,4842088
2195,2022-11-14 10:00:00,21.69,21.913,21.666,21.824,4092329
2196,2022-11-14 09:55:00,21.616,21.755,21.534,21.673,3151334
2197,2022-11-14 09:50:00,21.587,21.726,21.548,21.593,3812334
2198,2022-11-14 09:45:00,21.565,21.608,21.411,21.566,4331988
2199,2022-11-14 09:40:00,21.818,21.868,21.519,21.546,4479435
2200,2022-11-14 09:35:00,21.675,21.834,21.548,21.797,5407826
2201,2022-11-14 09:30:00,21.778,21.913,21.617,21.664,6346656
2202,2022-11-14 09:25:00,21.808,21.844,21.715,21.752,342010
2203,2022-11-14 09:20:00,21.828,21.844,21.754,21.792,265443
2204,2022-11-14 09:15:00,21.877,21.903,21.803,21.821,153727
2205,2022-11-14 09:10:00,21.906,21.942,21.852,21.87,242991
2206,2022-11-14 09:05:00,21.936,21.942,21.862,21.89,181372
2207,2022-11-14 09:00:00,21.847,21.942,21.823,21.909,180646
2208,2022-11-14 08:55:00,21.877,21.903,21.794,21.831,292752
2209,2022-11-14 08:50:00,21.877,21.913,21.823,21.86,220577
2210,2022-11-14 08:45:00,21.896,21.913,21.843,21.86,131250
2211,2022-11-14 08:40:00,21.955,21.971,21.862,21.89,108654
2212,2022-11-14 08:35:00,21.974,21.991,21.92,21.939,81534
2213,2022-11-14 08:30:00,21.926,21.991,21.872,21.949,104857
2214,2022-11-14 08:25:00,21.965,21.981,21.882,21.909,164664
2215,2022-11-14 08:20:00,22.004,22.03,21.931,21.959,203663
2216,2022-11-14 08:15:00,21.985,22.021,21.931,21.978,230724
2217,2022-11-14 08:10:00,21.916,21.991,21.872,21.959,89731
2218,2022-11-14 08:05:00,21.877,21.932,21.852,21.909,128703
2219,2022-11-14 08:00:00,21.994,22.011,21.668,21.86,909049
2220,2022-11-14 07:55:00,21.965,22.011,21.931,21.978,46287
2221,2022-11-14 07:50:00,21.955,21.981,21.921,21.954,65953
2222,2022-11-14 07:45:00,21.985,21.991,21.911,21.949,165363
2223,2022-11-14 07:40:00,21.926,22.011,21.902,21.968,332495
2224,2022-11-14 07:35:00,21.955,21.981,21.902,21.909,69160
2225,2022-11-14 07:30:00,21.965,21.981,21.911,21.939,129273
2226,2022-11-14 07:25:00,21.936,21.981,21.911,21.949,171549
2227,2022-11-14 07:20:00,21.896,21.952,21.852,21.919,169028
2228,2022-11-14 07:15:00,21.886,21.903,21.843,21.88,78001
2229,2022-11-14 07:10:00,21.847,21.893,21.803,21.87,213690
2230,2022-11-14 07:05:00,21.818,21.883,21.784,21.831,44828
2231,2022-11-14 07:00:00,21.827,21.844,21.784,21.802,198242
2232,2022-11-14 06:55:00,21.818,21.844,21.784,21.802,40074
2233,2022-11-14 06:50:00,21.818,21.863,21.794,21.802,78315
2234,2022-11-14 06:45:00,21.867,21.883,21.794,21.802,28884
2235,2022-11-14 06:40:00,21.847,21.883,21.813,21.851,49929
2236,2022-11-14 06:35:00,21.847,21.854,21.813,21.831,24571
2237,2022-11-14 06:30:00,21.788,21.854,21.754,21.831,49119
2238,2022-11-14 06:25:00,21.769,21.824,21.745,21.792,30710
2239,2022-11-14 06:20:00,21.818,21.824,21.754,21.762,34676
2240,2022-11-14 06:15:00,21.778,21.814,21.735,21.792,22942
2241,2022-11-14 06:10:00,21.769,21.795,21.735,21.762,35111
2242,2022-11-14 06:05:00,21.788,21.814,21.735,21.752,59953
2243,2022-11-14 06:00:00,21.808,21.824,21.754,21.772,51717
2244,2022-11-14 05:55:00,21.769,21.834,21.735,21.802,55942
2245,2022-11-14 05:50:00,21.769,21.795,21.735,21.743,25319
2246,2022-11-14 05:45:00,21.759,21.795,21.715,21.752,36303
2247,2022-11-14 05:40:00,21.749,21.804,21.725,21.743,45216
2248,2022-11-14 05:35:00,21.808,21.834,21.725,21.733,30888
2249,2022-11-14 05:30:00,21.847,21.863,21.784,21.792,34719
2250,2022-11-14 05:25:00,21.808,21.863,21.784,21.831,39055
2251,2022-11-14 05:20:00,21.818,21.844,21.784,21.792,44432
2252,2022-11-14 05:15:00,21.827,21.863,21.774,21.802,49883
2253,2022-11-14 05:10:00,21.778,21.844,21.754,21.811,161243
2254,2022-11-14 05:05:00,21.729,21.795,21.705,21.762,40554
2255,2022-11-14 05:00:00,21.749,21.775,21.666,21.703,98043
2256,2022-11-14 04:55:00,21.818,21.824,21.715,21.733,40233
2257,2022-11-14 04:50:00,21.808,21.824,21.735,21.802,38951
2258,2022-11-14 04:45:00,21.867,21.873,21.784,21.792,42525
2259,2022-11-14 04:40:00,21.818,21.873,21.774,21.851,49065
2260,2022-11-14 04:35:00,21.769,21.854,21.745,21.811,48187
2261,2022-11-14 04:30:00,21.798,21.814,21.735,21.762,62050
2262,2022-11-14 04:25:00,21.778,21.804,21.705,21.782,165029
2263,2022-11-14 04:20:00,21.778,21.824,21.745,21.752,82054
2264,2022-11-14 04:15:00,21.808,21.854,21.735,21.762,172139
2265,2022-11-14 04:10:00,21.818,21.834,21.764,21.792,362251
2266,2022-11-14 04:05:00,21.867,21.893,21.784,21.802,266828
2267,2022-11-14 04:00:00,22.22,22.227,21.489,21.851,289948
2268,2022-11-11 19:55:00,22.26,22.306,22.225,22.253,157781
2269,2022-11-11 19:50:00,22.249,22.266,22.216,22.243,66984
2270,2022-11-11 19:45:00,22.22,22.256,22.186,22.233,44832
2271,2022-11-11 19:40:00,22.22,22.227,22.186,22.194,36659
2272,2022-11-11 19:35:00,22.206,22.227,22.176,22.204,30080
2273,2022-11-11 19:30:00,22.201,22.217,22.166,22.194,55852
2274,2022-11-11 19:25:00,22.201,22.217,22.166,22.175,16285
2275,2022-11-11 19:20:00,22.201,22.207,22.157,22.184,44487
2276,2022-11-11 19:15:00,22.211,22.217,22.176,22.184,23754
2277,2022-11-11 19:10:00,22.206,22.222,22.176,22.184,30282
2278,2022-11-11 19:05:00,22.211,22.217,22.166,22.194,17471
2279,2022-11-11 19:00:00,22.22,22.227,22.186,22.194,16109
2280,2022-11-11 18:55:00,22.225,22.232,22.186,22.204,24615
2281,2022-11-11 18:50:00,22.24,22.247,22.196,22.204,60305
2282,2022-11-11 18:45:00,22.25,22.256,22.216,22.224,34917
2283,2022-11-11 18:40:00,22.24,22.256,22.206,22.233,48708
2284,2022-11-11 18:35:00,22.22,22.247,22.196,22.214,41092
2285,2022-11-11 18:30:00,22.23,22.237,22.196,22.204,30911
2286,2022-11-11 18:25:00,22.23,22.247,22.196,22.204,12864
2287,2022-11-11 18:20:00,22.211,22.237,22.186,22.214,103339
2288,2022-11-11 18:15:00,22.23,22.247,22.186,22.194,26558
2289,2022-11-11 18:10:00,22.215,22.247,22.186,22.219,59667
2290,2022-11-11 18:05:00,22.211,22.227,22.186,22.199,26669
2291,2022-11-11 18:00:00,22.201,22.227,22.176,22.194,31575
2292,2022-11-11 17:55:00,22.22,22.227,22.176,22.184,30282
2293,2022-11-11 17:50:00,22.191,22.227,22.166,22.194,81103
2294,2022-11-11 17:45:00,22.191,22.207,22.166,22.175,24359
2295,2022-11-11 17:40:00,22.191,22.207,22.166,22.175,57068
2296,2022-11-11 17:35:00,22.201,22.207,22.166,22.184,37896
2297,2022-11-11 17:30:00,22.191,22.207,22.166,22.184,15724
2298,2022-11-11 17:25:00,22.171,22.207,22.147,22.184,31747
2299,2022-11-11 17:20:00,22.171,22.188,22.137,22.165,21620
2300,2022-11-11 17:15:00,22.181,22.188,22.137,22.155,38499
2301,2022-11-11 17:10:00,22.161,22.183,22.127,22.155,102290
2302,2022-11-11 17:05:00,22.181,22.188,22.127,22.135,44341
2303,2022-11-11 17:00:00,22.182,22.189,22.137,22.155,76247
2304,2022-11-11 16:55:00,22.181,22.207,22.157,22.175,171999
2305,2022-11-11 16:50:00,22.191,22.207,22.157,22.165,112016
2306,2022-11-11 16:45:00,22.201,22.227,22.176,22.184,54895
2307,2022-11-11 16:40:00,22.22,22.237,22.176,22.185,90693
2308,2022-11-11 16:35:00,22.22,22.237,22.186,22.204,60185
2309,2022-11-11 16:30:00,22.25,22.266,22.196,22.204,78094
2310,2022-11-11 16:25:00,22.26,22.276,22.225,22.233,66507
2311,2022-11-11 16:20:00,22.269,22.276,22.235,22.243,91463
2312,2022-11-11 16:15:00,22.279,22.296,22.235,22.253,284355
2313,2022-11-11 16:10:00,22.24,22.286,22.166,22.253,144140
2314,2022-11-11 16:05:00,22.24,22.247,22.176,22.224,135736
2315,2022-11-11 16:00:00,22.269,22.296,22.137,22.205,860282
2316,2022-11-11 15:55:00,22.338,22.365,22.206,22.263,4928775
2317,2022-11-11 15:50:00,22.348,22.414,22.235,22.326,6666613
2318,2022-11-11 15:45:00,22.269,22.355,22.23,22.322,3246025
2319,2022-11-11 15:40:00,22.25,22.296,22.196,22.262,2205676
2320,2022-11-11 15:35:00,22.235,22.261,22.098,22.233,4149009
2321,2022-11-11 15:30:00,22.201,22.325,22.175,22.218,4314595
2322,2022-11-11 15:25:00,22.067,22.242,22.03,22.187,4834268
2323,2022-11-11 15:20:00,22.034,22.158,21.99,22.057,4020160
2324,2022-11-11 15:15:00,22.014,22.06,21.911,22.008,3422941
2325,2022-11-11 15:10:00,22.098,22.119,21.941,21.998,3038503
2326,2022-11-11 15:05:00,22.25,22.281,22.049,22.081,4117937
2327,2022-11-11 15:00:00,22.417,22.433,22.216,22.239,2622017
2328,2022-11-11 14:55:00,22.378,22.433,22.304,22.394,1884963
2329,2022-11-11 14:50:00,22.338,22.404,22.274,22.367,2147628
2330,2022-11-11 14:45:00,22.397,22.422,22.304,22.324,1790950
2331,2022-11-11 14:40:00,22.378,22.423,22.323,22.381,2355839
2332,2022-11-11 14:35:00,22.343,22.384,22.274,22.357,2130063
2333,2022-11-11 14:30:00,22.299,22.365,22.255,22.327,2988362
2334,2022-11-11 14:25:00,22.265,22.335,22.206,22.287,1513828
2335,2022-11-11 14:20:00,22.189,22.315,22.157,22.248,2230348
2336,2022-11-11 14:15:00,22.238,22.256,22.117,22.174,2286138
2337,2022-11-11 14:10:00,22.279,22.315,22.147,22.215,1883127
2338,2022-11-11 14:05:00,22.269,22.365,22.196,22.265,3541188
2339,2022-11-11 14:00:00,22.248,22.286,22.13,22.263,2130403
2340,2022-11-11 13:55:00,22.23,22.286,22.167,22.229,2215715
2341,2022-11-11 13:50:00,22.142,22.247,22.108,22.204,2743349
2342,2022-11-11 13:45:00,22.132,22.158,22.029,22.13,2332986
2343,2022-11-11 13:40:00,22.122,22.188,22.049,22.106,2342425
2344,2022-11-11 13:35:00,22.235,22.247,22.029,22.113,3999223
2345,2022-11-11 13:30:00,22.128,22.256,22.078,22.221,3358273
2346,2022-11-11 13:25:00,22.106,22.148,22.03,22.106,1940781
2347,2022-11-11 13:20:00,22.078,22.119,21.98,22.096,2506217
2348,2022-11-11 13:15:00,21.95,22.109,21.911,22.062,2427826
2349,2022-11-11 13:10:00,21.97,22.06,21.921,21.93,4102624
2350,2022-11-11 13:05:00,21.895,21.991,21.843,21.952,2445553
2351,2022-11-11 13:00:00,21.808,21.932,21.774,21.87,2571694
2352,2022-11-11 12:55:00,21.759,21.903,21.735,21.793,2716070
2353,2022-11-11 12:50:00,21.69,21.775,21.656,21.743,1310276
2354,2022-11-11 12:45:00,21.69,21.736,21.627,21.67,1458406
2355,2022-11-11 12:40:00,21.656,21.706,21.558,21.674,1611589
2356,2022-11-11 12:35:00,21.636,21.726,21.588,21.635,1811994
2357,2022-11-11 12:30:00,21.7,21.804,21.588,21.615,2797455
2358,2022-11-11 12:25:00,21.69,21.726,21.627,21.684,1227636
2359,2022-11-11 12:20:00,21.69,21.716,21.616,21.675,1417431
2360,2022-11-11 12:15:00,21.651,21.755,21.617,21.674,3227807
2361,2022-11-11 12:10:00,21.503,21.696,21.47,21.644,3679986
2362,2022-11-11 12:05:00,21.484,21.51,21.372,21.478,1835961
2363,2022-11-11 12:00:00,21.506,21.529,21.352,21.468,2183609
2364,2022-11-11 11:55:00,21.502,21.588,21.411,21.492,2460104
2365,2022-11-11 11:50:00,21.474,21.569,21.445,21.487,3058414
2366,2022-11-11 11:45:00,21.376,21.49,21.283,21.458,2256092
2367,2022-11-11 11:40:00,21.258,21.439,21.215,21.37,2841531
2368,2022-11-11 11:35:00,21.222,21.382,21.175,21.242,3078252
2369,2022-11-11 11:30:00,21.228,21.313,21.117,21.212,5166332
2370,2022-11-11 11:25:00,21.454,21.51,21.195,21.213,4087996
2371,2022-11-11 11:20:00,21.562,21.618,21.362,21.443,3183350
2372,2022-11-11 11:15:00,21.489,21.578,21.342,21.546,5733128
2373,2022-11-11 11:10:00,21.582,21.618,21.44,21.478,7068607
2374,2022-11-11 11:05:00,21.847,21.893,21.538,21.566,3780824
2375,2022-11-11 11:00:00,21.744,21.903,21.72,21.841,3529303
2376,2022-11-11 10:55:00,21.815,21.824,21.666,21.728,3490800
2377,2022-11-11 10:50:00,21.886,21.919,21.784,21.806,3877799
2378,2022-11-11 10:45:00,21.685,21.893,21.617,21.867,4906526
2379,2022-11-11 10:40:00,21.651,21.696,21.519,21.674,3695291
2380,2022-11-11 10:35:00,21.685,21.736,21.48,21.626,4607719
2381,2022-11-11 10:30:00,21.764,21.804,21.612,21.669,3319112
2382,2022-11-11 10:25:00,21.68,21.804,21.573,21.749,4912496
2383,2022-11-11 10:20:00,21.66,21.814,21.607,21.664,5408702
2384,2022-11-11 10:15:00,21.535,21.726,21.499,21.644,6057644
2385,2022-11-11 10:10:00,21.267,21.608,21.205,21.527,5350737
2386,2022-11-11 10:05:00,21.228,21.49,21.097,21.252,6500115
2387,2022-11-11 10:00:00,21.15,21.421,20.861,21.213,10308217
2388,2022-11-11 09:55:00,21.209,21.323,21.087,21.149,5261606
2389,2022-11-11 09:50:00,21.336,21.431,21.166,21.198,7654704
2390,2022-11-11 09:45:00,21.061,21.352,21.038,21.316,9116757
2391,2022-11-11 09:40:00,20.875,21.067,20.822,21.046,4925737
2392,2022-11-11 09:35:00,20.859,20.959,20.724,20.859,6326082
2393,2022-11-11 09:30:00,21.051,21.176,20.812,20.849,7547875
2394,2022-11-11 09:25:00,21.022,21.087,20.979,21.036,584001
2395,2022-11-11 09:20:00,21.11,21.136,20.989,21.006,988137
2396,2022-11-11 09:15:00,21.228,21.234,21.077,21.105,1090014
2397,2022-11-11 09:10:00,21.346,21.352,21.195,21.213,756740
2398,2022-11-11 09:05:00,21.415,21.431,21.313,21.321,647837
2399,2022-11-11 09:00:00,21.493,21.5,21.391,21.399,283726
2400,2022-11-11 08:55:00,21.484,21.529,21.44,21.478,224945
2401,2022-11-11 08:50:00,21.444,21.5,21.401,21.468,140769
2402,2022-11-11 08:45:00,21.464,21.519,21.411,21.438,267211
2403,2022-11-11 08:40:00,21.484,21.49,21.391,21.448,237231
2404,2022-11-11 08:35:00,21.435,21.559,21.401,21.468,497039
2405,2022-11-11 08:30:00,21.493,21.5,21.372,21.419,489045
2406,2022-11-11 08:25:00,21.523,21.569,21.44,21.478,563145
2407,2022-11-11 08:20:00,21.572,21.598,21.489,21.507,369479
2408,2022-11-11 08:15:00,21.513,21.578,21.48,21.546,166407
2409,2022-11-11 08:10:00,21.543,21.569,21.48,21.497,257283
2410,2022-11-11 08:05:00,21.533,21.569,21.499,21.527,338109
2411,2022-11-11 08:00:00,21.493,21.971,21.195,21.517,1107264
2412,2022-11-11 07:55:00,21.454,21.519,21.421,21.497,195602
2413,2022-11-11 07:50:00,21.415,21.49,21.381,21.429,148586
2414,2022-11-11 07:45:00,21.405,21.48,21.372,21.399,134223
2415,2022-11-11 07:40:00,21.464,21.47,21.372,21.389,144190
2416,2022-11-11 07:35:00,21.454,21.49,21.421,21.448,185560
2417,2022-11-11 07:30:00,21.385,21.48,21.313,21.429,242520
2418,2022-11-11 07:25:00,21.366,21.421,21.342,21.36,211457
2419,2022-11-11 07:20:00,21.376,21.392,21.313,21.35,107408
2420,2022-11-11 07:15:00,21.376,21.392,21.303,21.35,156215
2421,2022-11-11 07:10:00,21.454,21.46,21.362,21.37,189572
2422,2022-11-11 07:05:00,21.484,21.5,21.391,21.438,195430
2423,2022-11-11 07:00:00,21.484,21.51,21.401,21.478,322686
2424,2022-11-11 06:55:00,21.513,21.539,21.45,21.478,95202
2425,2022-11-11 06:50:00,21.464,21.539,21.44,21.517,59639
2426,2022-11-11 06:45:00,21.484,21.5,21.411,21.448,147003
2427,2022-11-11 06:40:00,21.552,21.569,21.45,21.458,126650
2428,2022-11-11 06:35:00,21.543,21.578,21.499,21.536,68212
2429,2022-11-11 06:30:00,21.523,21.578,21.499,21.527,123395
2430,2022-11-11 06:25:00,21.523,21.539,21.46,21.517,43705
2431,2022-11-11 06:20:00,21.503,21.539,21.46,21.517,50505
2432,2022-11-11 06:15:00,21.474,21.539,21.421,21.497,55135
2433,2022-11-11 06:10:00,21.474,21.5,21.431,21.468,37204
2434,2022-11-11 06:05:00,21.435,21.5,21.362,21.448,187468
2435,2022-11-11 06:00:00,21.464,21.49,21.401,21.419,54843
2436,2022-11-11 05:55:00,21.464,21.51,21.44,21.458,50344
2437,2022-11-11 05:50:00,21.425,21.47,21.391,21.448,69074
2438,2022-11-11 05:45:00,21.454,21.49,21.391,21.409,132658
2439,2022-11-11 05:40:00,21.543,21.549,21.421,21.438,98549
2440,2022-11-11 05:35:00,21.562,21.569,21.46,21.527,84078
2441,2022-11-11 05:30:00,21.533,21.588,21.509,21.546,52145
2442,2022-11-11 05:25:00,21.582,21.588,21.48,21.517,147861
2443,2022-11-11 05:20:00,21.68,21.686,21.548,21.556,47130
2444,2022-11-11 05:15:00,21.631,21.696,21.597,21.664,58174
2445,2022-11-11 05:10:00,21.592,21.647,21.519,21.625,79366
2446,2022-11-11 05:05:00,21.651,21.657,21.558,21.576,69599
2447,2022-11-11 05:00:00,21.631,21.706,21.597,21.644,95970
2448,2022-11-11 04:55:00,21.582,21.657,21.558,21.615,68239
2449,2022-11-11 04:50:00,21.621,21.637,21.538,21.566,68613
2450,2022-11-11 04:45:00,21.562,21.628,21.529,21.605,68238
2451,2022-11-11 04:40:00,21.552,21.578,21.509,21.556,79996
2452,2022-11-11 04:35:00,21.552,21.598,21.529,21.536,74426
2453,2022-11-11 04:30:00,21.592,21.618,21.519,21.536,188444
2454,2022-11-11 04:25:00,21.621,21.628,21.548,21.566,146835
2455,2022-11-11 04:20:00,21.67,21.686,21.578,21.615,203974
2456,2022-11-11 04:15:00,21.68,21.745,21.597,21.654,240241
2457,2022-11-11 04:10:00,21.729,21.755,21.646,21.654,198989
2458,2022-11-11 04:05:00,21.749,21.765,21.686,21.713,379509
2459,2022-11-11 04:00:00,21.435,21.893,21.411,21.733,914541
2460,2022-11-10 19:55:00,21.228,21.284,21.195,21.262,162245
2461,2022-11-10 19:50:00,21.209,21.234,21.175,21.203,59243
2462,2022-11-10 19:45:00,21.179,21.215,21.146,21.183,92963
2463,2022-11-10 19:40:00,21.169,21.205,21.146,21.154,44302
2464,2022-11-10 19:35:00,21.204,21.215,21.136,21.144,62747
2465,2022-11-10 19:30:00,21.209,21.234,21.175,21.193,33665
2466,2022-11-10 19:25:00,21.199,21.215,21.166,21.183,32919
2467,2022-11-10 19:20:00,21.179,21.205,21.146,21.183,60580
2468,2022-11-10 19:15:00,21.218,21.234,21.136,21.163,112938
2469,2022-11-10 19:10:00,21.238,21.254,21.195,21.203,60590
2470,2022-11-10 19:05:00,21.268,21.303,21.195,21.222,78593
2471,2022-11-10 19:00:00,21.326,21.372,21.224,21.242,96046
2472,2022-11-10 18:55:00,21.317,21.382,21.283,21.321,191418
2473,2022-11-10 18:50:00,21.199,21.323,21.166,21.301,248926
2474,2022-11-10 18:45:00,21.209,21.215,21.166,21.183,35125
2475,2022-11-10 18:40:00,21.199,21.225,21.166,21.193,78482
2476,2022-11-10 18:35:00,21.218,21.225,21.175,21.183,54808
2477,2022-11-10 18:30:00,21.218,21.225,21.175,21.193,102854
2478,2022-11-10 18:25:00,21.199,21.225,21.175,21.203,33598
2479,2022-11-10 18:20:00,21.218,21.234,21.175,21.183,69509
2480,2022-11-10 18:15:00,21.209,21.225,21.156,21.193,83168
2481,2022-11-10 18:10:00,21.218,21.244,21.175,21.193,78293
2482,2022-11-10 18:05:00,21.218,21.244,21.146,21.213,121937
2483,2022-11-10 18:00:00,21.326,21.333,21.156,21.203,195631
2484,2022-11-10 17:55:00,21.356,21.372,21.31,21.33,150932
2485,2022-11-10 17:50:00,21.356,21.372,21.323,21.34,86912
2486,2022-11-10 17:45:00,21.346,21.372,21.323,21.34,109072
2487,2022-11-10 17:40:00,21.341,21.372,21.313,21.34,45957
2488,2022-11-10 17:35:00,21.346,21.352,21.283,21.321,98672
2489,2022-11-10 17:30:00,21.356,21.372,21.313,21.33,104939
2490,2022-11-10 17:25:00,21.356,21.382,21.313,21.35,116594
2491,2022-11-10 17:20:00,21.356,21.372,21.303,21.34,118758
2492,2022-11-10 17:15:00,21.395,21.421,21.323,21.34,235342
2493,2022-11-10 17:10:00,21.394,21.402,21.362,21.37,72798
2494,2022-11-10 17:05:00,21.395,21.411,21.342,21.379,197525
2495,2022-11-10 17:00:00,21.346,21.411,21.303,21.389,194448
2496,2022-11-10 16:55:00,21.297,21.343,21.264,21.311,168220
2497,2022-11-10 16:50:00,21.258,21.323,21.234,21.291,209477
2498,2022-11-10 16:45:00,21.277,21.293,21.224,21.252,201905
2499,2022-11-10 16:40:00,21.238,21.284,21.215,21.262,202323
2500,2022-11-10 16:35:00,21.248,21.254,21.205,21.222,175887
2501,2022-11-10 16:30:00,21.228,21.264,21.195,21.232,175895
2502,2022-11-10 16:25:00,21.218,21.264,21.185,21.203,338858
2503,2022-11-10 16:20:00,21.091,21.225,21.067,21.203,381458
2504,2022-11-10 16:15:00,21.071,21.097,21.038,21.075,206558
2505,2022-11-10 16:10:00,21.14,21.166,21.028,21.055,402186
2506,2022-11-10 16:05:00,21.13,21.176,21.097,21.124,297102
2507,2022-11-10 16:00:00,21.081,21.205,21.009,21.114,1291662
2508,2022-11-10 15:55:00,21.091,21.166,20.999,21.075,8619980
2509,2022-11-10 15:50:00,20.943,21.117,20.91,21.08,5091565
2510,2022-11-10 15:45:00,20.914,20.959,20.852,20.923,3295832
2511,2022-11-10 15:40:00,20.855,20.959,20.805,20.908,6576813
2512,2022-11-10 15:35:00,20.821,20.871,20.783,20.849,2353244
2513,2022-11-10 15:30:00,20.835,20.9,20.783,20.801,3312594
2514,2022-11-10 15:25:00,20.766,20.851,20.714,20.815,2519490
2515,2022-11-10 15:20:00,20.742,20.802,20.695,20.751,2285188
2516,2022-11-10 15:15:00,20.766,20.792,20.695,20.732,2322776
2517,2022-11-10 15:10:00,20.688,20.782,20.655,20.746,3416324
2518,2022-11-10 15:05:00,20.541,20.694,20.508,20.67,2909515
2519,2022-11-10 15:00:00,20.585,20.596,20.508,20.525,1549141
2520,2022-11-10 14:55:00,20.57,20.615,20.528,20.574,1341401
2521,2022-11-10 14:50:00,20.472,20.596,20.43,20.555,2345111
2522,2022-11-10 14:45:00,20.474,20.517,20.435,20.461,830802
2523,2022-11-10 14:40:00,20.491,20.527,20.42,20.462,881305
2524,2022-11-10 14:35:00,20.482,20.527,20.43,20.467,911068
2525,2022-11-10 14:30:00,20.501,20.507,20.4,20.462,1475392
2526,2022-11-10 14:25:00,20.472,20.527,20.435,20.483,1221188
2527,2022-11-10 14:20:00,20.462,20.478,20.371,20.452,1388719
2528,2022-11-10 14:15:00,20.506,20.527,20.43,20.441,1102456
2529,2022-11-10 14:10:00,20.506,20.527,20.459,20.494,736379
2530,2022-11-10 14:05:00,20.501,20.537,20.43,20.487,1497549
2531,2022-11-10 14:00:00,20.472,20.537,20.43,20.491,1344156
2532,2022-11-10 13:55:00,20.452,20.517,20.4,20.451,1527562
2533,2022-11-10 13:50:00,20.452,20.488,20.361,20.437,1475005
2534,2022-11-10 13:45:00,20.379,20.488,20.351,20.442,3080889
2535,2022-11-10 13:40:00,20.295,20.389,20.238,20.359,1725331
2536,2022-11-10 13:35:00,20.305,20.35,20.253,20.28,861007
2537,2022-11-10 13:30:00,20.339,20.38,20.224,20.295,1849881
2538,2022-11-10 13:25:00,20.265,20.35,20.224,20.32,1518626
2539,2022-11-10 13:20:00,20.369,20.399,20.224,20.241,2001461
2540,2022-11-10 13:15:00,20.379,20.439,20.302,20.349,2501060
2541,2022-11-10 13:10:00,20.305,20.389,20.243,20.368,2454223
2542,2022-11-10 13:05:00,20.275,20.33,20.204,20.28,2250358
2543,2022-11-10 13:00:00,20.118,20.291,20.086,20.259,3800271
2544,2022-11-10 12:55:00,20.177,20.213,20.071,20.098,1466425
2545,2022-11-10 12:50:00,20.167,20.227,20.096,20.162,1734938
2546,2022-11-10 12:45:00,20.275,20.286,20.086,20.152,2489954
2547,2022-11-10 12:40:00,20.162,20.291,20.106,20.26,2893894
2548,2022-11-10 12:35:00,20.256,20.311,20.135,20.147,2303896
2549,2022-11-10 12:30:00,20.325,20.335,20.155,20.241,3756171
2550,2022-11-10 12:25:00,20.369,20.394,20.283,20.319,1137919
2551,2022-11-10 12:20:00,20.403,20.419,20.297,20.35,1336643
2552,2022-11-10 12:15:00,20.305,20.419,20.282,20.388,1940837
2553,2022-11-10 12:10:00,20.369,20.399,20.282,20.299,1354775
2554,2022-11-10 12:05:00,20.413,20.429,20.322,20.349,1789158
2555,2022-11-10 12:00:00,20.437,20.458,20.345,20.403,1908347
2556,2022-11-10 11:55:00,20.383,20.468,20.361,20.427,2487627
2557,2022-11-10 11:50:00,20.364,20.419,20.332,20.378,2214557
2558,2022-11-10 11:45:00,20.285,20.38,20.263,20.357,1899909
2559,2022-11-10 11:40:00,20.398,20.409,20.263,20.275,2534942
2560,2022-11-10 11:35:00,20.339,20.409,20.273,20.383,2170562
2561,2022-11-10 11:30:00,20.246,20.389,20.214,20.324,3886993
2562,2022-11-10 11:25:00,20.226,20.252,20.155,20.221,1391564
2563,2022-11-10 11:20:00,20.197,20.291,20.149,20.216,2179706
2564,2022-11-10 11:15:00,20.241,20.252,20.117,20.178,2334197
2565,2022-11-10 11:10:00,20.054,20.252,20.018,20.231,3507685
2566,2022-11-10 11:05:00,20.113,20.232,19.998,20.035,3893023
2567,2022-11-10 11:00:00,20.207,20.262,20.086,20.098,2510865
2568,2022-11-10 10:55:00,20.168,20.262,20.086,20.201,2939442
2569,2022-11-10 10:50:00,20.187,20.262,20.135,20.157,3902122
2570,2022-11-10 10:45:00,20.035,20.203,19.939,20.173,4719122
2571,2022-11-10 10:40:00,19.814,20.104,19.753,20.025,5870863
2572,2022-11-10 10:35:00,19.986,20.026,19.782,19.807,3998643
2573,2022-11-10 10:30:00,20.108,20.154,19.87,19.97,4542606
2574,2022-11-10 10:25:00,20.148,20.17,20.037,20.094,3658873
2575,2022-11-10 10:20:00,20.094,20.203,20.008,20.143,4399542
2576,2022-11-10 10:15:00,20.099,20.203,19.993,20.084,4739131
2577,2022-11-10 10:10:00,20.192,20.262,20.067,20.074,4427278
2578,2022-11-10 10:05:00,20.167,20.242,20.086,20.172,5736778
2579,2022-11-10 10:00:00,20.236,20.321,20.076,20.152,8800349
2580,2022-11-10 09:55:00,19.961,20.252,19.934,20.216,9490030
2581,2022-11-10 09:50:00,19.873,19.987,19.792,19.936,8346691
2582,2022-11-10 09:45:00,19.567,19.888,19.53,19.858,9968459
2583,2022-11-10 09:40:00,19.647,19.692,19.331,19.549,9403454
2584,2022-11-10 09:35:00,19.701,19.859,19.527,19.627,11228475
2585,2022-11-10 09:30:00,19.794,19.977,19.635,19.691,18209077
2586,2022-11-10 09:25:00,19.725,19.82,19.645,19.77,2089580
2587,2022-11-10 09:20:00,19.627,19.741,19.556,19.711,1774431
2588,2022-11-10 09:15:00,19.588,19.643,19.527,19.613,1252467
2589,2022-11-10 09:10:00,19.47,19.594,19.429,19.563,1654282
2590,2022-11-10 09:05:00,19.431,19.505,19.39,19.446,1295603
2591,2022-11-10 09:00:00,19.539,19.594,19.39,19.406,1983136
2592,2022-11-10 08:55:00,19.401,19.584,19.321,19.524,3066470
2593,2022-11-10 08:50:00,19.48,19.495,19.282,19.377,3387836
2594,2022-11-10 08:45:00,19.322,19.535,19.282,19.457,3834048
2595,2022-11-10 08:40:00,19.234,19.328,19.154,19.298,3305937
2596,2022-11-10 08:35:00,19.008,19.289,18.919,19.23,8172599
2597,2022-11-10 08:30:00,17.495,19.358,17.201,18.994,13423717
2598,2022-11-10 08:25:00,17.495,17.52,17.437,17.481,415490
2599,2022-11-10 08:20:00,17.544,17.559,17.466,17.492,337520
2600,2022-11-10 08:15:00,17.574,17.579,17.496,17.53,386344
2601,2022-11-10 08:10:00,17.476,17.579,17.456,17.561,389557
2602,2022-11-10 08:05:00,17.505,17.52,17.437,17.473,197325
2603,2022-11-10 08:00:00,17.515,17.607,17.321,17.502,986488
2604,2022-11-10 07:55:00,17.427,17.501,17.398,17.473,81532
2605,2022-11-10 07:50:00,17.446,17.481,17.398,17.404,46200
2606,2022-11-10 07:45:00,17.427,17.481,17.407,17.433,70997
2607,2022-11-10 07:40:00,17.456,17.461,17.407,17.414,74196
2608,2022-11-10 07:35:00,17.466,17.481,17.417,17.433,60698
2609,2022-11-10 07:30:00,17.486,17.501,17.447,17.463,43410
2610,2022-11-10 07:25:00,17.486,17.51,17.447,17.473,126394
2611,2022-11-10 07:20:00,17.525,17.55,17.447,17.473,95701
2612,2022-11-10 07:15:00,17.525,17.53,17.496,17.512,73079
2613,2022-11-10 07:10:00,17.495,17.55,17.476,17.512,48171
2614,2022-11-10 07:05:00,17.505,17.53,17.466,17.492,74602
2615,2022-11-10 07:00:00,17.525,17.53,17.466,17.482,122289
2616,2022-11-10 06:55:00,17.544,17.559,17.486,17.502,24138
2617,2022-11-10 06:50:00,17.564,17.569,17.515,17.532,29133
2618,2022-11-10 06:45:00,17.574,17.618,17.545,17.551,91994
2619,2022-11-10 06:40:00,17.564,17.599,17.545,17.571,98468
2620,2022-11-10 06:35:00,17.544,17.579,17.486,17.551,43563
2621,2022-11-10 06:30:00,17.535,17.55,17.506,17.522,18263
2622,2022-11-10 06:25:00,17.564,17.569,17.506,17.522,28808
2623,2022-11-10 06:20:00,17.495,17.579,17.476,17.551,101308
2624,2022-11-10 06:15:00,17.495,17.51,17.456,17.482,18786
2625,2022-11-10 06:10:00,17.466,17.52,17.447,17.482,36228
2626,2022-11-10 06:05:00,17.466,17.481,17.407,17.453,14762
2627,2022-11-10 06:00:00,17.515,17.52,17.368,17.453,107712
2628,2022-11-10 05:55:00,17.387,17.52,17.358,17.502,113052
2629,2022-11-10 05:50:00,17.397,17.402,17.368,17.374,26511
2630,2022-11-10 05:45:00,17.427,17.442,17.378,17.394,16778
2631,2022-11-10 05:40:00,17.397,17.432,17.378,17.414,20337
2632,2022-11-10 05:35:00,17.397,17.402,17.349,17.384,16913
2633,2022-11-10 05:30:00,17.377,17.402,17.358,17.384,24731
2634,2022-11-10 05:25:00,17.368,17.383,17.309,17.355,23022
2635,2022-11-10 05:20:00,17.377,17.383,17.339,17.345,31395
2636,2022-11-10 05:15:00,17.368,17.392,17.329,17.365,33050
2637,2022-11-10 05:10:00,17.407,17.412,17.339,17.365,43894
2638,2022-11-10 05:05:00,17.417,17.442,17.388,17.404,27514
2639,2022-11-10 05:00:00,17.427,17.442,17.388,17.404,27289
2640,2022-11-10 04:55:00,17.446,17.451,17.398,17.404,16999
2641,2022-11-10 04:50:00,17.466,17.471,17.417,17.424,189035
2642,2022-11-10 04:45:00,17.456,17.491,17.437,17.453,18057
2643,2022-11-10 04:40:00,17.486,17.501,17.427,17.443,68557
2644,2022-11-10 04:35:00,17.456,17.491,17.417,17.463,29939
2645,2022-11-10 04:30:00,17.436,17.471,17.417,17.424,48629
2646,2022-11-10 04:25:00,17.427,17.451,17.398,17.424,24355
2647,2022-11-10 04:20:00,17.377,17.442,17.358,17.414,45388
2648,2022-11-10 04:15:00,17.417,17.432,17.339,17.365,50837
2649,2022-11-10 04:10:00,17.427,17.451,17.388,17.404,51911
2650,2022-11-10 04:05:00,17.397,17.442,17.358,17.414,93453
2651,2022-11-10 04:00:00,17.427,17.442,17.349,17.374,199112
2652,2022-11-09 19:55:00,17.417,17.451,17.378,17.433,132864
2653,2022-11-09 19:50:00,17.436,17.451,17.378,17.404,64273
2654,2022-11-09 19:45:00,17.456,17.481,17.417,17.424,49572
2655,2022-11-09 19:40:00,17.427,17.471,17.407,17.443,76111
2656,2022-11-09 19:35:00,17.377,17.432,17.358,17.414,85284
2657,2022-11-09 19:30:00,17.407,17.422,17.368,17.374,24866
2658,2022-11-09 19:25:00,17.407,17.432,17.388,17.404,84176
2659,2022-11-09 19:20:00,17.387,17.471,17.368,17.394,130164
2660,2022-11-09 19:15:00,17.358,17.392,17.339,17.374,50188
2661,2022-11-09 19:10:00,17.358,17.383,17.329,17.345,47433
2662,2022-11-09 19:05:00,17.328,17.363,17.299,17.345,72141
2663,2022-11-09 19:00:00,17.309,17.343,17.28,17.316,35299
2664,2022-11-09 18:55:00,17.328,17.343,17.28,17.306,81448
2665,2022-11-09 18:50:00,17.338,17.353,17.309,17.316,47921
2666,2022-11-09 18:45:00,17.319,17.353,17.29,17.335,30537
2667,2022-11-09 18:40:00,17.299,17.324,17.28,17.296,31787
2668,2022-11-09 18:35:00,17.319,17.333,17.28,17.296,18666
2669,2022-11-09 18:30:00,17.328,17.343,17.29,17.306,23769
2670,2022-11-09 18:25:00,17.328,17.353,17.29,17.306,34633
2671,2022-11-09 18:20:00,17.328,17.353,17.299,17.316,30766
2672,2022-11-09 18:15:00,17.299,17.333,17.27,17.316,34773
2673,2022-11-09 18:10:00,17.328,17.333,17.28,17.286,25781
2674,2022-11-09 18:05:00,17.338,17.373,17.299,17.325,52304
2675,2022-11-09 18:00:00,17.289,17.392,17.26,17.335,107014
2676,2022-11-09 17:55:00,17.289,17.294,17.25,17.266,76987
2677,2022-11-09 17:50:00,17.289,17.304,17.27,17.276,27953
2678,2022-11-09 17:45:00,17.289,17.304,17.26,17.276,45345
2679,2022-11-09 17:40:00,17.309,17.314,17.27,17.276,40997
2680,2022-11-09 17:35:00,17.309,17.315,17.27,17.296,33856
2681,2022-11-09 17:30:00,17.309,17.324,17.28,17.306,35237
2682,2022-11-09 17:25:00,17.289,17.314,17.27,17.286,93680
2683,2022-11-09 17:20:00,17.299,17.304,17.26,17.286,28701
2684,2022-11-09 17:15:00,17.299,17.323,17.27,17.286,21364
2685,2022-11-09 17:10:00,17.289,17.333,17.27,17.315,69698
2686,2022-11-09 17:05:00,17.309,17.333,17.27,17.286,59638
2687,2022-11-09 17:00:00,17.319,17.333,17.29,17.306,40328
2688,2022-11-09 16:55:00,17.338,17.363,17.29,17.306,34582
2689,2022-11-09 16:50:00,17.358,17.373,17.319,17.335,56600
2690,2022-11-09 16:45:00,17.328,17.373,17.299,17.355,89854
2691,2022-11-09 16:40:00,17.309,17.353,17.29,17.306,42551
2692,2022-11-09 16:35:00,17.338,17.343,17.28,17.296,43930
2693,2022-11-09 16:30:00,17.319,17.343,17.299,17.316,65068
2694,2022-11-09 16:25:00,17.328,17.343,17.299,17.316,43894
2695,2022-11-09 16:20:00,17.289,17.343,17.27,17.316,102034
2696,2022-11-09 16:15:00,17.338,17.353,17.27,17.286,120619
2697,2022-11-09 16:10:00,17.328,17.363,17.299,17.316,111421
2698,2022-11-09 16:05:00,17.348,17.353,17.309,17.316,259575
2699,2022-11-09 16:00:00,17.279,17.343,17.241,17.325,423067
2700,2022-11-09 15:55:00,17.299,17.333,17.233,17.257,4766574
2701,2022-11-09 15:50:00,17.25,17.402,17.231,17.286,3320782
2702,2022-11-09 15:45:00,17.338,17.388,17.201,17.237,2877809
2703,2022-11-09 15:40:00,17.397,17.43,17.319,17.33,1735195
2704,2022-11-09 15:35:00,17.495,17.52,17.378,17.394,1814746
2705,2022-11-09 15:30:00,17.476,17.52,17.368,17.492,2134829
2706,2022-11-09 15:25:00,17.441,17.51,17.398,17.468,1210822
2707,2022-11-09 15:20:00,17.51,17.53,17.407,17.433,1275340
2708,2022-11-09 15:15:00,17.436,17.51,17.407,17.492,1205831
2709,2022-11-09 15:10:00,17.507,17.528,17.417,17.432,1676864
2710,2022-11-09 15:05:00,17.446,17.589,17.412,17.497,3896988
2711,2022-11-09 15:00:00,17.338,17.457,17.29,17.439,2286596
2712,2022-11-09 14:55:00,17.323,17.353,17.28,17.325,1681577
2713,2022-11-09 14:50:00,17.382,17.388,17.27,17.311,2243751
2714,2022-11-09 14:45:00,17.456,17.491,17.309,17.37,2310043
2715,2022-11-09 14:40:00,17.397,17.501,17.349,17.438,1862250
2716,2022-11-09 14:35:00,17.446,17.481,17.349,17.387,1732794
2717,2022-11-09 14:30:00,17.613,17.618,17.417,17.438,2231275
2718,2022-11-09 14:25:00,17.559,17.648,17.535,17.595,1554424
2719,2022-11-09 14:20:00,17.603,17.628,17.496,17.546,2053544
2720,2022-11-09 14:15:00,17.628,17.638,17.525,17.593,1605577
2721,2022-11-09 14:10:00,17.604,17.658,17.525,17.615,1953641
2722,2022-11-09 14:05:00,17.559,17.648,17.496,17.591,2941688
2723,2022-11-09 14:00:00,17.512,17.579,17.456,17.546,2137686
2724,2022-11-09 13:55:00,17.427,17.52,17.378,17.492,1721069
2725,2022-11-09 13:50:00,17.446,17.471,17.388,17.418,1066505
2726,2022-11-09 13:45:00,17.496,17.51,17.378,17.431,2262235
2727,2022-11-09 13:40:00,17.456,17.54,17.407,17.487,2701471
2728,2022-11-09 13:35:00,17.505,17.51,17.407,17.439,5000752
2729,2022-11-09 13:30:00,17.701,17.706,17.486,17.492,5438607
2730,2022-11-09 13:25:00,17.756,17.795,17.653,17.688,2885865
2731,2022-11-09 13:20:00,17.829,17.864,17.731,17.738,1174327
2732,2022-11-09 13:15:00,17.839,17.884,17.77,17.818,1360249
2733,2022-11-09 13:10:00,17.849,17.884,17.712,17.821,2156435
2734,2022-11-09 13:05:00,17.839,17.884,17.761,17.836,1742794
2735,2022-11-09 13:00:00,17.908,17.992,17.731,17.826,4540711
2736,2022-11-09 12:55:00,17.878,17.923,17.82,17.89,949922
2737,2022-11-09 12:50:00,17.893,17.953,17.844,17.87,1030882
2738,2022-11-09 12:45:00,17.849,17.913,17.824,17.875,834836
2739,2022-11-09 12:40:00,17.869,17.913,17.795,17.846,1542113
2740,2022-11-09 12:35:00,17.977,17.992,17.839,17.853,1181510
2741,2022-11-09 12:30:00,17.898,17.992,17.87,17.966,1422823
2742,2022-11-09 12:25:00,17.923,17.953,17.824,17.894,1454017
2743,2022-11-09 12:20:00,17.928,17.982,17.888,17.908,974223
2744,2022-11-09 12:15:00,17.923,17.962,17.839,17.914,1730891
2745,2022-11-09 12:10:00,17.962,17.992,17.888,17.913,998447
2746,2022-11-09 12:05:00,18.036,18.051,17.898,17.949,1579225
2747,2022-11-09 12:00:00,18.021,18.08,17.977,18.022,1372079
2748,2022-11-09 11:55:00,18.154,18.169,17.984,18.008,2334945
2749,2022-11-09 11:50:00,18.173,18.242,18.104,18.136,1692032
2750,2022-11-09 11:45:00,18.236,18.267,18.147,18.16,2410765
2751,2022-11-09 11:40:00,17.977,18.257,17.937,18.211,2930311
2752,2022-11-09 11:35:00,17.932,18.011,17.893,17.964,1162763
2753,2022-11-09 11:30:00,18.036,18.041,17.893,17.914,1764725
2754,2022-11-09 11:25:00,18.006,18.12,17.977,18.022,1613680
2755,2022-11-09 11:20:00,18.055,18.09,17.908,17.988,1660179
2756,2022-11-09 11:15:00,18.031,18.159,18.0,18.042,2159464
2757,2022-11-09 11:10:00,18.041,18.09,17.97,18.017,2271030
2758,2022-11-09 11:05:00,17.967,18.08,17.878,18.027,2659113
2759,2022-11-09 11:00:00,17.888,18.021,17.849,17.954,2368501
2760,2022-11-09 10:55:00,17.893,17.972,17.741,17.871,4215255
2761,2022-11-09 10:50:00,17.996,18.017,17.869,17.88,1609447
2762,2022-11-09 10:45:00,17.957,18.021,17.908,17.982,3911604
2763,2022-11-09 10:40:00,17.957,18.011,17.839,17.948,3426320
2764,2022-11-09 10:35:00,17.947,18.041,17.869,17.945,2703276
2765,2022-11-09 10:30:00,18.085,18.159,17.82,17.934,4042652
2766,2022-11-09 10:25:00,18.296,18.326,18.039,18.071,4130273
2767,2022-11-09 10:20:00,18.281,18.336,18.202,18.282,2495141
2768,2022-11-09 10:15:00,18.262,18.375,18.153,18.268,3906172
2769,2022-11-09 10:10:00,18.301,18.326,18.153,18.253,3449871
2770,2022-11-09 10:05:00,18.109,18.326,18.068,18.292,5363088
2771,2022-11-09 10:00:00,17.996,18.149,17.908,18.096,4436569
2772,2022-11-09 09:55:00,18.075,18.105,17.898,17.993,4437141
2773,2022-11-09 09:50:00,18.134,18.139,17.947,18.052,3004945
2774,2022-11-09 09:45:00,18.203,18.326,18.055,18.12,5130227
2775,2022-11-09 09:40:00,18.065,18.208,17.996,18.189,5087639
2776,2022-11-09 09:35:00,18.026,18.149,17.947,18.059,5022473
2777,2022-11-09 09:30:00,18.203,18.208,17.937,18.013,6446512
2778,2022-11-09 09:25:00,18.252,18.257,18.124,18.189,444167
2779,2022-11-09 09:20:00,18.301,18.306,18.192,18.238,300851
2780,2022-11-09 09:15:00,18.35,18.365,18.271,18.287,279283
2781,2022-11-09 09:10:00,18.252,18.375,18.232,18.327,320819
2782,2022-11-09 09:05:00,18.301,18.306,18.212,18.238,358807
2783,2022-11-09 09:00:00,18.232,18.316,18.192,18.287,276824
2784,2022-11-09 08:55:00,18.212,18.257,18.153,18.209,449105
2785,2022-11-09 08:50:00,18.37,18.395,18.163,18.199,549468
2786,2022-11-09 08:45:00,18.34,18.405,18.3,18.356,412199
2787,2022-11-09 08:40:00,18.222,18.355,18.192,18.317,410400
2788,2022-11-09 08:35:00,18.291,18.296,18.163,18.219,275741
2789,2022-11-09 08:30:00,18.242,18.306,18.202,18.278,436754
2790,2022-11-09 08:25:00,18.281,18.306,18.153,18.228,517060
2791,2022-11-09 08:20:00,18.379,18.395,18.241,18.278,533415
2792,2022-11-09 08:15:00,18.429,18.434,18.349,18.386,340920
2793,2022-11-09 08:10:00,18.468,18.483,18.379,18.415,354559
2794,2022-11-09 08:05:00,18.576,18.591,18.448,18.454,251617
2795,2022-11-09 08:00:00,18.546,18.847,18.204,18.582,1080327
2796,2022-11-09 07:55:00,18.546,18.601,18.526,18.562,92648
2797,2022-11-09 07:50:00,18.527,18.601,18.497,18.533,87534
2798,2022-11-09 07:45:00,18.517,18.562,18.497,18.513,85246
2799,2022-11-09 07:40:00,18.458,18.522,18.418,18.503,58625
2800,2022-11-09 07:35:00,18.409,18.473,18.389,18.444,113216
2801,2022-11-09 07:30:00,18.389,18.483,18.359,18.395,183225
2802,2022-11-09 07:25:00,18.36,18.414,18.34,18.376,73315
2803,2022-11-09 07:20:00,18.419,18.463,18.33,18.346,100823
2804,2022-11-09 07:15:00,18.419,18.444,18.369,18.395,121014
2805,2022-11-09 07:10:00,18.468,18.483,18.359,18.405,223895
2806,2022-11-09 07:05:00,18.537,18.542,18.428,18.464,115865
2807,2022-11-09 07:00:00,18.556,18.591,18.506,18.523,130545
2808,2022-11-09 06:55:00,18.586,18.591,18.497,18.533,34638
2809,2022-11-09 06:50:00,18.576,18.611,18.546,18.562,61530
2810,2022-11-09 06:45:00,18.586,18.591,18.546,18.572,47910
2811,2022-11-09 06:40:00,18.605,18.65,18.565,18.592,46095
2812,2022-11-09 06:35:00,18.566,18.64,18.487,18.601,68456
2813,2022-11-09 06:30:00,18.615,18.631,18.555,18.562,54969
2814,2022-11-09 06:25:00,18.586,18.631,18.536,18.601,63759
2815,2022-11-09 06:20:00,18.635,18.66,18.575,18.582,69976
2816,2022-11-09 06:15:00,18.605,18.65,18.555,18.621,77884
2817,2022-11-09 06:10:00,18.517,18.611,18.487,18.592,107084
2818,2022-11-09 06:05:00,18.448,18.532,18.428,18.503,64743
2819,2022-11-09 06:00:00,18.488,18.503,18.438,18.454,27395
2820,2022-11-09 05:55:00,18.478,18.522,18.457,18.474,38189
2821,2022-11-09 05:50:00,18.438,18.493,18.379,18.474,51372
2822,2022-11-09 05:45:00,18.458,18.493,18.418,18.425,49466
2823,2022-11-09 05:40:00,18.419,18.473,18.398,18.444,60662
2824,2022-11-09 05:35:00,18.37,18.424,18.349,18.395,78333
2825,2022-11-09 05:30:00,18.301,18.375,18.271,18.346,35228
2826,2022-11-09 05:25:00,18.311,18.326,18.261,18.287,69332
2827,2022-11-09 05:20:00,18.281,18.346,18.261,18.297,70781
2828,2022-11-09 05:15:00,18.232,18.296,18.202,18.258,64353
2829,2022-11-09 05:10:00,18.301,18.316,18.202,18.228,93607
2830,2022-11-09 05:05:00,18.34,18.355,18.271,18.297,64857
2831,2022-11-09 05:00:00,18.34,18.365,18.3,18.317,65340
2832,2022-11-09 04:55:00,18.389,18.395,18.271,18.327,107081
2833,2022-11-09 04:50:00,18.35,18.414,18.33,18.376,174108
2834,2022-11-09 04:45:00,18.497,18.503,18.33,18.336,127231
2835,2022-11-09 04:40:00,18.517,18.522,18.467,18.484,50626
2836,2022-11-09 04:35:00,18.507,18.562,18.487,18.503,61309
2837,2022-11-09 04:30:00,18.527,18.552,18.477,18.494,33866
2838,2022-11-09 04:25:00,18.537,18.572,18.516,18.523,35370
2839,2022-11-09 04:20:00,18.478,18.552,18.448,18.513,52193
2840,2022-11-09 04:15:00,18.537,18.542,18.448,18.464,100874
2841,2022-11-09 04:10:00,18.576,18.591,18.506,18.533,32322
2842,2022-11-09 04:05:00,18.655,18.67,18.555,18.562,66097
2843,2022-11-09 04:00:00,18.625,18.748,18.595,18.641,114314
2844,2022-11-08 19:55:00,18.605,18.64,18.575,18.611,275320
2845,2022-11-08 19:50:00,18.586,18.621,18.555,18.592,134252
2846,2022-11-08 19:45:00,18.664,18.68,18.565,18.572,309857
2847,2022-11-08 19:40:00,18.694,18.709,18.644,18.67,30467
2848,2022-11-08 19:35:00,18.664,18.709,18.644,18.67,26685
2849,2022-11-08 19:30:00,18.645,18.709,18.614,18.651,51941
2850,2022-11-08 19:25:00,18.645,18.65,18.605,18.611,11468
2851,2022-11-08 19:20:00,18.625,18.66,18.595,18.621,22887
2852,2022-11-08 19:15:00,18.625,18.67,18.605,18.621,79674
2853,2022-11-08 19:10:00,18.625,18.631,18.585,18.611,54219
2854,2022-11-08 19:05:00,18.664,18.689,18.575,18.611,353234
2855,2022-11-08 19:00:00,18.743,18.748,18.644,18.651,333095
2856,2022-11-08 18:55:00,18.743,18.768,18.712,18.729,49026
2857,2022-11-08 18:50:00,18.733,18.768,18.712,18.719,75848
2858,2022-11-08 18:45:00,18.743,18.748,18.673,18.729,21928
2859,2022-11-08 18:40:00,18.713,18.768,18.693,18.739,75036
2860,2022-11-08 18:35:00,18.713,18.739,18.693,18.7,71876
2861,2022-11-08 18:30:00,18.713,18.739,18.673,18.7,43352
2862,2022-11-08 18:25:00,18.674,18.709,18.644,18.69,21875
2863,2022-11-08 18:20:00,18.694,18.699,18.644,18.66,61781
2864,2022-11-08 18:15:00,18.694,18.709,18.654,18.67,59816
2865,2022-11-08 18:10:00,18.625,18.689,18.605,18.67,92185
2866,2022-11-08 18:05:00,18.586,18.64,18.555,18.601,133390
2867,2022-11-08 18:00:00,18.566,18.601,18.526,18.582,124163
2868,2022-11-08 17:55:00,18.546,18.567,18.516,18.543,25900
2869,2022-11-08 17:50:00,18.556,18.562,18.517,18.533,18063
2870,2022-11-08 17:45:00,18.566,18.581,18.536,18.552,27104
2871,2022-11-08 17:40:00,18.546,18.572,18.516,18.552,90590
2872,2022-11-08 17:35:00,18.556,18.562,18.506,18.523,37806
2873,2022-11-08 17:30:00,18.556,18.572,18.526,18.543,12387
2874,2022-11-08 17:25:00,18.546,18.562,18.516,18.533,28989
2875,2022-11-08 17:20:00,18.546,18.552,18.516,18.533,18291
2876,2022-11-08 17:15:00,18.537,18.562,18.516,18.533,40024
2877,2022-11-08 17:10:00,18.546,18.562,18.506,18.523,36320
2878,2022-11-08 17:05:00,18.556,18.562,18.526,18.538,24211
2879,2022-11-08 17:00:00,18.556,18.572,18.516,18.533,24186
2880,2022-11-08 16:55:00,18.586,18.593,18.536,18.543,63484
2881,2022-11-08 16:50:00,18.605,18.611,18.555,18.571,55915
2882,2022-11-08 16:45:00,18.576,18.611,18.546,18.592,84658
2883,2022-11-08 16:40:00,18.546,18.591,18.516,18.572,68366
2884,2022-11-08 16:35:00,18.576,18.591,18.516,18.533,104817
2885,2022-11-08 16:30:00,18.527,18.581,18.506,18.562,169380
2886,2022-11-08 16:25:00,18.527,18.542,18.497,18.513,54638
2887,2022-11-08 16:20:00,18.497,18.542,18.467,18.513,93176
2888,2022-11-08 16:15:00,18.497,18.513,18.448,18.474,96976
2889,2022-11-08 16:10:00,18.448,18.522,18.42,18.484,260654
2890,2022-11-08 16:05:00,18.488,18.522,18.418,18.444,281834
2891,2022-11-08 16:00:00,18.586,18.591,18.467,18.474,522812
2892,2022-11-08 15:55:00,18.664,18.675,18.526,18.577,4096009
2893,2022-11-08 15:50:00,18.772,18.807,18.634,18.65,3051231
2894,2022-11-08 15:45:00,18.728,18.866,18.703,18.749,2885674
2895,2022-11-08 15:40:00,18.782,18.807,18.673,18.714,3297421
2896,2022-11-08 15:35:00,18.812,18.916,18.732,18.768,4271651
2897,2022-11-08 15:30:00,18.684,18.857,18.649,18.803,4843183
2898,2022-11-08 15:25:00,18.517,18.689,18.477,18.67,3106433
2899,2022-11-08 15:20:00,18.523,18.572,18.467,18.508,2000853
2900,2022-11-08 15:15:00,18.453,18.552,18.403,18.513,2442055
2901,2022-11-08 15:10:00,18.424,18.503,18.349,18.44,2066506
2902,2022-11-08 15:05:00,18.399,18.493,18.33,18.415,2550481
2903,2022-11-08 15:00:00,18.235,18.493,18.192,18.39,4307875
2904,2022-11-08 14:55:00,18.291,18.336,18.212,18.219,1828115
2905,2022-11-08 14:50:00,18.278,18.365,18.202,18.28,2887442
2906,2022-11-08 14:45:00,18.212,18.326,18.147,18.267,2799297
2907,2022-11-08 14:40:00,18.109,18.277,18.055,18.202,4150529
2908,2022-11-08 14:35:00,17.932,18.139,17.878,18.099,4719973
2909,2022-11-08 14:30:00,17.849,17.943,17.751,17.919,3637242
2910,2022-11-08 14:25:00,17.982,17.992,17.82,17.837,4240261
2911,2022-11-08 14:20:00,18.227,18.267,17.937,17.973,5389365
2912,2022-11-08 14:15:00,18.311,18.365,18.202,18.219,3336788
2913,2022-11-08 14:10:00,18.212,18.326,18.143,18.302,4370654
2914,2022-11-08 14:05:00,18.35,18.395,18.173,18.199,7379700
2915,2022-11-08 14:00:00,18.33,18.449,18.271,18.337,5100332
2916,2022-11-08 13:55:00,18.581,18.611,18.251,18.326,16241357
2917,2022-11-08 13:50:00,18.605,18.699,18.482,18.562,2564670
2918,2022-11-08 13:45:00,18.684,18.724,18.565,18.587,1957119
2919,2022-11-08 13:40:00,18.674,18.739,18.615,18.675,3215258
2920,2022-11-08 13:35:00,18.636,18.709,18.575,18.66,4138713
2921,2022-11-08 13:30:00,18.625,18.65,18.457,18.631,5480435
2922,2022-11-08 13:25:00,18.801,18.822,18.556,18.611,4553327
2923,2022-11-08 13:20:00,19.038,19.053,18.717,18.788,5734953
2924,2022-11-08 13:15:00,19.185,19.191,19.017,19.024,1858600
2925,2022-11-08 13:10:00,19.189,19.21,19.144,19.164,1084568
2926,2022-11-08 13:05:00,19.18,19.22,19.1,19.176,1619775
2927,2022-11-08 13:00:00,19.116,19.21,19.067,19.161,1527774
2928,2022-11-08 12:55:00,19.077,19.151,19.046,19.107,1326693
2929,2022-11-08 12:50:00,19.131,19.142,19.017,19.053,1199846
2930,2022-11-08 12:45:00,19.151,19.171,19.076,19.112,1403272
2931,2022-11-08 12:40:00,19.121,19.171,19.056,19.132,1858443
2932,2022-11-08 12:35:00,19.096,19.131,19.007,19.107,1046677
2933,2022-11-08 12:30:00,19.106,19.142,19.007,19.078,2298415
2934,2022-11-08 12:25:00,19.051,19.122,19.007,19.092,1661209
2935,2022-11-08 12:20:00,19.043,19.063,18.987,19.038,1794135
2936,2022-11-08 12:15:00,19.062,19.083,18.977,19.028,2419981
2937,2022-11-08 12:10:00,19.136,19.2,19.036,19.044,2934303
2938,2022-11-08 12:05:00,19.102,19.151,19.056,19.122,1077225
2939,2022-11-08 12:00:00,19.111,19.161,19.066,19.083,1591468
2940,2022-11-08 11:55:00,19.141,19.151,19.036,19.092,1806357
2941,2022-11-08 11:50:00,19.076,19.151,18.987,19.122,2850580
2942,2022-11-08 11:45:00,19.146,19.176,19.026,19.053,4311514
2943,2022-11-08 11:40:00,19.234,19.279,19.125,19.141,4233853
2944,2022-11-08 11:35:00,19.18,19.24,19.134,19.21,2867981
2945,2022-11-08 11:30:00,19.057,19.191,19.017,19.161,4316805
2946,2022-11-08 11:25:00,19.018,19.083,18.977,19.048,3245523
2947,2022-11-08 11:20:00,18.91,19.033,18.879,19.004,4222031
2948,2022-11-08 11:15:00,18.9,18.945,18.85,18.891,3472921
2949,2022-11-08 11:10:00,18.822,18.916,18.791,18.881,4079030
2950,2022-11-08 11:05:00,18.73,18.837,18.654,18.803,2451247
2951,2022-11-08 11:00:00,18.763,18.784,18.673,18.71,1667050
2952,2022-11-08 10:55:00,18.713,18.788,18.678,18.748,1953887
2953,2022-11-08 10:50:00,18.782,18.817,18.664,18.69,3245600
2954,2022-11-08 10:45:00,18.721,18.807,18.673,18.768,5005078
2955,2022-11-08 10:40:00,18.694,18.768,18.644,18.705,3190612
2956,2022-11-08 10:35:00,18.679,18.768,18.624,18.675,3639227
2957,2022-11-08 10:30:00,18.586,18.719,18.541,18.665,3918519
2958,2022-11-08 10:25:00,18.586,18.64,18.516,18.563,2570753
2959,2022-11-08 10:20:00,18.561,18.689,18.536,18.577,4328047
2960,2022-11-08 10:15:00,18.443,18.631,18.398,18.547,5513282
2961,2022-11-08 10:10:00,18.429,18.522,18.34,18.43,2821563
2962,2022-11-08 10:05:00,18.37,18.522,18.331,18.415,3227291
2963,2022-11-08 10:00:00,18.429,18.532,18.31,18.351,4903998
2964,2022-11-08 09:55:00,18.497,18.562,18.398,18.415,6127643
2965,2022-11-08 09:50:00,18.316,18.557,18.265,18.484,8333159
2966,2022-11-08 09:45:00,18.301,18.346,18.143,18.302,4784650
2967,2022-11-08 09:40:00,18.306,18.346,18.183,18.292,4316181
2968,2022-11-08 09:35:00,18.36,18.405,18.241,18.288,4838829
2969,2022-11-08 09:30:00,18.517,18.552,18.261,18.351,5791537
2970,2022-11-08 09:25:00,18.596,18.601,18.477,18.494,512362
2971,2022-11-08 09:20:00,18.546,18.601,18.428,18.582,212784
2972,2022-11-08 09:15:00,18.566,18.581,18.526,18.533,296655
2973,2022-11-08 09:10:00,18.605,18.611,18.526,18.551,207479
2974,2022-11-08 09:05:00,18.625,18.65,18.575,18.592,315453
2975,2022-11-08 09:00:00,18.527,18.65,18.506,18.611,386123
2976,2022-11-08 08:55:00,18.566,18.581,18.506,18.513,152355
2977,2022-11-08 08:50:00,18.556,18.591,18.536,18.552,488914
2978,2022-11-08 08:45:00,18.546,18.562,18.497,18.533,200167
2979,2022-11-08 08:40:00,18.527,18.552,18.497,18.523,208350
2980,2022-11-08 08:35:00,18.458,18.562,18.428,18.503,262089
2981,2022-11-08 08:30:00,18.429,18.473,18.408,18.444,192773
2982,2022-11-08 08:25:00,18.448,18.473,18.398,18.405,117209
2983,2022-11-08 08:20:00,18.399,18.473,18.359,18.435,132499
2984,2022-11-08 08:15:00,18.409,18.444,18.378,18.386,128822
2985,2022-11-08 08:10:00,18.379,18.424,18.349,18.405,159067
2986,2022-11-08 08:05:00,18.458,18.463,18.359,18.366,148095
2987,2022-11-08 08:00:00,18.537,18.57,17.908,18.435,1593576
2988,2022-11-08 07:55:00,18.439,18.503,18.418,18.474,93066
2989,2022-11-08 07:50:00,18.458,18.473,18.408,18.425,56778
2990,2022-11-08 07:45:00,18.419,18.463,18.379,18.444,78121
2991,2022-11-08 07:40:00,18.429,18.444,18.398,18.415,93115
2992,2022-11-08 07:35:00,18.448,18.483,18.398,18.415,114334
2993,2022-11-08 07:30:00,18.457,18.483,18.428,18.444,61720
2994,2022-11-08 07:25:00,18.468,18.483,18.418,18.435,109855
2995,2022-11-08 07:20:00,18.448,18.473,18.418,18.454,57732
2996,2022-11-08 07:15:00,18.488,18.493,18.369,18.435,155253
2997,2022-11-08 07:10:00,18.517,18.532,18.457,18.474,106746
2998,2022-11-08 07:05:00,18.507,18.552,18.467,18.503,141681
2999,2022-11-08 07:00:00,18.546,18.562,18.477,18.494,118900
3000,2022-11-08 06:55:00,18.546,18.572,18.526,18.533,35619
3001,2022-11-08 06:50:00,18.546,18.581,18.526,18.533,105280
3002,2022-11-08 06:45:00,18.488,18.572,18.467,18.533,107728
3003,2022-11-08 06:40:00,18.468,18.513,18.448,18.474,81609
3004,2022-11-08 06:35:00,18.458,18.473,18.418,18.454,29972
3005,2022-11-08 06:30:00,18.429,18.473,18.398,18.454,60404
3006,2022-11-08 06:25:00,18.419,18.454,18.398,18.405,29513
3007,2022-11-08 06:20:00,18.389,18.424,18.34,18.405,39984
3008,2022-11-08 06:15:00,18.379,18.414,18.359,18.376,13012
3009,2022-11-08 06:10:00,18.36,18.405,18.34,18.366,16905
3010,2022-11-08 06:05:00,18.33,18.375,18.31,18.356,22371
3011,2022-11-08 06:00:00,18.311,18.346,18.291,18.317,32677
3012,2022-11-08 05:55:00,18.36,18.365,18.271,18.287,96270
3013,2022-11-08 05:50:00,18.37,18.385,18.34,18.346,77543
3014,2022-11-08 05:45:00,18.37,18.385,18.349,18.366,32319
3015,2022-11-08 05:40:00,18.37,18.385,18.33,18.356,33254
3016,2022-11-08 05:35:00,18.35,18.395,18.33,18.356,27345
3017,2022-11-08 05:30:00,18.389,18.414,18.33,18.336,90790
3018,2022-11-08 05:25:00,18.36,18.395,18.34,18.376,55508
3019,2022-11-08 05:20:00,18.429,18.434,18.349,18.356,59905
3020,2022-11-08 05:15:00,18.497,18.503,18.408,18.415,86934
3021,2022-11-08 05:10:00,18.468,18.493,18.418,18.474,48769
3022,2022-11-08 05:05:00,18.409,18.473,18.379,18.454,137728
3023,2022-11-08 05:00:00,18.399,18.414,18.32,18.395,157693
3024,2022-11-08 04:55:00,18.35,18.414,18.33,18.386,99232
3025,2022-11-08 04:50:00,18.36,18.365,18.33,18.336,36147
3026,2022-11-08 04:45:00,18.379,18.395,18.33,18.346,56277
3027,2022-11-08 04:40:00,18.37,18.385,18.33,18.366,44381
3028,2022-11-08 04:35:00,18.36,18.395,18.32,18.366,60985
3029,2022-11-08 04:30:00,18.311,18.375,18.281,18.346,129956
3030,2022-11-08 04:25:00,18.232,18.326,18.212,18.297,95754
3031,2022-11-08 04:20:00,18.154,18.247,18.134,18.219,59482
3032,2022-11-08 04:15:00,18.134,18.169,18.104,18.14,43222
3033,2022-11-08 04:10:00,18.144,18.179,18.114,18.12,79718
3034,2022-11-08 04:05:00,18.095,18.159,18.075,18.13,79802
3035,2022-11-08 04:00:00,18.163,18.188,18.065,18.091,402098
3036,2022-11-07 19:55:00,18.37,18.414,18.34,18.376,125845
3037,2022-11-07 19:50:00,18.36,18.375,18.33,18.356,110422
3038,2022-11-07 19:45:00,18.419,18.424,18.34,18.356,81314
3039,2022-11-07 19:40:00,18.399,18.434,18.379,18.395,68759
3040,2022-11-07 19:35:00,18.399,18.424,18.359,18.395,81101
3041,2022-11-07 19:30:00,18.281,18.424,18.261,18.386,273139
3042,2022-11-07 19:25:00,18.262,18.287,18.241,18.258,103528
3043,2022-11-07 19:20:00,18.242,18.277,18.222,18.258,36022
3044,2022-11-07 19:15:00,18.242,18.267,18.222,18.228,43862
3045,2022-11-07 19:10:00,18.252,18.257,18.212,18.238,20082
3046,2022-11-07 19:05:00,18.242,18.257,18.212,18.228,16255
3047,2022-11-07 19:00:00,18.232,18.257,18.212,18.228,29758
3048,2022-11-07 18:55:00,18.232,18.257,18.212,18.219,24546
3049,2022-11-07 18:50:00,18.232,18.237,18.192,18.209,31311
3050,2022-11-07 18:45:00,18.212,18.228,18.173,18.209,46285
3051,2022-11-07 18:40:00,18.203,18.218,18.173,18.189,19272
3052,2022-11-07 18:35:00,18.183,18.198,18.143,18.179,23051
3053,2022-11-07 18:30:00,18.193,18.198,18.153,18.16,20035
3054,2022-11-07 18:25:00,18.203,18.218,18.173,18.189,18758
3055,2022-11-07 18:20:00,18.212,18.228,18.183,18.189,21501
3056,2022-11-07 18:15:00,18.222,18.237,18.183,18.209,27810
3057,2022-11-07 18:10:00,18.212,18.247,18.173,18.209,56974
3058,2022-11-07 18:05:00,18.173,18.218,18.153,18.199,60062
3059,2022-11-07 18:00:00,18.193,18.208,18.134,18.17,39522
3060,2022-11-07 17:55:00,18.173,18.208,18.153,18.179,55668
3061,2022-11-07 17:50:00,18.145,18.179,18.124,18.15,52125
3062,2022-11-07 17:45:00,18.134,18.159,18.114,18.14,37466
3063,2022-11-07 17:40:00,18.163,18.169,18.114,18.13,135280
3064,2022-11-07 17:35:00,18.183,18.198,18.143,18.16,117577
3065,2022-11-07 17:30:00,18.183,18.198,18.153,18.179,13735
3066,2022-11-07 17:25:00,18.173,18.188,18.153,18.16,19433
3067,2022-11-07 17:20:00,18.193,18.198,18.153,18.16,38247
3068,2022-11-07 17:15:00,18.193,18.198,18.163,18.179,16684
3069,2022-11-07 17:10:00,18.183,18.198,18.153,18.17,31461
3070,2022-11-07 17:05:00,18.174,18.188,18.153,18.16,18111
3071,2022-11-07 17:00:00,18.193,18.198,18.153,18.17,12985
3072,2022-11-07 16:55:00,18.193,18.208,18.163,18.179,38642
3073,2022-11-07 16:50:00,18.172,18.198,18.143,18.179,86599
3074,2022-11-07 16:45:00,18.193,18.208,18.143,18.16,61865
3075,2022-11-07 16:40:00,18.203,18.218,18.163,18.179,70365
3076,2022-11-07 16:35:00,18.232,18.237,18.183,18.189,75399
3077,2022-11-07 16:30:00,18.232,18.247,18.202,18.209,48289
3078,2022-11-07 16:25:00,18.242,18.257,18.212,18.227,59713
3079,2022-11-07 16:20:00,18.242,18.257,18.212,18.238,46397
3080,2022-11-07 16:15:00,18.232,18.257,18.212,18.228,77848
3081,2022-11-07 16:10:00,18.232,18.267,18.212,18.219,139451
3082,2022-11-07 16:05:00,18.232,18.257,18.202,18.228,146740
3083,2022-11-07 16:00:00,18.193,18.277,18.134,18.22,786960
3084,2022-11-07 15:55:00,18.187,18.208,18.094,18.189,4389520
3085,2022-11-07 15:50:00,18.266,18.287,18.163,18.179,1982365
3086,2022-11-07 15:45:00,18.242,18.277,18.175,18.257,1348181
3087,2022-11-07 15:40:00,18.232,18.267,18.173,18.228,1281074
3088,2022-11-07 15:35:00,18.262,18.287,18.173,18.214,1945839
3089,2022-11-07 15:30:00,18.252,18.316,18.202,18.248,1965881
3090,2022-11-07 15:25:00,18.271,18.287,18.202,18.233,1483859
3091,2022-11-07 15:20:00,18.262,18.287,18.163,18.263,1933250
3092,2022-11-07 15:15:00,18.217,18.287,18.192,18.258,3218188
3093,2022-11-07 15:10:00,18.168,18.228,18.124,18.209,1619672
3094,2022-11-07 15:05:00,18.152,18.188,18.084,18.155,1783747
3095,2022-11-07 15:00:00,18.111,18.179,18.084,18.135,1371391
3096,2022-11-07 14:55:00,18.188,18.203,18.065,18.091,2344224
3097,2022-11-07 14:50:00,18.203,18.237,18.134,18.17,2246197
3098,2022-11-07 14:45:00,18.198,18.237,18.153,18.189,1503390
3099,2022-11-07 14:40:00,18.232,18.257,18.143,18.184,2747787
3100,2022-11-07 14:35:00,18.193,18.247,18.153,18.223,3083911
3101,2022-11-07 14:30:00,18.109,18.208,18.075,18.179,3172637
3102,2022-11-07 14:25:00,18.104,18.129,18.035,18.093,2410479
3103,2022-11-07 14:20:00,18.095,18.12,18.035,18.086,3021754
3104,2022-11-07 14:15:00,17.962,18.11,17.937,18.081,3772775
3105,2022-11-07 14:10:00,17.869,17.972,17.829,17.948,2808180
3106,2022-11-07 14:05:00,17.878,17.903,17.82,17.851,1588010
3107,2022-11-07 14:00:00,17.8,17.884,17.775,17.865,1868843
3108,2022-11-07 13:55:00,17.77,17.815,17.731,17.777,1511205
3109,2022-11-07 13:50:00,17.721,17.776,17.683,17.752,828279
3110,2022-11-07 13:45:00,17.717,17.751,17.672,17.713,848679
3111,2022-11-07 13:40:00,17.724,17.736,17.643,17.698,758034
3112,2022-11-07 13:35:00,17.717,17.736,17.643,17.713,967970
3113,2022-11-07 13:30:00,17.756,17.785,17.697,17.708,811490
3114,2022-11-07 13:25:00,17.721,17.776,17.672,17.746,1339882
3115,2022-11-07 13:20:00,17.78,17.795,17.682,17.698,756645
3116,2022-11-07 13:15:00,17.79,17.825,17.712,17.767,1288388
3117,2022-11-07 13:10:00,17.775,17.844,17.731,17.771,1767830
3118,2022-11-07 13:05:00,17.731,17.785,17.702,17.758,1934755
3119,2022-11-07 13:00:00,17.643,17.746,17.609,17.708,1901305
3120,2022-11-07 12:55:00,17.584,17.648,17.535,17.625,955858
3121,2022-11-07 12:50:00,17.598,17.638,17.539,17.566,846658
3122,2022-11-07 12:45:00,17.633,17.697,17.545,17.59,1536717
3123,2022-11-07 12:40:00,17.627,17.677,17.564,17.62,953451
3124,2022-11-07 12:35:00,17.667,17.687,17.564,17.61,1523471
3125,2022-11-07 12:30:00,17.638,17.687,17.599,17.649,1485576
3126,2022-11-07 12:25:00,17.662,17.677,17.564,17.63,1126657
3127,2022-11-07 12:20:00,17.593,17.672,17.54,17.654,1507156
3128,2022-11-07 12:15:00,17.573,17.609,17.466,17.576,1418915
3129,2022-11-07 12:10:00,17.544,17.638,17.515,17.556,1798008
3130,2022-11-07 12:05:00,17.485,17.579,17.407,17.541,2132605
3131,2022-11-07 12:00:00,17.486,17.516,17.388,17.472,2561501
3132,2022-11-07 11:55:00,17.584,17.609,17.466,17.477,1811003
3133,2022-11-07 11:50:00,17.618,17.628,17.53,17.566,1609406
3134,2022-11-07 11:45:00,17.535,17.628,17.486,17.6,1993915
3135,2022-11-07 11:40:00,17.78,17.785,17.506,17.532,3435085
3136,2022-11-07 11:35:00,17.839,17.854,17.741,17.762,1671366
3137,2022-11-07 11:30:00,17.824,17.884,17.79,17.821,2682089
3138,2022-11-07 11:25:00,17.761,17.884,17.692,17.808,2482346
3139,2022-11-07 11:20:00,17.687,17.815,17.633,17.752,2067221
3140,2022-11-07 11:15:00,17.608,17.756,17.589,17.679,2176987
3141,2022-11-07 11:10:00,17.703,17.726,17.574,17.59,1800720
3142,2022-11-07 11:05:00,17.761,17.795,17.584,17.697,2429245
3143,2022-11-07 11:00:00,17.78,17.805,17.638,17.743,2630426
3144,2022-11-07 10:55:00,17.721,17.795,17.663,17.767,1939106
3145,2022-11-07 10:50:00,17.581,17.795,17.535,17.708,3456123
3146,2022-11-07 10:45:00,17.603,17.687,17.508,17.561,2769631
3147,2022-11-07 10:40:00,17.515,17.648,17.476,17.6,1904786
3148,2022-11-07 10:35:00,17.564,17.667,17.456,17.503,3220144
3149,2022-11-07 10:30:00,17.623,17.628,17.476,17.551,2612008
3150,2022-11-07 10:25:00,17.633,17.648,17.512,17.6,2229374
3151,2022-11-07 10:20:00,17.77,17.776,17.555,17.61,4749979
3152,2022-11-07 10:15:00,17.761,17.953,17.702,17.752,4954991
3153,2022-11-07 10:10:00,17.721,17.795,17.594,17.743,3370878
3154,2022-11-07 10:05:00,17.751,17.835,17.613,17.708,3715630
3155,2022-11-07 10:00:00,17.574,17.805,17.525,17.738,5361958
3156,2022-11-07 09:55:00,17.515,17.658,17.427,17.551,3905885
3157,2022-11-07 09:50:00,17.456,17.579,17.378,17.502,3603504
3158,2022-11-07 09:45:00,17.598,17.648,17.398,17.45,3738107
3159,2022-11-07 09:40:00,17.554,17.727,17.515,17.581,4749532
3160,2022-11-07 09:35:00,17.702,17.746,17.456,17.532,4560570
3161,2022-11-07 09:30:00,17.839,17.982,17.594,17.693,8099951
3162,2022-11-07 09:25:00,17.82,17.854,17.761,17.826,315059
3163,2022-11-07 09:20:00,17.849,17.874,17.721,17.806,362273
3164,2022-11-07 09:15:00,17.839,17.874,17.8,17.836,228235
3165,2022-11-07 09:10:00,17.78,17.844,17.761,17.826,318630
3166,2022-11-07 09:05:00,17.77,17.815,17.751,17.777,247036
3167,2022-11-07 09:00:00,17.78,17.825,17.751,17.767,266760
3168,2022-11-07 08:55:00,17.711,17.805,17.682,17.767,235987
3169,2022-11-07 08:50:00,17.731,17.766,17.682,17.698,169183
3170,2022-11-07 08:45:00,17.731,17.785,17.672,17.728,221395
3171,2022-11-07 08:40:00,17.77,17.795,17.702,17.718,200470
3172,2022-11-07 08:35:00,17.731,17.785,17.692,17.757,205909
3173,2022-11-07 08:30:00,17.721,17.756,17.672,17.708,246900
3174,2022-11-07 08:25:00,17.721,17.736,17.672,17.698,198038
3175,2022-11-07 08:20:00,17.829,17.835,17.672,17.708,355321
3176,2022-11-07 08:15:00,17.78,17.864,17.751,17.826,240746
3177,2022-11-07 08:10:00,17.751,17.785,17.692,17.767,251619
3178,2022-11-07 08:05:00,17.839,17.903,17.731,17.738,335210
3179,2022-11-07 08:00:00,17.81,18.0,17.299,17.846,1696731
3180,2022-11-07 07:55:00,17.79,17.825,17.741,17.787,63229
3181,2022-11-07 07:50:00,17.79,17.815,17.761,17.797,42051
3182,2022-11-07 07:45:00,17.78,17.815,17.741,17.767,74897
3183,2022-11-07 07:40:00,17.839,17.844,17.731,17.767,119786
3184,2022-11-07 07:35:00,17.82,17.844,17.78,17.816,98688
3185,2022-11-07 07:30:00,17.81,17.864,17.77,17.806,94065
3186,2022-11-07 07:25:00,17.839,17.894,17.79,17.806,90247
3187,2022-11-07 07:20:00,17.878,17.894,17.79,17.816,139119
3188,2022-11-07 07:15:00,17.937,17.953,17.849,17.865,156874
3189,2022-11-07 07:10:00,17.878,17.953,17.859,17.924,210359
3190,2022-11-07 07:05:00,17.839,17.903,17.8,17.875,147800
3191,2022-11-07 07:00:00,17.878,17.884,17.77,17.826,174202
3192,2022-11-07 06:55:00,17.937,17.943,17.849,17.865,87161
3193,2022-11-07 06:50:00,17.957,17.962,17.908,17.914,32860
3194,2022-11-07 06:45:00,17.957,17.962,17.918,17.944,45935
3195,2022-11-07 06:40:00,17.918,17.972,17.898,17.944,225801
3196,2022-11-07 06:35:00,17.928,17.972,17.898,17.905,98791
3197,2022-11-07 06:30:00,17.918,17.953,17.898,17.914,47459
3198,2022-11-07 06:25:00,17.898,17.953,17.869,17.905,35723
3199,2022-11-07 06:20:00,17.918,17.923,17.859,17.875,43546
3200,2022-11-07 06:15:00,17.918,17.933,17.888,17.905,20565
3201,2022-11-07 06:10:00,17.967,17.972,17.888,17.905,49460
3202,2022-11-07 06:05:00,17.957,18.002,17.927,17.944,74311
3203,2022-11-07 06:00:00,17.898,17.992,17.869,17.963,114003
3204,2022-11-07 05:55:00,17.859,17.913,17.829,17.885,71138
3205,2022-11-07 05:50:00,17.869,17.874,17.8,17.846,46156
3206,2022-11-07 05:45:00,17.849,17.884,17.81,17.855,109205
3207,2022-11-07 05:40:00,17.8,17.854,17.78,17.836,31950
3208,2022-11-07 05:35:00,17.829,17.835,17.761,17.777,100472
3209,2022-11-07 05:30:00,17.839,17.854,17.8,17.816,72546
3210,2022-11-07 05:25:00,17.849,17.854,17.79,17.826,35315
3211,2022-11-07 05:20:00,17.8,17.864,17.78,17.836,103492
3212,2022-11-07 05:15:00,17.8,17.815,17.761,17.787,33071
3213,2022-11-07 05:10:00,17.761,17.805,17.721,17.787,138097
3214,2022-11-07 05:05:00,17.711,17.766,17.692,17.747,41789
3215,2022-11-07 05:00:00,17.662,17.707,17.643,17.689,42953
3216,2022-11-07 04:55:00,17.711,17.717,17.633,17.649,125061
3217,2022-11-07 04:50:00,17.692,17.717,17.653,17.689,63359
3218,2022-11-07 04:45:00,17.741,17.746,17.663,17.679,37249
3219,2022-11-07 04:40:00,17.731,17.756,17.663,17.728,79911
3220,2022-11-07 04:35:00,17.751,17.766,17.692,17.718,47548
3221,2022-11-07 04:30:00,17.79,17.805,17.741,17.747,111646
3222,2022-11-07 04:25:00,17.79,17.805,17.712,17.787,80651
3223,2022-11-07 04:20:00,17.78,17.805,17.731,17.787,102501
3224,2022-11-07 04:15:00,17.741,17.785,17.712,17.767,63847
3225,2022-11-07 04:10:00,17.829,17.835,17.712,17.718,136254
3226,2022-11-07 04:05:00,17.829,17.854,17.761,17.816,184650
3227,2022-11-07 04:00:00,17.633,17.874,17.613,17.826,410918
3228,2022-11-04 19:55:00,17.574,17.589,17.525,17.532,82481
3229,2022-11-04 19:50:00,17.579,17.589,17.555,17.571,41328
3230,2022-11-04 19:45:00,17.564,17.589,17.545,17.571,39878
3231,2022-11-04 19:40:00,17.569,17.579,17.535,17.541,57119
3232,2022-11-04 19:35:00,17.564,17.579,17.545,17.551,28650
3233,2022-11-04 19:30:00,17.564,17.579,17.545,17.551,56803
3234,2022-11-04 19:25:00,17.569,17.579,17.545,17.561,43602
3235,2022-11-04 19:20:00,17.569,17.579,17.545,17.551,33062
3236,2022-11-04 19:15:00,17.564,17.579,17.545,17.551,30540
3237,2022-11-04 19:10:00,17.584,17.589,17.545,17.551,44628
3238,2022-11-04 19:05:00,17.569,17.589,17.545,17.566,86182
3239,2022-11-04 19:00:00,17.564,17.579,17.545,17.561,24519
3240,2022-11-04 18:55:00,17.574,17.579,17.535,17.561,13272
3241,2022-11-04 18:50:00,17.564,17.589,17.545,17.561,20935
3242,2022-11-04 18:45:00,17.574,17.589,17.535,17.551,23209
3243,2022-11-04 18:40:00,17.584,17.589,17.555,17.571,23306
3244,2022-11-04 18:35:00,17.554,17.579,17.525,17.561,35192
3245,2022-11-04 18:30:00,17.554,17.569,17.525,17.541,39640
3246,2022-11-04 18:25:00,17.554,17.559,17.525,17.541,15405
3247,2022-11-04 18:20:00,17.544,17.559,17.515,17.541,47074
3248,2022-11-04 18:15:00,17.535,17.55,17.515,17.532,12557
3249,2022-11-04 18:10:00,17.535,17.55,17.506,17.522,32907
3250,2022-11-04 18:05:00,17.535,17.54,17.506,17.512,8652
3251,2022-11-04 18:00:00,17.535,17.54,17.486,17.522,27677
3252,2022-11-04 17:55:00,17.515,17.54,17.496,17.522,20377
3253,2022-11-04 17:50:00,17.515,17.53,17.486,17.512,21646
3254,2022-11-04 17:45:00,17.505,17.53,17.476,17.502,26004
3255,2022-11-04 17:40:00,17.495,17.51,17.476,17.482,40175
3256,2022-11-04 17:35:00,17.505,17.52,17.466,17.492,38670
3257,2022-11-04 17:30:00,17.525,17.53,17.486,17.493,34838
3258,2022-11-04 17:25:00,17.535,17.54,17.496,17.502,40498
3259,2022-11-04 17:20:00,17.535,17.55,17.506,17.522,36248
3260,2022-11-04 17:15:00,17.515,17.559,17.496,17.532,42833
3261,2022-11-04 17:10:00,17.515,17.53,17.486,17.512,31836
3262,2022-11-04 17:05:00,17.505,17.53,17.486,17.512,41869
3263,2022-11-04 17:00:00,17.515,17.52,17.486,17.502,37941
3264,2022-11-04 16:55:00,17.525,17.53,17.466,17.493,95417
3265,2022-11-04 16:50:00,17.525,17.559,17.496,17.512,48547
3266,2022-11-04 16:45:00,17.554,17.559,17.506,17.522,68957
3267,2022-11-04 16:40:00,17.564,17.638,17.527,17.541,63091
3268,2022-11-04 16:35:00,17.564,17.579,17.525,17.541,87215
3269,2022-11-04 16:30:00,17.544,17.569,17.515,17.541,62129
3270,2022-11-04 16:25:00,17.535,17.559,17.515,17.532,81467
3271,2022-11-04 16:20:00,17.554,17.569,17.515,17.522,93330
3272,2022-11-04 16:15:00,17.535,17.579,17.515,17.541,134466
3273,2022-11-04 16:10:00,17.614,17.619,17.515,17.522,237614
3274,2022-11-04 16:05:00,17.672,17.687,17.584,17.61,385096
3275,2022-11-04 16:00:00,17.613,17.736,17.584,17.649,1291788
3276,2022-11-04 15:55:00,17.466,17.638,17.447,17.61,7372270
3277,2022-11-04 15:50:00,17.486,17.52,17.358,17.447,4412002
3278,2022-11-04 15:45:00,17.535,17.628,17.447,17.468,4695490
3279,2022-11-04 15:40:00,17.422,17.55,17.339,17.527,2680531
3280,2022-11-04 15:35:00,17.456,17.472,17.329,17.409,3295619
3281,2022-11-04 15:30:00,17.353,17.471,17.241,17.448,3487600
3282,2022-11-04 15:25:00,17.265,17.422,17.231,17.34,3146703
3283,2022-11-04 15:20:00,17.392,17.402,17.231,17.249,4731546
3284,2022-11-04 15:15:00,17.427,17.481,17.358,17.379,3017498
3285,2022-11-04 15:10:00,17.38,17.491,17.358,17.408,4003028
3286,2022-11-04 15:05:00,17.22,17.412,17.201,17.373,3849706
3287,2022-11-04 15:00:00,17.23,17.265,17.133,17.213,2629199
3288,2022-11-04 14:55:00,17.142,17.275,17.123,17.208,3388735
3289,2022-11-04 14:50:00,17.092,17.176,17.064,17.13,2258083
3290,2022-11-04 14:45:00,17.185,17.206,17.025,17.072,4275885
3291,2022-11-04 14:40:00,17.004,17.206,16.951,17.168,4613257
3292,2022-11-04 14:35:00,16.916,17.039,16.858,16.987,2491343
3293,2022-11-04 14:30:00,16.926,16.955,16.848,16.904,2321194
3294,2022-11-04 14:25:00,16.867,16.989,16.789,16.913,2964320
3295,2022-11-04 14:20:00,16.853,16.891,16.76,16.859,2495137
3296,2022-11-04 14:15:00,16.651,16.862,16.583,16.839,2504496
3297,2022-11-04 14:10:00,16.597,16.675,16.554,16.638,1011800
3298,2022-11-04 14:05:00,16.651,16.672,16.534,16.579,2460713
3299,2022-11-04 14:00:00,16.66,16.759,16.613,16.643,1611566
3300,2022-11-04 13:55:00,16.729,16.749,16.622,16.654,1552323
3301,2022-11-04 13:50:00,16.739,16.764,16.642,16.722,1275911
3302,2022-11-04 13:45:00,16.67,16.75,16.603,16.722,1838834
3303,2022-11-04 13:40:00,16.714,16.744,16.632,16.657,1340016
3304,2022-11-04 13:35:00,16.67,16.789,16.623,16.698,1803110
3305,2022-11-04 13:30:00,16.719,16.789,16.645,16.658,1622046
3306,2022-11-04 13:25:00,16.818,16.832,16.671,16.707,1918825
3307,2022-11-04 13:20:00,16.818,16.852,16.721,16.8,1436003
3308,2022-11-04 13:15:00,16.867,16.881,16.75,16.8,1895261
3309,2022-11-04 13:10:00,16.578,16.901,16.554,16.854,3670453
3310,2022-11-04 13:05:00,16.808,16.911,16.554,16.57,5286464
3311,2022-11-04 13:00:00,16.788,16.821,16.674,16.79,2332578
3312,2022-11-04 12:55:00,16.796,16.867,16.73,16.776,1924028
3313,2022-11-04 12:50:00,16.744,16.832,16.681,16.776,2304112
3314,2022-11-04 12:45:00,16.813,16.851,16.721,16.727,2100401
3315,2022-11-04 12:40:00,16.857,16.911,16.73,16.8,3454528
3316,2022-11-04 12:35:00,17.132,17.137,16.828,16.844,4003703
3317,2022-11-04 12:30:00,17.093,17.157,17.005,17.114,3079153
3318,2022-11-04 12:25:00,17.014,17.147,16.966,17.085,3076115
3319,2022-11-04 12:20:00,17.092,17.098,16.946,17.002,3494518
3320,2022-11-04 12:15:00,16.883,17.176,16.848,17.079,6167360
3321,2022-11-04 12:10:00,16.857,16.911,16.74,16.864,4422175
3322,2022-11-04 12:05:00,16.66,16.891,16.593,16.85,4271740
3323,2022-11-04 12:00:00,16.739,16.852,16.603,16.648,6086252
3324,2022-11-04 11:55:00,16.818,16.881,16.701,16.735,4094765
3325,2022-11-04 11:50:00,16.93,16.95,16.701,16.805,6361634
3326,2022-11-04 11:45:00,17.034,17.049,16.897,16.918,2558119
3327,2022-11-04 11:40:00,17.142,17.157,16.956,17.021,4790042
3328,2022-11-04 11:35:00,17.245,17.333,17.103,17.134,4503898
3329,2022-11-04 11:30:00,17.255,17.329,17.201,17.232,2618814
3330,2022-11-04 11:25:00,17.538,17.55,17.201,17.237,5660168
3331,2022-11-04 11:20:00,17.427,17.569,17.388,17.527,2798755
3332,2022-11-04 11:15:00,17.418,17.53,17.349,17.404,3651779
3333,2022-11-04 11:10:00,17.476,17.499,17.339,17.404,3587949
3334,2022-11-04 11:05:00,17.594,17.614,17.388,17.468,4475276
3335,2022-11-04 11:00:00,17.603,17.687,17.535,17.581,3361014
3336,2022-11-04 10:55:00,17.564,17.648,17.506,17.586,3899915
3337,2022-11-04 10:50:00,17.844,17.884,17.486,17.551,6176766
3338,2022-11-04 10:45:00,17.838,17.874,17.731,17.828,3098852
3339,2022-11-04 10:40:00,17.79,18.011,17.77,17.826,6387507
3340,2022-11-04 10:35:00,17.751,17.844,17.682,17.772,3494254
3341,2022-11-04 10:30:00,17.77,17.874,17.663,17.728,5674491
3342,2022-11-04 10:25:00,17.815,17.874,17.721,17.747,6356103
3343,2022-11-04 10:20:00,17.593,17.856,17.564,17.806,7040642
3344,2022-11-04 10:15:00,17.613,17.713,17.515,17.581,6842688
3345,2022-11-04 10:10:00,17.348,17.638,17.27,17.598,9239069
3346,2022-11-04 10:05:00,17.358,17.461,17.201,17.335,6286850
3347,2022-11-04 10:00:00,17.407,17.51,17.299,17.343,9855529
3348,2022-11-04 09:55:00,17.098,17.432,17.035,17.384,12063358
3349,2022-11-04 09:50:00,16.906,17.137,16.852,17.085,8302772
3350,2022-11-04 09:45:00,16.906,17.107,16.819,16.894,9610363
3351,2022-11-04 09:40:00,17.309,17.333,16.878,16.885,8084635
3352,2022-11-04 09:35:00,17.495,17.579,17.221,17.3,11053351
3353,2022-11-04 09:30:00,17.81,18.031,17.466,17.478,20371976
3354,2022-11-04 09:25:00,17.643,17.825,17.623,17.797,1495830
3355,2022-11-04 09:20:00,17.653,17.687,17.594,17.64,793162
3356,2022-11-04 09:15:00,17.662,17.697,17.594,17.64,876826
3357,2022-11-04 09:10:00,17.623,17.707,17.555,17.649,1564330
3358,2022-11-04 09:05:00,17.603,17.668,17.535,17.61,1138082
3359,2022-11-04 09:00:00,17.515,17.687,17.486,17.581,2096530
3360,2022-11-04 08:55:00,17.328,17.54,17.241,17.502,1949815
3361,2022-11-04 08:50:00,17.202,17.373,17.182,17.306,812152
3362,2022-11-04 08:45:00,17.171,17.383,17.133,17.188,2063096
3363,2022-11-04 08:40:00,17.279,17.294,16.985,17.159,1819501
3364,2022-11-04 08:35:00,16.916,17.501,16.887,17.266,3509326
3365,2022-11-04 08:30:00,17.132,17.333,16.416,16.893,3596788
3366,2022-11-04 08:25:00,17.132,17.166,17.084,17.119,476266
3367,2022-11-04 08:20:00,17.132,17.166,17.084,17.119,439588
3368,2022-11-04 08:15:00,17.112,17.157,17.074,17.119,244059
3369,2022-11-04 08:10:00,17.161,17.176,17.084,17.1,262371
3370,2022-11-04 08:05:00,17.171,17.245,17.123,17.149,430848
3371,2022-11-04 08:00:00,17.25,17.363,16.887,17.149,1485543
3372,2022-11-04 07:55:00,17.26,17.275,17.221,17.237,37411
3373,2022-11-04 07:50:00,17.191,17.265,17.172,17.247,233148
3374,2022-11-04 07:45:00,17.191,17.216,17.162,17.188,272104
3375,2022-11-04 07:40:00,17.201,17.216,17.152,17.168,99221
3376,2022-11-04 07:35:00,17.22,17.225,17.172,17.188,72706
3377,2022-11-04 07:30:00,17.22,17.245,17.192,17.208,46230
3378,2022-11-04 07:25:00,17.24,17.245,17.192,17.198,64730
3379,2022-11-04 07:20:00,17.24,17.275,17.201,17.217,169877
3380,2022-11-04 07:15:00,17.25,17.284,17.221,17.237,65319
3381,2022-11-04 07:10:00,17.269,17.333,17.231,17.247,209704
3382,2022-11-04 07:05:00,17.24,17.383,17.192,17.257,316113
3383,2022-11-04 07:00:00,17.26,17.275,17.192,17.217,166674
3384,2022-11-04 06:55:00,17.299,17.304,17.231,17.247,63210
3385,2022-11-04 06:50:00,17.26,17.314,17.241,17.276,57759
3386,2022-11-04 06:45:00,17.25,17.284,17.231,17.247,47335
3387,2022-11-04 06:40:00,17.26,17.265,17.221,17.237,26964
3388,2022-11-04 06:35:00,17.24,17.275,17.211,17.257,36037
3389,2022-11-04 06:30:00,17.23,17.245,17.211,17.227,32236
3390,2022-11-04 06:25:00,17.22,17.235,17.182,17.208,16046
3391,2022-11-04 06:20:00,17.201,17.255,17.182,17.208,48024
3392,2022-11-04 06:15:00,17.181,17.216,17.133,17.198,19708
3393,2022-11-04 06:10:00,17.161,17.186,17.142,17.159,39563
3394,2022-11-04 06:05:00,17.25,17.255,17.133,17.149,108450
3395,2022-11-04 06:00:00,17.21,17.265,17.172,17.237,77987
3396,2022-11-04 05:55:00,17.21,17.245,17.192,17.198,40578
3397,2022-11-04 05:50:00,17.23,17.255,17.172,17.188,33665
3398,2022-11-04 05:45:00,17.26,17.265,17.182,17.217,36556
3399,2022-11-04 05:40:00,17.21,17.265,17.182,17.247,26029
3400,2022-11-04 05:35:00,17.21,17.235,17.172,17.188,83801
3401,2022-11-04 05:30:00,17.24,17.255,17.182,17.188,87743
3402,2022-11-04 05:25:00,17.24,17.265,17.211,17.227,90556
3403,2022-11-04 05:20:00,17.269,17.304,17.192,17.227,107651
3404,2022-11-04 05:15:00,17.171,17.324,17.152,17.257,237492
3405,2022-11-04 05:10:00,17.122,17.176,17.093,17.159,39048
3406,2022-11-04 05:05:00,17.142,17.157,17.093,17.109,44841
3407,2022-11-04 05:00:00,17.132,17.186,17.113,17.129,109073
3408,2022-11-04 04:55:00,17.053,17.137,17.035,17.109,69248
3409,2022-11-04 04:50:00,17.043,17.068,16.995,17.041,36587
3410,2022-11-04 04:45:00,17.083,17.088,17.005,17.021,53473
3411,2022-11-04 04:40:00,16.994,17.098,16.976,17.07,79332
3412,2022-11-04 04:35:00,17.004,17.029,16.966,16.992,49243
3413,2022-11-04 04:30:00,17.043,17.049,16.976,16.992,93138
3414,2022-11-04 04:25:00,17.073,17.088,17.025,17.031,71690
3415,2022-11-04 04:20:00,17.073,17.088,17.015,17.06,115123
3416,2022-11-04 04:15:00,17.132,17.137,17.054,17.06,200507
3417,2022-11-04 04:10:00,17.063,17.127,17.025,17.109,135910
3418,2022-11-04 04:05:00,17.043,17.068,17.015,17.051,283682
3419,2022-11-04 04:00:00,17.191,17.196,16.887,17.021,372121
3420,2022-11-03 19:55:00,16.764,16.773,16.721,16.746,247465
3421,2022-11-03 19:50:00,16.778,16.783,16.74,16.751,113748
3422,2022-11-03 19:45:00,16.778,16.793,16.75,16.766,62675
3423,2022-11-03 19:40:00,16.773,16.783,16.75,16.766,62174
3424,2022-11-03 19:35:00,16.768,16.783,16.75,16.761,27315
3425,2022-11-03 19:30:00,16.798,16.803,16.755,16.761,31570
3426,2022-11-03 19:25:00,16.788,16.803,16.75,16.786,66531
3427,2022-11-03 19:20:00,16.759,16.783,16.73,16.766,82409
3428,2022-11-03 19:15:00,16.783,16.793,16.73,16.736,52977
3429,2022-11-03 19:10:00,16.798,16.803,16.77,16.776,26753
3430,2022-11-03 19:05:00,16.788,16.803,16.76,16.781,28407
3431,2022-11-03 19:00:00,16.783,16.793,16.76,16.776,21969
3432,2022-11-03 18:55:00,16.788,16.793,16.76,16.766,15696
3433,2022-11-03 18:50:00,16.793,16.803,16.76,16.776,18843
3434,2022-11-03 18:45:00,16.778,16.803,16.75,16.785,46678
3435,2022-11-03 18:40:00,16.793,16.803,16.74,16.756,44973
3436,2022-11-03 18:35:00,16.778,16.803,16.74,16.781,105900
3437,2022-11-03 18:30:00,16.778,16.783,16.73,16.766,54506
3438,2022-11-03 18:25:00,16.729,16.773,16.701,16.756,63501
3439,2022-11-03 18:20:00,16.719,16.734,16.691,16.717,99558
3440,2022-11-03 18:15:00,16.739,16.744,16.691,16.697,141136
3441,2022-11-03 18:10:00,16.783,16.793,16.711,16.727,188876
3442,2022-11-03 18:05:00,16.778,16.803,16.75,16.766,177699
3443,2022-11-03 18:00:00,16.793,16.803,16.75,16.756,76610
3444,2022-11-03 17:55:00,16.808,16.813,16.77,16.776,114555
3445,2022-11-03 17:50:00,16.808,16.823,16.779,16.786,60100
3446,2022-11-03 17:45:00,16.807,16.832,16.779,16.804,79672
3447,2022-11-03 17:40:00,16.847,16.852,16.779,16.795,83895
3448,2022-11-03 17:35:00,16.847,16.862,16.819,16.834,70716
3449,2022-11-03 17:30:00,16.847,16.852,16.819,16.835,15863
3450,2022-11-03 17:25:00,16.827,16.852,16.809,16.835,45067
3451,2022-11-03 17:20:00,16.842,16.852,16.809,16.825,29574
3452,2022-11-03 17:15:00,16.852,16.862,16.819,16.83,51571
3453,2022-11-03 17:10:00,16.852,16.862,16.828,16.843,68648
3454,2022-11-03 17:05:00,16.876,16.881,16.828,16.835,64509
3455,2022-11-03 17:00:00,16.857,16.881,16.828,16.864,33586
3456,2022-11-03 16:55:00,16.886,16.891,16.828,16.844,110409
3457,2022-11-03 16:50:00,16.876,16.891,16.858,16.874,248634
3458,2022-11-03 16:45:00,16.857,16.881,16.838,16.864,47937
3459,2022-11-03 16:40:00,16.867,16.881,16.838,16.854,82755
3460,2022-11-03 16:35:00,16.837,16.872,16.809,16.854,90721
3461,2022-11-03 16:30:00,16.827,16.852,16.809,16.815,101932
3462,2022-11-03 16:25:00,16.847,16.862,16.809,16.816,134922
3463,2022-11-03 16:20:00,16.876,16.881,16.828,16.839,122336
3464,2022-11-03 16:15:00,16.896,16.901,16.838,16.864,165811
3465,2022-11-03 16:10:00,16.857,16.911,16.828,16.884,211201
3466,2022-11-03 16:05:00,16.808,16.872,16.789,16.844,184775
3467,2022-11-03 16:00:00,16.827,16.891,16.779,16.805,845812
3468,2022-11-03 15:55:00,16.915,16.92,16.779,16.81,4119866
3469,2022-11-03 15:50:00,16.994,17.019,16.848,16.894,3454896
3470,2022-11-03 15:45:00,17.073,17.088,16.956,16.982,2852641
3471,2022-11-03 15:40:00,17.152,17.176,17.054,17.065,1450670
3472,2022-11-03 15:35:00,17.22,17.245,17.088,17.129,1740397
3473,2022-11-03 15:30:00,17.168,17.235,17.118,17.208,1265984
3474,2022-11-03 15:25:00,17.152,17.206,17.123,17.149,1439745
3475,2022-11-03 15:20:00,17.096,17.176,17.076,17.144,958059
3476,2022-11-03 15:15:00,17.115,17.157,17.064,17.085,660855
3477,2022-11-03 15:10:00,17.127,17.181,17.084,17.1,707619
3478,2022-11-03 15:05:00,17.201,17.216,17.093,17.115,1035174
3479,2022-11-03 15:00:00,17.24,17.255,17.156,17.188,968242
3480,2022-11-03 14:55:00,17.181,17.255,17.123,17.237,1065189
3481,2022-11-03 14:50:00,17.171,17.225,17.133,17.168,1077013
3482,2022-11-03 14:45:00,17.093,17.196,17.074,17.168,944721
3483,2022-11-03 14:40:00,17.151,17.186,17.074,17.09,893136
3484,2022-11-03 14:35:00,17.196,17.235,17.103,17.13,1756604
3485,2022-11-03 14:30:00,17.22,17.284,17.172,17.18,1699254
3486,2022-11-03 14:25:00,17.194,17.275,17.172,17.213,1552601
3487,2022-11-03 14:20:00,17.108,17.216,17.084,17.182,1551226
3488,2022-11-03 14:15:00,17.093,17.117,17.054,17.09,718249
3489,2022-11-03 14:10:00,17.088,17.107,17.025,17.08,1145020
3490,2022-11-03 14:05:00,17.073,17.127,17.044,17.08,1006017
3491,2022-11-03 14:00:00,17.098,17.137,17.044,17.06,1384894
3492,2022-11-03 13:55:00,17.194,17.216,17.074,17.085,1008822
3493,2022-11-03 13:50:00,17.181,17.215,17.103,17.183,1057762
3494,2022-11-03 13:45:00,17.17,17.216,17.123,17.178,1089192
3495,2022-11-03 13:40:00,17.201,17.235,17.136,17.15,1011782
3496,2022-11-03 13:35:00,17.196,17.225,17.123,17.193,997963
3497,2022-11-03 13:30:00,17.21,17.245,17.152,17.186,948829
3498,2022-11-03 13:25:00,17.196,17.225,17.142,17.203,881790
3499,2022-11-03 13:20:00,17.299,17.314,17.172,17.188,1905720
3500,2022-11-03 13:15:00,17.304,17.381,17.28,17.286,1279468
3501,2022-11-03 13:10:00,17.333,17.338,17.28,17.29,1195569
3502,2022-11-03 13:05:00,17.387,17.392,17.28,17.321,1503729
3503,2022-11-03 13:00:00,17.446,17.49,17.329,17.365,1810683
3504,2022-11-03 12:55:00,17.443,17.496,17.407,17.433,1233846
3505,2022-11-03 12:50:00,17.338,17.51,17.319,17.428,2765956
3506,2022-11-03 12:45:00,17.387,17.412,17.309,17.331,1495885
3507,2022-11-03 12:40:00,17.191,17.412,17.162,17.37,1698125
3508,2022-11-03 12:35:00,17.24,17.255,17.123,17.178,1479116
3509,2022-11-03 12:30:00,17.25,17.304,17.192,17.232,1251399
3510,2022-11-03 12:25:00,17.201,17.284,17.152,17.247,1701157
3511,2022-11-03 12:20:00,17.298,17.314,17.176,17.191,1647665
3512,2022-11-03 12:15:00,17.181,17.342,17.143,17.281,3339233
3513,2022-11-03 12:10:00,17.117,17.216,17.074,17.168,1537280
3514,2022-11-03 12:05:00,17.134,17.206,17.049,17.1,1765924
3515,2022-11-03 12:00:00,17.049,17.157,16.976,17.129,2590951
3516,2022-11-03 11:55:00,17.049,17.077,16.976,17.031,2073858
3517,2022-11-03 11:50:00,17.113,17.137,17.01,17.031,1513733
3518,2022-11-03 11:45:00,17.141,17.275,17.084,17.1,2352321
3519,2022-11-03 11:40:00,17.161,17.196,17.094,17.119,1612880
3520,2022-11-03 11:35:00,17.009,17.186,16.985,17.155,2768467
3521,2022-11-03 11:30:00,17.093,17.127,16.956,16.998,2719643
3522,2022-11-03 11:25:00,17.191,17.245,17.074,17.08,2891054
3523,2022-11-03 11:20:00,17.196,17.284,17.162,17.183,2639430
3524,2022-11-03 11:15:00,17.201,17.265,17.097,17.188,2856833
3525,2022-11-03 11:10:00,17.319,17.343,17.182,17.192,2666356
3526,2022-11-03 11:05:00,17.49,17.53,17.27,17.301,3591618
3527,2022-11-03 11:00:00,17.525,17.638,17.437,17.482,2995978
3528,2022-11-03 10:55:00,17.456,17.579,17.417,17.512,2494502
3529,2022-11-03 10:50:00,17.557,17.609,17.417,17.443,3985391
3530,2022-11-03 10:45:00,17.343,17.579,17.324,17.546,5980250
3531,2022-11-03 10:40:00,17.235,17.392,17.192,17.33,3148099
3532,2022-11-03 10:35:00,17.171,17.275,17.084,17.222,2952702
3533,2022-11-03 10:30:00,17.407,17.432,17.133,17.158,3888996
3534,2022-11-03 10:25:00,17.206,17.432,17.182,17.394,5310753
3535,2022-11-03 10:20:00,17.147,17.255,17.035,17.193,3794851
3536,2022-11-03 10:15:00,17.201,17.284,17.064,17.129,4037402
3537,2022-11-03 10:10:00,16.921,17.216,16.887,17.193,3762126
3538,2022-11-03 10:05:00,17.043,17.068,16.887,16.908,4557887
3539,2022-11-03 10:00:00,16.837,17.078,16.721,17.03,8748493
3540,2022-11-03 09:55:00,16.906,16.931,16.799,16.82,4895199
3541,2022-11-03 09:50:00,17.063,17.093,16.878,16.889,3822917
3542,2022-11-03 09:45:00,17.191,17.201,16.956,17.05,7080377
3543,2022-11-03 09:40:00,17.319,17.393,17.172,17.178,4646508
3544,2022-11-03 09:35:00,17.338,17.373,17.231,17.316,4407654
3545,2022-11-03 09:30:00,17.333,17.432,17.133,17.32,10843434
3546,2022-11-03 09:25:00,17.358,17.383,17.27,17.325,621216
3547,2022-11-03 09:20:00,17.309,17.373,17.262,17.345,271808
3548,2022-11-03 09:15:00,17.348,17.363,17.28,17.291,254163
3549,2022-11-03 09:10:00,17.299,17.373,17.27,17.335,330309
3550,2022-11-03 09:05:00,17.25,17.304,17.221,17.286,353351
3551,2022-11-03 09:00:00,17.279,17.294,17.221,17.237,233698
3552,2022-11-03 08:55:00,17.299,17.304,17.26,17.266,121487
3553,2022-11-03 08:50:00,17.279,17.304,17.26,17.286,178487
3554,2022-11-03 08:45:00,17.299,17.314,17.25,17.276,207029
3555,2022-11-03 08:40:00,17.294,17.314,17.27,17.296,490029
3556,2022-11-03 08:35:00,17.397,17.402,17.27,17.278,445873
3557,2022-11-03 08:30:00,17.417,17.442,17.368,17.384,262333
3558,2022-11-03 08:25:00,17.436,17.442,17.398,17.414,138202
3559,2022-11-03 08:20:00,17.446,17.461,17.407,17.424,234433
3560,2022-11-03 08:15:00,17.456,17.461,17.427,17.433,110396
3561,2022-11-03 08:10:00,17.486,17.491,17.427,17.443,123829
3562,2022-11-03 08:05:00,17.397,17.491,17.378,17.463,268425
3563,2022-11-03 08:00:00,17.544,18.139,17.339,17.394,1528924
3564,2022-11-03 07:55:00,17.358,17.373,17.339,17.355,63191
3565,2022-11-03 07:50:00,17.363,17.373,17.339,17.345,156956
3566,2022-11-03 07:45:00,17.407,17.421,17.339,17.35,207883
3567,2022-11-03 07:40:00,17.446,17.451,17.388,17.394,22934
3568,2022-11-03 07:35:00,17.446,17.461,17.417,17.428,47817
3569,2022-11-03 07:30:00,17.417,17.461,17.388,17.433,42354
3570,2022-11-03 07:25:00,17.417,17.432,17.388,17.404,45158
3571,2022-11-03 07:20:00,17.427,17.442,17.398,17.404,29668
3572,2022-11-03 07:15:00,17.436,17.451,17.407,17.414,106194
3573,2022-11-03 07:10:00,17.476,17.481,17.417,17.424,141225
3574,2022-11-03 07:05:00,17.54,17.545,17.427,17.453,323375
3575,2022-11-03 07:00:00,17.525,17.55,17.506,17.527,162543
3576,2022-11-03 06:55:00,17.515,17.559,17.496,17.512,73308
3577,2022-11-03 06:50:00,17.535,17.54,17.496,17.512,43735
3578,2022-11-03 06:45:00,17.53,17.54,17.447,17.517,218754
3579,2022-11-03 06:40:00,17.544,17.55,17.486,17.512,143951
3580,2022-11-03 06:35:00,17.515,17.559,17.486,17.527,71007
3581,2022-11-03 06:30:00,17.535,17.55,17.466,17.482,146042
3582,2022-11-03 06:25:00,17.633,17.648,17.486,17.512,78415
3583,2022-11-03 06:20:00,17.643,17.658,17.584,17.62,87814
3584,2022-11-03 06:15:00,17.721,17.727,17.613,17.63,57065
3585,2022-11-03 06:10:00,17.721,17.756,17.702,17.718,27692
3586,2022-11-03 06:05:00,17.761,17.766,17.682,17.708,42028
3587,2022-11-03 06:00:00,17.751,17.785,17.721,17.738,29877
3588,2022-11-03 05:55:00,17.692,17.756,17.663,17.738,203627
3589,2022-11-03 05:50:00,17.761,17.766,17.672,17.679,80534
3590,2022-11-03 05:45:00,17.785,17.79,17.731,17.743,20863
3591,2022-11-03 05:40:00,17.79,17.795,17.761,17.767,17728
3592,2022-11-03 05:35:00,17.81,17.815,17.761,17.772,26081
3593,2022-11-03 05:30:00,17.82,17.83,17.78,17.797,18596
3594,2022-11-03 05:25:00,17.815,17.835,17.77,17.816,23804
3595,2022-11-03 05:20:00,17.731,17.825,17.692,17.806,43301
3596,2022-11-03 05:15:00,17.8,17.805,17.702,17.728,49582
3597,2022-11-03 05:10:00,17.8,17.815,17.761,17.777,23016
3598,2022-11-03 05:05:00,17.829,17.844,17.77,17.787,24219
3599,2022-11-03 05:00:00,17.765,17.854,17.741,17.826,61415
3600,2022-11-03 04:55:00,17.707,17.785,17.672,17.757,78497
3601,2022-11-03 04:50:00,17.751,17.766,17.682,17.698,27245
3602,2022-11-03 04:45:00,17.78,17.795,17.712,17.738,33915
3603,2022-11-03 04:40:00,17.731,17.805,17.702,17.767,116933
3604,2022-11-03 04:35:00,17.78,17.795,17.712,17.718,82247
3605,2022-11-03 04:30:00,17.8,17.825,17.761,17.772,86116
3606,2022-11-03 04:25:00,17.859,17.864,17.761,17.787,68460
3607,2022-11-03 04:20:00,17.937,17.943,17.82,17.836,134900
3608,2022-11-03 04:15:00,17.987,18.002,17.918,17.934,76806
3609,2022-11-03 04:10:00,17.987,18.002,17.957,17.973,106693
3610,2022-11-03 04:05:00,17.859,17.992,17.82,17.973,123753
3611,2022-11-03 04:00:00,17.8,17.982,17.663,17.836,205443
3612,2022-11-02 19:55:00,17.79,17.805,17.751,17.767,173466
3613,2022-11-02 19:50:00,17.8,17.805,17.761,17.777,119977
3614,2022-11-02 19:45:00,17.78,17.805,17.751,17.787,133304
3615,2022-11-02 19:40:00,17.761,17.795,17.721,17.757,60256
3616,2022-11-02 19:35:00,17.77,17.785,17.731,17.757,78416
3617,2022-11-02 19:30:00,17.751,17.785,17.721,17.767,79724
3618,2022-11-02 19:25:00,17.721,17.756,17.692,17.738,79446
3619,2022-11-02 19:20:00,17.741,17.756,17.692,17.708,111924
3620,2022-11-02 19:15:00,17.79,17.795,17.721,17.738,62066
3621,2022-11-02 19:10:00,17.77,17.805,17.751,17.767,53244
3622,2022-11-02 19:05:00,17.741,17.785,17.712,17.767,50371
3623,2022-11-02 19:00:00,17.8,17.805,17.721,17.728,140334
3624,2022-11-02 18:55:00,17.81,17.815,17.761,17.787,72011
3625,2022-11-02 18:50:00,17.839,17.844,17.766,17.787,110453
3626,2022-11-02 18:45:00,17.849,17.874,17.81,17.816,75065
3627,2022-11-02 18:40:00,17.839,17.874,17.82,17.846,68855
3628,2022-11-02 18:35:00,17.849,17.864,17.82,17.836,99105
3629,2022-11-02 18:30:00,17.839,17.854,17.81,17.836,53807
3630,2022-11-02 18:25:00,17.82,17.844,17.79,17.826,45651
3631,2022-11-02 18:20:00,17.82,17.844,17.78,17.797,33112
3632,2022-11-02 18:15:00,17.8,17.835,17.77,17.806,62271
3633,2022-11-02 18:10:00,17.741,17.805,17.712,17.787,120207
3634,2022-11-02 18:05:00,17.829,17.844,17.707,17.728,221927
3635,2022-11-02 18:00:00,17.888,17.913,17.81,17.816,186014
3636,2022-11-02 17:55:00,17.928,17.933,17.859,17.885,101309
3637,2022-11-02 17:50:00,17.928,17.943,17.888,17.914,98655
3638,2022-11-02 17:45:00,17.957,17.962,17.918,17.924,86731
3639,2022-11-02 17:40:00,17.957,17.972,17.927,17.939,100319
3640,2022-11-02 17:35:00,17.962,17.972,17.918,17.944,77364
3641,2022-11-02 17:30:00,17.967,17.972,17.937,17.954,43078
3642,2022-11-02 17:25:00,17.908,17.972,17.888,17.954,110271
3643,2022-11-02 17:20:00,17.898,17.923,17.869,17.905,187241
3644,2022-11-02 17:15:00,17.898,17.903,17.869,17.885,73393
3645,2022-11-02 17:10:00,17.898,17.903,17.869,17.875,104771
3646,2022-11-02 17:05:00,17.898,17.903,17.869,17.885,72946
3647,2022-11-02 17:00:00,17.898,17.903,17.869,17.885,88520
3648,2022-11-02 16:55:00,17.898,17.913,17.869,17.885,148500
3649,2022-11-02 16:50:00,17.957,17.962,17.878,17.895,181340
3650,2022-11-02 16:45:00,17.946,17.962,17.908,17.944,129833
3651,2022-11-02 16:40:00,17.947,17.972,17.908,17.934,474560
3652,2022-11-02 16:35:00,17.908,17.972,17.888,17.934,353399
3653,2022-11-02 16:30:00,17.898,17.923,17.869,17.905,229260
3654,2022-11-02 16:25:00,17.878,17.903,17.849,17.885,360630
3655,2022-11-02 16:20:00,17.829,17.884,17.8,17.865,227716
3656,2022-11-02 16:15:00,17.82,17.835,17.751,17.806,413687
3657,2022-11-02 16:10:00,17.8,17.844,17.77,17.806,280842
3658,2022-11-02 16:05:00,17.78,17.835,17.731,17.787,476405
3659,2022-11-02 16:00:00,17.878,17.903,17.712,17.757,1348460
3660,2022-11-02 15:55:00,18.006,18.051,17.84,17.865,9330762
3661,2022-11-02 15:50:00,18.154,18.169,17.908,17.992,7084052
3662,2022-11-02 15:45:00,18.301,18.306,18.045,18.13,6029894
3663,2022-11-02 15:40:00,18.321,18.36,18.192,18.296,3782189
3664,2022-11-02 15:35:00,18.242,18.414,18.153,18.313,4855473
3665,2022-11-02 15:30:00,18.31,18.316,18.114,18.228,5323069
3666,2022-11-02 15:25:00,18.478,18.513,18.124,18.295,9294104
3667,2022-11-02 15:20:00,18.772,18.787,18.457,18.469,8299660
3668,2022-11-02 15:15:00,19.087,19.092,18.742,18.75,6395360
3669,2022-11-02 15:10:00,19.421,19.431,19.046,19.078,5190208
3670,2022-11-02 15:05:00,19.057,19.49,18.997,19.412,7317018
3671,2022-11-02 15:00:00,19.028,19.2,18.919,19.044,6294728
3672,2022-11-02 14:55:00,19.028,19.171,18.869,19.023,7005903
3673,2022-11-02 14:50:00,19.627,19.731,18.791,19.024,18001503
3674,2022-11-02 14:45:00,19.863,20.065,19.547,19.622,10066157
3675,2022-11-02 14:40:00,19.735,20.281,19.498,19.858,17471081
3676,2022-11-02 14:35:00,20.246,20.615,19.311,19.723,22871441
3677,2022-11-02 14:30:00,20.482,20.596,20.037,20.221,9448139
3678,2022-11-02 14:25:00,20.236,20.498,20.175,20.461,6050505
3679,2022-11-02 14:20:00,20.119,20.291,20.047,20.229,5242117
3680,2022-11-02 14:15:00,20.207,20.291,19.895,20.113,6152468
3681,2022-11-02 14:10:00,20.266,20.35,19.968,20.182,9378884
3682,2022-11-02 14:05:00,20.315,20.488,20.135,20.252,11560141
3683,2022-11-02 14:00:00,19.518,20.517,19.233,20.3,28233231
3684,2022-11-02 13:55:00,19.548,19.584,19.439,19.504,2129671
3685,2022-11-02 13:50:00,19.534,19.643,19.507,19.544,2358476
3686,2022-11-02 13:45:00,19.47,19.554,19.448,19.524,1386637
3687,2022-11-02 13:40:00,19.416,19.554,19.39,19.465,2224415
3688,2022-11-02 13:35:00,19.347,19.426,19.301,19.401,894506
3689,2022-11-02 13:30:00,19.332,19.377,19.291,19.333,552503
3690,2022-11-02 13:25:00,19.342,19.348,19.272,19.318,761020
3691,2022-11-02 13:20:00,19.362,19.387,19.311,19.318,402783
3692,2022-11-02 13:15:00,19.332,19.383,19.301,19.347,587719
3693,2022-11-02 13:10:00,19.357,19.397,19.301,19.313,1023424
3694,2022-11-02 13:05:00,19.369,19.407,19.321,19.343,665580
3695,2022-11-02 13:00:00,19.431,19.436,19.331,19.349,1325507
3696,2022-11-02 12:55:00,19.386,19.485,19.35,19.406,1926735
3697,2022-11-02 12:50:00,19.331,19.397,19.301,19.372,1244120
3698,2022-11-02 12:45:00,19.278,19.348,19.252,19.313,1506725
3699,2022-11-02 12:40:00,19.203,19.289,19.174,19.264,980482
3700,2022-11-02 12:35:00,19.254,19.275,19.174,19.181,1355118
3701,2022-11-02 12:30:00,19.254,19.299,19.233,19.24,1083034
3702,2022-11-02 12:25:00,19.293,19.318,19.233,19.24,901613
3703,2022-11-02 12:20:00,19.332,19.373,19.252,19.278,826002
3704,2022-11-02 12:15:00,19.344,19.367,19.272,19.313,964172
3705,2022-11-02 12:10:00,19.367,19.397,19.311,19.338,779534
3706,2022-11-02 12:05:00,19.432,19.466,19.282,19.348,1885990
3707,2022-11-02 12:00:00,19.431,19.456,19.37,19.426,641733
3708,2022-11-02 11:55:00,19.455,19.485,19.38,19.412,643561
3709,2022-11-02 11:50:00,19.46,19.481,19.409,19.436,511766
3710,2022-11-02 11:45:00,19.445,19.495,19.399,19.451,1052716
3711,2022-11-02 11:40:00,19.391,19.466,19.35,19.426,901306
3712,2022-11-02 11:35:00,19.447,19.485,19.37,19.377,1222550
3713,2022-11-02 11:30:00,19.411,19.466,19.36,19.436,1016241
3714,2022-11-02 11:25:00,19.44,19.456,19.35,19.397,1199720
3715,2022-11-02 11:20:00,19.426,19.456,19.36,19.421,1254399
3716,2022-11-02 11:15:00,19.447,19.475,19.37,19.411,1723288
3717,2022-11-02 11:10:00,19.564,19.584,19.409,19.436,2410733
3718,2022-11-02 11:05:00,19.568,19.623,19.507,19.549,1165066
3719,2022-11-02 11:00:00,19.6,19.652,19.537,19.554,1073168
3720,2022-11-02 10:55:00,19.676,19.692,19.566,19.588,1100877
3721,2022-11-02 10:50:00,19.621,19.702,19.556,19.671,1029387
3722,2022-11-02 10:45:00,19.627,19.692,19.586,19.613,1259038
3723,2022-11-02 10:40:00,19.623,19.667,19.547,19.614,1418816
3724,2022-11-02 10:35:00,19.568,19.643,19.497,19.603,1798640
3725,2022-11-02 10:30:00,19.598,19.643,19.527,19.559,1512275
3726,2022-11-02 10:25:00,19.593,19.628,19.537,19.583,1456793
3727,2022-11-02 10:20:00,19.666,19.687,19.566,19.583,1221729
3728,2022-11-02 10:15:00,19.593,19.682,19.547,19.646,1856125
3729,2022-11-02 10:10:00,19.704,19.761,19.566,19.578,2532832
3730,2022-11-02 10:05:00,19.737,19.82,19.644,19.686,1743503
3731,2022-11-02 10:00:00,19.66,19.8,19.635,19.728,1729599
3732,2022-11-02 09:55:00,19.794,19.839,19.635,19.647,2222831
3733,2022-11-02 09:50:00,19.784,19.878,19.723,19.784,1510099
3734,2022-11-02 09:45:00,19.794,19.888,19.684,19.774,2318666
3735,2022-11-02 09:40:00,19.774,19.928,19.743,19.789,3182336
3736,2022-11-02 09:35:00,19.696,19.839,19.658,19.76,3195532
3737,2022-11-02 09:30:00,19.922,19.977,19.586,19.681,5540373
3738,2022-11-02 09:25:00,19.922,19.957,19.88,19.897,94185
3739,2022-11-02 09:20:00,19.873,19.937,19.851,19.907,103166
3740,2022-11-02 09:15:00,19.922,19.929,19.851,19.878,306196
3741,2022-11-02 09:10:00,19.951,19.967,19.88,19.907,177571
3742,2022-11-02 09:05:00,19.951,19.977,19.9,19.936,120306
3743,2022-11-02 09:00:00,19.932,19.947,19.87,19.927,137689
3744,2022-11-02 08:55:00,19.922,19.977,19.88,19.917,176168
3745,2022-11-02 08:50:00,19.873,19.928,19.841,19.907,222061
3746,2022-11-02 08:45:00,19.845,19.898,19.802,19.868,250639
3747,2022-11-02 08:40:00,20.02,20.036,19.792,19.838,521767
3748,2022-11-02 08:35:00,19.971,20.036,19.939,20.005,220278
3749,2022-11-02 08:30:00,19.932,19.977,19.861,19.946,340860
3750,2022-11-02 08:25:00,19.932,19.947,19.861,19.907,189192
3751,2022-11-02 08:20:00,19.853,19.967,19.821,19.917,380187
3752,2022-11-02 08:15:00,19.981,19.987,19.723,19.848,600984
3753,2022-11-02 08:10:00,19.971,19.996,19.939,19.966,103798
3754,2022-11-02 08:05:00,20.049,20.055,19.959,19.966,76219
3755,2022-11-02 08:00:00,20.04,20.241,19.911,20.035,531064
3756,2022-11-02 07:55:00,20.04,20.065,20.008,20.025,178843
3757,2022-11-02 07:50:00,20.04,20.065,19.988,20.015,49736
3758,2022-11-02 07:45:00,20.03,20.055,19.998,20.035,17158
3759,2022-11-02 07:40:00,20.049,20.065,19.998,20.005,27768
3760,2022-11-02 07:35:00,20.069,20.075,20.008,20.035,55993
3761,2022-11-02 07:30:00,20.03,20.065,20.008,20.044,51849
3762,2022-11-02 07:25:00,20.02,20.046,19.968,20.025,24912
3763,2022-11-02 07:20:00,20.04,20.046,19.988,20.005,42823
3764,2022-11-02 07:15:00,20.03,20.055,20.008,20.025,95479
3765,2022-11-02 07:10:00,20.01,20.036,19.978,20.015,73685
3766,2022-11-02 07:05:00,20.0,20.016,19.939,19.995,136786
3767,2022-11-02 07:00:00,20.0,20.026,19.959,19.986,68594
3768,2022-11-02 06:55:00,19.961,20.026,19.919,19.995,110856
3769,2022-11-02 06:50:00,19.971,19.977,19.919,19.946,39991
3770,2022-11-02 06:45:00,19.951,19.996,19.919,19.946,21120
3771,2022-11-02 06:40:00,19.99,20.006,19.91,19.936,57096
3772,2022-11-02 06:35:00,20.02,20.026,19.939,19.976,64790
3773,2022-11-02 06:30:00,20.04,20.055,19.978,20.005,10731
3774,2022-11-02 06:25:00,20.069,20.085,19.988,20.015,44262
3775,2022-11-02 06:20:00,20.04,20.065,20.008,20.044,41467
3776,2022-11-02 06:15:00,20.059,20.065,20.008,20.025,16604
3777,2022-11-02 06:10:00,20.03,20.075,20.008,20.044,43324
3778,2022-11-02 06:05:00,20.049,20.065,20.008,20.015,27981
3779,2022-11-02 06:00:00,20.059,20.065,20.008,20.035,24267
3780,2022-11-02 05:55:00,20.03,20.065,19.998,20.044,22753
3781,2022-11-02 05:50:00,20.03,20.036,19.978,19.995,13529
3782,2022-11-02 05:45:00,19.99,20.055,19.968,20.005,15892
3783,2022-11-02 05:40:00,20.0,20.006,19.959,19.986,16800
3784,2022-11-02 05:35:00,20.0,20.026,19.968,19.986,30073
3785,2022-11-02 05:30:00,19.981,20.016,19.939,19.986,42434
3786,2022-11-02 05:25:00,20.0,20.036,19.929,19.966,71551
3787,2022-11-02 05:20:00,20.049,20.065,19.968,19.976,30442
3788,2022-11-02 05:15:00,20.069,20.104,20.008,20.025,54206
3789,2022-11-02 05:10:00,20.099,20.104,20.027,20.054,41511
3790,2022-11-02 05:05:00,20.148,20.173,20.067,20.084,71222
3791,2022-11-02 05:00:00,20.138,20.193,20.096,20.133,45203
3792,2022-11-02 04:55:00,20.138,20.154,20.106,20.133,27896
3793,2022-11-02 04:50:00,20.148,20.173,20.096,20.123,130873
3794,2022-11-02 04:45:00,20.177,20.193,20.116,20.133,75991
3795,2022-11-02 04:40:00,20.187,20.203,20.145,20.152,35286
3796,2022-11-02 04:35:00,20.187,20.222,20.155,20.172,24822
3797,2022-11-02 04:30:00,20.207,20.222,20.155,20.172,50522
3798,2022-11-02 04:25:00,20.177,20.242,20.155,20.192,182446
3799,2022-11-02 04:20:00,20.167,20.203,20.135,20.162,44882
3800,2022-11-02 04:15:00,20.069,20.173,20.037,20.143,62194
3801,2022-11-02 04:10:00,20.079,20.134,20.047,20.054,48425
3802,2022-11-02 04:05:00,20.108,20.114,20.037,20.074,47026
3803,2022-11-02 04:00:00,20.049,20.615,19.939,20.084,202445
3804,2022-11-01 19:55:00,19.932,19.967,19.9,19.907,146921
3805,2022-11-01 19:50:00,19.922,19.947,19.89,19.917,60719
3806,2022-11-01 19:45:00,19.951,19.967,19.9,19.917,53828
3807,2022-11-01 19:40:00,19.99,20.006,19.929,19.936,74877
3808,2022-11-01 19:35:00,20.005,20.016,19.968,19.976,34273
3809,2022-11-01 19:30:00,20.01,20.016,19.978,19.995,19288
3810,2022-11-01 19:25:00,20.005,20.016,19.968,19.995,79360
3811,2022-11-01 19:20:00,20.0,20.016,19.978,19.99,14665
3812,2022-11-01 19:15:00,19.99,20.016,19.968,19.986,30307
3813,2022-11-01 19:10:00,20.0,20.016,19.959,19.986,28241
3814,2022-11-01 19:05:00,20.0,20.016,19.968,19.986,15195
3815,2022-11-01 19:00:00,19.981,20.016,19.959,19.995,54708
3816,2022-11-01 18:55:00,19.981,19.996,19.949,19.956,29154
3817,2022-11-01 18:50:00,19.971,19.996,19.949,19.976,29223
3818,2022-11-01 18:45:00,19.981,19.987,19.939,19.956,35284
3819,2022-11-01 18:40:00,19.971,19.987,19.929,19.966,19041
3820,2022-11-01 18:35:00,19.961,19.987,19.929,19.956,18179
3821,2022-11-01 18:30:00,19.971,19.987,19.919,19.956,18813
3822,2022-11-01 18:25:00,19.961,19.977,19.9,19.956,28941
3823,2022-11-01 18:20:00,19.956,19.987,19.919,19.966,27261
3824,2022-11-01 18:15:00,19.951,19.996,19.919,19.946,45231
3825,2022-11-01 18:10:00,19.932,19.957,19.89,19.936,36130
3826,2022-11-01 18:05:00,19.912,19.937,19.831,19.917,17698
3827,2022-11-01 18:00:00,19.902,19.937,19.87,19.897,36220
3828,2022-11-01 17:55:00,19.912,19.918,19.87,19.878,44787
3829,2022-11-01 17:50:00,19.912,19.918,19.88,19.897,18199
3830,2022-11-01 17:45:00,19.873,19.908,19.851,19.887,20426
3831,2022-11-01 17:40:00,19.912,19.918,19.841,19.858,44470
3832,2022-11-01 17:35:00,19.912,19.918,19.88,19.897,23400
3833,2022-11-01 17:30:00,19.922,19.937,19.89,19.897,20283
3834,2022-11-01 17:25:00,19.902,19.937,19.88,19.907,24113
3835,2022-11-01 17:20:00,19.912,19.947,19.88,19.897,19223
3836,2022-11-01 17:15:00,19.892,19.928,19.87,19.907,46615
3837,2022-11-01 17:10:00,19.882,19.918,19.861,19.878,17050
3838,2022-11-01 17:05:00,19.892,19.908,19.861,19.878,37045
3839,2022-11-01 17:00:00,19.873,19.918,19.851,19.879,81026
3840,2022-11-01 16:55:00,19.843,19.888,19.821,19.858,46288
3841,2022-11-01 16:50:00,19.853,19.869,19.821,19.828,67739
3842,2022-11-01 16:45:00,19.882,19.888,19.821,19.848,71357
3843,2022-11-01 16:40:00,19.863,19.888,19.831,19.858,59778
3844,2022-11-01 16:35:00,19.823,19.878,19.802,19.838,60149
3845,2022-11-01 16:30:00,19.833,19.859,19.802,19.809,113857
3846,2022-11-01 16:25:00,19.804,19.849,19.723,19.819,213374
3847,2022-11-01 16:20:00,19.823,19.869,19.782,19.809,142957
3848,2022-11-01 16:15:00,19.765,19.859,19.694,19.819,376216
3849,2022-11-01 16:10:00,19.823,19.839,19.723,19.75,390523
3850,2022-11-01 16:05:00,19.823,19.869,19.792,19.819,167715
3851,2022-11-01 16:00:00,19.922,19.967,19.772,19.828,592316
3852,2022-11-01 15:55:00,19.995,20.026,19.89,19.907,3500447
3853,2022-11-01 15:50:00,20.059,20.095,19.939,19.977,2394231
3854,2022-11-01 15:45:00,20.005,20.065,19.919,20.035,1808034
3855,2022-11-01 15:40:00,19.947,20.016,19.904,19.99,1297637
3856,2022-11-01 15:35:00,19.99,20.036,19.919,19.927,1656013
3857,2022-11-01 15:30:00,19.966,20.026,19.919,19.985,1316332
3858,2022-11-01 15:25:00,20.064,20.074,19.919,19.953,1741062
3859,2022-11-01 15:20:00,20.059,20.104,20.008,20.049,945664
3860,2022-11-01 15:15:00,20.054,20.065,19.949,20.035,1314121
3861,2022-11-01 15:10:00,20.153,20.163,20.022,20.039,1643643
3862,2022-11-01 15:05:00,20.113,20.203,20.057,20.138,1673955
3863,2022-11-01 15:00:00,20.138,20.149,20.057,20.099,1048920
3864,2022-11-01 14:55:00,20.012,20.183,19.988,20.133,2571922
3865,2022-11-01 14:50:00,19.951,20.044,19.91,20.005,987619
3866,2022-11-01 14:45:00,19.986,20.006,19.9,19.932,1186507
3867,2022-11-01 14:40:00,20.015,20.055,19.939,19.976,695350
3868,2022-11-01 14:35:00,20.015,20.08,19.973,20.0,866175
3869,2022-11-01 14:30:00,20.084,20.104,19.949,20.005,1258200
3870,2022-11-01 14:25:00,20.04,20.095,19.978,20.069,1016016
3871,2022-11-01 14:20:00,20.054,20.095,19.998,20.025,801136
3872,2022-11-01 14:15:00,20.074,20.104,20.018,20.044,840700
3873,2022-11-01 14:10:00,20.089,20.114,20.027,20.054,677026
3874,2022-11-01 14:05:00,20.039,20.104,19.968,20.074,1121056
3875,2022-11-01 14:00:00,20.05,20.085,19.988,20.02,1205213
3876,2022-11-01 13:55:00,19.981,20.063,19.929,20.035,1221812
3877,2022-11-01 13:50:00,20.005,20.055,19.949,19.971,1101741
3878,2022-11-01 13:45:00,20.001,20.075,19.959,19.99,1218489
3879,2022-11-01 13:40:00,19.919,20.036,19.89,19.986,1255617
3880,2022-11-01 13:35:00,19.983,20.006,19.88,19.902,1716913
3881,2022-11-01 13:30:00,20.049,20.065,19.949,19.974,1250226
3882,2022-11-01 13:25:00,20.104,20.114,20.018,20.025,1462571
3883,2022-11-01 13:20:00,20.123,20.173,20.076,20.094,1563911
3884,2022-11-01 13:15:00,20.113,20.173,20.057,20.103,1479571
3885,2022-11-01 13:10:00,20.01,20.183,19.978,20.103,1984471
3886,2022-11-01 13:05:00,20.01,20.058,19.954,19.995,966085
3887,2022-11-01 13:00:00,20.075,20.085,19.939,19.99,1324555
3888,2022-11-01 12:55:00,20.011,20.085,19.929,20.054,1769159
3889,2022-11-01 12:50:00,20.01,20.026,19.91,20.0,1524573
3890,2022-11-01 12:45:00,20.02,20.065,19.964,19.996,1407893
3891,2022-11-01 12:40:00,19.936,20.036,19.87,20.015,2370624
3892,2022-11-01 12:35:00,19.941,19.987,19.831,19.923,3073321
3893,2022-11-01 12:30:00,20.0,20.036,19.919,19.931,1896928
3894,2022-11-01 12:25:00,20.04,20.131,19.968,19.99,1683743
3895,2022-11-01 12:20:00,20.064,20.149,19.959,20.032,2250776
3896,2022-11-01 12:15:00,20.108,20.134,20.018,20.044,1681870
3897,2022-11-01 12:10:00,20.197,20.281,20.047,20.094,2481036
3898,2022-11-01 12:05:00,20.119,20.38,20.086,20.182,4834305
3899,2022-11-01 12:00:00,20.118,20.193,20.047,20.108,1470695
3900,2022-11-01 11:55:00,20.079,20.183,20.008,20.098,2111195
3901,2022-11-01 11:50:00,20.03,20.1,19.978,20.059,1883498
3902,2022-11-01 11:45:00,19.941,20.095,19.89,20.025,1943769
3903,2022-11-01 11:40:00,20.0,20.046,19.89,19.936,2603581
3904,2022-11-01 11:35:00,20.197,20.252,19.91,19.976,3660615
3905,2022-11-01 11:30:00,20.216,20.281,20.125,20.185,2087396
3906,2022-11-01 11:25:00,20.108,20.231,20.047,20.2,1782665
3907,2022-11-01 11:20:00,20.094,20.201,20.037,20.094,2008822
3908,2022-11-01 11:15:00,20.246,20.301,20.057,20.074,2965446
3909,2022-11-01 11:10:00,20.171,20.281,20.135,20.231,2564233
3910,2022-11-01 11:05:00,20.157,20.203,20.047,20.162,2019909
3911,2022-11-01 11:00:00,20.079,20.213,20.018,20.148,3029062
3912,2022-11-01 10:55:00,20.236,20.252,19.978,20.064,4366346
3913,2022-11-01 10:50:00,20.157,20.247,20.096,20.226,2430075
3914,2022-11-01 10:45:00,20.157,20.281,20.096,20.149,3111392
3915,2022-11-01 10:40:00,20.295,20.301,20.067,20.148,5661170
3916,2022-11-01 10:35:00,20.55,20.566,20.263,20.29,4263831
3917,2022-11-01 10:30:00,20.521,20.556,20.341,20.53,4100999
3918,2022-11-01 10:25:00,20.383,20.527,20.273,20.506,3728768
3919,2022-11-01 10:20:00,20.305,20.5,20.155,20.373,6392353
3920,2022-11-01 10:15:00,20.315,20.448,20.263,20.295,6230447
3921,2022-11-01 10:10:00,20.324,20.409,20.184,20.3,4465701
3922,2022-11-01 10:05:00,20.54,20.625,20.292,20.319,5644376
3923,2022-11-01 10:00:00,20.924,20.979,20.498,20.521,10893788
3924,2022-11-01 09:55:00,20.904,20.999,20.842,20.903,3942142
3925,2022-11-01 09:50:00,21.002,21.008,20.817,20.879,4192680
3926,2022-11-01 09:45:00,21.277,21.289,20.901,20.992,6378852
3927,2022-11-01 09:40:00,21.335,21.372,21.166,21.253,4422324
3928,2022-11-01 09:35:00,21.371,21.47,21.205,21.316,4826858
3929,2022-11-01 09:30:00,21.356,21.49,21.224,21.355,7570761
3930,2022-11-01 09:25:00,21.336,21.362,21.264,21.33,514183
3931,2022-11-01 09:20:00,21.346,21.382,21.303,21.321,151019
3932,2022-11-01 09:15:00,21.376,21.392,21.323,21.34,189603
3933,2022-11-01 09:10:00,21.356,21.411,21.332,21.35,240371
3934,2022-11-01 09:05:00,21.336,21.382,21.313,21.34,190255
3935,2022-11-01 09:00:00,21.385,21.411,21.313,21.321,194281
3936,2022-11-01 08:55:00,21.385,21.411,21.342,21.37,123579
3937,2022-11-01 08:50:00,21.405,21.451,21.352,21.379,183571
3938,2022-11-01 08:45:00,21.395,21.441,21.362,21.399,207228
3939,2022-11-01 08:40:00,21.395,21.421,21.362,21.379,259000
3940,2022-11-01 08:35:00,21.435,21.441,21.362,21.379,169816
3941,2022-11-01 08:30:00,21.395,21.46,21.362,21.409,293481
3942,2022-11-01 08:25:00,21.395,21.411,21.342,21.379,214935
3943,2022-11-01 08:20:00,21.366,21.402,21.293,21.379,235021
3944,2022-11-01 08:15:00,21.336,21.382,21.303,21.35,220834
3945,2022-11-01 08:10:00,21.317,21.352,21.283,21.311,199018
3946,2022-11-01 08:05:00,21.277,21.323,21.244,21.291,237609
3947,2022-11-01 08:00:00,21.277,21.372,20.753,21.271,1522110
3948,2022-11-01 07:55:00,21.287,21.323,21.264,21.281,117688
3949,2022-11-01 07:50:00,21.268,21.293,21.244,21.271,38603
3950,2022-11-01 07:45:00,21.258,21.293,21.234,21.262,42934
3951,2022-11-01 07:40:00,21.268,21.274,21.215,21.242,67666
3952,2022-11-01 07:35:00,21.287,21.313,21.215,21.242,152786
3953,2022-11-01 07:30:00,21.268,21.313,21.244,21.281,155068
3954,2022-11-01 07:25:00,21.258,21.274,21.224,21.252,53771
3955,2022-11-01 07:20:00,21.238,21.264,21.205,21.232,78535
3956,2022-11-01 07:15:00,21.248,21.264,21.185,21.222,118896
3957,2022-11-01 07:10:00,21.307,21.313,21.205,21.232,206453
3958,2022-11-01 07:05:00,21.248,21.343,21.224,21.281,285857
3959,2022-11-01 07:00:00,21.277,21.293,21.175,21.232,302239
3960,2022-11-01 06:55:00,21.317,21.333,21.264,21.271,40679
3961,2022-11-01 06:50:00,21.297,21.333,21.274,21.301,21114
3962,2022-11-01 06:45:00,21.287,21.313,21.244,21.291,22284
3963,2022-11-01 06:40:00,21.326,21.333,21.244,21.262,55378
3964,2022-11-01 06:35:00,21.317,21.343,21.283,21.311,43933
3965,2022-11-01 06:30:00,21.287,21.323,21.234,21.301,40518
3966,2022-11-01 06:25:00,21.297,21.323,21.244,21.262,102617
3967,2022-11-01 06:20:00,21.238,21.323,21.205,21.281,86816
3968,2022-11-01 06:15:00,21.238,21.254,21.195,21.213,22373
3969,2022-11-01 06:10:00,21.209,21.284,21.185,21.232,93726
3970,2022-11-01 06:05:00,21.189,21.225,21.126,21.203,72654
3971,2022-11-01 06:00:00,21.209,21.244,21.166,21.173,133032
3972,2022-11-01 05:55:00,21.199,21.225,21.175,21.193,42160
3973,2022-11-01 05:50:00,21.189,21.195,21.146,21.173,21647
3974,2022-11-01 05:45:00,21.209,21.225,21.156,21.173,59576
3975,2022-11-01 05:40:00,21.169,21.234,21.146,21.203,187336
3976,2022-11-01 05:35:00,21.159,21.185,21.126,21.154,28932
3977,2022-11-01 05:30:00,21.12,21.176,21.087,21.144,186299
3978,2022-11-01 05:25:00,21.101,21.126,21.048,21.095,30473
3979,2022-11-01 05:20:00,21.12,21.136,21.077,21.095,29652
3980,2022-11-01 05:15:00,21.071,21.126,21.018,21.105,34157
3981,2022-11-01 05:10:00,21.042,21.087,21.009,21.055,38919
3982,2022-11-01 05:05:00,21.051,21.097,21.018,21.026,81609
3983,2022-11-01 05:00:00,21.14,21.146,21.018,21.036,120529
3984,2022-11-01 04:55:00,21.13,21.166,21.097,21.114,39957
3985,2022-11-01 04:50:00,21.15,21.185,21.107,21.114,45849
3986,2022-11-01 04:45:00,21.179,21.185,21.117,21.124,57514
3987,2022-11-01 04:40:00,21.179,21.195,21.136,21.163,67662
3988,2022-11-01 04:35:00,21.159,21.215,21.136,21.154,95556
3989,2022-11-01 04:30:00,21.199,21.225,21.146,21.154,40027
3990,2022-11-01 04:25:00,21.159,21.215,21.126,21.183,71517
3991,2022-11-01 04:20:00,21.179,21.225,21.126,21.134,105061
3992,2022-11-01 04:15:00,21.218,21.244,21.136,21.163,110802
3993,2022-11-01 04:10:00,21.13,21.225,21.097,21.203,158114
3994,2022-11-01 04:05:00,21.12,21.185,21.087,21.114,182488
3995,2022-11-01 04:00:00,20.668,21.136,20.646,21.105,397013
