,timestamp,open,high,low,close,volume
0,2024-07-31 19:55:00,70.18,70.19,70.12,70.15,39321
1,2024-07-31 19:50:00,70.15,70.22,70.13,70.16,47470
2,2024-07-31 19:45:00,70.25,70.27,70.13,70.15,28236
3,2024-07-31 19:40:00,70.242,70.27,70.2,70.24,21273
4,2024-07-31 19:35:00,70.18,70.27,70.18,70.25,40946
5,2024-07-31 19:30:00,70.16,70.22,70.15,70.18,31817
6,2024-07-31 19:25:00,70.06,70.2,70.0,70.17,27822
7,2024-07-31 19:20:00,70.08,70.11,70.02,70.06,25974
8,2024-07-31 19:15:00,69.98,70.14,69.95,70.08,89150
9,2024-07-31 19:10:00,69.79,69.99,69.78,69.98,37932
10,2024-07-31 19:05:00,69.79,69.79,69.715,69.78,17207
11,2024-07-31 19:00:00,69.72,69.82,69.72,69.79,50608
12,2024-07-31 18:55:00,69.71,69.735,69.66,69.71,13787
13,2024-07-31 18:50:00,69.6,69.79,69.58,69.69,32220
14,2024-07-31 18:45:00,69.555,69.63,69.53,69.6,21095
15,2024-07-31 18:40:00,69.465,69.59,69.45,69.57,23441
16,2024-07-31 18:35:00,69.61,69.77,69.42,69.47,35922
17,2024-07-31 18:30:00,69.66,69.66,69.55,69.61,19547
18,2024-07-31 18:25:00,69.72,69.739,69.57,69.66,23205
19,2024-07-31 18:20:00,69.76,69.775,69.7,69.7,34788
20,2024-07-31 18:15:00,69.78,69.8,69.71,69.76,36283
21,2024-07-31 18:10:00,69.76,69.81,69.66,69.78,30050
22,2024-07-31 18:05:00,69.66,69.82,69.63,69.75,64737
23,2024-07-31 18:00:00,69.33,69.66,69.2,69.66,87932
24,2024-07-31 17:55:00,69.31,69.35,69.271,69.35,20045
25,2024-07-31 17:50:00,69.24,69.32,69.24,69.31,21345
26,2024-07-31 17:45:00,69.24,69.25,69.21,69.25,33945
27,2024-07-31 17:40:00,69.24,69.27,69.2,69.25,12329
28,2024-07-31 17:35:00,69.17,69.24,69.15,69.24,14978
29,2024-07-31 17:30:00,69.24,69.24,69.17,69.2,9936
30,2024-07-31 17:25:00,69.26,69.29,69.19,69.23,19154
31,2024-07-31 17:20:00,69.32,69.39,69.16,69.28,29412
32,2024-07-31 17:15:00,69.25,69.4,69.22,69.33,32144
33,2024-07-31 17:10:00,69.12,69.3,69.12,69.23,53859
34,2024-07-31 17:05:00,69.09,69.16,69.07,69.104,40724
35,2024-07-31 17:00:00,69.19,69.24,69.07,69.1,98198
36,2024-07-31 16:55:00,69.13,69.2,69.11,69.19,109808
37,2024-07-31 16:50:00,69.11,69.19,69.11,69.12,45588
38,2024-07-31 16:45:00,69.19,69.19,69.08,69.14,32065
39,2024-07-31 16:40:00,69.11,69.28,69.08,69.2,64822
40,2024-07-31 16:35:00,69.18,69.24,69.1,69.1,72953
41,2024-07-31 16:30:00,69.07,69.38,69.07,69.2,148271
42,2024-07-31 16:25:00,68.85,69.11,68.79,69.08,163144
43,2024-07-31 16:20:00,68.78,68.98,68.76,68.85,131015
44,2024-07-31 16:15:00,68.28,69.06,68.28,68.79,280851
45,2024-07-31 16:10:00,69.2,69.22,68.59,68.739,466308
46,2024-07-31 16:05:00,68.75,69.82,68.64,69.2,961136
47,2024-07-31 16:00:00,68.3,69.1,68.21,68.647,1106735
48,2024-07-31 15:55:00,68.38,68.589,68.075,68.32,2854641
49,2024-07-31 15:50:00,68.42,68.67,67.81,68.39,2303847
50,2024-07-31 15:45:00,68.71,68.84,68.25,68.44,1312360
51,2024-07-31 15:40:00,68.25,68.83,68.22,68.72,1280529
52,2024-07-31 15:35:00,68.01,68.43,68.0,68.255,1420579
53,2024-07-31 15:30:00,67.7,68.168,67.514,68.0,1902063
54,2024-07-31 15:25:00,67.93,68.17,67.46,67.66,1690075
55,2024-07-31 15:20:00,68.08,68.54,67.93,67.93,1213422
56,2024-07-31 15:15:00,68.63,68.97,68.0,68.07,1333988
57,2024-07-31 15:10:00,68.64,68.85,68.52,68.63,804304
58,2024-07-31 15:05:00,68.49,68.89,68.48,68.64,1006811
59,2024-07-31 15:00:00,68.83,69.0,68.471,68.5,1162633
60,2024-07-31 14:55:00,68.79,68.909,68.591,68.825,836943
61,2024-07-31 14:50:00,68.91,68.98,68.7,68.792,1120085
62,2024-07-31 14:45:00,68.65,68.93,68.48,68.895,1179424
63,2024-07-31 14:40:00,68.13,68.67,68.13,68.65,1320116
64,2024-07-31 14:35:00,68.319,68.364,67.73,68.14,1463277
65,2024-07-31 14:30:00,68.01,68.55,68.01,68.32,1172474
66,2024-07-31 14:25:00,68.05,68.11,67.964,68.01,535457
67,2024-07-31 14:20:00,68.0,68.08,67.85,68.05,479920
68,2024-07-31 14:15:00,67.78,68.03,67.75,67.99,562933
69,2024-07-31 14:10:00,67.68,67.86,67.64,67.785,552122
70,2024-07-31 14:05:00,67.58,67.965,67.56,67.7,999459
71,2024-07-31 14:00:00,67.58,67.79,67.252,67.58,1392555
72,2024-07-31 13:55:00,67.69,67.7,67.431,67.56,477330
73,2024-07-31 13:50:00,67.47,67.76,67.47,67.694,843594
74,2024-07-31 13:45:00,67.209,67.49,67.13,67.472,373989
75,2024-07-31 13:40:00,67.18,67.336,66.76,67.21,1024598
76,2024-07-31 13:35:00,67.075,67.26,67.062,67.2,454398
77,2024-07-31 13:30:00,67.68,67.68,67.03,67.08,869267
78,2024-07-31 13:25:00,67.75,67.785,67.49,67.69,515018
79,2024-07-31 13:20:00,68.025,68.039,67.755,67.755,582494
80,2024-07-31 13:15:00,67.99,68.08,67.91,68.01,324684
81,2024-07-31 13:10:00,67.83,67.99,67.79,67.99,292001
82,2024-07-31 13:05:00,67.77,67.97,67.744,67.84,372757
83,2024-07-31 13:00:00,67.57,67.8,67.5,67.775,381511
84,2024-07-31 12:55:00,67.63,67.74,67.52,67.57,341639
85,2024-07-31 12:50:00,67.76,67.83,67.6,67.63,344104
86,2024-07-31 12:45:00,67.71,67.82,67.68,67.76,308199
87,2024-07-31 12:40:00,67.65,67.745,67.56,67.72,352320
88,2024-07-31 12:35:00,67.82,67.82,67.57,67.64,339769
89,2024-07-31 12:30:00,67.76,67.89,67.634,67.83,332852
90,2024-07-31 12:25:00,67.891,67.91,67.658,67.77,499616
91,2024-07-31 12:20:00,68.05,68.076,67.89,67.89,278102
92,2024-07-31 12:15:00,68.1,68.175,68.003,68.04,355431
93,2024-07-31 12:10:00,67.91,68.11,67.87,68.105,411463
94,2024-07-31 12:05:00,67.9,67.99,67.79,67.912,506193
95,2024-07-31 12:00:00,67.98,68.12,67.88,67.9,391388
96,2024-07-31 11:55:00,67.95,68.02,67.762,67.97,446987
97,2024-07-31 11:50:00,68.13,68.14,67.884,67.94,487058
98,2024-07-31 11:45:00,68.1,68.18,67.99,68.13,381505
99,2024-07-31 11:40:00,68.085,68.24,67.943,68.094,568559
100,2024-07-31 11:35:00,68.32,68.35,68.02,68.09,676290
101,2024-07-31 11:30:00,68.17,68.43,68.11,68.32,834523
102,2024-07-31 11:25:00,67.96,68.2,67.96,68.178,476132
103,2024-07-31 11:20:00,68.125,68.135,67.83,67.95,365807
104,2024-07-31 11:15:00,68.06,68.15,67.971,68.125,479946
105,2024-07-31 11:10:00,67.93,68.06,67.83,68.05,505162
106,2024-07-31 11:05:00,67.84,67.99,67.78,67.92,403030
107,2024-07-31 11:00:00,67.79,67.91,67.69,67.84,889862
108,2024-07-31 10:55:00,67.44,67.825,67.44,67.79,755496
109,2024-07-31 10:50:00,67.74,67.75,67.385,67.45,836455
110,2024-07-31 10:45:00,67.79,67.96,67.65,67.739,837347
111,2024-07-31 10:40:00,68.16,68.179,67.731,67.76,929706
112,2024-07-31 10:35:00,68.02,68.21,67.98,68.16,768034
113,2024-07-31 10:30:00,67.69,68.09,67.69,68.01,1196750
114,2024-07-31 10:25:00,67.79,67.825,67.53,67.68,766496
115,2024-07-31 10:20:00,67.97,67.99,67.63,67.79,761091
116,2024-07-31 10:15:00,67.54,67.97,67.43,67.965,989608
117,2024-07-31 10:10:00,67.73,67.8,67.42,67.52,975699
118,2024-07-31 10:05:00,67.34,67.73,67.335,67.721,1098500
119,2024-07-31 10:00:00,67.2,67.551,67.0,67.35,1466671
120,2024-07-31 09:55:00,67.09,67.34,67.03,67.193,1234118
121,2024-07-31 09:50:00,66.91,67.115,66.785,67.1,1279410
122,2024-07-31 09:45:00,66.57,67.07,66.56,66.91,7284145
123,2024-07-31 09:40:00,66.88,67.4,66.48,66.56,2024074
124,2024-07-31 09:35:00,66.38,66.94,66.38,66.89,1585086
125,2024-07-31 09:30:00,66.98,67.18,66.38,66.38,2628529
126,2024-07-31 09:25:00,66.79,67.06,66.79,66.99,396564
127,2024-07-31 09:20:00,66.871,66.92,66.77,66.77,112032
128,2024-07-31 09:15:00,66.881,66.91,66.84,66.87,111403
129,2024-07-31 09:10:00,66.94,66.94,66.87,66.89,130905
130,2024-07-31 09:05:00,66.792,66.97,66.73,66.93,140396
131,2024-07-31 09:00:00,66.73,66.82,66.71,66.81,86007
132,2024-07-31 08:55:00,66.7,66.8,66.679,66.74,136242
133,2024-07-31 08:50:00,66.72,66.81,66.68,66.7,102734
134,2024-07-31 08:45:00,66.59,66.78,66.55,66.72,165921
135,2024-07-31 08:40:00,66.29,66.59,66.28,66.58,185447
136,2024-07-31 08:35:00,66.41,66.45,66.25,66.29,143132
137,2024-07-31 08:30:00,66.16,66.5,66.03,66.41,238971
138,2024-07-31 08:25:00,66.15,66.28,66.12,66.178,140128
139,2024-07-31 08:20:00,66.17,66.19,66.13,66.15,161953
140,2024-07-31 08:15:00,65.82,66.19,65.77,66.17,256119
141,2024-07-31 08:10:00,65.79,65.84,65.78,65.8,54439
142,2024-07-31 08:05:00,65.83,65.85,65.78,65.8,70983
143,2024-07-31 08:00:00,65.482,65.88,64.26,65.84,1025240
144,2024-07-31 07:55:00,65.82,65.87,65.77,65.8,35382
145,2024-07-31 07:50:00,65.8,65.87,65.8,65.8,22595
146,2024-07-31 07:45:00,65.64,65.85,65.59,65.79,62820
147,2024-07-31 07:40:00,65.51,65.65,65.51,65.63,30446
148,2024-07-31 07:35:00,65.48,65.56,65.48,65.52,23841
149,2024-07-31 07:30:00,65.59,65.59,65.47,65.49,37482
150,2024-07-31 07:25:00,65.63,65.63,65.58,65.59,13369
151,2024-07-31 07:20:00,65.63,65.69,65.54,65.63,43584
152,2024-07-31 07:15:00,65.57,65.64,65.54,65.63,28481
153,2024-07-31 07:10:00,65.53,65.6,65.5,65.56,72966
154,2024-07-31 07:05:00,65.43,65.6,65.43,65.52,92099
155,2024-07-31 07:00:00,65.71,65.72,65.44,65.44,142912
156,2024-07-31 06:55:00,65.53,65.71,65.52,65.71,22167
157,2024-07-31 06:50:00,65.53,65.53,65.48,65.53,6987
158,2024-07-31 06:45:00,65.46,65.54,65.41,65.51,7114
159,2024-07-31 06:40:00,65.46,65.52,65.45,65.46,2596
160,2024-07-31 06:35:00,65.44,65.53,65.44,65.46,4697
161,2024-07-31 06:30:00,65.45,65.5,65.41,65.46,10291
162,2024-07-31 06:25:00,65.5,65.52,65.38,65.46,39120
163,2024-07-31 06:20:00,65.45,65.56,65.44,65.51,24376
164,2024-07-31 06:15:00,65.56,65.58,65.42,65.44,6198
165,2024-07-31 06:10:00,65.46,65.59,65.46,65.56,17914
166,2024-07-31 06:05:00,65.47,65.53,65.4,65.48,25066
167,2024-07-31 06:00:00,65.3,65.49,65.27,65.47,57361
168,2024-07-31 05:55:00,65.37,65.39,65.27,65.31,38944
169,2024-07-31 05:50:00,65.27,65.37,65.25,65.37,63712
170,2024-07-31 05:45:00,65.43,65.45,65.24,65.25,50284
171,2024-07-31 05:40:00,65.53,65.56,65.43,65.43,84756
172,2024-07-31 05:35:00,65.6,65.62,65.51,65.53,43280
173,2024-07-31 05:30:00,65.31,65.59,65.31,65.58,7651
174,2024-07-31 05:25:00,65.4,65.42,65.3,65.33,15501
175,2024-07-31 05:20:00,65.44,65.49,65.37,65.4,17789
176,2024-07-31 05:15:00,65.45,65.49,65.37,65.44,11802
177,2024-07-31 05:10:00,65.44,65.5,65.37,65.45,17404
178,2024-07-31 05:05:00,65.34,65.45,65.34,65.43,15884
179,2024-07-31 05:00:00,65.45,65.47,65.34,65.34,24856
180,2024-07-31 04:55:00,65.54,65.57,65.42,65.45,21688
181,2024-07-31 04:50:00,65.62,65.68,65.53,65.54,38946
182,2024-07-31 04:45:00,65.67,65.7,65.61,65.63,12882
183,2024-07-31 04:40:00,65.7,65.76,65.57,65.66,29208
184,2024-07-31 04:35:00,65.7,65.77,65.65,65.7,56090
185,2024-07-31 04:30:00,65.45,65.71,65.44,65.71,40499
186,2024-07-31 04:25:00,65.48,65.54,65.39,65.44,70058
187,2024-07-31 04:20:00,65.29,65.48,65.29,65.48,18886
188,2024-07-31 04:15:00,65.12,65.3,65.1,65.27,23178
189,2024-07-31 04:10:00,65.15,65.32,65.1,65.11,65215
190,2024-07-31 04:05:00,65.34,65.35,65.12,65.15,137179
191,2024-07-31 04:00:00,65.52,65.57,65.2,65.34,206793
192,2024-07-30 19:55:00,63.93,63.98,63.91,63.94,79248
193,2024-07-30 19:50:00,63.83,63.97,63.83,63.93,67970
194,2024-07-30 19:45:00,63.65,63.87,63.55,63.83,90368
195,2024-07-30 19:40:00,63.55,63.65,63.54,63.65,49518
196,2024-07-30 19:35:00,63.58,63.63,63.54,63.54,25421
197,2024-07-30 19:30:00,63.54,63.61,63.52,63.572,28521
198,2024-07-30 19:25:00,63.51,63.55,63.49,63.55,22250
199,2024-07-30 19:20:00,63.56,63.59,63.45,63.5,60435
200,2024-07-30 19:15:00,63.3,63.59,63.29,63.54,89678
201,2024-07-30 19:10:00,63.1,63.31,63.08,63.29,76432
202,2024-07-30 19:05:00,63.05,63.1,63.03,63.1,21961
203,2024-07-30 19:00:00,63.07,63.14,63.04,63.06,14601
204,2024-07-30 18:55:00,63.08,63.1,63.01,63.05,26308
205,2024-07-30 18:50:00,63.07,63.08,63.01,63.071,42901
206,2024-07-30 18:45:00,63.1,63.1,63.005,63.06,43922
207,2024-07-30 18:40:00,63.08,63.2,63.07,63.09,41971
208,2024-07-30 18:35:00,63.061,63.12,63.01,63.08,23131
209,2024-07-30 18:30:00,62.95,63.13,62.95,63.05,16845
210,2024-07-30 18:25:00,63.039,63.22,62.92,62.93,35535
211,2024-07-30 18:20:00,63.19,63.24,62.97,63.05,43128
212,2024-07-30 18:15:00,63.06,63.34,63.05,63.18,53385
213,2024-07-30 18:10:00,63.21,63.28,62.95,63.06,54865
214,2024-07-30 18:05:00,62.89,63.29,62.83,63.2,103058
215,2024-07-30 18:00:00,61.86,62.92,61.86,62.88,177158
216,2024-07-30 17:55:00,62.18,62.22,61.77,61.86,44304
217,2024-07-30 17:50:00,62.15,62.25,62.14,62.17,62754
218,2024-07-30 17:45:00,61.99,62.15,61.97,62.15,11767
219,2024-07-30 17:40:00,61.88,62.0,61.85,61.97,17392
220,2024-07-30 17:35:00,61.86,61.95,61.836,61.87,13580
221,2024-07-30 17:30:00,61.73,61.86,61.72,61.85,10895
222,2024-07-30 17:25:00,61.75,61.78,61.7,61.76,59522
223,2024-07-30 17:20:00,61.71,61.78,61.65,61.749,39589
224,2024-07-30 17:15:00,61.87,61.89,61.7,61.71,29130
225,2024-07-30 17:10:00,61.91,61.95,61.7,61.8,74836
226,2024-07-30 17:05:00,61.99,62.03,61.9,61.95,43160
227,2024-07-30 17:00:00,61.95,62.1,61.95,61.98,57258
228,2024-07-30 16:55:00,61.86,62.79,61.79,61.98,111563
229,2024-07-30 16:50:00,62.23,62.3,61.84,61.85,182782
230,2024-07-30 16:45:00,62.12,62.32,62.12,62.23,56829
231,2024-07-30 16:40:00,62.16,62.3,62.03,62.101,158957
232,2024-07-30 16:35:00,61.8,62.18,61.78,62.16,214384
233,2024-07-30 16:30:00,61.73,61.93,61.6,61.8,182146
234,2024-07-30 16:25:00,61.48,61.78,61.39,61.72,241047
235,2024-07-30 16:20:00,61.69,61.77,61.36,61.46,357028
236,2024-07-30 16:15:00,62.79,62.79,61.18,61.68,338238
237,2024-07-30 16:10:00,61.25,61.35,61.13,61.28,217209
238,2024-07-30 16:05:00,60.819,61.27,60.77,61.27,599505
239,2024-07-30 16:00:00,62.71,62.9,60.6,60.785,1207390
240,2024-07-30 15:55:00,63.1,63.37,62.6,62.71,1745821
241,2024-07-30 15:50:00,63.33,63.41,62.971,63.1,1831712
242,2024-07-30 15:45:00,62.776,63.486,62.6,63.34,1578475
243,2024-07-30 15:40:00,62.51,62.775,62.35,62.764,691617
244,2024-07-30 15:35:00,62.6,62.74,62.425,62.51,395525
245,2024-07-30 15:30:00,62.69,62.705,62.48,62.61,506039
246,2024-07-30 15:25:00,62.77,62.83,62.6,62.69,339132
247,2024-07-30 15:20:00,62.734,62.85,62.65,62.776,517540
248,2024-07-30 15:15:00,62.44,62.775,62.44,62.73,599668
249,2024-07-30 15:10:00,62.6,62.733,62.42,62.45,509243
250,2024-07-30 15:05:00,62.67,62.85,62.59,62.6,325438
251,2024-07-30 15:00:00,62.86,62.86,62.545,62.661,523626
252,2024-07-30 14:55:00,62.916,62.95,62.68,62.866,442629
253,2024-07-30 14:50:00,62.83,63.04,62.78,62.91,459726
254,2024-07-30 14:45:00,63.16,63.199,62.72,62.825,637310
255,2024-07-30 14:40:00,63.209,63.245,63.075,63.166,394824
256,2024-07-30 14:35:00,63.02,63.273,62.994,63.22,568715
257,2024-07-30 14:30:00,63.06,63.165,62.93,63.015,423176
258,2024-07-30 14:25:00,63.25,63.276,62.88,63.07,735349
259,2024-07-30 14:20:00,63.18,63.355,63.02,63.255,767476
260,2024-07-30 14:15:00,62.93,63.21,62.92,63.19,774652
261,2024-07-30 14:10:00,62.83,63.014,62.803,62.915,587885
262,2024-07-30 14:05:00,62.655,62.87,62.64,62.83,444265
263,2024-07-30 14:00:00,62.72,62.875,62.57,62.647,594980
264,2024-07-30 13:55:00,62.63,62.76,62.585,62.725,415967
265,2024-07-30 13:50:00,62.82,62.855,62.57,62.621,548286
266,2024-07-30 13:45:00,62.755,62.835,62.604,62.826,612781
267,2024-07-30 13:40:00,62.675,62.775,62.47,62.76,707591
268,2024-07-30 13:35:00,62.4,62.76,62.301,62.688,773981
269,2024-07-30 13:30:00,62.42,62.42,62.22,62.41,454070
270,2024-07-30 13:25:00,62.24,62.42,62.06,62.42,519088
271,2024-07-30 13:20:00,62.19,62.41,62.14,62.264,782448
272,2024-07-30 13:15:00,62.12,62.238,61.99,62.2,828508
273,2024-07-30 13:10:00,61.9,62.15,61.8,62.122,797572
274,2024-07-30 13:05:00,61.56,61.91,61.47,61.91,1056280
275,2024-07-30 13:00:00,61.48,61.65,61.34,61.568,1278078
276,2024-07-30 12:55:00,61.79,61.85,61.42,61.47,1161132
277,2024-07-30 12:50:00,62.31,62.42,61.73,61.771,1485202
278,2024-07-30 12:45:00,62.62,62.67,62.28,62.302,515955
279,2024-07-30 12:40:00,62.74,62.83,62.57,62.62,480678
280,2024-07-30 12:35:00,62.48,62.81,62.35,62.74,711047
281,2024-07-30 12:30:00,62.67,62.69,62.42,62.48,420589
282,2024-07-30 12:25:00,62.44,62.73,62.414,62.69,612916
283,2024-07-30 12:20:00,62.91,62.93,62.414,62.43,785740
284,2024-07-30 12:15:00,62.885,62.975,62.72,62.905,584833
285,2024-07-30 12:10:00,63.03,63.04,62.8,62.897,585395
286,2024-07-30 12:05:00,62.75,63.075,62.67,63.03,585324
287,2024-07-30 12:00:00,62.63,62.89,62.61,62.75,574731
288,2024-07-30 11:55:00,62.84,62.9,62.615,62.615,557970
289,2024-07-30 11:50:00,62.7,62.88,62.63,62.845,565055
290,2024-07-30 11:45:00,62.78,62.92,62.61,62.728,647747
291,2024-07-30 11:40:00,62.88,62.93,62.6,62.8,897732
292,2024-07-30 11:35:00,63.39,63.48,62.84,62.875,1233408
293,2024-07-30 11:30:00,63.57,63.69,63.314,63.38,594175
294,2024-07-30 11:25:00,63.64,63.755,63.56,63.582,586252
295,2024-07-30 11:20:00,63.66,63.74,63.455,63.64,721254
296,2024-07-30 11:15:00,63.36,63.685,63.32,63.669,1001335
297,2024-07-30 11:10:00,63.34,63.71,63.23,63.36,1185928
298,2024-07-30 11:05:00,63.48,63.52,63.105,63.354,1499058
299,2024-07-30 11:00:00,64.43,64.525,63.45,63.471,1812216
300,2024-07-30 10:55:00,64.68,64.8,64.34,64.435,733076
301,2024-07-30 10:50:00,64.68,64.91,64.495,64.675,748836
302,2024-07-30 10:45:00,64.75,64.974,64.635,64.675,785416
303,2024-07-30 10:40:00,64.74,64.85,64.52,64.744,712349
304,2024-07-30 10:35:00,64.87,64.92,64.43,64.72,1037085
305,2024-07-30 10:30:00,65.04,65.14,64.8,64.863,641217
306,2024-07-30 10:25:00,65.27,65.32,64.968,65.035,722128
307,2024-07-30 10:20:00,65.47,65.545,65.095,65.24,597306
308,2024-07-30 10:15:00,65.57,65.84,65.303,65.46,793573
309,2024-07-30 10:10:00,65.61,65.64,65.3,65.557,640007
310,2024-07-30 10:05:00,65.32,65.8,65.28,65.61,1205669
311,2024-07-30 10:00:00,65.64,65.76,65.02,65.314,1917438
312,2024-07-30 09:55:00,65.675,66.28,65.44,65.63,908873
313,2024-07-30 09:50:00,65.916,65.92,65.601,65.68,825082
314,2024-07-30 09:45:00,66.0,66.06,65.69,65.915,1426617
315,2024-07-30 09:40:00,66.25,66.59,65.95,65.982,1344469
316,2024-07-30 09:35:00,66.18,66.44,66.15,66.26,1129592
317,2024-07-30 09:30:00,66.28,66.39,65.95,66.18,1379221
318,2024-07-30 09:25:00,66.16,66.33,66.1,66.27,76993
319,2024-07-30 09:20:00,66.18,66.18,66.121,66.16,19888
320,2024-07-30 09:15:00,66.1,66.22,66.06,66.18,66044
321,2024-07-30 09:10:00,66.05,66.12,66.05,66.1,18805
322,2024-07-30 09:05:00,66.05,66.09,66.04,66.049,17617
323,2024-07-30 09:00:00,66.08,66.11,66.05,66.05,18967
324,2024-07-30 08:55:00,66.07,66.09,66.05,66.07,14788
325,2024-07-30 08:50:00,66.0,66.08,65.989,66.08,11447
326,2024-07-30 08:45:00,66.08,66.09,65.99,66.0,12820
327,2024-07-30 08:40:00,66.09,66.09,66.02,66.07,41801
328,2024-07-30 08:35:00,66.0,66.087,65.96,66.08,20658
329,2024-07-30 08:30:00,65.94,66.04,65.92,66.0,23236
330,2024-07-30 08:25:00,65.97,66.03,65.91,65.94,51935
331,2024-07-30 08:20:00,66.05,66.05,65.91,65.96,33590
332,2024-07-30 08:15:00,66.11,66.11,66.04,66.05,49713
333,2024-07-30 08:10:00,66.13,66.15,66.079,66.11,44752
334,2024-07-30 08:05:00,66.101,66.15,66.08,66.13,77181
335,2024-07-30 08:00:00,65.83,66.17,64.7,66.11,268699
336,2024-07-30 07:55:00,66.05,66.09,66.0,66.0,9309
337,2024-07-30 07:50:00,66.12,66.13,66.04,66.05,11493
338,2024-07-30 07:45:00,66.11,66.14,66.089,66.12,14630
339,2024-07-30 07:40:00,66.13,66.16,66.1,66.11,19653
340,2024-07-30 07:35:00,65.99,66.13,65.99,66.13,65557
341,2024-07-30 07:30:00,65.95,66.0,65.94,65.98,7325
342,2024-07-30 07:25:00,65.93,65.95,65.89,65.95,5897
343,2024-07-30 07:20:00,65.88,65.94,65.86,65.93,18617
344,2024-07-30 07:15:00,65.99,66.01,65.84,65.88,13393
345,2024-07-30 07:10:00,65.93,66.01,65.93,65.999,15435
346,2024-07-30 07:05:00,65.88,65.99,65.87,65.95,16344
347,2024-07-30 07:00:00,65.89,65.98,65.82,65.88,103930
348,2024-07-30 06:55:00,65.88,65.92,65.86,65.9,6390
349,2024-07-30 06:50:00,65.91,65.92,65.87,65.88,15396
350,2024-07-30 06:45:00,65.88,65.93,65.88,65.9,10467
351,2024-07-30 06:40:00,65.85,65.89,65.83,65.87,6630
352,2024-07-30 06:35:00,65.83,65.88,65.79,65.86,7229
353,2024-07-30 06:30:00,65.82,65.89,65.81,65.85,10933
354,2024-07-30 06:25:00,65.69,65.84,65.67,65.81,12860
355,2024-07-30 06:20:00,65.7,65.71,65.64,65.7,6032
356,2024-07-30 06:15:00,65.62,65.7,65.56,65.7,8944
357,2024-07-30 06:10:00,65.72,65.75,65.57,65.59,8479
358,2024-07-30 06:05:00,65.67,65.73,65.62,65.71,7122
359,2024-07-30 06:00:00,65.64,65.69,65.62,65.67,6911
360,2024-07-30 05:55:00,65.6,65.69,65.6,65.63,49260
361,2024-07-30 05:50:00,65.59,65.62,65.56,65.6,75098
362,2024-07-30 05:45:00,65.51,65.68,65.45,65.6,14290
363,2024-07-30 05:40:00,65.52,65.59,65.43,65.52,15935
364,2024-07-30 05:35:00,65.75,65.76,65.51,65.52,70260
365,2024-07-30 05:30:00,65.74,65.79,65.63,65.75,53176
366,2024-07-30 05:25:00,65.8,65.85,65.71,65.72,68988
367,2024-07-30 05:20:00,65.96,65.98,65.8,65.81,95324
368,2024-07-30 05:15:00,65.99,66.0,65.95,65.96,65234
369,2024-07-30 05:10:00,66.02,66.03,65.99,65.99,2255
370,2024-07-30 05:05:00,66.02,66.05,65.99,66.02,11222
371,2024-07-30 05:00:00,65.88,66.05,65.82,66.01,19097
372,2024-07-30 04:55:00,65.82,65.89,65.81,65.87,10950
373,2024-07-30 04:50:00,65.84,65.9,65.78,65.79,9967
374,2024-07-30 04:45:00,65.9,65.92,65.79,65.83,12810
375,2024-07-30 04:40:00,65.93,65.97,65.87,65.9,9616
376,2024-07-30 04:35:00,65.75,65.93,65.75,65.93,13641
377,2024-07-30 04:30:00,65.55,65.75,65.55,65.75,10957
378,2024-07-30 04:25:00,65.52,65.58,65.49,65.55,16854
379,2024-07-30 04:20:00,65.58,65.61,65.49,65.55,23232
380,2024-07-30 04:15:00,65.58,65.6,65.46,65.59,13214
381,2024-07-30 04:10:00,65.72,65.77,65.51,65.56,39672
382,2024-07-30 04:05:00,65.93,65.95,65.72,65.72,63375
383,2024-07-30 04:00:00,65.77,65.95,65.51,65.94,64380
384,2024-07-29 19:55:00,64.65,64.75,64.63,64.709,64948
385,2024-07-29 19:50:00,64.79,64.79,64.6,64.62,31981
386,2024-07-29 19:45:00,64.72,64.84,64.72,64.78,41440
387,2024-07-29 19:40:00,65.02,65.02,64.71,64.71,89076
388,2024-07-29 19:35:00,65.07,65.09,65.02,65.03,25907
389,2024-07-29 19:30:00,65.01,65.09,65.0,65.07,35926
390,2024-07-29 19:25:00,65.07,65.08,65.0,65.02,28961
391,2024-07-29 19:20:00,65.05,65.11,65.05,65.075,28864
392,2024-07-29 19:15:00,65.1,65.12,65.02,65.07,21055
393,2024-07-29 19:10:00,65.06,65.09,65.0,65.09,29730
394,2024-07-29 19:05:00,65.48,65.48,65.03,65.05,68008
395,2024-07-29 19:00:00,65.53,65.53,65.47,65.48,9411
396,2024-07-29 18:55:00,65.51,65.53,65.49,65.53,3611
397,2024-07-29 18:50:00,65.52,65.52,65.48,65.51,2677
398,2024-07-29 18:45:00,65.47,65.52,65.47,65.49,11444
399,2024-07-29 18:40:00,65.54,65.54,65.46,65.46,42702
400,2024-07-29 18:35:00,65.55,65.555,65.5,65.55,31378
401,2024-07-29 18:30:00,65.67,65.67,65.55,65.56,6531
402,2024-07-29 18:25:00,65.64,65.67,65.63,65.66,6559
403,2024-07-29 18:20:00,65.645,65.67,65.63,65.64,9667
404,2024-07-29 18:15:00,65.65,65.68,65.63,65.63,8418
405,2024-07-29 18:10:00,65.68,65.68,65.61,65.64,63376
406,2024-07-29 18:05:00,65.65,65.68,65.64,65.67,54284
407,2024-07-29 18:00:00,65.54,65.73,65.54,65.69,30081
408,2024-07-29 17:55:00,65.53,65.54,65.5,65.54,4201
409,2024-07-29 17:50:00,65.51,65.54,65.48,65.52,4998
410,2024-07-29 17:45:00,65.52,65.53,65.5,65.51,542
411,2024-07-29 17:40:00,65.5,65.54,65.48,65.52,1577
412,2024-07-29 17:35:00,65.52,65.54,65.5,65.51,1408
413,2024-07-29 17:30:00,65.51,66.0,65.5,65.52,2444
414,2024-07-29 17:25:00,65.53,65.56,65.5,65.5,1756
415,2024-07-29 17:20:00,65.53,65.548,65.5,65.51,4583
416,2024-07-29 17:15:00,65.52,65.53,65.471,65.51,9034
417,2024-07-29 17:10:00,65.5,65.54,65.49,65.52,11593
418,2024-07-29 17:05:00,65.52,65.52,65.47,65.5,3419
419,2024-07-29 17:00:00,65.58,65.58,65.49,65.52,4240
420,2024-07-29 16:55:00,65.44,65.58,65.42,65.57,69962
421,2024-07-29 16:50:00,65.49,65.49,65.44,65.44,126547
422,2024-07-29 16:45:00,65.56,65.58,65.48,65.48,51370
423,2024-07-29 16:40:00,65.53,65.56,65.52,65.56,21583
424,2024-07-29 16:35:00,65.48,65.53,65.471,65.52,15205
425,2024-07-29 16:30:00,65.54,65.58,65.47,65.48,20974
426,2024-07-29 16:25:00,65.42,65.55,65.42,65.53,33373
427,2024-07-29 16:20:00,65.38,65.42,65.38,65.42,23258
428,2024-07-29 16:15:00,65.46,65.53,65.34,65.39,40613
429,2024-07-29 16:10:00,65.33,65.38,65.279,65.35,43388
430,2024-07-29 16:05:00,65.27,65.36,65.27,65.34,74013
431,2024-07-29 16:00:00,65.46,65.56,65.25,65.261,560396
432,2024-07-29 15:55:00,65.61,65.7,65.35,65.46,923873
433,2024-07-29 15:50:00,65.82,65.909,65.55,65.62,849264
434,2024-07-29 15:45:00,65.99,66.047,65.734,65.81,491183
435,2024-07-29 15:40:00,65.984,66.036,65.92,66.0,348405
436,2024-07-29 15:35:00,65.885,66.022,65.83,65.99,505880
437,2024-07-29 15:30:00,65.79,65.9,65.72,65.885,582058
438,2024-07-29 15:25:00,65.84,65.866,65.69,65.79,273419
439,2024-07-29 15:20:00,65.7,65.9,65.61,65.846,445437
440,2024-07-29 15:15:00,65.74,65.74,65.53,65.69,333389
441,2024-07-29 15:10:00,65.61,65.776,65.61,65.746,275424
442,2024-07-29 15:05:00,65.73,65.85,65.574,65.61,472388
443,2024-07-29 15:00:00,65.59,65.81,65.42,65.724,811159
444,2024-07-29 14:55:00,65.36,65.645,65.35,65.585,626084
445,2024-07-29 14:50:00,65.37,65.43,65.26,65.36,247667
446,2024-07-29 14:45:00,65.45,65.525,65.24,65.375,545261
447,2024-07-29 14:40:00,65.28,65.62,65.275,65.45,436863
448,2024-07-29 14:35:00,65.51,65.53,65.262,65.27,272266
449,2024-07-29 14:30:00,65.56,65.586,65.31,65.5,388042
450,2024-07-29 14:25:00,65.582,65.68,65.54,65.57,246194
451,2024-07-29 14:20:00,65.68,65.82,65.552,65.58,307189
452,2024-07-29 14:15:00,65.73,65.76,65.5,65.69,432912
453,2024-07-29 14:10:00,65.66,65.795,65.54,65.761,296740
454,2024-07-29 14:05:00,65.74,65.869,65.56,65.67,387949
455,2024-07-29 14:00:00,65.93,65.94,65.63,65.73,499235
456,2024-07-29 13:55:00,66.0,66.135,65.9,65.925,352465
457,2024-07-29 13:50:00,66.1,66.19,65.952,65.99,261019
458,2024-07-29 13:45:00,66.12,66.27,66.05,66.112,192238
459,2024-07-29 13:40:00,66.275,66.373,66.09,66.11,366047
460,2024-07-29 13:35:00,66.015,66.29,66.015,66.283,383933
461,2024-07-29 13:30:00,65.965,66.119,65.83,66.02,596738
462,2024-07-29 13:25:00,66.45,66.473,65.96,65.965,506427
463,2024-07-29 13:20:00,66.54,66.56,66.33,66.44,319379
464,2024-07-29 13:15:00,66.67,66.73,66.4,66.54,345865
465,2024-07-29 13:10:00,66.54,66.88,66.53,66.66,550452
466,2024-07-29 13:05:00,66.58,66.62,66.445,66.555,240264
467,2024-07-29 13:00:00,66.455,66.63,66.401,66.58,218215
468,2024-07-29 12:55:00,66.64,66.7,66.42,66.47,400988
469,2024-07-29 12:50:00,66.63,66.655,66.29,66.646,580043
470,2024-07-29 12:45:00,66.54,66.7,66.5,66.61,259756
471,2024-07-29 12:40:00,66.6,66.82,66.47,66.54,538115
472,2024-07-29 12:35:00,66.45,66.657,66.45,66.615,314046
473,2024-07-29 12:30:00,66.41,66.67,66.33,66.46,535862
474,2024-07-29 12:25:00,66.62,66.62,66.36,66.405,716526
475,2024-07-29 12:20:00,66.71,66.78,66.3,66.62,470153
476,2024-07-29 12:15:00,66.55,66.74,66.43,66.7,702769
477,2024-07-29 12:10:00,66.38,66.59,66.334,66.55,595535
478,2024-07-29 12:05:00,66.21,66.48,66.21,66.37,840902
479,2024-07-29 12:00:00,66.01,66.26,66.01,66.2,844568
480,2024-07-29 11:55:00,65.8,66.11,65.8,66.005,937240
481,2024-07-29 11:50:00,65.65,65.858,65.614,65.8,649256
482,2024-07-29 11:45:00,65.05,65.672,65.04,65.65,765975
483,2024-07-29 11:40:00,64.91,65.13,64.86,65.055,363468
484,2024-07-29 11:35:00,64.62,65.025,64.62,64.9,600526
485,2024-07-29 11:30:00,65.28,65.28,64.52,64.62,874849
486,2024-07-29 11:25:00,64.99,65.33,64.98,65.28,859470
487,2024-07-29 11:20:00,64.97,65.145,64.86,65.003,715095
488,2024-07-29 11:15:00,65.15,65.17,64.9,64.965,690972
489,2024-07-29 11:10:00,65.34,65.435,64.98,65.135,973039
490,2024-07-29 11:05:00,65.49,65.705,65.26,65.33,575028
491,2024-07-29 11:00:00,65.61,65.62,65.31,65.48,725122
492,2024-07-29 10:55:00,65.79,65.931,65.59,65.615,676734
493,2024-07-29 10:50:00,66.03,66.125,65.78,65.79,832325
494,2024-07-29 10:45:00,66.44,66.98,66.02,66.06,847005
495,2024-07-29 10:40:00,66.23,66.56,66.23,66.43,606725
496,2024-07-29 10:35:00,66.05,66.32,66.01,66.23,666277
497,2024-07-29 10:30:00,66.33,66.43,65.94,66.05,915181
498,2024-07-29 10:25:00,66.49,66.49,66.13,66.34,756834
499,2024-07-29 10:20:00,66.165,66.62,66.15,66.505,942102
500,2024-07-29 10:15:00,65.95,66.295,65.81,66.16,1101068
501,2024-07-29 10:10:00,66.49,66.5,65.86,65.95,1885406
502,2024-07-29 10:05:00,66.94,67.05,66.425,66.49,1169186
503,2024-07-29 10:00:00,66.99,67.185,66.75,66.95,1322540
504,2024-07-29 09:55:00,66.64,66.995,66.55,66.99,1030307
505,2024-07-29 09:50:00,66.73,66.81,66.36,66.649,1253804
506,2024-07-29 09:45:00,66.83,67.079,66.6,66.736,1482038
507,2024-07-29 09:40:00,66.52,66.84,66.315,66.839,1312799
508,2024-07-29 09:35:00,66.01,66.69,65.905,66.52,1691977
509,2024-07-29 09:30:00,66.27,66.33,65.63,65.99,2144177
510,2024-07-29 09:25:00,66.27,66.29,66.16,66.26,138901
511,2024-07-29 09:20:00,66.2,66.299,66.18,66.23,76041
512,2024-07-29 09:15:00,66.3,66.35,66.19,66.21,46471
513,2024-07-29 09:10:00,66.31,66.37,66.22,66.3,69077
514,2024-07-29 09:05:00,66.399,66.43,66.311,66.32,102511
515,2024-07-29 09:00:00,66.51,66.51,66.37,66.41,76518
516,2024-07-29 08:55:00,66.62,66.66,65.04,66.52,30861
517,2024-07-29 08:50:00,66.74,66.74,66.56,66.611,78631
518,2024-07-29 08:45:00,66.84,66.86,66.74,66.75,57120
519,2024-07-29 08:40:00,66.91,66.921,66.79,66.84,136412
520,2024-07-29 08:35:00,66.92,67.04,66.87,66.91,85044
521,2024-07-29 08:30:00,66.67,67.01,66.67,66.91,102855
522,2024-07-29 08:25:00,66.6,66.7,66.58,66.68,92251
523,2024-07-29 08:20:00,66.53,66.62,66.48,66.6,55814
524,2024-07-29 08:15:00,66.35,66.53,66.33,66.53,22551
525,2024-07-29 08:10:00,66.378,66.42,66.31,66.35,32747
526,2024-07-29 08:05:00,66.61,66.65,65.7,66.37,42587
527,2024-07-29 08:00:00,66.21,66.79,65.08,66.49,560056
528,2024-07-29 07:55:00,66.44,66.47,66.38,66.399,11337
529,2024-07-29 07:50:00,66.43,66.46,66.36,66.45,26044
530,2024-07-29 07:45:00,66.4,66.48,66.38,66.43,19892
531,2024-07-29 07:40:00,66.55,66.55,66.37,66.381,118158
532,2024-07-29 07:35:00,66.49,66.59,66.47,66.56,46391
533,2024-07-29 07:30:00,66.44,66.53,66.43,66.48,48314
534,2024-07-29 07:25:00,66.33,66.45,66.32,66.42,37258
535,2024-07-29 07:20:00,66.29,66.39,66.23,66.34,43734
536,2024-07-29 07:15:00,66.27,66.281,66.19,66.281,19819
537,2024-07-29 07:10:00,66.28,66.36,66.25,66.27,26693
538,2024-07-29 07:05:00,66.25,66.32,66.23,66.27,21157
539,2024-07-29 07:00:00,66.24,66.34,66.19,66.261,113895
540,2024-07-29 06:55:00,66.27,66.34,66.23,66.24,73486
541,2024-07-29 06:50:00,66.28,66.3,66.21,66.28,7108
542,2024-07-29 06:45:00,66.28,66.32,66.27,66.28,12249
543,2024-07-29 06:40:00,66.29,66.34,66.28,66.29,19038
544,2024-07-29 06:35:00,66.33,66.33,66.28,66.3,5951
545,2024-07-29 06:30:00,66.3,66.34,66.27,66.32,33681
546,2024-07-29 06:25:00,66.24,66.3,66.23,66.29,11463
547,2024-07-29 06:20:00,66.22,66.24,66.18,66.23,11574
548,2024-07-29 06:15:00,66.14,66.23,66.08,66.22,12000
549,2024-07-29 06:10:00,66.16,66.18,66.05,66.13,12937
550,2024-07-29 06:05:00,66.11,66.17,66.1,66.15,6615
551,2024-07-29 06:00:00,66.12,66.17,66.03,66.12,14262
552,2024-07-29 05:55:00,66.11,66.15,66.09,66.11,41091
553,2024-07-29 05:50:00,66.01,66.12,66.01,66.11,15606
554,2024-07-29 05:45:00,66.03,66.05,66.01,66.01,3116
555,2024-07-29 05:40:00,66.01,66.05,65.98,66.03,13121
556,2024-07-29 05:35:00,65.93,66.02,65.93,66.01,2952
557,2024-07-29 05:30:00,65.99,66.0,65.91,65.93,12252
558,2024-07-29 05:25:00,65.96,66.0,65.85,65.99,7811
559,2024-07-29 05:20:00,65.85,65.97,65.83,65.96,8000
560,2024-07-29 05:15:00,65.84,65.91,65.8,65.85,9100
561,2024-07-29 05:10:00,65.88,65.88,65.77,65.83,28617
562,2024-07-29 05:05:00,65.92,65.96,65.83,65.87,42048
563,2024-07-29 05:00:00,65.9,65.92,65.79,65.92,86189
564,2024-07-29 04:55:00,65.82,65.95,65.81,65.89,19786
565,2024-07-29 04:50:00,65.83,65.92,65.73,65.86,17984
566,2024-07-29 04:45:00,65.81,65.87,65.71,65.84,12964
567,2024-07-29 04:40:00,65.75,65.84,65.68,65.8,41431
568,2024-07-29 04:35:00,65.96,66.0,65.73,65.75,33561
569,2024-07-29 04:30:00,66.05,66.05,65.91,65.96,20778
570,2024-07-29 04:25:00,66.08,66.08,65.97,66.04,26635
571,2024-07-29 04:20:00,66.2,66.23,66.05,66.08,38780
572,2024-07-29 04:15:00,66.19,66.25,66.15,66.19,81661
573,2024-07-29 04:10:00,66.08,66.22,66.03,66.19,67960
574,2024-07-29 04:05:00,65.89,66.08,65.84,66.08,85752
575,2024-07-29 04:00:00,65.78,66.07,65.52,65.88,218131
576,2024-07-26 19:55:00,65.25,65.26,65.1,65.16,40471
577,2024-07-26 19:50:00,65.24,65.26,65.23,65.25,9524
578,2024-07-26 19:45:00,65.23,65.25,65.23,65.23,6426
579,2024-07-26 19:40:00,65.23,65.26,65.21,65.23,13127
580,2024-07-26 19:35:00,65.21,65.23,65.2,65.23,3754
581,2024-07-26 19:30:00,65.21,65.23,65.2,65.21,8050
582,2024-07-26 19:25:00,65.23,65.23,65.2,65.21,4534
583,2024-07-26 19:20:00,65.23,65.25,65.2,65.21,1925
584,2024-07-26 19:15:00,65.23,65.26,65.2,65.25,1586
585,2024-07-26 19:10:00,65.22,65.241,65.2,65.23,11030
586,2024-07-26 19:05:00,65.22,65.24,65.2,65.23,3942
587,2024-07-26 19:00:00,65.27,65.27,65.215,65.23,2276
588,2024-07-26 18:55:00,65.22,65.26,65.22,65.26,5825
589,2024-07-26 18:50:00,65.21,65.23,65.2,65.22,2507
590,2024-07-26 18:45:00,65.21,65.21,65.2,65.21,6513
591,2024-07-26 18:40:00,65.21,65.23,65.2,65.21,5171
592,2024-07-26 18:35:00,65.21,65.23,65.2,65.21,6011
593,2024-07-26 18:30:00,65.23,65.23,65.2,65.21,1679
594,2024-07-26 18:25:00,65.17,65.24,65.17,65.22,8205
595,2024-07-26 18:20:00,65.17,65.18,65.15,65.16,11067
596,2024-07-26 18:15:00,65.161,65.18,65.15,65.15,3750
597,2024-07-26 18:10:00,65.14,65.18,65.14,65.18,9208
598,2024-07-26 18:05:00,65.14,65.15,65.13,65.14,3260
599,2024-07-26 18:00:00,65.12,65.15,65.1,65.14,710
600,2024-07-26 17:55:00,65.14,65.14,65.09,65.12,4222
601,2024-07-26 17:50:00,65.12,65.14,65.12,65.14,2717
602,2024-07-26 17:45:00,65.09,65.13,65.09,65.12,6088
603,2024-07-26 17:40:00,65.1,65.11,65.09,65.09,2460
604,2024-07-26 17:35:00,65.11,65.13,65.08,65.1,5946
605,2024-07-26 17:30:00,65.11,65.13,65.09,65.13,3187
606,2024-07-26 17:25:00,65.1,65.13,65.1,65.1,4354
607,2024-07-26 17:20:00,65.12,65.14,65.09,65.11,8870
608,2024-07-26 17:15:00,65.13,65.13,65.08,65.12,15221
609,2024-07-26 17:10:00,65.12,65.13,65.1,65.1,1996
610,2024-07-26 17:05:00,65.11,65.13,65.1,65.12,7080
611,2024-07-26 17:00:00,65.12,65.12,65.099,65.12,3602
612,2024-07-26 16:55:00,65.14,65.14,65.1,65.12,6801
613,2024-07-26 16:50:00,65.15,65.15,65.11,65.13,21078
614,2024-07-26 16:45:00,65.16,65.17,65.14,65.15,9638
615,2024-07-26 16:40:00,65.17,65.17,65.12,65.15,28642
616,2024-07-26 16:35:00,65.25,65.25,65.15,65.17,55340
617,2024-07-26 16:30:00,65.25,65.26,65.22,65.24,8380
618,2024-07-26 16:25:00,65.25,65.26,65.2,65.26,18877
619,2024-07-26 16:20:00,65.14,65.27,65.14,65.25,26511
620,2024-07-26 16:15:00,65.08,65.19,65.08,65.14,36097
621,2024-07-26 16:10:00,65.21,65.28,65.16,65.16,64116
622,2024-07-26 16:05:00,65.119,65.25,65.08,65.211,76889
623,2024-07-26 16:00:00,65.15,65.24,65.05,65.1,512781
624,2024-07-26 15:55:00,64.59,65.2,64.42,65.15,1706140
625,2024-07-26 15:50:00,65.15,65.26,64.55,64.57,1488568
626,2024-07-26 15:45:00,65.23,65.265,65.01,65.14,867500
627,2024-07-26 15:40:00,64.78,65.235,64.75,65.23,974437
628,2024-07-26 15:35:00,64.53,64.796,64.46,64.765,692996
629,2024-07-26 15:30:00,65.205,65.21,64.44,64.54,833437
630,2024-07-26 15:25:00,64.98,65.28,64.94,65.2,861623
631,2024-07-26 15:20:00,64.58,64.99,64.54,64.98,659256
632,2024-07-26 15:15:00,64.67,64.75,64.445,64.59,439139
633,2024-07-26 15:10:00,64.73,64.87,64.61,64.675,746636
634,2024-07-26 15:05:00,64.525,64.78,64.42,64.746,576421
635,2024-07-26 15:00:00,64.67,64.69,64.47,64.525,448768
636,2024-07-26 14:55:00,64.74,64.86,64.6,64.67,416920
637,2024-07-26 14:50:00,65.06,65.11,64.691,64.73,474043
638,2024-07-26 14:45:00,65.02,65.097,64.8,65.05,440126
639,2024-07-26 14:40:00,65.24,65.266,64.56,65.04,989067
640,2024-07-26 14:35:00,65.275,65.36,65.11,65.23,247430
641,2024-07-26 14:30:00,65.15,65.305,65.08,65.261,315555
642,2024-07-26 14:25:00,65.28,65.4,65.14,65.145,355022
643,2024-07-26 14:20:00,65.08,65.31,65.02,65.28,296602
644,2024-07-26 14:15:00,65.38,65.529,65.07,65.074,502869
645,2024-07-26 14:10:00,65.46,65.595,65.361,65.375,423255
646,2024-07-26 14:05:00,65.3,65.5,65.21,65.455,326739
647,2024-07-26 14:00:00,65.33,65.515,65.22,65.3,750537
648,2024-07-26 13:55:00,65.37,65.38,65.206,65.33,434752
649,2024-07-26 13:50:00,65.21,65.405,65.02,65.38,618140
650,2024-07-26 13:45:00,65.24,65.585,65.07,65.185,1149459
651,2024-07-26 13:40:00,64.93,65.25,64.885,65.241,793585
652,2024-07-26 13:35:00,65.69,65.69,64.88,64.94,1573322
653,2024-07-26 13:30:00,66.27,66.305,65.64,65.7,788116
654,2024-07-26 13:25:00,66.12,66.34,66.09,66.27,422981
655,2024-07-26 13:20:00,66.2,66.215,66.061,66.105,225744
656,2024-07-26 13:15:00,66.01,66.247,66.0,66.18,282353
657,2024-07-26 13:10:00,65.95,66.2,65.95,66.02,388287
658,2024-07-26 13:05:00,66.22,66.275,65.92,65.945,606175
659,2024-07-26 13:00:00,66.14,66.28,65.97,66.214,738470
660,2024-07-26 12:55:00,66.12,66.25,66.03,66.131,545578
661,2024-07-26 12:50:00,66.06,66.24,66.0,66.11,476681
662,2024-07-26 12:45:00,66.13,66.255,65.94,66.059,860298
663,2024-07-26 12:40:00,65.84,66.17,65.81,66.13,647814
664,2024-07-26 12:35:00,65.845,65.91,65.66,65.84,555511
665,2024-07-26 12:30:00,65.682,65.98,65.682,65.85,648232
666,2024-07-26 12:25:00,65.63,65.86,65.605,65.681,605124
667,2024-07-26 12:20:00,65.53,65.68,65.44,65.62,415358
668,2024-07-26 12:15:00,65.49,65.63,65.41,65.54,444483
669,2024-07-26 12:10:00,65.67,65.76,65.385,65.485,753007
670,2024-07-26 12:05:00,65.49,65.69,65.445,65.675,753283
671,2024-07-26 12:00:00,65.22,65.5,65.15,65.49,758510
672,2024-07-26 11:55:00,65.12,65.285,65.03,65.218,582063
673,2024-07-26 11:50:00,65.265,65.31,65.041,65.115,678945
674,2024-07-26 11:45:00,64.98,65.273,64.94,65.26,648749
675,2024-07-26 11:40:00,64.812,65.019,64.66,64.983,571957
676,2024-07-26 11:35:00,64.51,64.84,64.361,64.82,562343
677,2024-07-26 11:30:00,64.46,64.76,64.46,64.52,377376
678,2024-07-26 11:25:00,64.57,64.706,64.28,64.46,464770
679,2024-07-26 11:20:00,64.4,64.6,64.3,64.57,316732
680,2024-07-26 11:15:00,64.661,64.67,64.35,64.41,460473
681,2024-07-26 11:10:00,64.78,64.84,64.49,64.66,578720
682,2024-07-26 11:05:00,64.74,64.98,64.6,64.77,784637
683,2024-07-26 11:00:00,64.65,64.84,64.53,64.745,803266
684,2024-07-26 10:55:00,64.09,64.71,64.02,64.64,825823
685,2024-07-26 10:50:00,64.07,64.25,63.95,64.08,698416
686,2024-07-26 10:45:00,64.08,64.248,63.78,64.07,876333
687,2024-07-26 10:40:00,64.08,64.455,63.911,64.08,907175
688,2024-07-26 10:35:00,64.02,64.36,63.9,64.06,962436
689,2024-07-26 10:30:00,64.74,64.85,64.0,64.005,1817967
690,2024-07-26 10:25:00,64.84,65.28,64.72,64.74,1577930
691,2024-07-26 10:20:00,64.29,64.88,64.29,64.82,878011
692,2024-07-26 10:15:00,64.255,64.57,64.02,64.285,931476
693,2024-07-26 10:10:00,63.97,64.63,63.96,64.24,1393562
694,2024-07-26 10:05:00,64.45,64.55,63.83,63.97,1463630
695,2024-07-26 10:00:00,64.68,65.09,64.41,64.46,1976739
696,2024-07-26 09:55:00,64.12,64.76,64.09,64.69,1071404
697,2024-07-26 09:50:00,63.99,64.5,63.98,64.131,1232969
698,2024-07-26 09:45:00,64.75,64.825,63.981,64.0,1344492
699,2024-07-26 09:40:00,64.68,64.78,64.16,64.73,1323795
700,2024-07-26 09:35:00,64.34,64.81,64.29,64.68,1712932
701,2024-07-26 09:30:00,65.0,65.02,64.26,64.345,2234001
702,2024-07-26 09:25:00,65.05,65.2,64.97,65.01,179092
703,2024-07-26 09:20:00,64.96,65.1,64.95,65.038,81446
704,2024-07-26 09:15:00,65.02,65.07,64.93,64.96,93748
705,2024-07-26 09:10:00,65.1,65.11,65.0,65.02,94143
706,2024-07-26 09:05:00,65.049,65.505,64.435,65.08,110264
707,2024-07-26 09:00:00,65.16,65.16,65.03,65.05,123358
708,2024-07-26 08:55:00,65.14,65.17,65.02,65.14,115254
709,2024-07-26 08:50:00,65.02,65.24,65.0,65.13,183623
710,2024-07-26 08:45:00,65.16,65.16,64.96,65.04,273301
711,2024-07-26 08:40:00,65.32,65.41,65.03,65.15,191881
712,2024-07-26 08:35:00,65.2,65.31,65.09,65.31,196895
713,2024-07-26 08:30:00,65.42,65.8,65.17,65.19,520278
714,2024-07-26 08:25:00,65.48,65.5,65.38,65.42,147646
715,2024-07-26 08:20:00,65.41,65.49,65.36,65.479,106930
716,2024-07-26 08:15:00,65.47,65.48,65.39,65.411,113286
717,2024-07-26 08:10:00,65.54,65.56,65.47,65.47,71239
718,2024-07-26 08:05:00,65.48,65.58,65.48,65.54,45979
719,2024-07-26 08:00:00,65.26,65.571,63.27,65.49,544065
720,2024-07-26 07:55:00,65.5,65.51,65.45,65.49,26954
721,2024-07-26 07:50:00,65.45,65.51,65.41,65.49,59251
722,2024-07-26 07:45:00,65.36,65.48,65.36,65.46,45958
723,2024-07-26 07:40:00,65.33,65.39,65.32,65.36,44465
724,2024-07-26 07:35:00,65.26,65.32,65.26,65.32,17247
725,2024-07-26 07:30:00,65.28,65.33,65.27,65.27,16391
726,2024-07-26 07:25:00,65.21,65.28,65.13,65.28,18819
727,2024-07-26 07:20:00,65.14,65.21,65.08,65.2,22671
728,2024-07-26 07:15:00,65.19,65.2,65.11,65.13,19479
729,2024-07-26 07:10:00,65.16,65.27,65.16,65.19,31173
730,2024-07-26 07:05:00,65.03,65.19,65.021,65.16,33136
731,2024-07-26 07:00:00,65.04,65.1,64.92,65.04,123616
732,2024-07-26 06:55:00,65.16,65.16,65.01,65.05,11615
733,2024-07-26 06:50:00,65.15,65.19,65.11,65.16,9709
734,2024-07-26 06:45:00,65.18,65.2,65.1,65.14,11468
735,2024-07-26 06:40:00,65.23,65.28,65.17,65.17,10772
736,2024-07-26 06:35:00,65.3,65.31,65.19,65.23,19537
737,2024-07-26 06:30:00,65.14,65.36,65.12,65.27,89754
738,2024-07-26 06:25:00,65.07,65.2,65.07,65.14,104588
739,2024-07-26 06:20:00,65.23,65.26,65.06,65.08,18559
740,2024-07-26 06:15:00,65.26,65.31,65.23,65.23,33110
741,2024-07-26 06:10:00,65.32,65.32,65.22,65.25,13312
742,2024-07-26 06:05:00,65.26,65.34,65.24,65.32,21364
743,2024-07-26 06:00:00,65.31,65.35,65.2,65.25,15805
744,2024-07-26 05:55:00,65.33,65.35,65.23,65.3,12714
745,2024-07-26 05:50:00,65.27,65.37,65.25,65.32,12757
746,2024-07-26 05:45:00,65.25,65.33,65.24,65.28,7720
747,2024-07-26 05:40:00,65.38,65.38,65.23,65.26,14606
748,2024-07-26 05:35:00,65.28,65.41,65.27,65.39,32312
749,2024-07-26 05:30:00,65.21,65.32,65.21,65.28,16882
750,2024-07-26 05:25:00,65.3,65.35,65.17,65.22,19128
751,2024-07-26 05:20:00,65.37,65.38,65.22,65.3,61442
752,2024-07-26 05:15:00,65.4,65.48,65.37,65.37,119677
753,2024-07-26 05:10:00,65.25,65.43,65.2,65.37,43735
754,2024-07-26 05:05:00,65.35,65.36,65.24,65.24,46136
755,2024-07-26 05:00:00,65.57,65.58,65.29,65.36,93112
756,2024-07-26 04:55:00,65.18,65.57,65.18,65.57,36372
757,2024-07-26 04:50:00,65.15,65.2,65.07,65.18,18030
758,2024-07-26 04:45:00,65.06,65.15,65.02,65.14,19814
759,2024-07-26 04:40:00,65.07,65.2,64.98,65.05,21282
760,2024-07-26 04:35:00,64.96,65.08,64.9,65.07,23375
761,2024-07-26 04:30:00,65.06,65.11,64.94,64.97,27808
762,2024-07-26 04:25:00,65.06,65.12,64.95,65.06,31226
763,2024-07-26 04:20:00,65.06,65.08,64.93,65.04,28114
764,2024-07-26 04:15:00,64.94,65.13,64.93,65.06,28067
765,2024-07-26 04:10:00,64.91,65.05,64.84,64.93,66222
766,2024-07-26 04:05:00,64.73,64.96,64.69,64.92,84184
767,2024-07-26 04:00:00,64.88,64.98,64.52,64.72,141609
768,2024-07-25 19:55:00,63.58,63.61,63.57,63.6,24330
769,2024-07-25 19:50:00,63.58,63.59,63.54,63.58,18376
770,2024-07-25 19:45:00,63.59,63.6,63.58,63.58,11931
771,2024-07-25 19:40:00,63.6,63.61,63.59,63.595,24911
772,2024-07-25 19:35:00,63.58,63.6,63.56,63.59,35616
773,2024-07-25 19:30:00,63.59,63.59,63.57,63.59,14158
774,2024-07-25 19:25:00,63.59,63.61,63.57,63.585,14408
775,2024-07-25 19:20:00,63.45,63.6,63.42,63.6,23376
776,2024-07-25 19:15:00,63.46,63.46,63.43,63.44,17854
777,2024-07-25 19:10:00,63.51,63.51,63.45,63.46,18997
778,2024-07-25 19:05:00,63.47,63.52,63.47,63.51,5925
779,2024-07-25 19:00:00,63.45,63.5,63.45,63.48,11440
780,2024-07-25 18:55:00,63.45,63.46,63.44,63.459,30010
781,2024-07-25 18:50:00,63.56,63.56,63.42,63.45,25326
782,2024-07-25 18:45:00,63.58,63.59,63.54,63.55,11277
783,2024-07-25 18:40:00,63.59,63.6,63.57,63.58,7444
784,2024-07-25 18:35:00,63.6,63.64,63.58,63.6,12934
785,2024-07-25 18:30:00,63.56,63.615,63.5,63.615,21468
786,2024-07-25 18:25:00,63.62,63.62,63.55,63.56,35937
787,2024-07-25 18:20:00,63.609,63.63,63.609,63.62,15440
788,2024-07-25 18:15:00,63.65,63.68,63.6,63.61,57702
789,2024-07-25 18:10:00,63.51,63.66,63.51,63.64,12197
790,2024-07-25 18:05:00,63.6,63.65,63.429,63.5,29592
791,2024-07-25 18:00:00,63.28,63.67,63.27,63.6,35405
792,2024-07-25 17:55:00,63.27,63.27,63.26,63.27,12338
793,2024-07-25 17:50:00,63.27,63.27,63.26,63.27,10515
794,2024-07-25 17:45:00,63.23,63.29,63.23,63.27,49014
795,2024-07-25 17:40:00,63.24,63.25,63.22,63.23,14820
796,2024-07-25 17:35:00,63.16,63.26,63.16,63.25,9901
797,2024-07-25 17:30:00,63.11,63.15,63.108,63.14,14408
798,2024-07-25 17:25:00,63.13,63.13,63.11,63.12,15385
799,2024-07-25 17:20:00,63.15,63.15,63.11,63.129,9241
800,2024-07-25 17:15:00,63.18,63.18,63.14,63.15,10467
801,2024-07-25 17:10:00,63.19,63.2,63.15,63.18,15063
802,2024-07-25 17:05:00,63.19,63.2,63.14,63.185,20357
803,2024-07-25 17:00:00,63.27,63.29,63.17,63.2,10830
804,2024-07-25 16:55:00,63.17,63.28,63.15,63.27,54415
805,2024-07-25 16:50:00,63.18,63.21,63.131,63.16,13580
806,2024-07-25 16:45:00,63.02,63.22,63.02,63.189,54558
807,2024-07-25 16:40:00,63.05,63.06,62.94,63.02,87033
808,2024-07-25 16:35:00,63.05,63.06,63.0,63.05,91600
809,2024-07-25 16:30:00,63.15,63.181,63.05,63.05,56533
810,2024-07-25 16:25:00,63.12,63.16,63.05,63.14,48288
811,2024-07-25 16:20:00,63.1,63.21,63.03,63.14,98789
812,2024-07-25 16:15:00,63.34,63.36,63.05,63.09,90043
813,2024-07-25 16:10:00,63.05,63.39,63.02,63.35,169407
814,2024-07-25 16:05:00,62.909,63.08,62.82,63.06,187723
815,2024-07-25 16:00:00,63.25,63.4,62.77,62.9,1186790
816,2024-07-25 15:55:00,63.54,63.7,63.18,63.25,2136258
817,2024-07-25 15:50:00,64.47,64.47,63.5,63.54,1668329
818,2024-07-25 15:45:00,64.61,64.64,64.08,64.46,1197345
819,2024-07-25 15:40:00,64.85,64.918,64.54,64.61,562095
820,2024-07-25 15:35:00,65.3,65.345,64.69,64.87,656244
821,2024-07-25 15:30:00,65.54,65.62,65.16,65.298,705615
822,2024-07-25 15:25:00,65.37,65.835,65.35,65.54,875200
823,2024-07-25 15:20:00,64.915,65.5,64.811,65.376,728053
824,2024-07-25 15:15:00,64.82,64.99,64.645,64.905,533573
825,2024-07-25 15:10:00,64.82,64.95,64.6,64.825,477039
826,2024-07-25 15:05:00,64.78,65.01,64.76,64.82,500372
827,2024-07-25 15:00:00,64.64,65.1,64.63,64.79,726371
828,2024-07-25 14:55:00,64.54,64.86,64.46,64.65,767875
829,2024-07-25 14:50:00,64.7,64.92,64.48,64.55,743811
830,2024-07-25 14:45:00,65.22,65.26,64.65,64.67,1095026
831,2024-07-25 14:40:00,65.5,65.57,65.14,65.22,575927
832,2024-07-25 14:35:00,65.81,65.84,65.33,65.535,498966
833,2024-07-25 14:30:00,65.59,65.837,65.55,65.837,383967
834,2024-07-25 14:25:00,65.33,65.74,65.31,65.6,382961
835,2024-07-25 14:20:00,65.73,65.75,65.29,65.33,433530
836,2024-07-25 14:15:00,65.69,65.768,65.54,65.73,361059
837,2024-07-25 14:10:00,65.66,65.865,65.54,65.68,489861
838,2024-07-25 14:05:00,65.97,66.04,65.63,65.65,766093
839,2024-07-25 14:00:00,66.31,66.35,65.93,65.96,507424
840,2024-07-25 13:55:00,66.105,66.44,66.0,66.3,606485
841,2024-07-25 13:50:00,66.13,66.26,65.984,66.13,461703
842,2024-07-25 13:45:00,66.25,66.295,65.88,66.16,635160
843,2024-07-25 13:40:00,66.205,66.33,66.13,66.24,642443
844,2024-07-25 13:35:00,66.03,66.24,65.93,66.19,624502
845,2024-07-25 13:30:00,66.05,66.16,65.85,66.03,458008
846,2024-07-25 13:25:00,65.94,66.25,65.905,66.04,698010
847,2024-07-25 13:20:00,66.38,66.53,65.87,65.935,956079
848,2024-07-25 13:15:00,66.84,66.885,66.29,66.37,817208
849,2024-07-25 13:10:00,67.18,67.34,66.75,66.84,997855
850,2024-07-25 13:05:00,67.04,67.245,66.94,67.185,950218
851,2024-07-25 13:00:00,66.77,67.27,66.66,67.06,1298772
852,2024-07-25 12:55:00,66.54,66.84,66.48,66.76,634129
853,2024-07-25 12:50:00,66.66,66.778,66.425,66.535,553406
854,2024-07-25 12:45:00,66.911,66.99,66.51,66.65,759755
855,2024-07-25 12:40:00,66.77,67.02,66.76,66.9,830886
856,2024-07-25 12:35:00,66.96,66.96,66.66,66.79,582136
857,2024-07-25 12:30:00,66.85,67.024,66.56,66.952,854559
858,2024-07-25 12:25:00,66.887,66.91,66.6,66.83,859817
859,2024-07-25 12:20:00,66.46,66.97,66.325,66.89,1379033
860,2024-07-25 12:15:00,66.29,66.47,66.13,66.47,1133921
861,2024-07-25 12:10:00,65.74,66.3,62.77,66.29,737483
862,2024-07-25 12:05:00,66.035,66.035,65.3,65.75,975714
863,2024-07-25 12:00:00,65.74,66.15,65.61,66.035,907916
864,2024-07-25 11:55:00,65.44,65.76,65.15,65.74,695553
865,2024-07-25 11:50:00,65.11,65.53,65.092,65.45,760161
866,2024-07-25 11:45:00,65.14,65.36,65.03,65.1,881599
867,2024-07-25 11:40:00,65.6,65.6,64.8,65.13,1104725
868,2024-07-25 11:35:00,65.405,65.62,65.23,65.62,689022
869,2024-07-25 11:30:00,65.41,65.54,65.12,65.41,860196
870,2024-07-25 11:25:00,65.58,65.58,65.21,65.417,897763
871,2024-07-25 11:20:00,65.77,65.79,65.27,65.583,1341133
872,2024-07-25 11:15:00,65.856,66.19,65.76,65.765,1604986
873,2024-07-25 11:10:00,65.175,65.9,65.13,65.86,1688812
874,2024-07-25 11:05:00,65.03,65.3,64.89,65.15,915874
875,2024-07-25 11:00:00,65.56,65.57,64.91,65.03,1336455
876,2024-07-25 10:55:00,65.3,65.56,65.021,65.54,1103768
877,2024-07-25 10:50:00,65.079,65.53,64.99,65.31,1775532
878,2024-07-25 10:45:00,64.77,65.07,64.59,65.07,1638117
879,2024-07-25 10:40:00,64.31,64.81,64.11,64.77,1541640
880,2024-07-25 10:35:00,64.235,64.53,64.11,64.323,1368447
881,2024-07-25 10:30:00,64.13,64.33,63.76,64.24,1742913
882,2024-07-25 10:25:00,63.83,64.229,63.64,64.12,1768279
883,2024-07-25 10:20:00,63.38,63.86,63.13,63.86,1759880
884,2024-07-25 10:15:00,62.57,63.48,62.509,63.4,2467421
885,2024-07-25 10:10:00,62.67,62.79,62.13,62.58,2582600
886,2024-07-25 10:05:00,63.18,63.66,62.46,62.66,2967454
887,2024-07-25 10:00:00,63.63,63.74,63.03,63.18,2360646
888,2024-07-25 09:55:00,64.36,64.389,63.51,63.645,2331815
889,2024-07-25 09:50:00,64.72,64.83,64.23,64.35,1431935
890,2024-07-25 09:45:00,64.815,65.08,64.41,64.7,1683367
891,2024-07-25 09:40:00,64.72,65.43,64.559,64.83,1879550
892,2024-07-25 09:35:00,64.96,65.03,64.45,64.71,1926692
893,2024-07-25 09:30:00,65.56,65.65,64.75,64.96,2470795
894,2024-07-25 09:25:00,65.8,65.8,65.55,65.57,98909
895,2024-07-25 09:20:00,65.79,65.84,65.71,65.83,105995
896,2024-07-25 09:15:00,65.63,65.79,65.521,65.771,116544
897,2024-07-25 09:10:00,65.52,65.67,65.47,65.63,110154
898,2024-07-25 09:05:00,65.29,65.57,65.14,65.5,85557
899,2024-07-25 09:00:00,65.74,65.74,65.289,65.289,116419
900,2024-07-25 08:55:00,65.69,65.74,65.54,65.73,107682
901,2024-07-25 08:50:00,65.39,69.5,65.165,65.7,121723
902,2024-07-25 08:45:00,65.44,65.53,65.39,65.39,72691
903,2024-07-25 08:40:00,65.48,65.59,65.36,65.42,168836
904,2024-07-25 08:35:00,64.858,65.61,64.819,65.46,310739
905,2024-07-25 08:30:00,64.69,65.2,64.34,64.85,210270
906,2024-07-25 08:25:00,64.66,64.72,64.59,64.65,69402
907,2024-07-25 08:20:00,64.881,64.881,64.62,64.638,41514
908,2024-07-25 08:15:00,64.78,64.9,64.7,64.88,42910
909,2024-07-25 08:10:00,64.899,64.91,64.78,64.79,39912
910,2024-07-25 08:05:00,64.96,65.01,64.88,64.88,46047
911,2024-07-25 08:00:00,65.0,66.18,63.989,64.96,690622
912,2024-07-25 07:55:00,64.8,64.84,64.65,64.671,32823
913,2024-07-25 07:50:00,64.94,64.98,64.73,64.81,26014
914,2024-07-25 07:45:00,65.12,65.24,64.84,64.92,70526
915,2024-07-25 07:40:00,65.14,65.21,65.05,65.12,27449
916,2024-07-25 07:35:00,65.16,65.26,64.96,65.13,47823
917,2024-07-25 07:30:00,65.0,65.16,64.94,65.15,54075
918,2024-07-25 07:25:00,65.15,65.15,64.94,65.01,92842
919,2024-07-25 07:20:00,65.329,65.38,65.13,65.139,47158
920,2024-07-25 07:15:00,65.28,65.4,65.15,65.33,45317
921,2024-07-25 07:10:00,65.35,65.35,65.25,65.27,52856
922,2024-07-25 07:05:00,65.14,65.45,65.11,65.36,60857
923,2024-07-25 07:00:00,64.96,65.14,64.95,65.14,100407
924,2024-07-25 06:55:00,64.77,65.05,64.77,64.97,33431
925,2024-07-25 06:50:00,64.63,64.8,64.61,64.78,27855
926,2024-07-25 06:45:00,64.51,64.81,64.51,64.63,25105
927,2024-07-25 06:40:00,64.54,64.63,64.47,64.49,17621
928,2024-07-25 06:35:00,64.73,64.83,64.49,64.53,20058
929,2024-07-25 06:30:00,64.42,64.84,64.37,64.75,28949
930,2024-07-25 06:25:00,64.81,64.85,64.41,64.41,20515
931,2024-07-25 06:20:00,64.45,64.89,64.42,64.81,28403
932,2024-07-25 06:15:00,64.41,64.52,64.32,64.48,32789
933,2024-07-25 06:10:00,64.69,64.72,64.42,64.42,21613
934,2024-07-25 06:05:00,64.69,64.81,64.64,64.69,13374
935,2024-07-25 06:00:00,64.81,65.01,64.63,64.68,21258
936,2024-07-25 05:55:00,64.81,64.87,64.71,64.8,45449
937,2024-07-25 05:50:00,65.01,65.06,64.81,64.85,11193
938,2024-07-25 05:45:00,65.02,65.04,64.79,65.0,20906
939,2024-07-25 05:40:00,65.02,65.18,65.0,65.01,12089
940,2024-07-25 05:35:00,65.24,65.24,64.98,65.02,26457
941,2024-07-25 05:30:00,65.2,65.41,65.19,65.25,30853
942,2024-07-25 05:25:00,65.11,65.23,65.01,65.21,20113
943,2024-07-25 05:20:00,65.23,65.34,65.07,65.11,27781
944,2024-07-25 05:15:00,65.26,65.3,65.17,65.23,26962
945,2024-07-25 05:10:00,65.7,65.7,65.27,65.27,31639
946,2024-07-25 05:05:00,65.36,65.74,65.34,65.71,50908
947,2024-07-25 05:00:00,65.35,65.46,65.33,65.37,119523
948,2024-07-25 04:55:00,65.24,65.42,65.22,65.36,32258
949,2024-07-25 04:50:00,64.97,65.32,64.96,65.24,40824
950,2024-07-25 04:45:00,65.1,65.11,64.88,65.0,16552
951,2024-07-25 04:40:00,64.9,65.24,64.9,65.09,52586
952,2024-07-25 04:35:00,65.07,65.07,64.71,64.91,42568
953,2024-07-25 04:30:00,64.75,65.07,64.71,65.07,76517
954,2024-07-25 04:25:00,64.28,64.81,64.18,64.75,121931
955,2024-07-25 04:20:00,64.0,64.33,64.0,64.26,80820
956,2024-07-25 04:15:00,64.22,64.26,63.97,63.99,183690
957,2024-07-25 04:10:00,64.32,64.54,64.22,64.22,64643
958,2024-07-25 04:05:00,64.81,64.89,64.29,64.31,106034
959,2024-07-25 04:00:00,65.33,65.68,64.72,64.79,169449
960,2024-07-24 19:55:00,66.13,66.16,66.09,66.1,28300
961,2024-07-24 19:50:00,66.11,66.18,66.11,66.13,26392
962,2024-07-24 19:45:00,66.1,66.14,66.06,66.11,75880
963,2024-07-24 19:40:00,66.14,66.14,66.06,66.1,21215
964,2024-07-24 19:35:00,66.12,66.19,66.12,66.149,19603
965,2024-07-24 19:30:00,66.16,66.169,66.09,66.13,40741
966,2024-07-24 19:25:00,66.19,66.2,66.14,66.15,13039
967,2024-07-24 19:20:00,66.249,66.26,66.19,66.19,14377
968,2024-07-24 19:15:00,66.09,66.26,66.09,66.25,37738
969,2024-07-24 19:10:00,66.11,66.11,66.07,66.09,63303
970,2024-07-24 19:05:00,66.05,66.11,66.02,66.11,8788
971,2024-07-24 19:00:00,66.17,66.19,66.01,66.03,66348
972,2024-07-24 18:55:00,66.19,66.21,66.1,66.17,16457
973,2024-07-24 18:50:00,66.19,66.24,66.15,66.19,10093
974,2024-07-24 18:45:00,66.28,66.28,66.18,66.22,36771
975,2024-07-24 18:40:00,66.26,66.31,66.25,66.28,23601
976,2024-07-24 18:35:00,66.27,66.3,66.23,66.255,29172
977,2024-07-24 18:30:00,66.17,66.27,66.16,66.26,18617
978,2024-07-24 18:25:00,66.24,66.25,66.17,66.18,15165
979,2024-07-24 18:20:00,66.39,66.4,66.2,66.25,31839
980,2024-07-24 18:15:00,66.24,66.43,66.24,66.4,53209
981,2024-07-24 18:10:00,66.18,66.24,66.171,66.24,27576
982,2024-07-24 18:05:00,66.09,66.2,66.08,66.18,23585
983,2024-07-24 18:00:00,65.95,66.15,65.95,66.09,40424
984,2024-07-24 17:55:00,65.91,65.94,65.896,65.94,22459
985,2024-07-24 17:50:00,65.89,65.929,65.89,65.91,21223
986,2024-07-24 17:45:00,65.89,65.9,65.88,65.88,14686
987,2024-07-24 17:40:00,65.88,65.89,65.88,65.89,12482
988,2024-07-24 17:35:00,65.89,65.9,65.87,65.89,16611
989,2024-07-24 17:30:00,65.98,65.98,65.85,65.89,27911
990,2024-07-24 17:25:00,65.95,65.98,65.95,65.98,22395
991,2024-07-24 17:20:00,65.98,66.01,65.95,65.96,21999
992,2024-07-24 17:15:00,66.01,66.01,65.95,65.98,19240
993,2024-07-24 17:10:00,66.073,66.09,65.98,66.01,18014
994,2024-07-24 17:05:00,66.09,66.1,66.06,66.09,37424
995,2024-07-24 17:00:00,66.08,66.13,66.06,66.09,22006
996,2024-07-24 16:55:00,65.99,66.08,65.95,66.07,24611
997,2024-07-24 16:50:00,66.1,66.1,65.97,65.99,63165
998,2024-07-24 16:45:00,66.06,66.15,66.06,66.11,69921
999,2024-07-24 16:40:00,66.06,66.07,66.0,66.07,72695
1000,2024-07-24 16:35:00,66.06,66.09,66.04,66.06,57427
1001,2024-07-24 16:30:00,66.02,66.1,65.99,66.06,90614
1002,2024-07-24 16:25:00,66.015,66.08,65.98,66.029,87353
1003,2024-07-24 16:20:00,65.83,66.04,65.75,66.01,144163
1004,2024-07-24 16:15:00,65.98,66.01,65.45,65.81,153077
1005,2024-07-24 16:10:00,65.91,66.09,65.83,65.98,215567
1006,2024-07-24 16:05:00,65.479,65.95,65.46,65.88,179035
1007,2024-07-24 16:00:00,65.43,65.62,65.28,65.47,919272
1008,2024-07-24 15:55:00,65.19,65.53,65.045,65.43,2879773
1009,2024-07-24 15:50:00,66.23,66.39,65.171,65.18,3454991
1010,2024-07-24 15:45:00,66.21,66.36,66.0,66.21,1248411
1011,2024-07-24 15:40:00,66.28,66.58,66.199,66.208,1476316
1012,2024-07-24 15:35:00,66.14,66.36,66.015,66.27,1415041
1013,2024-07-24 15:30:00,65.599,66.175,65.54,66.147,1157621
1014,2024-07-24 15:25:00,65.866,65.88,65.53,65.6,789071
1015,2024-07-24 15:20:00,65.71,65.88,65.67,65.86,543127
1016,2024-07-24 15:15:00,65.82,65.921,65.64,65.704,686367
1017,2024-07-24 15:10:00,65.82,65.86,65.71,65.83,559249
1018,2024-07-24 15:05:00,65.84,65.91,65.64,65.815,662598
1019,2024-07-24 15:00:00,65.93,66.015,65.71,65.83,974665
1020,2024-07-24 14:55:00,65.745,65.97,65.73,65.93,857152
1021,2024-07-24 14:50:00,65.82,65.87,65.68,65.75,920628
1022,2024-07-24 14:45:00,66.08,66.24,65.78,65.825,1171328
1023,2024-07-24 14:40:00,66.46,66.5,66.064,66.09,956301
1024,2024-07-24 14:35:00,66.33,66.49,66.31,66.46,564976
1025,2024-07-24 14:30:00,66.4,66.5,66.3,66.32,472235
1026,2024-07-24 14:25:00,66.46,66.62,66.375,66.4,444991
1027,2024-07-24 14:20:00,66.65,66.66,66.34,66.46,847371
1028,2024-07-24 14:15:00,66.77,66.84,66.57,66.64,456094
1029,2024-07-24 14:10:00,66.63,66.81,66.59,66.77,364901
1030,2024-07-24 14:05:00,66.58,66.77,66.54,66.63,477761
1031,2024-07-24 14:00:00,66.73,66.8,66.56,66.572,544680
1032,2024-07-24 13:55:00,66.81,66.87,66.69,66.722,475140
1033,2024-07-24 13:50:00,66.945,66.965,66.791,66.81,680731
1034,2024-07-24 13:45:00,67.24,67.265,66.92,66.94,508736
1035,2024-07-24 13:40:00,67.22,67.335,67.193,67.24,375031
1036,2024-07-24 13:35:00,67.14,67.275,67.07,67.21,471852
1037,2024-07-24 13:30:00,67.04,67.166,66.87,67.15,656563
1038,2024-07-24 13:25:00,67.15,67.2,67.01,67.03,387085
1039,2024-07-24 13:20:00,67.21,67.39,67.03,67.155,1027151
1040,2024-07-24 13:15:00,67.13,67.26,67.04,67.22,685378
1041,2024-07-24 13:10:00,67.08,67.2,67.03,67.13,655128
1042,2024-07-24 13:05:00,66.69,67.09,66.69,67.08,765063
1043,2024-07-24 13:00:00,66.74,66.87,66.62,66.69,580571
1044,2024-07-24 12:55:00,66.731,66.895,66.705,66.74,516925
1045,2024-07-24 12:50:00,66.93,66.935,66.69,66.74,564049
1046,2024-07-24 12:45:00,66.665,67.02,66.6,66.93,1065644
1047,2024-07-24 12:40:00,66.84,66.85,66.6,66.66,767230
1048,2024-07-24 12:35:00,67.005,67.1,66.81,66.84,580740
1049,2024-07-24 12:30:00,66.85,67.06,66.74,67.01,708482
1050,2024-07-24 12:25:00,67.075,67.09,66.82,66.85,683130
1051,2024-07-24 12:20:00,67.11,67.19,67.0,67.065,395539
1052,2024-07-24 12:15:00,67.09,67.25,66.99,67.13,791993
1053,2024-07-24 12:10:00,66.85,67.11,66.829,67.08,792479
1054,2024-07-24 12:05:00,67.03,67.05,66.752,66.849,927938
1055,2024-07-24 12:00:00,67.17,67.22,66.96,67.03,1025444
1056,2024-07-24 11:55:00,67.58,67.589,67.15,67.17,877914
1057,2024-07-24 11:50:00,67.37,67.63,67.32,67.575,565649
1058,2024-07-24 11:45:00,67.45,67.485,67.35,67.38,518085
1059,2024-07-24 11:40:00,67.65,67.65,67.41,67.455,667584
1060,2024-07-24 11:35:00,67.6,67.77,67.5,67.66,679706
1061,2024-07-24 11:30:00,67.56,67.78,67.54,67.61,842911
1062,2024-07-24 11:25:00,67.31,67.655,67.284,67.56,848109
1063,2024-07-24 11:20:00,67.57,67.617,67.285,67.31,737691
1064,2024-07-24 11:15:00,67.675,67.685,67.48,67.57,780278
1065,2024-07-24 11:10:00,67.85,67.85,67.62,67.661,783159
1066,2024-07-24 11:05:00,67.875,67.911,67.71,67.855,734703
1067,2024-07-24 11:00:00,68.01,68.095,67.861,67.89,648931
1068,2024-07-24 10:55:00,67.8,68.05,67.8,68.02,711075
1069,2024-07-24 10:50:00,67.96,68.0,67.75,67.8,659243
1070,2024-07-24 10:45:00,68.17,68.23,67.865,67.97,1056574
1071,2024-07-24 10:40:00,68.201,68.34,68.11,68.153,617900
1072,2024-07-24 10:35:00,68.44,68.61,68.16,68.21,1059712
1073,2024-07-24 10:30:00,68.56,68.69,68.4,68.447,885504
1074,2024-07-24 10:25:00,68.54,68.75,68.39,68.56,1002213
1075,2024-07-24 10:20:00,68.47,68.68,68.38,68.53,1026737
1076,2024-07-24 10:15:00,68.45,68.68,68.38,68.46,1028796
1077,2024-07-24 10:10:00,68.845,68.95,68.34,68.46,1298156
1078,2024-07-24 10:05:00,68.67,68.9,68.65,68.86,836366
1079,2024-07-24 10:00:00,68.84,68.96,68.54,68.67,1643965
1080,2024-07-24 09:55:00,69.14,69.215,68.72,68.84,1538006
1081,2024-07-24 09:50:00,69.27,69.36,69.04,69.14,1062584
1082,2024-07-24 09:45:00,69.16,69.38,68.95,69.275,2008326
1083,2024-07-24 09:40:00,69.08,69.37,69.02,69.15,1583154
1084,2024-07-24 09:35:00,69.61,69.65,69.0,69.108,2014376
1085,2024-07-24 09:30:00,70.23,70.38,69.59,69.6,2999972
1086,2024-07-24 09:25:00,70.11,70.31,70.05,70.228,140622
1087,2024-07-24 09:20:00,70.28,70.37,70.1,70.13,70071
1088,2024-07-24 09:15:00,70.29,70.3,70.22,70.29,75000
1089,2024-07-24 09:10:00,70.25,70.32,70.165,70.29,89622
1090,2024-07-24 09:05:00,70.29,70.29,70.15,70.24,113449
1091,2024-07-24 09:00:00,70.15,70.3,70.15,70.28,104181
1092,2024-07-24 08:55:00,69.99,70.18,69.98,70.17,102941
1093,2024-07-24 08:50:00,70.0,70.07,69.91,69.99,119215
1094,2024-07-24 08:45:00,70.1,70.12,69.88,69.98,198814
1095,2024-07-24 08:40:00,70.01,70.14,69.98,70.1,160321
1096,2024-07-24 08:35:00,70.2,70.22,69.98,70.0,171729
1097,2024-07-24 08:30:00,70.27,70.36,70.17,70.189,108911
1098,2024-07-24 08:25:00,70.47,70.5,70.24,70.25,182714
1099,2024-07-24 08:20:00,70.51,70.54,70.38,70.47,127494
1100,2024-07-24 08:15:00,70.65,70.71,70.5,70.519,99471
1101,2024-07-24 08:10:00,70.76,70.76,70.58,70.66,102943
1102,2024-07-24 08:05:00,70.849,70.93,70.73,70.769,72260
1103,2024-07-24 08:00:00,71.15,72.0,70.749,70.85,448829
1104,2024-07-24 07:55:00,71.04,71.05,70.93,70.95,11832
1105,2024-07-24 07:50:00,70.95,71.04,70.91,71.02,16643
1106,2024-07-24 07:45:00,70.98,71.04,70.84,70.94,24595
1107,2024-07-24 07:40:00,70.98,71.03,70.96,70.98,16513
1108,2024-07-24 07:35:00,71.06,71.07,70.92,70.98,17892
1109,2024-07-24 07:30:00,71.21,71.21,71.03,71.05,21056
1110,2024-07-24 07:25:00,71.12,71.23,71.09,71.2,19980
1111,2024-07-24 07:20:00,71.07,71.15,71.04,71.12,35254
1112,2024-07-24 07:15:00,70.87,71.07,70.85,71.07,37198
1113,2024-07-24 07:10:00,70.9,70.92,70.86,70.88,15384
1114,2024-07-24 07:05:00,70.92,70.94,70.78,70.9,51164
1115,2024-07-24 07:00:00,71.08,71.15,70.88,70.92,113302
1116,2024-07-24 06:55:00,71.06,71.2,71.06,71.08,28542
1117,2024-07-24 06:50:00,71.0,71.1,70.97,71.07,8380
1118,2024-07-24 06:45:00,71.03,71.07,70.98,71.0,8869
1119,2024-07-24 06:40:00,71.09,71.14,70.97,71.02,20320
1120,2024-07-24 06:35:00,71.19,71.22,71.1,71.1,18980
1121,2024-07-24 06:30:00,71.27,71.31,71.16,71.18,8060
1122,2024-07-24 06:25:00,71.31,71.42,71.25,71.28,22788
1123,2024-07-24 06:20:00,71.17,71.33,71.16,71.32,11356
1124,2024-07-24 06:15:00,71.21,71.21,71.12,71.17,4689
1125,2024-07-24 06:10:00,71.18,71.21,71.14,71.2,9754
1126,2024-07-24 06:05:00,71.22,71.24,71.16,71.16,27021
1127,2024-07-24 06:00:00,71.09,71.23,71.06,71.23,12514
1128,2024-07-24 05:55:00,71.06,71.15,71.04,71.07,19569
1129,2024-07-24 05:50:00,71.08,71.13,71.02,71.06,6981
1130,2024-07-24 05:45:00,71.03,71.15,70.99,71.08,30289
1131,2024-07-24 05:40:00,70.97,71.05,70.93,71.01,16586
1132,2024-07-24 05:35:00,71.08,71.12,70.95,70.96,25444
1133,2024-07-24 05:30:00,71.01,71.12,71.01,71.1,6513
1134,2024-07-24 05:25:00,71.09,71.09,70.92,71.01,17726
1135,2024-07-24 05:20:00,71.14,71.17,71.05,71.09,22749
1136,2024-07-24 05:15:00,71.26,71.3,71.07,71.13,19826
1137,2024-07-24 05:10:00,71.38,71.41,71.24,71.25,10805
1138,2024-07-24 05:05:00,71.4,71.45,71.31,71.38,15609
1139,2024-07-24 05:00:00,71.4,71.44,71.35,71.39,11319
1140,2024-07-24 04:55:00,71.37,71.41,71.33,71.39,11931
1141,2024-07-24 04:50:00,71.39,71.46,71.37,71.37,13963
1142,2024-07-24 04:45:00,71.32,71.41,71.27,71.39,24194
1143,2024-07-24 04:40:00,71.1,71.35,71.07,71.3,16365
1144,2024-07-24 04:35:00,70.86,71.13,70.84,71.1,13924
1145,2024-07-24 04:30:00,70.78,70.87,70.72,70.86,15106
1146,2024-07-24 04:25:00,70.84,70.86,70.76,70.78,20383
1147,2024-07-24 04:20:00,70.99,71.06,70.83,70.84,36546
1148,2024-07-24 04:15:00,71.04,71.15,70.9,70.99,40924
1149,2024-07-24 04:10:00,71.21,71.24,71.04,71.06,20410
1150,2024-07-24 04:05:00,71.22,71.27,71.16,71.2,44772
1151,2024-07-24 04:00:00,71.07,71.59,71.05,71.23,110434
1152,2024-07-23 19:55:00,71.92,71.97,71.86,71.87,41202
1153,2024-07-23 19:50:00,72.02,72.03,71.9,71.93,25413
1154,2024-07-23 19:45:00,72.02,72.055,71.99,72.02,14891
1155,2024-07-23 19:40:00,71.98,72.06,71.98,72.03,7380
1156,2024-07-23 19:35:00,72.02,72.05,71.98,71.99,10597
1157,2024-07-23 19:30:00,72.04,72.05,71.98,72.02,11501
1158,2024-07-23 19:25:00,72.03,72.07,72.0,72.05,9048
1159,2024-07-23 19:20:00,72.1,72.12,72.04,72.05,11997
1160,2024-07-23 19:15:00,72.07,72.11,72.03,72.09,6717
1161,2024-07-23 19:10:00,72.06,72.11,72.03,72.041,12735
1162,2024-07-23 19:05:00,71.97,72.11,71.96,72.06,10249
1163,2024-07-23 19:00:00,72.119,72.119,71.96,71.97,22254
1164,2024-07-23 18:55:00,72.18,72.21,72.1,72.11,20277
1165,2024-07-23 18:50:00,72.23,72.25,72.16,72.181,23162
1166,2024-07-23 18:45:00,72.26,72.27,72.15,72.23,31914
1167,2024-07-23 18:40:00,72.27,72.34,72.21,72.26,19647
1168,2024-07-23 18:35:00,72.17,72.27,72.17,72.27,25968
1169,2024-07-23 18:30:00,71.99,72.24,71.97,72.17,57863
1170,2024-07-23 18:25:00,71.9,71.99,71.8,71.96,44762
1171,2024-07-23 18:20:00,72.0,72.14,71.86,71.9,102468
1172,2024-07-23 18:15:00,72.261,72.27,72.01,72.02,65149
1173,2024-07-23 18:10:00,72.4,72.45,72.231,72.25,31687
1174,2024-07-23 18:05:00,72.35,72.42,72.2,72.4,76256
1175,2024-07-23 18:00:00,72.42,72.54,72.1,72.33,128882
1176,2024-07-23 17:55:00,72.54,72.59,72.39,72.42,49287
1177,2024-07-23 17:50:00,72.7,72.7,72.5,72.54,39246
1178,2024-07-23 17:45:00,72.73,72.75,72.6,72.68,27031
1179,2024-07-23 17:40:00,72.84,74.98,72.72,72.72,26021
1180,2024-07-23 17:35:00,72.93,72.934,72.78,72.83,29928
1181,2024-07-23 17:30:00,73.06,73.08,72.92,72.93,17812
1182,2024-07-23 17:25:00,72.96,73.08,72.94,73.07,29185
1183,2024-07-23 17:20:00,73.15,73.2,72.96,72.98,66002
1184,2024-07-23 17:15:00,73.33,73.35,73.13,73.15,178369
1185,2024-07-23 17:10:00,73.43,73.45,73.3,73.33,38710
1186,2024-07-23 17:05:00,73.55,73.56,73.42,73.44,25563
1187,2024-07-23 17:00:00,73.6,73.63,73.53,73.55,13452
1188,2024-07-23 16:55:00,73.82,73.85,73.57,73.6,12509
1189,2024-07-23 16:50:00,73.75,73.87,73.701,73.82,8674
1190,2024-07-23 16:45:00,73.72,73.79,73.689,73.76,27457
1191,2024-07-23 16:40:00,73.93,73.93,73.69,73.7,33631
1192,2024-07-23 16:35:00,73.75,73.95,73.75,73.92,90762
1193,2024-07-23 16:30:00,73.74,73.79,73.56,73.75,38967
1194,2024-07-23 16:25:00,73.66,73.76,73.65,73.74,25452
1195,2024-07-23 16:20:00,73.5,73.72,73.5,73.66,38786
1196,2024-07-23 16:15:00,73.36,73.857,73.32,73.5,112222
1197,2024-07-23 16:10:00,73.7,73.7,73.34,73.39,184955
1198,2024-07-23 16:05:00,74.06,74.13,73.67,73.7,177678
1199,2024-07-23 16:00:00,73.36,74.19,73.0,74.06,603807
1200,2024-07-23 15:55:00,73.17,73.435,73.14,73.35,1242422
1201,2024-07-23 15:50:00,73.76,73.83,73.17,73.18,982690
1202,2024-07-23 15:45:00,73.605,73.8,73.54,73.765,434198
1203,2024-07-23 15:40:00,73.82,73.85,73.39,73.605,515694
1204,2024-07-23 15:35:00,73.93,73.97,73.78,73.82,206579
1205,2024-07-23 15:30:00,74.065,74.065,73.89,73.925,244554
1206,2024-07-23 15:25:00,74.115,74.145,74.032,74.065,210438
1207,2024-07-23 15:20:00,73.92,74.124,73.92,74.117,287692
1208,2024-07-23 15:15:00,74.015,74.015,73.84,73.913,215069
1209,2024-07-23 15:10:00,73.955,74.08,73.93,74.025,167815
1210,2024-07-23 15:05:00,73.925,73.99,73.84,73.934,152365
1211,2024-07-23 15:00:00,73.93,73.995,73.88,73.93,228604
1212,2024-07-23 14:55:00,73.84,73.95,73.81,73.945,126394
1213,2024-07-23 14:50:00,73.855,73.93,73.796,73.845,119458
1214,2024-07-23 14:45:00,73.84,73.884,73.78,73.855,160853
1215,2024-07-23 14:40:00,74.05,74.05,73.805,73.825,304718
1216,2024-07-23 14:35:00,73.8,74.095,73.79,74.064,370813
1217,2024-07-23 14:30:00,73.77,73.84,73.72,73.82,210172
1218,2024-07-23 14:25:00,74.0,74.0,73.6,73.762,490488
1219,2024-07-23 14:20:00,74.03,74.08,73.975,73.995,190779
1220,2024-07-23 14:15:00,74.06,74.14,73.97,74.025,219396
1221,2024-07-23 14:10:00,74.14,74.14,73.984,74.052,230119
1222,2024-07-23 14:05:00,74.05,74.17,73.965,74.144,323945
1223,2024-07-23 14:00:00,73.97,74.11,73.96,74.06,241334
1224,2024-07-23 13:55:00,73.95,74.07,73.87,73.985,338051
1225,2024-07-23 13:50:00,73.85,73.97,73.75,73.95,256010
1226,2024-07-23 13:45:00,73.72,73.889,73.66,73.845,212452
1227,2024-07-23 13:40:00,73.695,73.78,73.61,73.72,140095
1228,2024-07-23 13:35:00,73.67,73.829,73.64,73.68,129423
1229,2024-07-23 13:30:00,73.75,73.89,73.57,73.676,407737
1230,2024-07-23 13:25:00,73.735,73.92,73.72,73.76,278672
1231,2024-07-23 13:20:00,73.55,73.849,73.545,73.736,350802
1232,2024-07-23 13:15:00,73.49,73.647,73.47,73.55,223165
1233,2024-07-23 13:10:00,73.53,73.65,73.27,73.481,592101
1234,2024-07-23 13:05:00,73.74,73.83,73.5,73.53,409227
1235,2024-07-23 13:00:00,73.64,73.84,73.53,73.745,365203
1236,2024-07-23 12:55:00,73.83,73.83,73.4,73.65,421509
1237,2024-07-23 12:50:00,73.82,73.83,73.62,73.823,274614
1238,2024-07-23 12:45:00,73.755,73.97,73.68,73.82,323219
1239,2024-07-23 12:40:00,73.71,73.88,73.61,73.751,307005
1240,2024-07-23 12:35:00,73.78,73.935,73.61,73.71,400613
1241,2024-07-23 12:30:00,73.81,73.894,73.64,73.762,355979
1242,2024-07-23 12:25:00,73.74,73.91,73.5,73.81,609825
1243,2024-07-23 12:20:00,74.41,74.495,73.63,73.74,740620
1244,2024-07-23 12:15:00,74.56,74.56,74.31,74.4,238688
1245,2024-07-23 12:10:00,74.43,74.64,74.355,74.58,292363
1246,2024-07-23 12:05:00,74.43,74.585,74.26,74.435,527792
1247,2024-07-23 12:00:00,74.57,74.59,74.33,74.43,427229
1248,2024-07-23 11:55:00,74.69,74.765,74.48,74.565,365982
1249,2024-07-23 11:50:00,74.81,74.86,74.52,74.705,487909
1250,2024-07-23 11:45:00,74.742,74.83,74.65,74.83,294879
1251,2024-07-23 11:40:00,74.821,74.86,74.68,74.72,350215
1252,2024-07-23 11:35:00,74.92,75.0,74.77,74.805,527253
1253,2024-07-23 11:30:00,74.898,74.929,74.77,74.915,324299
1254,2024-07-23 11:25:00,74.955,74.98,74.78,74.886,538381
1255,2024-07-23 11:20:00,75.02,75.075,74.91,74.953,663524
1256,2024-07-23 11:15:00,74.779,75.127,74.76,75.015,1061295
1257,2024-07-23 11:10:00,74.33,74.778,74.33,74.77,831701
1258,2024-07-23 11:05:00,74.04,74.34,73.975,74.34,369210
1259,2024-07-23 11:00:00,73.85,74.11,73.84,74.03,601391
1260,2024-07-23 10:55:00,73.6,73.92,73.56,73.85,550646
1261,2024-07-23 10:50:00,73.61,73.745,73.39,73.616,677596
1262,2024-07-23 10:45:00,73.98,74.005,73.47,73.61,1403664
1263,2024-07-23 10:40:00,74.08,74.31,73.97,73.974,608667
1264,2024-07-23 10:35:00,74.28,74.43,73.91,74.08,619641
1265,2024-07-23 10:30:00,74.4,74.46,74.15,74.3,549243
1266,2024-07-23 10:25:00,74.44,74.62,74.31,74.4,590362
1267,2024-07-23 10:20:00,74.42,74.71,74.35,74.445,911540
1268,2024-07-23 10:15:00,74.2,74.435,74.185,74.42,459618
1269,2024-07-23 10:10:00,74.41,74.529,74.02,74.156,745949
1270,2024-07-23 10:05:00,74.01,74.47,73.98,74.42,772288
1271,2024-07-23 10:00:00,74.29,74.45,73.77,74.005,1129754
1272,2024-07-23 09:55:00,74.16,74.399,74.11,74.28,556861
1273,2024-07-23 09:50:00,74.55,74.56,74.004,74.13,739070
1274,2024-07-23 09:45:00,74.56,74.575,74.11,74.53,889144
1275,2024-07-23 09:40:00,74.22,74.58,74.17,74.56,1035508
1276,2024-07-23 09:35:00,73.95,74.23,73.775,74.229,1437800
1277,2024-07-23 09:30:00,73.73,73.97,73.46,73.95,1498767
1278,2024-07-23 09:25:00,73.88,73.97,73.68,73.72,151332
1279,2024-07-23 09:20:00,73.91,73.97,73.83,73.87,43257
1280,2024-07-23 09:15:00,73.71,73.92,73.71,73.9,16872
1281,2024-07-23 09:10:00,73.9,73.91,73.63,73.71,46326
1282,2024-07-23 09:05:00,73.95,74.02,73.205,73.92,31518
1283,2024-07-23 09:00:00,73.85,73.95,73.829,73.95,29350
1284,2024-07-23 08:55:00,73.79,73.91,73.72,73.86,43550
1285,2024-07-23 08:50:00,73.82,73.87,73.76,73.78,35895
1286,2024-07-23 08:45:00,73.67,73.83,73.63,73.81,36597
1287,2024-07-23 08:40:00,73.51,73.68,73.45,73.67,27799
1288,2024-07-23 08:35:00,73.44,73.51,73.351,73.51,34617
1289,2024-07-23 08:30:00,73.66,73.699,73.4,73.46,117791
1290,2024-07-23 08:25:00,73.61,73.69,73.5,73.66,82042
1291,2024-07-23 08:20:00,73.95,73.96,73.58,73.63,68924
1292,2024-07-23 08:15:00,73.95,73.97,73.91,73.96,43849
1293,2024-07-23 08:10:00,74.09,74.1,73.93,73.94,53941
1294,2024-07-23 08:05:00,74.105,74.14,74.0,74.08,17992
1295,2024-07-23 08:00:00,73.95,74.38,72.79,74.11,254956
1296,2024-07-23 07:55:00,74.12,74.17,74.09,74.16,4844
1297,2024-07-23 07:50:00,74.06,74.13,74.01,74.12,22235
1298,2024-07-23 07:45:00,74.09,74.13,74.07,74.08,9133
1299,2024-07-23 07:40:00,74.23,74.28,74.08,74.08,14591
1300,2024-07-23 07:35:00,74.34,74.38,74.18,74.22,26981
1301,2024-07-23 07:30:00,74.28,74.34,74.25,74.34,32848
1302,2024-07-23 07:25:00,74.2,74.28,74.2,74.27,9541
1303,2024-07-23 07:20:00,74.22,74.25,74.16,74.2,10508
1304,2024-07-23 07:15:00,74.13,74.24,74.13,74.21,11614
1305,2024-07-23 07:10:00,74.13,74.18,74.051,74.12,39943
1306,2024-07-23 07:05:00,74.15,74.2,74.12,74.12,27293
1307,2024-07-23 07:00:00,73.91,74.19,73.88,74.16,88033
1308,2024-07-23 06:55:00,73.9,74.01,73.88,73.9,18885
1309,2024-07-23 06:50:00,73.85,73.92,73.84,73.91,6591
1310,2024-07-23 06:45:00,73.9,73.93,73.81,73.85,26526
1311,2024-07-23 06:40:00,74.02,74.04,73.89,73.9,12552
1312,2024-07-23 06:35:00,74.09,74.09,74.0,74.03,8982
1313,2024-07-23 06:30:00,74.02,74.12,74.01,74.08,25791
1314,2024-07-23 06:25:00,73.86,74.01,73.85,74.0,13203
1315,2024-07-23 06:20:00,73.81,73.87,73.78,73.87,3645
1316,2024-07-23 06:15:00,73.83,73.84,73.8,73.8,3524
1317,2024-07-23 06:10:00,73.86,73.87,73.78,73.82,6046
1318,2024-07-23 06:05:00,73.72,73.88,73.69,73.86,10725
1319,2024-07-23 06:00:00,73.73,73.77,73.67,73.72,9572
1320,2024-07-23 05:55:00,73.8,73.8,73.73,73.75,4272
1321,2024-07-23 05:50:00,73.82,73.86,73.74,73.8,5694
1322,2024-07-23 05:45:00,73.78,73.84,73.76,73.81,10898
1323,2024-07-23 05:40:00,73.75,73.85,73.74,73.78,25344
1324,2024-07-23 05:35:00,73.82,73.82,73.73,73.76,12527
1325,2024-07-23 05:30:00,73.78,73.86,73.78,73.82,11521
1326,2024-07-23 05:25:00,73.81,73.87,73.73,73.78,36367
1327,2024-07-23 05:20:00,73.67,73.83,73.65,73.81,19895
1328,2024-07-23 05:15:00,73.49,73.69,73.47,73.69,14661
1329,2024-07-23 05:10:00,73.52,73.52,73.41,73.48,13799
1330,2024-07-23 05:05:00,73.48,73.53,73.44,73.52,12771
1331,2024-07-23 05:00:00,73.33,73.49,73.31,73.49,7122
1332,2024-07-23 04:55:00,73.33,73.38,73.28,73.31,4474
1333,2024-07-23 04:50:00,73.37,73.39,73.31,73.35,6352
1334,2024-07-23 04:45:00,73.31,73.42,73.28,73.37,7972
1335,2024-07-23 04:40:00,73.25,73.32,73.22,73.32,11725
1336,2024-07-23 04:35:00,73.17,73.25,73.16,73.23,18743
1337,2024-07-23 04:30:00,72.96,73.18,72.95,73.17,15568
1338,2024-07-23 04:25:00,72.93,73.05,72.89,72.94,16627
1339,2024-07-23 04:20:00,73.14,73.17,72.89,72.95,16903
1340,2024-07-23 04:15:00,73.27,73.27,73.09,73.14,25003
1341,2024-07-23 04:10:00,73.03,73.28,73.03,73.28,13863
1342,2024-07-23 04:05:00,72.96,73.07,72.83,73.03,24094
1343,2024-07-23 04:00:00,73.04,73.28,72.94,72.96,49035
1344,2024-07-22 19:55:00,73.73,73.75,73.71,73.71,16717
1345,2024-07-22 19:50:00,73.72,73.75,73.7,73.74,18337
1346,2024-07-22 19:45:00,73.7,73.74,73.69,73.72,5378
1347,2024-07-22 19:40:00,73.8,73.8,73.67,73.7,74639
1348,2024-07-22 19:35:00,73.87,73.87,73.78,73.81,11119
1349,2024-07-22 19:30:00,73.91,73.93,73.84,73.86,9782
1350,2024-07-22 19:25:00,73.95,73.95,73.91,73.93,5603
1351,2024-07-22 19:20:00,73.96,73.97,73.91,73.94,9291
1352,2024-07-22 19:15:00,73.9,73.96,73.9,73.95,8904
1353,2024-07-22 19:10:00,73.96,73.96,73.9,73.91,14574
1354,2024-07-22 19:05:00,74.02,74.04,73.94,73.979,14189
1355,2024-07-22 19:00:00,74.04,74.059,74.0,74.02,12420
1356,2024-07-22 18:55:00,74.05,74.05,74.01,74.05,5139
1357,2024-07-22 18:50:00,74.04,74.08,74.04,74.05,1603
1358,2024-07-22 18:45:00,74.14,74.14,74.0,74.05,11175
1359,2024-07-22 18:40:00,74.14,74.14,74.12,74.14,13473
1360,2024-07-22 18:35:00,74.13,74.16,74.12,74.149,19378
1361,2024-07-22 18:30:00,74.11,74.13,74.1,74.11,9052
1362,2024-07-22 18:25:00,74.07,74.11,74.05,74.11,3391
1363,2024-07-22 18:20:00,74.07,74.11,74.06,74.07,23433
1364,2024-07-22 18:15:00,74.06,74.09,74.06,74.089,6886
1365,2024-07-22 18:10:00,74.03,74.08,74.02,74.07,3590
1366,2024-07-22 18:05:00,74.01,74.04,73.99,74.04,23856
1367,2024-07-22 18:00:00,73.91,74.04,73.9,74.01,29336
1368,2024-07-22 17:55:00,73.89,73.92,73.89,73.9,7473
1369,2024-07-22 17:50:00,73.88,73.9,73.87,73.89,3977
1370,2024-07-22 17:45:00,73.9,73.91,73.87,73.9,8110
1371,2024-07-22 17:40:00,73.89,73.9,73.84,73.9,8584
1372,2024-07-22 17:35:00,73.91,73.94,71.63,73.88,5132
1373,2024-07-22 17:30:00,73.85,73.94,73.85,73.94,12793
1374,2024-07-22 17:25:00,73.92,73.94,73.8,73.9,16945
1375,2024-07-22 17:20:00,73.92,73.96,73.91,73.92,9484
1376,2024-07-22 17:15:00,73.98,74.0,71.04,73.91,2421
1377,2024-07-22 17:10:00,73.95,74.0,73.93,74.0,5731
1378,2024-07-22 17:05:00,73.97,73.97,73.92,73.95,5108
1379,2024-07-22 17:00:00,73.94,73.97,73.901,73.96,7384
1380,2024-07-22 16:55:00,73.87,73.97,73.85,73.96,11084
1381,2024-07-22 16:50:00,73.82,73.88,73.8,73.87,19104
1382,2024-07-22 16:45:00,73.9,73.9,73.8,73.82,41102
1383,2024-07-22 16:40:00,73.89,73.93,73.875,73.9,16519
1384,2024-07-22 16:35:00,73.9,73.92,73.87,73.9,24225
1385,2024-07-22 16:30:00,73.86,73.9,73.82,73.89,21035
1386,2024-07-22 16:25:00,73.86,73.88,73.82,73.87,17316
1387,2024-07-22 16:20:00,73.9,73.91,73.859,73.86,22092
1388,2024-07-22 16:15:00,74.16,74.16,73.81,73.92,62040
1389,2024-07-22 16:10:00,74.13,74.13,73.96,73.96,69417
1390,2024-07-22 16:05:00,74.04,74.16,74.04,74.13,52524
1391,2024-07-22 16:00:00,74.16,74.31,74.02,74.05,621232
1392,2024-07-22 15:55:00,74.09,74.3,73.95,74.16,1048050
1393,2024-07-22 15:50:00,74.37,74.39,74.05,74.09,820947
1394,2024-07-22 15:45:00,74.38,74.52,74.33,74.37,409269
1395,2024-07-22 15:40:00,74.37,74.49,74.29,74.38,435019
1396,2024-07-22 15:35:00,74.07,74.41,74.011,74.38,650137
1397,2024-07-22 15:30:00,74.12,74.26,74.022,74.07,391187
1398,2024-07-22 15:25:00,74.27,74.286,73.98,74.1,373317
1399,2024-07-22 15:20:00,74.17,74.298,74.13,74.27,259294
1400,2024-07-22 15:15:00,74.28,74.335,74.119,74.16,336525
1401,2024-07-22 15:10:00,74.245,74.4,74.19,74.29,360921
1402,2024-07-22 15:05:00,74.29,74.327,74.05,74.24,328715
1403,2024-07-22 15:00:00,74.265,74.33,73.93,74.285,684906
1404,2024-07-22 14:55:00,74.5,74.505,74.26,74.261,329493
1405,2024-07-22 14:50:00,74.41,74.52,74.395,74.5,182729
1406,2024-07-22 14:45:00,74.4,74.49,74.399,74.425,141754
1407,2024-07-22 14:40:00,74.54,74.56,74.31,74.39,339943
1408,2024-07-22 14:35:00,74.55,74.597,74.44,74.55,277340
1409,2024-07-22 14:30:00,74.37,74.59,74.36,74.56,303392
1410,2024-07-22 14:25:00,74.615,74.629,74.36,74.365,514719
1411,2024-07-22 14:20:00,74.497,74.63,74.4,74.6,395770
1412,2024-07-22 14:15:00,74.32,74.5,74.29,74.5,321390
1413,2024-07-22 14:10:00,74.47,74.475,74.18,74.31,493361
1414,2024-07-22 14:05:00,74.243,74.53,74.07,74.46,605045
1415,2024-07-22 14:00:00,74.165,74.29,74.085,74.25,324601
1416,2024-07-22 13:55:00,74.16,74.18,73.98,74.14,354625
1417,2024-07-22 13:50:00,74.2,74.235,74.08,74.16,218744
1418,2024-07-22 13:45:00,74.058,74.32,74.0,74.2,301161
1419,2024-07-22 13:40:00,74.055,74.17,74.02,74.05,297499
1420,2024-07-22 13:35:00,74.25,74.25,73.98,74.06,528106
1421,2024-07-22 13:30:00,73.95,74.29,73.92,74.265,632772
1422,2024-07-22 13:25:00,73.98,74.08,73.92,73.95,381731
1423,2024-07-22 13:20:00,74.01,74.02,73.82,73.97,323709
1424,2024-07-22 13:15:00,73.99,74.04,73.85,74.0,329543
1425,2024-07-22 13:10:00,73.995,74.04,73.84,73.98,364943
1426,2024-07-22 13:05:00,73.89,74.02,73.826,74.0,393876
1427,2024-07-22 13:00:00,73.75,73.91,73.7,73.885,425745
1428,2024-07-22 12:55:00,73.72,73.87,73.59,73.74,569705
1429,2024-07-22 12:50:00,73.447,73.75,73.42,73.725,590463
1430,2024-07-22 12:45:00,73.34,73.46,73.27,73.44,415982
1431,2024-07-22 12:40:00,73.21,73.36,73.19,73.348,292678
1432,2024-07-22 12:35:00,73.101,73.235,73.06,73.21,422587
1433,2024-07-22 12:30:00,72.99,73.14,72.873,73.11,301334
1434,2024-07-22 12:25:00,73.07,73.11,72.84,73.0,308611
1435,2024-07-22 12:20:00,73.07,73.155,72.94,73.066,465497
1436,2024-07-22 12:15:00,72.88,73.08,72.78,73.042,424241
1437,2024-07-22 12:10:00,72.86,73.025,72.77,72.88,542750
1438,2024-07-22 12:05:00,72.53,72.96,72.405,72.87,836967
1439,2024-07-22 12:00:00,72.685,72.86,72.52,72.53,500330
1440,2024-07-22 11:55:00,72.73,72.81,72.58,72.715,556413
1441,2024-07-22 11:50:00,72.36,72.78,72.26,72.76,768060
1442,2024-07-22 11:45:00,72.407,72.49,72.17,72.37,525498
1443,2024-07-22 11:40:00,72.51,72.56,72.15,72.42,634198
1444,2024-07-22 11:35:00,72.23,72.535,72.17,72.51,664047
1445,2024-07-22 11:30:00,72.395,72.415,72.12,72.23,658313
1446,2024-07-22 11:25:00,72.55,72.71,72.32,72.415,962211
1447,2024-07-22 11:20:00,72.88,73.05,72.42,72.55,1053336
1448,2024-07-22 11:15:00,73.33,73.46,72.73,72.875,1063381
1449,2024-07-22 11:10:00,73.02,73.505,72.99,73.345,1265318
1450,2024-07-22 11:05:00,74.012,74.12,73.03,73.031,986891
1451,2024-07-22 11:00:00,73.66,74.02,73.595,74.01,685545
1452,2024-07-22 10:55:00,73.76,73.92,73.54,73.65,638673
1453,2024-07-22 10:50:00,74.04,74.04,73.67,73.76,578952
1454,2024-07-22 10:45:00,74.25,74.28,73.965,74.046,684251
1455,2024-07-22 10:40:00,74.19,74.34,74.04,74.25,783987
1456,2024-07-22 10:35:00,73.795,74.26,73.702,74.2,1217756
1457,2024-07-22 10:30:00,73.73,73.81,73.39,73.79,866154
1458,2024-07-22 10:25:00,73.44,73.79,73.31,73.73,943334
1459,2024-07-22 10:20:00,73.43,73.63,73.204,73.43,588868
1460,2024-07-22 10:15:00,73.58,73.83,73.206,73.4,1047922
1461,2024-07-22 10:10:00,73.09,73.58,73.03,73.575,904415
1462,2024-07-22 10:05:00,73.4,73.53,73.01,73.1,857041
1463,2024-07-22 10:00:00,73.81,73.92,73.325,73.42,1308869
1464,2024-07-22 09:55:00,74.25,74.29,73.71,73.812,1075200
1465,2024-07-22 09:50:00,74.351,74.41,73.98,74.27,1240958
1466,2024-07-22 09:45:00,73.67,74.39,73.67,74.354,1769860
1467,2024-07-22 09:40:00,73.58,73.75,73.4,73.665,1265605
1468,2024-07-22 09:35:00,73.17,73.91,73.14,73.59,2169728
1469,2024-07-22 09:30:00,73.65,73.7,72.87,73.175,2699479
1470,2024-07-22 09:25:00,73.63,73.69,73.49,73.65,128848
1471,2024-07-22 09:20:00,73.48,73.66,73.47,73.63,106426
1472,2024-07-22 09:15:00,73.51,73.54,73.46,73.48,92400
1473,2024-07-22 09:10:00,73.51,73.53,73.4,73.51,116242
1474,2024-07-22 09:05:00,73.32,73.53,73.28,73.51,99660
1475,2024-07-22 09:00:00,73.22,73.36,73.21,73.33,55190
1476,2024-07-22 08:55:00,73.2,73.29,73.17,73.225,75262
1477,2024-07-22 08:50:00,73.27,73.28,73.19,73.2,37560
1478,2024-07-22 08:45:00,73.3,73.33,73.22,73.28,148341
1479,2024-07-22 08:40:00,73.39,73.41,72.725,73.3,58033
1480,2024-07-22 08:35:00,73.35,73.39,73.26,73.39,47835
1481,2024-07-22 08:30:00,73.331,73.41,73.28,73.34,68898
1482,2024-07-22 08:25:00,73.25,73.36,73.24,73.32,58894
1483,2024-07-22 08:20:00,73.1,73.27,73.1,73.255,75232
1484,2024-07-22 08:15:00,73.14,73.15,73.03,73.09,48561
1485,2024-07-22 08:10:00,73.14,73.15,73.07,73.141,36693
1486,2024-07-22 08:05:00,71.87,73.21,71.39,73.14,90022
1487,2024-07-22 08:00:00,72.96,73.18,71.38,72.1,519547
1488,2024-07-22 07:55:00,73.03,73.06,72.97,73.06,69184
1489,2024-07-22 07:50:00,72.98,73.06,72.96,73.03,28225
1490,2024-07-22 07:45:00,73.02,73.08,72.96,72.99,59330
1491,2024-07-22 07:40:00,72.92,73.05,72.92,73.03,42132
1492,2024-07-22 07:35:00,72.9,72.95,72.86,72.91,27210
1493,2024-07-22 07:30:00,72.83,72.91,72.81,72.89,18903
1494,2024-07-22 07:25:00,72.8,72.83,72.74,72.83,44456
1495,2024-07-22 07:20:00,72.9,72.9,72.79,72.79,12864
1496,2024-07-22 07:15:00,72.82,72.9,72.8,72.9,54232
1497,2024-07-22 07:10:00,72.85,72.87,72.82,72.82,13336
1498,2024-07-22 07:05:00,72.85,72.92,72.82,72.82,32036
1499,2024-07-22 07:00:00,73.0,73.02,72.85,72.85,130266
1500,2024-07-22 06:55:00,72.96,73.0,72.84,73.0,18290
1501,2024-07-22 06:50:00,72.92,72.95,72.86,72.94,12393
1502,2024-07-22 06:45:00,72.97,72.97,72.89,72.94,11952
1503,2024-07-22 06:40:00,72.92,72.99,72.86,72.96,19430
1504,2024-07-22 06:35:00,72.71,72.96,72.71,72.91,42490
1505,2024-07-22 06:30:00,72.78,72.82,72.68,72.72,13057
1506,2024-07-22 06:25:00,72.79,72.85,72.74,72.78,10564
1507,2024-07-22 06:20:00,72.68,72.82,72.66,72.79,18919
1508,2024-07-22 06:15:00,72.5,72.72,72.48,72.69,19556
1509,2024-07-22 06:10:00,72.62,72.69,72.45,72.5,28105
1510,2024-07-22 06:05:00,72.57,72.63,72.56,72.62,11027
1511,2024-07-22 06:00:00,72.57,72.62,72.54,72.56,13596
1512,2024-07-22 05:55:00,72.51,72.59,72.51,72.55,12311
1513,2024-07-22 05:50:00,72.53,72.54,72.44,72.53,9934
1514,2024-07-22 05:45:00,72.41,72.52,72.41,72.52,13793
1515,2024-07-22 05:40:00,72.45,72.47,72.38,72.4,9408
1516,2024-07-22 05:35:00,72.44,72.47,72.42,72.45,9854
1517,2024-07-22 05:30:00,72.38,72.44,72.36,72.44,13384
1518,2024-07-22 05:25:00,72.36,72.39,72.33,72.38,12628
1519,2024-07-22 05:20:00,72.27,72.38,72.25,72.37,45793
1520,2024-07-22 05:15:00,72.34,72.35,72.23,72.26,11003
1521,2024-07-22 05:10:00,72.36,72.36,72.27,72.33,12785
1522,2024-07-22 05:05:00,72.33,72.42,72.3,72.36,9284
1523,2024-07-22 05:00:00,72.21,72.39,72.14,72.33,17387
1524,2024-07-22 04:55:00,72.33,72.34,72.18,72.2,15787
1525,2024-07-22 04:50:00,72.43,72.43,72.27,72.3,7580
1526,2024-07-22 04:45:00,72.4,72.46,72.39,72.43,23115
1527,2024-07-22 04:40:00,72.39,72.48,72.38,72.4,9712
1528,2024-07-22 04:35:00,72.31,72.42,72.31,72.4,11980
1529,2024-07-22 04:30:00,72.33,72.36,72.26,72.32,6874
1530,2024-07-22 04:25:00,72.27,72.36,72.15,72.31,15536
1531,2024-07-22 04:20:00,72.19,72.28,72.15,72.26,18327
1532,2024-07-22 04:15:00,72.34,72.34,72.12,72.18,10530
1533,2024-07-22 04:10:00,72.18,72.38,72.18,72.33,29668
1534,2024-07-22 04:05:00,72.12,72.26,72.1,72.16,46909
1535,2024-07-22 04:00:00,72.28,72.28,72.02,72.11,51738
1536,2024-07-19 19:55:00,71.02,71.02,70.94,70.94,16016
1537,2024-07-19 19:50:00,70.95,71.06,70.95,71.0,22954
1538,2024-07-19 19:45:00,70.96,70.96,70.95,70.96,13811
1539,2024-07-19 19:40:00,70.95,70.96,70.94,70.96,6121
1540,2024-07-19 19:35:00,70.95,73.98,70.94,70.95,14386
1541,2024-07-19 19:30:00,70.91,70.95,70.91,70.95,7708
1542,2024-07-19 19:25:00,70.91,70.94,70.9,70.93,41836
1543,2024-07-19 19:20:00,70.925,70.94,70.91,70.92,21577
1544,2024-07-19 19:15:00,70.93,70.95,70.91,70.94,3055
1545,2024-07-19 19:10:00,70.92,70.93,70.9,70.92,4682
1546,2024-07-19 19:05:00,70.94,70.94,70.91,70.92,2009
1547,2024-07-19 19:00:00,70.94,70.95,70.92,70.92,2332
1548,2024-07-19 18:55:00,70.95,70.95,70.93,70.94,4053
1549,2024-07-19 18:50:00,70.92,70.95,70.92,70.95,26673
1550,2024-07-19 18:45:00,70.91,70.93,70.91,70.92,3161
1551,2024-07-19 18:40:00,70.92,73.68,70.44,70.91,34304
1552,2024-07-19 18:35:00,70.89,70.92,70.87,70.911,6330
1553,2024-07-19 18:30:00,70.88,70.89,70.85,70.89,4355
1554,2024-07-19 18:25:00,70.89,70.89,70.86,70.88,8523
1555,2024-07-19 18:20:00,70.9,70.9,70.87,70.89,4273
1556,2024-07-19 18:15:00,70.89,70.9,70.86,70.9,6299
1557,2024-07-19 18:10:00,70.88,70.9,70.87,70.885,5839
1558,2024-07-19 18:05:00,70.89,70.91,70.88,70.88,3336
1559,2024-07-19 18:00:00,70.91,70.92,70.88,70.91,9658
1560,2024-07-19 17:55:00,70.92,70.92,70.9,70.91,10132
1561,2024-07-19 17:50:00,70.92,70.92,70.9,70.92,5547
1562,2024-07-19 17:45:00,70.92,70.93,70.91,70.92,9141
1563,2024-07-19 17:40:00,70.9,70.93,70.9,70.93,16661
1564,2024-07-19 17:35:00,70.92,70.93,70.9,70.91,32570
1565,2024-07-19 17:30:00,70.94,70.94,70.92,70.93,9235
1566,2024-07-19 17:25:00,70.92,70.94,70.9,70.93,9255
1567,2024-07-19 17:20:00,70.93,70.94,70.9,70.91,5790
1568,2024-07-19 17:15:00,70.94,70.94,70.92,70.92,11681
1569,2024-07-19 17:10:00,70.95,70.95,70.9,70.93,18330
1570,2024-07-19 17:05:00,70.93,70.95,70.91,70.94,10582
1571,2024-07-19 17:00:00,70.93,70.94,70.9,70.93,8511
1572,2024-07-19 16:55:00,70.91,70.951,70.87,70.93,85935
1573,2024-07-19 16:50:00,70.94,70.94,70.91,70.92,14057
1574,2024-07-19 16:45:00,70.94,70.96,70.92,70.935,23209
1575,2024-07-19 16:40:00,70.92,70.95,70.88,70.94,22700
1576,2024-07-19 16:35:00,70.91,70.92,70.87,70.92,41265
1577,2024-07-19 16:30:00,70.92,70.94,70.89,70.91,24023
1578,2024-07-19 16:25:00,70.93,70.97,70.9,70.92,43203
1579,2024-07-19 16:20:00,70.91,70.96,70.9,70.94,28743
1580,2024-07-19 16:15:00,71.06,71.06,70.89,70.9,24032
1581,2024-07-19 16:10:00,70.885,70.94,70.86,70.91,81457
1582,2024-07-19 16:05:00,70.95,71.0,70.83,70.88,112329
1583,2024-07-19 16:00:00,71.04,71.3,70.93,70.96,602105
1584,2024-07-19 15:55:00,70.96,71.1,70.78,71.03,2448657
1585,2024-07-19 15:50:00,70.86,71.06,70.76,70.953,1818234
1586,2024-07-19 15:45:00,70.92,71.06,70.84,70.87,741895
1587,2024-07-19 15:40:00,70.99,71.2,70.86,70.93,740249
1588,2024-07-19 15:35:00,71.267,71.38,70.88,70.98,783552
1589,2024-07-19 15:30:00,71.67,71.705,71.21,71.28,544260
1590,2024-07-19 15:25:00,71.64,71.79,71.601,71.69,321661
1591,2024-07-19 15:20:00,71.73,71.86,71.62,71.62,509540
1592,2024-07-19 15:15:00,71.58,71.774,71.35,71.73,528494
1593,2024-07-19 15:10:00,71.54,71.715,71.465,71.601,397442
1594,2024-07-19 15:05:00,71.66,71.7,71.43,71.54,575672
1595,2024-07-19 15:00:00,71.155,71.72,71.125,71.65,905505
1596,2024-07-19 14:55:00,71.02,71.2,71.0,71.18,384236
1597,2024-07-19 14:50:00,70.865,71.11,70.865,71.04,629815
1598,2024-07-19 14:45:00,70.64,70.9,70.61,70.856,379269
1599,2024-07-19 14:40:00,70.68,70.825,70.635,70.64,371906
1600,2024-07-19 14:35:00,70.86,71.0,70.635,70.67,560289
1601,2024-07-19 14:30:00,70.9,70.94,70.74,70.86,352441
1602,2024-07-19 14:25:00,70.9,71.1,70.86,70.88,322984
1603,2024-07-19 14:20:00,71.16,71.17,70.875,70.905,432628
1604,2024-07-19 14:15:00,71.22,71.45,71.12,71.177,391778
1605,2024-07-19 14:10:00,71.28,71.42,71.15,71.195,513340
1606,2024-07-19 14:05:00,71.025,71.385,70.98,71.28,480025
1607,2024-07-19 14:00:00,71.17,71.26,70.99,71.04,470590
1608,2024-07-19 13:55:00,70.82,71.2,70.75,71.178,460339
1609,2024-07-19 13:50:00,71.12,71.145,70.78,70.81,434443
1610,2024-07-19 13:45:00,70.69,71.19,70.69,71.11,828281
1611,2024-07-19 13:40:00,70.88,70.935,70.53,70.68,460428
1612,2024-07-19 13:35:00,70.83,71.03,70.7,70.885,403978
1613,2024-07-19 13:30:00,70.83,71.02,70.62,70.847,476779
1614,2024-07-19 13:25:00,70.59,70.95,70.58,70.845,707881
1615,2024-07-19 13:20:00,70.64,70.72,70.44,70.58,628240
1616,2024-07-19 13:15:00,70.85,70.9,70.62,70.64,359340
1617,2024-07-19 13:10:00,70.865,70.915,70.65,70.84,450681
1618,2024-07-19 13:05:00,70.9,70.944,70.72,70.865,474473
1619,2024-07-19 13:00:00,71.25,71.28,70.84,70.89,720796
1620,2024-07-19 12:55:00,71.08,71.35,71.03,71.26,466460
1621,2024-07-19 12:50:00,71.03,71.23,70.975,71.07,350474
1622,2024-07-19 12:45:00,71.06,71.13,70.875,71.036,371332
1623,2024-07-19 12:40:00,71.0,71.34,71.0,71.06,616196
1624,2024-07-19 12:35:00,71.11,71.21,70.795,70.999,734150
1625,2024-07-19 12:30:00,71.46,71.54,71.04,71.12,514905
1626,2024-07-19 12:25:00,71.365,71.585,71.36,71.455,316276
1627,2024-07-19 12:20:00,71.809,71.895,71.36,71.37,424567
1628,2024-07-19 12:15:00,72.04,72.129,71.78,71.79,302798
1629,2024-07-19 12:10:00,72.05,72.14,71.88,72.055,304365
1630,2024-07-19 12:05:00,71.97,72.18,71.86,72.045,493047
1631,2024-07-19 12:00:00,72.22,72.325,71.97,71.98,580582
1632,2024-07-19 11:55:00,71.805,72.225,71.67,72.222,938522
1633,2024-07-19 11:50:00,71.62,71.83,71.503,71.815,714565
1634,2024-07-19 11:45:00,71.22,71.657,71.215,71.63,569637
1635,2024-07-19 11:40:00,71.06,71.3,71.06,71.226,513289
1636,2024-07-19 11:35:00,71.3,71.405,71.0,71.057,648916
1637,2024-07-19 11:30:00,71.465,71.55,71.12,71.31,884744
1638,2024-07-19 11:25:00,72.13,72.14,71.42,71.458,1032999
1639,2024-07-19 11:20:00,72.09,72.42,72.06,72.12,614818
1640,2024-07-19 11:15:00,71.93,72.29,71.93,72.075,499387
1641,2024-07-19 11:10:00,72.165,72.24,71.87,71.93,664369
1642,2024-07-19 11:05:00,72.76,72.87,72.17,72.17,528807
1643,2024-07-19 11:00:00,72.35,72.87,72.35,72.76,1065356
1644,2024-07-19 10:55:00,72.31,72.465,72.23,72.32,346547
1645,2024-07-19 10:50:00,72.19,72.474,72.12,72.3,517283
1646,2024-07-19 10:45:00,71.8,72.385,71.78,72.2,607959
1647,2024-07-19 10:40:00,72.33,72.35,71.791,71.8,670225
1648,2024-07-19 10:35:00,71.9,72.35,71.88,72.33,752501
1649,2024-07-19 10:30:00,72.05,72.377,71.84,71.9,868189
1650,2024-07-19 10:25:00,72.69,72.835,72.03,72.07,946356
1651,2024-07-19 10:20:00,72.96,73.005,72.619,72.68,586511
1652,2024-07-19 10:15:00,72.7,73.24,72.7,72.955,795168
1653,2024-07-19 10:10:00,73.22,73.32,72.53,72.69,864696
1654,2024-07-19 10:05:00,72.72,73.31,72.71,73.23,1038778
1655,2024-07-19 10:00:00,72.98,72.99,72.624,72.69,893268
1656,2024-07-19 09:55:00,73.3,73.54,72.95,72.97,966821
1657,2024-07-19 09:50:00,73.11,73.557,73.085,73.29,1275564
1658,2024-07-19 09:45:00,73.15,73.2,72.7,73.1,1207459
1659,2024-07-19 09:40:00,73.46,73.97,73.03,73.14,1921997
1660,2024-07-19 09:35:00,73.09,73.51,72.76,73.46,1486032
1661,2024-07-19 09:30:00,72.8,73.22,72.45,73.1,1752405
1662,2024-07-19 09:25:00,73.25,73.25,72.82,72.84,119151
1663,2024-07-19 09:20:00,73.22,73.44,73.22,73.26,33182
1664,2024-07-19 09:15:00,73.32,73.35,73.22,73.229,30990
1665,2024-07-19 09:10:00,73.31,73.365,73.27,73.315,42666
1666,2024-07-19 09:05:00,73.3,75.89,73.23,73.3,38211
1667,2024-07-19 09:00:00,73.6,73.65,73.29,73.31,46736
1668,2024-07-19 08:55:00,73.44,73.62,73.43,73.61,62571
1669,2024-07-19 08:50:00,73.54,73.58,73.05,73.45,13893
1670,2024-07-19 08:45:00,73.43,73.54,73.33,73.54,28074
1671,2024-07-19 08:40:00,73.52,73.55,73.42,73.42,14169
1672,2024-07-19 08:35:00,73.44,73.56,73.41,73.515,46628
1673,2024-07-19 08:30:00,73.2,73.49,73.18,73.44,41189
1674,2024-07-19 08:25:00,73.308,73.33,73.16,73.19,56014
1675,2024-07-19 08:20:00,73.42,73.45,73.24,73.3,32375
1676,2024-07-19 08:15:00,73.44,73.5,73.33,73.44,44484
1677,2024-07-19 08:10:00,73.398,73.45,73.27,73.44,63734
1678,2024-07-19 08:05:00,73.61,73.61,73.39,73.39,38954
1679,2024-07-19 08:00:00,72.98,74.06,71.62,73.61,430261
1680,2024-07-19 07:55:00,73.45,73.46,73.34,73.42,30319
1681,2024-07-19 07:50:00,73.49,73.52,73.37,73.45,36585
1682,2024-07-19 07:45:00,73.56,73.56,73.46,73.5,26835
1683,2024-07-19 07:40:00,73.52,73.58,73.47,73.56,9741
1684,2024-07-19 07:35:00,73.43,73.57,73.4,73.549,17937
1685,2024-07-19 07:30:00,73.49,73.55,73.41,73.41,53327
1686,2024-07-19 07:25:00,73.59,73.59,73.41,73.49,38690
1687,2024-07-19 07:20:00,73.36,73.59,73.36,73.59,42705
1688,2024-07-19 07:15:00,73.2,73.38,73.2,73.36,47444
1689,2024-07-19 07:10:00,73.01,73.32,73.0,73.2,72065
1690,2024-07-19 07:05:00,73.03,73.14,73.03,73.03,47710
1691,2024-07-19 07:00:00,72.83,73.1,72.77,73.05,54013
1692,2024-07-19 06:55:00,72.86,72.93,72.79,72.83,6205
1693,2024-07-19 06:50:00,72.9,72.99,72.81,72.86,10918
1694,2024-07-19 06:45:00,72.93,73.03,72.78,72.89,25170
1695,2024-07-19 06:40:00,72.93,73.03,72.92,72.93,12153
1696,2024-07-19 06:35:00,73.05,73.11,72.91,72.93,7395
1697,2024-07-19 06:30:00,73.17,73.2,73.04,73.05,14213
1698,2024-07-19 06:25:00,73.09,73.23,73.08,73.18,26466
1699,2024-07-19 06:20:00,73.14,73.14,73.04,73.09,12099
1700,2024-07-19 06:15:00,73.04,73.2,73.04,73.14,9237
1701,2024-07-19 06:10:00,73.02,73.16,72.99,73.07,25859
1702,2024-07-19 06:05:00,72.92,73.06,72.91,73.01,21098
1703,2024-07-19 06:00:00,72.6,72.93,72.59,72.93,9541
1704,2024-07-19 05:55:00,72.59,72.67,72.55,72.61,20988
1705,2024-07-19 05:50:00,72.62,72.71,72.54,72.6,32120
1706,2024-07-19 05:45:00,72.37,72.68,72.35,72.65,207976
1707,2024-07-19 05:40:00,72.28,72.39,72.17,72.33,21128
1708,2024-07-19 05:35:00,72.61,72.66,72.28,72.3,29131
1709,2024-07-19 05:30:00,72.16,72.69,72.16,72.63,45667
1710,2024-07-19 05:25:00,72.27,72.39,72.15,72.15,32285
1711,2024-07-19 05:20:00,72.59,72.6,72.26,72.27,14779
1712,2024-07-19 05:15:00,72.68,72.72,72.59,72.59,10879
1713,2024-07-19 05:10:00,72.77,72.77,72.63,72.68,11572
1714,2024-07-19 05:05:00,72.63,72.77,72.63,72.77,8810
1715,2024-07-19 05:00:00,72.51,72.8,72.4,72.6,15857
1716,2024-07-19 04:55:00,72.53,72.58,72.43,72.52,10743
1717,2024-07-19 04:50:00,72.57,72.79,72.48,72.51,13584
1718,2024-07-19 04:45:00,72.68,72.73,72.53,72.55,8705
1719,2024-07-19 04:40:00,72.66,72.72,72.55,72.67,12401
1720,2024-07-19 04:35:00,72.42,72.72,72.39,72.67,16980
1721,2024-07-19 04:30:00,72.48,72.59,72.37,72.39,16199
1722,2024-07-19 04:25:00,72.27,72.54,72.17,72.49,20412
1723,2024-07-19 04:20:00,72.31,72.38,72.01,72.32,46779
1724,2024-07-19 04:15:00,72.29,72.55,72.29,72.31,43578
1725,2024-07-19 04:10:00,72.36,72.42,72.21,72.3,37567
1726,2024-07-19 04:05:00,72.31,72.43,72.23,72.38,151218
1727,2024-07-19 04:00:00,72.1,74.0,71.93,72.3,252807
1728,2024-07-18 19:55:00,73.64,73.67,73.63,73.66,30265
1729,2024-07-18 19:50:00,73.67,73.68,73.63,73.64,9703
1730,2024-07-18 19:45:00,73.71,73.71,73.63,73.65,15334
1731,2024-07-18 19:40:00,73.8,73.81,73.7,73.72,16917
1732,2024-07-18 19:35:00,73.82,73.84,73.78,73.79,7881
1733,2024-07-18 19:30:00,73.829,73.84,73.77,73.82,28925
1734,2024-07-18 19:25:00,73.77,73.84,73.77,73.84,6959
1735,2024-07-18 19:20:00,73.79,73.79,73.76,73.76,8018
1736,2024-07-18 19:15:00,73.75,73.8,73.74,73.79,8907
1737,2024-07-18 19:10:00,73.7,73.76,73.67,73.76,9516
1738,2024-07-18 19:05:00,73.72,73.73,73.69,73.7,7208
1739,2024-07-18 19:00:00,73.75,73.77,73.67,73.73,6584
1740,2024-07-18 18:55:00,73.78,73.8,73.722,73.73,5390
1741,2024-07-18 18:50:00,73.791,73.83,73.76,73.781,8732
1742,2024-07-18 18:45:00,73.66,73.8,73.66,73.8,13623
1743,2024-07-18 18:40:00,73.6,73.68,73.59,73.68,8008
1744,2024-07-18 18:35:00,73.64,73.64,73.53,73.58,14803
1745,2024-07-18 18:30:00,73.69,73.75,73.65,73.65,7015
1746,2024-07-18 18:25:00,73.75,73.78,73.61,73.67,15826
1747,2024-07-18 18:20:00,73.85,73.85,73.65,73.75,20364
1748,2024-07-18 18:15:00,73.94,73.98,73.811,73.86,14180
1749,2024-07-18 18:10:00,73.92,73.95,73.91,73.94,23458
1750,2024-07-18 18:05:00,73.81,73.93,73.79,73.92,9106
1751,2024-07-18 18:00:00,73.78,73.87,73.67,73.82,18826
1752,2024-07-18 17:55:00,73.78,73.79,73.75,73.77,5149
1753,2024-07-18 17:50:00,73.78,73.8,73.76,73.78,9823
1754,2024-07-18 17:45:00,73.75,73.78,73.73,73.78,14073
1755,2024-07-18 17:40:00,73.78,73.78,73.72,73.74,12173
1756,2024-07-18 17:35:00,73.78,73.8,73.77,73.78,12704
1757,2024-07-18 17:30:00,73.77,73.79,73.76,73.78,16772
1758,2024-07-18 17:25:00,73.78,73.78,73.71,73.77,35863
1759,2024-07-18 17:20:00,73.63,73.78,73.6,73.75,25935
1760,2024-07-18 17:15:00,73.62,73.65,73.56,73.6,15357
1761,2024-07-18 17:10:00,73.59,73.64,73.52,73.62,11076
1762,2024-07-18 17:05:00,73.619,73.62,73.52,73.6,16962
1763,2024-07-18 17:00:00,73.55,73.63,73.5,73.62,18169
1764,2024-07-18 16:55:00,73.71,73.72,73.54,73.55,56170
1765,2024-07-18 16:50:00,73.63,73.72,73.63,73.72,33579
1766,2024-07-18 16:45:00,73.56,73.65,73.55,73.63,54163
1767,2024-07-18 16:40:00,73.5,73.599,73.49,73.57,61565
1768,2024-07-18 16:35:00,73.47,73.529,73.47,73.5,47080
1769,2024-07-18 16:30:00,73.39,73.49,73.38,73.48,62683
1770,2024-07-18 16:25:00,73.27,73.43,73.27,73.4,105957
1771,2024-07-18 16:20:00,73.16,73.301,73.15,73.27,76370
1772,2024-07-18 16:15:00,73.04,73.26,73.04,73.16,70216
1773,2024-07-18 16:10:00,73.16,73.2,73.02,73.03,87305
1774,2024-07-18 16:05:00,73.011,73.22,72.98,73.15,75965
1775,2024-07-18 16:00:00,73.04,73.25,72.75,73.001,647943
1776,2024-07-18 15:55:00,72.73,73.38,72.73,73.04,1792733
1777,2024-07-18 15:50:00,73.77,73.77,72.72,72.72,1646242
1778,2024-07-18 15:45:00,73.09,73.787,73.09,73.78,967940
1779,2024-07-18 15:40:00,72.94,73.31,72.901,73.085,1050072
1780,2024-07-18 15:35:00,72.32,72.956,72.31,72.93,781862
1781,2024-07-18 15:30:00,72.27,72.48,72.145,72.33,642323
1782,2024-07-18 15:25:00,71.94,72.3,71.935,72.275,516284
1783,2024-07-18 15:20:00,71.94,72.19,71.72,71.911,779649
1784,2024-07-18 15:15:00,71.74,72.076,71.74,71.921,677616
1785,2024-07-18 15:10:00,72.32,72.35,71.55,71.735,929494
1786,2024-07-18 15:05:00,72.34,72.429,72.19,72.285,412202
1787,2024-07-18 15:00:00,72.52,72.8,72.31,72.349,497627
1788,2024-07-18 14:55:00,72.54,72.62,72.43,72.53,382439
1789,2024-07-18 14:50:00,72.2,72.54,72.02,72.54,467900
1790,2024-07-18 14:45:00,72.34,72.355,72.18,72.18,279526
1791,2024-07-18 14:40:00,72.18,72.46,72.17,72.36,312372
1792,2024-07-18 14:35:00,72.56,72.65,72.16,72.17,329898
1793,2024-07-18 14:30:00,72.55,72.65,72.28,72.54,538812
1794,2024-07-18 14:25:00,72.94,72.977,72.54,72.56,348856
1795,2024-07-18 14:20:00,72.64,73.02,72.59,72.96,382320
1796,2024-07-18 14:15:00,72.63,72.84,72.55,72.63,232044
1797,2024-07-18 14:10:00,72.93,72.95,72.51,72.615,314956
1798,2024-07-18 14:05:00,72.61,72.95,72.581,72.938,311010
1799,2024-07-18 14:00:00,72.83,72.865,72.463,72.62,499257
1800,2024-07-18 13:55:00,72.96,73.01,72.685,72.815,396651
1801,2024-07-18 13:50:00,73.28,73.29,72.85,72.98,529969
1802,2024-07-18 13:45:00,73.22,73.436,73.16,73.3,480287
1803,2024-07-18 13:40:00,73.14,73.24,73.03,73.18,228929
1804,2024-07-18 13:35:00,73.14,73.399,73.01,73.14,432960
1805,2024-07-18 13:30:00,73.14,73.49,73.11,73.135,502339
1806,2024-07-18 13:25:00,73.45,73.45,73.03,73.149,668379
1807,2024-07-18 13:20:00,73.33,73.63,73.29,73.44,640132
1808,2024-07-18 13:15:00,73.26,73.41,73.12,73.35,565609
1809,2024-07-18 13:10:00,72.73,73.339,72.73,73.27,443891
1810,2024-07-18 13:05:00,73.1,73.1,72.61,72.719,594646
1811,2024-07-18 13:00:00,73.25,73.35,73.081,73.105,682171
1812,2024-07-18 12:55:00,72.78,73.27,72.74,73.26,568566
1813,2024-07-18 12:50:00,72.74,72.935,72.69,72.78,373834
1814,2024-07-18 12:45:00,73.05,73.129,72.74,72.74,809345
1815,2024-07-18 12:40:00,73.03,73.15,72.771,73.06,710185
1816,2024-07-18 12:35:00,72.82,73.05,72.63,73.03,811304
1817,2024-07-18 12:30:00,72.37,72.83,72.23,72.81,813418
1818,2024-07-18 12:25:00,72.15,72.49,72.13,72.375,580755
1819,2024-07-18 12:20:00,72.1,72.43,72.039,72.15,682474
1820,2024-07-18 12:15:00,72.23,72.235,71.96,72.11,442056
1821,2024-07-18 12:10:00,72.38,72.38,72.05,72.23,565635
1822,2024-07-18 12:05:00,71.76,72.429,71.76,72.405,863746
1823,2024-07-18 12:00:00,71.95,72.085,71.684,71.759,680774
1824,2024-07-18 11:55:00,72.05,72.2,71.94,71.97,544309
1825,2024-07-18 11:50:00,71.86,72.36,71.82,72.05,771909
1826,2024-07-18 11:45:00,72.28,72.48,71.85,71.85,828270
1827,2024-07-18 11:40:00,72.5,72.68,72.23,72.29,770012
1828,2024-07-18 11:35:00,72.0,72.63,71.99,72.5,1118728
1829,2024-07-18 11:30:00,72.23,72.38,71.89,72.0,1493684
1830,2024-07-18 11:25:00,72.38,72.54,72.17,72.24,890533
1831,2024-07-18 11:20:00,72.53,72.68,72.3,72.36,1042466
1832,2024-07-18 11:15:00,72.67,72.849,72.45,72.53,987058
1833,2024-07-18 11:10:00,73.41,73.53,72.65,72.66,1367191
1834,2024-07-18 11:05:00,73.99,74.015,73.356,73.4,813416
1835,2024-07-18 11:00:00,74.1,74.26,73.88,73.97,619315
1836,2024-07-18 10:55:00,74.26,74.47,74.0,74.09,733756
1837,2024-07-18 10:50:00,73.72,74.44,73.62,74.27,1336970
1838,2024-07-18 10:45:00,73.38,73.72,73.1,73.71,1030444
1839,2024-07-18 10:40:00,73.68,73.69,73.04,73.39,1568899
1840,2024-07-18 10:35:00,73.81,73.98,73.48,73.69,1435227
1841,2024-07-18 10:30:00,74.77,74.77,73.75,73.81,1645714
1842,2024-07-18 10:25:00,75.14,75.2,74.695,74.76,512368
1843,2024-07-18 10:20:00,75.07,75.19,74.79,75.15,654663
1844,2024-07-18 10:15:00,75.15,75.375,75.025,75.06,558281
1845,2024-07-18 10:10:00,75.4,75.425,75.04,75.145,818074
1846,2024-07-18 10:05:00,75.065,75.41,74.99,75.395,862524
1847,2024-07-18 10:00:00,74.98,75.91,74.72,75.075,1053628
1848,2024-07-18 09:55:00,74.51,75.03,74.51,74.995,624253
1849,2024-07-18 09:50:00,74.87,75.04,74.451,74.497,889470
1850,2024-07-18 09:45:00,74.673,74.95,74.52,74.86,1145930
1851,2024-07-18 09:40:00,75.42,75.45,74.66,74.67,1209425
1852,2024-07-18 09:35:00,75.35,75.54,75.181,75.43,1069203
1853,2024-07-18 09:30:00,75.81,75.92,75.29,75.33,2255094
1854,2024-07-18 09:25:00,75.77,75.9,75.76,75.81,90042
1855,2024-07-18 09:20:00,75.99,75.99,75.75,75.79,86634
1856,2024-07-18 09:15:00,75.99,76.03,75.96,75.99,60336
1857,2024-07-18 09:10:00,75.99,76.02,75.95,75.98,79902
1858,2024-07-18 09:05:00,75.98,76.07,75.96,75.98,90756
1859,2024-07-18 09:00:00,75.88,76.01,75.84,75.98,121865
1860,2024-07-18 08:55:00,75.84,75.9,75.8,75.88,54773
1861,2024-07-18 08:50:00,75.83,75.84,75.713,75.84,73984
1862,2024-07-18 08:45:00,75.73,75.84,75.61,75.83,103355
1863,2024-07-18 08:40:00,75.6,75.73,75.59,75.711,88248
1864,2024-07-18 08:35:00,75.59,75.65,75.54,75.6,103695
1865,2024-07-18 08:30:00,75.47,75.67,75.35,75.58,126469
1866,2024-07-18 08:25:00,75.46,75.5,75.41,75.47,100536
1867,2024-07-18 08:20:00,75.39,75.47,75.37,75.47,66480
1868,2024-07-18 08:15:00,75.31,75.41,75.23,75.4,65614
1869,2024-07-18 08:10:00,75.09,75.31,75.09,75.31,45945
1870,2024-07-18 08:05:00,74.93,76.07,74.65,75.1,99053
1871,2024-07-18 08:00:00,75.08,76.07,74.48,75.18,441456
1872,2024-07-18 07:55:00,75.19,75.24,75.18,75.22,13211
1873,2024-07-18 07:50:00,75.2,75.25,75.09,75.18,23284
1874,2024-07-18 07:45:00,75.2,75.22,75.15,75.21,8243
1875,2024-07-18 07:40:00,75.18,75.26,75.14,75.2,31666
1876,2024-07-18 07:35:00,75.05,75.2,75.02,75.18,18564
1877,2024-07-18 07:30:00,74.98,75.05,74.95,75.05,9579
1878,2024-07-18 07:25:00,75.02,75.06,74.96,74.97,6731
1879,2024-07-18 07:20:00,74.95,75.05,74.94,75.03,6746
1880,2024-07-18 07:15:00,75.08,75.16,74.92,74.93,13456
1881,2024-07-18 07:10:00,75.06,75.09,74.93,75.09,12147
1882,2024-07-18 07:05:00,75.12,75.14,75.04,75.05,19558
1883,2024-07-18 07:00:00,75.07,75.13,74.93,75.13,68886
1884,2024-07-18 06:55:00,75.14,75.14,75.07,75.07,9061
1885,2024-07-18 06:50:00,74.93,75.13,74.9,75.12,6978
1886,2024-07-18 06:45:00,75.07,75.08,74.9,74.93,16995
1887,2024-07-18 06:40:00,74.97,75.06,74.94,75.06,11911
1888,2024-07-18 06:35:00,74.92,74.99,74.87,74.97,6814
1889,2024-07-18 06:30:00,74.7,74.9,74.67,74.9,10836
1890,2024-07-18 06:25:00,74.87,74.88,74.7,74.7,7559
1891,2024-07-18 06:20:00,74.79,74.88,74.75,74.87,13595
1892,2024-07-18 06:15:00,74.56,74.86,74.55,74.79,28576
1893,2024-07-18 06:10:00,74.56,74.66,74.47,74.56,61613
1894,2024-07-18 06:05:00,74.71,74.71,74.57,74.57,80173
1895,2024-07-18 06:00:00,74.96,74.97,74.61,74.7,49926
1896,2024-07-18 05:55:00,75.05,75.05,74.92,74.96,32463
1897,2024-07-18 05:50:00,74.93,75.08,74.93,75.08,10828
1898,2024-07-18 05:45:00,74.95,75.09,74.93,74.94,12181
1899,2024-07-18 05:40:00,75.19,75.19,74.91,74.95,40041
1900,2024-07-18 05:35:00,75.17,75.21,75.06,75.2,12006
1901,2024-07-18 05:30:00,75.37,75.38,75.11,75.17,23423
1902,2024-07-18 05:25:00,75.53,75.56,75.37,75.37,11197
1903,2024-07-18 05:20:00,75.61,75.68,75.52,75.52,6512
1904,2024-07-18 05:15:00,75.65,75.67,75.59,75.62,12386
1905,2024-07-18 05:10:00,75.55,75.65,75.54,75.65,16587
1906,2024-07-18 05:05:00,75.49,75.56,75.41,75.53,20121
1907,2024-07-18 05:00:00,75.64,75.67,75.43,75.47,26751
1908,2024-07-18 04:55:00,75.54,75.64,75.54,75.64,7681
1909,2024-07-18 04:50:00,75.57,75.65,75.5,75.53,13194
1910,2024-07-18 04:45:00,75.58,75.6,75.46,75.58,6426
1911,2024-07-18 04:40:00,75.46,75.6,75.45,75.54,13846
1912,2024-07-18 04:35:00,75.43,75.54,75.4,75.46,14775
1913,2024-07-18 04:30:00,75.1,75.48,75.02,75.44,12333
1914,2024-07-18 04:25:00,75.15,75.16,75.09,75.1,9122
1915,2024-07-18 04:20:00,75.16,75.28,75.09,75.15,20207
1916,2024-07-18 04:15:00,75.04,75.15,74.92,75.15,12403
1917,2024-07-18 04:10:00,75.1,75.15,75.02,75.04,18639
1918,2024-07-18 04:05:00,75.22,75.24,74.97,75.09,47666
1919,2024-07-18 04:00:00,75.42,75.42,74.21,75.2,115194
1920,2024-07-17 19:55:00,74.87,74.92,74.851,74.88,21292
1921,2024-07-17 19:50:00,74.89,74.89,74.812,74.865,16261
1922,2024-07-17 19:45:00,74.95,74.95,74.85,74.89,14703
1923,2024-07-17 19:40:00,74.91,74.95,74.9,74.95,18287
1924,2024-07-17 19:35:00,74.96,74.97,74.913,74.92,26254
1925,2024-07-17 19:30:00,74.89,74.97,74.89,74.96,26402
1926,2024-07-17 19:25:00,74.87,74.89,74.86,74.89,12633
1927,2024-07-17 19:20:00,74.85,74.88,74.82,74.88,7730
1928,2024-07-17 19:15:00,74.83,74.864,74.82,74.85,9262
1929,2024-07-17 19:10:00,74.82,74.88,74.82,74.83,25299
1930,2024-07-17 19:05:00,74.88,74.89,74.81,74.811,11807
1931,2024-07-17 19:00:00,74.91,74.92,74.84,74.88,6962
1932,2024-07-17 18:55:00,74.78,74.94,74.77,74.9,22226
1933,2024-07-17 18:50:00,74.77,74.83,74.76,74.78,13036
1934,2024-07-17 18:45:00,74.75,74.77,74.74,74.759,11376
1935,2024-07-17 18:40:00,74.72,74.77,74.71,74.74,9373
1936,2024-07-17 18:35:00,74.84,74.84,74.62,74.71,32520
1937,2024-07-17 18:30:00,74.82,74.89,74.8,74.81,20576
1938,2024-07-17 18:25:00,74.87,74.87,74.78,74.82,20073
1939,2024-07-17 18:20:00,74.85,74.92,74.83,74.86,22518
1940,2024-07-17 18:15:00,74.76,74.87,74.75,74.82,30839
1941,2024-07-17 18:10:00,74.7,74.78,74.68,74.76,15853
1942,2024-07-17 18:05:00,74.849,77.32,74.7,74.7,33354
1943,2024-07-17 18:00:00,74.52,77.13,74.52,74.83,67280
1944,2024-07-17 17:55:00,74.52,74.52,74.48,74.52,10455
1945,2024-07-17 17:50:00,74.49,74.52,74.48,74.51,5883
1946,2024-07-17 17:45:00,74.49,74.5,74.47,74.49,7070
1947,2024-07-17 17:40:00,74.47,74.49,74.45,74.48,4387
1948,2024-07-17 17:35:00,74.44,74.491,74.43,74.47,8095
1949,2024-07-17 17:30:00,74.43,74.44,74.42,74.429,13467
1950,2024-07-17 17:25:00,74.43,74.44,74.41,74.43,8809
1951,2024-07-17 17:20:00,74.52,74.53,74.31,74.43,35612
1952,2024-07-17 17:15:00,74.52,74.54,74.48,74.5,37931
1953,2024-07-17 17:10:00,74.48,77.32,74.46,74.51,23019
1954,2024-07-17 17:05:00,74.41,74.47,74.38,74.47,16496
1955,2024-07-17 17:00:00,74.39,74.43,74.38,74.4,15018
1956,2024-07-17 16:55:00,74.33,74.41,74.32,74.4,19700
1957,2024-07-17 16:50:00,74.36,77.18,74.325,74.325,19892
1958,2024-07-17 16:45:00,74.37,74.42,74.32,74.37,18053
1959,2024-07-17 16:40:00,74.42,74.42,74.35,74.37,33543
1960,2024-07-17 16:35:00,74.43,77.5,74.4,74.42,51324
1961,2024-07-17 16:30:00,74.42,74.5,74.4,74.44,86208
1962,2024-07-17 16:25:00,74.41,74.44,74.36,74.43,50475
1963,2024-07-17 16:20:00,74.17,77.28,74.17,74.43,60614
1964,2024-07-17 16:15:00,74.271,74.32,74.15,74.19,132646
1965,2024-07-17 16:10:00,74.12,74.31,74.111,74.28,69181
1966,2024-07-17 16:05:00,74.22,74.25,74.03,74.13,111470
1967,2024-07-17 16:00:00,74.13,74.3,73.84,74.21,686198
1968,2024-07-17 15:55:00,74.63,74.65,74.09,74.135,2174437
1969,2024-07-17 15:50:00,74.89,75.07,74.6,74.621,1217425
1970,2024-07-17 15:45:00,74.55,74.89,74.51,74.89,490040
1971,2024-07-17 15:40:00,74.58,77.19,74.44,74.56,382608
1972,2024-07-17 15:35:00,74.75,74.77,74.53,74.565,548627
1973,2024-07-17 15:30:00,74.89,75.09,74.73,74.745,701125
1974,2024-07-17 15:25:00,74.873,74.99,74.72,74.895,425843
1975,2024-07-17 15:20:00,74.52,74.93,74.47,74.87,669438
1976,2024-07-17 15:15:00,74.555,74.696,74.38,74.5,382001
1977,2024-07-17 15:10:00,74.38,74.79,74.365,74.55,618940
1978,2024-07-17 15:05:00,74.44,74.55,74.22,74.38,652261
1979,2024-07-17 15:00:00,74.56,74.71,74.36,74.44,605447
1980,2024-07-17 14:55:00,74.45,74.67,74.43,74.55,413065
1981,2024-07-17 14:50:00,74.5,74.65,74.39,74.435,657821
1982,2024-07-17 14:45:00,74.66,74.79,74.44,74.48,456171
1983,2024-07-17 14:40:00,74.73,74.86,74.6,74.665,326408
1984,2024-07-17 14:35:00,74.79,74.99,74.7,74.73,446613
1985,2024-07-17 14:30:00,74.93,75.13,74.778,74.8,498179
1986,2024-07-17 14:25:00,74.89,75.05,74.78,74.95,522854
1987,2024-07-17 14:20:00,74.96,75.105,74.86,74.86,434341
1988,2024-07-17 14:15:00,74.68,75.01,74.675,74.95,450334
1989,2024-07-17 14:10:00,74.74,74.96,74.67,74.68,516262
1990,2024-07-17 14:05:00,74.48,74.826,74.42,74.74,520820
1991,2024-07-17 14:00:00,74.63,74.635,74.4,74.49,337417
1992,2024-07-17 13:55:00,74.53,74.74,74.53,74.611,335103
1993,2024-07-17 13:50:00,74.805,74.84,74.48,74.52,397765
1994,2024-07-17 13:45:00,74.735,74.92,74.66,74.8,453895
1995,2024-07-17 13:40:00,74.89,74.91,74.705,74.75,467117
1996,2024-07-17 13:35:00,75.18,75.235,74.88,74.895,721580
1997,2024-07-17 13:30:00,74.77,75.19,74.74,75.189,1060225
1998,2024-07-17 13:25:00,74.67,74.83,74.58,74.79,515891
1999,2024-07-17 13:20:00,74.72,74.93,74.635,74.675,463934
2000,2024-07-17 13:15:00,74.455,74.83,74.39,74.72,539643
2001,2024-07-17 13:10:00,74.52,74.71,74.43,74.44,428166
2002,2024-07-17 13:05:00,74.83,74.91,74.505,74.51,397838
2003,2024-07-17 13:00:00,74.97,75.027,74.75,74.825,572608
2004,2024-07-17 12:55:00,74.795,75.05,74.74,74.99,897025
2005,2024-07-17 12:50:00,74.44,74.865,74.38,74.797,913974
2006,2024-07-17 12:45:00,74.49,74.57,74.331,74.45,620776
2007,2024-07-17 12:40:00,74.69,74.735,74.467,74.47,538267
2008,2024-07-17 12:35:00,74.73,74.845,74.5,74.68,687720
2009,2024-07-17 12:30:00,74.66,74.88,74.64,74.73,543078
2010,2024-07-17 12:25:00,74.765,74.81,74.55,74.668,512276
2011,2024-07-17 12:20:00,74.84,74.98,74.69,74.76,434962
2012,2024-07-17 12:15:00,74.72,74.87,74.672,74.84,511516
2013,2024-07-17 12:10:00,74.95,74.97,74.63,74.7,880167
2014,2024-07-17 12:05:00,75.117,75.195,74.96,74.96,383130
2015,2024-07-17 12:00:00,75.27,75.3,75.0,75.13,538495
2016,2024-07-17 11:55:00,75.12,75.3,75.05,75.26,456133
2017,2024-07-17 11:50:00,75.074,75.165,74.875,75.12,940652
2018,2024-07-17 11:45:00,75.217,75.31,75.05,75.075,559047
2019,2024-07-17 11:40:00,75.57,75.635,75.11,75.218,919931
2020,2024-07-17 11:35:00,75.73,75.75,75.469,75.57,532854
2021,2024-07-17 11:30:00,75.79,75.84,75.53,75.74,602163
2022,2024-07-17 11:25:00,75.72,75.79,75.37,75.79,728756
2023,2024-07-17 11:20:00,75.755,76.027,75.565,75.7,682182
2024,2024-07-17 11:15:00,75.5,75.82,75.33,75.76,758192
2025,2024-07-17 11:10:00,75.78,75.81,75.4,75.51,652904
2026,2024-07-17 11:05:00,75.51,75.795,75.38,75.79,812211
2027,2024-07-17 11:00:00,75.7,75.77,75.48,75.49,582241
2028,2024-07-17 10:55:00,75.55,75.8,75.525,75.705,540522
2029,2024-07-17 10:50:00,75.74,75.78,75.48,75.555,825934
2030,2024-07-17 10:45:00,76.22,76.36,75.725,75.725,1084790
2031,2024-07-17 10:40:00,76.015,76.3,75.99,76.23,817661
2032,2024-07-17 10:35:00,76.07,76.28,75.87,76.03,6169741
2033,2024-07-17 10:30:00,75.77,76.19,75.72,76.07,748528
2034,2024-07-17 10:25:00,75.84,76.0,75.57,75.78,815865
2035,2024-07-17 10:20:00,76.03,76.07,75.78,75.85,851750
2036,2024-07-17 10:15:00,75.74,76.115,75.64,76.04,1059459
2037,2024-07-17 10:10:00,75.62,75.91,75.41,75.75,1386832
2038,2024-07-17 10:05:00,76.08,76.32,75.515,75.61,1592512
2039,2024-07-17 10:00:00,76.715,76.75,76.0,76.09,2100916
2040,2024-07-17 09:55:00,77.02,77.14,76.71,76.729,880792
2041,2024-07-17 09:50:00,76.92,77.19,76.705,77.03,1040405
2042,2024-07-17 09:45:00,76.755,77.11,76.69,76.94,1116581
2043,2024-07-17 09:40:00,77.06,77.17,76.74,76.76,1365731
2044,2024-07-17 09:35:00,77.02,77.57,76.94,77.04,1936444
2045,2024-07-17 09:30:00,77.33,77.4,77.02,77.025,3308433
2046,2024-07-17 09:25:00,77.64,77.64,77.27,77.32,182675
2047,2024-07-17 09:20:00,77.59,77.71,77.55,77.64,49346
2048,2024-07-17 09:15:00,77.69,77.72,77.49,77.59,118124
2049,2024-07-17 09:10:00,77.75,77.77,77.6,77.69,42464
2050,2024-07-17 09:05:00,77.63,77.77,77.61,77.75,103375
2051,2024-07-17 09:00:00,77.58,77.64,77.51,77.64,67087
2052,2024-07-17 08:55:00,77.67,77.72,77.505,77.585,62416
2053,2024-07-17 08:50:00,77.66,77.79,77.629,77.69,75010
2054,2024-07-17 08:45:00,77.7,77.9,77.64,77.649,63342
2055,2024-07-17 08:40:00,77.74,77.78,77.59,77.7,91757
2056,2024-07-17 08:35:00,77.99,78.0,77.67,77.74,66054
2057,2024-07-17 08:30:00,77.889,81.985,77.82,78.0,56887
2058,2024-07-17 08:25:00,77.871,77.93,77.85,77.888,31868
2059,2024-07-17 08:20:00,77.9,77.93,77.8,77.88,42548
2060,2024-07-17 08:15:00,77.838,78.03,77.82,77.91,98734
2061,2024-07-17 08:10:00,77.63,77.88,77.61,77.84,113837
2062,2024-07-17 08:05:00,79.29,79.66,77.52,77.628,101298
2063,2024-07-17 08:00:00,78.29,80.61,77.33,78.41,743865
2064,2024-07-17 07:55:00,77.6,77.72,77.6,77.65,31642
2065,2024-07-17 07:50:00,77.53,77.62,77.52,77.6,57694
2066,2024-07-17 07:45:00,77.55,77.69,77.46,77.52,78845
2067,2024-07-17 07:40:00,77.45,77.6,77.35,77.55,46345
2068,2024-07-17 07:35:00,77.34,77.47,77.33,77.45,55254
2069,2024-07-17 07:30:00,77.59,77.59,77.33,77.34,55810
2070,2024-07-17 07:25:00,77.48,77.63,77.46,77.59,71322
2071,2024-07-17 07:20:00,77.689,77.7,77.47,77.49,105644
2072,2024-07-17 07:15:00,77.83,77.86,77.64,77.67,101593
2073,2024-07-17 07:10:00,77.94,78.05,77.81,77.83,61447
2074,2024-07-17 07:05:00,78.11,78.12,77.84,77.95,83278
2075,2024-07-17 07:00:00,78.21,78.38,78.04,78.09,92239
2076,2024-07-17 06:55:00,78.18,78.22,78.06,78.19,24710
2077,2024-07-17 06:50:00,78.33,78.37,78.08,78.19,28755
2078,2024-07-17 06:45:00,78.44,78.5,78.34,78.34,17144
2079,2024-07-17 06:40:00,78.48,78.6,78.43,78.44,37435
2080,2024-07-17 06:35:00,78.42,78.47,78.37,78.47,19299
2081,2024-07-17 06:30:00,78.43,78.43,78.29,78.42,20895
2082,2024-07-17 06:25:00,78.3,78.47,78.27,78.42,20876
2083,2024-07-17 06:20:00,78.34,78.36,78.22,78.31,13250
2084,2024-07-17 06:15:00,78.39,78.4,78.31,78.34,8814
2085,2024-07-17 06:10:00,78.33,78.38,78.32,78.38,8954
2086,2024-07-17 06:05:00,78.33,78.37,78.31,78.33,13835
2087,2024-07-17 06:00:00,78.32,78.34,78.28,78.34,7344
2088,2024-07-17 05:55:00,78.33,78.39,78.32,78.33,5676
2089,2024-07-17 05:50:00,78.38,78.38,78.33,78.34,6859
2090,2024-07-17 05:45:00,78.32,78.47,78.28,78.35,21189
2091,2024-07-17 05:40:00,78.31,78.38,78.28,78.33,13149
2092,2024-07-17 05:35:00,78.36,78.38,78.27,78.31,8749
2093,2024-07-17 05:30:00,78.26,78.36,78.06,78.34,26043
2094,2024-07-17 05:25:00,78.36,78.36,78.26,78.26,8114
2095,2024-07-17 05:20:00,78.35,78.39,78.31,78.36,19613
2096,2024-07-17 05:15:00,78.39,78.4,78.3,78.35,11968
2097,2024-07-17 05:10:00,78.37,78.44,78.33,78.39,14570
2098,2024-07-17 05:05:00,78.27,78.39,78.24,78.38,20678
2099,2024-07-17 05:00:00,78.31,78.35,78.24,78.27,29172
2100,2024-07-17 04:55:00,78.31,78.36,78.15,78.31,26282
2101,2024-07-17 04:50:00,78.24,78.33,78.21,78.31,28037
2102,2024-07-17 04:45:00,77.95,78.24,77.95,78.24,20427
2103,2024-07-17 04:40:00,78.06,78.1,77.91,77.95,46649
2104,2024-07-17 04:35:00,78.12,78.24,78.0,78.06,44331
2105,2024-07-17 04:30:00,77.99,78.13,77.98,78.11,56404
2106,2024-07-17 04:25:00,77.97,78.07,77.91,78.0,44670
2107,2024-07-17 04:20:00,78.14,78.19,77.95,77.96,56236
2108,2024-07-17 04:15:00,78.23,78.28,78.07,78.14,66361
2109,2024-07-17 04:10:00,78.45,78.51,78.17,78.25,87485
2110,2024-07-17 04:05:00,78.7,78.7,78.39,78.46,56460
2111,2024-07-17 04:00:00,78.62,80.36,78.43,78.7,112384
2112,2024-07-16 19:55:00,80.97,80.98,80.9,80.93,28878
2113,2024-07-16 19:50:00,80.93,80.98,80.92,80.97,12501
2114,2024-07-16 19:45:00,80.95,80.97,80.91,80.921,40171
2115,2024-07-16 19:40:00,80.96,80.98,80.93,80.95,18833
2116,2024-07-16 19:35:00,80.96,80.98,80.93,80.95,21211
2117,2024-07-16 19:30:00,80.929,80.97,80.9,80.96,3345
2118,2024-07-16 19:25:00,80.88,80.94,80.87,80.94,2958
2119,2024-07-16 19:20:00,80.89,80.9,80.82,80.86,12051
2120,2024-07-16 19:15:00,81.02,81.05,80.87,80.87,10774
2121,2024-07-16 19:10:00,81.075,81.08,80.98,81.011,35008
2122,2024-07-16 19:05:00,81.11,81.15,81.07,81.07,8850
2123,2024-07-16 19:00:00,81.185,81.21,81.11,81.11,6572
2124,2024-07-16 18:55:00,81.17,81.21,81.15,81.18,7283
2125,2024-07-16 18:50:00,81.17,81.18,81.14,81.16,2269
2126,2024-07-16 18:45:00,81.22,81.22,81.175,81.18,2707
2127,2024-07-16 18:40:00,81.2,81.23,81.18,81.21,3158
2128,2024-07-16 18:35:00,81.22,81.22,81.2,81.21,403
2129,2024-07-16 18:30:00,81.2,81.25,81.2,81.22,2127
2130,2024-07-16 18:25:00,81.18,81.21,81.17,81.2,5938
2131,2024-07-16 18:20:00,81.21,81.22,81.151,81.19,4967
2132,2024-07-16 18:15:00,81.22,81.25,81.2,81.21,1481
2133,2024-07-16 18:10:00,81.19,81.24,81.16,81.21,5994
2134,2024-07-16 18:05:00,81.21,81.218,81.16,81.2,9323
2135,2024-07-16 18:00:00,81.22,81.26,81.06,81.21,15983
2136,2024-07-16 17:55:00,81.23,81.28,81.22,81.22,4607
2137,2024-07-16 17:50:00,81.24,81.24,81.21,81.23,5088
2138,2024-07-16 17:45:00,81.26,81.28,81.18,81.23,1384
2139,2024-07-16 17:40:00,81.28,81.28,81.24,81.26,1009
2140,2024-07-16 17:35:00,81.227,81.28,81.218,81.28,3530
2141,2024-07-16 17:30:00,81.23,81.27,81.19,81.211,6296
2142,2024-07-16 17:25:00,81.23,81.23,81.18,81.2,3081
2143,2024-07-16 17:20:00,81.22,81.24,81.195,81.2,1934
2144,2024-07-16 17:15:00,81.2,81.24,81.2,81.24,3827
2145,2024-07-16 17:10:00,81.15,81.22,81.12,81.2,10183
2146,2024-07-16 17:05:00,81.18,81.27,81.15,81.155,27472
2147,2024-07-16 17:00:00,81.22,81.24,81.12,81.17,22881
2148,2024-07-16 16:55:00,81.25,81.25,81.2,81.2,8978
2149,2024-07-16 16:50:00,81.28,81.29,81.23,81.26,7929
2150,2024-07-16 16:45:00,81.29,81.3,81.27,81.29,5951
2151,2024-07-16 16:40:00,81.32,81.35,81.29,81.3,8965
2152,2024-07-16 16:35:00,81.3,81.33,81.28,81.33,6015
2153,2024-07-16 16:30:00,81.3,81.31,81.27,81.28,11806
2154,2024-07-16 16:25:00,81.25,81.32,81.25,81.31,20200
2155,2024-07-16 16:20:00,81.25,81.26,81.23,81.25,17571
2156,2024-07-16 16:15:00,81.3,81.39,81.26,81.27,15637
2157,2024-07-16 16:10:00,81.4,81.41,81.25,81.3,26028
2158,2024-07-16 16:05:00,81.21,81.41,81.17,81.4,36678
2159,2024-07-16 16:00:00,81.32,81.356,81.16,81.22,742868
2160,2024-07-16 15:55:00,81.38,81.485,81.2,81.32,1142159
2161,2024-07-16 15:50:00,80.93,81.42,80.88,81.375,1109589
2162,2024-07-16 15:45:00,81.08,81.118,80.88,80.94,268489
2163,2024-07-16 15:40:00,81.15,81.21,80.95,81.075,239223
2164,2024-07-16 15:35:00,81.223,81.24,80.97,81.157,347153
2165,2024-07-16 15:30:00,81.07,81.27,80.89,81.22,391454
2166,2024-07-16 15:25:00,81.02,81.11,80.84,81.08,244527
2167,2024-07-16 15:20:00,80.94,81.09,80.865,81.017,271815
2168,2024-07-16 15:15:00,81.08,81.094,80.89,80.94,203512
2169,2024-07-16 15:10:00,81.035,81.14,80.94,81.09,193567
2170,2024-07-16 15:05:00,81.01,81.075,80.88,81.03,239600
2171,2024-07-16 15:00:00,81.201,81.241,80.95,81.0,418830
2172,2024-07-16 14:55:00,81.0,81.2,80.925,81.2,371405
2173,2024-07-16 14:50:00,81.01,81.06,80.815,80.991,379400
2174,2024-07-16 14:45:00,81.11,81.19,80.89,81.019,394455
2175,2024-07-16 14:40:00,80.98,81.157,80.9,81.12,429785
2176,2024-07-16 14:35:00,80.62,81.019,80.61,80.974,588919
2177,2024-07-16 14:30:00,80.54,80.678,80.46,80.613,218075
2178,2024-07-16 14:25:00,80.67,80.69,80.525,80.55,241549
2179,2024-07-16 14:20:00,80.09,80.68,80.01,80.67,619857
2180,2024-07-16 14:15:00,80.28,80.28,79.99,80.104,430137
2181,2024-07-16 14:10:00,80.38,80.427,80.21,80.27,197209
2182,2024-07-16 14:05:00,80.295,80.44,80.295,80.38,150528
2183,2024-07-16 14:00:00,80.44,80.44,80.2,80.305,272516
2184,2024-07-16 13:55:00,80.38,80.55,80.37,80.44,219419
2185,2024-07-16 13:50:00,80.31,80.429,80.24,80.385,227235
2186,2024-07-16 13:45:00,80.232,80.45,80.21,80.32,299055
2187,2024-07-16 13:40:00,80.19,80.28,80.1,80.23,223488
2188,2024-07-16 13:35:00,80.4,80.4,80.1,80.185,224372
2189,2024-07-16 13:30:00,80.27,80.43,80.145,80.4,238680
2190,2024-07-16 13:25:00,80.32,80.48,80.25,80.295,177603
2191,2024-07-16 13:20:00,80.34,80.41,80.24,80.32,254337
2192,2024-07-16 13:15:00,80.42,80.489,80.16,80.35,246284
2193,2024-07-16 13:10:00,80.57,80.591,80.325,80.42,296866
2194,2024-07-16 13:05:00,80.535,80.59,80.36,80.575,232075
2195,2024-07-16 13:00:00,80.67,80.67,80.52,80.54,342972
2196,2024-07-16 12:55:00,80.58,80.73,80.52,80.695,408700
2197,2024-07-16 12:50:00,80.395,80.595,80.36,80.58,451474
2198,2024-07-16 12:45:00,79.85,80.43,79.84,80.41,513657
2199,2024-07-16 12:40:00,80.185,80.265,79.79,79.84,434262
2200,2024-07-16 12:35:00,79.87,80.35,79.865,80.188,550285
2201,2024-07-16 12:30:00,80.0,80.04,79.74,79.86,528779
2202,2024-07-16 12:25:00,80.07,80.117,79.95,80.01,286565
2203,2024-07-16 12:20:00,80.13,80.225,79.93,80.07,426598
2204,2024-07-16 12:15:00,80.38,80.5,79.805,80.14,958196
2205,2024-07-16 12:10:00,80.42,80.56,80.08,80.373,686072
2206,2024-07-16 12:05:00,80.813,80.86,80.38,80.42,297861
2207,2024-07-16 12:00:00,80.75,80.94,80.749,80.82,212316
2208,2024-07-16 11:55:00,80.92,80.98,80.675,80.745,224583
2209,2024-07-16 11:50:00,80.72,81.04,80.72,80.92,342131
2210,2024-07-16 11:45:00,80.69,80.87,80.66,80.725,264461
2211,2024-07-16 11:40:00,80.78,80.81,80.6,80.683,229690
2212,2024-07-16 11:35:00,80.55,80.78,80.47,80.775,302515
2213,2024-07-16 11:30:00,80.82,80.91,80.45,80.545,511119
2214,2024-07-16 11:25:00,80.959,81.06,80.732,80.825,299665
2215,2024-07-16 11:20:00,80.99,81.02,80.81,80.95,293608
2216,2024-07-16 11:15:00,81.026,81.12,80.91,80.99,319391
2217,2024-07-16 11:10:00,81.261,81.43,80.98,81.05,717578
2218,2024-07-16 11:05:00,80.96,81.35,80.89,81.27,796118
2219,2024-07-16 11:00:00,80.631,80.96,80.43,80.95,567301
2220,2024-07-16 10:55:00,80.755,80.84,80.53,80.63,371270
2221,2024-07-16 10:50:00,80.97,81.06,80.68,80.77,410273
2222,2024-07-16 10:45:00,80.85,81.01,80.735,80.96,435711
2223,2024-07-16 10:40:00,80.74,81.08,80.67,80.85,814588
2224,2024-07-16 10:35:00,80.51,80.81,80.27,80.745,680378
2225,2024-07-16 10:30:00,80.41,80.74,80.26,80.518,666443
2226,2024-07-16 10:25:00,80.27,80.6,80.195,80.42,708985
2227,2024-07-16 10:20:00,80.63,80.8,80.13,80.259,974852
2228,2024-07-16 10:15:00,80.17,80.64,80.05,80.625,871896
2229,2024-07-16 10:10:00,80.17,80.42,80.125,80.18,863263
2230,2024-07-16 10:05:00,80.49,80.56,79.98,80.18,1395395
2231,2024-07-16 10:00:00,81.11,81.26,80.45,80.49,1178508
2232,2024-07-16 09:55:00,81.66,81.66,80.95,81.1,1037512
2233,2024-07-16 09:50:00,81.37,81.76,81.37,81.66,806723
2234,2024-07-16 09:45:00,81.72,81.93,81.36,81.37,1002257
2235,2024-07-16 09:40:00,82.29,82.295,81.7,81.72,645320
2236,2024-07-16 09:35:00,82.13,82.35,81.76,82.29,1110503
2237,2024-07-16 09:30:00,81.94,82.195,81.73,82.13,1457081
2238,2024-07-16 09:25:00,81.82,81.96,81.78,81.94,71691
2239,2024-07-16 09:20:00,81.83,81.86,81.78,81.82,41808
2240,2024-07-16 09:15:00,81.849,81.88,81.79,81.83,27867
2241,2024-07-16 09:10:00,81.83,81.89,81.76,81.86,33539
2242,2024-07-16 09:05:00,81.66,81.81,81.66,81.81,26576
2243,2024-07-16 09:00:00,81.8,81.81,81.64,81.65,21697
2244,2024-07-16 08:55:00,81.73,81.82,81.65,81.82,39454
2245,2024-07-16 08:50:00,81.77,81.77,81.62,81.74,37174
2246,2024-07-16 08:45:00,81.98,81.98,81.78,81.79,17115
2247,2024-07-16 08:40:00,81.81,81.99,81.75,81.99,53227
2248,2024-07-16 08:35:00,81.85,81.94,81.79,81.799,42627
2249,2024-07-16 08:30:00,81.68,81.91,81.11,81.85,257645
2250,2024-07-16 08:25:00,81.76,81.78,81.69,81.75,12601
2251,2024-07-16 08:20:00,81.68,81.76,81.68,81.75,38145
2252,2024-07-16 08:15:00,81.72,81.76,81.67,81.685,13287
2253,2024-07-16 08:10:00,81.75,81.755,81.67,81.72,10151
2254,2024-07-16 08:05:00,81.73,81.78,81.73,81.75,9464
2255,2024-07-16 08:00:00,81.66,81.97,80.662,81.73,171083
2256,2024-07-16 07:55:00,81.7,81.74,81.67,81.74,5255
2257,2024-07-16 07:50:00,81.73,81.73,81.68,81.69,13970
2258,2024-07-16 07:45:00,81.68,81.72,81.65,81.72,5508
2259,2024-07-16 07:40:00,81.63,81.68,81.58,81.68,17851
2260,2024-07-16 07:35:00,81.71,81.78,81.62,81.63,12490
2261,2024-07-16 07:30:00,81.69,81.74,81.66,81.71,7724
2262,2024-07-16 07:25:00,81.6,81.74,81.6,81.69,5529
2263,2024-07-16 07:20:00,81.73,81.73,81.58,81.58,8380
2264,2024-07-16 07:15:00,81.7,81.78,81.7,81.75,5440
2265,2024-07-16 07:10:00,81.76,81.77,81.7,81.72,7436
2266,2024-07-16 07:05:00,81.78,81.8,81.74,81.76,34347
2267,2024-07-16 07:00:00,81.59,81.79,81.58,81.79,52161
2268,2024-07-16 06:55:00,81.67,81.67,81.53,81.6,13350
2269,2024-07-16 06:50:00,81.68,81.69,81.65,81.68,11844
2270,2024-07-16 06:45:00,81.66,81.72,81.66,81.69,5792
2271,2024-07-16 06:40:00,81.62,81.71,81.62,81.65,7645
2272,2024-07-16 06:35:00,81.75,81.75,81.61,81.62,9561
2273,2024-07-16 06:30:00,81.69,81.78,81.66,81.75,21917
2274,2024-07-16 06:25:00,81.62,81.69,81.61,81.68,14276
2275,2024-07-16 06:20:00,81.51,81.64,81.51,81.6,23005
2276,2024-07-16 06:15:00,81.45,81.52,81.4,81.51,4549
2277,2024-07-16 06:10:00,81.4,81.51,81.37,81.45,8873
2278,2024-07-16 06:05:00,81.41,81.43,81.32,81.37,9593
2279,2024-07-16 06:00:00,81.35,81.46,81.32,81.4,8747
2280,2024-07-16 05:55:00,81.31,81.39,81.27,81.37,6743
2281,2024-07-16 05:50:00,81.28,81.37,81.28,81.32,4144
2282,2024-07-16 05:45:00,81.21,81.32,81.2,81.31,6118
2283,2024-07-16 05:40:00,81.1,81.2,81.08,81.2,5210
2284,2024-07-16 05:35:00,81.2,81.2,81.09,81.1,4502
2285,2024-07-16 05:30:00,81.29,81.3,81.17,81.22,11652
2286,2024-07-16 05:25:00,81.34,81.36,81.29,81.3,7253
2287,2024-07-16 05:20:00,81.36,81.38,81.31,81.34,15753
2288,2024-07-16 05:15:00,81.33,81.43,81.29,81.36,10917
2289,2024-07-16 05:10:00,81.26,81.35,81.22,81.3,9412
2290,2024-07-16 05:05:00,81.38,81.38,81.24,81.24,10766
2291,2024-07-16 05:00:00,81.41,81.49,81.39,81.39,22368
2292,2024-07-16 04:55:00,81.21,81.42,81.2,81.36,9137
2293,2024-07-16 04:50:00,80.95,81.27,80.95,81.21,15473
2294,2024-07-16 04:45:00,81.02,81.04,80.91,80.94,3582
2295,2024-07-16 04:40:00,80.95,81.07,80.95,81.04,6321
2296,2024-07-16 04:35:00,80.98,81.03,80.92,80.93,10598
2297,2024-07-16 04:30:00,80.98,81.07,80.9,81.01,8247
2298,2024-07-16 04:25:00,81.1,81.1,80.95,80.98,9882
2299,2024-07-16 04:20:00,80.83,81.13,80.83,81.1,17277
2300,2024-07-16 04:15:00,80.83,80.87,80.76,80.83,20309
2301,2024-07-16 04:10:00,80.78,80.86,80.65,80.83,20849
2302,2024-07-16 04:05:00,80.86,80.89,80.75,80.77,71146
2303,2024-07-16 04:00:00,81.13,81.65,80.85,80.88,35700
2304,2024-07-15 19:55:00,81.73,81.75,81.7,81.72,17874
2305,2024-07-15 19:50:00,81.8,81.8,81.73,81.74,21377
2306,2024-07-15 19:45:00,81.82,81.83,81.78,81.79,15729
2307,2024-07-15 19:40:00,81.84,81.85,81.81,81.83,22508
2308,2024-07-15 19:35:00,81.81,81.84,81.81,81.83,2642
2309,2024-07-15 19:30:00,81.8,81.83,81.79,81.82,6093
2310,2024-07-15 19:25:00,81.77,81.8,81.77,81.8,4839
2311,2024-07-15 19:20:00,81.78,81.79,81.76,81.78,26260
2312,2024-07-15 19:15:00,81.77,81.79,81.77,81.79,4781
2313,2024-07-15 19:10:00,81.78,81.78,81.75,81.77,1571
2314,2024-07-15 19:05:00,81.72,81.77,81.72,81.76,16066
2315,2024-07-15 19:00:00,81.74,81.77,81.7,81.715,2405
2316,2024-07-15 18:55:00,81.77,81.77,81.71,81.73,2973
2317,2024-07-15 18:50:00,81.78,81.78,81.74,81.76,13093
2318,2024-07-15 18:45:00,81.74,81.8,81.74,81.76,31955
2319,2024-07-15 18:40:00,81.72,81.78,81.71,81.74,8464
2320,2024-07-15 18:35:00,81.8,81.81,81.71,81.71,47235
2321,2024-07-15 18:30:00,81.87,81.88,81.72,81.75,12921
2322,2024-07-15 18:25:00,81.87,81.88,81.84,81.87,10458
2323,2024-07-15 18:20:00,81.83,81.86,81.81,81.86,17872
2324,2024-07-15 18:15:00,81.8,81.83,81.77,81.83,20152
2325,2024-07-15 18:10:00,81.76,81.8,81.75,81.76,14977
2326,2024-07-15 18:05:00,81.71,81.79,81.71,81.76,7230
2327,2024-07-15 18:00:00,81.64,81.77,81.64,81.71,37398
2328,2024-07-15 17:55:00,81.64,81.65,81.6,81.61,3085
2329,2024-07-15 17:50:00,81.6,81.65,81.6,81.64,12654
2330,2024-07-15 17:45:00,81.64,81.66,81.6,81.6,8692
2331,2024-07-15 17:40:00,81.63,81.64,81.63,81.63,25831
2332,2024-07-15 17:35:00,81.61,81.64,81.61,81.63,6760
2333,2024-07-15 17:30:00,81.65,81.66,81.61,81.62,3341
2334,2024-07-15 17:25:00,81.67,81.68,81.66,81.66,27079
2335,2024-07-15 17:20:00,81.67,81.69,81.66,81.67,5237
2336,2024-07-15 17:15:00,81.68,81.69,81.67,81.69,10694
2337,2024-07-15 17:10:00,81.69,81.69,81.67,81.69,3320
2338,2024-07-15 17:05:00,81.68,81.699,81.66,81.68,7096
2339,2024-07-15 17:00:00,81.63,81.7,81.63,81.679,9248
2340,2024-07-15 16:55:00,81.6,81.65,81.59,81.64,16196
2341,2024-07-15 16:50:00,81.569,81.6,81.54,81.6,13574
2342,2024-07-15 16:45:00,81.57,81.59,81.52,81.56,26684
2343,2024-07-15 16:40:00,81.62,81.62,81.55,81.56,18736
2344,2024-07-15 16:35:00,81.67,81.67,81.6,81.6,95836
2345,2024-07-15 16:30:00,81.57,81.69,81.54,81.66,45499
2346,2024-07-15 16:25:00,81.48,81.58,81.47,81.56,42502
2347,2024-07-15 16:20:00,81.41,81.48,81.4,81.46,24126
2348,2024-07-15 16:15:00,81.24,81.42,81.24,81.41,37347
2349,2024-07-15 16:10:00,81.32,81.4,81.31,81.39,64204
2350,2024-07-15 16:05:00,81.29,81.33,81.22,81.32,57254
2351,2024-07-15 16:00:00,81.24,81.4,81.18,81.3,318220
2352,2024-07-15 15:55:00,80.9,81.33,80.745,81.26,1426108
2353,2024-07-15 15:50:00,80.87,81.0,80.23,80.9,1784683
2354,2024-07-15 15:45:00,81.0,81.07,80.695,80.86,706781
2355,2024-07-15 15:40:00,81.25,81.33,80.94,80.99,464692
2356,2024-07-15 15:35:00,81.69,81.69,81.14,81.22,513607
2357,2024-07-15 15:30:00,81.575,81.775,81.48,81.692,413149
2358,2024-07-15 15:25:00,81.75,81.756,81.555,81.58,267155
2359,2024-07-15 15:20:00,81.81,81.817,81.54,81.759,449991
2360,2024-07-15 15:15:00,81.63,81.84,81.57,81.813,409223
2361,2024-07-15 15:10:00,81.564,81.67,81.53,81.65,258114
2362,2024-07-15 15:05:00,81.52,81.66,81.394,81.565,276625
2363,2024-07-15 15:00:00,81.54,81.62,81.41,81.52,310950
2364,2024-07-15 14:55:00,81.37,81.56,81.26,81.545,291144
2365,2024-07-15 14:50:00,81.45,81.48,81.29,81.37,254413
2366,2024-07-15 14:45:00,81.26,81.53,81.18,81.46,313041
2367,2024-07-15 14:40:00,81.37,81.415,81.11,81.27,285430
2368,2024-07-15 14:35:00,81.64,81.68,81.23,81.34,456145
2369,2024-07-15 14:30:00,81.35,81.72,81.29,81.645,550356
2370,2024-07-15 14:25:00,81.25,81.37,81.13,81.346,367908
2371,2024-07-15 14:20:00,80.82,81.33,80.81,81.26,510610
2372,2024-07-15 14:15:00,80.88,80.94,80.775,80.79,254873
2373,2024-07-15 14:10:00,81.055,81.11,80.72,80.875,458130
2374,2024-07-15 14:05:00,81.12,81.14,80.93,81.03,228310
2375,2024-07-15 14:00:00,80.98,81.12,80.82,81.12,387795
2376,2024-07-15 13:55:00,81.058,81.1,80.87,80.98,291046
2377,2024-07-15 13:50:00,81.06,81.35,81.015,81.05,528418
2378,2024-07-15 13:45:00,81.085,81.12,80.832,81.07,437912
2379,2024-07-15 13:40:00,81.115,81.245,81.06,81.095,254624
2380,2024-07-15 13:35:00,81.06,81.26,81.03,81.12,390540
2381,2024-07-15 13:30:00,81.39,81.43,80.89,81.05,1154704
2382,2024-07-15 13:25:00,81.88,81.92,81.305,81.39,538265
2383,2024-07-15 13:20:00,81.551,81.89,81.495,81.886,393234
2384,2024-07-15 13:15:00,81.54,81.59,81.24,81.56,552942
2385,2024-07-15 13:10:00,81.73,81.74,81.42,81.55,255698
2386,2024-07-15 13:05:00,81.46,81.83,81.44,81.72,466994
2387,2024-07-15 13:00:00,81.95,81.955,81.185,81.47,1075296
2388,2024-07-15 12:55:00,81.79,82.135,81.77,81.95,365574
2389,2024-07-15 12:50:00,81.92,81.97,81.69,81.8,353180
2390,2024-07-15 12:45:00,82.0,82.03,81.75,81.93,461800
2391,2024-07-15 12:40:00,81.99,82.345,81.87,81.98,747614
2392,2024-07-15 12:35:00,82.015,82.14,81.9,82.0,456755
2393,2024-07-15 12:30:00,82.06,82.07,81.915,82.02,309681
2394,2024-07-15 12:25:00,81.98,82.09,81.86,82.08,554268
2395,2024-07-15 12:20:00,81.54,82.015,81.37,81.97,978496
2396,2024-07-15 12:15:00,81.74,81.89,81.52,81.55,679080
2397,2024-07-15 12:10:00,82.05,82.08,81.71,81.75,1065470
2398,2024-07-15 12:05:00,82.33,82.33,81.9,82.07,766371
2399,2024-07-15 12:00:00,82.51,82.551,82.275,82.345,403064
2400,2024-07-15 11:55:00,82.3,82.556,82.21,82.51,482367
2401,2024-07-15 11:50:00,82.43,82.549,82.255,82.33,459777
2402,2024-07-15 11:45:00,82.49,82.55,82.075,82.433,1141961
2403,2024-07-15 11:40:00,82.94,83.03,82.422,82.48,694061
2404,2024-07-15 11:35:00,82.56,82.94,82.53,82.93,755011
2405,2024-07-15 11:30:00,82.89,83.02,82.491,82.57,1054945
2406,2024-07-15 11:25:00,83.53,83.55,82.86,82.89,1066434
2407,2024-07-15 11:20:00,83.485,83.62,83.48,83.54,683611
2408,2024-07-15 11:15:00,83.37,83.5,83.315,83.49,595611
2409,2024-07-15 11:10:00,83.09,83.38,83.08,83.37,651787
2410,2024-07-15 11:05:00,83.07,83.17,83.05,83.08,492985
2411,2024-07-15 11:00:00,82.83,83.14,82.79,83.065,957552
2412,2024-07-15 10:55:00,82.825,82.95,82.8,82.835,555222
2413,2024-07-15 10:50:00,82.65,82.86,82.649,82.825,706027
2414,2024-07-15 10:45:00,82.71,82.71,82.48,82.645,428337
2415,2024-07-15 10:40:00,82.539,82.71,82.48,82.704,527050
2416,2024-07-15 10:35:00,82.46,82.71,82.46,82.525,857562
2417,2024-07-15 10:30:00,82.294,82.59,82.27,82.465,950262
2418,2024-07-15 10:25:00,82.191,82.35,82.07,82.295,789553
2419,2024-07-15 10:20:00,82.07,82.21,82.015,82.19,369818
2420,2024-07-15 10:15:00,82.17,82.2,81.92,82.075,572473
2421,2024-07-15 10:10:00,82.14,82.25,81.99,82.169,933277
2422,2024-07-15 10:05:00,82.12,82.25,81.91,82.14,936855
2423,2024-07-15 10:00:00,81.68,82.125,81.63,82.12,979556
2424,2024-07-15 09:55:00,81.75,81.78,81.39,81.67,673076
2425,2024-07-15 09:50:00,81.58,81.83,81.271,81.76,913599
2426,2024-07-15 09:45:00,81.33,81.819,81.13,81.575,1306393
2427,2024-07-15 09:40:00,81.839,82.12,81.29,81.325,1454433
2428,2024-07-15 09:35:00,81.68,81.85,81.43,81.835,1358440
2429,2024-07-15 09:30:00,81.47,81.83,81.37,81.68,2161197
2430,2024-07-15 09:25:00,81.54,81.58,81.4,81.46,127346
2431,2024-07-15 09:20:00,81.46,81.58,81.46,81.54,54177
2432,2024-07-15 09:15:00,81.39,81.51,81.38,81.46,36545
2433,2024-07-15 09:10:00,81.47,81.5,81.36,81.39,94604
2434,2024-07-15 09:05:00,81.5,81.57,81.46,81.47,80877
2435,2024-07-15 09:00:00,81.39,81.55,81.38,81.5,27761
2436,2024-07-15 08:55:00,81.46,81.46,81.35,81.381,13791
2437,2024-07-15 08:50:00,81.36,81.49,81.31,81.47,28018
2438,2024-07-15 08:45:00,81.47,81.51,81.36,81.37,23233
2439,2024-07-15 08:40:00,81.45,81.5,81.35,81.479,55408
2440,2024-07-15 08:35:00,81.65,81.67,81.45,81.47,43504
2441,2024-07-15 08:30:00,81.7,81.76,81.6,81.63,37713
2442,2024-07-15 08:25:00,81.71,81.72,81.6,81.71,23980
2443,2024-07-15 08:20:00,81.669,81.76,81.64,81.69,27275
2444,2024-07-15 08:15:00,81.759,81.8,81.66,81.66,23949
2445,2024-07-15 08:10:00,81.65,81.96,81.63,81.76,31688
2446,2024-07-15 08:05:00,81.64,81.76,81.05,81.62,65600
2447,2024-07-15 08:00:00,81.628,81.98,81.05,81.53,416216
2448,2024-07-15 07:55:00,81.77,81.77,81.59,81.63,52107
2449,2024-07-15 07:50:00,81.77,81.809,81.72,81.75,39766
2450,2024-07-15 07:45:00,81.68,81.78,81.67,81.77,27317
2451,2024-07-15 07:40:00,81.76,81.76,81.58,81.69,27591
2452,2024-07-15 07:35:00,81.89,81.93,81.74,81.76,42209
2453,2024-07-15 07:30:00,81.88,81.98,81.88,81.9,30450
2454,2024-07-15 07:25:00,81.79,81.89,81.79,81.89,10049
2455,2024-07-15 07:20:00,81.86,81.87,81.79,81.79,20760
2456,2024-07-15 07:15:00,81.82,81.9,81.819,81.869,19588
2457,2024-07-15 07:10:00,81.78,81.88,81.78,81.84,84245
2458,2024-07-15 07:05:00,81.75,81.84,81.72,81.77,31875
2459,2024-07-15 07:00:00,81.69,81.75,81.67,81.75,62184
2460,2024-07-15 06:55:00,81.66,81.7,81.64,81.7,8191
2461,2024-07-15 06:50:00,81.66,81.68,81.65,81.67,3183
2462,2024-07-15 06:45:00,81.66,81.67,81.64,81.66,2584
2463,2024-07-15 06:40:00,81.64,81.69,81.63,81.66,11788
2464,2024-07-15 06:35:00,81.65,81.67,81.62,81.64,2841
2465,2024-07-15 06:30:00,81.67,81.68,81.63,81.65,5184
2466,2024-07-15 06:25:00,81.7,81.7,81.66,81.66,3008
2467,2024-07-15 06:20:00,81.64,81.7,81.63,81.7,6938
2468,2024-07-15 06:15:00,81.68,81.69,81.62,81.64,4472
2469,2024-07-15 06:10:00,81.67,81.7,81.67,81.69,2193
2470,2024-07-15 06:05:00,81.67,81.77,81.66,81.67,8223
2471,2024-07-15 06:00:00,81.67,81.7,81.46,81.67,11925
2472,2024-07-15 05:55:00,81.68,81.69,81.66,81.67,2946
2473,2024-07-15 05:50:00,81.69,81.7,81.67,81.67,3370
2474,2024-07-15 05:45:00,81.73,81.73,81.69,81.7,2861
2475,2024-07-15 05:40:00,81.69,81.73,81.66,81.73,11083
2476,2024-07-15 05:35:00,81.68,81.69,81.65,81.69,6057
2477,2024-07-15 05:30:00,81.68,81.7,81.66,81.68,6887
2478,2024-07-15 05:25:00,81.7,81.7,81.67,81.68,2767
2479,2024-07-15 05:20:00,81.68,81.71,81.65,81.7,4779
2480,2024-07-15 05:15:00,81.69,81.7,81.66,81.68,3072
2481,2024-07-15 05:10:00,81.69,81.7,81.66,81.69,9152
2482,2024-07-15 05:05:00,81.67,81.7,81.63,81.69,6386
2483,2024-07-15 05:00:00,81.68,81.7,81.66,81.68,26085
2484,2024-07-15 04:55:00,81.67,81.7,81.67,81.69,12136
2485,2024-07-15 04:50:00,81.67,81.7,81.65,81.67,6559
2486,2024-07-15 04:45:00,81.69,81.69,81.65,81.67,8608
2487,2024-07-15 04:40:00,81.67,81.7,81.66,81.7,3457
2488,2024-07-15 04:35:00,81.67,81.69,81.66,81.68,7853
2489,2024-07-15 04:30:00,81.65,81.71,81.63,81.68,16981
2490,2024-07-15 04:25:00,81.68,81.69,81.63,81.65,13873
2491,2024-07-15 04:20:00,81.72,81.73,81.65,81.67,25061
2492,2024-07-15 04:15:00,81.65,81.73,81.64,81.73,9714
2493,2024-07-15 04:10:00,81.7,81.73,81.61,81.65,17458
2494,2024-07-15 04:05:00,81.66,81.71,81.6,81.7,38976
2495,2024-07-15 04:00:00,81.54,81.81,80.8,81.66,71962
2496,2024-07-12 19:55:00,80.83,80.86,80.8,80.84,37121
2497,2024-07-12 19:50:00,80.76,80.83,80.76,80.82,7537
2498,2024-07-12 19:45:00,80.74,80.77,80.73,80.75,11018
2499,2024-07-12 19:40:00,80.73,80.75,80.72,80.73,9829
2500,2024-07-12 19:35:00,80.74,80.74,80.72,80.72,7467
2501,2024-07-12 19:30:00,80.7,80.74,80.7,80.73,4777
2502,2024-07-12 19:25:00,80.71,80.72,80.69,80.7,3150
2503,2024-07-12 19:20:00,80.72,80.72,80.7,80.7,2485
2504,2024-07-12 19:15:00,80.7,80.72,80.7,80.7,588
2505,2024-07-12 19:10:00,80.72,80.72,80.7,80.71,3355
2506,2024-07-12 19:05:00,80.71,80.72,80.7,80.72,1928
2507,2024-07-12 19:00:00,80.72,80.72,80.71,80.72,343
2508,2024-07-12 18:55:00,80.715,80.72,80.71,80.71,1642
2509,2024-07-12 18:50:00,80.69,80.72,80.69,80.71,5389
2510,2024-07-12 18:45:00,80.65,80.7,80.65,80.69,3389
2511,2024-07-12 18:40:00,80.67,80.7,80.65,80.7,2006
2512,2024-07-12 18:35:00,80.69,80.7,80.64,80.689,2689
2513,2024-07-12 18:30:00,80.66,80.7,80.65,80.7,13088
2514,2024-07-12 18:25:00,80.69,80.69,80.64,80.67,3211
2515,2024-07-12 18:20:00,80.61,80.68,80.6,80.68,12619
2516,2024-07-12 18:15:00,80.61,80.64,80.6,80.61,5791
2517,2024-07-12 18:10:00,80.65,80.65,80.61,80.62,4373
2518,2024-07-12 18:05:00,80.64,80.65,80.63,80.65,1986
2519,2024-07-12 18:00:00,80.64,80.64,80.62,80.64,2724
2520,2024-07-12 17:55:00,80.63,80.64,80.62,80.64,1952
2521,2024-07-12 17:50:00,80.63,80.64,80.61,80.63,2053
2522,2024-07-12 17:45:00,80.63,80.64,80.62,80.63,3821
2523,2024-07-12 17:40:00,80.629,80.64,80.6,80.629,4062
2524,2024-07-12 17:35:00,80.63,80.63,80.6,80.63,2676
2525,2024-07-12 17:30:00,80.61,80.63,80.6,80.63,2272
2526,2024-07-12 17:25:00,80.58,80.615,80.58,80.6,7122
2527,2024-07-12 17:20:00,80.579,80.6,80.57,80.6,5379
2528,2024-07-12 17:15:00,80.6,80.6,80.481,80.56,8777
2529,2024-07-12 17:10:00,80.6,80.6,80.58,80.6,10069
2530,2024-07-12 17:05:00,80.59,80.6,80.57,80.6,9022
2531,2024-07-12 17:00:00,80.6,80.618,80.57,80.58,11502
2532,2024-07-12 16:55:00,80.63,80.63,80.59,80.6,13237
2533,2024-07-12 16:50:00,80.62,80.63,80.58,80.62,10716
2534,2024-07-12 16:45:00,80.63,80.64,80.57,80.61,38835
2535,2024-07-12 16:40:00,80.57,80.62,80.55,80.62,18692
2536,2024-07-12 16:35:00,80.56,80.57,80.53,80.565,16330
2537,2024-07-12 16:30:00,80.51,80.58,80.51,80.56,13249
2538,2024-07-12 16:25:00,80.47,80.54,80.47,80.51,17427
2539,2024-07-12 16:20:00,80.58,80.58,80.47,80.47,35554
2540,2024-07-12 16:15:00,80.64,80.64,80.53,80.58,49358
2541,2024-07-12 16:10:00,80.58,80.63,80.54,80.62,75945
2542,2024-07-12 16:05:00,80.51,80.69,80.5,80.58,60791
2543,2024-07-12 16:00:00,80.64,80.86,80.35,80.519,705729
2544,2024-07-12 15:55:00,80.89,80.908,80.295,80.63,1618530
2545,2024-07-12 15:50:00,80.8,80.91,80.27,80.905,2198061
2546,2024-07-12 15:45:00,81.03,81.22,80.68,80.8,927062
2547,2024-07-12 15:40:00,81.311,81.359,80.88,81.019,865204
2548,2024-07-12 15:35:00,81.8,81.875,81.17,81.32,905776
2549,2024-07-12 15:30:00,82.2,82.2,81.44,81.81,1126077
2550,2024-07-12 15:25:00,82.119,82.267,82.11,82.215,319274
2551,2024-07-12 15:20:00,82.2,82.229,82.04,82.11,432212
2552,2024-07-12 15:15:00,82.28,82.309,82.16,82.21,254430
2553,2024-07-12 15:10:00,82.415,82.44,82.18,82.285,368958
2554,2024-07-12 15:05:00,82.45,82.555,82.38,82.417,280928
2555,2024-07-12 15:00:00,82.59,82.61,82.425,82.451,221892
2556,2024-07-12 14:55:00,82.39,82.61,82.37,82.59,212506
2557,2024-07-12 14:50:00,82.58,82.58,82.4,82.4,229069
2558,2024-07-12 14:45:00,82.5,82.6,82.49,82.596,203438
2559,2024-07-12 14:40:00,82.555,82.6,82.42,82.498,274003
2560,2024-07-12 14:35:00,82.48,82.56,82.405,82.555,210427
2561,2024-07-12 14:30:00,82.51,82.526,82.415,82.48,285455
2562,2024-07-12 14:25:00,82.405,82.51,82.25,82.5,388415
2563,2024-07-12 14:20:00,82.555,82.57,82.29,82.4,366180
2564,2024-07-12 14:15:00,82.655,82.68,82.55,82.56,190643
2565,2024-07-12 14:10:00,82.6,82.71,82.541,82.645,233101
2566,2024-07-12 14:05:00,82.73,82.74,82.48,82.59,338497
2567,2024-07-12 14:00:00,82.58,82.74,82.38,82.74,512430
2568,2024-07-12 13:55:00,82.88,82.94,82.539,82.585,655723
2569,2024-07-12 13:50:00,82.83,82.925,82.75,82.883,448304
2570,2024-07-12 13:45:00,82.648,82.86,82.59,82.83,614032
2571,2024-07-12 13:40:00,82.429,82.68,82.336,82.65,619142
2572,2024-07-12 13:35:00,82.295,82.43,82.271,82.425,433859
2573,2024-07-12 13:30:00,82.1,82.305,82.02,82.3,477113
2574,2024-07-12 13:25:00,82.025,82.11,81.95,82.11,309891
2575,2024-07-12 13:20:00,81.85,82.05,81.835,82.03,422670
2576,2024-07-12 13:15:00,81.86,81.93,81.803,81.88,152181
2577,2024-07-12 13:10:00,81.725,81.96,81.72,81.87,423681
2578,2024-07-12 13:05:00,81.655,81.75,81.625,81.73,164295
2579,2024-07-12 13:00:00,81.675,81.7,81.6,81.64,242604
2580,2024-07-12 12:55:00,81.51,81.696,81.5,81.68,290692
2581,2024-07-12 12:50:00,81.2,81.53,81.2,81.53,372607
2582,2024-07-12 12:45:00,81.25,81.355,81.15,81.2,182836
2583,2024-07-12 12:40:00,81.38,81.39,81.24,81.245,140922
2584,2024-07-12 12:35:00,81.105,81.43,81.105,81.367,511635
2585,2024-07-12 12:30:00,81.15,81.257,81.0,81.105,511376
2586,2024-07-12 12:25:00,81.25,81.32,81.105,81.14,423730
2587,2024-07-12 12:20:00,81.07,81.27,81.06,81.251,337265
2588,2024-07-12 12:15:00,80.947,81.18,80.92,81.08,645923
2589,2024-07-12 12:10:00,80.95,81.09,80.78,80.94,569369
2590,2024-07-12 12:05:00,81.39,81.39,80.88,80.941,764486
2591,2024-07-12 12:00:00,81.25,81.472,81.06,81.398,721339
2592,2024-07-12 11:55:00,81.88,81.9,81.2,81.25,758282
2593,2024-07-12 11:50:00,81.978,81.98,81.72,81.875,331956
2594,2024-07-12 11:45:00,82.03,82.035,81.88,81.975,302181
2595,2024-07-12 11:40:00,81.925,82.08,81.89,82.035,408818
2596,2024-07-12 11:35:00,81.75,81.94,81.72,81.94,317566
2597,2024-07-12 11:30:00,81.94,81.965,81.71,81.75,363436
2598,2024-07-12 11:25:00,81.634,81.96,81.61,81.946,503824
2599,2024-07-12 11:20:00,81.71,81.83,81.573,81.63,485708
2600,2024-07-12 11:15:00,81.96,82.0,81.68,81.71,521640
2601,2024-07-12 11:10:00,81.923,82.07,81.9,81.97,424100
2602,2024-07-12 11:05:00,81.715,82.05,81.631,81.935,591445
2603,2024-07-12 11:00:00,81.725,81.84,81.62,81.712,599311
2604,2024-07-12 10:55:00,81.99,82.01,81.71,81.725,772780
2605,2024-07-12 10:50:00,81.91,82.01,81.76,82.0,830240
2606,2024-07-12 10:45:00,81.77,81.92,81.61,81.91,1404462
2607,2024-07-12 10:40:00,81.59,81.79,81.51,81.776,818552
2608,2024-07-12 10:35:00,81.29,81.59,81.15,81.583,857403
2609,2024-07-12 10:30:00,80.73,81.3,80.68,81.3,781949
2610,2024-07-12 10:25:00,80.77,80.85,80.68,80.74,637062
2611,2024-07-12 10:20:00,80.78,80.82,80.42,80.77,790034
2612,2024-07-12 10:15:00,80.93,80.97,80.611,80.78,589202
2613,2024-07-12 10:10:00,80.96,81.17,80.84,80.925,980117
2614,2024-07-12 10:05:00,80.82,81.0,80.65,80.97,644006
2615,2024-07-12 10:00:00,80.68,81.0,80.6,80.82,1361784
2616,2024-07-12 09:55:00,80.34,80.739,80.16,80.67,1036358
2617,2024-07-12 09:50:00,80.1,80.395,80.04,80.34,1049291
2618,2024-07-12 09:45:00,79.51,80.11,79.381,80.1,1079920
2619,2024-07-12 09:40:00,79.65,79.9,79.46,79.5,1064105
2620,2024-07-12 09:35:00,79.46,79.73,79.295,79.65,839002
2621,2024-07-12 09:30:00,79.51,79.825,79.325,79.455,1735387
2622,2024-07-12 09:25:00,79.37,79.57,79.32,79.5,176964
2623,2024-07-12 09:20:00,79.41,79.44,79.27,79.38,58676
2624,2024-07-12 09:15:00,79.55,79.56,79.39,79.42,27789
2625,2024-07-12 09:10:00,79.5,79.6,79.43,79.545,20609
2626,2024-07-12 09:05:00,79.5,79.57,79.48,79.498,33893
2627,2024-07-12 09:00:00,79.48,79.62,79.37,79.5,61405
2628,2024-07-12 08:55:00,79.649,79.649,79.46,79.46,44227
2629,2024-07-12 08:50:00,79.76,79.79,79.57,79.638,71109
2630,2024-07-12 08:45:00,79.36,79.789,79.32,79.76,68491
2631,2024-07-12 08:40:00,79.2,79.53,79.14,79.36,84563
2632,2024-07-12 08:35:00,79.35,79.52,79.19,79.21,98343
2633,2024-07-12 08:30:00,79.2,79.53,78.29,79.35,262840
2634,2024-07-12 08:25:00,79.18,79.28,79.18,79.28,26889
2635,2024-07-12 08:20:00,79.26,79.27,79.082,79.16,76517
2636,2024-07-12 08:15:00,79.33,79.37,79.23,79.26,28117
2637,2024-07-12 08:10:00,79.33,79.37,79.29,79.32,18844
2638,2024-07-12 08:05:00,79.1,79.43,78.7,79.34,37897
2639,2024-07-12 08:00:00,79.4,79.578,78.7,79.38,267311
2640,2024-07-12 07:55:00,79.45,79.52,79.45,79.52,20822
2641,2024-07-12 07:50:00,79.45,79.46,79.37,79.44,8160
2642,2024-07-12 07:45:00,79.42,79.5,79.37,79.45,5590
2643,2024-07-12 07:40:00,79.48,79.5,79.4,79.43,10045
2644,2024-07-12 07:35:00,79.49,79.53,79.45,79.48,13275
2645,2024-07-12 07:30:00,79.35,79.48,79.34,79.48,15439
2646,2024-07-12 07:25:00,79.38,79.4,79.34,79.36,7366
2647,2024-07-12 07:20:00,79.34,79.41,79.33,79.38,15258
2648,2024-07-12 07:15:00,79.21,79.35,79.19,79.35,18444
2649,2024-07-12 07:10:00,79.1,79.22,79.1,79.22,21930
2650,2024-07-12 07:05:00,79.23,79.24,79.08,79.08,38702
2651,2024-07-12 07:00:00,79.34,79.41,79.24,79.24,33993
2652,2024-07-12 06:55:00,79.36,79.37,79.29,79.35,7248
2653,2024-07-12 06:50:00,79.19,79.38,79.19,79.38,11259
2654,2024-07-12 06:45:00,79.36,79.37,79.18,79.19,23280
2655,2024-07-12 06:40:00,79.38,79.39,79.32,79.36,6944
2656,2024-07-12 06:35:00,79.4,79.45,79.38,79.38,7275
2657,2024-07-12 06:30:00,79.39,79.42,79.34,79.4,17345
2658,2024-07-12 06:25:00,79.41,79.41,79.28,79.39,15134
2659,2024-07-12 06:20:00,79.47,79.49,79.38,79.39,14690
2660,2024-07-12 06:15:00,79.53,79.58,79.47,79.47,10994
2661,2024-07-12 06:10:00,79.48,79.55,79.47,79.53,12009
2662,2024-07-12 06:05:00,79.47,79.53,79.46,79.49,9116
2663,2024-07-12 06:00:00,79.45,79.58,79.44,79.47,9542
2664,2024-07-12 05:55:00,79.42,79.49,79.42,79.45,4991
2665,2024-07-12 05:50:00,79.49,79.5,79.42,79.42,6647
2666,2024-07-12 05:45:00,79.46,79.5,79.44,79.49,6508
2667,2024-07-12 05:40:00,79.32,79.48,79.32,79.47,14299
2668,2024-07-12 05:35:00,79.34,79.36,79.3,79.32,5640
2669,2024-07-12 05:30:00,79.3,79.37,79.26,79.33,17851
2670,2024-07-12 05:25:00,79.35,79.39,79.24,79.33,17327
2671,2024-07-12 05:20:00,79.48,79.51,79.33,79.33,12704
2672,2024-07-12 05:15:00,79.52,79.53,79.47,79.48,10546
2673,2024-07-12 05:10:00,79.55,79.57,79.48,79.5,21538
2674,2024-07-12 05:05:00,79.51,79.57,79.48,79.53,11997
2675,2024-07-12 05:00:00,79.44,79.51,79.41,79.5,12329
2676,2024-07-12 04:55:00,79.34,79.45,79.34,79.44,6880
2677,2024-07-12 04:50:00,79.42,79.43,79.34,79.35,11121
2678,2024-07-12 04:45:00,79.34,79.43,79.32,79.41,9034
2679,2024-07-12 04:40:00,79.41,79.45,79.32,79.33,18354
2680,2024-07-12 04:35:00,79.34,79.44,79.32,79.41,15407
2681,2024-07-12 04:30:00,79.37,79.44,79.33,79.34,21716
2682,2024-07-12 04:25:00,79.33,79.41,79.31,79.38,9685
2683,2024-07-12 04:20:00,79.21,79.37,79.21,79.33,12527
2684,2024-07-12 04:15:00,79.11,79.22,79.1,79.22,10078
2685,2024-07-12 04:10:00,79.18,79.19,79.1,79.11,12760
2686,2024-07-12 04:05:00,79.17,79.19,79.1,79.18,10296
2687,2024-07-12 04:00:00,79.09,79.3,79.03,79.15,90721
2688,2024-07-11 19:55:00,79.279,79.28,79.0,79.1,39812
2689,2024-07-11 19:50:00,79.35,79.35,79.26,79.26,21662
2690,2024-07-11 19:45:00,79.51,79.51,79.34,79.36,44144
2691,2024-07-11 19:40:00,79.54,79.54,79.48,79.51,33406
2692,2024-07-11 19:35:00,79.55,79.57,79.499,79.55,13159
2693,2024-07-11 19:30:00,79.58,79.58,79.51,79.55,13263
2694,2024-07-11 19:25:00,79.52,79.6,79.52,79.56,10981
2695,2024-07-11 19:20:00,79.6,79.61,79.51,79.52,28557
2696,2024-07-11 19:15:00,79.609,79.629,79.551,79.61,14593
2697,2024-07-11 19:10:00,79.55,79.61,79.53,79.609,7802
2698,2024-07-11 19:05:00,79.49,79.57,79.46,79.56,6600
2699,2024-07-11 19:00:00,79.43,79.49,79.42,79.47,7072
2700,2024-07-11 18:55:00,79.44,79.45,79.39,79.43,7712
2701,2024-07-11 18:50:00,79.39,79.43,79.39,79.43,9181
2702,2024-07-11 18:45:00,79.39,79.399,79.35,79.39,9272
2703,2024-07-11 18:40:00,79.449,79.46,79.371,79.39,10133
2704,2024-07-11 18:35:00,79.47,79.49,79.42,79.45,20323
2705,2024-07-11 18:30:00,79.27,79.51,79.27,79.47,41415
2706,2024-07-11 18:25:00,79.18,79.27,79.18,79.27,20865
2707,2024-07-11 18:20:00,79.24,79.25,79.17,79.17,27327
2708,2024-07-11 18:15:00,79.26,79.29,79.21,79.21,19427
2709,2024-07-11 18:10:00,79.31,79.34,79.269,79.27,23271
2710,2024-07-11 18:05:00,79.46,79.46,79.3,79.31,18171
2711,2024-07-11 18:00:00,79.2,79.5,79.19,79.46,27923
2712,2024-07-11 17:55:00,79.18,79.2,79.15,79.18,5387
2713,2024-07-11 17:50:00,79.24,79.26,79.12,79.17,17904
2714,2024-07-11 17:45:00,79.229,79.28,79.13,79.24,16461
2715,2024-07-11 17:40:00,79.17,79.25,79.08,79.23,10869
2716,2024-07-11 17:35:00,79.29,79.41,79.08,79.125,26101
2717,2024-07-11 17:30:00,79.22,79.71,79.19,79.31,16961
2718,2024-07-11 17:25:00,79.27,79.3,79.19,79.22,10805
2719,2024-07-11 17:20:00,79.36,79.4,79.1,79.29,27460
2720,2024-07-11 17:15:00,79.2,79.38,79.18,79.34,48035
2721,2024-07-11 17:10:00,79.33,79.34,79.19,79.19,32972
2722,2024-07-11 17:05:00,79.38,79.38,79.32,79.33,19888
2723,2024-07-11 17:00:00,79.37,79.4,79.35,79.38,20994
2724,2024-07-11 16:55:00,79.34,79.38,79.32,79.365,22813
2725,2024-07-11 16:50:00,79.42,79.44,79.33,79.33,68658
2726,2024-07-11 16:45:00,79.48,79.49,79.4,79.4,24595
2727,2024-07-11 16:40:00,79.47,79.5,79.43,79.48,14123
2728,2024-07-11 16:35:00,79.45,79.49,79.42,79.48,40479
2729,2024-07-11 16:30:00,79.49,79.56,79.45,79.45,42488
2730,2024-07-11 16:25:00,79.42,79.5,79.39,79.49,41393
2731,2024-07-11 16:20:00,79.45,79.47,79.4,79.42,26859
2732,2024-07-11 16:15:00,79.35,79.48,79.35,79.44,42111
2733,2024-07-11 16:10:00,79.61,79.62,79.38,79.43,80015
2734,2024-07-11 16:05:00,79.32,79.97,79.28,79.6,142683
2735,2024-07-11 16:00:00,79.31,79.37,79.07,79.32,953690
2736,2024-07-11 15:55:00,79.53,79.725,79.3,79.3,2041278
2737,2024-07-11 15:50:00,79.76,79.915,79.4,79.52,1730019
2738,2024-07-11 15:45:00,79.54,79.88,79.52,79.77,648743
2739,2024-07-11 15:40:00,80.035,80.035,79.5,79.54,560687
2740,2024-07-11 15:35:00,79.52,80.055,79.515,80.03,567052
2741,2024-07-11 15:30:00,79.4,79.64,79.39,79.523,532154
2742,2024-07-11 15:25:00,79.78,79.81,79.36,79.41,554635
2743,2024-07-11 15:20:00,79.87,79.885,79.73,79.785,295557
2744,2024-07-11 15:15:00,79.81,80.029,79.73,79.87,336520
2745,2024-07-11 15:10:00,79.98,80.03,79.79,79.82,470119
2746,2024-07-11 15:05:00,80.1,80.13,79.91,79.98,496390
2747,2024-07-11 15:00:00,79.829,80.095,79.75,80.09,714884
2748,2024-07-11 14:55:00,79.67,79.81,79.65,79.81,363085
2749,2024-07-11 14:50:00,79.52,79.78,79.451,79.67,376612
2750,2024-07-11 14:45:00,79.75,79.829,79.45,79.51,478087
2751,2024-07-11 14:40:00,79.73,79.8,79.59,79.75,415157
2752,2024-07-11 14:35:00,79.7,79.77,79.54,79.72,545638
2753,2024-07-11 14:30:00,79.11,79.8,79.08,79.7,515238
2754,2024-07-11 14:25:00,79.3,79.309,79.06,79.13,331167
2755,2024-07-11 14:20:00,79.155,79.47,79.155,79.29,435138
2756,2024-07-11 14:15:00,79.04,79.231,78.99,79.175,622987
2757,2024-07-11 14:10:00,78.86,79.06,78.724,79.04,395404
2758,2024-07-11 14:05:00,78.78,78.97,78.71,78.86,508248
2759,2024-07-11 14:00:00,78.86,78.98,78.7,78.775,854079
2760,2024-07-11 13:55:00,78.99,79.113,78.79,78.86,927025
2761,2024-07-11 13:50:00,79.09,79.17,78.97,78.99,568479
2762,2024-07-11 13:45:00,79.43,79.45,79.02,79.09,1071260
2763,2024-07-11 13:40:00,79.48,79.64,79.4,79.428,344696
2764,2024-07-11 13:35:00,79.68,79.8,79.46,79.47,471061
2765,2024-07-11 13:30:00,79.98,79.98,79.61,79.694,492527
2766,2024-07-11 13:25:00,79.67,80.0,79.61,79.985,370188
2767,2024-07-11 13:20:00,79.781,79.97,79.541,79.655,545746
2768,2024-07-11 13:15:00,79.75,79.9,79.651,79.798,477068
2769,2024-07-11 13:10:00,79.6,79.83,79.33,79.759,643645
2770,2024-07-11 13:05:00,79.32,79.706,79.251,79.62,503465
2771,2024-07-11 13:00:00,79.51,79.73,79.235,79.281,942467
2772,2024-07-11 12:55:00,79.53,79.74,79.49,79.5,446998
2773,2024-07-11 12:50:00,79.63,79.8,79.4,79.54,831515
2774,2024-07-11 12:45:00,80.38,80.39,79.6,79.615,846630
2775,2024-07-11 12:40:00,80.412,80.59,80.33,80.37,484662
2776,2024-07-11 12:35:00,80.47,80.659,80.4,80.42,854992
2777,2024-07-11 12:30:00,80.31,80.5,80.19,80.47,675821
2778,2024-07-11 12:25:00,79.86,80.33,79.83,80.32,630499
2779,2024-07-11 12:20:00,79.959,80.04,79.778,79.87,630560
2780,2024-07-11 12:15:00,80.25,80.285,79.92,79.95,738899
2781,2024-07-11 12:10:00,80.325,80.51,80.25,80.25,806586
2782,2024-07-11 12:05:00,79.73,80.34,79.721,80.311,858612
2783,2024-07-11 12:00:00,79.92,79.95,79.6,79.72,985264
2784,2024-07-11 11:55:00,80.105,80.15,79.85,79.905,703965
2785,2024-07-11 11:50:00,80.4,80.5,79.95,80.1,936425
2786,2024-07-11 11:45:00,80.37,80.6,80.115,80.4,1104673
2787,2024-07-11 11:40:00,80.33,80.405,79.87,80.38,1610439
2788,2024-07-11 11:35:00,80.49,80.56,80.31,80.34,871714
2789,2024-07-11 11:30:00,80.59,80.729,80.34,80.49,1271897
2790,2024-07-11 11:25:00,80.7,80.88,80.5,80.59,1227870
2791,2024-07-11 11:20:00,81.48,81.49,80.625,80.7,1618115
2792,2024-07-11 11:15:00,81.67,81.74,81.409,81.47,390655
2793,2024-07-11 11:10:00,81.9,81.96,81.25,81.67,1039201
2794,2024-07-11 11:05:00,81.32,81.91,81.25,81.905,907502
2795,2024-07-11 11:00:00,81.422,81.56,81.2,81.31,1596187
2796,2024-07-11 10:55:00,82.04,82.06,81.39,81.43,1761639
2797,2024-07-11 10:50:00,81.98,82.34,81.82,82.01,932999
2798,2024-07-11 10:45:00,81.96,82.15,81.88,81.981,898749
2799,2024-07-11 10:40:00,82.34,82.449,81.935,81.955,1137852
2800,2024-07-11 10:35:00,82.27,82.55,82.27,82.35,771736
2801,2024-07-11 10:30:00,82.48,82.92,82.27,82.28,1244502
2802,2024-07-11 10:25:00,82.19,82.735,82.178,82.49,1294432
2803,2024-07-11 10:20:00,82.4,82.57,82.06,82.19,1719101
2804,2024-07-11 10:15:00,83.29,83.3,82.31,82.402,2106462
2805,2024-07-11 10:10:00,83.98,84.14,83.231,83.28,1640492
2806,2024-07-11 10:05:00,84.541,84.541,83.97,83.98,802338
2807,2024-07-11 10:00:00,84.65,84.68,84.38,84.55,735774
2808,2024-07-11 09:55:00,84.24,84.65,84.235,84.642,839109
2809,2024-07-11 09:50:00,84.54,84.65,84.07,84.24,1119370
2810,2024-07-11 09:45:00,84.92,84.98,84.5,84.52,956504
2811,2024-07-11 09:40:00,84.72,84.92,84.441,84.92,1393092
2812,2024-07-11 09:35:00,84.9,84.98,84.7,84.743,958169
2813,2024-07-11 09:30:00,84.97,85.06,84.64,84.91,2144919
2814,2024-07-11 09:25:00,85.24,85.25,84.89,84.99,173580
2815,2024-07-11 09:20:00,85.23,85.26,85.16,85.25,111485
2816,2024-07-11 09:15:00,85.02,85.24,84.99,85.23,102594
2817,2024-07-11 09:10:00,85.11,85.13,84.95,85.0,90067
2818,2024-07-11 09:05:00,85.12,85.2,85.03,85.13,128778
2819,2024-07-11 09:00:00,84.95,85.13,84.72,85.12,248711
2820,2024-07-11 08:55:00,84.87,85.08,84.79,84.95,242940
2821,2024-07-11 08:50:00,85.43,85.43,84.76,84.89,397896
2822,2024-07-11 08:45:00,85.66,85.69,85.41,85.43,366822
2823,2024-07-11 08:40:00,85.92,85.93,85.57,85.631,241335
2824,2024-07-11 08:35:00,85.86,85.939,85.54,85.918,329834
2825,2024-07-11 08:30:00,84.89,86.28,84.89,85.88,1161230
2826,2024-07-11 08:25:00,84.73,84.88,84.72,84.88,79799
2827,2024-07-11 08:20:00,84.68,84.73,84.62,84.73,39445
2828,2024-07-11 08:15:00,84.8,84.8,84.67,84.67,41868
2829,2024-07-11 08:10:00,84.83,84.86,84.78,84.81,25988
2830,2024-07-11 08:05:00,84.77,84.82,84.76,84.82,26586
2831,2024-07-11 08:00:00,84.82,84.93,84.7,84.78,201196
2832,2024-07-11 07:55:00,84.85,84.85,84.81,84.83,32107
2833,2024-07-11 07:50:00,84.85,84.87,84.84,84.84,14492
2834,2024-07-11 07:45:00,84.86,84.87,84.84,84.85,13574
2835,2024-07-11 07:40:00,84.86,84.88,84.85,84.87,36515
2836,2024-07-11 07:35:00,84.85,84.87,84.84,84.87,8674
2837,2024-07-11 07:30:00,84.85,84.87,84.84,84.85,7647
2838,2024-07-11 07:25:00,84.81,84.85,84.81,84.84,8852
2839,2024-07-11 07:20:00,84.86,84.88,84.81,84.82,25274
2840,2024-07-11 07:15:00,84.82,84.87,84.82,84.85,1319
2841,2024-07-11 07:10:00,84.89,84.89,84.81,84.81,20436
2842,2024-07-11 07:05:00,84.84,84.89,84.82,84.89,15401
2843,2024-07-11 07:00:00,84.82,84.86,84.81,84.83,37782
2844,2024-07-11 06:55:00,84.81,84.83,84.78,84.81,3324
2845,2024-07-11 06:50:00,84.81,84.82,84.78,84.8,3855
2846,2024-07-11 06:45:00,84.82,84.82,84.78,84.81,8095
2847,2024-07-11 06:40:00,84.82,84.83,84.81,84.82,7573
2848,2024-07-11 06:35:00,84.83,84.83,84.79,84.8,1844
2849,2024-07-11 06:30:00,84.83,84.85,84.83,84.83,4524
2850,2024-07-11 06:25:00,84.84,84.84,84.82,84.83,2720
2851,2024-07-11 06:20:00,84.81,84.86,84.81,84.84,3202
2852,2024-07-11 06:15:00,84.78,84.82,84.78,84.81,1092
2853,2024-07-11 06:10:00,84.83,84.83,84.78,84.79,3537
2854,2024-07-11 06:05:00,84.86,84.86,84.83,84.84,3847
2855,2024-07-11 06:00:00,84.84,84.86,84.82,84.86,4273
2856,2024-07-11 05:55:00,84.83,84.86,84.83,84.85,4579
2857,2024-07-11 05:50:00,84.86,84.87,84.81,84.83,3394
2858,2024-07-11 05:45:00,84.81,84.87,84.81,84.86,4285
2859,2024-07-11 05:40:00,84.8,84.82,84.8,84.82,3736
2860,2024-07-11 05:35:00,84.77,84.8,84.75,84.8,2491
2861,2024-07-11 05:30:00,84.78,84.8,84.73,84.77,5186
2862,2024-07-11 05:25:00,84.77,84.8,84.76,84.78,4188
2863,2024-07-11 05:20:00,84.78,84.82,84.76,84.77,9003
2864,2024-07-11 05:15:00,84.79,84.8,84.76,84.78,1718
2865,2024-07-11 05:10:00,84.81,84.83,84.77,84.77,10161
2866,2024-07-11 05:05:00,84.78,84.84,84.77,84.82,33148
2867,2024-07-11 05:00:00,84.83,84.83,84.75,84.79,4246
2868,2024-07-11 04:55:00,84.83,84.84,84.78,84.82,16521
2869,2024-07-11 04:50:00,84.82,84.85,84.81,84.81,5799
2870,2024-07-11 04:45:00,84.82,84.85,84.8,84.83,7825
2871,2024-07-11 04:40:00,84.87,84.87,84.81,84.83,6096
2872,2024-07-11 04:35:00,84.88,84.91,84.86,84.86,10575
2873,2024-07-11 04:30:00,84.85,84.94,84.83,84.88,6583
2874,2024-07-11 04:25:00,84.88,84.88,84.79,84.85,10961
2875,2024-07-11 04:20:00,84.88,84.93,84.84,84.88,14693
2876,2024-07-11 04:15:00,84.86,84.91,84.85,84.88,17367
2877,2024-07-11 04:10:00,84.86,84.88,84.81,84.84,6988
2878,2024-07-11 04:05:00,84.86,84.89,84.82,84.86,18013
2879,2024-07-11 04:00:00,84.92,84.92,84.7,84.85,62894
2880,2024-07-10 19:55:00,84.74,84.76,84.73,84.76,10309
2881,2024-07-10 19:50:00,84.76,84.77,84.71,84.75,10895
2882,2024-07-10 19:45:00,84.77,84.78,84.75,84.75,15722
2883,2024-07-10 19:40:00,84.78,84.79,84.77,84.77,3860
2884,2024-07-10 19:35:00,84.75,84.78,84.74,84.78,28462
2885,2024-07-10 19:30:00,84.77,84.77,84.73,84.75,5937
2886,2024-07-10 19:25:00,84.78,84.78,84.75,84.78,9708
2887,2024-07-10 19:20:00,84.8,84.81,84.77,84.78,17390
2888,2024-07-10 19:15:00,84.82,84.82,84.79,84.8,5950
2889,2024-07-10 19:10:00,84.79,84.821,84.79,84.81,4969
2890,2024-07-10 19:05:00,84.83,84.84,84.79,84.79,7844
2891,2024-07-10 19:00:00,84.86,84.86,84.81,84.84,7239
2892,2024-07-10 18:55:00,84.82,84.88,84.82,84.86,5955
2893,2024-07-10 18:50:00,84.76,84.82,84.75,84.8,11145
2894,2024-07-10 18:45:00,84.81,84.82,84.75,84.76,15228
2895,2024-07-10 18:40:00,84.82,84.84,84.81,84.81,13052
2896,2024-07-10 18:35:00,84.88,84.88,84.81,84.81,10674
2897,2024-07-10 18:30:00,84.92,84.92,84.87,84.87,11869
2898,2024-07-10 18:25:00,84.93,84.93,84.9,84.93,3181
2899,2024-07-10 18:20:00,84.85,84.93,84.85,84.93,6265
2900,2024-07-10 18:15:00,84.89,84.93,84.86,84.86,13324
2901,2024-07-10 18:10:00,84.92,84.92,84.88,84.9,6872
2902,2024-07-10 18:05:00,84.93,84.95,84.9,84.92,11990
2903,2024-07-10 18:00:00,84.88,84.95,84.86,84.93,39272
2904,2024-07-10 17:55:00,84.85,84.89,84.84,84.853,17697
2905,2024-07-10 17:50:00,84.85,84.89,84.84,84.85,4996
2906,2024-07-10 17:45:00,84.85,84.88,84.82,84.87,2470
2907,2024-07-10 17:40:00,84.83,84.88,84.82,84.86,8486
2908,2024-07-10 17:35:00,84.84,84.86,84.81,84.83,7123
2909,2024-07-10 17:30:00,84.86,84.92,84.84,84.84,12762
2910,2024-07-10 17:25:00,84.87,84.89,84.85,84.85,4462
2911,2024-07-10 17:20:00,84.87,84.89,84.86,84.87,4637
2912,2024-07-10 17:15:00,84.88,84.9,84.86,84.86,23299
2913,2024-07-10 17:10:00,84.891,84.9,84.87,84.89,17116
2914,2024-07-10 17:05:00,84.895,84.9,84.88,84.9,14252
2915,2024-07-10 17:00:00,84.97,84.99,84.85,84.86,25978
2916,2024-07-10 16:55:00,84.91,84.97,84.89,84.97,49848
2917,2024-07-10 16:50:00,84.87,84.93,84.87,84.92,18241
2918,2024-07-10 16:45:00,84.92,84.92,84.83,84.88,29252
2919,2024-07-10 16:40:00,84.92,84.93,84.92,84.93,17291
2920,2024-07-10 16:35:00,84.92,84.93,84.91,84.93,14052
2921,2024-07-10 16:30:00,84.94,84.94,84.9,84.92,14014
2922,2024-07-10 16:25:00,84.92,84.95,84.91,84.95,44837
2923,2024-07-10 16:20:00,84.91,84.92,84.89,84.91,27040
2924,2024-07-10 16:15:00,84.93,84.93,84.74,84.91,42608
2925,2024-07-10 16:10:00,84.82,84.82,84.73,84.74,60486
2926,2024-07-10 16:05:00,84.79,84.84,84.75,84.82,72714
2927,2024-07-10 16:00:00,84.94,84.94,84.77,84.78,404138
2928,2024-07-10 15:55:00,85.16,85.16,84.93,84.94,1342178
2929,2024-07-10 15:50:00,85.03,85.2,84.96,85.165,1507977
2930,2024-07-10 15:45:00,84.756,85.04,84.745,85.025,955306
2931,2024-07-10 15:40:00,84.81,84.89,84.7,84.76,635611
2932,2024-07-10 15:35:00,84.7,84.83,84.69,84.81,410290
2933,2024-07-10 15:30:00,84.65,84.73,84.58,84.695,387932
2934,2024-07-10 15:25:00,84.54,84.67,84.505,84.64,237454
2935,2024-07-10 15:20:00,84.6,84.61,84.51,84.53,186004
2936,2024-07-10 15:15:00,84.59,84.65,84.55,84.61,198966
2937,2024-07-10 15:10:00,84.625,84.625,84.52,84.59,235837
2938,2024-07-10 15:05:00,84.56,84.627,84.45,84.625,369932
2939,2024-07-10 15:00:00,84.76,84.76,84.56,84.56,326227
2940,2024-07-10 14:55:00,84.84,84.845,84.755,84.77,251576
2941,2024-07-10 14:50:00,84.87,84.94,84.805,84.83,293044
2942,2024-07-10 14:45:00,84.69,84.92,84.69,84.86,558308
2943,2024-07-10 14:40:00,84.66,84.7,84.59,84.675,139460
2944,2024-07-10 14:35:00,84.68,84.7,84.65,84.665,128934
2945,2024-07-10 14:30:00,84.63,84.69,84.574,84.67,125582
2946,2024-07-10 14:25:00,84.576,84.68,84.56,84.62,174371
2947,2024-07-10 14:20:00,84.616,84.698,84.54,84.565,280610
2948,2024-07-10 14:15:00,84.745,84.79,84.6,84.61,347643
2949,2024-07-10 14:10:00,84.67,84.75,84.61,84.74,244888
2950,2024-07-10 14:05:00,84.722,84.76,84.64,84.67,330708
2951,2024-07-10 14:00:00,84.69,84.755,84.62,84.72,180974
2952,2024-07-10 13:55:00,84.69,84.73,84.615,84.7,195608
2953,2024-07-10 13:50:00,84.64,84.77,84.59,84.69,378219
2954,2024-07-10 13:45:00,84.65,84.695,84.58,84.64,319695
2955,2024-07-10 13:40:00,84.55,84.715,84.55,84.65,516358
2956,2024-07-10 13:35:00,84.505,84.57,84.46,84.56,363987
2957,2024-07-10 13:30:00,84.45,84.54,84.391,84.5,269724
2958,2024-07-10 13:25:00,84.33,84.496,84.31,84.45,326065
2959,2024-07-10 13:20:00,84.41,84.54,84.32,84.32,428190
2960,2024-07-10 13:15:00,84.495,84.59,84.353,84.41,415051
2961,2024-07-10 13:10:00,84.447,84.52,84.37,84.49,426263
2962,2024-07-10 13:05:00,84.49,84.62,84.43,84.44,597674
2963,2024-07-10 13:00:00,84.37,84.5,84.295,84.49,464424
2964,2024-07-10 12:55:00,84.2,84.4,84.19,84.38,302705
2965,2024-07-10 12:50:00,84.175,84.26,84.1,84.2,279983
2966,2024-07-10 12:45:00,84.28,84.31,84.15,84.17,448958
2967,2024-07-10 12:40:00,84.12,84.29,84.085,84.28,434442
2968,2024-07-10 12:35:00,84.03,84.14,84.014,84.11,311475
2969,2024-07-10 12:30:00,84.0,84.16,83.9,84.03,799828
2970,2024-07-10 12:25:00,83.88,84.0,83.84,83.99,504276
2971,2024-07-10 12:20:00,83.58,83.89,83.561,83.88,698242
2972,2024-07-10 12:15:00,83.44,83.64,83.439,83.58,539236
2973,2024-07-10 12:10:00,83.46,83.49,83.37,83.43,171296
2974,2024-07-10 12:05:00,83.46,83.51,83.411,83.45,325481
2975,2024-07-10 12:00:00,83.425,83.48,83.35,83.46,229387
2976,2024-07-10 11:55:00,83.4,83.45,83.352,83.425,282306
2977,2024-07-10 11:50:00,83.295,83.417,83.27,83.405,247432
2978,2024-07-10 11:45:00,83.39,83.4,83.29,83.3,187614
2979,2024-07-10 11:40:00,83.275,83.41,83.201,83.39,360991
2980,2024-07-10 11:35:00,83.36,83.36,83.26,83.27,249555
2981,2024-07-10 11:30:00,83.26,83.44,83.256,83.36,570287
2982,2024-07-10 11:25:00,83.105,83.265,83.08,83.265,317768
2983,2024-07-10 11:20:00,83.005,83.11,82.92,83.11,367352
2984,2024-07-10 11:15:00,82.93,83.03,82.9,83.01,258978
2985,2024-07-10 11:10:00,82.96,83.088,82.92,82.93,384831
2986,2024-07-10 11:05:00,82.875,83.01,82.79,82.96,506329
2987,2024-07-10 11:00:00,82.98,82.98,82.671,82.87,940927
2988,2024-07-10 10:55:00,83.1,83.145,82.91,82.989,538932
2989,2024-07-10 10:50:00,83.27,83.305,83.05,83.101,371444
2990,2024-07-10 10:45:00,83.17,83.28,83.09,83.27,288304
2991,2024-07-10 10:40:00,83.28,83.36,83.05,83.165,410639
2992,2024-07-10 10:35:00,83.26,83.295,83.122,83.28,508945
2993,2024-07-10 10:30:00,83.48,83.5,83.23,83.27,386624
2994,2024-07-10 10:25:00,83.4,83.52,83.35,83.49,564666
2995,2024-07-10 10:20:00,83.48,83.51,83.21,83.39,610024
2996,2024-07-10 10:15:00,83.72,83.75,83.35,83.5,618309
2997,2024-07-10 10:10:00,83.65,83.75,83.605,83.715,618484
2998,2024-07-10 10:05:00,83.53,83.688,83.46,83.63,782372
2999,2024-07-10 10:00:00,83.39,83.52,83.25,83.52,602632
3000,2024-07-10 09:55:00,83.5,83.5,83.28,83.38,464928
3001,2024-07-10 09:50:00,83.51,83.529,83.211,83.505,748011
3002,2024-07-10 09:45:00,83.28,83.55,83.23,83.505,770007
3003,2024-07-10 09:40:00,83.055,83.305,83.02,83.28,936731
3004,2024-07-10 09:35:00,83.1,83.12,82.875,83.04,849908
3005,2024-07-10 09:30:00,83.32,83.429,83.05,83.1,1280673
3006,2024-07-10 09:25:00,83.35,83.41,83.3,83.32,59502
3007,2024-07-10 09:20:00,83.3,83.35,83.28,83.35,26549
3008,2024-07-10 09:15:00,83.32,83.389,83.29,83.29,20953
3009,2024-07-10 09:10:00,83.4,83.4,83.31,83.34,28002
3010,2024-07-10 09:05:00,83.32,83.39,83.3,83.39,20859
3011,2024-07-10 09:00:00,83.29,83.33,83.26,83.31,22498
3012,2024-07-10 08:55:00,83.29,83.33,83.28,83.29,24502
3013,2024-07-10 08:50:00,83.28,83.32,83.25,83.28,35260
3014,2024-07-10 08:45:00,83.35,83.36,83.28,83.288,42093
3015,2024-07-10 08:40:00,83.39,83.44,83.35,83.35,16684
3016,2024-07-10 08:35:00,83.419,83.435,83.34,83.4,27724
3017,2024-07-10 08:30:00,83.38,83.43,83.33,83.42,63994
3018,2024-07-10 08:25:00,83.32,83.38,83.31,83.37,56980
3019,2024-07-10 08:20:00,83.32,83.35,83.27,83.31,25574
3020,2024-07-10 08:15:00,83.39,83.395,83.31,83.32,19195
3021,2024-07-10 08:10:00,83.35,83.4,83.35,83.39,57178
3022,2024-07-10 08:05:00,83.27,83.37,83.27,83.35,58769
3023,2024-07-10 08:00:00,83.04,83.32,82.61,83.271,198077
3024,2024-07-10 07:55:00,83.27,83.3,83.22,83.24,18515
3025,2024-07-10 07:50:00,83.23,83.29,83.23,83.27,36348
3026,2024-07-10 07:45:00,83.22,83.33,83.21,83.25,57035
3027,2024-07-10 07:40:00,83.16,83.21,83.15,83.21,9575
3028,2024-07-10 07:35:00,83.07,83.18,83.07,83.17,36955
3029,2024-07-10 07:30:00,83.04,83.1,83.04,83.07,9573
3030,2024-07-10 07:25:00,83.05,83.06,83.02,83.04,3326
3031,2024-07-10 07:20:00,83.08,83.08,83.04,83.04,1474
3032,2024-07-10 07:15:00,83.06,83.09,83.06,83.08,1625
3033,2024-07-10 07:10:00,83.1,83.1,83.05,83.07,4185
3034,2024-07-10 07:05:00,83.05,83.11,83.03,83.11,19367
3035,2024-07-10 07:00:00,83.07,83.09,83.0,83.05,47641
3036,2024-07-10 06:55:00,83.09,83.1,83.08,83.08,2933
3037,2024-07-10 06:50:00,83.11,83.11,83.07,83.09,7517
3038,2024-07-10 06:45:00,83.11,83.13,83.09,83.1,3985
3039,2024-07-10 06:40:00,83.13,83.13,83.1,83.11,1819
3040,2024-07-10 06:35:00,83.1,83.13,83.09,83.12,3269
3041,2024-07-10 06:30:00,83.12,83.14,83.1,83.11,2029
3042,2024-07-10 06:25:00,83.1,83.13,83.09,83.12,6687
3043,2024-07-10 06:20:00,83.07,83.1,83.05,83.1,2736
3044,2024-07-10 06:15:00,83.02,83.09,83.02,83.07,8332
3045,2024-07-10 06:10:00,83.01,83.04,82.99,83.04,4637
3046,2024-07-10 06:05:00,82.97,83.01,82.97,83.01,2429
3047,2024-07-10 06:00:00,82.98,83.0,82.95,82.97,4477
3048,2024-07-10 05:55:00,82.97,82.99,82.97,82.98,815
3049,2024-07-10 05:50:00,82.93,82.98,82.93,82.98,6035
3050,2024-07-10 05:45:00,82.92,82.96,82.91,82.93,4064
3051,2024-07-10 05:40:00,83.0,83.0,82.91,82.91,6415
3052,2024-07-10 05:35:00,83.0,83.02,82.99,83.0,2659
3053,2024-07-10 05:30:00,82.99,83.0,82.98,83.0,3035
3054,2024-07-10 05:25:00,83.01,83.01,82.99,82.99,2251
3055,2024-07-10 05:20:00,83.0,83.01,82.98,83.01,3371
3056,2024-07-10 05:15:00,83.01,83.02,82.97,82.99,6314
3057,2024-07-10 05:10:00,82.97,83.02,82.96,83.0,4899
3058,2024-07-10 05:05:00,83.0,83.0,82.96,82.98,3234
3059,2024-07-10 05:00:00,83.02,83.02,82.97,83.01,8196
3060,2024-07-10 04:55:00,82.96,83.02,82.96,83.01,15060
3061,2024-07-10 04:50:00,82.94,82.96,82.93,82.95,2808
3062,2024-07-10 04:45:00,82.93,82.95,82.93,82.94,5321
3063,2024-07-10 04:40:00,82.95,82.95,82.92,82.94,2257
3064,2024-07-10 04:35:00,82.95,82.97,82.94,82.95,8959
3065,2024-07-10 04:30:00,82.93,82.97,82.93,82.95,8998
3066,2024-07-10 04:25:00,82.91,82.93,82.87,82.92,4141
3067,2024-07-10 04:20:00,82.86,82.93,82.85,82.91,4528
3068,2024-07-10 04:15:00,82.94,82.97,82.86,82.87,6384
3069,2024-07-10 04:10:00,82.91,82.96,82.9,82.94,4875
3070,2024-07-10 04:05:00,82.88,82.94,82.88,82.92,30660
3071,2024-07-10 04:00:00,82.75,82.9,82.59,82.89,27697
3072,2024-07-09 19:55:00,82.55,82.59,82.55,82.58,14796
3073,2024-07-09 19:50:00,82.58,82.59,82.55,82.56,24193
3074,2024-07-09 19:45:00,82.61,82.62,82.58,82.59,8172
3075,2024-07-09 19:40:00,82.58,82.62,82.58,82.61,10703
3076,2024-07-09 19:35:00,82.57,82.58,82.56,82.58,528
3077,2024-07-09 19:30:00,82.59,82.6,82.56,82.57,6655
3078,2024-07-09 19:25:00,82.62,82.63,82.59,82.59,23762
3079,2024-07-09 19:20:00,82.59,82.62,82.59,82.62,3480
3080,2024-07-09 19:15:00,82.61,82.62,82.59,82.59,3930
3081,2024-07-09 19:10:00,82.62,82.64,82.6,82.61,6770
3082,2024-07-09 19:05:00,82.64,82.65,82.62,82.62,7304
3083,2024-07-09 19:00:00,82.55,82.64,82.55,82.64,11023
3084,2024-07-09 18:55:00,82.54,82.55,82.53,82.54,1161
3085,2024-07-09 18:50:00,82.54,82.56,82.52,82.54,5474
3086,2024-07-09 18:45:00,82.59,82.59,82.53,82.54,9450
3087,2024-07-09 18:40:00,82.57,82.59,82.56,82.59,3625
3088,2024-07-09 18:35:00,82.54,82.58,82.54,82.57,10916
3089,2024-07-09 18:30:00,82.49,82.55,82.49,82.53,5506
3090,2024-07-09 18:25:00,82.49,82.5,82.49,82.5,2036
3091,2024-07-09 18:20:00,82.49,82.5,82.48,82.5,3495
3092,2024-07-09 18:15:00,82.49,82.5,82.48,82.49,2064
3093,2024-07-09 18:10:00,82.5,82.52,82.49,82.49,1426
3094,2024-07-09 18:05:00,82.46,82.53,82.46,82.5,21846
3095,2024-07-09 18:00:00,82.4,82.5,82.39,82.46,89238
3096,2024-07-09 17:55:00,82.35,82.4,82.334,82.39,12889
3097,2024-07-09 17:50:00,82.34,82.35,82.33,82.34,4349
3098,2024-07-09 17:45:00,82.33,82.34,82.32,82.33,2719
3099,2024-07-09 17:40:00,82.33,82.34,82.32,82.32,8537
3100,2024-07-09 17:35:00,82.36,82.36,82.32,82.33,14357
3101,2024-07-09 17:30:00,82.43,82.43,82.31,82.32,22729
3102,2024-07-09 17:25:00,82.43,82.43,82.42,82.42,1740
3103,2024-07-09 17:20:00,82.41,82.43,82.41,82.42,1339
3104,2024-07-09 17:15:00,82.41,82.44,82.41,82.42,826
3105,2024-07-09 17:10:00,82.42,82.44,82.41,82.41,2986
3106,2024-07-09 17:05:00,82.44,82.44,82.4,82.42,3050
3107,2024-07-09 17:00:00,82.49,82.49,82.43,82.43,7200
3108,2024-07-09 16:55:00,82.45,82.49,82.43,82.47,20614
3109,2024-07-09 16:50:00,82.44,82.46,82.43,82.44,12902
3110,2024-07-09 16:45:00,82.45,83.02,82.43,82.46,39779
3111,2024-07-09 16:40:00,82.46,82.46,82.43,82.45,4910
3112,2024-07-09 16:35:00,82.44,82.47,82.44,82.46,9221
3113,2024-07-09 16:30:00,82.44,82.46,82.42,82.44,10473
3114,2024-07-09 16:25:00,82.45,82.47,82.41,82.43,17057
3115,2024-07-09 16:20:00,82.37,83.02,82.37,82.44,56930
3116,2024-07-09 16:15:00,82.35,82.39,82.32,82.36,13713
3117,2024-07-09 16:10:00,82.32,82.33,82.29,82.32,15555
3118,2024-07-09 16:05:00,82.3,82.33,82.28,82.3,40007
3119,2024-07-09 16:00:00,82.35,82.42,82.28,82.29,373070
3120,2024-07-09 15:55:00,82.36,82.45,82.22,82.38,946524
3121,2024-07-09 15:50:00,82.32,82.45,82.28,82.38,649221
3122,2024-07-09 15:45:00,82.287,82.36,82.19,82.33,305814
3123,2024-07-09 15:40:00,82.21,82.32,82.21,82.28,221679
3124,2024-07-09 15:35:00,82.17,82.27,82.17,82.21,244332
3125,2024-07-09 15:30:00,82.205,82.205,82.115,82.18,181282
3126,2024-07-09 15:25:00,82.15,82.26,82.14,82.204,156957
3127,2024-07-09 15:20:00,82.25,82.28,82.09,82.145,252115
3128,2024-07-09 15:15:00,82.36,82.36,82.23,82.25,145035
3129,2024-07-09 15:10:00,82.295,82.38,82.23,82.36,153986
3130,2024-07-09 15:05:00,82.315,82.36,82.2,82.296,153069
3131,2024-07-09 15:00:00,82.31,82.347,82.215,82.31,187766
3132,2024-07-09 14:55:00,82.165,82.31,82.1,82.3,231204
3133,2024-07-09 14:50:00,82.315,82.32,82.13,82.165,210164
3134,2024-07-09 14:45:00,82.31,82.39,82.285,82.315,339437
3135,2024-07-09 14:40:00,82.19,82.35,82.14,82.315,302290
3136,2024-07-09 14:35:00,82.13,82.24,82.105,82.195,273552
3137,2024-07-09 14:30:00,82.025,82.17,81.933,82.14,290720
3138,2024-07-09 14:25:00,82.14,82.57,82.015,82.02,225140
3139,2024-07-09 14:20:00,82.185,82.26,82.105,82.149,383976
3140,2024-07-09 14:15:00,82.1,82.195,82.09,82.186,235756
3141,2024-07-09 14:10:00,82.15,82.215,82.08,82.084,268536
3142,2024-07-09 14:05:00,82.065,82.19,82.0,82.15,267495
3143,2024-07-09 14:00:00,82.155,82.16,81.975,82.055,283062
3144,2024-07-09 13:55:00,82.135,82.21,82.08,82.155,227421
3145,2024-07-09 13:50:00,81.94,82.155,81.94,82.136,233135
3146,2024-07-09 13:45:00,82.03,82.04,81.91,81.94,194086
3147,2024-07-09 13:40:00,82.055,82.06,81.93,82.03,151670
3148,2024-07-09 13:35:00,82.04,82.07,81.98,82.07,194736
3149,2024-07-09 13:30:00,81.82,82.05,81.79,82.035,417911
3150,2024-07-09 13:25:00,81.69,81.92,81.62,81.83,495735
3151,2024-07-09 13:20:00,81.86,81.95,81.66,81.67,472300
3152,2024-07-09 13:15:00,82.38,82.38,81.75,81.86,665600
3153,2024-07-09 13:10:00,82.46,82.47,82.295,82.38,174289
3154,2024-07-09 13:05:00,82.48,82.48,82.331,82.46,257156
3155,2024-07-09 13:00:00,82.33,82.51,82.18,82.467,527343
3156,2024-07-09 12:55:00,82.08,82.36,82.01,82.34,446276
3157,2024-07-09 12:50:00,82.01,82.19,81.98,82.085,430017
3158,2024-07-09 12:45:00,82.34,82.35,81.96,82.004,1037866
3159,2024-07-09 12:40:00,82.34,82.395,82.175,82.33,577974
3160,2024-07-09 12:35:00,82.506,82.58,82.32,82.34,342916
3161,2024-07-09 12:30:00,82.62,82.675,82.49,82.5,235195
3162,2024-07-09 12:25:00,82.73,82.73,82.562,82.62,226561
3163,2024-07-09 12:20:00,82.8,82.83,82.725,82.73,191068
3164,2024-07-09 12:15:00,82.595,82.815,82.595,82.8,241625
3165,2024-07-09 12:10:00,82.781,82.83,82.58,82.605,245884
3166,2024-07-09 12:05:00,82.561,82.799,82.554,82.78,365945
3167,2024-07-09 12:00:00,82.69,82.74,82.49,82.565,252408
3168,2024-07-09 11:55:00,82.575,82.715,82.575,82.7,285079
3169,2024-07-09 11:50:00,82.66,82.7,82.53,82.578,168117
3170,2024-07-09 11:45:00,82.48,82.695,82.47,82.655,327995
3171,2024-07-09 11:40:00,82.37,82.53,82.35,82.485,227325
3172,2024-07-09 11:35:00,82.56,82.6,82.324,82.36,221184
3173,2024-07-09 11:30:00,82.48,82.6,82.355,82.55,413636
3174,2024-07-09 11:25:00,82.457,82.509,82.28,82.49,436942
3175,2024-07-09 11:20:00,82.63,82.7,82.33,82.44,443901
3176,2024-07-09 11:15:00,82.65,82.72,82.51,82.635,351228
3177,2024-07-09 11:10:00,82.67,82.71,82.44,82.64,593544
3178,2024-07-09 11:05:00,82.6,82.707,82.52,82.651,400868
3179,2024-07-09 11:00:00,82.73,82.88,82.6,82.61,352248
3180,2024-07-09 10:55:00,82.94,82.97,82.65,82.73,480415
3181,2024-07-09 10:50:00,82.83,83.0,82.73,82.935,444198
3182,2024-07-09 10:45:00,82.97,83.13,82.781,82.825,717256
3183,2024-07-09 10:40:00,82.87,82.99,82.805,82.97,398663
3184,2024-07-09 10:35:00,82.74,82.93,82.67,82.87,509786
3185,2024-07-09 10:30:00,82.68,82.76,82.4,82.74,1036415
3186,2024-07-09 10:25:00,82.86,82.88,82.56,82.67,1032347
3187,2024-07-09 10:20:00,83.32,83.365,82.86,82.87,747872
3188,2024-07-09 10:15:00,83.36,83.42,83.255,83.32,569394
3189,2024-07-09 10:10:00,83.01,83.49,82.94,83.34,953775
3190,2024-07-09 10:05:00,83.145,83.159,82.803,83.014,859518
3191,2024-07-09 10:00:00,83.24,83.345,83.02,83.14,661793
3192,2024-07-09 09:55:00,83.1,83.38,83.05,83.23,722439
3193,2024-07-09 09:50:00,83.006,83.13,82.91,83.1,638898
3194,2024-07-09 09:45:00,83.17,83.199,82.93,83.02,642394
3195,2024-07-09 09:40:00,83.03,83.17,82.872,83.164,738220
3196,2024-07-09 09:35:00,83.39,83.4,82.89,83.03,1075845
3197,2024-07-09 09:30:00,82.92,83.395,82.9,83.39,1471896
3198,2024-07-09 09:25:00,82.95,82.99,82.86,82.92,55402
3199,2024-07-09 09:20:00,82.93,82.98,82.93,82.94,25931
3200,2024-07-09 09:15:00,82.92,82.95,82.91,82.92,23193
3201,2024-07-09 09:10:00,82.91,82.93,82.84,82.92,34703
3202,2024-07-09 09:05:00,82.91,82.95,82.9,82.9,18862
3203,2024-07-09 09:00:00,82.9,82.95,82.87,82.91,38296
3204,2024-07-09 08:55:00,82.875,82.93,82.87,82.9,9119
3205,2024-07-09 08:50:00,82.83,82.89,81.845,82.87,22553
3206,2024-07-09 08:45:00,82.77,82.85,82.73,82.84,23514
3207,2024-07-09 08:40:00,82.72,82.8,82.72,82.78,19347
3208,2024-07-09 08:35:00,82.83,82.85,82.69,82.71,53056
3209,2024-07-09 08:30:00,82.798,82.85,82.793,82.83,29611
3210,2024-07-09 08:25:00,82.82,82.83,82.77,82.8,29431
3211,2024-07-09 08:20:00,82.89,82.91,82.81,82.81,56792
3212,2024-07-09 08:15:00,82.97,82.97,82.88,82.89,27371
3213,2024-07-09 08:10:00,82.99,83.0,82.96,82.96,13894
3214,2024-07-09 08:05:00,82.93,83.0,82.93,82.98,41350
3215,2024-07-09 08:00:00,83.13,83.208,82.17,82.939,231558
3216,2024-07-09 07:55:00,82.98,82.99,82.93,82.94,8334
3217,2024-07-09 07:50:00,82.92,82.99,82.91,82.99,6072
3218,2024-07-09 07:45:00,82.89,82.93,82.87,82.92,14065
3219,2024-07-09 07:40:00,82.97,83.0,82.88,82.9,16309
3220,2024-07-09 07:35:00,83.01,83.01,82.96,82.98,5267
3221,2024-07-09 07:30:00,83.02,83.02,82.95,83.01,6539
3222,2024-07-09 07:25:00,82.99,83.04,82.96,83.02,25300
3223,2024-07-09 07:20:00,83.02,83.04,82.96,82.99,17406
3224,2024-07-09 07:15:00,83.09,83.11,83.02,83.02,18071
3225,2024-07-09 07:10:00,83.14,83.14,83.01,83.08,32539
3226,2024-07-09 07:05:00,83.18,83.2,83.13,83.14,13293
3227,2024-07-09 07:00:00,83.11,83.18,83.1,83.17,29330
3228,2024-07-09 06:55:00,83.12,83.12,83.09,83.11,1523
3229,2024-07-09 06:50:00,83.09,83.14,83.09,83.12,983
3230,2024-07-09 06:45:00,83.11,83.13,83.08,83.1,4807
3231,2024-07-09 06:40:00,83.13,83.15,83.11,83.11,3821
3232,2024-07-09 06:35:00,83.15,83.17,83.13,83.13,2237
3233,2024-07-09 06:30:00,83.08,83.16,83.08,83.15,10056
3234,2024-07-09 06:25:00,83.11,83.13,83.04,83.07,6522
3235,2024-07-09 06:20:00,83.08,83.13,83.07,83.1,8259
3236,2024-07-09 06:15:00,83.08,83.11,83.03,83.08,8606
3237,2024-07-09 06:10:00,83.05,83.09,83.04,83.09,7394
3238,2024-07-09 06:05:00,83.11,83.11,83.05,83.06,9189
3239,2024-07-09 06:00:00,83.12,83.15,83.08,83.11,7309
3240,2024-07-09 05:55:00,83.2,83.21,83.12,83.12,7921
3241,2024-07-09 05:50:00,83.15,83.21,83.15,83.21,10580
3242,2024-07-09 05:45:00,83.18,83.18,83.14,83.16,5861
3243,2024-07-09 05:40:00,83.16,83.18,83.14,83.18,4983
3244,2024-07-09 05:35:00,83.15,83.17,83.14,83.16,16985
3245,2024-07-09 05:30:00,83.14,83.16,83.11,83.16,3798
3246,2024-07-09 05:25:00,83.09,83.14,83.08,83.14,7181
3247,2024-07-09 05:20:00,83.04,83.11,83.03,83.09,3418
3248,2024-07-09 05:15:00,83.06,83.09,83.05,83.05,4355
3249,2024-07-09 05:10:00,83.05,83.07,83.05,83.06,1184
3250,2024-07-09 05:05:00,83.06,83.07,83.03,83.05,1594
3251,2024-07-09 05:00:00,83.03,83.08,83.02,83.06,5008
3252,2024-07-09 04:55:00,83.04,83.07,83.02,83.03,4226
3253,2024-07-09 04:50:00,83.05,83.07,83.01,83.04,4963
3254,2024-07-09 04:45:00,83.06,83.08,83.02,83.04,3931
3255,2024-07-09 04:40:00,82.99,83.08,82.99,83.07,8380
3256,2024-07-09 04:35:00,82.97,83.0,82.94,82.99,3732
3257,2024-07-09 04:30:00,82.97,83.0,82.95,82.96,3481
3258,2024-07-09 04:25:00,83.06,83.07,82.94,82.95,9373
3259,2024-07-09 04:20:00,83.06,83.07,83.01,83.06,7843
3260,2024-07-09 04:15:00,83.01,83.12,83.01,83.06,8893
3261,2024-07-09 04:10:00,83.03,83.06,83.01,83.01,12651
3262,2024-07-09 04:05:00,83.04,83.11,82.99,83.03,12551
3263,2024-07-09 04:00:00,83.01,83.16,82.83,83.05,30432
3264,2024-07-08 19:55:00,82.96,83.08,82.96,83.06,33996
3265,2024-07-08 19:50:00,82.89,82.98,82.89,82.98,17981
3266,2024-07-08 19:45:00,82.88,82.92,82.87,82.88,6161
3267,2024-07-08 19:40:00,82.9,82.91,82.85,82.89,7772
3268,2024-07-08 19:35:00,82.93,82.95,82.89,82.91,10945
3269,2024-07-08 19:30:00,82.86,83.0,82.83,82.93,47962
3270,2024-07-08 19:25:00,82.8,82.86,82.78,82.84,7920
3271,2024-07-08 19:20:00,82.78,82.82,82.75,82.82,6889
3272,2024-07-08 19:15:00,82.75,82.78,82.73,82.78,3415
3273,2024-07-08 19:10:00,82.73,82.82,82.72,82.75,6892
3274,2024-07-08 19:05:00,82.57,82.81,82.57,82.74,58987
3275,2024-07-08 19:00:00,82.47,82.58,82.465,82.55,9401
3276,2024-07-08 18:55:00,82.499,82.51,82.46,82.46,7423
3277,2024-07-08 18:50:00,82.51,82.53,82.481,82.5,2349
3278,2024-07-08 18:45:00,82.48,82.54,82.47,82.501,7461
3279,2024-07-08 18:40:00,82.47,82.49,82.45,82.47,4287
3280,2024-07-08 18:35:00,82.53,82.53,82.47,82.48,3901
3281,2024-07-08 18:30:00,82.57,82.58,82.53,82.54,3431
3282,2024-07-08 18:25:00,82.55,82.58,82.535,82.57,16944
3283,2024-07-08 18:20:00,82.55,82.559,82.52,82.54,3107
3284,2024-07-08 18:15:00,82.49,82.56,82.46,82.55,32040
3285,2024-07-08 18:10:00,82.42,82.49,82.41,82.47,24449
3286,2024-07-08 18:05:00,82.36,82.43,82.35,82.42,5785
3287,2024-07-08 18:00:00,82.38,82.38,82.28,82.35,23721
3288,2024-07-08 17:55:00,82.38,82.39,82.35,82.365,2551
3289,2024-07-08 17:50:00,82.36,82.389,82.35,82.37,5500
3290,2024-07-08 17:45:00,82.37,82.37,82.35,82.35,9852
3291,2024-07-08 17:40:00,82.37,82.39,82.37,82.37,9071
3292,2024-07-08 17:35:00,82.39,82.4,82.34,82.38,4285
3293,2024-07-08 17:30:00,82.36,82.4,82.33,82.39,8240
3294,2024-07-08 17:25:00,82.35,82.36,82.33,82.36,4420
3295,2024-07-08 17:20:00,82.42,82.43,82.35,82.36,10258
3296,2024-07-08 17:15:00,82.41,82.43,82.41,82.42,10144
3297,2024-07-08 17:10:00,82.39,82.42,82.39,82.42,6760
3298,2024-07-08 17:05:00,82.37,82.4,82.37,82.4,7489
3299,2024-07-08 17:00:00,82.42,82.42,82.37,82.37,14044
3300,2024-07-08 16:55:00,82.36,82.42,82.35,82.42,33438
3301,2024-07-08 16:50:00,82.36,82.37,82.34,82.37,9614
3302,2024-07-08 16:45:00,82.33,82.36,82.32,82.36,13007
3303,2024-07-08 16:40:00,82.32,82.35,82.31,82.34,3501
3304,2024-07-08 16:35:00,82.33,82.339,82.31,82.32,2798
3305,2024-07-08 16:30:00,82.34,82.36,82.3,82.32,14826
3306,2024-07-08 16:25:00,82.38,82.38,82.34,82.34,21377
3307,2024-07-08 16:20:00,82.38,82.4,82.37,82.38,8515
3308,2024-07-08 16:15:00,82.17,82.4,82.17,82.38,9942
3309,2024-07-08 16:10:00,82.415,82.43,82.28,82.29,20942
3310,2024-07-08 16:05:00,82.33,82.455,82.31,82.41,63011
3311,2024-07-08 16:00:00,82.23,82.39,82.1,82.33,873882
3312,2024-07-08 15:55:00,82.21,82.465,82.05,82.212,1402256
3313,2024-07-08 15:50:00,81.96,82.22,81.96,82.215,1227427
3314,2024-07-08 15:45:00,81.89,81.96,81.87,81.96,378023
3315,2024-07-08 15:40:00,81.685,81.9,81.68,81.89,376180
3316,2024-07-08 15:35:00,81.681,81.76,81.65,81.68,125861
3317,2024-07-08 15:30:00,81.72,81.75,81.65,81.69,201634
3318,2024-07-08 15:25:00,81.83,81.835,81.66,81.73,289925
3319,2024-07-08 15:20:00,81.83,81.9,81.82,81.84,202318
3320,2024-07-08 15:15:00,81.84,81.84,81.7,81.83,214528
3321,2024-07-08 15:10:00,81.87,81.9,81.81,81.85,182863
3322,2024-07-08 15:05:00,81.89,81.91,81.84,81.875,157925
3323,2024-07-08 15:00:00,81.98,81.98,81.86,81.895,216139
3324,2024-07-08 14:55:00,81.89,82.01,81.89,81.99,254435
3325,2024-07-08 14:50:00,81.78,81.91,81.77,81.89,214004
3326,2024-07-08 14:45:00,81.64,81.785,81.53,81.77,456419
3327,2024-07-08 14:40:00,81.892,81.895,81.59,81.645,449464
3328,2024-07-08 14:35:00,81.896,81.902,81.785,81.89,146235
3329,2024-07-08 14:30:00,82.05,82.05,81.82,81.895,268487
3330,2024-07-08 14:25:00,82.02,82.1,82.015,82.055,258119
3331,2024-07-08 14:20:00,81.99,82.03,81.94,82.015,157078
3332,2024-07-08 14:15:00,81.901,82.02,81.89,82.0,249225
3333,2024-07-08 14:10:00,81.9,81.955,81.861,81.92,158978
3334,2024-07-08 14:05:00,81.92,81.93,81.82,81.891,158040
3335,2024-07-08 14:00:00,82.08,82.08,81.85,81.94,376120
3336,2024-07-08 13:55:00,82.08,82.11,82.025,82.09,179048
3337,2024-07-08 13:50:00,82.05,82.09,81.95,82.08,195919
3338,2024-07-08 13:45:00,82.11,82.18,82.02,82.06,195978
3339,2024-07-08 13:40:00,82.2,82.25,82.102,82.12,334737
3340,2024-07-08 13:35:00,82.1,82.2,82.07,82.195,237045
3341,2024-07-08 13:30:00,82.03,82.12,82.02,82.1,333973
3342,2024-07-08 13:25:00,81.887,82.04,81.87,82.03,247702
3343,2024-07-08 13:20:00,81.88,81.94,81.81,81.885,159167
3344,2024-07-08 13:15:00,81.965,81.975,81.77,81.88,241401
3345,2024-07-08 13:10:00,81.877,81.975,81.866,81.965,254838
3346,2024-07-08 13:05:00,81.81,81.91,81.795,81.87,264056
3347,2024-07-08 13:00:00,81.85,81.86,81.75,81.81,172937
3348,2024-07-08 12:55:00,81.84,81.91,81.82,81.85,246845
3349,2024-07-08 12:50:00,81.74,81.86,81.72,81.845,295645
3350,2024-07-08 12:45:00,81.69,81.76,81.66,81.73,166220
3351,2024-07-08 12:40:00,81.61,81.775,81.605,81.69,355834
3352,2024-07-08 12:35:00,81.65,81.72,81.56,81.61,299742
3353,2024-07-08 12:30:00,81.705,81.726,81.6,81.67,247927
3354,2024-07-08 12:25:00,81.794,81.835,81.555,81.71,315736
3355,2024-07-08 12:20:00,81.71,81.81,81.672,81.8,158919
3356,2024-07-08 12:15:00,81.865,81.87,81.7,81.7,291613
3357,2024-07-08 12:10:00,81.69,81.88,81.62,81.86,473956
3358,2024-07-08 12:05:00,82.02,82.04,81.67,81.68,418965
3359,2024-07-08 12:00:00,82.24,82.255,81.98,82.02,387472
3360,2024-07-08 11:55:00,82.15,82.24,82.14,82.24,208175
3361,2024-07-08 11:50:00,82.18,82.27,82.1,82.15,330814
3362,2024-07-08 11:45:00,82.19,82.21,82.04,82.185,324647
3363,2024-07-08 11:40:00,82.01,82.23,82.01,82.19,418774
3364,2024-07-08 11:35:00,82.18,82.18,81.86,82.005,551335
3365,2024-07-08 11:30:00,82.17,82.25,82.14,82.18,451747
3366,2024-07-08 11:25:00,82.124,82.19,82.0,82.17,464658
3367,2024-07-08 11:20:00,81.91,82.22,81.9,82.12,963636
3368,2024-07-08 11:15:00,81.81,81.91,81.74,81.901,421833
3369,2024-07-08 11:10:00,81.78,81.83,81.7,81.81,302304
3370,2024-07-08 11:05:00,81.65,81.79,81.65,81.779,327583
3371,2024-07-08 11:00:00,81.535,81.77,81.47,81.66,568764
3372,2024-07-08 10:55:00,81.491,81.547,81.33,81.53,334615
3373,2024-07-08 10:50:00,81.48,81.51,81.384,81.49,356158
3374,2024-07-08 10:45:00,81.435,81.53,81.385,81.485,287099
3375,2024-07-08 10:40:00,81.53,81.58,81.36,81.45,489192
3376,2024-07-08 10:35:00,81.65,81.71,81.28,81.53,837221
3377,2024-07-08 10:30:00,81.71,81.815,81.57,81.65,396216
3378,2024-07-08 10:25:00,81.63,81.81,81.565,81.73,439319
3379,2024-07-08 10:20:00,81.65,81.655,81.421,81.64,890757
3380,2024-07-08 10:15:00,81.845,81.9,81.649,81.65,478145
3381,2024-07-08 10:10:00,81.8,81.92,81.71,81.85,515579
3382,2024-07-08 10:05:00,81.71,81.89,81.6,81.81,708942
3383,2024-07-08 10:00:00,81.85,81.85,81.39,81.71,1023870
3384,2024-07-08 09:55:00,81.73,81.87,81.68,81.84,582282
3385,2024-07-08 09:50:00,81.7,82.05,81.66,81.732,1191431
3386,2024-07-08 09:45:00,81.69,81.77,81.55,81.695,735128
3387,2024-07-08 09:40:00,81.58,81.76,81.53,81.7,791966
3388,2024-07-08 09:35:00,81.73,81.73,81.43,81.58,1362452
3389,2024-07-08 09:30:00,81.81,81.95,81.61,81.73,1947496
3390,2024-07-08 09:25:00,81.9,81.91,81.79,81.81,132389
3391,2024-07-08 09:20:00,81.88,81.89,81.85,81.89,27915
3392,2024-07-08 09:15:00,81.86,81.9,81.84,81.885,60928
3393,2024-07-08 09:10:00,81.85,81.86,81.815,81.85,29123
3394,2024-07-08 09:05:00,81.81,81.87,81.79,81.85,41656
3395,2024-07-08 09:00:00,81.76,81.82,81.74,81.801,40104
3396,2024-07-08 08:55:00,81.79,81.79,81.75,81.77,12678
3397,2024-07-08 08:50:00,81.78,81.8,81.74,81.79,14664
3398,2024-07-08 08:45:00,81.819,81.83,79.615,81.77,13327
3399,2024-07-08 08:40:00,81.85,81.85,79.645,81.81,17505
3400,2024-07-08 08:35:00,81.85,81.86,81.83,81.84,29587
3401,2024-07-08 08:30:00,81.83,81.86,81.785,81.85,32016
3402,2024-07-08 08:25:00,81.83,81.86,81.63,81.82,28227
3403,2024-07-08 08:20:00,81.82,81.86,81.82,81.84,28537
3404,2024-07-08 08:15:00,81.82,81.84,81.8,81.83,33360
3405,2024-07-08 08:10:00,81.818,81.84,81.78,81.819,28873
3406,2024-07-08 08:05:00,81.26,81.86,81.2,81.82,59754
3407,2024-07-08 08:00:00,81.53,81.8,81.2,81.26,237275
3408,2024-07-08 07:55:00,81.75,81.8,81.75,81.77,6988
3409,2024-07-08 07:50:00,81.73,81.75,81.71,81.75,52298
3410,2024-07-08 07:45:00,81.73,81.74,81.72,81.74,4873
3411,2024-07-08 07:40:00,81.76,81.78,81.72,81.72,15596
3412,2024-07-08 07:35:00,81.73,81.76,81.71,81.76,13044
3413,2024-07-08 07:30:00,81.67,81.75,81.67,81.74,22356
3414,2024-07-08 07:25:00,81.68,81.72,81.66,81.67,9499
3415,2024-07-08 07:20:00,81.65,81.7,81.65,81.69,10205
3416,2024-07-08 07:15:00,81.67,81.67,81.63,81.65,9856
3417,2024-07-08 07:10:00,81.66,81.68,81.59,81.67,19326
3418,2024-07-08 07:05:00,81.52,81.68,81.52,81.66,12901
3419,2024-07-08 07:00:00,81.54,81.55,81.5,81.52,45567
3420,2024-07-08 06:55:00,81.62,81.62,81.53,81.55,6487
3421,2024-07-08 06:50:00,81.62,81.62,81.58,81.62,1380
3422,2024-07-08 06:45:00,81.61,81.62,81.58,81.61,4552
3423,2024-07-08 06:40:00,81.58,81.62,81.56,81.61,5911
3424,2024-07-08 06:35:00,81.59,81.61,81.56,81.59,15348
3425,2024-07-08 06:30:00,81.59,81.61,81.55,81.6,5083
3426,2024-07-08 06:25:00,81.6,81.61,81.58,81.58,5099
3427,2024-07-08 06:20:00,81.62,81.63,81.58,81.6,1752
3428,2024-07-08 06:15:00,81.61,81.62,81.58,81.61,14126
3429,2024-07-08 06:10:00,81.6,81.63,81.59,81.59,6609
3430,2024-07-08 06:05:00,81.58,81.6,81.55,81.6,5258
3431,2024-07-08 06:00:00,81.56,81.59,81.53,81.58,4592
3432,2024-07-08 05:55:00,81.64,81.64,81.52,81.55,2756
3433,2024-07-08 05:50:00,81.61,81.65,81.57,81.64,3957
3434,2024-07-08 05:45:00,81.55,81.62,81.55,81.61,6907
3435,2024-07-08 05:40:00,81.54,81.56,81.52,81.55,2518
3436,2024-07-08 05:35:00,81.57,81.57,81.53,81.54,1341
3437,2024-07-08 05:30:00,81.61,81.61,81.56,81.57,6428
3438,2024-07-08 05:25:00,81.55,81.62,81.54,81.6,9124
3439,2024-07-08 05:20:00,81.51,81.55,81.51,81.54,5974
3440,2024-07-08 05:15:00,81.54,81.55,81.5,81.51,13735
3441,2024-07-08 05:10:00,81.5,81.55,81.46,81.53,7024
3442,2024-07-08 05:05:00,81.46,81.51,81.46,81.49,1895
3443,2024-07-08 05:00:00,81.45,81.48,81.44,81.46,6063
3444,2024-07-08 04:55:00,81.47,81.49,81.45,81.45,4795
3445,2024-07-08 04:50:00,81.51,81.51,81.47,81.48,6948
3446,2024-07-08 04:45:00,81.54,81.54,81.49,81.5,5299
3447,2024-07-08 04:40:00,81.5,81.55,81.49,81.55,5741
3448,2024-07-08 04:35:00,81.55,81.56,81.49,81.5,6361
3449,2024-07-08 04:30:00,81.53,81.59,81.48,81.54,10639
3450,2024-07-08 04:25:00,81.52,81.53,81.49,81.52,8679
3451,2024-07-08 04:20:00,81.47,81.54,81.47,81.53,18665
3452,2024-07-08 04:15:00,81.5,81.52,81.42,81.47,7708
3453,2024-07-08 04:10:00,81.5,81.52,81.47,81.49,11142
3454,2024-07-08 04:05:00,81.49,81.53,81.45,81.5,59387
3455,2024-07-08 04:00:00,81.48,81.51,80.94,81.49,30355
3456,2024-07-05 19:55:00,81.38,81.4,81.36,81.37,7638
3457,2024-07-05 19:50:00,81.36,81.39,81.36,81.38,2546
3458,2024-07-05 19:45:00,81.38,81.4,81.36,81.37,1316
3459,2024-07-05 19:40:00,81.38,81.4,81.35,81.35,10703
3460,2024-07-05 19:35:00,81.38,81.38,81.36,81.38,1917
3461,2024-07-05 19:30:00,81.39,81.39,81.34,81.38,4478
3462,2024-07-05 19:25:00,81.34,81.39,81.34,81.37,2099
3463,2024-07-05 19:20:00,81.33,81.39,81.32,81.35,8860
3464,2024-07-05 19:15:00,81.339,81.36,81.32,81.33,3282
3465,2024-07-05 19:10:00,81.33,81.35,81.33,81.34,2207
3466,2024-07-05 19:05:00,81.33,81.34,81.32,81.33,2539
3467,2024-07-05 19:00:00,81.38,81.38,81.33,81.33,6663
3468,2024-07-05 18:55:00,81.37,81.38,81.34,81.36,4333
3469,2024-07-05 18:50:00,81.35,81.37,81.35,81.36,2804
3470,2024-07-05 18:45:00,81.33,81.37,81.33,81.355,2565
3471,2024-07-05 18:40:00,81.35,81.35,81.33,81.34,4226
3472,2024-07-05 18:35:00,81.36,81.37,81.32,81.36,2744
3473,2024-07-05 18:30:00,81.35,81.37,81.35,81.37,1974
3474,2024-07-05 18:25:00,81.36,81.37,81.35,81.36,2210
3475,2024-07-05 18:20:00,81.37,81.37,81.36,81.36,1849
3476,2024-07-05 18:15:00,81.36,81.37,81.35,81.37,7579
3477,2024-07-05 18:10:00,81.37,81.37,81.36,81.36,1966
3478,2024-07-05 18:05:00,81.37,81.37,81.36,81.37,1314
3479,2024-07-05 18:00:00,81.38,81.39,81.36,81.37,1903
3480,2024-07-05 17:55:00,81.39,81.39,81.38,81.39,4401
3481,2024-07-05 17:50:00,81.38,81.4,81.36,81.39,2657
3482,2024-07-05 17:45:00,81.35,81.4,81.32,81.38,4716
3483,2024-07-05 17:40:00,81.38,81.4,81.32,81.35,3381
3484,2024-07-05 17:35:00,81.38,81.42,81.342,81.38,1255
3485,2024-07-05 17:30:00,81.42,81.43,81.38,81.38,2791
3486,2024-07-05 17:25:00,81.44,81.45,81.39,81.43,4062
3487,2024-07-05 17:20:00,81.44,81.45,81.44,81.44,7352
3488,2024-07-05 17:15:00,81.45,81.45,81.44,81.44,2842
3489,2024-07-05 17:10:00,81.4,81.45,81.4,81.44,9170
3490,2024-07-05 17:05:00,81.39,81.45,81.351,81.42,15427
3491,2024-07-05 17:00:00,81.3,81.4,81.29,81.39,13935
3492,2024-07-05 16:55:00,81.43,81.43,81.285,81.3,20979
3493,2024-07-05 16:50:00,81.4,81.45,81.4,81.43,47833
3494,2024-07-05 16:45:00,81.43,81.44,81.39,81.41,24598
3495,2024-07-05 16:40:00,81.46,81.47,81.43,81.43,42406
3496,2024-07-05 16:35:00,81.5,81.51,81.46,81.46,10497
3497,2024-07-05 16:30:00,81.531,81.55,81.5,81.5,27383
3498,2024-07-05 16:25:00,81.53,81.56,81.52,81.53,57860
3499,2024-07-05 16:20:00,81.57,81.58,81.52,81.53,13785
3500,2024-07-05 16:15:00,81.63,81.83,81.53,81.57,23725
3501,2024-07-05 16:10:00,81.47,81.55,81.47,81.54,20498
3502,2024-07-05 16:05:00,81.51,81.53,81.46,81.48,61840
3503,2024-07-05 16:00:00,81.66,81.66,81.46,81.5,529635
3504,2024-07-05 15:55:00,81.82,81.836,81.58,81.66,1057369
3505,2024-07-05 15:50:00,81.7,81.85,81.66,81.82,1214493
3506,2024-07-05 15:45:00,81.78,81.81,81.67,81.71,345365
3507,2024-07-05 15:40:00,81.7,81.835,81.65,81.785,436315
3508,2024-07-05 15:35:00,81.695,81.72,81.66,81.691,216716
3509,2024-07-05 15:30:00,81.64,81.71,81.57,81.695,320290
3510,2024-07-05 15:25:00,81.685,81.766,81.64,81.65,316387
3511,2024-07-05 15:20:00,81.62,81.7,81.6,81.68,192762
3512,2024-07-05 15:15:00,81.67,81.69,81.56,81.626,227229
3513,2024-07-05 15:10:00,81.65,81.685,81.61,81.67,189824
3514,2024-07-05 15:05:00,81.596,81.68,81.565,81.645,188927
3515,2024-07-05 15:00:00,81.52,81.62,81.49,81.59,175466
3516,2024-07-05 14:55:00,81.475,81.57,81.455,81.535,136107
3517,2024-07-05 14:50:00,81.53,81.57,81.45,81.465,194640
3518,2024-07-05 14:45:00,81.42,81.525,81.39,81.525,185126
3519,2024-07-05 14:40:00,81.4,81.435,81.33,81.405,193456
3520,2024-07-05 14:35:00,81.455,81.51,81.36,81.4,301317
3521,2024-07-05 14:30:00,81.4,81.495,81.315,81.435,282836
3522,2024-07-05 14:25:00,81.47,81.56,81.39,81.407,225650
3523,2024-07-05 14:20:00,81.65,81.685,81.455,81.48,195589
3524,2024-07-05 14:15:00,81.66,81.7,81.565,81.64,204330
3525,2024-07-05 14:10:00,81.581,81.72,81.571,81.675,291768
3526,2024-07-05 14:05:00,81.46,81.64,81.45,81.59,415544
3527,2024-07-05 14:00:00,81.655,81.71,81.44,81.47,281364
3528,2024-07-05 13:55:00,81.73,81.76,81.63,81.65,194825
3529,2024-07-05 13:50:00,81.74,81.81,81.66,81.74,369551
3530,2024-07-05 13:45:00,81.73,81.8,81.68,81.735,242409
3531,2024-07-05 13:40:00,81.705,81.76,81.57,81.725,435463
3532,2024-07-05 13:35:00,81.66,81.715,81.62,81.705,380943
3533,2024-07-05 13:30:00,81.56,81.68,81.55,81.65,331785
3534,2024-07-05 13:25:00,81.515,81.63,81.495,81.55,300937
3535,2024-07-05 13:20:00,81.4,81.54,81.37,81.52,397548
3536,2024-07-05 13:15:00,81.33,81.43,81.29,81.41,376041
3537,2024-07-05 13:10:00,81.225,81.33,81.21,81.323,212849
3538,2024-07-05 13:05:00,81.29,81.35,81.1,81.22,416029
3539,2024-07-05 13:00:00,81.26,81.34,81.204,81.289,186856
3540,2024-07-05 12:55:00,81.33,81.34,81.19,81.25,189633
3541,2024-07-05 12:50:00,81.19,81.368,81.18,81.34,265051
3542,2024-07-05 12:45:00,81.17,81.29,81.12,81.201,333000
3543,2024-07-05 12:40:00,81.325,81.4,81.171,81.171,301096
3544,2024-07-05 12:35:00,81.397,81.42,81.23,81.34,298787
3545,2024-07-05 12:30:00,81.55,81.57,81.37,81.395,332755
3546,2024-07-05 12:25:00,81.525,81.575,81.415,81.56,329763
3547,2024-07-05 12:20:00,81.42,81.57,81.41,81.53,333582
3548,2024-07-05 12:15:00,81.465,81.5,81.351,81.43,307728
3549,2024-07-05 12:10:00,81.24,81.48,81.22,81.47,470821
3550,2024-07-05 12:05:00,81.3,81.317,81.18,81.26,319250
3551,2024-07-05 12:00:00,81.35,81.42,81.29,81.29,341311
3552,2024-07-05 11:55:00,81.39,81.46,81.325,81.35,394356
3553,2024-07-05 11:50:00,81.37,81.449,81.28,81.388,477818
3554,2024-07-05 11:45:00,81.29,81.415,81.21,81.37,489124
3555,2024-07-05 11:40:00,81.065,81.3,81.05,81.3,515243
3556,2024-07-05 11:35:00,81.05,81.14,81.01,81.06,333850
3557,2024-07-05 11:30:00,80.93,81.09,80.92,81.06,524949
3558,2024-07-05 11:25:00,80.89,80.98,80.78,80.938,232445
3559,2024-07-05 11:20:00,80.9,80.94,80.7,80.9,418430
3560,2024-07-05 11:15:00,80.97,81.03,80.79,80.92,565919
3561,2024-07-05 11:10:00,80.695,81.0,80.67,80.96,620028
3562,2024-07-05 11:05:00,80.505,80.78,80.441,80.691,492185
3563,2024-07-05 11:00:00,80.51,80.61,80.367,80.505,386719
3564,2024-07-05 10:55:00,80.71,80.71,80.5,80.51,269453
3565,2024-07-05 10:50:00,80.745,80.769,80.535,80.71,412526
3566,2024-07-05 10:45:00,80.62,80.84,80.55,80.735,722172
3567,2024-07-05 10:40:00,80.49,80.7,80.411,80.62,461132
3568,2024-07-05 10:35:00,80.56,80.56,80.14,80.48,697439
3569,2024-07-05 10:30:00,80.45,80.61,80.3,80.55,494174
3570,2024-07-05 10:25:00,80.44,80.46,80.24,80.45,481255
3571,2024-07-05 10:20:00,80.35,80.47,80.125,80.44,626865
3572,2024-07-05 10:15:00,80.16,80.415,80.08,80.36,705760
3573,2024-07-05 10:10:00,80.01,80.185,79.82,80.165,775821
3574,2024-07-05 10:05:00,80.59,80.74,79.94,80.02,1295652
3575,2024-07-05 10:00:00,80.43,80.76,80.37,80.6,1121075
3576,2024-07-05 09:55:00,80.075,80.45,80.071,80.42,916940
3577,2024-07-05 09:50:00,79.83,80.17,79.77,80.07,922293
3578,2024-07-05 09:45:00,79.92,79.99,79.43,79.83,1050732
3579,2024-07-05 09:40:00,80.09,80.17,79.845,79.938,942599
3580,2024-07-05 09:35:00,79.81,80.2,79.69,80.111,1301532
3581,2024-07-05 09:30:00,79.57,80.0,79.55,79.802,1821504
3582,2024-07-05 09:25:00,79.49,79.61,79.44,79.59,170853
3583,2024-07-05 09:20:00,79.41,79.52,79.36,79.495,98093
3584,2024-07-05 09:15:00,79.31,79.45,79.28,79.41,50326
3585,2024-07-05 09:10:00,79.33,79.38,79.26,79.32,27144
3586,2024-07-05 09:05:00,79.3,79.38,79.24,79.33,59893
3587,2024-07-05 09:00:00,79.39,79.43,79.24,79.32,66248
3588,2024-07-05 08:55:00,79.48,79.52,79.38,79.399,37428
3589,2024-07-05 08:50:00,79.41,79.48,79.28,79.47,82900
3590,2024-07-05 08:45:00,79.67,79.67,79.37,79.42,84809
3591,2024-07-05 08:40:00,79.52,79.7,76.995,79.659,72267
3592,2024-07-05 08:35:00,79.72,79.79,79.47,79.55,154917
3593,2024-07-05 08:30:00,79.67,80.16,78.8,79.73,434635
3594,2024-07-05 08:25:00,79.6,79.75,79.59,79.71,90856
3595,2024-07-05 08:20:00,79.49,79.61,79.48,79.6,30022
3596,2024-07-05 08:15:00,79.41,79.5,79.36,79.498,20533
3597,2024-07-05 08:10:00,79.55,79.55,79.37,79.41,22209
3598,2024-07-05 08:05:00,79.29,79.79,79.26,79.55,41948
3599,2024-07-05 08:00:00,79.54,79.79,79.26,79.67,164074
3600,2024-07-05 07:55:00,79.47,79.5,79.45,79.48,5349
3601,2024-07-05 07:50:00,79.51,79.55,79.46,79.46,6177
3602,2024-07-05 07:45:00,79.5,79.54,79.5,79.52,2052
3603,2024-07-05 07:40:00,79.5,79.52,79.43,79.5,12179
3604,2024-07-05 07:35:00,79.5,79.52,79.44,79.48,9741
3605,2024-07-05 07:30:00,79.59,79.61,79.51,79.51,23861
3606,2024-07-05 07:25:00,79.55,79.6,79.55,79.58,2393
3607,2024-07-05 07:20:00,79.6,79.62,79.56,79.56,4644
3608,2024-07-05 07:15:00,79.58,79.65,79.57,79.6,4281
3609,2024-07-05 07:10:00,79.61,79.62,79.55,79.57,15423
3610,2024-07-05 07:05:00,79.6,79.64,79.59,79.62,17304
3611,2024-07-05 07:00:00,79.56,79.61,79.53,79.61,44426
3612,2024-07-05 06:55:00,79.55,79.58,79.54,79.57,3689
3613,2024-07-05 06:50:00,79.53,79.59,79.53,79.55,12356
3614,2024-07-05 06:45:00,79.58,79.58,79.53,79.54,10028
3615,2024-07-05 06:40:00,79.6,79.62,79.56,79.57,5761
3616,2024-07-05 06:35:00,79.54,79.66,79.53,79.6,23185
3617,2024-07-05 06:30:00,79.53,79.56,79.52,79.54,4096
3618,2024-07-05 06:25:00,79.5,79.53,79.49,79.53,559
3619,2024-07-05 06:20:00,79.51,79.54,79.48,79.5,3021
3620,2024-07-05 06:15:00,79.5,79.55,79.47,79.51,20422
3621,2024-07-05 06:10:00,79.48,79.51,79.45,79.5,8823
3622,2024-07-05 06:05:00,79.51,79.51,79.43,79.49,3295
3623,2024-07-05 06:00:00,79.47,79.51,79.43,79.51,6983
3624,2024-07-05 05:55:00,79.57,79.58,79.47,79.47,5187
3625,2024-07-05 05:50:00,79.5,79.57,79.46,79.57,9717
3626,2024-07-05 05:45:00,79.51,79.51,79.45,79.5,15918
3627,2024-07-05 05:40:00,79.57,79.57,79.5,79.51,5259
3628,2024-07-05 05:35:00,79.54,79.62,79.54,79.58,6200
3629,2024-07-05 05:30:00,79.51,79.54,79.48,79.54,1876
3630,2024-07-05 05:25:00,79.51,79.53,79.49,79.52,2890
3631,2024-07-05 05:20:00,79.49,79.52,79.48,79.51,3312
3632,2024-07-05 05:15:00,79.45,79.49,79.42,79.48,3364
3633,2024-07-05 05:10:00,79.48,79.51,79.43,79.45,3148
3634,2024-07-05 05:05:00,79.48,79.49,79.4,79.48,8473
3635,2024-07-05 05:00:00,79.46,79.52,79.46,79.48,11028
3636,2024-07-05 04:55:00,79.43,79.46,79.41,79.44,6769
3637,2024-07-05 04:50:00,79.46,79.5,79.41,79.43,6695
3638,2024-07-05 04:45:00,79.58,79.58,79.45,79.45,9870
3639,2024-07-05 04:40:00,79.49,79.58,79.46,79.58,13336
3640,2024-07-05 04:35:00,79.64,79.67,79.48,79.49,10283
3641,2024-07-05 04:30:00,79.61,79.65,79.56,79.65,8676
3642,2024-07-05 04:25:00,79.61,79.66,79.57,79.6,12504
3643,2024-07-05 04:20:00,79.68,79.7,79.61,79.61,8873
3644,2024-07-05 04:15:00,79.75,79.77,79.64,79.68,16149
3645,2024-07-05 04:10:00,79.68,79.76,79.64,79.74,25670
3646,2024-07-05 04:05:00,79.52,79.7,79.52,79.67,15459
3647,2024-07-05 04:00:00,79.61,79.61,79.25,79.51,63688
3648,2024-07-03 16:55:00,79.04,79.1,79.04,79.05,5907
3649,2024-07-03 16:50:00,79.05,79.05,79.04,79.05,2178
3650,2024-07-03 16:45:00,79.04,79.06,79.04,79.05,3490
3651,2024-07-03 16:40:00,79.04,79.05,79.04,79.05,2284
3652,2024-07-03 16:35:00,79.07,79.07,79.04,79.05,3225
3653,2024-07-03 16:30:00,79.07,79.08,79.05,79.06,1991
3654,2024-07-03 16:25:00,79.07,79.08,79.06,79.07,2641
3655,2024-07-03 16:20:00,79.07,79.08,79.07,79.07,3591
3656,2024-07-03 16:15:00,79.04,79.08,79.04,79.07,7073
3657,2024-07-03 16:10:00,79.05,79.09,79.04,79.04,7749
3658,2024-07-03 16:05:00,79.04,79.05,79.04,79.05,5141
3659,2024-07-03 16:00:00,79.09,79.1,79.04,79.04,4667
3660,2024-07-03 15:55:00,79.129,79.13,79.05,79.09,10025
3661,2024-07-03 15:50:00,79.12,79.14,79.12,79.13,14077
3662,2024-07-03 15:45:00,79.11,79.13,79.11,79.12,6143
3663,2024-07-03 15:40:00,79.115,79.13,79.11,79.11,3951
3664,2024-07-03 15:35:00,79.115,79.12,79.1,79.12,3543
3665,2024-07-03 15:30:00,79.12,79.12,79.08,79.12,3391
3666,2024-07-03 15:25:00,79.08,79.12,79.07,79.1,1609
3667,2024-07-03 15:20:00,79.09,79.09,79.05,79.08,3582
3668,2024-07-03 15:15:00,79.12,79.12,79.07,79.09,3246
3669,2024-07-03 15:10:00,79.08,79.12,79.07,79.11,14942
3670,2024-07-03 15:05:00,79.07,79.08,79.07,79.07,2246
3671,2024-07-03 15:00:00,79.075,79.08,79.06,79.07,4630
3672,2024-07-03 14:55:00,79.06,79.08,79.06,79.07,4260
3673,2024-07-03 14:50:00,79.06,79.06,79.05,79.05,3368
3674,2024-07-03 14:45:00,79.05,79.06,79.04,79.05,9981
3675,2024-07-03 14:40:00,79.05,79.05,79.04,79.045,2574
3676,2024-07-03 14:35:00,79.045,79.05,79.04,79.05,5687
3677,2024-07-03 14:30:00,79.06,79.065,79.04,79.04,6124
3678,2024-07-03 14:25:00,79.05,79.08,79.04,79.05,30109
3679,2024-07-03 14:20:00,79.08,79.09,79.04,79.04,18784
3680,2024-07-03 14:15:00,79.09,79.1,79.07,79.09,13189
3681,2024-07-03 14:10:00,79.074,79.09,79.07,79.08,3626
3682,2024-07-03 14:05:00,79.11,79.11,79.07,79.085,11885
3683,2024-07-03 14:00:00,79.12,79.13,79.07,79.11,14570
3684,2024-07-03 13:55:00,79.13,79.14,79.1,79.1,12001
3685,2024-07-03 13:50:00,79.15,79.15,79.12,79.12,9926
3686,2024-07-03 13:45:00,79.131,79.15,79.13,79.14,12819
3687,2024-07-03 13:40:00,79.07,79.15,79.07,79.14,38135
3688,2024-07-03 13:35:00,79.119,79.12,79.01,79.08,17138
3689,2024-07-03 13:30:00,79.12,79.14,78.98,79.12,18163
3690,2024-07-03 13:25:00,79.15,79.2,79.1,79.1,17107
3691,2024-07-03 13:20:00,79.19,79.23,79.15,79.16,29007
3692,2024-07-03 13:15:00,79.23,79.26,79.17,79.17,25835
3693,2024-07-03 13:10:00,79.29,79.3,79.15,79.22,52262
3694,2024-07-03 13:05:00,79.391,79.44,79.26,79.29,74427
3695,2024-07-03 13:00:00,79.22,79.43,79.12,79.409,512237
3696,2024-07-03 12:55:00,79.06,79.24,79.06,79.22,1131048
3697,2024-07-03 12:50:00,78.8,79.06,78.75,79.055,581434
3698,2024-07-03 12:45:00,78.855,78.91,78.69,78.82,490788
3699,2024-07-03 12:40:00,79.14,79.145,78.805,78.855,512354
3700,2024-07-03 12:35:00,79.055,79.186,79.02,79.14,373864
3701,2024-07-03 12:30:00,79.3,79.305,78.99,79.055,601149
3702,2024-07-03 12:25:00,79.16,79.31,79.15,79.305,350126
3703,2024-07-03 12:20:00,79.175,79.24,79.12,79.15,366472
3704,2024-07-03 12:15:00,79.015,79.18,78.982,79.176,484469
3705,2024-07-03 12:10:00,78.97,79.04,78.9,79.01,359404
3706,2024-07-03 12:05:00,78.975,79.019,78.9,78.97,541150
3707,2024-07-03 12:00:00,78.82,78.995,78.775,78.97,564782
3708,2024-07-03 11:55:00,78.65,78.84,78.65,78.81,555107
3709,2024-07-03 11:50:00,78.455,78.66,78.444,78.65,538973
3710,2024-07-03 11:45:00,78.475,78.48,78.395,78.451,250067
3711,2024-07-03 11:40:00,78.26,78.48,78.22,78.47,440805
3712,2024-07-03 11:35:00,78.25,78.35,78.25,78.26,190985
3713,2024-07-03 11:30:00,78.43,78.46,78.239,78.25,373273
3714,2024-07-03 11:25:00,78.42,78.49,78.33,78.43,412460
3715,2024-07-03 11:20:00,78.465,78.54,78.39,78.43,539622
3716,2024-07-03 11:15:00,78.365,78.496,78.321,78.47,415297
3717,2024-07-03 11:10:00,78.19,78.37,78.175,78.36,624241
3718,2024-07-03 11:05:00,77.92,78.22,77.89,78.175,626381
3719,2024-07-03 11:00:00,78.06,78.12,77.83,77.93,489943
3720,2024-07-03 10:55:00,77.98,78.15,77.95,78.059,540929
3721,2024-07-03 10:50:00,78.05,78.06,77.811,77.98,441939
3722,2024-07-03 10:45:00,77.915,78.1,77.88,78.045,787245
3723,2024-07-03 10:40:00,77.64,78.0,77.61,77.9,953468
3724,2024-07-03 10:35:00,77.514,77.696,77.425,77.65,461655
3725,2024-07-03 10:30:00,77.45,77.58,77.355,77.53,527867
3726,2024-07-03 10:25:00,77.565,77.565,77.271,77.46,740059
3727,2024-07-03 10:20:00,77.73,77.8,77.54,77.56,454299
3728,2024-07-03 10:15:00,77.71,77.83,77.65,77.74,606900
3729,2024-07-03 10:10:00,77.43,77.72,77.36,77.72,633839
3730,2024-07-03 10:05:00,77.53,77.75,77.36,77.435,628196
3731,2024-07-03 10:00:00,77.64,77.88,77.17,77.525,1286625
3732,2024-07-03 09:55:00,77.54,77.73,77.42,77.625,571788
3733,2024-07-03 09:50:00,77.56,77.68,77.49,77.539,626850
3734,2024-07-03 09:45:00,77.44,77.555,77.34,77.55,589873
3735,2024-07-03 09:40:00,77.36,77.468,77.22,77.449,653619
3736,2024-07-03 09:35:00,77.5,77.5,77.17,77.36,868542
3737,2024-07-03 09:30:00,76.95,77.55,76.95,77.48,1901153
3738,2024-07-03 09:25:00,76.91,77.03,76.85,76.95,115204
3739,2024-07-03 09:20:00,77.06,77.07,76.85,76.89,74443
3740,2024-07-03 09:15:00,76.98,77.08,76.978,77.06,40053
3741,2024-07-03 09:10:00,77.0,77.0,74.375,76.96,35992
3742,2024-07-03 09:05:00,76.94,77.0,76.88,76.99,15153
3743,2024-07-03 09:00:00,76.979,77.02,76.91,76.955,39388
3744,2024-07-03 08:55:00,76.93,77.0,76.9,76.98,29422
3745,2024-07-03 08:50:00,76.87,76.95,76.86,76.95,101330
3746,2024-07-03 08:45:00,76.88,77.02,76.86,76.86,80236
3747,2024-07-03 08:40:00,76.9,76.92,76.83,76.89,61440
3748,2024-07-03 08:35:00,77.01,77.03,76.88,76.9,32853
3749,2024-07-03 08:30:00,77.09,77.209,76.97,77.01,71108
3750,2024-07-03 08:25:00,77.2,77.215,77.04,77.085,42710
3751,2024-07-03 08:20:00,77.18,77.23,77.1,77.18,25071
3752,2024-07-03 08:15:00,77.22,77.27,77.14,77.17,40175
3753,2024-07-03 08:10:00,77.25,77.27,77.16,77.2,38779
3754,2024-07-03 08:05:00,77.36,77.4,77.25,77.25,32503
3755,2024-07-03 08:00:00,77.38,77.672,77.15,77.36,233809
3756,2024-07-03 07:55:00,77.24,77.36,77.23,77.33,6523
3757,2024-07-03 07:50:00,77.27,77.28,77.21,77.24,6346
3758,2024-07-03 07:45:00,77.27,77.3,77.23,77.26,5615
3759,2024-07-03 07:40:00,77.28,77.29,77.26,77.28,7592
3760,2024-07-03 07:35:00,77.27,77.32,77.24,77.27,6300
3761,2024-07-03 07:30:00,77.36,77.38,77.23,77.27,11887
3762,2024-07-03 07:25:00,77.37,77.37,77.28,77.35,6360
3763,2024-07-03 07:20:00,77.37,77.39,77.37,77.37,4616
3764,2024-07-03 07:15:00,77.36,77.37,77.31,77.37,14537
3765,2024-07-03 07:10:00,77.44,77.44,77.33,77.38,13813
3766,2024-07-03 07:05:00,77.46,77.47,77.41,77.41,9173
3767,2024-07-03 07:00:00,77.41,77.48,77.379,77.46,63591
3768,2024-07-03 06:55:00,77.48,77.49,77.42,77.42,6157
3769,2024-07-03 06:50:00,77.49,77.52,77.46,77.47,3774
3770,2024-07-03 06:45:00,77.5,77.51,77.47,77.48,5829
3771,2024-07-03 06:40:00,77.53,77.54,77.5,77.5,4401
3772,2024-07-03 06:35:00,77.53,77.53,77.49,77.53,7003
3773,2024-07-03 06:30:00,77.53,77.56,77.51,77.54,2579
3774,2024-07-03 06:25:00,77.55,77.56,77.51,77.54,7313
3775,2024-07-03 06:20:00,77.51,77.55,77.46,77.54,1503
3776,2024-07-03 06:15:00,77.51,77.51,77.47,77.51,2163
3777,2024-07-03 06:10:00,77.48,77.51,77.45,77.51,2867
3778,2024-07-03 06:05:00,77.53,77.54,77.46,77.48,6769
3779,2024-07-03 06:00:00,77.56,77.57,77.5,77.53,6409
3780,2024-07-03 05:55:00,77.52,77.6,77.5,77.56,8278
3781,2024-07-03 05:50:00,77.58,77.59,77.51,77.52,4220
3782,2024-07-03 05:45:00,77.58,77.64,77.51,77.58,5898
3783,2024-07-03 05:40:00,77.49,77.57,77.48,77.56,5868
3784,2024-07-03 05:35:00,77.47,77.51,77.45,77.5,3958
3785,2024-07-03 05:30:00,77.48,77.48,77.38,77.46,24501
3786,2024-07-03 05:25:00,77.52,77.53,77.47,77.47,5211
3787,2024-07-03 05:20:00,77.49,77.54,77.45,77.53,2261
3788,2024-07-03 05:15:00,77.43,77.48,77.43,77.48,4145
3789,2024-07-03 05:10:00,77.55,77.56,77.43,77.44,14893
3790,2024-07-03 05:05:00,77.52,77.56,77.51,77.54,5133
3791,2024-07-03 05:00:00,77.53,77.55,77.51,77.52,19828
3792,2024-07-03 04:55:00,77.57,77.64,77.51,77.52,7880
3793,2024-07-03 04:50:00,77.67,77.68,77.54,77.58,21529
3794,2024-07-03 04:45:00,77.54,77.67,77.54,77.67,13770
3795,2024-07-03 04:40:00,77.51,77.59,77.5,77.53,17660
3796,2024-07-03 04:35:00,77.42,77.52,77.41,77.51,8950
3797,2024-07-03 04:30:00,77.39,77.43,77.38,77.42,3874
3798,2024-07-03 04:25:00,77.38,77.41,77.37,77.39,5348
3799,2024-07-03 04:20:00,77.37,77.42,77.34,77.39,12991
3800,2024-07-03 04:15:00,77.26,77.38,77.24,77.38,22364
3801,2024-07-03 04:10:00,77.26,77.32,77.21,77.26,4547
3802,2024-07-03 04:05:00,77.22,77.29,77.19,77.24,15512
3803,2024-07-03 04:00:00,77.2,77.64,77.15,77.2,65894
3804,2024-07-02 19:55:00,77.13,77.15,77.11,77.149,6070
3805,2024-07-02 19:50:00,77.1,77.14,77.1,77.12,26045
3806,2024-07-02 19:45:00,77.13,77.14,77.09,77.09,10315
3807,2024-07-02 19:40:00,77.14,77.149,77.11,77.13,5199
3808,2024-07-02 19:35:00,77.17,77.17,77.14,77.14,9595
3809,2024-07-02 19:30:00,77.14,77.17,77.1,77.16,9636
3810,2024-07-02 19:25:00,77.18,77.19,77.149,77.15,4655
3811,2024-07-02 19:20:00,77.22,77.24,77.18,77.18,3346
3812,2024-07-02 19:15:00,77.25,77.25,77.21,77.22,36094
3813,2024-07-02 19:10:00,77.28,77.29,77.25,77.26,43758
3814,2024-07-02 19:05:00,77.24,77.3,77.24,77.27,27210
3815,2024-07-02 19:00:00,77.25,77.26,77.23,77.23,1963
3816,2024-07-02 18:55:00,77.26,77.27,77.24,77.25,3510
3817,2024-07-02 18:50:00,77.25,77.27,77.241,77.27,2673
3818,2024-07-02 18:45:00,77.25,77.27,77.24,77.24,1902
3819,2024-07-02 18:40:00,77.27,77.28,77.24,77.25,8412
3820,2024-07-02 18:35:00,77.255,77.29,77.25,77.28,3887
3821,2024-07-02 18:30:00,77.2,77.27,77.2,77.27,28636
3822,2024-07-02 18:25:00,77.21,77.23,77.18,77.205,7592
3823,2024-07-02 18:20:00,77.11,77.2,77.11,77.2,11354
3824,2024-07-02 18:15:00,77.12,77.12,77.1,77.12,3531
3825,2024-07-02 18:10:00,77.12,77.15,77.1,77.1,2583
3826,2024-07-02 18:05:00,77.09,77.15,77.08,77.13,3846
3827,2024-07-02 18:00:00,77.14,77.17,77.08,77.081,9004
3828,2024-07-02 17:55:00,77.15,77.15,77.116,77.13,1056
3829,2024-07-02 17:50:00,77.12,77.15,77.1,77.12,4820
3830,2024-07-02 17:45:00,77.101,77.13,77.1,77.12,2408
3831,2024-07-02 17:40:00,77.13,77.13,77.1,77.11,2023
3832,2024-07-02 17:35:00,77.15,77.18,77.12,77.12,2955
3833,2024-07-02 17:30:00,77.18,77.2,77.09,77.15,5514
3834,2024-07-02 17:25:00,77.18,77.19,77.17,77.18,1429
3835,2024-07-02 17:20:00,77.2,77.22,77.17,77.18,9407
3836,2024-07-02 17:15:00,77.21,77.25,77.2,77.201,8889
3837,2024-07-02 17:10:00,77.18,77.23,77.18,77.2,9445
3838,2024-07-02 17:05:00,77.15,77.21,77.14,77.18,10394
3839,2024-07-02 17:00:00,77.15,77.17,77.14,77.15,4712
3840,2024-07-02 16:55:00,77.13,77.17,77.12,77.17,4064
3841,2024-07-02 16:50:00,77.11,77.13,77.09,77.12,16729
3842,2024-07-02 16:45:00,77.11,77.13,77.05,77.11,28449
3843,2024-07-02 16:40:00,77.14,77.14,77.08,77.11,21891
3844,2024-07-02 16:35:00,77.2,77.23,77.12,77.14,36459
3845,2024-07-02 16:30:00,77.2,77.22,77.2,77.2,12137
3846,2024-07-02 16:25:00,77.21,77.22,77.19,77.2,18942
3847,2024-07-02 16:20:00,77.23,77.241,77.19,77.21,23887
3848,2024-07-02 16:15:00,77.33,77.33,77.2,77.23,26999
3849,2024-07-02 16:10:00,77.14,77.36,77.13,77.32,65917
3850,2024-07-02 16:05:00,77.21,77.21,77.14,77.14,69582
3851,2024-07-02 16:00:00,77.34,77.35,77.16,77.2,359297
3852,2024-07-02 15:55:00,77.12,77.38,77.078,77.36,1413700
3853,2024-07-02 15:50:00,76.89,77.14,76.81,77.122,962821
3854,2024-07-02 15:45:00,76.99,77.04,76.85,76.88,476170
3855,2024-07-02 15:40:00,76.979,77.036,76.88,76.99,486299
3856,2024-07-02 15:35:00,77.04,77.08,76.975,76.975,369361
3857,2024-07-02 15:30:00,77.0,77.09,76.955,77.04,398804
3858,2024-07-02 15:25:00,76.96,77.04,76.93,77.0,244073
3859,2024-07-02 15:20:00,76.93,77.0,76.91,76.96,166917
3860,2024-07-02 15:15:00,76.96,76.965,76.85,76.93,236126
3861,2024-07-02 15:10:00,76.935,76.995,76.89,76.97,201088
3862,2024-07-02 15:05:00,76.95,77.01,76.885,76.945,214624
3863,2024-07-02 15:00:00,76.96,77.09,76.885,76.96,245159
3864,2024-07-02 14:55:00,77.08,77.15,76.95,76.965,293863
3865,2024-07-02 14:50:00,77.055,77.16,77.05,77.081,325104
3866,2024-07-02 14:45:00,76.994,77.13,76.96,77.065,326095
3867,2024-07-02 14:40:00,76.93,76.99,76.88,76.99,166697
3868,2024-07-02 14:35:00,76.835,76.98,76.83,76.93,300512
3869,2024-07-02 14:30:00,76.98,76.985,76.83,76.83,302530
3870,2024-07-02 14:25:00,76.985,77.035,76.92,76.97,271766
3871,2024-07-02 14:20:00,76.857,77.0,76.825,77.0,218035
3872,2024-07-02 14:15:00,76.92,76.93,76.82,76.85,256569
3873,2024-07-02 14:10:00,76.846,77.04,76.84,76.919,547624
3874,2024-07-02 14:05:00,76.89,76.935,76.83,76.84,236412
3875,2024-07-02 14:00:00,76.81,76.901,76.75,76.895,370641
3876,2024-07-02 13:55:00,76.735,76.88,76.7,76.81,399646
3877,2024-07-02 13:50:00,76.54,76.75,76.54,76.73,383748
3878,2024-07-02 13:45:00,76.55,76.6,76.47,76.535,191431
3879,2024-07-02 13:40:00,76.5,76.63,76.49,76.545,311072
3880,2024-07-02 13:35:00,76.48,76.5,76.29,76.499,196963
3881,2024-07-02 13:30:00,76.46,76.526,76.36,76.479,219814
3882,2024-07-02 13:25:00,76.54,76.55,76.43,76.459,285568
3883,2024-07-02 13:20:00,76.52,76.57,76.46,76.53,243291
3884,2024-07-02 13:15:00,76.44,76.58,76.41,76.52,403441
3885,2024-07-02 13:10:00,76.3,76.5,76.284,76.423,668454
3886,2024-07-02 13:05:00,76.01,76.3,76.01,76.3,499744
3887,2024-07-02 13:00:00,75.905,76.01,75.831,76.002,211303
3888,2024-07-02 12:55:00,75.86,75.92,75.81,75.91,158373
3889,2024-07-02 12:50:00,75.85,75.87,75.775,75.86,234663
3890,2024-07-02 12:45:00,75.68,75.84,75.67,75.84,116851
3891,2024-07-02 12:40:00,75.66,75.786,75.65,75.68,118790
3892,2024-07-02 12:35:00,75.705,75.735,75.584,75.655,240424
3893,2024-07-02 12:30:00,75.67,75.73,75.62,75.7,207277
3894,2024-07-02 12:25:00,75.44,75.71,75.399,75.66,271352
3895,2024-07-02 12:20:00,75.495,75.517,75.385,75.436,178647
3896,2024-07-02 12:15:00,75.32,75.5,75.3,75.495,241027
3897,2024-07-02 12:10:00,75.43,75.44,75.22,75.345,327394
3898,2024-07-02 12:05:00,75.55,75.555,75.42,75.42,283903
3899,2024-07-02 12:00:00,75.53,75.58,75.33,75.568,601248
3900,2024-07-02 11:55:00,75.89,75.92,75.48,75.555,502798
3901,2024-07-02 11:50:00,75.98,76.041,75.88,75.9,189503
3902,2024-07-02 11:45:00,76.037,76.08,75.92,75.985,292307
3903,2024-07-02 11:40:00,76.15,76.225,76.02,76.03,316987
3904,2024-07-02 11:35:00,75.9,76.18,75.85,76.15,475909
3905,2024-07-02 11:30:00,75.89,76.1,75.863,75.9,624824
3906,2024-07-02 11:25:00,75.893,75.905,75.79,75.885,243559
3907,2024-07-02 11:20:00,75.665,75.899,75.43,75.895,561784
3908,2024-07-02 11:15:00,75.77,75.855,75.66,75.67,215898
3909,2024-07-02 11:10:00,75.89,75.92,75.64,75.775,317390
3910,2024-07-02 11:05:00,75.8,75.95,75.8,75.88,395842
3911,2024-07-02 11:00:00,75.73,75.85,75.68,75.8,335368
3912,2024-07-02 10:55:00,75.744,75.865,75.7,75.72,381554
3913,2024-07-02 10:50:00,75.49,75.78,75.465,75.74,453914
3914,2024-07-02 10:45:00,75.34,75.57,75.18,75.48,525895
3915,2024-07-02 10:40:00,75.5,75.69,75.32,75.36,563090
3916,2024-07-02 10:35:00,75.41,75.51,75.35,75.492,415093
3917,2024-07-02 10:30:00,75.15,75.43,75.134,75.41,581410
3918,2024-07-02 10:25:00,74.8,75.17,74.79,75.155,519381
3919,2024-07-02 10:20:00,75.17,75.215,74.71,74.79,491476
3920,2024-07-02 10:15:00,75.04,75.197,74.84,75.165,577555
3921,2024-07-02 10:10:00,75.13,75.16,74.7,75.04,915840
3922,2024-07-02 10:05:00,75.3,75.49,75.1,75.133,679027
3923,2024-07-02 10:00:00,75.19,75.35,74.88,75.302,964968
3924,2024-07-02 09:55:00,75.29,75.37,74.94,75.19,583218
3925,2024-07-02 09:50:00,75.18,75.359,74.975,75.295,717071
3926,2024-07-02 09:45:00,75.29,75.59,75.171,75.171,895547
3927,2024-07-02 09:40:00,74.95,75.43,74.82,75.29,1198916
3928,2024-07-02 09:35:00,74.75,75.122,74.535,74.94,1192085
3929,2024-07-02 09:30:00,74.29,74.929,74.24,74.76,1781909
3930,2024-07-02 09:25:00,74.3,74.35,74.15,74.31,74216
3931,2024-07-02 09:20:00,74.19,74.34,74.18,74.34,58108
3932,2024-07-02 09:15:00,74.16,74.25,74.16,74.18,59657
3933,2024-07-02 09:10:00,74.2,74.2,74.099,74.15,62819
3934,2024-07-02 09:05:00,74.1,74.2,74.06,74.19,54034
3935,2024-07-02 09:00:00,73.89,74.11,73.87,74.11,220239
3936,2024-07-02 08:55:00,73.86,73.94,73.85,73.89,24816
3937,2024-07-02 08:50:00,73.831,73.86,73.75,73.86,21933
3938,2024-07-02 08:45:00,73.799,73.88,73.76,73.849,23619
3939,2024-07-02 08:40:00,73.91,73.97,73.78,73.8,33434
3940,2024-07-02 08:35:00,73.99,74.0,73.889,73.9,16133
3941,2024-07-02 08:30:00,73.999,74.05,73.979,73.99,25203
3942,2024-07-02 08:25:00,74.0,74.04,73.96,73.99,34229
3943,2024-07-02 08:20:00,73.97,74.01,73.93,74.0,43896
3944,2024-07-02 08:15:00,73.95,74.01,73.92,73.99,22679
3945,2024-07-02 08:10:00,73.87,73.95,73.83,73.94,28085
3946,2024-07-02 08:05:00,73.8,73.89,73.72,73.868,33437
3947,2024-07-02 08:00:00,74.12,74.69,73.54,73.791,243375
3948,2024-07-02 07:55:00,73.62,73.77,73.61,73.77,20826
3949,2024-07-02 07:50:00,73.65,73.67,73.52,73.62,50575
3950,2024-07-02 07:45:00,73.66,73.73,73.63,73.66,18540
3951,2024-07-02 07:40:00,73.78,73.8,73.66,73.66,13593
3952,2024-07-02 07:35:00,73.74,73.85,73.73,73.77,15790
3953,2024-07-02 07:30:00,73.76,73.77,73.69,73.741,9109
3954,2024-07-02 07:25:00,73.8,73.81,73.74,73.77,6574
3955,2024-07-02 07:20:00,73.78,73.83,73.67,73.82,26994
3956,2024-07-02 07:15:00,73.81,73.82,73.73,73.79,37783
3957,2024-07-02 07:10:00,73.93,73.93,73.73,73.8,36174
3958,2024-07-02 07:05:00,74.04,74.08,73.91,73.91,14331
3959,2024-07-02 07:00:00,74.1,74.13,73.99,74.05,57918
3960,2024-07-02 06:55:00,74.06,74.12,74.06,74.09,4670
3961,2024-07-02 06:50:00,74.11,74.11,74.04,74.07,2399
3962,2024-07-02 06:45:00,74.1,74.14,74.06,74.1,16307
3963,2024-07-02 06:40:00,74.0,74.11,74.0,74.1,3960
3964,2024-07-02 06:35:00,73.95,74.01,73.93,74.0,1898
3965,2024-07-02 06:30:00,73.97,73.99,73.93,73.94,694
3966,2024-07-02 06:25:00,74.0,74.02,73.94,73.99,2382
3967,2024-07-02 06:20:00,73.96,74.02,73.91,74.0,5779
3968,2024-07-02 06:15:00,74.03,74.03,73.96,73.96,1911
3969,2024-07-02 06:10:00,74.0,74.06,73.99,74.02,3283
3970,2024-07-02 06:05:00,74.04,74.06,73.97,74.0,3921
3971,2024-07-02 06:00:00,74.05,74.09,74.01,74.06,1971
3972,2024-07-02 05:55:00,74.08,74.1,74.05,74.05,2694
3973,2024-07-02 05:50:00,74.05,74.11,74.05,74.07,2854
3974,2024-07-02 05:45:00,73.96,74.07,73.95,74.07,1542
3975,2024-07-02 05:40:00,73.96,73.98,73.91,73.91,2576
3976,2024-07-02 05:35:00,73.95,74.01,73.91,73.91,5740
3977,2024-07-02 05:30:00,74.04,74.04,73.92,73.95,3885
3978,2024-07-02 05:25:00,73.89,74.05,73.86,74.05,18933
3979,2024-07-02 05:20:00,74.06,74.06,73.87,73.9,8546
3980,2024-07-02 05:15:00,74.11,74.17,74.06,74.07,11111
3981,2024-07-02 05:10:00,74.17,74.17,74.06,74.12,21102
3982,2024-07-02 05:05:00,74.07,74.17,74.04,74.16,64040
3983,2024-07-02 05:00:00,74.06,74.06,73.96,74.06,54781
3984,2024-07-02 04:55:00,74.03,74.1,74.02,74.04,36073
3985,2024-07-02 04:50:00,73.91,74.1,73.89,74.04,12857
3986,2024-07-02 04:45:00,73.84,73.94,73.84,73.91,12000
3987,2024-07-02 04:40:00,73.95,73.97,73.84,73.85,7242
3988,2024-07-02 04:35:00,74.0,74.04,73.92,73.95,12840
3989,2024-07-02 04:30:00,73.88,74.01,73.77,74.01,14018
3990,2024-07-02 04:25:00,73.98,73.98,73.86,73.88,28484
3991,2024-07-02 04:20:00,74.15,74.17,73.94,73.97,16141
3992,2024-07-02 04:15:00,74.08,74.21,74.05,74.16,12415
3993,2024-07-02 04:10:00,74.08,74.15,73.99,74.09,13670
3994,2024-07-02 04:05:00,74.01,74.12,74.0,74.08,22035
3995,2024-07-02 04:00:00,74.1,74.56,74.01,74.01,65046
3996,2024-07-01 19:55:00,74.71,74.72,74.69,74.72,38947
3997,2024-07-01 19:50:00,74.68,74.72,74.67,74.71,10628
3998,2024-07-01 19:45:00,74.67,74.68,74.63,74.66,10275
3999,2024-07-01 19:40:00,74.65,74.68,74.64,74.67,5352
4000,2024-07-01 19:35:00,74.75,74.76,74.62,74.64,9075
4001,2024-07-01 19:30:00,74.73,74.75,74.68,74.75,12049
4002,2024-07-01 19:25:00,74.79,74.82,74.75,74.75,2494
4003,2024-07-01 19:20:00,74.78,74.807,74.77,74.79,2319
4004,2024-07-01 19:15:00,74.7,74.79,74.7,74.77,12211
4005,2024-07-01 19:10:00,74.81,74.81,74.67,74.71,32493
4006,2024-07-01 19:05:00,74.8,74.81,74.79,74.8,3599
4007,2024-07-01 19:00:00,74.84,74.84,74.8,74.8,5496
4008,2024-07-01 18:55:00,74.83,74.86,74.82,74.82,4367
4009,2024-07-01 18:50:00,74.91,74.91,74.81,74.81,15106
4010,2024-07-01 18:45:00,74.94,74.95,74.9,74.9,2015
4011,2024-07-01 18:40:00,74.91,74.95,74.9,74.95,1951
4012,2024-07-01 18:35:00,74.91,74.92,74.91,74.91,2270
4013,2024-07-01 18:30:00,74.94,74.94,74.9,74.9,2788
4014,2024-07-01 18:25:00,74.97,74.97,74.93,74.94,3130
4015,2024-07-01 18:20:00,74.97,74.97,74.94,74.96,3409
4016,2024-07-01 18:15:00,75.04,75.04,74.96,74.97,2804
4017,2024-07-01 18:10:00,75.04,75.05,75.02,75.03,3141
4018,2024-07-01 18:05:00,75.07,75.07,75.01,75.035,5359
4019,2024-07-01 18:00:00,74.99,75.07,74.97,75.07,11179
4020,2024-07-01 17:55:00,75.01,75.01,74.93,75.0,8747
4021,2024-07-01 17:50:00,75.01,75.01,75.0,75.01,1317
4022,2024-07-01 17:45:00,75.0,75.01,74.98,75.01,1716
4023,2024-07-01 17:40:00,75.0,75.0,74.98,75.0,2452
4024,2024-07-01 17:35:00,74.99,75.0,74.98,74.995,3134
4025,2024-07-01 17:30:00,74.98,74.99,74.97,74.99,3637
4026,2024-07-01 17:25:00,74.95,74.97,74.93,74.97,2480
4027,2024-07-01 17:20:00,74.93,74.96,74.93,74.96,1992
4028,2024-07-01 17:15:00,74.929,74.94,74.92,74.93,507
4029,2024-07-01 17:10:00,74.97,74.97,74.91,74.93,2022
4030,2024-07-01 17:05:00,74.95,74.97,74.94,74.97,1952
4031,2024-07-01 17:00:00,74.97,74.97,74.94,74.95,1044
4032,2024-07-01 16:55:00,74.95,74.97,74.93,74.97,11264
4033,2024-07-01 16:50:00,74.97,74.97,74.94,74.94,4167
4034,2024-07-01 16:45:00,74.97,75.0,74.94,74.98,14575
4035,2024-07-01 16:40:00,74.975,74.99,74.97,74.99,9481
4036,2024-07-01 16:35:00,74.98,74.98,74.95,74.98,4959
4037,2024-07-01 16:30:00,75.0,75.0,74.97,74.98,4853
4038,2024-07-01 16:25:00,75.0,75.01,74.97,74.98,8322
4039,2024-07-01 16:20:00,74.99,75.01,74.98,74.99,10672
4040,2024-07-01 16:15:00,75.03,75.03,74.9,74.98,26877
4041,2024-07-01 16:10:00,75.08,75.08,74.92,74.92,46191
4042,2024-07-01 16:05:00,75.105,75.12,75.06,75.08,41932
4043,2024-07-01 16:00:00,75.03,75.14,74.94,75.11,520144
4044,2024-07-01 15:55:00,75.13,75.29,74.995,75.02,1330675
4045,2024-07-01 15:50:00,74.64,75.14,74.64,75.13,1065648
4046,2024-07-01 15:45:00,74.66,74.71,74.56,74.645,324867
4047,2024-07-01 15:40:00,74.7,74.789,74.645,74.679,246943
4048,2024-07-01 15:35:00,74.77,74.865,74.625,74.697,382918
4049,2024-07-01 15:30:00,74.57,74.795,74.51,74.77,731341
4050,2024-07-01 15:25:00,74.7,74.715,74.3,74.56,586375
4051,2024-07-01 15:20:00,74.82,74.85,74.665,74.71,243616
4052,2024-07-01 15:15:00,74.92,74.925,74.77,74.81,221191
4053,2024-07-01 15:10:00,74.858,74.99,74.83,74.92,400180
4054,2024-07-01 15:05:00,74.63,74.92,74.63,74.85,429742
4055,2024-07-01 15:00:00,74.645,74.662,74.535,74.62,262314
4056,2024-07-01 14:55:00,74.65,74.7,74.55,74.65,195473
4057,2024-07-01 14:50:00,74.57,74.65,74.489,74.649,187042
4058,2024-07-01 14:45:00,74.68,74.705,74.5,74.56,220187
4059,2024-07-01 14:40:00,74.65,74.7,74.585,74.69,148905
4060,2024-07-01 14:35:00,74.62,74.685,74.52,74.63,229643
4061,2024-07-01 14:30:00,74.55,74.62,74.38,74.62,327254
4062,2024-07-01 14:25:00,74.759,74.81,74.54,74.56,341091
4063,2024-07-01 14:20:00,75.02,75.03,74.73,74.77,336390
4064,2024-07-01 14:15:00,74.835,75.04,74.835,75.02,540318
4065,2024-07-01 14:10:00,74.62,74.9,74.575,74.825,512499
4066,2024-07-01 14:05:00,74.485,74.645,74.46,74.636,226907
4067,2024-07-01 14:00:00,74.49,74.49,74.3,74.485,201881
4068,2024-07-01 13:55:00,74.453,74.49,74.35,74.485,160499
4069,2024-07-01 13:50:00,74.43,74.529,74.4,74.45,139303
4070,2024-07-01 13:45:00,74.585,74.65,74.43,74.449,145110
4071,2024-07-01 13:40:00,74.53,74.65,74.51,74.61,124104
4072,2024-07-01 13:35:00,74.5,74.64,74.475,74.53,143393
4073,2024-07-01 13:30:00,74.56,74.56,74.435,74.5,115914
4074,2024-07-01 13:25:00,74.37,74.66,74.37,74.56,263599
4075,2024-07-01 13:20:00,74.618,74.618,74.24,74.367,266205
4076,2024-07-01 13:15:00,74.52,74.63,74.47,74.61,275298
4077,2024-07-01 13:10:00,74.453,74.65,74.43,74.528,194925
4078,2024-07-01 13:05:00,74.445,74.585,74.38,74.45,304446
4079,2024-07-01 13:00:00,74.64,74.71,74.405,74.455,248553
4080,2024-07-01 12:55:00,74.72,74.78,74.521,74.639,270312
4081,2024-07-01 12:50:00,74.65,74.77,74.6,74.71,254483
4082,2024-07-01 12:45:00,74.66,74.74,74.61,74.64,299318
4083,2024-07-01 12:40:00,74.67,74.69,74.55,74.66,267048
4084,2024-07-01 12:35:00,74.53,74.73,74.525,74.675,215657
4085,2024-07-01 12:30:00,74.68,74.71,74.52,74.53,384425
4086,2024-07-01 12:25:00,74.58,74.7,74.524,74.689,327816
4087,2024-07-01 12:20:00,74.63,74.69,74.515,74.59,343238
4088,2024-07-01 12:15:00,74.63,74.7,74.525,74.62,468400
4089,2024-07-01 12:10:00,74.55,74.635,74.35,74.625,539806
4090,2024-07-01 12:05:00,74.08,74.542,74.08,74.54,506863
4091,2024-07-01 12:00:00,74.23,74.26,74.032,74.09,388156
4092,2024-07-01 11:55:00,74.078,74.235,73.931,74.23,345175
4093,2024-07-01 11:50:00,73.93,74.139,73.925,74.07,286349
4094,2024-07-01 11:45:00,73.7,74.04,73.7,73.93,283662
4095,2024-07-01 11:40:00,73.725,73.99,73.702,73.702,297967
4096,2024-07-01 11:35:00,73.89,73.99,73.65,73.735,404971
4097,2024-07-01 11:30:00,73.95,73.95,73.71,73.905,340243
4098,2024-07-01 11:25:00,73.63,74.01,73.623,73.94,578986
4099,2024-07-01 11:20:00,73.75,73.81,73.5,73.63,350254
4100,2024-07-01 11:15:00,73.87,73.88,73.69,73.755,526439
4101,2024-07-01 11:10:00,73.35,73.88,73.3,73.87,645761
4102,2024-07-01 11:05:00,73.44,73.55,73.235,73.34,542908
4103,2024-07-01 11:00:00,73.445,73.53,73.224,73.44,371742
4104,2024-07-01 10:55:00,73.0,73.57,73.0,73.47,526286
4105,2024-07-01 10:50:00,73.32,73.59,73.0,73.01,522766
4106,2024-07-01 10:45:00,73.5,73.63,73.271,73.31,450292
4107,2024-07-01 10:40:00,73.41,73.59,73.13,73.49,685232
4108,2024-07-01 10:35:00,73.53,73.931,73.41,73.41,680955
4109,2024-07-01 10:30:00,73.79,73.84,73.53,73.53,446775
4110,2024-07-01 10:25:00,73.635,73.88,73.63,73.79,557650
4111,2024-07-01 10:20:00,73.55,73.86,73.4,73.64,1064821
4112,2024-07-01 10:15:00,72.52,73.61,72.42,73.54,1271867
4113,2024-07-01 10:10:00,73.59,73.6,72.5,72.51,1389048
4114,2024-07-01 10:05:00,73.57,73.737,73.49,73.59,666036
4115,2024-07-01 10:00:00,73.26,73.66,73.26,73.56,1366167
4116,2024-07-01 09:55:00,72.88,73.32,72.8,73.255,1082006
4117,2024-07-01 09:50:00,72.96,73.03,72.72,72.87,1344587
4118,2024-07-01 09:45:00,73.552,73.679,72.91,72.97,1501731
4119,2024-07-01 09:40:00,73.98,73.98,73.52,73.575,1251993
4120,2024-07-01 09:35:00,73.74,74.2,73.72,73.98,900772
4121,2024-07-01 09:30:00,74.16,74.33,73.68,73.735,2208849
4122,2024-07-01 09:25:00,74.08,74.2,74.01,74.17,254700
4123,2024-07-01 09:20:00,74.08,74.19,74.08,74.09,52757
4124,2024-07-01 09:15:00,74.04,74.1,73.96,74.09,83455
4125,2024-07-01 09:10:00,74.1,74.12,74.01,74.04,106311
4126,2024-07-01 09:05:00,74.359,74.37,74.09,74.1,77534
4127,2024-07-01 09:00:00,74.26,74.42,74.26,74.35,76411
4128,2024-07-01 08:55:00,74.32,74.37,74.26,74.26,72233
4129,2024-07-01 08:50:00,74.19,74.35,74.18,74.32,79109
4130,2024-07-01 08:45:00,74.15,74.26,74.14,74.18,48659
4131,2024-07-01 08:40:00,74.18,74.229,74.1,74.16,36180
4132,2024-07-01 08:35:00,74.31,74.35,74.18,74.19,34091
4133,2024-07-01 08:30:00,74.28,74.33,74.22,74.31,14232
4134,2024-07-01 08:25:00,74.4,74.4,74.27,74.27,33432
4135,2024-07-01 08:20:00,74.32,74.41,74.29,74.39,27120
4136,2024-07-01 08:15:00,74.22,74.31,74.2,74.31,14488
4137,2024-07-01 08:10:00,74.25,74.26,74.19,74.23,16020
4138,2024-07-01 08:05:00,74.32,74.4,74.25,74.25,55109
4139,2024-07-01 08:00:00,74.05,74.72,73.442,74.32,294832
4140,2024-07-01 07:55:00,74.22,74.28,74.2,74.27,7850
4141,2024-07-01 07:50:00,74.19,74.28,74.18,74.19,54571
4142,2024-07-01 07:45:00,74.23,74.25,74.17,74.21,6436
4143,2024-07-01 07:40:00,74.31,74.31,74.14,74.23,18791
4144,2024-07-01 07:35:00,74.21,74.32,74.2,74.29,20753
4145,2024-07-01 07:30:00,74.15,74.25,74.15,74.22,4730
4146,2024-07-01 07:25:00,74.21,74.22,74.13,74.17,4876
4147,2024-07-01 07:20:00,74.22,74.23,74.13,74.2,22636
4148,2024-07-01 07:15:00,74.18,74.25,74.16,74.24,8125
4149,2024-07-01 07:10:00,74.1,74.19,74.09,74.16,10623
4150,2024-07-01 07:05:00,74.05,74.12,74.03,74.08,110093
4151,2024-07-01 07:00:00,74.0,74.09,73.97,74.04,31548
4152,2024-07-01 06:55:00,74.01,74.05,73.98,74.0,6144
4153,2024-07-01 06:50:00,73.87,74.02,73.87,74.01,8943
4154,2024-07-01 06:45:00,73.85,73.89,73.83,73.87,4081
4155,2024-07-01 06:40:00,73.75,73.88,73.75,73.86,4621
4156,2024-07-01 06:35:00,73.78,73.8,73.75,73.78,3566
4157,2024-07-01 06:30:00,73.78,73.84,73.75,73.77,9901
4158,2024-07-01 06:25:00,73.85,73.85,73.76,73.78,5483
4159,2024-07-01 06:20:00,73.8,73.92,73.76,73.85,5505
4160,2024-07-01 06:15:00,73.89,73.91,73.76,73.81,10657
4161,2024-07-01 06:10:00,73.9,73.92,73.83,73.87,7197
4162,2024-07-01 06:05:00,73.9,73.94,73.86,73.91,9844
4163,2024-07-01 06:00:00,73.78,73.93,73.76,73.91,11256
4164,2024-07-01 05:55:00,73.76,73.83,73.73,73.79,82016
4165,2024-07-01 05:50:00,73.75,73.82,73.66,73.76,5473
4166,2024-07-01 05:45:00,73.74,73.76,73.66,73.75,7151
4167,2024-07-01 05:40:00,73.81,73.82,73.71,73.74,11559
4168,2024-07-01 05:35:00,73.7,73.85,73.66,73.82,11639
4169,2024-07-01 05:30:00,73.49,73.72,73.47,73.72,17350
4170,2024-07-01 05:25:00,73.51,73.59,73.46,73.49,16150
4171,2024-07-01 05:20:00,73.6,73.65,73.52,73.52,11954
4172,2024-07-01 05:15:00,73.5,73.68,73.45,73.61,24772
4173,2024-07-01 05:10:00,73.58,73.61,73.4,73.48,31901
4174,2024-07-01 05:05:00,73.69,73.77,73.51,73.59,26451
4175,2024-07-01 05:00:00,73.68,73.77,73.64,73.7,115276
4176,2024-07-01 04:55:00,73.81,73.88,73.68,73.68,9853
4177,2024-07-01 04:50:00,73.8,73.9,73.76,73.82,17293
4178,2024-07-01 04:45:00,73.64,73.93,73.64,73.8,21706
4179,2024-07-01 04:40:00,73.83,73.84,73.57,73.64,50123
4180,2024-07-01 04:35:00,74.2,74.2,73.84,73.84,31866
4181,2024-07-01 04:30:00,74.28,74.38,74.2,74.2,11155
4182,2024-07-01 04:25:00,74.22,74.28,74.22,74.28,4783
4183,2024-07-01 04:20:00,74.27,74.28,74.22,74.23,8141
4184,2024-07-01 04:15:00,74.14,74.26,74.11,74.26,13024
4185,2024-07-01 04:10:00,74.24,74.24,74.11,74.11,23025
4186,2024-07-01 04:05:00,74.02,74.23,74.02,74.22,38699
4187,2024-07-01 04:00:00,73.87,74.71,73.77,74.01,81883
