,timestamp,open,high,low,close,volume
0,2022-08-31 19:55:00,26.572,26.678,26.533,26.611,122958
1,2022-08-31 19:50:00,26.602,26.649,26.553,26.562,90474
2,2022-08-31 19:45:00,26.572,26.619,26.533,26.582,78549
3,2022-08-31 19:40:00,26.543,26.6,26.494,26.543,67615
4,2022-08-31 19:35:00,26.572,26.609,26.494,26.503,126630
5,2022-08-31 19:30:00,26.543,26.58,26.435,26.553,344706
6,2022-08-31 19:25:00,26.68,26.688,26.494,26.523,158623
7,2022-08-31 19:20:00,26.69,26.727,26.641,26.66,73796
8,2022-08-31 19:15:00,26.808,26.816,26.661,26.68,139925
9,2022-08-31 19:10:00,26.828,26.865,26.759,26.788,48844
10,2022-08-31 19:05:00,26.867,26.885,26.769,26.808,112845
11,2022-08-31 19:00:00,26.955,26.963,26.818,26.847,148152
12,2022-08-31 18:55:00,26.965,26.983,26.906,26.945,47085
13,2022-08-31 18:50:00,26.896,26.993,26.857,26.935,87674
14,2022-08-31 18:45:00,26.877,26.914,26.837,26.876,23020
15,2022-08-31 18:40:00,26.857,26.904,26.818,26.857,75712
16,2022-08-31 18:35:00,26.877,26.914,26.818,26.827,78729
17,2022-08-31 18:30:00,26.955,26.963,26.798,26.847,183423
18,2022-08-31 18:25:00,26.995,27.032,26.896,26.926,94105
19,2022-08-31 18:20:00,27.112,27.179,26.955,26.975,121281
20,2022-08-31 18:15:00,27.211,27.219,27.083,27.102,84790
21,2022-08-31 18:10:00,27.358,27.376,27.181,27.191,77637
22,2022-08-31 18:05:00,27.368,27.386,27.318,27.338,21801
23,2022-08-31 18:00:00,27.279,27.396,27.22,27.338,77133
24,2022-08-31 17:55:00,27.26,27.317,27.23,27.289,22985
25,2022-08-31 17:50:00,27.319,27.327,27.23,27.249,72709
26,2022-08-31 17:45:00,27.319,27.327,27.279,27.299,34069
27,2022-08-31 17:40:00,27.329,27.346,27.279,27.289,45751
28,2022-08-31 17:35:00,27.309,27.356,27.279,27.308,16099
29,2022-08-31 17:30:00,27.358,27.366,27.279,27.289,30665
30,2022-08-31 17:25:00,27.329,27.366,27.289,27.338,58574
31,2022-08-31 17:20:00,27.338,27.376,27.289,27.299,29354
32,2022-08-31 17:15:00,27.387,27.396,27.308,27.318,47883
33,2022-08-31 17:10:00,27.446,27.464,27.357,27.367,36687
34,2022-08-31 17:05:00,27.466,27.484,27.416,27.436,15548
35,2022-08-31 17:00:00,27.476,27.494,27.436,27.446,14246
36,2022-08-31 16:55:00,27.456,27.494,27.416,27.456,28797
37,2022-08-31 16:50:00,27.446,27.464,27.406,27.426,36632
38,2022-08-31 16:45:00,27.476,27.494,27.397,27.416,55885
39,2022-08-31 16:40:00,27.486,27.494,27.446,27.456,56211
40,2022-08-31 16:35:00,27.486,27.494,27.436,27.456,57762
41,2022-08-31 16:30:00,27.486,27.513,27.446,27.465,85731
42,2022-08-31 16:25:00,27.476,27.494,27.289,27.465,55365
43,2022-08-31 16:20:00,27.466,27.484,27.416,27.446,56030
44,2022-08-31 16:15:00,27.456,27.484,27.416,27.456,60546
45,2022-08-31 16:10:00,27.446,27.504,27.416,27.436,111558
46,2022-08-31 16:05:00,27.387,27.464,27.347,27.426,142382
47,2022-08-31 16:00:00,27.319,27.435,27.269,27.367,560185
48,2022-08-31 15:55:00,27.594,27.631,27.279,27.299,4666064
49,2022-08-31 15:50:00,27.869,27.921,27.544,27.578,3907707
50,2022-08-31 15:45:00,27.928,28.034,27.782,27.853,3293766
51,2022-08-31 15:40:00,27.754,27.965,27.661,27.907,2860081
52,2022-08-31 15:35:00,27.618,27.769,27.544,27.735,1776576
53,2022-08-31 15:30:00,27.692,27.779,27.554,27.613,1833071
54,2022-08-31 15:25:00,27.653,27.725,27.573,27.676,1115871
55,2022-08-31 15:20:00,27.811,27.819,27.573,27.637,1528646
56,2022-08-31 15:15:00,27.761,27.965,27.725,27.789,2516262
57,2022-08-31 15:10:00,27.613,27.776,27.554,27.745,1786164
58,2022-08-31 15:05:00,27.559,27.7,27.446,27.587,1940325
59,2022-08-31 15:00:00,27.429,27.582,27.318,27.544,1639410
60,2022-08-31 14:55:00,27.412,27.451,27.279,27.411,974917
61,2022-08-31 14:50:00,27.387,27.459,27.328,27.393,978152
62,2022-08-31 14:45:00,27.329,27.474,27.252,27.373,1378398
63,2022-08-31 14:40:00,27.387,27.435,27.269,27.318,1740762
64,2022-08-31 14:35:00,27.459,27.474,27.347,27.358,971584
65,2022-08-31 14:30:00,27.613,27.641,27.387,27.436,1671434
66,2022-08-31 14:25:00,27.579,27.72,27.549,27.593,1533011
67,2022-08-31 14:20:00,27.613,27.666,27.524,27.564,807976
68,2022-08-31 14:15:00,27.663,27.749,27.563,27.588,1167909
69,2022-08-31 14:10:00,27.682,27.71,27.563,27.639,1061555
70,2022-08-31 14:05:00,27.538,27.726,27.426,27.662,1717850
71,2022-08-31 14:00:00,27.535,27.641,27.475,27.515,1086959
72,2022-08-31 13:55:00,27.52,27.579,27.465,27.524,997836
73,2022-08-31 13:50:00,27.407,27.543,27.367,27.505,912912
74,2022-08-31 13:45:00,27.441,27.523,27.377,27.393,924609
75,2022-08-31 13:40:00,27.456,27.474,27.318,27.417,1569860
76,2022-08-31 13:35:00,27.574,27.602,27.416,27.436,1119715
77,2022-08-31 13:30:00,27.594,27.651,27.465,27.549,1191476
78,2022-08-31 13:25:00,27.535,27.628,27.455,27.573,1632051
79,2022-08-31 13:20:00,27.643,27.68,27.495,27.524,1559982
80,2022-08-31 13:15:00,27.825,27.835,27.593,27.622,1503921
81,2022-08-31 13:10:00,27.809,27.931,27.76,27.809,1163737
82,2022-08-31 13:05:00,27.712,27.848,27.665,27.784,986805
83,2022-08-31 13:00:00,27.746,27.779,27.652,27.69,741453
84,2022-08-31 12:55:00,27.721,27.769,27.632,27.726,755231
85,2022-08-31 12:50:00,27.83,27.857,27.662,27.701,941547
86,2022-08-31 12:45:00,27.741,27.857,27.696,27.814,601972
87,2022-08-31 12:40:00,27.854,27.877,27.652,27.73,1529696
88,2022-08-31 12:35:00,27.944,27.985,27.779,27.829,949588
89,2022-08-31 12:30:00,27.898,27.995,27.838,27.922,1281825
90,2022-08-31 12:25:00,27.839,27.916,27.789,27.876,800103
91,2022-08-31 12:20:00,27.952,27.97,27.769,27.809,1385559
92,2022-08-31 12:15:00,27.967,28.119,27.887,27.932,1476134
93,2022-08-31 12:10:00,27.977,28.064,27.848,27.956,1179533
94,2022-08-31 12:05:00,28.011,28.044,27.848,27.956,1240432
95,2022-08-31 12:00:00,28.063,28.133,27.926,27.991,1612691
96,2022-08-31 11:55:00,27.996,28.152,27.956,28.035,1608791
97,2022-08-31 11:50:00,27.938,28.054,27.887,27.971,1838900
98,2022-08-31 11:45:00,27.987,28.024,27.858,27.917,1439903
99,2022-08-31 11:40:00,27.849,28.034,27.769,27.961,2272087
100,2022-08-31 11:35:00,27.702,27.956,27.661,27.828,2832552
101,2022-08-31 11:30:00,27.653,27.789,27.504,27.686,1774054
102,2022-08-31 11:25:00,27.682,27.794,27.603,27.639,1399448
103,2022-08-31 11:20:00,27.672,27.759,27.558,27.667,1922185
104,2022-08-31 11:15:00,27.569,27.695,27.436,27.662,1831002
105,2022-08-31 11:10:00,27.613,27.631,27.436,27.545,1441396
106,2022-08-31 11:05:00,27.643,27.661,27.416,27.596,2240206
107,2022-08-31 11:00:00,27.864,27.872,27.544,27.613,2896951
108,2022-08-31 10:55:00,27.947,27.995,27.769,27.838,1790297
109,2022-08-31 10:50:00,28.168,28.27,27.858,27.937,2120949
110,2022-08-31 10:45:00,28.114,28.231,27.957,28.143,2856901
111,2022-08-31 10:40:00,27.869,28.152,27.76,28.093,2404566
112,2022-08-31 10:35:00,27.977,28.142,27.779,27.858,2363062
113,2022-08-31 10:30:00,28.006,28.133,27.809,27.956,2476970
114,2022-08-31 10:25:00,28.163,28.28,27.917,27.995,3111856
115,2022-08-31 10:20:00,28.272,28.388,28.034,28.153,2148717
116,2022-08-31 10:15:00,28.38,28.388,28.025,28.246,3368819
117,2022-08-31 10:10:00,28.262,28.585,28.223,28.359,2501211
118,2022-08-31 10:05:00,28.36,28.486,28.211,28.241,2133012
119,2022-08-31 10:00:00,28.497,28.575,28.299,28.339,3124245
120,2022-08-31 09:55:00,28.791,28.84,28.427,28.469,3155014
121,2022-08-31 09:50:00,28.733,28.889,28.653,28.765,3551990
122,2022-08-31 09:45:00,28.694,28.83,28.515,28.702,5425935
123,2022-08-31 09:40:00,28.281,28.742,28.24,28.663,4296408
124,2022-08-31 09:35:00,28.203,28.368,28.034,28.251,3921117
125,2022-08-31 09:30:00,28.64,28.663,28.162,28.182,5859123
126,2022-08-31 09:25:00,28.684,28.693,28.584,28.624,468934
127,2022-08-31 09:20:00,28.684,28.772,28.623,28.692,272710
128,2022-08-31 09:15:00,28.576,28.702,28.466,28.663,242827
129,2022-08-31 09:10:00,28.547,28.712,28.515,28.555,338163
130,2022-08-31 09:05:00,28.488,28.565,28.407,28.516,101811
131,2022-08-31 09:00:00,28.488,28.545,28.407,28.467,110024
132,2022-08-31 08:55:00,28.507,28.565,28.417,28.467,145172
133,2022-08-31 08:50:00,28.448,28.604,28.417,28.486,239567
134,2022-08-31 08:45:00,28.311,28.457,28.26,28.427,156983
135,2022-08-31 08:40:00,28.37,28.447,28.221,28.29,132288
136,2022-08-31 08:35:00,28.35,28.457,28.289,28.359,67760
137,2022-08-31 08:30:00,28.458,28.476,28.289,28.319,136419
138,2022-08-31 08:25:00,28.389,28.496,28.339,28.437,77896
139,2022-08-31 08:20:00,28.537,28.565,28.339,28.359,166438
140,2022-08-31 08:15:00,28.37,28.575,28.329,28.516,333488
141,2022-08-31 08:10:00,28.409,28.427,28.339,28.378,77156
142,2022-08-31 08:05:00,28.439,28.467,28.348,28.388,131849
143,2022-08-31 08:00:00,28.321,28.594,27.869,28.418,903356
144,2022-08-31 07:55:00,28.262,28.359,28.231,28.329,31169
145,2022-08-31 07:50:00,28.222,28.3,28.162,28.251,35632
146,2022-08-31 07:45:00,28.252,28.28,28.172,28.202,50305
147,2022-08-31 07:40:00,28.232,28.3,28.201,28.251,102221
148,2022-08-31 07:35:00,28.311,28.339,28.201,28.211,29080
149,2022-08-31 07:30:00,28.36,28.398,28.26,28.28,55101
150,2022-08-31 07:25:00,28.439,28.447,28.299,28.319,18442
151,2022-08-31 07:20:00,28.458,28.476,28.368,28.408,51479
152,2022-08-31 07:15:00,28.291,28.467,28.26,28.437,52552
153,2022-08-31 07:10:00,28.34,28.378,28.25,28.3,55369
154,2022-08-31 07:05:00,28.458,28.486,28.319,28.339,108318
155,2022-08-31 07:00:00,28.399,28.467,28.339,28.418,281041
156,2022-08-31 06:55:00,28.556,28.565,28.378,28.388,58960
157,2022-08-31 06:50:00,28.448,28.594,28.407,28.545,90349
158,2022-08-31 06:45:00,28.399,28.457,28.299,28.418,34102
159,2022-08-31 06:40:00,28.399,28.437,28.329,28.378,52645
160,2022-08-31 06:35:00,28.222,28.408,28.182,28.378,28022
161,2022-08-31 06:30:00,28.311,28.319,28.162,28.172,37050
162,2022-08-31 06:25:00,28.33,28.359,28.27,28.29,33920
163,2022-08-31 06:20:00,28.183,28.339,28.152,28.29,68803
164,2022-08-31 06:15:00,28.163,28.26,28.132,28.153,92943
165,2022-08-31 06:10:00,28.065,28.201,28.034,28.172,79109
166,2022-08-31 06:05:00,28.006,28.083,27.975,28.054,10089
167,2022-08-31 06:00:00,28.006,28.034,27.926,28.005,9436
168,2022-08-31 05:55:00,28.016,28.034,27.946,27.966,14814
169,2022-08-31 05:50:00,27.967,28.064,27.936,28.015,18019
170,2022-08-31 05:45:00,28.006,28.044,27.877,27.927,16761
171,2022-08-31 05:40:00,27.888,28.005,27.848,27.976,19142
172,2022-08-31 05:35:00,27.947,28.005,27.838,27.858,21590
173,2022-08-31 05:30:00,27.908,27.956,27.848,27.927,47035
174,2022-08-31 05:25:00,27.996,28.005,27.868,27.887,56620
175,2022-08-31 05:20:00,27.967,28.005,27.926,27.956,18918
176,2022-08-31 05:15:00,27.888,28.015,27.838,27.946,92783
177,2022-08-31 05:10:00,27.947,27.985,27.848,27.858,43204
178,2022-08-31 05:05:00,27.987,28.024,27.917,27.937,26084
179,2022-08-31 05:00:00,28.065,28.074,27.946,27.976,40496
180,2022-08-31 04:55:00,28.173,28.191,28.034,28.054,25550
181,2022-08-31 04:50:00,28.203,28.211,28.113,28.123,41473
182,2022-08-31 04:45:00,28.124,28.231,28.083,28.172,47977
183,2022-08-31 04:40:00,28.046,28.133,27.985,28.103,23542
184,2022-08-31 04:35:00,27.957,28.054,27.917,28.015,15525
185,2022-08-31 04:30:00,27.996,28.034,27.907,27.946,84431
186,2022-08-31 04:25:00,27.987,28.015,27.877,27.986,38582
187,2022-08-31 04:20:00,28.144,28.152,27.936,27.976,55227
188,2022-08-31 04:15:00,28.095,28.182,28.054,28.153,31232
189,2022-08-31 04:10:00,28.124,28.182,28.054,28.064,75760
190,2022-08-31 04:05:00,28.193,28.201,28.083,28.103,123284
191,2022-08-31 04:00:00,28.026,28.25,27.995,28.172,226590
192,2022-08-30 19:55:00,27.839,27.916,27.799,27.887,134501
193,2022-08-30 19:50:00,27.839,27.857,27.789,27.819,62725
194,2022-08-30 19:45:00,27.849,27.867,27.809,27.819,47147
195,2022-08-30 19:40:00,27.82,27.857,27.789,27.829,13466
196,2022-08-30 19:35:00,27.8,27.848,27.76,27.799,9821
197,2022-08-30 19:30:00,27.869,27.877,27.74,27.78,37181
198,2022-08-30 19:25:00,27.849,27.887,27.809,27.858,12853
199,2022-08-30 19:20:00,27.869,27.877,27.818,27.829,31773
200,2022-08-30 19:15:00,27.839,27.887,27.809,27.848,28531
201,2022-08-30 19:10:00,27.888,27.907,27.789,27.809,22105
202,2022-08-30 19:05:00,27.908,27.916,27.848,27.868,25758
203,2022-08-30 19:00:00,27.908,27.936,27.868,27.887,33218
204,2022-08-30 18:55:00,27.898,27.926,27.848,27.897,5639
205,2022-08-30 18:50:00,27.888,27.926,27.858,27.878,20634
206,2022-08-30 18:45:00,27.888,27.907,27.858,27.868,18229
207,2022-08-30 18:40:00,27.888,27.907,27.848,27.868,13720
208,2022-08-30 18:35:00,27.859,27.887,27.799,27.858,10804
209,2022-08-30 18:30:00,27.81,27.877,27.779,27.829,18650
210,2022-08-30 18:25:00,27.82,27.838,27.76,27.789,14274
211,2022-08-30 18:20:00,27.82,27.837,27.769,27.789,17672
212,2022-08-30 18:15:00,27.83,27.838,27.74,27.799,43740
213,2022-08-30 18:10:00,27.83,27.857,27.779,27.809,12686
214,2022-08-30 18:05:00,27.839,27.848,27.769,27.799,19882
215,2022-08-30 18:00:00,27.908,27.926,27.789,27.819,55906
216,2022-08-30 17:55:00,27.888,27.926,27.848,27.897,12273
217,2022-08-30 17:50:00,27.898,27.916,27.848,27.878,17510
218,2022-08-30 17:45:00,27.888,27.926,27.848,27.878,15930
219,2022-08-30 17:40:00,27.879,27.897,27.838,27.868,12419
220,2022-08-30 17:35:00,27.888,27.897,27.838,27.848,12323
221,2022-08-30 17:30:00,27.879,27.897,27.838,27.868,10533
222,2022-08-30 17:25:00,27.879,27.887,27.838,27.858,26016
223,2022-08-30 17:20:00,27.859,27.887,27.818,27.848,57202
224,2022-08-30 17:15:00,27.83,27.857,27.799,27.829,18969
225,2022-08-30 17:10:00,27.859,27.867,27.789,27.819,22977
226,2022-08-30 17:05:00,27.859,27.887,27.818,27.838,22095
227,2022-08-30 17:00:00,27.849,27.877,27.818,27.838,15245
228,2022-08-30 16:55:00,27.859,27.877,27.809,27.829,41658
229,2022-08-30 16:50:00,27.849,27.857,27.769,27.829,72429
230,2022-08-30 16:45:00,27.888,27.916,27.818,27.848,95225
231,2022-08-30 16:40:00,27.918,27.946,27.858,27.868,78909
232,2022-08-30 16:35:00,27.938,27.956,27.887,27.897,60247
233,2022-08-30 16:30:00,27.908,27.956,27.868,27.917,71696
234,2022-08-30 16:25:00,27.869,27.907,27.828,27.878,77943
235,2022-08-30 16:20:00,27.888,27.907,27.828,27.848,55756
236,2022-08-30 16:15:00,27.918,27.926,27.848,27.868,81917
237,2022-08-30 16:10:00,27.839,27.995,27.799,27.907,248688
238,2022-08-30 16:05:00,27.839,27.877,27.789,27.819,141615
239,2022-08-30 16:00:00,27.805,27.897,27.769,27.819,470179
240,2022-08-30 15:55:00,27.604,27.897,27.563,27.78,3380698
241,2022-08-30 15:50:00,27.571,27.73,27.478,27.578,2979389
242,2022-08-30 15:45:00,27.78,27.798,27.465,27.544,2533277
243,2022-08-30 15:40:00,27.721,27.916,27.686,27.76,2055875
244,2022-08-30 15:35:00,27.655,27.759,27.603,27.708,1335829
245,2022-08-30 15:30:00,27.81,27.823,27.514,27.641,1814048
246,2022-08-30 15:25:00,27.907,27.926,27.711,27.78,1115900
247,2022-08-30 15:20:00,27.893,27.945,27.72,27.884,1316717
248,2022-08-30 15:15:00,27.903,27.975,27.74,27.873,1643218
249,2022-08-30 15:10:00,27.869,28.034,27.799,27.883,2793321
250,2022-08-30 15:05:00,27.682,27.892,27.595,27.848,2774201
251,2022-08-30 15:00:00,27.481,27.818,27.421,27.652,2513883
252,2022-08-30 14:55:00,27.437,27.572,27.318,27.451,1298618
253,2022-08-30 14:50:00,27.427,27.494,27.328,27.416,964637
254,2022-08-30 14:45:00,27.358,27.454,27.323,27.397,804903
255,2022-08-30 14:40:00,27.53,27.57,27.298,27.339,1069026
256,2022-08-30 14:35:00,27.545,27.572,27.377,27.51,846275
257,2022-08-30 14:30:00,27.338,27.588,27.298,27.516,1453256
258,2022-08-30 14:25:00,27.505,27.533,27.279,27.318,1209644
259,2022-08-30 14:20:00,27.486,27.562,27.369,27.48,898391
260,2022-08-30 14:15:00,27.545,27.612,27.436,27.46,1129858
261,2022-08-30 14:10:00,27.5,27.622,27.455,27.514,1218760
262,2022-08-30 14:05:00,27.525,27.602,27.446,27.485,1702433
263,2022-08-30 14:00:00,27.427,27.553,27.303,27.51,1464731
264,2022-08-30 13:55:00,27.466,27.523,27.377,27.407,1153806
265,2022-08-30 13:50:00,27.373,27.533,27.298,27.436,1744118
266,2022-08-30 13:45:00,27.103,27.386,27.043,27.353,1899514
267,2022-08-30 13:40:00,27.317,27.356,27.078,27.087,1666217
268,2022-08-30 13:35:00,27.309,27.337,27.193,27.298,920328
269,2022-08-30 13:30:00,27.314,27.405,27.23,27.289,1130045
270,2022-08-30 13:25:00,27.162,27.327,27.132,27.299,1273902
271,2022-08-30 13:20:00,27.25,27.297,27.122,27.146,1423760
272,2022-08-30 13:15:00,27.26,27.376,27.21,27.225,1113838
273,2022-08-30 13:10:00,27.446,27.484,27.23,27.242,1624933
274,2022-08-30 13:05:00,27.525,27.651,27.396,27.434,1350047
275,2022-08-30 13:00:00,27.541,27.612,27.455,27.51,1007114
276,2022-08-30 12:55:00,27.584,27.641,27.497,27.515,838577
277,2022-08-30 12:50:00,27.535,27.626,27.49,27.568,929927
278,2022-08-30 12:45:00,27.466,27.563,27.347,27.505,1567877
279,2022-08-30 12:40:00,27.638,27.646,27.426,27.453,1146492
280,2022-08-30 12:35:00,27.54,27.658,27.475,27.615,1460295
281,2022-08-30 12:30:00,27.751,27.776,27.505,27.515,1166835
282,2022-08-30 12:25:00,27.78,27.789,27.627,27.735,1349658
283,2022-08-30 12:20:00,27.854,27.877,27.73,27.76,1238637
284,2022-08-30 12:15:00,27.928,28.103,27.789,27.838,2106062
285,2022-08-30 12:10:00,27.82,27.946,27.72,27.912,894509
286,2022-08-30 12:05:00,27.82,27.98,27.779,27.802,1263015
287,2022-08-30 12:00:00,27.741,27.936,27.681,27.802,1055607
288,2022-08-30 11:55:00,27.78,27.897,27.701,27.726,1157127
289,2022-08-30 11:50:00,27.591,27.849,27.542,27.765,1149762
290,2022-08-30 11:45:00,27.731,27.744,27.534,27.564,998117
291,2022-08-30 11:40:00,27.739,27.838,27.593,27.711,1518020
292,2022-08-30 11:35:00,27.938,27.985,27.676,27.721,1520165
293,2022-08-30 11:30:00,27.741,28.005,27.632,27.912,1944406
294,2022-08-30 11:25:00,27.702,27.903,27.573,27.726,1983783
295,2022-08-30 11:20:00,27.869,27.897,27.627,27.676,1952903
296,2022-08-30 11:15:00,27.604,27.907,27.475,27.858,2455291
297,2022-08-30 11:10:00,27.676,27.72,27.446,27.588,2346939
298,2022-08-30 11:05:00,27.672,27.852,27.563,27.662,2306994
299,2022-08-30 11:00:00,27.753,27.882,27.524,27.652,4205464
300,2022-08-30 10:55:00,27.505,27.779,27.441,27.73,3315427
301,2022-08-30 10:50:00,27.289,27.528,27.2,27.48,3255648
302,2022-08-30 10:45:00,27.468,27.484,27.21,27.259,3574968
303,2022-08-30 10:40:00,27.604,27.641,27.406,27.452,2963442
304,2022-08-30 10:35:00,27.671,27.7,27.495,27.575,3480823
305,2022-08-30 10:30:00,28.159,28.221,27.622,27.647,3682240
306,2022-08-30 10:25:00,28.085,28.26,28.025,28.143,1800216
307,2022-08-30 10:20:00,28.281,28.351,28.005,28.064,2513585
308,2022-08-30 10:15:00,28.321,28.334,28.152,28.268,1588163
309,2022-08-30 10:10:00,28.316,28.408,28.162,28.29,2817426
310,2022-08-30 10:05:00,28.591,28.634,28.182,28.295,3851415
311,2022-08-30 10:00:00,28.678,28.807,28.496,28.568,2926750
312,2022-08-30 09:55:00,28.784,28.84,28.535,28.663,2373233
313,2022-08-30 09:50:00,28.91,29.027,28.672,28.771,2232343
314,2022-08-30 09:45:00,28.856,28.966,28.643,28.899,3609949
315,2022-08-30 09:40:00,29.185,29.238,28.8,28.84,3017747
316,2022-08-30 09:35:00,29.264,29.341,29.006,29.16,2980070
317,2022-08-30 09:30:00,29.264,29.43,29.065,29.233,3371088
318,2022-08-30 09:25:00,29.323,29.331,29.182,29.232,133266
319,2022-08-30 09:20:00,29.244,29.341,29.202,29.306,99937
320,2022-08-30 09:15:00,29.342,29.351,29.202,29.222,131473
321,2022-08-30 09:10:00,29.254,29.351,29.192,29.321,117808
322,2022-08-30 09:05:00,29.303,29.321,29.153,29.213,127856
323,2022-08-30 09:00:00,29.254,29.361,29.212,29.281,90341
324,2022-08-30 08:55:00,29.352,29.38,29.222,29.232,128211
325,2022-08-30 08:50:00,29.332,29.4,29.261,29.321,99024
326,2022-08-30 08:45:00,29.332,29.429,29.29,29.311,96528
327,2022-08-30 08:40:00,29.362,29.42,29.222,29.311,115193
328,2022-08-30 08:35:00,29.234,29.38,29.192,29.33,178940
329,2022-08-30 08:30:00,29.391,29.42,29.192,29.213,178290
330,2022-08-30 08:25:00,29.45,29.479,29.339,29.38,84516
331,2022-08-30 08:20:00,29.529,29.538,29.408,29.448,117973
332,2022-08-30 08:15:00,29.617,29.656,29.506,29.517,81917
333,2022-08-30 08:10:00,29.588,29.646,29.545,29.605,26513
334,2022-08-30 08:05:00,29.666,29.685,29.545,29.576,82109
335,2022-08-30 08:00:00,29.696,29.9,29.035,29.645,464715
336,2022-08-30 07:55:00,29.558,29.577,29.477,29.537,41764
337,2022-08-30 07:50:00,29.647,29.656,29.506,29.537,72088
338,2022-08-30 07:45:00,29.657,29.715,29.614,29.635,44823
339,2022-08-30 07:40:00,29.647,29.665,29.604,29.625,18987
340,2022-08-30 07:35:00,29.647,29.685,29.595,29.605,34607
341,2022-08-30 07:30:00,29.657,29.685,29.604,29.635,26636
342,2022-08-30 07:25:00,29.666,29.675,29.604,29.645,29086
343,2022-08-30 07:20:00,29.725,29.734,29.644,29.654,45778
344,2022-08-30 07:15:00,29.696,29.744,29.644,29.703,33448
345,2022-08-30 07:10:00,29.686,29.734,29.634,29.664,66467
346,2022-08-30 07:05:00,29.735,29.764,29.653,29.684,48313
347,2022-08-30 07:00:00,29.725,29.764,29.644,29.733,227876
348,2022-08-30 06:55:00,29.765,29.773,29.683,29.694,13723
349,2022-08-30 06:50:00,29.725,29.793,29.693,29.733,6492
350,2022-08-30 06:45:00,29.775,29.783,29.693,29.713,5153
351,2022-08-30 06:40:00,29.784,29.793,29.732,29.753,4255
352,2022-08-30 06:35:00,29.814,29.823,29.752,29.762,7695
353,2022-08-30 06:30:00,29.814,29.832,29.761,29.782,15812
354,2022-08-30 06:25:00,29.765,29.813,29.722,29.782,6364
355,2022-08-30 06:20:00,29.784,29.832,29.712,29.733,6823
356,2022-08-30 06:15:00,29.843,29.852,29.742,29.762,2825
357,2022-08-30 06:10:00,29.824,29.862,29.761,29.821,16129
358,2022-08-30 06:05:00,29.716,29.862,29.683,29.821,30899
359,2022-08-30 06:00:00,29.745,29.773,29.663,29.694,22033
360,2022-08-30 05:55:00,29.794,29.803,29.712,29.723,11793
361,2022-08-30 05:50:00,29.725,29.773,29.683,29.743,14831
362,2022-08-30 05:45:00,29.775,29.783,29.683,29.703,18420
363,2022-08-30 05:40:00,29.804,29.823,29.732,29.743,13192
364,2022-08-30 05:35:00,29.794,29.832,29.752,29.792,34064
365,2022-08-30 05:30:00,29.666,29.832,29.634,29.792,45261
366,2022-08-30 05:25:00,29.696,29.715,29.644,29.654,13386
367,2022-08-30 05:20:00,29.608,29.715,29.565,29.684,32004
368,2022-08-30 05:15:00,29.666,29.685,29.555,29.595,18790
369,2022-08-30 05:10:00,29.666,29.695,29.614,29.635,20421
370,2022-08-30 05:05:00,29.676,29.705,29.634,29.645,17114
371,2022-08-30 05:00:00,29.725,29.773,29.634,29.654,42770
372,2022-08-30 04:55:00,29.745,29.754,29.693,29.713,9988
373,2022-08-30 04:50:00,29.755,29.793,29.702,29.713,41908
374,2022-08-30 04:45:00,29.755,29.783,29.712,29.733,21427
375,2022-08-30 04:40:00,29.765,29.773,29.693,29.733,20937
376,2022-08-30 04:35:00,29.784,29.803,29.732,29.753,55812
377,2022-08-30 04:30:00,29.892,29.911,29.761,29.772,17478
378,2022-08-30 04:25:00,29.814,29.901,29.771,29.861,27010
379,2022-08-30 04:20:00,29.892,29.911,29.771,29.782,49226
380,2022-08-30 04:15:00,29.824,29.911,29.791,29.88,64772
381,2022-08-30 04:10:00,29.824,29.862,29.771,29.802,58230
382,2022-08-30 04:05:00,29.784,29.842,29.742,29.802,70081
383,2022-08-30 04:00:00,29.323,29.872,29.29,29.753,292635
384,2022-08-29 19:55:00,29.018,29.066,28.986,29.026,113936
385,2022-08-29 19:50:00,29.008,29.056,28.971,28.997,28716
386,2022-08-29 19:45:00,28.989,29.066,28.952,28.977,80296
387,2022-08-29 19:40:00,28.93,28.997,28.888,28.967,58647
388,2022-08-29 19:35:00,28.881,28.938,28.849,28.899,38679
389,2022-08-29 19:30:00,28.871,28.899,28.839,28.849,3452
390,2022-08-29 19:25:00,28.851,28.889,28.819,28.859,42581
391,2022-08-29 19:20:00,28.822,28.86,28.78,28.83,15336
392,2022-08-29 19:15:00,28.817,28.85,28.78,28.8,7955
393,2022-08-29 19:10:00,28.812,28.83,28.78,28.8,11998
394,2022-08-29 19:05:00,28.831,28.85,28.79,28.8,32851
395,2022-08-29 19:00:00,28.831,28.86,28.8,28.82,18514
396,2022-08-29 18:55:00,28.822,28.84,28.79,28.8,17646
397,2022-08-29 18:50:00,28.831,28.84,28.79,28.81,9156
398,2022-08-29 18:45:00,28.822,28.84,28.79,28.8,30175
399,2022-08-29 18:40:00,28.822,28.84,28.78,28.8,6151
400,2022-08-29 18:35:00,28.812,28.83,28.78,28.8,29796
401,2022-08-29 18:30:00,28.812,28.83,28.78,28.8,5280
402,2022-08-29 18:25:00,28.851,28.86,28.79,28.8,13197
403,2022-08-29 18:20:00,28.871,28.879,28.8,28.83,4520
404,2022-08-29 18:15:00,28.861,28.879,28.819,28.849,20910
405,2022-08-29 18:10:00,28.881,28.889,28.819,28.84,10895
406,2022-08-29 18:05:00,28.881,28.899,28.819,28.84,14541
407,2022-08-29 18:00:00,28.841,28.879,28.81,28.849,13462
408,2022-08-29 17:55:00,28.827,28.85,28.79,28.82,10279
409,2022-08-29 17:50:00,28.831,28.84,28.79,28.805,10033
410,2022-08-29 17:45:00,28.822,28.84,28.79,28.81,14901
411,2022-08-29 17:40:00,28.841,28.85,28.79,28.8,5534
412,2022-08-29 17:35:00,28.831,28.85,28.8,28.82,6475
413,2022-08-29 17:30:00,28.841,28.869,28.8,28.82,7357
414,2022-08-29 17:25:00,28.831,28.85,28.79,28.82,6069
415,2022-08-29 17:20:00,28.831,28.84,28.79,28.81,3320
416,2022-08-29 17:15:00,28.84,28.85,28.751,28.81,46231
417,2022-08-29 17:10:00,28.841,28.85,28.79,28.82,23025
418,2022-08-29 17:05:00,28.861,28.869,28.8,28.811,14122
419,2022-08-29 17:00:00,28.861,28.869,28.81,28.83,15116
420,2022-08-29 16:55:00,28.831,28.86,28.79,28.83,15827
421,2022-08-29 16:50:00,28.841,28.85,28.78,28.81,45474
422,2022-08-29 16:45:00,28.802,28.85,28.77,28.82,73758
423,2022-08-29 16:40:00,28.763,28.801,28.721,28.771,15493
424,2022-08-29 16:35:00,28.743,28.761,28.692,28.732,132772
425,2022-08-29 16:30:00,28.694,28.742,28.662,28.712,63392
426,2022-08-29 16:25:00,28.694,28.722,28.662,28.683,18765
427,2022-08-29 16:20:00,28.704,28.732,28.662,28.673,45017
428,2022-08-29 16:15:00,28.733,28.742,28.653,28.673,42117
429,2022-08-29 16:10:00,28.723,28.771,28.692,28.722,88766
430,2022-08-29 16:05:00,28.792,28.811,28.682,28.692,135787
431,2022-08-29 16:00:00,28.773,28.82,28.692,28.771,439864
432,2022-08-29 15:55:00,28.915,28.948,28.682,28.756,2233602
433,2022-08-29 15:50:00,29.116,29.125,28.849,28.892,1867610
434,2022-08-29 15:45:00,29.269,29.277,29.025,29.085,999571
435,2022-08-29 15:40:00,29.254,29.312,29.143,29.252,1060250
436,2022-08-29 15:35:00,29.204,29.272,29.131,29.239,726802
437,2022-08-29 15:30:00,29.185,29.252,29.055,29.174,970667
438,2022-08-29 15:25:00,29.293,29.302,29.133,29.164,789835
439,2022-08-29 15:20:00,29.329,29.341,29.217,29.272,768410
440,2022-08-29 15:15:00,29.401,29.479,29.261,29.306,1307959
441,2022-08-29 15:10:00,29.264,29.43,29.168,29.384,1177914
442,2022-08-29 15:05:00,29.362,29.371,29.143,29.237,924956
443,2022-08-29 15:00:00,29.195,29.479,29.148,29.34,2188029
444,2022-08-29 14:55:00,29.136,29.229,28.937,29.168,908813
445,2022-08-29 14:50:00,29.205,29.222,29.068,29.115,730319
446,2022-08-29 14:45:00,29.264,29.292,29.153,29.183,625634
447,2022-08-29 14:40:00,29.229,29.302,29.192,29.251,477435
448,2022-08-29 14:35:00,29.205,29.297,29.163,29.208,984256
449,2022-08-29 14:30:00,29.082,29.241,29.047,29.183,720118
450,2022-08-29 14:25:00,29.062,29.184,29.03,29.059,793667
451,2022-08-29 14:20:00,29.048,29.086,28.967,29.045,469187
452,2022-08-29 14:15:00,29.146,29.168,28.996,29.046,820527
453,2022-08-29 14:10:00,29.205,29.282,29.088,29.124,691064
454,2022-08-29 14:05:00,29.225,29.341,29.163,29.178,609813
455,2022-08-29 14:00:00,29.342,29.351,29.173,29.208,826298
456,2022-08-29 13:55:00,29.323,29.4,29.261,29.316,746350
457,2022-08-29 13:50:00,29.291,29.361,29.241,29.291,680875
458,2022-08-29 13:45:00,29.48,29.567,29.261,29.281,1474659
459,2022-08-29 13:40:00,29.286,29.498,29.197,29.467,1759852
460,2022-08-29 13:35:00,29.339,29.38,29.231,29.262,1008227
461,2022-08-29 13:30:00,29.214,29.361,29.133,29.321,954988
462,2022-08-29 13:25:00,29.116,29.233,29.04,29.193,1072022
463,2022-08-29 13:20:00,29.141,29.204,29.035,29.09,885131
464,2022-08-29 13:15:00,29.313,29.321,29.045,29.122,1121132
465,2022-08-29 13:10:00,29.372,29.407,29.182,29.288,1360926
466,2022-08-29 13:05:00,29.293,29.449,29.254,29.344,1188408
467,2022-08-29 13:00:00,29.244,29.42,29.212,29.272,1019596
468,2022-08-29 12:55:00,29.382,29.4,29.186,29.216,1092562
469,2022-08-29 12:50:00,29.264,29.42,29.212,29.35,2599598
470,2022-08-29 12:45:00,29.028,29.282,28.957,29.248,1880822
471,2022-08-29 12:40:00,28.91,29.037,28.859,28.997,972746
472,2022-08-29 12:35:00,28.846,28.938,28.78,28.886,735123
473,2022-08-29 12:30:00,29.034,29.046,28.8,28.82,947955
474,2022-08-29 12:25:00,29.062,29.145,28.947,29.011,1028307
475,2022-08-29 12:20:00,29.165,29.194,29.016,29.036,1052831
476,2022-08-29 12:15:00,29.107,29.282,29.065,29.144,1457667
477,2022-08-29 12:10:00,29.096,29.194,29.011,29.091,1210031
478,2022-08-29 12:05:00,29.141,29.194,29.006,29.072,1842057
479,2022-08-29 12:00:00,28.91,29.154,28.829,29.124,1925420
480,2022-08-29 11:55:00,28.834,28.958,28.78,28.879,899661
481,2022-08-29 11:50:00,28.753,28.86,28.672,28.82,950863
482,2022-08-29 11:45:00,28.527,28.781,28.486,28.741,1220453
483,2022-08-29 11:40:00,28.763,28.781,28.488,28.506,1367851
484,2022-08-29 11:35:00,28.828,28.977,28.682,28.751,2150484
485,2022-08-29 11:30:00,28.591,28.879,28.437,28.81,1695963
486,2022-08-29 11:25:00,28.674,28.732,28.505,28.57,859275
487,2022-08-29 11:20:00,28.576,28.771,28.507,28.658,1159326
488,2022-08-29 11:15:00,28.566,28.702,28.486,28.555,881612
489,2022-08-29 11:10:00,28.645,28.683,28.416,28.555,1650164
490,2022-08-29 11:05:00,28.758,28.791,28.476,28.632,1236989
491,2022-08-29 11:00:00,28.552,28.811,28.505,28.737,1457547
492,2022-08-29 10:55:00,28.612,28.629,28.486,28.535,1293230
493,2022-08-29 10:50:00,28.858,28.919,28.535,28.589,1930251
494,2022-08-29 10:45:00,28.908,28.978,28.741,28.83,1227511
495,2022-08-29 10:40:00,28.851,28.938,28.702,28.889,1693626
496,2022-08-29 10:35:00,29.062,29.091,28.81,28.825,1907218
497,2022-08-29 10:30:00,29.259,29.419,28.986,29.036,1528960
498,2022-08-29 10:25:00,29.45,29.543,29.222,29.242,1227663
499,2022-08-29 10:20:00,29.499,29.567,29.388,29.438,1444741
500,2022-08-29 10:15:00,29.136,29.597,29.094,29.483,2716888
501,2022-08-29 10:10:00,29.077,29.302,29.016,29.113,1673463
502,2022-08-29 10:05:00,29.055,29.213,28.947,29.058,1478546
503,2022-08-29 10:00:00,29.043,29.135,28.938,29.026,1862938
504,2022-08-29 09:55:00,29.244,29.498,28.986,29.021,2580823
505,2022-08-29 09:50:00,29.175,29.4,29.109,29.222,1949077
506,2022-08-29 09:45:00,29.342,29.434,29.045,29.144,2176540
507,2022-08-29 09:40:00,29.254,29.567,29.202,29.321,3142232
508,2022-08-29 09:35:00,29.293,29.479,29.182,29.232,4791554
509,2022-08-29 09:30:00,28.831,29.302,28.624,29.262,7459887
510,2022-08-29 09:25:00,28.91,28.919,28.78,28.81,552539
511,2022-08-29 09:20:00,28.841,28.958,28.81,28.889,169427
512,2022-08-29 09:15:00,28.704,28.86,28.662,28.81,118329
513,2022-08-29 09:10:00,28.841,28.889,28.643,28.683,102461
514,2022-08-29 09:05:00,28.792,28.86,28.76,28.81,115225
515,2022-08-29 09:00:00,28.763,28.83,28.702,28.771,82196
516,2022-08-29 08:55:00,28.782,28.82,28.721,28.741,61807
517,2022-08-29 08:50:00,28.812,28.86,28.741,28.761,78265
518,2022-08-29 08:45:00,28.773,28.86,28.741,28.781,87845
519,2022-08-29 08:40:00,28.841,28.85,28.721,28.741,81965
520,2022-08-29 08:35:00,28.871,28.948,28.78,28.82,151271
521,2022-08-29 08:30:00,28.774,28.889,28.74,28.849,206113
522,2022-08-29 08:25:00,28.704,28.791,28.662,28.751,141245
523,2022-08-29 08:20:00,28.625,28.712,28.594,28.673,88740
524,2022-08-29 08:15:00,28.576,28.643,28.515,28.594,32845
525,2022-08-29 08:10:00,28.606,28.624,28.505,28.545,52555
526,2022-08-29 08:05:00,28.635,28.693,28.584,28.594,76461
527,2022-08-29 08:00:00,28.655,28.987,28.455,28.614,380517
528,2022-08-29 07:55:00,28.586,28.663,28.554,28.634,53939
529,2022-08-29 07:50:00,28.635,28.663,28.545,28.555,49308
530,2022-08-29 07:45:00,28.547,28.634,28.505,28.604,75762
531,2022-08-29 07:40:00,28.556,28.604,28.505,28.535,40580
532,2022-08-29 07:35:00,28.497,28.565,28.466,28.526,37532
533,2022-08-29 07:30:00,28.507,28.555,28.456,28.476,65325
534,2022-08-29 07:25:00,28.566,28.575,28.466,28.476,75010
535,2022-08-29 07:20:00,28.497,28.585,28.456,28.545,56674
536,2022-08-29 07:15:00,28.547,28.565,28.456,28.476,131379
537,2022-08-29 07:10:00,28.517,28.555,28.456,28.516,169513
538,2022-08-29 07:05:00,28.586,28.594,28.466,28.496,117612
539,2022-08-29 07:00:00,28.655,28.683,28.564,28.575,128851
540,2022-08-29 06:55:00,28.773,28.781,28.623,28.634,19827
541,2022-08-29 06:50:00,28.763,28.791,28.702,28.751,32049
542,2022-08-29 06:45:00,28.733,28.781,28.702,28.741,12702
543,2022-08-29 06:40:00,28.763,28.771,28.702,28.712,11701
544,2022-08-29 06:35:00,28.773,28.791,28.672,28.702,21318
545,2022-08-29 06:30:00,28.674,28.791,28.643,28.761,12906
546,2022-08-29 06:25:00,28.714,28.732,28.584,28.634,9549
547,2022-08-29 06:20:00,28.664,28.732,28.623,28.692,10292
548,2022-08-29 06:15:00,28.596,28.683,28.564,28.653,12183
549,2022-08-29 06:10:00,28.664,28.702,28.554,28.575,17306
550,2022-08-29 06:05:00,28.664,28.683,28.613,28.643,6914
551,2022-08-29 06:00:00,28.674,28.702,28.623,28.643,12232
552,2022-08-29 05:55:00,28.566,28.693,28.535,28.653,25642
553,2022-08-29 05:50:00,28.507,28.565,28.476,28.526,15342
554,2022-08-29 05:45:00,28.566,28.575,28.456,28.476,28000
555,2022-08-29 05:40:00,28.547,28.594,28.505,28.535,3661
556,2022-08-29 05:35:00,28.586,28.594,28.505,28.526,13214
557,2022-08-29 05:30:00,28.625,28.643,28.535,28.545,9060
558,2022-08-29 05:25:00,28.596,28.673,28.564,28.614,17003
559,2022-08-29 05:20:00,28.576,28.663,28.535,28.575,15694
560,2022-08-29 05:15:00,28.684,28.693,28.554,28.565,12187
561,2022-08-29 05:10:00,28.556,28.683,28.525,28.643,23243
562,2022-08-29 05:05:00,28.478,28.585,28.446,28.535,21696
563,2022-08-29 05:00:00,28.497,28.535,28.368,28.447,298932
564,2022-08-29 04:55:00,28.586,28.624,28.456,28.476,24751
565,2022-08-29 04:50:00,28.684,28.693,28.554,28.565,17090
566,2022-08-29 04:45:00,28.625,28.722,28.594,28.663,53272
567,2022-08-29 04:40:00,28.576,28.624,28.496,28.594,22530
568,2022-08-29 04:35:00,28.615,28.653,28.515,28.565,47892
569,2022-08-29 04:30:00,28.635,28.702,28.584,28.604,36415
570,2022-08-29 04:25:00,28.625,28.673,28.584,28.624,29116
571,2022-08-29 04:20:00,28.743,28.82,28.603,28.614,57832
572,2022-08-29 04:15:00,28.635,28.761,28.574,28.722,95175
573,2022-08-29 04:10:00,28.694,28.712,28.603,28.624,52713
574,2022-08-29 04:05:00,28.714,28.732,28.633,28.673,113067
575,2022-08-29 04:00:00,28.969,28.978,28.633,28.683,206948
576,2022-08-26 19:55:00,29.332,29.361,29.231,29.242,49221
577,2022-08-26 19:50:00,29.293,29.361,29.241,29.311,66474
578,2022-08-26 19:45:00,29.332,29.351,29.261,29.272,25069
579,2022-08-26 19:40:00,29.293,29.351,29.261,29.321,18068
580,2022-08-26 19:35:00,29.342,29.38,29.261,29.272,30534
581,2022-08-26 19:30:00,29.323,29.43,29.29,29.34,45679
582,2022-08-26 19:25:00,29.303,29.341,29.251,29.281,22277
583,2022-08-26 19:20:00,29.293,29.321,29.241,29.262,22857
584,2022-08-26 19:15:00,29.323,29.331,29.241,29.291,11724
585,2022-08-26 19:10:00,29.293,29.341,29.251,29.291,6444
586,2022-08-26 19:05:00,29.323,29.331,29.241,29.291,32703
587,2022-08-26 19:00:00,29.283,29.321,29.241,29.291,26651
588,2022-08-26 18:55:00,29.303,29.312,29.241,29.262,14118
589,2022-08-26 18:50:00,29.303,29.331,29.261,29.281,31218
590,2022-08-26 18:45:00,29.303,29.331,29.261,29.281,33525
591,2022-08-26 18:40:00,29.313,29.341,29.261,29.281,16504
592,2022-08-26 18:35:00,29.303,29.331,29.271,29.291,11089
593,2022-08-26 18:30:00,29.323,29.341,29.261,29.281,15865
594,2022-08-26 18:25:00,29.303,29.321,29.251,29.291,7020
595,2022-08-26 18:20:00,29.303,29.321,29.251,29.272,10103
596,2022-08-26 18:15:00,29.342,29.361,29.241,29.281,17860
597,2022-08-26 18:10:00,29.332,29.371,29.3,29.321,24753
598,2022-08-26 18:05:00,29.303,29.351,29.251,29.321,28402
599,2022-08-26 18:00:00,29.303,29.331,29.261,29.281,17036
600,2022-08-26 17:55:00,29.323,29.341,29.251,29.272,28351
601,2022-08-26 17:50:00,29.323,29.351,29.261,29.301,18592
602,2022-08-26 17:45:00,29.323,29.341,29.29,29.311,24215
603,2022-08-26 17:40:00,29.323,29.351,29.29,29.311,15852
604,2022-08-26 17:35:00,29.323,29.331,29.261,29.291,10804
605,2022-08-26 17:30:00,29.362,29.371,29.281,29.301,23339
606,2022-08-26 17:25:00,29.352,29.39,29.29,29.301,23402
607,2022-08-26 17:20:00,29.362,29.39,29.31,29.33,33166
608,2022-08-26 17:15:00,29.372,29.39,29.32,29.35,26547
609,2022-08-26 17:10:00,29.352,29.429,29.32,29.36,44765
610,2022-08-26 17:05:00,29.352,29.38,29.31,29.33,47788
611,2022-08-26 17:00:00,29.264,29.361,29.222,29.33,48497
612,2022-08-26 16:55:00,29.244,29.331,29.212,29.232,188237
613,2022-08-26 16:50:00,29.401,29.41,29.202,29.222,247508
614,2022-08-26 16:45:00,29.45,29.715,29.349,29.38,202366
615,2022-08-26 16:40:00,29.509,29.538,29.349,29.419,92098
616,2022-08-26 16:35:00,29.509,29.528,29.457,29.488,70653
617,2022-08-26 16:30:00,29.501,29.597,29.457,29.479,155852
618,2022-08-26 16:25:00,29.509,29.518,29.438,29.488,137751
619,2022-08-26 16:20:00,29.47,29.528,29.438,29.488,201847
620,2022-08-26 16:15:00,29.598,29.616,29.438,29.458,212355
621,2022-08-26 16:10:00,29.617,29.636,29.565,29.586,109003
622,2022-08-26 16:05:00,29.549,29.626,29.487,29.595,245676
623,2022-08-26 16:00:00,29.666,29.715,29.506,29.527,571559
624,2022-08-26 15:55:00,29.725,29.862,29.634,29.654,3225377
625,2022-08-26 15:50:00,29.843,29.98,29.683,29.694,2660278
626,2022-08-26 15:45:00,29.784,29.906,29.703,29.826,1685984
627,2022-08-26 15:40:00,29.961,29.999,29.732,29.76,1938272
628,2022-08-26 15:35:00,30.059,30.094,29.909,29.944,1940362
629,2022-08-26 15:30:00,30.158,30.186,30.026,30.041,1047161
630,2022-08-26 15:25:00,30.143,30.245,30.075,30.13,1000789
631,2022-08-26 15:20:00,30.285,30.334,30.058,30.125,1533837
632,2022-08-26 15:15:00,30.167,30.353,30.134,30.26,1382394
633,2022-08-26 15:10:00,30.226,30.245,30.085,30.152,1646113
634,2022-08-26 15:05:00,30.393,30.442,30.169,30.199,1460222
635,2022-08-26 15:00:00,30.325,30.501,30.291,30.376,1381826
636,2022-08-26 14:55:00,30.32,30.373,30.245,30.312,920744
637,2022-08-26 14:50:00,30.364,30.402,30.281,30.302,953285
638,2022-08-26 14:45:00,30.388,30.478,30.301,30.342,1123319
639,2022-08-26 14:40:00,30.423,30.471,30.34,30.366,701822
640,2022-08-26 14:35:00,30.482,30.55,30.35,30.4,954434
641,2022-08-26 14:30:00,30.452,30.55,30.384,30.469,667213
642,2022-08-26 14:25:00,30.443,30.536,30.35,30.435,810135
643,2022-08-26 14:20:00,30.403,30.52,30.365,30.415,1285883
644,2022-08-26 14:15:00,30.541,30.565,30.33,30.377,2119602
645,2022-08-26 14:10:00,30.56,30.594,30.468,30.518,873649
646,2022-08-26 14:05:00,30.614,30.687,30.497,30.543,1084706
647,2022-08-26 14:00:00,30.629,30.704,30.556,30.587,948659
648,2022-08-26 13:55:00,30.634,30.678,30.566,30.616,621564
649,2022-08-26 13:50:00,30.688,30.703,30.527,30.611,1508081
650,2022-08-26 13:45:00,30.698,30.743,30.625,30.67,850189
651,2022-08-26 13:40:00,30.776,30.791,30.606,30.67,1714691
652,2022-08-26 13:35:00,30.85,30.904,30.733,30.744,842845
653,2022-08-26 13:30:00,30.914,30.93,30.753,30.823,956615
654,2022-08-26 13:25:00,31.002,31.071,30.87,30.882,775135
655,2022-08-26 13:20:00,30.915,31.012,30.843,30.98,774393
656,2022-08-26 13:15:00,30.993,31.08,30.852,30.896,1269918
657,2022-08-26 13:10:00,31.157,31.193,30.929,30.97,1485109
658,2022-08-26 13:05:00,31.104,31.218,31.057,31.127,963695
659,2022-08-26 13:00:00,31.091,31.198,30.978,31.083,1183937
660,2022-08-26 12:55:00,30.971,31.139,30.937,31.075,855057
661,2022-08-26 12:50:00,31.081,31.09,30.88,30.942,991449
662,2022-08-26 12:45:00,30.929,31.095,30.851,31.058,1198368
663,2022-08-26 12:40:00,30.855,31.041,30.792,30.901,1748781
664,2022-08-26 12:35:00,30.796,30.899,30.733,30.837,936033
665,2022-08-26 12:30:00,30.911,30.933,30.733,30.771,955154
666,2022-08-26 12:25:00,30.811,30.923,30.713,30.887,1151106
667,2022-08-26 12:20:00,30.889,30.904,30.723,30.788,1896134
668,2022-08-26 12:15:00,31.061,31.071,30.792,30.862,1659490
669,2022-08-26 12:10:00,30.993,31.08,30.88,31.045,1183684
670,2022-08-26 12:05:00,30.943,31.07,30.87,30.961,1435006
671,2022-08-26 12:00:00,31.16,31.179,30.89,30.911,1791618
672,2022-08-26 11:55:00,31.341,31.36,31.066,31.137,1298676
673,2022-08-26 11:50:00,31.277,31.424,31.155,31.328,1455544
674,2022-08-26 11:45:00,31.11,31.326,31.071,31.259,1452697
675,2022-08-26 11:40:00,31.15,31.267,30.998,31.083,1540838
676,2022-08-26 11:35:00,31.282,31.321,31.086,31.137,1156914
677,2022-08-26 11:30:00,31.277,31.385,31.076,31.264,1959326
678,2022-08-26 11:25:00,31.228,31.366,31.125,31.245,2058474
679,2022-08-26 11:20:00,31.061,31.257,30.851,31.212,3265417
680,2022-08-26 11:15:00,31.327,31.356,31.017,31.04,2012414
681,2022-08-26 11:10:00,31.209,31.356,31.096,31.294,2500984
682,2022-08-26 11:05:00,31.322,31.493,31.115,31.186,4382592
683,2022-08-26 11:00:00,31.754,31.817,31.282,31.299,4206114
684,2022-08-26 10:55:00,31.837,31.876,31.577,31.735,2064424
685,2022-08-26 10:50:00,32.004,32.024,31.724,31.814,2140456
686,2022-08-26 10:45:00,31.798,32.032,31.655,31.988,3239493
687,2022-08-26 10:40:00,31.68,31.935,31.64,31.775,3630620
688,2022-08-26 10:35:00,32.083,32.185,31.552,31.657,4702761
689,2022-08-26 10:30:00,32.496,32.505,31.93,32.069,5026777
690,2022-08-26 10:25:00,32.839,32.947,32.264,32.472,4962495
691,2022-08-26 10:20:00,33.547,33.576,32.754,32.813,5003681
692,2022-08-26 10:15:00,33.645,33.748,33.284,33.512,3994028
693,2022-08-26 10:10:00,33.959,34.136,33.441,33.622,7133700
694,2022-08-26 10:05:00,32.633,33.969,32.499,33.929,8192713
695,2022-08-26 10:00:00,33.635,33.665,32.519,32.609,9104889
696,2022-08-26 09:55:00,33.576,33.704,33.5,33.61,1807545
697,2022-08-26 09:50:00,33.458,33.596,33.215,33.551,2607131
698,2022-08-26 09:45:00,33.65,33.665,33.412,33.424,1744552
699,2022-08-26 09:40:00,33.645,33.733,33.461,33.61,1995759
700,2022-08-26 09:35:00,33.792,33.842,33.49,33.62,2964423
701,2022-08-26 09:30:00,33.738,33.822,33.461,33.767,3860909
702,2022-08-26 09:25:00,33.979,33.989,33.677,33.718,426999
703,2022-08-26 09:20:00,34.048,34.068,33.863,33.954,300399
704,2022-08-26 09:15:00,34.146,34.166,33.991,34.032,191250
705,2022-08-26 09:10:00,34.215,34.264,34.069,34.121,357695
706,2022-08-26 09:05:00,34.057,34.303,34.02,34.188,577769
707,2022-08-26 09:00:00,33.822,34.077,33.755,34.032,505865
708,2022-08-26 08:55:00,33.665,33.851,33.627,33.797,206123
709,2022-08-26 08:50:00,33.674,33.724,33.588,33.65,187309
710,2022-08-26 08:45:00,33.488,33.675,33.451,33.64,246897
711,2022-08-26 08:40:00,33.704,33.724,33.392,33.473,227299
712,2022-08-26 08:35:00,33.655,33.704,33.5,33.669,179716
713,2022-08-26 08:30:00,33.37,33.891,33.235,33.62,630491
714,2022-08-26 08:25:00,33.448,33.458,33.343,33.365,50987
715,2022-08-26 08:20:00,33.448,33.458,33.343,33.424,89701
716,2022-08-26 08:15:00,33.458,33.478,33.392,33.434,36686
717,2022-08-26 08:10:00,33.458,33.468,33.374,33.434,97773
718,2022-08-26 08:05:00,33.399,33.487,33.363,33.443,67657
719,2022-08-26 08:00:00,33.301,33.851,33.098,33.365,516103
720,2022-08-26 07:55:00,33.478,33.507,33.372,33.424,71796
721,2022-08-26 07:50:00,33.429,33.478,33.372,33.443,34361
722,2022-08-26 07:45:00,33.38,33.439,33.333,33.394,24298
723,2022-08-26 07:40:00,33.38,33.399,33.332,33.355,18569
724,2022-08-26 07:35:00,33.36,33.409,33.294,33.355,39768
725,2022-08-26 07:30:00,33.301,33.37,33.245,33.316,14460
726,2022-08-26 07:25:00,33.291,33.331,33.235,33.277,19874
727,2022-08-26 07:20:00,33.281,33.321,33.235,33.267,98447
728,2022-08-26 07:15:00,33.272,33.301,33.225,33.257,32232
729,2022-08-26 07:10:00,33.193,33.272,33.156,33.237,45146
730,2022-08-26 07:05:00,33.213,33.242,33.107,33.159,63253
731,2022-08-26 07:00:00,33.291,33.34,33.176,33.188,123492
732,2022-08-26 06:55:00,33.252,33.291,33.206,33.257,5472
733,2022-08-26 06:50:00,33.281,33.291,33.206,33.218,6563
734,2022-08-26 06:45:00,33.252,33.262,33.196,33.227,4123
735,2022-08-26 06:40:00,33.232,33.272,33.196,33.218,9511
736,2022-08-26 06:35:00,33.272,33.281,33.176,33.227,21711
737,2022-08-26 06:30:00,33.311,33.321,33.206,33.237,11555
738,2022-08-26 06:25:00,33.311,33.36,33.264,33.286,18308
739,2022-08-26 06:20:00,33.262,33.331,33.206,33.296,14725
740,2022-08-26 06:15:00,33.252,33.272,33.186,33.237,6256
741,2022-08-26 06:10:00,33.232,33.272,33.176,33.237,4857
742,2022-08-26 06:05:00,33.252,33.262,33.176,33.218,8501
743,2022-08-26 06:00:00,33.252,33.281,33.206,33.227,6767
744,2022-08-26 05:55:00,33.223,33.242,33.156,33.208,12833
745,2022-08-26 05:50:00,33.213,33.242,33.156,33.198,16955
746,2022-08-26 05:45:00,33.311,33.331,33.166,33.188,10402
747,2022-08-26 05:40:00,33.291,33.321,33.255,33.277,3154
748,2022-08-26 05:35:00,33.262,33.301,33.215,33.257,7989
749,2022-08-26 05:30:00,33.301,33.311,33.176,33.237,45849
750,2022-08-26 05:25:00,33.321,33.36,33.235,33.257,13140
751,2022-08-26 05:20:00,33.331,33.35,33.215,33.286,15966
752,2022-08-26 05:15:00,33.38,33.399,33.284,33.306,11189
753,2022-08-26 05:10:00,33.35,33.39,33.294,33.355,5377
754,2022-08-26 05:05:00,33.331,33.38,33.284,33.345,32755
755,2022-08-26 05:00:00,33.36,33.38,33.294,33.316,13551
756,2022-08-26 04:55:00,33.399,33.419,33.313,33.326,9051
757,2022-08-26 04:50:00,33.468,33.498,33.372,33.394,60651
758,2022-08-26 04:45:00,33.448,33.517,33.412,33.443,16713
759,2022-08-26 04:40:00,33.448,33.468,33.382,33.424,12022
760,2022-08-26 04:35:00,33.419,33.468,33.382,33.414,18204
761,2022-08-26 04:30:00,33.331,33.439,33.235,33.394,45755
762,2022-08-26 04:25:00,33.36,33.37,33.284,33.326,11714
763,2022-08-26 04:20:00,33.35,33.37,33.284,33.326,9651
764,2022-08-26 04:15:00,33.37,33.39,33.274,33.316,42422
765,2022-08-26 04:10:00,33.331,33.38,33.274,33.345,17248
766,2022-08-26 04:05:00,33.331,33.36,33.264,33.316,41799
767,2022-08-26 04:00:00,33.606,33.616,33.264,33.306,94457
768,2022-08-25 19:55:00,33.743,33.773,33.686,33.699,59380
769,2022-08-25 19:50:00,33.753,33.763,33.686,33.708,13588
770,2022-08-25 19:45:00,33.773,33.802,33.706,33.738,16788
771,2022-08-25 19:40:00,33.773,33.783,33.696,33.748,20886
772,2022-08-25 19:35:00,33.812,33.822,33.735,33.748,11494
773,2022-08-25 19:30:00,33.822,33.842,33.765,33.797,9856
774,2022-08-25 19:25:00,33.812,33.842,33.765,33.797,16600
775,2022-08-25 19:20:00,33.773,33.842,33.735,33.797,40908
776,2022-08-25 19:15:00,33.733,33.792,33.696,33.758,20883
777,2022-08-25 19:10:00,33.763,33.783,33.696,33.718,8638
778,2022-08-25 19:05:00,33.694,33.773,33.657,33.738,28661
779,2022-08-25 19:00:00,33.694,33.724,33.657,33.679,15720
780,2022-08-25 18:55:00,33.684,33.694,33.637,33.659,10524
781,2022-08-25 18:50:00,33.674,33.704,33.627,33.659,12208
782,2022-08-25 18:45:00,33.674,33.714,33.627,33.65,12115
783,2022-08-25 18:40:00,33.674,33.704,33.627,33.659,32163
784,2022-08-25 18:35:00,33.684,33.704,33.637,33.659,7920
785,2022-08-25 18:30:00,33.655,33.704,33.618,33.669,3734
786,2022-08-25 18:25:00,33.665,33.684,33.627,33.64,17419
787,2022-08-25 18:20:00,33.714,33.733,33.627,33.64,18224
788,2022-08-25 18:15:00,33.714,33.743,33.667,33.689,28528
789,2022-08-25 18:10:00,33.733,33.743,33.667,33.689,19085
790,2022-08-25 18:05:00,33.743,33.753,33.677,33.699,12513
791,2022-08-25 18:00:00,33.812,33.851,33.706,33.718,52417
792,2022-08-25 17:55:00,33.841,33.861,33.776,33.788,40762
793,2022-08-25 17:50:00,33.792,33.861,33.755,33.816,64240
794,2022-08-25 17:45:00,33.812,33.851,33.755,33.797,70317
795,2022-08-25 17:40:00,33.792,33.832,33.745,33.777,12462
796,2022-08-25 17:35:00,33.773,33.802,33.735,33.758,18035
797,2022-08-25 17:30:00,33.753,33.792,33.716,33.758,6943
798,2022-08-25 17:25:00,33.773,33.802,33.726,33.738,12764
799,2022-08-25 17:20:00,33.753,33.783,33.706,33.728,12709
800,2022-08-25 17:15:00,33.704,33.763,33.667,33.718,25197
801,2022-08-25 17:10:00,33.714,33.733,33.637,33.689,45867
802,2022-08-25 17:05:00,33.723,33.743,33.677,33.699,22951
803,2022-08-25 17:00:00,33.694,33.733,33.657,33.699,12065
804,2022-08-25 16:55:00,33.694,33.724,33.647,33.679,30466
805,2022-08-25 16:50:00,33.694,33.714,33.647,33.679,16364
806,2022-08-25 16:45:00,33.705,33.724,33.647,33.669,54382
807,2022-08-25 16:40:00,33.704,33.724,33.667,33.679,26184
808,2022-08-25 16:35:00,33.733,33.753,33.667,33.689,18211
809,2022-08-25 16:30:00,33.733,33.753,33.667,33.708,44978
810,2022-08-25 16:25:00,33.704,33.753,33.667,33.708,55373
811,2022-08-25 16:20:00,33.714,33.733,33.657,33.689,89050
812,2022-08-25 16:15:00,33.674,33.743,33.637,33.679,93363
813,2022-08-25 16:10:00,33.714,33.724,33.627,33.65,120257
814,2022-08-25 16:05:00,33.782,33.792,33.677,33.689,146358
815,2022-08-25 16:00:00,33.812,33.832,33.735,33.758,621699
816,2022-08-25 15:55:00,33.684,33.842,33.618,33.797,2742343
817,2022-08-25 15:50:00,33.606,33.733,33.51,33.659,1783325
818,2022-08-25 15:45:00,33.547,33.65,33.48,33.575,1629655
819,2022-08-25 15:40:00,33.375,33.566,33.327,33.522,1946144
820,2022-08-25 15:35:00,33.252,33.39,33.206,33.349,1283981
821,2022-08-25 15:30:00,33.29,33.302,33.137,33.223,869480
822,2022-08-25 15:25:00,33.223,33.301,33.156,33.257,930577
823,2022-08-25 15:20:00,33.193,33.251,33.137,33.203,804506
824,2022-08-25 15:15:00,33.134,33.203,33.049,33.169,529712
825,2022-08-25 15:10:00,33.08,33.153,33.004,33.11,598914
826,2022-08-25 15:05:00,33.154,33.183,33.009,33.056,867584
827,2022-08-25 15:00:00,33.124,33.164,33.049,33.124,587161
828,2022-08-25 14:55:00,33.036,33.139,32.99,33.097,899663
829,2022-08-25 14:50:00,33.046,33.065,32.911,33.003,706389
830,2022-08-25 14:45:00,33.063,33.095,32.96,33.03,480285
831,2022-08-25 14:40:00,33.133,33.144,32.982,33.036,677808
832,2022-08-25 14:35:00,33.227,33.242,33.088,33.105,462993
833,2022-08-25 14:30:00,33.272,33.301,33.156,33.199,481856
834,2022-08-25 14:25:00,33.237,33.301,33.186,33.247,718919
835,2022-08-25 14:20:00,33.213,33.262,33.137,33.208,347907
836,2022-08-25 14:15:00,33.235,33.252,33.127,33.178,522561
837,2022-08-25 14:10:00,33.166,33.272,33.088,33.213,937021
838,2022-08-25 14:05:00,33.139,33.203,33.058,33.149,1051730
839,2022-08-25 14:00:00,33.232,33.262,33.088,33.115,1284528
840,2022-08-25 13:55:00,33.271,33.291,33.176,33.213,471592
841,2022-08-25 13:50:00,33.272,33.291,33.186,33.242,679439
842,2022-08-25 13:45:00,33.237,33.34,33.181,33.252,892275
843,2022-08-25 13:40:00,33.239,33.281,33.166,33.217,668195
844,2022-08-25 13:35:00,33.183,33.262,33.137,33.208,1284214
845,2022-08-25 13:30:00,33.055,33.203,33.009,33.16,1069306
846,2022-08-25 13:25:00,33.036,33.095,32.96,33.021,659306
847,2022-08-25 13:20:00,32.955,33.085,32.892,33.002,1282615
848,2022-08-25 13:15:00,32.885,32.977,32.813,32.935,466633
849,2022-08-25 13:10:00,32.849,32.908,32.764,32.859,411814
850,2022-08-25 13:05:00,32.869,32.967,32.774,32.82,820610
851,2022-08-25 13:00:00,32.859,32.938,32.754,32.845,1002925
852,2022-08-25 12:55:00,32.799,32.869,32.708,32.83,376684
853,2022-08-25 12:50:00,32.692,32.829,32.651,32.781,596458
854,2022-08-25 12:45:00,32.843,32.859,32.578,32.658,857920
855,2022-08-25 12:40:00,32.879,32.888,32.7,32.825,600892
856,2022-08-25 12:35:00,32.879,32.928,32.813,32.854,490047
857,2022-08-25 12:30:00,32.898,32.938,32.774,32.855,511154
858,2022-08-25 12:25:00,32.8,32.938,32.754,32.879,598009
859,2022-08-25 12:20:00,32.85,32.879,32.73,32.776,532422
860,2022-08-25 12:15:00,32.805,32.869,32.715,32.825,798257
861,2022-08-25 12:10:00,32.902,32.987,32.725,32.786,928548
862,2022-08-25 12:05:00,32.957,33.046,32.862,32.884,1068600
863,2022-08-25 12:00:00,32.967,33.006,32.833,32.933,771587
864,2022-08-25 11:55:00,32.908,33.001,32.744,32.949,960329
865,2022-08-25 11:50:00,32.967,33.003,32.833,32.884,799762
866,2022-08-25 11:45:00,32.962,33.026,32.823,32.943,1294973
867,2022-08-25 11:40:00,32.889,32.987,32.803,32.933,1354894
868,2022-08-25 11:35:00,32.83,32.938,32.776,32.869,986345
869,2022-08-25 11:30:00,32.82,32.91,32.725,32.8,1220792
870,2022-08-25 11:25:00,32.653,32.869,32.597,32.795,1730575
871,2022-08-25 11:20:00,32.854,32.898,32.612,32.638,2423759
872,2022-08-25 11:15:00,32.903,32.938,32.685,32.835,1893918
873,2022-08-25 11:10:00,33.034,33.095,32.843,32.881,1410514
874,2022-08-25 11:05:00,33.083,33.105,32.95,33.002,1071047
875,2022-08-25 11:00:00,33.203,33.232,33.029,33.061,1558658
876,2022-08-25 10:55:00,33.262,33.301,33.147,33.178,1573225
877,2022-08-25 10:50:00,33.468,33.488,33.23,33.247,1448257
878,2022-08-25 10:45:00,33.453,33.498,33.343,33.443,1167944
879,2022-08-25 10:40:00,33.429,33.527,33.363,33.431,1402007
880,2022-08-25 10:35:00,33.345,33.449,33.284,33.404,1265430
881,2022-08-25 10:30:00,33.34,33.449,33.304,33.321,2134122
882,2022-08-25 10:25:00,33.33,33.399,33.215,33.309,1832001
883,2022-08-25 10:20:00,33.021,33.34,32.96,33.296,2028721
884,2022-08-25 10:15:00,33.046,33.193,32.98,33.002,2349677
885,2022-08-25 10:10:00,33.046,33.085,32.911,33.011,1292361
886,2022-08-25 10:05:00,33.046,33.114,32.931,33.021,1775339
887,2022-08-25 10:00:00,32.967,33.131,32.921,33.011,3349745
888,2022-08-25 09:55:00,32.682,33.006,32.63,32.938,3439839
889,2022-08-25 09:50:00,32.412,32.731,32.322,32.658,2432260
890,2022-08-25 09:45:00,32.451,32.623,32.362,32.393,2543571
891,2022-08-25 09:40:00,32.555,32.657,32.401,32.432,2032049
892,2022-08-25 09:35:00,32.451,32.633,32.352,32.526,2853685
893,2022-08-25 09:30:00,32.702,32.758,32.411,32.432,5377720
894,2022-08-25 09:25:00,32.771,32.8,32.646,32.688,810887
895,2022-08-25 09:20:00,32.751,32.8,32.685,32.737,129491
896,2022-08-25 09:15:00,32.751,32.79,32.695,32.717,87911
897,2022-08-25 09:10:00,32.642,32.751,32.205,32.717,128541
898,2022-08-25 09:05:00,32.692,32.702,32.578,32.619,68403
899,2022-08-25 09:00:00,32.702,32.751,32.636,32.678,139530
900,2022-08-25 08:55:00,32.633,32.712,32.578,32.678,91627
901,2022-08-25 08:50:00,32.564,32.672,32.499,32.619,157453
902,2022-08-25 08:45:00,32.594,32.653,32.519,32.55,117284
903,2022-08-25 08:40:00,32.682,32.702,32.509,32.57,148357
904,2022-08-25 08:35:00,32.731,32.77,32.607,32.648,157149
905,2022-08-25 08:30:00,32.8,32.849,32.558,32.717,306604
906,2022-08-25 08:25:00,32.751,32.82,32.676,32.775,73023
907,2022-08-25 08:20:00,32.771,32.78,32.666,32.717,78808
908,2022-08-25 08:15:00,32.839,32.849,32.735,32.756,89607
909,2022-08-25 08:10:00,32.889,32.908,32.784,32.805,67061
910,2022-08-25 08:05:00,32.889,32.908,32.813,32.864,33843
911,2022-08-25 08:00:00,32.839,33.262,32.342,32.864,576236
912,2022-08-25 07:55:00,32.82,32.869,32.764,32.815,67649
913,2022-08-25 07:50:00,32.8,32.829,32.754,32.776,30051
914,2022-08-25 07:45:00,32.78,32.82,32.725,32.786,23684
915,2022-08-25 07:40:00,32.849,32.879,32.735,32.756,66375
916,2022-08-25 07:35:00,32.849,32.888,32.793,32.845,62622
917,2022-08-25 07:30:00,32.938,32.947,32.803,32.825,136202
918,2022-08-25 07:25:00,32.938,33.006,32.892,32.933,30767
919,2022-08-25 07:20:00,32.928,32.957,32.852,32.913,23846
920,2022-08-25 07:15:00,32.957,32.987,32.852,32.913,47794
921,2022-08-25 07:10:00,32.839,32.967,32.803,32.933,124236
922,2022-08-25 07:05:00,32.81,32.859,32.764,32.815,40961
923,2022-08-25 07:00:00,32.81,32.859,32.715,32.805,85626
924,2022-08-25 06:55:00,32.82,32.888,32.784,32.796,8289
925,2022-08-25 06:50:00,32.849,32.869,32.774,32.805,13900
926,2022-08-25 06:45:00,32.839,32.869,32.744,32.776,50193
927,2022-08-25 06:40:00,32.771,32.849,32.735,32.815,42125
928,2022-08-25 06:35:00,32.83,32.839,32.705,32.746,25232
929,2022-08-25 06:30:00,32.8,32.849,32.735,32.815,49621
930,2022-08-25 06:25:00,32.78,32.82,32.735,32.776,14565
931,2022-08-25 06:20:00,32.702,32.79,32.656,32.756,56494
932,2022-08-25 06:15:00,32.712,32.721,32.627,32.648,10586
933,2022-08-25 06:10:00,32.663,32.721,32.607,32.678,9478
934,2022-08-25 06:05:00,32.643,32.702,32.587,32.648,24939
935,2022-08-25 06:00:00,32.663,32.731,32.607,32.619,12890
936,2022-08-25 05:55:00,32.702,32.741,32.617,32.648,67069
937,2022-08-25 05:50:00,32.604,32.712,32.568,32.658,30155
938,2022-08-25 05:45:00,32.672,32.692,32.558,32.58,62220
939,2022-08-25 05:40:00,32.702,32.721,32.597,32.658,26110
940,2022-08-25 05:35:00,32.741,32.751,32.617,32.678,41326
941,2022-08-25 05:30:00,32.761,32.78,32.627,32.717,50307
942,2022-08-25 05:25:00,32.859,32.879,32.725,32.737,36521
943,2022-08-25 05:20:00,32.879,32.908,32.813,32.835,20225
944,2022-08-25 05:15:00,33.006,33.026,32.842,32.854,56022
945,2022-08-25 05:10:00,33.036,33.046,32.97,32.992,31764
946,2022-08-25 05:05:00,33.046,33.095,32.999,33.021,15584
947,2022-08-25 05:00:00,33.095,33.124,32.99,33.011,74636
948,2022-08-25 04:55:00,33.065,33.095,33.019,33.061,23334
949,2022-08-25 04:50:00,33.095,33.105,33.039,33.051,17272
950,2022-08-25 04:45:00,33.154,33.164,33.068,33.08,14286
951,2022-08-25 04:40:00,33.124,33.164,33.088,33.119,16164
952,2022-08-25 04:35:00,33.105,33.134,33.058,33.1,17725
953,2022-08-25 04:30:00,33.036,33.114,32.999,33.08,26782
954,2022-08-25 04:25:00,33.065,33.085,32.99,33.011,29633
955,2022-08-25 04:20:00,33.056,33.105,32.999,33.041,30239
956,2022-08-25 04:15:00,33.065,33.085,32.98,33.031,42023
957,2022-08-25 04:10:00,33.114,33.154,33.029,33.041,69115
958,2022-08-25 04:05:00,33.154,33.213,33.078,33.1,81579
959,2022-08-25 04:00:00,32.928,33.262,32.892,33.139,237992
960,2022-08-24 19:55:00,32.122,32.142,32.077,32.108,47796
961,2022-08-24 19:50:00,32.112,32.132,32.077,32.099,28317
962,2022-08-24 19:45:00,32.171,32.181,32.067,32.079,31284
963,2022-08-24 19:40:00,32.162,32.181,32.126,32.148,3268
964,2022-08-24 19:35:00,32.171,32.191,32.126,32.148,9767
965,2022-08-24 19:30:00,32.201,32.21,32.136,32.167,15703
966,2022-08-24 19:25:00,32.201,32.22,32.165,32.177,3870
967,2022-08-24 19:20:00,32.181,32.22,32.136,32.187,5267
968,2022-08-24 19:15:00,32.181,32.21,32.136,32.157,6555
969,2022-08-24 19:10:00,32.191,32.21,32.156,32.177,3589
970,2022-08-24 19:05:00,32.221,32.24,32.146,32.157,7685
971,2022-08-24 19:00:00,32.191,32.25,32.146,32.197,48420
972,2022-08-24 18:55:00,32.181,32.201,32.136,32.167,4535
973,2022-08-24 18:50:00,32.201,32.21,32.136,32.167,4333
974,2022-08-24 18:45:00,32.191,32.22,32.156,32.177,6506
975,2022-08-24 18:40:00,32.221,32.23,32.165,32.177,5122
976,2022-08-24 18:35:00,32.201,32.22,32.146,32.177,3346
977,2022-08-24 18:30:00,32.24,32.25,32.156,32.177,47752
978,2022-08-24 18:25:00,32.191,32.25,32.156,32.197,14125
979,2022-08-24 18:20:00,32.23,32.25,32.165,32.197,6357
980,2022-08-24 18:15:00,32.26,32.279,32.205,32.216,6053
981,2022-08-24 18:10:00,32.289,32.299,32.224,32.246,20860
982,2022-08-24 18:05:00,32.23,32.299,32.195,32.265,17359
983,2022-08-24 18:00:00,32.201,32.26,32.165,32.216,56327
984,2022-08-24 17:55:00,32.181,32.22,32.146,32.167,17731
985,2022-08-24 17:50:00,32.171,32.23,32.136,32.197,14286
986,2022-08-24 17:45:00,32.181,32.191,32.136,32.148,13305
987,2022-08-24 17:40:00,32.201,32.21,32.146,32.157,5252
988,2022-08-24 17:35:00,32.201,32.23,32.146,32.177,7435
989,2022-08-24 17:30:00,32.23,32.24,32.146,32.157,7056
990,2022-08-24 17:25:00,32.191,32.24,32.136,32.177,10742
991,2022-08-24 17:20:00,32.181,32.22,32.146,32.167,4845
992,2022-08-24 17:15:00,32.191,32.21,32.146,32.177,19932
993,2022-08-24 17:10:00,32.211,32.23,32.156,32.167,11771
994,2022-08-24 17:05:00,32.27,32.279,32.156,32.167,18513
995,2022-08-24 17:00:00,32.289,32.309,32.234,32.246,12039
996,2022-08-24 16:55:00,32.299,32.318,32.244,32.275,15781
997,2022-08-24 16:50:00,32.289,32.318,32.244,32.275,44323
998,2022-08-24 16:45:00,32.26,32.299,32.214,32.265,32301
999,2022-08-24 16:40:00,32.201,32.279,32.165,32.236,39164
1000,2022-08-24 16:35:00,32.201,32.22,32.146,32.177,27609
1001,2022-08-24 16:30:00,32.25,32.299,32.165,32.177,52509
1002,2022-08-24 16:25:00,32.299,32.309,32.214,32.236,57894
1003,2022-08-24 16:20:00,32.289,32.368,32.048,32.265,108622
1004,2022-08-24 16:15:00,32.26,32.299,32.214,32.265,35986
1005,2022-08-24 16:10:00,32.26,32.289,32.205,32.226,48707
1006,2022-08-24 16:05:00,32.201,32.279,32.146,32.246,120408
1007,2022-08-24 16:00:00,32.142,32.21,32.067,32.157,410206
1008,2022-08-24 15:55:00,32.245,32.269,32.043,32.118,1740257
1009,2022-08-24 15:50:00,32.329,32.358,32.2,32.226,1147411
1010,2022-08-24 15:45:00,32.388,32.402,32.264,32.302,710899
1011,2022-08-24 15:40:00,32.397,32.427,32.303,32.373,646672
1012,2022-08-24 15:35:00,32.329,32.427,32.288,32.381,915841
1013,2022-08-24 15:30:00,32.279,32.339,32.234,32.305,495501
1014,2022-08-24 15:25:00,32.324,32.344,32.205,32.256,746098
1015,2022-08-24 15:20:00,32.368,32.377,32.273,32.295,481947
1016,2022-08-24 15:15:00,32.338,32.387,32.244,32.349,920803
1017,2022-08-24 15:10:00,32.27,32.358,32.205,32.314,759116
1018,2022-08-24 15:05:00,32.201,32.309,32.161,32.251,1155308
1019,2022-08-24 15:00:00,32.186,32.21,32.097,32.172,503782
1020,2022-08-24 14:55:00,32.153,32.23,32.082,32.167,495123
1021,2022-08-24 14:50:00,32.063,32.171,32.012,32.133,467360
1022,2022-08-24 14:45:00,32.093,32.112,31.959,32.05,722785
1023,2022-08-24 14:40:00,32.132,32.171,32.043,32.069,500957
1024,2022-08-24 14:35:00,32.083,32.142,32.008,32.106,572927
1025,2022-08-24 14:30:00,32.211,32.225,32.018,32.059,717724
1026,2022-08-24 14:25:00,32.235,32.26,32.146,32.183,415541
1027,2022-08-24 14:20:00,32.196,32.25,32.092,32.21,611613
1028,2022-08-24 14:15:00,32.201,32.23,32.116,32.177,581913
1029,2022-08-24 14:10:00,32.26,32.299,32.156,32.177,829680
1030,2022-08-24 14:05:00,32.181,32.289,32.087,32.238,858689
1031,2022-08-24 14:00:00,32.176,32.23,32.087,32.157,697684
1032,2022-08-24 13:55:00,32.108,32.191,32.057,32.149,398286
1033,2022-08-24 13:50:00,32.127,32.196,32.067,32.084,597826
1034,2022-08-24 13:45:00,32.106,32.171,32.043,32.101,652641
1035,2022-08-24 13:40:00,32.063,32.122,31.989,32.079,550122
1036,2022-08-24 13:35:00,32.019,32.088,31.953,32.042,609599
1037,2022-08-24 13:30:00,31.99,32.073,31.93,31.993,819594
1038,2022-08-24 13:25:00,32.098,32.132,31.94,31.961,1176199
1039,2022-08-24 13:20:00,32.191,32.23,32.057,32.079,1025575
1040,2022-08-24 13:15:00,32.211,32.289,32.146,32.162,483175
1041,2022-08-24 13:10:00,32.348,32.368,32.165,32.198,860231
1042,2022-08-24 13:05:00,32.181,32.358,32.126,32.319,1137169
1043,2022-08-24 13:00:00,32.23,32.269,32.128,32.153,803200
1044,2022-08-24 12:55:00,32.181,32.246,32.119,32.202,848966
1045,2022-08-24 12:50:00,32.221,32.249,32.092,32.158,769205
1046,2022-08-24 12:45:00,32.24,32.328,32.175,32.202,842246
1047,2022-08-24 12:40:00,32.397,32.452,32.136,32.226,1689795
1048,2022-08-24 12:35:00,32.515,32.53,32.313,32.38,1009959
1049,2022-08-24 12:30:00,32.5,32.541,32.401,32.491,898399
1050,2022-08-24 12:25:00,32.535,32.603,32.45,32.481,855849
1051,2022-08-24 12:20:00,32.604,32.623,32.489,32.511,1226216
1052,2022-08-24 12:15:00,32.653,32.721,32.558,32.58,837409
1053,2022-08-24 12:10:00,32.653,32.712,32.587,32.626,706297
1054,2022-08-24 12:05:00,32.666,32.712,32.568,32.634,857558
1055,2022-08-24 12:00:00,32.564,32.692,32.504,32.648,1141844
1056,2022-08-24 11:55:00,32.643,32.672,32.519,32.54,1022961
1057,2022-08-24 11:50:00,32.584,32.662,32.528,32.619,1442319
1058,2022-08-24 11:45:00,32.538,32.613,32.499,32.55,1263858
1059,2022-08-24 11:40:00,32.446,32.554,32.411,32.518,900965
1060,2022-08-24 11:35:00,32.451,32.495,32.362,32.431,617355
1061,2022-08-24 11:30:00,32.545,32.603,32.381,32.427,1214721
1062,2022-08-24 11:25:00,32.486,32.594,32.45,32.511,1494759
1063,2022-08-24 11:20:00,32.437,32.515,32.381,32.462,1347915
1064,2022-08-24 11:15:00,32.402,32.564,32.352,32.413,2216653
1065,2022-08-24 11:10:00,32.196,32.417,32.116,32.383,1283973
1066,2022-08-24 11:05:00,32.122,32.255,32.038,32.172,979306
1067,2022-08-24 11:00:00,32.132,32.23,32.048,32.115,861506
1068,2022-08-24 10:55:00,32.063,32.22,31.966,32.108,1147813
1069,2022-08-24 10:50:00,32.063,32.142,31.969,32.04,990582
1070,2022-08-24 10:45:00,32.014,32.083,31.92,32.05,787887
1071,2022-08-24 10:40:00,32.063,32.092,31.915,31.986,1112481
1072,2022-08-24 10:35:00,32.211,32.309,31.999,32.04,1655778
1073,2022-08-24 10:30:00,32.152,32.24,32.038,32.177,964719
1074,2022-08-24 10:25:00,32.142,32.269,32.087,32.123,1422803
1075,2022-08-24 10:20:00,32.199,32.245,32.048,32.113,1915254
1076,2022-08-24 10:15:00,31.975,32.201,31.861,32.167,1721239
1077,2022-08-24 10:10:00,31.847,32.053,31.812,31.942,1413031
1078,2022-08-24 10:05:00,31.788,31.984,31.694,31.834,2721058
1079,2022-08-24 10:00:00,31.926,32.112,31.714,31.765,2685070
1080,2022-08-24 09:55:00,31.778,31.965,31.694,31.892,1621874
1081,2022-08-24 09:50:00,31.739,32.004,31.675,31.765,1874375
1082,2022-08-24 09:45:00,31.874,31.925,31.626,31.721,1873789
1083,2022-08-24 09:40:00,31.906,31.935,31.743,31.843,1873870
1084,2022-08-24 09:35:00,31.572,31.916,31.503,31.883,2221697
1085,2022-08-24 09:30:00,31.729,31.955,31.547,31.559,3005469
1086,2022-08-24 09:25:00,31.798,31.816,31.636,31.706,153800
1087,2022-08-24 09:20:00,31.828,31.857,31.763,31.794,88560
1088,2022-08-24 09:15:00,31.837,31.857,31.768,31.804,38170
1089,2022-08-24 09:10:00,31.896,31.916,31.773,31.814,83059
1090,2022-08-24 09:05:00,31.857,31.925,31.812,31.863,38472
1091,2022-08-24 09:00:00,31.945,31.955,31.812,31.825,73381
1092,2022-08-24 08:55:00,31.926,31.984,31.871,31.922,106407
1093,2022-08-24 08:50:00,31.867,31.945,31.802,31.902,78915
1094,2022-08-24 08:45:00,31.926,31.935,31.802,31.853,178357
1095,2022-08-24 08:40:00,31.945,31.965,31.802,31.892,110915
1096,2022-08-24 08:35:00,32.014,32.024,31.92,31.932,94625
1097,2022-08-24 08:30:00,32.024,32.073,31.959,32.01,57025
1098,2022-08-24 08:25:00,32.054,32.102,31.999,32.02,25591
1099,2022-08-24 08:20:00,32.083,32.092,31.969,32.025,93702
1100,2022-08-24 08:15:00,32.122,32.171,32.038,32.059,53605
1101,2022-08-24 08:10:00,32.112,32.132,32.038,32.099,45137
1102,2022-08-24 08:05:00,32.151,32.171,32.048,32.079,78243
1103,2022-08-24 08:00:00,31.729,32.181,31.449,32.128,310519
1104,2022-08-24 07:55:00,32.112,32.132,32.008,32.04,53203
1105,2022-08-24 07:50:00,32.093,32.122,32.018,32.089,57408
1106,2022-08-24 07:45:00,31.975,32.112,31.93,32.069,53221
1107,2022-08-24 07:40:00,31.945,31.994,31.881,31.961,37113
1108,2022-08-24 07:35:00,31.896,31.975,31.851,31.922,33139
1109,2022-08-24 07:30:00,31.906,31.984,31.851,31.863,59959
1110,2022-08-24 07:25:00,31.847,31.906,31.783,31.853,28666
1111,2022-08-24 07:20:00,31.847,31.886,31.793,31.834,17843
1112,2022-08-24 07:15:00,31.867,31.876,31.793,31.834,7618
1113,2022-08-24 07:10:00,31.828,31.886,31.793,31.834,92465
1114,2022-08-24 07:05:00,31.788,31.837,31.724,31.804,58023
1115,2022-08-24 07:00:00,31.71,31.788,31.665,31.755,29905
1116,2022-08-24 06:55:00,31.729,31.739,31.665,31.677,13201
1117,2022-08-24 06:50:00,31.729,31.758,31.685,31.716,14962
1118,2022-08-24 06:45:00,31.818,31.827,31.714,31.726,1273
1119,2022-08-24 06:40:00,31.788,31.808,31.685,31.775,11123
1120,2022-08-24 06:35:00,31.847,31.866,31.763,31.775,5109
1121,2022-08-24 06:30:00,31.837,31.847,31.763,31.814,3956
1122,2022-08-24 06:25:00,31.857,31.866,31.734,31.794,5289
1123,2022-08-24 06:20:00,31.828,31.876,31.773,31.834,8326
1124,2022-08-24 06:15:00,31.837,31.847,31.773,31.814,1500
1125,2022-08-24 06:10:00,31.847,31.866,31.783,31.814,2578
1126,2022-08-24 06:05:00,31.788,31.866,31.753,31.814,2327
1127,2022-08-24 06:00:00,31.788,31.817,31.743,31.775,3188
1128,2022-08-24 05:55:00,31.798,31.837,31.753,31.775,1944
1129,2022-08-24 05:50:00,31.818,31.857,31.743,31.765,3893
1130,2022-08-24 05:45:00,31.857,31.866,31.783,31.804,2665
1131,2022-08-24 05:40:00,31.828,31.896,31.793,31.824,6092
1132,2022-08-24 05:35:00,31.828,31.847,31.763,31.775,7803
1133,2022-08-24 05:30:00,31.887,31.896,31.753,31.794,22793
1134,2022-08-24 05:25:00,31.926,31.935,31.861,31.873,6155
1135,2022-08-24 05:20:00,31.926,31.945,31.881,31.902,5153
1136,2022-08-24 05:15:00,31.955,31.965,31.871,31.883,4089
1137,2022-08-24 05:10:00,31.995,32.024,31.93,31.942,7484
1138,2022-08-24 05:05:00,31.965,32.004,31.871,31.971,8110
1139,2022-08-24 05:00:00,31.965,32.014,31.93,31.951,10590
1140,2022-08-24 04:55:00,31.916,31.965,31.881,31.912,4560
1141,2022-08-24 04:50:00,31.955,31.965,31.871,31.892,7543
1142,2022-08-24 04:45:00,31.857,31.975,31.822,31.942,13601
1143,2022-08-24 04:40:00,31.936,31.955,31.832,31.853,20169
1144,2022-08-24 04:35:00,31.965,32.014,31.891,31.902,10023
1145,2022-08-24 04:30:00,31.808,32.034,31.773,31.942,23222
1146,2022-08-24 04:25:00,31.818,31.857,31.773,31.784,15678
1147,2022-08-24 04:20:00,31.798,31.837,31.734,31.775,19300
1148,2022-08-24 04:15:00,31.808,31.817,31.685,31.765,27678
1149,2022-08-24 04:10:00,31.71,31.817,31.655,31.784,12359
1150,2022-08-24 04:05:00,31.68,31.749,31.636,31.686,20122
1151,2022-08-24 04:00:00,31.592,31.709,31.508,31.657,66939
1152,2022-08-23 19:55:00,31.818,31.847,31.773,31.814,21792
1153,2022-08-23 19:50:00,31.867,31.886,31.783,31.794,31216
1154,2022-08-23 19:45:00,31.877,31.896,31.822,31.834,19373
1155,2022-08-23 19:40:00,31.887,31.906,31.832,31.853,8174
1156,2022-08-23 19:35:00,31.877,31.916,31.832,31.883,7650
1157,2022-08-23 19:30:00,31.906,31.925,31.832,31.843,13200
1158,2022-08-23 19:25:00,31.945,31.955,31.891,31.902,38214
1159,2022-08-23 19:20:00,31.916,31.955,31.881,31.922,43341
1160,2022-08-23 19:15:00,31.906,31.935,31.871,31.892,17810
1161,2022-08-23 19:10:00,31.926,31.935,31.871,31.883,11878
1162,2022-08-23 19:05:00,31.887,31.935,31.851,31.892,37370
1163,2022-08-23 19:00:00,31.877,31.906,31.842,31.873,21474
1164,2022-08-23 18:55:00,31.877,31.886,31.832,31.843,3976
1165,2022-08-23 18:50:00,31.877,31.896,31.832,31.844,42447
1166,2022-08-23 18:45:00,31.867,31.906,31.832,31.873,8204
1167,2022-08-23 18:40:00,31.867,31.886,31.832,31.853,13700
1168,2022-08-23 18:35:00,31.837,31.876,31.802,31.834,9018
1169,2022-08-23 18:30:00,31.877,31.886,31.812,31.824,34484
1170,2022-08-23 18:25:00,31.857,31.886,31.822,31.843,30099
1171,2022-08-23 18:20:00,31.867,31.886,31.822,31.843,57319
1172,2022-08-23 18:15:00,31.877,31.886,31.812,31.843,11883
1173,2022-08-23 18:10:00,31.887,31.916,31.822,31.843,18468
1174,2022-08-23 18:05:00,31.828,31.896,31.793,31.853,46872
1175,2022-08-23 18:00:00,31.808,31.847,31.753,31.814,14492
1176,2022-08-23 17:55:00,31.798,31.827,31.753,31.784,13899
1177,2022-08-23 17:50:00,31.788,31.808,31.753,31.775,9088
1178,2022-08-23 17:45:00,31.788,31.808,31.753,31.765,8184
1179,2022-08-23 17:40:00,31.798,31.808,31.753,31.775,1810
1180,2022-08-23 17:35:00,31.818,31.837,31.763,31.775,5684
1181,2022-08-23 17:30:00,31.798,31.817,31.763,31.784,3448
1182,2022-08-23 17:25:00,31.788,31.808,31.753,31.775,2849
1183,2022-08-23 17:20:00,31.788,31.798,31.743,31.765,2654
1184,2022-08-23 17:15:00,31.788,31.817,31.743,31.755,13302
1185,2022-08-23 17:10:00,31.798,31.808,31.753,31.775,7032
1186,2022-08-23 17:05:00,31.818,31.827,31.763,31.775,5710
1187,2022-08-23 17:00:00,31.788,31.817,31.753,31.775,10700
1188,2022-08-23 16:55:00,31.798,31.817,31.753,31.765,6730
1189,2022-08-23 16:50:00,31.798,31.817,31.753,31.775,25391
1190,2022-08-23 16:45:00,31.818,31.827,31.753,31.775,38910
1191,2022-08-23 16:40:00,31.818,31.827,31.763,31.784,18414
1192,2022-08-23 16:35:00,31.818,31.837,31.773,31.784,9393
1193,2022-08-23 16:30:00,31.847,31.857,31.783,31.804,15321
1194,2022-08-23 16:25:00,31.837,31.866,31.788,31.834,17581
1195,2022-08-23 16:20:00,31.818,31.857,31.783,31.814,10967
1196,2022-08-23 16:15:00,31.837,31.857,31.773,31.794,16137
1197,2022-08-23 16:10:00,31.828,31.866,31.773,31.824,63102
1198,2022-08-23 16:05:00,31.798,31.857,31.763,31.804,44752
1199,2022-08-23 16:00:00,31.887,31.935,31.763,31.784,252231
1200,2022-08-23 15:55:00,31.887,31.965,31.793,31.853,1972092
1201,2022-08-23 15:50:00,31.906,31.925,31.714,31.863,2577933
1202,2022-08-23 15:45:00,32.004,32.014,31.793,31.883,1897387
1203,2022-08-23 15:40:00,31.948,32.092,31.9,31.986,1215389
1204,2022-08-23 15:35:00,32.024,32.053,31.9,31.924,697830
1205,2022-08-23 15:30:00,32.083,32.142,31.954,32.01,806110
1206,2022-08-23 15:25:00,32.098,32.132,32.008,32.059,664375
1207,2022-08-23 15:20:00,32.24,32.26,32.048,32.069,694920
1208,2022-08-23 15:15:00,32.13,32.269,32.092,32.216,583830
1209,2022-08-23 15:10:00,32.216,32.258,32.087,32.108,703121
1210,2022-08-23 15:05:00,32.211,32.255,32.097,32.187,436189
1211,2022-08-23 15:00:00,32.122,32.25,32.067,32.187,740083
1212,2022-08-23 14:55:00,32.049,32.161,31.994,32.099,550907
1213,2022-08-23 14:50:00,32.103,32.122,31.989,32.025,486213
1214,2022-08-23 14:45:00,32.201,32.21,32.038,32.084,592648
1215,2022-08-23 14:40:00,32.181,32.269,32.078,32.167,621933
1216,2022-08-23 14:35:00,32.122,32.201,32.048,32.162,668319
1217,2022-08-23 14:30:00,32.233,32.269,32.07,32.099,747960
1218,2022-08-23 14:25:00,32.27,32.289,32.17,32.207,547548
1219,2022-08-23 14:20:00,32.162,32.299,32.116,32.251,897949
1220,2022-08-23 14:15:00,32.093,32.201,32.018,32.132,1013710
1221,2022-08-23 14:10:00,32.073,32.112,31.959,32.059,618189
1222,2022-08-23 14:05:00,32.019,32.122,31.962,32.05,758649
1223,2022-08-23 14:00:00,32.034,32.043,31.92,31.991,569013
1224,2022-08-23 13:55:00,31.978,32.073,31.91,32.001,674324
1225,2022-08-23 13:50:00,32.083,32.092,31.851,31.961,896157
1226,2022-08-23 13:45:00,32.095,32.151,32.008,32.069,622616
1227,2022-08-23 13:40:00,32.127,32.201,32.028,32.079,765748
1228,2022-08-23 13:35:00,32.26,32.269,32.072,32.105,701229
1229,2022-08-23 13:30:00,32.27,32.348,32.185,32.24,1041645
1230,2022-08-23 13:25:00,31.99,32.318,31.94,32.241,1172097
1231,2022-08-23 13:20:00,32.051,32.132,31.95,31.967,580000
1232,2022-08-23 13:15:00,32.103,32.21,31.999,32.02,1028078
1233,2022-08-23 13:10:00,32.054,32.122,31.9,32.085,839790
1234,2022-08-23 13:05:00,32.152,32.161,31.989,32.034,754702
1235,2022-08-23 13:00:00,32.142,32.201,32.062,32.128,1052291
1236,2022-08-23 12:55:00,32.093,32.181,32.022,32.115,1075931
1237,2022-08-23 12:50:00,32.014,32.132,31.95,32.064,578544
1238,2022-08-23 12:45:00,32.078,32.122,31.969,31.991,420267
1239,2022-08-23 12:40:00,32.083,32.122,31.982,32.05,654624
1240,2022-08-23 12:35:00,31.929,32.132,31.881,32.064,1228328
1241,2022-08-23 12:30:00,31.764,31.95,31.729,31.912,852627
1242,2022-08-23 12:25:00,31.778,31.925,31.724,31.745,695090
1243,2022-08-23 12:20:00,31.798,31.866,31.714,31.75,906478
1244,2022-08-23 12:15:00,31.97,32.004,31.734,31.775,849255
1245,2022-08-23 12:10:00,32.054,32.063,31.9,31.942,458062
1246,2022-08-23 12:05:00,31.921,32.063,31.822,32.023,662065
1247,2022-08-23 12:00:00,32.034,32.073,31.832,31.902,720986
1248,2022-08-23 11:55:00,32.073,32.088,31.92,32.001,736014
1249,2022-08-23 11:50:00,32.112,32.201,31.972,32.059,877754
1250,2022-08-23 11:45:00,32.029,32.171,31.994,32.088,692122
1251,2022-08-23 11:40:00,32.171,32.191,31.91,32.005,818925
1252,2022-08-23 11:35:00,32.024,32.22,31.989,32.143,1198348
1253,2022-08-23 11:30:00,31.965,32.132,31.93,32.0,870942
1254,2022-08-23 11:25:00,32.132,32.161,31.915,31.942,1173702
1255,2022-08-23 11:20:00,32.122,32.21,32.028,32.104,1196758
1256,2022-08-23 11:15:00,32.024,32.184,31.959,32.104,1503956
1257,2022-08-23 11:10:00,31.906,32.063,31.842,31.989,1657552
1258,2022-08-23 11:05:00,31.856,31.955,31.724,31.877,1491868
1259,2022-08-23 11:00:00,31.877,31.945,31.665,31.834,1821000
1260,2022-08-23 10:55:00,32.004,32.031,31.812,31.853,2045830
1261,2022-08-23 10:50:00,32.284,32.397,31.94,31.981,2274055
1262,2022-08-23 10:45:00,32.26,32.368,32.116,32.256,1185534
1263,2022-08-23 10:40:00,32.162,32.319,32.067,32.236,1396662
1264,2022-08-23 10:35:00,32.486,32.515,32.116,32.138,1480502
1265,2022-08-23 10:30:00,32.279,32.54,32.166,32.452,2212298
1266,2022-08-23 10:25:00,32.466,32.515,32.234,32.254,2249221
1267,2022-08-23 10:20:00,32.594,32.702,32.435,32.447,1708187
1268,2022-08-23 10:15:00,32.692,32.77,32.499,32.58,2383932
1269,2022-08-23 10:10:00,32.584,32.761,32.499,32.658,3045775
1270,2022-08-23 10:05:00,32.142,32.594,32.102,32.56,3106867
1271,2022-08-23 10:00:00,32.23,32.397,32.023,32.118,3134719
1272,2022-08-23 09:55:00,32.386,32.436,32.136,32.207,1895803
1273,2022-08-23 09:50:00,32.171,32.515,32.126,32.354,3805463
1274,2022-08-23 09:45:00,31.636,32.24,31.601,32.143,4014271
1275,2022-08-23 09:40:00,31.955,32.053,31.596,31.618,2824718
1276,2022-08-23 09:35:00,32.132,32.26,31.91,31.932,3150139
1277,2022-08-23 09:30:00,31.858,32.208,31.793,32.099,3511278
1278,2022-08-23 09:25:00,31.876,31.906,31.773,31.814,190097
1279,2022-08-23 09:20:00,31.788,31.896,31.743,31.834,90824
1280,2022-08-23 09:15:00,31.788,31.808,31.734,31.755,117546
1281,2022-08-23 09:10:00,31.788,31.798,31.694,31.765,114446
1282,2022-08-23 09:05:00,31.749,31.837,31.694,31.765,132615
1283,2022-08-23 09:00:00,31.887,31.906,31.694,31.716,152024
1284,2022-08-23 08:55:00,31.955,31.975,31.851,31.864,47414
1285,2022-08-23 08:50:00,31.906,31.984,31.851,31.922,60383
1286,2022-08-23 08:45:00,31.945,32.004,31.871,31.892,145782
1287,2022-08-23 08:40:00,31.877,32.004,31.842,31.932,67321
1288,2022-08-23 08:35:00,32.044,32.053,31.842,31.863,164718
1289,2022-08-23 08:30:00,32.122,32.151,31.95,32.02,121502
1290,2022-08-23 08:25:00,32.063,32.122,32.008,32.089,42340
1291,2022-08-23 08:20:00,32.142,32.151,31.999,32.03,55971
1292,2022-08-23 08:15:00,32.162,32.181,32.067,32.108,45778
1293,2022-08-23 08:10:00,32.191,32.201,32.107,32.128,74466
1294,2022-08-23 08:05:00,32.221,32.25,32.146,32.177,47968
1295,2022-08-23 08:00:00,32.073,32.357,31.331,32.197,168313
1296,2022-08-23 07:55:00,32.181,32.22,32.097,32.187,45290
1297,2022-08-23 07:50:00,32.112,32.25,32.057,32.187,58512
1298,2022-08-23 07:45:00,32.083,32.151,31.989,32.099,58128
1299,2022-08-23 07:40:00,32.083,32.092,32.018,32.059,51188
1300,2022-08-23 07:35:00,32.044,32.092,31.999,32.059,17160
1301,2022-08-23 07:30:00,32.014,32.102,31.979,32.01,33603
1302,2022-08-23 07:25:00,32.073,32.092,31.959,31.991,19732
1303,2022-08-23 07:20:00,32.054,32.102,32.008,32.04,28900
1304,2022-08-23 07:15:00,32.024,32.073,31.979,32.02,33127
1305,2022-08-23 07:10:00,32.004,32.043,31.93,32.01,78841
1306,2022-08-23 07:05:00,32.044,32.053,31.94,31.981,60467
1307,2022-08-23 07:00:00,32.044,32.122,31.989,32.02,42454
1308,2022-08-23 06:55:00,32.112,32.132,32.018,32.03,5086
1309,2022-08-23 06:50:00,32.112,32.132,32.038,32.089,7789
1310,2022-08-23 06:45:00,32.191,32.21,32.087,32.099,12239
1311,2022-08-23 06:40:00,32.024,32.21,31.989,32.157,41318
1312,2022-08-23 06:35:00,31.965,32.014,31.92,31.951,21715
1313,2022-08-23 06:30:00,31.955,32.034,31.91,31.942,23183
1314,2022-08-23 06:25:00,32.004,32.024,31.9,31.912,24918
1315,2022-08-23 06:20:00,32.054,32.063,31.94,31.961,62004
1316,2022-08-23 06:15:00,32.142,32.161,32.028,32.04,12402
1317,2022-08-23 06:10:00,32.142,32.161,32.067,32.108,23243
1318,2022-08-23 06:05:00,32.221,32.23,32.097,32.128,15043
1319,2022-08-23 06:00:00,32.26,32.269,32.195,32.207,7624
1320,2022-08-23 05:55:00,32.24,32.289,32.195,32.256,12496
1321,2022-08-23 05:50:00,32.211,32.26,32.156,32.197,14559
1322,2022-08-23 05:45:00,32.073,32.22,32.038,32.177,13637
1323,2022-08-23 05:40:00,32.044,32.083,31.999,32.04,10729
1324,2022-08-23 05:35:00,32.083,32.102,31.999,32.01,7859
1325,2022-08-23 05:30:00,32.083,32.112,32.048,32.069,13600
1326,2022-08-23 05:25:00,32.103,32.112,32.038,32.059,27890
1327,2022-08-23 05:20:00,32.132,32.151,32.067,32.099,28439
1328,2022-08-23 05:15:00,32.171,32.21,32.077,32.099,24352
1329,2022-08-23 05:10:00,32.221,32.23,32.126,32.138,24005
1330,2022-08-23 05:05:00,32.152,32.25,32.107,32.207,15293
1331,2022-08-23 05:00:00,32.171,32.201,32.097,32.138,24567
1332,2022-08-23 04:55:00,32.24,32.25,32.136,32.157,63712
1333,2022-08-23 04:50:00,32.24,32.269,32.205,32.226,23759
1334,2022-08-23 04:45:00,32.289,32.318,32.185,32.226,20969
1335,2022-08-23 04:40:00,32.309,32.328,32.234,32.246,12194
1336,2022-08-23 04:35:00,32.279,32.309,32.224,32.265,7660
1337,2022-08-23 04:30:00,32.23,32.289,32.175,32.256,17959
1338,2022-08-23 04:25:00,32.309,32.318,32.195,32.216,26960
1339,2022-08-23 04:20:00,32.348,32.368,32.244,32.285,43638
1340,2022-08-23 04:15:00,32.319,32.368,32.273,32.324,26930
1341,2022-08-23 04:10:00,32.26,32.368,32.224,32.285,82291
1342,2022-08-23 04:05:00,32.211,32.309,32.156,32.236,105325
1343,2022-08-23 04:00:00,32.25,32.26,32.057,32.187,109733
1344,2022-08-22 19:55:00,32.26,32.299,32.224,32.256,64808
1345,2022-08-22 19:50:00,32.23,32.25,32.185,32.216,53664
1346,2022-08-22 19:45:00,32.211,32.24,32.165,32.207,45121
1347,2022-08-22 19:40:00,32.201,32.23,32.156,32.177,9912
1348,2022-08-22 19:35:00,32.201,32.25,32.165,32.187,34236
1349,2022-08-22 19:30:00,32.181,32.22,32.126,32.177,43687
1350,2022-08-22 19:25:00,32.211,32.22,32.136,32.148,14472
1351,2022-08-22 19:20:00,32.221,32.23,32.165,32.187,14982
1352,2022-08-22 19:15:00,32.201,32.23,32.165,32.197,14005
1353,2022-08-22 19:10:00,32.181,32.22,32.146,32.177,16317
1354,2022-08-22 19:05:00,32.181,32.191,32.126,32.157,28925
1355,2022-08-22 19:00:00,32.152,32.191,32.116,32.157,21201
1356,2022-08-22 18:55:00,32.162,32.181,32.126,32.138,10585
1357,2022-08-22 18:50:00,32.201,32.21,32.126,32.138,48486
1358,2022-08-22 18:45:00,32.181,32.21,32.126,32.167,30605
1359,2022-08-22 18:40:00,32.181,32.191,32.136,32.157,19829
1360,2022-08-22 18:35:00,32.132,32.191,32.097,32.157,32166
1361,2022-08-22 18:30:00,32.103,32.151,32.067,32.118,9333
1362,2022-08-22 18:25:00,32.093,32.132,32.057,32.069,20133
1363,2022-08-22 18:20:00,32.083,32.112,32.038,32.069,10006
1364,2022-08-22 18:15:00,32.112,32.132,32.048,32.059,10340
1365,2022-08-22 18:10:00,32.132,32.142,32.067,32.099,6181
1366,2022-08-22 18:05:00,32.063,32.122,32.028,32.089,31430
1367,2022-08-22 18:00:00,32.103,32.132,32.008,32.04,41245
1368,2022-08-22 17:55:00,32.093,32.112,32.048,32.079,32917
1369,2022-08-22 17:50:00,32.122,32.132,32.057,32.089,17211
1370,2022-08-22 17:45:00,32.152,32.161,32.077,32.089,5028
1371,2022-08-22 17:40:00,32.152,32.161,32.077,32.089,10878
1372,2022-08-22 17:35:00,32.162,32.181,32.116,32.138,9564
1373,2022-08-22 17:30:00,32.162,32.181,32.116,32.138,19089
1374,2022-08-22 17:25:00,32.142,32.181,32.107,32.138,34776
1375,2022-08-22 17:20:00,32.142,32.161,32.097,32.109,14467
1376,2022-08-22 17:15:00,32.132,32.151,32.097,32.118,5246
1377,2022-08-22 17:10:00,32.122,32.151,32.087,32.118,9545
1378,2022-08-22 17:05:00,32.132,32.151,32.087,32.118,24730
1379,2022-08-22 17:00:00,32.132,32.142,32.077,32.108,14713
1380,2022-08-22 16:55:00,32.122,32.142,32.087,32.099,46526
1381,2022-08-22 16:50:00,32.122,32.142,32.077,32.099,28393
1382,2022-08-22 16:45:00,32.122,32.132,32.067,32.089,24135
1383,2022-08-22 16:40:00,32.122,32.15,32.087,32.099,21288
1384,2022-08-22 16:35:00,32.122,32.161,32.087,32.108,30496
1385,2022-08-22 16:30:00,32.103,32.151,32.067,32.099,82462
1386,2022-08-22 16:25:00,32.093,32.122,32.057,32.089,39169
1387,2022-08-22 16:20:00,32.044,32.112,32.008,32.079,50417
1388,2022-08-22 16:15:00,32.063,32.083,31.989,32.03,93465
1389,2022-08-22 16:10:00,32.054,32.083,31.999,32.04,72701
1390,2022-08-22 16:05:00,32.024,32.073,31.989,32.03,137965
1391,2022-08-22 16:00:00,31.985,32.034,31.91,32.0,435011
1392,2022-08-22 15:55:00,31.882,32.019,31.817,31.971,2414181
1393,2022-08-22 15:50:00,31.818,32.014,31.743,31.853,2312403
1394,2022-08-22 15:45:00,31.7,31.837,31.655,31.804,1366960
1395,2022-08-22 15:40:00,31.955,31.975,31.655,31.677,1492850
1396,2022-08-22 15:35:00,31.826,31.994,31.783,31.94,1335825
1397,2022-08-22 15:30:00,31.926,31.965,31.766,31.795,1726948
1398,2022-08-22 15:25:00,32.014,32.073,31.871,31.902,1119744
1399,2022-08-22 15:20:00,31.958,32.034,31.9,31.991,737016
1400,2022-08-22 15:15:00,32.054,32.112,31.92,31.937,892904
1401,2022-08-22 15:10:00,31.995,32.088,31.955,32.02,1335262
1402,2022-08-22 15:05:00,31.955,32.024,31.881,31.971,760444
1403,2022-08-22 15:00:00,31.906,32.034,31.861,31.932,1187548
1404,2022-08-22 14:55:00,31.837,31.925,31.753,31.883,932243
1405,2022-08-22 14:50:00,31.833,31.916,31.773,31.804,849396
1406,2022-08-22 14:45:00,31.847,31.896,31.773,31.813,1049092
1407,2022-08-22 14:40:00,31.945,31.955,31.802,31.824,1284764
1408,2022-08-22 14:35:00,31.973,32.024,31.9,31.922,700713
1409,2022-08-22 14:30:00,32.049,32.083,31.93,31.951,912061
1410,2022-08-22 14:25:00,32.093,32.151,31.999,32.02,675397
1411,2022-08-22 14:20:00,32.129,32.181,32.057,32.069,1047792
1412,2022-08-22 14:15:00,32.109,32.158,32.018,32.108,925594
1413,2022-08-22 14:10:00,32.034,32.132,31.979,32.089,728927
1414,2022-08-22 14:05:00,32.0,32.112,31.959,32.008,825022
1415,2022-08-22 14:00:00,32.073,32.112,31.959,31.981,989582
1416,2022-08-22 13:55:00,32.122,32.142,32.008,32.04,876436
1417,2022-08-22 13:50:00,32.119,32.161,32.048,32.106,619669
1418,2022-08-22 13:45:00,32.146,32.191,32.077,32.089,536280
1419,2022-08-22 13:40:00,32.103,32.181,32.057,32.123,728030
1420,2022-08-22 13:35:00,32.078,32.161,32.038,32.079,1069630
1421,2022-08-22 13:30:00,32.211,32.235,32.038,32.054,1349866
1422,2022-08-22 13:25:00,32.265,32.309,32.166,32.197,1161712
1423,2022-08-22 13:20:00,32.329,32.387,32.214,32.246,1206317
1424,2022-08-22 13:15:00,32.329,32.382,32.237,32.305,650038
1425,2022-08-22 13:10:00,32.338,32.373,32.217,32.31,688210
1426,2022-08-22 13:05:00,32.34,32.382,32.264,32.324,918497
1427,2022-08-22 13:00:00,32.486,32.515,32.293,32.315,726651
1428,2022-08-22 12:55:00,32.478,32.51,32.371,32.462,445327
1429,2022-08-22 12:50:00,32.468,32.51,32.401,32.452,390434
1430,2022-08-22 12:45:00,32.42,32.525,32.313,32.447,1255014
1431,2022-08-22 12:40:00,32.589,32.603,32.381,32.393,968117
1432,2022-08-22 12:35:00,32.456,32.623,32.42,32.565,621062
1433,2022-08-22 12:30:00,32.496,32.544,32.401,32.432,561184
1434,2022-08-22 12:25:00,32.618,32.653,32.43,32.472,702289
1435,2022-08-22 12:20:00,32.515,32.662,32.47,32.599,774232
1436,2022-08-22 12:15:00,32.446,32.564,32.401,32.499,652358
1437,2022-08-22 12:10:00,32.466,32.523,32.381,32.423,815731
1438,2022-08-22 12:05:00,32.584,32.628,32.411,32.437,989376
1439,2022-08-22 12:00:00,32.594,32.682,32.509,32.557,951132
1440,2022-08-22 11:55:00,32.582,32.672,32.509,32.57,1113737
1441,2022-08-22 11:50:00,32.466,32.603,32.43,32.557,1035005
1442,2022-08-22 11:45:00,32.442,32.532,32.352,32.438,774185
1443,2022-08-22 11:40:00,32.422,32.554,32.376,32.418,1112603
1444,2022-08-22 11:35:00,32.437,32.521,32.342,32.403,957958
1445,2022-08-22 11:30:00,32.319,32.456,32.214,32.422,910664
1446,2022-08-22 11:25:00,32.404,32.436,32.264,32.295,762074
1447,2022-08-22 11:20:00,32.417,32.505,32.352,32.378,994959
1448,2022-08-22 11:15:00,32.348,32.466,32.293,32.398,858301
1449,2022-08-22 11:10:00,32.348,32.397,32.195,32.334,1426933
1450,2022-08-22 11:05:00,32.407,32.456,32.303,32.334,793938
1451,2022-08-22 11:00:00,32.284,32.456,32.234,32.383,1919651
1452,2022-08-22 10:55:00,32.451,32.505,32.244,32.265,1941287
1453,2022-08-22 10:50:00,32.622,32.633,32.371,32.429,1601446
1454,2022-08-22 10:45:00,32.564,32.712,32.519,32.599,1236930
1455,2022-08-22 10:40:00,32.557,32.731,32.479,32.533,2140347
1456,2022-08-22 10:35:00,32.408,32.603,32.371,32.54,1567920
1457,2022-08-22 10:30:00,32.505,32.613,32.322,32.387,1612871
1458,2022-08-22 10:25:00,32.417,32.613,32.342,32.483,1937181
1459,2022-08-22 10:20:00,32.577,32.603,32.362,32.403,2008932
1460,2022-08-22 10:15:00,32.643,32.731,32.482,32.555,1892037
1461,2022-08-22 10:10:00,32.79,32.839,32.558,32.624,1773837
1462,2022-08-22 10:05:00,32.879,32.918,32.627,32.766,1650649
1463,2022-08-22 10:00:00,32.883,32.908,32.685,32.84,1762093
1464,2022-08-22 09:55:00,32.957,33.055,32.843,32.855,1499917
1465,2022-08-22 09:50:00,32.79,32.996,32.685,32.938,2512157
1466,2022-08-22 09:45:00,33.173,33.199,32.743,32.771,2141723
1467,2022-08-22 09:40:00,32.913,33.252,32.842,33.14,2861588
1468,2022-08-22 09:35:00,32.943,33.016,32.784,32.894,3522611
1469,2022-08-22 09:30:00,33.281,33.38,32.901,32.918,6130342
1470,2022-08-22 09:25:00,33.252,33.321,33.137,33.257,506521
1471,2022-08-22 09:20:00,33.281,33.321,33.186,33.246,158994
1472,2022-08-22 09:15:00,33.232,33.301,33.196,33.257,63811
1473,2022-08-22 09:10:00,33.242,33.281,33.156,33.218,100826
1474,2022-08-22 09:05:00,33.213,33.252,33.147,33.208,90751
1475,2022-08-22 09:00:00,33.154,33.222,33.107,33.178,51064
1476,2022-08-22 08:55:00,33.203,33.232,33.117,33.139,36085
1477,2022-08-22 08:50:00,33.173,33.242,33.117,33.178,41791
1478,2022-08-22 08:45:00,33.203,33.223,33.088,33.149,68038
1479,2022-08-22 08:40:00,33.173,33.213,33.117,33.169,33264
1480,2022-08-22 08:35:00,33.183,33.232,33.117,33.159,59863
1481,2022-08-22 08:30:00,33.154,33.252,33.107,33.169,93287
1482,2022-08-22 08:25:00,33.172,33.182,33.078,33.129,46457
1483,2022-08-22 08:20:00,33.154,33.193,33.098,33.149,42324
1484,2022-08-22 08:15:00,33.085,33.173,33.049,33.138,42407
1485,2022-08-22 08:10:00,33.105,33.124,33.039,33.061,88544
1486,2022-08-22 08:05:00,33.144,33.164,33.068,33.09,105132
1487,2022-08-22 08:00:00,33.311,34.244,33.058,33.11,379014
1488,2022-08-22 07:55:00,33.154,33.242,33.107,33.188,70003
1489,2022-08-22 07:50:00,33.134,33.183,33.078,33.139,38721
1490,2022-08-22 07:45:00,33.154,33.193,33.088,33.11,49634
1491,2022-08-22 07:40:00,33.154,33.173,33.058,33.129,57956
1492,2022-08-22 07:35:00,33.114,33.164,33.058,33.129,51160
1493,2022-08-22 07:30:00,33.183,33.193,33.058,33.1,68464
1494,2022-08-22 07:25:00,33.262,33.272,33.117,33.159,39531
1495,2022-08-22 07:20:00,33.242,33.331,33.196,33.237,78678
1496,2022-08-22 07:15:00,33.262,33.301,33.186,33.218,66409
1497,2022-08-22 07:10:00,33.223,33.281,33.166,33.227,44839
1498,2022-08-22 07:05:00,33.281,33.291,33.176,33.188,36261
1499,2022-08-22 07:00:00,33.252,33.36,33.196,33.257,96533
1500,2022-08-22 06:55:00,33.301,33.311,33.206,33.218,17773
1501,2022-08-22 06:50:00,33.262,33.311,33.225,33.267,22563
1502,2022-08-22 06:45:00,33.193,33.272,33.127,33.237,23647
1503,2022-08-22 06:40:00,33.281,33.291,33.117,33.169,50480
1504,2022-08-22 06:35:00,33.242,33.311,33.206,33.267,10220
1505,2022-08-22 06:30:00,33.272,33.321,33.196,33.227,36442
1506,2022-08-22 06:25:00,33.311,33.321,33.225,33.257,17652
1507,2022-08-22 06:20:00,33.34,33.36,33.274,33.296,20972
1508,2022-08-22 06:15:00,33.34,33.39,33.294,33.335,16514
1509,2022-08-22 06:10:00,33.301,33.39,33.264,33.306,37386
1510,2022-08-22 06:05:00,33.232,33.34,33.196,33.296,38879
1511,2022-08-22 06:00:00,33.193,33.262,33.147,33.218,30181
1512,2022-08-22 05:55:00,33.223,33.232,33.156,33.178,50420
1513,2022-08-22 05:50:00,33.183,33.242,33.127,33.188,22753
1514,2022-08-22 05:45:00,33.085,33.193,33.049,33.159,21797
1515,2022-08-22 05:40:00,33.036,33.085,32.999,33.051,28544
1516,2022-08-22 05:35:00,33.046,33.124,32.999,33.031,41567
1517,2022-08-22 05:30:00,33.173,33.183,33.009,33.031,44235
1518,2022-08-22 05:25:00,33.203,33.213,33.117,33.149,8027
1519,2022-08-22 05:20:00,33.252,33.262,33.137,33.169,10265
1520,2022-08-22 05:15:00,33.164,33.262,33.117,33.227,83844
1521,2022-08-22 05:10:00,33.173,33.252,33.107,33.139,20761
1522,2022-08-22 05:05:00,33.124,33.193,33.068,33.159,15249
1523,2022-08-22 05:00:00,33.213,33.222,33.068,33.09,68735
1524,2022-08-22 04:55:00,33.173,33.252,33.117,33.178,52067
1525,2022-08-22 04:50:00,33.173,33.203,33.117,33.129,27496
1526,2022-08-22 04:45:00,33.164,33.203,33.078,33.139,40977
1527,2022-08-22 04:40:00,33.183,33.203,33.058,33.129,37431
1528,2022-08-22 04:35:00,33.173,33.232,33.107,33.159,72139
1529,2022-08-22 04:30:00,33.291,33.331,33.147,33.159,35879
1530,2022-08-22 04:25:00,33.262,33.331,33.166,33.267,80678
1531,2022-08-22 04:20:00,33.281,33.331,33.235,33.257,44785
1532,2022-08-22 04:15:00,33.223,33.301,33.166,33.257,85060
1533,2022-08-22 04:10:00,33.35,33.37,33.176,33.208,114882
1534,2022-08-22 04:05:00,33.291,33.399,33.245,33.345,128113
1535,2022-08-22 04:00:00,33.576,33.891,33.245,33.277,197639
1536,2022-08-19 19:55:00,34.283,34.313,34.226,34.278,26739
1537,2022-08-19 19:50:00,34.323,34.343,34.246,34.258,20200
1538,2022-08-19 19:45:00,34.352,34.362,34.275,34.297,7230
1539,2022-08-19 19:40:00,34.352,34.372,34.295,34.317,12263
1540,2022-08-19 19:35:00,34.352,34.372,34.255,34.307,14096
1541,2022-08-19 19:30:00,34.333,34.353,34.285,34.307,11126
1542,2022-08-19 19:25:00,34.352,34.362,34.295,34.307,10205
1543,2022-08-19 19:20:00,34.342,34.353,34.305,34.317,3649
1544,2022-08-19 19:15:00,34.372,34.382,34.295,34.317,7819
1545,2022-08-19 19:10:00,34.382,34.411,34.334,34.346,11297
1546,2022-08-19 19:05:00,34.391,34.402,34.344,34.356,10849
1547,2022-08-19 19:00:00,34.391,34.402,34.344,34.366,4573
1548,2022-08-19 18:55:00,34.391,34.402,34.344,34.356,19257
1549,2022-08-19 18:50:00,34.401,34.421,34.344,34.356,47365
1550,2022-08-19 18:45:00,34.391,34.421,34.354,34.376,10516
1551,2022-08-19 18:40:00,34.401,34.421,34.354,34.376,8061
1552,2022-08-19 18:35:00,34.411,34.421,34.363,34.376,19354
1553,2022-08-19 18:30:00,34.45,34.461,34.363,34.376,18384
1554,2022-08-19 18:25:00,34.48,34.5,34.403,34.425,18378
1555,2022-08-19 18:20:00,34.48,34.49,34.412,34.454,16182
1556,2022-08-19 18:15:00,34.47,34.49,34.422,34.454,7144
1557,2022-08-19 18:10:00,34.46,34.48,34.412,34.435,13624
1558,2022-08-19 18:05:00,34.47,34.48,34.403,34.435,12976
1559,2022-08-19 18:00:00,34.48,34.5,34.422,34.435,9462
1560,2022-08-19 17:55:00,34.49,34.51,34.432,34.474,10083
1561,2022-08-19 17:50:00,34.519,34.529,34.452,34.474,5468
1562,2022-08-19 17:45:00,34.529,34.539,34.462,34.474,2562
1563,2022-08-19 17:40:00,34.519,34.539,34.462,34.504,14872
1564,2022-08-19 17:35:00,34.568,34.579,34.462,34.494,8744
1565,2022-08-19 17:30:00,34.598,34.608,34.53,34.543,3909
1566,2022-08-19 17:25:00,34.588,34.608,34.54,34.562,13761
1567,2022-08-19 17:20:00,34.588,34.608,34.54,34.553,13513
1568,2022-08-19 17:15:00,34.608,34.628,34.55,34.562,5336
1569,2022-08-19 17:10:00,34.608,34.628,34.56,34.582,4125
1570,2022-08-19 17:05:00,34.608,34.628,34.551,34.572,8355
1571,2022-08-19 17:00:00,34.637,34.657,34.579,34.592,7670
1572,2022-08-19 16:55:00,34.617,34.657,34.569,34.602,25098
1573,2022-08-19 16:50:00,34.627,34.647,34.56,34.592,43928
1574,2022-08-19 16:45:00,34.657,34.687,34.589,34.612,40513
1575,2022-08-19 16:40:00,34.647,34.667,34.599,34.631,196136
1576,2022-08-19 16:35:00,34.627,34.657,34.589,34.621,65143
1577,2022-08-19 16:30:00,34.647,34.677,34.589,34.602,28401
1578,2022-08-19 16:25:00,34.647,34.667,34.589,34.621,109798
1579,2022-08-19 16:20:00,34.676,34.696,34.609,34.621,88349
1580,2022-08-19 16:15:00,34.696,34.706,34.628,34.651,41599
1581,2022-08-19 16:10:00,34.706,34.726,34.639,34.652,81438
1582,2022-08-19 16:05:00,34.696,34.726,34.638,34.68,129345
1583,2022-08-19 16:00:00,34.725,34.746,34.628,34.67,541556
1584,2022-08-19 15:55:00,34.755,34.814,34.673,34.695,1962725
1585,2022-08-19 15:50:00,34.755,34.927,34.668,34.719,1859139
1586,2022-08-19 15:45:00,34.794,34.824,34.628,34.729,1155532
1587,2022-08-19 15:40:00,34.775,34.831,34.648,34.764,863088
1588,2022-08-19 15:35:00,34.826,34.883,34.72,34.749,1022411
1589,2022-08-19 15:30:00,34.794,34.932,34.697,34.802,1598883
1590,2022-08-19 15:25:00,34.74,34.824,34.677,34.762,775183
1591,2022-08-19 15:20:00,34.715,34.795,34.638,34.715,708816
1592,2022-08-19 15:15:00,34.716,34.795,34.609,34.685,1446650
1593,2022-08-19 15:10:00,34.48,34.736,34.442,34.68,1535099
1594,2022-08-19 15:05:00,34.529,34.559,34.408,34.459,1221513
1595,2022-08-19 15:00:00,34.627,34.667,34.471,34.503,841172
1596,2022-08-19 14:55:00,34.657,34.716,34.52,34.602,806373
1597,2022-08-19 14:50:00,34.775,34.814,34.599,34.635,752707
1598,2022-08-19 14:45:00,34.745,34.814,34.663,34.749,720288
1599,2022-08-19 14:40:00,34.685,34.785,34.592,34.719,672809
1600,2022-08-19 14:35:00,34.77,34.795,34.622,34.656,675851
1601,2022-08-19 14:30:00,34.706,34.814,34.599,34.749,855164
1602,2022-08-19 14:25:00,34.676,34.736,34.584,34.675,504378
1603,2022-08-19 14:20:00,34.617,34.696,34.56,34.651,639069
1604,2022-08-19 14:15:00,34.662,34.687,34.573,34.594,579498
1605,2022-08-19 14:10:00,34.804,34.834,34.619,34.634,880387
1606,2022-08-19 14:05:00,34.814,34.844,34.707,34.779,588213
1607,2022-08-19 14:00:00,34.825,34.863,34.736,34.784,689221
1608,2022-08-19 13:55:00,34.814,34.883,34.736,34.801,864382
1609,2022-08-19 13:50:00,34.714,34.829,34.648,34.788,1014858
1610,2022-08-19 13:45:00,34.627,34.726,34.579,34.689,691207
1611,2022-08-19 13:40:00,34.563,34.672,34.52,34.607,894577
1612,2022-08-19 13:35:00,34.603,34.613,34.485,34.533,601962
1613,2022-08-19 13:30:00,34.716,34.736,34.425,34.576,2150364
1614,2022-08-19 13:25:00,34.784,34.814,34.677,34.701,792945
1615,2022-08-19 13:20:00,34.86,34.893,34.746,34.764,653927
1616,2022-08-19 13:15:00,34.875,34.962,34.815,34.827,631849
1617,2022-08-19 13:10:00,34.971,35.011,34.815,34.851,1100732
1618,2022-08-19 13:05:00,35.089,35.116,34.893,34.95,1124155
1619,2022-08-19 13:00:00,35.007,35.125,34.933,35.063,784387
1620,2022-08-19 12:55:00,34.996,35.139,34.955,34.979,1435889
1621,2022-08-19 12:50:00,34.922,35.011,34.883,34.965,659362
1622,2022-08-19 12:45:00,35.019,35.099,34.874,34.896,1676486
1623,2022-08-19 12:40:00,34.981,35.05,34.869,34.993,990933
1624,2022-08-19 12:35:00,34.848,35.011,34.79,34.96,1500343
1625,2022-08-19 12:30:00,34.794,34.863,34.707,34.818,627267
1626,2022-08-19 12:25:00,34.863,34.883,34.717,34.767,533384
1627,2022-08-19 12:20:00,34.881,34.937,34.795,34.847,570573
1628,2022-08-19 12:15:00,34.834,34.957,34.795,34.852,948608
1629,2022-08-19 12:10:00,34.686,34.883,34.638,34.804,858282
1630,2022-08-19 12:05:00,34.755,34.795,34.628,34.661,792196
1631,2022-08-19 12:00:00,34.775,34.8,34.658,34.727,852389
1632,2022-08-19 11:55:00,34.824,34.852,34.726,34.749,836898
1633,2022-08-19 11:50:00,34.938,35.021,34.785,34.803,1874747
1634,2022-08-19 11:45:00,34.824,35.04,34.766,34.916,1924453
1635,2022-08-19 11:40:00,34.774,34.893,34.707,34.793,1114697
1636,2022-08-19 11:35:00,34.691,34.834,34.641,34.749,1218845
1637,2022-08-19 11:30:00,34.755,34.795,34.599,34.661,1064995
1638,2022-08-19 11:25:00,34.75,34.795,34.609,34.724,1019458
1639,2022-08-19 11:20:00,34.73,34.775,34.628,34.721,1028225
1640,2022-08-19 11:15:00,34.696,34.755,34.611,34.71,964526
1641,2022-08-19 11:10:00,34.662,34.736,34.565,34.67,1485209
1642,2022-08-19 11:05:00,34.755,34.859,34.609,34.641,1913076
1643,2022-08-19 11:00:00,34.752,34.849,34.687,34.724,1380990
1644,2022-08-19 10:55:00,34.873,34.932,34.697,34.729,1641006
1645,2022-08-19 10:50:00,35.05,35.06,34.766,34.857,1967939
1646,2022-08-19 10:45:00,35.045,35.129,34.952,35.034,1183668
1647,2022-08-19 10:40:00,34.971,35.099,34.815,35.021,1889655
1648,2022-08-19 10:35:00,34.94,35.011,34.864,34.953,1260015
1649,2022-08-19 10:30:00,35.005,35.129,34.893,34.914,1150343
1650,2022-08-19 10:25:00,35.001,35.04,34.844,34.975,1375020
1651,2022-08-19 10:20:00,35.039,35.175,34.893,34.975,1642328
1652,2022-08-19 10:15:00,34.961,35.099,34.883,35.014,1492349
1653,2022-08-19 10:10:00,34.983,35.109,34.903,34.936,1665338
1654,2022-08-19 10:05:00,35.148,35.266,34.942,34.955,2250606
1655,2022-08-19 10:00:00,35.109,35.237,34.962,35.122,2353907
1656,2022-08-19 09:55:00,35.099,35.227,35.011,35.088,2107642
1657,2022-08-19 09:50:00,35.264,35.276,35.05,35.078,2124845
1658,2022-08-19 09:45:00,35.393,35.443,35.197,35.23,2901930
1659,2022-08-19 09:40:00,35.678,35.728,35.325,35.367,2751698
1660,2022-08-19 09:35:00,35.807,35.944,35.536,35.652,3228938
1661,2022-08-19 09:30:00,35.836,36.062,35.698,35.78,5668158
1662,2022-08-19 09:25:00,35.865,35.944,35.767,35.809,164794
1663,2022-08-19 09:20:00,35.757,35.866,35.688,35.829,144973
1664,2022-08-19 09:15:00,35.727,35.767,35.678,35.731,82528
1665,2022-08-19 09:10:00,35.678,35.738,35.58,35.701,70689
1666,2022-08-19 09:05:00,35.61,35.689,35.551,35.652,66000
1667,2022-08-19 09:00:00,35.688,35.777,35.57,35.583,86639
1668,2022-08-19 08:55:00,35.767,35.777,35.629,35.681,44792
1669,2022-08-19 08:50:00,35.678,35.797,35.629,35.74,440170
1670,2022-08-19 08:45:00,35.688,35.738,35.629,35.642,42215
1671,2022-08-19 08:40:00,35.678,35.748,35.639,35.652,59357
1672,2022-08-19 08:35:00,35.61,35.689,35.57,35.652,58455
1673,2022-08-19 08:30:00,35.649,35.659,35.551,35.593,82900
1674,2022-08-19 08:25:00,35.61,35.65,35.511,35.613,80620
1675,2022-08-19 08:20:00,35.737,35.748,35.541,35.583,68156
1676,2022-08-19 08:15:00,35.678,35.738,35.629,35.691,99029
1677,2022-08-19 08:10:00,35.757,35.767,35.6,35.662,66724
1678,2022-08-19 08:05:00,35.806,35.817,35.698,35.731,70738
1679,2022-08-19 08:00:00,35.688,36.642,35.493,35.77,302874
1680,2022-08-19 07:55:00,35.678,35.777,35.61,35.74,57575
1681,2022-08-19 07:50:00,35.708,35.728,35.639,35.662,11561
1682,2022-08-19 07:45:00,35.708,35.728,35.639,35.681,32813
1683,2022-08-19 07:40:00,35.639,35.699,35.561,35.662,46655
1684,2022-08-19 07:35:00,35.619,35.64,35.541,35.603,29554
1685,2022-08-19 07:30:00,35.698,35.758,35.58,35.613,28943
1686,2022-08-19 07:25:00,35.737,35.748,35.649,35.681,16251
1687,2022-08-19 07:20:00,35.649,35.758,35.61,35.721,49726
1688,2022-08-19 07:15:00,35.698,35.718,35.61,35.623,27779
1689,2022-08-19 07:10:00,35.66,35.699,35.61,35.662,28547
1690,2022-08-19 07:05:00,35.639,35.689,35.511,35.652,75140
1691,2022-08-19 07:00:00,35.619,35.718,35.58,35.632,113278
1692,2022-08-19 06:55:00,35.57,35.64,35.502,35.593,13850
1693,2022-08-19 06:50:00,35.541,35.6,35.472,35.544,25287
1694,2022-08-19 06:45:00,35.541,35.6,35.482,35.515,19910
1695,2022-08-19 06:40:00,35.688,35.738,35.502,35.534,48873
1696,2022-08-19 06:35:00,35.796,35.817,35.639,35.662,25392
1697,2022-08-19 06:30:00,35.875,35.885,35.737,35.77,6123
1698,2022-08-19 06:25:00,35.855,35.876,35.776,35.839,9152
1699,2022-08-19 06:20:00,35.865,35.905,35.806,35.819,17087
1700,2022-08-19 06:15:00,35.747,35.866,35.708,35.829,11398
1701,2022-08-19 06:10:00,35.747,35.817,35.698,35.711,6400
1702,2022-08-19 06:05:00,35.777,35.787,35.668,35.701,23962
1703,2022-08-19 06:00:00,35.786,35.817,35.708,35.74,29116
1704,2022-08-19 05:55:00,35.836,35.876,35.747,35.77,13796
1705,2022-08-19 05:50:00,35.894,35.905,35.786,35.819,15192
1706,2022-08-19 05:45:00,35.953,35.984,35.855,35.878,12949
1707,2022-08-19 05:40:00,35.953,36.013,35.914,35.927,21589
1708,2022-08-19 05:35:00,35.885,35.964,35.845,35.917,29489
1709,2022-08-19 05:30:00,35.875,35.895,35.806,35.848,15863
1710,2022-08-19 05:25:00,35.845,35.895,35.806,35.839,14346
1711,2022-08-19 05:20:00,35.865,35.895,35.776,35.819,10637
1712,2022-08-19 05:15:00,35.855,35.915,35.806,35.848,22784
1713,2022-08-19 05:10:00,35.796,35.876,35.737,35.839,13390
1714,2022-08-19 05:05:00,35.806,35.826,35.747,35.789,11949
1715,2022-08-19 05:00:00,35.816,35.826,35.718,35.78,14264
1716,2022-08-19 04:55:00,35.747,35.826,35.698,35.789,8193
1717,2022-08-19 04:50:00,35.747,35.767,35.668,35.721,17474
1718,2022-08-19 04:45:00,35.727,35.807,35.678,35.711,12631
1719,2022-08-19 04:40:00,35.698,35.758,35.649,35.691,24406
1720,2022-08-19 04:35:00,35.619,35.709,35.57,35.662,57447
1721,2022-08-19 04:30:00,35.816,35.826,35.551,35.593,109356
1722,2022-08-19 04:25:00,35.816,35.836,35.727,35.789,39146
1723,2022-08-19 04:20:00,35.963,35.984,35.737,35.78,71284
1724,2022-08-19 04:15:00,36.003,36.043,35.865,35.946,56215
1725,2022-08-19 04:10:00,36.052,36.062,35.973,35.986,34495
1726,2022-08-19 04:05:00,36.17,36.18,36.022,36.035,54130
1727,2022-08-19 04:00:00,36.327,36.337,36.13,36.153,62340
1728,2022-08-18 19:55:00,36.847,36.888,36.787,36.85,40785
1729,2022-08-18 19:50:00,36.828,36.868,36.787,36.83,9170
1730,2022-08-18 19:45:00,36.808,36.829,36.758,36.791,11080
1731,2022-08-18 19:40:00,36.828,36.839,36.758,36.791,2049
1732,2022-08-18 19:35:00,36.837,36.858,36.787,36.8,5708
1733,2022-08-18 19:30:00,36.847,36.858,36.787,36.8,800
1734,2022-08-18 19:25:00,36.837,36.858,36.787,36.82,2858
1735,2022-08-18 19:20:00,36.837,36.858,36.777,36.791,10731
1736,2022-08-18 19:15:00,36.837,36.868,36.797,36.81,3689
1737,2022-08-18 19:10:00,36.847,36.868,36.797,36.83,6817
1738,2022-08-18 19:05:00,36.837,36.858,36.797,36.81,3450
1739,2022-08-18 19:00:00,36.847,36.868,36.797,36.81,7731
1740,2022-08-18 18:55:00,36.857,36.888,36.807,36.83,10854
1741,2022-08-18 18:50:00,36.857,36.888,36.817,36.85,1738
1742,2022-08-18 18:45:00,36.887,36.907,36.807,36.82,5303
1743,2022-08-18 18:40:00,36.877,36.898,36.826,36.859,2342
1744,2022-08-18 18:35:00,36.867,36.888,36.826,36.84,739
1745,2022-08-18 18:30:00,36.867,36.898,36.817,36.859,6024
1746,2022-08-18 18:25:00,36.887,36.937,36.826,36.859,5211
1747,2022-08-18 18:20:00,36.877,36.898,36.826,36.859,5133
1748,2022-08-18 18:15:00,36.867,36.898,36.817,36.83,13561
1749,2022-08-18 18:10:00,36.867,36.888,36.817,36.84,6850
1750,2022-08-18 18:05:00,36.837,36.907,36.797,36.84,7875
1751,2022-08-18 18:00:00,36.887,36.927,36.787,36.84,28680
1752,2022-08-18 17:55:00,36.887,36.907,36.836,36.859,5607
1753,2022-08-18 17:50:00,36.867,36.898,36.817,36.84,14089
1754,2022-08-18 17:45:00,36.837,36.888,36.787,36.84,11822
1755,2022-08-18 17:40:00,36.837,36.848,36.787,36.8,14397
1756,2022-08-18 17:35:00,36.847,36.888,36.787,36.8,19237
1757,2022-08-18 17:30:00,36.877,36.898,36.807,36.82,14250
1758,2022-08-18 17:25:00,36.887,36.917,36.846,36.859,14432
1759,2022-08-18 17:20:00,36.906,36.927,36.846,36.859,4235
1760,2022-08-18 17:15:00,36.916,36.947,36.846,36.859,19226
1761,2022-08-18 17:10:00,36.946,36.956,36.875,36.899,5978
1762,2022-08-18 17:05:00,36.955,36.966,36.895,36.908,6628
1763,2022-08-18 17:00:00,36.965,36.986,36.915,36.928,6169
1764,2022-08-18 16:55:00,36.985,37.025,36.915,36.938,74456
1765,2022-08-18 16:50:00,36.965,36.996,36.925,36.958,6162
1766,2022-08-18 16:45:00,36.975,36.996,36.925,36.938,17951
1767,2022-08-18 16:40:00,36.965,36.986,36.925,36.948,6202
1768,2022-08-18 16:35:00,36.975,36.996,36.926,36.948,15346
1769,2022-08-18 16:30:00,36.936,36.996,36.895,36.958,18594
1770,2022-08-18 16:25:00,36.936,36.966,36.886,36.908,40272
1771,2022-08-18 16:20:00,36.916,36.956,36.875,36.918,18711
1772,2022-08-18 16:15:00,36.857,36.937,36.817,36.889,29634
1773,2022-08-18 16:10:00,36.877,36.927,36.817,36.83,41698
1774,2022-08-18 16:05:00,36.926,36.937,36.846,36.859,32713
1775,2022-08-18 16:00:00,36.887,36.966,36.807,36.899,349725
1776,2022-08-18 15:55:00,36.818,36.907,36.709,36.859,1744554
1777,2022-08-18 15:50:00,37.044,37.055,36.753,36.786,1673185
1778,2022-08-18 15:45:00,37.093,37.143,36.974,37.016,850536
1779,2022-08-18 15:40:00,37.132,37.182,37.003,37.075,849292
1780,2022-08-18 15:35:00,37.23,37.251,37.091,37.105,500464
1781,2022-08-18 15:30:00,37.181,37.261,37.047,37.203,867503
1782,2022-08-18 15:25:00,37.221,37.241,37.091,37.149,565505
1783,2022-08-18 15:20:00,37.211,37.241,37.047,37.192,1218012
1784,2022-08-18 15:15:00,37.122,37.251,37.013,37.188,1369963
1785,2022-08-18 15:10:00,37.05,37.153,36.964,37.105,778751
1786,2022-08-18 15:05:00,37.044,37.124,36.983,37.016,717146
1787,2022-08-18 15:00:00,36.995,37.084,36.905,37.016,713163
1788,2022-08-18 14:55:00,37.036,37.065,36.944,36.962,684964
1789,2022-08-18 14:50:00,36.82,37.055,36.758,37.012,750578
1790,2022-08-18 14:45:00,36.926,36.937,36.768,36.791,447941
1791,2022-08-18 14:40:00,36.803,36.937,36.748,36.899,789513
1792,2022-08-18 14:35:00,36.847,36.858,36.738,36.774,465647
1793,2022-08-18 14:30:00,36.965,36.976,36.77,36.82,735801
1794,2022-08-18 14:25:00,37.013,37.024,36.875,36.938,749628
1795,2022-08-18 14:20:00,37.063,37.074,36.915,36.987,511981
1796,2022-08-18 14:15:00,37.001,37.114,36.944,37.026,708661
1797,2022-08-18 14:10:00,37.044,37.104,36.895,36.967,859128
1798,2022-08-18 14:05:00,36.931,37.063,36.861,37.007,600640
1799,2022-08-18 14:00:00,36.985,37.006,36.846,36.908,566502
1800,2022-08-18 13:55:00,37.047,37.058,36.895,36.967,687293
1801,2022-08-18 13:50:00,37.005,37.104,36.954,37.026,604627
1802,2022-08-18 13:45:00,37.108,37.119,36.954,36.987,773492
1803,2022-08-18 13:40:00,37.142,37.173,37.057,37.082,448678
1804,2022-08-18 13:35:00,37.033,37.153,36.978,37.113,741811
1805,2022-08-18 13:30:00,37.034,37.094,36.915,37.007,544474
1806,2022-08-18 13:25:00,36.965,37.094,36.882,37.006,845801
1807,2022-08-18 13:20:00,36.965,37.055,36.875,36.928,857449
1808,2022-08-18 13:15:00,36.818,36.986,36.758,36.938,638952
1809,2022-08-18 13:10:00,36.955,37.032,36.763,36.788,1764103
1810,2022-08-18 13:05:00,36.699,36.976,36.65,36.923,1249499
1811,2022-08-18 13:00:00,36.764,36.823,36.63,36.668,823307
1812,2022-08-18 12:55:00,36.759,36.809,36.66,36.742,707240
1813,2022-08-18 12:50:00,36.72,36.78,36.65,36.732,421754
1814,2022-08-18 12:45:00,36.558,36.77,36.493,36.693,962846
1815,2022-08-18 12:40:00,36.774,36.799,36.503,36.531,792089
1816,2022-08-18 12:35:00,36.837,36.858,36.66,36.751,647827
1817,2022-08-18 12:30:00,36.798,36.868,36.699,36.805,665786
1818,2022-08-18 12:25:00,36.739,36.839,36.669,36.771,968113
1819,2022-08-18 12:20:00,37.059,37.074,36.679,36.712,1432834
1820,2022-08-18 12:15:00,37.049,37.123,36.964,37.031,622642
1821,2022-08-18 12:10:00,37.103,37.163,36.978,37.016,599403
1822,2022-08-18 12:05:00,37.201,37.232,37.042,37.075,700450
1823,2022-08-18 12:00:00,37.122,37.237,36.993,37.173,1336459
1824,2022-08-18 11:55:00,37.162,37.3,37.072,37.088,1222182
1825,2022-08-18 11:50:00,37.171,37.251,37.062,37.134,943023
1826,2022-08-18 11:45:00,37.124,37.237,37.042,37.144,850719
1827,2022-08-18 11:40:00,37.152,37.241,37.003,37.095,1057385
1828,2022-08-18 11:35:00,37.169,37.232,37.062,37.124,1207335
1829,2022-08-18 11:30:00,37.113,37.251,36.983,37.139,1640708
1830,2022-08-18 11:25:00,37.103,37.163,36.964,37.078,1544998
1831,2022-08-18 11:20:00,36.867,37.114,36.807,37.075,1286863
1832,2022-08-18 11:15:00,36.931,37.074,36.807,36.84,1814763
1833,2022-08-18 11:10:00,36.746,36.956,36.689,36.899,1425364
1834,2022-08-18 11:05:00,36.68,36.779,36.522,36.722,1108614
1835,2022-08-18 11:00:00,36.754,36.947,36.601,36.653,1480719
1836,2022-08-18 10:55:00,36.788,36.839,36.601,36.732,1294415
1837,2022-08-18 10:50:00,36.896,36.966,36.699,36.761,1458027
1838,2022-08-18 10:45:00,36.729,36.927,36.611,36.879,1551139
1839,2022-08-18 10:40:00,36.592,36.829,36.512,36.702,2283896
1840,2022-08-18 10:35:00,36.474,36.608,36.385,36.565,1174577
1841,2022-08-18 10:30:00,36.415,36.524,36.257,36.449,1259957
1842,2022-08-18 10:25:00,36.553,36.578,36.328,36.389,1129422
1843,2022-08-18 10:20:00,36.508,36.669,36.434,36.531,1575031
1844,2022-08-18 10:15:00,36.415,36.524,36.287,36.477,1194713
1845,2022-08-18 10:10:00,36.429,36.475,36.238,36.398,742777
1846,2022-08-18 10:05:00,36.273,36.475,36.159,36.408,1410798
1847,2022-08-18 10:00:00,36.268,36.308,36.002,36.251,2257590
1848,2022-08-18 09:55:00,36.376,36.485,36.159,36.251,1246322
1849,2022-08-18 09:50:00,36.327,36.544,36.257,36.354,1347822
1850,2022-08-18 09:45:00,36.641,36.701,36.287,36.3,1936084
1851,2022-08-18 09:40:00,36.504,36.652,36.346,36.614,3006389
1852,2022-08-18 09:35:00,36.214,36.573,36.11,36.477,3213063
1853,2022-08-18 09:30:00,36.602,36.662,36.12,36.187,3729090
1854,2022-08-18 09:25:00,36.759,36.77,36.493,36.585,265640
1855,2022-08-18 09:20:00,36.749,36.809,36.669,36.74,80801
1856,2022-08-18 09:15:00,36.7,36.77,36.65,36.712,65275
1857,2022-08-18 09:10:00,36.67,36.75,36.62,36.673,57392
1858,2022-08-18 09:05:00,36.72,36.73,36.591,36.653,60757
1859,2022-08-18 09:00:00,36.828,36.848,36.689,36.702,38593
1860,2022-08-18 08:55:00,36.828,36.839,36.709,36.771,52697
1861,2022-08-18 08:50:00,36.808,36.858,36.709,36.791,52459
1862,2022-08-18 08:45:00,36.808,36.839,36.728,36.791,45029
1863,2022-08-18 08:40:00,36.788,36.829,36.63,36.781,119714
1864,2022-08-18 08:35:00,36.867,36.898,36.699,36.761,79468
1865,2022-08-18 08:30:00,36.926,36.947,36.669,36.84,142889
1866,2022-08-18 08:25:00,36.936,36.976,36.866,36.879,58486
1867,2022-08-18 08:20:00,36.877,36.947,36.836,36.908,39961
1868,2022-08-18 08:15:00,36.955,36.996,36.846,36.859,113365
1869,2022-08-18 08:10:00,37.054,37.065,36.915,36.938,115641
1870,2022-08-18 08:05:00,37.014,37.143,36.974,37.016,152319
1871,2022-08-18 08:00:00,36.661,37.065,36.071,36.977,388559
1872,2022-08-18 07:55:00,36.837,36.927,36.777,36.889,36531
1873,2022-08-18 07:50:00,36.828,36.868,36.768,36.81,37810
1874,2022-08-18 07:45:00,36.828,36.868,36.777,36.81,36026
1875,2022-08-18 07:40:00,36.828,36.848,36.728,36.791,25732
1876,2022-08-18 07:35:00,36.779,36.848,36.718,36.791,52265
1877,2022-08-18 07:30:00,36.651,36.819,36.611,36.761,42025
1878,2022-08-18 07:25:00,36.739,36.75,36.62,36.634,11595
1879,2022-08-18 07:20:00,36.739,36.76,36.679,36.722,6140
1880,2022-08-18 07:15:00,36.759,36.78,36.689,36.712,20590
1881,2022-08-18 07:10:00,36.729,36.78,36.689,36.732,22280
1882,2022-08-18 07:05:00,36.68,36.76,36.64,36.722,12267
1883,2022-08-18 07:00:00,36.661,36.681,36.561,36.624,111541
1884,2022-08-18 06:55:00,36.651,36.691,36.601,36.643,29596
1885,2022-08-18 06:50:00,36.651,36.672,36.601,36.624,61268
1886,2022-08-18 06:45:00,36.72,36.73,36.601,36.624,29824
1887,2022-08-18 06:40:00,36.808,36.829,36.679,36.693,10514
1888,2022-08-18 06:35:00,36.779,36.829,36.728,36.771,9130
1889,2022-08-18 06:30:00,36.759,36.78,36.709,36.742,3869
1890,2022-08-18 06:25:00,36.759,36.799,36.699,36.712,12901
1891,2022-08-18 06:20:00,36.759,36.789,36.689,36.712,9477
1892,2022-08-18 06:15:00,36.759,36.799,36.669,36.712,13997
1893,2022-08-18 06:10:00,36.847,36.858,36.718,36.732,9884
1894,2022-08-18 06:05:00,36.877,36.907,36.797,36.81,26528
1895,2022-08-18 06:00:00,36.779,36.917,36.728,36.879,49874
1896,2022-08-18 05:55:00,36.788,36.809,36.709,36.751,20623
1897,2022-08-18 05:50:00,36.739,36.799,36.66,36.761,16483
1898,2022-08-18 05:45:00,36.72,36.78,36.65,36.722,12817
1899,2022-08-18 05:40:00,36.67,36.74,36.63,36.693,20558
1900,2022-08-18 05:35:00,36.602,36.701,36.561,36.653,14972
1901,2022-08-18 05:30:00,36.612,36.622,36.542,36.575,7409
1902,2022-08-18 05:25:00,36.602,36.632,36.542,36.565,5159
1903,2022-08-18 05:20:00,36.553,36.593,36.503,36.535,5818
1904,2022-08-18 05:15:00,36.533,36.563,36.493,36.526,1855
1905,2022-08-18 05:10:00,36.543,36.583,36.483,36.506,10307
1906,2022-08-18 05:05:00,36.464,36.613,36.424,36.535,23631
1907,2022-08-18 05:00:00,36.504,36.514,36.424,36.437,27840
1908,2022-08-18 04:55:00,36.366,36.504,36.316,36.427,13518
1909,2022-08-18 04:50:00,36.405,36.446,36.326,36.339,6308
1910,2022-08-18 04:45:00,36.376,36.426,36.306,36.388,10231
1911,2022-08-18 04:40:00,36.248,36.377,36.189,36.32,12232
1912,2022-08-18 04:35:00,36.238,36.288,36.198,36.212,23073
1913,2022-08-18 04:30:00,36.228,36.249,36.169,36.202,6001
1914,2022-08-18 04:25:00,36.209,36.239,36.149,36.202,20271
1915,2022-08-18 04:20:00,36.248,36.259,36.149,36.182,25680
1916,2022-08-18 04:15:00,36.307,36.337,36.218,36.231,7489
1917,2022-08-18 04:10:00,36.327,36.337,36.238,36.261,8918
1918,2022-08-18 04:05:00,36.297,36.367,36.218,36.31,18510
1919,2022-08-18 04:00:00,36.258,36.308,36.189,36.261,108473
1920,2022-08-17 19:55:00,36.287,36.328,36.228,36.251,71543
1921,2022-08-17 19:50:00,36.327,36.337,36.218,36.251,32960
1922,2022-08-17 19:45:00,36.317,36.367,36.267,36.31,33201
1923,2022-08-17 19:40:00,36.278,36.318,36.238,36.28,21822
1924,2022-08-17 19:35:00,36.268,36.308,36.228,36.261,52623
1925,2022-08-17 19:30:00,36.307,36.318,36.238,36.251,28919
1926,2022-08-17 19:25:00,36.317,36.347,36.257,36.28,23749
1927,2022-08-17 19:20:00,36.317,36.367,36.267,36.28,32131
1928,2022-08-17 19:15:00,36.366,36.377,36.267,36.28,42494
1929,2022-08-17 19:10:00,36.376,36.387,36.326,36.349,27887
1930,2022-08-17 19:05:00,36.395,36.406,36.326,36.359,14471
1931,2022-08-17 19:00:00,36.415,36.436,36.355,36.369,12047
1932,2022-08-17 18:55:00,36.425,36.446,36.385,36.408,13006
1933,2022-08-17 18:50:00,36.435,36.446,36.365,36.408,48731
1934,2022-08-17 18:45:00,36.454,36.475,36.404,36.418,24314
1935,2022-08-17 18:40:00,36.494,36.504,36.415,36.437,37025
1936,2022-08-17 18:35:00,36.533,36.544,36.454,36.467,18844
1937,2022-08-17 18:30:00,36.562,36.573,36.503,36.516,12486
1938,2022-08-17 18:25:00,36.562,36.573,36.503,36.535,4486
1939,2022-08-17 18:20:00,36.543,36.573,36.493,36.535,9941
1940,2022-08-17 18:15:00,36.543,36.573,36.493,36.516,25583
1941,2022-08-17 18:10:00,36.572,36.603,36.493,36.506,11768
1942,2022-08-17 18:05:00,36.523,36.593,36.454,36.535,7779
1943,2022-08-17 18:00:00,36.621,36.632,36.503,36.516,25204
1944,2022-08-17 17:55:00,36.602,36.632,36.552,36.594,3297
1945,2022-08-17 17:50:00,36.621,36.632,36.552,36.565,12396
1946,2022-08-17 17:45:00,36.631,36.642,36.571,36.594,6923
1947,2022-08-17 17:40:00,36.641,36.652,36.571,36.585,7257
1948,2022-08-17 17:35:00,36.631,36.652,36.591,36.604,1677
1949,2022-08-17 17:30:00,36.621,36.642,36.581,36.604,4297
1950,2022-08-17 17:25:00,36.621,36.642,36.581,36.594,8467
1951,2022-08-17 17:20:00,36.621,36.642,36.581,36.595,3306
1952,2022-08-17 17:15:00,36.631,36.652,36.581,36.594,4652
1953,2022-08-17 17:10:00,36.651,36.681,36.591,36.604,16447
1954,2022-08-17 17:05:00,36.68,36.691,36.601,36.614,11383
1955,2022-08-17 17:00:00,36.72,36.77,36.65,36.663,14174
1956,2022-08-17 16:55:00,36.71,36.76,36.65,36.702,143330
1957,2022-08-17 16:50:00,36.749,36.76,36.669,36.683,5023
1958,2022-08-17 16:45:00,36.749,36.77,36.684,36.702,8556
1959,2022-08-17 16:40:00,36.729,36.75,36.679,36.712,29020
1960,2022-08-17 16:35:00,36.71,36.74,36.669,36.702,54920
1961,2022-08-17 16:30:00,36.7,36.74,36.66,36.693,29472
1962,2022-08-17 16:25:00,36.695,36.711,36.64,36.673,12185
1963,2022-08-17 16:20:00,36.7,36.721,36.65,36.673,12232
1964,2022-08-17 16:15:00,36.72,36.73,36.63,36.683,35490
1965,2022-08-17 16:10:00,36.71,36.74,36.65,36.702,47426
1966,2022-08-17 16:05:00,36.612,36.73,36.571,36.693,76947
1967,2022-08-17 16:00:00,36.631,36.662,36.542,36.604,351032
1968,2022-08-17 15:55:00,36.67,36.701,36.522,36.604,1389139
1969,2022-08-17 15:50:00,36.592,36.726,36.424,36.643,2396637
1970,2022-08-17 15:45:00,36.759,36.77,36.522,36.565,1912608
1971,2022-08-17 15:40:00,36.7,36.819,36.625,36.739,884128
1972,2022-08-17 15:35:00,36.667,36.819,36.601,36.683,948852
1973,2022-08-17 15:30:00,36.846,36.858,36.601,36.643,880091
1974,2022-08-17 15:25:00,36.803,36.917,36.679,36.815,1440145
1975,2022-08-17 15:20:00,36.661,36.839,36.527,36.781,1171629
1976,2022-08-17 15:15:00,36.739,36.799,36.591,36.639,1570627
1977,2022-08-17 15:10:00,37.083,37.123,36.552,36.707,2453916
1978,2022-08-17 15:05:00,37.24,37.359,37.023,37.056,1386242
1979,2022-08-17 15:00:00,37.063,37.271,37.003,37.213,879537
1980,2022-08-17 14:55:00,37.151,37.271,37.013,37.036,1102969
1981,2022-08-17 14:50:00,37.24,37.32,37.052,37.118,1151000
1982,2022-08-17 14:45:00,37.256,37.35,37.082,37.222,1341695
1983,2022-08-17 14:40:00,37.643,37.662,37.209,37.227,2125852
1984,2022-08-17 14:35:00,37.388,37.654,37.337,37.609,2200124
1985,2022-08-17 14:30:00,37.329,37.458,37.199,37.365,1625594
1986,2022-08-17 14:25:00,37.117,37.389,36.983,37.301,1832860
1987,2022-08-17 14:20:00,37.221,37.251,36.885,37.085,2080454
1988,2022-08-17 14:15:00,37.338,37.497,37.082,37.178,2906691
1989,2022-08-17 14:10:00,37.142,37.354,36.954,37.311,2822824
1990,2022-08-17 14:05:00,36.867,37.3,36.592,37.115,4216362
1991,2022-08-17 14:00:00,36.562,37.222,36.414,36.85,8362914
1992,2022-08-17 13:55:00,36.607,36.652,36.493,36.535,746688
1993,2022-08-17 13:50:00,36.591,36.711,36.542,36.585,528327
1994,2022-08-17 13:45:00,36.612,36.652,36.512,36.565,450172
1995,2022-08-17 13:40:00,36.609,36.697,36.542,36.575,594472
1996,2022-08-17 13:35:00,36.572,36.642,36.474,36.575,476819
1997,2022-08-17 13:30:00,36.651,36.77,36.483,36.545,1258543
1998,2022-08-17 13:25:00,36.445,36.681,36.404,36.629,929520
1999,2022-08-17 13:20:00,36.415,36.534,36.365,36.427,464437
2000,2022-08-17 13:15:00,36.553,36.622,36.358,36.393,796339
2001,2022-08-17 13:10:00,36.445,36.583,36.404,36.516,551286
2002,2022-08-17 13:05:00,36.494,36.581,36.39,36.418,776527
2003,2022-08-17 13:00:00,36.499,36.534,36.282,36.476,1185244
2004,2022-08-17 12:55:00,36.474,36.533,36.387,36.467,413205
2005,2022-08-17 12:50:00,36.512,36.554,36.424,36.448,645054
2006,2022-08-17 12:45:00,36.565,36.642,36.454,36.477,909399
2007,2022-08-17 12:40:00,36.558,36.642,36.458,36.54,885028
2008,2022-08-17 12:35:00,36.435,36.642,36.385,36.528,1417293
2009,2022-08-17 12:30:00,36.395,36.475,36.316,36.413,1190981
2010,2022-08-17 12:25:00,36.375,36.436,36.257,36.364,1224884
2011,2022-08-17 12:20:00,36.238,36.396,36.162,36.344,1357825
2012,2022-08-17 12:15:00,36.12,36.269,36.071,36.212,844177
2013,2022-08-17 12:10:00,36.189,36.21,36.044,36.099,1086822
2014,2022-08-17 12:05:00,36.15,36.318,36.1,36.162,1598167
2015,2022-08-17 12:00:00,36.061,36.17,36.012,36.113,895001
2016,2022-08-17 11:55:00,36.022,36.121,35.982,36.03,861950
2017,2022-08-17 11:50:00,35.998,36.082,35.865,36.005,1016224
2018,2022-08-17 11:45:00,36.057,36.092,35.904,35.976,1117459
2019,2022-08-17 11:40:00,36.224,36.269,35.943,36.035,1900971
2020,2022-08-17 11:35:00,36.268,36.327,36.154,36.199,744084
2021,2022-08-17 11:30:00,36.373,36.527,36.198,36.246,1488933
2022,2022-08-17 11:25:00,36.437,36.465,36.228,36.339,872790
2023,2022-08-17 11:20:00,36.32,36.465,36.228,36.408,982384
2024,2022-08-17 11:15:00,36.188,36.357,36.022,36.294,1411527
2025,2022-08-17 11:10:00,36.174,36.328,36.11,36.162,1157909
2026,2022-08-17 11:05:00,36.253,36.308,36.061,36.153,1095961
2027,2022-08-17 11:00:00,36.102,36.328,36.051,36.221,1321427
2028,2022-08-17 10:55:00,36.084,36.18,36.002,36.079,1495409
2029,2022-08-17 10:50:00,36.415,36.436,36.041,36.061,1674983
2030,2022-08-17 10:45:00,36.435,36.563,36.355,36.388,1027685
2031,2022-08-17 10:40:00,36.278,36.554,36.238,36.408,1962389
2032,2022-08-17 10:35:00,36.513,36.524,36.11,36.251,3117359
2033,2022-08-17 10:30:00,36.597,36.622,36.375,36.477,1430255
2034,2022-08-17 10:25:00,36.543,36.681,36.493,36.565,771412
2035,2022-08-17 10:20:00,36.582,36.706,36.493,36.516,1140087
2036,2022-08-17 10:15:00,36.543,36.65,36.355,36.545,1934803
2037,2022-08-17 10:10:00,36.837,36.917,36.463,36.521,2505126
2038,2022-08-17 10:05:00,36.99,37.182,36.787,36.815,1990559
2039,2022-08-17 10:00:00,36.965,37.005,36.728,36.948,1739780
2040,2022-08-17 09:55:00,36.868,37.074,36.797,36.953,1902587
2041,2022-08-17 09:50:00,36.779,36.947,36.552,36.84,2082207
2042,2022-08-17 09:45:00,36.69,36.917,36.615,36.747,1560087
2043,2022-08-17 09:40:00,36.916,36.952,36.522,36.663,3094226
2044,2022-08-17 09:35:00,36.857,37.241,36.769,36.889,2488861
2045,2022-08-17 09:30:00,36.847,37.045,36.758,36.82,2951191
2046,2022-08-17 09:25:00,36.936,36.947,36.758,36.8,132254
2047,2022-08-17 09:20:00,36.867,36.956,36.817,36.918,75676
2048,2022-08-17 09:15:00,36.887,36.917,36.777,36.84,62882
2049,2022-08-17 09:10:00,36.965,36.986,36.787,36.859,113668
2050,2022-08-17 09:05:00,36.828,36.996,36.787,36.928,85038
2051,2022-08-17 09:00:00,36.857,36.907,36.709,36.81,140106
2052,2022-08-17 08:55:00,36.877,36.917,36.758,36.84,209902
2053,2022-08-17 08:50:00,37.063,37.104,36.826,36.85,133980
2054,2022-08-17 08:45:00,37.034,37.084,36.925,37.046,121300
2055,2022-08-17 08:40:00,37.024,37.153,36.964,37.016,131036
2056,2022-08-17 08:35:00,36.906,37.074,36.846,36.997,167674
2057,2022-08-17 08:30:00,36.946,37.055,36.699,36.879,232564
2058,2022-08-17 08:25:00,36.936,36.996,36.826,36.918,74942
2059,2022-08-17 08:20:00,37.044,37.065,36.895,36.908,95173
2060,2022-08-17 08:15:00,36.995,37.055,36.925,37.016,53892
2061,2022-08-17 08:10:00,37.034,37.084,36.925,36.967,76721
2062,2022-08-17 08:05:00,37.004,37.045,36.925,36.997,52886
2063,2022-08-17 08:00:00,36.926,38.067,36.768,36.987,399468
2064,2022-08-17 07:55:00,36.946,36.956,36.866,36.889,26810
2065,2022-08-17 07:50:00,36.916,36.947,36.846,36.908,36101
2066,2022-08-17 07:45:00,36.916,36.966,36.875,36.889,28484
2067,2022-08-17 07:40:00,36.906,36.937,36.836,36.889,30450
2068,2022-08-17 07:35:00,36.896,36.937,36.787,36.889,55987
2069,2022-08-17 07:30:00,36.896,36.927,36.777,36.879,114613
2070,2022-08-17 07:25:00,36.965,37.006,36.846,36.879,58692
2071,2022-08-17 07:20:00,36.965,37.015,36.895,36.938,36641
2072,2022-08-17 07:15:00,37.034,37.055,36.826,36.918,100500
2073,2022-08-17 07:10:00,37.054,37.114,37.003,37.016,36263
2074,2022-08-17 07:05:00,37.122,37.143,36.974,37.016,37915
2075,2022-08-17 07:00:00,37.132,37.202,37.052,37.085,89557
2076,2022-08-17 06:55:00,37.073,37.133,37.003,37.085,21063
2077,2022-08-17 06:50:00,37.063,37.104,37.003,37.036,11034
2078,2022-08-17 06:45:00,37.044,37.084,36.954,37.016,22497
2079,2022-08-17 06:40:00,37.132,37.143,36.983,37.036,29041
2080,2022-08-17 06:35:00,37.162,37.182,37.082,37.124,16407
2081,2022-08-17 06:30:00,37.122,37.173,36.954,37.134,46193
2082,2022-08-17 06:25:00,37.093,37.143,37.013,37.095,9753
2083,2022-08-17 06:20:00,37.122,37.163,37.052,37.066,22834
2084,2022-08-17 06:15:00,37.191,37.202,37.082,37.105,19073
2085,2022-08-17 06:10:00,37.191,37.212,37.111,37.154,17078
2086,2022-08-17 06:05:00,37.23,37.241,37.15,37.164,7398
2087,2022-08-17 06:00:00,37.24,37.251,37.16,37.193,8136
2088,2022-08-17 05:55:00,37.221,37.251,37.14,37.213,15277
2089,2022-08-17 05:50:00,37.299,37.33,37.14,37.183,76649
2090,2022-08-17 05:45:00,37.407,37.418,37.258,37.272,43801
2091,2022-08-17 05:40:00,37.407,37.448,37.366,37.389,1924
2092,2022-08-17 05:35:00,37.427,37.448,37.356,37.409,4927
2093,2022-08-17 05:30:00,37.496,37.526,37.356,37.399,13943
2094,2022-08-17 05:25:00,37.456,37.526,37.415,37.458,11174
2095,2022-08-17 05:20:00,37.417,37.428,37.356,37.389,6099
2096,2022-08-17 05:15:00,37.427,37.438,37.356,37.389,4628
2097,2022-08-17 05:10:00,37.447,37.477,37.386,37.399,33878
2098,2022-08-17 05:05:00,37.427,37.497,37.386,37.439,11589
2099,2022-08-17 05:00:00,37.368,37.458,37.327,37.399,14841
2100,2022-08-17 04:55:00,37.407,37.418,37.307,37.331,6683
2101,2022-08-17 04:50:00,37.338,37.438,37.288,37.38,11397
2102,2022-08-17 04:45:00,37.407,37.438,37.288,37.311,27440
2103,2022-08-17 04:40:00,37.427,37.467,37.356,37.38,22008
2104,2022-08-17 04:35:00,37.447,37.458,37.337,37.389,14141
2105,2022-08-17 04:30:00,37.447,37.487,37.386,37.409,13066
2106,2022-08-17 04:25:00,37.545,37.556,37.415,37.429,13060
2107,2022-08-17 04:20:00,37.515,37.566,37.425,37.527,11981
2108,2022-08-17 04:15:00,37.564,37.585,37.474,37.497,17335
2109,2022-08-17 04:10:00,37.476,37.566,37.366,37.527,24155
2110,2022-08-17 04:05:00,37.486,37.526,37.396,37.439,21922
2111,2022-08-17 04:00:00,37.525,37.585,37.376,37.458,52458
2112,2022-08-16 19:55:00,37.928,37.978,37.876,37.91,31455
2113,2022-08-16 19:50:00,37.898,37.939,37.847,37.9,23660
2114,2022-08-16 19:45:00,37.869,37.91,37.827,37.87,11591
2115,2022-08-16 19:40:00,37.879,37.9,37.817,37.831,17627
2116,2022-08-16 19:35:00,37.839,37.89,37.798,37.851,15204
2117,2022-08-16 19:30:00,37.859,37.87,37.798,37.812,4516
2118,2022-08-16 19:25:00,37.869,37.89,37.817,37.831,39329
2119,2022-08-16 19:20:00,37.869,37.89,37.827,37.851,12891
2120,2022-08-16 19:15:00,37.918,37.929,37.837,37.851,7069
2121,2022-08-16 19:10:00,37.879,37.9,37.837,37.851,607
2122,2022-08-16 19:05:00,37.889,37.9,37.827,37.851,7950
2123,2022-08-16 19:00:00,37.898,37.919,37.837,37.87,7276
2124,2022-08-16 18:55:00,37.889,37.919,37.837,37.87,21950
2125,2022-08-16 18:50:00,37.889,37.919,37.847,37.88,3928
2126,2022-08-16 18:45:00,37.928,37.939,37.847,37.861,5086
2127,2022-08-16 18:40:00,37.918,37.939,37.867,37.89,11706
2128,2022-08-16 18:35:00,37.908,37.919,37.837,37.87,9389
2129,2022-08-16 18:30:00,37.938,37.949,37.857,37.87,23197
2130,2022-08-16 18:25:00,37.898,37.929,37.857,37.89,8370
2131,2022-08-16 18:20:00,37.898,37.939,37.857,37.88,5905
2132,2022-08-16 18:15:00,37.928,37.939,37.827,37.87,10484
2133,2022-08-16 18:10:00,37.898,37.949,37.847,37.91,21118
2134,2022-08-16 18:05:00,37.879,37.9,37.817,37.861,38107
2135,2022-08-16 18:00:00,37.957,37.988,37.847,37.861,37250
2136,2022-08-16 17:55:00,37.957,37.969,37.906,37.92,8473
2137,2022-08-16 17:50:00,37.948,37.969,37.906,37.929,6840
2138,2022-08-16 17:45:00,37.957,37.969,37.896,37.929,4853
2139,2022-08-16 17:40:00,37.957,37.978,37.896,37.939,6203
2140,2022-08-16 17:35:00,37.967,37.978,37.889,37.939,2878
2141,2022-08-16 17:30:00,37.948,37.978,37.896,37.939,4923
2142,2022-08-16 17:25:00,37.957,37.978,37.896,37.929,4835
2143,2022-08-16 17:20:00,37.967,37.978,37.896,37.929,31025
2144,2022-08-16 17:15:00,37.967,37.988,37.925,37.939,13284
2145,2022-08-16 17:10:00,38.006,38.037,37.925,37.959,12770
2146,2022-08-16 17:05:00,38.006,38.037,37.945,37.978,4776
2147,2022-08-16 17:00:00,38.016,38.028,37.916,37.988,12416
2148,2022-08-16 16:55:00,38.006,38.047,37.965,37.998,15574
2149,2022-08-16 16:50:00,37.957,38.028,37.906,37.988,15307
2150,2022-08-16 16:45:00,37.918,37.969,37.876,37.929,26822
2151,2022-08-16 16:40:00,37.928,37.939,37.857,37.88,3847
2152,2022-08-16 16:35:00,37.908,37.959,37.857,37.9,29069
2153,2022-08-16 16:30:00,37.859,37.91,37.817,37.87,24069
2154,2022-08-16 16:25:00,37.849,37.88,37.808,37.831,14180
2155,2022-08-16 16:20:00,37.898,37.91,37.798,37.821,18186
2156,2022-08-16 16:15:00,37.889,37.9,37.798,37.861,51553
2157,2022-08-16 16:10:00,37.879,37.949,37.837,37.87,75079
2158,2022-08-16 16:05:00,37.869,37.919,37.827,37.851,91252
2159,2022-08-16 16:00:00,37.957,37.969,37.808,37.851,410027
2160,2022-08-16 15:55:00,38.006,38.055,37.896,37.92,1780151
2161,2022-08-16 15:50:00,38.154,38.234,37.945,37.978,1835905
2162,2022-08-16 15:45:00,37.948,38.204,37.896,38.126,1828331
2163,2022-08-16 15:40:00,37.933,38.047,37.842,37.929,901155
2164,2022-08-16 15:35:00,37.987,38.042,37.867,37.903,1101239
2165,2022-08-16 15:30:00,37.879,38.052,37.827,37.959,1463195
2166,2022-08-16 15:25:00,37.784,37.949,37.729,37.851,1636410
2167,2022-08-16 15:20:00,37.702,37.811,37.564,37.753,1118124
2168,2022-08-16 15:15:00,37.599,37.723,37.464,37.679,933755
2169,2022-08-16 15:10:00,37.594,37.625,37.449,37.571,770399
2170,2022-08-16 15:05:00,37.486,37.723,37.435,37.566,877228
2171,2022-08-16 15:00:00,37.682,37.703,37.405,37.453,1777830
2172,2022-08-16 14:55:00,37.505,37.752,37.454,37.663,1908202
2173,2022-08-16 14:50:00,37.515,37.595,37.391,37.478,1456617
2174,2022-08-16 14:45:00,37.672,37.684,37.317,37.478,2033937
2175,2022-08-16 14:40:00,37.814,37.86,37.573,37.651,1581305
2176,2022-08-16 14:35:00,38.203,38.234,37.739,37.792,1922380
2177,2022-08-16 14:30:00,38.431,38.45,38.162,38.182,1108871
2178,2022-08-16 14:25:00,38.531,38.558,38.328,38.409,1018244
2179,2022-08-16 14:20:00,38.611,38.647,38.475,38.504,863759
2180,2022-08-16 14:15:00,38.632,38.676,38.553,38.583,781569
2181,2022-08-16 14:10:00,38.601,38.696,38.553,38.597,1330045
2182,2022-08-16 14:05:00,38.4,38.627,38.357,38.575,1401983
2183,2022-08-16 14:00:00,38.336,38.489,38.269,38.378,1068811
2184,2022-08-16 13:55:00,38.34,38.38,38.243,38.312,546727
2185,2022-08-16 13:50:00,38.301,38.381,38.22,38.312,669970
2186,2022-08-16 13:45:00,38.316,38.371,38.231,38.278,614126
2187,2022-08-16 13:40:00,38.331,38.352,38.234,38.284,710429
2188,2022-08-16 13:35:00,38.173,38.362,38.102,38.302,1682570
2189,2022-08-16 13:30:00,38.085,38.191,38.004,38.152,816330
2190,2022-08-16 13:25:00,38.137,38.165,38.016,38.047,434391
2191,2022-08-16 13:20:00,38.085,38.155,38.004,38.115,512920
2192,2022-08-16 13:15:00,38.075,38.165,38.028,38.066,670090
2193,2022-08-16 13:10:00,38.085,38.106,37.984,38.047,611943
2194,2022-08-16 13:05:00,37.997,38.106,37.916,38.057,960579
2195,2022-08-16 13:00:00,37.938,38.028,37.857,37.969,637625
2196,2022-08-16 12:55:00,37.876,37.965,37.808,37.901,659066
2197,2022-08-16 12:50:00,37.81,37.929,37.729,37.841,826549
2198,2022-08-16 12:45:00,37.82,37.87,37.739,37.775,959937
2199,2022-08-16 12:40:00,37.913,37.966,37.749,37.802,905749
2200,2022-08-16 12:35:00,37.992,38.038,37.867,37.885,412262
2201,2022-08-16 12:30:00,37.938,38.046,37.867,37.959,972409
2202,2022-08-16 12:25:00,38.11,38.124,37.896,37.91,999824
2203,2022-08-16 12:20:00,38.188,38.199,38.004,38.08,688466
2204,2022-08-16 12:15:00,38.129,38.224,38.073,38.157,1638129
2205,2022-08-16 12:10:00,38.036,38.155,37.965,38.102,900900
2206,2022-08-16 12:05:00,38.073,38.155,37.984,37.999,936941
2207,2022-08-16 12:00:00,38.134,38.213,38.014,38.037,1134501
2208,2022-08-16 11:55:00,38.122,38.204,38.004,38.096,1506364
2209,2022-08-16 11:50:00,37.938,38.136,37.876,38.086,1340260
2210,2022-08-16 11:45:00,37.898,38.047,37.817,37.915,1181249
2211,2022-08-16 11:40:00,37.898,37.939,37.798,37.87,944538
2212,2022-08-16 11:35:00,37.859,37.939,37.749,37.87,1179722
2213,2022-08-16 11:30:00,37.741,37.978,37.67,37.831,1808615
2214,2022-08-16 11:25:00,37.604,37.802,37.533,37.723,1505054
2215,2022-08-16 11:20:00,37.709,37.733,37.543,37.576,1206629
2216,2022-08-16 11:15:00,37.51,37.723,37.464,37.683,1741239
2217,2022-08-16 11:10:00,37.24,37.536,37.189,37.483,1666698
2218,2022-08-16 11:05:00,37.132,37.35,37.077,37.211,935465
2219,2022-08-16 11:00:00,37.147,37.35,37.072,37.105,927279
2220,2022-08-16 10:55:00,37.284,37.34,37.064,37.124,992372
2221,2022-08-16 10:50:00,37.255,37.399,37.189,37.254,2182408
2222,2022-08-16 10:45:00,37.191,37.31,37.101,37.223,1344386
2223,2022-08-16 10:40:00,36.975,37.232,36.856,37.164,1668551
2224,2022-08-16 10:35:00,36.887,37.079,36.826,36.943,1522526
2225,2022-08-16 10:30:00,37.23,37.241,36.836,36.859,2591452
2226,2022-08-16 10:25:00,37.402,37.413,37.131,37.203,1282888
2227,2022-08-16 10:20:00,37.407,37.482,37.313,37.379,938087
2228,2022-08-16 10:15:00,37.446,37.458,37.17,37.375,1518639
2229,2022-08-16 10:10:00,37.456,37.595,37.386,37.409,1228275
2230,2022-08-16 10:05:00,37.378,37.517,37.319,37.422,1169153
2231,2022-08-16 10:00:00,37.614,37.644,37.209,37.351,2540055
2232,2022-08-16 09:55:00,37.507,37.723,37.445,37.593,1501928
2233,2022-08-16 09:50:00,37.505,37.585,37.337,37.484,1970622
2234,2022-08-16 09:45:00,37.643,37.811,37.464,37.478,2223172
2235,2022-08-16 09:40:00,37.751,37.816,37.553,37.615,2044174
2236,2022-08-16 09:35:00,37.849,38.008,37.543,37.723,2610844
2237,2022-08-16 09:30:00,37.879,38.028,37.7,37.821,2641270
2238,2022-08-16 09:25:00,37.889,37.9,37.778,37.851,82790
2239,2022-08-16 09:20:00,37.918,37.949,37.827,37.861,48385
2240,2022-08-16 09:15:00,37.928,37.949,37.847,37.89,52282
2241,2022-08-16 09:10:00,37.957,37.969,37.857,37.89,70758
2242,2022-08-16 09:05:00,37.948,37.978,37.847,37.929,107318
2243,2022-08-16 09:00:00,37.928,37.978,37.867,37.92,69090
2244,2022-08-16 08:55:00,37.819,37.949,37.768,37.89,77889
2245,2022-08-16 08:50:00,37.928,37.949,37.739,37.782,195025
2246,2022-08-16 08:45:00,37.957,37.978,37.846,37.89,104791
2247,2022-08-16 08:40:00,37.957,38.005,37.886,37.939,74248
2248,2022-08-16 08:35:00,37.977,38.028,37.906,37.929,122227
2249,2022-08-16 08:30:00,38.134,38.155,37.906,37.959,170956
2250,2022-08-16 08:25:00,38.115,38.145,38.053,38.096,59327
2251,2022-08-16 08:20:00,38.193,38.214,38.063,38.086,63347
2252,2022-08-16 08:15:00,38.164,38.214,38.122,38.175,56458
2253,2022-08-16 08:10:00,38.085,38.204,38.043,38.135,75282
2254,2022-08-16 08:05:00,38.075,38.096,38.014,38.057,20690
2255,2022-08-16 08:00:00,38.075,38.243,37.847,38.037,231123
2256,2022-08-16 07:55:00,38.115,38.126,38.024,38.037,33024
2257,2022-08-16 07:50:00,38.075,38.126,38.033,38.086,41486
2258,2022-08-16 07:45:00,38.105,38.116,38.043,38.067,7071
2259,2022-08-16 07:40:00,38.144,38.165,38.024,38.077,47386
2260,2022-08-16 07:35:00,38.144,38.175,38.092,38.116,32974
2261,2022-08-16 07:30:00,38.134,38.165,38.081,38.116,19334
2262,2022-08-16 07:25:00,38.046,38.155,38.004,38.106,56422
2263,2022-08-16 07:20:00,38.065,38.106,38.024,38.037,28117
2264,2022-08-16 07:15:00,38.065,38.086,37.994,38.037,26524
2265,2022-08-16 07:10:00,38.036,38.086,37.994,38.028,29908
2266,2022-08-16 07:05:00,37.997,38.047,37.945,38.008,22051
2267,2022-08-16 07:00:00,37.977,38.008,37.857,37.969,22744
2268,2022-08-16 06:55:00,37.997,38.008,37.925,37.939,7520
2269,2022-08-16 06:50:00,37.957,37.988,37.906,37.949,8525
2270,2022-08-16 06:45:00,37.948,37.969,37.896,37.91,3575
2271,2022-08-16 06:40:00,37.957,37.969,37.867,37.89,14495
2272,2022-08-16 06:35:00,37.967,37.978,37.857,37.91,1862
2273,2022-08-16 06:30:00,37.957,38.008,37.886,37.939,9078
2274,2022-08-16 06:25:00,37.977,37.998,37.906,37.92,6325
2275,2022-08-16 06:20:00,37.928,37.988,37.886,37.939,5441
2276,2022-08-16 06:15:00,37.879,37.959,37.808,37.88,13102
2277,2022-08-16 06:10:00,37.918,37.939,37.837,37.861,10765
2278,2022-08-16 06:05:00,37.977,37.988,37.886,37.9,3120
2279,2022-08-16 06:00:00,37.948,37.969,37.896,37.92,2561
2280,2022-08-16 05:55:00,37.948,37.978,37.906,37.939,6495
2281,2022-08-16 05:50:00,37.967,38.018,37.886,37.929,11317
2282,2022-08-16 05:45:00,37.957,37.988,37.906,37.929,5220
2283,2022-08-16 05:40:00,37.957,37.988,37.876,37.89,5365
2284,2022-08-16 05:35:00,37.928,37.988,37.867,37.949,13291
2285,2022-08-16 05:30:00,37.997,38.008,37.876,37.89,18740
2286,2022-08-16 05:25:00,38.006,38.067,37.965,37.988,6380
2287,2022-08-16 05:20:00,38.016,38.028,37.945,37.959,5045
2288,2022-08-16 05:15:00,37.977,38.037,37.935,37.988,12415
2289,2022-08-16 05:10:00,37.987,38.018,37.925,37.959,21929
2290,2022-08-16 05:05:00,38.065,38.096,37.955,37.969,16986
2291,2022-08-16 05:00:00,38.144,38.155,38.024,38.037,15939
2292,2022-08-16 04:55:00,38.124,38.165,38.063,38.116,11727
2293,2022-08-16 04:50:00,38.124,38.185,38.082,38.096,4541
2294,2022-08-16 04:45:00,38.144,38.175,38.073,38.096,13803
2295,2022-08-16 04:40:00,38.232,38.263,38.112,38.145,44511
2296,2022-08-16 04:35:00,38.095,38.244,38.053,38.204,66906
2297,2022-08-16 04:30:00,38.075,38.106,38.024,38.067,14168
2298,2022-08-16 04:25:00,38.026,38.126,37.984,38.057,13361
2299,2022-08-16 04:20:00,37.987,38.028,37.925,37.988,9237
2300,2022-08-16 04:15:00,38.036,38.047,37.945,37.959,8729
2301,2022-08-16 04:10:00,38.016,38.057,37.965,37.998,8581
2302,2022-08-16 04:05:00,37.957,38.047,37.886,37.988,18100
2303,2022-08-16 04:00:00,37.977,38.028,37.876,37.92,34152
2304,2022-08-15 19:55:00,38.223,38.244,38.141,38.165,38641
2305,2022-08-15 19:50:00,38.173,38.244,38.131,38.204,42536
2306,2022-08-15 19:45:00,38.134,38.185,38.082,38.145,9219
2307,2022-08-15 19:40:00,38.134,38.155,38.082,38.106,18968
2308,2022-08-15 19:35:00,38.134,38.145,38.073,38.106,7163
2309,2022-08-15 19:30:00,38.115,38.145,38.063,38.106,13836
2310,2022-08-15 19:25:00,38.124,38.145,38.073,38.086,3051
2311,2022-08-15 19:20:00,38.115,38.145,38.073,38.106,3407
2312,2022-08-15 19:15:00,38.105,38.136,38.063,38.086,12515
2313,2022-08-15 19:10:00,38.115,38.136,38.073,38.096,2906
2314,2022-08-15 19:05:00,38.095,38.136,38.053,38.087,7969
2315,2022-08-15 19:00:00,38.115,38.126,38.053,38.067,6136
2316,2022-08-15 18:55:00,38.105,38.126,38.063,38.086,2600
2317,2022-08-15 18:50:00,38.115,38.136,38.053,38.077,10066
2318,2022-08-15 18:45:00,38.115,38.145,38.073,38.096,2928
2319,2022-08-15 18:40:00,38.154,38.175,38.073,38.086,9466
2320,2022-08-15 18:35:00,38.134,38.165,38.092,38.126,13194
2321,2022-08-15 18:30:00,38.105,38.145,38.063,38.106,14085
2322,2022-08-15 18:25:00,38.105,38.116,38.053,38.077,5505
2323,2022-08-15 18:20:00,38.105,38.126,38.043,38.086,4823
2324,2022-08-15 18:15:00,38.095,38.116,38.033,38.067,3448
2325,2022-08-15 18:10:00,38.065,38.106,38.024,38.057,10027
2326,2022-08-15 18:05:00,38.085,38.116,38.024,38.037,12837
2327,2022-08-15 18:00:00,38.144,38.165,38.024,38.057,44856
2328,2022-08-15 17:55:00,38.154,38.175,38.112,38.126,5744
2329,2022-08-15 17:50:00,38.125,38.165,38.082,38.126,9511
2330,2022-08-15 17:45:00,38.124,38.155,38.073,38.096,13047
2331,2022-08-15 17:40:00,38.125,38.145,38.073,38.096,9453
2332,2022-08-15 17:35:00,38.144,38.155,38.082,38.1,1463
2333,2022-08-15 17:30:00,38.124,38.155,38.082,38.116,6077
2334,2022-08-15 17:25:00,38.134,38.155,38.073,38.096,5478
2335,2022-08-15 17:20:00,38.135,38.155,38.073,38.116,4538
2336,2022-08-15 17:15:00,38.144,38.175,38.092,38.106,10233
2337,2022-08-15 17:10:00,38.134,38.155,38.082,38.096,12685
2338,2022-08-15 17:05:00,38.164,38.175,38.092,38.116,14230
2339,2022-08-15 17:00:00,38.164,38.175,38.102,38.116,8109
2340,2022-08-15 16:55:00,38.144,38.204,38.092,38.116,26850
2341,2022-08-15 16:50:00,38.173,38.185,38.102,38.116,18891
2342,2022-08-15 16:45:00,38.188,38.204,38.131,38.145,15160
2343,2022-08-15 16:40:00,38.183,38.214,38.131,38.165,11961
2344,2022-08-15 16:35:00,38.164,38.204,38.122,38.165,26628
2345,2022-08-15 16:30:00,38.115,38.175,38.073,38.135,11846
2346,2022-08-15 16:25:00,38.115,38.145,38.044,38.096,15564
2347,2022-08-15 16:20:00,38.134,38.165,38.073,38.086,47749
2348,2022-08-15 16:15:00,38.134,38.175,38.092,38.111,15136
2349,2022-08-15 16:10:00,38.134,38.155,38.043,38.106,183502
2350,2022-08-15 16:05:00,38.193,38.214,38.082,38.106,113402
2351,2022-08-15 16:00:00,38.223,38.244,38.131,38.155,497894
2352,2022-08-15 15:55:00,38.183,38.248,38.082,38.194,1542910
2353,2022-08-15 15:50:00,38.321,38.381,38.112,38.155,1739806
2354,2022-08-15 15:45:00,38.242,38.362,38.19,38.293,1020845
2355,2022-08-15 15:40:00,38.311,38.329,38.19,38.224,966784
2356,2022-08-15 15:35:00,38.345,38.381,38.249,38.283,742185
2357,2022-08-15 15:30:00,38.355,38.371,38.23,38.319,637522
2358,2022-08-15 15:25:00,38.388,38.401,38.249,38.332,1161936
2359,2022-08-15 15:20:00,38.326,38.401,38.279,38.361,757058
2360,2022-08-15 15:15:00,38.267,38.352,38.21,38.3,905950
2361,2022-08-15 15:10:00,38.183,38.327,38.092,38.234,1591351
2362,2022-08-15 15:05:00,38.218,38.29,38.131,38.15,897857
2363,2022-08-15 15:00:00,38.178,38.254,38.092,38.189,1013066
2364,2022-08-15 14:55:00,38.164,38.221,38.112,38.15,789847
2365,2022-08-15 14:50:00,38.144,38.204,38.063,38.135,1062744
2366,2022-08-15 14:45:00,38.096,38.155,38.014,38.116,527586
2367,2022-08-15 14:40:00,38.124,38.145,38.004,38.072,481761
2368,2022-08-15 14:35:00,38.051,38.136,37.985,38.096,715298
2369,2022-08-15 14:30:00,37.962,38.106,37.876,38.028,943719
2370,2022-08-15 14:25:00,37.967,37.996,37.842,37.939,377630
2371,2022-08-15 14:20:00,38.016,38.047,37.876,37.939,681817
2372,2022-08-15 14:15:00,37.918,38.028,37.876,37.983,585412
2373,2022-08-15 14:10:00,37.898,37.959,37.817,37.89,494194
2374,2022-08-15 14:05:00,37.987,38.028,37.837,37.871,711870
2375,2022-08-15 14:00:00,38.036,38.057,37.916,37.959,530336
2376,2022-08-15 13:55:00,37.987,38.047,37.935,37.998,499707
2377,2022-08-15 13:50:00,37.977,38.028,37.896,37.954,900547
2378,2022-08-15 13:45:00,37.908,37.998,37.847,37.953,730786
2379,2022-08-15 13:40:00,37.918,37.988,37.837,37.875,716075
2380,2022-08-15 13:35:00,38.001,38.057,37.867,37.89,628791
2381,2022-08-15 13:30:00,38.071,38.116,37.945,37.974,565239
2382,2022-08-15 13:25:00,38.085,38.136,37.984,38.037,502812
2383,2022-08-15 13:20:00,38.033,38.111,37.935,38.062,748058
2384,2022-08-15 13:15:00,38.085,38.136,37.984,38.013,509783
2385,2022-08-15 13:10:00,38.124,38.15,38.024,38.047,460843
2386,2022-08-15 13:05:00,38.011,38.165,37.97,38.091,1322247
2387,2022-08-15 13:00:00,38.065,38.086,37.916,37.988,799709
2388,2022-08-15 12:55:00,38.007,38.116,37.945,38.032,1106499
2389,2022-08-15 12:50:00,37.933,38.042,37.876,37.974,707174
2390,2022-08-15 12:45:00,37.977,38.008,37.867,37.9,560234
2391,2022-08-15 12:40:00,37.902,37.998,37.847,37.958,648544
2392,2022-08-15 12:35:00,37.997,38.018,37.847,37.87,727025
2393,2022-08-15 12:30:00,37.962,38.013,37.876,37.971,732898
2394,2022-08-15 12:25:00,37.889,37.988,37.837,37.934,577361
2395,2022-08-15 12:20:00,37.869,37.917,37.768,37.87,759011
2396,2022-08-15 12:15:00,37.913,38.008,37.808,37.85,686581
2397,2022-08-15 12:10:00,37.849,38.018,37.808,37.89,1008153
2398,2022-08-15 12:05:00,37.938,37.949,37.798,37.823,555227
2399,2022-08-15 12:00:00,37.977,37.998,37.798,37.906,1098259
2400,2022-08-15 11:55:00,37.964,38.037,37.886,37.949,1048510
2401,2022-08-15 11:50:00,37.967,38.028,37.876,37.929,1053616
2402,2022-08-15 11:45:00,37.82,37.998,37.768,37.939,1743530
2403,2022-08-15 11:40:00,37.697,37.841,37.592,37.786,1505594
2404,2022-08-15 11:35:00,37.573,37.723,37.531,37.664,1234065
2405,2022-08-15 11:30:00,37.447,37.585,37.376,37.547,1458830
2406,2022-08-15 11:25:00,37.397,37.477,37.318,37.419,822147
2407,2022-08-15 11:20:00,37.284,37.467,37.199,37.37,1639362
2408,2022-08-15 11:15:00,37.103,37.32,37.052,37.252,1072234
2409,2022-08-15 11:10:00,37.211,37.232,36.986,37.075,1058305
2410,2022-08-15 11:05:00,37.24,37.379,37.106,37.174,1350868
2411,2022-08-15 11:00:00,37.181,37.291,37.032,37.213,947139
2412,2022-08-15 10:55:00,37.211,37.271,37.082,37.134,752778
2413,2022-08-15 10:50:00,37.142,37.271,37.052,37.183,1182937
2414,2022-08-15 10:45:00,37.299,37.369,37.072,37.115,1077479
2415,2022-08-15 10:40:00,37.309,37.497,37.248,37.277,1556190
2416,2022-08-15 10:35:00,37.434,37.447,37.219,37.281,1175661
2417,2022-08-15 10:30:00,37.24,37.467,37.17,37.404,1742820
2418,2022-08-15 10:25:00,37.083,37.291,37.008,37.206,1719547
2419,2022-08-15 10:20:00,37.23,37.241,36.974,37.066,1734026
2420,2022-08-15 10:15:00,37.245,37.3,37.082,37.203,1673062
2421,2022-08-15 10:10:00,37.53,37.605,37.199,37.217,2311240
2422,2022-08-15 10:05:00,37.501,37.585,37.376,37.505,1348093
2423,2022-08-15 10:00:00,37.663,37.693,37.366,37.47,1986036
2424,2022-08-15 09:55:00,37.643,37.811,37.543,37.63,2580976
2425,2022-08-15 09:50:00,37.142,37.654,37.072,37.605,2936651
2426,2022-08-15 09:45:00,37.152,37.31,37.091,37.124,1743121
2427,2022-08-15 09:40:00,37.417,37.429,37.032,37.124,3267444
2428,2022-08-15 09:35:00,37.525,37.585,37.268,37.385,2921872
2429,2022-08-15 09:30:00,36.985,37.536,36.934,37.493,3503075
2430,2022-08-15 09:25:00,36.916,36.986,36.866,36.948,95252
2431,2022-08-15 09:20:00,36.867,36.937,36.826,36.898,99612
2432,2022-08-15 09:15:00,36.867,36.927,36.807,36.84,75778
2433,2022-08-15 09:10:00,36.867,36.878,36.797,36.84,93814
2434,2022-08-15 09:05:00,36.847,36.898,36.787,36.84,55151
2435,2022-08-15 09:00:00,36.749,36.868,36.689,36.82,92183
2436,2022-08-15 08:55:00,36.739,36.78,36.669,36.712,142696
2437,2022-08-15 08:50:00,36.759,36.829,36.699,36.712,59630
2438,2022-08-15 08:45:00,36.877,36.888,36.728,36.742,119340
2439,2022-08-15 08:40:00,36.887,36.937,36.797,36.85,51077
2440,2022-08-15 08:35:00,37.004,37.015,36.826,36.859,71988
2441,2022-08-15 08:30:00,37.044,37.114,36.945,36.977,90695
2442,2022-08-15 08:25:00,36.965,37.084,36.895,37.016,86958
2443,2022-08-15 08:20:00,36.985,37.006,36.915,36.948,60932
2444,2022-08-15 08:15:00,36.926,36.996,36.866,36.958,50112
2445,2022-08-15 08:10:00,36.867,36.927,36.758,36.889,36023
2446,2022-08-15 08:05:00,36.837,36.888,36.778,36.84,33491
2447,2022-08-15 08:00:00,37.132,37.143,36.641,36.81,334811
2448,2022-08-15 07:55:00,36.837,36.927,36.797,36.879,22518
2449,2022-08-15 07:50:00,36.877,36.898,36.777,36.8,48867
2450,2022-08-15 07:45:00,36.955,36.986,36.846,36.859,36933
2451,2022-08-15 07:40:00,36.985,37.006,36.895,36.918,19015
2452,2022-08-15 07:35:00,37.004,37.035,36.944,36.958,17153
2453,2022-08-15 07:30:00,37.054,37.065,36.954,36.977,29538
2454,2022-08-15 07:25:00,37.034,37.065,36.974,37.026,8414
2455,2022-08-15 07:20:00,37.054,37.094,36.983,36.997,38930
2456,2022-08-15 07:15:00,37.054,37.074,37.003,37.026,14874
2457,2022-08-15 07:10:00,37.093,37.104,37.003,37.026,27227
2458,2022-08-15 07:05:00,37.093,37.104,37.032,37.046,29423
2459,2022-08-15 07:00:00,37.103,37.133,37.032,37.075,50089
2460,2022-08-15 06:55:00,37.054,37.104,37.003,37.056,13648
2461,2022-08-15 06:50:00,37.073,37.094,36.964,37.016,28319
2462,2022-08-15 06:45:00,36.995,37.074,36.944,37.036,35774
2463,2022-08-15 06:40:00,36.906,37.006,36.866,36.967,13625
2464,2022-08-15 06:35:00,36.916,36.947,36.856,36.879,8969
2465,2022-08-15 06:30:00,36.867,36.927,36.807,36.889,6488
2466,2022-08-15 06:25:00,36.857,36.898,36.807,36.82,2880
2467,2022-08-15 06:20:00,36.936,36.947,36.797,36.82,11868
2468,2022-08-15 06:15:00,36.916,36.947,36.846,36.908,5751
2469,2022-08-15 06:10:00,36.896,36.937,36.797,36.889,11171
2470,2022-08-15 06:05:00,36.847,36.898,36.797,36.859,6047
2471,2022-08-15 06:00:00,36.867,36.927,36.807,36.83,10152
2472,2022-08-15 05:55:00,36.847,36.878,36.807,36.83,7988
2473,2022-08-15 05:50:00,36.798,36.888,36.758,36.82,14873
2474,2022-08-15 05:45:00,36.739,36.799,36.699,36.761,19972
2475,2022-08-15 05:40:00,36.68,36.75,36.64,36.712,6321
2476,2022-08-15 05:35:00,36.729,36.74,36.63,36.653,36408
2477,2022-08-15 05:30:00,36.769,36.789,36.689,36.702,19958
2478,2022-08-15 05:25:00,36.779,36.819,36.699,36.742,36998
2479,2022-08-15 05:20:00,36.818,36.829,36.728,36.771,15036
2480,2022-08-15 05:15:00,36.867,36.898,36.748,36.781,17332
2481,2022-08-15 05:10:00,36.828,36.868,36.787,36.83,12511
2482,2022-08-15 05:05:00,36.857,36.868,36.777,36.8,8613
2483,2022-08-15 05:00:00,36.828,36.868,36.787,36.82,7540
2484,2022-08-15 04:55:00,36.857,36.868,36.777,36.8,22142
2485,2022-08-15 04:50:00,36.887,36.898,36.807,36.83,13525
2486,2022-08-15 04:45:00,36.906,36.917,36.836,36.859,5091
2487,2022-08-15 04:40:00,36.916,36.976,36.856,36.879,25630
2488,2022-08-15 04:35:00,36.916,36.927,36.856,36.879,13489
2489,2022-08-15 04:30:00,36.887,36.907,36.826,36.85,20698
2490,2022-08-15 04:25:00,36.788,36.898,36.748,36.85,14833
2491,2022-08-15 04:20:00,36.798,36.858,36.758,36.771,15043
2492,2022-08-15 04:15:00,36.837,36.858,36.738,36.771,17288
2493,2022-08-15 04:10:00,36.877,36.898,36.787,36.8,21629
2494,2022-08-15 04:05:00,36.837,36.927,36.797,36.859,38315
2495,2022-08-15 04:00:00,37.309,37.32,36.709,36.8,80408
2496,2022-08-12 19:55:00,37.348,37.399,37.288,37.35,26031
2497,2022-08-12 19:50:00,37.348,37.369,37.288,37.321,16067
2498,2022-08-12 19:45:00,37.329,37.359,37.288,37.311,11599
2499,2022-08-12 19:40:00,37.329,37.34,37.268,37.301,6314
2500,2022-08-12 19:35:00,37.329,37.35,37.288,37.311,7459
2501,2022-08-12 19:30:00,37.329,37.34,37.248,37.281,9578
2502,2022-08-12 19:25:00,37.289,37.35,37.248,37.311,20402
2503,2022-08-12 19:20:00,37.299,37.32,37.229,37.242,3409
2504,2022-08-12 19:15:00,37.28,37.3,37.239,37.252,6053
2505,2022-08-12 19:10:00,37.309,37.32,37.239,37.262,8812
2506,2022-08-12 19:05:00,37.28,37.32,37.229,37.281,9475
2507,2022-08-12 19:00:00,37.28,37.3,37.229,37.252,8702
2508,2022-08-12 18:55:00,37.26,37.291,37.219,37.252,5724
2509,2022-08-12 18:50:00,37.28,37.291,37.219,37.242,5901
2510,2022-08-12 18:45:00,37.28,37.291,37.219,37.242,2260
2511,2022-08-12 18:40:00,37.27,37.291,37.229,37.252,7363
2512,2022-08-12 18:35:00,37.27,37.291,37.229,37.242,2399
2513,2022-08-12 18:30:00,37.25,37.271,37.189,37.232,6432
2514,2022-08-12 18:25:00,37.25,37.261,37.199,37.223,5244
2515,2022-08-12 18:20:00,37.25,37.271,37.199,37.213,3321
2516,2022-08-12 18:15:00,37.24,37.261,37.199,37.223,6289
2517,2022-08-12 18:10:00,37.25,37.261,37.18,37.203,5786
2518,2022-08-12 18:05:00,37.25,37.271,37.189,37.203,6228
2519,2022-08-12 18:00:00,37.25,37.261,37.199,37.223,14406
2520,2022-08-12 17:55:00,37.24,37.251,37.189,37.213,2382
2521,2022-08-12 17:50:00,37.25,37.261,37.189,37.203,11853
2522,2022-08-12 17:45:00,37.23,37.261,37.189,37.213,13337
2523,2022-08-12 17:40:00,37.25,37.281,37.18,37.203,25839
2524,2022-08-12 17:35:00,37.309,37.32,37.209,37.223,17234
2525,2022-08-12 17:30:00,37.319,37.34,37.278,37.291,7537
2526,2022-08-12 17:25:00,37.329,37.35,37.278,37.301,14432
2527,2022-08-12 17:20:00,37.329,37.35,37.278,37.301,12047
2528,2022-08-12 17:15:00,37.338,37.35,37.278,37.311,4722
2529,2022-08-12 17:10:00,37.319,37.35,37.278,37.301,13476
2530,2022-08-12 17:05:00,37.338,37.359,37.278,37.291,14204
2531,2022-08-12 17:00:00,37.338,37.359,37.288,37.311,24907
2532,2022-08-12 16:55:00,37.338,37.359,37.288,37.311,91897
2533,2022-08-12 16:50:00,37.348,37.359,37.288,37.301,65625
2534,2022-08-12 16:45:00,37.348,37.359,37.268,37.311,74838
2535,2022-08-12 16:40:00,37.358,37.369,37.297,37.321,107801
2536,2022-08-12 16:35:00,37.28,37.369,37.239,37.331,84613
2537,2022-08-12 16:30:00,37.28,37.3,37.229,37.262,34467
2538,2022-08-12 16:25:00,37.28,37.31,37.229,37.252,54264
2539,2022-08-12 16:20:00,37.317,37.33,37.229,37.242,32359
2540,2022-08-12 16:15:00,37.279,37.32,37.219,37.281,93808
2541,2022-08-12 16:10:00,37.23,37.281,37.189,37.242,70588
2542,2022-08-12 16:05:00,37.221,37.271,37.18,37.213,120329
2543,2022-08-12 16:00:00,37.358,37.369,37.18,37.193,516173
2544,2022-08-12 15:55:00,37.245,37.389,37.16,37.324,3042795
2545,2022-08-12 15:50:00,37.24,37.31,37.131,37.218,2362005
2546,2022-08-12 15:45:00,37.247,37.258,37.101,37.213,1009745
2547,2022-08-12 15:40:00,37.26,37.281,37.16,37.227,949192
2548,2022-08-12 15:35:00,37.235,37.295,37.17,37.227,880506
2549,2022-08-12 15:30:00,37.211,37.271,37.16,37.205,1329131
2550,2022-08-12 15:25:00,37.132,37.241,37.062,37.185,1165524
2551,2022-08-12 15:20:00,37.23,37.241,37.072,37.115,1077773
2552,2022-08-12 15:15:00,37.186,37.251,37.121,37.193,1089962
2553,2022-08-12 15:10:00,37.122,37.241,37.072,37.154,1140023
2554,2022-08-12 15:05:00,37.059,37.163,36.993,37.1,1267912
2555,2022-08-12 15:00:00,37.054,37.089,36.954,37.031,658086
2556,2022-08-12 14:55:00,36.995,37.074,36.925,37.026,677978
2557,2022-08-12 14:50:00,37.024,37.074,36.934,36.961,865568
2558,2022-08-12 14:45:00,36.985,37.045,36.934,37.003,989070
2559,2022-08-12 14:40:00,36.934,37.006,36.887,36.967,505048
2560,2022-08-12 14:35:00,37.0,37.015,36.866,36.9,934225
2561,2022-08-12 14:30:00,36.857,37.015,36.817,36.967,1083503
2562,2022-08-12 14:25:00,36.815,36.888,36.738,36.835,753307
2563,2022-08-12 14:20:00,36.808,36.834,36.728,36.781,483533
2564,2022-08-12 14:15:00,36.803,36.839,36.728,36.772,704493
2565,2022-08-12 14:10:00,36.761,36.829,36.704,36.781,379619
2566,2022-08-12 14:05:00,36.777,36.799,36.699,36.732,447693
2567,2022-08-12 14:00:00,36.754,36.789,36.694,36.751,260734
2568,2022-08-12 13:55:00,36.779,36.799,36.679,36.732,784404
2569,2022-08-12 13:50:00,36.744,36.829,36.694,36.756,763105
2570,2022-08-12 13:45:00,36.734,36.77,36.669,36.712,300089
2571,2022-08-12 13:40:00,36.71,36.77,36.65,36.702,436509
2572,2022-08-12 13:35:00,36.766,36.789,36.655,36.675,314382
2573,2022-08-12 13:30:00,36.739,36.799,36.65,36.732,588697
2574,2022-08-12 13:25:00,36.739,36.78,36.669,36.707,467363
2575,2022-08-12 13:20:00,36.734,36.78,36.679,36.702,671774
2576,2022-08-12 13:15:00,36.68,36.76,36.624,36.711,709731
2577,2022-08-12 13:10:00,36.68,36.721,36.604,36.653,802431
2578,2022-08-12 13:05:00,36.557,36.691,36.512,36.646,650567
2579,2022-08-12 13:00:00,36.558,36.613,36.483,36.531,256599
2580,2022-08-12 12:55:00,36.572,36.613,36.483,36.535,504747
2581,2022-08-12 12:50:00,36.641,36.662,36.503,36.54,559274
2582,2022-08-12 12:45:00,36.656,36.691,36.576,36.624,549544
2583,2022-08-12 12:40:00,36.634,36.672,36.532,36.633,736860
2584,2022-08-12 12:35:00,36.661,36.721,36.591,36.611,564603
2585,2022-08-12 12:30:00,36.69,36.711,36.586,36.639,520894
2586,2022-08-12 12:25:00,36.677,36.711,36.581,36.655,690338
2587,2022-08-12 12:20:00,36.631,36.711,36.571,36.648,1192666
2588,2022-08-12 12:15:00,36.553,36.672,36.503,36.604,724576
2589,2022-08-12 12:10:00,36.562,36.662,36.493,36.521,1220193
2590,2022-08-12 12:05:00,36.504,36.593,36.427,36.535,801939
2591,2022-08-12 12:00:00,36.371,36.534,36.306,36.486,752241
2592,2022-08-12 11:55:00,36.445,36.514,36.321,36.347,977019
2593,2022-08-12 11:50:00,36.445,36.49,36.316,36.414,934131
2594,2022-08-12 11:45:00,36.484,36.593,36.404,36.418,567471
2595,2022-08-12 11:40:00,36.558,36.603,36.424,36.45,1497685
2596,2022-08-12 11:35:00,36.513,36.642,36.444,36.526,1801630
2597,2022-08-12 11:30:00,36.474,36.554,36.404,36.486,820152
2598,2022-08-12 11:25:00,36.511,36.573,36.414,36.437,939628
2599,2022-08-12 11:20:00,36.484,36.584,36.434,36.477,1336462
2600,2022-08-12 11:15:00,36.346,36.549,36.252,36.467,1885305
2601,2022-08-12 11:10:00,36.258,36.387,36.169,36.31,1189763
2602,2022-08-12 11:05:00,36.307,36.357,36.159,36.226,1274215
2603,2022-08-12 11:00:00,36.179,36.465,36.081,36.27,3001266
2604,2022-08-12 10:55:00,36.096,36.219,36.012,36.153,1177339
2605,2022-08-12 10:50:00,35.904,36.141,35.835,36.074,1278443
2606,2022-08-12 10:45:00,35.963,36.043,35.767,35.868,1416240
2607,2022-08-12 10:40:00,36.042,36.082,35.855,35.942,1537556
2608,2022-08-12 10:35:00,36.135,36.288,35.953,36.01,1348133
2609,2022-08-12 10:30:00,36.199,36.297,36.007,36.108,1311410
2610,2022-08-12 10:25:00,36.238,36.264,36.032,36.167,1593555
2611,2022-08-12 10:20:00,36.395,36.426,36.179,36.216,1891588
2612,2022-08-12 10:15:00,36.16,36.416,36.022,36.368,2334691
2613,2022-08-12 10:10:00,36.012,36.308,35.973,36.123,2442228
2614,2022-08-12 10:05:00,35.904,36.125,35.69,35.978,1930503
2615,2022-08-12 10:00:00,36.111,36.126,35.61,35.883,4324724
2616,2022-08-12 09:55:00,35.934,36.18,35.835,36.094,1929228
2617,2022-08-12 09:50:00,35.836,36.102,35.688,35.907,2114960
2618,2022-08-12 09:45:00,36.145,36.219,35.718,35.799,2346353
2619,2022-08-12 09:40:00,35.836,36.2,35.792,36.118,3709664
2620,2022-08-12 09:35:00,35.816,35.895,35.556,35.809,2691003
2621,2022-08-12 09:30:00,35.953,36.07,35.649,35.789,3151997
2622,2022-08-12 09:25:00,35.934,36.013,35.894,35.917,98607
2623,2022-08-12 09:20:00,35.963,36.013,35.884,35.917,102088
2624,2022-08-12 09:15:00,36.032,36.043,35.924,35.946,135191
2625,2022-08-12 09:10:00,35.865,36.072,35.776,36.005,186924
2626,2022-08-12 09:05:00,35.914,35.944,35.825,35.839,139599
2627,2022-08-12 09:00:00,35.865,35.974,35.816,35.897,91764
2628,2022-08-12 08:55:00,35.836,35.876,35.786,35.829,85343
2629,2022-08-12 08:50:00,35.816,35.856,35.767,35.819,63590
2630,2022-08-12 08:45:00,35.777,35.836,35.693,35.78,66729
2631,2022-08-12 08:40:00,35.865,35.885,35.737,35.75,90443
2632,2022-08-12 08:35:00,35.845,35.885,35.786,35.848,118843
2633,2022-08-12 08:30:00,35.767,35.876,35.698,35.819,157843
2634,2022-08-12 08:25:00,35.806,35.826,35.718,35.74,100805
2635,2022-08-12 08:20:00,35.806,35.866,35.747,35.789,113671
2636,2022-08-12 08:15:00,35.708,35.817,35.659,35.78,77518
2637,2022-08-12 08:10:00,35.669,35.718,35.59,35.672,55627
2638,2022-08-12 08:05:00,35.61,35.679,35.551,35.632,79886
2639,2022-08-12 08:00:00,35.669,36.012,35.364,35.583,363240
2640,2022-08-12 07:55:00,35.659,35.699,35.59,35.613,36835
2641,2022-08-12 07:50:00,35.57,35.669,35.502,35.623,23981
2642,2022-08-12 07:45:00,35.6,35.64,35.551,35.564,20850
2643,2022-08-12 07:40:00,35.639,35.65,35.551,35.573,39669
2644,2022-08-12 07:35:00,35.619,35.669,35.57,35.613,28564
2645,2022-08-12 07:30:00,35.57,35.63,35.521,35.593,71613
2646,2022-08-12 07:25:00,35.521,35.581,35.482,35.544,25763
2647,2022-08-12 07:20:00,35.57,35.581,35.453,35.495,23914
2648,2022-08-12 07:15:00,35.6,35.61,35.521,35.544,27608
2649,2022-08-12 07:10:00,35.59,35.65,35.531,35.593,42132
2650,2022-08-12 07:05:00,35.521,35.6,35.453,35.564,41374
2651,2022-08-12 07:00:00,35.698,35.709,35.492,35.505,44237
2652,2022-08-12 06:55:00,35.747,35.758,35.61,35.672,13097
2653,2022-08-12 06:50:00,35.718,35.767,35.668,35.711,3550
2654,2022-08-12 06:45:00,35.698,35.748,35.649,35.681,10677
2655,2022-08-12 06:40:00,35.747,35.758,35.639,35.672,95768
2656,2022-08-12 06:35:00,35.806,35.826,35.698,35.711,3943
2657,2022-08-12 06:30:00,35.727,35.817,35.688,35.78,14102
2658,2022-08-12 06:25:00,35.727,35.758,35.668,35.701,9258
2659,2022-08-12 06:20:00,35.708,35.748,35.639,35.711,10679
2660,2022-08-12 06:15:00,35.718,35.767,35.659,35.681,17524
2661,2022-08-12 06:10:00,35.767,35.777,35.668,35.701,13352
2662,2022-08-12 06:05:00,35.796,35.807,35.698,35.731,32533
2663,2022-08-12 06:00:00,35.904,35.915,35.737,35.78,14930
2664,2022-08-12 05:55:00,35.953,35.984,35.845,35.878,11631
2665,2022-08-12 05:50:00,35.885,35.954,35.835,35.917,6949
2666,2022-08-12 05:45:00,35.865,35.895,35.816,35.829,7858
2667,2022-08-12 05:40:00,35.875,35.915,35.816,35.839,6367
2668,2022-08-12 05:35:00,35.836,35.895,35.796,35.839,2996
2669,2022-08-12 05:30:00,35.816,35.846,35.767,35.809,7910
2670,2022-08-12 05:25:00,35.865,35.885,35.776,35.789,11822
2671,2022-08-12 05:20:00,35.836,35.876,35.796,35.819,7418
2672,2022-08-12 05:15:00,35.806,35.866,35.757,35.819,8853
2673,2022-08-12 05:10:00,35.806,35.846,35.737,35.799,46113
2674,2022-08-12 05:05:00,35.855,35.866,35.737,35.789,14678
2675,2022-08-12 05:00:00,35.826,35.895,35.776,35.829,11317
2676,2022-08-12 04:55:00,35.885,35.905,35.767,35.789,26662
2677,2022-08-12 04:50:00,35.953,35.974,35.835,35.848,19157
2678,2022-08-12 04:45:00,35.983,35.993,35.894,35.917,8142
2679,2022-08-12 04:40:00,35.934,36.003,35.894,35.956,12273
2680,2022-08-12 04:35:00,35.914,35.944,35.855,35.897,6990
2681,2022-08-12 04:30:00,35.904,35.984,35.865,35.888,29740
2682,2022-08-12 04:25:00,35.885,35.964,35.825,35.878,28888
2683,2022-08-12 04:20:00,35.875,35.905,35.835,35.858,18918
2684,2022-08-12 04:15:00,35.836,35.876,35.796,35.829,109834
2685,2022-08-12 04:10:00,35.786,35.846,35.718,35.809,21160
2686,2022-08-12 04:05:00,35.836,35.846,35.737,35.77,29733
2687,2022-08-12 04:00:00,35.914,35.954,35.757,35.799,45825
2688,2022-08-11 19:55:00,35.393,35.443,35.354,35.397,38422
2689,2022-08-11 19:50:00,35.413,35.424,35.345,35.377,31459
2690,2022-08-11 19:45:00,35.374,35.424,35.335,35.367,19704
2691,2022-08-11 19:40:00,35.393,35.424,35.335,35.348,13823
2692,2022-08-11 19:35:00,35.403,35.433,35.354,35.377,18588
2693,2022-08-11 19:30:00,35.374,35.414,35.325,35.367,9121
2694,2022-08-11 19:25:00,35.374,35.433,35.335,35.387,20396
2695,2022-08-11 19:20:00,35.364,35.384,35.325,35.348,8127
2696,2022-08-11 19:15:00,35.384,35.394,35.325,35.338,13503
2697,2022-08-11 19:10:00,35.384,35.394,35.335,35.358,4506
2698,2022-08-11 19:05:00,35.364,35.384,35.286,35.348,8734
2699,2022-08-11 19:00:00,35.384,35.394,35.315,35.338,12028
2700,2022-08-11 18:55:00,35.335,35.374,35.296,35.338,7668
2701,2022-08-11 18:50:00,35.335,35.355,35.276,35.299,9645
2702,2022-08-11 18:45:00,35.295,35.345,35.247,35.308,12226
2703,2022-08-11 18:40:00,35.325,35.355,35.256,35.279,26390
2704,2022-08-11 18:35:00,35.384,35.394,35.286,35.308,7082
2705,2022-08-11 18:30:00,35.344,35.394,35.296,35.348,7808
2706,2022-08-11 18:25:00,35.354,35.365,35.305,35.318,3895
2707,2022-08-11 18:20:00,35.344,35.374,35.305,35.338,12682
2708,2022-08-11 18:15:00,35.413,35.424,35.296,35.308,21497
2709,2022-08-11 18:10:00,35.384,35.414,35.325,35.377,13228
2710,2022-08-11 18:05:00,35.364,35.384,35.305,35.328,12655
2711,2022-08-11 18:00:00,35.492,35.502,35.296,35.338,53041
2712,2022-08-11 17:55:00,35.472,35.502,35.423,35.466,8559
2713,2022-08-11 17:50:00,35.473,35.492,35.423,35.436,5938
2714,2022-08-11 17:45:00,35.472,35.483,35.423,35.44,2047
2715,2022-08-11 17:40:00,35.472,35.512,35.433,35.456,9828
2716,2022-08-11 17:35:00,35.492,35.502,35.433,35.446,4914
2717,2022-08-11 17:30:00,35.492,35.522,35.453,35.475,8464
2718,2022-08-11 17:25:00,35.521,35.532,35.453,35.495,5543
2719,2022-08-11 17:20:00,35.511,35.522,35.443,35.466,18476
2720,2022-08-11 17:15:00,35.492,35.522,35.453,35.485,6927
2721,2022-08-11 17:10:00,35.511,35.532,35.453,35.466,20104
2722,2022-08-11 17:05:00,35.492,35.532,35.453,35.485,27345
2723,2022-08-11 17:00:00,35.492,35.512,35.453,35.475,15496
2724,2022-08-11 16:55:00,35.492,35.512,35.443,35.466,45886
2725,2022-08-11 16:50:00,35.482,35.502,35.433,35.466,55272
2726,2022-08-11 16:45:00,35.482,35.492,35.423,35.456,46838
2727,2022-08-11 16:40:00,35.443,35.483,35.394,35.446,47047
2728,2022-08-11 16:35:00,35.462,35.483,35.394,35.407,51727
2729,2022-08-11 16:30:00,35.472,35.492,35.404,35.436,43278
2730,2022-08-11 16:25:00,35.403,35.483,35.364,35.446,44845
2731,2022-08-11 16:20:00,35.403,35.424,35.354,35.387,231854
2732,2022-08-11 16:15:00,35.393,35.424,35.354,35.387,55138
2733,2022-08-11 16:10:00,35.374,35.424,35.32,35.367,64811
2734,2022-08-11 16:05:00,35.393,35.414,35.305,35.328,135098
2735,2022-08-11 16:00:00,35.276,35.404,35.237,35.358,419466
2736,2022-08-11 15:55:00,35.315,35.335,35.119,35.24,1772584
2737,2022-08-11 15:50:00,35.123,35.352,35.001,35.294,3236242
2738,2022-08-11 15:45:00,35.187,35.207,35.011,35.092,1995985
2739,2022-08-11 15:40:00,35.192,35.286,35.109,35.171,1101783
2740,2022-08-11 15:35:00,35.364,35.374,35.109,35.161,1351083
2741,2022-08-11 15:30:00,35.285,35.414,35.168,35.338,1113162
2742,2022-08-11 15:25:00,35.198,35.335,35.157,35.259,1022978
2743,2022-08-11 15:20:00,35.28,35.355,35.148,35.171,897022
2744,2022-08-11 15:15:00,35.167,35.335,35.085,35.254,1319056
2745,2022-08-11 15:10:00,35.238,35.291,35.001,35.142,2098062
2746,2022-08-11 15:05:00,35.305,35.325,35.09,35.22,977406
2747,2022-08-11 15:00:00,35.3,35.355,35.197,35.274,1033071
2748,2022-08-11 14:55:00,35.099,35.355,35.06,35.269,1546527
2749,2022-08-11 14:50:00,35.413,35.424,35.05,35.073,1681257
2750,2022-08-11 14:45:00,35.393,35.433,35.286,35.377,757639
2751,2022-08-11 14:40:00,35.472,35.522,35.286,35.377,1378513
2752,2022-08-11 14:35:00,35.469,35.581,35.384,35.446,695569
2753,2022-08-11 14:30:00,35.6,35.63,35.374,35.436,1054452
2754,2022-08-11 14:25:00,35.608,35.666,35.511,35.573,725473
2755,2022-08-11 14:20:00,35.61,35.65,35.472,35.575,669335
2756,2022-08-11 14:15:00,35.493,35.65,35.404,35.583,1272978
2757,2022-08-11 14:10:00,35.619,35.659,35.433,35.47,1125586
2758,2022-08-11 14:05:00,35.659,35.689,35.541,35.588,939699
2759,2022-08-11 14:00:00,35.875,35.885,35.561,35.637,1442463
2760,2022-08-11 13:55:00,35.894,35.91,35.767,35.84,892512
2761,2022-08-11 13:50:00,35.94,36.033,35.811,35.868,859599
2762,2022-08-11 13:45:00,36.042,36.057,35.875,35.917,1016886
2763,2022-08-11 13:40:00,36.037,36.136,35.963,36.025,695103
2764,2022-08-11 13:35:00,35.944,36.092,35.904,36.007,698104
2765,2022-08-11 13:30:00,36.052,36.121,35.894,35.917,859297
2766,2022-08-11 13:25:00,36.179,36.205,36.002,36.035,741419
2767,2022-08-11 13:20:00,36.209,36.288,36.084,36.148,1279183
2768,2022-08-11 13:15:00,36.048,36.25,35.953,36.172,1220245
2769,2022-08-11 13:10:00,35.914,36.082,35.865,36.015,686379
2770,2022-08-11 13:05:00,35.963,36.072,35.845,35.888,870256
2771,2022-08-11 13:00:00,36.12,36.16,35.894,35.937,1094678
2772,2022-08-11 12:55:00,36.14,36.19,36.041,36.094,594566
2773,2022-08-11 12:50:00,36.061,36.17,35.997,36.104,890146
2774,2022-08-11 12:45:00,36.101,36.116,35.933,36.03,826926
2775,2022-08-11 12:40:00,36.101,36.16,36.022,36.074,824217
2776,2022-08-11 12:35:00,36.165,36.2,36.061,36.079,914225
2777,2022-08-11 12:30:00,36.003,36.2,35.943,36.143,1661637
2778,2022-08-11 12:25:00,35.806,36.023,35.737,35.983,1215068
2779,2022-08-11 12:20:00,35.87,35.895,35.713,35.779,792697
2780,2022-08-11 12:15:00,35.816,35.974,35.683,35.848,921775
2781,2022-08-11 12:10:00,35.806,35.915,35.691,35.789,892529
2782,2022-08-11 12:05:00,35.904,35.944,35.718,35.785,909820
2783,2022-08-11 12:00:00,35.865,36.003,35.786,35.868,914511
2784,2022-08-11 11:55:00,35.845,35.984,35.741,35.829,1323814
2785,2022-08-11 11:50:00,35.894,35.915,35.585,35.826,2156164
2786,2022-08-11 11:45:00,36.111,36.13,35.816,35.858,1539164
2787,2022-08-11 11:40:00,36.091,36.19,35.973,36.089,871514
2788,2022-08-11 11:35:00,36.12,36.239,35.982,36.064,1406831
2789,2022-08-11 11:30:00,36.081,36.241,36.003,36.094,1841581
2790,2022-08-11 11:25:00,35.953,36.121,35.825,36.05,1908843
2791,2022-08-11 11:20:00,35.753,35.99,35.708,35.917,2005657
2792,2022-08-11 11:15:00,36.086,36.21,35.708,35.723,2856297
2793,2022-08-11 11:10:00,36.064,36.166,35.924,36.064,2307212
2794,2022-08-11 11:05:00,36.415,36.475,35.943,36.044,3788577
2795,2022-08-11 11:00:00,36.641,36.699,36.375,36.398,1419485
2796,2022-08-11 10:55:00,36.67,36.711,36.522,36.596,1230093
2797,2022-08-11 10:50:00,36.554,36.711,36.473,36.643,1859540
2798,2022-08-11 10:45:00,36.757,36.78,36.425,36.535,2119461
2799,2022-08-11 10:40:00,36.946,36.986,36.63,36.73,2267375
2800,2022-08-11 10:35:00,37.024,37.143,36.866,36.918,2048182
2801,2022-08-11 10:30:00,36.934,37.094,36.888,36.997,2171821
2802,2022-08-11 10:25:00,37.054,37.084,36.885,36.904,1678543
2803,2022-08-11 10:20:00,37.314,37.332,37.003,37.026,2473857
2804,2022-08-11 10:15:00,37.164,37.359,37.111,37.286,2667547
2805,2022-08-11 10:10:00,37.034,37.222,36.988,37.134,2230549
2806,2022-08-11 10:05:00,36.958,37.124,36.915,37.002,2286391
2807,2022-08-11 10:00:00,36.7,36.986,36.66,36.928,2955265
2808,2022-08-11 09:55:00,36.67,36.73,36.552,36.664,1202558
2809,2022-08-11 09:50:00,36.705,36.809,36.583,36.643,1657623
2810,2022-08-11 09:45:00,36.602,36.809,36.426,36.683,2449711
2811,2022-08-11 09:40:00,36.582,36.858,36.512,36.569,3727743
2812,2022-08-11 09:35:00,36.425,36.672,36.355,36.535,2976280
2813,2022-08-11 09:30:00,36.67,36.789,36.355,36.398,5206491
2814,2022-08-11 09:25:00,36.621,36.711,36.571,36.653,266809
2815,2022-08-11 09:20:00,36.631,36.652,36.542,36.594,122347
2816,2022-08-11 09:15:00,36.715,36.73,36.581,36.604,100666
2817,2022-08-11 09:10:00,36.72,36.75,36.62,36.683,72902
2818,2022-08-11 09:05:00,36.72,36.74,36.611,36.702,197184
2819,2022-08-11 09:00:00,36.798,36.809,36.63,36.683,208816
2820,2022-08-11 08:55:00,36.71,36.839,36.66,36.761,265883
2821,2022-08-11 08:50:00,36.7,36.77,36.62,36.683,299310
2822,2022-08-11 08:45:00,36.641,36.75,36.571,36.673,445997
2823,2022-08-11 08:40:00,36.651,36.691,36.561,36.614,367398
2824,2022-08-11 08:35:00,36.454,36.681,36.326,36.633,493900
2825,2022-08-11 08:30:00,36.543,36.848,36.355,36.427,1008109
2826,2022-08-11 08:25:00,36.582,36.632,36.493,36.506,114252
2827,2022-08-11 08:20:00,36.523,36.622,36.444,36.545,117769
2828,2022-08-11 08:15:00,36.504,36.554,36.454,36.486,207825
2829,2022-08-11 08:10:00,36.425,36.514,36.375,36.467,86119
2830,2022-08-11 08:05:00,36.445,36.465,36.355,36.408,111722
2831,2022-08-11 08:00:00,36.071,36.485,35.935,36.418,511719
2832,2022-08-11 07:55:00,36.307,36.357,36.247,36.32,39556
2833,2022-08-11 07:50:00,36.317,36.357,36.257,36.28,39186
2834,2022-08-11 07:45:00,36.317,36.367,36.247,36.29,104034
2835,2022-08-11 07:40:00,36.307,36.337,36.218,36.29,85325
2836,2022-08-11 07:35:00,36.189,36.347,36.149,36.29,80833
2837,2022-08-11 07:30:00,36.15,36.21,36.1,36.162,21237
2838,2022-08-11 07:25:00,36.101,36.17,36.061,36.133,20892
2839,2022-08-11 07:20:00,36.15,36.161,36.051,36.074,10246
2840,2022-08-11 07:15:00,36.111,36.175,36.071,36.123,37156
2841,2022-08-11 07:10:00,36.111,36.13,36.022,36.074,73647
2842,2022-08-11 07:05:00,36.091,36.121,36.032,36.084,24363
2843,2022-08-11 07:00:00,36.071,36.102,35.992,36.064,34740
2844,2022-08-11 06:55:00,36.061,36.131,36.022,36.054,5555
2845,2022-08-11 06:50:00,36.071,36.082,35.963,36.035,12110
2846,2022-08-11 06:45:00,36.032,36.111,35.982,36.045,8850
2847,2022-08-11 06:40:00,36.081,36.092,35.982,35.996,16583
2848,2022-08-11 06:35:00,36.101,36.111,36.002,36.035,17639
2849,2022-08-11 06:30:00,36.052,36.131,36.012,36.064,16652
2850,2022-08-11 06:25:00,36.042,36.072,35.963,36.025,7530
2851,2022-08-11 06:20:00,36.052,36.062,35.973,36.015,11954
2852,2022-08-11 06:15:00,36.071,36.082,35.963,36.015,16667
2853,2022-08-11 06:10:00,36.042,36.082,36.002,36.045,8490
2854,2022-08-11 06:05:00,36.091,36.102,36.002,36.015,9718
2855,2022-08-11 06:00:00,36.17,36.18,36.032,36.064,6908
2856,2022-08-11 05:55:00,36.199,36.229,36.13,36.143,14401
2857,2022-08-11 05:50:00,36.238,36.259,36.14,36.172,24873
2858,2022-08-11 05:45:00,36.219,36.269,36.159,36.212,24670
2859,2022-08-11 05:40:00,36.189,36.229,36.1,36.192,25923
2860,2022-08-11 05:35:00,36.219,36.278,36.159,36.172,46482
2861,2022-08-11 05:30:00,36.111,36.249,36.071,36.202,23986
2862,2022-08-11 05:25:00,36.042,36.131,36.002,36.074,35353
2863,2022-08-11 05:20:00,36.071,36.102,36.012,36.025,23601
2864,2022-08-11 05:15:00,35.993,36.062,35.943,36.005,18369
2865,2022-08-11 05:10:00,35.983,36.023,35.933,35.956,6186
2866,2022-08-11 05:05:00,36.052,36.072,35.924,35.937,9015
2867,2022-08-11 05:00:00,36.032,36.092,35.992,36.035,35023
2868,2022-08-11 04:55:00,35.924,36.043,35.884,35.996,40734
2869,2022-08-11 04:50:00,35.993,36.023,35.806,35.907,86950
2870,2022-08-11 04:45:00,36.101,36.111,35.963,36.005,25007
2871,2022-08-11 04:40:00,36.081,36.141,36.022,36.064,22134
2872,2022-08-11 04:35:00,36.101,36.161,36.032,36.045,8554
2873,2022-08-11 04:30:00,36.091,36.131,35.982,36.074,16044
2874,2022-08-11 04:25:00,36.15,36.161,36.032,36.064,32953
2875,2022-08-11 04:20:00,36.258,36.269,36.1,36.143,37925
2876,2022-08-11 04:15:00,36.16,36.269,36.11,36.231,57915
2877,2022-08-11 04:10:00,36.17,36.21,36.12,36.143,24589
2878,2022-08-11 04:05:00,36.15,36.2,36.071,36.133,47447
2879,2022-08-11 04:00:00,36.297,36.308,35.963,36.143,133105
2880,2022-08-10 19:55:00,35.924,35.964,35.875,35.907,70893
2881,2022-08-10 19:50:00,35.904,35.944,35.865,35.897,24492
2882,2022-08-10 19:45:00,35.894,35.925,35.845,35.868,35634
2883,2022-08-10 19:40:00,35.865,35.905,35.816,35.868,77386
2884,2022-08-10 19:35:00,35.865,35.876,35.816,35.829,33521
2885,2022-08-10 19:30:00,35.875,35.905,35.816,35.839,16153
2886,2022-08-10 19:25:00,35.836,35.885,35.796,35.848,18100
2887,2022-08-10 19:20:00,35.836,35.856,35.796,35.819,7207
2888,2022-08-10 19:15:00,35.836,35.866,35.776,35.809,28194
2889,2022-08-10 19:10:00,35.845,35.856,35.776,35.819,9273
2890,2022-08-10 19:05:00,35.826,35.846,35.767,35.789,19333
2891,2022-08-10 19:00:00,35.747,35.846,35.708,35.789,41124
2892,2022-08-10 18:55:00,35.737,35.767,35.688,35.731,16688
2893,2022-08-10 18:50:00,35.737,35.767,35.688,35.721,13006
2894,2022-08-10 18:45:00,35.747,35.767,35.688,35.721,14606
2895,2022-08-10 18:40:00,35.737,35.777,35.688,35.731,9598
2896,2022-08-10 18:35:00,35.747,35.767,35.688,35.701,19967
2897,2022-08-10 18:30:00,35.718,35.758,35.678,35.701,14035
2898,2022-08-10 18:25:00,35.737,35.748,35.668,35.701,20643
2899,2022-08-10 18:20:00,35.737,35.767,35.698,35.711,6397
2900,2022-08-10 18:15:00,35.708,35.738,35.668,35.701,22283
2901,2022-08-10 18:10:00,35.757,35.767,35.668,35.691,27124
2902,2022-08-10 18:05:00,35.767,35.777,35.708,35.721,11940
2903,2022-08-10 18:00:00,35.826,35.836,35.688,35.75,21719
2904,2022-08-10 17:55:00,35.816,35.866,35.767,35.809,16656
2905,2022-08-10 17:50:00,35.826,35.866,35.776,35.789,7233
2906,2022-08-10 17:45:00,35.845,35.856,35.776,35.799,5711
2907,2022-08-10 17:40:00,35.836,35.876,35.796,35.819,7662
2908,2022-08-10 17:35:00,35.816,35.876,35.767,35.809,35802
2909,2022-08-10 17:30:00,35.747,35.817,35.708,35.78,12214
2910,2022-08-10 17:25:00,35.767,35.787,35.698,35.731,3700
2911,2022-08-10 17:20:00,35.747,35.807,35.708,35.731,8389
2912,2022-08-10 17:15:00,35.777,35.817,35.718,35.74,14264
2913,2022-08-10 17:10:00,35.747,35.787,35.708,35.75,23708
2914,2022-08-10 17:05:00,35.806,35.817,35.718,35.731,35080
2915,2022-08-10 17:00:00,35.777,35.846,35.718,35.789,11526
2916,2022-08-10 16:55:00,35.826,35.836,35.737,35.75,23846
2917,2022-08-10 16:50:00,35.836,35.846,35.767,35.789,11654
2918,2022-08-10 16:45:00,35.85,35.861,35.776,35.809,33277
2919,2022-08-10 16:40:00,35.865,35.88,35.806,35.819,38642
2920,2022-08-10 16:35:00,35.875,35.895,35.825,35.839,88167
2921,2022-08-10 16:30:00,35.826,35.885,35.786,35.848,42242
2922,2022-08-10 16:25:00,35.809,35.826,35.767,35.789,23429
2923,2022-08-10 16:20:00,35.806,35.836,35.757,35.789,13345
2924,2022-08-10 16:15:00,35.777,35.846,35.727,35.78,71015
2925,2022-08-10 16:10:00,35.796,35.817,35.718,35.74,61310
2926,2022-08-10 16:05:00,35.836,35.851,35.747,35.77,76519
2927,2022-08-10 16:00:00,35.894,35.925,35.776,35.789,330631
2928,2022-08-10 15:55:00,35.939,35.974,35.776,35.868,2073307
2929,2022-08-10 15:50:00,35.885,36.003,35.767,35.915,1750401
2930,2022-08-10 15:45:00,35.924,35.993,35.796,35.856,2034395
2931,2022-08-10 15:40:00,35.85,35.944,35.757,35.899,1775140
2932,2022-08-10 15:35:00,35.737,35.876,35.678,35.821,1882652
2933,2022-08-10 15:30:00,35.772,35.782,35.649,35.711,1149879
2934,2022-08-10 15:25:00,35.765,35.807,35.678,35.745,1016658
2935,2022-08-10 15:20:00,35.683,35.787,35.6,35.731,1374461
2936,2022-08-10 15:15:00,35.614,35.699,35.531,35.655,724135
2937,2022-08-10 15:10:00,35.502,35.64,35.463,35.588,688405
2938,2022-08-10 15:05:00,35.58,35.6,35.422,35.48,800591
2939,2022-08-10 15:00:00,35.462,35.596,35.374,35.554,969932
2940,2022-08-10 14:55:00,35.57,35.591,35.414,35.451,1064058
2941,2022-08-10 14:50:00,35.565,35.63,35.502,35.544,587235
2942,2022-08-10 14:45:00,35.698,35.723,35.521,35.544,785982
2943,2022-08-10 14:40:00,35.673,35.748,35.61,35.672,521554
2944,2022-08-10 14:35:00,35.659,35.728,35.59,35.642,634351
2945,2022-08-10 14:30:00,35.639,35.689,35.472,35.637,784763
2946,2022-08-10 14:25:00,35.639,35.689,35.57,35.613,365131
2947,2022-08-10 14:20:00,35.6,35.684,35.541,35.603,715451
2948,2022-08-10 14:15:00,35.615,35.679,35.546,35.573,747149
2949,2022-08-10 14:10:00,35.698,35.728,35.565,35.593,582360
2950,2022-08-10 14:05:00,35.781,35.797,35.634,35.677,595116
2951,2022-08-10 14:00:00,35.713,35.796,35.637,35.76,797619
2952,2022-08-10 13:55:00,35.791,35.866,35.605,35.687,1713006
2953,2022-08-10 13:50:00,35.791,35.817,35.708,35.765,969567
2954,2022-08-10 13:45:00,35.669,35.802,35.603,35.76,1467133
2955,2022-08-10 13:40:00,35.624,35.689,35.551,35.642,966582
2956,2022-08-10 13:35:00,35.57,35.635,35.485,35.598,668089
2957,2022-08-10 13:30:00,35.549,35.62,35.404,35.544,1016920
2958,2022-08-10 13:25:00,35.634,35.669,35.502,35.524,957753
2959,2022-08-10 13:20:00,35.596,35.654,35.502,35.613,714894
2960,2022-08-10 13:15:00,35.57,35.63,35.502,35.573,774716
2961,2022-08-10 13:10:00,35.492,35.6,35.453,35.544,1385250
2962,2022-08-10 13:05:00,35.402,35.512,35.33,35.461,631941
2963,2022-08-10 13:00:00,35.487,35.502,35.276,35.377,937080
2964,2022-08-10 12:55:00,35.487,35.532,35.389,35.464,606433
2965,2022-08-10 12:50:00,35.443,35.512,35.336,35.461,818426
2966,2022-08-10 12:45:00,35.511,35.541,35.374,35.426,643672
2967,2022-08-10 12:40:00,35.536,35.571,35.394,35.48,932909
2968,2022-08-10 12:35:00,35.482,35.561,35.433,35.505,830783
2969,2022-08-10 12:30:00,35.462,35.522,35.374,35.456,930253
2970,2022-08-10 12:25:00,35.393,35.483,35.305,35.431,952707
2971,2022-08-10 12:20:00,35.403,35.443,35.247,35.367,1706965
2972,2022-08-10 12:15:00,35.59,35.659,35.335,35.387,1245114
2973,2022-08-10 12:10:00,35.629,35.679,35.541,35.564,667860
2974,2022-08-10 12:05:00,35.718,35.728,35.521,35.598,1078604
2975,2022-08-10 12:00:00,35.764,35.846,35.629,35.691,1556348
2976,2022-08-10 11:55:00,35.763,35.797,35.668,35.738,1109901
2977,2022-08-10 11:50:00,35.698,35.787,35.57,35.74,1039426
2978,2022-08-10 11:45:00,35.678,35.767,35.561,35.667,1416923
2979,2022-08-10 11:40:00,35.541,35.709,35.492,35.647,969182
2980,2022-08-10 11:35:00,35.622,35.664,35.453,35.519,1533023
2981,2022-08-10 11:30:00,35.59,35.738,35.541,35.597,1601422
2982,2022-08-10 11:25:00,35.595,35.63,35.514,35.573,833446
2983,2022-08-10 11:20:00,35.521,35.64,35.467,35.573,1270384
2984,2022-08-10 11:15:00,35.533,35.581,35.374,35.485,1210616
2985,2022-08-10 11:10:00,35.659,35.689,35.404,35.515,1933663
2986,2022-08-10 11:05:00,35.688,35.807,35.59,35.626,2741237
2987,2022-08-10 11:00:00,35.403,35.699,35.364,35.662,3695445
2988,2022-08-10 10:55:00,35.387,35.443,35.286,35.367,1193798
2989,2022-08-10 10:50:00,35.344,35.483,35.298,35.358,1575655
2990,2022-08-10 10:45:00,35.354,35.424,35.247,35.299,1372028
2991,2022-08-10 10:40:00,35.168,35.404,35.109,35.318,1737642
2992,2022-08-10 10:35:00,35.148,35.254,35.05,35.142,1377481
2993,2022-08-10 10:30:00,35.03,35.168,34.913,35.117,1310742
2994,2022-08-10 10:25:00,34.933,35.099,34.893,35.004,1293554
2995,2022-08-10 10:20:00,34.851,35.04,34.648,34.916,3189168
2996,2022-08-10 10:15:00,35.04,35.129,34.795,34.81,2319352
2997,2022-08-10 10:10:00,35.285,35.394,34.923,35.014,2346593
2998,2022-08-10 10:05:00,35.325,35.414,35.143,35.264,1487635
2999,2022-08-10 10:00:00,35.305,35.433,35.08,35.304,2334702
3000,2022-08-10 09:55:00,35.148,35.334,35.021,35.279,2541086
3001,2022-08-10 09:50:00,35.492,35.541,35.09,35.122,2904381
3002,2022-08-10 09:45:00,35.284,35.512,35.178,35.461,3995255
3003,2022-08-10 09:40:00,34.986,35.315,34.893,35.25,3605927
3004,2022-08-10 09:35:00,35.207,35.266,34.942,34.963,4096212
3005,2022-08-10 09:30:00,35.497,35.61,35.124,35.176,7206011
3006,2022-08-10 09:25:00,35.325,35.532,35.227,35.456,447273
3007,2022-08-10 09:20:00,35.374,35.384,35.256,35.289,257218
3008,2022-08-10 09:15:00,35.276,35.424,35.237,35.353,412166
3009,2022-08-10 09:10:00,35.354,35.374,35.207,35.24,398578
3010,2022-08-10 09:05:00,35.423,35.443,35.256,35.338,381471
3011,2022-08-10 09:00:00,35.374,35.472,35.325,35.407,346962
3012,2022-08-10 08:55:00,35.472,35.551,35.325,35.358,583304
3013,2022-08-10 08:50:00,35.531,35.551,35.374,35.446,572036
3014,2022-08-10 08:45:00,35.492,35.63,35.364,35.515,676509
3015,2022-08-10 08:40:00,35.443,35.689,35.335,35.475,1405071
3016,2022-08-10 08:35:00,35.393,35.561,35.227,35.407,1312311
3017,2022-08-10 08:30:00,33.596,35.767,33.549,35.367,3638073
3018,2022-08-10 08:25:00,33.557,33.979,33.51,33.62,320711
3019,2022-08-10 08:20:00,33.586,33.625,33.51,33.522,99054
3020,2022-08-10 08:15:00,33.655,33.675,33.52,33.571,128064
3021,2022-08-10 08:10:00,33.566,33.665,33.529,33.62,139919
3022,2022-08-10 08:05:00,33.537,33.635,33.5,33.542,111427
3023,2022-08-10 08:00:00,33.331,33.605,32.578,33.512,261913
3024,2022-08-10 07:55:00,33.478,33.557,33.441,33.522,44075
3025,2022-08-10 07:50:00,33.498,33.527,33.431,33.453,15975
3026,2022-08-10 07:45:00,33.507,33.517,33.412,33.463,71316
3027,2022-08-10 07:40:00,33.488,33.537,33.431,33.483,30010
3028,2022-08-10 07:35:00,33.498,33.507,33.431,33.463,16511
3029,2022-08-10 07:30:00,33.439,33.507,33.392,33.473,55078
3030,2022-08-10 07:25:00,33.468,33.498,33.402,33.414,149879
3031,2022-08-10 07:20:00,33.409,33.488,33.363,33.434,25083
3032,2022-08-10 07:15:00,33.409,33.429,33.343,33.384,47704
3033,2022-08-10 07:10:00,33.419,33.488,33.382,33.394,48649
3034,2022-08-10 07:05:00,33.37,33.439,33.333,33.404,112714
3035,2022-08-10 07:00:00,33.321,33.37,33.245,33.335,67896
3036,2022-08-10 06:55:00,33.291,33.37,33.255,33.306,19478
3037,2022-08-10 06:50:00,33.262,33.301,33.225,33.247,5434
3038,2022-08-10 06:45:00,33.311,33.35,33.215,33.227,25251
3039,2022-08-10 06:40:00,33.38,33.39,33.274,33.286,11314
3040,2022-08-10 06:35:00,33.38,33.39,33.313,33.335,6743
3041,2022-08-10 06:30:00,33.39,33.399,33.313,33.345,8187
3042,2022-08-10 06:25:00,33.399,33.429,33.343,33.375,6183
3043,2022-08-10 06:20:00,33.409,33.419,33.333,33.365,8968
3044,2022-08-10 06:15:00,33.399,33.449,33.363,33.414,13594
3045,2022-08-10 06:10:00,33.35,33.399,33.313,33.365,9507
3046,2022-08-10 06:05:00,33.39,33.409,33.313,33.335,16796
3047,2022-08-10 06:00:00,33.448,33.458,33.323,33.365,12390
3048,2022-08-10 05:55:00,33.409,33.458,33.372,33.424,7573
3049,2022-08-10 05:50:00,33.429,33.439,33.353,33.384,22410
3050,2022-08-10 05:45:00,33.488,33.498,33.392,33.404,53566
3051,2022-08-10 05:40:00,33.488,33.507,33.431,33.443,5618
3052,2022-08-10 05:35:00,33.498,33.507,33.431,33.453,5134
3053,2022-08-10 05:30:00,33.478,33.507,33.431,33.463,7205
3054,2022-08-10 05:25:00,33.488,33.517,33.412,33.463,8486
3055,2022-08-10 05:20:00,33.527,33.547,33.461,33.473,20654
3056,2022-08-10 05:15:00,33.547,33.557,33.48,33.502,8662
3057,2022-08-10 05:10:00,33.527,33.576,33.49,33.522,6210
3058,2022-08-10 05:05:00,33.635,33.645,33.48,33.502,14450
3059,2022-08-10 05:00:00,33.566,33.675,33.48,33.61,35637
3060,2022-08-10 04:55:00,33.586,33.606,33.49,33.551,25204
3061,2022-08-10 04:50:00,33.566,33.596,33.52,33.551,16896
3062,2022-08-10 04:45:00,33.547,33.596,33.5,33.542,21858
3063,2022-08-10 04:40:00,33.429,33.606,33.392,33.512,42256
3064,2022-08-10 04:35:00,33.507,33.527,33.402,33.424,17189
3065,2022-08-10 04:30:00,33.37,33.537,33.333,33.483,37171
3066,2022-08-10 04:25:00,33.281,33.38,33.215,33.345,22982
3067,2022-08-10 04:20:00,33.164,33.321,33.127,33.247,22432
3068,2022-08-10 04:15:00,33.203,33.232,33.137,33.149,11997
3069,2022-08-10 04:10:00,33.173,33.232,33.137,33.178,15106
3070,2022-08-10 04:05:00,33.164,33.203,33.098,33.149,155073
3071,2022-08-10 04:00:00,33.232,33.242,33.039,33.129,166323
3072,2022-08-09 19:55:00,33.262,33.311,33.196,33.257,117083
3073,2022-08-09 19:50:00,33.223,33.281,33.186,33.237,13825
3074,2022-08-09 19:45:00,33.173,33.252,33.137,33.208,26812
3075,2022-08-09 19:40:00,33.203,33.222,33.137,33.159,13801
3076,2022-08-09 19:35:00,33.203,33.222,33.156,33.169,7730
3077,2022-08-09 19:30:00,33.203,33.213,33.156,33.169,3190
3078,2022-08-09 19:25:00,33.203,33.232,33.166,33.178,12788
3079,2022-08-09 19:20:00,33.242,33.291,33.166,33.178,9053
3080,2022-08-09 19:15:00,33.262,33.281,33.196,33.208,5522
3081,2022-08-09 19:10:00,33.262,33.281,33.215,33.237,6884
3082,2022-08-09 19:05:00,33.272,33.281,33.215,33.237,6412
3083,2022-08-09 19:00:00,33.223,33.291,33.166,33.247,14275
3084,2022-08-09 18:55:00,33.242,33.252,33.186,33.198,6424
3085,2022-08-09 18:50:00,33.213,33.242,33.176,33.198,3792
3086,2022-08-09 18:45:00,33.203,33.232,33.166,33.188,6952
3087,2022-08-09 18:40:00,33.203,33.222,33.156,33.169,4089
3088,2022-08-09 18:35:00,33.213,33.222,33.156,33.169,17714
3089,2022-08-09 18:30:00,33.262,33.272,33.166,33.188,18310
3090,2022-08-09 18:25:00,33.252,33.281,33.215,33.247,12629
3091,2022-08-09 18:20:00,33.281,33.291,33.235,33.257,7259
3092,2022-08-09 18:15:00,33.252,33.301,33.215,33.257,11029
3093,2022-08-09 18:10:00,33.232,33.262,33.186,33.218,10673
3094,2022-08-09 18:05:00,33.242,33.272,33.196,33.208,6207
3095,2022-08-09 18:00:00,33.193,33.262,33.156,33.218,22743
3096,2022-08-09 17:55:00,33.193,33.213,33.147,33.169,7186
3097,2022-08-09 17:50:00,33.173,33.213,33.137,33.169,18048
3098,2022-08-09 17:45:00,33.183,33.203,33.137,33.159,4441
3099,2022-08-09 17:40:00,33.193,33.203,33.137,33.169,9623
3100,2022-08-09 17:35:00,33.193,33.213,33.137,33.149,13961
3101,2022-08-09 17:30:00,33.223,33.252,33.166,33.178,4238
3102,2022-08-09 17:25:00,33.232,33.242,33.166,33.188,12287
3103,2022-08-09 17:20:00,33.252,33.262,33.196,33.208,5070
3104,2022-08-09 17:15:00,33.281,33.291,33.196,33.227,16497
3105,2022-08-09 17:10:00,33.291,33.311,33.225,33.257,16638
3106,2022-08-09 17:05:00,33.301,33.311,33.245,33.267,5954
3107,2022-08-09 17:00:00,33.291,33.321,33.245,33.277,34493
3108,2022-08-09 16:55:00,33.242,33.301,33.206,33.267,48414
3109,2022-08-09 16:50:00,33.252,33.272,33.206,33.227,16748
3110,2022-08-09 16:45:00,33.232,33.262,33.186,33.227,18417
3111,2022-08-09 16:40:00,33.232,33.242,33.186,33.208,4947
3112,2022-08-09 16:35:00,33.223,33.252,33.186,33.198,31733
3113,2022-08-09 16:30:00,33.252,33.262,33.186,33.208,10396
3114,2022-08-09 16:25:00,33.134,33.262,33.098,33.218,16170
3115,2022-08-09 16:20:00,33.232,33.272,33.196,33.218,58787
3116,2022-08-09 16:15:00,33.247,33.262,33.166,33.208,80827
3117,2022-08-09 16:10:00,33.223,33.291,33.186,33.237,64058
3118,2022-08-09 16:05:00,33.262,33.281,33.166,33.198,66425
3119,2022-08-09 16:00:00,33.124,33.281,33.088,33.227,398549
3120,2022-08-09 15:55:00,33.134,33.173,33.029,33.1,1810000
3121,2022-08-09 15:50:00,33.164,33.281,33.063,33.11,1527373
3122,2022-08-09 15:45:00,33.114,33.213,33.039,33.139,1324124
3123,2022-08-09 15:40:00,33.213,33.291,33.068,33.094,897639
3124,2022-08-09 15:35:00,33.242,33.272,33.137,33.193,587717
3125,2022-08-09 15:30:00,33.252,33.326,33.166,33.212,882030
3126,2022-08-09 15:25:00,33.316,33.35,33.201,33.223,1097554
3127,2022-08-09 15:20:00,33.203,33.34,33.127,33.29,1613501
3128,2022-08-09 15:15:00,33.075,33.232,33.029,33.178,1227007
3129,2022-08-09 15:10:00,33.124,33.154,33.014,33.051,464117
3130,2022-08-09 15:05:00,33.08,33.159,33.0,33.105,576293
3131,2022-08-09 15:00:00,33.105,33.203,33.031,33.051,915693
3132,2022-08-09 14:55:00,33.171,33.277,33.068,33.09,1161646
3133,2022-08-09 14:50:00,33.09,33.272,33.049,33.155,1479692
3134,2022-08-09 14:45:00,32.956,33.122,32.916,33.061,1155871
3135,2022-08-09 14:40:00,32.967,33.001,32.872,32.932,628994
3136,2022-08-09 14:35:00,32.899,33.016,32.833,32.933,768948
3137,2022-08-09 14:30:00,32.849,32.942,32.789,32.879,660271
3138,2022-08-09 14:25:00,32.839,32.907,32.764,32.82,715148
3139,2022-08-09 14:20:00,32.918,32.957,32.768,32.815,864234
3140,2022-08-09 14:15:00,33.07,33.08,32.847,32.884,851309
3141,2022-08-09 14:10:00,33.095,33.124,32.999,33.046,551739
3142,2022-08-09 14:05:00,33.085,33.154,33.029,33.051,810243
3143,2022-08-09 14:00:00,33.07,33.193,33.009,33.056,968038
3144,2022-08-09 13:55:00,32.918,33.144,32.88,33.042,1603986
3145,2022-08-09 13:50:00,32.898,32.962,32.813,32.903,1033226
3146,2022-08-09 13:45:00,32.785,32.938,32.695,32.869,769864
3147,2022-08-09 13:40:00,32.79,32.82,32.637,32.766,1130868
3148,2022-08-09 13:35:00,32.873,32.893,32.749,32.771,719200
3149,2022-08-09 13:30:00,32.954,32.977,32.813,32.85,674755
3150,2022-08-09 13:25:00,32.918,32.973,32.823,32.928,734512
3151,2022-08-09 13:20:00,32.879,32.947,32.793,32.889,767935
3152,2022-08-09 13:15:00,32.849,32.957,32.769,32.845,1182936
3153,2022-08-09 13:10:00,32.757,32.898,32.667,32.831,908256
3154,2022-08-09 13:05:00,32.859,32.928,32.656,32.737,1445852
3155,2022-08-09 13:00:00,32.761,32.888,32.725,32.835,1261223
3156,2022-08-09 12:55:00,32.707,32.8,32.65,32.746,753256
3157,2022-08-09 12:50:00,32.751,32.77,32.597,32.683,792168
3158,2022-08-09 12:45:00,32.761,32.8,32.627,32.727,901102
3159,2022-08-09 12:40:00,32.79,32.81,32.666,32.737,656606
3160,2022-08-09 12:35:00,32.695,32.82,32.617,32.766,1056203
3161,2022-08-09 12:30:00,32.623,32.751,32.582,32.678,928275
3162,2022-08-09 12:25:00,32.726,32.829,32.568,32.609,1365765
3163,2022-08-09 12:20:00,32.784,32.869,32.656,32.697,1076302
3164,2022-08-09 12:15:00,32.859,32.928,32.744,32.761,754815
3165,2022-08-09 12:10:00,32.909,32.977,32.784,32.835,696060
3166,2022-08-09 12:05:00,32.987,33.026,32.867,32.884,732808
3167,2022-08-09 12:00:00,32.977,33.052,32.793,32.961,1090400
3168,2022-08-09 11:55:00,33.149,33.183,32.931,32.962,792803
3169,2022-08-09 11:50:00,33.178,33.208,32.941,33.119,1239638
3170,2022-08-09 11:45:00,33.139,33.242,33.091,33.149,647530
3171,2022-08-09 11:40:00,33.178,33.301,33.088,33.115,734742
3172,2022-08-09 11:35:00,33.183,33.281,33.088,33.159,649822
3173,2022-08-09 11:30:00,33.262,33.34,33.098,33.159,1056904
3174,2022-08-09 11:25:00,33.281,33.429,33.166,33.232,1233147
3175,2022-08-09 11:20:00,33.281,33.386,33.215,33.257,1187051
3176,2022-08-09 11:15:00,33.173,33.375,33.073,33.262,1924102
3177,2022-08-09 11:10:00,32.874,33.183,32.793,33.149,1253124
3178,2022-08-09 11:05:00,32.771,32.947,32.725,32.845,1217691
3179,2022-08-09 11:00:00,33.105,33.128,32.739,32.755,1825878
3180,2022-08-09 10:55:00,33.105,33.154,32.999,33.08,971003
3181,2022-08-09 10:50:00,33.232,33.385,33.068,33.08,1703605
3182,2022-08-09 10:45:00,33.119,33.247,32.921,33.206,1296095
3183,2022-08-09 10:40:00,33.164,33.213,32.99,33.1,1241766
3184,2022-08-09 10:35:00,33.223,33.272,33.039,33.134,1778253
3185,2022-08-09 10:30:00,33.095,33.262,32.941,33.198,1922235
3186,2022-08-09 10:25:00,32.81,33.114,32.774,33.07,1799625
3187,2022-08-09 10:20:00,32.997,33.105,32.739,32.776,1692966
3188,2022-08-09 10:15:00,32.859,33.026,32.754,32.977,1888769
3189,2022-08-09 10:10:00,32.702,32.996,32.646,32.835,1979215
3190,2022-08-09 10:05:00,32.913,32.946,32.666,32.683,1858188
3191,2022-08-09 10:00:00,32.898,32.977,32.715,32.894,1998072
3192,2022-08-09 09:55:00,33.08,33.134,32.803,32.884,2816517
3193,2022-08-09 09:50:00,33.34,33.488,33.004,33.055,2025924
3194,2022-08-09 09:45:00,33.5,33.625,33.235,33.311,2444068
3195,2022-08-09 09:40:00,33.252,33.557,33.156,33.475,2564531
3196,2022-08-09 09:35:00,33.223,33.458,33.137,33.227,2904214
3197,2022-08-09 09:30:00,33.674,33.773,33.137,33.205,5258519
3198,2022-08-09 09:25:00,33.684,33.694,33.549,33.65,152676
3199,2022-08-09 09:20:00,33.606,33.714,33.559,33.664,68704
3200,2022-08-09 09:15:00,33.625,33.645,33.529,33.591,93993
3201,2022-08-09 09:10:00,33.684,33.714,33.569,33.6,60144
3202,2022-08-09 09:05:00,33.723,33.763,33.618,33.659,78743
3203,2022-08-09 09:00:00,33.684,33.733,33.598,33.699,46194
3204,2022-08-09 08:55:00,33.704,33.724,33.637,33.659,27776
3205,2022-08-09 08:50:00,33.694,33.714,33.598,33.669,67035
3206,2022-08-09 08:45:00,33.684,33.753,33.627,33.679,32036
3207,2022-08-09 08:40:00,33.753,33.783,33.627,33.659,41396
3208,2022-08-09 08:35:00,33.763,33.783,33.686,33.708,52542
3209,2022-08-09 08:30:00,33.694,33.792,33.588,33.738,105792
3210,2022-08-09 08:25:00,33.723,33.763,33.647,33.669,71662
3211,2022-08-09 08:20:00,33.625,33.753,33.588,33.708,82658
3212,2022-08-09 08:15:00,33.557,33.655,33.52,33.6,93283
3213,2022-08-09 08:10:00,33.566,33.616,33.461,33.531,329030
3214,2022-08-09 08:05:00,33.694,33.704,33.51,33.532,66902
3215,2022-08-09 08:00:00,33.802,34.667,33.529,33.659,361214
3216,2022-08-09 07:55:00,33.665,33.675,33.559,33.571,37055
3217,2022-08-09 07:50:00,33.615,33.684,33.559,33.64,47768
3218,2022-08-09 07:45:00,33.615,33.645,33.539,33.6,66787
3219,2022-08-09 07:40:00,33.792,33.802,33.52,33.591,112260
3220,2022-08-09 07:35:00,33.861,33.901,33.735,33.767,21825
3221,2022-08-09 07:30:00,33.763,33.861,33.696,33.826,16127
3222,2022-08-09 07:25:00,33.841,33.851,33.706,33.748,32038
3223,2022-08-09 07:20:00,33.881,33.909,33.784,33.816,23432
3224,2022-08-09 07:15:00,33.9,33.93,33.804,33.836,37160
3225,2022-08-09 07:10:00,33.861,33.94,33.814,33.875,42522
3226,2022-08-09 07:05:00,33.9,33.91,33.814,33.846,54523
3227,2022-08-09 07:00:00,33.792,33.94,33.755,33.875,88171
3228,2022-08-09 06:55:00,33.743,33.802,33.667,33.758,17520
3229,2022-08-09 06:50:00,33.733,33.783,33.647,33.738,12176
3230,2022-08-09 06:45:00,33.733,33.792,33.657,33.708,24066
3231,2022-08-09 06:40:00,33.792,33.822,33.696,33.708,52256
3232,2022-08-09 06:35:00,33.723,33.783,33.647,33.748,35889
3233,2022-08-09 06:30:00,33.763,33.783,33.667,33.708,18806
3234,2022-08-09 06:25:00,33.822,33.832,33.696,33.748,78717
3235,2022-08-09 06:20:00,33.92,33.93,33.716,33.797,44815
3236,2022-08-09 06:15:00,33.92,33.94,33.804,33.905,161515
3237,2022-08-09 06:10:00,34.107,34.117,33.873,33.885,26570
3238,2022-08-09 06:05:00,34.185,34.195,34.098,34.111,7820
3239,2022-08-09 06:00:00,34.185,34.225,34.138,34.16,10084
3240,2022-08-09 05:55:00,34.244,34.254,34.128,34.17,15268
3241,2022-08-09 05:50:00,34.313,34.333,34.226,34.238,9233
3242,2022-08-09 05:45:00,34.293,34.323,34.226,34.288,11315
3243,2022-08-09 05:40:00,34.274,34.313,34.226,34.268,11421
3244,2022-08-09 05:35:00,34.313,34.333,34.246,34.258,3972
3245,2022-08-09 05:30:00,34.283,34.303,34.226,34.258,9274
3246,2022-08-09 05:25:00,34.342,34.353,34.255,34.278,15887
3247,2022-08-09 05:20:00,34.401,34.411,34.295,34.327,16100
3248,2022-08-09 05:15:00,34.411,34.441,34.363,34.386,3525
3249,2022-08-09 05:10:00,34.421,34.431,34.363,34.376,3685
3250,2022-08-09 05:05:00,34.441,34.451,34.363,34.386,4393
3251,2022-08-09 05:00:00,34.401,34.451,34.363,34.415,2136
3252,2022-08-09 04:55:00,34.382,34.431,34.344,34.366,7069
3253,2022-08-09 04:50:00,34.372,34.411,34.314,34.356,11376
3254,2022-08-09 04:45:00,34.401,34.421,34.344,34.356,15290
3255,2022-08-09 04:40:00,34.45,34.48,34.363,34.376,12111
3256,2022-08-09 04:35:00,34.441,34.49,34.363,34.435,17908
3257,2022-08-09 04:30:00,34.431,34.461,34.344,34.415,24123
3258,2022-08-09 04:25:00,34.401,34.421,34.334,34.376,15629
3259,2022-08-09 04:20:00,34.313,34.431,34.275,34.396,75220
3260,2022-08-09 04:15:00,34.293,34.343,34.226,34.288,35759
3261,2022-08-09 04:10:00,34.215,34.303,34.177,34.258,22550
3262,2022-08-09 04:05:00,34.382,34.392,34.167,34.189,39176
3263,2022-08-09 04:00:00,34.391,34.618,34.314,34.356,52538
3264,2022-08-08 19:55:00,34.598,34.628,34.55,34.572,32920
3265,2022-08-08 19:50:00,34.617,34.637,34.56,34.572,35046
3266,2022-08-08 19:45:00,34.647,34.696,34.56,34.592,28510
3267,2022-08-08 19:40:00,34.686,34.696,34.609,34.621,7637
3268,2022-08-08 19:35:00,34.617,34.696,34.579,34.651,23492
3269,2022-08-08 19:30:00,34.598,34.667,34.56,34.592,43088
3270,2022-08-08 19:25:00,34.598,34.618,34.54,34.582,16859
3271,2022-08-08 19:20:00,34.578,34.598,34.53,34.553,24856
3272,2022-08-08 19:15:00,34.588,34.628,34.53,34.543,23749
3273,2022-08-08 19:10:00,34.5,34.628,34.462,34.572,81324
3274,2022-08-08 19:05:00,34.401,34.51,34.363,34.464,21481
3275,2022-08-08 19:00:00,34.421,34.441,34.344,34.366,10204
3276,2022-08-08 18:55:00,34.421,34.441,34.373,34.396,22548
3277,2022-08-08 18:50:00,34.411,34.441,34.373,34.405,13489
3278,2022-08-08 18:45:00,34.411,34.441,34.373,34.396,3841
3279,2022-08-08 18:40:00,34.441,34.451,34.373,34.386,10164
3280,2022-08-08 18:35:00,34.431,34.451,34.383,34.415,13131
3281,2022-08-08 18:30:00,34.431,34.451,34.393,34.405,2327
3282,2022-08-08 18:25:00,34.441,34.461,34.393,34.405,2014
3283,2022-08-08 18:20:00,34.47,34.48,34.403,34.415,5194
3284,2022-08-08 18:15:00,34.47,34.5,34.432,34.445,2969
3285,2022-08-08 18:10:00,34.441,34.529,34.403,34.484,39908
3286,2022-08-08 18:05:00,34.45,34.47,34.393,34.425,3489
3287,2022-08-08 18:00:00,34.47,34.48,34.403,34.435,19688
3288,2022-08-08 17:55:00,34.5,34.52,34.412,34.425,5742
3289,2022-08-08 17:50:00,34.5,34.52,34.452,34.484,2198
3290,2022-08-08 17:45:00,34.5,34.529,34.462,34.474,6311
3291,2022-08-08 17:40:00,34.441,34.52,34.403,34.484,8609
3292,2022-08-08 17:35:00,34.49,34.539,34.422,34.435,22165
3293,2022-08-08 17:30:00,34.5,34.52,34.452,34.464,8141
3294,2022-08-08 17:25:00,34.519,34.569,34.462,34.474,12710
3295,2022-08-08 17:20:00,34.529,34.569,34.462,34.533,6634
3296,2022-08-08 17:15:00,34.519,34.549,34.442,34.474,28961
3297,2022-08-08 17:10:00,34.509,34.539,34.422,34.435,9754
3298,2022-08-08 17:05:00,34.5,34.539,34.412,34.504,9977
3299,2022-08-08 17:00:00,34.519,34.569,34.412,34.425,4025
3300,2022-08-08 16:55:00,34.411,34.559,34.373,34.504,102070
3301,2022-08-08 16:50:00,34.401,34.441,34.363,34.396,40143
3302,2022-08-08 16:45:00,34.421,34.431,34.275,34.386,12816
3303,2022-08-08 16:40:00,34.401,34.421,34.363,34.386,4895
3304,2022-08-08 16:35:00,34.411,34.431,34.363,34.386,12856
3305,2022-08-08 16:30:00,34.401,34.426,34.354,34.391,9353
3306,2022-08-08 16:25:00,34.401,35.198,34.354,34.366,132489
3307,2022-08-08 16:20:00,34.411,34.441,34.354,34.376,35513
3308,2022-08-08 16:15:00,34.426,34.441,34.363,34.386,52293
3309,2022-08-08 16:10:00,34.421,34.446,34.363,34.396,61598
3310,2022-08-08 16:05:00,34.382,34.431,34.324,34.391,51581
3311,2022-08-08 16:00:00,34.313,34.441,34.246,34.356,625472
3312,2022-08-08 15:55:00,34.303,34.372,34.187,34.278,1838843
3313,2022-08-08 15:50:00,34.254,34.372,34.152,34.278,1365420
3314,2022-08-08 15:45:00,34.313,34.333,34.157,34.229,1024050
3315,2022-08-08 15:40:00,34.239,34.343,34.197,34.281,1381749
3316,2022-08-08 15:35:00,34.185,34.264,34.118,34.209,818445
3317,2022-08-08 15:30:00,34.136,34.235,33.991,34.16,930339
3318,2022-08-08 15:25:00,34.156,34.254,34.069,34.126,992270
3319,2022-08-08 15:20:00,34.047,34.254,33.971,34.135,1309657
3320,2022-08-08 15:15:00,34.126,34.146,33.883,34.018,1012898
3321,2022-08-08 15:10:00,34.092,34.176,33.951,34.101,762041
3322,2022-08-08 15:05:00,34.092,34.156,33.991,34.059,987323
3323,2022-08-08 15:00:00,34.036,34.156,33.986,34.063,1130979
3324,2022-08-08 14:55:00,33.841,34.112,33.804,34.014,977694
3325,2022-08-08 14:50:00,34.013,34.033,33.789,33.811,1305563
3326,2022-08-08 14:45:00,34.028,34.107,33.885,33.983,1349971
3327,2022-08-08 14:40:00,33.999,34.127,33.932,34.003,935010
3328,2022-08-08 14:35:00,34.116,34.131,33.922,33.964,1103843
3329,2022-08-08 14:30:00,34.126,34.192,33.961,34.102,1203714
3330,2022-08-08 14:25:00,34.092,34.195,33.981,34.106,982693
3331,2022-08-08 14:20:00,34.155,34.195,34.03,34.07,493967
3332,2022-08-08 14:15:00,34.146,34.205,33.988,34.131,930436
3333,2022-08-08 14:10:00,34.279,34.303,34.088,34.125,622008
3334,2022-08-08 14:05:00,34.136,34.294,33.951,34.248,1935750
3335,2022-08-08 14:00:00,34.549,34.559,34.103,34.116,1562625
3336,2022-08-08 13:55:00,34.495,34.588,34.442,34.515,912088
3337,2022-08-08 13:50:00,34.377,34.529,34.295,34.474,723011
3338,2022-08-08 13:45:00,34.47,34.49,34.295,34.346,665445
3339,2022-08-08 13:40:00,34.303,34.49,34.236,34.445,673936
3340,2022-08-08 13:35:00,34.426,34.448,34.187,34.276,1033580
3341,2022-08-08 13:30:00,34.363,34.505,34.305,34.398,953823
3342,2022-08-08 13:25:00,34.568,34.598,34.314,34.337,738037
3343,2022-08-08 13:20:00,34.657,34.672,34.373,34.534,1266119
3344,2022-08-08 13:15:00,34.608,34.726,34.555,34.631,1361740
3345,2022-08-08 13:10:00,34.48,34.677,34.412,34.587,1339232
3346,2022-08-08 13:05:00,34.352,34.559,34.304,34.459,1118003
3347,2022-08-08 13:00:00,34.421,34.441,34.275,34.327,725192
3348,2022-08-08 12:55:00,34.539,34.568,34.324,34.396,1112725
3349,2022-08-08 12:50:00,34.49,34.608,34.442,34.523,1285127
3350,2022-08-08 12:45:00,34.458,34.529,34.344,34.459,1089784
3351,2022-08-08 12:40:00,34.303,34.49,34.219,34.425,1657547
3352,2022-08-08 12:35:00,34.315,34.372,34.089,34.268,1690967
3353,2022-08-08 12:30:00,34.224,34.362,34.157,34.288,996967
3354,2022-08-08 12:25:00,34.382,34.47,34.148,34.201,1046744
3355,2022-08-08 12:20:00,34.205,34.451,34.148,34.361,1394103
3356,2022-08-08 12:15:00,34.46,34.497,34.089,34.189,1619515
3357,2022-08-08 12:10:00,34.558,34.677,34.344,34.435,1860284
3358,2022-08-08 12:05:00,34.834,34.87,34.462,34.534,1925128
3359,2022-08-08 12:00:00,34.873,34.942,34.766,34.803,1021059
3360,2022-08-08 11:55:00,34.862,34.932,34.766,34.837,1340228
3361,2022-08-08 11:50:00,34.588,34.898,34.55,34.828,2236568
3362,2022-08-08 11:45:00,34.509,34.647,34.412,34.565,1765855
3363,2022-08-08 11:40:00,34.784,34.863,34.383,34.484,2638351
3364,2022-08-08 11:35:00,35.123,35.198,34.707,34.759,1786262
3365,2022-08-08 11:30:00,35.099,35.266,35.04,35.093,1290389
3366,2022-08-08 11:25:00,35.182,35.246,35.031,35.073,1148930
3367,2022-08-08 11:20:00,35.224,35.325,35.129,35.166,1212774
3368,2022-08-08 11:15:00,35.386,35.404,35.08,35.2,2501764
3369,2022-08-08 11:10:00,35.551,35.61,35.325,35.367,1051228
3370,2022-08-08 11:05:00,35.669,35.699,35.462,35.524,978312
3371,2022-08-08 11:00:00,35.443,35.689,35.397,35.642,1640118
3372,2022-08-08 10:55:00,35.482,35.522,35.297,35.416,1207332
3373,2022-08-08 10:50:00,35.408,35.532,35.36,35.456,1225531
3374,2022-08-08 10:45:00,35.875,35.89,35.325,35.387,2250312
3375,2022-08-08 10:40:00,35.836,35.876,35.669,35.839,1205161
3376,2022-08-08 10:35:00,35.649,35.925,35.531,35.805,2084445
3377,2022-08-08 10:30:00,35.688,35.777,35.58,35.623,1207600
3378,2022-08-08 10:25:00,35.855,35.895,35.502,35.657,2185087
3379,2022-08-08 10:20:00,35.777,35.944,35.678,35.819,1459160
3380,2022-08-08 10:15:00,35.865,35.876,35.698,35.755,1471662
3381,2022-08-08 10:10:00,35.993,36.12,35.762,35.84,1606285
3382,2022-08-08 10:05:00,36.003,36.033,35.757,35.956,2290977
3383,2022-08-08 10:00:00,35.963,36.19,35.82,35.986,2541552
3384,2022-08-08 09:55:00,36.012,36.121,35.853,35.932,3142213
3385,2022-08-08 09:50:00,35.816,36.062,35.659,35.976,3248571
3386,2022-08-08 09:45:00,35.84,35.876,35.61,35.789,2902330
3387,2022-08-08 09:40:00,35.511,35.856,35.364,35.817,4120319
3388,2022-08-08 09:35:00,35.295,35.532,35.089,35.48,4477368
3389,2022-08-08 09:30:00,34.971,35.404,34.671,35.264,5607672
3390,2022-08-08 09:25:00,34.991,35.001,34.888,34.935,264330
3391,2022-08-08 09:20:00,35.051,35.061,34.913,34.975,172169
3392,2022-08-08 09:15:00,34.922,35.109,34.854,35.034,298761
3393,2022-08-08 09:10:00,34.961,35.05,34.825,34.906,283587
3394,2022-08-08 09:05:00,34.892,34.981,34.805,34.926,343912
3395,2022-08-08 09:00:00,35.61,35.63,34.844,34.867,463444
3396,2022-08-08 08:55:00,35.521,35.639,35.482,35.583,131177
3397,2022-08-08 08:50:00,35.482,35.541,35.433,35.495,60400
3398,2022-08-08 08:45:00,35.472,35.512,35.374,35.456,79417
3399,2022-08-08 08:40:00,35.443,35.483,35.394,35.436,46289
3400,2022-08-08 08:35:00,35.472,35.502,35.354,35.407,97197
3401,2022-08-08 08:30:00,35.541,35.561,35.423,35.436,134102
3402,2022-08-08 08:25:00,35.462,35.561,35.423,35.515,211692
3403,2022-08-08 08:20:00,35.384,35.483,35.335,35.426,78388
3404,2022-08-08 08:15:00,35.413,35.443,35.335,35.367,71091
3405,2022-08-08 08:10:00,35.443,35.512,35.364,35.377,120904
3406,2022-08-08 08:05:00,35.403,35.512,35.364,35.426,122594
3407,2022-08-08 08:00:00,35.423,35.492,34.589,35.387,503202
3408,2022-08-08 07:55:00,35.433,35.483,35.335,35.377,87863
3409,2022-08-08 07:50:00,35.344,35.463,35.305,35.387,79049
3410,2022-08-08 07:45:00,35.266,35.355,35.227,35.318,38730
3411,2022-08-08 07:40:00,35.236,35.276,35.178,35.24,20161
3412,2022-08-08 07:35:00,35.246,35.276,35.197,35.21,11382
3413,2022-08-08 07:30:00,35.197,35.257,35.158,35.21,72519
3414,2022-08-08 07:25:00,35.276,35.306,35.178,35.191,40707
3415,2022-08-08 07:20:00,35.295,35.315,35.237,35.259,17646
3416,2022-08-08 07:15:00,35.335,35.355,35.227,35.269,42502
3417,2022-08-08 07:10:00,35.335,35.365,35.276,35.308,52568
3418,2022-08-08 07:05:00,35.364,35.374,35.266,35.299,40435
3419,2022-08-08 07:00:00,35.423,35.433,35.296,35.338,140282
3420,2022-08-08 06:55:00,35.335,35.433,35.286,35.387,13787
3421,2022-08-08 06:50:00,35.413,35.424,35.286,35.318,26972
3422,2022-08-08 06:45:00,35.354,35.433,35.305,35.348,46329
3423,2022-08-08 06:40:00,35.226,35.424,35.188,35.328,136876
3424,2022-08-08 06:35:00,35.177,35.237,35.139,35.191,9679
3425,2022-08-08 06:30:00,35.109,35.188,35.07,35.151,7575
3426,2022-08-08 06:25:00,35.138,35.148,35.06,35.083,16261
3427,2022-08-08 06:20:00,35.138,35.168,35.09,35.112,6891
3428,2022-08-08 06:15:00,35.079,35.148,35.04,35.102,4090
3429,2022-08-08 06:10:00,35.118,35.129,35.021,35.053,3094
3430,2022-08-08 06:05:00,35.109,35.148,35.06,35.092,4687
3431,2022-08-08 06:00:00,35.069,35.109,35.011,35.063,6777
3432,2022-08-08 05:55:00,35.05,35.06,34.982,35.024,1675
3433,2022-08-08 05:50:00,35.03,35.07,34.972,35.034,2078
3434,2022-08-08 05:45:00,35.05,35.08,34.991,35.004,4028
3435,2022-08-08 05:40:00,35.059,35.07,35.001,35.014,1795
3436,2022-08-08 05:35:00,35.04,35.06,34.972,35.024,5584
3437,2022-08-08 05:30:00,35.05,35.07,34.991,35.004,5342
3438,2022-08-08 05:25:00,34.981,35.05,34.933,35.014,15921
3439,2022-08-08 05:20:00,35.089,35.099,34.933,34.945,22942
3440,2022-08-08 05:15:00,35.04,35.099,34.991,35.053,18606
3441,2022-08-08 05:10:00,35.168,35.188,34.991,35.014,22877
3442,2022-08-08 05:05:00,35.187,35.217,35.129,35.142,8285
3443,2022-08-08 05:00:00,35.148,35.217,35.099,35.142,7028
3444,2022-08-08 04:55:00,35.118,35.139,35.07,35.102,9743
3445,2022-08-08 04:50:00,35.177,35.198,35.05,35.063,20116
3446,2022-08-08 04:45:00,35.187,35.217,35.129,35.142,9634
3447,2022-08-08 04:40:00,35.148,35.217,35.109,35.171,7631
3448,2022-08-08 04:35:00,35.168,35.198,35.09,35.122,17285
3449,2022-08-08 04:30:00,35.148,35.207,35.099,35.142,26806
3450,2022-08-08 04:25:00,35.069,35.148,35.021,35.112,16050
3451,2022-08-08 04:20:00,35.03,35.109,34.982,35.053,50258
3452,2022-08-08 04:15:00,35.079,35.089,34.962,35.004,45300
3453,2022-08-08 04:10:00,35.099,35.158,35.031,35.043,19750
3454,2022-08-08 04:05:00,35.217,35.237,35.08,35.092,95059
3455,2022-08-08 04:00:00,34.883,35.365,34.844,35.2,104245
3456,2022-08-05 19:55:00,34.45,34.47,34.393,34.435,12486
3457,2022-08-05 19:50:00,34.45,34.461,34.393,34.425,4220
3458,2022-08-05 19:45:00,34.47,34.48,34.393,34.415,3174
3459,2022-08-05 19:40:00,34.441,34.49,34.403,34.445,4893
3460,2022-08-05 19:35:00,34.431,34.461,34.393,34.425,2934
3461,2022-08-05 19:30:00,34.46,34.47,34.393,34.405,6843
3462,2022-08-05 19:25:00,34.45,34.47,34.393,34.435,5325
3463,2022-08-05 19:20:00,34.45,34.461,34.403,34.425,965
3464,2022-08-05 19:15:00,34.431,34.49,34.383,34.425,13053
3465,2022-08-05 19:10:00,34.47,34.48,34.383,34.396,10360
3466,2022-08-05 19:05:00,34.46,34.48,34.422,34.445,400
3467,2022-08-05 19:00:00,34.47,34.49,34.422,34.445,3051
3468,2022-08-05 18:55:00,34.48,34.49,34.432,34.45,4746
3469,2022-08-05 18:50:00,34.48,34.5,34.442,34.454,22420
3470,2022-08-05 18:45:00,34.5,34.51,34.442,34.454,3695
3471,2022-08-05 18:40:00,34.509,34.52,34.462,34.474,11556
3472,2022-08-05 18:35:00,34.5,34.52,34.462,34.484,10781
3473,2022-08-05 18:30:00,34.5,34.52,34.462,34.484,12745
3474,2022-08-05 18:25:00,34.5,34.52,34.462,34.474,7284
3475,2022-08-05 18:20:00,34.509,34.529,34.462,34.474,14800
3476,2022-08-05 18:15:00,34.5,34.529,34.462,34.494,2059
3477,2022-08-05 18:10:00,34.519,34.529,34.462,34.494,6628
3478,2022-08-05 18:05:00,34.519,34.529,34.462,34.494,5411
3479,2022-08-05 18:00:00,34.519,34.529,34.471,34.484,6471
3480,2022-08-05 17:55:00,34.529,34.549,34.471,34.484,5688
3481,2022-08-05 17:50:00,34.549,34.559,34.491,34.504,8233
3482,2022-08-05 17:45:00,34.568,34.579,34.511,34.523,4448
3483,2022-08-05 17:40:00,34.568,34.579,34.52,34.533,3160
3484,2022-08-05 17:35:00,34.568,34.579,34.52,34.533,9963
3485,2022-08-05 17:30:00,34.568,34.588,34.52,34.543,5645
3486,2022-08-05 17:25:00,34.568,34.579,34.52,34.543,12714
3487,2022-08-05 17:20:00,34.578,34.608,34.54,34.553,6026
3488,2022-08-05 17:15:00,34.608,34.618,34.53,34.553,8908
3489,2022-08-05 17:10:00,34.614,34.637,34.56,34.592,7446
3490,2022-08-05 17:05:00,34.578,34.628,34.54,34.582,11434
3491,2022-08-05 17:00:00,34.578,34.598,34.54,34.562,9670
3492,2022-08-05 16:55:00,34.568,34.598,34.53,34.562,17167
3493,2022-08-05 16:50:00,34.578,34.588,34.53,34.543,17556
3494,2022-08-05 16:45:00,34.549,34.589,34.511,34.543,24424
3495,2022-08-05 16:40:00,34.578,34.588,34.501,34.513,9750
3496,2022-08-05 16:35:00,34.568,34.598,34.511,34.562,18708
3497,2022-08-05 16:30:00,34.598,34.608,34.53,34.543,24450
3498,2022-08-05 16:25:00,34.549,34.618,34.501,34.572,24596
3499,2022-08-05 16:20:00,34.529,34.569,34.491,34.523,41735
3500,2022-08-05 16:15:00,34.5,34.559,34.462,34.513,78979
3501,2022-08-05 16:10:00,34.5,34.52,34.442,34.474,103132
3502,2022-08-05 16:05:00,34.588,34.608,34.452,34.474,142570
3503,2022-08-05 16:00:00,34.647,34.706,34.54,34.562,308098
3504,2022-08-05 15:55:00,34.642,34.736,34.572,34.633,2581284
3505,2022-08-05 15:50:00,34.617,34.762,34.501,34.612,2637970
3506,2022-08-05 15:45:00,34.459,34.662,34.403,34.591,2067835
3507,2022-08-05 15:40:00,34.323,34.47,34.285,34.431,1018439
3508,2022-08-05 15:35:00,34.401,34.421,34.275,34.297,838803
3509,2022-08-05 15:30:00,34.367,34.441,34.295,34.372,1132632
3510,2022-08-05 15:25:00,34.274,34.392,34.206,34.337,759884
3511,2022-08-05 15:20:00,34.293,34.343,34.157,34.248,853073
3512,2022-08-05 15:15:00,34.313,34.402,34.216,34.258,973241
3513,2022-08-05 15:10:00,34.229,34.387,34.192,34.288,1286758
3514,2022-08-05 15:05:00,34.215,34.264,34.079,34.209,516791
3515,2022-08-05 15:00:00,34.19,34.303,34.128,34.189,740008
3516,2022-08-05 14:55:00,34.195,34.22,33.991,34.17,683917
3517,2022-08-05 14:50:00,34.205,34.254,34.069,34.163,490045
3518,2022-08-05 14:45:00,34.243,34.313,34.148,34.17,752713
3519,2022-08-05 14:40:00,34.185,34.264,34.079,34.219,366310
3520,2022-08-05 14:35:00,34.249,34.267,34.128,34.17,553657
3521,2022-08-05 14:30:00,34.097,34.279,33.991,34.229,913938
3522,2022-08-05 14:25:00,34.387,34.404,34.059,34.077,1299615
3523,2022-08-05 14:20:00,34.391,34.451,34.305,34.365,890739
3524,2022-08-05 14:15:00,34.278,34.421,34.206,34.366,693759
3525,2022-08-05 14:10:00,34.293,34.362,34.189,34.248,1089245
3526,2022-08-05 14:05:00,34.382,34.441,34.255,34.278,937199
3527,2022-08-05 14:00:00,34.399,34.431,34.275,34.366,677741
3528,2022-08-05 13:55:00,34.441,34.466,34.241,34.366,1046583
3529,2022-08-05 13:50:00,34.5,34.539,34.373,34.415,1033339
3530,2022-08-05 13:45:00,34.588,34.657,34.442,34.466,1401647
3531,2022-08-05 13:40:00,34.725,34.736,34.55,34.572,614869
3532,2022-08-05 13:35:00,34.725,34.805,34.609,34.695,1290687
3533,2022-08-05 13:30:00,34.563,34.75,34.523,34.696,998508
3534,2022-08-05 13:25:00,34.64,34.726,34.511,34.533,1322603
3535,2022-08-05 13:20:00,34.617,34.657,34.471,34.616,1658188
3536,2022-08-05 13:15:00,34.711,34.785,34.569,34.589,1469623
3537,2022-08-05 13:10:00,34.588,34.746,34.53,34.683,1656266
3538,2022-08-05 13:05:00,34.558,34.652,34.471,34.554,1684873
3539,2022-08-05 13:00:00,34.46,34.579,34.324,34.533,1717935
3540,2022-08-05 12:55:00,34.401,34.49,34.314,34.44,1274744
3541,2022-08-05 12:50:00,34.391,34.461,34.295,34.373,1396178
3542,2022-08-05 12:45:00,34.185,34.402,34.138,34.362,1942911
3543,2022-08-05 12:40:00,34.013,34.225,33.961,34.16,1214209
3544,2022-08-05 12:35:00,34.008,34.084,33.888,33.991,662205
3545,2022-08-05 12:30:00,34.205,34.225,33.873,33.983,1283235
3546,2022-08-05 12:25:00,34.087,34.225,34.03,34.187,975703
3547,2022-08-05 12:20:00,34.192,34.254,34.0,34.067,1447427
3548,2022-08-05 12:15:00,34.09,34.254,34.049,34.163,1733736
3549,2022-08-05 12:10:00,34.008,34.117,33.951,34.067,1184422
3550,2022-08-05 12:05:00,34.018,34.156,33.892,33.981,1720028
3551,2022-08-05 12:00:00,33.851,34.077,33.804,33.993,1469827
3552,2022-08-05 11:55:00,33.89,33.947,33.755,33.826,840794
3553,2022-08-05 11:50:00,33.812,34.035,33.735,33.867,1945456
3554,2022-08-05 11:45:00,33.733,33.861,33.657,33.777,1248794
3555,2022-08-05 11:40:00,33.841,33.881,33.618,33.718,1732956
3556,2022-08-05 11:35:00,33.832,33.93,33.716,33.816,1493849
3557,2022-08-05 11:30:00,33.591,33.891,33.51,33.807,2752639
3558,2022-08-05 11:25:00,33.827,33.901,33.549,33.571,2458693
3559,2022-08-05 11:20:00,34.116,34.176,33.784,33.806,2061458
3560,2022-08-05 11:15:00,34.147,34.294,34.049,34.101,1430092
3561,2022-08-05 11:10:00,34.411,34.451,34.089,34.123,1439444
3562,2022-08-05 11:05:00,34.461,34.49,34.197,34.391,1921441
3563,2022-08-05 11:00:00,34.676,34.704,34.383,34.44,1808812
3564,2022-08-05 10:55:00,34.775,34.873,34.609,34.665,955450
3565,2022-08-05 10:50:00,34.852,34.862,34.54,34.749,2006470
3566,2022-08-05 10:45:00,34.863,35.011,34.785,34.823,1167209
3567,2022-08-05 10:40:00,34.991,35.006,34.776,34.837,1189175
3568,2022-08-05 10:35:00,34.901,35.05,34.846,34.965,1532707
3569,2022-08-05 10:30:00,35.05,35.08,34.805,34.859,1560356
3570,2022-08-05 10:25:00,35.276,35.306,34.898,35.024,2652183
3571,2022-08-05 10:20:00,35.175,35.355,35.099,35.25,2055400
3572,2022-08-05 10:15:00,35.094,35.227,35.021,35.151,2944976
3573,2022-08-05 10:10:00,34.814,35.168,34.658,35.058,3383740
3574,2022-08-05 10:05:00,34.696,34.844,34.52,34.798,2343769
3575,2022-08-05 10:00:00,34.324,34.716,34.167,34.661,3248828
3576,2022-08-05 09:55:00,34.313,34.382,34.061,34.302,2346279
3577,2022-08-05 09:50:00,34.303,34.49,34.197,34.288,2512054
3578,2022-08-05 09:45:00,34.244,34.411,33.991,34.27,2539318
3579,2022-08-05 09:40:00,34.396,34.559,34.089,34.209,3184336
3580,2022-08-05 09:35:00,34.313,34.529,34.167,34.366,4551978
3581,2022-08-05 09:30:00,33.822,34.353,33.745,34.283,6011275
3582,2022-08-05 09:25:00,33.871,33.92,33.711,33.787,151737
3583,2022-08-05 09:20:00,33.94,33.979,33.696,33.846,396556
3584,2022-08-05 09:15:00,33.782,33.989,33.721,33.905,280873
3585,2022-08-05 09:10:00,33.932,34.018,33.726,33.758,493475
3586,2022-08-05 09:05:00,34.077,34.127,33.892,33.915,250993
3587,2022-08-05 09:00:00,33.949,34.122,33.873,34.052,302475
3588,2022-08-05 08:55:00,33.979,34.058,33.794,33.964,476955
3589,2022-08-05 08:50:00,33.989,34.146,33.883,33.944,445429
3590,2022-08-05 08:45:00,34.382,34.392,33.912,33.963,862916
3591,2022-08-05 08:40:00,34.48,34.588,34.275,34.356,526747
3592,2022-08-05 08:35:00,34.402,34.608,34.285,34.445,603136
3593,2022-08-05 08:30:00,35.57,35.62,34.285,34.376,1540318
3594,2022-08-05 08:25:00,35.511,35.669,35.462,35.554,130657
3595,2022-08-05 08:20:00,35.511,35.571,35.472,35.495,54401
3596,2022-08-05 08:15:00,35.482,35.551,35.423,35.495,26853
3597,2022-08-05 08:10:00,35.482,35.522,35.413,35.456,19238
3598,2022-08-05 08:05:00,35.551,35.571,35.423,35.446,93508
3599,2022-08-05 08:00:00,35.315,35.777,35.178,35.524,282017
3600,2022-08-05 07:55:00,35.511,35.571,35.462,35.515,62887
3601,2022-08-05 07:50:00,35.443,35.561,35.404,35.495,47148
3602,2022-08-05 07:45:00,35.403,35.453,35.354,35.416,16156
3603,2022-08-05 07:40:00,35.433,35.463,35.364,35.377,26576
3604,2022-08-05 07:35:00,35.374,35.443,35.325,35.407,31716
3605,2022-08-05 07:30:00,35.364,35.384,35.315,35.338,7981
3606,2022-08-05 07:25:00,35.335,35.394,35.296,35.338,20492
3607,2022-08-05 07:20:00,35.344,35.355,35.256,35.289,26942
3608,2022-08-05 07:15:00,35.236,35.374,35.158,35.308,65278
3609,2022-08-05 07:10:00,35.256,35.306,35.197,35.22,12709
3610,2022-08-05 07:05:00,35.295,35.306,35.188,35.23,17401
3611,2022-08-05 07:00:00,35.295,35.365,35.256,35.289,9970
3612,2022-08-05 06:55:00,35.344,35.355,35.188,35.25,12587
3613,2022-08-05 06:50:00,35.325,35.384,35.276,35.338,17249
3614,2022-08-05 06:45:00,35.315,35.325,35.256,35.279,2651
3615,2022-08-05 06:40:00,35.305,35.325,35.256,35.279,6305
3616,2022-08-05 06:35:00,35.344,35.365,35.266,35.279,3908
3617,2022-08-05 06:30:00,35.325,35.345,35.217,35.308,14997
3618,2022-08-05 06:25:00,35.305,35.365,35.247,35.318,7427
3619,2022-08-05 06:20:00,35.305,35.315,35.227,35.279,9417
3620,2022-08-05 06:15:00,35.305,35.335,35.247,35.289,9206
3621,2022-08-05 06:10:00,35.364,35.374,35.237,35.259,12319
3622,2022-08-05 06:05:00,35.344,35.394,35.256,35.358,18220
3623,2022-08-05 06:00:00,35.423,35.443,35.276,35.308,42284
3624,2022-08-05 05:55:00,35.443,35.463,35.374,35.397,4758
3625,2022-08-05 05:50:00,35.364,35.473,35.325,35.416,8925
3626,2022-08-05 05:45:00,35.443,35.453,35.276,35.328,51408
3627,2022-08-05 05:40:00,35.443,35.492,35.404,35.416,24559
3628,2022-08-05 05:35:00,35.452,35.473,35.394,35.407,8841
3629,2022-08-05 05:30:00,35.511,35.522,35.404,35.416,16827
3630,2022-08-05 05:25:00,35.511,35.532,35.443,35.466,12307
3631,2022-08-05 05:20:00,35.521,35.551,35.472,35.485,18947
3632,2022-08-05 05:15:00,35.452,35.522,35.413,35.485,6619
3633,2022-08-05 05:10:00,35.423,35.463,35.364,35.426,13433
3634,2022-08-05 05:05:00,35.443,35.473,35.384,35.407,16690
3635,2022-08-05 05:00:00,35.452,35.473,35.384,35.416,8553
3636,2022-08-05 04:55:00,35.452,35.473,35.384,35.426,19198
3637,2022-08-05 04:50:00,35.403,35.463,35.364,35.426,17373
3638,2022-08-05 04:45:00,35.403,35.453,35.335,35.367,14460
3639,2022-08-05 04:40:00,35.482,35.532,35.364,35.377,19783
3640,2022-08-05 04:35:00,35.531,35.541,35.443,35.456,16951
3641,2022-08-05 04:30:00,35.531,35.571,35.472,35.505,19140
3642,2022-08-05 04:25:00,35.59,35.61,35.502,35.515,19083
3643,2022-08-05 04:20:00,35.619,35.63,35.561,35.573,23227
3644,2022-08-05 04:15:00,35.649,35.679,35.561,35.593,43457
3645,2022-08-05 04:10:00,35.718,35.728,35.6,35.632,33757
3646,2022-08-05 04:05:00,35.718,35.758,35.668,35.701,29714
3647,2022-08-05 04:00:00,35.708,35.728,35.619,35.691,94054
3648,2022-08-04 19:55:00,35.57,35.581,35.482,35.495,29695
3649,2022-08-04 19:50:00,35.59,35.61,35.531,35.564,20336
3650,2022-08-04 19:45:00,35.59,35.61,35.541,35.564,25142
3651,2022-08-04 19:40:00,35.56,35.591,35.521,35.554,24760
3652,2022-08-04 19:35:00,35.57,35.591,35.511,35.554,12386
3653,2022-08-04 19:30:00,35.541,35.591,35.502,35.534,11816
3654,2022-08-04 19:25:00,35.56,35.571,35.492,35.505,4740
3655,2022-08-04 19:20:00,35.541,35.571,35.492,35.534,60837
3656,2022-08-04 19:15:00,35.551,35.571,35.502,35.515,50553
3657,2022-08-04 19:10:00,35.57,35.61,35.521,35.534,7514
3658,2022-08-04 19:05:00,35.541,35.61,35.502,35.544,21210
3659,2022-08-04 19:00:00,35.482,35.561,35.443,35.505,14351
3660,2022-08-04 18:55:00,35.492,35.522,35.443,35.456,8937
3661,2022-08-04 18:50:00,35.482,35.512,35.433,35.475,3945
3662,2022-08-04 18:45:00,35.502,35.522,35.443,35.466,2587
3663,2022-08-04 18:40:00,35.502,35.532,35.462,35.475,12050
3664,2022-08-04 18:35:00,35.502,35.512,35.452,35.466,12795
3665,2022-08-04 18:30:00,35.492,35.512,35.443,35.475,15030
3666,2022-08-04 18:25:00,35.482,35.502,35.404,35.466,7483
3667,2022-08-04 18:20:00,35.452,35.522,35.413,35.475,21914
3668,2022-08-04 18:15:00,35.413,35.463,35.374,35.426,6108
3669,2022-08-04 18:10:00,35.403,35.433,35.364,35.377,12835
3670,2022-08-04 18:05:00,35.433,35.473,35.364,35.377,18155
3671,2022-08-04 18:00:00,35.452,35.463,35.364,35.397,63435
3672,2022-08-04 17:55:00,35.433,35.463,35.374,35.387,35744
3673,2022-08-04 17:50:00,35.433,35.473,35.384,35.426,11512
3674,2022-08-04 17:45:00,35.423,35.453,35.384,35.397,12546
3675,2022-08-04 17:40:00,35.403,35.433,35.354,35.397,33687
3676,2022-08-04 17:35:00,35.413,35.424,35.354,35.377,10906
3677,2022-08-04 17:30:00,35.433,35.453,35.374,35.387,7057
3678,2022-08-04 17:25:00,35.452,35.473,35.394,35.407,9371
3679,2022-08-04 17:20:00,35.472,35.492,35.404,35.417,15267
3680,2022-08-04 17:15:00,35.462,35.492,35.423,35.436,11846
3681,2022-08-04 17:10:00,35.472,35.483,35.423,35.436,4843
3682,2022-08-04 17:05:00,35.482,35.492,35.433,35.446,5692
3683,2022-08-04 17:00:00,35.462,35.502,35.423,35.446,7152
3684,2022-08-04 16:55:00,35.482,35.492,35.414,35.436,71674
3685,2022-08-04 16:50:00,35.472,35.502,35.423,35.456,17981
3686,2022-08-04 16:45:00,35.452,35.492,35.413,35.446,13088
3687,2022-08-04 16:40:00,35.472,35.492,35.404,35.416,15366
3688,2022-08-04 16:35:00,35.462,35.502,35.423,35.446,11670
3689,2022-08-04 16:30:00,35.462,35.483,35.413,35.446,15510
3690,2022-08-04 16:25:00,35.462,35.483,35.413,35.431,34039
3691,2022-08-04 16:20:00,35.462,35.483,35.404,35.426,37334
3692,2022-08-04 16:15:00,35.482,35.492,35.404,35.436,36136
3693,2022-08-04 16:10:00,35.511,35.522,35.423,35.456,151430
3694,2022-08-04 16:05:00,35.58,35.591,35.472,35.485,157726
3695,2022-08-04 16:00:00,35.502,35.61,35.462,35.554,305303
3696,2022-08-04 15:55:00,35.364,35.512,35.256,35.47,1734047
3697,2022-08-04 15:50:00,35.305,35.414,35.266,35.348,1106737
3698,2022-08-04 15:45:00,35.226,35.343,35.148,35.269,1242528
3699,2022-08-04 15:40:00,35.354,35.414,35.183,35.205,1069389
3700,2022-08-04 15:35:00,35.369,35.487,35.315,35.328,1171659
3701,2022-08-04 15:30:00,35.519,35.541,35.315,35.344,1186163
3702,2022-08-04 15:25:00,35.452,35.561,35.364,35.485,1115993
3703,2022-08-04 15:20:00,35.59,35.605,35.394,35.426,1222117
3704,2022-08-04 15:15:00,35.556,35.635,35.482,35.559,1689496
3705,2022-08-04 15:10:00,35.452,35.591,35.394,35.526,1810169
3706,2022-08-04 15:05:00,35.403,35.479,35.296,35.421,961302
3707,2022-08-04 15:00:00,35.374,35.428,35.256,35.378,892176
3708,2022-08-04 14:55:00,35.393,35.453,35.296,35.34,791574
3709,2022-08-04 14:50:00,35.315,35.463,35.259,35.362,1727182
3710,2022-08-04 14:45:00,35.226,35.325,35.139,35.284,777828
3711,2022-08-04 14:40:00,35.207,35.252,35.051,35.204,610765
3712,2022-08-04 14:35:00,35.285,35.296,35.099,35.191,827230
3713,2022-08-04 14:30:00,35.269,35.345,35.217,35.25,620678
3714,2022-08-04 14:25:00,35.148,35.32,35.09,35.237,1056325
3715,2022-08-04 14:20:00,35.226,35.256,35.094,35.112,512895
3716,2022-08-04 14:15:00,35.104,35.247,35.06,35.2,567565
3717,2022-08-04 14:10:00,35.148,35.216,34.991,35.083,809863
3718,2022-08-04 14:05:00,35.251,35.305,35.09,35.126,530082
3719,2022-08-04 14:00:00,35.246,35.271,35.119,35.225,491140
3720,2022-08-04 13:55:00,35.304,35.315,35.139,35.22,752836
3721,2022-08-04 13:50:00,35.381,35.392,35.222,35.274,625891
3722,2022-08-04 13:45:00,35.236,35.394,35.158,35.353,999509
3723,2022-08-04 13:40:00,35.325,35.374,35.168,35.22,911307
3724,2022-08-04 13:35:00,35.349,35.402,35.276,35.292,869507
3725,2022-08-04 13:30:00,35.268,35.365,35.188,35.323,1012852
3726,2022-08-04 13:25:00,35.222,35.33,35.183,35.242,924533
3727,2022-08-04 13:20:00,35.187,35.296,35.026,35.193,1502801
3728,2022-08-04 13:15:00,35.133,35.217,35.08,35.151,842156
3729,2022-08-04 13:10:00,35.079,35.178,34.994,35.107,765694
3730,2022-08-04 13:05:00,34.922,35.117,34.825,35.043,1003055
3731,2022-08-04 13:00:00,34.857,35.06,34.815,34.896,1188397
3732,2022-08-04 12:55:00,34.942,34.972,34.815,34.827,590486
3733,2022-08-04 12:50:00,34.853,34.99,34.795,34.911,970386
3734,2022-08-04 12:45:00,35.138,35.158,34.779,34.832,1358632
3735,2022-08-04 12:40:00,35.217,35.247,35.001,35.112,1080571
3736,2022-08-04 12:35:00,35.266,35.295,35.129,35.191,612240
3737,2022-08-04 12:30:00,35.335,35.351,35.14,35.235,1150680
3738,2022-08-04 12:25:00,35.332,35.384,35.247,35.316,1073927
3739,2022-08-04 12:20:00,35.207,35.345,35.129,35.299,1034409
3740,2022-08-04 12:15:00,35.256,35.266,35.109,35.181,1105258
3741,2022-08-04 12:10:00,35.182,35.365,35.109,35.239,1900977
3742,2022-08-04 12:05:00,35.015,35.207,34.952,35.161,1050047
3743,2022-08-04 12:00:00,35.138,35.207,34.972,34.991,1286814
3744,2022-08-04 11:55:00,35.126,35.198,35.04,35.106,1132677
3745,2022-08-04 11:50:00,34.963,35.168,34.913,35.095,1631791
3746,2022-08-04 11:45:00,34.76,35.001,34.718,34.935,1675936
3747,2022-08-04 11:40:00,34.504,34.812,34.452,34.729,1085390
3748,2022-08-04 11:35:00,34.716,34.765,34.462,34.479,923314
3749,2022-08-04 11:30:00,34.652,34.785,34.55,34.68,1041026
3750,2022-08-04 11:25:00,34.627,34.755,34.501,34.619,1047469
3751,2022-08-04 11:20:00,34.706,34.893,34.569,34.602,1352714
3752,2022-08-04 11:15:00,34.51,34.775,34.412,34.676,1482405
3753,2022-08-04 11:10:00,34.804,34.917,34.471,34.494,2248666
3754,2022-08-04 11:05:00,34.804,34.972,34.756,34.788,1117047
3755,2022-08-04 11:00:00,34.893,35.021,34.766,34.778,1454942
3756,2022-08-04 10:55:00,34.775,34.991,34.735,34.877,1775642
3757,2022-08-04 10:50:00,34.735,34.863,34.638,34.749,1777720
3758,2022-08-04 10:45:00,34.485,34.795,34.408,34.707,2452021
3759,2022-08-04 10:40:00,34.411,34.579,34.305,34.465,2273418
3760,2022-08-04 10:35:00,34.509,34.539,34.305,34.391,2745634
3761,2022-08-04 10:30:00,34.794,34.852,34.471,34.494,2519662
3762,2022-08-04 10:25:00,34.932,35.035,34.707,34.769,1511268
3763,2022-08-04 10:20:00,34.907,35.06,34.766,34.906,1794905
3764,2022-08-04 10:15:00,35.079,35.237,34.677,34.886,2906440
3765,2022-08-04 10:10:00,35.256,35.325,34.987,35.073,2096624
3766,2022-08-04 10:05:00,35.413,35.512,35.129,35.22,1983615
3767,2022-08-04 10:00:00,35.305,35.532,35.129,35.397,2036999
3768,2022-08-04 09:55:00,35.217,35.463,35.099,35.271,2570135
3769,2022-08-04 09:50:00,35.344,35.452,34.933,35.191,3353655
3770,2022-08-04 09:45:00,35.462,35.581,35.296,35.313,3557951
3771,2022-08-04 09:40:00,34.912,35.5,34.869,35.428,3437526
3772,2022-08-04 09:35:00,35.118,35.374,34.844,34.886,3638280
3773,2022-08-04 09:30:00,35.059,35.198,34.779,35.093,3647110
3774,2022-08-04 09:25:00,35.128,35.139,34.942,35.014,225775
3775,2022-08-04 09:20:00,35.079,35.148,35.001,35.102,126524
3776,2022-08-04 09:15:00,35.177,35.237,35.001,35.053,174935
3777,2022-08-04 09:10:00,35.128,35.227,35.07,35.142,140565
3778,2022-08-04 09:05:00,35.138,35.227,35.04,35.112,174173
3779,2022-08-04 09:00:00,35.393,35.414,35.08,35.112,281094
3780,2022-08-04 08:55:00,35.423,35.433,35.335,35.387,154247
3781,2022-08-04 08:50:00,35.335,35.453,35.265,35.397,130595
3782,2022-08-04 08:45:00,35.344,35.365,35.197,35.318,83448
3783,2022-08-04 08:40:00,35.384,35.394,35.276,35.328,167743
3784,2022-08-04 08:35:00,35.305,35.394,35.207,35.356,180484
3785,2022-08-04 08:30:00,35.207,35.315,35.07,35.279,154458
3786,2022-08-04 08:25:00,35.207,35.237,35.129,35.191,61775
3787,2022-08-04 08:20:00,35.197,35.227,35.09,35.171,119706
3788,2022-08-04 08:15:00,35.089,35.198,35.05,35.161,58894
3789,2022-08-04 08:10:00,35.128,35.178,35.05,35.073,104391
3790,2022-08-04 08:05:00,35.148,35.217,35.099,35.112,79383
3791,2022-08-04 08:00:00,35.511,35.717,34.785,35.132,638166
3792,2022-08-04 07:55:00,35.168,35.198,35.001,35.014,156895
3793,2022-08-04 07:50:00,35.266,35.286,35.139,35.161,40471
3794,2022-08-04 07:45:00,35.315,35.325,35.178,35.23,143242
3795,2022-08-04 07:40:00,35.364,35.394,35.276,35.299,61532
3796,2022-08-04 07:35:00,35.344,35.384,35.276,35.338,39045
3797,2022-08-04 07:30:00,35.246,35.365,35.197,35.318,101493
3798,2022-08-04 07:25:00,35.236,35.306,35.188,35.24,69869
3799,2022-08-04 07:20:00,35.315,35.325,35.207,35.22,87002
3800,2022-08-04 07:15:00,35.364,35.394,35.266,35.289,60847
3801,2022-08-04 07:10:00,35.403,35.414,35.305,35.328,122527
3802,2022-08-04 07:05:00,35.492,35.551,35.345,35.367,100050
3803,2022-08-04 07:00:00,35.56,35.6,35.404,35.456,184195
3804,2022-08-04 06:55:00,35.56,35.591,35.482,35.534,15349
3805,2022-08-04 06:50:00,35.59,35.62,35.502,35.524,33412
3806,2022-08-04 06:45:00,35.6,35.63,35.531,35.583,64305
3807,2022-08-04 06:40:00,35.688,35.718,35.561,35.573,47598
3808,2022-08-04 06:35:00,35.649,35.718,35.57,35.662,49164
3809,2022-08-04 06:30:00,35.551,35.669,35.472,35.623,90473
3810,2022-08-04 06:25:00,35.511,35.561,35.453,35.524,35853
3811,2022-08-04 06:20:00,35.511,35.571,35.453,35.495,48427
3812,2022-08-04 06:15:00,35.452,35.541,35.404,35.485,69071
3813,2022-08-04 06:10:00,35.374,35.463,35.286,35.426,74744
3814,2022-08-04 06:05:00,35.413,35.492,35.325,35.348,101056
3815,2022-08-04 06:00:00,35.246,35.414,35.178,35.367,75291
3816,2022-08-04 05:55:00,35.207,35.266,35.158,35.22,40539
3817,2022-08-04 05:50:00,35.226,35.276,35.168,35.181,97643
3818,2022-08-04 05:45:00,35.099,35.237,35.05,35.191,26895
3819,2022-08-04 05:40:00,35.109,35.119,35.031,35.063,27850
3820,2022-08-04 05:35:00,35.059,35.129,35.021,35.083,12586
3821,2022-08-04 05:30:00,35.168,35.178,35.001,35.034,93266
3822,2022-08-04 05:25:00,35.04,35.188,35.001,35.151,93668
3823,2022-08-04 05:20:00,35.02,35.07,34.982,35.014,61141
3824,2022-08-04 05:15:00,35.001,35.05,34.952,34.994,10174
3825,2022-08-04 05:10:00,34.951,35.021,34.903,34.975,11223
3826,2022-08-04 05:05:00,34.932,34.952,34.825,34.906,13427
3827,2022-08-04 05:00:00,34.942,34.972,34.903,34.926,5362
3828,2022-08-04 04:55:00,34.951,34.962,34.893,34.906,6474
3829,2022-08-04 04:50:00,34.932,34.962,34.864,34.926,18811
3830,2022-08-04 04:45:00,34.951,34.962,34.883,34.906,20361
3831,2022-08-04 04:40:00,34.961,34.981,34.874,34.926,24440
3832,2022-08-04 04:35:00,34.981,34.991,34.913,34.935,16088
3833,2022-08-04 04:30:00,35.01,35.031,34.942,34.955,34857
3834,2022-08-04 04:25:00,35.01,35.031,34.952,34.985,563437
3835,2022-08-04 04:20:00,35.02,35.04,34.952,34.985,62011
3836,2022-08-04 04:15:00,34.922,35.06,34.883,35.004,66410
3837,2022-08-04 04:10:00,34.863,34.913,34.785,34.877,17518
3838,2022-08-04 04:05:00,34.853,34.883,34.805,34.837,50501
3839,2022-08-04 04:00:00,34.745,34.962,34.707,34.818,62737
3840,2022-08-03 19:55:00,34.765,34.785,34.677,34.71,41279
3841,2022-08-03 19:50:00,34.775,34.785,34.707,34.729,22010
3842,2022-08-03 19:45:00,34.745,34.785,34.697,34.729,29691
3843,2022-08-03 19:40:00,34.725,34.765,34.687,34.719,21287
3844,2022-08-03 19:35:00,34.735,34.765,34.687,34.7,3149
3845,2022-08-03 19:30:00,34.745,34.765,34.687,34.719,8560
3846,2022-08-03 19:25:00,34.735,34.785,34.697,34.729,71635
3847,2022-08-03 19:20:00,34.735,34.755,34.687,34.719,28239
3848,2022-08-03 19:15:00,34.745,34.755,34.687,34.7,42302
3849,2022-08-03 19:10:00,34.755,34.775,34.707,34.719,4903
3850,2022-08-03 19:05:00,34.755,34.775,34.697,34.729,10158
3851,2022-08-03 19:00:00,34.804,34.814,34.697,34.739,19163
3852,2022-08-03 18:55:00,34.794,34.834,34.746,34.788,9490
3853,2022-08-03 18:50:00,34.814,34.824,34.746,34.778,10342
3854,2022-08-03 18:45:00,34.725,34.834,34.677,34.788,17468
3855,2022-08-03 18:40:00,34.735,34.755,34.668,34.69,9626
3856,2022-08-03 18:35:00,34.745,34.765,34.668,34.68,36537
3857,2022-08-03 18:30:00,34.775,34.805,34.697,34.719,19653
3858,2022-08-03 18:25:00,34.784,34.805,34.736,34.759,4444
3859,2022-08-03 18:20:00,34.775,34.814,34.736,34.759,14773
3860,2022-08-03 18:15:00,34.784,34.814,34.726,34.739,10594
3861,2022-08-03 18:10:00,34.765,34.795,34.697,34.739,6870
3862,2022-08-03 18:05:00,34.735,34.785,34.687,34.739,36735
3863,2022-08-03 18:00:00,34.892,34.903,34.687,34.7,135434
3864,2022-08-03 17:55:00,34.902,34.932,34.844,34.877,11325
3865,2022-08-03 17:50:00,34.873,34.932,34.834,34.896,4451
3866,2022-08-03 17:45:00,34.863,34.893,34.815,34.847,9550
3867,2022-08-03 17:40:00,34.863,34.883,34.815,34.827,2209
3868,2022-08-03 17:35:00,34.853,34.883,34.815,34.847,3209
3869,2022-08-03 17:30:00,34.863,34.893,34.825,34.837,11642
3870,2022-08-03 17:25:00,34.873,34.893,34.815,34.837,10333
3871,2022-08-03 17:20:00,34.853,34.893,34.805,34.847,13892
3872,2022-08-03 17:15:00,34.873,34.903,34.815,34.847,13638
3873,2022-08-03 17:10:00,34.883,34.893,34.825,34.857,6034
3874,2022-08-03 17:05:00,34.853,34.903,34.815,34.857,15767
3875,2022-08-03 17:00:00,34.834,34.883,34.795,34.837,10271
3876,2022-08-03 16:55:00,34.843,34.873,34.795,34.818,25252
3877,2022-08-03 16:50:00,34.873,34.883,34.815,34.827,19918
3878,2022-08-03 16:45:00,34.912,34.922,34.825,34.847,39974
3879,2022-08-03 16:40:00,34.873,34.922,34.834,34.886,17915
3880,2022-08-03 16:35:00,34.843,34.903,34.805,34.857,33921
3881,2022-08-03 16:30:00,34.843,34.883,34.795,34.827,51697
3882,2022-08-03 16:25:00,34.804,34.854,34.756,34.798,55962
3883,2022-08-03 16:20:00,34.853,34.873,34.756,34.773,46987
3884,2022-08-03 16:15:00,34.892,34.903,34.815,34.827,72641
3885,2022-08-03 16:10:00,34.809,34.903,34.766,34.867,84933
3886,2022-08-03 16:05:00,34.883,34.922,34.766,34.788,221732
3887,2022-08-03 16:00:00,35.03,35.04,34.834,34.857,478973
3888,2022-08-03 15:55:00,35.197,35.208,34.942,35.004,2426227
3889,2022-08-03 15:50:00,35.148,35.306,35.099,35.176,2836813
3890,2022-08-03 15:45:00,35.285,35.301,35.05,35.117,5971434
3891,2022-08-03 15:40:00,35.168,35.325,35.099,35.268,1617947
3892,2022-08-03 15:35:00,35.123,35.198,35.07,35.137,1040006
3893,2022-08-03 15:30:00,35.03,35.139,34.972,35.097,723753
3894,2022-08-03 15:25:00,35.055,35.08,34.962,35.004,636496
3895,2022-08-03 15:20:00,35.074,35.139,34.991,35.034,776349
3896,2022-08-03 15:15:00,35.064,35.109,34.923,35.043,1057183
3897,2022-08-03 15:10:00,35.118,35.139,34.952,35.034,1126515
3898,2022-08-03 15:05:00,35.187,35.227,35.06,35.088,1116907
3899,2022-08-03 15:00:00,35.079,35.198,34.973,35.151,829065
3900,2022-08-03 14:55:00,35.118,35.173,35.031,35.063,914560
3901,2022-08-03 14:50:00,35.089,35.166,34.972,35.092,727840
3902,2022-08-03 14:45:00,35.059,35.139,34.933,35.053,675897
3903,2022-08-03 14:40:00,35.118,35.158,34.923,35.034,1053222
3904,2022-08-03 14:35:00,35.127,35.217,35.08,35.099,870025
3905,2022-08-03 14:30:00,35.109,35.178,35.031,35.102,751347
3906,2022-08-03 14:25:00,35.182,35.207,35.043,35.073,866268
3907,2022-08-03 14:20:00,35.148,35.217,35.09,35.156,1304372
3908,2022-08-03 14:15:00,35.025,35.158,34.962,35.119,1318703
3909,2022-08-03 14:10:00,35.001,35.06,34.903,34.994,739088
3910,2022-08-03 14:05:00,34.991,35.04,34.903,34.965,563597
3911,2022-08-03 14:00:00,35.001,35.04,34.854,34.965,792555
3912,2022-08-03 13:55:00,35.05,35.07,34.884,34.975,852647
3913,2022-08-03 13:50:00,35.001,35.06,34.952,35.019,889022
3914,2022-08-03 13:45:00,34.971,35.011,34.83,34.97,980614
3915,2022-08-03 13:40:00,34.944,35.001,34.834,34.95,923507
3916,2022-08-03 13:35:00,35.05,35.07,34.874,34.916,841595
3917,2022-08-03 13:30:00,35.005,35.07,34.903,35.019,823729
3918,2022-08-03 13:25:00,34.966,35.07,34.903,34.984,959362
3919,2022-08-03 13:20:00,34.961,35.006,34.805,34.937,1662454
3920,2022-08-03 13:15:00,35.01,35.08,34.913,34.931,752435
3921,2022-08-03 13:10:00,35.04,35.099,34.923,34.985,839033
3922,2022-08-03 13:05:00,35.041,35.089,34.923,35.02,1446694
3923,2022-08-03 13:00:00,34.922,35.05,34.884,35.014,1090361
3924,2022-08-03 12:55:00,34.961,35.04,34.864,34.903,957853
3925,2022-08-03 12:50:00,35.0,35.08,34.913,34.945,1474248
3926,2022-08-03 12:45:00,34.863,35.011,34.795,34.965,1879573
3927,2022-08-03 12:40:00,34.784,34.903,34.712,34.842,1162427
3928,2022-08-03 12:35:00,34.735,34.829,34.668,34.758,1089654
3929,2022-08-03 12:30:00,34.558,34.824,34.511,34.715,1274397
3930,2022-08-03 12:25:00,34.642,34.667,34.511,34.538,572363
3931,2022-08-03 12:20:00,34.558,34.696,34.511,34.62,1768100
3932,2022-08-03 12:15:00,34.504,34.578,34.363,34.527,796202
3933,2022-08-03 12:10:00,34.539,34.555,34.368,34.484,1187240
3934,2022-08-03 12:05:00,34.588,34.677,34.471,34.512,1602282
3935,2022-08-03 12:00:00,34.647,34.67,34.486,34.567,1574848
3936,2022-08-03 11:55:00,34.537,34.677,34.485,34.621,1374220
3937,2022-08-03 11:50:00,34.558,34.579,34.393,34.506,1246361
3938,2022-08-03 11:45:00,34.563,34.667,34.501,34.543,1345249
3939,2022-08-03 11:40:00,34.563,34.628,34.462,34.538,1611705
3940,2022-08-03 11:35:00,34.323,34.576,34.28,34.541,2028554
3941,2022-08-03 11:30:00,34.362,34.4,34.226,34.3,1295205
3942,2022-08-03 11:25:00,34.352,34.451,34.26,34.327,2195974
3943,2022-08-03 11:20:00,34.229,34.382,34.187,34.327,1380055
3944,2022-08-03 11:15:00,34.322,34.392,34.167,34.204,2655667
3945,2022-08-03 11:10:00,34.195,34.392,34.118,34.297,2698428
3946,2022-08-03 11:05:00,34.048,34.205,34.0,34.17,1449083
3947,2022-08-03 11:00:00,34.057,34.166,33.941,34.023,2027571
3948,2022-08-03 10:55:00,34.007,34.087,33.951,34.032,1118644
3949,2022-08-03 10:50:00,33.969,34.087,33.873,33.983,1708092
3950,2022-08-03 10:45:00,33.812,34.018,33.735,33.939,2111616
3951,2022-08-03 10:40:00,33.733,33.866,33.539,33.797,1743701
3952,2022-08-03 10:35:00,33.686,33.822,33.412,33.711,2800738
3953,2022-08-03 10:30:00,33.969,34.028,33.598,33.664,2234745
3954,2022-08-03 10:25:00,33.871,34.068,33.784,33.952,2155570
3955,2022-08-03 10:20:00,33.851,33.959,33.735,33.836,1839638
3956,2022-08-03 10:15:00,34.126,34.205,33.755,33.846,2920461
3957,2022-08-03 10:10:00,34.2,34.284,34.04,34.111,1776093
3958,2022-08-03 10:05:00,34.092,34.303,34.049,34.173,6137475
3959,2022-08-03 10:00:00,33.871,34.127,33.589,34.069,4298379
3960,2022-08-03 09:55:00,33.759,33.959,33.686,33.846,3875274
3961,2022-08-03 09:50:00,33.576,33.783,33.441,33.733,3159349
3962,2022-08-03 09:45:00,33.557,33.655,33.264,33.546,2890383
3963,2022-08-03 09:40:00,33.596,33.684,33.441,33.527,2435521
3964,2022-08-03 09:35:00,33.311,33.675,33.235,33.571,5088311
3965,2022-08-03 09:30:00,32.947,33.449,32.892,33.277,6400257
3966,2022-08-03 09:25:00,33.006,33.016,32.892,32.933,268107
3967,2022-08-03 09:20:00,33.016,33.036,32.931,32.992,78281
3968,2022-08-03 09:15:00,33.095,33.105,32.979,32.992,52880
3969,2022-08-03 09:10:00,32.997,33.114,32.96,33.061,78548
3970,2022-08-03 09:05:00,33.026,33.055,32.901,32.962,98623
3971,2022-08-03 09:00:00,33.006,33.065,32.96,33.011,70902
3972,2022-08-03 08:55:00,33.065,33.124,32.96,32.972,74647
3973,2022-08-03 08:50:00,33.041,33.075,32.98,33.041,41295
3974,2022-08-03 08:45:00,33.085,33.109,32.99,33.031,54112
3975,2022-08-03 08:40:00,32.997,33.085,32.95,33.031,82851
3976,2022-08-03 08:35:00,33.08,33.095,32.96,32.972,106376
3977,2022-08-03 08:30:00,32.987,33.095,32.941,33.051,85788
3978,2022-08-03 08:25:00,32.987,33.016,32.931,32.962,61149
3979,2022-08-03 08:20:00,33.075,33.134,32.941,32.962,133123
3980,2022-08-03 08:15:00,33.026,33.085,32.96,33.041,188065
3981,2022-08-03 08:10:00,32.839,33.026,32.793,32.992,135012
3982,2022-08-03 08:05:00,32.898,32.908,32.754,32.815,87335
3983,2022-08-03 08:00:00,32.81,32.977,32.186,32.874,423590
3984,2022-08-03 07:55:00,32.908,32.918,32.823,32.854,27454
3985,2022-08-03 07:50:00,32.849,32.908,32.803,32.874,44028
3986,2022-08-03 07:45:00,32.829,32.869,32.744,32.825,34177
3987,2022-08-03 07:40:00,32.78,32.82,32.715,32.786,38344
3988,2022-08-03 07:35:00,32.83,32.869,32.735,32.756,38907
3989,2022-08-03 07:30:00,32.938,32.977,32.784,32.805,37830
3990,2022-08-03 07:25:00,32.849,32.967,32.813,32.933,54561
3991,2022-08-03 07:20:00,32.869,32.888,32.784,32.825,19063
3992,2022-08-03 07:15:00,32.908,32.947,32.823,32.845,24723
3993,2022-08-03 07:10:00,32.928,32.947,32.862,32.884,52253
3994,2022-08-03 07:05:00,32.839,32.938,32.803,32.894,55138
3995,2022-08-03 07:00:00,32.731,32.859,32.666,32.825,59829
3996,2022-08-03 06:55:00,32.731,32.741,32.627,32.707,14797
3997,2022-08-03 06:50:00,32.712,32.731,32.617,32.697,8030
3998,2022-08-03 06:45:00,32.682,32.741,32.646,32.678,5034
3999,2022-08-03 06:40:00,32.712,32.721,32.636,32.648,6514
4000,2022-08-03 06:35:00,32.722,32.761,32.646,32.688,7927
4001,2022-08-03 06:30:00,32.712,32.741,32.666,32.688,4044
4002,2022-08-03 06:25:00,32.692,32.751,32.646,32.688,12164
4003,2022-08-03 06:20:00,32.712,32.731,32.646,32.668,19296
4004,2022-08-03 06:15:00,32.8,32.82,32.646,32.678,18186
4005,2022-08-03 06:10:00,32.761,32.829,32.725,32.796,10124
4006,2022-08-03 06:05:00,32.771,32.78,32.705,32.737,8317
4007,2022-08-03 06:00:00,32.79,32.82,32.715,32.737,21780
4008,2022-08-03 05:55:00,32.81,32.82,32.735,32.776,13249
4009,2022-08-03 05:50:00,32.8,32.849,32.744,32.776,32187
4010,2022-08-03 05:45:00,32.859,32.869,32.744,32.766,29091
4011,2022-08-03 05:40:00,32.928,32.957,32.803,32.825,32704
4012,2022-08-03 05:35:00,32.928,32.967,32.852,32.864,31690
4013,2022-08-03 05:30:00,32.859,32.938,32.803,32.904,13624
4014,2022-08-03 05:25:00,32.889,32.898,32.793,32.845,24496
4015,2022-08-03 05:20:00,32.869,32.908,32.774,32.854,32622
4016,2022-08-03 05:15:00,32.712,32.918,32.676,32.854,59325
4017,2022-08-03 05:10:00,32.584,32.731,32.499,32.688,66972
4018,2022-08-03 05:05:00,32.545,32.594,32.489,32.56,21305
4019,2022-08-03 05:00:00,32.505,32.554,32.43,32.521,35104
4020,2022-08-03 04:55:00,32.525,32.574,32.47,32.491,17723
4021,2022-08-03 04:50:00,32.486,32.535,32.411,32.501,36924
4022,2022-08-03 04:45:00,32.496,32.505,32.45,32.462,14222
4023,2022-08-03 04:40:00,32.476,32.486,32.401,32.452,13362
4024,2022-08-03 04:35:00,32.515,32.525,32.421,32.452,74039
4025,2022-08-03 04:30:00,32.446,32.535,32.411,32.491,38840
4026,2022-08-03 04:25:00,32.427,32.466,32.381,32.423,24551
4027,2022-08-03 04:20:00,32.299,32.436,32.264,32.403,24141
4028,2022-08-03 04:15:00,32.26,32.318,32.224,32.275,19587
4029,2022-08-03 04:10:00,32.221,32.269,32.165,32.216,12703
4030,2022-08-03 04:05:00,32.319,32.328,32.165,32.187,22958
4031,2022-08-03 04:00:00,32.329,32.397,32.254,32.295,38134
4032,2022-08-02 19:55:00,32.299,32.318,32.224,32.246,50523
4033,2022-08-02 19:50:00,32.319,32.348,32.244,32.285,41771
4034,2022-08-02 19:45:00,32.338,32.358,32.283,32.295,40647
4035,2022-08-02 19:40:00,32.309,32.358,32.273,32.315,7149
4036,2022-08-02 19:35:00,32.417,32.436,32.293,32.315,11449
4037,2022-08-02 19:30:00,32.466,32.476,32.381,32.403,9336
4038,2022-08-02 19:25:00,32.446,32.476,32.411,32.432,5194
4039,2022-08-02 19:20:00,32.456,32.466,32.401,32.423,11366
4040,2022-08-02 19:15:00,32.446,32.476,32.401,32.432,13702
4041,2022-08-02 19:10:00,32.446,32.476,32.411,32.432,5456
4042,2022-08-02 19:05:00,32.417,32.456,32.371,32.423,7468
4043,2022-08-02 19:00:00,32.407,32.427,32.352,32.393,5436
4044,2022-08-02 18:55:00,32.476,32.486,32.362,32.373,14646
4045,2022-08-02 18:50:00,32.466,32.486,32.43,32.442,1830
4046,2022-08-02 18:45:00,32.466,32.486,32.411,32.452,11826
4047,2022-08-02 18:40:00,32.476,32.495,32.43,32.442,20571
4048,2022-08-02 18:35:00,32.407,32.495,32.371,32.442,25731
4049,2022-08-02 18:30:00,32.348,32.427,32.313,32.373,4406
4050,2022-08-02 18:25:00,32.319,32.377,32.283,32.315,7892
4051,2022-08-02 18:20:00,32.407,32.417,32.273,32.295,9449
4052,2022-08-02 18:15:00,32.417,32.436,32.362,32.383,5257
4053,2022-08-02 18:10:00,32.466,32.476,32.362,32.383,14808
4054,2022-08-02 18:05:00,32.397,32.476,32.361,32.442,30559
4055,2022-08-02 18:00:00,32.407,32.486,32.362,32.383,29368
4056,2022-08-02 17:55:00,32.407,32.417,32.362,32.373,2676
4057,2022-08-02 17:50:00,32.397,32.427,32.362,32.393,4873
4058,2022-08-02 17:45:00,32.407,32.446,32.362,32.383,12404
4059,2022-08-02 17:40:00,32.397,32.446,32.352,32.364,5353
4060,2022-08-02 17:35:00,32.397,32.427,32.362,32.373,11264
4061,2022-08-02 17:30:00,32.407,32.427,32.362,32.373,8710
4062,2022-08-02 17:25:00,32.427,32.446,32.362,32.373,11872
4063,2022-08-02 17:20:00,32.417,32.436,32.371,32.403,8037
4064,2022-08-02 17:15:00,32.408,32.427,32.371,32.383,8049
4065,2022-08-02 17:10:00,32.437,32.446,32.371,32.393,12847
4066,2022-08-02 17:05:00,32.417,32.466,32.381,32.423,20144
4067,2022-08-02 17:00:00,32.373,32.427,32.332,32.383,12104
4068,2022-08-02 16:55:00,32.378,32.417,32.322,32.383,23133
4069,2022-08-02 16:50:00,32.368,32.397,32.332,32.364,12068
4070,2022-08-02 16:45:00,32.329,32.387,32.283,32.334,38450
4071,2022-08-02 16:40:00,32.279,32.348,32.244,32.315,48616
4072,2022-08-02 16:35:00,32.299,32.309,32.244,32.265,24683
4073,2022-08-02 16:30:00,32.299,32.309,32.244,32.265,12267
4074,2022-08-02 16:25:00,32.279,32.328,32.244,32.265,19876
4075,2022-08-02 16:20:00,32.279,32.309,32.234,32.256,29802
4076,2022-08-02 16:15:00,32.299,32.338,32.244,32.275,61274
4077,2022-08-02 16:10:00,32.26,32.318,32.165,32.285,109503
4078,2022-08-02 16:05:00,32.417,32.436,32.116,32.236,225434
4079,2022-08-02 16:00:00,32.407,32.476,32.362,32.393,316706
4080,2022-08-02 15:55:00,32.505,32.554,32.352,32.383,2203537
4081,2022-08-02 15:50:00,32.515,32.623,32.44,32.486,1877563
4082,2022-08-02 15:45:00,32.697,32.731,32.43,32.491,1455257
4083,2022-08-02 15:40:00,32.682,32.712,32.538,32.678,820135
4084,2022-08-02 15:35:00,32.702,32.859,32.612,32.652,1894994
4085,2022-08-02 15:30:00,32.692,32.741,32.538,32.681,1406401
4086,2022-08-02 15:25:00,32.496,32.731,32.45,32.678,1293282
4087,2022-08-02 15:20:00,32.495,32.618,32.376,32.465,1197333
4088,2022-08-02 15:15:00,32.751,32.82,32.381,32.472,1687418
4089,2022-08-02 15:10:00,32.672,32.78,32.549,32.72,1023614
4090,2022-08-02 15:05:00,32.731,32.82,32.607,32.658,1030279
4091,2022-08-02 15:00:00,32.667,32.81,32.607,32.704,1148994
4092,2022-08-02 14:55:00,32.751,32.786,32.548,32.648,1063846
4093,2022-08-02 14:50:00,32.889,32.967,32.607,32.73,1598730
4094,2022-08-02 14:45:00,32.879,32.926,32.607,32.864,1335238
4095,2022-08-02 14:40:00,32.83,32.938,32.779,32.85,767560
4096,2022-08-02 14:35:00,32.928,32.954,32.735,32.8,1331034
4097,2022-08-02 14:30:00,32.83,33.006,32.764,32.904,1892170
4098,2022-08-02 14:25:00,32.78,32.879,32.73,32.796,1080489
4099,2022-08-02 14:20:00,32.682,32.874,32.597,32.746,1327142
4100,2022-08-02 14:15:00,32.723,32.751,32.578,32.659,1214887
4101,2022-08-02 14:10:00,32.771,32.79,32.636,32.697,1527191
4102,2022-08-02 14:05:00,32.505,32.81,32.43,32.747,2420041
4103,2022-08-02 14:00:00,32.481,32.544,32.313,32.472,1380092
4104,2022-08-02 13:55:00,32.456,32.515,32.362,32.452,1720001
4105,2022-08-02 13:50:00,32.348,32.474,32.229,32.427,1047723
4106,2022-08-02 13:45:00,32.456,32.525,32.224,32.305,1862964
4107,2022-08-02 13:40:00,32.407,32.544,32.293,32.441,2231216
4108,2022-08-02 13:35:00,32.515,32.62,32.313,32.384,2782518
4109,2022-08-02 13:30:00,32.908,32.918,32.479,32.491,3945496
4110,2022-08-02 13:25:00,33.237,33.272,32.823,32.884,6306659
4111,2022-08-02 13:20:00,33.399,33.438,33.196,33.218,1211162
4112,2022-08-02 13:15:00,33.448,33.507,33.363,33.375,590321
4113,2022-08-02 13:10:00,33.429,33.517,33.353,33.424,1187801
4114,2022-08-02 13:05:00,33.468,33.497,33.289,33.41,1217337
4115,2022-08-02 13:00:00,33.557,33.596,33.333,33.443,1699647
4116,2022-08-02 12:55:00,33.635,33.655,33.493,33.537,1088818
4117,2022-08-02 12:50:00,33.645,33.671,33.529,33.603,752593
4118,2022-08-02 12:45:00,33.699,33.714,33.529,33.625,1138238
4119,2022-08-02 12:40:00,33.65,33.753,33.561,33.679,3717244
4120,2022-08-02 12:35:00,33.527,33.665,33.441,33.63,1924526
4121,2022-08-02 12:30:00,33.576,33.616,33.431,33.511,1470909
4122,2022-08-02 12:25:00,33.566,33.616,33.461,33.546,2674978
4123,2022-08-02 12:20:00,33.428,33.586,33.333,33.542,5122063
4124,2022-08-02 12:15:00,33.144,33.429,33.088,33.394,2885248
4125,2022-08-02 12:10:00,33.016,33.183,32.941,33.112,1430370
4126,2022-08-02 12:05:00,33.072,33.1,32.97,33.011,906465
4127,2022-08-02 12:00:00,32.859,33.144,32.764,33.051,2030793
4128,2022-08-02 11:55:00,32.898,32.976,32.764,32.834,1167910
4129,2022-08-02 11:50:00,32.908,32.928,32.784,32.869,575360
4130,2022-08-02 11:45:00,32.859,32.918,32.735,32.874,1019611
4131,2022-08-02 11:40:00,32.82,32.927,32.725,32.838,1202702
4132,2022-08-02 11:35:00,32.584,32.85,32.533,32.805,1465096
4133,2022-08-02 11:30:00,32.741,32.78,32.371,32.56,1473647
4134,2022-08-02 11:25:00,32.584,32.79,32.528,32.727,1736041
4135,2022-08-02 11:20:00,32.589,32.613,32.381,32.57,1040313
4136,2022-08-02 11:15:00,32.526,32.687,32.46,32.564,1350445
4137,2022-08-02 11:10:00,32.692,32.712,32.475,32.503,1294722
4138,2022-08-02 11:05:00,32.78,32.82,32.617,32.668,1047103
4139,2022-08-02 11:00:00,32.771,32.869,32.658,32.746,1847265
4140,2022-08-02 10:55:00,32.987,33.008,32.677,32.742,2539341
4141,2022-08-02 10:50:00,32.613,33.024,32.538,32.963,4233157
4142,2022-08-02 10:45:00,32.555,32.643,32.357,32.589,2480847
4143,2022-08-02 10:40:00,32.279,32.574,32.136,32.53,2340369
4144,2022-08-02 10:35:00,32.23,32.348,32.048,32.256,1589553
4145,2022-08-02 10:30:00,32.289,32.431,32.136,32.197,2456279
4146,2022-08-02 10:25:00,32.014,32.309,31.92,32.265,2109881
4147,2022-08-02 10:20:00,32.18,32.318,31.9,31.996,1954737
4148,2022-08-02 10:15:00,32.073,32.23,31.979,32.157,2248089
4149,2022-08-02 10:10:00,31.882,32.112,31.606,32.04,3301233
4150,2022-08-02 10:05:00,32.073,32.24,31.842,31.863,2204402
4151,2022-08-02 10:00:00,32.348,32.358,31.999,32.046,1786661
4152,2022-08-02 09:55:00,32.137,32.493,31.989,32.306,2755462
4153,2022-08-02 09:50:00,32.397,32.525,32.048,32.108,2650350
4154,2022-08-02 09:45:00,32.27,32.682,32.196,32.373,2646379
4155,2022-08-02 09:40:00,32.417,32.574,32.167,32.244,3331601
4156,2022-08-02 09:35:00,32.289,32.442,32.018,32.392,4091674
4157,2022-08-02 09:30:00,31.965,32.387,31.851,32.265,5094924
4158,2022-08-02 09:25:00,31.916,31.994,31.881,31.932,137716
4159,2022-08-02 09:20:00,31.955,31.984,31.871,31.892,73641
4160,2022-08-02 09:15:00,32.073,32.092,31.92,31.942,127822
4161,2022-08-02 09:10:00,32.014,32.092,31.95,32.05,186095
4162,2022-08-02 09:05:00,31.837,32.034,31.802,31.986,73525
4163,2022-08-02 09:00:00,31.867,31.896,31.802,31.814,78957
4164,2022-08-02 08:55:00,31.759,31.876,31.724,31.843,78076
4165,2022-08-02 08:50:00,31.729,31.798,31.694,31.735,44155
4166,2022-08-02 08:45:00,31.739,31.817,31.685,31.706,111458
4167,2022-08-02 08:40:00,31.847,31.858,31.704,31.726,82843
4168,2022-08-02 08:35:00,31.896,31.906,31.773,31.834,92434
4169,2022-08-02 08:30:00,31.916,31.994,31.871,31.883,34730
4170,2022-08-02 08:25:00,31.965,31.984,31.842,31.902,26495
4171,2022-08-02 08:20:00,31.847,31.994,31.812,31.942,51828
4172,2022-08-02 08:15:00,31.945,31.965,31.812,31.824,83277
4173,2022-08-02 08:10:00,32.004,32.053,31.92,31.932,34178
4174,2022-08-02 08:05:00,32.024,32.034,31.93,31.971,61845
4175,2022-08-02 08:00:00,31.847,32.377,31.607,32.0,409572
4176,2022-08-02 07:55:00,31.945,31.984,31.881,31.912,19185
4177,2022-08-02 07:50:00,31.945,31.984,31.871,31.922,28151
4178,2022-08-02 07:45:00,31.906,31.984,31.871,31.922,27666
4179,2022-08-02 07:40:00,31.995,32.014,31.861,31.883,43385
4180,2022-08-02 07:35:00,32.063,32.073,31.95,31.971,39929
4181,2022-08-02 07:30:00,32.024,32.083,31.959,32.05,37375
4182,2022-08-02 07:25:00,32.034,32.073,31.979,32.0,60920
4183,2022-08-02 07:20:00,31.965,32.053,31.93,32.02,27842
4184,2022-08-02 07:15:00,31.945,32.024,31.91,31.942,53316
4185,2022-08-02 07:10:00,31.906,31.994,31.871,31.942,22800
4186,2022-08-02 07:05:00,31.995,32.014,31.851,31.873,40447
4187,2022-08-02 07:00:00,31.808,32.092,31.753,31.981,135210
4188,2022-08-02 06:55:00,31.739,31.827,31.694,31.775,26172
4189,2022-08-02 06:50:00,31.759,31.788,31.714,31.726,57191
4190,2022-08-02 06:45:00,31.759,31.798,31.694,31.745,21837
4191,2022-08-02 06:40:00,31.72,31.788,31.685,31.735,12510
4192,2022-08-02 06:35:00,31.67,31.749,31.606,31.686,43316
4193,2022-08-02 06:30:00,31.69,31.719,31.626,31.657,31825
4194,2022-08-02 06:25:00,31.68,31.709,31.636,31.677,57270
4195,2022-08-02 06:20:00,31.67,31.709,31.636,31.647,21463
4196,2022-08-02 06:15:00,31.808,31.817,31.567,31.618,42765
4197,2022-08-02 06:10:00,31.71,31.817,31.675,31.765,40179
4198,2022-08-02 06:05:00,31.729,31.739,31.655,31.696,41026
4199,2022-08-02 06:00:00,31.71,31.768,31.675,31.716,13495
4200,2022-08-02 05:55:00,31.778,31.788,31.655,31.667,23826
4201,2022-08-02 05:50:00,31.926,31.935,31.724,31.755,44715
4202,2022-08-02 05:45:00,31.936,31.945,31.871,31.892,7839
4203,2022-08-02 05:40:00,31.867,31.965,31.832,31.922,12964
4204,2022-08-02 05:35:00,31.906,31.925,31.842,31.863,4832
4205,2022-08-02 05:30:00,31.965,31.975,31.812,31.883,29298
4206,2022-08-02 05:25:00,31.936,31.965,31.871,31.932,8527
4207,2022-08-02 05:20:00,31.995,32.004,31.9,31.912,10411
4208,2022-08-02 05:15:00,31.955,32.014,31.92,31.971,13828
4209,2022-08-02 05:10:00,31.945,31.984,31.891,31.922,13973
4210,2022-08-02 05:05:00,31.965,31.975,31.9,31.912,9273
4211,2022-08-02 05:00:00,31.926,31.984,31.891,31.932,8507
4212,2022-08-02 04:55:00,31.916,31.945,31.871,31.902,8192
4213,2022-08-02 04:50:00,31.877,31.935,31.832,31.902,14270
4214,2022-08-02 04:45:00,31.916,31.925,31.802,31.853,28526
4215,2022-08-02 04:40:00,31.887,31.935,31.832,31.892,25013
4216,2022-08-02 04:35:00,32.024,32.034,31.851,31.873,56461
4217,2022-08-02 04:30:00,32.083,32.092,31.989,32.01,21049
4218,2022-08-02 04:25:00,32.063,32.102,32.018,32.04,29217
4219,2022-08-02 04:20:00,31.945,32.092,31.891,32.04,33717
4220,2022-08-02 04:15:00,31.985,32.004,31.891,31.922,46746
4221,2022-08-02 04:10:00,32.093,32.102,31.93,31.961,51616
4222,2022-08-02 04:05:00,32.083,32.132,32.018,32.069,57653
4223,2022-08-02 04:00:00,32.073,32.151,32.018,32.069,102030
4224,2022-08-01 19:55:00,32.633,32.682,32.568,32.589,33504
4225,2022-08-01 19:50:00,32.623,32.672,32.578,32.609,18788
4226,2022-08-01 19:45:00,32.663,32.702,32.568,32.609,35177
4227,2022-08-01 19:40:00,32.672,32.712,32.607,32.629,12434
4228,2022-08-01 19:35:00,32.653,32.682,32.597,32.648,8339
4229,2022-08-01 19:30:00,32.653,32.672,32.587,32.609,12273
4230,2022-08-01 19:25:00,32.692,32.721,32.627,32.638,19619
4231,2022-08-01 19:20:00,32.712,32.721,32.646,32.658,2043
4232,2022-08-01 19:15:00,32.79,32.8,32.676,32.688,14737
4233,2022-08-01 19:10:00,32.79,32.82,32.735,32.766,7141
4234,2022-08-01 19:05:00,32.741,32.81,32.685,32.756,7044
4235,2022-08-01 19:00:00,32.692,32.761,32.636,32.727,12301
4236,2022-08-01 18:55:00,32.702,32.721,32.646,32.658,12907
4237,2022-08-01 18:50:00,32.702,32.712,32.656,32.678,2472
4238,2022-08-01 18:45:00,32.682,32.721,32.646,32.678,7665
4239,2022-08-01 18:40:00,32.682,32.712,32.627,32.668,7453
4240,2022-08-01 18:35:00,32.653,32.702,32.617,32.668,16803
4241,2022-08-01 18:30:00,32.664,32.692,32.627,32.638,6605
4242,2022-08-01 18:25:00,32.643,32.672,32.607,32.629,9455
4243,2022-08-01 18:20:00,32.663,32.682,32.597,32.609,14551
4244,2022-08-01 18:15:00,32.682,32.712,32.627,32.638,4140
4245,2022-08-01 18:10:00,32.653,32.682,32.617,32.648,13855
4246,2022-08-01 18:05:00,32.692,32.721,32.617,32.638,18573
4247,2022-08-01 18:00:00,32.771,32.79,32.636,32.658,103924
4248,2022-08-01 17:55:00,32.761,32.78,32.725,32.737,15566
4249,2022-08-01 17:50:00,32.761,32.78,32.725,32.746,15732
4250,2022-08-01 17:45:00,32.761,32.78,32.725,32.737,8601
4251,2022-08-01 17:40:00,32.761,32.78,32.725,32.737,8318
4252,2022-08-01 17:35:00,32.771,32.78,32.725,32.737,24049
4253,2022-08-01 17:30:00,32.761,32.78,32.725,32.737,8184
4254,2022-08-01 17:25:00,32.771,32.78,32.725,32.737,63178
4255,2022-08-01 17:20:00,32.78,32.79,32.725,32.746,13471
4256,2022-08-01 17:15:00,32.78,32.81,32.725,32.776,8487
4257,2022-08-01 17:10:00,32.761,32.79,32.725,32.746,17538
4258,2022-08-01 17:05:00,32.83,32.839,32.725,32.737,19283
4259,2022-08-01 17:00:00,32.839,32.849,32.784,32.796,6916
4260,2022-08-01 16:55:00,32.83,32.849,32.784,32.796,30699
4261,2022-08-01 16:50:00,32.81,32.839,32.774,32.805,23886
4262,2022-08-01 16:45:00,32.8,32.829,32.764,32.796,15662
4263,2022-08-01 16:40:00,32.81,32.829,32.764,32.776,25408
4264,2022-08-01 16:35:00,32.771,32.82,32.735,32.786,19576
4265,2022-08-01 16:30:00,32.761,32.79,32.725,32.746,8279
4266,2022-08-01 16:25:00,32.751,32.792,32.715,32.737,47266
4267,2022-08-01 16:20:00,32.766,32.78,32.705,32.727,41616
4268,2022-08-01 16:15:00,32.82,32.829,32.705,32.737,41622
4269,2022-08-01 16:10:00,32.79,32.849,32.754,32.796,83878
4270,2022-08-01 16:05:00,32.79,32.82,32.725,32.756,103060
4271,2022-08-01 16:00:00,32.712,32.869,32.627,32.776,279433
4272,2022-08-01 15:55:00,32.623,32.756,32.558,32.678,1870822
4273,2022-08-01 15:50:00,32.761,32.888,32.568,32.599,2012581
4274,2022-08-01 15:45:00,32.623,32.822,32.548,32.737,1416316
4275,2022-08-01 15:40:00,32.692,32.829,32.578,32.594,1501136
4276,2022-08-01 15:35:00,32.653,32.702,32.558,32.665,690128
4277,2022-08-01 15:30:00,32.594,32.702,32.519,32.634,815109
4278,2022-08-01 15:25:00,32.613,32.653,32.5,32.57,856238
4279,2022-08-01 15:20:00,32.849,32.859,32.568,32.589,1282070
4280,2022-08-01 15:15:00,32.908,33.006,32.793,32.83,1181081
4281,2022-08-01 15:10:00,32.879,32.918,32.725,32.874,749176
4282,2022-08-01 15:05:00,32.751,32.908,32.666,32.854,1150871
4283,2022-08-01 15:00:00,32.913,32.938,32.666,32.727,1324260
4284,2022-08-01 14:55:00,32.711,32.996,32.657,32.885,2249011
4285,2022-08-01 14:50:00,32.584,32.739,32.47,32.686,937895
4286,2022-08-01 14:45:00,32.555,32.662,32.47,32.56,1042877
4287,2022-08-01 14:40:00,32.734,32.79,32.504,32.521,1470638
4288,2022-08-01 14:35:00,32.672,32.761,32.627,32.708,1174927
4289,2022-08-01 14:30:00,32.604,32.692,32.548,32.638,792967
4290,2022-08-01 14:25:00,32.682,32.711,32.511,32.58,1023132
4291,2022-08-01 14:20:00,32.574,32.702,32.47,32.652,813408
4292,2022-08-01 14:15:00,32.643,32.76,32.46,32.545,2268102
4293,2022-08-01 14:10:00,32.494,32.653,32.362,32.619,1209945
4294,2022-08-01 14:05:00,32.405,32.525,32.305,32.466,1135938
4295,2022-08-01 14:00:00,32.486,32.544,32.264,32.378,1338854
4296,2022-08-01 13:55:00,32.338,32.515,32.234,32.471,1391600
4297,2022-08-01 13:50:00,32.364,32.397,32.205,32.319,1281441
4298,2022-08-01 13:45:00,32.403,32.417,32.175,32.339,1831122
4299,2022-08-01 13:40:00,32.486,32.533,32.293,32.373,1098295
4300,2022-08-01 13:35:00,32.417,32.525,32.352,32.462,986724
4301,2022-08-01 13:30:00,32.525,32.633,32.374,32.393,1235918
4302,2022-08-01 13:25:00,32.692,32.731,32.479,32.496,991157
4303,2022-08-01 13:20:00,32.667,32.8,32.538,32.668,1783739
4304,2022-08-01 13:15:00,32.947,33.016,32.617,32.639,1383319
4305,2022-08-01 13:10:00,32.918,32.962,32.764,32.916,916060
4306,2022-08-01 13:05:00,32.771,32.977,32.676,32.899,1476236
4307,2022-08-01 13:00:00,33.075,33.085,32.698,32.756,1641309
4308,2022-08-01 12:55:00,33.093,33.124,32.892,33.051,1038217
4309,2022-08-01 12:50:00,33.134,33.154,33.009,33.063,623527
4310,2022-08-01 12:45:00,33.154,33.291,33.039,33.109,1195620
4311,2022-08-01 12:40:00,33.124,33.181,32.999,33.129,949125
4312,2022-08-01 12:35:00,33.272,33.291,33.049,33.105,894218
4313,2022-08-01 12:30:00,33.252,33.291,33.117,33.239,834189
4314,2022-08-01 12:25:00,33.223,33.311,33.166,33.227,737715
4315,2022-08-01 12:20:00,33.164,33.311,33.117,33.206,1203238
4316,2022-08-01 12:15:00,33.129,33.242,33.049,33.149,1307144
4317,2022-08-01 12:10:00,33.37,33.439,32.999,33.1,2007746
4318,2022-08-01 12:05:00,33.448,33.515,33.323,33.347,1045522
4319,2022-08-01 12:00:00,33.586,33.645,33.353,33.414,1005327
4320,2022-08-01 11:55:00,33.606,33.694,33.49,33.561,1009804
4321,2022-08-01 11:50:00,33.655,33.704,33.561,33.581,973224
4322,2022-08-01 11:45:00,33.507,33.675,33.422,33.639,1755724
4323,2022-08-01 11:40:00,33.37,33.527,33.284,33.483,1026490
4324,2022-08-01 11:35:00,33.311,33.409,33.196,33.35,1177027
4325,2022-08-01 11:30:00,33.557,33.566,33.206,33.278,1299531
4326,2022-08-01 11:25:00,33.498,33.616,33.382,33.527,1361362
4327,2022-08-01 11:20:00,33.272,33.527,33.186,33.473,1569806
4328,2022-08-01 11:15:00,33.625,33.645,33.235,33.247,2220698
4329,2022-08-01 11:10:00,33.448,33.645,33.392,33.6,1556208
4330,2022-08-01 11:05:00,33.542,33.566,33.343,33.424,1355322
4331,2022-08-01 11:00:00,33.674,33.773,33.47,33.522,1959443
4332,2022-08-01 10:55:00,33.743,33.763,33.578,33.65,1648759
4333,2022-08-01 10:50:00,33.527,33.822,33.49,33.723,2506599
4334,2022-08-01 10:45:00,33.38,33.606,33.304,33.5,2256528
4335,2022-08-01 10:40:00,33.183,33.429,33.127,33.355,2503170
4336,2022-08-01 10:35:00,32.977,33.213,32.872,33.159,2398850
4337,2022-08-01 10:30:00,32.879,33.09,32.829,32.959,2109550
4338,2022-08-01 10:25:00,33.056,33.075,32.695,32.845,2735427
4339,2022-08-01 10:20:00,33.046,33.179,32.872,33.036,2580080
4340,2022-08-01 10:15:00,33.439,33.478,33.009,33.029,2249273
4341,2022-08-01 10:10:00,33.326,33.522,33.274,33.406,2868632
4342,2022-08-01 10:05:00,32.997,33.39,32.953,33.291,3172569
4343,2022-08-01 10:00:00,32.918,33.232,32.725,32.967,3913181
4344,2022-08-01 09:55:00,33.036,33.183,32.872,32.902,3359009
4345,2022-08-01 09:50:00,32.672,33.065,32.578,33.011,3434872
4346,2022-08-01 09:45:00,32.623,32.79,32.479,32.648,2577127
4347,2022-08-01 09:40:00,32.392,32.731,32.234,32.599,3959182
4348,2022-08-01 09:35:00,32.103,32.441,32.008,32.364,4097781
4349,2022-08-01 09:30:00,32.201,32.309,31.832,32.079,4111525
4350,2022-08-01 09:25:00,32.27,32.289,32.126,32.187,134267
4351,2022-08-01 09:20:00,32.152,32.299,32.116,32.256,106632
4352,2022-08-01 09:15:00,32.26,32.279,32.097,32.133,86360
4353,2022-08-01 09:10:00,32.27,32.279,32.156,32.236,98308
4354,2022-08-01 09:05:00,32.122,32.279,32.077,32.246,141057
4355,2022-08-01 09:00:00,32.25,32.299,32.028,32.099,443768
4356,2022-08-01 08:55:00,32.279,32.368,32.214,32.226,207976
4357,2022-08-01 08:50:00,32.368,32.456,32.224,32.246,143678
4358,2022-08-01 08:45:00,32.486,32.505,32.313,32.344,162094
4359,2022-08-01 08:40:00,32.466,32.505,32.381,32.472,115728
4360,2022-08-01 08:35:00,32.496,32.515,32.411,32.452,94630
4361,2022-08-01 08:30:00,32.555,32.603,32.44,32.472,96357
4362,2022-08-01 08:25:00,32.564,32.584,32.46,32.53,98236
4363,2022-08-01 08:20:00,32.574,32.594,32.509,32.54,74851
4364,2022-08-01 08:15:00,32.604,32.633,32.528,32.56,104320
4365,2022-08-01 08:10:00,32.623,32.653,32.548,32.58,49845
4366,2022-08-01 08:05:00,32.672,32.682,32.548,32.599,175680
4367,2022-08-01 08:00:00,32.574,32.898,32.283,32.638,404163
4368,2022-08-01 07:55:00,32.741,32.78,32.676,32.707,47914
4369,2022-08-01 07:50:00,32.83,32.839,32.705,32.717,74910
4370,2022-08-01 07:45:00,32.771,32.908,32.725,32.815,92749
4371,2022-08-01 07:40:00,32.672,32.81,32.636,32.746,43992
4372,2022-08-01 07:35:00,32.643,32.682,32.607,32.648,12355
4373,2022-08-01 07:30:00,32.702,32.741,32.617,32.629,25600
4374,2022-08-01 07:25:00,32.682,32.731,32.646,32.668,27655
4375,2022-08-01 07:20:00,32.672,32.712,32.627,32.658,32738
4376,2022-08-01 07:15:00,32.653,32.692,32.597,32.638,56680
4377,2022-08-01 07:10:00,32.623,32.702,32.568,32.629,37745
4378,2022-08-01 07:05:00,32.594,32.633,32.558,32.58,24439
4379,2022-08-01 07:00:00,32.564,32.623,32.519,32.57,47301
4380,2022-08-01 06:55:00,32.525,32.584,32.479,32.54,7002
4381,2022-08-01 06:50:00,32.515,32.554,32.479,32.491,4241
4382,2022-08-01 06:45:00,32.545,32.554,32.479,32.501,3488
4383,2022-08-01 06:40:00,32.555,32.564,32.479,32.521,5940
4384,2022-08-01 06:35:00,32.564,32.584,32.509,32.521,3100
4385,2022-08-01 06:30:00,32.564,32.574,32.479,32.54,4213
4386,2022-08-01 06:25:00,32.545,32.574,32.499,32.53,1963
4387,2022-08-01 06:20:00,32.564,32.574,32.479,32.511,8938
4388,2022-08-01 06:15:00,32.496,32.574,32.46,32.54,8378
4389,2022-08-01 06:10:00,32.574,32.584,32.46,32.491,12988
4390,2022-08-01 06:05:00,32.594,32.653,32.519,32.53,11313
4391,2022-08-01 06:00:00,32.545,32.603,32.499,32.57,15307
4392,2022-08-01 05:55:00,32.545,32.564,32.509,32.521,3899
4393,2022-08-01 05:50:00,32.594,32.603,32.509,32.521,9987
4394,2022-08-01 05:45:00,32.574,32.594,32.509,32.56,16687
4395,2022-08-01 05:40:00,32.574,32.594,32.509,32.55,13169
4396,2022-08-01 05:35:00,32.555,32.613,32.519,32.56,13876
4397,2022-08-01 05:30:00,32.476,32.564,32.44,32.53,18600
4398,2022-08-01 05:25:00,32.505,32.515,32.421,32.442,11012
4399,2022-08-01 05:20:00,32.486,32.515,32.45,32.472,12397
4400,2022-08-01 05:15:00,32.505,32.515,32.44,32.452,8484
4401,2022-08-01 05:10:00,32.427,32.505,32.391,32.472,16094
4402,2022-08-01 05:05:00,32.427,32.446,32.362,32.393,11960
4403,2022-08-01 05:00:00,32.388,32.456,32.342,32.413,19599
4404,2022-08-01 04:55:00,32.358,32.407,32.322,32.354,11771
4405,2022-08-01 04:50:00,32.348,32.358,32.283,32.324,29784
4406,2022-08-01 04:45:00,32.417,32.436,32.332,32.344,24916
4407,2022-08-01 04:40:00,32.446,32.466,32.381,32.393,18548
4408,2022-08-01 04:35:00,32.496,32.505,32.401,32.423,33726
4409,2022-08-01 04:30:00,32.476,32.515,32.44,32.481,11457
4410,2022-08-01 04:25:00,32.476,32.505,32.43,32.442,12695
4411,2022-08-01 04:20:00,32.496,32.525,32.43,32.442,28343
4412,2022-08-01 04:15:00,32.505,32.544,32.46,32.491,17063
4413,2022-08-01 04:10:00,32.584,32.613,32.44,32.481,32265
4414,2022-08-01 04:05:00,32.574,32.613,32.509,32.56,37955
4415,2022-08-01 04:00:00,32.663,32.81,32.528,32.56,161792
