,timestamp,open,high,low,close,volume
0,2024-04-30 19:55:00,51.94,52.053,51.93,52.042,44500
1,2024-04-30 19:50:00,51.99,51.993,51.91,51.943,50424
2,2024-04-30 19:45:00,51.94,51.993,51.94,51.993,8931
3,2024-04-30 19:40:00,51.841,51.933,51.84,51.933,30435
4,2024-04-30 19:35:00,51.821,51.894,51.81,51.863,18132
5,2024-04-30 19:30:00,51.93,51.953,51.8,51.833,39811
6,2024-04-30 19:25:00,51.97,51.973,51.92,51.923,11154
7,2024-04-30 19:20:00,51.99,52.013,51.96,51.963,10743
8,2024-04-30 19:15:00,52.05,52.063,51.99,51.993,9322
9,2024-04-30 19:10:00,52.04,52.083,52.02,52.052,34119
10,2024-04-30 19:05:00,51.95,52.063,51.94,52.052,20244
11,2024-04-30 19:00:00,51.95,51.963,51.91,51.963,30247
12,2024-04-30 18:55:00,51.99,51.993,51.93,51.953,17609
13,2024-04-30 18:50:00,51.93,51.993,51.92,51.983,21740
14,2024-04-30 18:45:00,51.96,51.973,51.93,51.933,16651
15,2024-04-30 18:40:00,51.98,52.013,51.93,51.963,14572
16,2024-04-30 18:35:00,51.94,52.013,51.94,51.983,38274
17,2024-04-30 18:30:00,51.851,51.953,51.85,51.953,48429
18,2024-04-30 18:25:00,51.911,51.923,51.84,51.852,34827
19,2024-04-30 18:20:00,51.94,51.943,51.83,51.913,14910
20,2024-04-30 18:15:00,51.841,51.953,51.825,51.933,25906
21,2024-04-30 18:10:00,51.841,51.877,51.751,51.853,109005
22,2024-04-30 18:05:00,51.96,51.963,51.781,51.823,133889
23,2024-04-30 18:00:00,51.681,52.003,51.601,51.973,129398
24,2024-04-30 17:55:00,51.681,51.704,51.661,51.694,43540
25,2024-04-30 17:50:00,51.681,51.704,51.641,51.684,50776
26,2024-04-30 17:45:00,51.911,51.923,51.671,51.684,103000
27,2024-04-30 17:40:00,52.06,52.073,51.91,51.913,52465
28,2024-04-30 17:35:00,52.08,52.083,52.059,52.072,37825
29,2024-04-30 17:30:00,52.08,52.083,52.069,52.082,12455
30,2024-04-30 17:25:00,52.07,52.083,52.059,52.072,24651
31,2024-04-30 17:20:00,52.05,52.073,52.013,52.062,20153
32,2024-04-30 17:15:00,51.99,52.053,51.99,52.042,14409
33,2024-04-30 17:10:00,51.98,52.013,51.94,52.003,39512
34,2024-04-30 17:05:00,52.02,52.053,51.95,51.983,33708
35,2024-04-30 17:00:00,52.06,52.083,51.97,52.003,67689
36,2024-04-30 16:55:00,52.12,52.153,52.04,52.062,64727
37,2024-04-30 16:50:00,52.14,52.182,52.089,52.122,67061
38,2024-04-30 16:45:00,52.229,52.252,52.109,52.152,74491
39,2024-04-30 16:40:00,52.139,52.252,52.129,52.222,87210
40,2024-04-30 16:35:00,52.08,52.192,52.069,52.132,57032
41,2024-04-30 16:30:00,52.03,52.222,52.029,52.082,91387
42,2024-04-30 16:25:00,52.13,52.312,52.03,52.032,238683
43,2024-04-30 16:20:00,52.06,52.252,52.05,52.152,284712
44,2024-04-30 16:15:00,52.533,52.536,51.761,52.072,483364
45,2024-04-30 16:10:00,52.538,52.621,52.358,52.511,374571
46,2024-04-30 16:05:00,52.917,52.95,52.279,52.54,472653
47,2024-04-30 16:00:00,52.528,53.149,52.04,52.929,1860886
48,2024-04-30 15:55:00,53.146,53.154,52.529,52.532,4337382
49,2024-04-30 15:50:00,53.868,53.871,53.086,53.158,2332630
50,2024-04-30 15:45:00,53.664,53.896,53.655,53.875,588022
51,2024-04-30 15:40:00,53.674,53.766,53.643,53.671,491984
52,2024-04-30 15:35:00,53.803,53.851,53.643,53.686,529398
53,2024-04-30 15:30:00,53.744,53.851,53.703,53.806,537879
54,2024-04-30 15:25:00,53.544,53.766,53.544,53.746,521447
55,2024-04-30 15:20:00,53.604,53.697,53.454,53.547,764532
56,2024-04-30 15:15:00,53.773,53.796,53.574,53.606,602709
57,2024-04-30 15:10:00,53.798,53.866,53.753,53.771,250669
58,2024-04-30 15:05:00,53.777,53.855,53.763,53.806,326273
59,2024-04-30 15:00:00,53.654,53.821,53.604,53.781,409268
60,2024-04-30 14:55:00,53.574,53.677,53.559,53.656,387713
61,2024-04-30 14:50:00,53.763,53.776,53.524,53.586,848119
62,2024-04-30 14:45:00,53.912,53.956,53.743,53.761,372474
63,2024-04-30 14:40:00,54.003,54.025,53.858,53.91,441833
64,2024-04-30 14:35:00,53.943,54.025,53.907,54.005,327899
65,2024-04-30 14:30:00,53.734,53.966,53.733,53.95,535066
66,2024-04-30 14:25:00,53.927,53.976,53.703,53.726,666670
67,2024-04-30 14:20:00,53.948,54.075,53.907,53.935,360374
68,2024-04-30 14:15:00,53.998,54.06,53.892,53.945,333200
69,2024-04-30 14:10:00,54.072,54.12,53.972,54.001,378299
70,2024-04-30 14:05:00,54.232,54.235,54.002,54.065,508877
71,2024-04-30 14:00:00,54.092,54.251,54.085,54.224,467531
72,2024-04-30 13:55:00,54.142,54.175,54.047,54.1,409630
73,2024-04-30 13:50:00,54.007,54.155,53.962,54.144,577194
74,2024-04-30 13:45:00,53.883,54.016,53.873,54.005,480714
75,2024-04-30 13:40:00,53.928,54.065,53.833,53.89,498768
76,2024-04-30 13:35:00,53.833,53.956,53.813,53.927,337023
77,2024-04-30 13:30:00,53.803,53.893,53.743,53.846,302710
78,2024-04-30 13:25:00,53.853,53.942,53.793,53.806,512856
79,2024-04-30 13:20:00,53.699,53.876,53.693,53.85,463423
80,2024-04-30 13:15:00,53.704,53.757,53.604,53.696,570175
81,2024-04-30 13:10:00,53.848,53.916,53.594,53.701,656611
82,2024-04-30 13:05:00,53.829,53.956,53.753,53.846,414636
83,2024-04-30 13:00:00,53.853,54.036,53.743,53.836,600335
84,2024-04-30 12:55:00,53.727,53.946,53.693,53.87,559274
85,2024-04-30 12:50:00,53.724,53.811,53.683,53.741,601849
86,2024-04-30 12:45:00,53.753,53.776,53.663,53.721,613181
87,2024-04-30 12:40:00,53.883,53.896,53.683,53.766,1042322
88,2024-04-30 12:35:00,53.933,54.065,53.853,53.88,681019
89,2024-04-30 12:30:00,54.431,54.434,53.872,53.931,1250851
90,2024-04-30 12:25:00,54.438,54.501,54.4,54.438,300310
91,2024-04-30 12:20:00,54.451,54.534,54.43,54.443,568815
92,2024-04-30 12:15:00,54.431,54.484,54.341,54.463,326889
93,2024-04-30 12:10:00,54.271,54.449,54.261,54.443,379407
94,2024-04-30 12:05:00,54.296,54.304,54.201,54.264,397568
95,2024-04-30 12:00:00,54.421,54.444,54.231,54.304,391850
96,2024-04-30 11:55:00,54.247,54.479,54.241,54.428,652388
97,2024-04-30 11:50:00,54.192,54.294,54.131,54.249,489573
98,2024-04-30 11:45:00,54.222,54.314,54.125,54.198,472723
99,2024-04-30 11:40:00,54.346,54.364,54.122,54.227,800349
100,2024-04-30 11:35:00,54.391,54.464,54.341,54.349,441685
101,2024-04-30 11:30:00,54.486,54.504,54.211,54.383,984604
102,2024-04-30 11:25:00,54.441,54.524,54.398,54.488,495512
103,2024-04-30 11:20:00,54.545,54.593,54.371,54.433,667744
104,2024-04-30 11:15:00,54.351,54.583,54.311,54.548,1292369
105,2024-04-30 11:10:00,54.725,54.773,54.321,54.359,1479669
106,2024-04-30 11:05:00,54.899,54.972,54.61,54.727,1026720
107,2024-04-30 11:00:00,55.108,55.125,54.869,54.903,761857
108,2024-04-30 10:55:00,55.128,55.141,54.988,55.111,576265
109,2024-04-30 10:50:00,55.397,55.41,55.068,55.141,635334
110,2024-04-30 10:45:00,55.347,55.49,55.327,55.39,748980
111,2024-04-30 10:40:00,55.158,55.37,55.118,55.355,574783
112,2024-04-30 10:35:00,55.088,55.181,55.008,55.151,496810
113,2024-04-30 10:30:00,54.989,55.111,54.918,55.091,796092
114,2024-04-30 10:25:00,55.317,55.36,54.988,54.991,696728
115,2024-04-30 10:20:00,55.377,55.43,55.257,55.32,436275
116,2024-04-30 10:15:00,55.387,55.51,55.347,55.37,659015
117,2024-04-30 10:10:00,55.397,55.41,55.138,55.39,1045121
118,2024-04-30 10:05:00,55.337,55.535,55.327,55.395,633274
119,2024-04-30 10:00:00,55.412,55.639,55.277,55.34,1227798
120,2024-04-30 09:55:00,55.347,55.449,55.277,55.405,540134
121,2024-04-30 09:50:00,55.327,55.37,55.158,55.35,583265
122,2024-04-30 09:45:00,55.527,55.57,55.167,55.32,1277103
123,2024-04-30 09:40:00,55.178,55.55,55.158,55.519,1396667
124,2024-04-30 09:35:00,55.238,55.261,54.988,55.181,907852
125,2024-04-30 09:30:00,55.088,55.291,54.987,55.25,2057336
126,2024-04-30 09:25:00,55.048,55.141,55.038,55.091,107463
127,2024-04-30 09:20:00,55.098,55.111,55.018,55.071,41557
128,2024-04-30 09:15:00,55.098,55.141,55.058,55.081,78463
129,2024-04-30 09:10:00,54.949,55.933,54.948,55.091,85752
130,2024-04-30 09:05:00,54.938,55.062,54.908,54.951,139984
131,2024-04-30 09:00:00,54.999,55.012,54.869,54.931,157701
132,2024-04-30 08:55:00,55.088,55.131,54.918,54.991,176783
133,2024-04-30 08:50:00,54.889,55.161,54.839,55.101,138092
134,2024-04-30 08:45:00,54.909,54.932,54.869,54.892,58858
135,2024-04-30 08:40:00,54.809,54.942,54.709,54.911,104451
136,2024-04-30 08:35:00,54.809,55.022,54.799,54.822,180991
137,2024-04-30 08:30:00,55.467,55.47,54.669,54.812,386292
138,2024-04-30 08:25:00,55.527,55.56,55.436,55.469,36078
139,2024-04-30 08:20:00,55.517,55.55,55.505,55.529,18732
140,2024-04-30 08:15:00,55.477,55.51,55.468,55.509,19022
141,2024-04-30 08:10:00,55.417,55.48,55.397,55.479,74907
142,2024-04-30 08:05:00,55.467,55.5,55.417,55.42,24624
143,2024-04-30 08:00:00,55.606,55.789,55.338,55.459,170125
144,2024-04-30 07:55:00,55.497,55.54,55.417,55.459,17052
145,2024-04-30 07:50:00,55.487,55.52,55.456,55.509,6879
146,2024-04-30 07:45:00,55.507,55.54,55.486,55.489,14664
147,2024-04-30 07:40:00,55.487,55.52,55.456,55.489,15995
148,2024-04-30 07:35:00,55.457,55.49,55.446,55.489,6782
149,2024-04-30 07:30:00,55.467,55.5,55.407,55.469,15023
150,2024-04-30 07:25:00,55.497,55.51,55.417,55.469,15614
151,2024-04-30 07:20:00,55.557,55.56,55.456,55.489,26951
152,2024-04-30 07:15:00,55.596,55.6,55.556,55.559,10125
153,2024-04-30 07:10:00,55.557,55.619,55.536,55.599,20131
154,2024-04-30 07:05:00,55.467,55.55,55.456,55.549,19460
155,2024-04-30 07:00:00,55.606,55.639,55.476,55.489,59470
156,2024-04-30 06:55:00,55.567,55.609,55.566,55.609,6371
157,2024-04-30 06:50:00,55.606,55.639,55.576,55.579,8132
158,2024-04-30 06:45:00,55.527,55.609,55.496,55.609,10174
159,2024-04-30 06:40:00,55.557,55.57,55.526,55.529,3401
160,2024-04-30 06:35:00,55.457,55.57,55.436,55.559,12101
161,2024-04-30 06:30:00,55.437,55.48,55.417,55.469,4902
162,2024-04-30 06:25:00,55.447,55.46,55.436,55.439,4744
163,2024-04-30 06:20:00,55.447,55.49,55.417,55.469,9323
164,2024-04-30 06:15:00,55.427,55.45,55.397,55.449,4300
165,2024-04-30 06:10:00,55.397,55.44,55.387,55.42,17560
166,2024-04-30 06:05:00,55.427,55.43,55.397,55.4,52485
167,2024-04-30 06:00:00,55.427,55.45,55.397,55.449,2035
168,2024-04-30 05:55:00,55.407,55.44,55.387,55.429,5693
169,2024-04-30 05:50:00,55.507,55.52,55.387,55.4,9400
170,2024-04-30 05:45:00,55.527,55.56,55.476,55.509,2322
171,2024-04-30 05:40:00,55.547,55.56,55.476,55.529,2914
172,2024-04-30 05:35:00,55.487,55.54,55.466,55.529,2974
173,2024-04-30 05:30:00,55.497,55.54,55.476,55.499,6698
174,2024-04-30 05:25:00,55.517,55.56,55.476,55.509,7401
175,2024-04-30 05:20:00,55.417,55.53,55.407,55.529,17324
176,2024-04-30 05:15:00,55.347,55.44,55.337,55.42,9315
177,2024-04-30 05:10:00,55.407,55.41,55.327,55.33,13607
178,2024-04-30 05:05:00,55.467,55.48,55.367,55.4,8231
179,2024-04-30 05:00:00,55.417,55.51,55.347,55.509,31546
180,2024-04-30 04:55:00,55.417,55.46,55.407,55.42,23605
181,2024-04-30 04:50:00,55.537,55.54,55.417,55.42,32859
182,2024-04-30 04:45:00,55.547,55.57,55.516,55.539,7413
183,2024-04-30 04:40:00,55.537,55.56,55.496,55.549,6268
184,2024-04-30 04:35:00,55.567,55.609,55.536,55.539,6039
185,2024-04-30 04:30:00,55.576,55.619,55.556,55.559,6744
186,2024-04-30 04:25:00,55.547,55.619,55.536,55.589,6789
187,2024-04-30 04:20:00,55.567,55.619,55.546,55.549,8012
188,2024-04-30 04:15:00,55.567,55.609,55.536,55.589,15527
189,2024-04-30 04:10:00,55.596,55.6,55.516,55.569,16224
190,2024-04-30 04:05:00,55.686,55.699,55.576,55.609,15110
191,2024-04-30 04:00:00,55.666,55.719,55.626,55.679,40009
192,2024-04-29 19:55:00,55.776,55.779,55.745,55.758,13124
193,2024-04-29 19:50:00,55.776,55.779,55.755,55.778,6358
194,2024-04-29 19:45:00,55.746,55.789,55.745,55.778,5340
195,2024-04-29 19:40:00,55.756,55.759,55.745,55.748,5633
196,2024-04-29 19:35:00,55.746,55.759,55.745,55.758,7693
197,2024-04-29 19:30:00,55.736,55.769,55.735,55.758,4106
198,2024-04-29 19:25:00,55.736,55.749,55.725,55.728,11934
199,2024-04-29 19:20:00,55.736,55.749,55.715,55.738,1875
200,2024-04-29 19:15:00,55.746,55.759,55.725,55.748,2005
201,2024-04-29 19:10:00,55.756,55.769,55.725,55.748,14319
202,2024-04-29 19:05:00,55.746,55.769,55.745,55.748,3062
203,2024-04-29 19:00:00,55.766,55.769,55.735,55.768,17186
204,2024-04-29 18:55:00,55.736,55.759,55.725,55.758,618
205,2024-04-29 18:50:00,55.756,55.759,55.725,55.758,2472
206,2024-04-29 18:45:00,55.746,55.759,55.715,55.739,9012
207,2024-04-29 18:40:00,55.746,55.769,55.735,55.748,5439
208,2024-04-29 18:35:00,55.796,55.799,55.738,55.748,6592
209,2024-04-29 18:30:00,55.786,55.799,55.775,55.798,16002
210,2024-04-29 18:25:00,55.756,55.799,55.755,55.788,17324
211,2024-04-29 18:20:00,55.756,55.769,55.745,55.758,1801
212,2024-04-29 18:15:00,55.756,55.779,55.745,55.768,19105
213,2024-04-29 18:10:00,55.746,55.799,55.746,55.758,2874
214,2024-04-29 18:05:00,55.756,55.769,55.745,55.748,4731
215,2024-04-29 18:00:00,55.786,55.829,55.755,55.768,12847
216,2024-04-29 17:55:00,55.796,55.799,55.755,55.758,6843
217,2024-04-29 17:50:00,55.776,55.799,55.765,55.788,6977
218,2024-04-29 17:45:00,55.786,55.799,55.765,55.778,8693
219,2024-04-29 17:40:00,55.766,55.789,55.765,55.768,6630
220,2024-04-29 17:35:00,55.786,55.789,55.755,55.758,1919
221,2024-04-29 17:30:00,55.796,55.799,55.765,55.788,2740
222,2024-04-29 17:25:00,55.806,55.809,55.785,55.788,6207
223,2024-04-29 17:20:00,55.835,55.839,55.795,55.798,9114
224,2024-04-29 17:15:00,55.855,55.859,55.815,55.838,3190
225,2024-04-29 17:10:00,55.806,55.859,55.785,55.838,5526
226,2024-04-29 17:05:00,55.786,55.839,55.785,55.788,5703
227,2024-04-29 17:00:00,55.786,55.789,55.755,55.778,12392
228,2024-04-29 16:55:00,55.786,55.809,55.755,55.778,17555
229,2024-04-29 16:50:00,55.806,55.827,55.785,55.798,10086
230,2024-04-29 16:45:00,55.835,55.839,55.785,55.808,31307
231,2024-04-29 16:40:00,55.875,55.888,55.835,55.848,21099
232,2024-04-29 16:35:00,55.855,55.878,55.845,55.878,9644
233,2024-04-29 16:30:00,55.845,55.883,55.845,55.858,65910
234,2024-04-29 16:25:00,55.865,55.869,55.845,55.848,16330
235,2024-04-29 16:20:00,55.865,55.878,55.855,55.868,30593
236,2024-04-29 16:15:00,55.726,55.878,55.725,55.868,54484
237,2024-04-29 16:10:00,55.826,55.888,55.785,55.848,50609
238,2024-04-29 16:05:00,55.855,55.898,55.805,55.838,82371
239,2024-04-29 16:00:00,55.726,55.958,55.725,55.838,565418
240,2024-04-29 15:55:00,55.621,55.769,55.601,55.738,1301200
241,2024-04-29 15:50:00,55.317,55.669,55.307,55.62,1241188
242,2024-04-29 15:45:00,55.298,55.42,55.277,55.33,627061
243,2024-04-29 15:40:00,55.238,55.35,55.168,55.305,519709
244,2024-04-29 15:35:00,55.263,55.316,55.141,55.23,452765
245,2024-04-29 15:30:00,55.188,55.296,55.187,55.27,396974
246,2024-04-29 15:25:00,55.178,55.281,55.118,55.185,487411
247,2024-04-29 15:20:00,55.088,55.281,55.088,55.175,657456
248,2024-04-29 15:15:00,55.039,55.161,54.972,55.081,452190
249,2024-04-29 15:10:00,54.989,55.106,54.978,55.061,740929
250,2024-04-29 15:05:00,54.884,55.042,54.664,54.991,1270187
251,2024-04-29 15:00:00,55.557,55.56,54.769,54.902,2380083
252,2024-04-29 14:55:00,55.48,55.596,55.456,55.563,421020
253,2024-04-29 14:50:00,55.497,55.54,55.436,55.474,212973
254,2024-04-29 14:45:00,55.52,55.559,55.466,55.495,273324
255,2024-04-29 14:40:00,55.327,55.56,55.317,55.524,637717
256,2024-04-29 14:35:00,55.268,55.345,55.237,55.314,424395
257,2024-04-29 14:30:00,55.547,55.55,55.158,55.275,1178777
258,2024-04-29 14:25:00,55.616,55.658,55.509,55.559,356172
259,2024-04-29 14:20:00,55.616,55.684,55.576,55.624,237988
260,2024-04-29 14:15:00,55.626,55.699,55.596,55.624,354949
261,2024-04-29 14:10:00,55.665,55.699,55.586,55.634,333862
262,2024-04-29 14:05:00,55.676,55.689,55.606,55.669,356758
263,2024-04-29 14:00:00,55.816,55.819,55.616,55.698,533874
264,2024-04-29 13:55:00,55.806,55.888,55.775,55.819,273540
265,2024-04-29 13:50:00,55.855,55.888,55.775,55.814,317830
266,2024-04-29 13:45:00,55.91,55.968,55.845,55.86,393830
267,2024-04-29 13:40:00,55.875,55.928,55.865,55.903,247288
268,2024-04-29 13:35:00,55.908,55.938,55.855,55.878,333611
269,2024-04-29 13:30:00,55.895,55.928,55.785,55.908,463428
270,2024-04-29 13:25:00,55.756,55.898,55.75,55.893,660444
271,2024-04-29 13:20:00,55.65,55.785,55.636,55.758,372059
272,2024-04-29 13:15:00,55.603,55.675,55.557,55.664,296684
273,2024-04-29 13:10:00,55.527,55.628,55.526,55.605,286200
274,2024-04-29 13:05:00,55.586,55.595,55.426,55.534,371937
275,2024-04-29 13:00:00,55.645,55.659,55.486,55.589,304572
276,2024-04-29 12:55:00,55.636,55.656,55.556,55.644,234060
277,2024-04-29 12:50:00,55.686,55.709,55.566,55.634,238683
278,2024-04-29 12:45:00,55.686,55.729,55.636,55.67,259075
279,2024-04-29 12:40:00,55.666,55.759,55.516,55.686,433395
280,2024-04-29 12:35:00,55.734,55.754,55.646,55.669,277461
281,2024-04-29 12:30:00,55.736,55.799,55.646,55.744,600015
282,2024-04-29 12:25:00,55.64,55.739,55.576,55.738,411049
283,2024-04-29 12:20:00,55.666,55.689,55.596,55.649,335158
284,2024-04-29 12:15:00,55.676,55.724,55.636,55.674,356105
285,2024-04-29 12:10:00,55.601,55.699,55.596,55.669,287372
286,2024-04-29 12:05:00,55.557,55.679,55.546,55.609,367304
287,2024-04-29 12:00:00,55.567,55.629,55.506,55.559,478394
288,2024-04-29 11:55:00,55.477,55.589,55.436,55.554,216804
289,2024-04-29 11:50:00,55.417,55.51,55.402,55.479,232630
290,2024-04-29 11:45:00,55.522,55.525,55.327,55.411,419034
291,2024-04-29 11:40:00,55.268,55.535,55.267,55.519,448279
292,2024-04-29 11:35:00,55.228,55.291,55.158,55.266,493987
293,2024-04-29 11:30:00,55.467,55.48,55.197,55.23,492814
294,2024-04-29 11:25:00,55.427,55.54,55.417,55.464,210706
295,2024-04-29 11:20:00,55.562,55.57,55.357,55.43,292659
296,2024-04-29 11:15:00,55.507,55.575,55.446,55.564,252663
297,2024-04-29 11:10:00,55.447,55.54,55.376,55.503,291689
298,2024-04-29 11:05:00,55.487,55.5,55.297,55.456,461139
299,2024-04-29 11:00:00,55.547,55.59,55.407,55.484,361085
300,2024-04-29 10:55:00,55.532,55.639,55.506,55.539,282762
301,2024-04-29 10:50:00,55.517,55.629,55.466,55.529,346087
302,2024-04-29 10:45:00,55.626,55.669,55.436,55.519,484033
303,2024-04-29 10:40:00,55.463,55.699,55.456,55.629,549400
304,2024-04-29 10:35:00,55.779,55.794,55.387,55.469,882527
305,2024-04-29 10:30:00,55.622,55.829,55.616,55.788,1166794
306,2024-04-29 10:25:00,55.547,55.674,55.506,55.619,537612
307,2024-04-29 10:20:00,55.631,55.739,55.456,55.547,966183
308,2024-04-29 10:15:00,55.636,55.699,55.546,55.629,739605
309,2024-04-29 10:10:00,55.577,55.684,55.526,55.639,796557
310,2024-04-29 10:05:00,55.407,55.639,55.347,55.584,793881
311,2024-04-29 10:00:00,55.362,55.555,55.327,55.411,919240
312,2024-04-29 09:55:00,55.048,55.385,55.023,55.37,1261624
313,2024-04-29 09:50:00,55.357,55.37,55.018,55.056,1128634
314,2024-04-29 09:45:00,55.168,55.39,55.126,55.36,1492006
315,2024-04-29 09:40:00,55.636,55.639,55.029,55.165,2066083
316,2024-04-29 09:35:00,56.005,56.047,55.581,55.629,1768944
317,2024-04-29 09:30:00,55.865,56.118,55.755,55.997,2722940
318,2024-04-29 09:25:00,55.756,55.888,55.715,55.868,154315
319,2024-04-29 09:20:00,55.834,55.839,55.765,55.768,49278
320,2024-04-29 09:15:00,55.796,55.938,55.715,55.828,73448
321,2024-04-29 09:10:00,55.786,55.928,55.536,55.788,96066
322,2024-04-29 09:05:00,55.875,55.918,53.688,55.788,105421
323,2024-04-29 09:00:00,55.875,55.908,55.825,55.878,56443
324,2024-04-29 08:55:00,55.934,55.937,55.845,55.873,54729
325,2024-04-29 08:50:00,55.835,55.938,55.825,55.928,47762
326,2024-04-29 08:45:00,55.864,55.908,55.835,55.838,57439
327,2024-04-29 08:40:00,55.756,55.878,55.736,55.858,112238
328,2024-04-29 08:35:00,55.756,55.779,55.72,55.758,23274
329,2024-04-29 08:30:00,55.796,55.809,55.725,55.768,52864
330,2024-04-29 08:25:00,55.855,55.869,55.785,55.798,57477
331,2024-04-29 08:20:00,55.826,55.918,55.805,55.858,74723
332,2024-04-29 08:15:00,55.825,55.839,55.765,55.828,57103
333,2024-04-29 08:10:00,55.835,55.848,55.795,55.818,30379
334,2024-04-29 08:05:00,55.567,55.878,55.516,55.838,130576
335,2024-04-29 08:00:00,55.626,55.878,55.378,55.838,369139
336,2024-04-29 07:55:00,55.855,55.859,55.785,55.788,31077
337,2024-04-29 07:50:00,55.835,55.869,55.815,55.858,33561
338,2024-04-29 07:45:00,55.796,55.859,55.785,55.838,32101
339,2024-04-29 07:40:00,55.746,55.819,55.745,55.798,66675
340,2024-04-29 07:35:00,55.736,55.759,55.676,55.738,36187
341,2024-04-29 07:30:00,55.736,55.779,55.706,55.728,21212
342,2024-04-29 07:25:00,55.656,55.748,55.656,55.718,46993
343,2024-04-29 07:20:00,55.557,55.659,55.526,55.649,23660
344,2024-04-29 07:15:00,55.596,55.6,55.526,55.569,25865
345,2024-04-29 07:10:00,55.626,55.649,55.576,55.589,50763
346,2024-04-29 07:05:00,55.626,55.659,55.596,55.639,32654
347,2024-04-29 07:00:00,55.656,55.679,55.596,55.629,47675
348,2024-04-29 06:55:00,55.696,55.719,55.646,55.659,9476
349,2024-04-29 06:50:00,55.676,55.749,55.656,55.698,22195
350,2024-04-29 06:45:00,55.656,55.679,55.626,55.669,8849
351,2024-04-29 06:40:00,55.596,55.669,55.566,55.649,14277
352,2024-04-29 06:35:00,55.586,55.609,55.546,55.599,4665
353,2024-04-29 06:30:00,55.596,55.609,55.566,55.589,5582
354,2024-04-29 06:25:00,55.576,55.619,55.506,55.609,16253
355,2024-04-29 06:20:00,55.586,55.59,55.556,55.559,4564
356,2024-04-29 06:15:00,55.477,55.58,55.476,55.579,11711
357,2024-04-29 06:10:00,55.467,55.53,55.446,55.489,10037
358,2024-04-29 06:05:00,55.457,55.47,55.436,55.459,8205
359,2024-04-29 06:00:00,55.377,55.48,55.367,55.459,28023
360,2024-04-29 05:55:00,55.447,55.46,55.367,55.39,31702
361,2024-04-29 05:50:00,55.527,55.57,55.446,55.449,12241
362,2024-04-29 05:45:00,55.557,55.57,55.526,55.529,20856
363,2024-04-29 05:40:00,55.567,55.6,55.536,55.569,9846
364,2024-04-29 05:35:00,55.507,55.58,55.506,55.579,8862
365,2024-04-29 05:30:00,55.517,55.55,55.496,55.509,12457
366,2024-04-29 05:25:00,55.567,55.58,55.506,55.529,9291
367,2024-04-29 05:20:00,55.567,55.58,55.496,55.559,32978
368,2024-04-29 05:15:00,55.636,55.649,55.556,55.569,12463
369,2024-04-29 05:10:00,55.686,55.709,55.606,55.649,23105
370,2024-04-29 05:05:00,55.616,55.699,55.616,55.698,22400
371,2024-04-29 05:00:00,55.626,55.649,55.596,55.629,25880
372,2024-04-29 04:55:00,55.636,55.639,55.566,55.629,8261
373,2024-04-29 04:50:00,55.616,55.639,55.606,55.629,5745
374,2024-04-29 04:45:00,55.666,55.689,55.596,55.629,6716
375,2024-04-29 04:40:00,55.676,55.709,55.646,55.669,12722
376,2024-04-29 04:35:00,55.676,55.709,55.656,55.679,8501
377,2024-04-29 04:30:00,55.726,55.729,55.666,55.669,11148
378,2024-04-29 04:25:00,55.746,55.769,55.676,55.718,9841
379,2024-04-29 04:20:00,55.726,55.779,55.705,55.758,14182
380,2024-04-29 04:15:00,55.756,55.769,55.715,55.738,8587
381,2024-04-29 04:10:00,55.736,55.809,55.735,55.768,28377
382,2024-04-29 04:05:00,55.666,55.749,55.636,55.738,18206
383,2024-04-29 04:00:00,55.726,55.739,55.666,55.679,57047
384,2024-04-26 19:55:00,55.088,55.171,55.078,55.111,9289
385,2024-04-26 19:50:00,55.118,55.131,55.088,55.091,3952
386,2024-04-26 19:45:00,55.098,55.131,55.098,55.121,4224
387,2024-04-26 19:40:00,55.088,55.101,55.078,55.096,2843
388,2024-04-26 19:35:00,55.098,55.101,55.078,55.091,2892
389,2024-04-26 19:30:00,55.099,55.111,55.088,55.091,3526
390,2024-04-26 19:25:00,55.168,55.171,55.088,55.111,53610
391,2024-04-26 19:20:00,55.118,55.161,55.108,55.161,15801
392,2024-04-26 19:15:00,55.098,55.121,55.098,55.111,2826
393,2024-04-26 19:10:00,55.118,55.121,55.088,55.121,2305
394,2024-04-26 19:05:00,55.118,55.121,55.088,55.121,3338
395,2024-04-26 19:00:00,55.078,55.121,55.078,55.091,5494
396,2024-04-26 18:55:00,55.078,55.091,55.068,55.081,4884
397,2024-04-26 18:50:00,55.088,55.091,55.068,55.071,2005
398,2024-04-26 18:45:00,55.068,55.111,55.068,55.091,18119
399,2024-04-26 18:40:00,55.058,55.081,55.048,55.081,8655
400,2024-04-26 18:35:00,55.058,55.072,55.058,55.061,4150
401,2024-04-26 18:30:00,55.098,55.101,55.048,55.061,40524
402,2024-04-26 18:25:00,55.088,55.101,55.078,55.101,4529
403,2024-04-26 18:20:00,55.098,55.101,55.078,55.091,15225
404,2024-04-26 18:15:00,55.118,55.121,55.088,55.091,4313
405,2024-04-26 18:10:00,55.108,55.121,55.088,55.101,7493
406,2024-04-26 18:05:00,55.108,55.131,55.078,55.091,7649
407,2024-04-26 18:00:00,55.108,55.131,55.078,55.091,9239
408,2024-04-26 17:55:00,55.098,55.141,55.098,55.121,3860
409,2024-04-26 17:50:00,55.098,55.141,55.088,55.111,20304
410,2024-04-26 17:45:00,55.118,55.131,55.088,55.091,24476
411,2024-04-26 17:40:00,55.098,55.131,55.088,55.121,8472
412,2024-04-26 17:35:00,55.128,55.131,55.088,55.091,1385
413,2024-04-26 17:30:00,55.068,55.131,55.058,55.131,14352
414,2024-04-26 17:25:00,55.068,55.081,55.048,55.071,3690
415,2024-04-26 17:20:00,55.078,55.081,55.048,55.061,5517
416,2024-04-26 17:15:00,55.088,55.101,55.058,55.071,8319
417,2024-04-26 17:10:00,55.088,55.101,55.088,55.091,5273
418,2024-04-26 17:05:00,55.088,55.101,55.078,55.091,10224
419,2024-04-26 17:00:00,55.068,55.101,55.068,55.101,9085
420,2024-04-26 16:55:00,55.078,55.091,55.068,55.071,21718
421,2024-04-26 16:50:00,55.078,55.101,55.068,55.091,10700
422,2024-04-26 16:45:00,55.058,55.091,55.048,55.081,13690
423,2024-04-26 16:40:00,55.068,55.081,55.058,55.061,33289
424,2024-04-26 16:35:00,55.068,55.081,55.058,55.071,10429
425,2024-04-26 16:30:00,55.039,55.081,55.028,55.081,9681
426,2024-04-26 16:25:00,55.068,55.081,55.008,55.041,28426
427,2024-04-26 16:20:00,55.068,55.072,55.048,55.061,53670
428,2024-04-26 16:15:00,55.068,55.072,55.038,55.071,36335
429,2024-04-26 16:10:00,55.068,55.081,55.018,55.051,67609
430,2024-04-26 16:05:00,55.118,55.141,55.058,55.061,85371
431,2024-04-26 16:00:00,55.098,55.171,55.068,55.121,461600
432,2024-04-26 15:55:00,55.258,55.311,55.073,55.101,1795247
433,2024-04-26 15:50:00,55.367,55.39,55.228,55.26,1183177
434,2024-04-26 15:45:00,55.268,55.406,55.257,55.37,589058
435,2024-04-26 15:40:00,55.437,55.475,55.217,55.26,723982
436,2024-04-26 15:35:00,55.432,55.479,55.407,55.456,417442
437,2024-04-26 15:30:00,55.532,55.55,55.417,55.449,468690
438,2024-04-26 15:25:00,55.517,55.55,55.486,55.539,424890
439,2024-04-26 15:20:00,55.397,55.54,55.377,55.519,430354
440,2024-04-26 15:15:00,55.363,55.41,55.347,55.405,302932
441,2024-04-26 15:10:00,55.397,55.43,55.337,55.366,348490
442,2024-04-26 15:05:00,55.308,55.4,55.287,55.39,468534
443,2024-04-26 15:00:00,55.347,55.41,55.217,55.31,692079
444,2024-04-26 14:55:00,55.123,55.355,55.078,55.35,783708
445,2024-04-26 14:50:00,55.148,55.191,55.108,55.114,216632
446,2024-04-26 14:45:00,55.128,55.221,55.093,55.141,189284
447,2024-04-26 14:40:00,55.208,55.251,55.128,55.141,333627
448,2024-04-26 14:35:00,55.088,55.261,55.088,55.21,672579
449,2024-04-26 14:30:00,55.198,55.211,55.068,55.081,460762
450,2024-04-26 14:25:00,55.226,55.241,55.128,55.2,354744
451,2024-04-26 14:20:00,55.188,55.296,55.148,55.23,446171
452,2024-04-26 14:15:00,55.248,55.321,55.168,55.202,357915
453,2024-04-26 14:10:00,55.278,55.35,55.227,55.25,294725
454,2024-04-26 14:05:00,55.293,55.37,55.277,55.285,369518
455,2024-04-26 14:00:00,55.437,55.47,55.257,55.307,477511
456,2024-04-26 13:55:00,55.517,55.52,55.397,55.429,460839
457,2024-04-26 13:50:00,55.576,55.61,55.501,55.519,416135
458,2024-04-26 13:45:00,55.481,55.629,55.48,55.579,516234
459,2024-04-26 13:40:00,55.507,55.519,55.298,55.484,653395
460,2024-04-26 13:35:00,55.577,55.625,55.467,55.505,392491
461,2024-04-26 13:30:00,55.557,55.659,55.506,55.579,530547
462,2024-04-26 13:25:00,55.542,55.629,55.521,55.551,527278
463,2024-04-26 13:20:00,55.487,55.55,55.456,55.539,352050
464,2024-04-26 13:15:00,55.507,55.585,55.436,55.479,445504
465,2024-04-26 13:10:00,55.439,55.525,55.428,55.504,366340
466,2024-04-26 13:05:00,55.437,55.519,55.407,55.444,314303
467,2024-04-26 13:00:00,55.487,55.56,55.397,55.43,632953
468,2024-04-26 12:55:00,55.377,55.49,55.377,55.484,510219
469,2024-04-26 12:50:00,55.347,55.41,55.297,55.375,595569
470,2024-04-26 12:45:00,55.317,55.38,55.29,55.345,251816
471,2024-04-26 12:40:00,55.353,55.39,55.237,55.315,442994
472,2024-04-26 12:35:00,55.233,55.36,55.202,55.356,490479
473,2024-04-26 12:30:00,55.168,55.241,55.058,55.23,437078
474,2024-04-26 12:25:00,55.138,55.217,55.11,55.161,447064
475,2024-04-26 12:20:00,55.138,55.181,55.098,55.141,386629
476,2024-04-26 12:15:00,55.168,55.181,55.078,55.151,378412
477,2024-04-26 12:10:00,55.148,55.195,55.078,55.161,421734
478,2024-04-26 12:05:00,55.128,55.161,55.048,55.145,421125
479,2024-04-26 12:00:00,55.178,55.181,54.988,55.126,546610
480,2024-04-26 11:55:00,55.183,55.232,55.132,55.18,385326
481,2024-04-26 11:50:00,55.387,55.41,55.128,55.186,589629
482,2024-04-26 11:45:00,55.288,55.43,55.247,55.389,745613
483,2024-04-26 11:40:00,55.078,55.301,55.028,55.292,747570
484,2024-04-26 11:35:00,55.019,55.111,54.953,55.081,547471
485,2024-04-26 11:30:00,55.078,55.171,54.978,55.019,567597
486,2024-04-26 11:25:00,55.029,55.181,55.018,55.081,517430
487,2024-04-26 11:20:00,55.203,55.216,54.948,55.031,737003
488,2024-04-26 11:15:00,55.034,55.241,54.988,55.205,667781
489,2024-04-26 11:10:00,55.299,55.326,54.869,55.041,1129159
490,2024-04-26 11:05:00,55.387,55.44,55.267,55.305,632091
491,2024-04-26 11:00:00,55.238,55.52,55.237,55.39,1472706
492,2024-04-26 10:55:00,55.263,55.281,55.167,55.23,627728
493,2024-04-26 10:50:00,55.168,55.281,54.948,55.26,1030806
494,2024-04-26 10:45:00,55.009,55.201,54.889,55.161,873594
495,2024-04-26 10:40:00,54.979,55.151,54.953,55.011,1041962
496,2024-04-26 10:35:00,54.894,55.062,54.839,54.98,806444
497,2024-04-26 10:30:00,54.71,54.922,54.58,54.897,1181211
498,2024-04-26 10:25:00,55.009,55.02,54.681,54.702,1169795
499,2024-04-26 10:20:00,55.029,55.052,54.849,55.021,1078636
500,2024-04-26 10:15:00,55.029,55.113,54.899,55.041,6801308
501,2024-04-26 10:10:00,54.858,55.086,54.829,55.034,1378389
502,2024-04-26 10:05:00,54.829,54.902,54.47,54.852,1391859
503,2024-04-26 10:00:00,54.64,54.852,54.54,54.832,1497134
504,2024-04-26 09:55:00,54.586,54.783,54.58,54.642,1393015
505,2024-04-26 09:50:00,54.401,54.673,54.339,54.588,1557887
506,2024-04-26 09:45:00,54.162,54.404,54.092,54.403,1225020
507,2024-04-26 09:40:00,54.351,54.374,53.942,54.164,1508377
508,2024-04-26 09:35:00,54.162,54.444,54.002,54.344,2124941
509,2024-04-26 09:30:00,53.823,54.175,53.564,54.154,2693971
510,2024-04-26 09:25:00,53.953,54.075,53.663,53.836,235892
511,2024-04-26 09:20:00,53.933,54.006,53.902,53.955,56596
512,2024-04-26 09:15:00,53.943,54.025,53.922,53.925,75901
513,2024-04-26 09:10:00,54.052,54.105,53.882,53.935,135603
514,2024-04-26 09:05:00,54.142,54.195,53.972,54.055,101474
515,2024-04-26 09:00:00,54.112,54.305,54.092,54.114,219762
516,2024-04-26 08:55:00,53.883,54.115,53.861,54.105,156687
517,2024-04-26 08:50:00,54.052,54.075,53.813,53.885,265932
518,2024-04-26 08:45:00,54.351,54.374,53.972,54.055,206870
519,2024-04-26 08:40:00,54.371,54.374,54.022,54.344,216063
520,2024-04-26 08:35:00,54.411,54.434,54.082,54.383,279152
521,2024-04-26 08:30:00,54.003,54.902,53.992,54.383,960550
522,2024-04-26 08:25:00,54.122,54.155,53.912,54.105,145696
523,2024-04-26 08:20:00,54.202,54.225,54.092,54.134,149484
524,2024-04-26 08:15:00,54.232,54.265,54.191,54.214,74317
525,2024-04-26 08:10:00,54.132,54.265,54.092,54.234,63736
526,2024-04-26 08:05:00,54.192,54.653,54.122,54.134,133692
527,2024-04-26 08:00:00,54.152,54.653,53.963,54.613,293134
528,2024-04-26 07:55:00,54.281,54.294,54.211,54.244,29308
529,2024-04-26 07:50:00,54.242,54.314,54.18,54.304,37067
530,2024-04-26 07:45:00,54.242,54.294,54.221,54.234,48020
531,2024-04-26 07:40:00,54.162,54.245,54.141,54.244,31306
532,2024-04-26 07:35:00,54.281,54.324,54.151,54.164,87546
533,2024-04-26 07:30:00,54.311,54.344,54.271,54.274,26288
534,2024-04-26 07:25:00,54.341,54.344,54.261,54.324,49005
535,2024-04-26 07:20:00,54.361,54.414,54.311,54.334,65209
536,2024-04-26 07:15:00,54.351,54.394,54.321,54.354,40150
537,2024-04-26 07:10:00,54.271,54.384,54.271,54.354,52891
538,2024-04-26 07:05:00,54.172,54.304,54.151,54.264,43947
539,2024-04-26 07:00:00,54.092,54.235,54.082,54.174,77199
540,2024-04-26 06:55:00,54.132,54.135,54.002,54.095,36169
541,2024-04-26 06:50:00,54.182,54.215,54.122,54.134,10650
542,2024-04-26 06:45:00,54.232,54.245,54.161,54.174,5622
543,2024-04-26 06:40:00,54.232,54.255,54.211,54.224,6253
544,2024-04-26 06:35:00,54.252,54.265,54.211,54.234,10003
545,2024-04-26 06:30:00,54.252,54.265,54.171,54.244,8783
546,2024-04-26 06:25:00,54.222,54.255,54.211,54.254,10677
547,2024-04-26 06:20:00,54.182,54.235,54.181,54.214,7036
548,2024-04-26 06:15:00,54.102,54.185,54.082,54.174,7475
549,2024-04-26 06:10:00,54.152,54.215,54.102,54.105,20466
550,2024-04-26 06:05:00,54.082,54.165,54.082,54.154,11335
551,2024-04-26 06:00:00,54.112,54.145,54.062,54.075,17796
552,2024-04-26 05:55:00,54.152,54.175,54.052,54.105,37696
553,2024-04-26 05:50:00,54.142,54.185,54.112,54.154,15157
554,2024-04-26 05:45:00,54.142,54.195,54.141,54.154,42806
555,2024-04-26 05:40:00,54.102,54.175,54.102,54.154,21163
556,2024-04-26 05:35:00,54.122,54.135,54.092,54.105,30205
557,2024-04-26 05:30:00,54.032,54.125,54.002,54.114,28985
558,2024-04-26 05:25:00,54.003,54.035,53.982,54.035,24275
559,2024-04-26 05:20:00,53.993,54.035,53.972,54.015,21880
560,2024-04-26 05:15:00,54.052,54.095,53.952,53.985,26736
561,2024-04-26 05:10:00,54.082,54.115,54.002,54.055,27884
562,2024-04-26 05:05:00,54.072,54.135,54.062,54.095,35646
563,2024-04-26 05:00:00,54.162,54.185,54.072,54.075,20371
564,2024-04-26 04:55:00,54.142,54.175,54.102,54.174,31623
565,2024-04-26 04:50:00,54.232,54.275,54.131,54.144,27084
566,2024-04-26 04:45:00,54.281,54.324,54.231,54.234,8518
567,2024-04-26 04:40:00,54.232,54.294,54.221,54.294,6694
568,2024-04-26 04:35:00,54.311,54.324,54.221,54.234,28526
569,2024-04-26 04:30:00,54.371,54.384,54.311,54.314,11170
570,2024-04-26 04:25:00,54.371,54.374,54.281,54.374,23607
571,2024-04-26 04:20:00,54.421,54.434,54.331,54.374,9894
572,2024-04-26 04:15:00,54.351,54.434,54.331,54.423,14862
573,2024-04-26 04:10:00,54.351,54.374,54.321,54.364,15793
574,2024-04-26 04:05:00,54.371,54.434,54.331,54.334,21101
575,2024-04-26 04:00:00,54.391,54.414,54.311,54.383,78886
576,2024-04-25 19:55:00,54.391,54.404,54.351,54.393,43308
577,2024-04-25 19:50:00,54.451,54.464,54.381,54.403,39863
578,2024-04-25 19:45:00,54.401,54.464,54.381,54.463,38354
579,2024-04-25 19:40:00,54.321,54.404,54.301,54.383,23578
580,2024-04-25 19:35:00,54.331,54.374,54.281,54.324,52169
581,2024-04-25 19:30:00,54.391,54.424,54.321,54.324,7352
582,2024-04-25 19:25:00,54.441,54.454,54.381,54.383,48483
583,2024-04-25 19:20:00,54.431,54.464,54.41,54.443,47998
584,2024-04-25 19:15:00,54.401,54.434,54.371,54.433,12097
585,2024-04-25 19:10:00,54.461,54.474,54.311,54.383,98404
586,2024-04-25 19:05:00,54.521,54.534,54.46,54.473,37665
587,2024-04-25 19:00:00,54.521,54.544,54.43,54.523,31458
588,2024-04-25 18:55:00,54.491,54.544,54.49,54.543,10844
589,2024-04-25 18:50:00,54.53,54.544,54.49,54.493,10418
590,2024-04-25 18:45:00,54.56,54.593,54.52,54.523,24841
591,2024-04-25 18:40:00,54.521,54.603,54.51,54.563,41039
592,2024-04-25 18:35:00,54.501,54.534,54.49,54.523,15027
593,2024-04-25 18:30:00,54.451,54.544,54.45,54.503,29877
594,2024-04-25 18:25:00,54.481,54.494,54.43,54.443,31813
595,2024-04-25 18:20:00,54.421,54.484,54.42,54.473,33613
596,2024-04-25 18:15:00,54.491,54.494,54.401,54.423,27484
597,2024-04-25 18:10:00,54.442,54.494,54.371,54.493,42812
598,2024-04-25 18:05:00,54.511,54.524,54.341,54.443,96254
599,2024-04-25 18:00:00,54.74,54.912,54.39,54.543,161321
600,2024-04-25 17:55:00,54.54,54.783,54.49,54.732,93345
601,2024-04-25 17:50:00,54.491,54.563,54.49,54.553,36516
602,2024-04-25 17:45:00,54.501,54.524,54.49,54.503,40250
603,2024-04-25 17:40:00,54.511,54.534,54.49,54.503,29827
604,2024-04-25 17:35:00,54.56,54.573,54.49,54.532,40761
605,2024-04-25 17:30:00,54.61,54.613,54.56,54.573,33265
606,2024-04-25 17:25:00,54.65,54.693,54.59,54.603,51020
607,2024-04-25 17:20:00,54.68,54.693,54.642,54.652,28146
608,2024-04-25 17:15:00,54.72,54.743,54.659,54.673,60011
609,2024-04-25 17:10:00,54.73,54.753,54.669,54.732,62675
610,2024-04-25 17:05:00,54.77,54.803,54.729,54.732,69942
611,2024-04-25 17:00:00,54.829,54.842,54.759,54.773,63620
612,2024-04-25 16:55:00,54.869,54.912,54.759,54.842,152336
613,2024-04-25 16:50:00,54.949,54.972,54.859,54.862,135062
614,2024-04-25 16:45:00,54.77,54.972,54.739,54.971,224085
615,2024-04-25 16:40:00,54.7,54.793,54.668,54.772,192859
616,2024-04-25 16:35:00,54.511,54.722,54.49,54.702,166203
617,2024-04-25 16:30:00,54.451,54.544,54.44,54.513,188437
618,2024-04-25 16:25:00,54.511,54.534,54.361,54.473,194279
619,2024-04-25 16:20:00,54.56,54.663,54.47,54.513,171423
620,2024-04-25 16:15:00,52.648,54.723,52.647,54.553,389694
621,2024-04-25 16:10:00,54.64,54.783,54.43,54.583,460251
622,2024-04-25 16:05:00,54.561,54.892,52.647,54.662,1268308
623,2024-04-25 16:00:00,52.658,54.643,52.468,54.583,1542117
624,2024-04-25 15:55:00,52.488,52.681,52.405,52.65,1365085
625,2024-04-25 15:50:00,52.384,52.501,52.348,52.501,1118664
626,2024-04-25 15:45:00,52.442,52.521,52.353,52.381,573544
627,2024-04-25 15:40:00,52.588,52.591,52.338,52.451,854680
628,2024-04-25 15:35:00,52.797,52.82,52.568,52.58,586164
629,2024-04-25 15:30:00,52.927,52.95,52.727,52.809,734994
630,2024-04-25 15:25:00,52.942,52.96,52.807,52.924,701366
631,2024-04-25 15:20:00,52.917,52.989,52.86,52.939,845552
632,2024-04-25 15:15:00,52.668,52.95,52.639,52.929,894063
633,2024-04-25 15:10:00,52.613,52.698,52.548,52.66,601699
634,2024-04-25 15:05:00,52.648,52.715,52.528,52.615,824142
635,2024-04-25 15:00:00,52.289,52.701,52.259,52.655,1279466
636,2024-04-25 14:55:00,52.102,52.302,51.98,52.281,911937
637,2024-04-25 14:50:00,52.095,52.153,51.971,52.103,577491
638,2024-04-25 14:45:00,52.04,52.103,51.99,52.097,471958
639,2024-04-25 14:40:00,52.16,52.232,51.99,52.052,630062
640,2024-04-25 14:35:00,52.279,52.317,52.109,52.172,668495
641,2024-04-25 14:30:00,52.15,52.461,52.119,52.271,864018
642,2024-04-25 14:25:00,52.573,52.601,52.139,52.16,1076331
643,2024-04-25 14:20:00,52.762,52.78,52.558,52.574,633418
644,2024-04-25 14:15:00,52.676,52.8,52.672,52.76,559035
645,2024-04-25 14:10:00,52.718,52.78,52.637,52.664,527288
646,2024-04-25 14:05:00,52.593,52.76,52.561,52.72,757229
647,2024-04-25 14:00:00,52.668,52.691,52.508,52.6,835319
648,2024-04-25 13:55:00,52.747,52.755,52.587,52.655,1021569
649,2024-04-25 13:50:00,52.558,52.77,52.522,52.74,742939
650,2024-04-25 13:45:00,52.359,52.661,52.333,52.57,812742
651,2024-04-25 13:40:00,52.458,52.476,52.269,52.356,779155
652,2024-04-25 13:35:00,52.1,52.477,52.094,52.471,1044613
653,2024-04-25 13:30:00,51.99,52.128,51.95,52.092,637578
654,2024-04-25 13:25:00,51.771,52.029,51.741,51.999,548563
655,2024-04-25 13:20:00,51.921,51.959,51.711,51.78,873712
656,2024-04-25 13:15:00,51.935,52.003,51.91,51.933,391498
657,2024-04-25 13:10:00,51.99,52.103,51.87,51.923,704803
658,2024-04-25 13:05:00,52.07,52.143,51.944,52.003,606509
659,2024-04-25 13:00:00,52.0,52.203,51.92,52.069,873468
660,2024-04-25 12:55:00,51.916,52.113,51.905,51.998,941031
661,2024-04-25 12:50:00,51.751,51.923,51.681,51.914,583703
662,2024-04-25 12:45:00,51.731,51.824,51.695,51.753,589532
663,2024-04-25 12:40:00,51.642,51.764,51.561,51.732,525876
664,2024-04-25 12:35:00,51.642,51.734,51.541,51.644,585681
665,2024-04-25 12:30:00,51.681,51.694,51.541,51.629,528491
666,2024-04-25 12:25:00,51.632,51.719,51.586,51.679,646759
667,2024-04-25 12:20:00,51.422,51.678,51.366,51.624,906238
668,2024-04-25 12:15:00,51.303,51.535,51.302,51.421,641641
669,2024-04-25 12:10:00,51.373,51.405,51.113,51.3,758579
670,2024-04-25 12:05:00,51.333,51.495,51.312,51.37,671907
671,2024-04-25 12:00:00,51.263,51.395,51.168,51.335,575121
672,2024-04-25 11:55:00,51.084,51.316,51.013,51.267,904728
673,2024-04-25 11:50:00,50.884,51.121,50.854,51.089,730889
674,2024-04-25 11:45:00,51.009,51.048,50.834,50.887,661577
675,2024-04-25 11:40:00,51.014,51.116,50.934,51.007,539618
676,2024-04-25 11:35:00,50.905,51.077,50.894,51.016,399630
677,2024-04-25 11:30:00,51.193,51.216,50.764,50.907,962864
678,2024-04-25 11:25:00,50.914,51.224,50.884,51.196,839718
679,2024-04-25 11:20:00,50.875,51.007,50.824,50.926,603214
680,2024-04-25 11:15:00,51.034,51.037,50.728,50.877,591911
681,2024-04-25 11:10:00,50.969,51.096,50.934,51.036,539454
682,2024-04-25 11:05:00,50.979,51.017,50.874,50.967,509054
683,2024-04-25 11:00:00,50.705,51.067,50.675,50.966,1004069
684,2024-04-25 10:55:00,50.685,50.773,50.61,50.717,608251
685,2024-04-25 10:50:00,50.83,50.917,50.625,50.677,986112
686,2024-04-25 10:45:00,51.064,51.122,50.804,50.817,907091
687,2024-04-25 10:40:00,51.054,51.116,50.745,51.076,1194143
688,2024-04-25 10:35:00,50.974,51.176,50.956,51.056,956358
689,2024-04-25 10:30:00,51.422,51.471,50.937,50.976,1668508
690,2024-04-25 10:25:00,51.492,51.561,51.407,51.426,1019697
691,2024-04-25 10:20:00,51.393,51.545,51.352,51.503,1049428
692,2024-04-25 10:15:00,51.228,51.532,51.183,51.395,1593687
693,2024-04-25 10:10:00,50.894,51.286,50.868,51.235,1712436
694,2024-04-25 10:05:00,50.75,51.037,50.745,50.903,1417064
695,2024-04-25 10:00:00,50.745,50.798,50.491,50.743,1261928
696,2024-04-25 09:55:00,50.875,50.897,50.505,50.747,1371538
697,2024-04-25 09:50:00,50.725,50.896,50.635,50.867,1464631
698,2024-04-25 09:45:00,50.865,50.962,50.705,50.727,2437649
699,2024-04-25 09:40:00,50.516,50.917,50.406,50.877,2575056
700,2024-04-25 09:35:00,50.337,50.628,50.291,50.528,2261665
701,2024-04-25 09:30:00,50.705,50.748,50.286,50.339,4930893
702,2024-04-25 09:25:00,50.785,50.808,50.676,50.707,251514
703,2024-04-25 09:20:00,50.606,50.798,50.575,50.777,185917
704,2024-04-25 09:15:00,50.526,50.668,50.515,50.608,207301
705,2024-04-25 09:10:00,50.826,50.848,50.515,50.528,393601
706,2024-04-25 09:05:00,50.984,50.987,50.804,50.827,318632
707,2024-04-25 09:00:00,50.954,51.047,50.914,50.976,242884
708,2024-04-25 08:55:00,50.944,50.967,50.864,50.947,141202
709,2024-04-25 08:50:00,50.944,50.987,50.844,50.947,294911
710,2024-04-25 08:45:00,51.223,51.256,50.944,50.947,337030
711,2024-04-25 08:40:00,51.134,51.256,51.116,51.215,347472
712,2024-04-25 08:35:00,51.323,51.495,51.133,51.156,330781
713,2024-04-25 08:30:00,51.831,52.182,51.053,51.305,857300
714,2024-04-25 08:25:00,51.721,51.844,51.711,51.803,113043
715,2024-04-25 08:20:00,51.751,51.794,51.691,51.714,58604
716,2024-04-25 08:15:00,51.801,51.834,51.651,51.753,75665
717,2024-04-25 08:10:00,51.871,51.884,51.721,51.813,87481
718,2024-04-25 08:05:00,51.213,51.913,51.203,51.883,47805
719,2024-04-25 08:00:00,51.861,52.271,51.203,51.335,488236
720,2024-04-25 07:55:00,52.0,52.063,51.96,52.042,19620
721,2024-04-25 07:50:00,52.0,52.013,51.91,52.003,37482
722,2024-04-25 07:45:00,51.95,52.023,51.92,52.012,41074
723,2024-04-25 07:40:00,51.821,51.963,51.781,51.943,61389
724,2024-04-25 07:35:00,51.851,51.874,51.761,51.823,76936
725,2024-04-25 07:30:00,51.871,51.904,51.83,51.863,41867
726,2024-04-25 07:25:00,51.93,51.963,51.82,51.873,24350
727,2024-04-25 07:20:00,52.0,52.033,51.9,51.943,32249
728,2024-04-25 07:15:00,51.871,52.013,51.85,51.993,39463
729,2024-04-25 07:10:00,51.791,51.884,51.781,51.873,25697
730,2024-04-25 07:05:00,51.881,51.913,51.761,51.803,54283
731,2024-04-25 07:00:00,51.891,51.913,51.701,51.883,148695
732,2024-04-25 06:55:00,51.95,51.953,51.82,51.903,29056
733,2024-04-25 06:50:00,51.99,52.063,51.95,51.963,32212
734,2024-04-25 06:45:00,52.03,52.093,51.98,51.993,29798
735,2024-04-25 06:40:00,52.17,52.192,51.97,52.022,36219
736,2024-04-25 06:35:00,52.17,52.182,52.099,52.172,11119
737,2024-04-25 06:30:00,52.15,52.182,52.089,52.172,20461
738,2024-04-25 06:25:00,52.1,52.173,52.079,52.132,12445
739,2024-04-25 06:20:00,52.09,52.123,52.04,52.102,9718
740,2024-04-25 06:15:00,52.04,52.103,51.99,52.102,21885
741,2024-04-25 06:10:00,52.15,52.153,52.04,52.042,17828
742,2024-04-25 06:05:00,52.189,52.202,52.069,52.142,13465
743,2024-04-25 06:00:00,52.199,52.242,52.129,52.192,14410
744,2024-04-25 05:55:00,52.14,52.202,52.139,52.192,12763
745,2024-04-25 05:50:00,52.209,52.242,52.139,52.152,12008
746,2024-04-25 05:45:00,52.219,52.272,52.189,52.202,24800
747,2024-04-25 05:40:00,52.15,52.262,52.149,52.222,16715
748,2024-04-25 05:35:00,52.15,52.202,52.149,52.152,22469
749,2024-04-25 05:30:00,52.13,52.163,52.099,52.132,60512
750,2024-04-25 05:25:00,52.15,52.163,52.089,52.132,27112
751,2024-04-25 05:20:00,52.15,52.192,52.139,52.152,23316
752,2024-04-25 05:15:00,52.1,52.163,52.089,52.152,21925
753,2024-04-25 05:10:00,52.05,52.093,52.0,52.092,11813
754,2024-04-25 05:05:00,52.06,52.083,52.02,52.042,27950
755,2024-04-25 05:00:00,52.01,52.093,51.97,52.082,22957
756,2024-04-25 04:55:00,52.06,52.083,51.96,52.012,9558
757,2024-04-25 04:50:00,52.07,52.083,52.03,52.062,23489
758,2024-04-25 04:45:00,52.07,52.153,52.059,52.072,48399
759,2024-04-25 04:40:00,52.07,52.083,52.02,52.062,11506
760,2024-04-25 04:35:00,51.96,52.093,51.96,52.072,33121
761,2024-04-25 04:30:00,51.811,51.983,51.8,51.963,26041
762,2024-04-25 04:25:00,51.891,51.894,51.791,51.823,62494
763,2024-04-25 04:20:00,51.921,51.933,51.88,51.893,11277
764,2024-04-25 04:15:00,51.901,51.963,51.88,51.923,10498
765,2024-04-25 04:10:00,51.841,51.963,51.83,51.903,108291
766,2024-04-25 04:05:00,51.761,51.854,51.751,51.843,67149
767,2024-04-25 04:00:00,51.612,51.794,51.591,51.763,97119
768,2024-04-24 19:55:00,51.572,51.674,51.561,51.674,29117
769,2024-04-24 19:50:00,51.652,51.654,51.522,51.574,40890
770,2024-04-24 19:45:00,51.721,51.734,51.641,51.654,22545
771,2024-04-24 19:40:00,51.741,51.754,51.721,51.724,8373
772,2024-04-24 19:35:00,51.711,51.744,51.711,51.734,10751
773,2024-04-24 19:30:00,51.761,51.794,51.701,51.734,16294
774,2024-04-24 19:25:00,51.751,51.784,51.741,51.783,18566
775,2024-04-24 19:20:00,51.751,51.784,51.741,51.743,7969
776,2024-04-24 19:15:00,51.801,51.814,51.731,51.773,8381
777,2024-04-24 19:10:00,51.771,51.844,51.771,51.803,27587
778,2024-04-24 19:05:00,51.721,51.764,51.701,51.763,11483
779,2024-04-24 19:00:00,51.711,51.764,51.691,51.724,11755
780,2024-04-24 18:55:00,51.681,51.734,51.681,51.704,8885
781,2024-04-24 18:50:00,51.741,51.764,51.691,51.694,11576
782,2024-04-24 18:45:00,51.741,51.764,51.721,51.743,8737
783,2024-04-24 18:40:00,51.671,51.774,51.671,51.734,19586
784,2024-04-24 18:35:00,51.801,51.804,51.631,51.674,57628
785,2024-04-24 18:30:00,51.851,51.874,51.771,51.783,49554
786,2024-04-24 18:25:00,51.731,51.854,51.721,51.853,49737
787,2024-04-24 18:20:00,51.711,51.754,51.701,51.734,25808
788,2024-04-24 18:15:00,51.731,51.744,51.661,51.714,20124
789,2024-04-24 18:10:00,51.771,51.774,51.661,51.724,47375
790,2024-04-24 18:05:00,51.662,51.774,51.661,51.753,69163
791,2024-04-24 18:00:00,51.393,51.699,51.382,51.674,181303
792,2024-04-24 17:55:00,51.383,51.405,51.302,51.385,44060
793,2024-04-24 17:50:00,51.353,51.435,51.312,51.375,40428
794,2024-04-24 17:45:00,51.422,51.445,51.332,51.335,30675
795,2024-04-24 17:40:00,51.381,51.475,51.332,51.435,31511
796,2024-04-24 17:35:00,51.403,51.415,51.302,51.385,58118
797,2024-04-24 17:30:00,51.552,51.565,51.352,51.365,48758
798,2024-04-24 17:25:00,51.572,51.575,51.512,51.554,17598
799,2024-04-24 17:20:00,51.602,51.654,51.551,51.572,27667
800,2024-04-24 17:15:00,51.481,51.704,51.452,51.604,69482
801,2024-04-24 17:10:00,51.671,51.674,51.363,51.465,181559
802,2024-04-24 17:05:00,52.0,52.023,51.611,51.654,112357
803,2024-04-24 17:00:00,52.06,52.103,51.91,51.993,39966
804,2024-04-24 16:55:00,52.155,52.182,52.01,52.072,101502
805,2024-04-24 16:50:00,52.07,52.173,52.059,52.152,46122
806,2024-04-24 16:45:00,51.96,52.073,51.96,52.072,122239
807,2024-04-24 16:40:00,52.001,52.083,51.85,51.963,85709
808,2024-04-24 16:35:00,52.02,52.073,51.93,52.003,66596
809,2024-04-24 16:30:00,52.18,52.222,52.009,52.023,88667
810,2024-04-24 16:25:00,52.03,52.382,51.88,52.162,452655
811,2024-04-24 16:20:00,52.339,52.342,51.95,52.022,637261
812,2024-04-24 16:15:00,52.409,53.507,52.328,52.341,294430
813,2024-04-24 16:10:00,52.558,52.601,52.408,52.421,257981
814,2024-04-24 16:05:00,53.554,53.587,52.279,52.58,795148
815,2024-04-24 16:00:00,53.46,53.617,53.374,53.547,341373
816,2024-04-24 15:55:00,53.534,53.697,53.454,53.457,1260930
817,2024-04-24 15:50:00,53.624,53.657,53.514,53.537,1028770
818,2024-04-24 15:45:00,53.544,53.727,53.484,53.636,541486
819,2024-04-24 15:40:00,53.534,53.637,53.514,53.547,448364
820,2024-04-24 15:35:00,53.56,53.586,53.482,53.532,492961
821,2024-04-24 15:30:00,53.564,53.587,53.484,53.577,438674
822,2024-04-24 15:25:00,53.594,53.697,53.494,53.557,732508
823,2024-04-24 15:20:00,53.355,53.607,53.315,53.586,703221
824,2024-04-24 15:15:00,53.355,53.408,53.295,53.357,587178
825,2024-04-24 15:10:00,53.235,53.423,53.221,53.358,603841
826,2024-04-24 15:05:00,53.026,53.268,52.996,53.248,566780
827,2024-04-24 15:00:00,53.046,53.129,52.996,53.029,544762
828,2024-04-24 14:55:00,53.106,53.189,53.026,53.058,577866
829,2024-04-24 14:50:00,53.215,53.229,53.036,53.118,523276
830,2024-04-24 14:45:00,53.315,53.357,53.175,53.228,486392
831,2024-04-24 14:40:00,53.235,53.318,53.18,53.317,378839
832,2024-04-24 14:35:00,53.176,53.324,53.145,53.243,432840
833,2024-04-24 14:30:00,53.269,53.298,53.061,53.183,792381
834,2024-04-24 14:25:00,53.415,53.458,53.235,53.278,375348
835,2024-04-24 14:20:00,53.375,53.458,53.305,53.417,416578
836,2024-04-24 14:15:00,53.335,53.437,53.24,53.377,715285
837,2024-04-24 14:10:00,53.584,53.643,53.315,53.327,692029
838,2024-04-24 14:05:00,53.654,53.667,53.414,53.591,1016410
839,2024-04-24 14:00:00,53.823,53.862,53.653,53.666,473820
840,2024-04-24 13:55:00,53.813,53.856,53.733,53.821,517251
841,2024-04-24 13:50:00,53.734,53.836,53.673,53.796,573684
842,2024-04-24 13:45:00,53.739,53.896,53.723,53.73,1017681
843,2024-04-24 13:40:00,53.614,53.766,53.613,53.742,581443
844,2024-04-24 13:35:00,53.534,53.737,53.479,53.611,814556
845,2024-04-24 13:30:00,53.425,53.602,53.409,53.532,799845
846,2024-04-24 13:25:00,53.361,53.467,53.345,53.422,757232
847,2024-04-24 13:20:00,53.255,53.378,53.165,53.367,449005
848,2024-04-24 13:15:00,53.098,53.318,53.076,53.252,567320
849,2024-04-24 13:10:00,53.086,53.199,53.086,53.108,400263
850,2024-04-24 13:05:00,53.074,53.175,53.026,53.098,427566
851,2024-04-24 13:00:00,53.136,53.219,53.016,53.068,861036
852,2024-04-24 12:55:00,52.996,53.169,52.906,53.138,784973
853,2024-04-24 12:50:00,52.777,53.039,52.722,53.009,621359
854,2024-04-24 12:45:00,52.787,52.83,52.667,52.79,455590
855,2024-04-24 12:40:00,52.867,52.88,52.717,52.795,494293
856,2024-04-24 12:35:00,52.687,52.88,52.667,52.869,415853
857,2024-04-24 12:30:00,53.006,53.014,52.629,52.68,649192
858,2024-04-24 12:25:00,52.917,53.029,52.861,53.008,552541
859,2024-04-24 12:20:00,52.902,52.979,52.817,52.919,382163
860,2024-04-24 12:15:00,52.847,52.999,52.846,52.909,546967
861,2024-04-24 12:10:00,52.917,52.94,52.767,52.846,755948
862,2024-04-24 12:05:00,53.146,53.149,52.876,52.909,1062448
863,2024-04-24 12:00:00,52.986,53.219,52.93,53.148,1133223
864,2024-04-24 11:55:00,53.146,53.154,52.946,52.999,777265
865,2024-04-24 11:50:00,53.186,53.216,53.046,53.156,555764
866,2024-04-24 11:45:00,53.136,53.263,53.016,53.198,1143517
867,2024-04-24 11:40:00,53.649,53.672,53.135,53.138,1023968
868,2024-04-24 11:35:00,53.594,53.667,53.494,53.651,657988
869,2024-04-24 11:30:00,53.465,53.607,53.414,53.595,861435
870,2024-04-24 11:25:00,53.275,53.517,53.25,53.457,1228515
871,2024-04-24 11:20:00,53.375,53.428,53.245,53.273,949473
872,2024-04-24 11:15:00,53.455,53.477,53.305,53.377,595648
873,2024-04-24 11:10:00,53.445,53.557,53.424,53.447,663856
874,2024-04-24 11:05:00,53.485,53.607,53.315,53.441,902751
875,2024-04-24 11:00:00,53.763,53.846,53.469,53.492,984475
876,2024-04-24 10:55:00,53.763,53.826,53.633,53.776,756896
877,2024-04-24 10:50:00,53.946,53.949,53.714,53.776,640483
878,2024-04-24 10:45:00,53.883,53.996,53.753,53.955,957387
879,2024-04-24 10:40:00,53.923,53.996,53.793,53.88,1191279
880,2024-04-24 10:35:00,54.062,54.105,53.882,53.924,804980
881,2024-04-24 10:30:00,54.082,54.215,53.972,54.065,808740
882,2024-04-24 10:25:00,54.152,54.275,54.032,54.085,701391
883,2024-04-24 10:20:00,54.066,54.24,53.992,54.164,788867
884,2024-04-24 10:15:00,54.022,54.192,53.942,54.06,1046363
885,2024-04-24 10:10:00,54.442,54.504,53.992,54.02,1032997
886,2024-04-24 10:05:00,54.192,54.524,54.095,54.443,1295030
887,2024-04-24 10:00:00,54.172,54.275,54.022,54.204,872626
888,2024-04-24 09:55:00,54.411,54.464,53.942,54.164,1573532
889,2024-04-24 09:50:00,54.604,54.703,54.095,54.408,1355692
890,2024-04-24 09:45:00,54.471,54.663,54.45,54.608,1365048
891,2024-04-24 09:40:00,54.441,54.623,54.329,54.463,1526868
892,2024-04-24 09:35:00,54.162,54.521,54.152,54.443,2304998
893,2024-04-24 09:30:00,54.112,54.314,53.962,54.154,2850659
894,2024-04-24 09:25:00,53.893,54.165,53.892,54.144,177810
895,2024-04-24 09:20:00,53.783,53.936,53.783,53.885,80993
896,2024-04-24 09:15:00,53.823,53.866,53.773,53.786,95146
897,2024-04-24 09:10:00,53.863,53.886,53.813,53.836,60701
898,2024-04-24 09:05:00,53.843,53.906,53.823,53.865,82956
899,2024-04-24 09:00:00,53.893,53.896,53.743,53.846,354336
900,2024-04-24 08:55:00,53.913,53.926,53.823,53.895,92750
901,2024-04-24 08:50:00,53.933,54.016,53.902,53.925,110996
902,2024-04-24 08:45:00,54.052,54.085,53.912,53.945,133827
903,2024-04-24 08:40:00,54.152,54.195,54.032,54.055,108609
904,2024-04-24 08:35:00,54.273,54.294,54.072,54.164,196294
905,2024-04-24 08:30:00,54.172,54.334,54.131,54.284,236608
906,2024-04-24 08:25:00,54.152,54.205,54.151,54.183,113802
907,2024-04-24 08:20:00,54.082,54.185,54.082,54.164,169771
908,2024-04-24 08:15:00,54.042,54.115,54.022,54.095,123887
909,2024-04-24 08:10:00,54.062,54.085,53.982,54.035,99445
910,2024-04-24 08:05:00,53.993,54.265,53.952,54.065,146855
911,2024-04-24 08:00:00,54.072,54.265,53.562,54.075,530110
912,2024-04-24 07:55:00,54.032,54.115,54.012,54.065,71455
913,2024-04-24 07:50:00,53.953,54.064,53.932,54.035,49230
914,2024-04-24 07:45:00,54.032,54.075,53.922,53.965,95655
915,2024-04-24 07:40:00,54.032,54.065,54.002,54.034,58849
916,2024-04-24 07:35:00,54.022,54.065,53.982,54.045,42548
917,2024-04-24 07:30:00,53.983,54.045,53.952,54.025,79606
918,2024-04-24 07:25:00,53.943,53.986,53.912,53.985,40442
919,2024-04-24 07:20:00,53.883,53.966,53.823,53.965,61878
920,2024-04-24 07:15:00,53.893,53.976,53.812,53.885,100179
921,2024-04-24 07:10:00,53.883,53.916,53.853,53.905,105066
922,2024-04-24 07:05:00,53.843,53.906,53.833,53.884,63799
923,2024-04-24 07:00:00,53.813,53.906,53.783,53.855,95590
924,2024-04-24 06:55:00,53.863,53.886,53.803,53.806,10124
925,2024-04-24 06:50:00,53.813,53.876,53.813,53.865,13289
926,2024-04-24 06:45:00,53.813,53.896,53.803,53.836,14397
927,2024-04-24 06:40:00,53.843,53.846,53.723,53.816,25106
928,2024-04-24 06:35:00,53.923,53.926,53.833,53.836,21794
929,2024-04-24 06:30:00,53.943,53.946,53.902,53.935,10557
930,2024-04-24 06:25:00,53.943,53.946,53.892,53.925,16108
931,2024-04-24 06:20:00,53.883,53.956,53.853,53.945,40078
932,2024-04-24 06:15:00,53.873,53.906,53.843,53.885,21104
933,2024-04-24 06:10:00,53.753,53.886,53.753,53.885,43686
934,2024-04-24 06:05:00,53.793,53.806,53.713,53.756,50344
935,2024-04-24 06:00:00,53.674,53.806,53.623,53.796,31701
936,2024-04-24 05:55:00,53.594,53.697,53.594,53.686,27265
937,2024-04-24 05:50:00,53.664,53.667,53.554,53.586,47467
938,2024-04-24 05:45:00,53.704,53.717,53.663,53.666,22520
939,2024-04-24 05:40:00,53.704,53.757,53.683,53.706,39006
940,2024-04-24 05:35:00,53.744,53.757,53.683,53.696,11587
941,2024-04-24 05:30:00,53.763,53.806,53.733,53.736,27303
942,2024-04-24 05:25:00,53.763,53.786,53.723,53.766,23369
943,2024-04-24 05:20:00,53.913,53.916,53.753,53.766,28747
944,2024-04-24 05:15:00,53.823,53.926,53.823,53.925,36873
945,2024-04-24 05:10:00,53.873,53.906,53.823,53.846,10352
946,2024-04-24 05:05:00,53.843,53.906,53.833,53.885,14370
947,2024-04-24 05:00:00,53.813,53.856,53.793,53.855,10935
948,2024-04-24 04:55:00,53.783,53.846,53.763,53.816,36878
949,2024-04-24 04:50:00,53.933,53.946,53.773,53.786,42695
950,2024-04-24 04:45:00,54.003,54.025,53.922,53.925,25472
951,2024-04-24 04:40:00,53.953,54.006,53.912,53.995,19837
952,2024-04-24 04:35:00,53.943,53.956,53.902,53.945,20310
953,2024-04-24 04:30:00,53.963,53.966,53.833,53.945,57475
954,2024-04-24 04:25:00,54.003,54.006,53.962,53.975,24830
955,2024-04-24 04:20:00,53.983,54.025,53.922,54.005,37357
956,2024-04-24 04:15:00,54.012,54.035,53.972,53.985,31044
957,2024-04-24 04:10:00,54.072,54.085,53.962,54.015,73351
958,2024-04-24 04:05:00,54.042,54.095,54.012,54.085,32562
959,2024-04-24 04:00:00,54.112,54.205,53.942,54.045,58932
960,2024-04-23 19:55:00,53.943,53.946,53.833,53.855,61114
961,2024-04-23 19:50:00,53.893,53.986,53.892,53.955,59701
962,2024-04-23 19:45:00,53.873,53.906,53.833,53.905,43104
963,2024-04-23 19:40:00,53.783,53.916,53.753,53.885,53263
964,2024-04-23 19:35:00,53.694,53.786,53.683,53.776,22490
965,2024-04-23 19:30:00,53.763,53.786,53.683,53.686,24681
966,2024-04-23 19:25:00,53.704,53.766,53.693,53.756,20776
967,2024-04-23 19:20:00,53.684,53.707,53.653,53.706,42398
968,2024-04-23 19:15:00,53.654,53.697,53.643,53.696,34049
969,2024-04-23 19:10:00,53.614,53.677,53.613,53.646,21730
970,2024-04-23 19:05:00,53.594,53.647,53.594,53.616,14454
971,2024-04-23 19:00:00,53.649,53.687,53.594,53.607,30695
972,2024-04-23 18:55:00,53.624,53.667,53.613,53.646,30376
973,2024-04-23 18:50:00,53.604,53.627,53.584,53.626,22318
974,2024-04-23 18:45:00,53.564,53.607,53.554,53.606,15475
975,2024-04-23 18:40:00,53.554,53.587,53.534,53.557,10548
976,2024-04-23 18:35:00,53.544,53.577,53.535,53.557,18308
977,2024-04-23 18:30:00,53.564,53.567,53.524,53.557,19371
978,2024-04-23 18:25:00,53.584,53.597,53.554,53.557,22017
979,2024-04-23 18:20:00,53.644,53.647,53.544,53.577,25682
980,2024-04-23 18:15:00,53.534,53.687,53.534,53.646,52398
981,2024-04-23 18:10:00,53.554,53.597,53.524,53.537,35485
982,2024-04-23 18:05:00,53.654,53.657,53.544,53.557,46276
983,2024-04-23 18:00:00,53.793,53.796,53.594,53.656,98446
984,2024-04-23 17:55:00,53.843,53.866,53.773,53.825,84115
985,2024-04-23 17:50:00,53.863,53.896,53.843,53.865,56440
986,2024-04-23 17:45:00,53.793,53.866,53.763,53.865,98427
987,2024-04-23 17:40:00,53.753,53.796,53.743,53.796,87324
988,2024-04-23 17:35:00,53.674,53.766,53.644,53.746,71454
989,2024-04-23 17:30:00,53.574,53.687,53.544,53.676,42822
990,2024-04-23 17:25:00,53.534,53.587,53.514,53.577,36629
991,2024-04-23 17:20:00,53.514,53.537,53.494,53.537,19888
992,2024-04-23 17:15:00,53.494,53.537,53.484,53.527,16704
993,2024-04-23 17:10:00,53.534,53.557,53.474,53.507,40276
994,2024-04-23 17:05:00,53.475,53.547,53.464,53.537,39522
995,2024-04-23 17:00:00,53.435,53.497,53.424,53.477,24657
996,2024-04-23 16:55:00,53.475,53.507,53.414,53.437,51731
997,2024-04-23 16:50:00,53.425,53.517,53.409,53.477,101535
998,2024-04-23 16:45:00,53.395,53.428,53.365,53.427,52708
999,2024-04-23 16:40:00,53.375,53.408,53.364,53.407,76307
1000,2024-04-23 16:35:00,53.385,53.398,53.364,53.377,55953
1001,2024-04-23 16:30:00,53.385,53.408,53.364,53.378,63438
1002,2024-04-23 16:25:00,53.355,53.408,53.325,53.387,171274
1003,2024-04-23 16:20:00,53.285,53.368,53.265,53.347,173827
1004,2024-04-23 16:15:00,52.986,53.318,52.986,53.278,96651
1005,2024-04-23 16:10:00,53.226,53.278,53.165,53.268,196473
1006,2024-04-23 16:05:00,53.275,53.338,53.066,53.248,502503
1007,2024-04-23 16:00:00,52.996,53.448,52.866,53.268,1106021
1008,2024-04-23 15:55:00,53.006,53.104,52.856,53.009,2228651
1009,2024-04-23 15:50:00,53.126,53.129,52.956,52.999,1326687
1010,2024-04-23 15:45:00,53.156,53.164,53.046,53.128,967959
1011,2024-04-23 15:40:00,53.176,53.199,53.076,53.168,499632
1012,2024-04-23 15:35:00,53.166,53.229,53.125,53.174,481012
1013,2024-04-23 15:30:00,53.146,53.185,53.081,53.183,660319
1014,2024-04-23 15:25:00,53.171,53.199,53.095,53.153,462403
1015,2024-04-23 15:20:00,53.166,53.214,53.095,53.168,445247
1016,2024-04-23 15:15:00,53.211,53.229,53.109,53.173,426385
1017,2024-04-23 15:10:00,53.106,53.298,53.096,53.208,561172
1018,2024-04-23 15:05:00,53.096,53.174,53.026,53.108,498768
1019,2024-04-23 15:00:00,53.315,53.354,53.026,53.108,1114871
1020,2024-04-23 14:55:00,53.196,53.338,53.185,53.322,426550
1021,2024-04-23 14:50:00,53.315,53.318,53.155,53.19,737751
1022,2024-04-23 14:45:00,53.385,53.388,53.275,53.318,534517
1023,2024-04-23 14:40:00,53.315,53.413,53.257,53.387,660266
1024,2024-04-23 14:35:00,53.322,53.378,53.295,53.308,354778
1025,2024-04-23 14:30:00,53.345,53.388,53.235,53.327,546767
1026,2024-04-23 14:25:00,53.325,53.378,53.27,53.347,747831
1027,2024-04-23 14:20:00,53.206,53.323,53.197,53.318,511591
1028,2024-04-23 14:15:00,53.219,53.258,53.165,53.212,395007
1029,2024-04-23 14:10:00,53.24,53.293,53.106,53.218,640681
1030,2024-04-23 14:05:00,53.216,53.308,53.185,53.242,485318
1031,2024-04-23 14:00:00,53.245,53.298,53.195,53.224,567121
1032,2024-04-23 13:55:00,53.206,53.274,53.205,53.243,403256
1033,2024-04-23 13:50:00,53.126,53.245,53.095,53.208,652287
1034,2024-04-23 13:45:00,53.086,53.169,53.016,53.138,647114
1035,2024-04-23 13:40:00,52.986,53.149,52.946,53.083,847232
1036,2024-04-23 13:35:00,52.907,52.989,52.856,52.969,324238
1037,2024-04-23 13:30:00,52.917,52.94,52.817,52.899,462647
1038,2024-04-23 13:25:00,52.852,52.93,52.797,52.923,390243
1039,2024-04-23 13:20:00,52.817,52.96,52.809,52.854,493127
1040,2024-04-23 13:15:00,52.787,52.84,52.682,52.81,512964
1041,2024-04-23 13:10:00,52.927,52.96,52.677,52.788,769329
1042,2024-04-23 13:05:00,52.892,53.049,52.866,52.934,628037
1043,2024-04-23 13:00:00,52.862,52.92,52.767,52.899,589982
1044,2024-04-23 12:55:00,52.877,52.89,52.737,52.879,878818
1045,2024-04-23 12:50:00,52.977,52.999,52.866,52.879,348901
1046,2024-04-23 12:45:00,52.981,53.024,52.936,52.979,373705
1047,2024-04-23 12:40:00,52.972,53.034,52.936,52.979,452667
1048,2024-04-23 12:35:00,53.006,53.059,52.866,52.989,594163
1049,2024-04-23 12:30:00,52.984,53.049,52.926,53.013,601323
1050,2024-04-23 12:25:00,52.932,53.019,52.856,52.979,519932
1051,2024-04-23 12:20:00,52.937,52.96,52.877,52.939,477315
1052,2024-04-23 12:15:00,52.932,53.059,52.896,52.947,955250
1053,2024-04-23 12:10:00,52.877,52.94,52.787,52.929,511374
1054,2024-04-23 12:05:00,52.792,52.9,52.747,52.884,598557
1055,2024-04-23 12:00:00,52.598,52.81,52.597,52.799,761567
1056,2024-04-23 11:55:00,52.743,52.8,52.568,52.6,547169
1057,2024-04-23 11:50:00,52.688,52.805,52.607,52.745,480212
1058,2024-04-23 11:45:00,52.767,52.81,52.627,52.703,681904
1059,2024-04-23 11:40:00,52.877,52.916,52.737,52.76,610226
1060,2024-04-23 11:35:00,52.787,52.92,52.757,52.888,548886
1061,2024-04-23 11:30:00,52.822,52.923,52.707,52.785,719028
1062,2024-04-23 11:25:00,52.947,52.989,52.777,52.819,834445
1063,2024-04-23 11:20:00,52.817,52.975,52.767,52.949,964645
1064,2024-04-23 11:15:00,52.777,52.85,52.727,52.804,637004
1065,2024-04-23 11:10:00,52.538,52.785,52.538,52.775,862564
1066,2024-04-23 11:05:00,52.488,52.576,52.438,52.531,625993
1067,2024-04-23 11:00:00,52.857,52.93,52.408,52.491,1929013
1068,2024-04-23 10:55:00,52.717,52.9,52.687,52.855,902306
1069,2024-04-23 10:50:00,52.628,52.74,52.498,52.725,926689
1070,2024-04-23 10:45:00,52.701,52.72,52.538,52.625,1019034
1071,2024-04-23 10:40:00,52.732,52.79,52.667,52.71,1428481
1072,2024-04-23 10:35:00,52.887,52.906,52.719,52.73,1536380
1073,2024-04-23 10:30:00,52.628,52.92,52.627,52.894,1840148
1074,2024-04-23 10:25:00,52.315,52.676,52.249,52.63,1620986
1075,2024-04-23 10:20:00,52.289,52.461,52.249,52.326,1308099
1076,2024-04-23 10:15:00,52.15,52.332,52.113,52.291,1082800
1077,2024-04-23 10:10:00,52.18,52.362,52.079,52.142,1416174
1078,2024-04-23 10:05:00,51.94,52.332,51.91,52.185,1588847
1079,2024-04-23 10:00:00,52.06,52.113,51.835,51.949,1362625
1080,2024-04-23 09:55:00,52.125,52.292,51.97,52.052,1540787
1081,2024-04-23 09:50:00,51.93,52.143,51.661,52.131,1694601
1082,2024-04-23 09:45:00,51.592,52.222,51.586,51.933,3088276
1083,2024-04-23 09:40:00,51.522,51.854,51.472,51.589,1953149
1084,2024-04-23 09:35:00,51.403,51.585,51.402,51.534,1524997
1085,2024-04-23 09:30:00,51.422,51.724,51.292,51.405,2899847
1086,2024-04-23 09:25:00,51.393,51.485,51.392,51.415,91936
1087,2024-04-23 09:20:00,51.393,51.465,51.372,51.395,114776
1088,2024-04-23 09:15:00,51.462,51.465,51.372,51.395,89736
1089,2024-04-23 09:10:00,51.403,51.485,51.382,51.465,198476
1090,2024-04-23 09:05:00,51.323,51.405,51.292,51.396,76913
1091,2024-04-23 09:00:00,51.363,51.385,51.272,51.315,143735
1092,2024-04-23 08:55:00,51.293,51.415,51.292,51.355,137437
1093,2024-04-23 08:50:00,51.183,51.307,51.183,51.295,60316
1094,2024-04-23 08:45:00,51.253,51.286,51.123,51.186,117811
1095,2024-04-23 08:40:00,51.273,51.316,51.213,51.255,170066
1096,2024-04-23 08:35:00,51.163,51.286,51.123,51.265,102974
1097,2024-04-23 08:30:00,51.054,51.186,51.053,51.156,137602
1098,2024-04-23 08:25:00,51.004,51.067,50.974,51.046,55328
1099,2024-04-23 08:20:00,50.884,51.027,50.884,51.016,84126
1100,2024-04-23 08:15:00,50.934,50.937,50.824,50.877,73153
1101,2024-04-23 08:10:00,50.954,50.967,50.884,50.927,78860
1102,2024-04-23 08:05:00,51.004,51.067,50.914,50.956,116596
1103,2024-04-23 08:00:00,51.273,51.425,50.456,51.006,405735
1104,2024-04-23 07:55:00,51.094,51.126,51.063,51.096,28837
1105,2024-04-23 07:50:00,51.074,51.116,51.043,51.096,56726
1106,2024-04-23 07:45:00,51.183,51.226,51.073,51.076,27761
1107,2024-04-23 07:40:00,51.253,51.266,51.173,51.196,36608
1108,2024-04-23 07:35:00,51.153,51.266,51.153,51.255,28419
1109,2024-04-23 07:30:00,51.193,51.226,51.133,51.146,43768
1110,2024-04-23 07:25:00,51.243,51.296,51.183,51.196,105731
1111,2024-04-23 07:20:00,51.273,51.286,51.213,51.245,46793
1112,2024-04-23 07:15:00,51.373,51.376,51.263,51.275,36035
1113,2024-04-23 07:10:00,51.343,51.425,51.332,51.365,109961
1114,2024-04-23 07:05:00,51.303,51.356,51.292,51.335,31345
1115,2024-04-23 07:00:00,51.263,51.346,51.233,51.304,136561
1116,2024-04-23 06:55:00,51.283,51.296,51.243,51.275,15269
1117,2024-04-23 06:50:00,51.203,51.326,51.203,51.285,27957
1118,2024-04-23 06:45:00,51.233,51.236,51.173,51.206,18024
1119,2024-04-23 06:40:00,51.253,51.296,51.223,51.235,14547
1120,2024-04-23 06:35:00,51.233,51.286,51.213,51.255,18783
1121,2024-04-23 06:30:00,51.163,51.266,51.153,51.245,19606
1122,2024-04-23 06:25:00,51.163,51.176,51.133,51.166,5043
1123,2024-04-23 06:20:00,51.163,51.216,51.143,51.156,13994
1124,2024-04-23 06:15:00,51.104,51.176,51.093,51.176,46493
1125,2024-04-23 06:10:00,50.964,51.116,50.964,51.116,15604
1126,2024-04-23 06:05:00,50.994,50.997,50.924,50.966,7180
1127,2024-04-23 06:00:00,50.944,51.037,50.934,50.996,7412
1128,2024-04-23 05:55:00,50.924,50.957,50.894,50.956,13799
1129,2024-04-23 05:50:00,50.964,50.977,50.914,50.917,20146
1130,2024-04-23 05:45:00,50.984,50.987,50.914,50.976,32483
1131,2024-04-23 05:40:00,50.944,51.087,50.944,50.986,17344
1132,2024-04-23 05:35:00,50.974,51.037,50.944,50.947,19715
1133,2024-04-23 05:30:00,51.193,51.206,50.934,50.956,41418
1134,2024-04-23 05:25:00,51.094,51.206,51.083,51.186,17058
1135,2024-04-23 05:20:00,51.064,51.097,51.004,51.086,15559
1136,2024-04-23 05:15:00,51.104,51.146,51.063,51.076,19541
1137,2024-04-23 05:10:00,51.094,51.107,51.063,51.096,12803
1138,2024-04-23 05:05:00,51.124,51.156,51.053,51.096,13616
1139,2024-04-23 05:00:00,51.024,51.126,50.994,51.116,18663
1140,2024-04-23 04:55:00,51.074,51.077,50.984,51.016,22083
1141,2024-04-23 04:50:00,51.004,51.077,50.974,51.076,36787
1142,2024-04-23 04:45:00,50.984,51.027,50.954,51.006,27292
1143,2024-04-23 04:40:00,50.934,51.017,50.894,51.006,21287
1144,2024-04-23 04:35:00,50.964,51.007,50.914,50.937,24216
1145,2024-04-23 04:30:00,51.094,51.126,50.924,50.966,33280
1146,2024-04-23 04:25:00,51.134,51.136,51.063,51.106,23127
1147,2024-04-23 04:20:00,51.153,51.166,51.123,51.126,20129
1148,2024-04-23 04:15:00,51.134,51.176,51.103,51.156,18502
1149,2024-04-23 04:10:00,50.964,51.136,50.964,51.126,13148
1150,2024-04-23 04:05:00,50.994,51.027,50.914,50.966,29509
1151,2024-04-23 04:00:00,50.855,51.007,50.595,51.006,49954
1152,2024-04-22 19:55:00,50.466,50.499,50.456,50.489,41068
1153,2024-04-22 19:50:00,50.546,50.559,50.456,50.488,17559
1154,2024-04-22 19:45:00,50.496,50.549,50.476,50.548,13079
1155,2024-04-22 19:40:00,50.476,50.499,50.466,50.488,6343
1156,2024-04-22 19:35:00,50.476,50.499,50.446,50.478,14213
1157,2024-04-22 19:30:00,50.476,50.569,50.461,50.488,19529
1158,2024-04-22 19:25:00,50.466,50.509,50.406,50.488,44807
1159,2024-04-22 19:20:00,50.486,50.489,50.436,50.458,30990
1160,2024-04-22 19:15:00,50.287,50.489,50.286,50.488,18766
1161,2024-04-22 19:10:00,50.606,50.608,50.187,50.308,79426
1162,2024-04-22 19:05:00,50.645,50.668,50.595,50.608,10103
1163,2024-04-22 19:00:00,50.616,50.658,50.605,50.638,6419
1164,2024-04-22 18:55:00,50.675,50.678,50.605,50.628,6168
1165,2024-04-22 18:50:00,50.685,50.698,50.655,50.658,7556
1166,2024-04-22 18:45:00,50.655,50.706,50.645,50.678,2924
1167,2024-04-22 18:40:00,50.655,50.678,50.625,50.658,11667
1168,2024-04-22 18:35:00,50.665,50.678,50.655,50.658,10511
1169,2024-04-22 18:30:00,50.645,50.688,50.645,50.668,2984
1170,2024-04-22 18:25:00,50.586,50.648,50.585,50.638,6487
1171,2024-04-22 18:20:00,50.586,50.608,50.555,50.588,25379
1172,2024-04-22 18:15:00,50.705,50.708,50.565,50.578,45527
1173,2024-04-22 18:10:00,50.735,50.758,50.685,50.707,28891
1174,2024-04-22 18:05:00,50.825,50.828,50.725,50.727,30633
1175,2024-04-22 18:00:00,50.805,50.917,50.804,50.827,39272
1176,2024-04-22 17:55:00,50.825,50.848,50.804,50.827,12998
1177,2024-04-22 17:50:00,50.855,50.877,50.804,50.807,27906
1178,2024-04-22 17:45:00,50.865,50.877,50.854,50.857,9781
1179,2024-04-22 17:40:00,50.885,50.897,50.834,50.866,8029
1180,2024-04-22 17:35:00,50.904,50.917,50.884,50.897,17462
1181,2024-04-22 17:30:00,50.865,50.907,50.854,50.897,31119
1182,2024-04-22 17:25:00,50.845,50.867,50.844,50.867,8955
1183,2024-04-22 17:20:00,50.865,50.867,50.844,50.857,6314
1184,2024-04-22 17:15:00,50.805,50.857,50.804,50.857,66479
1185,2024-04-22 17:10:00,50.785,50.808,50.754,50.797,14369
1186,2024-04-22 17:05:00,50.745,50.788,50.725,50.787,6292
1187,2024-04-22 17:00:00,50.675,50.817,50.655,50.777,115839
1188,2024-04-22 16:55:00,50.655,50.688,50.635,50.678,8471
1189,2024-04-22 16:50:00,50.606,50.658,50.585,50.648,34143
1190,2024-04-22 16:45:00,50.635,50.658,50.585,50.588,27328
1191,2024-04-22 16:40:00,50.655,50.668,50.615,50.648,25858
1192,2024-04-22 16:35:00,50.665,50.698,50.635,50.648,24737
1193,2024-04-22 16:30:00,50.605,50.687,50.595,50.678,27700
1194,2024-04-22 16:25:00,50.536,50.608,50.535,50.608,12759
1195,2024-04-22 16:20:00,50.516,50.56,50.515,50.538,22518
1196,2024-04-22 16:15:00,50.725,50.728,50.525,50.528,176758
1197,2024-04-22 16:10:00,50.596,50.608,50.525,50.578,78442
1198,2024-04-22 16:05:00,50.516,50.628,50.495,50.598,65168
1199,2024-04-22 16:00:00,50.735,50.768,50.515,50.518,658127
1200,2024-04-22 15:55:00,50.576,50.764,50.505,50.737,1428084
1201,2024-04-22 15:50:00,50.924,50.927,50.515,50.578,1473449
1202,2024-04-22 15:45:00,50.81,50.967,50.764,50.932,903035
1203,2024-04-22 15:40:00,50.586,50.828,50.55,50.812,784682
1204,2024-04-22 15:35:00,50.755,50.783,50.568,50.593,1155745
1205,2024-04-22 15:30:00,51.064,51.102,50.735,50.747,817112
1206,2024-04-22 15:25:00,51.014,51.116,50.964,51.072,439210
1207,2024-04-22 15:20:00,51.144,51.156,50.944,51.024,987458
1208,2024-04-22 15:15:00,51.243,51.316,51.143,51.156,597830
1209,2024-04-22 15:10:00,51.214,51.286,51.143,51.245,566272
1210,2024-04-22 15:05:00,51.213,51.236,51.133,51.22,575180
1211,2024-04-22 15:00:00,51.243,51.276,51.133,51.211,529170
1212,2024-04-22 14:55:00,51.044,51.266,51.043,51.245,676988
1213,2024-04-22 14:50:00,51.139,51.176,50.994,51.046,743944
1214,2024-04-22 14:45:00,51.223,51.271,51.063,51.141,912747
1215,2024-04-22 14:40:00,51.353,51.385,51.113,51.22,1168119
1216,2024-04-22 14:35:00,51.535,51.575,51.253,51.354,1044763
1217,2024-04-22 14:30:00,51.403,51.555,51.402,51.539,567707
1218,2024-04-22 14:25:00,51.442,51.465,51.362,51.4,563034
1219,2024-04-22 14:20:00,51.363,51.483,51.332,51.45,873923
1220,2024-04-22 14:15:00,51.303,51.385,51.243,51.362,676299
1221,2024-04-22 14:10:00,51.218,51.316,51.183,51.295,635453
1222,2024-04-22 14:05:00,51.084,51.246,51.013,51.22,606871
1223,2024-04-22 14:00:00,51.134,51.149,51.033,51.081,631923
1224,2024-04-22 13:55:00,51.233,51.281,50.994,51.131,1021089
1225,2024-04-22 13:50:00,50.974,51.246,50.924,51.235,1179612
1226,2024-04-22 13:45:00,50.752,50.997,50.735,50.981,880519
1227,2024-04-22 13:40:00,50.755,50.788,50.685,50.747,448331
1228,2024-04-22 13:35:00,50.74,50.788,50.655,50.752,778426
1229,2024-04-22 13:30:00,50.67,50.788,50.645,50.742,941411
1230,2024-04-22 13:25:00,50.451,50.673,50.441,50.673,822280
1231,2024-04-22 13:20:00,50.351,50.457,50.326,50.453,469274
1232,2024-04-22 13:15:00,50.366,50.404,50.276,50.349,474463
1233,2024-04-22 13:10:00,50.237,50.389,50.217,50.369,426221
1234,2024-04-22 13:05:00,50.157,50.315,50.157,50.239,625204
1235,2024-04-22 13:00:00,50.068,50.21,50.007,50.15,554817
1236,2024-04-22 12:55:00,49.988,50.085,49.938,50.064,342950
1237,2024-04-22 12:50:00,49.951,50.011,49.868,49.985,329522
1238,2024-04-22 12:45:00,49.868,50.04,49.858,49.96,398124
1239,2024-04-22 12:40:00,49.892,49.931,49.833,49.861,254318
1240,2024-04-22 12:35:00,49.779,49.927,49.778,49.9,343519
1241,2024-04-22 12:30:00,49.928,49.941,49.728,49.791,574042
1242,2024-04-22 12:25:00,49.928,50.051,49.898,49.935,458555
1243,2024-04-22 12:20:00,50.053,50.155,49.921,49.93,630418
1244,2024-04-22 12:15:00,50.036,50.25,50.012,50.05,708268
1245,2024-04-22 12:10:00,49.878,50.031,49.878,50.03,263320
1246,2024-04-22 12:05:00,49.965,50.001,49.858,49.881,378059
1247,2024-04-22 12:00:00,49.878,50.021,49.828,49.96,699106
1248,2024-04-22 11:55:00,49.754,49.891,49.753,49.876,733971
1249,2024-04-22 11:50:00,49.58,49.798,49.569,49.751,522402
1250,2024-04-22 11:45:00,49.565,49.622,49.494,49.582,451639
1251,2024-04-22 11:40:00,49.744,49.792,49.544,49.57,782047
1252,2024-04-22 11:35:00,49.55,49.772,49.529,49.741,565566
1253,2024-04-22 11:30:00,49.48,49.597,49.449,49.557,912859
1254,2024-04-22 11:25:00,49.256,49.503,49.25,49.477,824435
1255,2024-04-22 11:20:00,49.161,49.273,49.111,49.263,428387
1256,2024-04-22 11:15:00,49.101,49.254,48.981,49.153,776185
1257,2024-04-22 11:10:00,49.171,49.288,49.081,49.104,492989
1258,2024-04-22 11:05:00,49.231,49.269,49.096,49.173,563047
1259,2024-04-22 11:00:00,49.301,49.343,49.22,49.253,594604
1260,2024-04-22 10:55:00,49.201,49.313,49.121,49.303,692017
1261,2024-04-22 10:50:00,49.514,49.523,49.146,49.208,1273348
1262,2024-04-22 10:45:00,49.56,49.652,49.445,49.517,697256
1263,2024-04-22 10:40:00,49.55,49.737,49.499,49.562,1091739
1264,2024-04-22 10:35:00,49.43,49.572,49.418,49.547,1009526
1265,2024-04-22 10:30:00,49.365,49.571,49.354,49.432,1315300
1266,2024-04-22 10:25:00,49.55,49.568,49.27,49.364,1739190
1267,2024-04-22 10:20:00,49.928,49.936,49.516,49.552,1755140
1268,2024-04-22 10:15:00,50.018,50.09,49.868,49.938,811312
1269,2024-04-22 10:10:00,50.048,50.215,49.938,50.02,860603
1270,2024-04-22 10:05:00,50.212,50.3,49.968,50.045,1119345
1271,2024-04-22 10:00:00,50.137,50.409,50.127,50.209,1102954
1272,2024-04-22 09:55:00,50.396,50.448,50.127,50.135,1146551
1273,2024-04-22 09:50:00,50.526,50.559,50.361,50.406,1169998
1274,2024-04-22 09:45:00,50.197,50.539,50.133,50.518,1771822
1275,2024-04-22 09:40:00,50.142,50.339,50.007,50.191,1801600
1276,2024-04-22 09:35:00,50.038,50.2,49.977,50.15,1515484
1277,2024-04-22 09:30:00,50.187,50.339,49.997,50.04,3088426
1278,2024-04-22 09:25:00,50.237,50.29,50.157,50.179,132952
1279,2024-04-22 09:20:00,50.277,50.329,50.197,50.239,104813
1280,2024-04-22 09:15:00,50.267,50.329,50.246,50.279,79571
1281,2024-04-22 09:10:00,50.287,50.3,50.246,50.269,54234
1282,2024-04-22 09:05:00,50.237,50.3,50.227,50.28,34283
1283,2024-04-22 09:00:00,50.247,50.32,50.227,50.239,130641
1284,2024-04-22 08:55:00,50.277,51.899,48.867,50.249,74609
1285,2024-04-22 08:50:00,50.227,50.309,50.207,50.269,81405
1286,2024-04-22 08:45:00,50.267,50.28,50.167,50.229,136101
1287,2024-04-22 08:40:00,50.247,50.3,50.227,50.269,123819
1288,2024-04-22 08:35:00,49.988,50.26,49.948,50.249,296703
1289,2024-04-22 08:30:00,49.938,49.991,49.898,49.99,80053
1290,2024-04-22 08:25:00,49.888,49.991,49.868,49.95,87833
1291,2024-04-22 08:20:00,49.938,49.981,49.868,49.891,100145
1292,2024-04-22 08:15:00,49.908,49.971,49.838,49.94,86442
1293,2024-04-22 08:10:00,50.018,50.041,49.808,49.91,201661
1294,2024-04-22 08:05:00,49.918,50.31,49.709,50.02,186660
1295,2024-04-22 08:00:00,50.088,50.408,49.709,50.169,512610
1296,2024-04-22 07:55:00,50.157,50.17,50.077,50.1,73672
1297,2024-04-22 07:50:00,50.227,50.27,50.157,50.169,79361
1298,2024-04-22 07:45:00,50.237,50.25,50.187,50.229,27755
1299,2024-04-22 07:40:00,50.147,50.25,50.147,50.239,26428
1300,2024-04-22 07:35:00,50.117,50.19,50.097,50.16,63789
1301,2024-04-22 07:30:00,50.107,50.13,50.057,50.12,30383
1302,2024-04-22 07:25:00,50.127,50.19,50.077,50.09,30601
1303,2024-04-22 07:20:00,50.267,50.28,50.107,50.11,36225
1304,2024-04-22 07:15:00,50.068,50.26,50.057,50.259,62339
1305,2024-04-22 07:10:00,49.998,50.09,49.987,50.07,67448
1306,2024-04-22 07:05:00,49.958,50.001,49.928,50.0,71664
1307,2024-04-22 07:00:00,50.117,50.13,49.938,49.95,257900
1308,2024-04-22 06:55:00,50.127,50.15,50.097,50.13,18392
1309,2024-04-22 06:50:00,50.127,50.14,50.067,50.13,37388
1310,2024-04-22 06:45:00,50.167,50.17,50.077,50.11,36234
1311,2024-04-22 06:40:00,50.197,50.22,50.127,50.169,34108
1312,2024-04-22 06:35:00,50.217,50.27,50.177,50.199,24110
1313,2024-04-22 06:30:00,50.327,50.329,50.197,50.219,49970
1314,2024-04-22 06:25:00,50.386,50.399,50.316,50.329,35476
1315,2024-04-22 06:20:00,50.376,50.409,50.366,50.399,21940
1316,2024-04-22 06:15:00,50.357,50.399,50.336,50.369,24215
1317,2024-04-22 06:10:00,50.366,50.429,50.346,50.369,55497
1318,2024-04-22 06:05:00,50.376,50.399,50.346,50.369,38927
1319,2024-04-22 06:00:00,50.237,50.379,50.236,50.369,25815
1320,2024-04-22 05:55:00,50.247,50.28,50.227,50.239,14688
1321,2024-04-22 05:50:00,50.247,50.26,50.227,50.259,26683
1322,2024-04-22 05:45:00,50.257,50.29,50.197,50.249,10925
1323,2024-04-22 05:40:00,50.137,50.29,50.137,50.259,30615
1324,2024-04-22 05:35:00,50.137,50.16,50.097,50.13,20633
1325,2024-04-22 05:30:00,50.137,50.18,50.107,50.15,18685
1326,2024-04-22 05:25:00,50.167,50.22,50.127,50.14,16779
1327,2024-04-22 05:20:00,50.147,50.17,50.107,50.169,15922
1328,2024-04-22 05:15:00,50.107,50.17,50.087,50.169,35090
1329,2024-04-22 05:10:00,50.107,50.13,50.087,50.1,21906
1330,2024-04-22 05:05:00,50.088,50.12,50.057,50.11,23597
1331,2024-04-22 05:00:00,49.978,50.1,49.938,50.08,25344
1332,2024-04-22 04:55:00,50.028,50.041,49.968,49.99,29406
1333,2024-04-22 04:50:00,49.998,50.06,49.958,50.02,28072
1334,2024-04-22 04:45:00,49.858,50.011,49.858,50.01,35000
1335,2024-04-22 04:40:00,50.058,50.07,49.848,49.861,30770
1336,2024-04-22 04:35:00,49.968,50.051,49.928,50.05,15831
1337,2024-04-22 04:30:00,49.938,50.001,49.898,49.98,19387
1338,2024-04-22 04:25:00,49.918,50.051,49.918,49.93,30233
1339,2024-04-22 04:20:00,49.898,49.961,49.888,49.91,37458
1340,2024-04-22 04:15:00,49.918,49.951,49.838,49.891,46071
1341,2024-04-22 04:10:00,49.739,49.951,49.738,49.92,38191
1342,2024-04-22 04:05:00,49.809,49.831,49.718,49.731,172975
1343,2024-04-22 04:00:00,49.948,50.07,49.788,49.811,107762
1344,2024-04-19 19:55:00,49.042,49.104,49.011,49.074,33208
1345,2024-04-19 19:50:00,49.052,49.074,49.011,49.043,18297
1346,2024-04-19 19:45:00,49.062,49.084,49.011,49.059,30440
1347,2024-04-19 19:40:00,49.062,49.094,49.051,49.054,15272
1348,2024-04-19 19:35:00,49.042,49.094,49.011,49.064,23470
1349,2024-04-19 19:30:00,49.052,49.074,49.041,49.044,7154
1350,2024-04-19 19:25:00,49.052,49.054,49.011,49.054,27492
1351,2024-04-19 19:20:00,49.081,49.084,49.031,49.054,28904
1352,2024-04-19 19:15:00,49.071,49.104,48.812,49.064,24678
1353,2024-04-19 19:10:00,49.062,49.114,49.061,49.074,25833
1354,2024-04-19 19:05:00,49.111,49.114,49.071,49.074,45151
1355,2024-04-19 19:00:00,49.101,49.114,49.081,49.113,12621
1356,2024-04-19 18:55:00,49.091,49.114,49.091,49.104,15468
1357,2024-04-19 18:50:00,49.141,49.144,49.091,49.104,14702
1358,2024-04-19 18:45:00,49.141,49.154,49.121,49.143,11062
1359,2024-04-19 18:40:00,49.191,49.194,49.141,49.143,13517
1360,2024-04-19 18:35:00,49.171,49.184,49.161,49.183,16148
1361,2024-04-19 18:30:00,49.171,49.184,49.161,49.173,15172
1362,2024-04-19 18:25:00,49.171,49.184,49.161,49.173,10004
1363,2024-04-19 18:20:00,49.181,49.184,49.161,49.173,4697
1364,2024-04-19 18:15:00,49.161,49.184,49.161,49.183,17154
1365,2024-04-19 18:10:00,49.151,49.174,49.141,49.173,9406
1366,2024-04-19 18:05:00,49.161,49.184,49.141,49.153,7562
1367,2024-04-19 18:00:00,49.131,49.184,49.111,49.173,72041
1368,2024-04-19 17:55:00,49.161,49.174,49.111,49.123,35522
1369,2024-04-19 17:50:00,49.161,49.174,49.141,49.168,42614
1370,2024-04-19 17:45:00,49.151,49.174,49.141,49.163,27894
1371,2024-04-19 17:40:00,49.161,49.174,49.141,49.153,15900
1372,2024-04-19 17:35:00,49.171,49.174,49.151,49.163,15138
1373,2024-04-19 17:30:00,49.161,49.194,49.161,49.173,14801
1374,2024-04-19 17:25:00,49.211,49.214,49.161,49.163,17885
1375,2024-04-19 17:20:00,49.211,49.214,49.191,49.208,15757
1376,2024-04-19 17:15:00,49.221,49.224,49.2,49.213,16142
1377,2024-04-19 17:10:00,49.231,49.234,49.2,49.223,25810
1378,2024-04-19 17:05:00,49.251,49.254,49.22,49.233,10340
1379,2024-04-19 17:00:00,49.241,49.273,49.23,49.253,15178
1380,2024-04-19 16:55:00,49.231,49.283,49.22,49.253,32988
1381,2024-04-19 16:50:00,49.221,49.244,49.191,49.233,95915
1382,2024-04-19 16:45:00,49.211,49.244,49.181,49.223,53643
1383,2024-04-19 16:40:00,49.211,49.244,49.2,49.208,49710
1384,2024-04-19 16:35:00,49.271,49.283,49.209,49.213,61147
1385,2024-04-19 16:30:00,49.281,49.313,49.25,49.273,49582
1386,2024-04-19 16:25:00,49.236,49.283,49.21,49.273,52528
1387,2024-04-19 16:20:00,49.291,49.303,49.21,49.243,93186
1388,2024-04-19 16:15:00,49.291,49.313,49.22,49.293,87080
1389,2024-04-19 16:10:00,49.171,49.234,49.161,49.233,63909
1390,2024-04-19 16:05:00,49.201,49.204,49.071,49.173,198204
1391,2024-04-19 16:00:00,49.271,49.293,49.151,49.203,818922
1392,2024-04-19 15:55:00,49.281,49.393,49.161,49.267,3015710
1393,2024-04-19 15:50:00,48.992,49.273,48.917,49.273,2358058
1394,2024-04-19 15:45:00,48.892,49.05,48.663,48.999,2475325
1395,2024-04-19 15:40:00,49.032,49.044,48.702,48.884,2115915
1396,2024-04-19 15:35:00,49.198,49.234,48.842,49.044,2201239
1397,2024-04-19 15:30:00,49.261,49.353,49.151,49.193,1307854
1398,2024-04-19 15:25:00,49.201,49.443,49.091,49.269,1725333
1399,2024-04-19 15:20:00,49.311,49.379,49.171,49.213,1562851
1400,2024-04-19 15:15:00,49.35,49.373,49.081,49.303,1531081
1401,2024-04-19 15:10:00,49.181,49.488,49.111,49.353,2094828
1402,2024-04-19 15:05:00,48.942,49.273,48.733,49.183,2575944
1403,2024-04-19 15:00:00,49.071,49.114,48.872,48.949,1748130
1404,2024-04-19 14:55:00,48.982,49.224,48.941,49.079,2208827
1405,2024-04-19 14:50:00,49.131,49.204,48.892,48.984,1715394
1406,2024-04-19 14:45:00,49.002,49.154,48.822,49.123,2685270
1407,2024-04-19 14:40:00,49.251,49.259,48.996,49.004,2064508
1408,2024-04-19 14:35:00,49.59,49.632,49.213,49.253,1853289
1409,2024-04-19 14:30:00,49.53,49.722,49.514,49.597,919520
1410,2024-04-19 14:25:00,49.968,49.971,49.529,49.532,1464062
1411,2024-04-19 14:20:00,49.908,50.016,49.838,49.97,849368
1412,2024-04-19 14:15:00,49.843,49.951,49.689,49.91,1224932
1413,2024-04-19 14:10:00,49.868,50.06,49.828,49.845,1128090
1414,2024-04-19 14:05:00,49.878,50.14,49.659,49.866,2350600
1415,2024-04-19 14:00:00,50.227,50.25,49.808,49.88,1543793
1416,2024-04-19 13:55:00,50.635,50.698,50.138,50.239,1749965
1417,2024-04-19 13:50:00,50.337,50.673,50.329,50.633,1227258
1418,2024-04-19 13:45:00,50.053,50.349,50.052,50.349,786553
1419,2024-04-19 13:40:00,49.988,50.16,49.987,50.055,669404
1420,2024-04-19 13:35:00,50.157,50.21,49.968,49.98,507144
1421,2024-04-19 13:30:00,49.978,50.245,49.977,50.159,873203
1422,2024-04-19 13:25:00,50.247,50.29,49.948,49.989,1094145
1423,2024-04-19 13:20:00,50.396,50.435,50.187,50.249,748680
1424,2024-04-19 13:15:00,50.277,50.479,50.122,50.394,1441925
1425,2024-04-19 13:10:00,50.302,50.364,50.216,50.289,904911
1426,2024-04-19 13:05:00,50.207,50.329,50.117,50.304,1181203
1427,2024-04-19 13:00:00,50.187,50.334,50.127,50.209,1036305
1428,2024-04-19 12:55:00,49.968,50.205,49.948,50.189,819355
1429,2024-04-19 12:50:00,49.839,50.22,49.838,49.96,1650008
1430,2024-04-19 12:45:00,49.819,49.957,49.748,49.836,1540570
1431,2024-04-19 12:40:00,49.52,49.841,49.469,49.831,1565369
1432,2024-04-19 12:35:00,49.679,49.711,49.499,49.517,758487
1433,2024-04-19 12:30:00,49.52,49.697,49.519,49.681,914299
1434,2024-04-19 12:25:00,49.641,49.742,49.489,49.513,1296545
1435,2024-04-19 12:20:00,49.659,49.801,49.609,49.641,1203328
1436,2024-04-19 12:15:00,49.679,49.811,49.639,49.661,1833619
1437,2024-04-19 12:10:00,50.068,50.107,49.649,49.677,2219551
1438,2024-04-19 12:05:00,50.187,50.22,49.948,50.07,1674710
1439,2024-04-19 12:00:00,50.247,50.499,50.167,50.195,1055402
1440,2024-04-19 11:55:00,50.476,50.529,50.227,50.259,1345651
1441,2024-04-19 11:50:00,50.665,50.733,50.47,50.488,743304
1442,2024-04-19 11:45:00,50.665,50.793,50.64,50.658,747732
1443,2024-04-19 11:40:00,50.636,50.743,50.535,50.678,902333
1444,2024-04-19 11:35:00,50.536,50.678,50.421,50.638,1341103
1445,2024-04-19 11:30:00,50.625,50.748,50.525,50.538,964276
1446,2024-04-19 11:25:00,50.581,50.653,50.515,50.633,894814
1447,2024-04-19 11:20:00,50.695,50.758,50.565,50.588,1018945
1448,2024-04-19 11:15:00,50.914,50.982,50.665,50.697,1208811
1449,2024-04-19 11:10:00,51.084,51.116,50.854,50.926,1281409
1450,2024-04-19 11:05:00,50.855,51.077,50.774,51.076,1037062
1451,2024-04-19 11:00:00,51.124,51.126,50.804,50.847,1190019
1452,2024-04-19 10:55:00,51.303,51.356,51.063,51.136,1071267
1453,2024-04-19 10:50:00,51.293,51.425,51.193,51.3,1271854
1454,2024-04-19 10:45:00,51.134,51.376,51.093,51.305,1400668
1455,2024-04-19 10:40:00,50.81,51.166,50.735,51.146,1053636
1456,2024-04-19 10:35:00,51.104,51.126,50.74,50.812,1325904
1457,2024-04-19 10:30:00,51.009,51.276,50.954,51.116,1780605
1458,2024-04-19 10:25:00,50.894,51.032,50.695,51.012,2148946
1459,2024-04-19 10:20:00,51.129,51.271,50.864,50.887,2054530
1460,2024-04-19 10:15:00,51.333,51.49,51.123,51.136,1875686
1461,2024-04-19 10:10:00,51.562,51.595,51.282,51.325,2079139
1462,2024-04-19 10:05:00,51.652,51.774,51.507,51.558,1046439
1463,2024-04-19 10:00:00,51.721,51.884,51.543,51.654,1209001
1464,2024-04-19 09:55:00,51.881,52.033,51.661,51.724,1359810
1465,2024-04-19 09:50:00,51.801,51.953,51.492,51.893,1921841
1466,2024-04-19 09:45:00,52.03,52.272,51.776,51.805,1974180
1467,2024-04-19 09:40:00,51.602,52.143,51.532,52.037,2206601
1468,2024-04-19 09:35:00,51.881,51.973,51.522,51.597,2133461
1469,2024-04-19 09:30:00,52.08,52.083,51.641,51.883,3507134
1470,2024-04-19 09:25:00,52.03,52.153,51.86,52.052,262439
1471,2024-04-19 09:20:00,52.05,52.093,51.97,52.072,107651
1472,2024-04-19 09:15:00,52.02,52.093,51.97,52.042,165557
1473,2024-04-19 09:10:00,52.11,52.182,51.98,52.022,184677
1474,2024-04-19 09:05:00,52.309,52.322,52.059,52.112,195486
1475,2024-04-19 09:00:00,52.279,52.332,52.199,52.311,61217
1476,2024-04-19 08:55:00,52.359,52.362,52.219,52.291,99697
1477,2024-04-19 08:50:00,52.369,52.402,52.299,52.336,91220
1478,2024-04-19 08:45:00,52.389,52.392,52.229,52.371,102789
1479,2024-04-19 08:40:00,52.488,53.732,52.249,52.381,145743
1480,2024-04-19 08:35:00,52.558,52.561,52.478,52.5,160750
1481,2024-04-19 08:30:00,52.399,52.611,52.358,52.55,228425
1482,2024-04-19 08:25:00,52.349,52.461,52.289,52.401,122743
1483,2024-04-19 08:20:00,52.279,52.461,52.269,52.361,148762
1484,2024-04-19 08:15:00,52.279,52.352,52.209,52.281,141663
1485,2024-04-19 08:10:00,52.08,52.292,52.05,52.29,120948
1486,2024-04-19 08:05:00,52.08,52.093,51.97,52.072,69842
1487,2024-04-19 08:00:00,51.671,52.197,50.745,52.072,471433
1488,2024-04-19 07:55:00,52.0,52.182,51.97,52.172,42358
1489,2024-04-19 07:50:00,51.97,52.003,51.89,51.993,61896
1490,2024-04-19 07:45:00,52.13,52.143,51.95,51.973,63236
1491,2024-04-19 07:40:00,52.06,52.212,52.059,52.152,106915
1492,2024-04-19 07:35:00,51.99,52.063,51.94,52.052,52762
1493,2024-04-19 07:30:00,51.97,52.083,51.96,51.983,95904
1494,2024-04-19 07:25:00,51.891,52.023,51.88,51.983,138709
1495,2024-04-19 07:20:00,51.781,51.913,51.711,51.893,63510
1496,2024-04-19 07:15:00,51.582,51.874,51.561,51.783,114677
1497,2024-04-19 07:10:00,51.602,51.684,51.512,51.584,65796
1498,2024-04-19 07:05:00,51.582,51.635,51.551,51.594,180067
1499,2024-04-19 07:00:00,51.642,51.704,51.541,51.584,276380
1500,2024-04-19 06:55:00,51.403,51.654,51.402,51.634,49054
1501,2024-04-19 06:50:00,51.462,51.485,51.362,51.415,10766
1502,2024-04-19 06:45:00,51.353,51.475,51.352,51.465,41892
1503,2024-04-19 06:40:00,51.403,51.505,51.322,51.345,18959
1504,2024-04-19 06:35:00,51.502,51.525,51.382,51.415,18063
1505,2024-04-19 06:30:00,51.492,51.555,51.462,51.514,15119
1506,2024-04-19 06:25:00,51.403,51.545,51.392,51.504,23624
1507,2024-04-19 06:20:00,51.552,51.555,51.402,51.405,63948
1508,2024-04-19 06:15:00,51.642,51.644,51.541,51.554,13459
1509,2024-04-19 06:10:00,51.751,51.754,51.621,51.654,26585
1510,2024-04-19 06:05:00,51.632,51.814,51.631,51.734,82490
1511,2024-04-19 06:00:00,51.552,51.684,51.531,51.624,40309
1512,2024-04-19 05:55:00,51.602,51.644,51.531,51.544,20266
1513,2024-04-19 05:50:00,51.612,51.654,51.522,51.604,21742
1514,2024-04-19 05:45:00,51.612,51.644,51.581,51.604,43785
1515,2024-04-19 05:40:00,51.731,51.734,51.571,51.614,27263
1516,2024-04-19 05:35:00,51.721,51.804,51.711,51.743,19615
1517,2024-04-19 05:30:00,51.572,51.734,51.561,51.714,35956
1518,2024-04-19 05:25:00,51.502,51.595,51.482,51.574,67291
1519,2024-04-19 05:20:00,51.432,51.545,51.432,51.504,28254
1520,2024-04-19 05:15:00,51.353,51.495,51.352,51.435,72431
1521,2024-04-19 05:10:00,51.403,51.445,51.342,51.355,51082
1522,2024-04-19 05:05:00,51.442,51.465,51.332,51.415,37834
1523,2024-04-19 05:00:00,51.323,51.525,51.322,51.425,63203
1524,2024-04-19 04:55:00,51.393,51.415,51.282,51.335,19471
1525,2024-04-19 04:50:00,51.343,51.455,51.342,51.395,23251
1526,2024-04-19 04:45:00,51.233,51.356,51.223,51.355,17785
1527,2024-04-19 04:40:00,51.333,51.336,51.193,51.235,43393
1528,2024-04-19 04:35:00,51.363,51.395,51.263,51.315,19711
1529,2024-04-19 04:30:00,51.562,51.625,51.352,51.365,29669
1530,2024-04-19 04:25:00,51.532,51.654,51.531,51.574,22662
1531,2024-04-19 04:20:00,51.582,51.605,51.462,51.524,65701
1532,2024-04-19 04:15:00,51.243,51.625,51.243,51.584,65433
1533,2024-04-19 04:10:00,51.393,51.415,51.123,51.255,49888
1534,2024-04-19 04:05:00,51.522,51.535,51.243,51.385,142137
1535,2024-04-19 04:00:00,51.532,51.854,51.432,51.524,143083
1536,2024-04-18 19:55:00,52.13,52.173,52.0,52.022,50424
1537,2024-04-18 19:50:00,52.209,52.212,51.9,52.142,74730
1538,2024-04-18 19:45:00,52.229,52.242,52.199,52.202,12264
1539,2024-04-18 19:40:00,52.249,52.252,52.199,52.222,10320
1540,2024-04-18 19:35:00,52.219,52.262,52.219,52.262,11610
1541,2024-04-18 19:30:00,52.219,52.262,52.209,52.242,10237
1542,2024-04-18 19:25:00,52.219,52.252,52.209,52.222,8723
1543,2024-04-18 19:20:00,52.18,52.272,52.179,52.232,8819
1544,2024-04-18 19:15:00,52.299,52.302,52.179,52.202,46702
1545,2024-04-18 19:10:00,52.279,52.312,52.279,52.291,14431
1546,2024-04-18 19:05:00,52.289,52.312,52.259,52.271,22773
1547,2024-04-18 19:00:00,52.319,52.322,52.269,52.291,19568
1548,2024-04-18 18:55:00,52.329,52.332,52.299,52.311,19077
1549,2024-04-18 18:50:00,52.399,52.402,52.309,52.331,31844
1550,2024-04-18 18:45:00,52.379,52.402,52.358,52.401,18078
1551,2024-04-18 18:40:00,52.419,52.422,52.368,52.381,8322
1552,2024-04-18 18:35:00,52.399,52.432,52.378,52.421,5595
1553,2024-04-18 18:30:00,52.409,52.451,52.358,52.401,19818
1554,2024-04-18 18:25:00,52.419,52.451,52.408,52.421,7653
1555,2024-04-18 18:20:00,52.414,52.461,52.408,52.421,5107
1556,2024-04-18 18:15:00,52.448,52.461,52.398,52.421,14220
1557,2024-04-18 18:10:00,52.478,52.491,52.438,52.441,7608
1558,2024-04-18 18:05:00,52.478,52.501,52.428,52.481,16448
1559,2024-04-18 18:00:00,52.359,52.481,52.358,52.471,64888
1560,2024-04-18 17:55:00,52.339,52.382,52.309,52.361,21244
1561,2024-04-18 17:50:00,52.357,52.362,52.309,52.311,9934
1562,2024-04-18 17:45:00,52.319,52.362,52.309,52.36,14443
1563,2024-04-18 17:40:00,52.289,52.322,52.285,52.321,24319
1564,2024-04-18 17:35:00,52.289,52.322,52.279,52.301,24947
1565,2024-04-18 17:30:00,52.319,52.322,52.269,52.286,15916
1566,2024-04-18 17:25:00,52.369,52.372,52.299,52.302,19526
1567,2024-04-18 17:20:00,52.379,52.392,52.358,52.366,5026
1568,2024-04-18 17:15:00,52.379,52.392,52.368,52.371,7967
1569,2024-04-18 17:10:00,52.389,52.392,52.368,52.381,6187
1570,2024-04-18 17:05:00,52.379,52.392,52.368,52.381,11017
1571,2024-04-18 17:00:00,52.379,52.392,52.368,52.391,4368
1572,2024-04-18 16:55:00,52.359,52.402,52.338,52.39,22366
1573,2024-04-18 16:50:00,52.289,52.402,52.279,52.351,32056
1574,2024-04-18 16:45:00,52.289,52.332,52.249,52.281,60343
1575,2024-04-18 16:40:00,52.359,52.402,52.299,52.301,55293
1576,2024-04-18 16:35:00,52.379,52.412,52.348,52.351,26177
1577,2024-04-18 16:30:00,52.429,52.451,52.388,52.391,18525
1578,2024-04-18 16:25:00,52.458,52.471,52.358,52.421,50284
1579,2024-04-18 16:20:00,52.478,52.521,52.418,52.471,46057
1580,2024-04-18 16:15:00,52.548,52.571,52.458,52.491,61833
1581,2024-04-18 16:10:00,52.409,52.521,52.388,52.471,86129
1582,2024-04-18 16:05:00,52.518,52.531,52.229,52.431,183394
1583,2024-04-18 16:00:00,52.508,52.88,52.179,52.521,778071
1584,2024-04-18 15:55:00,52.448,52.601,52.388,52.511,1680382
1585,2024-04-18 15:50:00,52.797,52.96,52.402,52.451,1992485
1586,2024-04-18 15:45:00,52.807,52.86,52.737,52.795,631250
1587,2024-04-18 15:40:00,52.678,52.87,52.632,52.819,593825
1588,2024-04-18 15:35:00,52.777,52.88,52.667,52.67,608571
1589,2024-04-18 15:30:00,52.678,52.81,52.657,52.79,656807
1590,2024-04-18 15:25:00,52.688,52.74,52.523,52.68,629791
1591,2024-04-18 15:20:00,52.638,52.79,52.518,52.69,759739
1592,2024-04-18 15:15:00,52.688,52.75,52.543,52.63,625140
1593,2024-04-18 15:10:00,52.737,52.933,52.627,52.7,878857
1594,2024-04-18 15:05:00,52.707,52.918,52.647,52.74,789195
1595,2024-04-18 15:00:00,52.419,52.83,52.418,52.71,1045772
1596,2024-04-18 14:55:00,52.513,52.561,52.358,52.421,658961
1597,2024-04-18 14:50:00,52.638,52.651,52.403,52.511,738584
1598,2024-04-18 14:45:00,52.608,52.656,52.488,52.645,669256
1599,2024-04-18 14:40:00,52.469,52.676,52.448,52.625,934649
1600,2024-04-18 14:35:00,52.363,52.566,52.348,52.481,792216
1601,2024-04-18 14:30:00,52.688,52.701,52.318,52.356,935733
1602,2024-04-18 14:25:00,52.847,52.971,52.598,52.68,995907
1603,2024-04-18 14:20:00,52.752,52.989,52.697,52.853,956804
1604,2024-04-18 14:15:00,52.558,52.83,52.548,52.75,983478
1605,2024-04-18 14:10:00,52.483,52.671,52.309,52.57,1551152
1606,2024-04-18 14:05:00,52.598,52.621,52.408,52.491,840705
1607,2024-04-18 14:00:00,52.663,52.681,52.508,52.6,641797
1608,2024-04-18 13:55:00,52.568,52.7,52.508,52.67,730616
1609,2024-04-18 13:50:00,52.765,52.768,52.488,52.563,965883
1610,2024-04-18 13:45:00,52.712,52.84,52.677,52.769,910366
1611,2024-04-18 13:40:00,52.673,52.77,52.453,52.715,1230280
1612,2024-04-18 13:35:00,52.74,52.82,52.617,52.675,534526
1613,2024-04-18 13:30:00,52.902,52.969,52.697,52.75,767871
1614,2024-04-18 13:25:00,52.478,52.93,52.448,52.904,1485007
1615,2024-04-18 13:20:00,52.777,52.865,52.468,52.471,1245751
1616,2024-04-18 13:15:00,52.897,52.979,52.612,52.76,1099817
1617,2024-04-18 13:10:00,53.159,53.169,52.831,52.909,985353
1618,2024-04-18 13:05:00,53.146,53.179,52.992,53.158,969552
1619,2024-04-18 13:00:00,53.116,53.248,53.086,53.148,605883
1620,2024-04-18 12:55:00,53.126,53.263,53.066,53.113,693623
1621,2024-04-18 12:50:00,53.265,53.333,53.046,53.13,910089
1622,2024-04-18 12:45:00,53.504,53.532,53.145,53.268,927932
1623,2024-04-18 12:40:00,53.724,53.747,53.444,53.517,572514
1624,2024-04-18 12:35:00,53.445,53.826,53.444,53.716,817115
1625,2024-04-18 12:30:00,53.793,53.816,53.404,53.452,1044393
1626,2024-04-18 12:25:00,53.744,53.856,53.673,53.801,514780
1627,2024-04-18 12:20:00,53.798,53.836,53.713,53.746,400658
1628,2024-04-18 12:15:00,53.669,53.826,53.653,53.801,462361
1629,2024-04-18 12:10:00,53.744,53.856,53.663,53.681,652665
1630,2024-04-18 12:05:00,53.823,53.852,53.663,53.742,1216733
1631,2024-04-18 12:00:00,53.863,54.042,53.813,53.835,872340
1632,2024-04-18 11:55:00,53.879,53.956,53.843,53.87,656307
1633,2024-04-18 11:50:00,53.873,53.916,53.783,53.885,796973
1634,2024-04-18 11:45:00,53.963,53.986,53.833,53.875,618454
1635,2024-04-18 11:40:00,53.943,53.976,53.82,53.975,700166
1636,2024-04-18 11:35:00,53.993,54.041,53.882,53.945,954859
1637,2024-04-18 11:30:00,53.983,54.07,53.877,53.995,948802
1638,2024-04-18 11:25:00,54.276,54.285,53.917,53.985,1163999
1639,2024-04-18 11:20:00,54.172,54.354,54.141,54.274,936599
1640,2024-04-18 11:15:00,54.132,54.314,54.112,54.165,1121732
1641,2024-04-18 11:10:00,54.092,54.245,54.002,54.125,1059615
1642,2024-04-18 11:05:00,53.903,54.155,53.883,54.093,955329
1643,2024-04-18 11:00:00,54.042,54.095,53.872,53.895,1192601
1644,2024-04-18 10:55:00,53.933,54.215,53.892,54.041,1863226
1645,2024-04-18 10:50:00,53.993,54.065,53.843,53.925,1009275
1646,2024-04-18 10:45:00,53.973,54.074,53.823,53.985,1236431
1647,2024-04-18 10:40:00,53.773,53.986,53.733,53.965,875402
1648,2024-04-18 10:35:00,53.714,54.006,53.663,53.777,1829228
1649,2024-04-18 10:30:00,53.504,53.747,53.484,53.726,1282529
1650,2024-04-18 10:25:00,53.375,53.667,53.374,53.507,1223561
1651,2024-04-18 10:20:00,53.475,53.537,53.345,53.392,1033466
1652,2024-04-18 10:15:00,53.462,53.597,53.345,53.487,1266518
1653,2024-04-18 10:10:00,53.395,53.497,53.305,53.467,1236526
1654,2024-04-18 10:05:00,53.016,53.428,52.976,53.402,1474679
1655,2024-04-18 10:00:00,53.116,53.179,52.856,53.019,1272464
1656,2024-04-18 09:55:00,53.05,53.278,52.996,53.113,1328398
1657,2024-04-18 09:50:00,53.335,53.448,53.011,53.058,1480869
1658,2024-04-18 09:45:00,52.966,53.338,52.926,53.318,2006850
1659,2024-04-18 09:40:00,52.688,53.014,52.647,52.979,1991991
1660,2024-04-18 09:35:00,53.315,53.398,52.577,52.68,3118476
1661,2024-04-18 09:30:00,53.684,53.737,53.245,53.327,2148501
1662,2024-04-18 09:25:00,53.724,53.786,53.653,53.686,74286
1663,2024-04-18 09:20:00,53.773,53.876,53.723,53.736,63762
1664,2024-04-18 09:15:00,53.843,53.866,53.683,53.766,72227
1665,2024-04-18 09:10:00,53.813,53.876,53.763,53.855,78799
1666,2024-04-18 09:05:00,53.843,53.896,53.763,53.796,72290
1667,2024-04-18 09:00:00,53.773,53.876,53.703,53.846,111549
1668,2024-04-18 08:55:00,53.823,53.856,53.703,53.766,108937
1669,2024-04-18 08:50:00,53.843,53.906,53.803,53.836,118518
1670,2024-04-18 08:45:00,53.793,53.916,53.604,53.845,206090
1671,2024-04-18 08:40:00,53.893,53.956,53.743,53.816,99535
1672,2024-04-18 08:35:00,53.783,53.996,53.763,53.895,120829
1673,2024-04-18 08:30:00,53.823,53.986,53.653,53.796,219868
1674,2024-04-18 08:25:00,53.793,53.896,53.783,53.836,109616
1675,2024-04-18 08:20:00,53.853,53.906,53.773,53.806,92246
1676,2024-04-18 08:15:00,53.883,53.896,53.823,53.846,43931
1677,2024-04-18 08:10:00,53.923,53.936,53.833,53.885,64940
1678,2024-04-18 08:05:00,54.361,54.583,53.892,53.925,187553
1679,2024-04-18 08:00:00,54.022,54.593,53.732,54.364,466259
1680,2024-04-18 07:55:00,54.042,54.075,54.002,54.015,75384
1681,2024-04-18 07:50:00,54.042,54.075,53.992,54.045,15799
1682,2024-04-18 07:45:00,54.082,54.155,54.032,54.045,49579
1683,2024-04-18 07:40:00,54.022,54.115,53.992,54.095,20573
1684,2024-04-18 07:35:00,54.112,54.145,54.002,54.044,19447
1685,2024-04-18 07:30:00,54.012,54.135,54.002,54.124,62633
1686,2024-04-18 07:25:00,53.993,54.055,53.992,54.015,21299
1687,2024-04-18 07:20:00,53.973,54.065,53.972,53.995,31379
1688,2024-04-18 07:15:00,53.943,53.986,53.902,53.975,21159
1689,2024-04-18 07:10:00,54.092,54.095,53.892,53.965,29595
1690,2024-04-18 07:05:00,54.062,54.145,54.032,54.105,32143
1691,2024-04-18 07:00:00,54.022,54.075,53.982,54.055,39050
1692,2024-04-18 06:55:00,54.022,54.045,53.992,54.005,7621
1693,2024-04-18 06:50:00,54.042,54.095,54.012,54.025,5689
1694,2024-04-18 06:45:00,54.062,54.125,54.042,54.045,10400
1695,2024-04-18 06:40:00,54.072,54.095,54.012,54.045,6927
1696,2024-04-18 06:35:00,54.052,54.095,54.012,54.085,11006
1697,2024-04-18 06:30:00,54.022,54.115,54.002,54.055,12927
1698,2024-04-18 06:25:00,54.012,54.045,53.962,54.025,25139
1699,2024-04-18 06:20:00,53.843,54.016,53.833,54.005,11655
1700,2024-04-18 06:15:00,53.903,53.906,53.793,53.846,33150
1701,2024-04-18 06:10:00,54.012,54.016,53.843,53.915,34357
1702,2024-04-18 06:05:00,54.022,54.055,54.002,54.015,16328
1703,2024-04-18 06:00:00,54.032,54.045,53.982,54.025,8588
1704,2024-04-18 05:55:00,53.993,54.025,53.942,54.015,7906
1705,2024-04-18 05:50:00,53.933,54.035,53.922,53.995,9122
1706,2024-04-18 05:45:00,53.963,53.986,53.902,53.945,20121
1707,2024-04-18 05:40:00,53.913,53.986,53.892,53.965,12969
1708,2024-04-18 05:35:00,53.843,53.946,53.793,53.915,26280
1709,2024-04-18 05:30:00,53.783,53.876,53.723,53.855,26541
1710,2024-04-18 05:25:00,53.993,54.016,53.763,53.816,43706
1711,2024-04-18 05:20:00,54.082,54.095,53.952,54.015,51522
1712,2024-04-18 05:15:00,54.192,54.195,54.082,54.085,21332
1713,2024-04-18 05:10:00,54.182,54.235,54.151,54.204,9178
1714,2024-04-18 05:05:00,54.212,54.225,54.151,54.184,5140
1715,2024-04-18 05:00:00,54.162,54.215,54.112,54.214,14425
1716,2024-04-18 04:55:00,54.162,54.165,54.082,54.154,12635
1717,2024-04-18 04:50:00,54.202,54.245,54.161,54.174,6506
1718,2024-04-18 04:45:00,54.142,54.225,54.112,54.214,7614
1719,2024-04-18 04:40:00,54.132,54.175,54.112,54.124,14358
1720,2024-04-18 04:35:00,54.222,54.235,54.122,54.134,10945
1721,2024-04-18 04:30:00,54.222,54.255,54.181,54.204,14131
1722,2024-04-18 04:25:00,54.112,54.215,54.112,54.204,20302
1723,2024-04-18 04:20:00,54.162,54.165,54.022,54.105,21126
1724,2024-04-18 04:15:00,54.232,54.245,54.092,54.174,30318
1725,2024-04-18 04:10:00,54.291,54.304,54.151,54.204,20863
1726,2024-04-18 04:05:00,54.311,54.384,54.261,54.264,35048
1727,2024-04-18 04:00:00,54.381,54.494,54.211,54.304,127705
1728,2024-04-17 19:55:00,53.773,53.816,53.763,53.796,21996
1729,2024-04-17 19:50:00,53.763,53.806,53.763,53.786,33342
1730,2024-04-17 19:45:00,53.763,53.786,53.733,53.766,13489
1731,2024-04-17 19:40:00,53.753,53.796,53.743,53.766,7982
1732,2024-04-17 19:35:00,53.753,53.757,53.723,53.756,17399
1733,2024-04-17 19:30:00,53.734,53.757,53.723,53.746,10043
1734,2024-04-17 19:25:00,53.714,53.737,53.703,53.726,12959
1735,2024-04-17 19:20:00,53.753,53.757,53.673,53.706,57966
1736,2024-04-17 19:15:00,53.753,53.766,53.733,53.756,5532
1737,2024-04-17 19:10:00,53.793,53.796,53.753,53.756,20736
1738,2024-04-17 19:05:00,53.783,53.816,53.763,53.786,7715
1739,2024-04-17 19:00:00,53.744,53.806,53.713,53.786,21090
1740,2024-04-17 18:55:00,53.734,53.747,53.723,53.746,6890
1741,2024-04-17 18:50:00,53.734,53.747,53.693,53.726,23775
1742,2024-04-17 18:45:00,53.763,53.766,53.733,53.736,7869
1743,2024-04-17 18:40:00,53.744,53.776,53.733,53.746,4523
1744,2024-04-17 18:35:00,53.744,53.766,53.703,53.746,9179
1745,2024-04-17 18:30:00,53.744,53.766,53.733,53.746,13389
1746,2024-04-17 18:25:00,53.762,53.766,53.733,53.746,5534
1747,2024-04-17 18:20:00,53.744,53.786,53.733,53.766,16481
1748,2024-04-17 18:15:00,53.734,53.747,53.703,53.746,9306
1749,2024-04-17 18:10:00,53.753,53.766,53.733,53.736,9243
1750,2024-04-17 18:05:00,53.734,53.766,53.703,53.766,20421
1751,2024-04-17 18:00:00,53.654,53.776,53.653,53.736,39790
1752,2024-04-17 17:55:00,53.654,53.677,53.643,53.656,7731
1753,2024-04-17 17:50:00,53.684,53.697,53.643,53.646,39520
1754,2024-04-17 17:45:00,53.674,53.697,53.663,53.686,8490
1755,2024-04-17 17:40:00,53.674,53.687,53.653,53.666,14484
1756,2024-04-17 17:35:00,53.674,53.697,53.653,53.676,12441
1757,2024-04-17 17:30:00,53.634,53.696,53.623,53.656,16568
1758,2024-04-17 17:25:00,53.624,53.637,53.613,53.636,13752
1759,2024-04-17 17:20:00,53.614,53.627,53.594,53.626,10082
1760,2024-04-17 17:15:00,53.624,53.637,53.594,53.616,21351
1761,2024-04-17 17:10:00,53.608,53.627,53.594,53.626,5012
1762,2024-04-17 17:05:00,53.614,53.617,53.594,53.606,17348
1763,2024-04-17 17:00:00,53.604,53.617,53.594,53.616,7681
1764,2024-04-17 16:55:00,53.594,53.607,53.574,53.606,78370
1765,2024-04-17 16:50:00,53.584,53.597,53.574,53.596,9148
1766,2024-04-17 16:45:00,53.584,53.617,53.564,53.577,35664
1767,2024-04-17 16:40:00,53.624,53.627,53.564,53.596,30355
1768,2024-04-17 16:35:00,53.614,53.637,53.594,53.606,40199
1769,2024-04-17 16:30:00,53.604,53.627,53.574,53.616,57587
1770,2024-04-17 16:25:00,53.583,53.617,53.564,53.606,63647
1771,2024-04-17 16:20:00,53.554,53.597,53.534,53.577,101387
1772,2024-04-17 16:15:00,53.504,53.597,53.494,53.552,209647
1773,2024-04-17 16:10:00,53.584,53.607,53.514,53.577,124765
1774,2024-04-17 16:05:00,53.605,53.637,53.444,53.586,149284
1775,2024-04-17 16:00:00,53.494,53.637,53.354,53.606,792407
1776,2024-04-17 15:55:00,53.923,53.943,53.454,53.497,2181934
1777,2024-04-17 15:50:00,53.973,54.025,53.718,53.935,1877455
1778,2024-04-17 15:45:00,53.803,54.047,53.708,53.98,1264658
1779,2024-04-17 15:40:00,53.574,53.841,53.444,53.806,1162029
1780,2024-04-17 15:35:00,53.684,53.722,53.474,53.574,752295
1781,2024-04-17 15:30:00,53.514,53.747,53.464,53.696,1114580
1782,2024-04-17 15:25:00,53.654,53.747,53.464,53.517,699045
1783,2024-04-17 15:20:00,53.813,53.901,53.607,53.661,706849
1784,2024-04-17 15:15:00,53.564,53.936,53.554,53.811,1020768
1785,2024-04-17 15:10:00,53.694,53.786,53.504,53.575,909799
1786,2024-04-17 15:05:00,53.674,53.791,53.584,53.696,1010083
1787,2024-04-17 15:00:00,53.958,53.961,53.658,53.676,1232984
1788,2024-04-17 14:55:00,53.983,54.105,53.843,53.965,1289250
1789,2024-04-17 14:50:00,54.441,54.553,53.932,53.995,1410007
1790,2024-04-17 14:45:00,54.765,54.822,54.4,54.439,1678579
1791,2024-04-17 14:40:00,54.012,54.773,54.002,54.762,1907806
1792,2024-04-17 14:35:00,53.963,54.07,53.793,54.005,674089
1793,2024-04-17 14:30:00,54.022,54.085,53.922,53.965,532270
1794,2024-04-17 14:25:00,54.022,54.24,53.95,54.025,556842
1795,2024-04-17 14:20:00,54.082,54.095,53.922,54.025,492226
1796,2024-04-17 14:15:00,54.072,54.194,53.863,54.095,759608
1797,2024-04-17 14:10:00,54.222,54.235,53.992,54.065,779496
1798,2024-04-17 14:05:00,54.262,54.314,54.151,54.224,509095
1799,2024-04-17 14:00:00,54.311,54.329,54.151,54.274,489379
1800,2024-04-17 13:55:00,54.202,54.364,54.186,54.304,692189
1801,2024-04-17 13:50:00,54.142,54.285,53.932,54.214,777003
1802,2024-04-17 13:45:00,54.062,54.135,53.843,54.135,666791
1803,2024-04-17 13:40:00,54.132,54.22,53.917,54.075,869816
1804,2024-04-17 13:35:00,54.047,54.255,54.036,54.124,775060
1805,2024-04-17 13:30:00,54.046,54.135,53.992,54.045,1018162
1806,2024-04-17 13:25:00,53.863,54.055,53.783,54.055,750721
1807,2024-04-17 13:20:00,53.893,54.035,53.806,53.865,783613
1808,2024-04-17 13:15:00,53.783,54.025,53.728,53.895,1295347
1809,2024-04-17 13:10:00,53.813,53.866,53.663,53.783,710748
1810,2024-04-17 13:05:00,53.604,53.866,53.547,53.819,1311503
1811,2024-04-17 13:00:00,53.395,53.657,53.33,53.611,1220847
1812,2024-04-17 12:55:00,53.485,53.493,53.295,53.387,1093945
1813,2024-04-17 12:50:00,53.485,53.537,53.384,53.487,1168169
1814,2024-04-17 12:45:00,53.285,53.502,53.145,53.477,1723108
1815,2024-04-17 12:40:00,53.564,53.667,53.265,53.278,1419011
1816,2024-04-17 12:35:00,53.694,53.717,53.544,53.567,955423
1817,2024-04-17 12:30:00,53.744,53.816,53.604,53.696,697165
1818,2024-04-17 12:25:00,53.684,53.896,53.668,53.746,646670
1819,2024-04-17 12:20:00,53.868,54.025,53.653,53.686,1422869
1820,2024-04-17 12:15:00,54.016,54.075,53.843,53.856,626932
1821,2024-04-17 12:10:00,53.813,54.095,53.813,54.02,1453527
1822,2024-04-17 12:05:00,53.993,54.025,53.713,53.801,1840721
1823,2024-04-17 12:00:00,54.356,54.384,53.972,53.989,1407504
1824,2024-04-17 11:55:00,54.365,54.474,54.311,54.364,440721
1825,2024-04-17 11:50:00,54.262,54.424,54.241,54.374,591959
1826,2024-04-17 11:45:00,54.411,54.464,54.171,54.256,673097
1827,2024-04-17 11:40:00,54.252,54.474,54.251,54.423,863411
1828,2024-04-17 11:35:00,54.232,54.347,54.181,54.254,865829
1829,2024-04-17 11:30:00,54.54,54.598,54.161,54.234,2359072
1830,2024-04-17 11:25:00,54.78,54.902,54.54,54.543,734747
1831,2024-04-17 11:20:00,54.68,54.887,54.62,54.782,896932
1832,2024-04-17 11:15:00,54.839,54.977,54.659,54.682,899484
1833,2024-04-17 11:10:00,55.019,55.071,54.769,54.852,738570
1834,2024-04-17 11:05:00,55.293,55.296,54.879,55.012,952956
1835,2024-04-17 11:00:00,54.869,55.327,54.849,55.29,1155006
1836,2024-04-17 10:55:00,54.61,54.922,54.61,54.872,1365655
1837,2024-04-17 10:50:00,55.357,55.365,54.52,54.618,2393615
1838,2024-04-17 10:45:00,55.168,55.409,55.088,55.37,609854
1839,2024-04-17 10:40:00,55.113,55.261,55.048,55.17,458489
1840,2024-04-17 10:35:00,55.168,55.28,55.008,55.111,565063
1841,2024-04-17 10:30:00,55.327,55.39,55.163,55.182,762779
1842,2024-04-17 10:25:00,55.153,55.42,55.149,55.31,796087
1843,2024-04-17 10:20:00,55.213,55.261,54.933,55.151,918509
1844,2024-04-17 10:15:00,55.178,55.296,55.078,55.204,706249
1845,2024-04-17 10:10:00,55.367,55.41,55.028,55.18,1084422
1846,2024-04-17 10:05:00,55.288,55.53,55.257,55.38,863575
1847,2024-04-17 10:00:00,55.716,55.729,55.227,55.29,1168167
1848,2024-04-17 09:55:00,55.731,55.819,55.541,55.708,882611
1849,2024-04-17 09:50:00,55.826,55.918,55.606,55.733,1246131
1850,2024-04-17 09:45:00,56.094,56.177,55.815,55.838,878546
1851,2024-04-17 09:40:00,56.124,56.167,55.895,56.09,890012
1852,2024-04-17 09:35:00,56.045,56.307,55.915,56.117,1175866
1853,2024-04-17 09:30:00,56.324,56.337,56.014,56.04,1971184
1854,2024-04-17 09:25:00,56.344,56.406,56.253,56.316,101285
1855,2024-04-17 09:20:00,56.324,56.367,56.293,56.356,60450
1856,2024-04-17 09:15:00,56.314,56.406,56.253,56.316,162541
1857,2024-04-17 09:10:00,56.094,56.337,56.084,56.326,159246
1858,2024-04-17 09:05:00,56.144,56.187,56.024,56.087,94287
1859,2024-04-17 09:00:00,56.055,56.147,56.004,56.147,79215
1860,2024-04-17 08:55:00,56.094,56.147,56.024,56.057,85193
1861,2024-04-17 08:50:00,56.045,56.118,56.024,56.097,65722
1862,2024-04-17 08:45:00,55.944,56.108,55.893,56.027,96651
1863,2024-04-17 08:40:00,55.965,55.998,55.885,55.943,35832
1864,2024-04-17 08:35:00,55.945,56.018,55.875,55.957,68555
1865,2024-04-17 08:30:00,55.845,55.948,55.815,55.928,48752
1866,2024-04-17 08:25:00,55.806,55.918,55.715,55.868,65154
1867,2024-04-17 08:20:00,56.045,56.068,55.795,55.806,54604
1868,2024-04-17 08:15:00,55.905,56.088,55.875,56.047,90410
1869,2024-04-17 08:10:00,55.826,55.908,55.745,55.908,87415
1870,2024-04-17 08:05:00,55.835,56.137,54.739,55.828,64094
1871,2024-04-17 08:00:00,55.985,56.169,54.689,55.469,560175
1872,2024-04-17 07:55:00,55.915,55.928,55.825,55.868,64398
1873,2024-04-17 07:50:00,56.005,56.018,55.885,55.908,59453
1874,2024-04-17 07:45:00,55.985,56.048,55.925,56.007,26335
1875,2024-04-17 07:40:00,55.935,56.008,55.905,55.997,37181
1876,2024-04-17 07:35:00,56.025,56.038,55.895,55.938,33370
1877,2024-04-17 07:30:00,56.025,56.078,55.925,56.027,28504
1878,2024-04-17 07:25:00,55.925,56.028,55.895,56.027,39974
1879,2024-04-17 07:20:00,55.975,55.988,55.895,55.928,45478
1880,2024-04-17 07:15:00,56.045,56.068,55.964,55.977,32923
1881,2024-04-17 07:10:00,56.085,56.118,56.034,56.037,25018
1882,2024-04-17 07:05:00,56.075,56.128,56.044,56.067,78462
1883,2024-04-17 07:00:00,55.985,56.078,55.964,56.077,43072
1884,2024-04-17 06:55:00,56.045,56.058,55.954,55.977,30385
1885,2024-04-17 06:50:00,56.164,56.167,56.014,56.037,22650
1886,2024-04-17 06:45:00,56.114,56.177,56.084,56.167,12248
1887,2024-04-17 06:40:00,56.085,56.157,56.054,56.127,18824
1888,2024-04-17 06:35:00,56.094,56.108,56.024,56.067,19599
1889,2024-04-17 06:30:00,56.075,56.147,56.074,56.097,19690
1890,2024-04-17 06:25:00,55.995,56.078,55.994,56.067,7355
1891,2024-04-17 06:20:00,56.085,56.088,55.925,56.007,16869
1892,2024-04-17 06:15:00,56.065,56.108,56.034,56.097,15931
1893,2024-04-17 06:10:00,56.055,56.088,56.034,56.057,9818
1894,2024-04-17 06:05:00,55.965,56.068,55.954,56.057,23395
1895,2024-04-17 06:00:00,56.055,56.078,55.935,55.977,23449
1896,2024-04-17 05:55:00,55.975,56.048,55.954,56.047,29852
1897,2024-04-17 05:50:00,55.865,55.968,55.845,55.967,15532
1898,2024-04-17 05:45:00,55.796,55.888,55.755,55.868,10839
1899,2024-04-17 05:40:00,55.786,55.809,55.755,55.798,7222
1900,2024-04-17 05:35:00,55.736,55.809,55.725,55.778,7411
1901,2024-04-17 05:30:00,55.766,55.839,55.715,55.738,9572
1902,2024-04-17 05:25:00,55.766,55.809,55.695,55.758,8819
1903,2024-04-17 05:20:00,55.696,55.779,55.676,55.778,6494
1904,2024-04-17 05:15:00,55.746,55.779,55.685,55.728,37272
1905,2024-04-17 05:10:00,55.835,55.859,55.745,55.748,29164
1906,2024-04-17 05:05:00,55.806,55.869,55.785,55.848,19382
1907,2024-04-17 05:00:00,55.885,55.888,55.626,55.808,70101
1908,2024-04-17 04:55:00,55.845,55.918,55.825,55.908,15798
1909,2024-04-17 04:50:00,55.925,55.928,55.825,55.848,78710
1910,2024-04-17 04:45:00,55.955,55.998,55.925,55.928,19752
1911,2024-04-17 04:40:00,55.855,55.978,55.855,55.967,25866
1912,2024-04-17 04:35:00,55.875,55.898,55.815,55.848,8791
1913,2024-04-17 04:30:00,55.736,55.898,55.695,55.888,18970
1914,2024-04-17 04:25:00,55.726,55.829,55.695,55.758,30122
1915,2024-04-17 04:20:00,55.616,55.739,55.576,55.728,42136
1916,2024-04-17 04:15:00,55.646,55.669,55.576,55.619,34577
1917,2024-04-17 04:10:00,55.467,55.649,55.456,55.629,22319
1918,2024-04-17 04:05:00,55.517,55.59,55.446,55.469,30462
1919,2024-04-17 04:00:00,55.567,55.769,55.476,55.519,95744
1920,2024-04-16 19:55:00,56.094,56.147,56.094,56.117,21355
1921,2024-04-16 19:50:00,56.075,56.118,56.064,56.097,18362
1922,2024-04-16 19:45:00,56.084,56.098,56.034,56.087,35113
1923,2024-04-16 19:40:00,56.025,56.118,56.024,56.097,36512
1924,2024-04-16 19:35:00,55.995,56.048,55.984,56.037,45794
1925,2024-04-16 19:30:00,55.945,56.008,55.945,56.007,20284
1926,2024-04-16 19:25:00,55.875,55.978,55.865,55.948,37602
1927,2024-04-16 19:20:00,55.855,55.888,55.835,55.888,29770
1928,2024-04-16 19:15:00,55.786,55.849,55.785,55.838,9521
1929,2024-04-16 19:10:00,55.806,55.809,55.785,55.798,24618
1930,2024-04-16 19:05:00,55.776,55.839,55.765,55.808,7187
1931,2024-04-16 19:00:00,55.845,55.849,55.765,55.778,4168
1932,2024-04-16 18:55:00,55.865,55.888,55.845,55.848,4789
1933,2024-04-16 18:50:00,55.856,55.878,55.855,55.878,16527
1934,2024-04-16 18:45:00,55.855,55.869,55.816,55.868,7112
1935,2024-04-16 18:40:00,55.855,55.878,55.835,55.858,28080
1936,2024-04-16 18:35:00,55.845,55.877,55.815,55.868,10010
1937,2024-04-16 18:30:00,55.806,55.859,55.785,55.858,15630
1938,2024-04-16 18:25:00,55.767,55.799,55.745,55.798,6174
1939,2024-04-16 18:20:00,55.756,55.789,55.755,55.778,7435
1940,2024-04-16 18:15:00,55.816,55.828,55.755,55.768,4332
1941,2024-04-16 18:10:00,55.845,55.849,55.775,55.818,10179
1942,2024-04-16 18:05:00,55.875,55.888,55.825,55.838,7617
1943,2024-04-16 18:00:00,55.786,55.918,55.775,55.888,44224
1944,2024-04-16 17:55:00,55.796,55.809,55.785,55.808,6460
1945,2024-04-16 17:50:00,55.786,55.809,55.785,55.798,4910
1946,2024-04-16 17:45:00,55.806,55.809,55.785,55.797,6972
1947,2024-04-16 17:40:00,55.766,55.809,55.745,55.808,35172
1948,2024-04-16 17:35:00,55.766,55.779,55.746,55.768,2379
1949,2024-04-16 17:30:00,55.766,55.779,55.745,55.778,3623
1950,2024-04-16 17:25:00,55.776,55.779,55.755,55.768,2846
1951,2024-04-16 17:20:00,55.776,55.789,55.765,55.778,5344
1952,2024-04-16 17:15:00,55.786,55.789,55.775,55.778,5764
1953,2024-04-16 17:10:00,55.766,55.789,55.765,55.788,11498
1954,2024-04-16 17:05:00,55.766,55.779,55.755,55.768,11888
1955,2024-04-16 17:00:00,55.726,55.759,55.725,55.758,15460
1956,2024-04-16 16:55:00,55.646,55.739,55.646,55.718,24572
1957,2024-04-16 16:50:00,55.676,55.689,55.636,55.659,12526
1958,2024-04-16 16:45:00,55.656,55.689,55.646,55.669,26540
1959,2024-04-16 16:40:00,55.666,55.669,55.636,55.659,14075
1960,2024-04-16 16:35:00,55.636,55.669,55.631,55.669,11734
1961,2024-04-16 16:30:00,55.596,55.659,55.596,55.639,30891
1962,2024-04-16 16:25:00,55.606,55.609,55.556,55.599,60544
1963,2024-04-16 16:20:00,55.567,55.629,55.566,55.629,18993
1964,2024-04-16 16:15:00,55.567,55.639,55.566,55.579,23364
1965,2024-04-16 16:10:00,55.547,55.959,55.128,55.589,59040
1966,2024-04-16 16:05:00,55.596,55.6,55.526,55.549,58540
1967,2024-04-16 16:00:00,55.567,56.631,55.516,55.599,372422
1968,2024-04-16 15:55:00,55.925,55.978,55.526,55.559,1741088
1969,2024-04-16 15:50:00,55.905,56.003,55.855,55.928,1589610
1970,2024-04-16 15:45:00,55.855,56.008,55.745,55.918,1093269
1971,2024-04-16 15:40:00,55.895,55.923,55.715,55.858,1114622
1972,2024-04-16 15:35:00,55.696,55.973,55.601,55.903,940642
1973,2024-04-16 15:30:00,56.194,56.197,55.676,55.698,910156
1974,2024-04-16 15:25:00,56.114,56.267,56.074,56.192,467095
1975,2024-04-16 15:20:00,56.114,56.187,55.994,56.137,550221
1976,2024-04-16 15:15:00,56.035,56.118,55.875,56.114,674688
1977,2024-04-16 15:10:00,56.071,56.166,56.014,56.047,579329
1978,2024-04-16 15:05:00,56.045,56.167,55.935,56.077,571396
1979,2024-04-16 15:00:00,56.244,56.297,55.985,56.047,967119
1980,2024-04-16 14:55:00,56.124,56.252,56.004,56.246,733119
1981,2024-04-16 14:50:00,55.771,56.187,55.765,56.117,1028587
1982,2024-04-16 14:45:00,55.796,55.926,55.646,55.768,786411
1983,2024-04-16 14:40:00,55.746,55.888,55.656,55.798,789154
1984,2024-04-16 14:35:00,55.766,55.849,55.556,55.748,764218
1985,2024-04-16 14:30:00,55.377,55.794,55.358,55.753,1067515
1986,2024-04-16 14:25:00,55.447,55.734,55.277,55.38,1268283
1987,2024-04-16 14:20:00,55.646,55.729,55.267,55.449,1311928
1988,2024-04-16 14:15:00,55.975,56.033,55.596,55.644,1553888
1989,2024-04-16 14:10:00,56.503,56.596,55.954,55.977,1439226
1990,2024-04-16 14:05:00,55.816,56.536,55.755,56.506,2043156
1991,2024-04-16 14:00:00,55.676,55.849,55.491,55.818,770989
1992,2024-04-16 13:55:00,55.596,55.728,55.486,55.669,715526
1993,2024-04-16 13:50:00,55.447,55.739,55.208,55.599,1400878
1994,2024-04-16 13:45:00,55.706,55.873,55.427,55.439,1099298
1995,2024-04-16 13:40:00,55.646,55.948,55.644,55.708,1493056
1996,2024-04-16 13:35:00,55.447,55.908,55.436,55.649,2201670
1997,2024-04-16 13:30:00,55.776,55.839,55.028,55.459,3871488
1998,2024-04-16 13:25:00,56.005,56.048,55.695,55.768,912022
1999,2024-04-16 13:20:00,55.895,56.018,55.855,56.01,479621
2000,2024-04-16 13:15:00,55.905,55.983,55.805,55.908,455728
2001,2024-04-16 13:10:00,55.935,55.978,55.717,55.898,674701
2002,2024-04-16 13:05:00,55.698,55.993,55.656,55.93,647356
2003,2024-04-16 13:00:00,55.895,55.948,55.656,55.713,586995
2004,2024-04-16 12:55:00,55.895,55.968,55.765,55.888,498526
2005,2024-04-16 12:50:00,55.955,56.058,55.875,55.888,567988
2006,2024-04-16 12:45:00,55.746,55.978,55.745,55.962,440643
2007,2024-04-16 12:40:00,55.796,55.948,55.695,55.743,533091
2008,2024-04-16 12:35:00,55.776,55.839,55.695,55.798,414768
2009,2024-04-16 12:30:00,55.776,55.918,55.745,55.758,359354
2010,2024-04-16 12:25:00,55.845,55.993,55.735,55.782,475385
2011,2024-04-16 12:20:00,55.873,55.908,55.775,55.854,299092
2012,2024-04-16 12:15:00,55.855,55.938,55.805,55.858,425449
2013,2024-04-16 12:10:00,55.816,55.878,55.705,55.858,808690
2014,2024-04-16 12:05:00,55.537,55.854,55.49,55.808,747297
2015,2024-04-16 12:00:00,55.686,55.689,55.426,55.544,947049
2016,2024-04-16 11:55:00,56.084,56.108,55.646,55.687,919726
2017,2024-04-16 11:50:00,55.786,56.103,55.785,56.087,722709
2018,2024-04-16 11:45:00,55.811,55.883,55.676,55.798,482285
2019,2024-04-16 11:40:00,55.631,55.839,55.627,55.808,385305
2020,2024-04-16 11:35:00,55.796,55.809,55.626,55.634,499991
2021,2024-04-16 11:30:00,55.88,55.898,55.651,55.793,546618
2022,2024-04-16 11:25:00,55.855,55.953,55.815,55.888,732575
2023,2024-04-16 11:20:00,55.596,55.908,55.556,55.868,571915
2024,2024-04-16 11:15:00,55.596,55.789,55.537,55.609,504339
2025,2024-04-16 11:10:00,55.696,55.764,55.556,55.602,663807
2026,2024-04-16 11:05:00,55.554,55.779,55.506,55.702,836816
2027,2024-04-16 11:00:00,55.427,55.619,55.327,55.559,710363
2028,2024-04-16 10:55:00,55.537,55.609,55.387,55.429,587788
2029,2024-04-16 10:50:00,55.507,55.617,55.367,55.529,748279
2030,2024-04-16 10:45:00,55.427,55.625,55.426,55.509,806392
2031,2024-04-16 10:40:00,55.342,55.48,55.248,55.439,788932
2032,2024-04-16 10:35:00,55.437,55.517,55.158,55.341,1361600
2033,2024-04-16 10:30:00,55.387,55.58,55.347,55.434,1610452
2034,2024-04-16 10:25:00,55.656,55.759,55.377,55.385,1188944
2035,2024-04-16 10:20:00,55.9,56.008,55.577,55.649,1074817
2036,2024-04-16 10:15:00,55.895,56.078,55.74,55.898,1395274
2037,2024-04-16 10:10:00,55.796,55.928,55.646,55.913,892504
2038,2024-04-16 10:05:00,55.731,55.839,55.466,55.798,962278
2039,2024-04-16 10:00:00,55.756,55.829,55.586,55.733,1044155
2040,2024-04-16 09:55:00,55.472,55.884,55.426,55.763,1848090
2041,2024-04-16 09:50:00,55.337,55.55,55.329,55.479,1296019
2042,2024-04-16 09:45:00,55.327,55.435,55.052,55.34,1600931
2043,2024-04-16 09:40:00,55.427,55.55,55.212,55.33,1350476
2044,2024-04-16 09:35:00,55.596,55.659,55.167,55.422,1913537
2045,2024-04-16 09:30:00,55.477,55.629,55.287,55.604,2184451
2046,2024-04-16 09:25:00,55.547,55.589,55.466,55.489,147210
2047,2024-04-16 09:20:00,55.567,55.659,55.516,55.579,109463
2048,2024-04-16 09:15:00,55.676,55.739,55.536,55.569,78821
2049,2024-04-16 09:10:00,55.726,55.779,55.606,55.669,55969
2050,2024-04-16 09:05:00,55.656,55.749,55.606,55.728,59542
2051,2024-04-16 09:00:00,55.716,55.829,55.596,55.658,163942
2052,2024-04-16 08:55:00,55.826,55.888,55.695,55.728,74469
2053,2024-04-16 08:50:00,55.877,55.898,55.735,55.828,77725
2054,2024-04-16 08:45:00,55.905,55.938,55.805,55.868,60188
2055,2024-04-16 08:40:00,55.855,55.928,55.805,55.908,105198
2056,2024-04-16 08:35:00,55.746,55.898,55.715,55.863,121438
2057,2024-04-16 08:30:00,55.567,55.829,55.456,55.728,142001
2058,2024-04-16 08:25:00,55.517,55.57,55.456,55.569,69686
2059,2024-04-16 08:20:00,55.646,55.669,55.496,55.519,100308
2060,2024-04-16 08:15:00,55.676,55.739,55.606,55.649,55830
2061,2024-04-16 08:10:00,55.646,55.819,55.646,55.679,76160
2062,2024-04-16 08:05:00,55.268,55.749,55.078,55.649,198967
2063,2024-04-16 08:00:00,55.327,55.938,54.808,55.459,469370
2064,2024-04-16 07:55:00,55.925,55.938,55.845,55.848,101138
2065,2024-04-16 07:50:00,55.865,55.958,55.835,55.918,138161
2066,2024-04-16 07:45:00,55.716,55.888,55.685,55.888,112587
2067,2024-04-16 07:40:00,55.796,55.799,55.685,55.718,124369
2068,2024-04-16 07:35:00,55.696,55.878,55.656,55.798,365082
2069,2024-04-16 07:30:00,55.557,55.769,55.536,55.689,91477
2070,2024-04-16 07:25:00,55.557,55.649,55.546,55.559,58417
2071,2024-04-16 07:20:00,55.537,55.58,55.426,55.569,56709
2072,2024-04-16 07:15:00,55.676,55.689,55.536,55.539,92909
2073,2024-04-16 07:10:00,55.497,55.689,55.496,55.669,73452
2074,2024-04-16 07:05:00,55.517,55.57,55.486,55.499,71117
2075,2024-04-16 07:00:00,55.387,55.54,55.327,55.509,109890
2076,2024-04-16 06:55:00,55.337,55.4,55.307,55.37,19070
2077,2024-04-16 06:50:00,55.387,55.4,55.297,55.37,28746
2078,2024-04-16 06:45:00,55.327,55.41,55.317,55.37,25880
2079,2024-04-16 06:40:00,55.278,55.38,55.227,55.34,25598
2080,2024-04-16 06:35:00,55.228,55.331,55.207,55.28,35294
2081,2024-04-16 06:30:00,54.939,55.251,54.899,55.22,54474
2082,2024-04-16 06:25:00,54.939,54.972,54.779,54.951,69074
2083,2024-04-16 06:20:00,54.989,55.032,54.859,54.941,51782
2084,2024-04-16 06:15:00,55.039,55.091,54.998,55.001,27776
2085,2024-04-16 06:10:00,54.999,55.052,54.968,55.041,60732
2086,2024-04-16 06:05:00,55.188,55.201,54.998,55.001,52404
2087,2024-04-16 06:00:00,55.288,55.291,55.138,55.2,32545
2088,2024-04-16 05:55:00,55.158,55.321,55.128,55.27,62208
2089,2024-04-16 05:50:00,55.288,55.291,55.048,55.17,51221
2090,2024-04-16 05:45:00,55.357,55.38,55.277,55.28,14894
2091,2024-04-16 05:40:00,55.347,55.39,55.327,55.35,10677
2092,2024-04-16 05:35:00,55.288,55.38,55.287,55.36,31520
2093,2024-04-16 05:30:00,55.437,55.48,55.287,55.29,16145
2094,2024-04-16 05:25:00,55.268,55.49,55.267,55.42,32498
2095,2024-04-16 05:20:00,55.437,55.48,55.267,55.27,27334
2096,2024-04-16 05:15:00,55.457,55.48,55.417,55.439,11538
2097,2024-04-16 05:10:00,55.497,55.52,55.417,55.459,19187
2098,2024-04-16 05:05:00,55.487,55.56,55.476,55.509,9210
2099,2024-04-16 05:00:00,55.467,55.51,55.407,55.489,18935
2100,2024-04-16 04:55:00,55.447,55.56,55.407,55.479,21189
2101,2024-04-16 04:50:00,55.467,55.5,55.397,55.449,11064
2102,2024-04-16 04:45:00,55.407,55.51,55.397,55.489,21145
2103,2024-04-16 04:40:00,55.547,55.57,55.407,55.41,20192
2104,2024-04-16 04:35:00,55.487,55.58,55.476,55.549,39598
2105,2024-04-16 04:30:00,55.457,55.52,55.417,55.489,22382
2106,2024-04-16 04:25:00,55.397,55.53,55.397,55.449,13089
2107,2024-04-16 04:20:00,55.427,55.49,55.357,55.41,15896
2108,2024-04-16 04:15:00,55.586,55.59,55.436,55.439,23774
2109,2024-04-16 04:10:00,55.537,55.619,55.506,55.599,30953
2110,2024-04-16 04:05:00,55.567,55.57,55.426,55.529,41537
2111,2024-04-16 04:00:00,55.537,55.619,55.367,55.589,76634
2112,2024-04-15 19:55:00,55.517,55.54,55.466,55.489,34668
2113,2024-04-15 19:50:00,55.567,55.58,55.506,55.529,21787
2114,2024-04-15 19:45:00,55.527,55.58,55.516,55.579,39342
2115,2024-04-15 19:40:00,55.527,55.57,55.516,55.519,37349
2116,2024-04-15 19:35:00,55.497,55.54,55.476,55.529,18015
2117,2024-04-15 19:30:00,55.487,55.53,55.436,55.499,15227
2118,2024-04-15 19:25:00,55.467,55.5,55.456,55.489,11389
2119,2024-04-15 19:20:00,55.417,55.51,55.407,55.479,24528
2120,2024-04-15 19:15:00,55.516,55.519,55.277,55.429,116987
2121,2024-04-15 19:10:00,55.547,55.58,55.516,55.519,31377
2122,2024-04-15 19:05:00,55.527,55.55,55.486,55.539,15945
2123,2024-04-15 19:00:00,55.606,55.609,55.417,55.519,23336
2124,2024-04-15 18:55:00,55.596,55.609,55.576,55.599,16006
2125,2024-04-15 18:50:00,55.576,55.609,55.566,55.599,18360
2126,2024-04-15 18:45:00,55.576,55.639,55.566,55.589,14757
2127,2024-04-15 18:40:00,55.606,55.609,55.556,55.579,38465
2128,2024-04-15 18:35:00,55.636,55.649,55.596,55.609,12528
2129,2024-04-15 18:30:00,55.586,55.639,55.576,55.639,10731
2130,2024-04-15 18:25:00,55.646,55.659,55.586,55.599,33836
2131,2024-04-15 18:20:00,55.616,55.649,55.606,55.639,27698
2132,2024-04-15 18:15:00,55.656,55.669,55.576,55.619,20230
2133,2024-04-15 18:10:00,55.586,55.679,55.546,55.669,22383
2134,2024-04-15 18:05:00,55.557,55.609,55.556,55.589,34942
2135,2024-04-15 18:00:00,55.477,55.669,55.476,55.559,48939
2136,2024-04-15 17:55:00,55.427,55.49,55.397,55.469,17626
2137,2024-04-15 17:50:00,55.417,55.47,55.387,55.429,7875
2138,2024-04-15 17:45:00,55.367,55.46,55.367,55.429,11142
2139,2024-04-15 17:40:00,55.377,55.38,55.337,55.37,18052
2140,2024-04-15 17:35:00,55.387,55.39,55.347,55.38,18639
2141,2024-04-15 17:30:00,55.407,55.42,55.367,55.39,25915
2142,2024-04-15 17:25:00,55.467,55.47,55.387,55.41,49084
2143,2024-04-15 17:20:00,55.507,55.51,55.446,55.469,11570
2144,2024-04-15 17:15:00,55.517,55.53,55.337,55.499,21042
2145,2024-04-15 17:10:00,55.527,55.53,55.506,55.519,12962
2146,2024-04-15 17:05:00,55.537,55.55,55.516,55.529,16823
2147,2024-04-15 17:00:00,55.536,55.57,55.506,55.539,25658
2148,2024-04-15 16:55:00,55.437,55.609,55.426,55.539,73966
2149,2024-04-15 16:50:00,55.337,55.44,55.337,55.439,175311
2150,2024-04-15 16:45:00,55.317,55.35,55.292,55.34,73609
2151,2024-04-15 16:40:00,55.347,55.37,55.247,55.31,51577
2152,2024-04-15 16:35:00,55.417,55.43,55.337,55.35,38767
2153,2024-04-15 16:30:00,55.437,55.45,55.417,55.42,33103
2154,2024-04-15 16:25:00,55.437,58.344,55.407,55.429,28076
2155,2024-04-15 16:20:00,55.427,55.45,55.407,55.439,26099
2156,2024-04-15 16:15:00,55.557,55.56,55.407,55.42,53298
2157,2024-04-15 16:10:00,55.437,55.47,55.417,55.429,68469
2158,2024-04-15 16:05:00,55.446,55.47,55.417,55.439,127859
2159,2024-04-15 16:00:00,55.547,55.56,55.377,55.439,621240
2160,2024-04-15 15:55:00,55.666,55.769,55.496,55.539,1760321
2161,2024-04-15 15:50:00,55.796,55.804,55.576,55.669,1708275
2162,2024-04-15 15:45:00,55.507,55.839,55.456,55.813,1822652
2163,2024-04-15 15:40:00,55.686,55.709,55.486,55.509,944308
2164,2024-04-15 15:35:00,55.596,55.724,55.496,55.693,833426
2165,2024-04-15 15:30:00,55.397,55.699,55.357,55.589,1303637
2166,2024-04-15 15:25:00,55.586,55.644,55.387,55.397,697999
2167,2024-04-15 15:20:00,55.253,55.709,55.252,55.589,1222475
2168,2024-04-15 15:15:00,55.467,55.58,55.227,55.25,1391567
2169,2024-04-15 15:10:00,55.576,55.615,55.446,55.459,639855
2170,2024-04-15 15:05:00,55.447,55.575,55.367,55.569,962598
2171,2024-04-15 15:00:00,55.661,55.724,55.426,55.439,1098140
2172,2024-04-15 14:55:00,55.537,55.839,55.516,55.669,784024
2173,2024-04-15 14:50:00,55.691,55.739,55.476,55.519,1007566
2174,2024-04-15 14:45:00,55.806,55.869,55.671,55.689,688359
2175,2024-04-15 14:40:00,55.89,56.033,55.775,55.808,721127
2176,2024-04-15 14:35:00,55.985,56.167,55.835,55.888,1476319
2177,2024-04-15 14:30:00,55.716,56.063,55.661,55.997,1183317
2178,2024-04-15 14:25:00,55.606,55.933,55.596,55.728,858419
2179,2024-04-15 14:20:00,55.716,55.829,55.516,55.599,888976
2180,2024-04-15 14:15:00,55.666,55.769,55.566,55.728,1035523
2181,2024-04-15 14:10:00,55.816,55.829,55.516,55.684,1692552
2182,2024-04-15 14:05:00,55.865,55.984,55.728,55.823,869214
2183,2024-04-15 14:00:00,56.02,56.038,55.705,55.858,1019705
2184,2024-04-15 13:55:00,55.915,56.128,55.825,56.022,1252357
2185,2024-04-15 13:50:00,55.756,56.44,55.566,55.924,6667985
2186,2024-04-15 13:45:00,55.855,56.018,55.685,55.758,1076177
2187,2024-04-15 13:40:00,55.826,56.098,55.661,55.863,1874426
2188,2024-04-15 13:35:00,56.065,56.262,55.795,55.828,1920547
2189,2024-04-15 13:30:00,56.274,56.292,55.785,56.075,3576878
2190,2024-04-15 13:25:00,56.877,56.949,56.223,56.276,3057701
2191,2024-04-15 13:20:00,57.25,57.273,56.851,56.884,1711963
2192,2024-04-15 13:15:00,57.714,57.751,57.225,57.253,1539155
2193,2024-04-15 13:10:00,57.967,57.972,57.678,57.711,789621
2194,2024-04-15 13:05:00,57.818,58.025,57.807,57.965,728371
2195,2024-04-15 13:00:00,57.813,57.906,57.668,57.83,536550
2196,2024-04-15 12:55:00,57.775,57.841,57.678,57.815,503212
2197,2024-04-15 12:50:00,57.707,57.811,57.643,57.776,550651
2198,2024-04-15 12:45:00,57.639,57.796,57.558,57.711,740870
2199,2024-04-15 12:40:00,57.698,57.851,57.578,57.641,869410
2200,2024-04-15 12:35:00,57.858,57.911,57.618,57.691,1061110
2201,2024-04-15 12:30:00,58.057,58.07,57.772,57.865,1367830
2202,2024-04-15 12:25:00,58.057,58.14,57.967,58.06,971404
2203,2024-04-15 12:20:00,58.485,58.573,58.031,58.06,1264219
2204,2024-04-15 12:15:00,58.814,58.827,58.455,58.479,683490
2205,2024-04-15 12:10:00,58.894,58.947,58.774,58.822,392931
2206,2024-04-15 12:05:00,58.894,58.917,58.734,58.886,646707
2207,2024-04-15 12:00:00,58.784,58.927,58.724,58.896,456407
2208,2024-04-15 11:55:00,58.874,58.902,58.744,58.787,527956
2209,2024-04-15 11:50:00,58.515,58.877,58.485,58.872,705344
2210,2024-04-15 11:45:00,58.555,58.698,58.485,58.528,628768
2211,2024-04-15 11:40:00,58.754,58.817,58.515,58.558,728333
2212,2024-04-15 11:35:00,58.754,58.887,58.639,58.747,1016208
2213,2024-04-15 11:30:00,58.625,58.768,58.564,58.757,883582
2214,2024-04-15 11:25:00,58.416,58.638,58.389,58.632,636030
2215,2024-04-15 11:20:00,58.44,58.479,58.276,58.418,592786
2216,2024-04-15 11:15:00,58.49,58.513,58.305,58.448,764604
2217,2024-04-15 11:10:00,58.455,58.654,58.45,58.488,636990
2218,2024-04-15 11:05:00,58.575,58.648,58.415,58.448,724033
2219,2024-04-15 11:00:00,58.406,58.648,58.315,58.578,1123761
2220,2024-04-15 10:55:00,58.485,58.638,58.395,58.408,770790
2221,2024-04-15 10:50:00,58.834,58.857,58.475,58.488,946825
2222,2024-04-15 10:45:00,58.774,58.882,58.574,58.827,1165045
2223,2024-04-15 10:40:00,58.704,58.907,58.614,58.787,1260410
2224,2024-04-15 10:35:00,58.854,59.017,58.554,58.697,1322237
2225,2024-04-15 10:30:00,58.953,59.146,58.843,58.866,1015097
2226,2024-04-15 10:25:00,58.914,58.997,58.777,58.956,1087150
2227,2024-04-15 10:20:00,59.113,59.774,58.745,58.921,1358275
2228,2024-04-15 10:15:00,58.973,59.256,58.913,59.115,1336095
2229,2024-04-15 10:10:00,59.058,59.106,58.584,58.956,2409128
2230,2024-04-15 10:05:00,59.601,59.684,59.058,59.066,1517340
2231,2024-04-15 10:00:00,59.681,59.88,59.551,59.595,1313227
2232,2024-04-15 09:55:00,59.83,59.853,59.573,59.683,751667
2233,2024-04-15 09:50:00,59.631,59.873,59.6,59.828,1034337
2234,2024-04-15 09:45:00,59.711,59.784,59.406,59.634,1368339
2235,2024-04-15 09:40:00,59.551,59.764,59.543,59.705,1419214
2236,2024-04-15 09:35:00,59.332,59.568,59.252,59.534,1463772
2237,2024-04-15 09:30:00,59.97,60.003,59.317,59.335,2870004
2238,2024-04-15 09:25:00,59.999,60.043,59.909,59.962,319157
2239,2024-04-15 09:20:00,60.019,60.073,59.989,60.012,115642
2240,2024-04-15 09:15:00,60.049,60.102,60.019,60.032,113982
2241,2024-04-15 09:10:00,59.91,60.053,59.899,60.052,145351
2242,2024-04-15 09:05:00,59.97,60.043,59.909,59.922,132889
2243,2024-04-15 09:00:00,59.92,60.043,59.909,59.963,209455
2244,2024-04-15 08:55:00,59.88,59.963,59.83,59.922,124511
2245,2024-04-15 08:50:00,59.83,59.943,59.75,59.893,209084
2246,2024-04-15 08:45:00,59.85,59.923,59.81,59.843,112555
2247,2024-04-15 08:40:00,59.83,59.973,59.82,59.853,221971
2248,2024-04-15 08:35:00,59.731,60.063,59.7,59.833,342731
2249,2024-04-15 08:30:00,59.621,59.784,59.331,59.713,418110
2250,2024-04-15 08:25:00,59.622,59.684,59.62,59.643,170109
2251,2024-04-15 08:20:00,59.571,59.654,59.541,59.624,77005
2252,2024-04-15 08:15:00,59.521,59.664,59.501,59.574,88169
2253,2024-04-15 08:10:00,59.531,59.565,59.501,59.534,25617
2254,2024-04-15 08:05:00,59.501,59.584,58.913,59.534,133293
2255,2024-04-15 08:00:00,59.531,59.594,58.913,59.414,507231
2256,2024-04-15 07:55:00,59.472,59.535,59.441,59.525,42266
2257,2024-04-15 07:50:00,59.531,59.535,59.461,59.464,61458
2258,2024-04-15 07:45:00,59.571,59.574,59.481,59.524,41975
2259,2024-04-15 07:40:00,59.512,59.584,59.471,59.574,126492
2260,2024-04-15 07:35:00,59.432,59.535,59.431,59.514,99843
2261,2024-04-15 07:30:00,59.511,59.525,59.391,59.424,35855
2262,2024-04-15 07:25:00,59.412,59.565,59.411,59.504,105753
2263,2024-04-15 07:20:00,59.412,59.435,59.371,59.414,25275
2264,2024-04-15 07:15:00,59.402,59.455,59.371,59.414,29389
2265,2024-04-15 07:10:00,59.402,59.455,59.391,59.404,29285
2266,2024-04-15 07:05:00,59.352,59.465,59.272,59.414,72050
2267,2024-04-15 07:00:00,59.392,59.465,59.341,59.355,188794
2268,2024-04-15 06:55:00,59.432,59.475,59.391,59.394,11359
2269,2024-04-15 06:50:00,59.432,59.505,59.411,59.464,15065
2270,2024-04-15 06:45:00,59.392,59.445,59.381,59.424,14385
2271,2024-04-15 06:40:00,59.402,59.415,59.341,59.384,17680
2272,2024-04-15 06:35:00,59.392,59.405,59.351,59.394,19102
2273,2024-04-15 06:30:00,59.312,59.395,59.302,59.394,15283
2274,2024-04-15 06:25:00,59.332,59.395,59.302,59.305,12327
2275,2024-04-15 06:20:00,59.392,59.435,59.302,59.335,13989
2276,2024-04-15 06:15:00,59.372,59.455,59.371,59.394,16594
2277,2024-04-15 06:10:00,59.402,59.405,59.331,59.355,18907
2278,2024-04-15 06:05:00,59.362,59.435,59.361,59.404,13627
2279,2024-04-15 06:00:00,59.332,59.395,59.321,59.384,6396
2280,2024-04-15 05:55:00,59.302,59.345,59.302,59.335,14530
2281,2024-04-15 05:50:00,59.382,59.385,59.282,59.295,15003
2282,2024-04-15 05:45:00,59.432,59.445,59.381,59.414,4827
2283,2024-04-15 05:40:00,59.332,59.425,59.331,59.424,26649
2284,2024-04-15 05:35:00,59.272,59.345,59.242,59.335,31764
2285,2024-04-15 05:30:00,59.332,59.335,59.222,59.285,30895
2286,2024-04-15 05:25:00,59.312,59.375,59.282,59.315,32615
2287,2024-04-15 05:20:00,59.362,59.405,59.262,59.315,57164
2288,2024-04-15 05:15:00,59.402,59.445,59.351,59.375,78567
2289,2024-04-15 05:10:00,59.551,59.565,59.381,59.394,59402
2290,2024-04-15 05:05:00,59.531,59.565,59.491,59.554,35923
2291,2024-04-15 05:00:00,59.392,59.525,59.381,59.524,36253
2292,2024-04-15 04:55:00,59.452,59.495,59.371,59.394,21215
2293,2024-04-15 04:50:00,59.442,59.455,59.371,59.444,31087
2294,2024-04-15 04:45:00,59.402,59.465,59.351,59.444,33078
2295,2024-04-15 04:40:00,59.442,59.485,59.391,59.404,29708
2296,2024-04-15 04:35:00,59.382,59.475,59.371,59.434,41365
2297,2024-04-15 04:30:00,59.372,59.405,59.321,59.394,24571
2298,2024-04-15 04:25:00,59.402,59.405,59.292,59.365,58933
2299,2024-04-15 04:20:00,59.462,59.485,59.381,59.414,32885
2300,2024-04-15 04:15:00,59.412,59.465,59.381,59.464,40051
2301,2024-04-15 04:10:00,59.392,59.455,59.351,59.394,35623
2302,2024-04-15 04:05:00,59.372,59.435,59.351,59.404,62734
2303,2024-04-15 04:00:00,59.462,59.475,59.082,59.384,143465
2304,2024-04-12 19:55:00,58.147,58.19,58.126,58.169,43405
2305,2024-04-12 19:50:00,58.137,58.18,58.126,58.149,25457
2306,2024-04-12 19:45:00,58.137,58.14,58.126,58.139,8687
2307,2024-04-12 19:40:00,58.176,58.18,58.126,58.139,22925
2308,2024-04-12 19:35:00,58.196,58.2,58.136,58.179,14764
2309,2024-04-12 19:30:00,58.226,58.23,58.186,58.189,5520
2310,2024-04-12 19:25:00,58.206,58.24,58.206,58.229,6696
2311,2024-04-12 19:20:00,58.256,58.259,58.206,58.209,14893
2312,2024-04-12 19:15:00,58.266,58.279,58.246,58.259,4771
2313,2024-04-12 19:10:00,58.246,58.279,58.246,58.269,4103
2314,2024-04-12 19:05:00,58.276,58.289,58.261,58.279,3363
2315,2024-04-12 19:00:00,58.286,58.289,58.266,58.289,2118
2316,2024-04-12 18:55:00,58.276,58.289,58.266,58.289,3289
2317,2024-04-12 18:50:00,58.266,58.289,58.246,58.279,34907
2318,2024-04-12 18:45:00,58.256,58.279,58.255,58.259,8077
2319,2024-04-12 18:40:00,58.256,58.279,58.246,58.259,15247
2320,2024-04-12 18:35:00,58.246,58.269,58.226,58.259,9572
2321,2024-04-12 18:30:00,58.226,58.259,58.196,58.249,8125
2322,2024-04-12 18:25:00,58.256,58.269,58.216,58.229,21583
2323,2024-04-12 18:20:00,58.266,58.279,58.236,58.259,13462
2324,2024-04-12 18:15:00,58.266,58.279,58.256,58.269,7075
2325,2024-04-12 18:10:00,58.246,58.269,58.236,58.264,10782
2326,2024-04-12 18:05:00,58.276,58.279,58.236,58.249,7736
2327,2024-04-12 18:00:00,58.276,58.299,58.266,58.279,12497
2328,2024-04-12 17:55:00,58.316,58.319,58.276,58.289,11741
2329,2024-04-12 17:50:00,58.326,58.349,58.315,58.319,7420
2330,2024-04-12 17:45:00,58.316,58.339,58.295,58.338,9150
2331,2024-04-12 17:40:00,58.316,58.349,58.276,58.299,6426
2332,2024-04-12 17:35:00,58.366,58.379,58.305,58.338,10456
2333,2024-04-12 17:30:00,58.386,58.389,58.355,58.368,8280
2334,2024-04-12 17:25:00,58.376,58.389,58.355,58.388,6148
2335,2024-04-12 17:20:00,58.366,58.389,58.355,58.378,13076
2336,2024-04-12 17:15:00,58.425,58.428,58.355,58.368,26129
2337,2024-04-12 17:10:00,58.445,58.449,58.415,58.418,5696
2338,2024-04-12 17:05:00,58.445,58.479,58.435,58.448,22720
2339,2024-04-12 17:00:00,58.406,58.449,58.395,58.438,11119
2340,2024-04-12 16:55:00,58.406,58.499,58.365,58.408,78813
2341,2024-04-12 16:50:00,58.475,58.489,58.395,58.408,61615
2342,2024-04-12 16:45:00,58.575,58.588,58.465,58.478,51467
2343,2024-04-12 16:40:00,58.555,58.578,58.544,58.578,30619
2344,2024-04-12 16:35:00,58.545,58.558,58.535,58.558,7779
2345,2024-04-12 16:30:00,58.545,58.568,58.535,58.548,10063
2346,2024-04-12 16:25:00,58.555,58.568,58.535,58.548,21596
2347,2024-04-12 16:20:00,58.535,58.578,58.525,58.568,38986
2348,2024-04-12 16:15:00,58.495,58.578,58.495,58.538,56912
2349,2024-04-12 16:10:00,58.555,58.578,58.535,58.568,62606
2350,2024-04-12 16:05:00,58.595,58.608,58.525,58.568,66696
2351,2024-04-12 16:00:00,58.485,58.608,58.465,58.597,938052
2352,2024-04-12 15:55:00,58.386,58.509,58.31,58.498,1703003
2353,2024-04-12 15:50:00,58.585,58.658,58.238,58.388,1705406
2354,2024-04-12 15:45:00,58.475,58.618,58.455,58.583,1224028
2355,2024-04-12 15:40:00,58.052,58.479,58.051,58.478,1191347
2356,2024-04-12 15:35:00,58.231,58.274,58.036,58.06,722104
2357,2024-04-12 15:30:00,58.077,58.319,58.076,58.229,713645
2358,2024-04-12 15:25:00,58.167,58.245,58.056,58.079,664818
2359,2024-04-12 15:20:00,58.027,58.21,58.007,58.169,728420
2360,2024-04-12 15:15:00,57.997,58.14,57.912,58.04,867991
2361,2024-04-12 15:10:00,58.097,58.18,57.987,57.995,514456
2362,2024-04-12 15:05:00,58.157,58.235,58.017,58.089,850964
2363,2024-04-12 15:00:00,58.037,58.21,57.897,58.159,1150084
2364,2024-04-12 14:55:00,58.251,58.279,58.008,58.03,732384
2365,2024-04-12 14:50:00,58.087,58.319,58.076,58.259,560362
2366,2024-04-12 14:45:00,58.196,58.254,58.046,58.094,593198
2367,2024-04-12 14:40:00,58.114,58.359,58.051,58.191,935432
2368,2024-04-12 14:35:00,58.256,58.329,58.066,58.124,753189
2369,2024-04-12 14:30:00,58.386,58.404,58.156,58.269,618519
2370,2024-04-12 14:25:00,58.325,58.409,58.246,58.388,691592
2371,2024-04-12 14:20:00,58.465,58.548,58.295,58.314,488238
2372,2024-04-12 14:15:00,58.386,58.578,58.345,58.465,549070
2373,2024-04-12 14:10:00,58.475,58.573,58.365,58.383,538942
2374,2024-04-12 14:05:00,58.271,58.568,58.256,58.488,1172970
2375,2024-04-12 14:00:00,58.296,58.307,58.106,58.279,863076
2376,2024-04-12 13:55:00,58.376,58.509,58.286,58.314,587078
2377,2024-04-12 13:50:00,58.495,58.628,58.335,58.368,1043428
2378,2024-04-12 13:45:00,58.266,58.603,58.265,58.488,1041282
2379,2024-04-12 13:40:00,58.077,58.379,58.066,58.279,1100068
2380,2024-04-12 13:35:00,57.997,58.1,57.937,58.089,665930
2381,2024-04-12 13:30:00,58.077,58.08,57.937,58.01,720874
2382,2024-04-12 13:25:00,58.043,58.13,57.967,58.07,834518
2383,2024-04-12 13:20:00,58.296,58.309,58.03,58.04,966414
2384,2024-04-12 13:15:00,58.381,58.598,58.276,58.299,1163113
2385,2024-04-12 13:10:00,58.241,58.449,58.24,58.388,784607
2386,2024-04-12 13:05:00,58.246,58.379,58.146,58.249,891572
2387,2024-04-12 13:00:00,58.286,58.369,58.116,58.249,785169
2388,2024-04-12 12:55:00,58.326,58.399,58.276,58.284,643648
2389,2024-04-12 12:50:00,58.191,58.436,58.191,58.338,994770
2390,2024-04-12 12:45:00,58.256,58.369,58.176,58.19,890876
2391,2024-04-12 12:40:00,58.435,58.464,58.206,58.254,1171808
2392,2024-04-12 12:35:00,58.635,58.697,58.29,58.438,1470286
2393,2024-04-12 12:30:00,58.724,58.787,58.535,58.637,1333096
2394,2024-04-12 12:25:00,58.894,58.977,58.707,58.719,891720
2395,2024-04-12 12:20:00,58.719,58.937,58.714,58.886,1083609
2396,2024-04-12 12:15:00,59.003,59.086,58.698,58.717,1240430
2397,2024-04-12 12:10:00,59.173,59.206,58.993,59.006,971919
2398,2024-04-12 12:05:00,59.183,59.37,59.162,59.169,527845
2399,2024-04-12 12:00:00,59.262,59.296,59.092,59.185,841942
2400,2024-04-12 11:55:00,59.312,59.375,59.232,59.26,417253
2401,2024-04-12 11:50:00,59.541,59.574,59.252,59.313,853434
2402,2024-04-12 11:45:00,59.372,59.594,59.312,59.539,858247
2403,2024-04-12 11:40:00,59.362,59.405,59.212,59.379,727831
2404,2024-04-12 11:35:00,59.491,59.614,59.331,59.363,1025770
2405,2024-04-12 11:30:00,59.342,59.505,59.252,59.494,869743
2406,2024-04-12 11:25:00,59.103,59.345,59.048,59.335,792136
2407,2024-04-12 11:20:00,59.128,59.235,59.003,59.106,905307
2408,2024-04-12 11:15:00,58.894,59.176,58.858,59.125,1145978
2409,2024-04-12 11:10:00,58.804,58.937,58.724,58.891,827114
2410,2024-04-12 11:05:00,58.919,58.957,58.794,58.807,835810
2411,2024-04-12 11:00:00,58.69,58.965,58.644,58.916,1289341
2412,2024-04-12 10:55:00,58.864,58.947,58.644,58.687,1386785
2413,2024-04-12 10:50:00,58.864,58.897,58.684,58.866,1405572
2414,2024-04-12 10:45:00,58.983,59.027,58.843,58.886,730229
2415,2024-04-12 10:40:00,59.018,59.086,58.833,58.986,1171308
2416,2024-04-12 10:35:00,59.302,59.395,58.926,59.031,1632642
2417,2024-04-12 10:30:00,59.442,59.574,59.262,59.295,1041879
2418,2024-04-12 10:25:00,59.621,59.664,59.421,59.444,651537
2419,2024-04-12 10:20:00,59.686,59.789,59.61,59.626,765753
2420,2024-04-12 10:15:00,59.601,59.769,59.282,59.693,1473856
2421,2024-04-12 10:10:00,59.471,59.673,59.401,59.609,992398
2422,2024-04-12 10:05:00,59.701,59.784,59.351,59.464,2065425
2423,2024-04-12 10:00:00,60.079,60.112,59.58,59.703,1957063
2424,2024-04-12 09:55:00,60.019,60.122,59.879,60.072,1044234
2425,2024-04-12 09:50:00,59.8,60.043,59.8,60.022,1124864
2426,2024-04-12 09:45:00,59.86,60.033,59.785,59.808,1762765
2427,2024-04-12 09:40:00,59.755,59.888,59.65,59.853,1345309
2428,2024-04-12 09:35:00,59.731,59.853,59.641,59.753,1476481
2429,2024-04-12 09:30:00,59.651,59.958,59.491,59.733,3928528
2430,2024-04-12 09:25:00,59.581,59.684,59.451,59.653,266507
2431,2024-04-12 09:20:00,59.77,59.834,59.56,59.584,183556
2432,2024-04-12 09:15:00,59.76,59.834,59.71,59.763,184292
2433,2024-04-12 09:10:00,59.711,59.784,59.64,59.773,394449
2434,2024-04-12 09:05:00,59.701,59.764,59.61,59.723,369090
2435,2024-04-12 09:00:00,59.87,59.873,59.551,59.693,424176
2436,2024-04-12 08:55:00,60.008,60.023,59.82,59.873,205739
2437,2024-04-12 08:50:00,60.019,60.063,59.959,60.002,128201
2438,2024-04-12 08:45:00,59.92,60.073,59.869,60.032,173248
2439,2024-04-12 08:40:00,60.348,60.381,59.899,59.912,244737
2440,2024-04-12 08:35:00,60.627,60.67,60.318,60.341,167026
2441,2024-04-12 08:30:00,60.657,60.67,60.487,60.62,138072
2442,2024-04-12 08:25:00,60.597,60.71,60.587,60.67,50551
2443,2024-04-12 08:20:00,60.727,60.77,60.577,60.6,72791
2444,2024-04-12 08:15:00,60.727,60.8,60.716,60.769,29090
2445,2024-04-12 08:10:00,60.747,60.81,60.676,60.749,52379
2446,2024-04-12 08:05:00,60.906,61.686,60.746,60.759,100819
2447,2024-04-12 08:00:00,60.508,61.696,60.297,61.686,418714
2448,2024-04-12 07:55:00,60.767,60.81,60.736,60.799,46055
2449,2024-04-12 07:50:00,60.906,60.949,60.736,60.769,64188
2450,2024-04-12 07:45:00,60.707,60.919,60.666,60.909,147719
2451,2024-04-12 07:40:00,60.647,60.71,60.587,60.699,35932
2452,2024-04-12 07:35:00,60.607,60.7,60.587,60.65,40671
2453,2024-04-12 07:30:00,60.567,60.64,60.537,60.6,66765
2454,2024-04-12 07:25:00,60.508,60.571,60.467,60.57,21591
2455,2024-04-12 07:20:00,60.468,60.521,60.437,60.52,26516
2456,2024-04-12 07:15:00,60.478,60.541,60.437,60.47,39783
2457,2024-04-12 07:10:00,60.458,60.571,60.437,60.47,42904
2458,2024-04-12 07:05:00,60.587,60.611,60.437,60.46,106892
2459,2024-04-12 07:00:00,60.508,60.621,60.447,60.59,129720
2460,2024-04-12 06:55:00,60.498,60.551,60.308,60.51,44580
2461,2024-04-12 06:50:00,60.617,60.621,60.278,60.48,59219
2462,2024-04-12 06:45:00,60.757,60.78,60.547,60.63,53191
2463,2024-04-12 06:40:00,60.757,60.79,60.746,60.779,7051
2464,2024-04-12 06:35:00,60.806,60.85,60.746,60.759,17243
2465,2024-04-12 06:30:00,60.836,60.86,60.796,60.829,9107
2466,2024-04-12 06:25:00,60.826,60.88,60.796,60.839,13391
2467,2024-04-12 06:20:00,60.886,60.909,60.806,60.809,9040
2468,2024-04-12 06:15:00,60.846,60.919,60.826,60.879,5503
2469,2024-04-12 06:10:00,60.806,60.86,60.806,60.849,6904
2470,2024-04-12 06:05:00,60.796,60.85,60.766,60.819,7520
2471,2024-04-12 06:00:00,60.916,60.929,60.736,60.799,41217
2472,2024-04-12 05:55:00,60.916,60.939,60.876,60.919,15165
2473,2024-04-12 05:50:00,60.846,60.949,60.846,60.929,17693
2474,2024-04-12 05:45:00,60.866,60.89,60.776,60.839,19260
2475,2024-04-12 05:40:00,60.986,60.989,60.866,60.909,18259
2476,2024-04-12 05:35:00,60.916,60.999,60.885,60.998,11168
2477,2024-04-12 05:30:00,60.876,60.939,60.836,60.919,20708
2478,2024-04-12 05:25:00,60.956,60.959,60.826,60.889,17909
2479,2024-04-12 05:20:00,60.946,60.989,60.925,60.968,16336
2480,2024-04-12 05:15:00,61.006,61.049,60.925,60.949,29923
2481,2024-04-12 05:10:00,60.946,61.059,60.945,61.028,24453
2482,2024-04-12 05:05:00,61.115,61.119,60.945,60.949,19971
2483,2024-04-12 05:00:00,61.095,61.119,61.045,61.118,22099
2484,2024-04-12 04:55:00,61.205,61.268,61.095,61.098,19655
2485,2024-04-12 04:50:00,61.285,61.348,61.184,61.227,22047
2486,2024-04-12 04:45:00,61.245,61.308,61.234,61.307,12067
2487,2024-04-12 04:40:00,61.374,61.398,61.244,61.247,12021
2488,2024-04-12 04:35:00,61.374,61.378,61.314,61.377,6491
2489,2024-04-12 04:30:00,61.444,61.447,61.324,61.367,15101
2490,2024-04-12 04:25:00,61.434,61.477,61.413,61.437,7593
2491,2024-04-12 04:20:00,61.394,61.427,61.334,61.427,15719
2492,2024-04-12 04:15:00,61.245,61.427,61.234,61.397,9526
2493,2024-04-12 04:10:00,61.304,61.308,61.224,61.247,14564
2494,2024-04-12 04:05:00,61.334,61.348,61.234,61.307,25236
2495,2024-04-12 04:00:00,61.324,61.547,61.284,61.337,30879
2496,2024-04-11 19:55:00,61.464,61.537,61.463,61.526,17352
2497,2024-04-11 19:50:00,61.464,61.487,61.433,61.477,14789
2498,2024-04-11 19:45:00,61.563,61.577,61.374,61.457,26399
2499,2024-04-11 19:40:00,61.554,61.567,61.543,61.566,26840
2500,2024-04-11 19:35:00,61.563,61.587,61.553,61.556,11068
2501,2024-04-11 19:30:00,61.563,61.577,61.533,61.566,6918
2502,2024-04-11 19:25:00,61.583,61.607,61.563,61.566,9355
2503,2024-04-11 19:20:00,61.583,61.597,61.573,61.586,8614
2504,2024-04-11 19:15:00,61.573,61.607,61.563,61.586,5007
2505,2024-04-11 19:10:00,61.573,61.607,61.563,61.576,7190
2506,2024-04-11 19:05:00,61.573,61.587,61.553,61.566,3230
2507,2024-04-11 19:00:00,61.563,61.617,61.563,61.586,9498
2508,2024-04-11 18:55:00,61.563,61.567,61.543,61.566,5769
2509,2024-04-11 18:50:00,61.563,61.577,61.553,61.566,6259
2510,2024-04-11 18:45:00,61.563,61.567,61.543,61.556,12054
2511,2024-04-11 18:40:00,61.534,61.567,61.514,61.557,16713
2512,2024-04-11 18:35:00,61.524,61.537,61.503,61.536,20037
2513,2024-04-11 18:30:00,61.544,61.547,61.514,61.526,7325
2514,2024-04-11 18:25:00,61.573,61.577,61.533,61.566,13301
2515,2024-04-11 18:20:00,61.554,61.632,61.553,61.576,52105
2516,2024-04-11 18:15:00,61.524,61.557,61.513,61.556,14995
2517,2024-04-11 18:10:00,61.514,61.567,61.503,61.526,25005
2518,2024-04-11 18:05:00,61.444,61.517,61.433,61.516,29604
2519,2024-04-11 18:00:00,61.394,61.457,61.394,61.447,16798
2520,2024-04-11 17:55:00,61.384,61.437,61.364,61.367,9358
2521,2024-04-11 17:50:00,61.374,61.418,61.364,61.387,11664
2522,2024-04-11 17:45:00,61.384,61.408,61.364,61.377,12898
2523,2024-04-11 17:40:00,61.374,61.408,61.364,61.387,20429
2524,2024-04-11 17:35:00,61.404,61.408,61.374,61.387,11122
2525,2024-04-11 17:30:00,61.384,61.418,61.384,61.397,8724
2526,2024-04-11 17:25:00,61.384,61.398,61.384,61.387,12454
2527,2024-04-11 17:20:00,61.384,61.398,61.365,61.397,10777
2528,2024-04-11 17:15:00,61.394,61.408,61.374,61.377,19845
2529,2024-04-11 17:10:00,61.405,61.437,61.384,61.397,26194
2530,2024-04-11 17:05:00,61.434,61.447,61.403,61.407,22483
2531,2024-04-11 17:00:00,61.484,61.497,61.433,61.437,6577
2532,2024-04-11 16:55:00,61.464,61.497,61.443,61.486,19530
2533,2024-04-11 16:50:00,61.504,61.527,61.463,61.467,14143
2534,2024-04-11 16:45:00,61.514,61.527,61.473,61.506,60154
2535,2024-04-11 16:40:00,61.534,61.537,61.493,61.526,17288
2536,2024-04-11 16:35:00,61.535,61.567,61.533,61.537,26892
2537,2024-04-11 16:30:00,61.545,61.567,61.533,61.536,34157
2538,2024-04-11 16:25:00,61.544,61.567,61.533,61.547,45272
2539,2024-04-11 16:20:00,61.524,61.577,61.513,61.546,36603
2540,2024-04-11 16:15:00,61.464,61.577,61.463,61.536,36447
2541,2024-04-11 16:10:00,61.544,61.577,61.533,61.566,36397
2542,2024-04-11 16:05:00,61.474,61.567,61.464,61.566,127294
2543,2024-04-11 16:00:00,61.464,61.537,61.423,61.477,961037
2544,2024-04-11 15:55:00,61.573,61.667,61.457,61.477,1400907
2545,2024-04-11 15:50:00,61.713,61.716,61.558,61.576,1414810
2546,2024-04-11 15:45:00,61.773,61.826,61.692,61.721,726737
2547,2024-04-11 15:40:00,61.733,61.806,61.692,61.775,906313
2548,2024-04-11 15:35:00,61.688,61.746,61.648,61.731,502457
2549,2024-04-11 15:30:00,61.643,61.716,61.593,61.691,548432
2550,2024-04-11 15:25:00,61.643,61.716,61.583,61.653,560003
2551,2024-04-11 15:20:00,61.509,61.677,61.493,61.647,510486
2552,2024-04-11 15:15:00,61.558,61.623,61.478,61.511,670797
2553,2024-04-11 15:10:00,61.603,61.673,61.553,61.561,414708
2554,2024-04-11 15:05:00,61.534,61.674,61.523,61.606,641162
2555,2024-04-11 15:00:00,61.419,61.557,61.418,61.545,531161
2556,2024-04-11 14:55:00,61.454,61.527,61.413,61.427,441951
2557,2024-04-11 14:50:00,61.554,61.597,61.403,61.467,640521
2558,2024-04-11 14:45:00,61.668,61.704,61.483,61.556,828113
2559,2024-04-11 14:40:00,61.723,61.746,61.633,61.671,654874
2560,2024-04-11 14:35:00,61.671,61.726,61.613,61.721,592778
2561,2024-04-11 14:30:00,61.603,61.686,61.553,61.668,750647
2562,2024-04-11 14:25:00,61.434,61.627,61.424,61.596,781817
2563,2024-04-11 14:20:00,61.359,61.438,61.334,61.437,399815
2564,2024-04-11 14:15:00,61.404,61.492,61.336,61.377,732183
2565,2024-04-11 14:10:00,61.444,61.447,61.334,61.402,954483
2566,2024-04-11 14:05:00,61.11,61.467,61.095,61.437,1313972
2567,2024-04-11 14:00:00,61.016,61.198,60.976,61.108,1086041
2568,2024-04-11 13:55:00,60.996,61.055,60.935,61.008,492425
2569,2024-04-11 13:50:00,60.971,61.084,60.876,60.998,559719
2570,2024-04-11 13:45:00,60.941,61.019,60.836,60.969,772039
2571,2024-04-11 13:40:00,60.668,60.989,60.607,60.939,880201
2572,2024-04-11 13:35:00,60.814,60.84,60.666,60.67,764390
2573,2024-04-11 13:30:00,60.786,60.909,60.786,60.809,651711
2574,2024-04-11 13:25:00,60.777,60.909,60.766,60.779,1041466
2575,2024-04-11 13:20:00,60.767,60.89,60.65,60.78,1290744
2576,2024-04-11 13:15:00,60.597,60.79,60.497,60.77,1130918
2577,2024-04-11 13:10:00,60.418,60.63,60.407,60.599,1064090
2578,2024-04-11 13:05:00,60.169,60.491,60.138,60.411,1580699
2579,2024-04-11 13:00:00,59.785,60.241,59.62,60.172,1536948
2580,2024-04-11 12:55:00,59.87,59.893,59.76,59.793,379009
2581,2024-04-11 12:50:00,59.905,59.933,59.854,59.876,325380
2582,2024-04-11 12:45:00,59.78,59.913,59.76,59.91,312436
2583,2024-04-11 12:40:00,59.76,59.853,59.691,59.783,322018
2584,2024-04-11 12:35:00,59.765,59.824,59.68,59.753,399947
2585,2024-04-11 12:30:00,59.661,59.784,59.59,59.763,510756
2586,2024-04-11 12:25:00,59.91,59.92,59.64,59.653,706609
2587,2024-04-11 12:20:00,59.825,59.923,59.71,59.912,526069
2588,2024-04-11 12:15:00,59.78,59.834,59.69,59.83,367155
2589,2024-04-11 12:10:00,59.721,59.804,59.7,59.788,426789
2590,2024-04-11 12:05:00,59.83,59.863,59.7,59.718,493847
2591,2024-04-11 12:00:00,59.88,59.963,59.73,59.833,959480
2592,2024-04-11 11:55:00,59.519,59.933,59.492,59.878,1480091
2593,2024-04-11 11:50:00,59.422,59.535,59.391,59.509,495846
2594,2024-04-11 11:45:00,59.312,59.502,59.302,59.419,491169
2595,2024-04-11 11:40:00,59.412,59.599,59.302,59.311,1124407
2596,2024-04-11 11:35:00,59.285,59.44,59.252,59.414,523596
2597,2024-04-11 11:30:00,59.203,59.365,59.162,59.29,483262
2598,2024-04-11 11:25:00,59.323,59.371,59.172,59.195,567179
2599,2024-04-11 11:20:00,59.307,59.495,59.307,59.33,460923
2600,2024-04-11 11:15:00,59.252,59.475,59.242,59.305,528120
2601,2024-04-11 11:10:00,59.163,59.335,59.16,59.255,474300
2602,2024-04-11 11:05:00,59.372,59.402,59.112,59.155,728859
2603,2024-04-11 11:00:00,59.118,59.45,59.102,59.379,1168540
2604,2024-04-11 10:55:00,59.242,59.305,59.062,59.115,526396
2605,2024-04-11 10:50:00,59.253,59.325,59.172,59.23,558360
2606,2024-04-11 10:45:00,59.173,59.385,59.172,59.26,1261570
2607,2024-04-11 10:40:00,59.143,59.231,59.082,59.165,818095
2608,2024-04-11 10:35:00,58.914,59.166,58.888,59.145,821353
2609,2024-04-11 10:30:00,58.844,59.166,58.774,58.903,1366766
2610,2024-04-11 10:25:00,58.872,58.902,58.704,58.847,933841
2611,2024-04-11 10:20:00,58.595,58.902,58.565,58.869,1020762
2612,2024-04-11 10:15:00,58.864,58.877,58.458,58.602,1566116
2613,2024-04-11 10:10:00,59.053,59.131,58.784,58.871,1151653
2614,2024-04-11 10:05:00,59.183,59.231,58.923,59.056,1184954
2615,2024-04-11 10:00:00,59.342,59.375,58.993,59.185,1372475
2616,2024-04-11 09:55:00,59.32,59.455,59.202,59.345,823259
2617,2024-04-11 09:50:00,59.262,59.455,59.182,59.315,1156003
2618,2024-04-11 09:45:00,59.113,59.365,59.102,59.265,1446824
2619,2024-04-11 09:40:00,59.144,59.375,58.978,59.115,1776535
2620,2024-04-11 09:35:00,59.412,59.465,59.092,59.145,1575889
2621,2024-04-11 09:30:00,59.382,59.495,59.013,59.406,2418077
2622,2024-04-11 09:25:00,59.362,59.435,59.312,59.414,259038
2623,2024-04-11 09:20:00,59.372,59.445,59.351,59.363,80911
2624,2024-04-11 09:15:00,59.424,59.515,59.331,59.365,129646
2625,2024-04-11 09:10:00,59.412,59.584,59.391,59.444,229466
2626,2024-04-11 09:05:00,59.272,59.486,59.252,59.416,291598
2627,2024-04-11 09:00:00,59.203,59.365,59.152,59.265,153520
2628,2024-04-11 08:55:00,59.263,59.375,59.082,59.195,187099
2629,2024-04-11 08:50:00,59.203,59.315,59.102,59.265,284268
2630,2024-04-11 08:45:00,58.953,59.236,58.854,59.205,262233
2631,2024-04-11 08:40:00,59.272,59.315,58.883,58.956,507196
2632,2024-04-11 08:35:00,59.003,59.315,58.913,59.275,561637
2633,2024-04-11 08:30:00,58.037,59.076,57.688,59.006,1307600
2634,2024-04-11 08:25:00,58.027,58.09,57.937,58.05,90535
2635,2024-04-11 08:20:00,58.117,58.14,57.967,58.04,136613
2636,2024-04-11 08:15:00,58.087,58.21,57.997,58.109,94293
2637,2024-04-11 08:10:00,58.176,58.18,58.041,58.089,52948
2638,2024-04-11 08:05:00,58.067,58.191,58.036,58.179,39337
2639,2024-04-11 08:00:00,58.445,58.887,57.907,58.079,288322
2640,2024-04-11 07:55:00,58.077,58.09,57.977,58.03,46696
2641,2024-04-11 07:50:00,58.037,58.09,57.907,58.06,74408
2642,2024-04-11 07:45:00,58.157,58.18,58.007,58.02,62324
2643,2024-04-11 07:40:00,58.157,58.19,58.086,58.159,33108
2644,2024-04-11 07:35:00,58.196,58.22,58.106,58.159,38729
2645,2024-04-11 07:30:00,58.226,58.279,58.156,58.199,42979
2646,2024-04-11 07:25:00,58.346,58.349,58.216,58.229,29759
2647,2024-04-11 07:20:00,58.186,58.359,58.126,58.328,42620
2648,2024-04-11 07:15:00,58.296,58.309,58.176,58.189,31924
2649,2024-04-11 07:10:00,58.346,58.399,58.285,58.289,20188
2650,2024-04-11 07:05:00,58.356,58.369,58.266,58.348,24756
2651,2024-04-11 07:00:00,58.416,58.479,58.335,58.368,47190
2652,2024-04-11 06:55:00,58.426,58.449,58.375,58.418,18419
2653,2024-04-11 06:50:00,58.435,58.439,58.345,58.428,15054
2654,2024-04-11 06:45:00,58.445,58.459,58.355,58.458,14995
2655,2024-04-11 06:40:00,58.306,58.469,58.305,58.438,16632
2656,2024-04-11 06:35:00,58.416,58.459,58.305,58.309,4961
2657,2024-04-11 06:30:00,58.406,58.469,58.375,58.408,7774
2658,2024-04-11 06:25:00,58.316,58.429,58.295,58.418,13900
2659,2024-04-11 06:20:00,58.276,58.319,58.246,58.319,14789
2660,2024-04-11 06:15:00,58.276,58.319,58.236,58.279,12581
2661,2024-04-11 06:10:00,58.246,58.349,58.246,58.299,6036
2662,2024-04-11 06:05:00,58.316,58.329,58.206,58.269,25008
2663,2024-04-11 06:00:00,58.406,58.419,58.295,58.319,13675
2664,2024-04-11 05:55:00,58.336,58.389,58.295,58.378,7738
2665,2024-04-11 05:50:00,58.366,58.369,58.285,58.328,13121
2666,2024-04-11 05:45:00,58.396,58.479,58.345,58.368,15835
2667,2024-04-11 05:40:00,58.406,58.449,58.365,58.408,16200
2668,2024-04-11 05:35:00,58.416,58.509,58.385,58.388,23783
2669,2024-04-11 05:30:00,58.346,58.449,58.325,58.418,34963
2670,2024-04-11 05:25:00,58.346,58.349,58.276,58.338,18658
2671,2024-04-11 05:20:00,58.286,58.419,58.236,58.338,32352
2672,2024-04-11 05:15:00,58.435,58.469,58.285,58.289,31267
2673,2024-04-11 05:10:00,58.356,58.469,58.345,58.448,20695
2674,2024-04-11 05:05:00,58.435,58.459,58.335,58.338,13822
2675,2024-04-11 05:00:00,58.356,58.439,58.315,58.438,23178
2676,2024-04-11 04:55:00,58.495,58.528,58.355,58.358,27935
2677,2024-04-11 04:50:00,58.565,58.588,58.455,58.528,22250
2678,2024-04-11 04:45:00,58.734,58.758,58.554,58.568,29188
2679,2024-04-11 04:40:00,58.685,58.787,58.664,58.727,17333
2680,2024-04-11 04:35:00,58.724,58.768,58.664,58.687,9742
2681,2024-04-11 04:30:00,58.714,58.748,58.644,58.717,16147
2682,2024-04-11 04:25:00,58.694,58.758,58.664,58.707,20979
2683,2024-04-11 04:20:00,58.744,58.807,58.684,58.697,14660
2684,2024-04-11 04:15:00,58.714,58.797,58.684,58.757,32783
2685,2024-04-11 04:10:00,58.814,58.817,58.694,58.707,31750
2686,2024-04-11 04:05:00,58.734,58.847,58.724,58.797,41406
2687,2024-04-11 04:00:00,58.764,58.827,58.584,58.757,46396
2688,2024-04-10 19:55:00,58.326,58.339,58.276,58.328,57876
2689,2024-04-10 19:50:00,58.366,58.369,58.295,58.319,9993
2690,2024-04-10 19:45:00,58.366,58.399,58.335,58.368,10616
2691,2024-04-10 19:40:00,58.346,58.369,58.335,58.368,6260
2692,2024-04-10 19:35:00,58.246,58.369,58.246,58.348,14688
2693,2024-04-10 19:30:00,58.256,58.269,58.236,58.249,10304
2694,2024-04-10 19:25:00,58.216,58.259,58.186,58.259,20736
2695,2024-04-10 19:20:00,58.246,58.289,58.206,58.219,31106
2696,2024-04-10 19:15:00,58.296,58.319,58.206,58.249,44651
2697,2024-04-10 19:10:00,58.376,58.379,58.276,58.299,32800
2698,2024-04-10 19:05:00,58.406,58.429,58.375,58.388,3571
2699,2024-04-10 19:00:00,58.465,58.479,58.355,58.398,13998
2700,2024-04-10 18:55:00,58.455,58.479,58.435,58.468,8212
2701,2024-04-10 18:50:00,58.485,58.518,58.445,58.448,3515
2702,2024-04-10 18:45:00,58.485,58.518,58.485,58.488,5301
2703,2024-04-10 18:40:00,58.455,58.499,58.445,58.488,1517
2704,2024-04-10 18:35:00,58.475,58.479,58.445,58.458,9699
2705,2024-04-10 18:30:00,58.505,58.518,58.415,58.478,16448
2706,2024-04-10 18:25:00,58.495,58.528,58.495,58.518,6593
2707,2024-04-10 18:20:00,58.435,58.509,58.425,58.508,3223
2708,2024-04-10 18:15:00,58.426,58.459,58.405,58.428,7084
2709,2024-04-10 18:10:00,58.426,58.439,58.405,58.428,1207
2710,2024-04-10 18:05:00,58.426,58.449,58.355,58.408,13618
2711,2024-04-10 18:00:00,58.545,58.548,58.405,58.433,27019
2712,2024-04-10 17:55:00,58.545,58.558,58.535,58.538,20895
2713,2024-04-10 17:50:00,58.545,58.558,58.544,58.558,2348
2714,2024-04-10 17:45:00,58.555,58.568,58.544,58.548,5289
2715,2024-04-10 17:40:00,58.565,58.588,58.554,58.568,3970
2716,2024-04-10 17:35:00,58.565,58.588,58.554,58.568,2319
2717,2024-04-10 17:30:00,58.585,58.598,58.554,58.558,6815
2718,2024-04-10 17:25:00,58.585,58.598,58.574,58.578,8186
2719,2024-04-10 17:20:00,58.585,58.598,58.574,58.578,10717
2720,2024-04-10 17:15:00,58.575,58.598,58.574,58.588,1580
2721,2024-04-10 17:10:00,58.574,58.598,58.565,58.578,5572
2722,2024-04-10 17:05:00,58.624,58.627,58.535,58.568,9884
2723,2024-04-10 17:00:00,58.675,58.698,58.584,58.627,22584
2724,2024-04-10 16:55:00,58.575,58.678,58.564,58.677,25622
2725,2024-04-10 16:50:00,58.545,58.607,58.525,58.578,13119
2726,2024-04-10 16:45:00,58.485,58.558,58.475,58.558,24648
2727,2024-04-10 16:40:00,58.49,58.509,58.465,58.488,11741
2728,2024-04-10 16:35:00,58.435,58.499,58.425,58.498,14337
2729,2024-04-10 16:30:00,58.445,58.468,58.415,58.438,25781
2730,2024-04-10 16:25:00,58.445,58.498,58.435,58.448,14067
2731,2024-04-10 16:20:00,58.465,58.469,58.425,58.448,14973
2732,2024-04-10 16:15:00,58.704,58.708,58.425,58.468,35879
2733,2024-04-10 16:10:00,58.415,58.499,58.405,58.458,61648
2734,2024-04-10 16:05:00,58.416,58.74,58.276,58.418,413334
2735,2024-04-10 16:00:00,58.645,58.718,58.345,58.408,883496
2736,2024-04-10 15:55:00,58.794,58.903,58.604,58.647,1438128
2737,2024-04-10 15:50:00,58.834,58.882,58.654,58.797,1242619
2738,2024-04-10 15:45:00,58.774,58.973,58.714,58.832,1157306
2739,2024-04-10 15:40:00,58.346,58.828,58.345,58.787,900325
2740,2024-04-10 15:35:00,58.356,58.479,58.325,58.348,578107
2741,2024-04-10 15:30:00,58.555,58.598,58.246,58.368,891975
2742,2024-04-10 15:25:00,58.744,58.922,58.528,58.558,1280710
2743,2024-04-10 15:20:00,58.615,58.787,58.544,58.747,1198483
2744,2024-04-10 15:15:00,58.535,58.688,58.436,58.607,1385918
2745,2024-04-10 15:10:00,58.211,58.548,58.201,58.538,1055006
2746,2024-04-10 15:05:00,57.977,58.23,57.937,58.209,511355
2747,2024-04-10 15:00:00,58.037,58.254,57.968,57.98,886173
2748,2024-04-10 14:55:00,58.336,58.339,57.997,58.035,847442
2749,2024-04-10 14:50:00,58.495,58.598,58.246,58.334,955234
2750,2024-04-10 14:45:00,58.445,58.543,58.404,58.508,480564
2751,2024-04-10 14:40:00,58.445,58.518,58.338,58.448,596765
2752,2024-04-10 14:35:00,58.204,58.479,58.166,58.448,508312
2753,2024-04-10 14:30:00,58.167,58.299,58.086,58.209,559707
2754,2024-04-10 14:25:00,58.181,58.389,58.136,58.169,689143
2755,2024-04-10 14:20:00,58.326,58.544,58.108,58.186,1216316
2756,2024-04-10 14:15:00,58.575,58.695,58.236,58.348,804266
2757,2024-04-10 14:10:00,58.46,58.618,58.357,58.578,704418
2758,2024-04-10 14:05:00,58.595,58.598,58.261,58.478,896098
2759,2024-04-10 14:00:00,58.396,58.678,58.136,58.597,1645185
2760,2024-04-10 13:55:00,58.226,58.807,58.166,58.398,2086792
2761,2024-04-10 13:50:00,58.236,58.319,58.046,58.234,831303
2762,2024-04-10 13:45:00,58.007,58.269,57.977,58.249,666620
2763,2024-04-10 13:40:00,57.987,58.226,57.887,58.009,1223099
2764,2024-04-10 13:35:00,58.246,58.324,57.917,57.99,1407411
2765,2024-04-10 13:30:00,58.465,58.643,58.036,58.249,2655063
2766,2024-04-10 13:25:00,58.849,58.967,58.45,58.488,1673460
2767,2024-04-10 13:20:00,58.435,58.937,58.378,58.861,2292302
2768,2024-04-10 13:15:00,58.167,58.479,58.066,58.443,1098985
2769,2024-04-10 13:10:00,57.957,58.22,57.907,58.179,1222203
2770,2024-04-10 13:05:00,58.176,58.2,57.928,57.955,1310866
2771,2024-04-10 13:00:00,58.655,58.757,58.076,58.169,2203858
2772,2024-04-10 12:55:00,58.545,58.748,58.526,58.652,1064901
2773,2024-04-10 12:50:00,58.391,58.568,58.325,58.558,823984
2774,2024-04-10 12:45:00,58.266,58.409,58.226,58.388,485038
2775,2024-04-10 12:40:00,58.366,58.396,58.266,58.269,372284
2776,2024-04-10 12:35:00,58.336,58.479,58.335,58.373,665703
2777,2024-04-10 12:30:00,58.256,58.344,58.217,58.328,359751
2778,2024-04-10 12:25:00,58.157,58.309,58.151,58.259,468991
2779,2024-04-10 12:20:00,58.087,58.17,58.026,58.169,432325
2780,2024-04-10 12:15:00,58.047,58.16,58.046,58.08,443241
2781,2024-04-10 12:10:00,58.206,58.24,58.017,58.045,502576
2782,2024-04-10 12:05:00,58.356,58.414,58.176,58.196,361511
2783,2024-04-10 12:00:00,58.186,58.389,58.126,58.348,540212
2784,2024-04-10 11:55:00,58.176,58.219,58.106,58.189,301819
2785,2024-04-10 11:50:00,58.097,58.21,58.066,58.194,410428
2786,2024-04-10 11:45:00,58.067,58.203,57.997,58.104,592710
2787,2024-04-10 11:40:00,58.167,58.22,58.002,58.06,714912
2788,2024-04-10 11:35:00,58.356,58.389,58.126,58.169,574531
2789,2024-04-10 11:30:00,58.555,58.563,58.226,58.356,679251
2790,2024-04-10 11:25:00,58.274,58.548,58.256,58.548,886578
2791,2024-04-10 11:20:00,58.147,58.364,58.146,58.279,529565
2792,2024-04-10 11:15:00,58.236,58.299,58.106,58.149,419698
2793,2024-04-10 11:10:00,58.236,58.279,58.036,58.239,975297
2794,2024-04-10 11:05:00,58.206,58.419,58.141,58.239,858759
2795,2024-04-10 11:00:00,58.321,58.369,58.176,58.202,785931
2796,2024-04-10 10:55:00,58.271,58.339,58.098,58.319,1271135
2797,2024-04-10 10:50:00,58.6,58.677,58.246,58.27,1152588
2798,2024-04-10 10:45:00,58.704,58.794,58.5,58.607,1082305
2799,2024-04-10 10:40:00,58.943,58.957,58.689,58.702,887365
2800,2024-04-10 10:35:00,58.68,59.051,58.604,58.946,1534349
2801,2024-04-10 10:30:00,58.515,58.887,58.455,58.682,1414150
2802,2024-04-10 10:25:00,58.505,58.693,58.415,58.508,1220457
2803,2024-04-10 10:20:00,58.694,58.698,58.405,58.498,1180192
2804,2024-04-10 10:15:00,58.435,58.827,58.246,58.697,1839490
2805,2024-04-10 10:10:00,58.655,58.668,58.325,58.428,1107021
2806,2024-04-10 10:05:00,58.316,58.768,58.216,58.667,1557226
2807,2024-04-10 10:00:00,58.535,58.658,58.221,58.314,1565542
2808,2024-04-10 09:55:00,58.665,58.817,58.45,58.528,1823735
2809,2024-04-10 09:50:00,58.017,58.738,57.977,58.667,2511273
2810,2024-04-10 09:45:00,58.645,58.658,57.837,58.005,4223487
2811,2024-04-10 09:40:00,58.575,58.703,58.276,58.642,2532819
2812,2024-04-10 09:35:00,58.276,58.638,58.246,58.583,2991300
2813,2024-04-10 09:30:00,58.137,58.419,57.937,58.279,4087001
2814,2024-04-10 09:25:00,57.917,58.16,57.897,58.129,298870
2815,2024-04-10 09:20:00,57.888,58.07,57.787,57.91,350865
2816,2024-04-10 09:15:00,57.529,58.05,57.528,57.9,469738
2817,2024-04-10 09:10:00,57.459,57.592,57.389,57.522,354637
2818,2024-04-10 09:05:00,57.649,57.72,57.419,57.472,412360
2819,2024-04-10 09:00:00,57.838,57.861,57.489,57.651,391026
2820,2024-04-10 08:55:00,57.917,57.931,57.648,57.83,418649
2821,2024-04-10 08:50:00,57.888,58.1,57.698,57.93,490329
2822,2024-04-10 08:45:00,57.529,58.05,57.503,57.9,919320
2823,2024-04-10 08:40:00,57.629,57.771,57.299,57.532,728807
2824,2024-04-10 08:35:00,58.047,58.1,57.389,57.671,1086670
2825,2024-04-10 08:30:00,60.767,60.77,57.807,58.05,1881553
2826,2024-04-10 08:25:00,60.527,61.328,60.477,60.779,300470
2827,2024-04-10 08:20:00,60.547,60.561,60.497,60.53,101485
2828,2024-04-10 08:15:00,60.687,60.69,60.527,60.54,151914
2829,2024-04-10 08:10:00,60.647,60.72,60.636,60.699,86984
2830,2024-04-10 08:05:00,60.587,60.65,60.587,60.64,65306
2831,2024-04-10 08:00:00,60.398,60.769,60.127,60.59,583378
2832,2024-04-10 07:55:00,60.448,60.521,60.427,60.52,31773
2833,2024-04-10 07:50:00,60.498,60.521,60.437,60.46,48793
2834,2024-04-10 07:45:00,60.527,60.531,60.487,60.49,24350
2835,2024-04-10 07:40:00,60.488,60.531,60.467,60.53,28313
2836,2024-04-10 07:35:00,60.488,60.501,60.457,60.48,41130
2837,2024-04-10 07:30:00,60.408,60.491,60.387,60.48,28359
2838,2024-04-10 07:25:00,60.418,60.441,60.377,60.421,32117
2839,2024-04-10 07:20:00,60.448,60.451,60.387,60.421,161364
2840,2024-04-10 07:15:00,60.488,60.511,60.427,60.44,33314
2841,2024-04-10 07:10:00,60.438,60.511,60.427,60.48,38189
2842,2024-04-10 07:05:00,60.408,60.461,60.367,60.45,21012
2843,2024-04-10 07:00:00,60.388,60.451,60.377,60.401,19081
2844,2024-04-10 06:55:00,60.438,60.461,60.387,60.411,11190
2845,2024-04-10 06:50:00,60.328,60.441,60.328,60.44,6420
2846,2024-04-10 06:45:00,60.278,60.322,60.238,60.321,10974
2847,2024-04-10 06:40:00,60.288,60.352,60.278,60.291,8532
2848,2024-04-10 06:35:00,60.288,60.302,60.248,60.291,7898
2849,2024-04-10 06:30:00,60.268,60.312,60.188,60.301,9825
2850,2024-04-10 06:25:00,60.249,60.282,60.218,60.251,2831
2851,2024-04-10 06:20:00,60.239,60.282,60.228,60.231,10137
2852,2024-04-10 06:15:00,60.288,60.302,60.218,60.241,12385
2853,2024-04-10 06:10:00,60.239,60.312,60.238,60.291,16735
2854,2024-04-10 06:05:00,60.219,60.262,60.208,60.241,18046
2855,2024-04-10 06:00:00,60.249,60.312,60.108,60.221,37501
2856,2024-04-10 05:55:00,60.348,60.362,60.248,60.251,14507
2857,2024-04-10 05:50:00,60.418,60.421,60.308,60.371,25751
2858,2024-04-10 05:45:00,60.408,60.431,60.387,60.411,8037
2859,2024-04-10 05:40:00,60.418,60.461,60.407,60.411,7300
2860,2024-04-10 05:35:00,60.547,60.551,60.427,60.431,8049
2861,2024-04-10 05:30:00,60.557,60.581,60.527,60.56,3929
2862,2024-04-10 05:25:00,60.607,60.621,60.547,60.57,5021
2863,2024-04-10 05:20:00,60.587,60.621,60.577,60.6,2144
2864,2024-04-10 05:15:00,60.567,60.611,60.537,60.61,5879
2865,2024-04-10 05:10:00,60.607,60.621,60.567,60.57,7509
2866,2024-04-10 05:05:00,60.567,60.66,60.547,60.6,9961
2867,2024-04-10 05:00:00,60.717,60.79,60.567,60.57,18148
2868,2024-04-10 04:55:00,60.677,60.78,60.676,60.729,17980
2869,2024-04-10 04:50:00,60.627,60.71,60.617,60.68,12910
2870,2024-04-10 04:45:00,60.587,60.64,60.577,60.63,40950
2871,2024-04-10 04:40:00,60.637,60.64,60.577,60.6,10654
2872,2024-04-10 04:35:00,60.597,60.64,60.567,60.63,9497
2873,2024-04-10 04:30:00,60.577,60.66,60.577,60.61,5970
2874,2024-04-10 04:25:00,60.527,60.621,60.517,60.58,4540
2875,2024-04-10 04:20:00,60.617,60.63,60.517,60.53,19611
2876,2024-04-10 04:15:00,60.567,60.621,60.547,60.62,5122
2877,2024-04-10 04:10:00,60.547,60.581,60.537,60.57,4456
2878,2024-04-10 04:05:00,60.597,60.63,60.497,60.54,25091
2879,2024-04-10 04:00:00,60.587,60.66,60.577,60.59,90721
2880,2024-04-09 19:55:00,60.378,60.401,60.348,60.351,18188
2881,2024-04-09 19:50:00,60.388,60.401,60.377,60.381,10426
2882,2024-04-09 19:45:00,60.398,60.411,60.377,60.401,11489
2883,2024-04-09 19:40:00,60.408,60.412,60.387,60.401,7941
2884,2024-04-09 19:35:00,60.379,60.421,60.378,60.421,10565
2885,2024-04-09 19:30:00,60.408,60.411,60.377,60.381,7040
2886,2024-04-09 19:25:00,60.408,60.421,60.397,60.421,8106
2887,2024-04-09 19:20:00,60.418,60.421,59.521,60.421,6988
2888,2024-04-09 19:15:00,60.428,60.441,60.407,60.411,8948
2889,2024-04-09 19:10:00,60.418,60.451,60.397,60.431,9027
2890,2024-04-09 19:05:00,60.408,60.421,60.397,60.421,3555
2891,2024-04-09 19:00:00,60.428,60.441,60.397,60.421,5089
2892,2024-04-09 18:55:00,60.398,60.431,60.397,60.421,4251
2893,2024-04-09 18:50:00,60.408,60.421,60.397,60.411,9073
2894,2024-04-09 18:45:00,60.388,60.421,60.377,60.421,7413
2895,2024-04-09 18:40:00,60.448,60.461,60.387,60.391,9308
2896,2024-04-09 18:35:00,60.428,60.471,60.417,60.45,7603
2897,2024-04-09 18:30:00,60.407,60.431,60.377,60.421,8068
2898,2024-04-09 18:25:00,60.408,60.431,60.407,60.411,4613
2899,2024-04-09 18:20:00,60.453,60.471,60.407,60.411,5431
2900,2024-04-09 18:15:00,60.438,60.461,60.437,60.46,3718
2901,2024-04-09 18:10:00,60.477,60.481,60.407,60.44,15758
2902,2024-04-09 18:05:00,60.428,60.481,60.427,60.47,20749
2903,2024-04-09 18:00:00,60.438,60.511,60.417,60.44,8720
2904,2024-04-09 17:55:00,60.418,60.461,60.407,60.431,9594
2905,2024-04-09 17:50:00,60.458,60.461,60.417,60.422,9244
2906,2024-04-09 17:45:00,60.448,60.471,60.417,60.46,10672
2907,2024-04-09 17:40:00,60.428,60.441,60.407,60.44,7662
2908,2024-04-09 17:35:00,60.408,60.431,60.407,60.431,5563
2909,2024-04-09 17:30:00,60.408,60.431,60.397,60.421,8782
2910,2024-04-09 17:25:00,60.448,60.451,60.397,60.421,6076
2911,2024-04-09 17:20:00,60.488,60.521,60.407,60.45,15480
2912,2024-04-09 17:15:00,60.498,60.531,60.487,60.49,15952
2913,2024-04-09 17:10:00,60.508,60.521,60.487,60.5,21505
2914,2024-04-09 17:05:00,60.508,60.521,60.497,60.51,8997
2915,2024-04-09 17:00:00,60.498,60.521,60.497,60.5,8439
2916,2024-04-09 16:55:00,60.508,60.522,60.477,60.5,14931
2917,2024-04-09 16:50:00,60.478,60.511,60.467,60.51,9329
2918,2024-04-09 16:45:00,60.547,60.551,60.477,60.48,22983
2919,2024-04-09 16:40:00,60.577,60.581,60.547,60.56,19981
2920,2024-04-09 16:35:00,60.557,60.611,60.547,60.59,25228
2921,2024-04-09 16:30:00,60.567,60.601,60.547,60.55,46840
2922,2024-04-09 16:25:00,60.567,60.601,60.547,60.57,30791
2923,2024-04-09 16:20:00,60.597,60.67,60.567,60.58,85698
2924,2024-04-09 16:15:00,60.288,60.611,60.288,60.6,90469
2925,2024-04-09 16:10:00,60.597,60.63,60.587,60.6,64400
2926,2024-04-09 16:05:00,60.647,60.685,60.587,60.61,190001
2927,2024-04-09 16:00:00,60.298,60.74,60.278,60.66,996161
2928,2024-04-09 15:55:00,59.89,60.327,59.884,60.311,2047440
2929,2024-04-09 15:50:00,59.82,59.889,59.7,59.888,795371
2930,2024-04-09 15:45:00,59.86,59.893,59.72,59.823,565740
2931,2024-04-09 15:40:00,59.76,59.888,59.59,59.853,934682
2932,2024-04-09 15:35:00,60.009,60.083,59.75,59.753,933270
2933,2024-04-09 15:30:00,59.96,60.187,59.884,60.007,1580480
2934,2024-04-09 15:25:00,59.481,59.998,59.466,59.962,1337269
2935,2024-04-09 15:20:00,59.247,59.515,59.232,59.494,728508
2936,2024-04-09 15:15:00,59.023,59.266,59.008,59.255,507652
2937,2024-04-09 15:10:00,58.963,59.086,58.873,59.036,600396
2938,2024-04-09 15:05:00,59.103,59.156,58.888,58.976,532782
2939,2024-04-09 15:00:00,59.222,59.236,59.003,59.106,450927
2940,2024-04-09 14:55:00,59.272,59.31,59.202,59.235,332721
2941,2024-04-09 14:50:00,59.178,59.362,59.118,59.28,461814
2942,2024-04-09 14:45:00,59.252,59.312,59.162,59.175,280235
2943,2024-04-09 14:40:00,59.213,59.335,59.162,59.255,331871
2944,2024-04-09 14:35:00,59.247,59.385,59.182,59.225,426650
2945,2024-04-09 14:30:00,59.307,59.325,59.193,59.245,309280
2946,2024-04-09 14:25:00,59.35,59.445,59.262,59.315,275842
2947,2024-04-09 14:20:00,59.452,59.545,59.312,59.35,290204
2948,2024-04-09 14:15:00,59.362,59.49,59.312,59.454,261467
2949,2024-04-09 14:10:00,59.402,59.445,59.302,59.365,289778
2950,2024-04-09 14:05:00,59.272,59.435,59.233,59.397,354874
2951,2024-04-09 14:00:00,59.262,59.296,59.092,59.265,495665
2952,2024-04-09 13:55:00,59.412,59.425,59.242,59.273,226362
2953,2024-04-09 13:50:00,59.322,59.46,59.302,59.404,217574
2954,2024-04-09 13:45:00,59.417,59.435,59.277,59.325,271170
2955,2024-04-09 13:40:00,59.591,59.644,59.331,59.404,394993
2956,2024-04-09 13:35:00,59.431,59.584,59.411,59.584,184690
2957,2024-04-09 13:30:00,59.462,59.572,59.392,59.424,237423
2958,2024-04-09 13:25:00,59.501,59.544,59.401,59.474,271013
2959,2024-04-09 13:20:00,59.491,59.664,59.441,59.514,297310
2960,2024-04-09 13:15:00,59.511,59.535,59.396,59.484,194627
2961,2024-04-09 13:10:00,59.601,59.639,59.471,59.514,249415
2962,2024-04-09 13:05:00,59.511,59.624,59.471,59.597,404983
2963,2024-04-09 13:00:00,59.352,59.515,59.242,59.497,635690
2964,2024-04-09 12:55:00,59.302,59.445,59.272,59.355,432923
2965,2024-04-09 12:50:00,59.601,59.654,59.272,59.306,555160
2966,2024-04-09 12:45:00,59.661,59.704,59.541,59.614,370111
2967,2024-04-09 12:40:00,59.721,59.739,59.64,59.663,211758
2968,2024-04-09 12:35:00,59.708,59.724,59.615,59.707,287897
2969,2024-04-09 12:30:00,59.551,59.731,59.535,59.711,381932
2970,2024-04-09 12:25:00,59.621,59.719,59.531,59.545,478421
2971,2024-04-09 12:20:00,59.541,59.654,59.531,59.633,329499
2972,2024-04-09 12:15:00,59.571,59.604,59.491,59.544,405163
2973,2024-04-09 12:10:00,59.432,59.664,59.381,59.569,561601
2974,2024-04-09 12:05:00,59.372,59.495,59.282,59.444,443751
2975,2024-04-09 12:00:00,59.322,59.525,59.277,59.384,561987
2976,2024-04-09 11:55:00,59.367,59.414,59.326,59.33,397334
2977,2024-04-09 11:50:00,59.412,59.435,59.262,59.365,708378
2978,2024-04-09 11:45:00,59.277,59.455,59.252,59.414,785824
2979,2024-04-09 11:40:00,58.953,59.365,58.953,59.285,786678
2980,2024-04-09 11:35:00,58.894,59.096,58.807,58.956,699147
2981,2024-04-09 11:30:00,58.973,59.104,58.883,58.896,464775
2982,2024-04-09 11:25:00,59.133,59.145,58.928,58.976,436388
2983,2024-04-09 11:20:00,59.203,59.216,58.993,59.125,530932
2984,2024-04-09 11:15:00,58.889,59.276,58.888,59.215,842648
2985,2024-04-09 11:10:00,59.043,59.101,58.883,58.891,838698
2986,2024-04-09 11:05:00,58.884,59.181,58.853,59.049,1069762
2987,2024-04-09 11:00:00,58.894,58.965,58.764,58.886,971372
2988,2024-04-09 10:55:00,58.386,58.927,58.37,58.901,1202575
2989,2024-04-09 10:50:00,58.55,58.678,58.35,58.398,1280756
2990,2024-04-09 10:45:00,58.595,58.857,58.445,58.548,1911791
2991,2024-04-09 10:40:00,58.953,59.096,58.455,58.597,2456967
2992,2024-04-09 10:35:00,59.133,59.186,58.863,58.956,1896337
2993,2024-04-09 10:30:00,59.531,59.545,58.973,59.13,2582050
2994,2024-04-09 10:25:00,60.199,60.232,59.411,59.524,1658792
2995,2024-04-09 10:20:00,60.179,60.312,60.132,60.211,439592
2996,2024-04-09 10:15:00,60.268,60.381,60.128,60.19,634401
2997,2024-04-09 10:10:00,60.089,60.322,60.039,60.271,649210
2998,2024-04-09 10:05:00,60.219,60.252,59.999,60.092,701143
2999,2024-04-09 10:00:00,60.109,60.352,60.098,60.231,795013
3000,2024-04-09 09:55:00,60.199,60.272,60.079,60.112,583884
3001,2024-04-09 09:50:00,60.159,60.252,60.034,60.198,1021706
3002,2024-04-09 09:45:00,60.458,60.586,60.148,60.164,1211205
3003,2024-04-09 09:40:00,60.567,60.699,60.417,60.47,1170921
3004,2024-04-09 09:35:00,60.209,60.591,60.108,60.57,1501997
3005,2024-04-09 09:30:00,60.577,60.705,60.198,60.206,2192787
3006,2024-04-09 09:25:00,60.508,60.591,60.477,60.58,115375
3007,2024-04-09 09:20:00,60.527,60.581,60.497,60.54,150566
3008,2024-04-09 09:15:00,60.378,60.621,60.349,60.5,223793
3009,2024-04-09 09:10:00,60.249,60.381,60.228,60.371,64437
3010,2024-04-09 09:05:00,60.318,60.322,60.228,60.251,42109
3011,2024-04-09 09:00:00,60.308,60.362,60.268,60.321,66612
3012,2024-04-09 08:55:00,60.313,60.342,60.278,60.301,35510
3013,2024-04-09 08:50:00,60.318,60.342,60.268,60.312,43115
3014,2024-04-09 08:45:00,60.368,60.391,60.278,60.321,62277
3015,2024-04-09 08:40:00,60.258,60.391,60.258,60.361,75144
3016,2024-04-09 08:35:00,60.258,60.342,60.238,60.271,36295
3017,2024-04-09 08:30:00,60.219,60.292,60.168,60.271,26162
3018,2024-04-09 08:25:00,60.239,60.252,60.168,60.221,60358
3019,2024-04-09 08:20:00,60.318,60.332,60.168,60.251,77126
3020,2024-04-09 08:15:00,60.308,60.362,60.298,60.331,133726
3021,2024-04-09 08:10:00,60.079,60.352,60.074,60.311,136347
3022,2024-04-09 08:05:00,60.109,60.132,60.069,60.082,27238
3023,2024-04-09 08:00:00,59.601,60.162,59.261,60.122,227012
3024,2024-04-09 07:55:00,59.97,60.122,59.939,60.102,40445
3025,2024-04-09 07:50:00,59.95,59.993,59.899,59.972,15990
3026,2024-04-09 07:45:00,60.019,60.023,59.899,59.942,14742
3027,2024-04-09 07:40:00,59.95,60.043,59.939,60.022,27183
3028,2024-04-09 07:35:00,59.88,59.993,59.869,59.952,22521
3029,2024-04-09 07:30:00,59.93,59.973,59.879,59.883,37195
3030,2024-04-09 07:25:00,59.92,59.943,59.879,59.932,7197
3031,2024-04-09 07:20:00,59.87,59.983,59.859,59.912,17005
3032,2024-04-09 07:15:00,59.95,60.043,59.849,59.863,56843
3033,2024-04-09 07:10:00,59.75,59.963,59.73,59.942,44216
3034,2024-04-09 07:05:00,59.661,59.774,59.66,59.763,33425
3035,2024-04-09 07:00:00,59.551,59.664,59.541,59.663,39135
3036,2024-04-09 06:55:00,59.501,59.584,59.481,59.554,7224
3037,2024-04-09 06:50:00,59.452,59.525,59.441,59.504,13099
3038,2024-04-09 06:45:00,59.362,59.475,59.331,59.454,15639
3039,2024-04-09 06:40:00,59.332,59.405,59.252,59.365,28791
3040,2024-04-09 06:35:00,59.511,59.515,59.282,59.315,37779
3041,2024-04-09 06:30:00,59.691,59.694,59.421,59.514,42983
3042,2024-04-09 06:25:00,59.85,59.853,59.69,59.703,7739
3043,2024-04-09 06:20:00,59.93,59.933,59.839,59.853,9074
3044,2024-04-09 06:15:00,59.91,59.933,59.899,59.932,2197
3045,2024-04-09 06:10:00,59.9,59.943,59.889,59.922,4233
3046,2024-04-09 06:05:00,59.9,59.943,59.889,59.903,1293
3047,2024-04-09 06:00:00,59.87,59.943,59.869,59.922,10716
3048,2024-04-09 05:55:00,60.009,60.043,59.869,59.883,7771
3049,2024-04-09 05:50:00,59.98,60.023,59.959,59.992,14182
3050,2024-04-09 05:45:00,59.88,59.983,59.839,59.972,13580
3051,2024-04-09 05:40:00,59.82,59.883,59.82,59.883,14413
3052,2024-04-09 05:35:00,59.86,59.883,59.78,59.823,7418
3053,2024-04-09 05:30:00,59.89,59.893,59.859,59.873,3459
3054,2024-04-09 05:25:00,59.89,59.913,59.849,59.893,7642
3055,2024-04-09 05:20:00,59.85,59.903,59.83,59.893,5111
3056,2024-04-09 05:15:00,59.74,59.853,59.73,59.853,5730
3057,2024-04-09 05:10:00,59.661,59.754,59.66,59.743,11890
3058,2024-04-09 05:05:00,59.74,59.824,59.65,59.653,18434
3059,2024-04-09 05:00:00,59.731,59.744,59.68,59.743,2155
3060,2024-04-09 04:55:00,59.74,59.784,59.72,59.743,3802
3061,2024-04-09 04:50:00,59.681,59.744,59.67,59.743,5296
3062,2024-04-09 04:45:00,59.711,59.724,59.62,59.693,6540
3063,2024-04-09 04:40:00,59.711,59.744,59.69,59.713,9675
3064,2024-04-09 04:35:00,59.681,59.734,59.66,59.713,7573
3065,2024-04-09 04:30:00,59.79,59.804,59.66,59.673,10350
3066,2024-04-09 04:25:00,59.77,59.814,59.74,59.803,6805
3067,2024-04-09 04:20:00,59.721,59.794,59.72,59.763,6791
3068,2024-04-09 04:15:00,59.621,59.724,59.62,59.723,8666
3069,2024-04-09 04:10:00,59.561,59.624,59.531,59.624,8122
3070,2024-04-09 04:05:00,59.621,59.644,59.511,59.574,12414
3071,2024-04-09 04:00:00,59.472,59.893,59.411,59.614,32804
3072,2024-04-08 19:55:00,59.74,59.754,59.68,59.703,15308
3073,2024-04-08 19:50:00,59.78,59.794,59.74,59.753,6615
3074,2024-04-08 19:45:00,59.77,59.804,59.76,59.793,4784
3075,2024-04-08 19:40:00,59.8,59.804,59.73,59.783,18756
3076,2024-04-08 19:35:00,59.79,59.804,59.78,59.803,4581
3077,2024-04-08 19:30:00,59.77,59.814,59.769,59.793,10311
3078,2024-04-08 19:25:00,59.76,59.794,59.76,59.783,5359
3079,2024-04-08 19:20:00,59.78,59.784,59.76,59.773,4825
3080,2024-04-08 19:15:00,59.8,59.814,59.77,59.783,5180
3081,2024-04-08 19:10:00,59.809,59.814,59.79,59.803,1412
3082,2024-04-08 19:05:00,59.81,59.824,59.79,59.793,5782
3083,2024-04-08 19:00:00,59.82,59.834,59.8,59.813,4720
3084,2024-04-08 18:55:00,59.83,59.834,59.81,59.823,2993
3085,2024-04-08 18:50:00,59.81,59.829,59.81,59.828,1212
3086,2024-04-08 18:45:00,59.81,59.834,59.8,59.813,2256
3087,2024-04-08 18:40:00,59.83,59.843,59.8,59.813,2706
3088,2024-04-08 18:35:00,59.85,59.853,59.81,59.823,5837
3089,2024-04-08 18:30:00,59.83,59.858,59.83,59.858,2903
3090,2024-04-08 18:25:00,59.83,59.853,59.83,59.843,1968
3091,2024-04-08 18:20:00,59.82,59.853,59.81,59.833,2476
3092,2024-04-08 18:15:00,59.82,59.834,59.79,59.833,8824
3093,2024-04-08 18:10:00,59.82,59.834,59.8,59.813,4402
3094,2024-04-08 18:05:00,59.84,59.843,59.829,59.833,4803
3095,2024-04-08 18:00:00,59.81,59.913,59.81,59.852,21860
3096,2024-04-08 17:55:00,59.82,59.834,59.81,59.823,1966
3097,2024-04-08 17:50:00,59.84,59.843,59.81,59.823,7160
3098,2024-04-08 17:45:00,59.81,59.843,59.81,59.833,16322
3099,2024-04-08 17:40:00,59.8,59.824,59.79,59.822,8387
3100,2024-04-08 17:35:00,59.79,59.804,59.78,59.803,1518
3101,2024-04-08 17:30:00,59.8,59.804,59.78,59.793,1250
3102,2024-04-08 17:25:00,59.77,59.804,59.76,59.803,5532
3103,2024-04-08 17:20:00,59.76,59.774,59.76,59.768,2715
3104,2024-04-08 17:15:00,59.77,59.774,59.76,59.763,1155
3105,2024-04-08 17:10:00,59.76,59.774,59.76,59.773,2869
3106,2024-04-08 17:05:00,59.79,59.794,59.76,59.773,10865
3107,2024-04-08 17:00:00,59.79,59.794,59.77,59.773,1060
3108,2024-04-08 16:55:00,59.78,59.794,59.76,59.793,7406
3109,2024-04-08 16:50:00,59.76,59.784,59.75,59.783,6641
3110,2024-04-08 16:45:00,59.77,59.794,59.67,59.763,17079
3111,2024-04-08 16:40:00,59.76,59.784,59.76,59.782,6289
3112,2024-04-08 16:35:00,59.74,59.774,59.73,59.773,8017
3113,2024-04-08 16:30:00,59.76,59.764,59.71,59.738,6804
3114,2024-04-08 16:25:00,59.79,59.794,59.76,59.763,9186
3115,2024-04-08 16:20:00,59.771,59.824,59.771,59.793,9050
3116,2024-04-08 16:15:00,59.671,59.824,59.67,59.783,14655
3117,2024-04-08 16:10:00,59.81,59.824,59.78,59.813,32693
3118,2024-04-08 16:05:00,59.76,59.834,59.74,59.803,67857
3119,2024-04-08 16:00:00,59.661,59.814,59.65,59.753,309278
3120,2024-04-08 15:55:00,59.661,59.689,59.551,59.663,1200225
3121,2024-04-08 15:50:00,59.76,59.769,59.571,59.663,858114
3122,2024-04-08 15:45:00,59.671,59.804,59.66,59.766,519470
3123,2024-04-08 15:40:00,59.84,59.863,59.605,59.678,713056
3124,2024-04-08 15:35:00,59.98,59.983,59.83,59.843,520307
3125,2024-04-08 15:30:00,59.84,60.003,59.82,59.982,587768
3126,2024-04-08 15:25:00,59.681,59.853,59.661,59.843,290972
3127,2024-04-08 15:20:00,59.78,59.824,59.645,59.678,237716
3128,2024-04-08 15:15:00,59.75,59.789,59.695,59.783,191325
3129,2024-04-08 15:10:00,59.74,59.824,59.72,59.753,315045
3130,2024-04-08 15:05:00,59.77,59.794,59.62,59.75,332059
3131,2024-04-08 15:00:00,59.87,59.903,59.745,59.773,317194
3132,2024-04-08 14:55:00,59.731,59.873,59.721,59.873,280253
3133,2024-04-08 14:50:00,59.706,59.764,59.64,59.738,201640
3134,2024-04-08 14:45:00,59.661,59.729,59.551,59.711,363161
3135,2024-04-08 14:40:00,59.661,59.694,59.605,59.653,200415
3136,2024-04-08 14:35:00,59.721,59.764,59.644,59.673,231301
3137,2024-04-08 14:30:00,59.83,59.833,59.72,59.728,234106
3138,2024-04-08 14:25:00,59.74,59.923,59.725,59.828,294550
3139,2024-04-08 14:20:00,59.85,59.913,59.71,59.734,407457
3140,2024-04-08 14:15:00,59.848,59.931,59.83,59.863,327301
3141,2024-04-08 14:10:00,59.858,59.883,59.78,59.85,348215
3142,2024-04-08 14:05:00,59.74,59.863,59.72,59.858,199439
3143,2024-04-08 14:00:00,59.772,59.873,59.705,59.749,417957
3144,2024-04-08 13:55:00,59.621,59.794,59.617,59.773,405653
3145,2024-04-08 13:50:00,59.561,59.634,59.521,59.624,213004
3146,2024-04-08 13:45:00,59.611,59.619,59.491,59.562,268034
3147,2024-04-08 13:40:00,59.651,59.694,59.511,59.619,354927
3148,2024-04-08 13:35:00,59.726,59.739,59.6,59.663,252555
3149,2024-04-08 13:30:00,59.81,59.823,59.7,59.728,154407
3150,2024-04-08 13:25:00,59.726,59.814,59.64,59.808,162175
3151,2024-04-08 13:20:00,59.696,59.744,59.62,59.726,225801
3152,2024-04-08 13:15:00,59.721,59.744,59.59,59.693,304784
3153,2024-04-08 13:10:00,59.77,59.814,59.67,59.716,428203
3154,2024-04-08 13:05:00,59.8,59.829,59.72,59.774,252140
3155,2024-04-08 13:00:00,59.855,59.883,59.765,59.793,288478
3156,2024-04-08 12:55:00,59.739,59.863,59.7,59.858,528194
3157,2024-04-08 12:50:00,59.688,59.759,59.652,59.743,288914
3158,2024-04-08 12:45:00,59.76,59.804,59.63,59.693,340183
3159,2024-04-08 12:40:00,59.631,59.794,59.615,59.753,425832
3160,2024-04-08 12:35:00,59.681,59.734,59.58,59.642,384597
3161,2024-04-08 12:30:00,59.521,59.689,59.474,59.683,405508
3162,2024-04-08 12:25:00,59.312,59.594,59.305,59.524,570160
3163,2024-04-08 12:20:00,59.531,59.555,59.232,59.325,621893
3164,2024-04-08 12:15:00,59.472,59.634,59.401,59.534,392320
3165,2024-04-08 12:10:00,59.596,59.628,59.381,59.474,480170
3166,2024-04-08 12:05:00,59.591,59.704,59.541,59.594,370173
3167,2024-04-08 12:00:00,59.711,59.714,59.531,59.584,364476
3168,2024-04-08 11:55:00,59.701,59.729,59.486,59.706,340089
3169,2024-04-08 11:50:00,59.721,59.784,59.64,59.703,429394
3170,2024-04-08 11:45:00,59.83,59.834,59.551,59.728,654196
3171,2024-04-08 11:40:00,59.84,59.883,59.75,59.836,348308
3172,2024-04-08 11:35:00,59.96,59.974,59.615,59.844,954300
3173,2024-04-08 11:30:00,60.039,60.043,59.839,59.972,530636
3174,2024-04-08 11:25:00,60.209,60.222,59.979,60.037,371120
3175,2024-04-08 11:20:00,60.119,60.237,60.034,60.211,368705
3176,2024-04-08 11:15:00,60.169,60.182,60.06,60.132,314179
3177,2024-04-08 11:10:00,60.129,60.242,60.098,60.171,396978
3178,2024-04-08 11:05:00,60.129,60.212,60.042,60.122,351560
3179,2024-04-08 11:00:00,60.328,60.401,59.944,60.132,855669
3180,2024-04-08 10:55:00,60.408,60.431,60.243,60.331,534334
3181,2024-04-08 10:50:00,60.298,60.411,60.298,60.401,560137
3182,2024-04-08 10:45:00,60.164,60.307,60.138,60.301,438608
3183,2024-04-08 10:40:00,60.219,60.252,60.089,60.162,512451
3184,2024-04-08 10:35:00,60.268,60.347,60.208,60.211,585313
3185,2024-04-08 10:30:00,60.099,60.431,60.079,60.268,1547644
3186,2024-04-08 10:25:00,59.92,60.107,59.854,60.092,1001597
3187,2024-04-08 10:20:00,59.711,59.923,59.66,59.912,702608
3188,2024-04-08 10:15:00,59.78,59.903,59.66,59.713,805802
3189,2024-04-08 10:10:00,59.731,59.868,59.61,59.793,740973
3190,2024-04-08 10:05:00,59.681,59.824,59.471,59.733,1009170
3191,2024-04-08 10:00:00,59.711,59.834,59.524,59.688,862979
3192,2024-04-08 09:55:00,59.671,59.784,59.59,59.713,652423
3193,2024-04-08 09:50:00,59.606,59.746,59.401,59.673,904969
3194,2024-04-08 09:45:00,59.511,59.704,59.481,59.609,981132
3195,2024-04-08 09:40:00,59.153,59.649,59.084,59.514,1803027
3196,2024-04-08 09:35:00,59.611,59.644,59.126,59.155,1506358
3197,2024-04-08 09:30:00,59.98,60.053,59.58,59.609,2103862
3198,2024-04-08 09:25:00,60.288,60.292,59.939,59.992,203375
3199,2024-04-08 09:20:00,60.239,60.302,60.218,60.286,97233
3200,2024-04-08 09:15:00,60.268,60.302,60.188,60.241,69577
3201,2024-04-08 09:10:00,60.249,60.272,60.198,60.271,44380
3202,2024-04-08 09:05:00,60.258,60.282,60.188,60.241,30410
3203,2024-04-08 09:00:00,60.258,60.352,60.228,60.281,100425
3204,2024-04-08 08:55:00,60.268,60.352,60.208,60.261,92369
3205,2024-04-08 08:50:00,60.189,60.322,58.186,60.261,137817
3206,2024-04-08 08:45:00,60.059,60.242,60.009,60.191,128881
3207,2024-04-08 08:40:00,59.999,60.073,59.999,60.052,104742
3208,2024-04-08 08:35:00,59.99,60.062,59.929,60.012,95271
3209,2024-04-08 08:30:00,59.94,59.993,59.869,59.992,49067
3210,2024-04-08 08:25:00,59.87,59.963,59.849,59.952,63224
3211,2024-04-08 08:20:00,59.96,59.963,59.839,59.873,63824
3212,2024-04-08 08:15:00,59.8,59.964,59.78,59.962,94616
3213,2024-04-08 08:10:00,59.631,59.804,59.61,59.794,31696
3214,2024-04-08 08:05:00,59.731,60.073,59.491,59.643,34038
3215,2024-04-08 08:00:00,59.93,60.102,59.211,59.594,345467
3216,2024-04-08 07:55:00,59.74,59.774,59.69,59.723,38143
3217,2024-04-08 07:50:00,59.661,59.774,59.65,59.743,32763
3218,2024-04-08 07:45:00,59.571,59.664,59.531,59.653,14430
3219,2024-04-08 07:40:00,59.671,59.694,59.521,59.584,47257
3220,2024-04-08 07:35:00,59.691,59.714,59.66,59.673,21746
3221,2024-04-08 07:30:00,59.731,59.734,59.63,59.673,32076
3222,2024-04-08 07:25:00,59.83,59.834,59.72,59.743,21254
3223,2024-04-08 07:20:00,59.85,59.853,59.78,59.833,25945
3224,2024-04-08 07:15:00,59.731,59.853,59.71,59.843,43399
3225,2024-04-08 07:10:00,59.83,59.843,59.72,59.723,25973
3226,2024-04-08 07:05:00,59.9,59.903,59.82,59.843,35776
3227,2024-04-08 07:00:00,59.81,59.933,59.8,59.903,67014
3228,2024-04-08 06:55:00,59.681,59.824,59.68,59.813,10247
3229,2024-04-08 06:50:00,59.691,59.724,59.64,59.683,12395
3230,2024-04-08 06:45:00,59.621,59.704,59.6,59.683,6725
3231,2024-04-08 06:40:00,59.591,59.624,59.531,59.624,8921
3232,2024-04-08 06:35:00,59.631,59.634,59.541,59.574,25231
3233,2024-04-08 06:30:00,59.701,59.714,59.64,59.643,21636
3234,2024-04-08 06:25:00,59.651,59.694,59.58,59.693,9804
3235,2024-04-08 06:20:00,59.541,59.664,59.531,59.653,17811
3236,2024-04-08 06:15:00,59.541,59.614,59.501,59.544,13011
3237,2024-04-08 06:10:00,59.611,59.614,59.491,59.544,18773
3238,2024-04-08 06:05:00,59.671,59.724,59.6,59.614,7251
3239,2024-04-08 06:00:00,59.731,59.754,59.6,59.673,21672
3240,2024-04-08 05:55:00,59.671,59.764,59.64,59.753,9377
3241,2024-04-08 05:50:00,59.74,59.754,59.67,59.673,20049
3242,2024-04-08 05:45:00,59.691,59.754,59.68,59.743,9456
3243,2024-04-08 05:40:00,59.601,59.704,59.551,59.703,18734
3244,2024-04-08 05:35:00,59.671,59.694,59.58,59.604,24293
3245,2024-04-08 05:30:00,59.701,59.734,59.63,59.663,20732
3246,2024-04-08 05:25:00,59.731,59.764,59.68,59.703,18983
3247,2024-04-08 05:20:00,59.611,59.734,59.58,59.733,12332
3248,2024-04-08 05:15:00,59.501,59.604,59.451,59.604,16015
3249,2024-04-08 05:10:00,59.452,59.574,59.451,59.514,16803
3250,2024-04-08 05:05:00,59.591,59.634,59.401,59.454,25089
3251,2024-04-08 05:00:00,59.432,59.594,59.341,59.574,33726
3252,2024-04-08 04:55:00,59.442,59.465,59.351,59.444,40026
3253,2024-04-08 04:50:00,59.591,59.594,59.431,59.474,20209
3254,2024-04-08 04:45:00,59.641,59.654,59.501,59.604,26094
3255,2024-04-08 04:40:00,59.681,59.714,59.64,59.663,19279
3256,2024-04-08 04:35:00,59.541,59.714,59.541,59.693,32516
3257,2024-04-08 04:30:00,59.422,59.584,59.331,59.554,23538
3258,2024-04-08 04:25:00,59.292,59.445,59.172,59.434,44012
3259,2024-04-08 04:20:00,59.661,59.664,59.232,59.285,69498
3260,2024-04-08 04:15:00,59.96,60.003,59.66,59.673,33195
3261,2024-04-08 04:10:00,59.94,59.963,59.889,59.962,12516
3262,2024-04-08 04:05:00,59.92,59.983,59.859,59.952,33919
3263,2024-04-08 04:00:00,59.93,60.013,59.76,59.912,57859
3264,2024-04-05 19:55:00,59.74,59.764,59.73,59.763,11438
3265,2024-04-05 19:50:00,59.74,59.744,59.73,59.733,5775
3266,2024-04-05 19:45:00,59.721,59.744,59.72,59.733,3962
3267,2024-04-05 19:40:00,59.721,59.754,59.72,59.723,3919
3268,2024-04-05 19:35:00,59.74,59.744,59.71,59.733,2973
3269,2024-04-05 19:30:00,59.701,59.744,59.69,59.743,27852
3270,2024-04-05 19:25:00,59.74,59.744,59.7,59.703,4449
3271,2024-04-05 19:20:00,59.74,59.754,59.73,59.743,1972
3272,2024-04-05 19:15:00,59.74,59.744,59.73,59.743,2248
3273,2024-04-05 19:10:00,59.731,59.744,59.72,59.743,1706
3274,2024-04-05 19:05:00,59.74,59.744,59.72,59.733,4712
3275,2024-04-05 19:00:00,59.76,59.764,59.74,59.753,3365
3276,2024-04-05 18:55:00,59.74,59.764,59.73,59.763,7691
3277,2024-04-05 18:50:00,59.76,59.764,59.75,59.753,2640
3278,2024-04-05 18:45:00,59.77,59.774,59.75,59.753,2715
3279,2024-04-05 18:40:00,59.77,59.774,59.76,59.773,771
3280,2024-04-05 18:35:00,59.75,59.774,59.75,59.763,5047
3281,2024-04-05 18:30:00,59.731,59.754,59.73,59.753,4206
3282,2024-04-05 18:25:00,59.731,59.744,59.72,59.733,927
3283,2024-04-05 18:20:00,59.701,59.744,59.69,59.733,6647
3284,2024-04-05 18:15:00,59.721,59.724,59.69,59.703,3200
3285,2024-04-05 18:10:00,59.711,59.724,59.7,59.723,4401
3286,2024-04-05 18:05:00,59.711,59.724,59.69,59.713,5796
3287,2024-04-05 18:00:00,59.711,59.714,59.68,59.703,2769
3288,2024-04-05 17:55:00,59.711,59.724,59.67,59.693,10477
3289,2024-04-05 17:50:00,59.711,59.734,59.7,59.703,25365
3290,2024-04-05 17:45:00,59.701,59.724,59.7,59.708,2457
3291,2024-04-05 17:40:00,59.721,59.724,59.7,59.703,2188
3292,2024-04-05 17:35:00,59.721,59.734,59.7,59.703,6233
3293,2024-04-05 17:30:00,59.74,59.762,59.72,59.723,7673
3294,2024-04-05 17:25:00,59.75,59.754,59.72,59.743,4160
3295,2024-04-05 17:20:00,59.76,59.784,59.71,59.753,6082
3296,2024-04-05 17:15:00,59.83,59.834,59.76,59.781,16026
3297,2024-04-05 17:10:00,59.8,59.873,59.79,59.823,30165
3298,2024-04-05 17:05:00,59.8,59.804,59.78,59.793,6620
3299,2024-04-05 17:00:00,59.78,59.834,59.78,59.803,28482
3300,2024-04-05 16:55:00,59.731,59.784,59.711,59.783,24087
3301,2024-04-05 16:50:00,59.711,59.754,59.69,59.733,49476
3302,2024-04-05 16:45:00,59.651,59.734,59.6,59.733,37754
3303,2024-04-05 16:40:00,59.651,59.654,59.62,59.653,36249
3304,2024-04-05 16:35:00,59.691,59.694,59.63,59.653,50439
3305,2024-04-05 16:30:00,59.651,59.714,59.65,59.693,35040
3306,2024-04-05 16:25:00,59.581,59.664,59.581,59.653,30029
3307,2024-04-05 16:20:00,59.571,59.594,59.541,59.585,48636
3308,2024-04-05 16:15:00,59.631,59.634,59.531,59.574,50584
3309,2024-04-05 16:10:00,59.561,59.594,59.531,59.544,100270
3310,2024-04-05 16:05:00,59.551,59.614,59.531,59.554,166986
3311,2024-04-05 16:00:00,59.621,59.634,59.521,59.554,548609
3312,2024-04-05 15:55:00,59.91,59.993,59.63,59.643,1655700
3313,2024-04-05 15:50:00,59.631,59.943,59.62,59.927,1439847
3314,2024-04-05 15:45:00,59.601,59.784,59.551,59.633,802907
3315,2024-04-05 15:40:00,59.686,59.734,59.561,59.604,648367
3316,2024-04-05 15:35:00,59.87,59.883,59.561,59.683,1008864
3317,2024-04-05 15:30:00,59.571,59.903,59.521,59.883,927581
3318,2024-04-05 15:25:00,59.526,59.609,59.481,59.574,344359
3319,2024-04-05 15:20:00,59.621,59.654,59.436,59.534,501747
3320,2024-04-05 15:15:00,59.651,59.669,59.471,59.624,433297
3321,2024-04-05 15:10:00,59.486,59.664,59.461,59.651,512000
3322,2024-04-05 15:05:00,59.541,59.684,59.386,59.484,806085
3323,2024-04-05 15:00:00,59.481,59.55,59.391,59.544,498601
3324,2024-04-05 14:55:00,59.382,59.485,59.252,59.474,897333
3325,2024-04-05 14:50:00,59.392,59.535,59.302,59.384,557240
3326,2024-04-05 14:45:00,59.661,59.674,59.351,59.393,646320
3327,2024-04-05 14:40:00,59.79,59.868,59.491,59.658,697831
3328,2024-04-05 14:35:00,59.641,59.863,59.58,59.788,601861
3329,2024-04-05 14:30:00,59.491,59.761,59.491,59.643,687633
3330,2024-04-05 14:25:00,59.671,59.848,59.471,59.484,793162
3331,2024-04-05 14:20:00,59.81,60.083,59.655,59.673,1178041
3332,2024-04-05 14:15:00,59.803,59.912,59.77,59.813,510942
3333,2024-04-05 14:10:00,59.9,59.988,59.71,59.808,1088475
3334,2024-04-05 14:05:00,59.472,59.943,59.451,59.912,1292015
3335,2024-04-05 14:00:00,59.584,59.614,59.207,59.469,1877879
3336,2024-04-05 13:55:00,59.832,59.892,59.481,59.584,1249826
3337,2024-04-05 13:50:00,60.049,60.142,59.82,59.838,846142
3338,2024-04-05 13:45:00,60.159,60.172,59.983,60.067,600973
3339,2024-04-05 13:40:00,60.249,60.342,60.009,60.162,695000
3340,2024-04-05 13:35:00,60.448,60.461,60.238,60.241,433957
3341,2024-04-05 13:30:00,60.318,60.491,60.318,60.45,459184
3342,2024-04-05 13:25:00,60.318,60.351,60.238,60.317,299299
3343,2024-04-05 13:20:00,60.199,60.391,60.198,60.326,435093
3344,2024-04-05 13:15:00,60.111,60.242,60.103,60.201,403391
3345,2024-04-05 13:10:00,60.239,60.332,60.069,60.122,830160
3346,2024-04-05 13:05:00,60.478,60.481,60.178,60.231,725309
3347,2024-04-05 13:00:00,60.627,60.699,60.437,60.48,772630
3348,2024-04-05 12:55:00,60.328,60.69,60.308,60.637,1287428
3349,2024-04-05 12:50:00,60.209,60.371,60.208,60.336,328048
3350,2024-04-05 12:45:00,60.258,60.327,60.148,60.206,312410
3351,2024-04-05 12:40:00,60.358,60.362,60.203,60.241,355708
3352,2024-04-05 12:35:00,60.201,60.367,60.128,60.364,551724
3353,2024-04-05 12:30:00,60.214,60.282,60.004,60.211,898179
3354,2024-04-05 12:25:00,60.373,60.386,60.193,60.206,472061
3355,2024-04-05 12:20:00,60.348,60.391,60.158,60.381,954340
3356,2024-04-05 12:15:00,60.258,60.396,60.258,60.356,465916
3357,2024-04-05 12:10:00,60.273,60.342,60.218,60.261,539669
3358,2024-04-05 12:05:00,60.249,60.332,60.178,60.283,608139
3359,2024-04-05 12:00:00,60.219,60.391,60.209,60.261,857295
3360,2024-04-05 11:55:00,60.114,60.312,60.102,60.213,1021620
3361,2024-04-05 11:50:00,59.94,60.142,59.929,60.122,768342
3362,2024-04-05 11:45:00,59.975,60.112,59.919,59.942,1046614
3363,2024-04-05 11:40:00,59.757,60.023,59.73,59.972,876516
3364,2024-04-05 11:35:00,59.452,59.804,59.451,59.758,776680
3365,2024-04-05 11:30:00,59.531,59.634,59.431,59.454,767500
3366,2024-04-05 11:25:00,59.402,59.55,59.282,59.534,739398
3367,2024-04-05 11:20:00,59.342,59.435,59.232,59.394,711613
3368,2024-04-05 11:15:00,59.422,59.425,59.072,59.355,1325453
3369,2024-04-05 11:10:00,59.591,59.709,59.351,59.434,982642
3370,2024-04-05 11:05:00,59.676,59.694,59.431,59.595,1235496
3371,2024-04-05 11:00:00,59.8,59.923,59.65,59.683,1519817
3372,2024-04-05 10:55:00,59.551,59.814,59.491,59.805,1043038
3373,2024-04-05 10:50:00,59.402,59.591,59.371,59.554,1121443
3374,2024-04-05 10:45:00,59.073,59.415,59.043,59.404,1003183
3375,2024-04-05 10:40:00,58.934,59.146,58.873,59.08,523626
3376,2024-04-05 10:35:00,58.944,59.136,58.853,58.926,684016
3377,2024-04-05 10:30:00,58.794,58.992,58.684,58.946,924183
3378,2024-04-05 10:25:00,59.053,59.056,58.584,58.787,1416333
3379,2024-04-05 10:20:00,58.963,59.076,58.873,59.056,699790
3380,2024-04-05 10:15:00,59.138,59.226,58.923,58.976,969632
3381,2024-04-05 10:10:00,58.864,59.261,58.754,59.14,1312502
3382,2024-04-05 10:05:00,58.884,59.065,58.525,58.865,1606336
3383,2024-04-05 10:00:00,58.834,58.907,58.654,58.886,1192262
3384,2024-04-05 09:55:00,59.008,59.046,58.774,58.832,1377985
3385,2024-04-05 09:50:00,58.625,59.027,58.574,59.011,1712461
3386,2024-04-05 09:45:00,58.495,58.768,58.385,58.637,1579542
3387,2024-04-05 09:40:00,57.868,58.598,57.832,58.483,2270522
3388,2024-04-05 09:35:00,58.077,58.284,57.849,57.871,1639181
3389,2024-04-05 09:30:00,58.176,58.479,58.036,58.079,2276761
3390,2024-04-05 09:25:00,58.057,58.279,58.056,58.149,103114
3391,2024-04-05 09:20:00,58.067,58.17,58.007,58.06,71259
3392,2024-04-05 09:15:00,58.047,58.23,58.026,58.05,105879
3393,2024-04-05 09:10:00,58.137,58.17,58.026,58.06,89671
3394,2024-04-05 09:05:00,58.206,58.309,58.017,58.149,90545
3395,2024-04-05 09:00:00,58.226,58.459,58.106,58.209,256936
3396,2024-04-05 08:55:00,58.396,58.429,58.086,58.229,235197
3397,2024-04-05 08:50:00,58.246,58.469,58.166,58.388,200366
3398,2024-04-05 08:45:00,58.575,58.618,58.146,58.259,253067
3399,2024-04-05 08:40:00,58.206,58.658,58.126,58.548,337795
3400,2024-04-05 08:35:00,58.356,58.469,58.026,58.199,544223
3401,2024-04-05 08:30:00,58.306,58.419,57.299,58.338,1213874
3402,2024-04-05 08:25:00,58.206,58.346,58.177,58.309,111584
3403,2024-04-05 08:20:00,58.276,58.309,58.206,58.209,108239
3404,2024-04-05 08:15:00,58.206,58.279,58.206,58.269,55033
3405,2024-04-05 08:10:00,58.256,58.289,58.205,58.209,65870
3406,2024-04-05 08:05:00,57.967,58.389,57.807,58.249,90783
3407,2024-04-05 08:00:00,58.216,58.429,57.807,57.97,354388
3408,2024-04-05 07:55:00,58.286,58.299,58.226,58.239,45530
3409,2024-04-05 07:50:00,58.366,58.399,58.295,58.299,37984
3410,2024-04-05 07:45:00,58.376,58.399,58.345,58.368,39933
3411,2024-04-05 07:40:00,58.306,58.449,58.305,58.398,64647
3412,2024-04-05 07:35:00,58.176,58.349,58.176,58.319,73762
3413,2024-04-05 07:30:00,58.186,58.2,58.156,58.179,8191
3414,2024-04-05 07:25:00,58.206,58.21,58.126,58.189,29955
3415,2024-04-05 07:20:00,58.196,58.23,58.176,58.199,33743
3416,2024-04-05 07:15:00,58.147,58.2,58.136,58.189,13156
3417,2024-04-05 07:10:00,58.176,58.2,58.146,58.149,27008
3418,2024-04-05 07:05:00,58.176,58.22,58.166,58.189,25800
3419,2024-04-05 07:00:00,58.196,58.24,58.166,58.189,68610
3420,2024-04-05 06:55:00,58.186,58.22,58.156,58.189,4385
3421,2024-04-05 06:50:00,58.147,58.23,58.146,58.199,9422
3422,2024-04-05 06:45:00,58.167,58.17,58.126,58.149,6247
3423,2024-04-05 06:40:00,58.167,58.17,58.116,58.149,5866
3424,2024-04-05 06:35:00,58.097,58.19,58.096,58.169,5579
3425,2024-04-05 06:30:00,58.087,58.11,58.036,58.099,15361
3426,2024-04-05 06:25:00,58.107,58.14,58.086,58.099,3618
3427,2024-04-05 06:20:00,58.137,58.16,58.086,58.109,14776
3428,2024-04-05 06:15:00,58.107,58.14,58.096,58.139,3844
3429,2024-04-05 06:10:00,58.117,58.16,58.096,58.109,3906
3430,2024-04-05 06:05:00,58.137,58.16,58.086,58.099,10561
3431,2024-04-05 06:00:00,58.196,58.21,58.106,58.119,7772
3432,2024-04-05 05:55:00,58.236,58.259,58.176,58.199,24872
3433,2024-04-05 05:50:00,58.157,58.23,58.146,58.229,9968
3434,2024-04-05 05:45:00,58.107,58.15,58.086,58.139,4975
3435,2024-04-05 05:40:00,58.157,58.17,58.106,58.109,5268
3436,2024-04-05 05:35:00,58.127,58.17,58.096,58.159,4310
3437,2024-04-05 05:30:00,58.137,58.18,58.106,58.129,5236
3438,2024-04-05 05:25:00,58.127,58.15,58.096,58.139,8192
3439,2024-04-05 05:20:00,58.157,58.2,58.126,58.129,6075
3440,2024-04-05 05:15:00,58.186,58.2,58.086,58.159,15966
3441,2024-04-05 05:10:00,58.147,58.21,58.136,58.189,4965
3442,2024-04-05 05:05:00,58.167,58.19,58.116,58.149,8191
3443,2024-04-05 05:00:00,58.186,58.22,58.146,58.179,9418
3444,2024-04-05 04:55:00,58.107,58.21,58.026,58.189,17049
3445,2024-04-05 04:50:00,58.157,58.18,58.086,58.119,11989
3446,2024-04-05 04:45:00,58.147,58.17,58.106,58.159,22793
3447,2024-04-05 04:40:00,58.216,58.24,58.106,58.159,9509
3448,2024-04-05 04:35:00,58.206,58.249,58.186,58.189,10146
3449,2024-04-05 04:30:00,58.186,58.249,58.186,58.209,11414
3450,2024-04-05 04:25:00,58.087,58.2,58.076,58.189,10845
3451,2024-04-05 04:20:00,58.087,58.12,58.046,58.109,27486
3452,2024-04-05 04:15:00,58.087,58.16,58.036,58.089,30787
3453,2024-04-05 04:10:00,58.147,58.16,58.076,58.089,19946
3454,2024-04-05 04:05:00,58.256,58.289,58.146,58.149,33643
3455,2024-04-05 04:00:00,58.575,58.578,58.116,58.259,67002
3456,2024-04-04 19:55:00,57.788,57.791,57.738,57.741,55197
3457,2024-04-04 19:50:00,57.788,57.831,57.777,57.791,14825
3458,2024-04-04 19:45:00,57.768,57.801,57.758,57.8,45946
3459,2024-04-04 19:40:00,57.828,57.831,57.738,57.761,22907
3460,2024-04-04 19:35:00,57.808,57.851,57.807,57.82,34136
3461,2024-04-04 19:30:00,57.758,57.871,57.758,57.82,18601
3462,2024-04-04 19:25:00,57.778,57.801,57.678,57.751,32156
3463,2024-04-04 19:20:00,57.758,57.781,57.718,57.771,18597
3464,2024-04-04 19:15:00,57.808,57.821,57.708,57.761,47462
3465,2024-04-04 19:10:00,57.797,57.831,57.777,57.82,12960
3466,2024-04-04 19:05:00,57.868,57.881,57.767,57.8,24990
3467,2024-04-04 19:00:00,57.778,57.891,57.698,57.88,26142
3468,2024-04-04 18:55:00,57.758,57.821,57.748,57.781,14851
3469,2024-04-04 18:50:00,57.838,57.841,57.718,57.771,26751
3470,2024-04-04 18:45:00,57.898,57.911,57.807,57.85,27977
3471,2024-04-04 18:40:00,57.838,57.911,57.817,57.91,22115
3472,2024-04-04 18:35:00,57.898,57.911,57.787,57.83,33582
3473,2024-04-04 18:30:00,57.778,57.931,57.777,57.9,38237
3474,2024-04-04 18:25:00,57.698,57.801,57.588,57.771,31195
3475,2024-04-04 18:20:00,57.917,57.941,57.598,57.681,99148
3476,2024-04-04 18:15:00,57.967,57.981,57.897,57.93,50825
3477,2024-04-04 18:10:00,57.908,58.0,57.907,57.97,58214
3478,2024-04-04 18:05:00,57.878,57.911,57.817,57.91,16833
3479,2024-04-04 18:00:00,57.798,57.971,57.738,57.88,106586
3480,2024-04-04 17:55:00,57.798,57.831,57.787,57.81,30611
3481,2024-04-04 17:50:00,57.808,57.831,57.787,57.81,24196
3482,2024-04-04 17:45:00,57.837,57.851,57.797,57.81,22519
3483,2024-04-04 17:40:00,57.808,57.851,57.797,57.83,19320
3484,2024-04-04 17:35:00,57.818,57.851,57.797,57.8,30518
3485,2024-04-04 17:30:00,57.778,57.831,57.758,57.82,22157
3486,2024-04-04 17:25:00,57.788,57.791,57.728,57.781,38300
3487,2024-04-04 17:20:00,57.768,57.791,57.758,57.791,34709
3488,2024-04-04 17:15:00,57.718,57.771,57.708,57.771,34178
3489,2024-04-04 17:10:00,57.698,57.741,57.678,57.721,35410
3490,2024-04-04 17:05:00,57.628,57.702,57.618,57.681,36347
3491,2024-04-04 17:00:00,57.569,57.642,57.568,57.631,29605
3492,2024-04-04 16:55:00,57.568,57.582,57.538,57.581,38141
3493,2024-04-04 16:50:00,57.629,57.632,57.558,57.571,42312
3494,2024-04-04 16:45:00,57.569,57.632,57.568,57.631,64363
3495,2024-04-04 16:40:00,57.559,57.582,57.538,57.562,44672
3496,2024-04-04 16:35:00,57.479,57.582,57.469,57.561,76201
3497,2024-04-04 16:30:00,57.409,57.492,57.409,57.482,48493
3498,2024-04-04 16:25:00,57.479,57.492,57.391,57.422,68641
3499,2024-04-04 16:20:00,57.499,57.602,57.449,57.462,82150
3500,2024-04-04 16:15:00,57.698,57.712,57.399,57.501,152867
3501,2024-04-04 16:10:00,57.698,57.781,57.658,57.711,140820
3502,2024-04-04 16:05:00,57.778,57.811,57.638,57.691,283416
3503,2024-04-04 16:00:00,57.589,57.801,57.588,57.781,1168035
3504,2024-04-04 15:55:00,58.057,58.07,57.519,57.591,2497809
3505,2024-04-04 15:50:00,58.017,58.21,57.797,58.06,2535501
3506,2024-04-04 15:45:00,57.858,58.04,57.822,58.01,1692697
3507,2024-04-04 15:40:00,57.793,57.911,57.628,57.85,1580811
3508,2024-04-04 15:35:00,58.147,58.15,57.758,57.79,1736085
3509,2024-04-04 15:30:00,57.898,58.215,57.857,58.139,2015745
3510,2024-04-04 15:25:00,58.376,58.489,57.877,57.9,1860991
3511,2024-04-04 15:20:00,58.346,58.608,58.276,58.368,1577960
3512,2024-04-04 15:15:00,58.655,58.678,58.306,58.353,1872345
3513,2024-04-04 15:10:00,58.834,58.837,58.5,58.667,1949526
3514,2024-04-04 15:05:00,58.565,58.937,58.564,58.837,1928521
3515,2024-04-04 15:00:00,59.043,59.046,58.505,58.558,3168106
3516,2024-04-04 14:55:00,59.322,59.34,58.873,59.056,2578976
3517,2024-04-04 14:50:00,59.601,59.605,59.242,59.32,1170292
3518,2024-04-04 14:45:00,59.242,59.624,59.217,59.604,1719337
3519,2024-04-04 14:40:00,59.88,59.883,59.172,59.235,2167508
3520,2024-04-04 14:35:00,59.501,60.028,59.501,59.89,2715618
3521,2024-04-04 14:30:00,60.099,60.102,59.421,59.504,4284229
3522,2024-04-04 14:25:00,60.752,60.77,60.029,60.107,1627767
3523,2024-04-04 14:20:00,60.587,60.78,60.487,60.749,1487861
3524,2024-04-04 14:15:00,60.896,60.919,60.502,60.6,1690320
3525,2024-04-04 14:10:00,61.275,61.283,60.876,60.889,2460429
3526,2024-04-04 14:05:00,61.563,61.577,61.244,61.271,1818101
3527,2024-04-04 14:00:00,61.683,61.696,61.543,61.576,880132
3528,2024-04-04 13:55:00,61.842,61.876,61.593,61.696,668816
3529,2024-04-04 13:50:00,61.832,61.911,61.812,61.849,405452
3530,2024-04-04 13:45:00,61.912,61.955,61.732,61.845,612939
3531,2024-04-04 13:40:00,62.081,62.085,61.872,61.915,430832
3532,2024-04-04 13:35:00,62.092,62.15,62.066,62.084,213090
3533,2024-04-04 13:30:00,62.121,62.15,62.041,62.104,308833
3534,2024-04-04 13:25:00,62.136,62.185,62.101,62.115,117834
3535,2024-04-04 13:20:00,62.171,62.185,62.111,62.142,251091
3536,2024-04-04 13:15:00,62.221,62.234,62.151,62.179,175228
3537,2024-04-04 13:10:00,62.226,62.254,62.185,62.219,147228
3538,2024-04-04 13:05:00,62.151,62.234,62.141,62.224,161713
3539,2024-04-04 13:00:00,62.261,62.284,62.141,62.157,324295
3540,2024-04-04 12:55:00,62.336,62.354,62.191,62.269,406159
3541,2024-04-04 12:50:00,62.267,62.364,62.25,62.338,309719
3542,2024-04-04 12:45:00,62.261,62.334,62.24,62.269,269370
3543,2024-04-04 12:40:00,62.281,62.324,62.241,62.273,235576
3544,2024-04-04 12:35:00,62.236,62.312,62.21,62.293,215749
3545,2024-04-04 12:30:00,62.241,62.264,62.19,62.239,199357
3546,2024-04-04 12:25:00,62.226,62.254,62.2,62.244,204416
3547,2024-04-04 12:20:00,62.201,62.284,62.171,62.234,644811
3548,2024-04-04 12:15:00,62.201,62.234,62.161,62.204,302107
3549,2024-04-04 12:10:00,62.285,62.354,62.19,62.202,1069801
3550,2024-04-04 12:05:00,62.161,62.324,62.156,62.292,967838
3551,2024-04-04 12:00:00,62.062,62.165,62.021,62.158,627256
3552,2024-04-04 11:55:00,61.991,62.055,61.966,62.054,369254
3553,2024-04-04 11:50:00,61.897,61.995,61.897,61.985,424884
3554,2024-04-04 11:45:00,61.912,61.946,61.832,61.895,381182
3555,2024-04-04 11:40:00,61.832,61.926,61.827,61.905,576342
3556,2024-04-04 11:35:00,61.733,61.846,61.722,61.83,341257
3557,2024-04-04 11:30:00,61.743,61.806,61.702,61.736,456070
3558,2024-04-04 11:25:00,61.638,61.746,61.583,61.737,489262
3559,2024-04-04 11:20:00,61.574,61.662,61.568,61.636,368464
3560,2024-04-04 11:15:00,61.554,61.637,61.523,61.581,304746
3561,2024-04-04 11:10:00,61.703,61.753,61.543,61.566,477288
3562,2024-04-04 11:05:00,61.721,61.806,61.657,61.706,326421
3563,2024-04-04 11:00:00,61.723,61.796,61.712,61.721,405507
3564,2024-04-04 10:55:00,61.663,61.766,61.643,61.736,485590
3565,2024-04-04 10:50:00,61.763,61.776,61.613,61.661,351644
3566,2024-04-04 10:45:00,61.763,61.796,61.712,61.77,240535
3567,2024-04-04 10:40:00,61.733,61.796,61.692,61.766,330931
3568,2024-04-04 10:35:00,61.623,61.751,61.593,61.741,458584
3569,2024-04-04 10:30:00,61.803,61.84,61.593,61.626,477258
3570,2024-04-04 10:25:00,61.685,61.836,61.623,61.805,558825
3571,2024-04-04 10:20:00,61.817,61.866,61.573,61.686,1042441
3572,2024-04-04 10:15:00,61.887,61.951,61.782,61.816,456579
3573,2024-04-04 10:10:00,61.952,62.015,61.827,61.885,606604
3574,2024-04-04 10:05:00,61.862,61.995,61.832,61.954,495233
3575,2024-04-04 10:00:00,61.882,62.015,61.852,61.856,743287
3576,2024-04-04 09:55:00,61.882,61.936,61.762,61.885,810610
3577,2024-04-04 09:50:00,62.057,62.095,61.782,61.875,1081943
3578,2024-04-04 09:45:00,62.072,62.175,61.971,62.054,967819
3579,2024-04-04 09:40:00,62.042,62.195,62.001,62.074,1261761
3580,2024-04-04 09:35:00,62.201,62.374,61.971,62.044,1936787
3581,2024-04-04 09:30:00,62.111,62.214,62.001,62.194,2194363
3582,2024-04-04 09:25:00,62.131,62.175,62.051,62.124,215545
3583,2024-04-04 09:20:00,62.131,62.145,62.101,62.135,87871
3584,2024-04-04 09:15:00,62.131,62.195,62.081,62.139,129065
3585,2024-04-04 09:10:00,62.081,62.214,62.081,62.134,129338
3586,2024-04-04 09:05:00,62.052,62.115,62.031,62.074,107722
3587,2024-04-04 09:00:00,62.062,62.125,62.001,62.054,158683
3588,2024-04-04 08:55:00,61.952,62.115,61.951,62.054,181747
3589,2024-04-04 08:50:00,61.824,62.005,61.812,61.965,169389
3590,2024-04-04 08:45:00,61.593,61.876,61.593,61.826,212905
3591,2024-04-04 08:40:00,61.573,61.647,61.563,61.586,109951
3592,2024-04-04 08:35:00,61.464,61.577,61.463,61.576,150424
3593,2024-04-04 08:30:00,61.285,61.497,59.864,61.467,256412
3594,2024-04-04 08:25:00,61.224,61.288,61.204,61.237,53830
3595,2024-04-04 08:20:00,61.195,61.248,61.184,61.227,15887
3596,2024-04-04 08:15:00,61.275,61.278,61.194,61.208,14515
3597,2024-04-04 08:10:00,61.245,61.278,61.194,61.277,16750
3598,2024-04-04 08:05:00,61.225,61.308,61.214,61.229,27582
3599,2024-04-04 08:00:00,61.324,61.353,60.836,61.232,237658
3600,2024-04-04 07:55:00,61.245,61.268,61.224,61.267,9721
3601,2024-04-04 07:50:00,61.215,61.268,61.193,61.247,16647
3602,2024-04-04 07:45:00,61.205,61.278,61.194,61.227,17957
3603,2024-04-04 07:40:00,61.225,61.288,61.184,61.208,19423
3604,2024-04-04 07:35:00,61.205,61.268,61.194,61.227,10290
3605,2024-04-04 07:30:00,61.245,61.288,61.194,61.208,30980
3606,2024-04-04 07:25:00,61.235,61.258,61.214,61.257,7529
3607,2024-04-04 07:20:00,61.285,61.338,61.224,61.237,15297
3608,2024-04-04 07:15:00,61.304,61.318,61.284,61.288,6226
3609,2024-04-04 07:10:00,61.334,61.348,61.284,61.307,16237
3610,2024-04-04 07:05:00,61.304,61.338,61.284,61.337,26667
3611,2024-04-04 07:00:00,61.344,61.358,61.284,61.317,42709
3612,2024-04-04 06:55:00,61.275,61.358,61.264,61.337,16828
3613,2024-04-04 06:50:00,61.225,61.288,61.204,61.277,2019
3614,2024-04-04 06:45:00,61.175,61.238,61.174,61.227,6582
3615,2024-04-04 06:40:00,61.135,61.198,61.135,61.198,5300
3616,2024-04-04 06:35:00,61.225,61.238,61.135,61.138,8801
3617,2024-04-04 06:30:00,61.265,61.278,61.224,61.227,9270
3618,2024-04-04 06:25:00,61.295,61.318,61.264,61.277,4605
3619,2024-04-04 06:20:00,61.265,61.328,61.244,61.307,6545
3620,2024-04-04 06:15:00,61.295,61.308,61.254,61.267,8742
3621,2024-04-04 06:10:00,61.235,61.308,61.234,61.287,3333
3622,2024-04-04 06:05:00,61.195,61.238,61.184,61.227,3182
3623,2024-04-04 06:00:00,61.275,61.288,61.204,61.208,5751
3624,2024-04-04 05:55:00,61.275,61.298,61.264,61.267,2131
3625,2024-04-04 05:50:00,61.235,61.298,61.224,61.287,15471
3626,2024-04-04 05:45:00,61.304,61.308,61.224,61.227,4585
3627,2024-04-04 05:40:00,61.225,61.298,61.214,61.297,3819
3628,2024-04-04 05:35:00,61.275,61.288,61.234,61.237,976
3629,2024-04-04 05:30:00,61.285,61.288,61.244,61.277,5834
3630,2024-04-04 05:25:00,61.295,61.318,61.264,61.287,9093
3631,2024-04-04 05:20:00,61.235,61.308,61.234,61.307,8474
3632,2024-04-04 05:15:00,61.205,61.258,61.194,61.237,6810
3633,2024-04-04 05:10:00,61.155,61.208,61.125,61.208,4678
3634,2024-04-04 05:05:00,61.165,61.188,61.144,61.148,2662
3635,2024-04-04 05:00:00,61.185,61.208,61.164,61.178,4979
3636,2024-04-04 04:55:00,61.245,61.248,61.174,61.178,4930
3637,2024-04-04 04:50:00,61.195,61.268,61.184,61.267,4508
3638,2024-04-04 04:45:00,61.195,61.228,61.174,61.208,9063
3639,2024-04-04 04:40:00,61.215,61.238,61.194,61.198,14121
3640,2024-04-04 04:35:00,61.285,61.328,61.204,61.208,7516
3641,2024-04-04 04:30:00,61.255,61.338,61.254,61.267,14234
3642,2024-04-04 04:25:00,61.235,61.288,61.214,61.257,8589
3643,2024-04-04 04:20:00,61.255,61.258,61.184,61.247,2750
3644,2024-04-04 04:15:00,61.195,61.288,61.144,61.277,54703
3645,2024-04-04 04:10:00,61.225,61.248,61.204,61.208,79779
3646,2024-04-04 04:05:00,61.155,61.248,61.154,61.227,63176
3647,2024-04-04 04:00:00,61.125,61.178,61.015,61.158,72891
3648,2024-04-03 19:55:00,61.085,61.129,61.045,61.128,88686
3649,2024-04-03 19:50:00,61.095,61.149,61.065,61.098,27194
3650,2024-04-03 19:45:00,61.105,61.129,61.025,61.068,48810
3651,2024-04-03 19:40:00,61.085,61.128,61.075,61.118,71467
3652,2024-04-03 19:35:00,61.145,61.158,61.035,61.088,99582
3653,2024-04-03 19:30:00,60.876,61.517,60.876,61.158,217399
3654,2024-04-03 19:25:00,60.747,60.88,60.736,60.869,28000
3655,2024-04-03 19:20:00,60.707,60.75,60.706,60.749,8582
3656,2024-04-03 19:15:00,60.697,60.72,60.696,60.719,26183
3657,2024-04-03 19:10:00,60.647,60.69,60.636,60.69,8798
3658,2024-04-03 19:05:00,60.607,60.66,60.597,60.66,7800
3659,2024-04-03 19:00:00,60.587,60.621,60.587,60.62,3875
3660,2024-04-03 18:55:00,60.587,60.611,60.577,60.59,5853
3661,2024-04-03 18:50:00,60.577,60.591,60.576,60.59,10949
3662,2024-04-03 18:45:00,60.577,60.601,60.567,60.59,10654
3663,2024-04-03 18:40:00,60.567,60.591,60.567,60.57,9441
3664,2024-04-03 18:35:00,60.557,60.601,60.537,60.59,10068
3665,2024-04-03 18:30:00,60.567,60.571,60.517,60.55,5704
3666,2024-04-03 18:25:00,60.547,60.571,60.537,60.57,2147
3667,2024-04-03 18:20:00,60.517,60.551,60.517,60.55,15012
3668,2024-04-03 18:15:00,60.527,60.541,60.507,60.53,5598
3669,2024-04-03 18:10:00,60.537,60.551,60.517,60.54,8302
3670,2024-04-03 18:05:00,60.508,60.551,60.507,60.54,3463
3671,2024-04-03 18:00:00,60.617,60.621,60.497,60.51,29980
3672,2024-04-03 17:55:00,60.607,60.63,60.607,60.62,4023
3673,2024-04-03 17:50:00,60.597,60.611,60.587,60.61,6182
3674,2024-04-03 17:45:00,60.577,60.611,60.577,60.6,8935
3675,2024-04-03 17:40:00,60.617,60.621,60.577,60.59,11521
3676,2024-04-03 17:35:00,60.607,60.621,60.597,60.62,1313
3677,2024-04-03 17:30:00,60.607,60.62,60.577,60.6,2972
3678,2024-04-03 17:25:00,60.597,60.625,60.577,60.61,7480
3679,2024-04-03 17:20:00,60.617,60.63,60.597,60.61,9538
3680,2024-04-03 17:15:00,60.607,60.64,60.597,60.62,10675
3681,2024-04-03 17:10:00,60.597,60.611,60.577,60.6,9489
3682,2024-04-03 17:05:00,60.597,60.611,60.587,60.6,6013
3683,2024-04-03 17:00:00,60.587,60.601,60.577,60.59,6779
3684,2024-04-03 16:55:00,60.617,60.64,60.592,60.595,10876
3685,2024-04-03 16:50:00,60.647,60.65,60.617,60.63,6050
3686,2024-04-03 16:45:00,60.637,60.65,60.617,60.63,13063
3687,2024-04-03 16:40:00,60.617,60.65,60.617,60.63,17326
3688,2024-04-03 16:35:00,60.587,60.63,60.577,60.62,10874
3689,2024-04-03 16:30:00,60.627,60.63,60.587,60.59,18244
3690,2024-04-03 16:25:00,60.597,60.63,60.587,60.63,47145
3691,2024-04-03 16:20:00,60.607,60.611,60.577,60.6,35998
3692,2024-04-03 16:15:00,60.448,60.67,60.447,60.61,32026
3693,2024-04-03 16:10:00,60.587,60.66,60.587,60.62,43531
3694,2024-04-03 16:05:00,60.637,60.67,60.577,60.59,94838
3695,2024-04-03 16:00:00,60.418,60.72,60.407,60.649,1035978
3696,2024-04-03 15:55:00,60.408,60.511,60.268,60.422,1234492
3697,2024-04-03 15:50:00,60.458,60.501,60.348,60.421,1129877
3698,2024-04-03 15:45:00,60.338,60.476,60.338,60.46,513927
3699,2024-04-03 15:40:00,60.338,60.386,60.258,60.341,409749
3700,2024-04-03 15:35:00,60.159,60.391,60.158,60.341,997051
3701,2024-04-03 15:30:00,60.069,60.162,59.899,60.157,728312
3702,2024-04-03 15:25:00,60.029,60.142,59.939,60.072,570906
3703,2024-04-03 15:20:00,60.189,60.272,59.989,60.022,632481
3704,2024-04-03 15:15:00,60.169,60.317,59.775,60.181,1781005
3705,2024-04-03 15:10:00,60.667,60.685,60.091,60.167,1482151
3706,2024-04-03 15:05:00,60.627,60.71,60.607,60.666,319933
3707,2024-04-03 15:00:00,60.697,60.7,60.587,60.637,340781
3708,2024-04-03 14:55:00,60.752,60.81,60.636,60.699,371859
3709,2024-04-03 14:50:00,60.762,60.806,60.661,60.756,368097
3710,2024-04-03 14:45:00,60.886,60.89,60.756,60.769,242983
3711,2024-04-03 14:40:00,60.906,60.979,60.836,60.879,267917
3712,2024-04-03 14:35:00,60.826,60.949,60.826,60.909,463227
3713,2024-04-03 14:30:00,60.796,60.84,60.706,60.829,617315
3714,2024-04-03 14:25:00,60.896,60.899,60.796,60.799,241264
3715,2024-04-03 14:20:00,60.886,60.939,60.856,60.909,165444
3716,2024-04-03 14:15:00,60.906,60.939,60.776,60.889,459575
3717,2024-04-03 14:10:00,60.985,61.029,60.895,60.904,221418
3718,2024-04-03 14:05:00,60.883,61.019,60.861,60.988,221455
3719,2024-04-03 14:00:00,60.886,60.909,60.836,60.889,179774
3720,2024-04-03 13:55:00,60.931,60.949,60.846,60.889,176733
3721,2024-04-03 13:50:00,60.946,61.029,60.925,60.939,280622
3722,2024-04-03 13:45:00,60.866,60.969,60.851,60.944,180010
3723,2024-04-03 13:40:00,60.803,60.919,60.801,60.884,159013
3724,2024-04-03 13:35:00,60.906,60.919,60.796,60.799,231704
3725,2024-04-03 13:30:00,60.946,60.969,60.856,60.911,240386
3726,2024-04-03 13:25:00,60.899,60.969,60.898,60.948,193986
3727,2024-04-03 13:20:00,60.882,60.959,60.826,60.899,253017
3728,2024-04-03 13:15:00,60.876,60.899,60.786,60.889,266307
3729,2024-04-03 13:10:00,60.856,60.924,60.851,60.879,258060
3730,2024-04-03 13:05:00,60.846,60.9,60.806,60.854,264286
3731,2024-04-03 13:00:00,60.836,60.969,60.796,60.859,400701
3732,2024-04-03 12:55:00,60.966,60.999,60.831,60.834,373786
3733,2024-04-03 12:50:00,60.876,61.029,60.836,60.945,472744
3734,2024-04-03 12:45:00,60.866,60.934,60.816,60.869,508246
3735,2024-04-03 12:40:00,60.488,60.924,60.487,60.879,832142
3736,2024-04-03 12:35:00,61.023,61.046,60.437,60.489,1779624
3737,2024-04-03 12:30:00,60.986,61.109,60.945,61.018,591335
3738,2024-04-03 12:25:00,60.946,60.989,60.856,60.98,507023
3739,2024-04-03 12:20:00,60.876,60.969,60.826,60.944,739055
3740,2024-04-03 12:15:00,60.707,60.88,60.616,60.874,853449
3741,2024-04-03 12:10:00,60.647,60.74,60.497,60.71,1373715
3742,2024-04-03 12:05:00,60.587,60.669,60.557,60.66,542803
3743,2024-04-03 12:00:00,60.762,60.768,60.557,60.599,847759
3744,2024-04-03 11:55:00,60.786,60.81,60.701,60.759,642181
3745,2024-04-03 11:50:00,61.031,61.039,60.776,60.799,869739
3746,2024-04-03 11:45:00,61.105,61.124,60.985,61.031,585922
3747,2024-04-03 11:40:00,61.085,61.193,61.075,61.118,347560
3748,2024-04-03 11:35:00,61.095,61.173,61.065,61.088,479774
3749,2024-04-03 11:30:00,61.13,61.228,61.085,61.088,465731
3750,2024-04-03 11:25:00,61.13,61.208,61.105,61.128,313602
3751,2024-04-03 11:20:00,61.065,61.143,61.045,61.138,428124
3752,2024-04-03 11:15:00,61.165,61.198,61.025,61.068,795166
3753,2024-04-03 11:10:00,61.065,61.187,61.03,61.168,558300
3754,2024-04-03 11:05:00,61.035,61.104,61.025,61.058,422469
3755,2024-04-03 11:00:00,61.016,61.099,60.975,61.038,749560
3756,2024-04-03 10:55:00,60.87,61.059,60.866,61.013,733554
3757,2024-04-03 10:50:00,60.826,60.919,60.826,60.874,611662
3758,2024-04-03 10:45:00,60.896,60.909,60.796,60.829,515318
3759,2024-04-03 10:40:00,60.806,60.909,60.746,60.889,783608
3760,2024-04-03 10:35:00,60.871,60.969,60.766,60.808,698005
3761,2024-04-03 10:30:00,60.816,60.984,60.776,60.889,929086
3762,2024-04-03 10:25:00,60.717,60.909,60.69,60.819,782586
3763,2024-04-03 10:20:00,60.632,60.79,60.567,60.719,935473
3764,2024-04-03 10:15:00,60.448,60.64,60.447,60.64,1150115
3765,2024-04-03 10:10:00,60.069,60.451,60.034,60.445,1265121
3766,2024-04-03 10:05:00,60.268,60.438,60.039,60.062,1591899
3767,2024-04-03 10:00:00,59.481,60.282,59.471,60.275,2678535
3768,2024-04-03 09:55:00,59.571,59.599,59.361,59.464,772551
3769,2024-04-03 09:50:00,59.427,59.584,59.411,59.578,679434
3770,2024-04-03 09:45:00,59.342,59.565,59.302,59.429,901572
3771,2024-04-03 09:40:00,59.494,59.56,59.312,59.347,927605
3772,2024-04-03 09:35:00,59.462,59.599,59.411,59.479,1154760
3773,2024-04-03 09:30:00,59.173,59.505,59.152,59.454,1507341
3774,2024-04-03 09:25:00,59.163,59.205,59.092,59.165,86572
3775,2024-04-03 09:20:00,59.302,59.335,59.122,59.175,97741
3776,2024-04-03 09:15:00,59.342,59.385,59.232,59.305,60745
3777,2024-04-03 09:10:00,59.481,59.495,59.321,59.355,45405
3778,2024-04-03 09:05:00,59.511,59.584,59.451,59.504,52194
3779,2024-04-03 09:00:00,59.432,59.535,59.411,59.514,62907
3780,2024-04-03 08:55:00,59.472,59.515,59.371,59.454,85402
3781,2024-04-03 08:50:00,59.387,59.485,59.262,59.474,194935
3782,2024-04-03 08:45:00,59.521,59.525,59.371,59.375,132418
3783,2024-04-03 08:40:00,59.551,59.565,59.451,59.514,37970
3784,2024-04-03 08:35:00,59.481,59.555,59.421,59.554,72165
3785,2024-04-03 08:30:00,59.412,59.505,59.361,59.474,80263
3786,2024-04-03 08:25:00,59.64,59.684,59.381,59.424,205573
3787,2024-04-03 08:20:00,59.78,59.824,59.63,59.643,54943
3788,2024-04-03 08:15:00,59.85,59.853,59.71,59.793,88289
3789,2024-04-03 08:10:00,59.95,59.953,59.8,59.853,25000
3790,2024-04-03 08:05:00,59.9,59.963,59.878,59.951,31389
3791,2024-04-03 08:00:00,59.551,59.933,59.3,59.912,266639
3792,2024-04-03 07:55:00,59.81,59.853,59.76,59.813,16724
3793,2024-04-03 07:50:00,59.631,59.853,59.62,59.813,43223
3794,2024-04-03 07:45:00,59.661,59.704,59.6,59.624,25631
3795,2024-04-03 07:40:00,59.75,59.764,59.66,59.663,21624
3796,2024-04-03 07:35:00,59.8,59.814,59.74,59.753,43033
3797,2024-04-03 07:30:00,59.731,59.853,59.72,59.793,80968
3798,2024-04-03 07:25:00,59.691,59.754,59.65,59.742,16442
3799,2024-04-03 07:20:00,59.651,59.764,59.62,59.703,28005
3800,2024-04-03 07:15:00,59.641,59.734,59.63,59.653,12248
3801,2024-04-03 07:10:00,59.521,59.634,59.511,59.634,10643
3802,2024-04-03 07:05:00,59.631,59.664,59.511,59.524,15255
3803,2024-04-03 07:00:00,59.462,59.644,59.451,59.624,25645
3804,2024-04-03 06:55:00,59.462,59.465,59.401,59.454,24031
3805,2024-04-03 06:50:00,59.452,59.465,59.411,59.464,12318
3806,2024-04-03 06:45:00,59.392,59.455,59.371,59.454,6813
3807,2024-04-03 06:40:00,59.312,59.405,59.302,59.394,2887
3808,2024-04-03 06:35:00,59.372,59.405,59.302,59.315,23113
3809,2024-04-03 06:30:00,59.412,59.475,59.341,59.375,12962
3810,2024-04-03 06:25:00,59.481,59.485,59.411,59.424,5430
3811,2024-04-03 06:20:00,59.531,59.555,59.481,59.484,2499
3812,2024-04-03 06:15:00,59.472,59.535,59.471,59.534,7855
3813,2024-04-03 06:10:00,59.501,59.515,59.431,59.484,7028
3814,2024-04-03 06:05:00,59.452,59.535,59.441,59.504,6719
3815,2024-04-03 06:00:00,59.432,59.485,59.401,59.464,7175
3816,2024-04-03 05:55:00,59.472,59.485,59.421,59.434,9264
3817,2024-04-03 05:50:00,59.551,59.555,59.461,59.474,11931
3818,2024-04-03 05:45:00,59.621,59.624,59.531,59.534,6374
3819,2024-04-03 05:40:00,59.601,59.634,59.58,59.614,967
3820,2024-04-03 05:35:00,59.591,59.634,59.561,59.604,4243
3821,2024-04-03 05:30:00,59.491,59.594,59.491,59.594,8087
3822,2024-04-03 05:25:00,59.591,59.594,59.481,59.484,15299
3823,2024-04-03 05:20:00,59.701,59.704,59.59,59.594,11713
3824,2024-04-03 05:15:00,59.691,59.704,59.66,59.693,1757
3825,2024-04-03 05:10:00,59.661,59.734,59.63,59.703,6571
3826,2024-04-03 05:05:00,59.631,59.664,59.62,59.653,4524
3827,2024-04-03 05:00:00,59.651,59.674,59.58,59.604,11696
3828,2024-04-03 04:55:00,59.74,59.744,59.65,59.653,3832
3829,2024-04-03 04:50:00,59.78,59.784,59.73,59.743,8900
3830,2024-04-03 04:45:00,59.651,59.804,59.65,59.803,20479
3831,2024-04-03 04:40:00,59.631,59.664,59.6,59.653,4543
3832,2024-04-03 04:35:00,59.631,59.674,59.58,59.643,6546
3833,2024-04-03 04:30:00,59.591,59.704,59.58,59.634,5422
3834,2024-04-03 04:25:00,59.591,59.624,59.561,59.594,4814
3835,2024-04-03 04:20:00,59.611,59.644,59.541,59.584,8501
3836,2024-04-03 04:15:00,59.581,59.634,59.521,59.594,8607
3837,2024-04-03 04:10:00,59.591,59.594,59.501,59.594,9142
3838,2024-04-03 04:05:00,59.591,59.634,59.481,59.594,23867
3839,2024-04-03 04:00:00,59.491,59.893,59.461,59.604,35152
3840,2024-04-02 19:55:00,60.009,60.043,60.009,60.032,24770
3841,2024-04-02 19:50:00,60.014,60.023,59.989,60.022,14928
3842,2024-04-02 19:45:00,60.059,60.073,60.009,60.022,8030
3843,2024-04-02 19:40:00,60.069,60.083,60.019,60.052,11914
3844,2024-04-02 19:35:00,60.069,60.073,60.049,60.072,33261
3845,2024-04-02 19:30:00,60.059,60.073,60.039,60.072,12130
3846,2024-04-02 19:25:00,60.049,60.063,60.039,60.062,3779
3847,2024-04-02 19:20:00,60.049,60.063,60.039,60.052,4566
3848,2024-04-02 19:15:00,60.029,60.053,60.019,60.052,6628
3849,2024-04-02 19:10:00,60.009,60.043,60.009,60.022,13204
3850,2024-04-02 19:05:00,59.999,60.023,59.989,60.012,27894
3851,2024-04-02 19:00:00,60.009,60.023,59.989,60.012,15531
3852,2024-04-02 18:55:00,60.009,60.023,59.989,60.012,18064
3853,2024-04-02 18:50:00,60.049,60.053,59.989,60.002,11002
3854,2024-04-02 18:45:00,60.049,60.063,60.029,60.032,13798
3855,2024-04-02 18:40:00,60.069,60.102,60.039,60.052,6718
3856,2024-04-02 18:35:00,60.079,60.083,60.069,60.072,5460
3857,2024-04-02 18:30:00,60.069,60.092,60.039,60.082,12916
3858,2024-04-02 18:25:00,60.069,60.083,60.029,60.072,9023
3859,2024-04-02 18:20:00,60.069,60.102,60.039,60.072,8474
3860,2024-04-02 18:15:00,60.059,60.063,60.029,60.058,10227
3861,2024-04-02 18:10:00,60.089,60.102,60.039,60.072,20306
3862,2024-04-02 18:05:00,60.099,60.102,60.059,60.102,20598
3863,2024-04-02 18:00:00,60.149,60.172,60.098,60.102,14443
3864,2024-04-02 17:55:00,60.164,60.172,60.148,60.162,2574
3865,2024-04-02 17:50:00,60.159,60.172,60.148,60.162,3740
3866,2024-04-02 17:45:00,60.169,60.172,60.148,60.162,3643
3867,2024-04-02 17:40:00,60.169,60.172,60.148,60.171,1915
3868,2024-04-02 17:35:00,60.169,60.172,60.148,60.171,10806
3869,2024-04-02 17:30:00,60.179,60.182,60.148,60.181,3660
3870,2024-04-02 17:25:00,60.169,60.182,60.168,60.181,3360
3871,2024-04-02 17:20:00,60.169,60.182,60.158,60.181,4922
3872,2024-04-02 17:15:00,60.179,60.202,60.168,60.181,8768
3873,2024-04-02 17:10:00,60.179,60.192,60.168,60.181,4221
3874,2024-04-02 17:05:00,60.199,60.202,60.178,60.191,9741
3875,2024-04-02 17:00:00,60.189,60.202,60.178,60.201,11422
3876,2024-04-02 16:55:00,60.169,60.202,60.148,60.191,15876
3877,2024-04-02 16:50:00,60.189,60.192,60.168,60.181,15890
3878,2024-04-02 16:45:00,60.199,60.212,60.178,60.191,45502
3879,2024-04-02 16:40:00,60.169,60.202,60.168,60.192,48715
3880,2024-04-02 16:35:00,60.189,60.192,60.168,60.171,60397
3881,2024-04-02 16:30:00,60.189,60.202,60.168,60.191,33024
3882,2024-04-02 16:25:00,60.179,60.192,60.168,60.181,53586
3883,2024-04-02 16:20:00,60.169,60.192,60.158,60.181,78193
3884,2024-04-02 16:15:00,60.049,60.182,60.049,60.171,53163
3885,2024-04-02 16:10:00,60.139,60.182,60.128,60.152,56921
3886,2024-04-02 16:05:00,60.129,60.152,60.118,60.142,54915
3887,2024-04-02 16:00:00,60.049,60.152,60.019,60.132,623070
3888,2024-04-02 15:55:00,60.129,60.142,59.989,60.052,1564468
3889,2024-04-02 15:50:00,60.189,60.192,60.039,60.127,1337521
3890,2024-04-02 15:45:00,59.99,60.187,59.949,60.185,748744
3891,2024-04-02 15:40:00,60.034,60.093,59.959,60.007,677743
3892,2024-04-02 15:35:00,59.93,60.053,59.924,60.037,774545
3893,2024-04-02 15:30:00,59.82,59.963,59.76,59.939,654788
3894,2024-04-02 15:25:00,59.77,59.859,59.745,59.813,464057
3895,2024-04-02 15:20:00,59.536,59.774,59.521,59.768,472260
3896,2024-04-02 15:15:00,59.611,59.664,59.521,59.544,436350
3897,2024-04-02 15:10:00,59.77,59.829,59.6,59.614,539269
3898,2024-04-02 15:05:00,59.696,59.89,59.675,59.773,1204923
3899,2024-04-02 15:00:00,59.526,59.714,59.511,59.693,433625
3900,2024-04-02 14:55:00,59.561,59.619,59.511,59.534,209988
3901,2024-04-02 14:50:00,59.483,59.604,59.481,59.571,199235
3902,2024-04-02 14:45:00,59.616,59.624,59.436,59.484,408409
3903,2024-04-02 14:40:00,59.516,59.684,59.516,59.618,304443
3904,2024-04-02 14:35:00,59.615,59.619,59.481,59.519,362485
3905,2024-04-02 14:30:00,59.571,59.654,59.561,59.614,182289
3906,2024-04-02 14:25:00,59.591,59.654,59.571,59.574,178667
3907,2024-04-02 14:20:00,59.651,59.724,59.59,59.604,409559
3908,2024-04-02 14:15:00,59.597,59.664,59.59,59.653,174621
3909,2024-04-02 14:10:00,59.651,59.664,59.556,59.599,202859
3910,2024-04-02 14:05:00,59.571,59.664,59.515,59.65,245099
3911,2024-04-02 14:00:00,59.526,59.594,59.501,59.564,213996
3912,2024-04-02 13:55:00,59.577,59.614,59.516,59.529,226113
3913,2024-04-02 13:50:00,59.66,59.694,59.531,59.584,312020
3914,2024-04-02 13:45:00,59.531,59.668,59.516,59.66,397717
3915,2024-04-02 13:40:00,59.551,59.574,59.461,59.544,460781
3916,2024-04-02 13:35:00,59.511,59.584,59.441,59.554,344869
3917,2024-04-02 13:30:00,59.551,59.594,59.496,59.514,220246
3918,2024-04-02 13:25:00,59.541,59.574,59.481,59.554,257945
3919,2024-04-02 13:20:00,59.492,59.594,59.491,59.544,308778
3920,2024-04-02 13:15:00,59.551,59.634,59.501,59.504,389788
3921,2024-04-02 13:10:00,59.666,59.684,59.536,59.554,465670
3922,2024-04-02 13:05:00,59.701,59.764,59.65,59.668,545282
3923,2024-04-02 13:00:00,59.661,59.734,59.62,59.697,589230
3924,2024-04-02 12:55:00,59.559,59.664,59.531,59.658,390548
3925,2024-04-02 12:50:00,59.561,59.577,59.481,59.559,382582
3926,2024-04-02 12:45:00,59.387,59.609,59.371,59.564,577503
3927,2024-04-02 12:40:00,59.392,59.475,59.361,59.384,449536
3928,2024-04-02 12:35:00,59.362,59.435,59.341,59.389,293191
3929,2024-04-02 12:30:00,59.292,59.375,59.272,59.364,364430
3930,2024-04-02 12:25:00,59.183,59.311,59.142,59.3,395813
3931,2024-04-02 12:20:00,59.118,59.246,59.072,59.185,345412
3932,2024-04-02 12:15:00,59.138,59.206,59.082,59.115,295210
3933,2024-04-02 12:10:00,59.163,59.196,59.102,59.138,308527
3934,2024-04-02 12:05:00,59.22,59.224,59.092,59.165,505385
3935,2024-04-02 12:00:00,59.089,59.246,59.084,59.225,306833
3936,2024-04-02 11:55:00,59.085,59.226,59.062,59.091,449521
3937,2024-04-02 11:50:00,59.262,59.276,59.082,59.087,541317
3938,2024-04-02 11:45:00,59.312,59.37,59.252,59.26,296970
3939,2024-04-02 11:40:00,59.409,59.435,59.302,59.32,543502
3940,2024-04-02 11:35:00,59.402,59.614,59.394,59.404,913050
3941,2024-04-02 11:30:00,59.432,59.495,59.381,59.404,445081
3942,2024-04-02 11:25:00,59.442,59.475,59.391,59.444,348021
3943,2024-04-02 11:20:00,59.452,59.49,59.401,59.439,519155
3944,2024-04-02 11:15:00,59.342,59.462,59.282,59.459,698905
3945,2024-04-02 11:10:00,59.113,59.345,59.102,59.345,935877
3946,2024-04-02 11:05:00,58.944,59.141,58.923,59.115,448372
3947,2024-04-02 11:00:00,58.934,59.037,58.893,58.941,430843
3948,2024-04-02 10:55:00,58.993,59.007,58.843,58.945,741805
3949,2024-04-02 10:50:00,58.993,59.066,58.953,59.006,346525
3950,2024-04-02 10:45:00,59.202,59.232,58.958,59.003,727427
3951,2024-04-02 10:40:00,59.153,59.276,59.072,59.2,487554
3952,2024-04-02 10:35:00,59.103,59.266,59.102,59.16,665799
3953,2024-04-02 10:30:00,59.143,59.256,59.053,59.103,794061
3954,2024-04-02 10:25:00,59.193,59.286,59.063,59.145,749481
3955,2024-04-02 10:20:00,58.864,59.254,58.843,59.195,1272865
3956,2024-04-02 10:15:00,58.934,59.015,58.775,58.876,1122622
3957,2024-04-02 10:10:00,59.173,59.216,58.853,58.931,1416298
3958,2024-04-02 10:05:00,59.496,59.505,59.132,59.185,1030179
3959,2024-04-02 10:00:00,59.312,59.517,58.913,59.504,2228551
3960,2024-04-02 09:55:00,59.183,59.315,59.092,59.314,814834
3961,2024-04-02 09:50:00,59.133,59.266,59.092,59.185,1087310
3962,2024-04-02 09:45:00,59.173,59.275,59.086,59.145,999068
3963,2024-04-02 09:40:00,59.247,59.251,58.998,59.165,1632146
3964,2024-04-02 09:35:00,59.432,59.664,59.212,59.255,1779455
3965,2024-04-02 09:30:00,59.641,59.679,59.361,59.434,2973010
3966,2024-04-02 09:25:00,59.571,59.644,59.461,59.634,405352
3967,2024-04-02 09:20:00,59.551,59.654,59.526,59.584,174849
3968,2024-04-02 09:15:00,59.681,59.714,59.521,59.554,194476
3969,2024-04-02 09:10:00,59.86,59.863,59.61,59.673,289975
3970,2024-04-02 09:05:00,59.93,59.973,59.83,59.863,184784
3971,2024-04-02 09:00:00,60.139,60.152,59.919,59.932,359159
3972,2024-04-02 08:55:00,60.189,60.192,60.049,60.142,106393
3973,2024-04-02 08:50:00,60.159,60.242,60.079,60.181,108337
3974,2024-04-02 08:45:00,60.288,60.312,60.108,60.181,200743
3975,2024-04-02 08:40:00,60.527,60.541,60.208,60.301,209930
3976,2024-04-02 08:35:00,60.727,60.76,60.517,60.54,210943
3977,2024-04-02 08:30:00,60.866,60.899,60.716,60.729,63561
3978,2024-04-02 08:25:00,60.757,60.87,60.746,60.868,83480
3979,2024-04-02 08:20:00,60.727,60.77,60.706,60.769,46472
3980,2024-04-02 08:15:00,60.747,60.75,60.686,60.739,136290
3981,2024-04-02 08:10:00,60.816,60.86,60.736,60.739,40942
3982,2024-04-02 08:05:00,61.464,61.726,60.746,60.824,38669
3983,2024-04-02 08:00:00,61.145,61.837,60.745,61.257,298619
3984,2024-04-02 07:55:00,60.796,60.84,60.736,60.769,65235
3985,2024-04-02 07:50:00,60.816,60.869,60.786,60.799,113848
3986,2024-04-02 07:45:00,60.946,60.959,60.796,60.839,34955
3987,2024-04-02 07:40:00,61.006,61.029,60.915,60.949,30166
3988,2024-04-02 07:35:00,60.936,61.029,60.935,61.018,15142
3989,2024-04-02 07:30:00,60.946,60.969,60.905,60.939,55225
3990,2024-04-02 07:25:00,60.876,60.959,60.856,60.958,68480
3991,2024-04-02 07:20:00,61.065,61.069,60.816,60.879,194045
3992,2024-04-02 07:15:00,61.095,61.149,61.045,61.068,17410
3993,2024-04-02 07:10:00,61.115,61.129,61.055,61.088,26959
3994,2024-04-02 07:05:00,61.155,61.178,61.045,61.118,23876
3995,2024-04-02 07:00:00,61.115,61.178,61.095,61.168,34283
3996,2024-04-02 06:55:00,61.085,61.198,61.075,61.118,4946
3997,2024-04-02 06:50:00,61.125,61.158,61.035,61.088,6937
3998,2024-04-02 06:45:00,61.085,61.139,61.045,61.138,6558
3999,2024-04-02 06:40:00,61.026,61.119,60.955,61.088,62674
4000,2024-04-02 06:35:00,61.295,61.318,61.005,61.028,14947
4001,2024-04-02 06:30:00,61.285,61.338,61.274,61.297,7383
4002,2024-04-02 06:25:00,61.295,61.338,61.264,61.277,3999
4003,2024-04-02 06:20:00,61.304,61.348,61.264,61.277,5497
4004,2024-04-02 06:15:00,61.235,61.308,61.224,61.297,10924
4005,2024-04-02 06:10:00,61.215,61.278,61.184,61.247,13339
4006,2024-04-02 06:05:00,61.245,61.248,61.164,61.227,16374
4007,2024-04-02 06:00:00,61.334,61.338,61.224,61.247,22282
4008,2024-04-02 05:55:00,61.394,61.398,61.324,61.347,9771
4009,2024-04-02 05:50:00,61.474,61.517,61.364,61.377,25184
4010,2024-04-02 05:45:00,61.554,61.567,61.463,61.496,4445
4011,2024-04-02 05:40:00,61.544,61.607,61.533,61.586,6411
4012,2024-04-02 05:35:00,61.534,61.567,61.513,61.536,1410
4013,2024-04-02 05:30:00,61.573,61.577,61.483,61.536,6163
4014,2024-04-02 05:25:00,61.633,61.637,61.563,61.576,1658
4015,2024-04-02 05:20:00,61.504,61.627,61.503,61.626,6739
4016,2024-04-02 05:15:00,61.573,61.577,61.503,61.506,2916
4017,2024-04-02 05:10:00,61.613,61.657,61.573,61.596,5688
4018,2024-04-02 05:05:00,61.534,61.617,61.503,61.606,10284
4019,2024-04-02 05:00:00,61.514,61.567,61.493,61.526,13996
4020,2024-04-02 04:55:00,61.474,61.507,61.443,61.496,4001
4021,2024-04-02 04:50:00,61.494,61.497,61.413,61.477,10625
4022,2024-04-02 04:45:00,61.573,61.577,61.463,61.486,26790
4023,2024-04-02 04:40:00,61.673,61.677,61.553,61.576,45634
4024,2024-04-02 04:35:00,61.753,61.756,61.662,61.686,63196
4025,2024-04-02 04:30:00,61.753,61.796,61.722,61.746,31962
4026,2024-04-02 04:25:00,61.773,61.796,61.742,61.775,60176
4027,2024-04-02 04:20:00,61.822,61.846,61.752,61.785,59702
4028,2024-04-02 04:15:00,61.653,61.856,61.623,61.815,33038
4029,2024-04-02 04:10:00,61.663,61.696,61.623,61.656,49206
4030,2024-04-02 04:05:00,61.733,61.756,61.613,61.666,34429
4031,2024-04-02 04:00:00,61.404,61.796,61.403,61.736,50623
4032,2024-04-01 19:55:00,61.424,61.467,61.423,61.447,10092
4033,2024-04-01 19:50:00,61.414,61.437,61.394,61.422,8288
4034,2024-04-01 19:45:00,61.354,61.427,61.334,61.412,16045
4035,2024-04-01 19:40:00,61.344,61.721,61.344,61.347,20650
4036,2024-04-01 19:35:00,61.514,61.517,61.344,61.377,17643
4037,2024-04-01 19:30:00,61.514,61.547,61.493,61.536,11424
4038,2024-04-01 19:25:00,61.534,61.567,61.463,61.511,10719
4039,2024-04-01 19:20:00,61.554,61.577,61.513,61.516,3145
4040,2024-04-01 19:15:00,61.524,61.547,61.503,61.546,3480
4041,2024-04-01 19:10:00,61.514,61.537,61.503,61.526,6675
4042,2024-04-01 19:05:00,61.524,61.527,61.493,61.516,5784
4043,2024-04-01 19:00:00,61.514,61.527,61.503,61.526,2860
4044,2024-04-01 18:55:00,61.494,61.537,61.483,61.526,6125
4045,2024-04-01 18:50:00,61.583,61.587,61.503,61.516,6366
4046,2024-04-01 18:45:00,61.554,61.597,61.543,61.596,3683
4047,2024-04-01 18:40:00,61.563,61.567,61.543,61.556,65
4048,2024-04-01 18:35:00,61.514,61.577,61.512,61.566,4786
4049,2024-04-01 18:30:00,61.504,61.536,61.463,61.516,11541
4050,2024-04-01 18:25:00,61.544,61.547,61.513,61.516,12732
4051,2024-04-01 18:20:00,61.573,61.597,61.543,61.556,5678
4052,2024-04-01 18:15:00,61.623,61.637,61.573,61.576,6760
4053,2024-04-01 18:10:00,61.573,61.657,61.573,61.616,35144
4054,2024-04-01 18:05:00,61.633,61.677,61.578,61.581,5873
4055,2024-04-01 18:00:00,61.673,61.706,61.583,61.636,17827
4056,2024-04-01 17:55:00,61.653,61.677,61.643,61.671,10018
4057,2024-04-01 17:50:00,61.673,61.677,61.644,61.656,11917
4058,2024-04-01 17:45:00,61.663,61.677,61.662,61.667,1514
4059,2024-04-01 17:40:00,61.673,61.677,61.653,61.676,4415
4060,2024-04-01 17:35:00,61.663,61.677,61.662,61.666,5563
4061,2024-04-01 17:30:00,61.673,61.686,61.662,61.666,16203
4062,2024-04-01 17:25:00,61.703,61.706,61.672,61.676,7075
4063,2024-04-01 17:20:00,61.683,61.706,61.682,61.706,1405
4064,2024-04-01 17:15:00,61.683,61.696,61.672,61.687,2031
4065,2024-04-01 17:10:00,61.693,61.696,61.662,61.696,22513
4066,2024-04-01 17:05:00,61.703,61.716,61.692,61.696,4779
4067,2024-04-01 17:00:00,61.718,61.726,61.702,61.706,3672
4068,2024-04-01 16:55:00,61.703,61.726,61.702,61.726,5325
4069,2024-04-01 16:50:00,61.713,61.716,61.692,61.706,6567
4070,2024-04-01 16:45:00,61.713,61.736,61.702,61.716,25578
4071,2024-04-01 16:40:00,61.713,61.766,61.692,61.716,35114
4072,2024-04-01 16:35:00,61.693,61.716,61.672,61.706,46357
4073,2024-04-01 16:30:00,61.693,61.716,61.672,61.706,29750
4074,2024-04-01 16:25:00,61.703,61.716,61.672,61.696,55327
4075,2024-04-01 16:20:00,61.723,61.766,61.682,61.706,57346
4076,2024-04-01 16:15:00,61.703,61.746,61.682,61.716,25274
4077,2024-04-01 16:10:00,61.733,61.796,61.712,61.736,60366
4078,2024-04-01 16:05:00,61.743,61.756,61.672,61.725,34728
4079,2024-04-01 16:00:00,61.693,61.776,61.633,61.746,671151
4080,2024-04-01 15:55:00,61.713,61.866,61.633,61.696,2035776
4081,2024-04-01 15:50:00,61.474,61.731,61.413,61.716,1302685
4082,2024-04-01 15:45:00,61.529,61.574,61.453,61.467,680167
4083,2024-04-01 15:40:00,61.334,61.547,61.334,61.531,309959
4084,2024-04-01 15:35:00,61.529,61.553,61.304,61.347,908924
4085,2024-04-01 15:30:00,61.424,61.567,61.379,61.531,446257
4086,2024-04-01 15:25:00,61.494,61.523,61.364,61.421,306891
4087,2024-04-01 15:20:00,61.474,61.587,61.443,61.506,464877
4088,2024-04-01 15:15:00,61.499,61.567,61.413,61.482,612520
4089,2024-04-01 15:10:00,61.534,61.567,61.428,61.491,326422
4090,2024-04-01 15:05:00,61.434,61.597,61.433,61.526,527793
4091,2024-04-01 15:00:00,61.414,61.454,61.294,61.437,272283
4092,2024-04-01 14:55:00,61.484,61.531,61.344,61.422,383099
4093,2024-04-01 14:50:00,61.474,61.553,61.413,61.482,345106
4094,2024-04-01 14:45:00,61.454,61.513,61.423,61.477,201986
4095,2024-04-01 14:40:00,61.524,61.552,61.374,61.454,342479
4096,2024-04-01 14:35:00,61.494,61.557,61.423,61.526,257836
4097,2024-04-01 14:30:00,61.434,61.537,61.431,61.496,313290
4098,2024-04-01 14:25:00,61.509,61.524,61.417,61.437,374773
4099,2024-04-01 14:20:00,61.389,61.526,61.334,61.513,569974
4100,2024-04-01 14:15:00,61.27,61.398,61.254,61.392,255443
4101,2024-04-01 14:10:00,61.369,61.378,61.234,61.277,397104
4102,2024-04-01 14:05:00,61.414,61.418,61.324,61.377,225121
4103,2024-04-01 14:00:00,61.374,61.418,61.334,61.412,329195
4104,2024-04-01 13:55:00,61.285,61.378,61.284,61.376,348234
4105,2024-04-01 13:50:00,61.334,61.397,61.178,61.281,378001
4106,2024-04-01 13:45:00,61.364,61.388,61.284,61.332,226189
4107,2024-04-01 13:40:00,61.215,61.398,61.194,61.372,277288
4108,2024-04-01 13:35:00,61.18,61.298,61.174,61.218,218588
4109,2024-04-01 13:30:00,61.245,61.278,61.164,61.178,311331
4110,2024-04-01 13:25:00,60.996,61.248,60.985,61.243,611928
4111,2024-04-01 13:20:00,61.225,61.234,60.995,61.008,600006
4112,2024-04-01 13:15:00,61.287,61.343,61.214,61.227,349010
4113,2024-04-01 13:10:00,61.314,61.348,61.253,61.296,265445
4114,2024-04-01 13:05:00,61.384,61.457,61.264,61.317,268876
4115,2024-04-01 13:00:00,61.419,61.447,61.354,61.387,279258
4116,2024-04-01 12:55:00,61.524,61.532,61.403,61.422,389675
4117,2024-04-01 12:50:00,61.529,61.617,61.513,61.533,235799
4118,2024-04-01 12:45:00,61.593,61.637,61.478,61.527,371783
4119,2024-04-01 12:40:00,61.504,61.617,61.503,61.601,418205
4120,2024-04-01 12:35:00,61.544,61.597,61.433,61.509,589829
4121,2024-04-01 12:30:00,61.479,61.587,61.478,61.546,619163
4122,2024-04-01 12:25:00,61.404,61.507,61.384,61.482,317995
4123,2024-04-01 12:20:00,61.453,61.502,61.364,61.417,407919
4124,2024-04-01 12:15:00,61.423,61.527,61.413,61.447,757996
4125,2024-04-01 12:10:00,61.384,61.467,61.334,61.417,599100
4126,2024-04-01 12:05:00,61.235,61.454,61.214,61.397,721249
4127,2024-04-01 12:00:00,60.986,61.238,60.885,61.237,629449
4128,2024-04-01 11:55:00,61.026,61.129,60.947,60.988,503549
4129,2024-04-01 11:50:00,61.414,61.422,60.981,61.028,748437
4130,2024-04-01 11:45:00,61.364,61.432,61.204,61.417,700334
4131,2024-04-01 11:40:00,61.265,61.368,61.216,61.367,292413
4132,2024-04-01 11:35:00,61.321,61.497,61.249,61.267,550062
4133,2024-04-01 11:30:00,61.434,61.447,61.31,61.317,444939
4134,2024-04-01 11:25:00,61.245,61.447,61.214,61.437,643362
4135,2024-04-01 11:20:00,61.13,61.318,60.985,61.247,769138
4136,2024-04-01 11:15:00,61.326,61.333,61.015,61.138,1146636
4137,2024-04-01 11:10:00,61.474,61.477,61.264,61.336,769587
4138,2024-04-01 11:05:00,61.524,61.617,61.374,61.482,832570
4139,2024-04-01 11:00:00,61.544,61.557,61.359,61.507,751760
4140,2024-04-01 10:55:00,61.464,61.563,61.394,61.541,498431
4141,2024-04-01 10:50:00,61.663,61.667,61.393,61.467,864230
4142,2024-04-01 10:45:00,61.748,61.781,61.583,61.666,639385
4143,2024-04-01 10:40:00,61.593,61.806,61.543,61.755,883693
4144,2024-04-01 10:35:00,62.002,62.015,61.513,61.596,1040146
4145,2024-04-01 10:30:00,62.042,62.12,61.842,62.005,651738
4146,2024-04-01 10:25:00,62.151,62.224,62.021,62.044,593888
4147,2024-04-01 10:20:00,61.942,62.17,61.852,62.154,1248757
4148,2024-04-01 10:15:00,62.54,62.593,61.931,61.94,1627082
4149,2024-04-01 10:10:00,62.453,62.563,62.41,62.533,798795
4150,2024-04-01 10:05:00,62.197,62.523,62.163,62.463,1186906
4151,2024-04-01 10:00:00,62.53,62.723,62.166,62.214,2239157
4152,2024-04-01 09:55:00,62.639,62.723,62.509,62.549,702580
4153,2024-04-01 09:50:00,62.562,62.663,62.499,62.632,861972
4154,2024-04-01 09:45:00,62.57,62.752,62.484,62.572,1618153
4155,2024-04-01 09:40:00,62.639,62.733,62.529,62.567,1774909
4156,2024-04-01 09:35:00,62.188,62.643,62.18,62.633,2416087
4157,2024-04-01 09:30:00,61.683,62.195,61.523,62.184,2195494
4158,2024-04-01 09:25:00,61.623,61.716,61.563,61.676,163746
4159,2024-04-01 09:20:00,61.554,61.657,61.493,61.626,62714
4160,2024-04-01 09:15:00,61.643,61.677,61.472,61.556,99054
4161,2024-04-01 09:10:00,61.773,61.786,61.613,61.656,86936
4162,2024-04-01 09:05:00,61.723,61.796,61.722,61.775,32530
4163,2024-04-01 09:00:00,61.832,61.836,61.693,61.725,62000
4164,2024-04-01 08:55:00,61.872,61.876,61.782,61.835,55067
4165,2024-04-01 08:50:00,61.862,61.906,61.822,61.875,46186
4166,2024-04-01 08:45:00,61.852,61.906,61.852,61.865,43809
4167,2024-04-01 08:40:00,61.783,61.876,61.761,61.845,63731
4168,2024-04-01 08:35:00,61.703,61.806,61.702,61.774,106104
4169,2024-04-01 08:30:00,61.783,61.786,61.623,61.706,74801
4170,2024-04-01 08:25:00,61.733,61.806,61.722,61.785,37606
4171,2024-04-01 08:20:00,61.793,61.806,61.662,61.736,76837
4172,2024-04-01 08:15:00,61.793,61.816,61.712,61.805,71139
4173,2024-04-01 08:10:00,61.822,61.856,61.702,61.805,150859
4174,2024-04-01 08:05:00,62.4,62.673,61.742,61.835,156254
4175,2024-04-01 08:00:00,62.42,62.673,61.971,62.662,313609
4176,2024-04-01 07:55:00,62.111,62.115,62.071,62.094,12916
4177,2024-04-01 07:50:00,62.101,62.115,62.051,62.114,19082
4178,2024-04-01 07:45:00,62.091,62.115,62.061,62.104,20139
4179,2024-04-01 07:40:00,62.111,62.135,62.071,62.094,19211
4180,2024-04-01 07:35:00,62.022,62.115,62.011,62.114,16158
4181,2024-04-01 07:30:00,62.042,62.045,61.961,62.014,24901
4182,2024-04-01 07:25:00,62.072,62.075,62.001,62.044,23394
4183,2024-04-01 07:20:00,62.141,62.155,62.071,62.074,42776
4184,2024-04-01 07:15:00,62.241,62.264,62.131,62.144,52603
4185,2024-04-01 07:10:00,62.271,62.284,62.22,62.244,48025
4186,2024-04-01 07:05:00,62.281,62.294,62.24,62.274,73215
4187,2024-04-01 07:00:00,62.46,62.474,62.28,62.283,109006
4188,2024-04-01 06:55:00,62.45,62.474,62.439,62.473,5734
4189,2024-04-01 06:50:00,62.43,62.483,62.42,62.453,4977
4190,2024-04-01 06:45:00,62.45,62.464,62.43,62.443,4549
4191,2024-04-01 06:40:00,62.44,62.454,62.41,62.453,3319
4192,2024-04-01 06:35:00,62.47,62.493,62.449,62.453,2278
4193,2024-04-01 06:30:00,62.46,62.503,62.43,62.463,4799
4194,2024-04-01 06:25:00,62.45,62.464,62.449,62.453,1882
4195,2024-04-01 06:20:00,62.45,62.483,62.439,62.453,9139
4196,2024-04-01 06:15:00,62.42,62.464,62.42,62.453,10191
4197,2024-04-01 06:10:00,62.4,62.414,62.36,62.413,7987
4198,2024-04-01 06:05:00,62.4,62.424,62.38,62.403,7681
4199,2024-04-01 06:00:00,62.4,62.414,62.39,62.403,10214
4200,2024-04-01 05:55:00,62.37,62.404,62.36,62.393,9485
4201,2024-04-01 05:50:00,62.331,62.384,62.32,62.373,8269
4202,2024-04-01 05:45:00,62.331,62.354,62.32,62.343,2247
4203,2024-04-01 05:40:00,62.291,62.344,62.29,62.333,4263
4204,2024-04-01 05:35:00,62.321,62.324,62.27,62.293,4856
4205,2024-04-01 05:30:00,62.331,62.334,62.29,62.323,6095
4206,2024-04-01 05:25:00,62.311,62.334,62.3,62.323,3238
4207,2024-04-01 05:20:00,62.38,62.384,62.31,62.323,2156
4208,2024-04-01 05:15:00,62.38,62.404,62.37,62.393,3162
4209,2024-04-01 05:10:00,62.42,62.444,62.38,62.383,5328
4210,2024-04-01 05:05:00,62.45,62.454,62.38,62.423,4677
4211,2024-04-01 05:00:00,62.44,62.464,62.43,62.443,2144
4212,2024-04-01 04:55:00,62.45,62.454,62.439,62.443,4503
4213,2024-04-01 04:50:00,62.38,62.454,62.38,62.453,6626
4214,2024-04-01 04:45:00,62.41,62.424,62.37,62.373,3425
4215,2024-04-01 04:40:00,62.46,62.464,62.4,62.413,4219
4216,2024-04-01 04:35:00,62.42,62.474,62.41,62.463,22272
4217,2024-04-01 04:30:00,62.4,62.464,62.39,62.443,69809
4218,2024-04-01 04:25:00,62.37,62.414,62.37,62.403,8317
4219,2024-04-01 04:20:00,62.331,62.394,62.33,62.383,9405
4220,2024-04-01 04:15:00,62.271,62.344,62.25,62.333,12905
4221,2024-04-01 04:10:00,62.311,62.314,62.22,62.283,82576
4222,2024-04-01 04:05:00,62.47,62.483,62.31,62.313,57657
4223,2024-04-01 04:00:00,62.639,62.643,62.28,62.483,115864
