,timestamp,open,high,low,close,volume
0,2023-02-28 19:55:00,21.51,21.536,21.498,21.509,110044
1,2023-02-28 19:50:00,21.53,21.546,21.498,21.509,44804
2,2023-02-28 19:45:00,21.51,21.536,21.488,21.519,33975
3,2023-02-28 19:40:00,21.52,21.536,21.488,21.499,59301
4,2023-02-28 19:35:00,21.53,21.556,21.508,21.509,23061
5,2023-02-28 19:30:00,21.52,21.566,21.508,21.509,61626
6,2023-02-28 19:25:00,21.54,21.546,21.518,21.519,22761
7,2023-02-28 19:20:00,21.53,21.546,21.508,21.519,33050
8,2023-02-28 19:15:00,21.56,21.576,21.498,21.519,63317
9,2023-02-28 19:10:00,21.569,21.576,21.537,21.548,51525
10,2023-02-28 19:05:00,21.579,21.586,21.537,21.558,80372
11,2023-02-28 19:00:00,21.629,21.635,21.567,21.578,35706
12,2023-02-28 18:55:00,21.599,21.645,21.587,21.607,77642
13,2023-02-28 18:50:00,21.589,21.625,21.577,21.597,36074
14,2023-02-28 18:45:00,21.609,21.625,21.577,21.588,43197
15,2023-02-28 18:40:00,21.648,21.655,21.597,21.597,51823
16,2023-02-28 18:35:00,21.639,21.665,21.626,21.647,13249
17,2023-02-28 18:30:00,21.639,21.674,21.626,21.627,47405
18,2023-02-28 18:25:00,21.668,21.674,21.616,21.627,98649
19,2023-02-28 18:20:00,21.668,21.684,21.646,21.667,39292
20,2023-02-28 18:15:00,21.718,21.734,21.656,21.657,14042
21,2023-02-28 18:10:00,21.708,21.734,21.687,21.706,43946
22,2023-02-28 18:05:00,21.708,21.724,21.686,21.696,19977
23,2023-02-28 18:00:00,21.678,21.724,21.646,21.686,128066
24,2023-02-28 17:55:00,21.678,21.694,21.636,21.647,184673
25,2023-02-28 17:50:00,21.678,21.704,21.646,21.647,196908
26,2023-02-28 17:45:00,21.717,21.724,21.676,21.676,45418
27,2023-02-28 17:40:00,21.718,21.724,21.695,21.706,16813
28,2023-02-28 17:35:00,21.708,21.734,21.685,21.706,10654
29,2023-02-28 17:30:00,21.698,21.714,21.676,21.686,9980
30,2023-02-28 17:25:00,21.727,21.753,21.676,21.676,34107
31,2023-02-28 17:20:00,21.747,21.753,21.715,21.726,8433
32,2023-02-28 17:15:00,21.727,21.753,21.715,21.726,12845
33,2023-02-28 17:10:00,21.718,21.744,21.705,21.726,40426
34,2023-02-28 17:05:00,21.718,21.734,21.695,21.698,16259
35,2023-02-28 17:00:00,21.727,21.734,21.705,21.706,18254
36,2023-02-28 16:55:00,21.747,21.763,21.705,21.706,60682
37,2023-02-28 16:50:00,21.757,21.763,21.725,21.736,63956
38,2023-02-28 16:45:00,21.757,21.773,21.725,21.746,108484
39,2023-02-28 16:40:00,21.737,21.773,21.725,21.746,129610
40,2023-02-28 16:35:00,21.728,21.744,21.695,21.726,116483
41,2023-02-28 16:30:00,21.737,21.753,21.695,21.716,120746
42,2023-02-28 16:25:00,21.718,21.763,21.695,21.726,130621
43,2023-02-28 16:20:00,21.698,21.734,21.685,21.716,95055
44,2023-02-28 16:15:00,21.698,21.714,21.666,21.686,254605
45,2023-02-28 16:10:00,21.737,21.744,21.636,21.686,350955
46,2023-02-28 16:05:00,21.767,21.773,21.715,21.726,223698
47,2023-02-28 16:00:00,21.856,21.872,21.715,21.765,905156
48,2023-02-28 15:55:00,21.994,22.02,21.833,21.834,4062750
49,2023-02-28 15:50:00,21.925,22.04,21.863,21.974,2746699
50,2023-02-28 15:45:00,21.979,22.02,21.912,21.923,1674235
51,2023-02-28 15:40:00,21.969,22.0,21.922,21.978,1368908
52,2023-02-28 15:35:00,21.96,21.981,21.883,21.963,1523783
53,2023-02-28 15:30:00,22.004,22.03,21.912,21.943,1648831
54,2023-02-28 15:25:00,22.048,22.065,21.962,21.987,1383756
55,2023-02-28 15:20:00,22.088,22.129,22.021,22.042,1020913
56,2023-02-28 15:15:00,22.085,22.119,22.045,22.071,905882
57,2023-02-28 15:10:00,22.115,22.168,22.06,22.076,1560491
58,2023-02-28 15:05:00,22.122,22.149,22.07,22.106,1198947
59,2023-02-28 15:00:00,22.177,22.183,22.1,22.111,1140725
60,2023-02-28 14:55:00,22.243,22.257,22.139,22.16,1400252
61,2023-02-28 14:50:00,22.305,22.336,22.218,22.229,768025
62,2023-02-28 14:45:00,22.265,22.346,22.238,22.293,1125415
63,2023-02-28 14:40:00,22.271,22.287,22.189,22.254,843450
64,2023-02-28 14:35:00,22.251,22.287,22.189,22.254,1091711
65,2023-02-28 14:30:00,22.271,22.287,22.209,22.239,1220397
66,2023-02-28 14:25:00,22.34,22.356,22.248,22.262,870479
67,2023-02-28 14:20:00,22.32,22.376,22.288,22.328,659487
68,2023-02-28 14:15:00,22.369,22.386,22.288,22.316,691683
69,2023-02-28 14:10:00,22.35,22.386,22.307,22.358,630288
70,2023-02-28 14:05:00,22.394,22.406,22.258,22.337,2042454
71,2023-02-28 14:00:00,22.374,22.445,22.357,22.381,724304
72,2023-02-28 13:55:00,22.399,22.425,22.357,22.358,693229
73,2023-02-28 13:50:00,22.364,22.406,22.327,22.382,691165
74,2023-02-28 13:45:00,22.379,22.445,22.347,22.357,1169807
75,2023-02-28 13:40:00,22.364,22.396,22.317,22.367,616175
76,2023-02-28 13:35:00,22.367,22.396,22.337,22.348,990541
77,2023-02-28 13:30:00,22.379,22.425,22.278,22.348,1455808
78,2023-02-28 13:25:00,22.35,22.386,22.317,22.359,765870
79,2023-02-28 13:20:00,22.28,22.366,22.258,22.338,801683
80,2023-02-28 13:15:00,22.3,22.336,22.248,22.269,945127
81,2023-02-28 13:10:00,22.311,22.356,22.278,22.285,644686
82,2023-02-28 13:05:00,22.35,22.386,22.288,22.298,1226102
83,2023-02-28 13:00:00,22.29,22.356,22.258,22.328,992932
84,2023-02-28 12:55:00,22.3,22.336,22.268,22.27,1097677
85,2023-02-28 12:50:00,22.182,22.317,22.149,22.279,2201242
86,2023-02-28 12:45:00,22.122,22.188,22.11,22.165,646271
87,2023-02-28 12:40:00,22.123,22.159,22.07,22.117,789167
88,2023-02-28 12:35:00,22.157,22.188,22.09,22.111,677420
89,2023-02-28 12:30:00,22.162,22.198,22.12,22.14,778003
90,2023-02-28 12:25:00,22.128,22.159,22.09,22.14,801223
91,2023-02-28 12:20:00,22.121,22.208,22.09,22.121,1869230
92,2023-02-28 12:15:00,22.114,22.139,22.06,22.096,980351
93,2023-02-28 12:10:00,22.072,22.149,22.052,22.111,1556295
94,2023-02-28 12:05:00,22.034,22.089,22.001,22.056,1006183
95,2023-02-28 12:00:00,21.984,22.05,21.962,22.022,1063968
96,2023-02-28 11:55:00,21.945,21.991,21.893,21.968,1098528
97,2023-02-28 11:50:00,21.905,21.961,21.863,21.923,966775
98,2023-02-28 11:45:00,21.935,21.941,21.863,21.891,916517
99,2023-02-28 11:40:00,21.974,22.0,21.903,21.918,630768
100,2023-02-28 11:35:00,21.984,22.03,21.942,21.959,1117461
101,2023-02-28 11:30:00,22.028,22.06,21.962,21.977,1024453
102,2023-02-28 11:25:00,22.073,22.109,22.011,22.022,1118429
103,2023-02-28 11:20:00,22.073,22.139,22.011,22.057,1538912
104,2023-02-28 11:15:00,22.034,22.12,22.016,22.061,1836091
105,2023-02-28 11:10:00,22.063,22.099,22.001,22.03,1095417
106,2023-02-28 11:05:00,21.998,22.089,21.986,22.046,1329821
107,2023-02-28 11:00:00,21.915,22.05,21.893,21.983,2012763
108,2023-02-28 10:55:00,21.809,21.931,21.774,21.898,1587286
109,2023-02-28 10:50:00,21.856,21.862,21.735,21.8,1980040
110,2023-02-28 10:45:00,21.91,21.971,21.794,21.844,1778990
111,2023-02-28 10:40:00,21.934,22.03,21.853,21.903,1498021
112,2023-02-28 10:35:00,21.895,21.991,21.863,21.923,1741893
113,2023-02-28 10:30:00,21.876,21.921,21.814,21.874,1940765
114,2023-02-28 10:25:00,21.983,22.04,21.824,21.869,1871333
115,2023-02-28 10:20:00,21.988,22.05,21.912,21.971,1675080
116,2023-02-28 10:15:00,22.004,22.03,21.893,21.978,1983555
117,2023-02-28 10:10:00,22.074,22.089,21.912,21.993,2915102
118,2023-02-28 10:05:00,22.12,22.188,22.059,22.061,2292658
119,2023-02-28 10:00:00,22.014,22.159,21.952,22.103,3997057
120,2023-02-28 09:55:00,21.991,22.04,21.912,21.995,1642408
121,2023-02-28 09:50:00,21.935,22.05,21.843,21.979,2659414
122,2023-02-28 09:45:00,21.979,22.119,21.922,21.923,3390815
123,2023-02-28 09:40:00,21.905,22.04,21.883,21.972,4058188
124,2023-02-28 09:35:00,21.787,21.921,21.755,21.893,2676921
125,2023-02-28 09:30:00,21.806,21.892,21.715,21.768,3400716
126,2023-02-28 09:25:00,21.876,21.897,21.794,21.795,269776
127,2023-02-28 09:20:00,21.876,21.912,21.833,21.874,354479
128,2023-02-28 09:15:00,21.915,21.921,21.843,21.864,358400
129,2023-02-28 09:10:00,21.994,22.0,21.873,21.904,273068
130,2023-02-28 09:05:00,21.964,22.01,21.952,21.982,197383
131,2023-02-28 09:00:00,22.034,22.07,21.942,21.953,121156
132,2023-02-28 08:55:00,22.034,22.05,21.991,22.022,108757
133,2023-02-28 08:50:00,21.994,22.05,21.972,22.022,199415
134,2023-02-28 08:45:00,21.945,22.02,21.932,21.982,166837
135,2023-02-28 08:40:00,21.925,21.981,21.903,21.933,247593
136,2023-02-28 08:35:00,22.014,22.02,21.912,21.923,711405
137,2023-02-28 08:30:00,22.063,22.089,21.991,21.994,229530
138,2023-02-28 08:25:00,22.113,22.119,22.041,22.052,139302
139,2023-02-28 08:20:00,22.132,22.139,22.07,22.101,121800
140,2023-02-28 08:15:00,22.172,22.198,22.13,22.131,51480
141,2023-02-28 08:10:00,22.142,22.198,22.13,22.15,79087
142,2023-02-28 08:05:00,22.201,22.208,22.1,22.131,216534
143,2023-02-28 08:00:00,22.162,22.297,21.666,22.18,588191
144,2023-02-28 07:55:00,22.231,22.257,22.199,22.239,51698
145,2023-02-28 07:50:00,22.211,22.247,22.199,22.219,28258
146,2023-02-28 07:45:00,22.201,22.228,22.179,22.2,23855
147,2023-02-28 07:40:00,22.192,22.208,22.169,22.19,64631
148,2023-02-28 07:35:00,22.231,22.238,22.179,22.18,80779
149,2023-02-28 07:30:00,22.28,22.287,22.218,22.219,72888
150,2023-02-28 07:25:00,22.241,22.297,22.228,22.269,62112
151,2023-02-28 07:20:00,22.261,22.267,22.218,22.229,111057
152,2023-02-28 07:15:00,22.231,22.267,22.209,22.249,44734
153,2023-02-28 07:10:00,22.162,22.247,22.149,22.219,127635
154,2023-02-28 07:05:00,22.162,22.188,22.139,22.15,53022
155,2023-02-28 07:00:00,22.132,22.178,22.09,22.15,74884
156,2023-02-28 06:55:00,22.142,22.168,22.12,22.121,38294
157,2023-02-28 06:50:00,22.172,22.188,22.13,22.14,21115
158,2023-02-28 06:45:00,22.142,22.198,22.13,22.15,53068
159,2023-02-28 06:40:00,22.093,22.168,22.08,22.131,86182
160,2023-02-28 06:35:00,22.043,22.079,22.031,22.061,26931
161,2023-02-28 06:30:00,22.043,22.05,21.991,22.022,23175
162,2023-02-28 06:25:00,22.014,22.06,22.001,22.032,13270
163,2023-02-28 06:20:00,22.043,22.06,22.011,22.012,28443
164,2023-02-28 06:15:00,22.063,22.079,22.041,22.042,20476
165,2023-02-28 06:10:00,22.024,22.07,22.011,22.052,11256
166,2023-02-28 06:05:00,22.063,22.07,22.001,22.002,17206
167,2023-02-28 06:00:00,22.014,22.07,21.991,22.052,16999
168,2023-02-28 05:55:00,22.004,22.02,21.991,21.992,8161
169,2023-02-28 05:50:00,21.984,22.0,21.962,21.982,9388
170,2023-02-28 05:45:00,21.994,22.01,21.952,21.982,28130
171,2023-02-28 05:40:00,22.004,22.03,21.972,21.982,19858
172,2023-02-28 05:35:00,21.974,22.03,21.962,21.982,29236
173,2023-02-28 05:30:00,21.935,21.961,21.912,21.943,20738
174,2023-02-28 05:25:00,21.915,21.941,21.893,21.923,12948
175,2023-02-28 05:20:00,21.935,21.941,21.893,21.913,12496
176,2023-02-28 05:15:00,21.935,21.951,21.903,21.923,5916
177,2023-02-28 05:10:00,21.876,21.951,21.863,21.923,43608
178,2023-02-28 05:05:00,21.856,21.882,21.833,21.864,41637
179,2023-02-28 05:00:00,21.836,21.862,21.814,21.834,5200
180,2023-02-28 04:55:00,21.836,21.852,21.804,21.815,7088
181,2023-02-28 04:50:00,21.806,21.842,21.794,21.825,19964
182,2023-02-28 04:45:00,21.777,21.793,21.755,21.775,6620
183,2023-02-28 04:40:00,21.767,21.783,21.755,21.755,1816
184,2023-02-28 04:35:00,21.806,21.813,21.745,21.755,33016
185,2023-02-28 04:30:00,21.777,21.813,21.755,21.795,107315
186,2023-02-28 04:25:00,21.797,21.823,21.764,21.765,40223
187,2023-02-28 04:20:00,21.797,21.823,21.784,21.785,17868
188,2023-02-28 04:15:00,21.846,21.852,21.784,21.785,48524
189,2023-02-28 04:10:00,21.856,21.882,21.833,21.844,22422
190,2023-02-28 04:05:00,21.885,21.892,21.824,21.844,49651
191,2023-02-28 04:00:00,21.806,21.971,21.794,21.864,60313
192,2023-02-27 19:55:00,22.053,22.079,22.031,22.061,62120
193,2023-02-27 19:50:00,22.073,22.089,22.031,22.042,31609
194,2023-02-27 19:45:00,22.063,22.109,22.051,22.071,72350
195,2023-02-27 19:40:00,22.043,22.07,22.031,22.052,47350
196,2023-02-27 19:35:00,22.043,22.06,22.021,22.042,43660
197,2023-02-27 19:30:00,22.034,22.06,22.021,22.032,32464
198,2023-02-27 19:25:00,22.043,22.05,22.011,22.022,17656
199,2023-02-27 19:20:00,22.053,22.06,22.021,22.022,10506
200,2023-02-27 19:15:00,22.043,22.06,22.011,22.042,21786
201,2023-02-27 19:10:00,22.053,22.079,22.021,22.022,31689
202,2023-02-27 19:05:00,22.024,22.05,22.011,22.032,22906
203,2023-02-27 19:00:00,22.014,22.03,21.991,22.002,22298
204,2023-02-27 18:55:00,22.024,22.04,21.991,22.012,22186
205,2023-02-27 18:50:00,22.004,22.02,21.982,21.992,31751
206,2023-02-27 18:45:00,22.004,22.03,21.991,22.002,14071
207,2023-02-27 18:40:00,22.024,22.03,22.001,22.002,21085
208,2023-02-27 18:35:00,21.984,22.03,21.972,22.012,5749
209,2023-02-27 18:30:00,22.014,22.02,21.962,21.973,56020
210,2023-02-27 18:25:00,22.053,22.06,21.991,21.992,22446
211,2023-02-27 18:20:00,22.034,22.07,22.021,22.041,133079
212,2023-02-27 18:15:00,22.014,22.05,21.982,22.022,15553
213,2023-02-27 18:10:00,22.014,22.02,21.982,21.982,20828
214,2023-02-27 18:05:00,22.063,22.07,21.991,22.002,25001
215,2023-02-27 18:00:00,21.994,22.079,21.982,22.052,67970
216,2023-02-27 17:55:00,21.994,22.0,21.972,21.973,4025
217,2023-02-27 17:50:00,21.994,22.01,21.972,21.982,40490
218,2023-02-27 17:45:00,22.014,22.02,21.982,21.992,25192
219,2023-02-27 17:40:00,22.024,22.03,21.991,21.992,34957
220,2023-02-27 17:35:00,22.004,22.03,21.982,22.012,22251
221,2023-02-27 17:30:00,22.004,22.01,21.982,21.992,9024
222,2023-02-27 17:25:00,22.014,22.02,21.982,21.982,9702
223,2023-02-27 17:20:00,22.014,22.02,21.982,22.002,15214
224,2023-02-27 17:15:00,22.004,22.02,21.982,21.992,13123
225,2023-02-27 17:10:00,22.014,22.02,21.991,22.002,39804
226,2023-02-27 17:05:00,22.004,22.02,21.991,22.002,6939
227,2023-02-27 17:00:00,22.014,22.02,21.982,22.002,6933
228,2023-02-27 16:55:00,21.994,22.02,21.972,22.002,33170
229,2023-02-27 16:50:00,22.004,22.02,21.982,21.982,50503
230,2023-02-27 16:45:00,22.014,22.03,21.991,21.992,22283
231,2023-02-27 16:40:00,22.004,22.02,21.991,22.002,13076
232,2023-02-27 16:35:00,22.014,22.03,21.982,21.992,43399
233,2023-02-27 16:30:00,22.024,22.04,22.001,22.002,17719
234,2023-02-27 16:25:00,22.034,22.05,22.011,22.022,47265
235,2023-02-27 16:20:00,22.024,22.05,22.001,22.032,90748
236,2023-02-27 16:15:00,22.004,22.04,21.982,22.012,112132
237,2023-02-27 16:10:00,22.013,22.02,21.982,21.991,87129
238,2023-02-27 16:05:00,21.994,22.02,21.972,21.992,131218
239,2023-02-27 16:00:00,21.955,22.01,21.933,21.982,460041
240,2023-02-27 15:55:00,21.935,21.971,21.883,21.938,2629919
241,2023-02-27 15:50:00,21.885,21.961,21.853,21.913,2198922
242,2023-02-27 15:45:00,21.876,21.971,21.853,21.866,1867194
243,2023-02-27 15:40:00,21.861,21.951,21.814,21.869,1835136
244,2023-02-27 15:35:00,21.955,21.961,21.814,21.845,1765394
245,2023-02-27 15:30:00,21.984,22.0,21.873,21.933,1914338
246,2023-02-27 15:25:00,21.955,22.0,21.893,21.967,1007339
247,2023-02-27 15:20:00,21.945,21.976,21.887,21.943,1009889
248,2023-02-27 15:15:00,21.974,21.991,21.883,21.933,1457689
249,2023-02-27 15:10:00,21.925,21.991,21.873,21.959,1151479
250,2023-02-27 15:05:00,21.965,21.981,21.893,21.908,1021769
251,2023-02-27 15:00:00,21.984,22.05,21.922,21.963,861386
252,2023-02-27 14:55:00,22.017,22.036,21.962,21.976,808554
253,2023-02-27 14:50:00,21.984,22.03,21.932,22.002,1021621
254,2023-02-27 14:45:00,22.034,22.045,21.932,21.973,1292324
255,2023-02-27 14:40:00,22.113,22.129,21.962,22.027,1939127
256,2023-02-27 14:35:00,22.127,22.168,22.07,22.111,936902
257,2023-02-27 14:30:00,22.152,22.168,22.1,22.115,630215
258,2023-02-27 14:25:00,22.127,22.178,22.09,22.135,927153
259,2023-02-27 14:20:00,22.137,22.159,22.085,22.121,734265
260,2023-02-27 14:15:00,22.231,22.247,22.11,22.121,1651622
261,2023-02-27 14:10:00,22.241,22.297,22.218,22.219,921467
262,2023-02-27 14:05:00,22.251,22.284,22.209,22.229,933489
263,2023-02-27 14:00:00,22.197,22.287,22.159,22.23,1854856
264,2023-02-27 13:55:00,22.092,22.208,22.07,22.19,1342930
265,2023-02-27 13:50:00,22.043,22.119,22.025,22.076,800415
266,2023-02-27 13:45:00,22.058,22.07,22.001,22.022,1019176
267,2023-02-27 13:40:00,22.122,22.149,22.021,22.051,1238853
268,2023-02-27 13:35:00,22.142,22.168,22.06,22.111,1075707
269,2023-02-27 13:30:00,22.147,22.178,22.09,22.131,884977
270,2023-02-27 13:25:00,22.14,22.188,22.1,22.131,1072942
271,2023-02-27 13:20:00,22.182,22.208,22.09,22.126,1303787
272,2023-02-27 13:15:00,22.194,22.238,22.159,22.17,1424885
273,2023-02-27 13:10:00,22.162,22.208,22.12,22.19,1063220
274,2023-02-27 13:05:00,22.137,22.168,22.09,22.14,875646
275,2023-02-27 13:00:00,22.149,22.168,22.11,22.121,1133235
276,2023-02-27 12:55:00,22.112,22.168,22.09,22.135,1442915
277,2023-02-27 12:50:00,22.082,22.139,22.051,22.096,1450175
278,2023-02-27 12:45:00,22.029,22.109,22.016,22.068,1070461
279,2023-02-27 12:40:00,22.053,22.079,21.982,22.017,1091010
280,2023-02-27 12:35:00,22.064,22.099,22.041,22.052,748274
281,2023-02-27 12:30:00,22.009,22.109,21.991,22.056,1726029
282,2023-02-27 12:25:00,21.955,22.03,21.942,22.002,760721
283,2023-02-27 12:20:00,22.004,22.01,21.878,21.943,1159313
284,2023-02-27 12:15:00,21.989,22.04,21.972,21.983,794255
285,2023-02-27 12:10:00,21.96,22.02,21.903,21.973,1181229
286,2023-02-27 12:05:00,22.024,22.034,21.932,21.949,1189255
287,2023-02-27 12:00:00,22.048,22.079,21.956,22.012,1346256
288,2023-02-27 11:55:00,22.039,22.089,21.991,22.035,997794
289,2023-02-27 11:50:00,22.053,22.079,22.001,22.032,1151601
290,2023-02-27 11:45:00,21.994,22.079,21.962,22.042,1301004
291,2023-02-27 11:40:00,21.994,22.03,21.962,21.982,1121656
292,2023-02-27 11:35:00,21.911,22.01,21.869,21.982,1615725
293,2023-02-27 11:30:00,22.014,22.07,21.843,21.894,2965901
294,2023-02-27 11:25:00,21.974,22.026,21.922,22.002,1328257
295,2023-02-27 11:20:00,21.994,22.04,21.952,21.963,1329894
296,2023-02-27 11:15:00,22.009,22.079,21.942,21.978,1737315
297,2023-02-27 11:10:00,22.122,22.149,21.952,21.993,2492336
298,2023-02-27 11:05:00,22.043,22.139,22.031,22.116,1273607
299,2023-02-27 11:00:00,22.065,22.119,22.011,22.037,1816894
300,2023-02-27 10:55:00,22.034,22.079,21.922,22.052,1967187
301,2023-02-27 10:50:00,22.06,22.098,21.982,22.026,1270457
302,2023-02-27 10:45:00,22.07,22.089,21.952,22.046,1663119
303,2023-02-27 10:40:00,22.053,22.079,21.903,22.054,3594158
304,2023-02-27 10:35:00,22.3,22.316,21.991,22.047,4530251
305,2023-02-27 10:30:00,22.34,22.356,22.228,22.288,2998736
306,2023-02-27 10:25:00,22.379,22.455,22.317,22.328,1443614
307,2023-02-27 10:20:00,22.448,22.455,22.327,22.367,1409604
308,2023-02-27 10:15:00,22.419,22.475,22.386,22.427,1625423
309,2023-02-27 10:10:00,22.478,22.485,22.366,22.397,2124710
310,2023-02-27 10:05:00,22.34,22.524,22.323,22.466,3243766
311,2023-02-27 10:00:00,22.298,22.376,22.209,22.323,3023565
312,2023-02-27 09:55:00,22.146,22.326,22.12,22.288,2946918
313,2023-02-27 09:50:00,22.093,22.233,22.065,22.136,2322626
314,2023-02-27 09:45:00,22.122,22.188,22.06,22.081,2205337
315,2023-02-27 09:40:00,22.132,22.247,22.1,22.115,2622492
316,2023-02-27 09:35:00,22.182,22.238,22.075,22.111,3142471
317,2023-02-27 09:30:00,22.201,22.277,22.11,22.17,5517940
318,2023-02-27 09:25:00,22.201,22.228,22.149,22.2,268637
319,2023-02-27 09:20:00,22.172,22.247,22.13,22.2,300495
320,2023-02-27 09:15:00,22.192,22.198,22.139,22.16,153724
321,2023-02-27 09:10:00,22.172,22.208,22.149,22.17,217499
322,2023-02-27 09:05:00,22.241,22.247,22.159,22.16,403512
323,2023-02-27 09:00:00,22.241,22.287,22.209,22.229,392854
324,2023-02-27 08:55:00,22.241,22.277,22.218,22.229,260903
325,2023-02-27 08:50:00,22.221,22.326,22.179,22.239,600217
326,2023-02-27 08:45:00,22.172,22.238,22.159,22.209,506331
327,2023-02-27 08:40:00,22.083,22.188,22.051,22.16,596826
328,2023-02-27 08:35:00,22.004,22.109,21.982,22.071,458079
329,2023-02-27 08:30:00,21.905,22.02,21.873,21.992,260158
330,2023-02-27 08:25:00,21.955,21.961,21.894,21.895,84554
331,2023-02-27 08:20:00,21.905,21.971,21.883,21.943,169983
332,2023-02-27 08:15:00,21.866,21.921,21.843,21.894,220604
333,2023-02-27 08:10:00,21.846,21.882,21.833,21.854,78768
334,2023-02-27 08:05:00,21.806,21.852,21.794,21.834,76596
335,2023-02-27 08:00:00,21.866,21.921,21.508,21.795,982430
336,2023-02-27 07:55:00,21.826,21.842,21.794,21.815,57520
337,2023-02-27 07:50:00,21.885,21.892,21.814,21.825,78696
338,2023-02-27 07:45:00,21.876,21.902,21.863,21.874,18777
339,2023-02-27 07:40:00,21.876,21.892,21.853,21.874,9292
340,2023-02-27 07:35:00,21.905,21.912,21.863,21.864,38251
341,2023-02-27 07:30:00,21.856,21.912,21.843,21.884,41363
342,2023-02-27 07:25:00,21.866,21.872,21.833,21.854,14510
343,2023-02-27 07:20:00,21.905,21.921,21.853,21.864,149565
344,2023-02-27 07:15:00,21.895,21.921,21.883,21.894,32430
345,2023-02-27 07:10:00,21.876,21.912,21.863,21.894,45263
346,2023-02-27 07:05:00,21.866,21.892,21.853,21.864,80347
347,2023-02-27 07:00:00,21.846,21.882,21.833,21.844,143488
348,2023-02-27 06:55:00,21.856,21.862,21.814,21.834,41108
349,2023-02-27 06:50:00,21.846,21.862,21.833,21.834,3123
350,2023-02-27 06:45:00,21.856,21.862,21.833,21.834,5309
351,2023-02-27 06:40:00,21.846,21.852,21.824,21.834,3566
352,2023-02-27 06:35:00,21.876,21.882,21.824,21.825,12890
353,2023-02-27 06:30:00,21.876,21.892,21.853,21.864,13550
354,2023-02-27 06:25:00,21.836,21.872,21.814,21.854,50211
355,2023-02-27 06:20:00,21.846,21.852,21.814,21.834,8187
356,2023-02-27 06:15:00,21.826,21.852,21.814,21.825,8426
357,2023-02-27 06:10:00,21.836,21.842,21.794,21.815,10055
358,2023-02-27 06:05:00,21.806,21.852,21.794,21.815,23870
359,2023-02-27 06:00:00,21.797,21.813,21.764,21.795,56924
360,2023-02-27 05:55:00,21.826,21.842,21.784,21.795,18775
361,2023-02-27 05:50:00,21.836,21.852,21.794,21.815,22592
362,2023-02-27 05:45:00,21.846,21.862,21.824,21.834,15101
363,2023-02-27 05:40:00,21.826,21.852,21.804,21.834,20781
364,2023-02-27 05:35:00,21.846,21.852,21.824,21.825,4481
365,2023-02-27 05:30:00,21.866,21.872,21.843,21.844,2793
366,2023-02-27 05:25:00,21.856,21.872,21.833,21.844,15038
367,2023-02-27 05:20:00,21.856,21.872,21.824,21.844,23628
368,2023-02-27 05:15:00,21.915,21.921,21.853,21.854,7706
369,2023-02-27 05:10:00,21.866,21.931,21.853,21.913,8424
370,2023-02-27 05:05:00,21.866,21.892,21.843,21.854,28527
371,2023-02-27 05:00:00,21.826,21.882,21.814,21.864,21957
372,2023-02-27 04:55:00,21.826,21.852,21.804,21.815,42312
373,2023-02-27 04:50:00,21.856,21.872,21.833,21.834,24728
374,2023-02-27 04:45:00,21.895,21.902,21.833,21.844,19344
375,2023-02-27 04:40:00,21.885,21.931,21.863,21.884,30642
376,2023-02-27 04:35:00,21.905,21.912,21.853,21.864,32102
377,2023-02-27 04:30:00,21.866,21.912,21.853,21.894,50482
378,2023-02-27 04:25:00,21.856,21.882,21.824,21.864,27548
379,2023-02-27 04:20:00,21.797,21.862,21.784,21.834,64975
380,2023-02-27 04:15:00,21.797,21.813,21.774,21.775,25036
381,2023-02-27 04:10:00,21.777,21.813,21.755,21.795,87082
382,2023-02-27 04:05:00,21.797,21.813,21.764,21.765,89018
383,2023-02-27 04:00:00,21.816,21.862,21.725,21.785,177585
384,2023-02-24 19:55:00,21.451,21.467,21.419,21.449,125321
385,2023-02-24 19:50:00,21.451,21.477,21.429,21.449,52005
386,2023-02-24 19:45:00,21.451,21.467,21.439,21.44,30746
387,2023-02-24 19:40:00,21.466,21.477,21.439,21.44,46634
388,2023-02-24 19:35:00,21.466,21.477,21.449,21.459,18286
389,2023-02-24 19:30:00,21.471,21.477,21.449,21.454,20388
390,2023-02-24 19:25:00,21.471,21.477,21.449,21.459,5550
391,2023-02-24 19:20:00,21.461,21.477,21.449,21.449,11936
392,2023-02-24 19:15:00,21.461,21.477,21.449,21.459,11474
393,2023-02-24 19:10:00,21.461,21.477,21.439,21.449,17117
394,2023-02-24 19:05:00,21.461,21.487,21.439,21.444,22749
395,2023-02-24 19:00:00,21.451,21.467,21.429,21.44,13489
396,2023-02-24 18:55:00,21.451,21.457,21.429,21.44,17126
397,2023-02-24 18:50:00,21.451,21.467,21.429,21.44,19952
398,2023-02-24 18:45:00,21.451,21.467,21.439,21.449,18956
399,2023-02-24 18:40:00,21.431,21.467,21.419,21.449,29117
400,2023-02-24 18:35:00,21.431,21.447,21.419,21.42,12797
401,2023-02-24 18:30:00,21.431,21.447,21.419,21.43,17087
402,2023-02-24 18:25:00,21.446,21.457,21.419,21.43,18502
403,2023-02-24 18:20:00,21.456,21.467,21.439,21.44,12477
404,2023-02-24 18:15:00,21.461,21.467,21.439,21.444,14628
405,2023-02-24 18:10:00,21.461,21.467,21.439,21.444,14958
406,2023-02-24 18:05:00,21.456,21.467,21.439,21.449,10812
407,2023-02-24 18:00:00,21.471,21.477,21.444,21.444,8627
408,2023-02-24 17:55:00,21.461,21.477,21.449,21.459,8654
409,2023-02-24 17:50:00,21.471,21.477,21.449,21.449,4238
410,2023-02-24 17:45:00,21.471,21.487,21.449,21.449,13337
411,2023-02-24 17:40:00,21.471,21.487,21.458,21.459,29724
412,2023-02-24 17:35:00,21.481,21.487,21.458,21.459,8034
413,2023-02-24 17:30:00,21.471,21.487,21.449,21.469,20891
414,2023-02-24 17:25:00,21.481,21.507,21.458,21.459,32606
415,2023-02-24 17:20:00,21.481,21.507,21.468,21.479,17051
416,2023-02-24 17:15:00,21.481,21.497,21.468,21.478,18252
417,2023-02-24 17:10:00,21.481,21.497,21.468,21.469,24108
418,2023-02-24 17:05:00,21.49,21.507,21.458,21.469,27826
419,2023-02-24 17:00:00,21.5,21.507,21.478,21.479,12884
420,2023-02-24 16:55:00,21.5,21.516,21.478,21.489,57023
421,2023-02-24 16:50:00,21.51,21.516,21.488,21.489,23318
422,2023-02-24 16:45:00,21.5,21.516,21.478,21.489,59468
423,2023-02-24 16:40:00,21.5,21.507,21.478,21.489,47857
424,2023-02-24 16:35:00,21.51,21.516,21.478,21.479,73089
425,2023-02-24 16:30:00,21.52,21.536,21.488,21.499,72385
426,2023-02-24 16:25:00,21.52,21.526,21.498,21.509,46347
427,2023-02-24 16:20:00,21.5,21.526,21.488,21.499,90169
428,2023-02-24 16:15:00,21.5,21.516,21.488,21.489,118375
429,2023-02-24 16:10:00,21.5,21.526,21.468,21.479,197973
430,2023-02-24 16:05:00,21.5,21.516,21.458,21.489,155834
431,2023-02-24 16:00:00,21.481,21.516,21.444,21.489,728374
432,2023-02-24 15:55:00,21.376,21.536,21.36,21.474,5113669
433,2023-02-24 15:50:00,21.303,21.388,21.192,21.366,4458809
434,2023-02-24 15:45:00,21.301,21.339,21.241,21.282,1479126
435,2023-02-24 15:40:00,21.263,21.339,21.231,21.287,1458236
436,2023-02-24 15:35:00,21.313,21.339,21.231,21.257,1751025
437,2023-02-24 15:30:00,21.376,21.408,21.3,21.301,1692823
438,2023-02-24 15:25:00,21.486,21.526,21.35,21.367,1578439
439,2023-02-24 15:20:00,21.481,21.536,21.449,21.469,1382338
440,2023-02-24 15:15:00,21.441,21.497,21.389,21.464,1308040
441,2023-02-24 15:10:00,21.53,21.556,21.419,21.43,1249660
442,2023-02-24 15:05:00,21.461,21.556,21.439,21.518,1517116
443,2023-02-24 15:00:00,21.54,21.635,21.429,21.444,2618309
444,2023-02-24 14:55:00,21.441,21.586,21.409,21.538,2310202
445,2023-02-24 14:50:00,21.387,21.477,21.365,21.434,2195723
446,2023-02-24 14:45:00,21.243,21.408,21.212,21.38,1489932
447,2023-02-24 14:40:00,21.305,21.319,21.202,21.232,1224277
448,2023-02-24 14:35:00,21.303,21.329,21.261,21.299,723878
449,2023-02-24 14:30:00,21.342,21.368,21.254,21.296,981802
450,2023-02-24 14:25:00,21.332,21.408,21.31,21.331,1280657
451,2023-02-24 14:20:00,21.381,21.408,21.261,21.328,2147602
452,2023-02-24 14:15:00,21.313,21.398,21.3,21.361,1056903
453,2023-02-24 14:10:00,21.362,21.368,21.241,21.292,1378291
454,2023-02-24 14:05:00,21.352,21.408,21.32,21.356,1341072
455,2023-02-24 14:00:00,21.327,21.388,21.281,21.341,1149791
456,2023-02-24 13:55:00,21.357,21.388,21.276,21.314,1344171
457,2023-02-24 13:50:00,21.303,21.368,21.291,21.341,1094774
458,2023-02-24 13:45:00,21.292,21.358,21.251,21.292,1131897
459,2023-02-24 13:40:00,21.273,21.339,21.241,21.278,1167577
460,2023-02-24 13:35:00,21.24,21.289,21.212,21.262,897905
461,2023-02-24 13:30:00,21.283,21.289,21.143,21.232,1433390
462,2023-02-24 13:25:00,21.288,21.329,21.251,21.272,983550
463,2023-02-24 13:20:00,21.204,21.319,21.182,21.272,1868375
464,2023-02-24 13:15:00,21.164,21.22,21.133,21.193,875319
465,2023-02-24 13:10:00,21.145,21.181,21.117,21.143,729848
466,2023-02-24 13:05:00,21.19,21.21,21.113,21.138,1086074
467,2023-02-24 13:00:00,21.204,21.26,21.162,21.183,923181
468,2023-02-24 12:55:00,21.214,21.24,21.172,21.197,859570
469,2023-02-24 12:50:00,21.179,21.23,21.152,21.21,868865
470,2023-02-24 12:45:00,21.238,21.25,21.153,21.173,1341265
471,2023-02-24 12:40:00,21.278,21.299,21.202,21.223,1090517
472,2023-02-24 12:35:00,21.318,21.358,21.261,21.267,848205
473,2023-02-24 12:30:00,21.362,21.437,21.296,21.306,1276438
474,2023-02-24 12:25:00,21.362,21.408,21.281,21.351,1080971
475,2023-02-24 12:20:00,21.332,21.408,21.3,21.361,1150853
476,2023-02-24 12:15:00,21.421,21.447,21.291,21.322,1503021
477,2023-02-24 12:10:00,21.382,21.437,21.35,21.41,1233558
478,2023-02-24 12:05:00,21.392,21.418,21.32,21.367,2039252
479,2023-02-24 12:00:00,21.471,21.507,21.37,21.38,1384320
480,2023-02-24 11:55:00,21.466,21.507,21.399,21.449,2116094
481,2023-02-24 11:50:00,21.481,21.625,21.439,21.449,3095882
482,2023-02-24 11:45:00,21.387,21.507,21.37,21.459,2923649
483,2023-02-24 11:40:00,21.263,21.427,21.241,21.375,2218324
484,2023-02-24 11:35:00,21.342,21.352,21.231,21.252,1819669
485,2023-02-24 11:30:00,21.372,21.427,21.281,21.336,2124914
486,2023-02-24 11:25:00,21.283,21.447,21.261,21.356,2500726
487,2023-02-24 11:20:00,21.253,21.329,21.202,21.271,1537525
488,2023-02-24 11:15:00,21.219,21.319,21.192,21.247,2093350
489,2023-02-24 11:10:00,21.214,21.279,21.182,21.208,2058849
490,2023-02-24 11:05:00,21.105,21.23,21.083,21.193,1522069
491,2023-02-24 11:00:00,21.164,21.197,21.083,21.094,1353883
492,2023-02-24 10:55:00,21.125,21.19,21.073,21.149,2217492
493,2023-02-24 10:50:00,21.198,21.22,21.103,21.124,2420756
494,2023-02-24 10:45:00,21.253,21.319,21.183,21.193,2463994
495,2023-02-24 10:40:00,21.184,21.269,21.123,21.241,2533582
496,2023-02-24 10:35:00,21.268,21.318,21.152,21.173,2200436
497,2023-02-24 10:30:00,21.283,21.299,21.162,21.262,2148540
498,2023-02-24 10:25:00,21.199,21.299,21.172,21.272,2140897
499,2023-02-24 10:20:00,21.204,21.26,21.148,21.188,1669866
500,2023-02-24 10:15:00,21.214,21.279,21.133,21.203,3180258
501,2023-02-24 10:10:00,21.268,21.309,21.172,21.193,2731434
502,2023-02-24 10:05:00,21.411,21.457,21.196,21.258,3859326
503,2023-02-24 10:00:00,21.372,21.477,21.262,21.396,5009546
504,2023-02-24 09:55:00,21.397,21.507,21.306,21.365,2668268
505,2023-02-24 09:50:00,21.337,21.427,21.3,21.38,2557489
506,2023-02-24 09:45:00,21.431,21.437,21.251,21.321,4680394
507,2023-02-24 09:40:00,21.727,21.763,21.409,21.412,4304941
508,2023-02-24 09:35:00,21.609,21.734,21.498,21.711,4900970
509,2023-02-24 09:30:00,21.481,21.635,21.389,21.597,6396875
510,2023-02-24 09:25:00,21.441,21.497,21.408,21.459,467396
511,2023-02-24 09:20:00,21.382,21.467,21.32,21.42,474623
512,2023-02-24 09:15:00,21.461,21.477,21.36,21.361,525382
513,2023-02-24 09:10:00,21.51,21.526,21.429,21.449,295390
514,2023-02-24 09:05:00,21.52,21.566,21.458,21.499,434078
515,2023-02-24 09:00:00,21.5,21.536,21.458,21.509,399910
516,2023-02-24 08:55:00,21.51,21.605,21.488,21.489,796444
517,2023-02-24 08:50:00,21.48,21.526,21.449,21.499,578254
518,2023-02-24 08:45:00,21.382,21.497,21.36,21.469,587982
519,2023-02-24 08:40:00,21.45,21.525,21.369,21.38,1207206
520,2023-02-24 08:35:00,21.698,21.704,21.419,21.44,1238077
521,2023-02-24 08:30:00,22.024,22.03,21.636,21.676,2164790
522,2023-02-24 08:25:00,22.034,22.089,22.001,22.021,288748
523,2023-02-24 08:20:00,22.043,22.05,22.001,22.022,109821
524,2023-02-24 08:15:00,22.014,22.05,21.972,22.031,161770
525,2023-02-24 08:10:00,22.014,22.06,21.982,21.992,170351
526,2023-02-24 08:05:00,22.034,22.05,21.991,22.002,134625
527,2023-02-24 08:00:00,22.033,22.554,21.953,22.032,746431
528,2023-02-24 07:55:00,22.063,22.079,22.031,22.042,65210
529,2023-02-24 07:50:00,22.073,22.109,22.041,22.052,37052
530,2023-02-24 07:45:00,22.103,22.109,22.046,22.061,16339
531,2023-02-24 07:40:00,22.053,22.119,22.041,22.091,23111
532,2023-02-24 07:35:00,22.073,22.079,22.021,22.032,41777
533,2023-02-24 07:30:00,22.083,22.099,22.051,22.061,44688
534,2023-02-24 07:25:00,22.073,22.099,22.06,22.081,37676
535,2023-02-24 07:20:00,22.093,22.109,22.041,22.061,69565
536,2023-02-24 07:15:00,22.083,22.119,22.06,22.071,82966
537,2023-02-24 07:10:00,22.063,22.089,22.021,22.061,29309
538,2023-02-24 07:05:00,22.034,22.07,22.011,22.052,22001
539,2023-02-24 07:00:00,22.063,22.079,21.991,22.032,128969
540,2023-02-24 06:55:00,22.024,22.07,22.001,22.052,44221
541,2023-02-24 06:50:00,21.994,22.03,21.962,21.982,45225
542,2023-02-24 06:45:00,22.024,22.04,21.962,21.982,75626
543,2023-02-24 06:40:00,22.063,22.07,22.011,22.012,29814
544,2023-02-24 06:35:00,22.053,22.089,22.041,22.052,10671
545,2023-02-24 06:30:00,22.053,22.089,22.031,22.042,19818
546,2023-02-24 06:25:00,22.073,22.099,22.041,22.042,8070
547,2023-02-24 06:20:00,22.043,22.089,22.021,22.061,19100
548,2023-02-24 06:15:00,22.053,22.099,22.021,22.022,41789
549,2023-02-24 06:10:00,22.113,22.119,22.051,22.052,58424
550,2023-02-24 06:05:00,22.132,22.149,22.09,22.091,42864
551,2023-02-24 06:00:00,22.182,22.188,22.12,22.131,14501
552,2023-02-24 05:55:00,22.172,22.198,22.159,22.16,8051
553,2023-02-24 05:50:00,22.142,22.188,22.13,22.16,35286
554,2023-02-24 05:45:00,22.142,22.168,22.11,22.131,21613
555,2023-02-24 05:40:00,22.142,22.159,22.12,22.131,14887
556,2023-02-24 05:35:00,22.172,22.188,22.12,22.131,10366
557,2023-02-24 05:30:00,22.182,22.188,22.149,22.16,3425
558,2023-02-24 05:25:00,22.152,22.198,22.139,22.18,15967
559,2023-02-24 05:20:00,22.152,22.159,22.12,22.14,31411
560,2023-02-24 05:15:00,22.172,22.188,22.139,22.15,17514
561,2023-02-24 05:10:00,22.251,22.257,22.159,22.16,40880
562,2023-02-24 05:05:00,22.211,22.247,22.199,22.229,12903
563,2023-02-24 05:00:00,22.211,22.228,22.179,22.2,16624
564,2023-02-24 04:55:00,22.211,22.218,22.179,22.2,13361
565,2023-02-24 04:50:00,22.211,22.228,22.189,22.209,18016
566,2023-02-24 04:45:00,22.241,22.247,22.169,22.19,42265
567,2023-02-24 04:40:00,22.271,22.277,22.228,22.239,6915
568,2023-02-24 04:35:00,22.271,22.277,22.238,22.259,24292
569,2023-02-24 04:30:00,22.241,22.267,22.228,22.249,12285
570,2023-02-24 04:25:00,22.251,22.267,22.228,22.239,10635
571,2023-02-24 04:20:00,22.31,22.317,22.238,22.249,6648
572,2023-02-24 04:15:00,22.28,22.326,22.268,22.308,30507
573,2023-02-24 04:10:00,22.261,22.326,22.238,22.269,39167
574,2023-02-24 04:05:00,22.28,22.287,22.228,22.249,81839
575,2023-02-24 04:00:00,22.271,22.455,22.248,22.269,59022
576,2023-02-23 19:55:00,22.577,22.593,22.554,22.565,85483
577,2023-02-23 19:50:00,22.577,22.593,22.554,22.575,40751
578,2023-02-23 19:45:00,22.577,22.593,22.554,22.565,34744
579,2023-02-23 19:40:00,22.597,22.603,22.554,22.565,31218
580,2023-02-23 19:35:00,22.577,22.603,22.554,22.575,50903
581,2023-02-23 19:30:00,22.547,22.583,22.524,22.545,30481
582,2023-02-23 19:25:00,22.547,22.573,22.534,22.545,25174
583,2023-02-23 19:20:00,22.517,22.554,22.505,22.515,20951
584,2023-02-23 19:15:00,22.517,22.534,22.485,22.515,12181
585,2023-02-23 19:10:00,22.508,22.524,22.485,22.506,26070
586,2023-02-23 19:05:00,22.488,22.514,22.455,22.496,21848
587,2023-02-23 19:00:00,22.468,22.504,22.445,22.486,26184
588,2023-02-23 18:55:00,22.503,22.514,22.455,22.466,52742
589,2023-02-23 18:50:00,22.488,22.514,22.475,22.496,83166
590,2023-02-23 18:45:00,22.488,22.504,22.465,22.476,11770
591,2023-02-23 18:40:00,22.488,22.494,22.455,22.456,16231
592,2023-02-23 18:35:00,22.468,22.494,22.455,22.476,35556
593,2023-02-23 18:30:00,22.478,22.494,22.455,22.456,34383
594,2023-02-23 18:25:00,22.478,22.494,22.445,22.456,53536
595,2023-02-23 18:20:00,22.508,22.514,22.465,22.466,83324
596,2023-02-23 18:15:00,22.527,22.534,22.475,22.486,103104
597,2023-02-23 18:10:00,22.567,22.573,22.515,22.515,49997
598,2023-02-23 18:05:00,22.537,22.573,22.524,22.545,28638
599,2023-02-23 18:00:00,22.567,22.573,22.515,22.545,32328
600,2023-02-23 17:55:00,22.537,22.573,22.524,22.555,28440
601,2023-02-23 17:50:00,22.537,22.554,22.515,22.535,23226
602,2023-02-23 17:45:00,22.557,22.573,22.515,22.515,13117
603,2023-02-23 17:40:00,22.577,22.583,22.505,22.555,49726
604,2023-02-23 17:35:00,22.587,22.593,22.554,22.555,13980
605,2023-02-23 17:30:00,22.578,22.593,22.564,22.565,9377
606,2023-02-23 17:25:00,22.577,22.593,22.554,22.565,44138
607,2023-02-23 17:20:00,22.587,22.603,22.564,22.575,11684
608,2023-02-23 17:15:00,22.587,22.603,22.564,22.575,8306
609,2023-02-23 17:10:00,22.577,22.603,22.564,22.575,37921
610,2023-02-23 17:05:00,22.567,22.593,22.554,22.555,15999
611,2023-02-23 17:00:00,22.567,22.593,22.534,22.545,25501
612,2023-02-23 16:55:00,22.567,22.593,22.554,22.555,35086
613,2023-02-23 16:50:00,22.567,22.583,22.544,22.555,21373
614,2023-02-23 16:45:00,22.557,22.583,22.534,22.555,36403
615,2023-02-23 16:40:00,22.577,22.583,22.544,22.545,73662
616,2023-02-23 16:35:00,22.597,22.623,22.554,22.564,46124
617,2023-02-23 16:30:00,22.577,22.603,22.554,22.585,70327
618,2023-02-23 16:25:00,22.567,22.583,22.544,22.555,70098
619,2023-02-23 16:20:00,22.597,22.603,22.544,22.564,32001
620,2023-02-23 16:15:00,22.567,22.613,22.554,22.594,60690
621,2023-02-23 16:10:00,22.597,22.603,22.544,22.555,146640
622,2023-02-23 16:05:00,22.587,22.623,22.564,22.585,238691
623,2023-02-23 16:00:00,22.646,22.677,22.564,22.575,324005
624,2023-02-23 15:55:00,22.666,22.722,22.623,22.644,3200051
625,2023-02-23 15:50:00,22.745,22.801,22.633,22.649,2501422
626,2023-02-23 15:45:00,22.819,22.825,22.692,22.733,1857864
627,2023-02-23 15:40:00,22.804,22.85,22.751,22.802,2121334
628,2023-02-23 15:35:00,22.843,22.86,22.761,22.792,2243373
629,2023-02-23 15:30:00,22.853,22.89,22.781,22.832,1824854
630,2023-02-23 15:25:00,22.774,22.87,22.712,22.837,2492987
631,2023-02-23 15:20:00,22.705,22.799,22.663,22.762,1686286
632,2023-02-23 15:15:00,22.735,22.781,22.682,22.693,1542594
633,2023-02-23 15:10:00,22.636,22.771,22.603,22.72,1737482
634,2023-02-23 15:05:00,22.725,22.751,22.603,22.617,2212864
635,2023-02-23 15:00:00,22.567,22.732,22.554,22.705,2479728
636,2023-02-23 14:55:00,22.606,22.633,22.505,22.55,1620798
637,2023-02-23 14:50:00,22.635,22.662,22.534,22.604,1485930
638,2023-02-23 14:45:00,22.646,22.692,22.574,22.629,1817602
639,2023-02-23 14:40:00,22.655,22.692,22.584,22.634,1414651
640,2023-02-23 14:35:00,22.642,22.702,22.613,22.634,1732160
641,2023-02-23 14:30:00,22.527,22.702,22.515,22.632,3186612
642,2023-02-23 14:25:00,22.527,22.573,22.485,22.52,1864558
643,2023-02-23 14:20:00,22.494,22.564,22.465,22.506,2426315
644,2023-02-23 14:15:00,22.35,22.534,22.337,22.483,3905554
645,2023-02-23 14:10:00,22.241,22.37,22.199,22.334,1925879
646,2023-02-23 14:05:00,22.164,22.267,22.149,22.229,1865463
647,2023-02-23 14:00:00,22.162,22.208,22.082,22.15,1117455
648,2023-02-23 13:55:00,22.147,22.198,22.071,22.15,1220441
649,2023-02-23 13:50:00,22.196,22.218,22.12,22.132,2124126
650,2023-02-23 13:45:00,22.079,22.208,22.041,22.19,1788353
651,2023-02-23 13:40:00,22.008,22.149,21.982,22.067,3034180
652,2023-02-23 13:35:00,21.964,22.02,21.922,22.002,916554
653,2023-02-23 13:30:00,21.974,21.991,21.903,21.953,900246
654,2023-02-23 13:25:00,21.915,21.991,21.883,21.972,769880
655,2023-02-23 13:20:00,21.955,21.971,21.883,21.908,1039832
656,2023-02-23 13:15:00,21.871,21.961,21.824,21.943,1118329
657,2023-02-23 13:10:00,21.889,21.926,21.843,21.864,631229
658,2023-02-23 13:05:00,21.925,21.941,21.833,21.884,930956
659,2023-02-23 13:00:00,21.964,22.07,21.853,21.913,3175909
660,2023-02-23 12:55:00,21.905,21.991,21.863,21.949,1179250
661,2023-02-23 12:50:00,21.919,21.981,21.883,21.903,905203
662,2023-02-23 12:45:00,21.945,21.971,21.873,21.908,888102
663,2023-02-23 12:40:00,21.886,21.971,21.824,21.938,1359608
664,2023-02-23 12:35:00,21.925,21.986,21.873,21.874,1730171
665,2023-02-23 12:30:00,21.866,21.961,21.814,21.914,1463704
666,2023-02-23 12:25:00,21.866,21.912,21.824,21.849,1149043
667,2023-02-23 12:20:00,21.836,21.882,21.725,21.854,1647029
668,2023-02-23 12:15:00,21.805,21.892,21.784,21.821,2426178
669,2023-02-23 12:10:00,21.797,21.823,21.695,21.79,1542540
670,2023-02-23 12:05:00,21.757,21.823,21.735,21.788,1877521
671,2023-02-23 12:00:00,21.708,21.773,21.666,21.741,1874152
672,2023-02-23 11:55:00,21.757,21.793,21.676,21.686,2291496
673,2023-02-23 11:50:00,21.806,21.842,21.715,21.737,1685994
674,2023-02-23 11:45:00,21.787,21.892,21.764,21.795,2462314
675,2023-02-23 11:40:00,21.935,21.951,21.715,21.775,3636875
676,2023-02-23 11:35:00,21.989,22.036,21.903,21.923,1957001
677,2023-02-23 11:30:00,21.974,22.02,21.922,21.978,1160522
678,2023-02-23 11:25:00,22.01,22.06,21.912,21.958,1976513
679,2023-02-23 11:20:00,22.009,22.02,21.932,21.992,1465514
680,2023-02-23 11:15:00,22.063,22.094,21.972,21.997,1417729
681,2023-02-23 11:10:00,22.043,22.139,22.023,22.055,1730228
682,2023-02-23 11:05:00,22.231,22.257,21.982,22.022,2591241
683,2023-02-23 11:00:00,22.142,22.273,22.1,22.224,2691845
684,2023-02-23 10:55:00,22.177,22.188,22.07,22.133,2116625
685,2023-02-23 10:50:00,22.162,22.208,22.11,22.16,2760798
686,2023-02-23 10:45:00,22.434,22.46,22.12,22.16,4249874
687,2023-02-23 10:40:00,22.547,22.554,22.401,22.422,1690797
688,2023-02-23 10:35:00,22.598,22.652,22.524,22.535,1635436
689,2023-02-23 10:30:00,22.567,22.633,22.342,22.594,3499683
690,2023-02-23 10:25:00,22.566,22.631,22.485,22.56,2519776
691,2023-02-23 10:20:00,22.494,22.579,22.436,22.555,1691009
692,2023-02-23 10:15:00,22.552,22.603,22.465,22.483,1920509
693,2023-02-23 10:10:00,22.557,22.573,22.409,22.54,2602743
694,2023-02-23 10:05:00,22.656,22.682,22.445,22.535,3961030
695,2023-02-23 10:00:00,22.794,22.88,22.623,22.644,3402682
696,2023-02-23 09:55:00,22.877,22.919,22.742,22.782,2868406
697,2023-02-23 09:50:00,22.843,22.909,22.722,22.861,3041226
698,2023-02-23 09:45:00,22.705,22.9,22.657,22.826,5295688
699,2023-02-23 09:40:00,22.685,22.771,22.613,22.686,3312381
700,2023-02-23 09:35:00,22.774,22.82,22.586,22.673,4003728
701,2023-02-23 09:30:00,22.898,22.949,22.744,22.752,4490590
702,2023-02-23 09:25:00,22.883,22.949,22.85,22.881,264656
703,2023-02-23 09:20:00,22.922,22.949,22.86,22.871,230059
704,2023-02-23 09:15:00,22.903,22.949,22.85,22.91,359893
705,2023-02-23 09:10:00,22.834,22.929,22.821,22.891,514179
706,2023-02-23 09:05:00,22.784,22.86,22.742,22.821,320601
707,2023-02-23 09:00:00,22.735,22.791,22.712,22.772,357756
708,2023-02-23 08:55:00,22.685,22.751,22.663,22.713,308524
709,2023-02-23 08:50:00,22.606,22.702,22.594,22.673,147537
710,2023-02-23 08:45:00,22.646,22.682,22.574,22.604,195097
711,2023-02-23 08:40:00,22.587,22.682,22.544,22.644,307451
712,2023-02-23 08:35:00,22.587,22.643,22.544,22.575,426221
713,2023-02-23 08:30:00,22.735,22.82,22.524,22.575,1257680
714,2023-02-23 08:25:00,22.774,22.791,22.712,22.733,136220
715,2023-02-23 08:20:00,22.764,22.791,22.742,22.772,189838
716,2023-02-23 08:15:00,22.715,22.762,22.682,22.743,127854
717,2023-02-23 08:10:00,22.685,22.741,22.672,22.703,192058
718,2023-02-23 08:05:00,22.656,22.692,22.633,22.673,79728
719,2023-02-23 08:00:00,22.666,22.732,22.427,22.644,896760
720,2023-02-23 07:55:00,22.646,22.712,22.623,22.683,31081
721,2023-02-23 07:50:00,22.666,22.682,22.633,22.634,20377
722,2023-02-23 07:45:00,22.676,22.702,22.643,22.673,18768
723,2023-02-23 07:40:00,22.705,22.712,22.663,22.673,32465
724,2023-02-23 07:35:00,22.695,22.722,22.653,22.703,90799
725,2023-02-23 07:30:00,22.705,22.722,22.682,22.693,43396
726,2023-02-23 07:25:00,22.695,22.722,22.672,22.693,89619
727,2023-02-23 07:20:00,22.656,22.702,22.643,22.683,59676
728,2023-02-23 07:15:00,22.666,22.682,22.613,22.644,38045
729,2023-02-23 07:10:00,22.636,22.692,22.623,22.664,59215
730,2023-02-23 07:05:00,22.685,22.692,22.594,22.624,65208
731,2023-02-23 07:00:00,22.656,22.712,22.613,22.673,164175
732,2023-02-23 06:55:00,22.636,22.662,22.603,22.644,17671
733,2023-02-23 06:50:00,22.636,22.672,22.613,22.624,27816
734,2023-02-23 06:45:00,22.626,22.662,22.594,22.624,26568
735,2023-02-23 06:40:00,22.597,22.633,22.584,22.604,20184
736,2023-02-23 06:35:00,22.547,22.603,22.524,22.585,21452
737,2023-02-23 06:30:00,22.547,22.554,22.524,22.535,5811
738,2023-02-23 06:25:00,22.517,22.554,22.505,22.525,9294
739,2023-02-23 06:20:00,22.527,22.534,22.495,22.515,13884
740,2023-02-23 06:15:00,22.557,22.573,22.505,22.515,21774
741,2023-02-23 06:10:00,22.606,22.613,22.544,22.545,12657
742,2023-02-23 06:05:00,22.626,22.652,22.594,22.604,31741
743,2023-02-23 06:00:00,22.567,22.643,22.554,22.614,125697
744,2023-02-23 05:55:00,22.517,22.564,22.505,22.545,15048
745,2023-02-23 05:50:00,22.508,22.524,22.485,22.496,8505
746,2023-02-23 05:45:00,22.508,22.514,22.475,22.486,18233
747,2023-02-23 05:40:00,22.517,22.524,22.465,22.486,5740
748,2023-02-23 05:35:00,22.517,22.524,22.485,22.506,8554
749,2023-02-23 05:30:00,22.537,22.544,22.495,22.515,11320
750,2023-02-23 05:25:00,22.527,22.554,22.505,22.535,11488
751,2023-02-23 05:20:00,22.547,22.564,22.515,22.515,6423
752,2023-02-23 05:15:00,22.537,22.573,22.505,22.545,10192
753,2023-02-23 05:10:00,22.537,22.544,22.505,22.515,33073
754,2023-02-23 05:05:00,22.517,22.534,22.495,22.515,5440
755,2023-02-23 05:00:00,22.508,22.544,22.495,22.496,10124
756,2023-02-23 04:55:00,22.517,22.524,22.465,22.506,10443
757,2023-02-23 04:50:00,22.517,22.544,22.505,22.506,12713
758,2023-02-23 04:45:00,22.498,22.534,22.485,22.515,11435
759,2023-02-23 04:40:00,22.537,22.554,22.485,22.496,21948
760,2023-02-23 04:35:00,22.448,22.554,22.436,22.515,43219
761,2023-02-23 04:30:00,22.508,22.524,22.416,22.437,46057
762,2023-02-23 04:25:00,22.419,22.564,22.406,22.496,92062
763,2023-02-23 04:20:00,22.685,22.702,22.347,22.387,151753
764,2023-02-23 04:15:00,22.685,22.751,22.663,22.673,58926
765,2023-02-23 04:10:00,22.705,22.712,22.663,22.673,41242
766,2023-02-23 04:05:00,22.715,22.722,22.663,22.693,65307
767,2023-02-23 04:00:00,22.646,22.722,22.485,22.703,228289
768,2023-02-22 19:55:00,22.429,22.445,22.406,22.417,73275
769,2023-02-22 19:50:00,22.429,22.445,22.406,22.417,246410
770,2023-02-22 19:45:00,22.429,22.455,22.416,22.427,31890
771,2023-02-22 19:40:00,22.448,22.455,22.406,22.407,37408
772,2023-02-22 19:35:00,22.458,22.475,22.426,22.427,44082
773,2023-02-22 19:30:00,22.478,22.485,22.445,22.446,31125
774,2023-02-22 19:25:00,22.448,22.485,22.436,22.456,37217
775,2023-02-22 19:20:00,22.458,22.475,22.426,22.437,24395
776,2023-02-22 19:15:00,22.478,22.485,22.436,22.446,150753
777,2023-02-22 19:10:00,22.458,22.494,22.436,22.476,40643
778,2023-02-22 19:05:00,22.448,22.494,22.426,22.446,86564
779,2023-02-22 19:00:00,22.419,22.465,22.406,22.446,50178
780,2023-02-22 18:55:00,22.399,22.445,22.386,22.417,21673
781,2023-02-22 18:50:00,22.419,22.435,22.386,22.397,46697
782,2023-02-22 18:45:00,22.409,22.445,22.396,22.417,53897
783,2023-02-22 18:40:00,22.379,22.425,22.366,22.407,30978
784,2023-02-22 18:35:00,22.429,22.435,22.357,22.367,18122
785,2023-02-22 18:30:00,22.399,22.425,22.376,22.407,64395
786,2023-02-22 18:25:00,22.369,22.406,22.357,22.387,20709
787,2023-02-22 18:20:00,22.389,22.415,22.366,22.367,59615
788,2023-02-22 18:15:00,22.369,22.406,22.357,22.367,33939
789,2023-02-22 18:10:00,22.359,22.386,22.347,22.358,55115
790,2023-02-22 18:05:00,22.379,22.396,22.337,22.348,185860
791,2023-02-22 18:00:00,22.448,22.475,22.366,22.367,139222
792,2023-02-22 17:55:00,22.458,22.465,22.426,22.446,31488
793,2023-02-22 17:50:00,22.458,22.465,22.426,22.427,60864
794,2023-02-22 17:45:00,22.438,22.465,22.416,22.446,25047
795,2023-02-22 17:40:00,22.448,22.465,22.416,22.417,23943
796,2023-02-22 17:35:00,22.448,22.465,22.416,22.446,34559
797,2023-02-22 17:30:00,22.458,22.475,22.426,22.427,61231
798,2023-02-22 17:25:00,22.488,22.494,22.426,22.446,87658
799,2023-02-22 17:20:00,22.498,22.504,22.455,22.476,99056
800,2023-02-22 17:15:00,22.478,22.504,22.455,22.476,125532
801,2023-02-22 17:10:00,22.419,22.494,22.386,22.476,174563
802,2023-02-22 17:05:00,22.409,22.425,22.386,22.407,44269
803,2023-02-22 17:00:00,22.409,22.435,22.357,22.397,119086
804,2023-02-22 16:55:00,22.468,22.485,22.386,22.417,285708
805,2023-02-22 16:50:00,22.083,22.504,22.07,22.456,530413
806,2023-02-22 16:45:00,22.103,22.119,22.06,22.081,47369
807,2023-02-22 16:40:00,22.093,22.109,22.06,22.071,29100
808,2023-02-22 16:35:00,22.063,22.109,22.041,22.091,25564
809,2023-02-22 16:30:00,22.103,22.109,22.021,22.061,72986
810,2023-02-22 16:25:00,22.113,22.129,22.08,22.091,65192
811,2023-02-22 16:20:00,22.073,22.119,22.06,22.101,27419
812,2023-02-22 16:15:00,22.093,22.119,22.06,22.061,48161
813,2023-02-22 16:10:00,22.113,22.149,22.08,22.081,145963
814,2023-02-22 16:05:00,22.122,22.168,22.09,22.101,172524
815,2023-02-22 16:00:00,22.073,22.129,22.041,22.111,691515
816,2023-02-22 15:55:00,21.955,22.089,21.883,22.061,2325011
817,2023-02-22 15:50:00,21.905,21.996,21.774,21.938,2855752
818,2023-02-22 15:45:00,21.866,21.951,21.814,21.903,1217761
819,2023-02-22 15:40:00,21.856,21.951,21.814,21.864,1482620
820,2023-02-22 15:35:00,21.991,22.04,21.829,21.844,1227441
821,2023-02-22 15:30:00,21.915,22.03,21.853,21.982,1472597
822,2023-02-22 15:25:00,22.048,22.099,21.903,21.906,1614468
823,2023-02-22 15:20:00,21.962,22.079,21.873,22.037,1274514
824,2023-02-22 15:15:00,21.925,22.06,21.883,21.946,1539128
825,2023-02-22 15:10:00,21.945,22.01,21.873,21.913,1632324
826,2023-02-22 15:05:00,21.885,21.967,21.839,21.933,1274033
827,2023-02-22 15:00:00,21.866,21.931,21.804,21.867,1477249
828,2023-02-22 14:55:00,22.014,22.02,21.833,21.854,2360341
829,2023-02-22 14:50:00,22.201,22.228,21.991,22.005,2136097
830,2023-02-22 14:45:00,22.024,22.218,21.922,22.18,2180483
831,2023-02-22 14:40:00,22.063,22.104,21.903,22.022,1970620
832,2023-02-22 14:35:00,22.043,22.158,21.991,22.047,2007414
833,2023-02-22 14:30:00,22.162,22.178,21.953,22.032,2412412
834,2023-02-22 14:25:00,22.187,22.247,22.08,22.141,1921052
835,2023-02-22 14:20:00,22.289,22.386,22.125,22.174,2826002
836,2023-02-22 14:15:00,22.201,22.302,22.001,22.276,3867200
837,2023-02-22 14:10:00,22.406,22.504,22.11,22.2,5070795
838,2023-02-22 14:05:00,22.399,22.573,22.238,22.391,6038959
839,2023-02-22 14:00:00,22.34,22.475,22.051,22.387,7745876
840,2023-02-22 13:55:00,22.29,22.376,22.278,22.327,972462
841,2023-02-22 13:50:00,22.389,22.403,22.248,22.273,989310
842,2023-02-22 13:45:00,22.419,22.445,22.337,22.387,878788
843,2023-02-22 13:40:00,22.438,22.455,22.386,22.407,970231
844,2023-02-22 13:35:00,22.363,22.455,22.297,22.417,1009536
845,2023-02-22 13:30:00,22.419,22.445,22.297,22.352,1362918
846,2023-02-22 13:25:00,22.362,22.445,22.341,22.402,1497741
847,2023-02-22 13:20:00,22.325,22.384,22.288,22.352,904955
848,2023-02-22 13:15:00,22.295,22.346,22.278,22.316,938097
849,2023-02-22 13:10:00,22.34,22.356,22.258,22.288,1160815
850,2023-02-22 13:05:00,22.27,22.356,22.248,22.328,986512
851,2023-02-22 13:00:00,22.256,22.287,22.189,22.253,797411
852,2023-02-22 12:55:00,22.261,22.296,22.218,22.239,588709
853,2023-02-22 12:50:00,22.271,22.297,22.218,22.255,866491
854,2023-02-22 12:45:00,22.31,22.346,22.238,22.257,1500426
855,2023-02-22 12:40:00,22.261,22.326,22.238,22.289,1499481
856,2023-02-22 12:35:00,22.214,22.293,22.189,22.249,1348215
857,2023-02-22 12:30:00,22.172,22.247,22.159,22.205,860133
858,2023-02-22 12:25:00,22.201,22.247,22.149,22.154,1206343
859,2023-02-22 12:20:00,22.182,22.208,22.144,22.184,1118131
860,2023-02-22 12:15:00,22.043,22.208,22.031,22.17,1473755
861,2023-02-22 12:10:00,22.083,22.099,22.005,22.032,976485
862,2023-02-22 12:05:00,22.073,22.154,22.051,22.081,1130698
863,2023-02-22 12:00:00,22.122,22.129,22.005,22.061,670758
864,2023-02-22 11:55:00,22.004,22.129,21.962,22.103,945335
865,2023-02-22 11:50:00,21.991,22.089,21.967,21.996,1020665
866,2023-02-22 11:45:00,22.073,22.089,21.942,21.978,968292
867,2023-02-22 11:40:00,21.994,22.088,21.972,22.052,1196905
868,2023-02-22 11:35:00,22.104,22.168,21.962,21.982,1632461
869,2023-02-22 11:30:00,22.014,22.115,21.982,22.091,1082694
870,2023-02-22 11:25:00,22.083,22.109,21.982,22.002,967561
871,2023-02-22 11:20:00,22.004,22.129,21.991,22.071,1969640
872,2023-02-22 11:15:00,21.994,22.015,21.922,21.988,1122657
873,2023-02-22 11:10:00,22.113,22.129,21.952,21.982,1550306
874,2023-02-22 11:05:00,22.089,22.158,22.031,22.091,1325995
875,2023-02-22 11:00:00,22.072,22.149,22.031,22.071,1959387
876,2023-02-22 10:55:00,22.043,22.149,22.004,22.057,2868430
877,2023-02-22 10:50:00,21.969,22.07,21.922,22.022,2087681
878,2023-02-22 10:45:00,21.915,22.0,21.893,21.956,2198483
879,2023-02-22 10:40:00,21.774,21.941,21.762,21.903,1987398
880,2023-02-22 10:35:00,21.737,21.852,21.715,21.76,1813957
881,2023-02-22 10:30:00,21.846,21.892,21.695,21.716,3279860
882,2023-02-22 10:25:00,21.964,22.02,21.833,21.834,3255891
883,2023-02-22 10:20:00,21.794,21.991,21.774,21.953,3617400
884,2023-02-22 10:15:00,21.846,21.882,21.729,21.784,3033804
885,2023-02-22 10:10:00,21.991,22.0,21.794,21.835,3761029
886,2023-02-22 10:05:00,22.034,22.109,21.972,21.982,2385203
887,2023-02-22 10:00:00,22.192,22.218,22.011,22.012,3040267
888,2023-02-22 09:55:00,22.28,22.302,22.159,22.18,2048818
889,2023-02-22 09:50:00,22.429,22.445,22.238,22.274,2503197
890,2023-02-22 09:45:00,22.359,22.485,22.337,22.417,3466006
891,2023-02-22 09:40:00,22.33,22.415,22.268,22.348,2908775
892,2023-02-22 09:35:00,22.261,22.356,22.159,22.318,3009074
893,2023-02-22 09:30:00,22.172,22.366,22.144,22.259,4857129
894,2023-02-22 09:25:00,22.221,22.228,22.159,22.16,152691
895,2023-02-22 09:20:00,22.192,22.247,22.179,22.219,167344
896,2023-02-22 09:15:00,22.192,22.218,22.159,22.188,133630
897,2023-02-22 09:10:00,22.221,22.238,22.171,22.18,100890
898,2023-02-22 09:05:00,22.231,22.267,22.218,22.219,97526
899,2023-02-22 09:00:00,22.241,22.277,22.169,22.219,124472
900,2023-02-22 08:55:00,22.261,22.267,22.199,22.219,54037
901,2023-02-22 08:50:00,22.211,22.277,22.199,22.239,80906
902,2023-02-22 08:45:00,22.192,22.228,22.179,22.19,57760
903,2023-02-22 08:40:00,22.201,22.238,22.179,22.19,48813
904,2023-02-22 08:35:00,22.271,22.277,22.189,22.2,91738
905,2023-02-22 08:30:00,22.182,22.277,22.169,22.259,195202
906,2023-02-22 08:25:00,22.28,22.287,22.159,22.16,159747
907,2023-02-22 08:20:00,22.241,22.296,22.228,22.259,67420
908,2023-02-22 08:15:00,22.231,22.307,22.209,22.229,117997
909,2023-02-22 08:10:00,22.251,22.257,22.189,22.219,122292
910,2023-02-22 08:05:00,22.271,22.277,22.218,22.239,155791
911,2023-02-22 08:00:00,22.3,22.415,21.873,22.259,1222479
912,2023-02-22 07:55:00,22.28,22.336,22.268,22.308,68055
913,2023-02-22 07:50:00,22.31,22.317,22.258,22.259,29476
914,2023-02-22 07:45:00,22.31,22.336,22.278,22.298,77634
915,2023-02-22 07:40:00,22.34,22.415,22.297,22.298,121481
916,2023-02-22 07:35:00,22.33,22.396,22.317,22.328,157926
917,2023-02-22 07:30:00,22.3,22.346,22.268,22.328,101406
918,2023-02-22 07:25:00,22.271,22.326,22.248,22.288,196908
919,2023-02-22 07:20:00,22.152,22.297,22.139,22.259,153339
920,2023-02-22 07:15:00,22.122,22.159,22.1,22.14,48821
921,2023-02-22 07:10:00,22.113,22.139,22.09,22.111,41804
922,2023-02-22 07:05:00,22.053,22.159,22.031,22.121,111825
923,2023-02-22 07:00:00,22.034,22.089,22.001,22.042,81289
924,2023-02-22 06:55:00,22.004,22.05,21.991,22.032,27223
925,2023-02-22 06:50:00,21.915,22.03,21.903,22.002,39541
926,2023-02-22 06:45:00,21.925,21.981,21.883,21.903,27906
927,2023-02-22 06:40:00,21.905,21.931,21.883,21.903,59734
928,2023-02-22 06:35:00,21.925,21.971,21.853,21.884,80908
929,2023-02-22 06:30:00,21.994,22.0,21.903,21.923,37841
930,2023-02-22 06:25:00,22.034,22.05,21.952,21.963,20975
931,2023-02-22 06:20:00,22.043,22.05,21.991,22.012,30369
932,2023-02-22 06:15:00,22.053,22.06,22.001,22.032,21702
933,2023-02-22 06:10:00,22.073,22.079,22.011,22.032,23603
934,2023-02-22 06:05:00,22.073,22.109,22.06,22.071,14566
935,2023-02-22 06:00:00,22.083,22.089,22.051,22.061,10298
936,2023-02-22 05:55:00,22.083,22.089,22.051,22.061,11873
937,2023-02-22 05:50:00,22.073,22.099,22.051,22.061,10168
938,2023-02-22 05:45:00,22.113,22.149,22.07,22.071,15343
939,2023-02-22 05:40:00,22.043,22.119,22.031,22.101,45696
940,2023-02-22 05:35:00,22.014,22.06,22.001,22.002,15695
941,2023-02-22 05:30:00,22.024,22.05,21.991,22.002,10912
942,2023-02-22 05:25:00,22.024,22.07,22.011,22.022,10103
943,2023-02-22 05:20:00,22.043,22.05,21.962,22.002,59626
944,2023-02-22 05:15:00,22.004,22.079,21.991,22.042,29415
945,2023-02-22 05:10:00,22.063,22.079,21.972,21.973,51875
946,2023-02-22 05:05:00,22.093,22.139,22.06,22.061,47008
947,2023-02-22 05:00:00,22.122,22.139,22.06,22.081,17191
948,2023-02-22 04:55:00,22.162,22.188,22.09,22.101,73924
949,2023-02-22 04:50:00,22.083,22.168,22.07,22.14,62280
950,2023-02-22 04:45:00,22.004,22.099,21.991,22.071,29197
951,2023-02-22 04:40:00,21.994,22.03,21.952,22.002,47185
952,2023-02-22 04:35:00,22.014,22.02,21.903,21.982,73039
953,2023-02-22 04:30:00,22.063,22.079,21.991,21.992,99725
954,2023-02-22 04:25:00,22.103,22.119,22.051,22.061,40445
955,2023-02-22 04:20:00,22.103,22.159,22.09,22.091,35424
956,2023-02-22 04:15:00,22.132,22.139,22.06,22.091,63431
957,2023-02-22 04:10:00,22.113,22.149,22.08,22.131,42001
958,2023-02-22 04:05:00,22.122,22.168,22.09,22.091,106654
959,2023-02-22 04:00:00,22.043,22.129,22.031,22.111,209112
960,2023-02-21 19:55:00,22.152,22.178,22.13,22.16,135682
961,2023-02-21 19:50:00,22.152,22.159,22.12,22.14,172491
962,2023-02-21 19:45:00,22.122,22.159,22.1,22.131,91274
963,2023-02-21 19:40:00,22.112,22.129,22.09,22.111,41896
964,2023-02-21 19:35:00,22.122,22.139,22.1,22.101,17993
965,2023-02-21 19:30:00,22.132,22.188,22.11,22.111,23552
966,2023-02-21 19:25:00,22.132,22.139,22.09,22.121,25729
967,2023-02-21 19:20:00,22.132,22.139,22.1,22.12,19612
968,2023-02-21 19:15:00,22.132,22.149,22.11,22.121,15449
969,2023-02-21 19:10:00,22.161,22.168,22.11,22.121,25241
970,2023-02-21 19:05:00,22.162,22.178,22.139,22.16,14180
971,2023-02-21 19:00:00,22.132,22.188,22.12,22.15,61693
972,2023-02-21 18:55:00,22.093,22.149,22.08,22.121,111733
973,2023-02-21 18:50:00,22.093,22.119,22.07,22.081,13713
974,2023-02-21 18:45:00,22.113,22.119,22.06,22.071,16046
975,2023-02-21 18:40:00,22.103,22.119,22.08,22.101,19648
976,2023-02-21 18:35:00,22.083,22.119,22.06,22.081,11931
977,2023-02-21 18:30:00,22.103,22.129,22.06,22.061,40786
978,2023-02-21 18:25:00,22.093,22.11,22.07,22.091,73839
979,2023-02-21 18:20:00,22.073,22.099,22.041,22.081,55782
980,2023-02-21 18:15:00,22.083,22.099,22.051,22.061,68159
981,2023-02-21 18:10:00,22.103,22.109,22.07,22.081,16157
982,2023-02-21 18:05:00,22.132,22.139,22.08,22.091,19149
983,2023-02-21 18:00:00,22.113,22.13,22.06,22.101,43853
984,2023-02-21 17:55:00,22.122,22.129,22.09,22.091,14941
985,2023-02-21 17:50:00,22.093,22.129,22.08,22.111,17190
986,2023-02-21 17:45:00,22.093,22.119,22.08,22.081,19174
987,2023-02-21 17:40:00,22.113,22.119,22.08,22.091,17646
988,2023-02-21 17:35:00,22.103,22.119,22.09,22.101,20054
989,2023-02-21 17:30:00,22.113,22.119,22.09,22.091,3283
990,2023-02-21 17:25:00,22.122,22.129,22.09,22.101,11015
991,2023-02-21 17:20:00,22.113,22.129,22.1,22.111,6726
992,2023-02-21 17:15:00,22.113,22.129,22.1,22.111,12748
993,2023-02-21 17:10:00,22.113,22.129,22.1,22.111,7114
994,2023-02-21 17:05:00,22.132,22.139,22.1,22.101,26671
995,2023-02-21 17:00:00,22.132,22.139,22.11,22.121,13908
996,2023-02-21 16:55:00,22.122,22.139,22.1,22.111,44809
997,2023-02-21 16:50:00,22.113,22.129,22.1,22.111,32061
998,2023-02-21 16:45:00,22.103,22.129,22.08,22.091,40762
999,2023-02-21 16:40:00,22.104,22.119,22.08,22.091,48786
1000,2023-02-21 16:35:00,22.113,22.139,22.09,22.101,34582
1001,2023-02-21 16:30:00,22.132,22.149,22.1,22.111,66508
1002,2023-02-21 16:25:00,22.122,22.159,22.11,22.111,119373
1003,2023-02-21 16:20:00,22.103,22.149,22.07,22.111,194276
1004,2023-02-21 16:15:00,22.122,22.139,22.08,22.091,92778
1005,2023-02-21 16:10:00,22.113,22.149,22.1,22.121,262900
1006,2023-02-21 16:05:00,22.152,22.168,22.09,22.091,236517
1007,2023-02-21 16:00:00,22.043,22.159,22.031,22.14,1166884
1008,2023-02-21 15:55:00,22.083,22.129,22.001,22.037,4858937
1009,2023-02-21 15:50:00,22.182,22.228,22.041,22.062,3223123
1010,2023-02-21 15:45:00,22.142,22.218,22.11,22.169,1672060
1011,2023-02-21 15:40:00,22.113,22.149,22.06,22.126,1258956
1012,2023-02-21 15:35:00,22.211,22.237,22.07,22.091,1306897
1013,2023-02-21 15:30:00,22.124,22.238,22.11,22.2,1947655
1014,2023-02-21 15:25:00,22.172,22.188,22.06,22.112,1149304
1015,2023-02-21 15:20:00,22.132,22.198,22.07,22.16,1442100
1016,2023-02-21 15:15:00,22.132,22.178,22.09,22.118,1464251
1017,2023-02-21 15:10:00,22.172,22.198,22.11,22.121,1848003
1018,2023-02-21 15:05:00,22.295,22.317,22.149,22.16,1564557
1019,2023-02-21 15:00:00,22.211,22.307,22.159,22.285,1333424
1020,2023-02-21 14:55:00,22.241,22.274,22.149,22.198,905404
1021,2023-02-21 14:50:00,22.28,22.295,22.199,22.224,896235
1022,2023-02-21 14:45:00,22.29,22.336,22.238,22.269,1590562
1023,2023-02-21 14:40:00,22.258,22.307,22.159,22.277,1924683
1024,2023-02-21 14:35:00,22.261,22.297,22.179,22.245,1053071
1025,2023-02-21 14:30:00,22.182,22.267,22.139,22.249,1620116
1026,2023-02-21 14:25:00,22.132,22.238,22.1,22.173,1520977
1027,2023-02-21 14:20:00,22.122,22.159,22.09,22.111,1653025
1028,2023-02-21 14:15:00,22.199,22.228,22.11,22.111,1167350
1029,2023-02-21 14:10:00,22.211,22.228,22.159,22.18,1152821
1030,2023-02-21 14:05:00,22.251,22.277,22.189,22.19,1266461
1031,2023-02-21 14:00:00,22.28,22.297,22.209,22.229,1376827
1032,2023-02-21 13:55:00,22.285,22.297,22.238,22.278,550014
1033,2023-02-21 13:50:00,22.31,22.317,22.248,22.273,577569
1034,2023-02-21 13:45:00,22.31,22.376,22.281,22.298,745683
1035,2023-02-21 13:40:00,22.271,22.336,22.238,22.291,809740
1036,2023-02-21 13:35:00,22.275,22.317,22.258,22.264,582449
1037,2023-02-21 13:30:00,22.33,22.346,22.258,22.263,820043
1038,2023-02-21 13:25:00,22.35,22.381,22.268,22.323,1292642
1039,2023-02-21 13:20:00,22.35,22.415,22.317,22.34,921484
1040,2023-02-21 13:15:00,22.35,22.396,22.311,22.338,1617953
1041,2023-02-21 13:10:00,22.404,22.42,22.327,22.338,1198822
1042,2023-02-21 13:05:00,22.478,22.504,22.376,22.392,1046069
1043,2023-02-21 13:00:00,22.488,22.504,22.436,22.47,926188
1044,2023-02-21 12:55:00,22.468,22.504,22.426,22.469,1001575
1045,2023-02-21 12:50:00,22.418,22.485,22.393,22.451,1455663
1046,2023-02-21 12:45:00,22.379,22.435,22.337,22.407,721201
1047,2023-02-21 12:40:00,22.388,22.445,22.337,22.377,791938
1048,2023-02-21 12:35:00,22.389,22.43,22.327,22.377,1063599
1049,2023-02-21 12:30:00,22.33,22.406,22.297,22.377,1327730
1050,2023-02-21 12:25:00,22.389,22.396,22.307,22.318,1036782
1051,2023-02-21 12:20:00,22.41,22.445,22.357,22.377,1175738
1052,2023-02-21 12:15:00,22.364,22.425,22.307,22.401,1084654
1053,2023-02-21 12:10:00,22.404,22.415,22.307,22.358,1497197
1054,2023-02-21 12:05:00,22.359,22.445,22.347,22.393,991348
1055,2023-02-21 12:00:00,22.359,22.415,22.317,22.348,1259356
1056,2023-02-21 11:55:00,22.399,22.435,22.317,22.348,1418016
1057,2023-02-21 11:50:00,22.458,22.465,22.357,22.397,1089308
1058,2023-02-21 11:45:00,22.474,22.514,22.416,22.456,1257459
1059,2023-02-21 11:40:00,22.389,22.504,22.337,22.446,1912479
1060,2023-02-21 11:35:00,22.399,22.485,22.366,22.368,1722707
1061,2023-02-21 11:30:00,22.429,22.465,22.317,22.377,2311860
1062,2023-02-21 11:25:00,22.465,22.524,22.376,22.417,2736084
1063,2023-02-21 11:20:00,22.468,22.514,22.426,22.446,1510739
1064,2023-02-21 11:15:00,22.544,22.579,22.426,22.456,2411454
1065,2023-02-21 11:10:00,22.498,22.554,22.455,22.525,1797205
1066,2023-02-21 11:05:00,22.577,22.593,22.475,22.48,1960078
1067,2023-02-21 11:00:00,22.582,22.682,22.558,22.575,1532755
1068,2023-02-21 10:55:00,22.562,22.613,22.524,22.565,1304158
1069,2023-02-21 10:50:00,22.616,22.672,22.534,22.555,1245354
1070,2023-02-21 10:45:00,22.661,22.741,22.554,22.609,1845202
1071,2023-02-21 10:40:00,22.626,22.815,22.603,22.654,3172399
1072,2023-02-21 10:35:00,22.631,22.751,22.594,22.614,2080818
1073,2023-02-21 10:30:00,22.567,22.672,22.524,22.619,1946318
1074,2023-02-21 10:25:00,22.66,22.672,22.534,22.558,1963174
1075,2023-02-21 10:20:00,22.646,22.751,22.594,22.654,1996262
1076,2023-02-21 10:15:00,22.602,22.682,22.544,22.644,2877644
1077,2023-02-21 10:10:00,22.745,22.791,22.544,22.59,4012787
1078,2023-02-21 10:05:00,22.774,22.88,22.702,22.743,3110543
1079,2023-02-21 10:00:00,22.804,22.899,22.722,22.772,2585020
1080,2023-02-21 09:55:00,22.942,23.024,22.732,22.798,3250222
1081,2023-02-21 09:50:00,22.952,23.048,22.781,22.939,3249515
1082,2023-02-21 09:45:00,23.11,23.166,22.899,22.93,4862544
1083,2023-02-21 09:40:00,23.031,23.166,23.002,23.098,3709613
1084,2023-02-21 09:35:00,22.926,23.048,22.899,23.029,3283398
1085,2023-02-21 09:30:00,22.824,22.959,22.751,22.915,5368030
1086,2023-02-21 09:25:00,22.883,22.89,22.781,22.802,297714
1087,2023-02-21 09:20:00,22.873,22.919,22.84,22.871,212429
1088,2023-02-21 09:15:00,22.903,22.949,22.86,22.871,164645
1089,2023-02-21 09:10:00,22.913,22.929,22.86,22.891,200816
1090,2023-02-21 09:05:00,22.903,22.959,22.889,22.9,195885
1091,2023-02-21 09:00:00,22.883,22.919,22.859,22.881,183847
1092,2023-02-21 08:55:00,22.922,22.959,22.86,22.871,172725
1093,2023-02-21 08:50:00,22.962,22.969,22.87,22.91,158886
1094,2023-02-21 08:45:00,22.922,22.978,22.89,22.95,119161
1095,2023-02-21 08:40:00,22.972,23.018,22.89,22.9,167542
1096,2023-02-21 08:35:00,23.021,23.038,22.949,22.96,83843
1097,2023-02-21 08:30:00,22.942,23.038,22.929,22.999,223386
1098,2023-02-21 08:25:00,22.942,22.949,22.88,22.92,161021
1099,2023-02-21 08:20:00,22.992,22.998,22.899,22.93,134893
1100,2023-02-21 08:15:00,22.954,23.008,22.929,22.979,166159
1101,2023-02-21 08:10:00,22.952,22.998,22.919,22.94,112058
1102,2023-02-21 08:05:00,22.962,22.978,22.929,22.93,107560
1103,2023-02-21 08:00:00,23.011,23.581,22.84,22.96,970982
1104,2023-02-21 07:55:00,23.071,23.077,23.008,23.009,30675
1105,2023-02-21 07:50:00,23.071,23.107,23.038,23.058,33963
1106,2023-02-21 07:45:00,23.031,23.087,23.018,23.058,74501
1107,2023-02-21 07:40:00,23.051,23.067,22.988,23.019,47582
1108,2023-02-21 07:35:00,23.041,23.077,23.028,23.049,40620
1109,2023-02-21 07:30:00,23.001,23.077,22.988,23.039,58828
1110,2023-02-21 07:25:00,22.962,23.018,22.929,22.989,69175
1111,2023-02-21 07:20:00,23.001,23.028,22.949,22.95,139771
1112,2023-02-21 07:15:00,23.001,23.038,22.978,22.989,47184
1113,2023-02-21 07:10:00,22.992,23.028,22.969,22.989,50717
1114,2023-02-21 07:05:00,23.071,23.087,22.959,22.97,118865
1115,2023-02-21 07:00:00,23.13,23.156,23.038,23.068,106338
1116,2023-02-21 06:55:00,23.14,23.146,23.067,23.098,22318
1117,2023-02-21 06:50:00,23.159,23.166,23.107,23.127,33646
1118,2023-02-21 06:45:00,23.11,23.176,23.097,23.137,23435
1119,2023-02-21 06:40:00,23.159,23.166,23.107,23.118,5023
1120,2023-02-21 06:35:00,23.14,23.176,23.117,23.157,7790
1121,2023-02-21 06:30:00,23.13,23.156,23.087,23.098,13804
1122,2023-02-21 06:25:00,23.15,23.176,23.107,23.118,20351
1123,2023-02-21 06:20:00,23.14,23.186,23.107,23.137,13404
1124,2023-02-21 06:15:00,23.1,23.137,23.077,23.118,30716
1125,2023-02-21 06:10:00,23.061,23.077,23.038,23.049,14091
1126,2023-02-21 06:05:00,23.041,23.097,23.018,23.049,32896
1127,2023-02-21 06:00:00,23.041,23.087,22.988,23.039,49381
1128,2023-02-21 05:55:00,23.09,23.097,23.018,23.019,21201
1129,2023-02-21 05:50:00,23.11,23.176,23.087,23.088,29130
1130,2023-02-21 05:45:00,23.1,23.137,23.067,23.098,55989
1131,2023-02-21 05:40:00,23.11,23.137,23.077,23.078,27592
1132,2023-02-21 05:35:00,23.1,23.137,23.057,23.108,25521
1133,2023-02-21 05:30:00,23.13,23.137,23.087,23.108,35031
1134,2023-02-21 05:25:00,23.09,23.127,23.028,23.108,41554
1135,2023-02-21 05:20:00,23.1,23.137,23.087,23.088,19661
1136,2023-02-21 05:15:00,23.11,23.117,23.057,23.078,61504
1137,2023-02-21 05:10:00,23.159,23.196,23.107,23.118,31066
1138,2023-02-21 05:05:00,23.15,23.166,23.117,23.137,16321
1139,2023-02-21 05:00:00,23.199,23.235,23.117,23.127,37471
1140,2023-02-21 04:55:00,23.298,23.314,23.176,23.187,84574
1141,2023-02-21 04:50:00,23.11,23.334,23.077,23.256,156051
1142,2023-02-21 04:45:00,23.09,23.117,23.038,23.098,26145
1143,2023-02-21 04:40:00,23.061,23.117,23.038,23.078,69597
1144,2023-02-21 04:35:00,23.061,23.087,22.978,23.029,44417
1145,2023-02-21 04:30:00,22.972,23.077,22.949,23.029,102350
1146,2023-02-21 04:25:00,22.893,23.018,22.88,22.96,91068
1147,2023-02-21 04:20:00,22.922,22.939,22.821,22.871,78318
1148,2023-02-21 04:15:00,22.972,23.018,22.909,22.91,109158
1149,2023-02-21 04:10:00,22.883,23.008,22.86,22.96,74963
1150,2023-02-21 04:05:00,22.853,22.919,22.83,22.881,134200
1151,2023-02-21 04:00:00,22.903,23.393,22.791,22.851,200205
1152,2023-02-17 19:55:00,23.722,23.789,23.709,23.769,50990
1153,2023-02-17 19:50:00,23.737,23.759,23.709,23.72,38042
1154,2023-02-17 19:45:00,23.747,23.759,23.719,23.73,18793
1155,2023-02-17 19:40:00,23.762,23.779,23.729,23.739,28554
1156,2023-02-17 19:35:00,23.772,23.779,23.738,23.759,34941
1157,2023-02-17 19:30:00,23.782,23.798,23.748,23.749,12082
1158,2023-02-17 19:25:00,23.777,23.798,23.763,23.769,10003
1159,2023-02-17 19:20:00,23.782,23.789,23.748,23.769,17060
1160,2023-02-17 19:15:00,23.762,23.789,23.748,23.759,13177
1161,2023-02-17 19:10:00,23.787,23.798,23.748,23.759,17040
1162,2023-02-17 19:05:00,23.782,23.798,23.758,23.769,24701
1163,2023-02-17 19:00:00,23.782,23.789,23.758,23.769,9371
1164,2023-02-17 18:55:00,23.792,23.798,23.758,23.759,25971
1165,2023-02-17 18:50:00,23.762,23.808,23.748,23.769,44052
1166,2023-02-17 18:45:00,23.732,23.769,23.719,23.749,46212
1167,2023-02-17 18:40:00,23.722,23.749,23.699,23.72,33602
1168,2023-02-17 18:35:00,23.742,23.749,23.699,23.7,11873
1169,2023-02-17 18:30:00,23.722,23.749,23.699,23.73,36874
1170,2023-02-17 18:25:00,23.683,23.729,23.669,23.71,28256
1171,2023-02-17 18:20:00,23.683,23.7,23.65,23.67,20180
1172,2023-02-17 18:15:00,23.693,23.7,23.66,23.67,82910
1173,2023-02-17 18:10:00,23.693,23.7,23.669,23.67,11075
1174,2023-02-17 18:05:00,23.693,23.7,23.669,23.67,11890
1175,2023-02-17 18:00:00,23.703,23.71,23.679,23.68,8679
1176,2023-02-17 17:55:00,23.693,23.7,23.669,23.68,17213
1177,2023-02-17 17:50:00,23.683,23.7,23.669,23.67,5850
1178,2023-02-17 17:45:00,23.683,23.7,23.669,23.67,5070
1179,2023-02-17 17:40:00,23.693,23.7,23.669,23.68,6606
1180,2023-02-17 17:35:00,23.693,23.71,23.669,23.68,9898
1181,2023-02-17 17:30:00,23.683,23.7,23.669,23.68,3972
1182,2023-02-17 17:25:00,23.683,23.7,23.669,23.67,4303
1183,2023-02-17 17:20:00,23.693,23.7,23.669,23.68,6539
1184,2023-02-17 17:15:00,23.693,23.7,23.66,23.67,22337
1185,2023-02-17 17:10:00,23.693,23.71,23.66,23.661,18513
1186,2023-02-17 17:05:00,23.693,23.71,23.679,23.68,10046
1187,2023-02-17 17:00:00,23.703,23.71,23.669,23.69,11648
1188,2023-02-17 16:55:00,23.703,23.71,23.679,23.69,27875
1189,2023-02-17 16:50:00,23.703,23.719,23.679,23.69,33474
1190,2023-02-17 16:45:00,23.693,23.71,23.67,23.69,9069
1191,2023-02-17 16:40:00,23.703,23.71,23.679,23.68,20732
1192,2023-02-17 16:35:00,23.703,23.71,23.679,23.69,39726
1193,2023-02-17 16:30:00,23.703,23.71,23.66,23.69,32654
1194,2023-02-17 16:25:00,23.703,23.719,23.669,23.7,28348
1195,2023-02-17 16:20:00,23.713,23.719,23.669,23.69,20705
1196,2023-02-17 16:15:00,23.693,23.729,23.669,23.7,42765
1197,2023-02-17 16:10:00,23.703,23.739,23.66,23.699,99682
1198,2023-02-17 16:05:00,23.732,23.739,23.679,23.682,133714
1199,2023-02-17 16:00:00,23.742,23.759,23.689,23.73,435979
1200,2023-02-17 15:55:00,23.683,23.808,23.669,23.73,4625309
1201,2023-02-17 15:50:00,23.604,23.769,23.59,23.664,3521484
1202,2023-02-17 15:45:00,23.624,23.68,23.561,23.591,1703478
1203,2023-02-17 15:40:00,23.643,23.7,23.6,23.611,1335276
1204,2023-02-17 15:35:00,23.683,23.769,23.6,23.626,2810073
1205,2023-02-17 15:30:00,23.545,23.7,23.502,23.663,2063916
1206,2023-02-17 15:25:00,23.625,23.69,23.502,23.538,1710242
1207,2023-02-17 15:20:00,23.658,23.729,23.551,23.615,1991854
1208,2023-02-17 15:15:00,23.699,23.759,23.59,23.651,2103976
1209,2023-02-17 15:10:00,23.767,23.798,23.63,23.681,1894749
1210,2023-02-17 15:05:00,23.717,23.789,23.61,23.753,2955951
1211,2023-02-17 15:00:00,23.742,23.838,23.699,23.703,3665255
1212,2023-02-17 14:55:00,23.683,23.779,23.669,23.726,2584548
1213,2023-02-17 14:50:00,23.594,23.71,23.571,23.665,2821805
1214,2023-02-17 14:45:00,23.495,23.601,23.452,23.572,1778113
1215,2023-02-17 14:40:00,23.62,23.63,23.472,23.483,1942430
1216,2023-02-17 14:35:00,23.569,23.64,23.531,23.611,1566939
1217,2023-02-17 14:30:00,23.461,23.601,23.446,23.562,2355788
1218,2023-02-17 14:25:00,23.516,23.532,23.417,23.448,1755155
1219,2023-02-17 14:20:00,23.317,23.542,23.304,23.508,2740845
1220,2023-02-17 14:15:00,23.263,23.374,23.225,23.31,1290153
1221,2023-02-17 14:10:00,23.347,23.388,23.225,23.256,1597983
1222,2023-02-17 14:05:00,23.347,23.403,23.319,23.325,1322816
1223,2023-02-17 14:00:00,23.258,23.403,23.245,23.335,3028027
1224,2023-02-17 13:55:00,23.189,23.265,23.151,23.241,902132
1225,2023-02-17 13:50:00,23.258,23.285,23.156,23.177,1673558
1226,2023-02-17 13:45:00,23.248,23.314,23.225,23.249,1328466
1227,2023-02-17 13:40:00,23.219,23.295,23.186,23.236,1280278
1228,2023-02-17 13:35:00,23.175,23.251,23.146,23.213,1573116
1229,2023-02-17 13:30:00,23.12,23.186,23.067,23.157,988306
1230,2023-02-17 13:25:00,23.14,23.166,23.057,23.118,1483243
1231,2023-02-17 13:20:00,23.263,23.275,23.107,23.122,1277240
1232,2023-02-17 13:15:00,23.252,23.324,23.235,23.246,1239209
1233,2023-02-17 13:10:00,23.209,23.314,23.196,23.24,2077486
1234,2023-02-17 13:05:00,23.09,23.235,23.067,23.201,1644617
1235,2023-02-17 13:00:00,23.11,23.156,23.048,23.088,1194076
1236,2023-02-17 12:55:00,23.041,23.146,23.008,23.092,1796834
1237,2023-02-17 12:50:00,23.114,23.146,22.998,23.029,2324571
1238,2023-02-17 12:45:00,23.17,23.222,23.097,23.104,1403864
1239,2023-02-17 12:40:00,23.234,23.255,23.146,23.167,1468708
1240,2023-02-17 12:35:00,23.248,23.304,23.186,23.216,1300954
1241,2023-02-17 12:30:00,23.268,23.304,23.215,23.231,982593
1242,2023-02-17 12:25:00,23.283,23.36,23.245,23.26,1288051
1243,2023-02-17 12:20:00,23.3,23.344,23.218,23.266,1326629
1244,2023-02-17 12:15:00,23.411,23.453,23.284,23.285,1728342
1245,2023-02-17 12:10:00,23.395,23.502,23.363,23.398,2490950
1246,2023-02-17 12:05:00,23.278,23.419,23.265,23.374,1921776
1247,2023-02-17 12:00:00,23.234,23.364,23.209,23.272,1938376
1248,2023-02-17 11:55:00,23.169,23.245,23.107,23.226,1451162
1249,2023-02-17 11:50:00,23.322,23.334,23.136,23.167,1617814
1250,2023-02-17 11:45:00,23.273,23.384,23.254,23.295,2490734
1251,2023-02-17 11:40:00,23.238,23.3,23.176,23.266,1943824
1252,2023-02-17 11:35:00,23.179,23.265,23.122,23.236,2234477
1253,2023-02-17 11:30:00,23.179,23.196,23.057,23.157,3021636
1254,2023-02-17 11:25:00,23.185,23.245,23.127,23.161,1989342
1255,2023-02-17 11:20:00,23.308,23.324,23.156,23.172,3031667
1256,2023-02-17 11:15:00,23.377,23.408,23.265,23.305,1448015
1257,2023-02-17 11:10:00,23.317,23.423,23.304,23.364,1397950
1258,2023-02-17 11:05:00,23.288,23.443,23.275,23.308,2764065
1259,2023-02-17 11:00:00,23.321,23.354,23.205,23.283,2644097
1260,2023-02-17 10:55:00,23.386,23.443,23.284,23.305,1781078
1261,2023-02-17 10:50:00,23.436,23.463,23.314,23.368,1639631
1262,2023-02-17 10:45:00,23.426,23.512,23.334,23.428,2228287
1263,2023-02-17 10:40:00,23.613,23.63,23.403,23.414,2869088
1264,2023-02-17 10:35:00,23.648,23.853,23.541,23.597,3653289
1265,2023-02-17 10:30:00,23.515,23.69,23.482,23.641,3162015
1266,2023-02-17 10:25:00,23.59,23.647,23.482,23.507,2809838
1267,2023-02-17 10:20:00,23.713,23.818,23.571,23.576,3484388
1268,2023-02-17 10:15:00,23.515,23.759,23.432,23.704,4320156
1269,2023-02-17 10:10:00,23.436,23.63,23.373,23.508,3430239
1270,2023-02-17 10:05:00,23.535,23.561,23.383,23.424,2970288
1271,2023-02-17 10:00:00,23.382,23.591,23.354,23.522,4267982
1272,2023-02-17 09:55:00,23.238,23.403,23.186,23.364,3588744
1273,2023-02-17 09:50:00,23.317,23.398,23.196,23.231,3838246
1274,2023-02-17 09:45:00,23.505,23.512,23.275,23.299,4832169
1275,2023-02-17 09:40:00,23.564,23.67,23.472,23.485,3993810
1276,2023-02-17 09:35:00,23.88,23.937,23.551,23.557,5799774
1277,2023-02-17 09:30:00,23.732,23.897,23.63,23.873,6053400
1278,2023-02-17 09:25:00,23.841,23.907,23.709,23.73,478500
1279,2023-02-17 09:20:00,23.831,23.848,23.788,23.828,252155
1280,2023-02-17 09:15:00,23.801,23.848,23.758,23.818,256689
1281,2023-02-17 09:10:00,23.762,23.828,23.748,23.789,258215
1282,2023-02-17 09:05:00,23.772,23.798,23.709,23.749,475641
1283,2023-02-17 09:00:00,23.732,23.779,23.699,23.759,322323
1284,2023-02-17 08:55:00,23.722,23.769,23.689,23.729,160661
1285,2023-02-17 08:50:00,23.772,23.789,23.62,23.7,178961
1286,2023-02-17 08:45:00,23.663,23.808,23.65,23.759,203803
1287,2023-02-17 08:40:00,23.683,23.7,23.63,23.641,85266
1288,2023-02-17 08:35:00,23.722,23.749,23.65,23.68,149641
1289,2023-02-17 08:30:00,23.624,23.739,23.591,23.72,193532
1290,2023-02-17 08:25:00,23.584,23.64,23.561,23.601,110818
1291,2023-02-17 08:20:00,23.673,23.69,23.551,23.572,182316
1292,2023-02-17 08:15:00,23.643,23.71,23.63,23.661,132787
1293,2023-02-17 08:10:00,23.633,23.65,23.59,23.621,72638
1294,2023-02-17 08:05:00,23.663,23.68,23.6,23.621,115594
1295,2023-02-17 08:00:00,23.634,23.937,23.452,23.651,853175
1296,2023-02-17 07:55:00,23.693,23.729,23.669,23.67,185367
1297,2023-02-17 07:50:00,23.703,23.719,23.669,23.68,77245
1298,2023-02-17 07:45:00,23.742,23.759,23.679,23.69,94047
1299,2023-02-17 07:40:00,23.713,23.759,23.689,23.73,83942
1300,2023-02-17 07:35:00,23.594,23.729,23.581,23.7,64166
1301,2023-02-17 07:30:00,23.633,23.64,23.581,23.582,45557
1302,2023-02-17 07:25:00,23.643,23.71,23.62,23.621,88343
1303,2023-02-17 07:20:00,23.713,23.719,23.62,23.631,90281
1304,2023-02-17 07:15:00,23.703,23.729,23.669,23.7,61529
1305,2023-02-17 07:10:00,23.663,23.71,23.64,23.69,56864
1306,2023-02-17 07:05:00,23.653,23.7,23.64,23.641,93993
1307,2023-02-17 07:00:00,23.614,23.67,23.571,23.641,118408
1308,2023-02-17 06:55:00,23.545,23.611,23.531,23.591,30477
1309,2023-02-17 06:50:00,23.574,23.601,23.521,23.542,23026
1310,2023-02-17 06:45:00,23.594,23.601,23.541,23.572,16005
1311,2023-02-17 06:40:00,23.505,23.611,23.492,23.552,15166
1312,2023-02-17 06:35:00,23.535,23.561,23.482,23.503,23290
1313,2023-02-17 06:30:00,23.614,23.621,23.521,23.532,12405
1314,2023-02-17 06:25:00,23.594,23.64,23.581,23.611,40484
1315,2023-02-17 06:20:00,23.545,23.611,23.521,23.582,67853
1316,2023-02-17 06:15:00,23.515,23.551,23.502,23.532,19889
1317,2023-02-17 06:10:00,23.485,23.551,23.462,23.503,31293
1318,2023-02-17 06:05:00,23.535,23.542,23.452,23.473,63695
1319,2023-02-17 06:00:00,23.535,23.581,23.492,23.522,46208
1320,2023-02-17 05:55:00,23.584,23.601,23.531,23.532,68334
1321,2023-02-17 05:50:00,23.633,23.65,23.581,23.582,11200
1322,2023-02-17 05:45:00,23.604,23.63,23.581,23.601,30692
1323,2023-02-17 05:40:00,23.594,23.64,23.581,23.591,16695
1324,2023-02-17 05:35:00,23.604,23.611,23.571,23.582,25902
1325,2023-02-17 05:30:00,23.653,23.66,23.59,23.591,25987
1326,2023-02-17 05:25:00,23.604,23.69,23.581,23.641,70179
1327,2023-02-17 05:20:00,23.624,23.63,23.551,23.582,64987
1328,2023-02-17 05:15:00,23.643,23.68,23.62,23.631,52098
1329,2023-02-17 05:10:00,23.653,23.68,23.63,23.641,32042
1330,2023-02-17 05:05:00,23.673,23.68,23.6,23.641,62618
1331,2023-02-17 05:00:00,23.673,23.7,23.63,23.661,63929
1332,2023-02-17 04:55:00,23.713,23.719,23.62,23.661,64590
1333,2023-02-17 04:50:00,23.752,23.789,23.709,23.71,34067
1334,2023-02-17 04:45:00,23.762,23.779,23.719,23.739,14966
1335,2023-02-17 04:40:00,23.772,23.789,23.738,23.759,28370
1336,2023-02-17 04:35:00,23.792,23.808,23.748,23.749,53644
1337,2023-02-17 04:30:00,23.752,23.848,23.729,23.779,118498
1338,2023-02-17 04:25:00,23.673,23.739,23.66,23.72,62552
1339,2023-02-17 04:20:00,23.643,23.7,23.61,23.67,29755
1340,2023-02-17 04:15:00,23.643,23.67,23.6,23.621,41136
1341,2023-02-17 04:10:00,23.663,23.67,23.6,23.631,38686
1342,2023-02-17 04:05:00,23.604,23.68,23.571,23.661,89618
1343,2023-02-17 04:00:00,23.643,23.947,23.561,23.591,334423
1344,2023-02-16 19:55:00,23.959,23.986,23.946,23.947,64112
1345,2023-02-16 19:50:00,23.959,23.976,23.936,23.947,19961
1346,2023-02-16 19:45:00,23.989,23.996,23.946,23.957,51750
1347,2023-02-16 19:40:00,23.969,23.996,23.956,23.967,50141
1348,2023-02-16 19:35:00,23.969,23.976,23.936,23.957,60346
1349,2023-02-16 19:30:00,23.93,23.996,23.906,23.957,26026
1350,2023-02-16 19:25:00,23.95,23.966,23.896,23.917,20912
1351,2023-02-16 19:20:00,23.959,23.976,23.936,23.937,24946
1352,2023-02-16 19:15:00,23.989,23.996,23.936,23.957,20535
1353,2023-02-16 19:10:00,23.979,23.996,23.956,23.967,16884
1354,2023-02-16 19:05:00,23.969,23.996,23.946,23.976,40146
1355,2023-02-16 19:00:00,23.95,23.976,23.916,23.957,48691
1356,2023-02-16 18:55:00,23.93,23.966,23.906,23.927,87733
1357,2023-02-16 18:50:00,23.95,23.957,23.906,23.907,39513
1358,2023-02-16 18:45:00,23.969,23.986,23.926,23.927,23461
1359,2023-02-16 18:40:00,23.969,23.986,23.936,23.967,42548
1360,2023-02-16 18:35:00,23.969,24.006,23.946,23.957,16328
1361,2023-02-16 18:30:00,23.969,23.996,23.946,23.957,48468
1362,2023-02-16 18:25:00,23.979,24.006,23.936,23.957,126666
1363,2023-02-16 18:20:00,23.92,23.986,23.906,23.967,70800
1364,2023-02-16 18:15:00,23.95,23.986,23.906,23.917,370162
1365,2023-02-16 18:10:00,23.989,24.006,23.946,23.947,115387
1366,2023-02-16 18:05:00,23.959,24.026,23.936,23.976,131173
1367,2023-02-16 18:00:00,24.137,24.144,23.946,23.947,220130
1368,2023-02-16 17:55:00,24.147,24.164,24.114,24.124,10200
1369,2023-02-16 17:50:00,24.118,24.164,24.104,24.144,47071
1370,2023-02-16 17:45:00,24.147,24.154,24.104,24.115,22891
1371,2023-02-16 17:40:00,24.127,24.154,24.104,24.124,39541
1372,2023-02-16 17:35:00,24.127,24.144,24.104,24.124,11913
1373,2023-02-16 17:30:00,24.147,24.164,24.104,24.105,11944
1374,2023-02-16 17:25:00,24.157,24.174,24.133,24.144,10555
1375,2023-02-16 17:20:00,24.147,24.174,24.123,24.144,32014
1376,2023-02-16 17:15:00,24.157,24.174,24.133,24.154,13261
1377,2023-02-16 17:10:00,24.167,24.184,24.133,24.144,139386
1378,2023-02-16 17:05:00,24.187,24.194,24.153,24.164,37848
1379,2023-02-16 17:00:00,24.167,24.203,24.143,24.164,45313
1380,2023-02-16 16:55:00,24.187,24.203,24.153,24.164,20841
1381,2023-02-16 16:50:00,24.196,24.203,24.153,24.174,41569
1382,2023-02-16 16:45:00,24.196,24.213,24.173,24.174,103365
1383,2023-02-16 16:40:00,24.187,24.203,24.153,24.174,47187
1384,2023-02-16 16:35:00,24.187,24.194,24.153,24.174,49407
1385,2023-02-16 16:30:00,24.127,24.194,24.094,24.164,95408
1386,2023-02-16 16:25:00,24.157,24.164,24.104,24.115,195558
1387,2023-02-16 16:20:00,24.206,24.213,24.133,24.144,200581
1388,2023-02-16 16:15:00,24.206,24.233,24.183,24.194,71027
1389,2023-02-16 16:10:00,24.206,24.263,24.163,24.184,482119
1390,2023-02-16 16:05:00,24.236,24.283,24.173,24.184,387648
1391,2023-02-16 16:00:00,24.266,24.292,24.163,24.223,817443
1392,2023-02-16 15:55:00,24.404,24.45,24.212,24.243,5403202
1393,2023-02-16 15:50:00,24.473,24.549,24.341,24.391,4312426
1394,2023-02-16 15:45:00,24.404,24.49,24.296,24.46,2825475
1395,2023-02-16 15:40:00,24.414,24.439,24.212,24.373,3649119
1396,2023-02-16 15:35:00,24.374,24.52,24.319,24.391,3415050
1397,2023-02-16 15:30:00,24.448,24.498,24.281,24.352,3918361
1398,2023-02-16 15:25:00,24.673,24.727,24.429,24.431,3224847
1399,2023-02-16 15:20:00,24.74,24.747,24.558,24.667,3905928
1400,2023-02-16 15:15:00,24.947,24.954,24.706,24.732,3502635
1401,2023-02-16 15:10:00,25.085,25.128,24.923,24.929,1634529
1402,2023-02-16 15:05:00,25.105,25.191,24.916,25.067,5621113
1403,2023-02-16 15:00:00,25.293,25.33,25.085,25.096,1749965
1404,2023-02-16 14:55:00,25.332,25.379,25.268,25.269,660393
1405,2023-02-16 14:50:00,25.342,25.359,25.268,25.319,708776
1406,2023-02-16 14:45:00,25.317,25.369,25.288,25.329,790573
1407,2023-02-16 14:40:00,25.401,25.409,25.259,25.304,1241534
1408,2023-02-16 14:35:00,25.352,25.438,25.318,25.38,876491
1409,2023-02-16 14:30:00,25.308,25.379,25.281,25.334,641656
1410,2023-02-16 14:25:00,25.291,25.369,25.259,25.299,937299
1411,2023-02-16 14:20:00,25.322,25.33,25.15,25.275,1636009
1412,2023-02-16 14:15:00,25.312,25.379,25.252,25.299,1019012
1413,2023-02-16 14:10:00,25.322,25.359,25.268,25.289,602777
1414,2023-02-16 14:05:00,25.421,25.428,25.278,25.307,1049921
1415,2023-02-16 14:00:00,25.352,25.453,25.338,25.398,1292161
1416,2023-02-16 13:55:00,25.352,25.389,25.298,25.348,562011
1417,2023-02-16 13:50:00,25.365,25.399,25.268,25.338,811862
1418,2023-02-16 13:45:00,25.362,25.428,25.27,25.354,1598089
1419,2023-02-16 13:40:00,25.312,25.389,25.249,25.343,1343624
1420,2023-02-16 13:35:00,25.224,25.349,25.209,25.295,1551124
1421,2023-02-16 13:30:00,25.155,25.251,25.101,25.21,1244927
1422,2023-02-16 13:25:00,25.228,25.28,25.12,25.144,1421459
1423,2023-02-16 13:20:00,25.219,25.26,25.11,25.217,1037528
1424,2023-02-16 13:15:00,25.248,25.28,25.13,25.205,1521541
1425,2023-02-16 13:10:00,25.351,25.379,25.229,25.235,838371
1426,2023-02-16 13:05:00,25.278,25.369,25.259,25.338,780818
1427,2023-02-16 13:00:00,25.303,25.428,25.19,25.269,2571661
1428,2023-02-16 12:55:00,25.401,25.415,25.229,25.284,1860869
1429,2023-02-16 12:50:00,25.485,25.507,25.377,25.388,1647711
1430,2023-02-16 12:45:00,25.499,25.557,25.446,25.477,1315622
1431,2023-02-16 12:40:00,25.451,25.508,25.416,25.487,1192461
1432,2023-02-16 12:35:00,25.461,25.537,25.417,25.437,1915739
1433,2023-02-16 12:30:00,25.293,25.498,25.268,25.437,2197550
1434,2023-02-16 12:25:00,25.273,25.34,25.229,25.274,1866185
1435,2023-02-16 12:20:00,25.031,25.29,24.992,25.259,1981182
1436,2023-02-16 12:15:00,25.281,25.31,25.012,25.019,2098270
1437,2023-02-16 12:10:00,25.243,25.32,25.223,25.268,794112
1438,2023-02-16 12:05:00,25.209,25.3,25.17,25.224,848895
1439,2023-02-16 12:00:00,25.224,25.29,25.16,25.2,854223
1440,2023-02-16 11:55:00,25.278,25.349,25.209,25.219,1101153
1441,2023-02-16 11:50:00,25.353,25.389,25.249,25.265,1400090
1442,2023-02-16 11:45:00,25.266,25.398,25.247,25.331,1970364
1443,2023-02-16 11:40:00,25.194,25.325,25.18,25.256,1435281
1444,2023-02-16 11:35:00,25.242,25.254,25.133,25.19,1261017
1445,2023-02-16 11:30:00,25.243,25.349,25.18,25.23,1939625
1446,2023-02-16 11:25:00,25.194,25.3,25.101,25.229,1647692
1447,2023-02-16 11:20:00,25.272,25.3,25.081,25.171,2021681
1448,2023-02-16 11:15:00,25.258,25.31,25.18,25.256,1362597
1449,2023-02-16 11:10:00,25.258,25.33,25.111,25.248,1927108
1450,2023-02-16 11:05:00,25.382,25.419,25.15,25.25,2756035
1451,2023-02-16 11:00:00,25.283,25.438,25.239,25.376,2813726
1452,2023-02-16 10:55:00,25.283,25.3,25.17,25.263,2362980
1453,2023-02-16 10:50:00,25.372,25.419,25.229,25.273,2997375
1454,2023-02-16 10:45:00,25.164,25.389,25.13,25.363,2491217
1455,2023-02-16 10:40:00,25.218,25.31,25.14,25.156,2911520
1456,2023-02-16 10:35:00,25.145,25.29,25.071,25.205,3664927
1457,2023-02-16 10:30:00,25.075,25.172,25.041,25.121,3129978
1458,2023-02-16 10:25:00,25.016,25.132,24.933,25.072,2435561
1459,2023-02-16 10:20:00,24.937,25.112,24.913,25.002,3662495
1460,2023-02-16 10:15:00,24.848,24.974,24.745,24.924,2167843
1461,2023-02-16 10:10:00,24.868,25.004,24.808,24.825,3392797
1462,2023-02-16 10:05:00,24.7,24.925,24.666,24.865,3104840
1463,2023-02-16 10:00:00,24.769,24.796,24.577,24.697,3050922
1464,2023-02-16 09:55:00,24.829,24.944,24.726,24.761,3486463
1465,2023-02-16 09:50:00,24.74,24.935,24.666,24.825,4541146
1466,2023-02-16 09:45:00,24.68,24.855,24.568,24.728,3347048
1467,2023-02-16 09:40:00,24.68,24.796,24.528,24.664,5294247
1468,2023-02-16 09:35:00,24.661,24.688,24.35,24.667,5578778
1469,2023-02-16 09:30:00,24.522,24.737,24.499,24.648,5799425
1470,2023-02-16 09:25:00,24.572,24.638,24.459,24.529,484223
1471,2023-02-16 09:20:00,24.542,24.618,24.518,24.549,362580
1472,2023-02-16 09:15:00,24.641,24.658,24.489,24.529,816012
1473,2023-02-16 09:10:00,24.7,24.747,24.617,24.623,385489
1474,2023-02-16 09:05:00,24.7,24.757,24.627,24.687,526138
1475,2023-02-16 09:00:00,24.749,24.757,24.607,24.697,650404
1476,2023-02-16 08:55:00,24.7,24.767,24.647,24.736,545593
1477,2023-02-16 08:50:00,24.67,24.727,24.577,24.687,1024876
1478,2023-02-16 08:45:00,24.908,24.925,24.587,24.667,1647261
1479,2023-02-16 08:40:00,24.947,25.014,24.844,24.904,715611
1480,2023-02-16 08:35:00,25.115,25.152,24.883,24.934,691577
1481,2023-02-16 08:30:00,25.391,25.399,24.923,25.112,1489979
1482,2023-02-16 08:25:00,25.342,25.427,25.318,25.378,136073
1483,2023-02-16 08:20:00,25.391,25.399,25.328,25.339,183943
1484,2023-02-16 08:15:00,25.421,25.448,25.347,25.368,150371
1485,2023-02-16 08:10:00,25.47,25.478,25.407,25.418,111974
1486,2023-02-16 08:05:00,25.48,25.498,25.416,25.457,123784
1487,2023-02-16 08:00:00,25.727,26.1,25.456,25.457,889589
1488,2023-02-16 07:55:00,25.53,25.547,25.495,25.496,20683
1489,2023-02-16 07:50:00,25.51,25.557,25.486,25.496,32359
1490,2023-02-16 07:45:00,25.559,25.567,25.505,25.506,47914
1491,2023-02-16 07:40:00,25.559,25.577,25.515,25.526,63350
1492,2023-02-16 07:35:00,25.54,25.567,25.495,25.546,31643
1493,2023-02-16 07:30:00,25.49,25.556,25.476,25.516,36472
1494,2023-02-16 07:25:00,25.53,25.537,25.456,25.487,74533
1495,2023-02-16 07:20:00,25.52,25.587,25.505,25.526,33782
1496,2023-02-16 07:15:00,25.609,25.626,25.505,25.506,132910
1497,2023-02-16 07:10:00,25.628,25.636,25.584,25.585,73038
1498,2023-02-16 07:05:00,25.707,25.725,25.604,25.615,97037
1499,2023-02-16 07:00:00,25.727,25.774,25.703,25.704,80511
1500,2023-02-16 06:55:00,25.698,25.745,25.683,25.714,10489
1501,2023-02-16 06:50:00,25.717,25.725,25.673,25.674,11815
1502,2023-02-16 06:45:00,25.707,25.745,25.693,25.724,8835
1503,2023-02-16 06:40:00,25.737,25.745,25.703,25.704,5069
1504,2023-02-16 06:35:00,25.727,25.754,25.703,25.724,12234
1505,2023-02-16 06:30:00,25.727,25.735,25.673,25.714,27618
1506,2023-02-16 06:25:00,25.767,25.774,25.713,25.714,23866
1507,2023-02-16 06:20:00,25.767,25.794,25.742,25.753,8738
1508,2023-02-16 06:15:00,25.737,25.784,25.722,25.753,14458
1509,2023-02-16 06:10:00,25.786,25.794,25.722,25.733,8935
1510,2023-02-16 06:05:00,25.786,25.804,25.762,25.783,12242
1511,2023-02-16 06:00:00,25.757,25.764,25.722,25.743,24673
1512,2023-02-16 05:55:00,25.757,25.784,25.732,25.743,7027
1513,2023-02-16 05:50:00,25.816,25.824,25.722,25.743,34559
1514,2023-02-16 05:45:00,25.796,25.834,25.752,25.812,17111
1515,2023-02-16 05:40:00,25.786,25.814,25.772,25.783,10069
1516,2023-02-16 05:35:00,25.816,25.824,25.762,25.773,27372
1517,2023-02-16 05:30:00,25.806,25.834,25.772,25.802,11330
1518,2023-02-16 05:25:00,25.777,25.824,25.742,25.793,20248
1519,2023-02-16 05:20:00,25.806,25.814,25.762,25.763,39557
1520,2023-02-16 05:15:00,25.767,25.824,25.742,25.793,46473
1521,2023-02-16 05:10:00,25.727,25.804,25.703,25.753,48643
1522,2023-02-16 05:05:00,25.747,25.764,25.713,25.724,34398
1523,2023-02-16 05:00:00,25.767,25.774,25.732,25.733,42961
1524,2023-02-16 04:55:00,25.806,25.814,25.752,25.763,21678
1525,2023-02-16 04:50:00,25.806,25.824,25.752,25.793,38041
1526,2023-02-16 04:45:00,25.806,25.824,25.782,25.802,44577
1527,2023-02-16 04:40:00,25.836,25.843,25.782,25.793,55256
1528,2023-02-16 04:35:00,25.875,25.883,25.811,25.812,16134
1529,2023-02-16 04:30:00,25.905,25.913,25.861,25.862,41703
1530,2023-02-16 04:25:00,25.895,25.913,25.861,25.891,19315
1531,2023-02-16 04:20:00,25.895,25.932,25.88,25.881,29926
1532,2023-02-16 04:15:00,25.925,25.952,25.88,25.881,31153
1533,2023-02-16 04:10:00,25.865,25.922,25.851,25.901,19725
1534,2023-02-16 04:05:00,25.895,25.913,25.792,25.852,49362
1535,2023-02-16 04:00:00,25.895,25.922,25.801,25.891,127319
1536,2023-02-15 19:55:00,25.925,25.982,25.91,25.951,61482
1537,2023-02-15 19:50:00,25.895,25.942,25.87,25.911,30634
1538,2023-02-15 19:45:00,25.865,25.903,25.851,25.881,81017
1539,2023-02-15 19:40:00,25.885,25.893,25.841,25.852,32104
1540,2023-02-15 19:35:00,25.905,25.932,25.87,25.872,26722
1541,2023-02-15 19:30:00,25.915,25.932,25.87,25.891,34659
1542,2023-02-15 19:25:00,25.935,25.962,25.9,25.901,34334
1543,2023-02-15 19:20:00,25.925,25.932,25.89,25.911,13895
1544,2023-02-15 19:15:00,25.964,25.972,25.9,25.911,39269
1545,2023-02-15 19:10:00,25.964,25.982,25.93,25.951,22784
1546,2023-02-15 19:05:00,25.875,25.992,25.861,25.941,235853
1547,2023-02-15 19:00:00,25.865,25.893,25.841,25.872,13807
1548,2023-02-15 18:55:00,25.856,25.883,25.841,25.842,37067
1549,2023-02-15 18:50:00,25.846,25.883,25.821,25.852,14165
1550,2023-02-15 18:45:00,25.865,25.873,25.811,25.842,13761
1551,2023-02-15 18:40:00,25.846,25.873,25.831,25.852,17694
1552,2023-02-15 18:35:00,25.856,25.863,25.821,25.832,21316
1553,2023-02-15 18:30:00,25.836,25.873,25.821,25.852,31954
1554,2023-02-15 18:25:00,25.786,25.853,25.772,25.822,46669
1555,2023-02-15 18:20:00,25.777,25.804,25.752,25.783,15868
1556,2023-02-15 18:15:00,25.767,25.794,25.752,25.753,22449
1557,2023-02-15 18:10:00,25.786,25.794,25.752,25.753,7496
1558,2023-02-15 18:05:00,25.796,25.804,25.752,25.763,12914
1559,2023-02-15 18:00:00,25.806,25.824,25.762,25.773,89747
1560,2023-02-15 17:55:00,25.806,25.814,25.782,25.793,45851
1561,2023-02-15 17:50:00,25.797,25.814,25.772,25.793,26568
1562,2023-02-15 17:45:00,25.816,25.824,25.782,25.783,5250
1563,2023-02-15 17:40:00,25.816,25.834,25.792,25.793,11355
1564,2023-02-15 17:35:00,25.806,25.843,25.772,25.802,45305
1565,2023-02-15 17:30:00,25.796,25.814,25.772,25.793,24475
1566,2023-02-15 17:25:00,25.816,25.834,25.792,25.802,12765
1567,2023-02-15 17:20:00,25.826,25.843,25.792,25.793,25663
1568,2023-02-15 17:15:00,25.836,25.853,25.811,25.812,11969
1569,2023-02-15 17:10:00,25.846,25.853,25.821,25.822,7911
1570,2023-02-15 17:05:00,25.875,25.883,25.821,25.822,16456
1571,2023-02-15 17:00:00,25.847,25.893,25.831,25.852,36611
1572,2023-02-15 16:55:00,25.865,25.873,25.821,25.842,35162
1573,2023-02-15 16:50:00,25.846,25.883,25.821,25.842,24116
1574,2023-02-15 16:45:00,25.885,25.893,25.821,25.842,69562
1575,2023-02-15 16:40:00,25.865,25.903,25.851,25.872,73298
1576,2023-02-15 16:35:00,25.885,25.903,25.851,25.862,62197
1577,2023-02-15 16:30:00,25.856,25.903,25.841,25.872,42119
1578,2023-02-15 16:25:00,25.865,25.893,25.831,25.832,61409
1579,2023-02-15 16:20:00,25.846,25.873,25.801,25.852,89401
1580,2023-02-15 16:15:00,25.846,25.883,25.831,25.832,93857
1581,2023-02-15 16:10:00,25.865,25.893,25.811,25.832,184229
1582,2023-02-15 16:05:00,25.777,25.922,25.762,25.862,432602
1583,2023-02-15 16:00:00,25.767,25.824,25.703,25.753,755385
1584,2023-02-15 15:55:00,25.549,25.784,25.495,25.758,3596408
1585,2023-02-15 15:50:00,25.559,25.636,25.476,25.536,2216844
1586,2023-02-15 15:45:00,25.48,25.587,25.456,25.546,1359413
1587,2023-02-15 15:40:00,25.51,25.557,25.417,25.471,852322
1588,2023-02-15 15:35:00,25.539,25.557,25.476,25.495,702086
1589,2023-02-15 15:30:00,25.461,25.557,25.416,25.525,1646741
1590,2023-02-15 15:25:00,25.396,25.468,25.358,25.447,1030141
1591,2023-02-15 15:20:00,25.435,25.498,25.357,25.378,1126163
1592,2023-02-15 15:15:00,25.5,25.547,25.397,25.418,1106660
1593,2023-02-15 15:10:00,25.544,25.567,25.456,25.487,978794
1594,2023-02-15 15:05:00,25.51,25.577,25.486,25.536,1664849
1595,2023-02-15 15:00:00,25.441,25.517,25.416,25.493,1267679
1596,2023-02-15 14:55:00,25.515,25.542,25.387,25.421,1504123
1597,2023-02-15 14:50:00,25.589,25.626,25.476,25.496,1799530
1598,2023-02-15 14:45:00,25.668,25.715,25.559,25.575,1789726
1599,2023-02-15 14:40:00,25.645,25.685,25.584,25.645,685053
1600,2023-02-15 14:35:00,25.628,25.666,25.565,25.63,624616
1601,2023-02-15 14:30:00,25.628,25.675,25.584,25.62,1144179
1602,2023-02-15 14:25:00,25.614,25.646,25.545,25.609,869038
1603,2023-02-15 14:20:00,25.574,25.646,25.555,25.605,1073271
1604,2023-02-15 14:15:00,25.673,25.685,25.555,25.563,1823104
1605,2023-02-15 14:10:00,25.599,25.685,25.565,25.659,1560814
1606,2023-02-15 14:05:00,25.48,25.636,25.466,25.588,1600144
1607,2023-02-15 14:00:00,25.47,25.517,25.446,25.477,1226266
1608,2023-02-15 13:55:00,25.476,25.488,25.416,25.453,586204
1609,2023-02-15 13:50:00,25.451,25.488,25.387,25.463,1136776
1610,2023-02-15 13:45:00,25.446,25.478,25.407,25.437,874216
1611,2023-02-15 13:40:00,25.367,25.474,25.337,25.427,1476854
1612,2023-02-15 13:35:00,25.342,25.389,25.288,25.357,811621
1613,2023-02-15 13:30:00,25.352,25.389,25.259,25.329,1111066
1614,2023-02-15 13:25:00,25.322,25.379,25.288,25.338,653476
1615,2023-02-15 13:20:00,25.303,25.354,25.268,25.299,1090468
1616,2023-02-15 13:15:00,25.283,25.316,25.219,25.289,1018946
1617,2023-02-15 13:10:00,25.213,25.31,25.189,25.265,1211191
1618,2023-02-15 13:05:00,25.145,25.221,25.061,25.191,914295
1619,2023-02-15 13:00:00,25.182,25.251,25.12,25.136,903867
1620,2023-02-15 12:55:00,25.253,25.266,25.11,25.161,958725
1621,2023-02-15 12:50:00,25.214,25.28,25.18,25.236,643365
1622,2023-02-15 12:45:00,25.233,25.261,25.15,25.19,755024
1623,2023-02-15 12:40:00,25.135,25.27,25.101,25.225,1306394
1624,2023-02-15 12:35:00,25.158,25.251,25.022,25.116,2491104
1625,2023-02-15 12:30:00,25.095,25.172,25.051,25.151,872170
1626,2023-02-15 12:25:00,25.115,25.217,25.051,25.081,1008759
1627,2023-02-15 12:20:00,25.178,25.191,25.071,25.11,821357
1628,2023-02-15 12:15:00,25.173,25.211,25.091,25.165,898089
1629,2023-02-15 12:10:00,25.135,25.181,25.091,25.151,1028147
1630,2023-02-15 12:05:00,25.222,25.27,25.022,25.122,1667084
1631,2023-02-15 12:00:00,25.273,25.32,25.199,25.206,1283641
1632,2023-02-15 11:55:00,25.371,25.428,25.249,25.254,1911179
1633,2023-02-15 11:50:00,25.367,25.414,25.328,25.348,1786374
1634,2023-02-15 11:45:00,25.322,25.428,25.268,25.358,2518545
1635,2023-02-15 11:40:00,25.174,25.349,25.15,25.309,2594579
1636,2023-02-15 11:35:00,25.075,25.206,25.032,25.161,1316073
1637,2023-02-15 11:30:00,25.184,25.221,25.02,25.062,1833338
1638,2023-02-15 11:25:00,25.013,25.211,24.962,25.161,2200454
1639,2023-02-15 11:20:00,24.977,25.029,24.927,25.003,651614
1640,2023-02-15 11:15:00,24.996,25.083,24.906,24.954,998546
1641,2023-02-15 11:10:00,25.01,25.083,24.962,24.979,1142042
1642,2023-02-15 11:05:00,24.917,25.112,24.898,24.993,2467925
1643,2023-02-15 11:00:00,24.759,24.944,24.726,24.904,1362873
1644,2023-02-15 10:55:00,24.809,24.901,24.726,24.755,1195965
1645,2023-02-15 10:50:00,24.769,24.875,24.726,24.789,1326161
1646,2023-02-15 10:45:00,24.779,24.846,24.716,24.756,1433244
1647,2023-02-15 10:40:00,24.967,25.014,24.735,24.756,1629637
1648,2023-02-15 10:35:00,25.018,25.053,24.864,24.944,1337926
1649,2023-02-15 10:30:00,24.878,25.069,24.775,25.013,2538591
1650,2023-02-15 10:25:00,24.863,24.964,24.797,24.855,1866854
1651,2023-02-15 10:20:00,24.967,25.023,24.834,24.849,1917679
1652,2023-02-15 10:15:00,24.753,24.994,24.728,24.954,2771077
1653,2023-02-15 10:10:00,24.679,24.826,24.528,24.736,2090728
1654,2023-02-15 10:05:00,24.83,24.863,24.548,24.667,3358270
1655,2023-02-15 10:00:00,24.779,24.935,24.716,24.822,2355636
1656,2023-02-15 09:55:00,24.73,24.846,24.637,24.765,2466893
1657,2023-02-15 09:50:00,25.159,25.191,24.642,24.722,3956503
1658,2023-02-15 09:45:00,24.985,25.172,24.896,25.151,2373663
1659,2023-02-15 09:40:00,24.878,25.112,24.775,24.964,3738792
1660,2023-02-15 09:35:00,24.947,25.073,24.854,24.865,2947663
1661,2023-02-15 09:30:00,24.71,25.033,24.696,24.934,4975758
1662,2023-02-15 09:25:00,24.71,24.757,24.627,24.687,835306
1663,2023-02-15 09:20:00,24.789,24.796,24.656,24.687,648676
1664,2023-02-15 09:15:00,24.829,24.875,24.726,24.786,250960
1665,2023-02-15 09:10:00,24.838,24.906,24.814,24.815,261557
1666,2023-02-15 09:05:00,24.819,24.855,24.755,24.815,328011
1667,2023-02-15 09:00:00,24.898,24.944,24.795,24.806,371733
1668,2023-02-15 08:55:00,25.026,25.043,24.874,24.875,338132
1669,2023-02-15 08:50:00,24.987,25.083,24.953,25.013,323086
1670,2023-02-15 08:45:00,24.898,25.033,24.874,24.973,571017
1671,2023-02-15 08:40:00,24.68,24.915,24.666,24.875,488548
1672,2023-02-15 08:35:00,24.769,24.925,24.607,24.667,630600
1673,2023-02-15 08:30:00,24.829,24.925,24.597,24.786,855356
1674,2023-02-15 08:25:00,24.858,24.895,24.814,24.835,128850
1675,2023-02-15 08:20:00,24.848,24.875,24.804,24.854,118386
1676,2023-02-15 08:15:00,24.819,24.865,24.795,24.845,82614
1677,2023-02-15 08:10:00,24.858,24.865,24.795,24.814,79228
1678,2023-02-15 08:05:00,24.878,24.885,24.775,24.845,180194
1679,2023-02-15 08:00:00,24.878,25.121,24.568,24.865,653692
1680,2023-02-15 07:55:00,24.908,24.974,24.883,24.944,47762
1681,2023-02-15 07:50:00,24.937,24.944,24.883,24.894,55073
1682,2023-02-15 07:45:00,24.957,25.004,24.923,24.924,61842
1683,2023-02-15 07:40:00,24.977,24.994,24.913,24.924,45917
1684,2023-02-15 07:35:00,25.056,25.063,24.953,24.963,85885
1685,2023-02-15 07:30:00,25.036,25.073,25.022,25.042,53201
1686,2023-02-15 07:25:00,25.046,25.083,25.012,25.033,48398
1687,2023-02-15 07:20:00,25.056,25.083,25.022,25.033,56190
1688,2023-02-15 07:15:00,25.085,25.102,25.022,25.042,60233
1689,2023-02-15 07:10:00,24.927,25.112,24.913,25.072,169121
1690,2023-02-15 07:05:00,24.898,24.944,24.874,24.914,168359
1691,2023-02-15 07:00:00,24.829,24.905,24.804,24.884,116504
1692,2023-02-15 06:55:00,24.829,24.836,24.795,24.806,7454
1693,2023-02-15 06:50:00,24.789,24.855,24.775,24.825,11896
1694,2023-02-15 06:45:00,24.819,24.826,24.755,24.766,24365
1695,2023-02-15 06:40:00,24.838,24.846,24.814,24.815,6824
1696,2023-02-15 06:35:00,24.838,24.846,24.795,24.806,10254
1697,2023-02-15 06:30:00,24.848,24.885,24.834,24.835,16902
1698,2023-02-15 06:25:00,24.858,24.865,24.814,24.835,8380
1699,2023-02-15 06:20:00,24.848,24.865,24.814,24.845,5579
1700,2023-02-15 06:15:00,24.799,24.855,24.785,24.825,11028
1701,2023-02-15 06:10:00,24.838,24.846,24.785,24.786,13837
1702,2023-02-15 06:05:00,24.858,24.865,24.824,24.825,10691
1703,2023-02-15 06:00:00,24.858,24.885,24.834,24.845,10527
1704,2023-02-15 05:55:00,24.868,24.875,24.834,24.855,5336
1705,2023-02-15 05:50:00,24.848,24.875,24.834,24.855,13394
1706,2023-02-15 05:45:00,24.858,24.875,24.824,24.835,11937
1707,2023-02-15 05:40:00,24.829,24.875,24.804,24.845,15677
1708,2023-02-15 05:35:00,24.769,24.836,24.755,24.815,29741
1709,2023-02-15 05:30:00,24.769,24.796,24.755,24.766,20829
1710,2023-02-15 05:25:00,24.809,24.816,24.745,24.746,9646
1711,2023-02-15 05:20:00,24.819,24.836,24.795,24.806,12345
1712,2023-02-15 05:15:00,24.809,24.826,24.785,24.806,20237
1713,2023-02-15 05:10:00,24.799,24.826,24.775,24.796,17158
1714,2023-02-15 05:05:00,24.799,24.826,24.775,24.796,25695
1715,2023-02-15 05:00:00,24.838,24.855,24.785,24.786,19800
1716,2023-02-15 04:55:00,24.848,24.885,24.834,24.845,6367
1717,2023-02-15 04:50:00,24.868,24.885,24.824,24.825,98715
1718,2023-02-15 04:45:00,24.868,24.925,24.854,24.875,11552
1719,2023-02-15 04:40:00,24.898,24.915,24.834,24.845,13164
1720,2023-02-15 04:35:00,24.868,24.925,24.854,24.884,32029
1721,2023-02-15 04:30:00,24.819,24.875,24.804,24.845,7803
1722,2023-02-15 04:25:00,24.848,24.895,24.814,24.825,18794
1723,2023-02-15 04:20:00,24.829,24.875,24.804,24.845,32530
1724,2023-02-15 04:15:00,24.838,24.875,24.795,24.815,44798
1725,2023-02-15 04:10:00,24.908,24.935,24.814,24.825,30010
1726,2023-02-15 04:05:00,24.908,24.915,24.854,24.894,32721
1727,2023-02-15 04:00:00,24.838,24.944,24.804,24.924,134147
1728,2023-02-14 19:55:00,24.947,24.964,24.913,24.924,36165
1729,2023-02-14 19:50:00,24.917,24.964,24.903,24.944,73624
1730,2023-02-14 19:45:00,24.937,24.954,24.903,24.904,74643
1731,2023-02-14 19:40:00,24.947,24.964,24.913,24.914,35006
1732,2023-02-14 19:35:00,24.967,24.974,24.933,24.944,20595
1733,2023-02-14 19:30:00,25.006,25.014,24.943,24.944,22790
1734,2023-02-14 19:25:00,24.977,25.023,24.962,24.993,77898
1735,2023-02-14 19:20:00,24.947,24.984,24.933,24.954,34888
1736,2023-02-14 19:15:00,24.957,24.974,24.903,24.954,33512
1737,2023-02-14 19:10:00,25.006,25.014,24.933,24.934,32387
1738,2023-02-14 19:05:00,25.006,25.014,24.982,24.984,7035
1739,2023-02-14 19:00:00,25.026,25.033,24.972,24.973,15123
1740,2023-02-14 18:55:00,25.016,25.053,25.002,25.013,72874
1741,2023-02-14 18:50:00,25.036,25.053,25.002,25.003,14524
1742,2023-02-14 18:45:00,25.075,25.083,25.032,25.033,15894
1743,2023-02-14 18:40:00,25.066,25.083,25.041,25.062,13539
1744,2023-02-14 18:35:00,25.075,25.093,25.051,25.052,16571
1745,2023-02-14 18:30:00,25.046,25.093,25.032,25.052,22272
1746,2023-02-14 18:25:00,25.046,25.073,25.022,25.033,31019
1747,2023-02-14 18:20:00,25.026,25.073,25.012,25.042,25557
1748,2023-02-14 18:15:00,25.036,25.053,25.002,25.013,33021
1749,2023-02-14 18:10:00,25.056,25.073,25.002,25.013,40099
1750,2023-02-14 18:05:00,25.036,25.073,25.022,25.042,40801
1751,2023-02-14 18:00:00,25.115,25.122,25.022,25.033,48594
1752,2023-02-14 17:55:00,25.115,25.142,25.091,25.121,4452
1753,2023-02-14 17:50:00,25.105,25.142,25.091,25.121,16518
1754,2023-02-14 17:45:00,25.115,25.132,25.101,25.102,7731
1755,2023-02-14 17:40:00,25.105,25.122,25.091,25.092,11680
1756,2023-02-14 17:35:00,25.095,25.122,25.081,25.092,8725
1757,2023-02-14 17:30:00,25.085,25.122,25.071,25.082,7152
1758,2023-02-14 17:25:00,25.115,25.132,25.091,25.092,7344
1759,2023-02-14 17:20:00,25.105,25.132,25.081,25.102,26721
1760,2023-02-14 17:15:00,25.095,25.112,25.061,25.092,11367
1761,2023-02-14 17:10:00,25.095,25.112,25.062,25.072,8706
1762,2023-02-14 17:05:00,25.115,25.122,25.091,25.092,8260
1763,2023-02-14 17:00:00,25.105,25.132,25.091,25.092,22740
1764,2023-02-14 16:55:00,25.105,25.112,25.081,25.082,33440
1765,2023-02-14 16:50:00,25.095,25.112,25.071,25.091,17958
1766,2023-02-14 16:45:00,25.066,25.112,25.051,25.092,35357
1767,2023-02-14 16:40:00,25.075,25.093,25.051,25.062,39461
1768,2023-02-14 16:35:00,25.085,25.093,25.051,25.062,29372
1769,2023-02-14 16:30:00,25.085,25.122,25.071,25.072,21031
1770,2023-02-14 16:25:00,25.095,25.112,25.071,25.072,56733
1771,2023-02-14 16:20:00,25.115,25.123,25.081,25.082,52054
1772,2023-02-14 16:15:00,25.135,25.142,25.071,25.092,80200
1773,2023-02-14 16:10:00,25.036,25.162,25.012,25.131,188178
1774,2023-02-14 16:05:00,25.036,25.073,25.002,25.023,286348
1775,2023-02-14 16:00:00,25.174,25.181,25.022,25.033,459171
1776,2023-02-14 15:55:00,25.312,25.374,25.13,25.161,3931184
1777,2023-02-14 15:50:00,25.283,25.32,25.17,25.289,3157249
1778,2023-02-14 15:45:00,25.304,25.34,25.222,25.284,2060177
1779,2023-02-14 15:40:00,25.243,25.34,25.199,25.299,1974025
1780,2023-02-14 15:35:00,25.184,25.275,25.16,25.23,2087549
1781,2023-02-14 15:30:00,25.164,25.241,25.091,25.171,1554026
1782,2023-02-14 15:25:00,25.194,25.251,25.13,25.145,1836802
1783,2023-02-14 15:20:00,25.125,25.221,25.081,25.19,1628982
1784,2023-02-14 15:15:00,25.08,25.162,25.012,25.102,1483682
1785,2023-02-14 15:10:00,25.056,25.128,24.933,25.072,2739118
1786,2023-02-14 15:05:00,25.095,25.122,25.022,25.042,1071736
1787,2023-02-14 15:00:00,25.105,25.172,25.041,25.082,1312608
1788,2023-02-14 14:55:00,25.1,25.156,25.051,25.088,1106277
1789,2023-02-14 14:50:00,25.169,25.231,25.032,25.082,1986179
1790,2023-02-14 14:45:00,25.125,25.191,25.061,25.157,1372053
1791,2023-02-14 14:40:00,25.111,25.177,25.091,25.12,992885
1792,2023-02-14 14:35:00,25.089,25.191,25.061,25.097,2569128
1793,2023-02-14 14:30:00,24.947,25.102,24.923,25.082,2506120
1794,2023-02-14 14:25:00,24.947,24.984,24.854,24.943,1344498
1795,2023-02-14 14:20:00,24.932,24.994,24.874,24.934,1134581
1796,2023-02-14 14:15:00,24.809,24.974,24.795,24.919,1596842
1797,2023-02-14 14:10:00,24.74,24.846,24.726,24.805,1559465
1798,2023-02-14 14:05:00,24.947,24.954,24.592,24.726,4287620
1799,2023-02-14 14:00:00,24.898,25.031,24.804,24.941,1829365
1800,2023-02-14 13:55:00,24.92,25.004,24.824,24.875,1543800
1801,2023-02-14 13:50:00,24.888,24.964,24.844,24.914,999712
1802,2023-02-14 13:45:00,24.735,24.925,24.721,24.875,1297722
1803,2023-02-14 13:40:00,24.947,25.004,24.706,24.727,2230192
1804,2023-02-14 13:35:00,24.947,25.014,24.864,24.933,1557356
1805,2023-02-14 13:30:00,24.898,24.974,24.854,24.929,1996491
1806,2023-02-14 13:25:00,24.912,24.935,24.804,24.879,1603543
1807,2023-02-14 13:20:00,24.947,25.033,24.839,24.902,2107913
1808,2023-02-14 13:15:00,24.908,25.127,24.854,24.944,3686352
1809,2023-02-14 13:10:00,24.868,24.925,24.786,24.889,2656215
1810,2023-02-14 13:05:00,24.868,25.023,24.843,24.861,3231582
1811,2023-02-14 13:00:00,24.542,24.905,24.499,24.852,5305148
1812,2023-02-14 12:55:00,24.424,24.589,24.4,24.529,1955206
1813,2023-02-14 12:50:00,24.473,24.48,24.341,24.401,1557428
1814,2023-02-14 12:45:00,24.469,24.549,24.41,24.46,1143999
1815,2023-02-14 12:40:00,24.468,24.592,24.429,24.455,1602156
1816,2023-02-14 12:35:00,24.558,24.569,24.42,24.457,1797281
1817,2023-02-14 12:30:00,24.394,24.569,24.35,24.547,2488175
1818,2023-02-14 12:25:00,24.345,24.51,24.331,24.379,1362820
1819,2023-02-14 12:20:00,24.394,24.51,24.321,24.337,1508379
1820,2023-02-14 12:15:00,24.424,24.469,24.341,24.381,2006873
1821,2023-02-14 12:10:00,24.311,24.46,24.271,24.41,2285627
1822,2023-02-14 12:05:00,24.246,24.332,24.193,24.292,1475954
1823,2023-02-14 12:00:00,24.206,24.342,24.143,24.233,2981351
1824,2023-02-14 11:55:00,24.088,24.273,24.054,24.203,3314380
1825,2023-02-14 11:50:00,24.137,24.145,23.936,24.085,2362405
1826,2023-02-14 11:45:00,23.969,24.194,23.936,24.115,3086693
1827,2023-02-14 11:40:00,24.058,24.124,23.906,23.967,3371819
1828,2023-02-14 11:35:00,24.058,24.174,24.025,24.036,3600854
1829,2023-02-14 11:30:00,24.226,24.233,23.985,24.045,4380168
1830,2023-02-14 11:25:00,24.631,24.668,24.163,24.213,4115807
1831,2023-02-14 11:20:00,24.597,24.658,24.499,24.623,1674838
1832,2023-02-14 11:15:00,24.483,24.618,24.429,24.581,2425123
1833,2023-02-14 11:10:00,24.424,24.569,24.39,24.46,2476042
1834,2023-02-14 11:05:00,24.536,24.688,24.39,24.41,3400345
1835,2023-02-14 11:00:00,24.354,24.643,24.301,24.524,4880873
1836,2023-02-14 10:55:00,24.221,24.407,24.123,24.333,3411138
1837,2023-02-14 10:50:00,24.344,24.352,24.094,24.21,2851543
1838,2023-02-14 10:45:00,24.306,24.381,23.936,24.327,6870913
1839,2023-02-14 10:40:00,24.295,24.362,24.183,24.292,4255061
1840,2023-02-14 10:35:00,24.77,24.781,24.273,24.282,6558404
1841,2023-02-14 10:30:00,24.937,25.041,24.745,24.764,4657813
1842,2023-02-14 10:25:00,25.194,25.256,24.903,24.924,3610402
1843,2023-02-14 10:20:00,25.145,25.28,25.12,25.181,2239880
1844,2023-02-14 10:15:00,25.288,25.359,25.101,25.136,2932487
1845,2023-02-14 10:10:00,25.224,25.428,25.13,25.27,4691410
1846,2023-02-14 10:05:00,25.174,25.28,25.12,25.21,3448406
1847,2023-02-14 10:00:00,24.908,25.261,24.888,25.156,5505961
1848,2023-02-14 09:55:00,24.661,25.004,24.647,24.889,6156269
1849,2023-02-14 09:50:00,24.661,24.757,24.499,24.643,4258549
1850,2023-02-14 09:45:00,24.409,24.747,24.38,24.638,6016631
1851,2023-02-14 09:40:00,24.285,24.47,24.168,24.391,5662156
1852,2023-02-14 09:35:00,24.088,24.332,24.015,24.273,5607600
1853,2023-02-14 09:30:00,24.231,24.273,23.738,24.065,7688284
1854,2023-02-14 09:25:00,24.295,24.342,24.193,24.223,529293
1855,2023-02-14 09:20:00,24.325,24.371,24.202,24.282,604908
1856,2023-02-14 09:15:00,24.216,24.371,24.173,24.312,1123286
1857,2023-02-14 09:10:00,24.394,24.411,24.193,24.213,1302767
1858,2023-02-14 09:05:00,24.473,24.589,24.35,24.381,1038131
1859,2023-02-14 09:00:00,24.503,24.688,24.39,24.45,836834
1860,2023-02-14 08:55:00,24.552,24.727,24.439,24.48,896513
1861,2023-02-14 08:50:00,24.769,24.944,24.489,24.539,1752319
1862,2023-02-14 08:45:00,24.522,24.786,24.331,24.766,1353723
1863,2023-02-14 08:40:00,24.542,24.678,24.232,24.5,2604235
1864,2023-02-14 08:35:00,25.075,25.181,24.479,24.539,2823670
1865,2023-02-14 08:30:00,24.868,25.488,24.123,25.062,6465085
1866,2023-02-14 08:25:00,24.927,25.102,24.864,24.865,563452
1867,2023-02-14 08:20:00,24.868,24.935,24.834,24.904,244673
1868,2023-02-14 08:15:00,24.888,24.925,24.824,24.855,197765
1869,2023-02-14 08:10:00,24.858,24.895,24.814,24.875,118437
1870,2023-02-14 08:05:00,24.898,24.905,24.804,24.825,223877
1871,2023-02-14 08:00:00,24.888,24.994,24.518,24.884,938318
1872,2023-02-14 07:55:00,24.977,24.984,24.913,24.934,64235
1873,2023-02-14 07:50:00,24.917,24.994,24.903,24.954,87715
1874,2023-02-14 07:45:00,24.878,24.935,24.864,24.914,21282
1875,2023-02-14 07:40:00,24.878,24.905,24.844,24.855,70569
1876,2023-02-14 07:35:00,24.937,24.954,24.864,24.875,65107
1877,2023-02-14 07:30:00,24.937,24.954,24.903,24.914,17473
1878,2023-02-14 07:25:00,24.937,24.974,24.913,24.924,45917
1879,2023-02-14 07:20:00,24.927,24.954,24.903,24.924,48259
1880,2023-02-14 07:15:00,24.908,24.935,24.883,24.914,32833
1881,2023-02-14 07:10:00,24.898,24.915,24.864,24.885,49304
1882,2023-02-14 07:05:00,24.858,24.925,24.844,24.894,84590
1883,2023-02-14 07:00:00,24.838,24.875,24.824,24.845,131514
1884,2023-02-14 06:55:00,24.858,24.865,24.814,24.825,77999
1885,2023-02-14 06:50:00,24.908,24.915,24.844,24.845,23478
1886,2023-02-14 06:45:00,24.898,24.915,24.883,24.894,7030
1887,2023-02-14 06:40:00,24.917,24.925,24.874,24.894,21631
1888,2023-02-14 06:35:00,24.908,24.925,24.883,24.904,12681
1889,2023-02-14 06:30:00,24.927,24.944,24.893,24.904,17718
1890,2023-02-14 06:25:00,24.927,24.954,24.883,24.914,17787
1891,2023-02-14 06:20:00,24.927,24.935,24.893,24.914,8579
1892,2023-02-14 06:15:00,24.927,24.964,24.903,24.914,47155
1893,2023-02-14 06:10:00,24.947,24.954,24.903,24.914,29412
1894,2023-02-14 06:05:00,24.957,24.974,24.923,24.944,37365
1895,2023-02-14 06:00:00,24.888,24.964,24.874,24.934,42819
1896,2023-02-14 05:55:00,24.868,24.905,24.844,24.865,24397
1897,2023-02-14 05:50:00,24.917,24.925,24.844,24.855,29112
1898,2023-02-14 05:45:00,24.917,24.935,24.893,24.904,18975
1899,2023-02-14 05:40:00,24.908,24.954,24.893,24.904,72382
1900,2023-02-14 05:35:00,24.868,24.895,24.844,24.875,62191
1901,2023-02-14 05:30:00,24.848,24.885,24.814,24.855,83383
1902,2023-02-14 05:25:00,24.789,24.865,24.765,24.835,90499
1903,2023-02-14 05:20:00,24.769,24.806,24.755,24.776,18922
1904,2023-02-14 05:15:00,24.749,24.776,24.716,24.756,9734
1905,2023-02-14 05:10:00,24.789,24.796,24.726,24.727,30416
1906,2023-02-14 05:05:00,24.73,24.806,24.716,24.776,24297
1907,2023-02-14 05:00:00,24.759,24.786,24.716,24.717,38873
1908,2023-02-14 04:55:00,24.759,24.776,24.735,24.736,62467
1909,2023-02-14 04:50:00,24.68,24.767,24.656,24.736,57091
1910,2023-02-14 04:45:00,24.67,24.678,24.627,24.648,31967
1911,2023-02-14 04:40:00,24.67,24.717,24.656,24.667,91537
1912,2023-02-14 04:35:00,24.661,24.678,24.627,24.657,78483
1913,2023-02-14 04:30:00,24.651,24.668,24.607,24.628,86173
1914,2023-02-14 04:25:00,24.631,24.678,24.607,24.648,67012
1915,2023-02-14 04:20:00,24.611,24.648,24.597,24.608,13844
1916,2023-02-14 04:15:00,24.601,24.648,24.577,24.598,28471
1917,2023-02-14 04:10:00,24.67,24.688,24.597,24.598,39552
1918,2023-02-14 04:05:00,24.779,24.796,24.627,24.657,80163
1919,2023-02-14 04:00:00,24.582,24.836,24.518,24.776,181069
1920,2023-02-13 19:55:00,24.572,24.609,24.548,24.588,79132
1921,2023-02-13 19:50:00,24.572,24.599,24.558,24.569,33622
1922,2023-02-13 19:45:00,24.532,24.599,24.518,24.569,66837
1923,2023-02-13 19:40:00,24.552,24.569,24.518,24.519,16773
1924,2023-02-13 19:35:00,24.572,24.579,24.528,24.539,16171
1925,2023-02-13 19:30:00,24.572,24.579,24.538,24.559,15615
1926,2023-02-13 19:25:00,24.582,24.589,24.558,24.559,17462
1927,2023-02-13 19:20:00,24.572,24.599,24.548,24.578,31949
1928,2023-02-13 19:15:00,24.591,24.599,24.558,24.559,15026
1929,2023-02-13 19:10:00,24.582,24.599,24.568,24.569,20590
1930,2023-02-13 19:05:00,24.582,24.599,24.558,24.569,22580
1931,2023-02-13 19:00:00,24.621,24.628,24.568,24.578,84871
1932,2023-02-13 18:55:00,24.626,24.648,24.607,24.618,45589
1933,2023-02-13 18:50:00,24.621,24.638,24.597,24.608,24917
1934,2023-02-13 18:45:00,24.611,24.628,24.588,24.598,27859
1935,2023-02-13 18:40:00,24.631,24.638,24.587,24.598,27713
1936,2023-02-13 18:35:00,24.631,24.638,24.597,24.608,30747
1937,2023-02-13 18:30:00,24.651,24.668,24.612,24.618,32918
1938,2023-02-13 18:25:00,24.661,24.668,24.627,24.638,19829
1939,2023-02-13 18:20:00,24.651,24.678,24.637,24.648,13874
1940,2023-02-13 18:15:00,24.641,24.668,24.617,24.648,19196
1941,2023-02-13 18:10:00,24.631,24.658,24.617,24.628,80447
1942,2023-02-13 18:05:00,24.631,24.648,24.597,24.618,27864
1943,2023-02-13 18:00:00,24.651,24.668,24.607,24.608,20559
1944,2023-02-13 17:55:00,24.641,24.658,24.627,24.638,20455
1945,2023-02-13 17:50:00,24.641,24.648,24.607,24.628,9585
1946,2023-02-13 17:45:00,24.631,24.648,24.607,24.628,12330
1947,2023-02-13 17:40:00,24.641,24.658,24.617,24.618,37501
1948,2023-02-13 17:35:00,24.651,24.668,24.627,24.628,16794
1949,2023-02-13 17:30:00,24.651,24.678,24.637,24.648,19923
1950,2023-02-13 17:25:00,24.651,24.678,24.637,24.648,16653
1951,2023-02-13 17:20:00,24.661,24.678,24.637,24.638,3423
1952,2023-02-13 17:15:00,24.651,24.678,24.637,24.648,20486
1953,2023-02-13 17:10:00,24.68,24.697,24.628,24.638,49080
1954,2023-02-13 17:05:00,24.661,24.688,24.647,24.657,32000
1955,2023-02-13 17:00:00,24.641,24.668,24.627,24.648,17084
1956,2023-02-13 16:55:00,24.651,24.668,24.627,24.638,57132
1957,2023-02-13 16:50:00,24.651,24.668,24.627,24.648,33848
1958,2023-02-13 16:45:00,24.661,24.668,24.637,24.648,11226
1959,2023-02-13 16:40:00,24.661,24.678,24.647,24.648,28989
1960,2023-02-13 16:35:00,24.641,24.668,24.627,24.648,23243
1961,2023-02-13 16:30:00,24.661,24.668,24.627,24.628,31617
1962,2023-02-13 16:25:00,24.651,24.678,24.627,24.648,47515
1963,2023-02-13 16:20:00,24.641,24.658,24.627,24.638,54603
1964,2023-02-13 16:15:00,24.67,24.688,24.627,24.628,51300
1965,2023-02-13 16:10:00,24.641,24.688,24.627,24.658,185870
1966,2023-02-13 16:05:00,24.631,24.668,24.617,24.638,139063
1967,2023-02-13 16:00:00,24.641,24.678,24.607,24.618,626212
1968,2023-02-13 15:55:00,24.522,24.668,24.508,24.648,5057666
1969,2023-02-13 15:50:00,24.631,24.638,24.459,24.509,3043868
1970,2023-02-13 15:45:00,24.638,24.668,24.552,24.62,2081237
1971,2023-02-13 15:40:00,24.64,24.678,24.587,24.628,1170084
1972,2023-02-13 15:35:00,24.621,24.668,24.587,24.628,1097647
1973,2023-02-13 15:30:00,24.552,24.638,24.528,24.603,1445532
1974,2023-02-13 15:25:00,24.532,24.579,24.499,24.538,797431
1975,2023-02-13 15:20:00,24.552,24.589,24.499,24.521,1441488
1976,2023-02-13 15:15:00,24.508,24.559,24.439,24.539,1421675
1977,2023-02-13 15:10:00,24.483,24.549,24.439,24.495,1591737
1978,2023-02-13 15:05:00,24.404,24.5,24.39,24.466,1257356
1979,2023-02-13 15:00:00,24.459,24.47,24.281,24.396,1618847
1980,2023-02-13 14:55:00,24.423,24.47,24.374,24.45,966463
1981,2023-02-13 14:50:00,24.335,24.45,24.301,24.411,1284755
1982,2023-02-13 14:45:00,24.433,24.446,24.301,24.327,1107570
1983,2023-02-13 14:40:00,24.48,24.495,24.341,24.42,1506475
1984,2023-02-13 14:35:00,24.424,24.549,24.405,24.47,1393745
1985,2023-02-13 14:30:00,24.532,24.554,24.39,24.42,1454662
1986,2023-02-13 14:25:00,24.604,24.628,24.493,24.509,1512840
1987,2023-02-13 14:20:00,24.621,24.658,24.577,24.592,516858
1988,2023-02-13 14:15:00,24.596,24.652,24.548,24.605,921292
1989,2023-02-13 14:10:00,24.685,24.707,24.548,24.579,916200
1990,2023-02-13 14:05:00,24.74,24.747,24.637,24.677,840070
1991,2023-02-13 14:00:00,24.74,24.786,24.706,24.736,771095
1992,2023-02-13 13:55:00,24.68,24.767,24.666,24.731,840819
1993,2023-02-13 13:50:00,24.656,24.737,24.627,24.661,832798
1994,2023-02-13 13:45:00,24.626,24.688,24.587,24.638,740062
1995,2023-02-13 13:40:00,24.685,24.697,24.607,24.614,1271480
1996,2023-02-13 13:35:00,24.72,24.737,24.647,24.672,1074960
1997,2023-02-13 13:30:00,24.7,24.796,24.686,24.7,1882943
1998,2023-02-13 13:25:00,24.567,24.727,24.552,24.682,1800181
1999,2023-02-13 13:20:00,24.556,24.599,24.518,24.551,874606
2000,2023-02-13 13:15:00,24.527,24.599,24.501,24.549,1533529
2001,2023-02-13 13:10:00,24.5,24.539,24.454,24.514,1165901
2002,2023-02-13 13:05:00,24.572,24.589,24.469,24.483,1233049
2003,2023-02-13 13:00:00,24.611,24.658,24.538,24.554,924923
2004,2023-02-13 12:55:00,24.67,24.687,24.558,24.603,1411023
2005,2023-02-13 12:50:00,24.67,24.707,24.637,24.665,665406
2006,2023-02-13 12:45:00,24.661,24.717,24.627,24.663,999533
2007,2023-02-13 12:40:00,24.651,24.688,24.617,24.65,766567
2008,2023-02-13 12:35:00,24.615,24.668,24.568,24.643,792098
2009,2023-02-13 12:30:00,24.631,24.648,24.548,24.608,1429918
2010,2023-02-13 12:25:00,24.67,24.683,24.568,24.617,1209284
2011,2023-02-13 12:20:00,24.68,24.717,24.617,24.658,1206756
2012,2023-02-13 12:15:00,24.631,24.707,24.612,24.677,1356021
2013,2023-02-13 12:10:00,24.612,24.668,24.577,24.623,919502
2014,2023-02-13 12:05:00,24.562,24.658,24.548,24.598,1157443
2015,2023-02-13 12:00:00,24.572,24.613,24.543,24.549,971699
2016,2023-02-13 11:55:00,24.562,24.589,24.479,24.564,848151
2017,2023-02-13 11:50:00,24.641,24.648,24.528,24.559,1269159
2018,2023-02-13 11:45:00,24.641,24.688,24.597,24.628,1445234
2019,2023-02-13 11:40:00,24.478,24.664,24.463,24.625,2297760
2020,2023-02-13 11:35:00,24.473,24.5,24.39,24.46,1177973
2021,2023-02-13 11:30:00,24.537,24.579,24.42,24.456,1769553
2022,2023-02-13 11:25:00,24.522,24.559,24.469,24.523,1072458
2023,2023-02-13 11:20:00,24.562,24.618,24.489,24.51,1502614
2024,2023-02-13 11:15:00,24.542,24.599,24.518,24.542,1342677
2025,2023-02-13 11:10:00,24.443,24.579,24.39,24.535,1564022
2026,2023-02-13 11:05:00,24.443,24.49,24.36,24.425,1594727
2027,2023-02-13 11:00:00,24.364,24.48,24.334,24.437,2098737
2028,2023-02-13 10:55:00,24.374,24.46,24.331,24.336,2379869
2029,2023-02-13 10:50:00,24.325,24.401,24.291,24.365,3410609
2030,2023-02-13 10:45:00,24.191,24.332,24.133,24.307,2630807
2031,2023-02-13 10:40:00,24.133,24.213,24.084,24.174,1498161
2032,2023-02-13 10:35:00,24.167,24.243,24.108,24.12,2398716
2033,2023-02-13 10:30:00,24.187,24.213,24.094,24.152,2028465
2034,2023-02-13 10:25:00,24.063,24.194,24.025,24.169,1974771
2035,2023-02-13 10:20:00,24.078,24.154,23.985,24.051,2442779
2036,2023-02-13 10:15:00,24.027,24.095,23.946,24.063,1939094
2037,2023-02-13 10:10:00,24.029,24.075,23.911,24.006,2110419
2038,2023-02-13 10:05:00,24.1,24.124,23.975,24.026,2645216
2039,2023-02-13 10:00:00,24.187,24.263,24.084,24.095,3134283
2040,2023-02-13 09:55:00,23.969,24.218,23.956,24.174,3935330
2041,2023-02-13 09:50:00,23.979,24.065,23.801,23.956,2367442
2042,2023-02-13 09:45:00,23.918,24.065,23.847,23.957,3516107
2043,2023-02-13 09:40:00,23.808,24.016,23.748,23.897,3905602
2044,2023-02-13 09:35:00,23.683,23.817,23.541,23.794,2881523
2045,2023-02-13 09:30:00,23.841,23.902,23.63,23.669,4399490
2046,2023-02-13 09:25:00,23.871,23.877,23.798,23.818,149410
2047,2023-02-13 09:20:00,23.782,23.887,23.768,23.858,118884
2048,2023-02-13 09:15:00,23.782,23.838,23.748,23.769,119572
2049,2023-02-13 09:10:00,23.792,23.808,23.768,23.779,86791
2050,2023-02-13 09:05:00,23.772,23.818,23.748,23.779,116962
2051,2023-02-13 09:00:00,23.742,23.789,23.719,23.759,153776
2052,2023-02-13 08:55:00,23.782,23.789,23.719,23.73,112595
2053,2023-02-13 08:50:00,23.752,23.808,23.719,23.759,158582
2054,2023-02-13 08:45:00,23.801,23.818,23.738,23.749,207537
2055,2023-02-13 08:40:00,23.841,23.858,23.778,23.789,175875
2056,2023-02-13 08:35:00,23.851,23.868,23.808,23.829,80623
2057,2023-02-13 08:30:00,23.851,23.868,23.798,23.837,138442
2058,2023-02-13 08:25:00,23.861,23.907,23.827,23.838,221574
2059,2023-02-13 08:20:00,23.851,23.887,23.827,23.853,83102
2060,2023-02-13 08:15:00,23.89,23.907,23.827,23.858,114147
2061,2023-02-13 08:10:00,23.95,23.966,23.877,23.888,142652
2062,2023-02-13 08:05:00,23.92,23.957,23.887,23.927,137385
2063,2023-02-13 08:00:00,23.851,24.026,23.156,23.907,819014
2064,2023-02-13 07:55:00,23.95,23.966,23.896,23.907,49925
2065,2023-02-13 07:50:00,23.94,23.986,23.926,23.927,27997
2066,2023-02-13 07:45:00,23.93,23.947,23.906,23.927,28743
2067,2023-02-13 07:40:00,23.969,23.976,23.916,23.927,30610
2068,2023-02-13 07:35:00,23.969,23.986,23.936,23.957,40971
2069,2023-02-13 07:30:00,24.009,24.016,23.956,23.967,48087
2070,2023-02-13 07:25:00,23.989,24.026,23.965,23.986,56042
2071,2023-02-13 07:20:00,23.959,24.026,23.946,23.976,72583
2072,2023-02-13 07:15:00,23.89,23.976,23.877,23.947,99461
2073,2023-02-13 07:10:00,23.821,23.907,23.798,23.888,73754
2074,2023-02-13 07:05:00,23.792,23.828,23.778,23.809,38806
2075,2023-02-13 07:00:00,23.792,23.838,23.768,23.779,168889
2076,2023-02-13 06:55:00,23.811,23.818,23.778,23.789,12037
2077,2023-02-13 06:50:00,23.782,23.828,23.768,23.809,6508
2078,2023-02-13 06:45:00,23.801,23.808,23.748,23.769,6283
2079,2023-02-13 06:40:00,23.861,23.868,23.778,23.789,19120
2080,2023-02-13 06:35:00,23.801,23.877,23.778,23.858,37305
2081,2023-02-13 06:30:00,23.782,23.828,23.768,23.799,20143
2082,2023-02-13 06:25:00,23.772,23.798,23.748,23.759,9622
2083,2023-02-13 06:20:00,23.762,23.789,23.738,23.769,20650
2084,2023-02-13 06:15:00,23.782,23.808,23.758,23.769,20310
2085,2023-02-13 06:10:00,23.782,23.798,23.738,23.779,17469
2086,2023-02-13 06:05:00,23.821,23.838,23.758,23.759,28705
2087,2023-02-13 06:00:00,23.782,23.828,23.768,23.809,25899
2088,2023-02-13 05:55:00,23.782,23.808,23.758,23.789,21706
2089,2023-02-13 05:50:00,23.732,23.789,23.719,23.759,16949
2090,2023-02-13 05:45:00,23.732,23.749,23.699,23.72,18303
2091,2023-02-13 05:40:00,23.703,23.739,23.689,23.71,10617
2092,2023-02-13 05:35:00,23.713,23.759,23.699,23.7,20010
2093,2023-02-13 05:30:00,23.633,23.719,23.62,23.7,84599
2094,2023-02-13 05:25:00,23.653,23.7,23.62,23.621,169714
2095,2023-02-13 05:20:00,23.624,23.66,23.6,23.641,12177
2096,2023-02-13 05:15:00,23.683,23.69,23.61,23.611,18743
2097,2023-02-13 05:10:00,23.703,23.719,23.669,23.67,19932
2098,2023-02-13 05:05:00,23.693,23.719,23.669,23.68,13394
2099,2023-02-13 05:00:00,23.643,23.719,23.63,23.68,45031
2100,2023-02-13 04:55:00,23.633,23.7,23.62,23.631,15949
2101,2023-02-13 04:50:00,23.633,23.65,23.6,23.621,17533
2102,2023-02-13 04:45:00,23.614,23.64,23.59,23.611,8737
2103,2023-02-13 04:40:00,23.653,23.66,23.571,23.601,31276
2104,2023-02-13 04:35:00,23.663,23.68,23.63,23.651,49530
2105,2023-02-13 04:30:00,23.673,23.739,23.63,23.641,129583
2106,2023-02-13 04:25:00,23.663,23.7,23.65,23.661,203109
2107,2023-02-13 04:20:00,23.683,23.719,23.64,23.661,33268
2108,2023-02-13 04:15:00,23.624,23.7,23.61,23.68,28145
2109,2023-02-13 04:10:00,23.614,23.65,23.6,23.611,25653
2110,2023-02-13 04:05:00,23.673,23.7,23.6,23.611,32284
2111,2023-02-13 04:00:00,23.554,24.697,23.127,23.651,108365
2112,2023-02-10 19:55:00,23.525,23.581,23.502,23.562,75808
2113,2023-02-10 19:50:00,23.515,23.542,23.502,23.512,23195
2114,2023-02-10 19:45:00,23.525,23.542,23.502,23.503,21463
2115,2023-02-10 19:40:00,23.535,23.542,23.511,23.517,18418
2116,2023-02-10 19:35:00,23.535,23.542,23.511,23.522,3640
2117,2023-02-10 19:30:00,23.525,23.542,23.511,23.522,14698
2118,2023-02-10 19:25:00,23.525,23.542,23.502,23.522,9107
2119,2023-02-10 19:20:00,23.525,23.551,23.502,23.512,16567
2120,2023-02-10 19:15:00,23.515,23.532,23.502,23.512,8231
2121,2023-02-10 19:10:00,23.515,23.532,23.502,23.503,7213
2122,2023-02-10 19:05:00,23.495,23.532,23.482,23.503,24532
2123,2023-02-10 19:00:00,23.495,23.512,23.482,23.493,7995
2124,2023-02-10 18:55:00,23.5,23.512,23.482,23.488,8109
2125,2023-02-10 18:50:00,23.495,23.512,23.482,23.493,5865
2126,2023-02-10 18:45:00,23.505,23.512,23.482,23.483,8521
2127,2023-02-10 18:40:00,23.505,23.517,23.482,23.498,7912
2128,2023-02-10 18:35:00,23.495,23.512,23.482,23.483,5940
2129,2023-02-10 18:30:00,23.485,23.512,23.472,23.483,26872
2130,2023-02-10 18:25:00,23.466,23.492,23.452,23.473,20205
2131,2023-02-10 18:20:00,23.456,23.482,23.442,23.453,24369
2132,2023-02-10 18:15:00,23.475,23.482,23.442,23.453,9804
2133,2023-02-10 18:10:00,23.475,23.492,23.452,23.453,5531
2134,2023-02-10 18:05:00,23.466,23.502,23.452,23.463,15622
2135,2023-02-10 18:00:00,23.495,23.512,23.442,23.453,11523
2136,2023-02-10 17:55:00,23.485,23.502,23.472,23.483,6275
2137,2023-02-10 17:50:00,23.495,23.502,23.472,23.483,21107
2138,2023-02-10 17:45:00,23.495,23.512,23.472,23.483,10830
2139,2023-02-10 17:40:00,23.505,23.512,23.472,23.483,36158
2140,2023-02-10 17:35:00,23.495,23.512,23.482,23.483,13346
2141,2023-02-10 17:30:00,23.505,23.512,23.472,23.473,7537
2142,2023-02-10 17:25:00,23.505,23.512,23.482,23.483,3460
2143,2023-02-10 17:20:00,23.484,23.502,23.462,23.483,6709
2144,2023-02-10 17:15:00,23.466,23.492,23.452,23.463,17095
2145,2023-02-10 17:10:00,23.485,23.502,23.462,23.463,28033
2146,2023-02-10 17:05:00,23.494,23.502,23.472,23.473,15171
2147,2023-02-10 17:00:00,23.505,23.512,23.472,23.493,11395
2148,2023-02-10 16:55:00,23.495,23.522,23.472,23.491,39866
2149,2023-02-10 16:50:00,23.475,23.502,23.462,23.483,17208
2150,2023-02-10 16:45:00,23.475,23.492,23.462,23.473,21484
2151,2023-02-10 16:40:00,23.485,23.492,23.452,23.473,18389
2152,2023-02-10 16:35:00,23.485,23.502,23.472,23.483,19953
2153,2023-02-10 16:30:00,23.505,23.512,23.462,23.483,15392
2154,2023-02-10 16:25:00,23.466,23.512,23.442,23.493,28772
2155,2023-02-10 16:20:00,23.485,23.502,23.442,23.443,120943
2156,2023-02-10 16:15:00,23.495,23.512,23.462,23.473,43904
2157,2023-02-10 16:10:00,23.485,23.512,23.472,23.473,60652
2158,2023-02-10 16:05:00,23.525,23.542,23.462,23.473,90786
2159,2023-02-10 16:00:00,23.535,23.551,23.464,23.512,323827
2160,2023-02-10 15:55:00,23.564,23.63,23.482,23.508,2900085
2161,2023-02-10 15:50:00,23.564,23.621,23.423,23.552,3256179
2162,2023-02-10 15:45:00,23.446,23.581,23.413,23.542,3135743
2163,2023-02-10 15:40:00,23.456,23.487,23.373,23.434,1580673
2164,2023-02-10 15:35:00,23.367,23.463,23.324,23.443,1764239
2165,2023-02-10 15:30:00,23.327,23.384,23.294,23.35,1399479
2166,2023-02-10 15:25:00,23.255,23.334,23.225,23.31,994773
2167,2023-02-10 15:20:00,23.308,23.33,23.235,23.236,963489
2168,2023-02-10 15:15:00,23.387,23.423,23.275,23.295,1326591
2169,2023-02-10 15:10:00,23.416,23.477,23.354,23.379,1204660
2170,2023-02-10 15:05:00,23.367,23.463,23.354,23.394,1085187
2171,2023-02-10 15:00:00,23.406,23.502,23.324,23.35,1965438
2172,2023-02-10 14:55:00,23.392,23.433,23.334,23.389,1326933
2173,2023-02-10 14:50:00,23.249,23.423,23.23,23.379,1512891
2174,2023-02-10 14:45:00,23.268,23.295,23.176,23.241,1005306
2175,2023-02-10 14:40:00,23.316,23.334,23.186,23.256,1148174
2176,2023-02-10 14:35:00,23.312,23.354,23.24,23.305,1171930
2177,2023-02-10 14:30:00,23.199,23.334,23.127,23.296,1680225
2178,2023-02-10 14:25:00,23.278,23.285,23.176,23.196,1173915
2179,2023-02-10 14:20:00,23.298,23.354,23.245,23.276,753985
2180,2023-02-10 14:15:00,23.309,23.374,23.245,23.29,1284947
2181,2023-02-10 14:10:00,23.248,23.334,23.23,23.305,976632
2182,2023-02-10 14:05:00,23.268,23.29,23.205,23.24,796152
2183,2023-02-10 14:00:00,23.288,23.344,23.215,23.256,900634
2184,2023-02-10 13:55:00,23.377,23.393,23.265,23.266,1224248
2185,2023-02-10 13:50:00,23.416,23.463,23.344,23.374,1086577
2186,2023-02-10 13:45:00,23.352,23.439,23.309,23.404,1076297
2187,2023-02-10 13:40:00,23.475,23.492,23.304,23.339,1346653
2188,2023-02-10 13:35:00,23.485,23.532,23.413,23.471,983055
2189,2023-02-10 13:30:00,23.498,23.522,23.393,23.467,1796157
2190,2023-02-10 13:25:00,23.581,23.634,23.472,23.488,1910924
2191,2023-02-10 13:20:00,23.55,23.66,23.531,23.564,3008364
2192,2023-02-10 13:15:00,23.386,23.561,23.373,23.537,2851019
2193,2023-02-10 13:10:00,23.327,23.403,23.294,23.37,1384822
2194,2023-02-10 13:05:00,23.307,23.384,23.239,23.315,1628340
2195,2023-02-10 13:00:00,23.278,23.364,23.235,23.285,2087439
2196,2023-02-10 12:55:00,23.199,23.304,23.166,23.266,2243338
2197,2023-02-10 12:50:00,23.12,23.235,23.079,23.194,1393170
2198,2023-02-10 12:45:00,23.12,23.225,23.077,23.108,1338723
2199,2023-02-10 12:40:00,23.09,23.225,23.067,23.113,1890427
2200,2023-02-10 12:35:00,23.09,23.166,23.057,23.074,1500002
2201,2023-02-10 12:30:00,23.066,23.232,23.018,23.073,2228351
2202,2023-02-10 12:25:00,23.09,23.127,22.978,23.051,1630258
2203,2023-02-10 12:20:00,22.952,23.117,22.939,23.078,1906376
2204,2023-02-10 12:15:00,23.011,23.038,22.919,22.947,2084365
2205,2023-02-10 12:10:00,23.031,23.117,22.969,22.999,1880062
2206,2023-02-10 12:05:00,23.031,23.107,22.988,23.022,2035299
2207,2023-02-10 12:00:00,23.159,23.216,22.978,23.009,3452763
2208,2023-02-10 11:55:00,23.298,23.324,23.117,23.147,2509196
2209,2023-02-10 11:50:00,23.314,23.334,23.225,23.276,1306060
2210,2023-02-10 11:45:00,23.347,23.393,23.225,23.3,1690986
2211,2023-02-10 11:40:00,23.347,23.403,23.284,23.325,1004432
2212,2023-02-10 11:35:00,23.337,23.439,23.304,23.341,1772273
2213,2023-02-10 11:30:00,23.431,23.463,23.268,23.335,2508284
2214,2023-02-10 11:25:00,23.584,23.597,23.403,23.424,2004586
2215,2023-02-10 11:20:00,23.569,23.621,23.492,23.581,1812272
2216,2023-02-10 11:15:00,23.49,23.591,23.442,23.557,1447948
2217,2023-02-10 11:10:00,23.525,23.601,23.348,23.478,2336869
2218,2023-02-10 11:05:00,23.431,23.581,23.344,23.513,2634912
2219,2023-02-10 11:00:00,23.451,23.551,23.383,23.419,2548961
2220,2023-02-10 10:55:00,23.422,23.477,23.324,23.443,2411399
2221,2023-02-10 10:50:00,23.535,23.551,23.294,23.404,2703872
2222,2023-02-10 10:45:00,23.554,23.581,23.436,23.522,2142285
2223,2023-02-10 10:40:00,23.72,23.727,23.502,23.542,3858377
2224,2023-02-10 10:35:00,23.772,23.893,23.64,23.703,2528261
2225,2023-02-10 10:30:00,23.742,23.838,23.669,23.759,2366162
2226,2023-02-10 10:25:00,23.851,23.882,23.66,23.737,2379484
2227,2023-02-10 10:20:00,23.821,23.966,23.748,23.848,3124731
2228,2023-02-10 10:15:00,23.762,23.937,23.61,23.818,5405044
2229,2023-02-10 10:10:00,23.446,23.818,23.423,23.748,5914073
2230,2023-02-10 10:05:00,23.292,23.512,23.235,23.438,3846489
2231,2023-02-10 10:00:00,23.525,23.542,23.156,23.284,6637001
2232,2023-02-10 09:55:00,23.484,23.601,23.452,23.501,2242159
2233,2023-02-10 09:50:00,23.663,23.769,23.442,23.478,2789842
2234,2023-02-10 09:45:00,23.446,23.69,23.363,23.651,3963570
2235,2023-02-10 09:40:00,23.596,23.621,23.314,23.431,3822462
2236,2023-02-10 09:35:00,23.67,23.808,23.531,23.589,4177504
2237,2023-02-10 09:30:00,23.466,23.727,23.422,23.651,6162802
2238,2023-02-10 09:25:00,23.456,23.512,23.403,23.443,197714
2239,2023-02-10 09:20:00,23.436,23.463,23.393,23.433,128863
2240,2023-02-10 09:15:00,23.456,23.482,23.383,23.433,265031
2241,2023-02-10 09:10:00,23.396,23.472,23.334,23.443,193414
2242,2023-02-10 09:05:00,23.396,23.453,23.354,23.394,178809
2243,2023-02-10 09:00:00,23.436,23.472,23.344,23.384,254297
2244,2023-02-10 08:55:00,23.535,23.542,23.413,23.424,404226
2245,2023-02-10 08:50:00,23.515,23.551,23.482,23.512,281571
2246,2023-02-10 08:45:00,23.505,23.542,23.432,23.504,256287
2247,2023-02-10 08:40:00,23.416,23.522,23.383,23.493,210377
2248,2023-02-10 08:35:00,23.446,23.463,23.383,23.404,212673
2249,2023-02-10 08:30:00,23.436,23.472,23.383,23.433,306280
2250,2023-02-10 08:25:00,23.426,23.482,23.413,23.433,307790
2251,2023-02-10 08:20:00,23.456,23.472,23.393,23.414,208570
2252,2023-02-10 08:15:00,23.396,23.472,23.373,23.453,366302
2253,2023-02-10 08:10:00,23.327,23.413,23.314,23.384,359414
2254,2023-02-10 08:05:00,23.248,23.334,23.225,23.315,221679
2255,2023-02-10 08:00:00,23.228,24.105,23.077,23.236,906249
2256,2023-02-10 07:55:00,23.169,23.196,23.136,23.177,107836
2257,2023-02-10 07:50:00,23.238,23.245,23.146,23.157,98865
2258,2023-02-10 07:45:00,23.248,23.285,23.205,23.226,57144
2259,2023-02-10 07:40:00,23.268,23.304,23.225,23.226,65405
2260,2023-02-10 07:35:00,23.258,23.295,23.205,23.236,159976
2261,2023-02-10 07:30:00,23.288,23.295,23.205,23.256,163301
2262,2023-02-10 07:25:00,23.248,23.314,23.225,23.276,168703
2263,2023-02-10 07:20:00,23.168,23.255,23.146,23.236,125857
2264,2023-02-10 07:15:00,23.169,23.225,23.146,23.147,156595
2265,2023-02-10 07:10:00,23.09,23.225,23.077,23.167,291590
2266,2023-02-10 07:05:00,23.199,23.206,23.087,23.088,222956
2267,2023-02-10 07:00:00,23.189,23.255,23.166,23.187,199949
2268,2023-02-10 06:55:00,23.15,23.196,23.127,23.167,29136
2269,2023-02-10 06:50:00,23.159,23.186,23.117,23.137,31456
2270,2023-02-10 06:45:00,23.159,23.166,23.107,23.137,38020
2271,2023-02-10 06:40:00,23.13,23.196,23.117,23.157,43886
2272,2023-02-10 06:35:00,23.159,23.166,23.077,23.108,100147
2273,2023-02-10 06:30:00,23.13,23.196,23.107,23.157,203327
2274,2023-02-10 06:25:00,23.159,23.186,23.107,23.127,62967
2275,2023-02-10 06:20:00,23.179,23.196,23.136,23.147,41420
2276,2023-02-10 06:15:00,23.169,23.216,23.107,23.177,71424
2277,2023-02-10 06:10:00,23.189,23.216,23.117,23.157,80261
2278,2023-02-10 06:05:00,23.298,23.314,23.146,23.177,191241
2279,2023-02-10 06:00:00,23.377,23.403,23.275,23.285,41136
2280,2023-02-10 05:55:00,23.337,23.443,23.324,23.384,52875
2281,2023-02-10 05:50:00,23.377,23.393,23.314,23.335,32113
2282,2023-02-10 05:45:00,23.317,23.403,23.294,23.374,48275
2283,2023-02-10 05:40:00,23.367,23.384,23.284,23.315,63407
2284,2023-02-10 05:35:00,23.308,23.384,23.294,23.364,75898
2285,2023-02-10 05:30:00,23.298,23.344,23.265,23.295,60572
2286,2023-02-10 05:25:00,23.298,23.314,23.245,23.285,86060
2287,2023-02-10 05:20:00,23.308,23.334,23.275,23.285,172792
2288,2023-02-10 05:15:00,23.377,23.403,23.284,23.285,48998
2289,2023-02-10 05:10:00,23.416,23.433,23.363,23.374,83555
2290,2023-02-10 05:05:00,23.495,23.502,23.403,23.433,228138
2291,2023-02-10 05:00:00,23.446,23.532,23.363,23.493,141070
2292,2023-02-10 04:55:00,23.535,23.542,23.423,23.443,100077
2293,2023-02-10 04:50:00,23.564,23.591,23.492,23.512,88138
2294,2023-02-10 04:45:00,23.752,23.818,23.521,23.542,118200
2295,2023-02-10 04:40:00,23.762,23.828,23.729,23.739,53527
2296,2023-02-10 04:35:00,23.801,23.808,23.729,23.759,50323
2297,2023-02-10 04:30:00,23.801,23.848,23.758,23.779,63232
2298,2023-02-10 04:25:00,23.841,23.868,23.778,23.789,38355
2299,2023-02-10 04:20:00,23.831,23.897,23.808,23.828,54038
2300,2023-02-10 04:15:00,23.851,23.858,23.738,23.809,78397
2301,2023-02-10 04:10:00,23.94,23.966,23.857,23.858,59812
2302,2023-02-10 04:05:00,23.969,24.006,23.906,23.927,76729
2303,2023-02-10 04:00:00,23.95,23.996,23.916,23.957,145284
2304,2023-02-09 19:55:00,23.9,23.927,23.877,23.897,182901
2305,2023-02-09 19:50:00,23.93,23.947,23.887,23.897,29217
2306,2023-02-09 19:45:00,23.93,23.947,23.887,23.917,38968
2307,2023-02-09 19:40:00,23.91,23.937,23.887,23.908,16736
2308,2023-02-09 19:35:00,23.89,23.937,23.867,23.907,77386
2309,2023-02-09 19:30:00,23.861,23.917,23.847,23.888,50723
2310,2023-02-09 19:25:00,23.95,23.957,23.837,23.848,85683
2311,2023-02-09 19:20:00,23.95,23.957,23.896,23.927,83360
2312,2023-02-09 19:15:00,24.009,24.016,23.926,23.927,47036
2313,2023-02-09 19:10:00,23.989,24.026,23.975,23.987,18518
2314,2023-02-09 19:05:00,23.969,24.026,23.946,23.986,41733
2315,2023-02-09 19:00:00,24.038,24.045,23.936,23.957,48948
2316,2023-02-09 18:55:00,24.029,24.045,23.985,24.016,23341
2317,2023-02-09 18:50:00,24.038,24.055,23.995,23.996,41560
2318,2023-02-09 18:45:00,24.029,24.055,23.985,24.036,13553
2319,2023-02-09 18:40:00,24.038,24.055,24.015,24.016,5878
2320,2023-02-09 18:35:00,24.029,24.045,23.986,24.026,35023
2321,2023-02-09 18:30:00,24.108,24.115,24.005,24.016,39936
2322,2023-02-09 18:25:00,24.117,24.124,24.074,24.095,54400
2323,2023-02-09 18:20:00,24.068,24.115,24.044,24.095,25684
2324,2023-02-09 18:15:00,24.078,24.115,24.064,24.065,33190
2325,2023-02-09 18:10:00,24.088,24.105,24.064,24.075,20690
2326,2023-02-09 18:05:00,24.029,24.105,24.015,24.085,96490
2327,2023-02-09 18:00:00,24.048,24.085,24.005,24.016,92843
2328,2023-02-09 17:55:00,24.049,24.075,24.025,24.036,26290
2329,2023-02-09 17:50:00,24.068,24.075,24.015,24.036,41822
2330,2023-02-09 17:45:00,24.068,24.095,24.044,24.045,13781
2331,2023-02-09 17:40:00,24.088,24.095,24.045,24.065,21894
2332,2023-02-09 17:35:00,24.098,24.105,24.064,24.075,18126
2333,2023-02-09 17:30:00,24.078,24.105,24.054,24.075,26065
2334,2023-02-09 17:25:00,24.068,24.085,24.044,24.055,31124
2335,2023-02-09 17:20:00,24.068,24.085,24.035,24.055,13446
2336,2023-02-09 17:15:00,24.088,24.105,24.044,24.075,15516
2337,2023-02-09 17:10:00,24.088,24.105,24.064,24.075,7516
2338,2023-02-09 17:05:00,24.088,24.105,24.064,24.075,11373
2339,2023-02-09 17:00:00,24.098,24.115,24.074,24.085,32100
2340,2023-02-09 16:55:00,24.088,24.124,24.054,24.095,141435
2341,2023-02-09 16:50:00,24.048,24.085,24.015,24.065,56238
2342,2023-02-09 16:45:00,24.048,24.084,24.035,24.045,66361
2343,2023-02-09 16:40:00,24.078,24.095,24.015,24.026,92316
2344,2023-02-09 16:35:00,24.068,24.105,24.054,24.065,39521
2345,2023-02-09 16:30:00,24.068,24.115,24.035,24.055,177183
2346,2023-02-09 16:25:00,24.038,24.085,24.025,24.045,100804
2347,2023-02-09 16:20:00,24.019,24.065,24.005,24.026,156893
2348,2023-02-09 16:15:00,23.979,24.036,23.906,24.016,180843
2349,2023-02-09 16:10:00,23.999,24.006,23.936,23.957,148493
2350,2023-02-09 16:05:00,24.078,24.095,23.985,23.986,167062
2351,2023-02-09 16:00:00,23.979,24.095,23.956,24.075,608889
2352,2023-02-09 15:55:00,24.137,24.154,23.931,23.967,4512251
2353,2023-02-09 15:50:00,23.91,24.203,23.896,24.124,4946396
2354,2023-02-09 15:45:00,23.925,24.026,23.847,23.907,3197932
2355,2023-02-09 15:40:00,23.861,23.947,23.792,23.915,2139870
2356,2023-02-09 15:35:00,23.688,23.873,23.62,23.848,3987698
2357,2023-02-09 15:30:00,23.857,23.868,23.66,23.67,4257152
2358,2023-02-09 15:25:00,23.92,23.937,23.798,23.843,2360793
2359,2023-02-09 15:20:00,24.009,24.085,23.896,23.902,1744359
2360,2023-02-09 15:15:00,24.052,24.059,23.946,23.996,1582420
2361,2023-02-09 15:10:00,24.132,24.154,24.015,24.036,1484895
2362,2023-02-09 15:05:00,23.989,24.154,23.946,24.12,2476562
2363,2023-02-09 15:00:00,24.236,24.243,23.975,23.976,2773735
2364,2023-02-09 14:55:00,24.262,24.269,24.173,24.216,1127430
2365,2023-02-09 14:50:00,24.31,24.332,24.211,24.243,1220424
2366,2023-02-09 14:45:00,24.31,24.342,24.193,24.298,1387297
2367,2023-02-09 14:40:00,24.182,24.362,24.161,24.302,1720865
2368,2023-02-09 14:35:00,24.196,24.253,24.153,24.169,1430771
2369,2023-02-09 14:30:00,24.206,24.312,24.143,24.184,2383580
2370,2023-02-09 14:25:00,24.244,24.321,24.183,24.194,1914511
2371,2023-02-09 14:20:00,24.305,24.367,24.193,24.227,1695071
2372,2023-02-09 14:15:00,24.404,24.431,24.242,24.282,2680177
2373,2023-02-09 14:10:00,24.493,24.506,24.331,24.397,1867835
2374,2023-02-09 14:05:00,24.433,24.529,24.41,24.476,1330293
2375,2023-02-09 14:00:00,24.443,24.539,24.38,24.421,1633097
2376,2023-02-09 13:55:00,24.536,24.559,24.36,24.435,2395804
2377,2023-02-09 13:50:00,24.568,24.579,24.469,24.521,1154090
2378,2023-02-09 13:45:00,24.512,24.584,24.429,24.554,1820732
2379,2023-02-09 13:40:00,24.601,24.628,24.452,24.5,1898025
2380,2023-02-09 13:35:00,24.73,24.747,24.568,24.588,1357855
2381,2023-02-09 13:30:00,24.641,24.806,24.548,24.719,2525070
2382,2023-02-09 13:25:00,24.611,24.737,24.587,24.623,1851913
2383,2023-02-09 13:20:00,24.611,24.704,24.548,24.588,1632019
2384,2023-02-09 13:15:00,24.582,24.633,24.499,24.598,1345811
2385,2023-02-09 13:10:00,24.582,24.658,24.528,24.57,1051605
2386,2023-02-09 13:05:00,24.591,24.674,24.538,24.574,1660286
2387,2023-02-09 13:00:00,24.685,24.692,24.484,24.578,3181220
2388,2023-02-09 12:55:00,24.582,24.697,24.558,24.667,2179898
2389,2023-02-09 12:50:00,24.453,24.589,24.42,24.564,1642807
2390,2023-02-09 12:45:00,24.582,24.599,24.41,24.44,2785028
2391,2023-02-09 12:40:00,24.572,24.648,24.528,24.574,2333417
2392,2023-02-09 12:35:00,24.695,24.737,24.538,24.553,2830757
2393,2023-02-09 12:30:00,24.917,24.935,24.676,24.677,3055819
2394,2023-02-09 12:25:00,25.032,25.102,24.893,24.9,1964785
2395,2023-02-09 12:20:00,25.075,25.122,24.982,25.018,1836128
2396,2023-02-09 12:15:00,25.011,25.093,24.913,25.056,2007630
2397,2023-02-09 12:10:00,25.02,25.093,24.992,24.995,1977074
2398,2023-02-09 12:05:00,24.937,25.033,24.903,25.012,1604011
2399,2023-02-09 12:00:00,24.908,25.0,24.864,24.92,1702586
2400,2023-02-09 11:55:00,24.79,24.925,24.755,24.894,1311603
2401,2023-02-09 11:50:00,24.829,24.865,24.755,24.776,1620509
2402,2023-02-09 11:45:00,24.977,24.984,24.785,24.815,2187022
2403,2023-02-09 11:40:00,24.937,24.994,24.844,24.967,2196731
2404,2023-02-09 11:35:00,24.833,24.954,24.795,24.929,3381857
2405,2023-02-09 11:30:00,24.903,24.915,24.794,24.815,1689263
2406,2023-02-09 11:25:00,24.865,24.944,24.795,24.884,2176718
2407,2023-02-09 11:20:00,25.049,25.08,24.804,24.85,2747704
2408,2023-02-09 11:15:00,25.14,25.162,25.006,25.033,1148002
2409,2023-02-09 11:10:00,25.125,25.191,25.061,25.131,1788581
2410,2023-02-09 11:05:00,25.046,25.152,24.913,25.107,2620774
2411,2023-02-09 11:00:00,25.322,25.34,24.933,25.028,3231609
2412,2023-02-09 10:55:00,25.224,25.34,25.142,25.314,1386176
2413,2023-02-09 10:50:00,25.322,25.389,25.199,25.215,2052381
2414,2023-02-09 10:45:00,25.145,25.349,25.12,25.314,2271979
2415,2023-02-09 10:40:00,25.243,25.28,25.101,25.131,2196031
2416,2023-02-09 10:35:00,25.224,25.32,25.189,25.226,1878758
2417,2023-02-09 10:30:00,25.135,25.28,25.071,25.21,3187743
2418,2023-02-09 10:25:00,25.411,25.419,25.101,25.113,4249932
2419,2023-02-09 10:20:00,25.565,25.646,25.367,25.407,2165189
2420,2023-02-09 10:15:00,25.52,25.646,25.446,25.545,2488331
2421,2023-02-09 10:10:00,25.47,25.577,25.4,25.494,1754352
2422,2023-02-09 10:05:00,25.401,25.567,25.356,25.463,2372699
2423,2023-02-09 10:00:00,25.441,25.498,25.278,25.388,2148110
2424,2023-02-09 09:55:00,25.391,25.537,25.302,25.427,2587817
2425,2023-02-09 09:50:00,25.49,25.616,25.318,25.369,3427488
2426,2023-02-09 09:45:00,25.238,25.527,25.194,25.47,3356888
2427,2023-02-09 09:40:00,25.51,25.577,25.209,25.226,3940728
2428,2023-02-09 09:35:00,25.564,25.646,25.387,25.493,4411035
2429,2023-02-09 09:30:00,25.727,25.774,25.466,25.546,6328191
2430,2023-02-09 09:25:00,25.658,25.754,25.634,25.714,470451
2431,2023-02-09 09:20:00,25.628,25.675,25.594,25.635,122199
2432,2023-02-09 09:15:00,25.599,25.656,25.575,25.605,152554
2433,2023-02-09 09:10:00,25.649,25.666,25.574,25.585,314997
2434,2023-02-09 09:05:00,25.668,25.675,25.634,25.635,176380
2435,2023-02-09 09:00:00,25.668,25.685,25.624,25.654,321639
2436,2023-02-09 08:55:00,25.648,25.685,25.634,25.654,448612
2437,2023-02-09 08:50:00,25.619,25.675,25.594,25.635,297849
2438,2023-02-09 08:45:00,25.599,25.646,25.565,25.615,248195
2439,2023-02-09 08:40:00,25.5,25.606,25.486,25.585,197198
2440,2023-02-09 08:35:00,25.599,25.616,25.476,25.487,357570
2441,2023-02-09 08:30:00,25.461,25.626,25.446,25.575,764403
2442,2023-02-09 08:25:00,25.461,25.488,25.407,25.457,78873
2443,2023-02-09 08:20:00,25.441,25.498,25.387,25.437,104090
2444,2023-02-09 08:15:00,25.461,25.488,25.426,25.427,80185
2445,2023-02-09 08:10:00,25.441,25.488,25.416,25.457,81066
2446,2023-02-09 08:05:00,25.431,25.458,25.387,25.418,91717
2447,2023-02-09 08:00:00,25.509,25.723,24.923,25.418,997883
2448,2023-02-09 07:55:00,25.451,25.458,25.347,25.358,82926
2449,2023-02-09 07:50:00,25.451,25.527,25.416,25.437,141344
2450,2023-02-09 07:45:00,25.47,25.478,25.436,25.437,75083
2451,2023-02-09 07:40:00,25.411,25.498,25.397,25.467,78058
2452,2023-02-09 07:35:00,25.52,25.527,25.397,25.398,85531
2453,2023-02-09 07:30:00,25.47,25.537,25.456,25.506,56657
2454,2023-02-09 07:25:00,25.49,25.537,25.456,25.457,185889
2455,2023-02-09 07:20:00,25.5,25.508,25.466,25.477,75626
2456,2023-02-09 07:15:00,25.441,25.517,25.426,25.477,37786
2457,2023-02-09 07:10:00,25.461,25.468,25.407,25.437,83030
2458,2023-02-09 07:05:00,25.5,25.517,25.446,25.447,57420
2459,2023-02-09 07:00:00,25.53,25.547,25.446,25.487,329752
2460,2023-02-09 06:55:00,25.54,25.547,25.495,25.516,31455
2461,2023-02-09 06:50:00,25.54,25.557,25.525,25.536,11210
2462,2023-02-09 06:45:00,25.51,25.557,25.486,25.526,23665
2463,2023-02-09 06:40:00,25.51,25.537,25.476,25.516,21899
2464,2023-02-09 06:35:00,25.47,25.527,25.407,25.487,53509
2465,2023-02-09 06:30:00,25.53,25.547,25.456,25.457,56253
2466,2023-02-09 06:25:00,25.52,25.557,25.495,25.506,197481
2467,2023-02-09 06:20:00,25.54,25.547,25.486,25.506,65996
2468,2023-02-09 06:15:00,25.589,25.596,25.525,25.536,135188
2469,2023-02-09 06:10:00,25.609,25.626,25.584,25.595,12184
2470,2023-02-09 06:05:00,25.658,25.666,25.604,25.605,49320
2471,2023-02-09 06:00:00,25.707,25.725,25.634,25.645,48303
2472,2023-02-09 05:55:00,25.658,25.725,25.624,25.694,38140
2473,2023-02-09 05:50:00,25.609,25.695,25.594,25.645,75095
2474,2023-02-09 05:45:00,25.569,25.616,25.545,25.595,35135
2475,2023-02-09 05:40:00,25.569,25.587,25.545,25.546,26743
2476,2023-02-09 05:35:00,25.52,25.577,25.505,25.556,27554
2477,2023-02-09 05:30:00,25.54,25.557,25.515,25.516,75465
2478,2023-02-09 05:25:00,25.54,25.567,25.515,25.516,24869
2479,2023-02-09 05:20:00,25.52,25.557,25.505,25.516,50248
2480,2023-02-09 05:15:00,25.52,25.547,25.505,25.506,16757
2481,2023-02-09 05:10:00,25.54,25.577,25.515,25.516,40897
2482,2023-02-09 05:05:00,25.53,25.547,25.486,25.526,41437
2483,2023-02-09 05:00:00,25.619,25.626,25.505,25.516,45353
2484,2023-02-09 04:55:00,25.53,25.616,25.515,25.595,60084
2485,2023-02-09 04:50:00,25.52,25.567,25.505,25.516,80393
2486,2023-02-09 04:45:00,25.48,25.527,25.466,25.496,52520
2487,2023-02-09 04:40:00,25.451,25.478,25.426,25.457,34089
2488,2023-02-09 04:35:00,25.391,25.488,25.377,25.437,46781
2489,2023-02-09 04:30:00,25.382,25.409,25.367,25.378,29234
2490,2023-02-09 04:25:00,25.362,25.409,25.347,25.378,32921
2491,2023-02-09 04:20:00,25.391,25.399,25.337,25.348,33344
2492,2023-02-09 04:15:00,25.382,25.409,25.347,25.368,31923
2493,2023-02-09 04:10:00,25.342,25.409,25.328,25.368,52941
2494,2023-02-09 04:05:00,25.342,25.409,25.318,25.329,80937
2495,2023-02-09 04:00:00,25.352,25.389,25.051,25.329,193159
2496,2023-02-08 19:55:00,24.829,24.865,24.814,24.835,101636
2497,2023-02-08 19:50:00,24.838,24.846,24.785,24.815,38550
2498,2023-02-08 19:45:00,24.838,24.855,24.814,24.825,56657
2499,2023-02-08 19:40:00,24.848,24.855,24.824,24.825,23890
2500,2023-02-08 19:35:00,24.819,24.865,24.804,24.835,24558
2501,2023-02-08 19:30:00,24.838,24.846,24.795,24.815,47876
2502,2023-02-08 19:25:00,24.858,24.875,24.824,24.825,98815
2503,2023-02-08 19:20:00,24.848,24.875,24.824,24.835,22339
2504,2023-02-08 19:15:00,24.819,24.875,24.804,24.845,55271
2505,2023-02-08 19:10:00,24.819,24.836,24.785,24.796,25875
2506,2023-02-08 19:05:00,24.819,24.826,24.785,24.806,53899
2507,2023-02-08 19:00:00,24.789,24.826,24.775,24.806,54251
2508,2023-02-08 18:55:00,24.779,24.796,24.765,24.766,33393
2509,2023-02-08 18:50:00,24.789,24.816,24.765,24.766,20116
2510,2023-02-08 18:45:00,24.809,24.826,24.775,24.776,16132
2511,2023-02-08 18:40:00,24.789,24.816,24.765,24.796,40788
2512,2023-02-08 18:35:00,24.769,24.796,24.745,24.766,23851
2513,2023-02-08 18:30:00,24.74,24.776,24.726,24.746,34154
2514,2023-02-08 18:25:00,24.749,24.767,24.706,24.727,37496
2515,2023-02-08 18:20:00,24.68,24.757,24.666,24.736,16232
2516,2023-02-08 18:15:00,24.7,24.717,24.656,24.667,25580
2517,2023-02-08 18:10:00,24.7,24.727,24.676,24.687,31777
2518,2023-02-08 18:05:00,24.73,24.737,24.686,24.697,9431
2519,2023-02-08 18:00:00,24.71,24.737,24.696,24.717,25905
2520,2023-02-08 17:55:00,24.71,24.717,24.686,24.687,8625
2521,2023-02-08 17:50:00,24.71,24.717,24.686,24.687,6446
2522,2023-02-08 17:45:00,24.7,24.717,24.686,24.697,19034
2523,2023-02-08 17:40:00,24.73,24.737,24.686,24.687,22403
2524,2023-02-08 17:35:00,24.72,24.737,24.706,24.707,7674
2525,2023-02-08 17:30:00,24.71,24.737,24.696,24.717,7916
2526,2023-02-08 17:25:00,24.72,24.727,24.696,24.697,7413
2527,2023-02-08 17:20:00,24.71,24.737,24.696,24.707,6645
2528,2023-02-08 17:15:00,24.749,24.757,24.696,24.697,53944
2529,2023-02-08 17:10:00,24.769,24.776,24.735,24.736,49326
2530,2023-02-08 17:05:00,24.759,24.776,24.745,24.746,30592
2531,2023-02-08 17:00:00,24.769,24.776,24.745,24.746,22874
2532,2023-02-08 16:55:00,24.74,24.776,24.726,24.746,43038
2533,2023-02-08 16:50:00,24.749,24.767,24.726,24.736,35010
2534,2023-02-08 16:45:00,24.749,24.776,24.735,24.746,58328
2535,2023-02-08 16:40:00,24.73,24.767,24.716,24.736,59618
2536,2023-02-08 16:35:00,24.73,24.747,24.706,24.727,66086
2537,2023-02-08 16:30:00,24.71,24.727,24.686,24.707,55603
2538,2023-02-08 16:25:00,24.7,24.727,24.676,24.687,37372
2539,2023-02-08 16:20:00,24.641,24.707,24.627,24.677,97839
2540,2023-02-08 16:15:00,24.611,24.648,24.597,24.628,67588
2541,2023-02-08 16:10:00,24.67,24.678,24.587,24.608,108227
2542,2023-02-08 16:05:00,24.661,24.707,24.637,24.657,154227
2543,2023-02-08 16:00:00,24.68,24.717,24.637,24.648,355170
2544,2023-02-08 15:55:00,24.69,24.727,24.602,24.657,3395109
2545,2023-02-08 15:50:00,24.66,24.826,24.617,24.677,3769147
2546,2023-02-08 15:45:00,24.749,24.757,24.607,24.638,1859867
2547,2023-02-08 15:40:00,24.735,24.806,24.676,24.728,2017831
2548,2023-02-08 15:35:00,24.601,24.757,24.587,24.723,1221360
2549,2023-02-08 15:30:00,24.621,24.752,24.577,24.578,1642275
2550,2023-02-08 15:25:00,24.651,24.678,24.558,24.615,865179
2551,2023-02-08 15:20:00,24.512,24.697,24.499,24.638,1604397
2552,2023-02-08 15:15:00,24.562,24.653,24.489,24.495,1738982
2553,2023-02-08 15:10:00,24.616,24.638,24.499,24.549,1790462
2554,2023-02-08 15:05:00,24.666,24.688,24.528,24.607,2102534
2555,2023-02-08 15:00:00,24.838,24.855,24.647,24.652,1500332
2556,2023-02-08 14:55:00,24.754,24.865,24.706,24.815,1146296
2557,2023-02-08 14:50:00,24.67,24.786,24.647,24.741,826954
2558,2023-02-08 14:45:00,24.749,24.764,24.632,24.653,1434909
2559,2023-02-08 14:40:00,24.883,24.923,24.627,24.736,2422489
2560,2023-02-08 14:35:00,24.838,24.915,24.804,24.865,928714
2561,2023-02-08 14:30:00,24.825,24.885,24.795,24.815,888272
2562,2023-02-08 14:25:00,24.888,24.905,24.785,24.806,1020725
2563,2023-02-08 14:20:00,25.0,25.018,24.874,24.88,1138141
2564,2023-02-08 14:15:00,24.927,25.053,24.903,24.993,1894751
2565,2023-02-08 14:10:00,24.851,24.964,24.805,24.914,1751261
2566,2023-02-08 14:05:00,24.838,24.885,24.745,24.84,1291150
2567,2023-02-08 14:00:00,24.838,24.875,24.706,24.819,1314128
2568,2023-02-08 13:55:00,24.72,24.851,24.705,24.825,1408881
2569,2023-02-08 13:50:00,24.74,24.786,24.676,24.707,918294
2570,2023-02-08 13:45:00,24.741,24.816,24.676,24.717,1235530
2571,2023-02-08 13:40:00,24.733,24.806,24.676,24.739,1224782
2572,2023-02-08 13:35:00,24.789,24.875,24.647,24.724,2241825
2573,2023-02-08 13:30:00,24.858,24.895,24.755,24.785,1708314
2574,2023-02-08 13:25:00,25.084,25.099,24.844,24.85,2203761
2575,2023-02-08 13:20:00,25.021,25.102,24.953,25.068,1392144
2576,2023-02-08 13:15:00,25.036,25.093,24.905,25.012,1605013
2577,2023-02-08 13:10:00,25.074,25.122,24.982,25.013,1521783
2578,2023-02-08 13:05:00,25.036,25.181,24.923,25.052,3215653
2579,2023-02-08 13:00:00,24.982,25.083,24.923,25.023,2982601
2580,2023-02-08 12:55:00,24.908,25.009,24.844,24.967,1334267
2581,2023-02-08 12:50:00,24.898,24.974,24.869,24.894,1470108
2582,2023-02-08 12:45:00,24.779,24.905,24.765,24.88,1238326
2583,2023-02-08 12:40:00,24.724,24.796,24.676,24.762,1705992
2584,2023-02-08 12:35:00,24.854,24.905,24.706,24.713,2233743
2585,2023-02-08 12:30:00,24.976,25.053,24.824,24.836,2415283
2586,2023-02-08 12:25:00,24.962,24.984,24.854,24.963,1737961
2587,2023-02-08 12:20:00,24.893,25.023,24.854,24.954,2234429
2588,2023-02-08 12:15:00,24.73,24.905,24.706,24.88,1657641
2589,2023-02-08 12:10:00,24.803,24.905,24.716,24.727,1970003
2590,2023-02-08 12:05:00,24.74,24.846,24.676,24.792,1496648
2591,2023-02-08 12:00:00,24.917,24.935,24.706,24.72,2352234
2592,2023-02-08 11:55:00,24.741,24.954,24.71,24.909,3416369
2593,2023-02-08 11:50:00,24.685,24.776,24.627,24.731,2389783
2594,2023-02-08 11:45:00,24.621,24.737,24.587,24.658,2397900
2595,2023-02-08 11:40:00,24.72,24.727,24.558,24.608,1850305
2596,2023-02-08 11:35:00,24.572,24.757,24.558,24.707,2621005
2597,2023-02-08 11:30:00,24.64,24.707,24.508,24.569,2041691
2598,2023-02-08 11:25:00,24.7,24.717,24.528,24.627,3195746
2599,2023-02-08 11:20:00,24.973,24.984,24.647,24.677,3045717
2600,2023-02-08 11:15:00,24.848,25.014,24.795,24.959,2111328
2601,2023-02-08 11:10:00,25.001,25.053,24.814,24.831,2445015
2602,2023-02-08 11:05:00,25.056,25.108,24.898,24.993,1989001
2603,2023-02-08 11:00:00,25.095,25.152,24.953,25.049,3019636
2604,2023-02-08 10:55:00,25.175,25.231,25.071,25.082,1338788
2605,2023-02-08 10:50:00,25.219,25.241,25.012,25.166,2331129
2606,2023-02-08 10:45:00,25.184,25.29,25.11,25.205,1786873
2607,2023-02-08 10:40:00,25.283,25.32,25.15,25.181,2138126
2608,2023-02-08 10:35:00,25.115,25.31,25.051,25.271,3376993
2609,2023-02-08 10:30:00,25.461,25.468,25.041,25.092,4665061
2610,2023-02-08 10:25:00,25.549,25.567,25.387,25.447,1932663
2611,2023-02-08 10:20:00,25.796,25.814,25.476,25.536,2067923
2612,2023-02-08 10:15:00,25.628,25.853,25.594,25.783,3218435
2613,2023-02-08 10:10:00,25.53,25.685,25.495,25.611,2459588
2614,2023-02-08 10:05:00,25.549,25.606,25.357,25.521,2983171
2615,2023-02-08 10:00:00,25.638,25.675,25.408,25.546,2593981
2616,2023-02-08 09:55:00,25.53,25.695,25.397,25.625,3511959
2617,2023-02-08 09:50:00,25.747,25.769,25.416,25.516,3944069
2618,2023-02-08 09:45:00,25.92,25.947,25.732,25.734,3107063
2619,2023-02-08 09:40:00,25.846,25.982,25.782,25.909,3594303
2620,2023-02-08 09:35:00,25.707,25.863,25.644,25.832,3934302
2621,2023-02-08 09:30:00,25.727,25.853,25.535,25.694,5625946
2622,2023-02-08 09:25:00,25.786,25.814,25.683,25.724,379409
2623,2023-02-08 09:20:00,25.678,25.804,25.653,25.773,238223
2624,2023-02-08 09:15:00,25.806,25.814,25.634,25.674,441343
2625,2023-02-08 09:10:00,25.796,25.853,25.772,25.802,253160
2626,2023-02-08 09:05:00,25.737,25.794,25.673,25.773,331047
2627,2023-02-08 09:00:00,25.767,25.774,25.713,25.724,159578
2628,2023-02-08 08:55:00,25.717,25.784,25.703,25.753,279981
2629,2023-02-08 08:50:00,25.777,25.804,25.703,25.705,150906
2630,2023-02-08 08:45:00,25.737,25.794,25.703,25.763,219764
2631,2023-02-08 08:40:00,25.836,25.853,25.693,25.724,309954
2632,2023-02-08 08:35:00,25.816,25.873,25.801,25.822,153371
2633,2023-02-08 08:30:00,25.806,25.873,25.772,25.812,121577
2634,2023-02-08 08:25:00,25.786,25.834,25.762,25.802,94720
2635,2023-02-08 08:20:00,25.856,25.873,25.752,25.773,163574
2636,2023-02-08 08:15:00,25.816,25.883,25.772,25.852,161257
2637,2023-02-08 08:10:00,25.865,25.883,25.762,25.793,136051
2638,2023-02-08 08:05:00,25.846,25.883,25.811,25.852,127517
2639,2023-02-08 08:00:00,25.994,26.288,25.793,25.852,880215
2640,2023-02-08 07:55:00,25.846,25.913,25.821,25.881,73944
2641,2023-02-08 07:50:00,25.954,25.962,25.801,25.842,230015
2642,2023-02-08 07:45:00,26.033,26.041,25.94,25.941,53110
2643,2023-02-08 07:40:00,26.014,26.051,25.979,26.02,48064
2644,2023-02-08 07:35:00,26.073,26.09,25.989,26.0,66036
2645,2023-02-08 07:30:00,25.974,26.1,25.94,26.059,71721
2646,2023-02-08 07:25:00,25.984,26.021,25.959,25.97,89940
2647,2023-02-08 07:20:00,25.954,25.992,25.92,25.97,37253
2648,2023-02-08 07:15:00,26.043,26.061,25.9,25.931,104335
2649,2023-02-08 07:10:00,26.132,26.15,26.009,26.039,94869
2650,2023-02-08 07:05:00,26.132,26.15,26.078,26.118,79206
2651,2023-02-08 07:00:00,25.954,26.14,25.93,26.118,86050
2652,2023-02-08 06:55:00,25.974,25.982,25.9,25.941,26007
2653,2023-02-08 06:50:00,25.925,25.992,25.9,25.96,29559
2654,2023-02-08 06:45:00,25.964,25.982,25.88,25.901,13608
2655,2023-02-08 06:40:00,25.974,25.982,25.94,25.941,8353
2656,2023-02-08 06:35:00,25.945,25.972,25.91,25.951,2934
2657,2023-02-08 06:30:00,25.954,26.011,25.91,25.96,21202
2658,2023-02-08 06:25:00,25.905,25.952,25.88,25.931,48827
2659,2023-02-08 06:20:00,25.935,25.942,25.87,25.891,7855
2660,2023-02-08 06:15:00,25.974,25.992,25.91,25.911,14638
2661,2023-02-08 06:10:00,25.984,26.011,25.949,25.96,13795
2662,2023-02-08 06:05:00,25.964,26.011,25.92,25.97,19783
2663,2023-02-08 06:00:00,25.994,26.021,25.959,25.96,85522
2664,2023-02-08 05:55:00,25.945,26.001,25.93,25.97,27799
2665,2023-02-08 05:50:00,25.954,25.962,25.92,25.921,10634
2666,2023-02-08 05:45:00,25.865,25.972,25.851,25.951,29183
2667,2023-02-08 05:40:00,25.885,25.903,25.831,25.852,58238
2668,2023-02-08 05:35:00,25.875,25.893,25.821,25.852,17178
2669,2023-02-08 05:30:00,25.885,25.893,25.801,25.852,103053
2670,2023-02-08 05:25:00,25.895,25.922,25.841,25.842,42215
2671,2023-02-08 05:20:00,25.846,25.903,25.772,25.881,243481
2672,2023-02-08 05:15:00,25.846,25.863,25.821,25.832,70029
2673,2023-02-08 05:10:00,25.865,25.883,25.821,25.842,119226
2674,2023-02-08 05:05:00,25.895,25.922,25.831,25.852,126237
2675,2023-02-08 05:00:00,25.974,25.992,25.89,25.901,97077
2676,2023-02-08 04:55:00,25.895,25.972,25.861,25.951,39663
2677,2023-02-08 04:50:00,25.905,25.942,25.88,25.891,33223
2678,2023-02-08 04:45:00,25.895,25.913,25.831,25.881,12666
2679,2023-02-08 04:40:00,25.895,25.913,25.861,25.872,40807
2680,2023-02-08 04:35:00,25.954,25.962,25.861,25.881,42354
2681,2023-02-08 04:30:00,26.043,26.061,25.93,25.931,50049
2682,2023-02-08 04:25:00,25.984,26.061,25.969,26.03,51328
2683,2023-02-08 04:20:00,26.004,26.031,25.959,25.97,22151
2684,2023-02-08 04:15:00,26.033,26.051,25.979,25.99,22200
2685,2023-02-08 04:10:00,26.063,26.08,26.009,26.01,43768
2686,2023-02-08 04:05:00,25.964,26.08,25.949,26.059,83096
2687,2023-02-08 04:00:00,25.954,26.041,25.9,25.951,134585
2688,2023-02-07 19:55:00,26.004,26.041,25.989,26.01,63887
2689,2023-02-07 19:50:00,26.004,26.021,25.969,25.99,49011
2690,2023-02-07 19:45:00,25.984,26.021,25.969,25.99,41481
2691,2023-02-07 19:40:00,26.004,26.031,25.969,25.98,18555
2692,2023-02-07 19:35:00,25.925,26.031,25.91,26.0,27259
2693,2023-02-07 19:30:00,25.905,25.942,25.89,25.921,21467
2694,2023-02-07 19:25:00,25.905,25.913,25.88,25.881,33261
2695,2023-02-07 19:20:00,25.935,25.942,25.88,25.881,40235
2696,2023-02-07 19:15:00,25.954,25.962,25.9,25.921,125352
2697,2023-02-07 19:10:00,25.964,25.982,25.94,25.941,16948
2698,2023-02-07 19:05:00,25.974,25.992,25.93,25.941,16482
2699,2023-02-07 19:00:00,25.964,25.992,25.94,25.97,26584
2700,2023-02-07 18:55:00,25.954,25.962,25.91,25.941,35443
2701,2023-02-07 18:50:00,25.974,25.982,25.93,25.941,35488
2702,2023-02-07 18:45:00,26.043,26.061,25.93,25.96,48009
2703,2023-02-07 18:40:00,26.043,26.061,26.019,26.03,19854
2704,2023-02-07 18:35:00,26.043,26.061,26.019,26.02,17591
2705,2023-02-07 18:30:00,26.043,26.061,26.019,26.03,48320
2706,2023-02-07 18:25:00,26.053,26.071,25.999,26.02,36008
2707,2023-02-07 18:20:00,26.073,26.09,26.028,26.049,45476
2708,2023-02-07 18:15:00,26.063,26.08,26.028,26.059,29984
2709,2023-02-07 18:10:00,26.093,26.12,26.038,26.049,66995
2710,2023-02-07 18:05:00,25.984,26.11,25.969,26.069,93258
2711,2023-02-07 18:00:00,25.974,26.011,25.93,25.98,62814
2712,2023-02-07 17:55:00,25.954,26.001,25.93,25.96,67552
2713,2023-02-07 17:50:00,25.954,25.992,25.94,25.941,23933
2714,2023-02-07 17:45:00,25.885,26.011,25.87,25.951,150510
2715,2023-02-07 17:40:00,25.915,25.942,25.851,25.872,54130
2716,2023-02-07 17:35:00,25.905,25.942,25.88,25.916,33989
2717,2023-02-07 17:30:00,25.885,25.922,25.87,25.881,19344
2718,2023-02-07 17:25:00,25.885,25.903,25.861,25.881,12374
2719,2023-02-07 17:20:00,25.875,25.903,25.851,25.862,21985
2720,2023-02-07 17:15:00,25.885,25.893,25.851,25.862,22414
2721,2023-02-07 17:10:00,25.875,25.903,25.861,25.872,21451
2722,2023-02-07 17:05:00,25.895,25.903,25.851,25.852,78104
2723,2023-02-07 17:00:00,25.905,25.922,25.87,25.881,37597
2724,2023-02-07 16:55:00,25.885,25.922,25.861,25.891,44954
2725,2023-02-07 16:50:00,25.894,25.903,25.861,25.872,58844
2726,2023-02-07 16:45:00,25.885,25.903,25.861,25.881,62654
2727,2023-02-07 16:40:00,25.885,25.903,25.861,25.881,40384
2728,2023-02-07 16:35:00,25.905,25.922,25.861,25.872,95662
2729,2023-02-07 16:30:00,25.895,25.922,25.87,25.891,196909
2730,2023-02-07 16:25:00,25.885,25.922,25.851,25.881,128476
2731,2023-02-07 16:20:00,25.816,25.913,25.801,25.872,95297
2732,2023-02-07 16:15:00,25.885,25.893,25.801,25.802,96039
2733,2023-02-07 16:10:00,25.836,25.893,25.762,25.872,206225
2734,2023-02-07 16:05:00,25.915,25.922,25.811,25.822,274418
2735,2023-02-07 16:00:00,26.093,26.1,25.88,25.901,634528
2736,2023-02-07 15:55:00,26.349,26.357,26.019,26.079,5539150
2737,2023-02-07 15:50:00,26.083,26.367,26.068,26.331,5520742
2738,2023-02-07 15:45:00,25.974,26.14,25.93,26.069,3392203
2739,2023-02-07 15:40:00,25.974,26.021,25.91,25.964,1953662
2740,2023-02-07 15:35:00,25.949,25.989,25.821,25.957,3079885
2741,2023-02-07 15:30:00,25.945,25.982,25.87,25.934,2109855
2742,2023-02-07 15:25:00,25.826,25.977,25.772,25.941,3084219
2743,2023-02-07 15:20:00,25.731,25.863,25.713,25.807,2291462
2744,2023-02-07 15:15:00,25.583,25.764,25.565,25.718,2183510
2745,2023-02-07 15:10:00,25.47,25.636,25.456,25.575,1351159
2746,2023-02-07 15:05:00,25.564,25.646,25.407,25.448,2899995
2747,2023-02-07 15:00:00,25.648,25.843,25.545,25.551,3431763
2748,2023-02-07 14:55:00,25.707,25.715,25.574,25.635,1678547
2749,2023-02-07 14:50:00,25.579,25.735,25.496,25.692,3670659
2750,2023-02-07 14:45:00,25.49,25.616,25.476,25.564,1527700
2751,2023-02-07 14:40:00,25.54,25.675,25.446,25.469,2584688
2752,2023-02-07 14:35:00,25.549,25.596,25.477,25.52,2444226
2753,2023-02-07 14:30:00,25.273,25.626,25.209,25.546,5071185
2754,2023-02-07 14:25:00,25.312,25.409,25.189,25.25,2601443
2755,2023-02-07 14:20:00,25.352,25.384,25.17,25.299,3248898
2756,2023-02-07 14:15:00,25.204,25.404,25.189,25.345,3615272
2757,2023-02-07 14:10:00,25.095,25.29,25.051,25.19,4326408
2758,2023-02-07 14:05:00,24.883,25.201,24.824,25.076,5165753
2759,2023-02-07 14:00:00,24.562,24.915,24.538,24.865,5837897
2760,2023-02-07 13:55:00,24.542,24.64,24.459,24.552,3484138
2761,2023-02-07 13:50:00,24.325,24.575,24.252,24.523,3683655
2762,2023-02-07 13:45:00,24.473,24.539,24.271,24.322,3425878
2763,2023-02-07 13:40:00,24.503,24.757,24.42,24.46,5625048
2764,2023-02-07 13:35:00,24.265,24.579,24.223,24.484,5443616
2765,2023-02-07 13:30:00,24.759,24.767,24.242,24.253,8237716
2766,2023-02-07 13:25:00,25.106,25.28,24.735,24.746,5959897
2767,2023-02-07 13:20:00,25.342,25.379,25.022,25.093,4876682
2768,2023-02-07 13:15:00,25.382,25.428,24.953,25.319,8431991
2769,2023-02-07 13:10:00,25.599,25.685,25.352,25.368,5475468
2770,2023-02-07 13:05:00,25.619,25.802,25.486,25.576,5552512
2771,2023-02-07 13:00:00,25.905,26.041,25.565,25.595,7884399
2772,2023-02-07 12:55:00,25.865,26.125,25.787,25.889,7886879
2773,2023-02-07 12:50:00,25.633,25.914,25.466,25.852,8514061
2774,2023-02-07 12:45:00,25.145,25.646,25.12,25.616,10422768
2775,2023-02-07 12:40:00,24.815,25.251,24.735,25.121,7477815
2776,2023-02-07 12:35:00,24.764,24.836,24.735,24.806,991798
2777,2023-02-07 12:30:00,24.74,24.826,24.706,24.756,1013792
2778,2023-02-07 12:25:00,24.743,24.796,24.696,24.727,895177
2779,2023-02-07 12:20:00,24.878,24.895,24.687,24.727,1865485
2780,2023-02-07 12:15:00,24.928,24.944,24.864,24.87,739555
2781,2023-02-07 12:10:00,24.937,24.984,24.864,24.923,928432
2782,2023-02-07 12:05:00,24.957,25.0,24.903,24.918,885901
2783,2023-02-07 12:00:00,24.908,24.984,24.854,24.94,1216739
2784,2023-02-07 11:55:00,24.937,24.994,24.893,24.899,956203
2785,2023-02-07 11:50:00,24.991,25.023,24.908,24.917,946317
2786,2023-02-07 11:45:00,24.982,25.043,24.933,24.974,1096974
2787,2023-02-07 11:40:00,24.962,25.014,24.913,24.973,1126131
2788,2023-02-07 11:35:00,24.987,25.033,24.933,24.944,1551138
2789,2023-02-07 11:30:00,24.838,25.053,24.805,24.973,2421601
2790,2023-02-07 11:25:00,24.779,24.895,24.75,24.825,1270811
2791,2023-02-07 11:20:00,24.789,24.826,24.728,24.761,849892
2792,2023-02-07 11:15:00,24.814,24.865,24.765,24.779,1439596
2793,2023-02-07 11:10:00,24.799,24.855,24.735,24.797,2097165
2794,2023-02-07 11:05:00,24.6,24.865,24.577,24.787,2432825
2795,2023-02-07 11:00:00,24.582,24.668,24.567,24.584,816474
2796,2023-02-07 10:55:00,24.62,24.658,24.538,24.566,982873
2797,2023-02-07 10:50:00,24.641,24.717,24.578,24.608,1551659
2798,2023-02-07 10:45:00,24.671,24.688,24.597,24.622,1231105
2799,2023-02-07 10:40:00,24.591,24.688,24.538,24.658,1230268
2800,2023-02-07 10:35:00,24.542,24.648,24.469,24.579,1560151
2801,2023-02-07 10:30:00,24.481,24.618,24.439,24.525,1633302
2802,2023-02-07 10:25:00,24.562,24.609,24.4,24.465,1816116
2803,2023-02-07 10:20:00,24.606,24.648,24.518,24.559,2068858
2804,2023-02-07 10:15:00,24.483,24.618,24.42,24.592,2135462
2805,2023-02-07 10:10:00,24.404,24.52,24.341,24.46,2574596
2806,2023-02-07 10:05:00,24.483,24.589,24.39,24.391,1837603
2807,2023-02-07 10:00:00,24.473,24.529,24.38,24.475,2213051
2808,2023-02-07 09:55:00,24.605,24.668,24.42,24.464,2199093
2809,2023-02-07 09:50:00,24.631,24.826,24.499,24.593,3515113
2810,2023-02-07 09:45:00,24.695,24.717,24.528,24.608,2289081
2811,2023-02-07 09:40:00,24.631,24.747,24.538,24.677,3705439
2812,2023-02-07 09:35:00,24.522,24.668,24.42,24.628,3374417
2813,2023-02-07 09:30:00,24.522,24.638,24.449,24.519,3925366
2814,2023-02-07 09:25:00,24.572,24.579,24.479,24.5,361516
2815,2023-02-07 09:20:00,24.552,24.589,24.508,24.569,120714
2816,2023-02-07 09:15:00,24.522,24.559,24.479,24.539,120952
2817,2023-02-07 09:10:00,24.522,24.549,24.479,24.519,89304
2818,2023-02-07 09:05:00,24.582,24.599,24.479,24.509,261479
2819,2023-02-07 09:00:00,24.601,24.609,24.518,24.568,207584
2820,2023-02-07 08:55:00,24.552,24.618,24.508,24.598,131512
2821,2023-02-07 08:50:00,24.582,24.609,24.518,24.549,129741
2822,2023-02-07 08:45:00,24.621,24.628,24.558,24.569,149628
2823,2023-02-07 08:40:00,24.601,24.638,24.558,24.608,194993
2824,2023-02-07 08:35:00,24.611,24.638,24.548,24.588,247129
2825,2023-02-07 08:30:00,24.68,24.697,24.558,24.608,257391
2826,2023-02-07 08:25:00,24.661,24.688,24.607,24.667,154790
2827,2023-02-07 08:20:00,24.759,24.776,24.627,24.648,165542
2828,2023-02-07 08:15:00,24.799,24.836,24.745,24.746,214214
2829,2023-02-07 08:10:00,24.779,24.816,24.735,24.776,137340
2830,2023-02-07 08:05:00,24.819,24.855,24.755,24.756,88352
2831,2023-02-07 08:00:00,24.819,24.913,24.38,24.786,599950
2832,2023-02-07 07:55:00,24.799,24.855,24.775,24.835,24704
2833,2023-02-07 07:50:00,24.769,24.806,24.735,24.786,32408
2834,2023-02-07 07:45:00,24.799,24.836,24.745,24.756,38956
2835,2023-02-07 07:40:00,24.829,24.865,24.785,24.786,16170
2836,2023-02-07 07:35:00,24.799,24.836,24.765,24.815,20499
2837,2023-02-07 07:30:00,24.829,24.855,24.785,24.786,14416
2838,2023-02-07 07:25:00,24.858,24.865,24.804,24.835,32697
2839,2023-02-07 07:20:00,24.829,24.885,24.814,24.845,19319
2840,2023-02-07 07:15:00,24.809,24.864,24.795,24.815,45083
2841,2023-02-07 07:10:00,24.838,24.846,24.785,24.796,52954
2842,2023-02-07 07:05:00,24.819,24.865,24.804,24.825,57235
2843,2023-02-07 07:00:00,24.74,24.826,24.726,24.806,93621
2844,2023-02-07 06:55:00,24.73,24.767,24.716,24.727,18247
2845,2023-02-07 06:50:00,24.69,24.737,24.666,24.717,28085
2846,2023-02-07 06:45:00,24.69,24.707,24.647,24.667,6590
2847,2023-02-07 06:40:00,24.69,24.717,24.647,24.677,40639
2848,2023-02-07 06:35:00,24.69,24.707,24.627,24.657,30783
2849,2023-02-07 06:30:00,24.71,24.737,24.627,24.677,46062
2850,2023-02-07 06:25:00,24.651,24.727,24.627,24.697,33165
2851,2023-02-07 06:20:00,24.69,24.697,24.617,24.628,34789
2852,2023-02-07 06:15:00,24.7,24.707,24.647,24.677,25967
2853,2023-02-07 06:10:00,24.749,24.757,24.696,24.697,5201
2854,2023-02-07 06:05:00,24.72,24.767,24.706,24.736,17363
2855,2023-02-07 06:00:00,24.67,24.727,24.627,24.707,64804
2856,2023-02-07 05:55:00,24.749,24.757,24.666,24.667,45119
2857,2023-02-07 05:50:00,24.759,24.776,24.716,24.717,19131
2858,2023-02-07 05:45:00,24.789,24.806,24.745,24.746,33967
2859,2023-02-07 05:40:00,24.829,24.836,24.775,24.786,24678
2860,2023-02-07 05:35:00,24.868,24.875,24.814,24.825,21213
2861,2023-02-07 05:30:00,24.878,24.905,24.854,24.855,14440
2862,2023-02-07 05:25:00,24.829,24.885,24.814,24.865,24166
2863,2023-02-07 05:20:00,24.799,24.836,24.785,24.815,13965
2864,2023-02-07 05:15:00,24.809,24.816,24.765,24.786,23495
2865,2023-02-07 05:10:00,24.789,24.826,24.755,24.796,14445
2866,2023-02-07 05:05:00,24.809,24.826,24.765,24.766,20613
2867,2023-02-07 05:00:00,24.848,24.865,24.795,24.806,9951
2868,2023-02-07 04:55:00,24.878,24.885,24.824,24.825,16573
2869,2023-02-07 04:50:00,24.868,24.885,24.834,24.855,15682
2870,2023-02-07 04:45:00,24.868,24.885,24.834,24.845,37791
2871,2023-02-07 04:40:00,24.858,24.885,24.834,24.855,13114
2872,2023-02-07 04:35:00,24.878,24.925,24.844,24.845,22462
2873,2023-02-07 04:30:00,24.878,24.915,24.834,24.865,26591
2874,2023-02-07 04:25:00,24.868,24.905,24.854,24.865,91602
2875,2023-02-07 04:20:00,24.858,24.915,24.834,24.865,74545
2876,2023-02-07 04:15:00,24.848,24.875,24.814,24.835,51711
2877,2023-02-07 04:10:00,24.72,24.865,24.706,24.835,57391
2878,2023-02-07 04:05:00,24.661,24.727,24.627,24.707,46596
2879,2023-02-07 04:00:00,24.591,24.688,24.558,24.657,95439
2880,2023-02-06 19:55:00,24.769,24.806,24.755,24.786,58659
2881,2023-02-06 19:50:00,24.799,24.806,24.745,24.746,35036
2882,2023-02-06 19:45:00,24.74,24.806,24.726,24.776,116866
2883,2023-02-06 19:40:00,24.759,24.767,24.726,24.736,17936
2884,2023-02-06 19:35:00,24.759,24.767,24.716,24.736,19862
2885,2023-02-06 19:30:00,24.73,24.767,24.706,24.736,52209
2886,2023-02-06 19:25:00,24.73,24.747,24.706,24.707,41355
2887,2023-02-06 19:20:00,24.749,24.757,24.716,24.727,25262
2888,2023-02-06 19:15:00,24.749,24.767,24.716,24.727,40312
2889,2023-02-06 19:10:00,24.74,24.767,24.716,24.727,29563
2890,2023-02-06 19:05:00,24.69,24.747,24.676,24.717,39487
2891,2023-02-06 19:00:00,24.7,24.717,24.666,24.677,17404
2892,2023-02-06 18:55:00,24.67,24.697,24.656,24.677,38114
2893,2023-02-06 18:50:00,24.7,24.717,24.656,24.657,90574
2894,2023-02-06 18:45:00,24.661,24.707,24.637,24.687,50692
2895,2023-02-06 18:40:00,24.631,24.678,24.607,24.657,12777
2896,2023-02-06 18:35:00,24.611,24.648,24.587,24.618,21298
2897,2023-02-06 18:30:00,24.621,24.628,24.568,24.588,15415
2898,2023-02-06 18:25:00,24.621,24.648,24.607,24.608,6696
2899,2023-02-06 18:20:00,24.631,24.648,24.597,24.608,10492
2900,2023-02-06 18:15:00,24.641,24.658,24.607,24.628,23932
2901,2023-02-06 18:10:00,24.582,24.658,24.548,24.628,76377
2902,2023-02-06 18:05:00,24.562,24.589,24.538,24.559,35975
2903,2023-02-06 18:00:00,24.582,24.609,24.548,24.549,67269
2904,2023-02-06 17:55:00,24.562,24.589,24.548,24.559,16990
2905,2023-02-06 17:50:00,24.562,24.579,24.538,24.559,26879
2906,2023-02-06 17:45:00,24.562,24.569,24.538,24.549,21385
2907,2023-02-06 17:40:00,24.582,24.589,24.548,24.549,17260
2908,2023-02-06 17:35:00,24.582,24.589,24.558,24.569,11330
2909,2023-02-06 17:30:00,24.562,24.589,24.548,24.569,76793
2910,2023-02-06 17:25:00,24.572,24.589,24.548,24.549,18647
2911,2023-02-06 17:20:00,24.582,24.589,24.558,24.559,16031
2912,2023-02-06 17:15:00,24.542,24.579,24.528,24.559,28632
2913,2023-02-06 17:10:00,24.562,24.579,24.538,24.539,11442
2914,2023-02-06 17:05:00,24.572,24.589,24.548,24.559,5040
2915,2023-02-06 17:00:00,24.552,24.589,24.538,24.569,20355
2916,2023-02-06 16:55:00,24.552,24.579,24.528,24.549,23767
2917,2023-02-06 16:50:00,24.532,24.549,24.508,24.529,48182
2918,2023-02-06 16:45:00,24.552,24.569,24.508,24.509,36010
2919,2023-02-06 16:40:00,24.572,24.579,24.538,24.539,16952
2920,2023-02-06 16:35:00,24.563,24.589,24.548,24.559,22073
2921,2023-02-06 16:30:00,24.562,24.589,24.538,24.549,22840
2922,2023-02-06 16:25:00,24.552,24.569,24.528,24.549,66831
2923,2023-02-06 16:20:00,24.542,24.569,24.508,24.539,34358
2924,2023-02-06 16:15:00,24.542,24.549,24.508,24.519,23295
2925,2023-02-06 16:10:00,24.562,24.579,24.508,24.519,91483
2926,2023-02-06 16:05:00,24.572,24.579,24.518,24.548,135529
2927,2023-02-06 16:00:00,24.562,24.609,24.538,24.558,471413
2928,2023-02-06 15:55:00,24.606,24.613,24.499,24.549,2431340
2929,2023-02-06 15:50:00,24.443,24.668,24.429,24.588,3695617
2930,2023-02-06 15:45:00,24.503,24.549,24.39,24.433,1841689
2931,2023-02-06 15:40:00,24.503,24.569,24.464,24.49,1068436
2932,2023-02-06 15:35:00,24.463,24.589,24.448,24.495,1917477
2933,2023-02-06 15:30:00,24.394,24.5,24.271,24.45,3086255
2934,2023-02-06 15:25:00,24.419,24.46,24.341,24.381,1496847
2935,2023-02-06 15:20:00,24.497,24.559,24.39,24.409,1134667
2936,2023-02-06 15:15:00,24.468,24.549,24.375,24.485,2011721
2937,2023-02-06 15:10:00,24.601,24.609,24.439,24.459,1249404
2938,2023-02-06 15:05:00,24.646,24.663,24.508,24.582,1449747
2939,2023-02-06 15:00:00,24.666,24.707,24.607,24.637,824610
2940,2023-02-06 14:55:00,24.67,24.707,24.577,24.657,766304
2941,2023-02-06 14:50:00,24.68,24.693,24.577,24.662,774579
2942,2023-02-06 14:45:00,24.661,24.707,24.597,24.666,969733
2943,2023-02-06 14:40:00,24.651,24.697,24.538,24.642,1666106
2944,2023-02-06 14:35:00,24.68,24.717,24.607,24.643,840718
2945,2023-02-06 14:30:00,24.769,24.786,24.656,24.677,1163670
2946,2023-02-06 14:25:00,24.809,24.832,24.716,24.75,1191403
2947,2023-02-06 14:20:00,24.878,24.925,24.785,24.799,1542943
2948,2023-02-06 14:15:00,24.805,24.925,24.775,24.86,2016646
2949,2023-02-06 14:10:00,24.771,24.855,24.726,24.79,1502813
2950,2023-02-06 14:05:00,24.769,24.806,24.716,24.756,1232022
2951,2023-02-06 14:00:00,24.657,24.836,24.637,24.751,2456622
2952,2023-02-06 13:55:00,24.582,24.678,24.538,24.642,1186972
2953,2023-02-06 13:50:00,24.542,24.658,24.528,24.565,1009481
2954,2023-02-06 13:45:00,24.566,24.618,24.499,24.529,933951
2955,2023-02-06 13:40:00,24.601,24.628,24.489,24.552,1068221
2956,2023-02-06 13:35:00,24.604,24.658,24.552,24.589,871516
2957,2023-02-06 13:30:00,24.565,24.638,24.533,24.588,999049
2958,2023-02-06 13:25:00,24.68,24.717,24.548,24.555,880021
2959,2023-02-06 13:20:00,24.75,24.776,24.637,24.667,906137
2960,2023-02-06 13:15:00,24.724,24.766,24.66,24.741,870994
2961,2023-02-06 13:10:00,24.7,24.757,24.489,24.707,2191176
2962,2023-02-06 13:05:00,24.67,24.776,24.587,24.687,1285373
2963,2023-02-06 13:00:00,24.749,24.774,24.607,24.653,1322853
2964,2023-02-06 12:55:00,24.749,24.796,24.702,24.742,1079254
2965,2023-02-06 12:50:00,24.819,24.855,24.706,24.736,863757
2966,2023-02-06 12:45:00,24.74,24.875,24.717,24.811,881523
2967,2023-02-06 12:40:00,24.809,24.885,24.696,24.727,1266179
2968,2023-02-06 12:35:00,24.798,24.895,24.775,24.792,1945654
2969,2023-02-06 12:30:00,24.69,24.836,24.676,24.783,1561262
2970,2023-02-06 12:25:00,24.687,24.737,24.636,24.677,747355
2971,2023-02-06 12:20:00,24.618,24.734,24.587,24.677,904011
2972,2023-02-06 12:15:00,24.745,24.796,24.597,24.603,1185345
2973,2023-02-06 12:10:00,24.753,24.816,24.716,24.736,1356319
2974,2023-02-06 12:05:00,24.67,24.796,24.638,24.74,1316431
2975,2023-02-06 12:00:00,24.715,24.747,24.577,24.654,1483141
2976,2023-02-06 11:55:00,24.809,24.836,24.647,24.707,1681962
2977,2023-02-06 11:50:00,24.804,24.905,24.74,24.794,1584144
2978,2023-02-06 11:45:00,24.928,24.974,24.765,24.796,1378740
2979,2023-02-06 11:40:00,24.967,24.986,24.854,24.916,1388161
2980,2023-02-06 11:35:00,24.967,25.023,24.933,24.954,1164915
2981,2023-02-06 11:30:00,25.036,25.142,24.952,24.953,2281988
2982,2023-02-06 11:25:00,24.957,25.073,24.923,25.013,2319876
2983,2023-02-06 11:20:00,24.944,24.994,24.864,24.934,1679598
2984,2023-02-06 11:15:00,24.759,24.994,24.745,24.934,2370566
2985,2023-02-06 11:10:00,24.73,24.806,24.676,24.74,1074816
2986,2023-02-06 11:05:00,24.744,24.954,24.706,24.708,2995123
2987,2023-02-06 11:00:00,24.829,24.86,24.717,24.731,1914926
2988,2023-02-06 10:55:00,24.778,24.865,24.726,24.806,1738355
2989,2023-02-06 10:50:00,24.584,24.826,24.538,24.776,3680443
2990,2023-02-06 10:45:00,24.473,24.599,24.41,24.569,2443948
2991,2023-02-06 10:40:00,24.396,24.524,24.351,24.45,2124126
2992,2023-02-06 10:35:00,24.377,24.48,24.301,24.391,2673569
2993,2023-02-06 10:30:00,24.374,24.421,24.202,24.371,3312270
2994,2023-02-06 10:25:00,24.443,24.51,24.316,24.366,2781462
2995,2023-02-06 10:20:00,24.562,24.569,24.38,24.425,3698117
2996,2023-02-06 10:15:00,24.784,24.802,24.528,24.549,3570758
2997,2023-02-06 10:10:00,25.016,25.042,24.735,24.768,2631294
2998,2023-02-06 10:05:00,24.917,25.033,24.804,25.003,3196791
2999,2023-02-06 10:00:00,24.784,25.014,24.686,24.894,5267214
3000,2023-02-06 09:55:00,24.7,24.806,24.603,24.767,2635144
3001,2023-02-06 09:50:00,24.769,24.875,24.548,24.687,3497078
3002,2023-02-06 09:45:00,24.68,24.905,24.627,24.756,3621577
3003,2023-02-06 09:40:00,24.68,24.836,24.577,24.677,3164652
3004,2023-02-06 09:35:00,24.829,24.885,24.577,24.663,4306838
3005,2023-02-06 09:30:00,24.537,24.853,24.479,24.81,6541263
3006,2023-02-06 09:25:00,24.522,24.549,24.449,24.529,300593
3007,2023-02-06 09:20:00,24.483,24.569,24.449,24.519,240964
3008,2023-02-06 09:15:00,24.463,24.5,24.41,24.48,106893
3009,2023-02-06 09:10:00,24.458,24.49,24.4,24.46,139568
3010,2023-02-06 09:05:00,24.512,24.549,24.429,24.45,128880
3011,2023-02-06 09:00:00,24.473,24.529,24.459,24.5,91417
3012,2023-02-06 08:55:00,24.443,24.51,24.4,24.48,165306
3013,2023-02-06 08:50:00,24.409,24.46,24.36,24.43,123155
3014,2023-02-06 08:45:00,24.522,24.539,24.38,24.391,205251
3015,2023-02-06 08:40:00,24.443,24.539,24.41,24.519,124422
3016,2023-02-06 08:35:00,24.463,24.48,24.4,24.43,299783
3017,2023-02-06 08:30:00,24.631,24.668,24.429,24.45,286498
3018,2023-02-06 08:25:00,24.601,24.658,24.568,24.618,120840
3019,2023-02-06 08:20:00,24.67,24.717,24.607,24.608,155948
3020,2023-02-06 08:15:00,24.591,24.678,24.568,24.657,96043
3021,2023-02-06 08:10:00,24.572,24.628,24.558,24.578,110519
3022,2023-02-06 08:05:00,24.601,24.609,24.538,24.559,159979
3023,2023-02-06 08:00:00,24.513,24.875,24.263,24.578,642112
3024,2023-02-06 07:55:00,24.641,24.688,24.617,24.648,77611
3025,2023-02-06 07:50:00,24.69,24.717,24.627,24.638,55355
3026,2023-02-06 07:45:00,24.69,24.717,24.647,24.687,201216
3027,2023-02-06 07:40:00,24.641,24.688,24.617,24.667,115943
3028,2023-02-06 07:35:00,24.532,24.658,24.508,24.638,167398
3029,2023-02-06 07:30:00,24.522,24.559,24.459,24.519,48108
3030,2023-02-06 07:25:00,24.473,24.529,24.449,24.509,27499
3031,2023-02-06 07:20:00,24.493,24.539,24.449,24.46,75994
3032,2023-02-06 07:15:00,24.562,24.579,24.469,24.489,121001
3033,2023-02-06 07:10:00,24.552,24.589,24.518,24.549,231883
3034,2023-02-06 07:05:00,24.483,24.559,24.469,24.529,173643
3035,2023-02-06 07:00:00,24.443,24.529,24.42,24.46,186961
3036,2023-02-06 06:55:00,24.404,24.46,24.38,24.43,37885
3037,2023-02-06 06:50:00,24.384,24.401,24.331,24.371,17829
3038,2023-02-06 06:45:00,24.335,24.401,24.301,24.371,60830
3039,2023-02-06 06:40:00,24.285,24.342,24.252,24.322,28261
3040,2023-02-06 06:35:00,24.236,24.302,24.222,24.263,19835
3041,2023-02-06 06:30:00,24.335,24.342,24.212,24.223,84334
3042,2023-02-06 06:25:00,24.354,24.371,24.311,24.312,13031
3043,2023-02-06 06:20:00,24.394,24.401,24.311,24.332,20923
3044,2023-02-06 06:15:00,24.384,24.431,24.37,24.381,74506
3045,2023-02-06 06:10:00,24.384,24.391,24.311,24.342,30394
3046,2023-02-06 06:05:00,24.384,24.421,24.35,24.371,51938
3047,2023-02-06 06:00:00,24.404,24.441,24.36,24.371,14919
3048,2023-02-06 05:55:00,24.414,24.45,24.39,24.421,43205
3049,2023-02-06 05:50:00,24.285,24.411,24.271,24.391,77651
3050,2023-02-06 05:45:00,24.364,24.381,24.262,24.263,72907
3051,2023-02-06 05:40:00,24.335,24.411,24.301,24.351,44494
3052,2023-02-06 05:35:00,24.364,24.401,24.291,24.322,34745
3053,2023-02-06 05:30:00,24.354,24.411,24.341,24.351,37872
3054,2023-02-06 05:25:00,24.364,24.371,24.281,24.351,94662
3055,2023-02-06 05:20:00,24.354,24.421,24.331,24.351,77888
3056,2023-02-06 05:15:00,24.414,24.45,24.341,24.351,26390
3057,2023-02-06 05:10:00,24.364,24.431,24.341,24.401,47357
3058,2023-02-06 05:05:00,24.335,24.381,24.311,24.342,67452
3059,2023-02-06 05:00:00,24.404,24.421,24.291,24.322,115949
3060,2023-02-06 04:55:00,24.463,24.48,24.39,24.391,59183
3061,2023-02-06 04:50:00,24.542,24.549,24.449,24.46,112022
3062,2023-02-06 04:45:00,24.532,24.549,24.489,24.529,34535
3063,2023-02-06 04:40:00,24.582,24.599,24.499,24.529,41654
3064,2023-02-06 04:35:00,24.651,24.668,24.538,24.559,30800
3065,2023-02-06 04:30:00,24.621,24.678,24.597,24.638,32117
3066,2023-02-06 04:25:00,24.591,24.658,24.577,24.598,20032
3067,2023-02-06 04:20:00,24.572,24.628,24.558,24.569,64833
3068,2023-02-06 04:15:00,24.591,24.618,24.548,24.559,147574
3069,2023-02-06 04:10:00,24.661,24.688,24.548,24.569,122395
3070,2023-02-06 04:05:00,24.641,24.717,24.627,24.648,73097
3071,2023-02-06 04:00:00,24.69,24.885,24.617,24.618,376776
3072,2023-02-03 19:55:00,25.105,25.112,25.061,25.062,57863
3073,2023-02-03 19:50:00,25.085,25.112,25.071,25.092,41684
3074,2023-02-03 19:45:00,25.095,25.102,25.061,25.062,8310
3075,2023-02-03 19:40:00,25.105,25.112,25.071,25.082,26050
3076,2023-02-03 19:35:00,25.095,25.112,25.081,25.087,17562
3077,2023-02-03 19:30:00,25.1,25.107,25.076,25.077,17842
3078,2023-02-03 19:25:00,25.095,25.112,25.081,25.092,16904
3079,2023-02-03 19:20:00,25.105,25.112,25.081,25.082,6673
3080,2023-02-03 19:15:00,25.095,25.107,25.071,25.087,3957
3081,2023-02-03 19:10:00,25.085,25.112,25.061,25.092,8710
3082,2023-02-03 19:05:00,25.061,25.093,25.041,25.072,7175
3083,2023-02-03 19:00:00,25.095,25.102,25.032,25.042,62607
3084,2023-02-03 18:55:00,25.105,25.122,25.071,25.082,15721
3085,2023-02-03 18:50:00,25.095,25.122,25.071,25.102,30050
3086,2023-02-03 18:45:00,25.105,25.112,25.061,25.072,40766
3087,2023-02-03 18:40:00,25.115,25.122,25.081,25.092,33304
3088,2023-02-03 18:35:00,25.125,25.142,25.091,25.102,61780
3089,2023-02-03 18:30:00,25.135,25.142,25.11,25.112,30339
3090,2023-02-03 18:25:00,25.125,25.142,25.11,25.121,18951
3091,2023-02-03 18:20:00,25.135,25.152,25.11,25.112,32848
3092,2023-02-03 18:15:00,25.145,25.162,25.12,25.121,68936
3093,2023-02-03 18:10:00,25.135,25.152,25.12,25.121,29275
3094,2023-02-03 18:05:00,25.145,25.152,25.101,25.121,73084
3095,2023-02-03 18:00:00,25.125,25.181,25.11,25.131,58456
3096,2023-02-03 17:55:00,25.105,25.122,25.091,25.102,62188
3097,2023-02-03 17:50:00,25.125,25.132,25.081,25.092,68420
3098,2023-02-03 17:45:00,25.135,25.152,25.11,25.112,89760
3099,2023-02-03 17:40:00,25.135,25.152,25.11,25.131,25175
3100,2023-02-03 17:35:00,25.154,25.162,25.12,25.121,12637
3101,2023-02-03 17:30:00,25.164,25.181,25.14,25.141,36485
3102,2023-02-03 17:25:00,25.164,25.181,25.14,25.151,12204
3103,2023-02-03 17:20:00,25.174,25.181,25.14,25.151,19539
3104,2023-02-03 17:15:00,25.164,25.181,25.15,25.151,20960
3105,2023-02-03 17:10:00,25.174,25.191,25.15,25.161,28341
3106,2023-02-03 17:05:00,25.174,25.191,25.15,25.171,19321
3107,2023-02-03 17:00:00,25.164,25.181,25.15,25.161,19239
3108,2023-02-03 16:55:00,25.174,25.181,25.14,25.141,18452
3109,2023-02-03 16:50:00,25.164,25.181,25.14,25.151,19294
3110,2023-02-03 16:45:00,25.174,25.191,25.14,25.161,25215
3111,2023-02-03 16:40:00,25.194,25.201,25.16,25.171,32811
3112,2023-02-03 16:35:00,25.164,25.211,25.15,25.181,55441
3113,2023-02-03 16:30:00,25.145,25.172,25.12,25.151,40370
3114,2023-02-03 16:25:00,25.145,25.162,25.12,25.131,20266
3115,2023-02-03 16:20:00,25.135,25.152,25.101,25.131,73487
3116,2023-02-03 16:15:00,25.154,25.162,25.101,25.112,98349
3117,2023-02-03 16:10:00,25.145,25.181,25.11,25.131,116026
3118,2023-02-03 16:05:00,25.184,25.201,25.12,25.121,68782
3119,2023-02-03 16:00:00,25.214,25.241,25.14,25.171,549694
3120,2023-02-03 15:55:00,25.312,25.369,25.18,25.19,3602096
3121,2023-02-03 15:50:00,25.119,25.34,25.051,25.289,2542214
3122,2023-02-03 15:45:00,25.179,25.261,25.071,25.102,1685203
3123,2023-02-03 15:40:00,25.164,25.31,25.12,25.166,1814091
3124,2023-02-03 15:35:00,25.145,25.241,25.101,25.161,1106035
3125,2023-02-03 15:30:00,25.243,25.349,25.13,25.141,1656362
3126,2023-02-03 15:25:00,25.303,25.408,25.224,25.234,1553302
3127,2023-02-03 15:20:00,25.335,25.379,25.199,25.285,1488445
3128,2023-02-03 15:15:00,25.224,25.419,25.14,25.329,2542101
3129,2023-02-03 15:10:00,25.15,25.265,25.061,25.22,2191197
3130,2023-02-03 15:05:00,25.026,25.191,24.943,25.131,2135894
3131,2023-02-03 15:00:00,25.149,25.157,24.925,25.023,2632546
3132,2023-02-03 14:55:00,25.306,25.359,25.071,25.141,2449346
3133,2023-02-03 14:50:00,25.372,25.384,25.209,25.298,1337037
3134,2023-02-03 14:45:00,25.391,25.409,25.268,25.368,1260739
3135,2023-02-03 14:40:00,25.52,25.577,25.357,25.368,2155437
3136,2023-02-03 14:35:00,25.311,25.547,25.283,25.513,2858953
3137,2023-02-03 14:30:00,25.382,25.394,25.184,25.299,2299844
3138,2023-02-03 14:25:00,25.263,25.419,25.209,25.377,2282262
3139,2023-02-03 14:20:00,25.352,25.448,25.229,25.25,2670027
3140,2023-02-03 14:15:00,25.515,25.532,25.259,25.329,2279909
3141,2023-02-03 14:10:00,25.494,25.537,25.328,25.504,1333489
3142,2023-02-03 14:05:00,25.446,25.587,25.347,25.483,1694707
3143,2023-02-03 14:00:00,25.54,25.587,25.397,25.427,1746825
3144,2023-02-03 13:55:00,25.66,25.715,25.495,25.536,2272429
3145,2023-02-03 13:50:00,25.451,25.695,25.431,25.645,3171305
3146,2023-02-03 13:45:00,25.342,25.507,25.17,25.437,3856976
3147,2023-02-03 13:40:00,25.53,25.557,25.298,25.319,2794783
3148,2023-02-03 13:35:00,25.466,25.626,25.407,25.516,2198155
3149,2023-02-03 13:30:00,25.648,25.656,25.426,25.45,3163873
3150,2023-02-03 13:25:00,25.717,25.804,25.614,25.638,1664958
3151,2023-02-03 13:20:00,25.707,25.834,25.634,25.704,3073559
3152,2023-02-03 13:15:00,25.727,25.794,25.634,25.696,2392926
3153,2023-02-03 13:10:00,25.6,25.745,25.51,25.716,3565915
3154,2023-02-03 13:05:00,25.786,25.91,25.584,25.587,3941748
3155,2023-02-03 13:00:00,25.87,25.932,25.742,25.773,4066381
3156,2023-02-03 12:55:00,26.27,26.303,25.801,25.852,4346256
3157,2023-02-03 12:50:00,26.349,26.402,26.196,26.261,1780494
3158,2023-02-03 12:45:00,26.438,26.525,26.315,26.34,1716184
3159,2023-02-03 12:40:00,26.463,26.565,26.404,26.424,1372416
3160,2023-02-03 12:35:00,26.488,26.555,26.433,26.444,1215494
3161,2023-02-03 12:30:00,26.499,26.535,26.433,26.484,1032646
3162,2023-02-03 12:25:00,26.553,26.594,26.453,26.484,1377536
3163,2023-02-03 12:20:00,26.507,26.584,26.423,26.534,1745569
3164,2023-02-03 12:15:00,26.468,26.545,26.404,26.495,1902544
3165,2023-02-03 12:10:00,26.32,26.495,26.305,26.444,1986034
3166,2023-02-03 12:05:00,26.29,26.426,26.246,26.309,1903129
3167,2023-02-03 12:00:00,26.162,26.357,26.083,26.283,3576033
3168,2023-02-03 11:55:00,26.369,26.426,26.098,26.15,2600293
3169,2023-02-03 11:50:00,26.309,26.495,26.255,26.356,2399369
3170,2023-02-03 11:45:00,26.596,26.644,26.285,26.296,3638242
3171,2023-02-03 11:40:00,26.547,26.719,26.433,26.573,2785619
3172,2023-02-03 11:35:00,26.748,26.812,26.443,26.523,3621061
3173,2023-02-03 11:30:00,26.577,26.772,26.532,26.74,3486176
3174,2023-02-03 11:25:00,26.537,26.594,26.394,26.553,1765973
3175,2023-02-03 11:20:00,26.463,26.574,26.344,26.513,2053914
3176,2023-02-03 11:15:00,26.547,26.653,26.433,26.444,2291026
3177,2023-02-03 11:10:00,26.428,26.574,26.384,26.533,1875778
3178,2023-02-03 11:05:00,26.428,26.515,26.334,26.41,1850180
3179,2023-02-03 11:00:00,26.349,26.543,26.315,26.41,2679420
3180,2023-02-03 10:55:00,26.409,26.446,26.157,26.326,3404958
3181,2023-02-03 10:50:00,26.577,26.594,26.384,26.395,3169680
3182,2023-02-03 10:45:00,26.567,26.673,26.512,26.563,3006195
3183,2023-02-03 10:40:00,26.557,26.653,26.433,26.55,3942474
3184,2023-02-03 10:35:00,26.433,26.609,26.354,26.553,4142443
3185,2023-02-03 10:30:00,26.179,26.446,26.048,26.419,4129223
3186,2023-02-03 10:25:00,26.458,26.525,26.137,26.162,5960945
3187,2023-02-03 10:20:00,26.172,26.515,26.127,26.435,5355553
3188,2023-02-03 10:15:00,26.052,26.397,25.94,26.158,8114318
3189,2023-02-03 10:10:00,25.676,26.066,25.555,26.03,5778338
3190,2023-02-03 10:05:00,25.668,25.774,25.486,25.664,4478534
3191,2023-02-03 10:00:00,25.846,25.921,25.495,25.66,7085795
3192,2023-02-03 09:55:00,25.954,26.036,25.782,25.832,3851159
3193,2023-02-03 09:50:00,25.856,26.021,25.663,25.939,7028288
3194,2023-02-03 09:45:00,25.569,25.923,25.456,25.852,7730049
3195,2023-02-03 09:40:00,25.49,25.646,25.426,25.558,6940733
3196,2023-02-03 09:35:00,25.214,25.498,25.027,25.477,6290033
3197,2023-02-03 09:30:00,24.898,25.3,24.785,25.195,9612702
3198,2023-02-03 09:25:00,24.917,24.944,24.754,24.884,765744
3199,2023-02-03 09:20:00,24.967,24.994,24.874,24.904,301381
3200,2023-02-03 09:15:00,24.888,25.014,24.864,24.954,666718
3201,2023-02-03 09:10:00,24.829,24.964,24.795,24.894,624072
3202,2023-02-03 09:05:00,25.036,25.053,24.814,24.825,959449
3203,2023-02-03 09:00:00,24.987,25.142,24.903,25.023,1238261
3204,2023-02-03 08:55:00,25.016,25.083,24.874,24.983,530817
3205,2023-02-03 08:50:00,24.927,25.093,24.854,25.023,1118184
3206,2023-02-03 08:45:00,25.204,25.241,24.874,24.914,1348982
3207,2023-02-03 08:40:00,25.372,25.448,25.13,25.19,1908461
3208,2023-02-03 08:35:00,25.362,25.468,25.091,25.358,1684398
3209,2023-02-03 08:30:00,25.945,25.952,25.16,25.348,2241444
3210,2023-02-03 08:25:00,25.925,26.011,25.87,25.931,257183
3211,2023-02-03 08:20:00,26.033,26.041,25.9,25.913,369376
3212,2023-02-03 08:15:00,26.033,26.071,25.989,26.02,332169
3213,2023-02-03 08:10:00,25.984,26.051,25.949,26.02,355251
3214,2023-02-03 08:05:00,25.905,25.992,25.89,25.97,205580
3215,2023-02-03 08:00:00,25.668,25.942,24.933,25.891,1232699
3216,2023-02-03 07:55:00,25.796,25.932,25.782,25.901,202175
3217,2023-02-03 07:50:00,25.816,25.843,25.752,25.773,69802
3218,2023-02-03 07:45:00,25.767,25.834,25.742,25.793,74859
3219,2023-02-03 07:40:00,25.658,25.774,25.643,25.753,95071
3220,2023-02-03 07:35:00,25.628,25.675,25.614,25.645,43635
3221,2023-02-03 07:30:00,25.658,25.666,25.545,25.605,63719
3222,2023-02-03 07:25:00,25.638,25.656,25.545,25.625,78919
3223,2023-02-03 07:20:00,25.688,25.695,25.604,25.635,73432
3224,2023-02-03 07:15:00,25.796,25.823,25.663,25.674,121184
3225,2023-02-03 07:10:00,25.737,25.824,25.713,25.773,147905
3226,2023-02-03 07:05:00,25.658,25.745,25.604,25.724,122938
3227,2023-02-03 07:00:00,25.53,25.685,25.505,25.645,211346
3228,2023-02-03 06:55:00,25.53,25.557,25.505,25.526,14649
3229,2023-02-03 06:50:00,25.48,25.557,25.456,25.526,22764
3230,2023-02-03 06:45:00,25.549,25.567,25.446,25.447,31901
3231,2023-02-03 06:40:00,25.53,25.587,25.515,25.546,273965
3232,2023-02-03 06:35:00,25.579,25.587,25.515,25.526,30558
3233,2023-02-03 06:30:00,25.461,25.596,25.446,25.575,64915
3234,2023-02-03 06:25:00,25.431,25.488,25.407,25.447,17825
3235,2023-02-03 06:20:00,25.362,25.438,25.328,25.418,14126
3236,2023-02-03 06:15:00,25.362,25.379,25.308,25.348,14170
3237,2023-02-03 06:10:00,25.322,25.34,25.278,25.309,20162
3238,2023-02-03 06:05:00,25.372,25.379,25.298,25.299,43125
3239,2023-02-03 06:00:00,25.391,25.409,25.347,25.358,12581
3240,2023-02-03 05:55:00,25.391,25.419,25.377,25.378,40608
3241,2023-02-03 05:50:00,25.362,25.389,25.337,25.368,16865
3242,2023-02-03 05:45:00,25.372,25.399,25.347,25.348,15599
3243,2023-02-03 05:40:00,25.332,25.419,25.308,25.368,45922
3244,2023-02-03 05:35:00,25.283,25.33,25.259,25.309,18536
3245,2023-02-03 05:30:00,25.293,25.32,25.249,25.269,69718
3246,2023-02-03 05:25:00,25.322,25.359,25.288,25.289,21468
3247,2023-02-03 05:20:00,25.362,25.369,25.298,25.299,18391
3248,2023-02-03 05:15:00,25.382,25.409,25.318,25.358,70405
3249,2023-02-03 05:10:00,25.421,25.448,25.367,25.378,27531
3250,2023-02-03 05:05:00,25.441,25.468,25.407,25.408,17463
3251,2023-02-03 05:00:00,25.391,25.438,25.357,25.418,37823
3252,2023-02-03 04:55:00,25.431,25.478,25.387,25.388,50682
3253,2023-02-03 04:50:00,25.441,25.448,25.397,25.418,21331
3254,2023-02-03 04:45:00,25.461,25.488,25.416,25.427,56061
3255,2023-02-03 04:40:00,25.48,25.498,25.446,25.457,44638
3256,2023-02-03 04:35:00,25.431,25.478,25.397,25.457,42201
3257,2023-02-03 04:30:00,25.322,25.458,25.308,25.427,68056
3258,2023-02-03 04:25:00,25.322,25.33,25.259,25.309,50898
3259,2023-02-03 04:20:00,25.283,25.34,25.268,25.299,68719
3260,2023-02-03 04:15:00,25.243,25.29,25.199,25.269,78272
3261,2023-02-03 04:10:00,25.135,25.27,25.11,25.23,101638
3262,2023-02-03 04:05:00,25.085,25.142,25.061,25.121,120088
3263,2023-02-03 04:00:00,25.105,25.27,25.041,25.072,178572
3264,2023-02-02 19:55:00,25.51,25.527,25.476,25.487,95299
3265,2023-02-02 19:50:00,25.52,25.537,25.486,25.496,82070
3266,2023-02-02 19:45:00,25.5,25.527,25.486,25.496,27627
3267,2023-02-02 19:40:00,25.54,25.557,25.476,25.496,38759
3268,2023-02-02 19:35:00,25.52,25.557,25.486,25.526,52056
3269,2023-02-02 19:30:00,25.549,25.557,25.486,25.496,57095
3270,2023-02-02 19:25:00,25.54,25.567,25.515,25.526,39629
3271,2023-02-02 19:20:00,25.549,25.587,25.515,25.536,30778
3272,2023-02-02 19:15:00,25.52,25.577,25.505,25.526,23467
3273,2023-02-02 19:10:00,25.51,25.557,25.495,25.516,36120
3274,2023-02-02 19:05:00,25.51,25.527,25.446,25.506,38466
3275,2023-02-02 19:00:00,25.461,25.517,25.426,25.496,75456
3276,2023-02-02 18:55:00,25.48,25.498,25.436,25.437,33048
3277,2023-02-02 18:50:00,25.401,25.527,25.387,25.477,268840
3278,2023-02-02 18:45:00,25.52,25.537,25.397,25.408,181695
3279,2023-02-02 18:40:00,25.589,25.596,25.495,25.496,74365
3280,2023-02-02 18:35:00,25.677,25.685,25.565,25.575,53409
3281,2023-02-02 18:30:00,25.54,25.685,25.525,25.664,141274
3282,2023-02-02 18:25:00,25.54,25.567,25.515,25.526,108176
3283,2023-02-02 18:20:00,25.619,25.646,25.505,25.526,299596
3284,2023-02-02 18:15:00,25.638,25.666,25.574,25.595,127528
3285,2023-02-02 18:10:00,25.747,25.754,25.624,25.625,135307
3286,2023-02-02 18:05:00,25.925,25.952,25.713,25.724,95735
3287,2023-02-02 18:00:00,25.974,26.031,25.861,25.911,146609
3288,2023-02-02 17:55:00,26.014,26.071,25.92,25.921,121469
3289,2023-02-02 17:50:00,26.162,26.308,25.999,26.01,296798
3290,2023-02-02 17:45:00,25.875,26.179,25.851,26.158,167847
3291,2023-02-02 17:40:00,25.954,26.041,25.841,25.852,330698
3292,2023-02-02 17:35:00,25.619,25.962,25.594,25.941,447093
3293,2023-02-02 17:30:00,25.352,25.636,25.318,25.615,243378
3294,2023-02-02 17:25:00,25.372,25.577,25.318,25.339,223249
3295,2023-02-02 17:20:00,25.391,25.428,25.357,25.368,99198
3296,2023-02-02 17:15:00,25.421,25.438,25.367,25.378,54977
3297,2023-02-02 17:10:00,25.391,25.448,25.377,25.418,62026
3298,2023-02-02 17:05:00,25.411,25.438,25.367,25.378,199492
3299,2023-02-02 17:00:00,25.5,25.527,25.387,25.408,101665
3300,2023-02-02 16:55:00,25.559,25.577,25.456,25.496,171204
3301,2023-02-02 16:50:00,25.559,25.656,25.525,25.536,430930
3302,2023-02-02 16:45:00,25.382,25.558,25.367,25.537,180022
3303,2023-02-02 16:40:00,25.411,25.508,25.347,25.368,400857
3304,2023-02-02 16:35:00,25.382,25.596,25.328,25.388,504056
3305,2023-02-02 16:30:00,25.905,25.913,25.17,25.368,1209182
3306,2023-02-02 16:25:00,25.777,25.932,25.752,25.9,360703
3307,2023-02-02 16:20:00,25.678,25.804,25.476,25.763,658198
3308,2023-02-02 16:15:00,25.728,25.853,25.673,25.674,406056
3309,2023-02-02 16:10:00,25.885,26.021,25.673,25.704,618080
3310,2023-02-02 16:05:00,26.586,26.662,25.831,25.872,1057710
3311,2023-02-02 16:00:00,26.636,27.217,26.354,26.572,2294466
3312,2023-02-02 15:55:00,26.414,26.653,26.364,26.632,7512357
3313,2023-02-02 15:50:00,26.182,26.456,26.167,26.398,6021816
3314,2023-02-02 15:45:00,26.152,26.258,26.058,26.164,2163252
3315,2023-02-02 15:40:00,26.251,26.288,26.052,26.148,3679020
3316,2023-02-02 15:35:00,26.369,26.426,26.206,26.234,3437047
3317,2023-02-02 15:30:00,26.221,26.377,26.206,26.345,2149456
3318,2023-02-02 15:25:00,26.217,26.327,26.088,26.206,3060656
3319,2023-02-02 15:20:00,26.188,26.278,26.117,26.207,3077726
3320,2023-02-02 15:15:00,26.106,26.209,25.959,26.168,4030167
3321,2023-02-02 15:10:00,25.846,26.13,25.812,26.099,3227072
3322,2023-02-02 15:05:00,25.787,26.061,25.718,25.837,4153431
3323,2023-02-02 15:00:00,25.856,25.932,25.673,25.783,3777173
3324,2023-02-02 14:55:00,26.073,26.089,25.807,25.832,4473432
3325,2023-02-02 14:50:00,26.112,26.237,25.989,26.059,3228751
3326,2023-02-02 14:45:00,26.146,26.159,25.92,26.106,3644699
3327,2023-02-02 14:40:00,26.172,26.219,26.038,26.138,3333952
3328,2023-02-02 14:35:00,26.191,26.308,26.038,26.158,5504596
3329,2023-02-02 14:30:00,26.428,26.476,26.127,26.187,4105629
3330,2023-02-02 14:25:00,26.438,26.541,26.384,26.41,2699580
3331,2023-02-02 14:20:00,26.596,26.619,26.404,26.421,2456883
3332,2023-02-02 14:15:00,26.626,26.663,26.502,26.582,2725699
3333,2023-02-02 14:10:00,26.843,26.861,26.591,26.612,2565963
3334,2023-02-02 14:05:00,26.902,26.94,26.808,26.829,1775748
3335,2023-02-02 14:00:00,27.065,27.118,26.887,26.888,2880758
3336,2023-02-02 13:55:00,26.912,27.078,26.887,27.046,2614262
3337,2023-02-02 13:50:00,26.863,26.93,26.842,26.898,1270052
3338,2023-02-02 13:45:00,26.824,26.891,26.788,26.844,1283242
3339,2023-02-02 13:40:00,26.784,26.9,26.769,26.814,2429481
3340,2023-02-02 13:35:00,26.779,26.802,26.729,26.76,1156999
3341,2023-02-02 13:30:00,26.636,26.792,26.621,26.769,2317710
3342,2023-02-02 13:25:00,26.645,26.663,26.552,26.627,958461
3343,2023-02-02 13:20:00,26.586,26.673,26.542,26.627,1885833
3344,2023-02-02 13:15:00,26.547,26.604,26.482,26.572,1484004
3345,2023-02-02 13:10:00,26.534,26.584,26.492,26.533,1127525
3346,2023-02-02 13:05:00,26.636,26.653,26.512,26.523,1703008
3347,2023-02-02 13:00:00,26.527,26.653,26.502,26.617,2329736
3348,2023-02-02 12:55:00,26.503,26.555,26.473,26.508,1172774
3349,2023-02-02 12:50:00,26.419,26.525,26.354,26.49,1460611
3350,2023-02-02 12:45:00,26.494,26.505,26.394,26.399,838051
3351,2023-02-02 12:40:00,26.537,26.545,26.404,26.483,2109214
3352,2023-02-02 12:35:00,26.527,26.565,26.468,26.523,1799566
3353,2023-02-02 12:30:00,26.409,26.545,26.374,26.523,2434624
3354,2023-02-02 12:25:00,26.384,26.456,26.344,26.387,1482944
3355,2023-02-02 12:20:00,26.34,26.397,26.275,26.375,1229365
3356,2023-02-02 12:15:00,26.389,26.426,26.305,26.326,1621700
3357,2023-02-02 12:10:00,26.172,26.397,26.137,26.375,2590381
3358,2023-02-02 12:05:00,26.256,26.288,26.147,26.152,1500671
3359,2023-02-02 12:00:00,26.231,26.377,26.216,26.247,1391858
3360,2023-02-02 11:55:00,26.327,26.387,26.206,26.217,1892455
3361,2023-02-02 11:50:00,26.3,26.337,26.243,26.306,1366315
3362,2023-02-02 11:45:00,26.295,26.347,26.226,26.28,1502897
3363,2023-02-02 11:40:00,26.379,26.406,26.246,26.281,1922909
3364,2023-02-02 11:35:00,26.498,26.52,26.325,26.36,2333362
3365,2023-02-02 11:30:00,26.379,26.555,26.338,26.493,3650833
3366,2023-02-02 11:25:00,26.409,26.456,26.315,26.355,3149036
3367,2023-02-02 11:20:00,26.231,26.446,26.186,26.395,2305035
3368,2023-02-02 11:15:00,26.409,26.426,26.196,26.207,3219629
3369,2023-02-02 11:10:00,26.448,26.456,26.325,26.395,1577980
3370,2023-02-02 11:05:00,26.415,26.505,26.334,26.434,2253840
3371,2023-02-02 11:00:00,26.344,26.436,26.255,26.399,3298702
3372,2023-02-02 10:55:00,26.399,26.426,26.285,26.336,2567428
3373,2023-02-02 10:50:00,26.409,26.483,26.317,26.375,2491261
3374,2023-02-02 10:45:00,26.369,26.426,26.285,26.385,2698125
3375,2023-02-02 10:40:00,26.28,26.421,26.256,26.345,2971097
3376,2023-02-02 10:35:00,26.265,26.337,26.211,26.276,3044115
3377,2023-02-02 10:30:00,25.945,26.318,25.93,26.252,7262509
3378,2023-02-02 10:25:00,25.915,26.001,25.851,25.926,2703108
3379,2023-02-02 10:20:00,25.915,25.972,25.752,25.896,4534821
3380,2023-02-02 10:15:00,25.668,25.942,25.565,25.901,4463394
3381,2023-02-02 10:10:00,25.579,25.705,25.486,25.649,3672579
3382,2023-02-02 10:05:00,25.579,25.735,25.446,25.572,2913194
3383,2023-02-02 10:00:00,25.584,25.71,25.416,25.566,5115176
3384,2023-02-02 09:55:00,25.777,25.789,25.545,25.566,4230915
3385,2023-02-02 09:50:00,25.905,25.942,25.604,25.763,4498092
3386,2023-02-02 09:45:00,25.786,26.021,25.653,25.896,5328259
3387,2023-02-02 09:40:00,25.786,25.952,25.732,25.773,5578257
3388,2023-02-02 09:35:00,25.811,25.903,25.558,25.773,6722192
3389,2023-02-02 09:30:00,25.633,25.913,25.614,25.802,10963687
3390,2023-02-02 09:25:00,25.53,25.636,25.505,25.615,496088
3391,2023-02-02 09:20:00,25.51,25.557,25.466,25.506,397602
3392,2023-02-02 09:15:00,25.48,25.527,25.416,25.496,350649
3393,2023-02-02 09:10:00,25.549,25.567,25.436,25.477,460488
3394,2023-02-02 09:05:00,25.569,25.616,25.514,25.546,577869
3395,2023-02-02 09:00:00,25.52,25.587,25.466,25.556,346879
3396,2023-02-02 08:55:00,25.48,25.557,25.464,25.496,646143
3397,2023-02-02 08:50:00,25.47,25.517,25.397,25.466,516028
3398,2023-02-02 08:45:00,25.312,25.488,25.268,25.457,688987
3399,2023-02-02 08:40:00,25.293,25.349,25.249,25.289,271795
3400,2023-02-02 08:35:00,25.293,25.34,25.239,25.289,348889
3401,2023-02-02 08:30:00,25.273,25.399,25.219,25.269,690848
3402,2023-02-02 08:25:00,25.263,25.309,25.219,25.25,309402
3403,2023-02-02 08:20:00,25.233,25.31,25.18,25.245,399306
3404,2023-02-02 08:15:00,25.213,25.251,25.12,25.22,408100
3405,2023-02-02 08:10:00,25.154,25.221,25.091,25.181,199824
3406,2023-02-02 08:05:00,25.145,25.201,25.11,25.151,241084
3407,2023-02-02 08:00:00,24.977,25.251,24.726,25.121,1284542
3408,2023-02-02 07:55:00,25.145,25.241,25.13,25.22,268703
3409,2023-02-02 07:50:00,25.125,25.191,25.081,25.141,360640
3410,2023-02-02 07:45:00,25.115,25.152,25.051,25.121,100652
3411,2023-02-02 07:40:00,25.046,25.122,25.002,25.102,122521
3412,2023-02-02 07:35:00,25.105,25.112,25.002,25.033,78102
3413,2023-02-02 07:30:00,24.947,25.112,24.933,25.092,138588
3414,2023-02-02 07:25:00,24.957,24.984,24.923,24.924,18074
3415,2023-02-02 07:20:00,24.967,25.004,24.933,24.944,66531
3416,2023-02-02 07:15:00,24.967,24.984,24.923,24.954,60770
3417,2023-02-02 07:10:00,24.977,24.994,24.923,24.963,91590
3418,2023-02-02 07:05:00,24.927,25.004,24.883,24.973,110925
3419,2023-02-02 07:00:00,24.977,25.004,24.903,24.914,135225
3420,2023-02-02 06:55:00,24.967,25.004,24.933,24.973,20348
3421,2023-02-02 06:50:00,24.996,25.014,24.903,24.954,104390
3422,2023-02-02 06:45:00,25.006,25.014,24.972,24.983,37358
3423,2023-02-02 06:40:00,25.075,25.083,24.992,24.993,90438
3424,2023-02-02 06:35:00,25.066,25.083,25.041,25.052,15160
3425,2023-02-02 06:30:00,25.075,25.102,25.041,25.052,48010
3426,2023-02-02 06:25:00,25.085,25.112,25.051,25.062,67337
3427,2023-02-02 06:20:00,25.075,25.083,25.051,25.062,178047
3428,2023-02-02 06:15:00,25.046,25.093,25.022,25.052,56390
3429,2023-02-02 06:10:00,24.957,25.063,24.923,25.042,34112
3430,2023-02-02 06:05:00,24.987,25.004,24.903,24.934,74337
3431,2023-02-02 06:00:00,25.006,25.023,24.972,24.983,28358
3432,2023-02-02 05:55:00,25.006,25.014,24.972,24.993,8232
3433,2023-02-02 05:50:00,24.987,25.023,24.972,24.993,9544
3434,2023-02-02 05:45:00,25.056,25.083,24.972,24.983,76147
3435,2023-02-02 05:40:00,24.987,25.063,24.972,25.042,39256
3436,2023-02-02 05:35:00,25.026,25.043,24.972,24.973,81030
3437,2023-02-02 05:30:00,25.056,25.083,24.992,24.993,99557
3438,2023-02-02 05:25:00,25.075,25.093,25.012,25.042,90861
3439,2023-02-02 05:20:00,25.135,25.152,25.071,25.072,50497
3440,2023-02-02 05:15:00,25.145,25.162,25.091,25.131,44495
3441,2023-02-02 05:10:00,25.154,25.181,25.12,25.131,84261
3442,2023-02-02 05:05:00,25.135,25.181,25.11,25.141,50042
3443,2023-02-02 05:00:00,25.115,25.142,25.091,25.121,29021
3444,2023-02-02 04:55:00,25.105,25.132,25.081,25.112,65789
3445,2023-02-02 04:50:00,25.125,25.132,25.061,25.082,53251
3446,2023-02-02 04:45:00,25.085,25.132,25.051,25.112,78178
3447,2023-02-02 04:40:00,25.026,25.093,25.012,25.072,39477
3448,2023-02-02 04:35:00,25.006,25.053,24.982,25.013,86986
3449,2023-02-02 04:30:00,25.006,25.023,24.972,24.993,43833
3450,2023-02-02 04:25:00,25.006,25.033,24.943,24.993,73813
3451,2023-02-02 04:20:00,24.987,25.053,24.962,24.993,103256
3452,2023-02-02 04:15:00,25.046,25.063,24.972,24.973,150406
3453,2023-02-02 04:10:00,25.125,25.132,25.032,25.033,206565
3454,2023-02-02 04:05:00,25.174,25.201,25.101,25.112,396701
3455,2023-02-02 04:00:00,25.145,25.191,24.627,25.171,234605
3456,2023-02-01 19:55:00,24.789,24.816,24.765,24.776,73922
3457,2023-02-01 19:50:00,24.799,24.816,24.765,24.786,45206
3458,2023-02-01 19:45:00,24.809,24.836,24.775,24.786,52623
3459,2023-02-01 19:40:00,24.749,24.826,24.726,24.786,61633
3460,2023-02-01 19:35:00,24.759,24.786,24.735,24.736,37426
3461,2023-02-01 19:30:00,24.7,24.796,24.676,24.756,52148
3462,2023-02-01 19:25:00,24.7,24.737,24.686,24.687,39791
3463,2023-02-01 19:20:00,24.661,24.717,24.647,24.697,26720
3464,2023-02-01 19:15:00,24.651,24.747,24.637,24.657,59103
3465,2023-02-01 19:10:00,24.71,24.727,24.656,24.657,64406
3466,2023-02-01 19:05:00,24.769,24.786,24.686,24.687,82101
3467,2023-02-01 19:00:00,24.838,24.865,24.745,24.766,82892
3468,2023-02-01 18:55:00,24.759,24.855,24.745,24.835,52722
3469,2023-02-01 18:50:00,24.779,24.796,24.735,24.766,32803
3470,2023-02-01 18:45:00,24.789,24.796,24.755,24.766,44164
3471,2023-02-01 18:40:00,24.759,24.806,24.735,24.776,62351
3472,2023-02-01 18:35:00,24.809,24.816,24.745,24.746,89135
3473,2023-02-01 18:30:00,24.858,24.865,24.775,24.796,81198
3474,2023-02-01 18:25:00,24.907,24.914,24.844,24.845,131881
3475,2023-02-01 18:20:00,24.888,24.935,24.864,24.894,151563
3476,2023-02-01 18:15:00,24.838,24.905,24.814,24.875,144997
3477,2023-02-01 18:10:00,24.799,24.846,24.755,24.815,86867
3478,2023-02-01 18:05:00,24.838,24.875,24.755,24.776,131292
3479,2023-02-01 18:00:00,24.69,24.895,24.666,24.806,362936
3480,2023-02-01 17:55:00,24.67,24.697,24.647,24.667,91115
3481,2023-02-01 17:50:00,24.661,24.688,24.637,24.667,91420
3482,2023-02-01 17:45:00,24.651,24.668,24.627,24.638,152740
3483,2023-02-01 17:40:00,24.67,24.678,24.637,24.638,69814
3484,2023-02-01 17:35:00,24.651,24.678,24.637,24.657,43314
3485,2023-02-01 17:30:00,24.661,24.678,24.627,24.657,37969
3486,2023-02-01 17:25:00,24.641,24.678,24.627,24.657,68754
3487,2023-02-01 17:20:00,24.641,24.668,24.597,24.638,78296
3488,2023-02-01 17:15:00,24.601,24.648,24.587,24.618,41724
3489,2023-02-01 17:10:00,24.601,24.618,24.587,24.598,35419
3490,2023-02-01 17:05:00,24.572,24.609,24.538,24.578,104700
3491,2023-02-01 17:00:00,24.591,24.609,24.558,24.569,67672
3492,2023-02-01 16:55:00,24.601,24.618,24.538,24.578,144801
3493,2023-02-01 16:50:00,24.621,24.648,24.587,24.598,218214
3494,2023-02-01 16:45:00,24.601,24.638,24.577,24.608,142692
3495,2023-02-01 16:40:00,24.573,24.648,24.559,24.598,128303
3496,2023-02-01 16:35:00,24.562,24.589,24.528,24.559,142293
3497,2023-02-01 16:30:00,24.522,24.589,24.508,24.549,218733
3498,2023-02-01 16:25:00,24.601,24.618,24.499,24.51,189698
3499,2023-02-01 16:20:00,24.631,24.658,24.548,24.588,267966
3500,2023-02-01 16:15:00,24.542,24.697,24.528,24.628,625825
3501,2023-02-01 16:10:00,24.532,24.589,24.469,24.539,558181
3502,2023-02-01 16:05:00,24.058,24.599,23.995,24.519,1388576
3503,2023-02-01 16:00:00,24.088,24.095,23.946,24.045,780111
3504,2023-02-01 15:55:00,24.043,24.132,23.975,24.079,4564982
3505,2023-02-01 15:50:00,24.236,24.243,23.956,24.036,5001650
3506,2023-02-01 15:45:00,24.429,24.5,24.193,24.233,4871860
3507,2023-02-01 15:40:00,24.523,24.648,24.36,24.42,6237814
3508,2023-02-01 15:35:00,24.268,24.628,24.254,24.519,8223060
3509,2023-02-01 15:30:00,24.171,24.292,24.114,24.253,4293032
3510,2023-02-01 15:25:00,24.048,24.194,23.995,24.159,2765295
3511,2023-02-01 15:20:00,24.078,24.164,23.896,24.027,4546369
3512,2023-02-01 15:15:00,24.038,24.09,23.768,24.06,6951054
3513,2023-02-01 15:10:00,24.236,24.273,23.98,24.021,6257298
3514,2023-02-01 15:05:00,23.927,24.312,23.887,24.233,10540213
3515,2023-02-01 15:00:00,23.663,23.986,23.65,23.907,7227183
3516,2023-02-01 14:55:00,23.728,23.828,23.541,23.651,6077417
3517,2023-02-01 14:50:00,23.658,23.917,23.64,23.71,9203452
3518,2023-02-01 14:45:00,23.535,23.848,23.383,23.66,13461349
3519,2023-02-01 14:40:00,23.12,23.561,23.057,23.516,15061257
3520,2023-02-01 14:35:00,22.33,23.176,22.253,23.108,14481152
3521,2023-02-01 14:30:00,22.609,22.722,22.07,22.328,9520331
3522,2023-02-01 14:25:00,22.685,22.712,22.584,22.594,1428831
3523,2023-02-01 14:20:00,22.684,22.782,22.633,22.674,2259891
3524,2023-02-01 14:15:00,22.794,22.84,22.534,22.673,4742608
3525,2023-02-01 14:10:00,22.755,22.919,22.723,22.785,5760170
3526,2023-02-01 14:05:00,22.389,22.89,22.347,22.758,7834736
3527,2023-02-01 14:00:00,22.537,22.652,22.159,22.37,9623734
3528,2023-02-01 13:55:00,22.498,22.672,22.485,22.525,3304463
3529,2023-02-01 13:50:00,22.482,22.509,22.436,22.481,719817
3530,2023-02-01 13:45:00,22.547,22.554,22.436,22.466,1025022
3531,2023-02-01 13:40:00,22.567,22.623,22.524,22.54,889293
3532,2023-02-01 13:35:00,22.618,22.633,22.526,22.55,944149
3533,2023-02-01 13:30:00,22.547,22.633,22.525,22.614,1643924
3534,2023-02-01 13:25:00,22.493,22.554,22.47,22.535,720270
3535,2023-02-01 13:20:00,22.468,22.524,22.445,22.482,1299650
3536,2023-02-01 13:15:00,22.507,22.524,22.436,22.466,643965
3537,2023-02-01 13:10:00,22.488,22.529,22.459,22.486,709978
3538,2023-02-01 13:05:00,22.484,22.534,22.465,22.476,769735
3539,2023-02-01 13:00:00,22.458,22.485,22.406,22.466,481081
3540,2023-02-01 12:55:00,22.468,22.514,22.428,22.442,631184
3541,2023-02-01 12:50:00,22.429,22.47,22.406,22.446,378041
3542,2023-02-01 12:45:00,22.489,22.504,22.417,22.42,477143
3543,2023-02-01 12:40:00,22.429,22.504,22.406,22.476,869297
3544,2023-02-01 12:35:00,22.413,22.445,22.376,22.417,380812
3545,2023-02-01 12:30:00,22.428,22.46,22.362,22.401,559911
3546,2023-02-01 12:25:00,22.434,22.465,22.376,22.409,931562
3547,2023-02-01 12:20:00,22.334,22.445,22.307,22.422,1101071
3548,2023-02-01 12:15:00,22.379,22.386,22.307,22.328,749612
3549,2023-02-01 12:10:00,22.364,22.435,22.343,22.367,705000
3550,2023-02-01 12:05:00,22.409,22.415,22.327,22.348,792710
3551,2023-02-01 12:00:00,22.448,22.485,22.366,22.397,782787
3552,2023-02-01 11:55:00,22.479,22.514,22.376,22.437,1542193
3553,2023-02-01 11:50:00,22.532,22.554,22.445,22.466,785663
3554,2023-02-01 11:45:00,22.542,22.564,22.485,22.516,584921
3555,2023-02-01 11:40:00,22.527,22.573,22.505,22.531,973125
3556,2023-02-01 11:35:00,22.542,22.554,22.465,22.525,887277
3557,2023-02-01 11:30:00,22.503,22.554,22.455,22.53,1215895
3558,2023-02-01 11:25:00,22.493,22.534,22.465,22.49,1192694
3559,2023-02-01 11:20:00,22.399,22.534,22.386,22.476,1693707
3560,2023-02-01 11:15:00,22.379,22.455,22.357,22.392,1497660
3561,2023-02-01 11:10:00,22.34,22.406,22.307,22.377,1195427
3562,2023-02-01 11:05:00,22.296,22.366,22.258,22.328,1262372
3563,2023-02-01 11:00:00,22.251,22.346,22.189,22.283,2217424
3564,2023-02-01 10:55:00,22.34,22.361,22.218,22.239,2057679
3565,2023-02-01 10:50:00,22.425,22.435,22.258,22.319,3212481
3566,2023-02-01 10:45:00,22.457,22.504,22.376,22.413,2321577
3567,2023-02-01 10:40:00,22.552,22.623,22.426,22.443,1513275
3568,2023-02-01 10:35:00,22.6,22.613,22.485,22.545,1343081
3569,2023-02-01 10:30:00,22.557,22.643,22.515,22.594,2263749
3570,2023-02-01 10:25:00,22.542,22.573,22.46,22.545,1407576
3571,2023-02-01 10:20:00,22.547,22.603,22.426,22.53,1405322
3572,2023-02-01 10:15:00,22.597,22.623,22.465,22.535,1558354
3573,2023-02-01 10:10:00,22.468,22.623,22.445,22.591,2125815
3574,2023-02-01 10:05:00,22.468,22.554,22.376,22.456,2042121
3575,2023-02-01 10:00:00,22.611,22.652,22.366,22.451,5625213
3576,2023-02-01 09:55:00,22.603,22.662,22.554,22.602,2549721
3577,2023-02-01 09:50:00,22.481,22.623,22.445,22.59,2857573
3578,2023-02-01 09:45:00,22.407,22.534,22.376,22.468,2214637
3579,2023-02-01 09:40:00,22.468,22.524,22.357,22.397,2724579
3580,2023-02-01 09:35:00,22.389,22.514,22.317,22.463,3740834
3581,2023-02-01 09:30:00,22.567,22.643,22.347,22.377,4657686
3582,2023-02-01 09:25:00,22.587,22.603,22.534,22.555,146592
3583,2023-02-01 09:20:00,22.597,22.623,22.574,22.575,148398
3584,2023-02-01 09:15:00,22.557,22.603,22.543,22.585,89750
3585,2023-02-01 09:10:00,22.557,22.583,22.534,22.535,123097
3586,2023-02-01 09:05:00,22.537,22.554,22.505,22.535,62198
3587,2023-02-01 09:00:00,22.527,22.573,22.505,22.525,83340
3588,2023-02-01 08:55:00,22.547,22.573,22.475,22.506,641866
3589,2023-02-01 08:50:00,22.567,22.573,22.524,22.545,81606
3590,2023-02-01 08:45:00,22.557,22.583,22.534,22.565,99009
3591,2023-02-01 08:40:00,22.587,22.593,22.505,22.545,228185
3592,2023-02-01 08:35:00,22.567,22.603,22.544,22.585,112051
3593,2023-02-01 08:30:00,22.547,22.613,22.524,22.545,122917
3594,2023-02-01 08:25:00,22.567,22.603,22.524,22.545,101029
3595,2023-02-01 08:20:00,22.547,22.623,22.534,22.555,391778
3596,2023-02-01 08:15:00,22.537,22.643,22.515,22.525,382367
3597,2023-02-01 08:10:00,22.587,22.593,22.505,22.525,231114
3598,2023-02-01 08:05:00,22.567,22.603,22.544,22.575,127203
3599,2023-02-01 08:00:00,22.586,22.712,22.348,22.555,963482
3600,2023-02-01 07:55:00,22.615,22.652,22.594,22.624,51959
3601,2023-02-01 07:50:00,22.636,22.643,22.554,22.585,253959
3602,2023-02-01 07:45:00,22.656,22.682,22.623,22.624,39802
3603,2023-02-01 07:40:00,22.676,22.692,22.633,22.634,39066
3604,2023-02-01 07:35:00,22.695,22.712,22.643,22.664,120529
3605,2023-02-01 07:30:00,22.705,22.712,22.653,22.683,351094
3606,2023-02-01 07:25:00,22.676,22.712,22.653,22.683,149831
3607,2023-02-01 07:20:00,22.606,22.702,22.594,22.664,124005
3608,2023-02-01 07:15:00,22.616,22.623,22.564,22.594,44132
3609,2023-02-01 07:10:00,22.577,22.623,22.544,22.594,81826
3610,2023-02-01 07:05:00,22.527,22.583,22.505,22.555,73629
3611,2023-02-01 07:00:00,22.498,22.544,22.465,22.525,108647
3612,2023-02-01 06:55:00,22.488,22.514,22.465,22.486,15733
3613,2023-02-01 06:50:00,22.478,22.504,22.455,22.476,11968
3614,2023-02-01 06:45:00,22.498,22.514,22.465,22.466,23808
3615,2023-02-01 06:40:00,22.488,22.514,22.465,22.486,8535
3616,2023-02-01 06:35:00,22.488,22.494,22.465,22.466,10804
3617,2023-02-01 06:30:00,22.478,22.494,22.455,22.476,31705
3618,2023-02-01 06:25:00,22.478,22.494,22.455,22.466,16621
3619,2023-02-01 06:20:00,22.448,22.494,22.436,22.476,42048
3620,2023-02-01 06:15:00,22.409,22.465,22.386,22.446,7380
3621,2023-02-01 06:10:00,22.389,22.425,22.376,22.397,5612
3622,2023-02-01 06:05:00,22.419,22.435,22.376,22.387,18548
3623,2023-02-01 06:00:00,22.389,22.425,22.366,22.407,11490
3624,2023-02-01 05:55:00,22.409,22.415,22.376,22.377,11342
3625,2023-02-01 05:50:00,22.379,22.415,22.366,22.397,16722
3626,2023-02-01 05:45:00,22.369,22.386,22.357,22.367,5121
3627,2023-02-01 05:40:00,22.359,22.386,22.337,22.367,15563
3628,2023-02-01 05:35:00,22.379,22.386,22.347,22.348,17966
3629,2023-02-01 05:30:00,22.389,22.396,22.357,22.367,8853
3630,2023-02-01 05:25:00,22.389,22.415,22.366,22.367,7858
3631,2023-02-01 05:20:00,22.379,22.406,22.357,22.367,9776
3632,2023-02-01 05:15:00,22.379,22.406,22.357,22.358,30730
3633,2023-02-01 05:10:00,22.419,22.425,22.357,22.367,15859
3634,2023-02-01 05:05:00,22.438,22.475,22.416,22.427,8152
3635,2023-02-01 05:00:00,22.429,22.465,22.416,22.427,14887
3636,2023-02-01 04:55:00,22.468,22.475,22.406,22.407,8917
3637,2023-02-01 04:50:00,22.468,22.485,22.445,22.456,4158
3638,2023-02-01 04:45:00,22.419,22.475,22.406,22.446,10341
3639,2023-02-01 04:40:00,22.448,22.455,22.396,22.417,14923
3640,2023-02-01 04:35:00,22.438,22.475,22.426,22.446,15756
3641,2023-02-01 04:30:00,22.498,22.514,22.396,22.417,72974
3642,2023-02-01 04:25:00,22.508,22.534,22.485,22.496,20689
3643,2023-02-01 04:20:00,22.517,22.534,22.485,22.496,34062
3644,2023-02-01 04:15:00,22.478,22.524,22.455,22.506,40933
3645,2023-02-01 04:10:00,22.468,22.485,22.445,22.456,14416
3646,2023-02-01 04:05:00,22.458,22.494,22.436,22.466,44230
3647,2023-02-01 04:00:00,22.498,22.504,22.366,22.437,68238
