,timestamp,open,high,low,close,volume
0,2024-02-29 19:55:00,60.53,60.6,60.53,60.59,36803
1,2024-02-29 19:50:00,60.49,60.57,60.485,60.54,75030
2,2024-02-29 19:45:00,60.48,60.49,60.45,60.48,18424
3,2024-02-29 19:40:00,60.46,60.48,60.43,60.48,20753
4,2024-02-29 19:35:00,60.45,60.5,60.45,60.46,17062
5,2024-02-29 19:30:00,60.48,60.48,60.44,60.46,10906
6,2024-02-29 19:25:00,60.48,60.52,60.48,60.49,9350
7,2024-02-29 19:20:00,60.52,60.54,60.48,60.48,31917
8,2024-02-29 19:15:00,60.47,60.51,60.44,60.51,7293
9,2024-02-29 19:10:00,60.48,60.49,60.46,60.47,15010
10,2024-02-29 19:05:00,60.47,60.48,60.42,60.48,3851
11,2024-02-29 19:00:00,60.36,60.48,60.36,60.45,13822
12,2024-02-29 18:55:00,60.37,60.39,60.34,60.36,5585
13,2024-02-29 18:50:00,60.33,60.4,60.33,60.36,21904
14,2024-02-29 18:45:00,60.27,60.33,60.25,60.33,8049
15,2024-02-29 18:40:00,60.28,60.29,60.26,60.28,13863
16,2024-02-29 18:35:00,60.28,60.29,60.23,60.28,15523
17,2024-02-29 18:30:00,60.35,60.36,60.27,60.3,37750
18,2024-02-29 18:25:00,60.31,60.35,60.3,60.35,31959
19,2024-02-29 18:20:00,60.39,60.41,60.31,60.31,32567
20,2024-02-29 18:15:00,60.48,60.48,60.38,60.39,57281
21,2024-02-29 18:10:00,60.51,60.519,60.46,60.48,15578
22,2024-02-29 18:05:00,60.58,60.59,60.51,60.51,26484
23,2024-02-29 18:00:00,60.49,60.59,60.48,60.58,37342
24,2024-02-29 17:55:00,60.46,60.52,60.45,60.51,11529
25,2024-02-29 17:50:00,60.45,60.46,60.44,60.45,3769
26,2024-02-29 17:45:00,60.44,60.48,60.44,60.45,6786
27,2024-02-29 17:40:00,60.449,60.45,60.43,60.45,2568
28,2024-02-29 17:35:00,60.43,60.45,60.43,60.44,4307
29,2024-02-29 17:30:00,60.43,60.44,60.43,60.43,3774
30,2024-02-29 17:25:00,60.42,60.44,60.42,60.44,3561
31,2024-02-29 17:20:00,60.42,60.44,60.42,60.42,7779
32,2024-02-29 17:15:00,60.45,60.45,60.42,60.42,26227
33,2024-02-29 17:10:00,60.45,60.47,60.44,60.45,10435
34,2024-02-29 17:05:00,60.44,60.46,60.43,60.45,18928
35,2024-02-29 17:00:00,60.48,60.48,60.44,60.45,9801
36,2024-02-29 16:55:00,60.49,60.49,60.45,60.47,126958
37,2024-02-29 16:50:00,60.47,60.49,60.46,60.48,24009
38,2024-02-29 16:45:00,60.48,60.48,60.42,60.46,106477
39,2024-02-29 16:40:00,60.52,60.52,60.48,60.49,42378
40,2024-02-29 16:35:00,60.52,60.57,60.52,60.52,21639
41,2024-02-29 16:30:00,60.55,60.56,60.48,60.52,53191
42,2024-02-29 16:25:00,60.47,60.56,60.47,60.55,103286
43,2024-02-29 16:20:00,60.43,60.51,60.42,60.47,133522
44,2024-02-29 16:15:00,60.36,60.45,60.36,60.43,126786
45,2024-02-29 16:10:00,60.35,60.39,60.35,60.38,108774
46,2024-02-29 16:05:00,60.3,60.35,60.14,60.35,210210
47,2024-02-29 16:00:00,60.43,60.49,60.3,60.3,707301
48,2024-02-29 15:55:00,60.52,60.85,60.4,60.43,4173855
49,2024-02-29 15:50:00,60.45,60.62,60.42,60.53,2969168
50,2024-02-29 15:45:00,60.316,60.53,60.314,60.44,1273298
51,2024-02-29 15:40:00,60.32,60.445,60.29,60.31,857670
52,2024-02-29 15:35:00,60.246,60.33,60.24,60.33,526082
53,2024-02-29 15:30:00,60.264,60.365,60.21,60.245,878460
54,2024-02-29 15:25:00,60.22,60.28,60.18,60.265,408505
55,2024-02-29 15:20:00,60.15,60.23,60.15,60.215,480164
56,2024-02-29 15:15:00,60.0,60.15,59.97,60.144,349319
57,2024-02-29 15:10:00,60.12,60.15,59.995,60.005,312831
58,2024-02-29 15:05:00,60.1,60.125,60.03,60.12,277031
59,2024-02-29 15:00:00,60.14,60.215,60.07,60.11,456848
60,2024-02-29 14:55:00,59.951,60.14,59.945,60.136,382661
61,2024-02-29 14:50:00,60.005,60.03,59.91,59.96,305501
62,2024-02-29 14:45:00,59.94,60.03,59.84,60.0,838043
63,2024-02-29 14:40:00,60.08,60.1,59.93,59.93,249620
64,2024-02-29 14:35:00,60.05,60.1,60.03,60.08,220843
65,2024-02-29 14:30:00,60.034,60.107,59.955,60.055,388526
66,2024-02-29 14:25:00,60.195,60.195,59.92,60.04,707548
67,2024-02-29 14:20:00,60.29,60.325,60.188,60.19,318936
68,2024-02-29 14:15:00,60.23,60.35,60.19,60.295,707617
69,2024-02-29 14:10:00,60.114,60.24,60.11,60.23,482709
70,2024-02-29 14:05:00,60.16,60.16,60.023,60.11,332075
71,2024-02-29 14:00:00,60.15,60.2,60.08,60.15,360203
72,2024-02-29 13:55:00,60.14,60.19,60.13,60.14,244572
73,2024-02-29 13:50:00,60.08,60.19,60.06,60.15,433337
74,2024-02-29 13:45:00,60.056,60.12,60.01,60.08,243253
75,2024-02-29 13:40:00,60.14,60.14,60.0,60.055,441713
76,2024-02-29 13:35:00,60.15,60.22,60.09,60.14,316583
77,2024-02-29 13:30:00,60.23,60.265,60.14,60.15,394936
78,2024-02-29 13:25:00,60.12,60.258,60.105,60.214,682994
79,2024-02-29 13:20:00,60.145,60.175,60.03,60.12,299812
80,2024-02-29 13:15:00,60.15,60.187,60.05,60.15,382400
81,2024-02-29 13:10:00,60.103,60.2,60.09,60.155,574423
82,2024-02-29 13:05:00,60.064,60.12,60.0,60.11,421381
83,2024-02-29 13:00:00,59.98,60.09,59.96,60.07,512385
84,2024-02-29 12:55:00,59.95,60.008,59.928,59.985,564874
85,2024-02-29 12:50:00,59.78,59.95,59.73,59.95,699310
86,2024-02-29 12:45:00,59.64,59.82,59.56,59.78,658174
87,2024-02-29 12:40:00,59.64,59.72,59.58,59.64,494709
88,2024-02-29 12:35:00,59.58,59.645,59.539,59.634,309234
89,2024-02-29 12:30:00,59.5,59.68,59.491,59.58,457860
90,2024-02-29 12:25:00,59.68,59.71,59.47,59.5,734271
91,2024-02-29 12:20:00,59.74,59.79,59.61,59.685,448027
92,2024-02-29 12:15:00,59.72,59.78,59.65,59.74,591607
93,2024-02-29 12:10:00,59.649,59.748,59.63,59.713,414843
94,2024-02-29 12:05:00,59.72,59.75,59.54,59.647,533541
95,2024-02-29 12:00:00,59.62,59.8,59.56,59.715,781970
96,2024-02-29 11:55:00,59.52,59.66,59.5,59.629,752020
97,2024-02-29 11:50:00,59.38,59.54,59.37,59.52,1058457
98,2024-02-29 11:45:00,59.16,59.39,59.03,59.381,1251728
99,2024-02-29 11:40:00,59.02,59.17,58.78,59.165,1997904
100,2024-02-29 11:35:00,59.38,59.51,58.99,59.013,1583889
101,2024-02-29 11:30:00,59.58,59.59,59.33,59.375,1209164
102,2024-02-29 11:25:00,59.77,59.804,59.561,59.58,511117
103,2024-02-29 11:20:00,59.86,59.87,59.7,59.78,402297
104,2024-02-29 11:15:00,59.885,59.926,59.79,59.85,445164
105,2024-02-29 11:10:00,59.81,59.895,59.73,59.885,491741
106,2024-02-29 11:05:00,59.7,59.86,59.67,59.802,549627
107,2024-02-29 11:00:00,59.833,59.855,59.46,59.69,1042813
108,2024-02-29 10:55:00,59.774,59.89,59.67,59.83,657542
109,2024-02-29 10:50:00,60.095,60.114,59.76,59.765,798940
110,2024-02-29 10:45:00,59.85,60.145,59.74,60.09,1022844
111,2024-02-29 10:40:00,60.11,60.13,59.8,59.855,699871
112,2024-02-29 10:35:00,59.99,60.15,59.915,60.11,626735
113,2024-02-29 10:30:00,59.96,60.055,59.89,59.995,451481
114,2024-02-29 10:25:00,59.98,60.08,59.9,59.96,488432
115,2024-02-29 10:20:00,59.86,60.04,59.771,59.994,1111113
116,2024-02-29 10:15:00,59.66,59.92,59.607,59.85,988856
117,2024-02-29 10:10:00,60.25,60.25,59.59,59.666,2058072
118,2024-02-29 10:05:00,60.42,60.46,60.12,60.24,1036866
119,2024-02-29 10:00:00,60.31,60.47,60.24,60.41,1028512
120,2024-02-29 09:55:00,60.32,60.43,60.26,60.31,856103
121,2024-02-29 09:50:00,60.19,60.39,60.11,60.315,1052255
122,2024-02-29 09:45:00,60.21,60.318,60.12,60.19,935742
123,2024-02-29 09:40:00,60.23,60.34,60.08,60.21,1237445
124,2024-02-29 09:35:00,60.38,60.5,60.15,60.23,1516745
125,2024-02-29 09:30:00,60.08,60.44,60.0,60.375,2967191
126,2024-02-29 09:25:00,59.98,60.13,59.92,60.08,214927
127,2024-02-29 09:20:00,59.93,60.0,59.9,59.97,121066
128,2024-02-29 09:15:00,60.015,60.02,59.92,59.93,181009
129,2024-02-29 09:10:00,59.99,60.12,59.98,60.02,347557
130,2024-02-29 09:05:00,59.95,60.02,59.92,59.985,296518
131,2024-02-29 09:00:00,59.85,59.96,59.85,59.95,143323
132,2024-02-29 08:55:00,60.0,60.0,59.83,59.84,215308
133,2024-02-29 08:50:00,59.93,60.04,59.88,59.99,356677
134,2024-02-29 08:45:00,59.905,59.99,59.88,59.93,442853
135,2024-02-29 08:40:00,59.73,59.93,59.73,59.91,469239
136,2024-02-29 08:35:00,59.39,59.73,59.39,59.73,693292
137,2024-02-29 08:30:00,58.45,59.41,58.45,59.39,963606
138,2024-02-29 08:25:00,58.47,58.48,58.4,58.46,60423
139,2024-02-29 08:20:00,58.54,58.57,58.45,58.47,51548
140,2024-02-29 08:15:00,58.54,58.58,58.5,58.529,38899
141,2024-02-29 08:10:00,58.51,58.54,58.47,58.53,21760
142,2024-02-29 08:05:00,59.07,59.08,58.08,58.51,67448
143,2024-02-29 08:00:00,58.68,59.08,58.07,58.96,185711
144,2024-02-29 07:55:00,58.49,58.55,58.49,58.54,32301
145,2024-02-29 07:50:00,58.46,58.5,58.46,58.49,15269
146,2024-02-29 07:45:00,58.46,58.51,58.46,58.47,18795
147,2024-02-29 07:40:00,58.5,58.5,58.4,58.46,31340
148,2024-02-29 07:35:00,58.55,58.58,58.5,58.5,12140
149,2024-02-29 07:30:00,58.53,58.56,58.5,58.54,12357
150,2024-02-29 07:25:00,58.51,58.57,58.49,58.53,23132
151,2024-02-29 07:20:00,58.52,58.53,58.44,58.52,13571
152,2024-02-29 07:15:00,58.57,58.58,58.51,58.51,9866
153,2024-02-29 07:10:00,58.58,58.62,58.52,58.6,22814
154,2024-02-29 07:05:00,58.62,58.63,58.56,58.58,17789
155,2024-02-29 07:00:00,58.7,58.72,58.6,58.61,31260
156,2024-02-29 06:55:00,58.7,58.71,58.67,58.7,2752
157,2024-02-29 06:50:00,58.63,58.7,58.63,58.7,10068
158,2024-02-29 06:45:00,58.58,58.63,58.58,58.63,5522
159,2024-02-29 06:40:00,58.62,58.63,58.57,58.58,2484
160,2024-02-29 06:35:00,58.61,58.63,58.57,58.61,4398
161,2024-02-29 06:30:00,58.61,58.61,58.57,58.6,3093
162,2024-02-29 06:25:00,58.64,58.65,58.58,58.61,11253
163,2024-02-29 06:20:00,58.63,58.66,58.56,58.66,15483
164,2024-02-29 06:15:00,58.66,58.68,58.59,58.6,4865
165,2024-02-29 06:10:00,58.68,58.72,58.66,58.67,3529
166,2024-02-29 06:05:00,58.6,58.71,58.59,58.69,8437
167,2024-02-29 06:00:00,58.48,58.59,58.45,58.59,6730
168,2024-02-29 05:55:00,58.49,58.56,58.49,58.49,3500
169,2024-02-29 05:50:00,58.49,58.54,58.46,58.48,7893
170,2024-02-29 05:45:00,58.52,58.52,58.44,58.5,6336
171,2024-02-29 05:40:00,58.49,58.55,58.48,58.52,2951
172,2024-02-29 05:35:00,58.48,58.51,58.44,58.49,19991
173,2024-02-29 05:30:00,58.55,58.56,58.47,58.48,4300
174,2024-02-29 05:25:00,58.58,58.58,58.51,58.55,3306
175,2024-02-29 05:20:00,58.52,58.61,58.5,58.58,8781
176,2024-02-29 05:15:00,58.57,58.57,58.48,58.48,6396
177,2024-02-29 05:10:00,58.49,58.56,58.47,58.56,2642
178,2024-02-29 05:05:00,58.53,58.55,58.44,58.46,4817
179,2024-02-29 05:00:00,58.51,58.54,58.51,58.54,1850
180,2024-02-29 04:55:00,58.5,58.54,58.48,58.51,3095
181,2024-02-29 04:50:00,58.56,58.57,58.5,58.5,15786
182,2024-02-29 04:45:00,58.47,58.57,58.46,58.56,7580
183,2024-02-29 04:40:00,58.45,58.49,58.41,58.47,12356
184,2024-02-29 04:35:00,58.4,58.5,58.39,58.44,12476
185,2024-02-29 04:30:00,58.37,58.41,58.33,58.39,16451
186,2024-02-29 04:25:00,58.4,58.4,58.31,58.37,13003
187,2024-02-29 04:20:00,58.42,58.47,58.38,58.39,10353
188,2024-02-29 04:15:00,58.35,58.42,58.35,58.4,13924
189,2024-02-29 04:10:00,58.33,58.44,58.33,58.36,18962
190,2024-02-29 04:05:00,58.33,58.37,58.28,58.34,34208
191,2024-02-29 04:00:00,58.47,58.76,58.32,58.34,124867
192,2024-02-28 19:55:00,58.78,58.8,58.77,58.78,22762
193,2024-02-28 19:50:00,58.81,58.81,58.76,58.78,116189
194,2024-02-28 19:45:00,58.77,58.82,58.75,58.82,46397
195,2024-02-28 19:40:00,58.69,58.78,58.69,58.78,107725
196,2024-02-28 19:35:00,58.68,58.69,58.66,58.68,12423
197,2024-02-28 19:30:00,58.67,58.68,58.66,58.68,4812
198,2024-02-28 19:25:00,58.65,58.67,58.63,58.66,14359
199,2024-02-28 19:20:00,58.58,58.65,58.58,58.65,7592
200,2024-02-28 19:15:00,58.62,58.62,58.57,58.58,12355
201,2024-02-28 19:10:00,58.58,58.63,58.58,58.61,12961
202,2024-02-28 19:05:00,58.52,58.62,58.52,58.59,24373
203,2024-02-28 19:00:00,58.46,58.52,58.46,58.51,5689
204,2024-02-28 18:55:00,58.44,58.48,58.43,58.46,5105
205,2024-02-28 18:50:00,58.5,58.5,58.44,58.44,10211
206,2024-02-28 18:45:00,58.52,58.53,58.49,58.5,6118
207,2024-02-28 18:40:00,58.52,58.53,58.49,58.511,11196
208,2024-02-28 18:35:00,58.5,58.52,58.48,58.51,3250
209,2024-02-28 18:30:00,58.54,58.541,58.5,58.5,4827
210,2024-02-28 18:25:00,58.52,58.531,58.52,58.53,5466
211,2024-02-28 18:20:00,58.5,58.53,58.47,58.52,9056
212,2024-02-28 18:15:00,58.52,58.55,58.5,58.5,4307
213,2024-02-28 18:10:00,58.55,58.55,58.5,58.53,8771
214,2024-02-28 18:05:00,58.48,58.55,58.48,58.545,8686
215,2024-02-28 18:00:00,58.4,58.52,58.4,58.48,47520
216,2024-02-28 17:55:00,58.399,58.419,58.38,58.39,3164
217,2024-02-28 17:50:00,58.395,58.4,58.37,58.38,4025
218,2024-02-28 17:45:00,58.37,58.41,58.37,58.4,12730
219,2024-02-28 17:40:00,58.42,58.42,58.37,58.37,14340
220,2024-02-28 17:35:00,58.41,58.43,58.41,58.42,18737
221,2024-02-28 17:30:00,58.4,58.41,58.4,58.41,6581
222,2024-02-28 17:25:00,58.41,58.41,58.38,58.41,5238
223,2024-02-28 17:20:00,58.41,58.41,58.38,58.41,13341
224,2024-02-28 17:15:00,58.35,58.41,58.33,58.41,13074
225,2024-02-28 17:10:00,58.31,58.35,58.31,58.35,19320
226,2024-02-28 17:05:00,58.33,58.33,58.27,58.32,14013
227,2024-02-28 17:00:00,58.38,58.38,58.32,58.32,19661
228,2024-02-28 16:55:00,58.321,58.42,58.32,58.38,37911
229,2024-02-28 16:50:00,58.251,58.32,58.24,58.32,79664
230,2024-02-28 16:45:00,58.3,58.31,58.24,58.25,39550
231,2024-02-28 16:40:00,58.32,58.33,58.26,58.295,55351
232,2024-02-28 16:35:00,58.4,58.41,58.321,58.33,57275
233,2024-02-28 16:30:00,58.43,58.45,58.4,58.4,27127
234,2024-02-28 16:25:00,58.44,58.48,58.42,58.43,130072
235,2024-02-28 16:20:00,58.43,58.44,58.41,58.44,61233
236,2024-02-28 16:15:00,58.94,58.95,58.41,58.42,96532
237,2024-02-28 16:10:00,58.51,58.55,58.47,58.5,152001
238,2024-02-28 16:05:00,58.7,58.7,58.48,58.52,245552
239,2024-02-28 16:00:00,58.94,58.955,58.61,58.71,446726
240,2024-02-28 15:55:00,58.75,58.98,58.75,58.95,1459286
241,2024-02-28 15:50:00,58.91,58.91,58.7,58.746,1202840
242,2024-02-28 15:45:00,58.915,58.94,58.785,58.91,663962
243,2024-02-28 15:40:00,58.97,59.007,58.89,58.912,384029
244,2024-02-28 15:35:00,59.07,59.087,58.94,58.974,572094
245,2024-02-28 15:30:00,59.04,59.076,58.95,59.07,551803
246,2024-02-28 15:25:00,58.959,59.06,58.94,59.035,451026
247,2024-02-28 15:20:00,58.885,59.01,58.82,58.96,608040
248,2024-02-28 15:15:00,58.8,58.9,58.78,58.89,375516
249,2024-02-28 15:10:00,58.835,58.846,58.758,58.805,358693
250,2024-02-28 15:05:00,59.02,59.03,58.77,58.83,787457
251,2024-02-28 15:00:00,58.93,59.065,58.92,59.02,988256
252,2024-02-28 14:55:00,58.825,58.94,58.81,58.923,645712
253,2024-02-28 14:50:00,58.74,58.84,58.63,58.827,639441
254,2024-02-28 14:45:00,58.74,58.84,58.7,58.736,511941
255,2024-02-28 14:40:00,58.77,58.777,58.67,58.73,398322
256,2024-02-28 14:35:00,58.825,58.825,58.66,58.779,1062153
257,2024-02-28 14:30:00,58.87,58.88,58.8,58.83,342424
258,2024-02-28 14:25:00,59.01,59.02,58.876,58.88,538801
259,2024-02-28 14:20:00,58.98,59.038,58.921,59.0,436198
260,2024-02-28 14:15:00,58.91,59.02,58.83,58.985,1005122
261,2024-02-28 14:10:00,59.07,59.1,58.861,58.91,1113799
262,2024-02-28 14:05:00,59.21,59.21,59.05,59.078,655697
263,2024-02-28 14:00:00,59.28,59.33,59.21,59.216,577916
264,2024-02-28 13:55:00,59.19,59.275,59.17,59.27,277973
265,2024-02-28 13:50:00,59.16,59.2,59.11,59.19,394375
266,2024-02-28 13:45:00,59.25,59.29,59.13,59.164,573105
267,2024-02-28 13:40:00,59.3,59.337,59.24,59.245,409506
268,2024-02-28 13:35:00,59.23,59.305,59.21,59.3,350538
269,2024-02-28 13:30:00,59.17,59.28,59.17,59.235,690434
270,2024-02-28 13:25:00,59.125,59.196,59.08,59.17,634132
271,2024-02-28 13:20:00,59.03,59.15,59.02,59.125,757361
272,2024-02-28 13:15:00,58.93,59.08,58.91,59.026,1057469
273,2024-02-28 13:10:00,58.79,58.93,58.73,58.921,652477
274,2024-02-28 13:05:00,58.85,58.88,58.73,58.795,575600
275,2024-02-28 13:00:00,58.96,59.0,58.85,58.851,690429
276,2024-02-28 12:55:00,58.998,59.03,58.94,58.96,299960
277,2024-02-28 12:50:00,58.99,59.026,58.93,58.99,338253
278,2024-02-28 12:45:00,58.889,59.02,58.87,58.98,719820
279,2024-02-28 12:40:00,58.775,58.91,58.745,58.883,549693
280,2024-02-28 12:35:00,58.86,58.92,58.76,58.775,830481
281,2024-02-28 12:30:00,59.085,59.09,58.801,58.86,1011043
282,2024-02-28 12:25:00,59.21,59.22,59.04,59.085,754215
283,2024-02-28 12:20:00,59.181,59.26,59.11,59.22,779009
284,2024-02-28 12:15:00,59.29,59.32,59.17,59.18,564158
285,2024-02-28 12:10:00,59.31,59.34,59.225,59.29,440839
286,2024-02-28 12:05:00,59.405,59.41,59.28,59.295,429209
287,2024-02-28 12:00:00,59.41,59.45,59.25,59.409,789149
288,2024-02-28 11:55:00,59.41,59.48,59.36,59.415,537158
289,2024-02-28 11:50:00,59.445,59.51,59.4,59.419,462314
290,2024-02-28 11:45:00,59.475,59.525,59.402,59.44,571200
291,2024-02-28 11:40:00,59.431,59.485,59.375,59.472,453682
292,2024-02-28 11:35:00,59.37,59.51,59.34,59.434,692244
293,2024-02-28 11:30:00,59.39,59.44,59.31,59.36,787481
294,2024-02-28 11:25:00,59.37,59.42,59.32,59.39,604452
295,2024-02-28 11:20:00,59.37,59.45,59.34,59.365,763790
296,2024-02-28 11:15:00,59.215,59.4,59.215,59.37,694698
297,2024-02-28 11:10:00,59.24,59.29,59.15,59.215,459122
298,2024-02-28 11:05:00,59.3,59.34,59.21,59.24,542562
299,2024-02-28 11:00:00,59.07,59.355,59.065,59.295,1424395
300,2024-02-28 10:55:00,58.94,59.089,58.89,59.07,735356
301,2024-02-28 10:50:00,58.923,59.0,58.88,58.94,520669
302,2024-02-28 10:45:00,59.0,59.07,58.91,58.93,802193
303,2024-02-28 10:40:00,59.0,59.04,58.91,59.01,451877
304,2024-02-28 10:35:00,58.944,59.06,58.902,59.0,830368
305,2024-02-28 10:30:00,58.81,58.99,58.795,58.945,660531
306,2024-02-28 10:25:00,58.791,58.876,58.66,58.81,916553
307,2024-02-28 10:20:00,58.905,58.97,58.77,58.79,688575
308,2024-02-28 10:15:00,58.88,59.0,58.82,58.9,836094
309,2024-02-28 10:10:00,58.89,59.02,58.86,58.87,1038952
310,2024-02-28 10:05:00,58.76,58.93,58.61,58.89,1173369
311,2024-02-28 10:00:00,58.74,58.84,58.59,58.754,1307329
312,2024-02-28 09:55:00,58.64,58.817,58.623,58.75,892097
313,2024-02-28 09:50:00,58.83,58.84,58.55,58.64,1397974
314,2024-02-28 09:45:00,59.01,59.015,58.771,58.83,1118553
315,2024-02-28 09:40:00,59.141,59.24,58.94,59.01,950754
316,2024-02-28 09:35:00,59.05,59.22,59.04,59.15,1052054
317,2024-02-28 09:30:00,59.03,59.215,58.8,59.05,1992674
318,2024-02-28 09:25:00,59.05,59.09,58.99,59.03,101605
319,2024-02-28 09:20:00,59.07,59.16,59.04,59.05,140168
320,2024-02-28 09:15:00,59.02,59.09,58.97,59.06,157503
321,2024-02-28 09:10:00,59.07,59.07,59.0,59.03,124206
322,2024-02-28 09:05:00,59.14,59.18,59.049,59.07,143809
323,2024-02-28 09:00:00,59.24,59.25,59.13,59.14,107464
324,2024-02-28 08:55:00,59.09,59.27,59.08,59.24,96496
325,2024-02-28 08:50:00,59.23,59.27,59.055,59.1,160089
326,2024-02-28 08:45:00,59.11,59.895,59.11,59.225,121903
327,2024-02-28 08:40:00,59.18,59.67,58.99,59.11,172402
328,2024-02-28 08:35:00,59.3,59.37,59.17,59.19,142221
329,2024-02-28 08:30:00,59.13,59.4,59.04,59.29,150762
330,2024-02-28 08:25:00,59.18,59.2,59.1,59.15,93637
331,2024-02-28 08:20:00,59.17,59.22,59.159,59.18,45578
332,2024-02-28 08:15:00,59.07,59.19,59.03,59.17,60943
333,2024-02-28 08:10:00,59.16,59.16,59.04,59.07,129542
334,2024-02-28 08:05:00,59.14,59.85,59.12,59.15,85457
335,2024-02-28 08:00:00,59.04,59.85,58.739,59.15,317158
336,2024-02-28 07:55:00,59.09,59.09,59.03,59.04,55636
337,2024-02-28 07:50:00,59.18,59.2,59.08,59.08,53089
338,2024-02-28 07:45:00,59.22,59.27,59.16,59.18,40235
339,2024-02-28 07:40:00,59.24,59.24,59.18,59.209,42384
340,2024-02-28 07:35:00,59.28,59.32,59.24,59.24,38331
341,2024-02-28 07:30:00,59.23,59.29,59.23,59.29,24506
342,2024-02-28 07:25:00,59.25,59.29,59.23,59.23,24326
343,2024-02-28 07:20:00,59.2,59.26,59.18,59.24,21005
344,2024-02-28 07:15:00,59.23,59.23,59.12,59.2,35582
345,2024-02-28 07:10:00,59.3,59.32,59.209,59.23,48715
346,2024-02-28 07:05:00,59.29,59.36,59.26,59.3,38013
347,2024-02-28 07:00:00,59.26,59.35,59.25,59.29,51753
348,2024-02-28 06:55:00,59.28,59.28,59.17,59.26,4525
349,2024-02-28 06:50:00,59.32,59.32,59.26,59.28,4709
350,2024-02-28 06:45:00,59.3,59.33,59.26,59.33,9268
351,2024-02-28 06:40:00,59.28,59.36,59.28,59.29,20551
352,2024-02-28 06:35:00,59.18,59.27,59.18,59.27,7740
353,2024-02-28 06:30:00,59.23,59.25,59.18,59.19,6487
354,2024-02-28 06:25:00,59.23,59.28,59.23,59.24,5025
355,2024-02-28 06:20:00,59.22,59.27,59.22,59.23,6972
356,2024-02-28 06:15:00,59.18,59.23,59.16,59.23,17817
357,2024-02-28 06:10:00,59.12,59.19,59.12,59.19,5754
358,2024-02-28 06:05:00,59.16,59.18,59.11,59.12,16802
359,2024-02-28 06:00:00,59.2,59.2,59.14,59.16,5414
360,2024-02-28 05:55:00,59.16,59.23,59.15,59.2,11608
361,2024-02-28 05:50:00,59.16,59.18,59.11,59.16,5680
362,2024-02-28 05:45:00,59.16,59.2,59.13,59.15,9348
363,2024-02-28 05:40:00,59.18,59.25,59.14,59.16,16686
364,2024-02-28 05:35:00,59.03,59.22,59.0,59.15,18082
365,2024-02-28 05:30:00,59.02,59.07,58.97,59.03,26107
366,2024-02-28 05:25:00,58.91,59.06,58.89,59.02,18885
367,2024-02-28 05:20:00,58.83,58.94,58.8,58.92,13285
368,2024-02-28 05:15:00,58.82,58.83,58.79,58.82,14407
369,2024-02-28 05:10:00,58.81,58.85,58.76,58.83,11142
370,2024-02-28 05:05:00,58.78,58.86,58.76,58.81,14356
371,2024-02-28 05:00:00,58.76,58.87,58.75,58.79,21459
372,2024-02-28 04:55:00,58.78,58.85,58.74,58.76,17659
373,2024-02-28 04:50:00,58.78,58.86,58.76,58.78,12021
374,2024-02-28 04:45:00,58.79,58.83,58.72,58.79,32004
375,2024-02-28 04:40:00,58.97,58.98,58.74,58.8,33084
376,2024-02-28 04:35:00,58.98,59.02,58.93,58.97,41419
377,2024-02-28 04:30:00,59.06,59.09,58.93,58.98,86212
378,2024-02-28 04:25:00,59.28,59.29,59.05,59.07,37066
379,2024-02-28 04:20:00,59.31,59.34,59.26,59.28,21470
380,2024-02-28 04:15:00,59.32,59.36,59.27,59.31,46434
381,2024-02-28 04:10:00,59.34,59.41,59.31,59.31,12846
382,2024-02-28 04:05:00,59.35,59.39,59.33,59.33,15641
383,2024-02-28 04:00:00,59.23,59.58,59.2,59.34,38461
384,2024-02-27 19:55:00,59.82,59.84,59.8,59.8,47068
385,2024-02-27 19:50:00,59.81,59.83,59.81,59.82,5261
386,2024-02-27 19:45:00,59.84,59.84,59.81,59.81,13830
387,2024-02-27 19:40:00,59.83,59.84,59.83,59.84,3044
388,2024-02-27 19:35:00,59.83,59.84,59.82,59.82,4540
389,2024-02-27 19:30:00,59.84,59.86,59.83,59.84,11029
390,2024-02-27 19:25:00,59.85,59.86,59.84,59.85,2055
391,2024-02-27 19:20:00,59.86,59.86,59.81,59.86,40242
392,2024-02-27 19:15:00,59.84,59.86,59.831,59.86,3833
393,2024-02-27 19:10:00,59.85,59.85,59.83,59.85,1901
394,2024-02-27 19:05:00,59.84,59.86,59.83,59.85,16459
395,2024-02-27 19:00:00,59.82,59.83,59.81,59.83,34514
396,2024-02-27 18:55:00,59.82,59.82,59.81,59.82,29067
397,2024-02-27 18:50:00,59.82,59.84,59.82,59.82,11770
398,2024-02-27 18:45:00,59.83,59.83,59.81,59.82,19568
399,2024-02-27 18:40:00,59.831,59.85,59.83,59.84,2064
400,2024-02-27 18:35:00,59.85,59.86,59.83,59.84,7169
401,2024-02-27 18:30:00,59.89,59.89,59.85,59.855,5640
402,2024-02-27 18:25:00,59.89,59.9,59.88,59.9,4763
403,2024-02-27 18:20:00,59.89,59.9,59.88,59.88,3690
404,2024-02-27 18:15:00,59.9,59.91,59.88,59.885,4258
405,2024-02-27 18:10:00,59.94,59.94,59.88,59.881,4902
406,2024-02-27 18:05:00,59.95,59.95,59.92,59.93,2938
407,2024-02-27 18:00:00,59.89,59.95,59.871,59.95,8043
408,2024-02-27 17:55:00,59.9,59.94,59.89,59.94,8740
409,2024-02-27 17:50:00,59.9,59.9,59.89,59.89,6285
410,2024-02-27 17:45:00,59.71,59.9,59.47,59.89,6349
411,2024-02-27 17:40:00,59.89,60.04,59.59,59.71,7806
412,2024-02-27 17:35:00,59.9,59.95,59.47,59.89,5924
413,2024-02-27 17:30:00,59.94,60.04,59.6,59.89,2764
414,2024-02-27 17:25:00,59.9,59.96,59.89,59.95,5982
415,2024-02-27 17:20:00,59.91,59.91,59.89,59.91,6513
416,2024-02-27 17:15:00,59.93,59.94,59.92,59.92,9861
417,2024-02-27 17:10:00,59.93,59.94,59.92,59.92,5957
418,2024-02-27 17:05:00,59.93,59.95,59.93,59.93,3838
419,2024-02-27 17:00:00,59.88,59.96,59.88,59.95,11753
420,2024-02-27 16:55:00,59.96,59.97,59.88,59.89,16516
421,2024-02-27 16:50:00,59.97,59.97,59.95,59.97,10325
422,2024-02-27 16:45:00,59.97,59.99,59.96,59.96,26315
423,2024-02-27 16:40:00,59.965,59.981,59.96,59.97,9266
424,2024-02-27 16:35:00,59.99,59.99,59.96,59.965,10776
425,2024-02-27 16:30:00,59.99,60.0,59.98,59.99,11098
426,2024-02-27 16:25:00,59.99,60.0,59.98,59.98,8392
427,2024-02-27 16:20:00,59.97,60.0,59.96,59.99,18045
428,2024-02-27 16:15:00,59.96,59.99,59.91,59.97,26346
429,2024-02-27 16:10:00,59.9,59.99,59.9,59.965,26397
430,2024-02-27 16:05:00,59.86,59.92,59.85,59.9,44503
431,2024-02-27 16:00:00,59.93,59.95,59.82,59.851,523290
432,2024-02-27 15:55:00,59.94,60.0,59.86,59.935,1051693
433,2024-02-27 15:50:00,59.96,60.05,59.86,59.945,1135623
434,2024-02-27 15:45:00,59.894,59.97,59.87,59.955,606851
435,2024-02-27 15:40:00,59.865,59.92,59.79,59.9,372463
436,2024-02-27 15:35:00,59.826,59.88,59.785,59.86,362604
437,2024-02-27 15:30:00,60.02,60.03,59.813,59.82,437476
438,2024-02-27 15:25:00,60.003,60.08,59.95,60.025,605075
439,2024-02-27 15:20:00,59.87,60.01,59.81,60.0,411204
440,2024-02-27 15:15:00,59.95,59.97,59.845,59.875,678027
441,2024-02-27 15:10:00,59.978,60.048,59.935,59.95,296132
442,2024-02-27 15:05:00,59.95,59.98,59.91,59.974,351349
443,2024-02-27 15:00:00,60.04,60.07,59.874,59.94,501650
444,2024-02-27 14:55:00,59.906,60.06,59.906,60.035,435948
445,2024-02-27 14:50:00,59.89,59.96,59.85,59.907,357965
446,2024-02-27 14:45:00,59.95,59.95,59.81,59.9,661125
447,2024-02-27 14:40:00,59.97,60.03,59.905,59.946,554449
448,2024-02-27 14:35:00,59.98,59.99,59.92,59.965,497518
449,2024-02-27 14:30:00,59.839,59.984,59.83,59.98,848370
450,2024-02-27 14:25:00,59.83,59.84,59.72,59.834,510585
451,2024-02-27 14:20:00,59.84,59.84,59.745,59.83,559275
452,2024-02-27 14:15:00,59.639,59.856,59.605,59.83,932289
453,2024-02-27 14:10:00,59.51,59.64,59.51,59.63,453150
454,2024-02-27 14:05:00,59.5,59.6,59.49,59.51,374150
455,2024-02-27 14:00:00,59.48,59.57,59.475,59.495,791358
456,2024-02-27 13:55:00,59.32,59.5,59.32,59.48,749776
457,2024-02-27 13:50:00,59.34,59.375,59.27,59.31,328549
458,2024-02-27 13:45:00,59.31,59.365,59.244,59.341,308122
459,2024-02-27 13:40:00,59.305,59.336,59.265,59.315,368449
460,2024-02-27 13:35:00,59.26,59.31,59.186,59.3,399661
461,2024-02-27 13:30:00,59.19,59.27,59.14,59.259,329065
462,2024-02-27 13:25:00,59.37,59.406,59.18,59.19,473272
463,2024-02-27 13:20:00,59.256,59.44,59.21,59.37,699471
464,2024-02-27 13:15:00,59.3,59.355,59.246,59.255,398178
465,2024-02-27 13:10:00,59.194,59.34,59.19,59.294,564503
466,2024-02-27 13:05:00,59.183,59.27,59.12,59.195,568003
467,2024-02-27 13:00:00,59.06,59.24,58.87,59.18,1276785
468,2024-02-27 12:55:00,59.175,59.175,59.0,59.065,920644
469,2024-02-27 12:50:00,59.29,59.31,59.155,59.175,693660
470,2024-02-27 12:45:00,59.335,59.38,59.25,59.29,529478
471,2024-02-27 12:40:00,59.275,59.35,59.24,59.338,879667
472,2024-02-27 12:35:00,59.495,59.515,59.27,59.28,803913
473,2024-02-27 12:30:00,59.54,59.62,59.47,59.49,410130
474,2024-02-27 12:25:00,59.45,59.64,59.42,59.535,598856
475,2024-02-27 12:20:00,59.64,59.7,59.44,59.45,827744
476,2024-02-27 12:15:00,59.76,59.797,59.61,59.64,521227
477,2024-02-27 12:10:00,59.78,59.83,59.745,59.76,312042
478,2024-02-27 12:05:00,59.809,59.87,59.76,59.78,389116
479,2024-02-27 12:00:00,59.79,59.83,59.73,59.8,450829
480,2024-02-27 11:55:00,59.75,59.835,59.74,59.785,431294
481,2024-02-27 11:50:00,59.606,59.76,59.606,59.744,605111
482,2024-02-27 11:45:00,59.525,59.63,59.49,59.6,383371
483,2024-02-27 11:40:00,59.58,59.6,59.435,59.53,435606
484,2024-02-27 11:35:00,59.64,59.655,59.49,59.59,488904
485,2024-02-27 11:30:00,59.54,59.69,59.47,59.66,631611
486,2024-02-27 11:25:00,59.69,59.755,59.51,59.54,564177
487,2024-02-27 11:20:00,59.66,59.705,59.57,59.702,513111
488,2024-02-27 11:15:00,59.79,59.795,59.59,59.665,534240
489,2024-02-27 11:10:00,59.666,59.8,59.63,59.78,486801
490,2024-02-27 11:05:00,59.83,59.84,59.66,59.666,589777
491,2024-02-27 11:00:00,59.91,59.92,59.81,59.83,445739
492,2024-02-27 10:55:00,59.84,59.95,59.8,59.9,563002
493,2024-02-27 10:50:00,59.96,60.02,59.8,59.835,631176
494,2024-02-27 10:45:00,59.675,60.04,59.582,59.955,1199984
495,2024-02-27 10:40:00,59.76,59.8,59.64,59.67,674037
496,2024-02-27 10:35:00,59.86,59.96,59.743,59.757,749718
497,2024-02-27 10:30:00,59.88,59.94,59.82,59.875,639317
498,2024-02-27 10:25:00,59.91,59.93,59.69,59.87,930923
499,2024-02-27 10:20:00,60.05,60.09,59.88,59.91,956582
500,2024-02-27 10:15:00,59.835,60.05,59.73,60.05,1365492
501,2024-02-27 10:10:00,59.789,59.87,59.71,59.84,712358
502,2024-02-27 10:05:00,59.765,59.825,59.557,59.79,1075365
503,2024-02-27 10:00:00,59.67,59.94,59.64,59.78,1368107
504,2024-02-27 09:55:00,59.54,59.736,59.49,59.68,774761
505,2024-02-27 09:50:00,59.5,59.6,59.382,59.54,774882
506,2024-02-27 09:45:00,59.35,59.52,59.29,59.505,1160798
507,2024-02-27 09:40:00,59.59,59.595,59.2,59.35,1843870
508,2024-02-27 09:35:00,59.91,59.99,59.55,59.6,1098725
509,2024-02-27 09:30:00,59.96,60.049,59.76,59.91,1390858
510,2024-02-27 09:25:00,59.9,60.02,59.88,59.96,48621
511,2024-02-27 09:20:00,59.95,60.01,59.9,59.9,38063
512,2024-02-27 09:15:00,59.94,59.98,59.93,59.96,14696
513,2024-02-27 09:10:00,59.96,59.96,59.87,59.94,40058
514,2024-02-27 09:05:00,60.02,60.02,59.91,59.95,46630
515,2024-02-27 09:00:00,60.06,60.06,59.99,60.01,38731
516,2024-02-27 08:55:00,60.03,60.1,59.99,60.05,42919
517,2024-02-27 08:50:00,59.95,60.06,59.95,60.02,87989
518,2024-02-27 08:45:00,59.86,59.97,59.82,59.95,53132
519,2024-02-27 08:40:00,59.9,59.96,59.86,59.86,42105
520,2024-02-27 08:35:00,59.83,59.95,59.83,59.91,74899
521,2024-02-27 08:30:00,59.76,59.869,59.689,59.83,106120
522,2024-02-27 08:25:00,59.75,59.77,59.72,59.75,25645
523,2024-02-27 08:20:00,59.71,59.77,59.67,59.75,83173
524,2024-02-27 08:15:00,59.89,59.89,59.65,59.71,100568
525,2024-02-27 08:10:00,59.98,59.98,59.88,59.88,45153
526,2024-02-27 08:05:00,59.31,60.05,59.07,59.97,58224
527,2024-02-27 08:00:00,59.83,60.16,59.07,60.022,312261
528,2024-02-27 07:55:00,60.06,60.08,60.04,60.06,12961
529,2024-02-27 07:50:00,60.12,60.13,60.04,60.06,24655
530,2024-02-27 07:45:00,60.14,60.14,60.09,60.13,16118
531,2024-02-27 07:40:00,60.08,60.15,60.08,60.14,17107
532,2024-02-27 07:35:00,60.15,60.16,60.07,60.07,22169
533,2024-02-27 07:30:00,60.07,60.17,60.07,60.15,35363
534,2024-02-27 07:25:00,60.07,60.08,60.05,60.07,14213
535,2024-02-27 07:20:00,60.07,60.08,60.04,60.06,8046
536,2024-02-27 07:15:00,59.98,60.08,59.98,60.07,120703
537,2024-02-27 07:10:00,59.94,59.99,59.94,59.98,36460
538,2024-02-27 07:05:00,59.87,59.971,59.85,59.93,44669
539,2024-02-27 07:00:00,59.82,59.92,59.81,59.87,127952
540,2024-02-27 06:55:00,59.83,59.85,59.8,59.82,4978
541,2024-02-27 06:50:00,59.79,59.84,59.78,59.83,13927
542,2024-02-27 06:45:00,59.83,59.87,59.79,59.79,27899
543,2024-02-27 06:40:00,59.84,59.85,59.82,59.83,9129
544,2024-02-27 06:35:00,59.82,59.84,59.79,59.84,6261
545,2024-02-27 06:30:00,59.82,59.83,59.78,59.8,12277
546,2024-02-27 06:25:00,59.82,59.87,59.81,59.82,8069
547,2024-02-27 06:20:00,59.84,59.84,59.8,59.81,5467
548,2024-02-27 06:15:00,59.85,59.87,59.83,59.84,6879
549,2024-02-27 06:10:00,59.91,59.91,59.82,59.84,9018
550,2024-02-27 06:05:00,59.9,59.92,59.86,59.91,2151
551,2024-02-27 06:00:00,59.92,59.95,59.89,59.91,5315
552,2024-02-27 05:55:00,59.97,59.97,59.91,59.93,14113
553,2024-02-27 05:50:00,59.88,59.98,59.88,59.97,11917
554,2024-02-27 05:45:00,59.82,59.9,59.8,59.88,14733
555,2024-02-27 05:40:00,59.87,59.87,59.79,59.83,5818
556,2024-02-27 05:35:00,59.87,59.9,59.85,59.87,4895
557,2024-02-27 05:30:00,59.9,59.9,59.85,59.86,5011
558,2024-02-27 05:25:00,59.91,59.92,59.89,59.9,2839
559,2024-02-27 05:20:00,59.93,59.93,59.89,59.9,3784
560,2024-02-27 05:15:00,59.9,59.94,59.87,59.92,5573
561,2024-02-27 05:10:00,60.0,60.03,59.89,59.89,20255
562,2024-02-27 05:05:00,59.91,60.01,59.9,60.0,13265
563,2024-02-27 05:00:00,59.93,59.96,59.92,59.92,12237
564,2024-02-27 04:55:00,59.91,59.93,59.88,59.92,4006
565,2024-02-27 04:50:00,59.86,59.91,59.82,59.91,3456
566,2024-02-27 04:45:00,59.9,59.91,59.85,59.87,12757
567,2024-02-27 04:40:00,59.87,59.9,59.87,59.9,4752
568,2024-02-27 04:35:00,59.87,59.89,59.85,59.87,17432
569,2024-02-27 04:30:00,59.88,59.9,59.84,59.88,25902
570,2024-02-27 04:25:00,59.78,59.88,59.77,59.87,21330
571,2024-02-27 04:20:00,59.73,59.79,59.73,59.77,20597
572,2024-02-27 04:15:00,59.71,59.75,59.68,59.72,14759
573,2024-02-27 04:10:00,59.76,59.76,59.7,59.7,33477
574,2024-02-27 04:05:00,59.72,59.78,59.72,59.77,39508
575,2024-02-27 04:00:00,59.41,59.76,59.35,59.72,50411
576,2024-02-26 19:55:00,59.371,59.39,59.32,59.37,26395
577,2024-02-26 19:50:00,59.4,59.41,59.37,59.37,19098
578,2024-02-26 19:45:00,59.39,59.42,59.37,59.4,11529
579,2024-02-26 19:40:00,59.41,59.41,59.36,59.4,3743
580,2024-02-26 19:35:00,59.39,59.42,59.38,59.4,2020
581,2024-02-26 19:30:00,59.35,59.4,59.34,59.38,9383
582,2024-02-26 19:25:00,59.35,59.35,59.31,59.33,5291
583,2024-02-26 19:20:00,59.32,59.36,59.31,59.35,5960
584,2024-02-26 19:15:00,59.3,59.32,59.27,59.32,2439
585,2024-02-26 19:10:00,59.24,59.32,59.23,59.31,7516
586,2024-02-26 19:05:00,59.32,59.32,59.16,59.24,16598
587,2024-02-26 19:00:00,59.41,59.41,59.33,59.33,6946
588,2024-02-26 18:55:00,59.401,59.43,59.4,59.4,1930
589,2024-02-26 18:50:00,59.43,59.43,59.39,59.419,8390
590,2024-02-26 18:45:00,59.47,59.47,59.412,59.42,6413
591,2024-02-26 18:40:00,59.43,59.47,59.41,59.47,14349
592,2024-02-26 18:35:00,59.425,59.43,59.41,59.42,5160
593,2024-02-26 18:30:00,59.39,59.43,59.38,59.42,6059
594,2024-02-26 18:25:00,59.37,59.4,59.36,59.4,5886
595,2024-02-26 18:20:00,59.37,59.38,59.36,59.37,5560
596,2024-02-26 18:15:00,59.35,59.37,59.34,59.37,6939
597,2024-02-26 18:10:00,59.33,59.38,59.32,59.36,16068
598,2024-02-26 18:05:00,59.25,59.33,59.25,59.33,2378
599,2024-02-26 18:00:00,59.27,59.3,59.21,59.25,17826
600,2024-02-26 17:55:00,59.25,59.29,59.23,59.27,1432
601,2024-02-26 17:50:00,59.28,59.29,59.25,59.25,10058
602,2024-02-26 17:45:00,59.28,59.3,59.26,59.29,2692
603,2024-02-26 17:40:00,59.26,59.28,59.26,59.28,3863
604,2024-02-26 17:35:00,59.26,59.27,59.25,59.27,4202
605,2024-02-26 17:30:00,59.27,59.28,59.26,59.26,2489
606,2024-02-26 17:25:00,59.26,59.28,59.25,59.26,5168
607,2024-02-26 17:20:00,59.315,59.33,59.25,59.25,14176
608,2024-02-26 17:15:00,59.32,59.34,59.3,59.32,5649
609,2024-02-26 17:10:00,59.31,59.32,59.3,59.31,8437
610,2024-02-26 17:05:00,59.29,59.31,59.28,59.31,7192
611,2024-02-26 17:00:00,59.28,59.3,59.27,59.3,11638
612,2024-02-26 16:55:00,59.31,59.31,59.23,59.28,24724
613,2024-02-26 16:50:00,59.32,59.33,59.29,59.3,17795
614,2024-02-26 16:45:00,59.34,59.34,59.3,59.31,24613
615,2024-02-26 16:40:00,59.4,59.4,59.34,59.34,22395
616,2024-02-26 16:35:00,59.43,59.43,59.39,59.39,11415
617,2024-02-26 16:30:00,59.39,59.43,59.38,59.42,17566
618,2024-02-26 16:25:00,59.41,59.43,59.38,59.39,34763
619,2024-02-26 16:20:00,59.39,59.42,59.38,59.42,17386
620,2024-02-26 16:15:00,59.54,59.54,59.38,59.39,38169
621,2024-02-26 16:10:00,59.42,59.45,59.35,59.39,32852
622,2024-02-26 16:05:00,59.46,59.48,59.4,59.43,64781
623,2024-02-26 16:00:00,59.54,59.54,59.38,59.47,617722
624,2024-02-26 15:55:00,59.73,59.78,59.51,59.54,1369496
625,2024-02-26 15:50:00,59.76,59.83,59.634,59.72,1076465
626,2024-02-26 15:45:00,59.721,59.84,59.695,59.76,724287
627,2024-02-26 15:40:00,59.8,59.82,59.7,59.724,511037
628,2024-02-26 15:35:00,59.76,59.88,59.7,59.81,507478
629,2024-02-26 15:30:00,59.911,59.976,59.71,59.756,649818
630,2024-02-26 15:25:00,59.87,59.97,59.854,59.91,377761
631,2024-02-26 15:20:00,59.9,60.08,59.845,59.875,572489
632,2024-02-26 15:15:00,60.03,60.095,59.88,59.905,461903
633,2024-02-26 15:10:00,59.961,60.126,59.96,60.03,637227
634,2024-02-26 15:05:00,59.91,59.99,59.835,59.965,474393
635,2024-02-26 15:00:00,59.93,59.94,59.831,59.903,457845
636,2024-02-26 14:55:00,59.96,60.02,59.91,59.93,323048
637,2024-02-26 14:50:00,60.0,60.12,59.93,59.95,425257
638,2024-02-26 14:45:00,59.99,60.056,59.93,60.003,262196
639,2024-02-26 14:40:00,60.05,60.085,59.91,59.99,346439
640,2024-02-26 14:35:00,60.073,60.11,59.95,60.06,490315
641,2024-02-26 14:30:00,60.08,60.19,60.045,60.08,475757
642,2024-02-26 14:25:00,60.13,60.15,60.05,60.084,378936
643,2024-02-26 14:20:00,59.924,60.129,59.88,60.125,510238
644,2024-02-26 14:15:00,59.86,59.946,59.854,59.92,401611
645,2024-02-26 14:10:00,60.04,60.065,59.829,59.856,748119
646,2024-02-26 14:05:00,60.04,60.12,60.01,60.03,868607
647,2024-02-26 14:00:00,59.91,60.05,59.91,60.04,507527
648,2024-02-26 13:55:00,59.82,59.929,59.8,59.92,382584
649,2024-02-26 13:50:00,59.81,59.826,59.682,59.82,489941
650,2024-02-26 13:45:00,59.815,59.895,59.78,59.8,420171
651,2024-02-26 13:40:00,59.765,59.84,59.745,59.814,525070
652,2024-02-26 13:35:00,59.71,59.77,59.58,59.763,765541
653,2024-02-26 13:30:00,59.77,59.85,59.66,59.7,748956
654,2024-02-26 13:25:00,59.976,59.976,59.715,59.76,903254
655,2024-02-26 13:20:00,59.922,59.99,59.865,59.97,533359
656,2024-02-26 13:15:00,60.12,60.161,59.915,59.93,436831
657,2024-02-26 13:10:00,60.12,60.21,60.12,60.125,359142
658,2024-02-26 13:05:00,60.02,60.146,59.99,60.11,609237
659,2024-02-26 13:00:00,60.05,60.095,59.84,60.03,667867
660,2024-02-26 12:55:00,59.98,60.07,59.95,60.05,309859
661,2024-02-26 12:50:00,60.055,60.105,59.94,59.98,521366
662,2024-02-26 12:45:00,60.075,60.118,60.0,60.05,376839
663,2024-02-26 12:40:00,60.14,60.21,60.053,60.07,345460
664,2024-02-26 12:35:00,60.227,60.24,60.1,60.135,344493
665,2024-02-26 12:30:00,60.27,60.37,60.2,60.23,613539
666,2024-02-26 12:25:00,60.294,60.335,60.21,60.27,487329
667,2024-02-26 12:20:00,60.1,60.3,60.093,60.299,494344
668,2024-02-26 12:15:00,60.186,60.19,60.1,60.105,311095
669,2024-02-26 12:10:00,60.05,60.19,60.01,60.18,396602
670,2024-02-26 12:05:00,60.07,60.145,60.035,60.04,450311
671,2024-02-26 12:00:00,60.23,60.236,59.97,60.076,802688
672,2024-02-26 11:55:00,60.329,60.329,60.21,60.225,400163
673,2024-02-26 11:50:00,60.205,60.355,60.205,60.32,896414
674,2024-02-26 11:45:00,60.19,60.25,60.15,60.205,477366
675,2024-02-26 11:40:00,60.12,60.19,60.1,60.185,524348
676,2024-02-26 11:35:00,59.98,60.145,59.955,60.12,521850
677,2024-02-26 11:30:00,59.94,60.08,59.91,59.98,542628
678,2024-02-26 11:25:00,59.777,59.95,59.705,59.95,588996
679,2024-02-26 11:20:00,59.947,59.99,59.77,59.77,489953
680,2024-02-26 11:15:00,59.885,60.045,59.86,59.95,475352
681,2024-02-26 11:10:00,59.866,60.0,59.82,59.88,569640
682,2024-02-26 11:05:00,59.96,59.96,59.69,59.86,831157
683,2024-02-26 11:00:00,59.95,60.07,59.88,59.96,598429
684,2024-02-26 10:55:00,60.08,60.117,59.931,59.941,511370
685,2024-02-26 10:50:00,60.036,60.145,59.99,60.08,539671
686,2024-02-26 10:45:00,60.11,60.17,60.02,60.04,558697
687,2024-02-26 10:40:00,60.02,60.14,59.904,60.109,571116
688,2024-02-26 10:35:00,60.12,60.17,60.0,60.01,846393
689,2024-02-26 10:30:00,59.98,60.117,59.84,60.105,936431
690,2024-02-26 10:25:00,60.0,60.18,59.94,59.985,931085
691,2024-02-26 10:20:00,60.01,60.11,59.92,59.995,868952
692,2024-02-26 10:15:00,59.74,60.03,59.69,60.02,862996
693,2024-02-26 10:10:00,59.84,59.927,59.69,59.75,901880
694,2024-02-26 10:05:00,59.74,59.93,59.72,59.836,1016863
695,2024-02-26 10:00:00,59.62,59.74,59.47,59.72,1119600
696,2024-02-26 09:55:00,59.75,59.772,59.53,59.621,834473
697,2024-02-26 09:50:00,59.72,59.8,59.57,59.75,1130628
698,2024-02-26 09:45:00,59.7,59.82,59.43,59.725,1504651
699,2024-02-26 09:40:00,60.03,60.09,59.685,59.695,1423444
700,2024-02-26 09:35:00,59.94,60.11,59.85,60.021,1394846
701,2024-02-26 09:30:00,59.94,60.28,59.875,59.93,2896443
702,2024-02-26 09:25:00,59.77,59.93,59.73,59.93,76250
703,2024-02-26 09:20:00,59.81,59.84,59.75,59.77,37614
704,2024-02-26 09:15:00,59.83,59.84,59.79,59.807,30377
705,2024-02-26 09:10:00,59.859,59.9,59.829,59.83,64656
706,2024-02-26 09:05:00,59.88,59.899,59.82,59.85,41347
707,2024-02-26 09:00:00,59.94,59.94,59.87,59.88,47204
708,2024-02-26 08:55:00,59.91,59.95,59.9,59.93,23126
709,2024-02-26 08:50:00,59.92,59.93,59.89,59.92,38814
710,2024-02-26 08:45:00,60.01,60.01,59.91,59.92,69646
711,2024-02-26 08:40:00,59.98,60.04,59.97,60.0,133019
712,2024-02-26 08:35:00,59.94,59.981,59.91,59.98,102598
713,2024-02-26 08:30:00,59.82,59.98,59.82,59.949,138636
714,2024-02-26 08:25:00,59.87,59.89,59.8,59.83,63060
715,2024-02-26 08:20:00,59.77,59.88,59.77,59.88,123790
716,2024-02-26 08:15:00,59.72,59.789,59.69,59.77,143524
717,2024-02-26 08:10:00,59.66,59.73,59.64,59.72,34472
718,2024-02-26 08:05:00,59.54,59.66,59.08,59.66,126745
719,2024-02-26 08:00:00,59.67,59.791,59.08,59.32,204385
720,2024-02-26 07:55:00,59.61,59.61,59.56,59.56,16762
721,2024-02-26 07:50:00,59.56,59.63,59.54,59.61,40418
722,2024-02-26 07:45:00,59.589,59.61,59.56,59.56,9318
723,2024-02-26 07:40:00,59.61,59.64,59.55,59.57,27723
724,2024-02-26 07:35:00,59.61,59.68,59.6,59.61,7198
725,2024-02-26 07:30:00,59.65,59.67,59.59,59.62,11330
726,2024-02-26 07:25:00,59.7,59.7,59.63,59.66,16104
727,2024-02-26 07:20:00,59.65,59.7,59.64,59.7,6916
728,2024-02-26 07:15:00,59.58,59.641,59.53,59.641,16084
729,2024-02-26 07:10:00,59.57,59.6,59.54,59.58,18545
730,2024-02-26 07:05:00,59.55,59.61,59.53,59.57,29519
731,2024-02-26 07:00:00,59.67,59.7,59.53,59.54,61498
732,2024-02-26 06:55:00,59.62,59.68,59.62,59.67,7545
733,2024-02-26 06:50:00,59.66,59.66,59.6,59.62,14693
734,2024-02-26 06:45:00,59.77,59.77,59.67,59.67,13325
735,2024-02-26 06:40:00,59.76,59.8,59.76,59.78,10956
736,2024-02-26 06:35:00,59.76,59.76,59.73,59.76,2476
737,2024-02-26 06:30:00,59.81,59.81,59.72,59.76,7386
738,2024-02-26 06:25:00,59.78,59.82,59.76,59.81,10218
739,2024-02-26 06:20:00,59.77,59.8,59.75,59.77,3492
740,2024-02-26 06:15:00,59.7,59.8,59.7,59.78,7445
741,2024-02-26 06:10:00,59.68,59.71,59.68,59.71,1568
742,2024-02-26 06:05:00,59.68,59.69,59.64,59.69,12371
743,2024-02-26 06:00:00,59.72,59.72,59.65,59.68,11503
744,2024-02-26 05:55:00,59.71,59.72,59.65,59.72,6724
745,2024-02-26 05:50:00,59.72,59.75,59.7,59.71,4004
746,2024-02-26 05:45:00,59.75,59.77,59.72,59.72,3957
747,2024-02-26 05:40:00,59.69,59.76,59.69,59.76,5112
748,2024-02-26 05:35:00,59.68,59.72,59.67,59.69,1538
749,2024-02-26 05:30:00,59.74,59.74,59.65,59.67,3780
750,2024-02-26 05:25:00,59.62,59.75,59.62,59.75,16834
751,2024-02-26 05:20:00,59.67,59.68,59.63,59.63,8671
752,2024-02-26 05:15:00,59.64,59.68,59.64,59.68,15876
753,2024-02-26 05:10:00,59.63,59.64,59.63,59.64,2008
754,2024-02-26 05:05:00,59.66,59.7,59.63,59.63,17325
755,2024-02-26 05:00:00,59.7,59.7,59.62,59.65,50650
756,2024-02-26 04:55:00,59.64,59.71,59.64,59.69,33306
757,2024-02-26 04:50:00,59.62,59.66,59.62,59.65,73630
758,2024-02-26 04:45:00,59.57,59.63,59.56,59.62,33881
759,2024-02-26 04:40:00,59.54,59.57,59.5,59.57,13476
760,2024-02-26 04:35:00,59.5,59.57,59.48,59.54,13734
761,2024-02-26 04:30:00,59.46,59.5,59.44,59.49,23707
762,2024-02-26 04:25:00,59.4,59.47,59.4,59.46,19121
763,2024-02-26 04:20:00,59.36,59.42,59.36,59.41,49606
764,2024-02-26 04:15:00,59.29,59.38,59.27,59.36,16425
765,2024-02-26 04:10:00,59.24,59.31,59.23,59.29,26631
766,2024-02-26 04:05:00,59.41,59.41,59.25,59.25,33809
767,2024-02-26 04:00:00,59.42,59.48,59.24,59.42,45523
768,2024-02-23 19:55:00,59.22,59.24,59.12,59.16,23337
769,2024-02-23 19:50:00,59.245,59.25,59.22,59.23,4571
770,2024-02-23 19:45:00,59.24,59.25,59.23,59.24,6309
771,2024-02-23 19:40:00,59.24,59.24,59.23,59.235,2909
772,2024-02-23 19:35:00,59.23,59.24,59.23,59.23,2144
773,2024-02-23 19:30:00,59.25,59.26,59.23,59.23,3069
774,2024-02-23 19:25:00,59.25,59.26,59.24,59.25,2279
775,2024-02-23 19:20:00,59.25,59.28,59.25,59.25,18152
776,2024-02-23 19:15:00,59.27,59.28,59.25,59.25,1992
777,2024-02-23 19:10:00,59.27,59.29,59.25,59.26,6526
778,2024-02-23 19:05:00,59.29,59.3,59.26,59.28,4574
779,2024-02-23 19:00:00,59.31,59.32,59.28,59.28,3461
780,2024-02-23 18:55:00,59.313,59.32,59.3,59.31,1484
781,2024-02-23 18:50:00,59.31,59.32,59.3,59.32,2594
782,2024-02-23 18:45:00,59.32,59.32,59.3,59.31,6440
783,2024-02-23 18:40:00,59.33,59.33,59.31,59.31,1522
784,2024-02-23 18:35:00,59.31,59.33,59.3,59.33,12125
785,2024-02-23 18:30:00,59.33,59.33,59.3,59.31,2632
786,2024-02-23 18:25:00,59.32,59.34,59.31,59.33,3501
787,2024-02-23 18:20:00,59.35,59.35,59.31,59.32,7607
788,2024-02-23 18:15:00,59.31,59.346,59.3,59.34,8345
789,2024-02-23 18:10:00,59.3,59.32,59.3,59.31,3678
790,2024-02-23 18:05:00,59.305,59.32,59.3,59.32,1737
791,2024-02-23 18:00:00,59.31,59.32,59.3,59.31,6024
792,2024-02-23 17:55:00,59.32,59.32,59.3,59.31,7362
793,2024-02-23 17:50:00,59.33,59.33,59.3,59.32,6752
794,2024-02-23 17:45:00,59.31,59.33,59.31,59.32,11425
795,2024-02-23 17:40:00,59.32,59.34,59.31,59.31,7007
796,2024-02-23 17:35:00,59.32,59.34,59.31,59.32,4562
797,2024-02-23 17:30:00,59.33,59.34,59.32,59.32,6559
798,2024-02-23 17:25:00,59.35,59.35,59.33,59.34,6853
799,2024-02-23 17:20:00,59.36,59.37,59.33,59.35,17020
800,2024-02-23 17:15:00,59.35,59.37,59.35,59.36,4542
801,2024-02-23 17:10:00,59.35,59.36,59.35,59.35,23291
802,2024-02-23 17:05:00,59.38,59.38,59.36,59.36,11296
803,2024-02-23 17:00:00,59.37,59.39,59.37,59.38,4528
804,2024-02-23 16:55:00,59.42,59.44,59.371,59.39,14912
805,2024-02-23 16:50:00,59.45,59.46,59.42,59.43,14749
806,2024-02-23 16:45:00,59.46,59.48,59.44,59.45,49858
807,2024-02-23 16:40:00,59.48,59.48,59.45,59.47,8175
808,2024-02-23 16:35:00,59.45,59.48,59.43,59.47,13821
809,2024-02-23 16:30:00,59.45,59.47,59.43,59.45,19028
810,2024-02-23 16:25:00,59.381,59.45,59.37,59.45,29994
811,2024-02-23 16:20:00,59.355,59.42,59.355,59.39,58239
812,2024-02-23 16:15:00,59.62,59.62,59.33,59.36,91733
813,2024-02-23 16:10:00,59.44,59.46,59.38,59.39,61981
814,2024-02-23 16:05:00,59.48,59.49,59.4,59.45,56350
815,2024-02-23 16:00:00,59.62,59.63,59.41,59.47,928659
816,2024-02-23 15:55:00,59.85,59.85,59.61,59.62,1498748
817,2024-02-23 15:50:00,59.84,59.93,59.783,59.85,1498549
818,2024-02-23 15:45:00,59.725,59.865,59.685,59.84,801693
819,2024-02-23 15:40:00,59.71,59.79,59.68,59.728,501461
820,2024-02-23 15:35:00,59.565,59.79,59.5,59.715,768875
821,2024-02-23 15:30:00,59.48,59.6,59.41,59.565,666370
822,2024-02-23 15:25:00,59.65,59.69,59.44,59.49,674136
823,2024-02-23 15:20:00,59.7,59.715,59.62,59.65,293170
824,2024-02-23 15:15:00,59.56,59.76,59.53,59.69,579436
825,2024-02-23 15:10:00,59.64,59.67,59.52,59.55,655273
826,2024-02-23 15:05:00,59.92,59.93,59.61,59.65,685290
827,2024-02-23 15:00:00,59.91,59.97,59.83,59.92,372891
828,2024-02-23 14:55:00,59.91,59.95,59.863,59.91,347434
829,2024-02-23 14:50:00,59.88,59.99,59.8,59.915,472977
830,2024-02-23 14:45:00,59.89,59.93,59.82,59.88,346606
831,2024-02-23 14:40:00,59.975,59.99,59.8,59.88,430459
832,2024-02-23 14:35:00,59.92,60.006,59.814,59.98,552335
833,2024-02-23 14:30:00,59.73,59.93,59.69,59.92,704009
834,2024-02-23 14:25:00,59.71,59.8,59.65,59.725,445378
835,2024-02-23 14:20:00,59.81,59.9,59.68,59.71,532198
836,2024-02-23 14:15:00,59.843,59.95,59.77,59.82,517965
837,2024-02-23 14:10:00,59.96,59.97,59.8,59.85,525195
838,2024-02-23 14:05:00,59.938,60.11,59.93,59.96,662993
839,2024-02-23 14:00:00,60.13,60.15,59.875,59.93,577868
840,2024-02-23 13:55:00,60.11,60.153,60.06,60.125,248193
841,2024-02-23 13:50:00,60.21,60.23,60.03,60.112,407236
842,2024-02-23 13:45:00,60.15,60.25,60.09,60.205,406049
843,2024-02-23 13:40:00,60.22,60.29,60.08,60.15,361623
844,2024-02-23 13:35:00,60.34,60.347,60.17,60.22,298481
845,2024-02-23 13:30:00,60.29,60.35,60.13,60.335,632582
846,2024-02-23 13:25:00,60.34,60.34,60.26,60.295,337779
847,2024-02-23 13:20:00,60.34,60.375,60.29,60.34,367148
848,2024-02-23 13:15:00,60.25,60.35,60.21,60.34,380819
849,2024-02-23 13:10:00,60.15,60.3,60.15,60.25,461815
850,2024-02-23 13:05:00,60.15,60.27,60.14,60.15,529389
851,2024-02-23 13:00:00,60.19,60.21,60.075,60.15,458810
852,2024-02-23 12:55:00,60.145,60.2,60.045,60.195,509257
853,2024-02-23 12:50:00,60.13,60.2,60.025,60.15,466729
854,2024-02-23 12:45:00,60.045,60.155,60.003,60.13,381538
855,2024-02-23 12:40:00,60.131,60.15,59.84,60.04,744951
856,2024-02-23 12:35:00,59.97,60.16,59.92,60.135,705932
857,2024-02-23 12:30:00,59.965,59.98,59.71,59.96,816602
858,2024-02-23 12:25:00,60.14,60.145,59.84,59.96,741204
859,2024-02-23 12:20:00,60.11,60.207,60.105,60.13,417821
860,2024-02-23 12:15:00,60.24,60.265,60.01,60.12,794060
861,2024-02-23 12:10:00,60.27,60.4,60.2,60.24,718239
862,2024-02-23 12:05:00,60.205,60.32,60.13,60.272,861262
863,2024-02-23 12:00:00,60.13,60.266,60.084,60.205,754041
864,2024-02-23 11:55:00,59.944,60.14,59.94,60.14,1047049
865,2024-02-23 11:50:00,59.78,59.98,59.73,59.95,530545
866,2024-02-23 11:45:00,59.885,59.885,59.76,59.78,483949
867,2024-02-23 11:40:00,59.93,59.95,59.77,59.885,897705
868,2024-02-23 11:35:00,59.91,59.95,59.81,59.925,821149
869,2024-02-23 11:30:00,59.839,59.925,59.632,59.91,1240036
870,2024-02-23 11:25:00,59.655,59.87,59.64,59.836,1126581
871,2024-02-23 11:20:00,59.5,59.71,59.495,59.653,1114006
872,2024-02-23 11:15:00,59.42,59.62,59.35,59.505,1320094
873,2024-02-23 11:10:00,59.43,59.54,59.22,59.42,1234402
874,2024-02-23 11:05:00,59.4,59.575,59.35,59.43,1851181
875,2024-02-23 11:00:00,59.94,60.02,59.35,59.4,2352083
876,2024-02-23 10:55:00,60.17,60.23,59.9,59.935,1030831
877,2024-02-23 10:50:00,60.11,60.309,60.095,60.17,778701
878,2024-02-23 10:45:00,60.05,60.21,60.03,60.105,833687
879,2024-02-23 10:40:00,60.43,60.49,59.98,60.035,1551922
880,2024-02-23 10:35:00,60.345,60.5,60.2,60.435,939980
881,2024-02-23 10:30:00,60.26,60.455,60.13,60.35,1134320
882,2024-02-23 10:25:00,60.4,60.54,60.24,60.25,994268
883,2024-02-23 10:20:00,60.5,60.6,60.2,60.4,1508597
884,2024-02-23 10:15:00,60.6,60.67,60.41,60.5,992451
885,2024-02-23 10:10:00,60.46,60.64,60.36,60.59,1427537
886,2024-02-23 10:05:00,60.66,60.66,60.44,60.46,857872
887,2024-02-23 10:00:00,60.57,60.69,60.31,60.67,1458754
888,2024-02-23 09:55:00,60.965,60.99,60.37,60.56,1991948
889,2024-02-23 09:50:00,60.86,60.987,60.795,60.96,1133270
890,2024-02-23 09:45:00,61.17,61.2,60.83,60.858,1247904
891,2024-02-23 09:40:00,61.045,61.17,60.92,61.17,1424202
892,2024-02-23 09:35:00,61.125,61.22,61.025,61.05,1646107
893,2024-02-23 09:30:00,60.83,61.18,60.745,61.125,2980817
894,2024-02-23 09:25:00,60.8,60.9,60.76,60.82,121810
895,2024-02-23 09:20:00,60.75,60.9,60.74,60.8,212683
896,2024-02-23 09:15:00,60.64,60.76,60.63,60.74,139849
897,2024-02-23 09:10:00,60.67,60.69,60.59,60.64,71528
898,2024-02-23 09:05:00,60.61,60.69,60.53,60.66,202549
899,2024-02-23 09:00:00,60.5,60.62,58.635,60.6,95783
900,2024-02-23 08:55:00,60.48,60.53,60.41,60.51,53170
901,2024-02-23 08:50:00,60.45,60.55,60.45,60.49,90543
902,2024-02-23 08:45:00,60.44,60.46,60.39,60.45,35054
903,2024-02-23 08:40:00,60.565,60.58,60.33,60.44,61656
904,2024-02-23 08:35:00,60.51,60.6,60.5,60.57,120906
905,2024-02-23 08:30:00,60.39,60.52,60.34,60.51,139827
906,2024-02-23 08:25:00,60.38,60.43,60.37,60.39,84547
907,2024-02-23 08:20:00,60.339,60.39,60.33,60.38,58541
908,2024-02-23 08:15:00,60.28,60.34,60.27,60.34,42120
909,2024-02-23 08:10:00,60.28,60.29,60.24,60.28,64865
910,2024-02-23 08:05:00,60.23,60.3,59.92,60.28,60369
911,2024-02-23 08:00:00,60.15,60.3,59.811,60.26,234494
912,2024-02-23 07:55:00,60.19,60.21,60.16,60.2,25002
913,2024-02-23 07:50:00,60.19,60.21,60.16,60.2,20083
914,2024-02-23 07:45:00,60.14,60.19,60.11,60.19,10484
915,2024-02-23 07:40:00,60.209,60.209,60.13,60.14,17733
916,2024-02-23 07:35:00,60.2,60.23,60.18,60.21,13125
917,2024-02-23 07:30:00,60.16,60.23,60.15,60.21,47909
918,2024-02-23 07:25:00,60.11,60.17,60.08,60.15,13294
919,2024-02-23 07:20:00,60.05,60.12,60.0,60.12,15953
920,2024-02-23 07:15:00,60.1,60.1,60.01,60.03,16672
921,2024-02-23 07:10:00,60.11,60.13,60.09,60.1,6676
922,2024-02-23 07:05:00,60.11,60.16,60.1,60.1,13344
923,2024-02-23 07:00:00,60.13,60.19,60.1,60.12,34040
924,2024-02-23 06:55:00,60.11,60.14,60.07,60.13,6196
925,2024-02-23 06:50:00,60.09,60.12,60.09,60.12,4382
926,2024-02-23 06:45:00,60.08,60.12,60.06,60.09,8844
927,2024-02-23 06:40:00,60.03,60.09,60.03,60.07,12400
928,2024-02-23 06:35:00,60.07,60.07,60.02,60.04,9389
929,2024-02-23 06:30:00,60.03,60.08,59.99,60.07,11302
930,2024-02-23 06:25:00,60.09,60.1,60.03,60.03,3636
931,2024-02-23 06:20:00,60.05,60.09,60.04,60.09,18163
932,2024-02-23 06:15:00,60.05,60.05,60.0,60.05,40684
933,2024-02-23 06:10:00,60.02,60.07,60.01,60.05,8532
934,2024-02-23 06:05:00,60.03,60.06,60.02,60.02,3919
935,2024-02-23 06:00:00,59.98,60.02,59.95,60.01,16544
936,2024-02-23 05:55:00,60.05,60.06,59.96,59.98,6643
937,2024-02-23 05:50:00,60.02,60.07,60.01,60.06,6613
938,2024-02-23 05:45:00,60.05,60.07,60.01,60.02,3933
939,2024-02-23 05:40:00,59.96,60.05,59.96,60.05,9880
940,2024-02-23 05:35:00,59.94,59.99,59.94,59.96,1738
941,2024-02-23 05:30:00,59.93,59.97,59.93,59.94,9413
942,2024-02-23 05:25:00,59.95,59.98,59.92,59.93,3942
943,2024-02-23 05:20:00,59.94,59.97,59.92,59.94,11785
944,2024-02-23 05:15:00,59.89,59.95,59.86,59.94,19884
945,2024-02-23 05:10:00,59.86,59.91,59.86,59.9,77243
946,2024-02-23 05:05:00,59.93,59.93,59.84,59.86,45044
947,2024-02-23 05:00:00,59.96,59.97,59.94,59.94,31119
948,2024-02-23 04:55:00,60.0,60.0,59.95,59.96,7070
949,2024-02-23 04:50:00,59.89,60.0,59.88,59.99,21731
950,2024-02-23 04:45:00,59.87,59.89,59.86,59.89,37284
951,2024-02-23 04:40:00,59.86,59.87,59.83,59.87,43166
952,2024-02-23 04:35:00,59.84,59.89,59.83,59.86,52488
953,2024-02-23 04:30:00,59.84,59.87,59.82,59.83,18626
954,2024-02-23 04:25:00,59.97,59.99,59.8,59.84,32010
955,2024-02-23 04:20:00,60.01,60.02,59.95,59.96,30772
956,2024-02-23 04:15:00,60.03,60.04,60.0,60.01,59711
957,2024-02-23 04:10:00,60.06,60.07,60.0,60.04,71856
958,2024-02-23 04:05:00,59.99,60.08,59.96,60.06,93246
959,2024-02-23 04:00:00,60.01,60.16,59.95,59.98,143021
960,2024-02-22 19:55:00,60.04,60.05,60.01,60.02,17344
961,2024-02-22 19:50:00,59.98,60.03,59.96,60.03,13393
962,2024-02-22 19:45:00,60.03,60.03,59.98,60.0,7286
963,2024-02-22 19:40:00,59.98,60.04,59.96,60.04,7115
964,2024-02-22 19:35:00,60.0,60.02,59.9,59.98,45521
965,2024-02-22 19:30:00,60.04,60.07,60.04,60.04,4040
966,2024-02-22 19:25:00,60.01,60.06,60.0,60.04,9047
967,2024-02-22 19:20:00,60.05,60.07,60.01,60.01,6221
968,2024-02-22 19:15:00,60.05,60.089,60.03,60.06,7689
969,2024-02-22 19:10:00,60.03,60.08,60.03,60.05,10572
970,2024-02-22 19:05:00,60.07,60.07,60.0,60.04,9175
971,2024-02-22 19:00:00,60.14,60.17,60.05,60.05,14106
972,2024-02-22 18:55:00,60.15,60.16,60.14,60.16,9124
973,2024-02-22 18:50:00,60.17,60.18,60.14,60.15,10462
974,2024-02-22 18:45:00,60.17,60.19,60.16,60.17,6917
975,2024-02-22 18:40:00,60.2,60.23,60.16,60.17,17302
976,2024-02-22 18:35:00,60.16,60.22,60.13,60.2,20172
977,2024-02-22 18:30:00,60.127,60.17,60.101,60.16,11534
978,2024-02-22 18:25:00,60.1,60.14,60.09,60.13,24189
979,2024-02-22 18:20:00,60.03,60.12,60.03,60.1,18338
980,2024-02-22 18:15:00,60.01,60.05,60.0,60.02,17532
981,2024-02-22 18:10:00,60.0,60.01,59.97,60.01,13079
982,2024-02-22 18:05:00,60.04,60.05,59.93,59.99,12929
983,2024-02-22 18:00:00,59.93,60.09,59.92,60.04,76453
984,2024-02-22 17:55:00,59.909,59.94,59.9,59.92,15662
985,2024-02-22 17:50:00,59.89,59.91,59.87,59.91,19758
986,2024-02-22 17:45:00,59.86,59.89,59.85,59.89,11283
987,2024-02-22 17:40:00,59.89,59.89,59.85,59.86,15000
988,2024-02-22 17:35:00,59.9,59.92,59.88,59.88,14765
989,2024-02-22 17:30:00,59.93,59.93,59.91,59.91,12777
990,2024-02-22 17:25:00,59.93,59.94,59.92,59.922,4377
991,2024-02-22 17:20:00,59.95,59.95,59.921,59.93,9715
992,2024-02-22 17:15:00,59.94,59.96,59.94,59.945,10559
993,2024-02-22 17:10:00,59.97,59.97,59.94,59.94,25449
994,2024-02-22 17:05:00,59.96,59.97,59.95,59.96,9437
995,2024-02-22 17:00:00,59.99,59.99,59.96,59.96,9035
996,2024-02-22 16:55:00,59.98,60.01,59.97,59.98,50675
997,2024-02-22 16:50:00,59.98,59.99,58.575,59.98,13081
998,2024-02-22 16:45:00,59.92,59.98,59.91,59.971,38555
999,2024-02-22 16:40:00,59.95,59.96,59.91,59.94,37041
1000,2024-02-22 16:35:00,59.93,59.95,59.92,59.95,58715
1001,2024-02-22 16:30:00,59.89,59.93,59.86,59.93,31726
1002,2024-02-22 16:25:00,59.87,59.91,59.83,59.88,67599
1003,2024-02-22 16:20:00,59.925,59.96,59.86,59.86,112863
1004,2024-02-22 16:15:00,60.17,60.17,59.87,59.92,128336
1005,2024-02-22 16:10:00,60.02,60.03,59.93,59.965,91927
1006,2024-02-22 16:05:00,60.0,60.06,59.96,60.03,196537
1007,2024-02-22 16:00:00,60.21,60.21,59.98,60.0,960160
1008,2024-02-22 15:55:00,60.33,60.49,60.18,60.21,2703543
1009,2024-02-22 15:50:00,60.375,60.43,60.285,60.334,1600341
1010,2024-02-22 15:45:00,60.37,60.42,60.325,60.38,960139
1011,2024-02-22 15:40:00,60.485,60.576,60.37,60.37,1146303
1012,2024-02-22 15:35:00,60.29,60.5,60.257,60.485,921184
1013,2024-02-22 15:30:00,60.336,60.354,60.185,60.28,884505
1014,2024-02-22 15:25:00,60.46,60.5,60.314,60.33,669843
1015,2024-02-22 15:20:00,60.505,60.545,60.41,60.464,661736
1016,2024-02-22 15:15:00,60.405,60.51,60.38,60.506,812952
1017,2024-02-22 15:10:00,60.37,60.455,60.32,60.41,818633
1018,2024-02-22 15:05:00,60.42,60.51,60.35,60.37,894837
1019,2024-02-22 15:00:00,60.25,60.44,60.165,60.42,949386
1020,2024-02-22 14:55:00,60.35,60.38,60.1,60.258,1382718
1021,2024-02-22 14:50:00,60.34,60.37,60.27,60.35,493131
1022,2024-02-22 14:45:00,60.404,60.43,60.305,60.33,656818
1023,2024-02-22 14:40:00,60.374,60.43,60.26,60.405,756785
1024,2024-02-22 14:35:00,60.37,60.46,60.34,60.37,716509
1025,2024-02-22 14:30:00,60.58,60.59,60.315,60.38,1168783
1026,2024-02-22 14:25:00,60.56,60.595,60.51,60.58,522408
1027,2024-02-22 14:20:00,60.42,60.575,60.414,60.57,814954
1028,2024-02-22 14:15:00,60.425,60.48,60.4,60.424,419185
1029,2024-02-22 14:10:00,60.29,60.454,60.27,60.425,640442
1030,2024-02-22 14:05:00,60.33,60.38,60.265,60.28,516292
1031,2024-02-22 14:00:00,60.27,60.39,60.24,60.324,597124
1032,2024-02-22 13:55:00,60.247,60.3,60.23,60.28,493899
1033,2024-02-22 13:50:00,60.22,60.25,60.14,60.245,559624
1034,2024-02-22 13:45:00,60.205,60.28,60.195,60.235,630315
1035,2024-02-22 13:40:00,60.12,60.2,60.1,60.2,659762
1036,2024-02-22 13:35:00,60.08,60.13,60.04,60.12,650138
1037,2024-02-22 13:30:00,60.0,60.095,59.94,60.075,603043
1038,2024-02-22 13:25:00,59.903,60.05,59.875,59.99,848426
1039,2024-02-22 13:20:00,59.945,59.975,59.885,59.905,318056
1040,2024-02-22 13:15:00,59.846,59.997,59.845,59.94,461769
1041,2024-02-22 13:10:00,59.982,59.99,59.8,59.849,780118
1042,2024-02-22 13:05:00,59.945,60.0,59.89,59.99,831710
1043,2024-02-22 13:00:00,59.95,59.96,59.85,59.94,591715
1044,2024-02-22 12:55:00,59.86,59.96,59.813,59.95,675159
1045,2024-02-22 12:50:00,59.705,59.87,59.705,59.858,681979
1046,2024-02-22 12:45:00,59.65,59.73,59.63,59.7,436334
1047,2024-02-22 12:40:00,59.67,59.676,59.515,59.643,542801
1048,2024-02-22 12:35:00,59.74,59.75,59.655,59.67,426665
1049,2024-02-22 12:30:00,59.68,59.746,59.665,59.735,531128
1050,2024-02-22 12:25:00,59.665,59.7,59.56,59.67,546473
1051,2024-02-22 12:20:00,59.57,59.69,59.56,59.67,896444
1052,2024-02-22 12:15:00,59.469,59.59,59.383,59.58,530923
1053,2024-02-22 12:10:00,59.53,59.57,59.446,59.47,406857
1054,2024-02-22 12:05:00,59.41,59.54,59.392,59.53,662833
1055,2024-02-22 12:00:00,59.325,59.44,59.17,59.42,854185
1056,2024-02-22 11:55:00,59.32,59.37,59.26,59.325,552337
1057,2024-02-22 11:50:00,59.36,59.39,59.26,59.315,646777
1058,2024-02-22 11:45:00,59.515,59.549,59.22,59.354,1102445
1059,2024-02-22 11:40:00,59.509,59.58,59.43,59.52,699666
1060,2024-02-22 11:35:00,59.52,59.59,59.39,59.5,852035
1061,2024-02-22 11:30:00,59.36,59.54,59.355,59.515,589666
1062,2024-02-22 11:25:00,59.53,59.53,59.33,59.35,672175
1063,2024-02-22 11:20:00,59.51,59.535,59.37,59.52,780681
1064,2024-02-22 11:15:00,59.34,59.54,59.285,59.5,1233303
1065,2024-02-22 11:10:00,59.115,59.39,59.11,59.335,908964
1066,2024-02-22 11:05:00,59.0,59.24,58.98,59.115,960765
1067,2024-02-22 11:00:00,58.96,59.03,58.89,59.0,983110
1068,2024-02-22 10:55:00,58.91,59.01,58.865,58.952,783654
1069,2024-02-22 10:50:00,58.84,59.015,58.8,58.91,946603
1070,2024-02-22 10:45:00,59.15,59.16,58.8,58.84,1489040
1071,2024-02-22 10:40:00,59.24,59.314,59.121,59.16,793053
1072,2024-02-22 10:35:00,59.48,59.54,59.19,59.235,1579553
1073,2024-02-22 10:30:00,59.38,59.48,59.31,59.48,1131923
1074,2024-02-22 10:25:00,59.13,59.38,59.02,59.37,1085240
1075,2024-02-22 10:20:00,59.12,59.195,59.0,59.12,1102060
1076,2024-02-22 10:15:00,59.17,59.303,59.06,59.12,1197790
1077,2024-02-22 10:10:00,59.18,59.32,59.04,59.179,1365135
1078,2024-02-22 10:05:00,58.92,59.306,58.89,59.175,1644304
1079,2024-02-22 10:00:00,59.05,59.205,58.82,58.91,2089956
1080,2024-02-22 09:55:00,58.85,59.05,58.83,59.04,1912690
1081,2024-02-22 09:50:00,59.27,59.5,58.755,58.84,3206884
1082,2024-02-22 09:45:00,58.84,59.3,58.84,59.26,3651298
1083,2024-02-22 09:40:00,58.76,58.9,58.68,58.83,2592935
1084,2024-02-22 09:35:00,58.54,58.75,58.5,58.75,2688327
1085,2024-02-22 09:30:00,58.78,59.0,58.49,58.54,5705845
1086,2024-02-22 09:25:00,58.54,58.78,58.54,58.78,270954
1087,2024-02-22 09:20:00,58.58,58.64,58.54,58.54,166983
1088,2024-02-22 09:15:00,58.63,58.68,58.56,58.59,120954
1089,2024-02-22 09:10:00,58.66,58.68,58.54,58.63,118143
1090,2024-02-22 09:05:00,58.73,58.77,58.63,58.65,55148
1091,2024-02-22 09:00:00,58.78,58.8,55.365,58.73,130305
1092,2024-02-22 08:55:00,58.81,58.83,56.525,58.79,113315
1093,2024-02-22 08:50:00,58.79,58.84,55.685,58.82,234015
1094,2024-02-22 08:45:00,58.75,58.801,58.72,58.78,118014
1095,2024-02-22 08:40:00,58.76,58.795,58.7,58.75,139813
1096,2024-02-22 08:35:00,58.72,58.82,58.72,58.75,492028
1097,2024-02-22 08:30:00,58.72,58.789,58.56,58.72,540158
1098,2024-02-22 08:25:00,58.78,58.79,58.7,58.7,43548
1099,2024-02-22 08:20:00,58.78,58.83,58.76,58.79,70849
1100,2024-02-22 08:15:00,58.82,58.88,58.78,58.78,85622
1101,2024-02-22 08:10:00,58.71,58.83,58.71,58.811,334043
1102,2024-02-22 08:05:00,58.05,58.76,57.73,58.71,289466
1103,2024-02-22 08:00:00,58.89,59.061,55.38,58.67,756483
1104,2024-02-22 07:55:00,58.78,58.79,58.7,58.7,61868
1105,2024-02-22 07:50:00,58.74,58.79,58.73,58.77,54416
1106,2024-02-22 07:45:00,58.74,58.79,58.71,58.74,41254
1107,2024-02-22 07:40:00,58.79,58.8,58.74,58.74,37804
1108,2024-02-22 07:35:00,58.81,58.85,58.75,58.79,56992
1109,2024-02-22 07:30:00,58.75,58.83,58.68,58.82,79891
1110,2024-02-22 07:25:00,58.77,58.83,58.73,58.75,52310
1111,2024-02-22 07:20:00,58.71,58.77,58.71,58.76,39885
1112,2024-02-22 07:15:00,58.721,58.73,58.63,58.71,80470
1113,2024-02-22 07:10:00,58.78,58.81,58.69,58.73,84607
1114,2024-02-22 07:05:00,58.841,58.87,58.76,58.78,134202
1115,2024-02-22 07:00:00,58.9,58.92,58.82,58.84,317213
1116,2024-02-22 06:55:00,58.94,58.95,58.88,58.9,76967
1117,2024-02-22 06:50:00,58.95,59.01,58.93,58.94,108709
1118,2024-02-22 06:45:00,58.95,58.99,58.95,58.96,12041
1119,2024-02-22 06:40:00,58.92,58.98,58.89,58.95,7932
1120,2024-02-22 06:35:00,58.91,58.98,58.91,58.92,19574
1121,2024-02-22 06:30:00,58.93,58.94,58.9,58.92,10736
1122,2024-02-22 06:25:00,59.0,59.0,58.91,58.93,61695
1123,2024-02-22 06:20:00,58.95,59.06,58.95,58.99,61587
1124,2024-02-22 06:15:00,58.75,58.95,58.74,58.95,48211
1125,2024-02-22 06:10:00,58.62,58.77,58.62,58.76,15393
1126,2024-02-22 06:05:00,58.66,58.69,58.61,58.62,18370
1127,2024-02-22 06:00:00,58.72,58.72,58.63,58.67,10616
1128,2024-02-22 05:55:00,58.73,58.74,58.68,58.72,7062
1129,2024-02-22 05:50:00,58.72,58.74,58.67,58.73,9961
1130,2024-02-22 05:45:00,58.75,58.75,58.69,58.72,16075
1131,2024-02-22 05:40:00,58.68,58.76,58.68,58.75,31532
1132,2024-02-22 05:35:00,58.68,58.7,58.6,58.69,18184
1133,2024-02-22 05:30:00,58.6,58.69,58.6,58.68,12884
1134,2024-02-22 05:25:00,58.56,58.6,58.53,58.59,6340
1135,2024-02-22 05:20:00,58.63,58.65,58.55,58.56,50273
1136,2024-02-22 05:15:00,58.68,58.71,58.61,58.63,22927
1137,2024-02-22 05:10:00,58.71,58.72,58.66,58.67,13117
1138,2024-02-22 05:05:00,58.66,58.74,58.66,58.71,17632
1139,2024-02-22 05:00:00,58.68,58.71,58.64,58.67,29709
1140,2024-02-22 04:55:00,58.66,58.72,58.63,58.68,19868
1141,2024-02-22 04:50:00,58.66,58.72,58.65,58.67,23602
1142,2024-02-22 04:45:00,58.6,58.69,58.59,58.66,21062
1143,2024-02-22 04:40:00,58.64,58.68,58.59,58.6,26621
1144,2024-02-22 04:35:00,58.6,58.64,58.56,58.64,42268
1145,2024-02-22 04:30:00,58.52,58.6,58.5,58.59,15499
1146,2024-02-22 04:25:00,58.48,58.57,58.46,58.52,31314
1147,2024-02-22 04:20:00,58.51,58.58,58.43,58.48,46244
1148,2024-02-22 04:15:00,58.65,58.65,58.5,58.51,53102
1149,2024-02-22 04:10:00,58.69,58.77,58.65,58.65,62167
1150,2024-02-22 04:05:00,58.64,58.7,58.62,58.7,77128
1151,2024-02-22 04:00:00,58.72,58.77,58.02,58.63,140367
1152,2024-02-21 19:55:00,57.64,57.65,57.55,57.57,91203
1153,2024-02-21 19:50:00,57.55,57.72,57.55,57.63,72049
1154,2024-02-21 19:45:00,57.44,57.56,57.43,57.54,81372
1155,2024-02-21 19:40:00,57.38,57.45,57.37,57.44,35171
1156,2024-02-21 19:35:00,57.27,57.4,57.27,57.38,37180
1157,2024-02-21 19:30:00,57.31,57.32,57.25,57.28,37810
1158,2024-02-21 19:25:00,57.3,57.32,57.26,57.31,32901
1159,2024-02-21 19:20:00,57.31,57.33,57.27,57.29,50189
1160,2024-02-21 19:15:00,57.24,57.33,57.199,57.32,42180
1161,2024-02-21 19:10:00,57.21,57.24,57.17,57.24,26155
1162,2024-02-21 19:05:00,57.06,57.24,57.06,57.2,80856
1163,2024-02-21 19:00:00,56.94,57.09,56.93,57.05,66340
1164,2024-02-21 18:55:00,56.9,56.95,56.87,56.93,19909
1165,2024-02-21 18:50:00,56.91,56.93,56.87,56.9,12918
1166,2024-02-21 18:45:00,56.89,56.93,56.87,56.91,17403
1167,2024-02-21 18:40:00,56.79,56.92,56.79,56.87,17836
1168,2024-02-21 18:35:00,56.85,56.87,56.76,56.79,23780
1169,2024-02-21 18:30:00,56.92,56.93,56.85,56.86,23877
1170,2024-02-21 18:25:00,56.96,56.97,56.92,56.93,13309
1171,2024-02-21 18:20:00,56.95,56.98,56.9,56.96,29106
1172,2024-02-21 18:15:00,56.82,56.98,56.8,56.942,23536
1173,2024-02-21 18:10:00,56.79,56.88,56.75,56.86,19566
1174,2024-02-21 18:05:00,56.83,56.83,56.7,56.78,54898
1175,2024-02-21 18:00:00,56.93,56.98,56.8,56.83,30200
1176,2024-02-21 17:55:00,56.99,57.0,56.92,56.95,30140
1177,2024-02-21 17:50:00,56.99,57.03,56.97,56.98,16279
1178,2024-02-21 17:45:00,57.01,57.02,56.97,57.0,43012
1179,2024-02-21 17:40:00,56.96,57.02,56.94,57.01,47721
1180,2024-02-21 17:35:00,57.0,57.03,56.91,56.969,55217
1181,2024-02-21 17:30:00,56.85,57.02,56.79,57.0,61965
1182,2024-02-21 17:25:00,56.84,56.87,56.77,56.85,56024
1183,2024-02-21 17:20:00,56.75,56.85,56.7,56.85,50100
1184,2024-02-21 17:15:00,56.86,56.94,56.75,56.76,133271
1185,2024-02-21 17:10:00,57.04,57.07,56.85,56.85,127839
1186,2024-02-21 17:05:00,57.12,57.18,57.04,57.04,210740
1187,2024-02-21 17:00:00,56.98,57.14,56.98,57.12,204355
1188,2024-02-21 16:55:00,56.75,57.01,56.67,56.98,375301
1189,2024-02-21 16:50:00,56.68,56.8,56.59,56.76,218135
1190,2024-02-21 16:45:00,56.499,56.76,56.45,56.69,454960
1191,2024-02-21 16:40:00,56.5,56.54,56.35,56.485,263609
1192,2024-02-21 16:35:00,56.43,56.52,56.14,56.52,358488
1193,2024-02-21 16:30:00,56.35,56.75,56.35,56.43,673964
1194,2024-02-21 16:25:00,55.43,56.46,55.31,56.35,473297
1195,2024-02-21 16:20:00,55.28,56.1,54.19,55.41,796694
1196,2024-02-21 16:15:00,55.38,55.38,55.27,55.29,61926
1197,2024-02-21 16:10:00,55.36,55.38,55.24,55.31,84989
1198,2024-02-21 16:05:00,55.39,55.42,55.32,55.37,71697
1199,2024-02-21 16:00:00,55.36,55.45,55.22,55.39,884091
1200,2024-02-21 15:55:00,55.19,55.42,55.19,55.38,2369181
1201,2024-02-21 15:50:00,55.04,55.25,55.0,55.19,1776315
1202,2024-02-21 15:45:00,54.96,55.06,54.88,55.035,1012897
1203,2024-02-21 15:40:00,54.9,55.1,54.89,54.97,1116313
1204,2024-02-21 15:35:00,54.54,54.952,54.528,54.9,1310167
1205,2024-02-21 15:30:00,54.27,54.57,54.265,54.535,1100695
1206,2024-02-21 15:25:00,54.09,54.3,54.07,54.268,812498
1207,2024-02-21 15:20:00,54.07,54.105,53.91,54.095,713799
1208,2024-02-21 15:15:00,54.05,54.2,53.96,54.06,879236
1209,2024-02-21 15:10:00,53.98,54.08,53.91,54.055,641001
1210,2024-02-21 15:05:00,54.03,54.08,53.95,53.971,839247
1211,2024-02-21 15:00:00,54.13,54.19,54.01,54.025,839394
1212,2024-02-21 14:55:00,54.05,54.2,54.035,54.13,786770
1213,2024-02-21 14:50:00,54.005,54.07,53.97,54.055,704211
1214,2024-02-21 14:45:00,53.855,54.015,53.82,54.005,932781
1215,2024-02-21 14:40:00,54.02,54.03,53.82,53.85,868737
1216,2024-02-21 14:35:00,54.12,54.166,53.91,54.025,1256570
1217,2024-02-21 14:30:00,54.17,54.25,54.1,54.13,574584
1218,2024-02-21 14:25:00,54.19,54.23,54.01,54.18,1409223
1219,2024-02-21 14:20:00,54.51,54.609,54.18,54.185,1139978
1220,2024-02-21 14:15:00,54.63,54.74,54.47,54.51,1006255
1221,2024-02-21 14:10:00,54.74,54.8,54.62,54.635,792957
1222,2024-02-21 14:05:00,54.685,54.795,54.61,54.745,868583
1223,2024-02-21 14:00:00,54.575,54.895,54.29,54.69,2133503
1224,2024-02-21 13:55:00,54.57,54.645,54.52,54.57,246472
1225,2024-02-21 13:50:00,54.655,54.69,54.55,54.56,307480
1226,2024-02-21 13:45:00,54.65,54.73,54.584,54.66,463294
1227,2024-02-21 13:40:00,54.65,54.69,54.565,54.66,336180
1228,2024-02-21 13:35:00,54.6,54.73,54.595,54.66,349374
1229,2024-02-21 13:30:00,54.605,54.692,54.525,54.6,566312
1230,2024-02-21 13:25:00,54.74,54.74,54.57,54.6,583809
1231,2024-02-21 13:20:00,54.8,54.81,54.683,54.73,556509
1232,2024-02-21 13:15:00,54.74,54.89,54.74,54.79,512179
1233,2024-02-21 13:10:00,54.65,54.812,54.64,54.735,514450
1234,2024-02-21 13:05:00,54.56,54.67,54.47,54.655,862776
1235,2024-02-21 13:00:00,54.81,54.84,54.34,54.57,1784868
1236,2024-02-21 12:55:00,54.76,54.86,54.7,54.815,704339
1237,2024-02-21 12:50:00,54.653,54.77,54.653,54.76,477547
1238,2024-02-21 12:45:00,54.5,54.68,54.495,54.656,523736
1239,2024-02-21 12:40:00,54.62,54.645,54.41,54.49,652650
1240,2024-02-21 12:35:00,54.51,54.65,54.47,54.63,415463
1241,2024-02-21 12:30:00,54.51,54.6,54.49,54.515,453105
1242,2024-02-21 12:25:00,54.54,54.58,54.475,54.515,509360
1243,2024-02-21 12:20:00,54.56,54.63,54.465,54.546,521872
1244,2024-02-21 12:15:00,54.53,54.6,54.44,54.565,697166
1245,2024-02-21 12:10:00,54.635,54.65,54.425,54.53,1539518
1246,2024-02-21 12:05:00,54.86,54.86,54.574,54.632,1276590
1247,2024-02-21 12:00:00,55.08,55.1,54.854,54.86,776988
1248,2024-02-21 11:55:00,55.09,55.15,55.05,55.077,404951
1249,2024-02-21 11:50:00,54.949,55.105,54.94,55.084,454631
1250,2024-02-21 11:45:00,54.88,54.97,54.78,54.935,441461
1251,2024-02-21 11:40:00,54.89,54.915,54.8,54.87,481641
1252,2024-02-21 11:35:00,54.917,55.005,54.8,54.885,753342
1253,2024-02-21 11:30:00,54.93,55.01,54.84,54.904,763752
1254,2024-02-21 11:25:00,55.045,55.075,54.89,54.93,631379
1255,2024-02-21 11:20:00,55.085,55.14,55.023,55.048,329351
1256,2024-02-21 11:15:00,55.17,55.2,54.975,55.09,780405
1257,2024-02-21 11:10:00,54.982,55.18,54.955,55.16,979609
1258,2024-02-21 11:05:00,54.78,55.06,54.71,54.984,780550
1259,2024-02-21 11:00:00,54.73,54.915,54.71,54.785,908882
1260,2024-02-21 10:55:00,54.8,54.87,54.715,54.72,356647
1261,2024-02-21 10:50:00,54.847,54.858,54.7,54.795,646568
1262,2024-02-21 10:45:00,54.69,54.889,54.601,54.845,793543
1263,2024-02-21 10:40:00,54.765,54.882,54.625,54.695,812287
1264,2024-02-21 10:35:00,54.74,54.89,54.683,54.765,887931
1265,2024-02-21 10:30:00,54.77,54.87,54.59,54.75,1275082
1266,2024-02-21 10:25:00,55.04,55.065,54.75,54.78,1232292
1267,2024-02-21 10:20:00,54.995,55.14,54.93,55.03,702448
1268,2024-02-21 10:15:00,54.98,55.19,54.94,54.999,775103
1269,2024-02-21 10:10:00,55.05,55.13,54.96,54.985,645617
1270,2024-02-21 10:05:00,55.24,55.24,54.94,55.062,1124507
1271,2024-02-21 10:00:00,54.77,55.26,54.671,55.23,1453278
1272,2024-02-21 09:55:00,54.73,54.96,54.7,54.77,888148
1273,2024-02-21 09:50:00,54.66,54.93,54.54,54.73,1115048
1274,2024-02-21 09:45:00,54.71,54.81,54.53,54.66,1356081
1275,2024-02-21 09:40:00,55.02,55.07,54.6,54.71,1354613
1276,2024-02-21 09:35:00,55.042,55.12,54.885,55.02,1117339
1277,2024-02-21 09:30:00,54.97,55.13,54.68,55.041,2330876
1278,2024-02-21 09:25:00,54.94,55.02,54.91,54.97,276227
1279,2024-02-21 09:20:00,55.04,55.049,54.94,54.95,69439
1280,2024-02-21 09:15:00,55.09,55.1,54.99,55.04,75302
1281,2024-02-21 09:10:00,55.1,55.13,55.084,55.09,46359
1282,2024-02-21 09:05:00,55.1,55.16,55.06,55.109,51087
1283,2024-02-21 09:00:00,55.06,55.095,55.01,55.09,52296
1284,2024-02-21 08:55:00,55.0,55.07,54.96,55.06,70348
1285,2024-02-21 08:50:00,55.07,55.07,54.93,55.0,77159
1286,2024-02-21 08:45:00,55.02,55.07,54.91,55.07,42641
1287,2024-02-21 08:40:00,55.03,55.09,54.91,55.02,59844
1288,2024-02-21 08:35:00,54.85,55.03,54.85,55.03,156734
1289,2024-02-21 08:30:00,54.96,54.99,54.84,54.87,142914
1290,2024-02-21 08:25:00,54.98,55.06,54.89,54.95,83739
1291,2024-02-21 08:20:00,55.03,55.03,54.94,54.98,61406
1292,2024-02-21 08:15:00,54.98,55.05,54.96,55.04,54610
1293,2024-02-21 08:10:00,55.03,55.05,54.969,54.98,68052
1294,2024-02-21 08:05:00,55.66,55.84,55.0,55.04,90516
1295,2024-02-21 08:00:00,55.27,55.84,54.89,55.61,298328
1296,2024-02-21 07:55:00,54.93,54.96,54.88,54.92,32217
1297,2024-02-21 07:50:00,54.95,54.98,54.89,54.92,29276
1298,2024-02-21 07:45:00,55.08,55.13,54.93,54.95,41768
1299,2024-02-21 07:40:00,55.09,55.15,55.05,55.08,35576
1300,2024-02-21 07:35:00,55.23,55.23,55.08,55.1,30717
1301,2024-02-21 07:30:00,55.29,55.3,55.15,55.24,31517
1302,2024-02-21 07:25:00,55.32,55.38,55.29,55.29,26933
1303,2024-02-21 07:20:00,55.33,55.35,55.23,55.32,20273
1304,2024-02-21 07:15:00,55.29,55.38,55.28,55.34,37405
1305,2024-02-21 07:10:00,55.11,55.29,55.11,55.29,48980
1306,2024-02-21 07:05:00,55.17,55.17,54.97,55.1,110623
1307,2024-02-21 07:00:00,55.3,55.31,55.17,55.17,37938
1308,2024-02-21 06:55:00,55.29,55.3,55.23,55.29,5930
1309,2024-02-21 06:50:00,55.2,55.3,55.2,55.29,11934
1310,2024-02-21 06:45:00,55.2,55.29,55.2,55.2,7177
1311,2024-02-21 06:40:00,55.29,55.32,55.16,55.19,7717
1312,2024-02-21 06:35:00,55.23,55.3,55.16,55.29,12021
1313,2024-02-21 06:30:00,55.24,55.27,55.22,55.24,7628
1314,2024-02-21 06:25:00,55.25,55.28,55.23,55.25,7882
1315,2024-02-21 06:20:00,55.23,55.26,55.2,55.24,15111
1316,2024-02-21 06:15:00,55.23,55.32,55.22,55.23,20364
1317,2024-02-21 06:10:00,55.33,55.36,55.19,55.22,24994
1318,2024-02-21 06:05:00,55.41,55.42,55.32,55.33,13709
1319,2024-02-21 06:00:00,55.43,55.47,55.38,55.42,14747
1320,2024-02-21 05:55:00,55.48,55.5,55.41,55.43,10292
1321,2024-02-21 05:50:00,55.4,55.47,55.39,55.47,17774
1322,2024-02-21 05:45:00,55.35,55.42,55.34,55.39,9304
1323,2024-02-21 05:40:00,55.34,55.37,55.32,55.36,14617
1324,2024-02-21 05:35:00,55.37,55.4,55.33,55.34,9688
1325,2024-02-21 05:30:00,55.47,55.47,55.36,55.37,11045
1326,2024-02-21 05:25:00,55.48,55.54,55.47,55.47,18390
1327,2024-02-21 05:20:00,55.44,55.49,55.43,55.48,15701
1328,2024-02-21 05:15:00,55.37,55.46,55.35,55.44,27492
1329,2024-02-21 05:10:00,55.28,55.37,55.28,55.36,10219
1330,2024-02-21 05:05:00,55.3,55.34,55.29,55.29,5253
1331,2024-02-21 05:00:00,55.32,55.34,55.29,55.3,5140
1332,2024-02-21 04:55:00,55.33,55.34,55.27,55.33,8169
1333,2024-02-21 04:50:00,55.3,55.33,55.26,55.31,7296
1334,2024-02-21 04:45:00,55.37,55.37,55.27,55.31,8894
1335,2024-02-21 04:40:00,55.38,55.41,55.35,55.37,12308
1336,2024-02-21 04:35:00,55.32,55.38,55.29,55.37,16703
1337,2024-02-21 04:30:00,55.27,55.34,55.23,55.33,18458
1338,2024-02-21 04:25:00,55.32,55.34,55.23,55.26,10834
1339,2024-02-21 04:20:00,55.29,55.36,55.29,55.32,7256
1340,2024-02-21 04:15:00,55.28,55.31,55.21,55.29,10943
1341,2024-02-21 04:10:00,55.31,55.32,55.23,55.25,37952
1342,2024-02-21 04:05:00,55.22,55.38,55.21,55.31,40499
1343,2024-02-21 04:00:00,55.22,55.54,55.16,55.23,67986
1344,2024-02-20 19:55:00,55.62,55.62,55.54,55.54,37791
1345,2024-02-20 19:50:00,55.65,55.66,55.6,55.63,10362
1346,2024-02-20 19:45:00,55.66,55.67,55.64,55.65,7972
1347,2024-02-20 19:40:00,55.68,55.69,55.66,55.66,3713
1348,2024-02-20 19:35:00,55.69,55.7,55.67,55.68,8144
1349,2024-02-20 19:30:00,55.73,55.74,55.68,55.7,14857
1350,2024-02-20 19:25:00,55.74,55.78,55.74,55.74,7407
1351,2024-02-20 19:20:00,55.68,55.75,55.65,55.75,24515
1352,2024-02-20 19:15:00,55.7,55.7,55.67,55.67,5759
1353,2024-02-20 19:10:00,55.68,55.71,55.68,55.69,7041
1354,2024-02-20 19:05:00,55.64,55.71,55.64,55.68,6514
1355,2024-02-20 19:00:00,55.66,55.67,55.61,55.66,9595
1356,2024-02-20 18:55:00,55.67,55.7,55.66,55.66,5915
1357,2024-02-20 18:50:00,55.65,55.69,55.63,55.68,17014
1358,2024-02-20 18:45:00,55.66,55.679,55.61,55.63,16562
1359,2024-02-20 18:40:00,55.71,55.71,55.65,55.67,7762
1360,2024-02-20 18:35:00,55.76,55.78,55.7,55.71,9579
1361,2024-02-20 18:30:00,55.84,55.85,55.76,55.76,8430
1362,2024-02-20 18:25:00,55.83,55.85,55.81,55.84,16740
1363,2024-02-20 18:20:00,55.83,55.84,55.8,55.83,15705
1364,2024-02-20 18:15:00,55.77,55.84,55.77,55.84,8694
1365,2024-02-20 18:10:00,55.76,55.86,55.75,55.78,10389
1366,2024-02-20 18:05:00,55.73,55.76,55.71,55.75,7478
1367,2024-02-20 18:00:00,55.7,55.76,55.64,55.73,35674
1368,2024-02-20 17:55:00,55.675,55.7,55.67,55.68,14053
1369,2024-02-20 17:50:00,55.69,55.69,55.67,55.675,4626
1370,2024-02-20 17:45:00,55.69,55.7,55.65,55.69,10026
1371,2024-02-20 17:40:00,55.67,55.7,55.65,55.699,12864
1372,2024-02-20 17:35:00,55.66,55.67,55.65,55.67,18943
1373,2024-02-20 17:30:00,55.67,55.67,55.65,55.65,8886
1374,2024-02-20 17:25:00,55.68,55.7,55.66,55.67,16158
1375,2024-02-20 17:20:00,55.73,55.74,55.68,55.68,6281
1376,2024-02-20 17:15:00,55.7,55.74,55.68,55.69,23552
1377,2024-02-20 17:10:00,55.75,55.75,55.7,55.71,16195
1378,2024-02-20 17:05:00,55.75,55.75,55.74,55.75,20984
1379,2024-02-20 17:00:00,55.78,55.8,55.74,55.75,14967
1380,2024-02-20 16:55:00,55.85,55.851,55.76,55.78,15695
1381,2024-02-20 16:50:00,55.89,55.91,55.23,55.85,15607
1382,2024-02-20 16:45:00,55.92,55.93,55.88,55.89,40497
1383,2024-02-20 16:40:00,55.94,55.95,55.91,55.92,35535
1384,2024-02-20 16:35:00,55.881,55.95,55.88,55.94,18345
1385,2024-02-20 16:30:00,55.86,55.9,55.85,55.89,35570
1386,2024-02-20 16:25:00,55.83,55.85,55.82,55.85,23795
1387,2024-02-20 16:20:00,55.76,55.84,55.75,55.83,45136
1388,2024-02-20 16:15:00,55.78,56.08,55.72,55.75,85007
1389,2024-02-20 16:10:00,55.79,55.83,55.77,55.79,79811
1390,2024-02-20 16:05:00,55.969,55.97,55.785,55.79,145709
1391,2024-02-20 16:00:00,56.08,56.08,55.94,55.96,786197
1392,2024-02-20 15:55:00,55.82,56.09,55.75,56.08,2003331
1393,2024-02-20 15:50:00,55.79,55.936,55.7,55.831,1261114
1394,2024-02-20 15:45:00,55.68,55.865,55.67,55.79,1015418
1395,2024-02-20 15:40:00,55.49,55.69,55.47,55.68,856907
1396,2024-02-20 15:35:00,55.39,55.625,55.29,55.49,1166482
1397,2024-02-20 15:30:00,55.84,55.88,55.3,55.4,1874137
1398,2024-02-20 15:25:00,55.695,55.9,55.68,55.84,813897
1399,2024-02-20 15:20:00,55.715,55.84,55.63,55.695,679300
1400,2024-02-20 15:15:00,55.72,55.85,55.66,55.71,675916
1401,2024-02-20 15:10:00,55.83,55.9,55.7,55.711,870855
1402,2024-02-20 15:05:00,55.57,55.84,55.56,55.83,605448
1403,2024-02-20 15:00:00,55.69,55.73,55.517,55.57,803017
1404,2024-02-20 14:55:00,55.554,55.73,55.554,55.68,728827
1405,2024-02-20 14:50:00,55.69,55.74,55.53,55.555,944685
1406,2024-02-20 14:45:00,55.42,55.7,55.41,55.69,679224
1407,2024-02-20 14:40:00,55.38,55.545,55.36,55.425,682201
1408,2024-02-20 14:35:00,55.26,55.4,55.245,55.38,350068
1409,2024-02-20 14:30:00,55.4,55.42,55.24,55.26,499086
1410,2024-02-20 14:25:00,55.19,55.41,55.09,55.4,692865
1411,2024-02-20 14:20:00,55.425,55.43,55.11,55.19,992030
1412,2024-02-20 14:15:00,55.27,55.46,55.06,55.43,980747
1413,2024-02-20 14:10:00,55.29,55.36,55.24,55.27,299881
1414,2024-02-20 14:05:00,55.14,55.305,55.13,55.29,439125
1415,2024-02-20 14:00:00,55.32,55.368,55.13,55.14,787159
1416,2024-02-20 13:55:00,55.14,55.33,55.14,55.318,380378
1417,2024-02-20 13:50:00,55.11,55.23,55.065,55.14,424197
1418,2024-02-20 13:45:00,55.135,55.21,55.09,55.107,389645
1419,2024-02-20 13:40:00,54.932,55.18,54.91,55.131,644651
1420,2024-02-20 13:35:00,54.9,54.96,54.83,54.94,382430
1421,2024-02-20 13:30:00,54.94,55.0,54.77,54.905,985550
1422,2024-02-20 13:25:00,55.245,55.26,54.86,54.94,959728
1423,2024-02-20 13:20:00,55.11,55.33,55.09,55.245,613224
1424,2024-02-20 13:15:00,55.03,55.12,54.82,55.111,559637
1425,2024-02-20 13:10:00,54.99,55.06,54.93,55.03,371131
1426,2024-02-20 13:05:00,54.92,55.045,54.87,55.0,502253
1427,2024-02-20 13:00:00,55.045,55.11,54.9,54.92,528943
1428,2024-02-20 12:55:00,55.086,55.15,54.97,55.05,490513
1429,2024-02-20 12:50:00,54.9,55.116,54.84,55.08,648812
1430,2024-02-20 12:45:00,54.99,55.055,54.89,54.9,596715
1431,2024-02-20 12:40:00,54.57,55.02,54.561,55.0,981896
1432,2024-02-20 12:35:00,54.96,54.96,54.55,54.57,918433
1433,2024-02-20 12:30:00,54.75,54.96,54.734,54.96,828047
1434,2024-02-20 12:25:00,54.66,54.757,54.65,54.75,534933
1435,2024-02-20 12:20:00,54.68,54.779,54.62,54.654,549881
1436,2024-02-20 12:15:00,54.81,54.828,54.61,54.68,1158669
1437,2024-02-20 12:10:00,54.805,54.94,54.76,54.8,750226
1438,2024-02-20 12:05:00,54.95,54.996,54.783,54.8,869989
1439,2024-02-20 12:00:00,55.07,55.136,54.89,54.955,952684
1440,2024-02-20 11:55:00,55.25,55.265,55.05,55.06,1028578
1441,2024-02-20 11:50:00,55.43,55.47,55.24,55.25,689242
1442,2024-02-20 11:45:00,55.47,55.54,55.42,55.423,430597
1443,2024-02-20 11:40:00,55.393,55.515,55.35,55.475,498844
1444,2024-02-20 11:35:00,55.33,55.45,55.23,55.39,788517
1445,2024-02-20 11:30:00,55.72,55.72,55.275,55.322,1128624
1446,2024-02-20 11:25:00,55.71,55.775,55.62,55.715,862704
1447,2024-02-20 11:20:00,55.644,55.715,55.55,55.705,594776
1448,2024-02-20 11:15:00,55.65,55.79,55.62,55.65,666890
1449,2024-02-20 11:10:00,55.67,55.74,55.57,55.64,727283
1450,2024-02-20 11:05:00,55.84,55.92,55.647,55.661,1124413
1451,2024-02-20 11:00:00,55.74,55.965,55.702,55.85,1283438
1452,2024-02-20 10:55:00,55.549,55.755,55.54,55.73,1123260
1453,2024-02-20 10:50:00,55.41,55.66,55.37,55.54,1199298
1454,2024-02-20 10:45:00,55.25,55.475,55.24,55.415,1301997
1455,2024-02-20 10:40:00,55.12,55.32,55.12,55.26,1011383
1456,2024-02-20 10:35:00,55.07,55.18,55.06,55.13,733367
1457,2024-02-20 10:30:00,55.09,55.2,54.83,55.07,2365494
1458,2024-02-20 10:25:00,55.23,55.31,55.05,55.09,1255106
1459,2024-02-20 10:20:00,55.29,55.427,55.15,55.23,922294
1460,2024-02-20 10:15:00,55.18,55.475,55.16,55.3,1036157
1461,2024-02-20 10:10:00,55.34,55.42,55.1,55.18,1587370
1462,2024-02-20 10:05:00,55.391,55.55,55.32,55.35,1116581
1463,2024-02-20 10:00:00,55.62,55.64,55.28,55.39,2001245
1464,2024-02-20 09:55:00,55.63,55.81,55.591,55.62,1263524
1465,2024-02-20 09:50:00,55.8,55.8,55.43,55.62,2381454
1466,2024-02-20 09:45:00,55.79,55.99,55.681,55.795,1990054
1467,2024-02-20 09:40:00,56.26,56.27,55.584,55.78,4198522
1468,2024-02-20 09:35:00,56.78,56.89,56.16,56.258,2355857
1469,2024-02-20 09:30:00,56.58,57.18,56.47,56.775,2643839
1470,2024-02-20 09:25:00,56.6,56.62,56.46,56.58,197492
1471,2024-02-20 09:20:00,56.69,56.72,56.59,56.61,78723
1472,2024-02-20 09:15:00,56.72,56.75,56.69,56.7,25865
1473,2024-02-20 09:10:00,56.64,56.73,56.62,56.73,34853
1474,2024-02-20 09:05:00,56.68,56.71,56.63,56.63,75091
1475,2024-02-20 09:00:00,56.7,56.72,56.61,56.685,45301
1476,2024-02-20 08:55:00,56.79,56.8,56.649,56.7,42267
1477,2024-02-20 08:50:00,56.76,56.79,56.65,56.79,59084
1478,2024-02-20 08:45:00,56.86,56.92,56.75,56.76,49034
1479,2024-02-20 08:40:00,56.73,56.95,56.73,56.87,114118
1480,2024-02-20 08:35:00,56.6,56.73,56.54,56.72,179333
1481,2024-02-20 08:30:00,56.71,56.75,56.58,56.609,105425
1482,2024-02-20 08:25:00,56.639,56.73,56.62,56.71,72778
1483,2024-02-20 08:20:00,56.69,56.7,56.59,56.63,91762
1484,2024-02-20 08:15:00,56.78,56.8,56.69,56.7,88825
1485,2024-02-20 08:10:00,56.65,56.8,56.65,56.79,30440
1486,2024-02-20 08:05:00,56.8,57.2,56.36,56.65,79915
1487,2024-02-20 08:00:00,56.56,57.2,56.109,56.5,344670
1488,2024-02-20 07:55:00,56.66,56.73,56.66,56.72,30457
1489,2024-02-20 07:50:00,56.63,56.71,56.59,56.66,32736
1490,2024-02-20 07:45:00,56.7,56.71,56.58,56.62,21143
1491,2024-02-20 07:40:00,56.79,56.79,56.69,56.7,29235
1492,2024-02-20 07:35:00,56.72,56.82,56.72,56.79,25435
1493,2024-02-20 07:30:00,56.77,56.78,56.72,56.72,37051
1494,2024-02-20 07:25:00,56.71,56.79,56.71,56.78,80277
1495,2024-02-20 07:20:00,56.63,56.72,56.61,56.7,33781
1496,2024-02-20 07:15:00,56.72,56.73,56.59,56.61,24690
1497,2024-02-20 07:10:00,56.64,56.73,56.62,56.71,35045
1498,2024-02-20 07:05:00,56.58,56.64,56.52,56.64,33309
1499,2024-02-20 07:00:00,56.51,56.609,56.44,56.58,104909
1500,2024-02-20 06:55:00,56.48,56.51,56.45,56.5,7090
1501,2024-02-20 06:50:00,56.46,56.49,56.43,56.48,10663
1502,2024-02-20 06:45:00,56.43,56.49,56.42,56.47,14195
1503,2024-02-20 06:40:00,56.39,56.47,56.39,56.43,20098
1504,2024-02-20 06:35:00,56.32,56.39,56.29,56.38,7823
1505,2024-02-20 06:30:00,56.32,56.4,56.31,56.33,13470
1506,2024-02-20 06:25:00,56.3,56.33,56.29,56.33,5517
1507,2024-02-20 06:20:00,56.29,56.35,56.26,56.27,19442
1508,2024-02-20 06:15:00,56.29,56.31,56.24,56.27,15933
1509,2024-02-20 06:10:00,56.2,56.3,56.16,56.29,49640
1510,2024-02-20 06:05:00,56.2,56.23,56.17,56.2,21527
1511,2024-02-20 06:00:00,56.24,56.28,56.11,56.2,26077
1512,2024-02-20 05:55:00,56.24,56.33,56.21,56.24,45471
1513,2024-02-20 05:50:00,56.33,56.35,56.23,56.24,11178
1514,2024-02-20 05:45:00,56.3,56.34,56.27,56.33,13894
1515,2024-02-20 05:40:00,56.36,56.38,56.24,56.29,14555
1516,2024-02-20 05:35:00,56.31,56.36,56.26,56.36,23025
1517,2024-02-20 05:30:00,56.27,56.33,56.27,56.31,17687
1518,2024-02-20 05:25:00,56.23,56.35,56.22,56.27,19547
1519,2024-02-20 05:20:00,56.32,56.34,56.17,56.22,16720
1520,2024-02-20 05:15:00,56.32,56.34,56.26,56.32,29412
1521,2024-02-20 05:10:00,56.25,56.42,56.23,56.32,37400
1522,2024-02-20 05:05:00,56.4,56.4,56.22,56.25,45454
1523,2024-02-20 05:00:00,56.61,56.61,56.4,56.41,69784
1524,2024-02-20 04:55:00,56.68,56.7,56.61,56.62,14011
1525,2024-02-20 04:50:00,56.64,56.68,56.61,56.68,17399
1526,2024-02-20 04:45:00,56.64,56.68,56.61,56.64,19843
1527,2024-02-20 04:40:00,56.63,56.67,56.6,56.65,29556
1528,2024-02-20 04:35:00,56.57,56.64,56.54,56.63,35448
1529,2024-02-20 04:30:00,56.67,56.68,56.56,56.57,53949
1530,2024-02-20 04:25:00,56.78,56.78,56.64,56.67,41382
1531,2024-02-20 04:20:00,56.97,57.02,56.79,56.79,30313
1532,2024-02-20 04:15:00,56.9,57.1,56.9,56.96,24238
1533,2024-02-20 04:10:00,56.82,56.94,56.81,56.91,15128
1534,2024-02-20 04:05:00,56.85,56.92,56.82,56.82,20509
1535,2024-02-20 04:00:00,56.73,56.95,56.73,56.86,43002
1536,2024-02-16 19:55:00,57.171,57.18,57.12,57.13,29314
1537,2024-02-16 19:50:00,57.195,57.2,57.17,57.18,28877
1538,2024-02-16 19:45:00,57.18,57.2,57.18,57.195,22256
1539,2024-02-16 19:40:00,57.18,57.18,57.16,57.18,10925
1540,2024-02-16 19:35:00,57.185,57.19,57.16,57.16,16056
1541,2024-02-16 19:30:00,57.2,57.2,57.18,57.185,10887
1542,2024-02-16 19:25:00,57.2,57.2,57.19,57.2,11041
1543,2024-02-16 19:20:00,57.19,57.2,57.19,57.19,3962
1544,2024-02-16 19:15:00,57.2,57.2,57.19,57.195,4718
1545,2024-02-16 19:10:00,57.2,57.21,57.19,57.19,5402
1546,2024-02-16 19:05:00,57.21,57.22,57.2,57.2,6428
1547,2024-02-16 19:00:00,57.21,57.22,57.21,57.22,8023
1548,2024-02-16 18:55:00,57.22,57.22,57.21,57.22,12683
1549,2024-02-16 18:50:00,57.22,57.22,57.21,57.21,2630
1550,2024-02-16 18:45:00,57.21,57.22,57.2,57.22,5316
1551,2024-02-16 18:40:00,57.21,57.22,57.2,57.22,8676
1552,2024-02-16 18:35:00,57.21,57.21,57.2,57.2,13971
1553,2024-02-16 18:30:00,57.17,57.21,57.16,57.21,22052
1554,2024-02-16 18:25:00,57.16,57.18,57.15,57.17,5969
1555,2024-02-16 18:20:00,57.16,57.16,57.15,57.16,15824
1556,2024-02-16 18:15:00,57.15,57.16,57.15,57.16,13338
1557,2024-02-16 18:10:00,57.15,57.17,57.15,57.15,6736
1558,2024-02-16 18:05:00,57.16,57.19,57.15,57.15,15809
1559,2024-02-16 18:00:00,57.18,57.18,57.155,57.16,13683
1560,2024-02-16 17:55:00,57.19,57.209,57.17,57.18,10525
1561,2024-02-16 17:50:00,57.21,57.21,57.19,57.19,13775
1562,2024-02-16 17:45:00,57.2,57.21,57.19,57.2,8523
1563,2024-02-16 17:40:00,57.19,57.2,57.18,57.2,14254
1564,2024-02-16 17:35:00,57.21,57.21,57.19,57.19,9241
1565,2024-02-16 17:30:00,57.21,57.22,57.19,57.2,33026
1566,2024-02-16 17:25:00,57.21,57.21,57.2,57.21,17909
1567,2024-02-16 17:20:00,57.2,57.21,57.18,57.2,27139
1568,2024-02-16 17:15:00,57.21,57.22,57.19,57.2,16561
1569,2024-02-16 17:10:00,57.2,57.23,57.2,57.21,35437
1570,2024-02-16 17:05:00,57.21,57.21,57.2,57.209,6374
1571,2024-02-16 17:00:00,57.19,57.21,57.18,57.21,19175
1572,2024-02-16 16:55:00,57.17,57.19,57.16,57.19,37141
1573,2024-02-16 16:50:00,57.16,57.18,57.15,57.17,24373
1574,2024-02-16 16:45:00,57.19,57.2,57.15,57.16,63526
1575,2024-02-16 16:40:00,57.15,57.2,57.14,57.19,29185
1576,2024-02-16 16:35:00,57.13,57.15,57.12,57.15,24349
1577,2024-02-16 16:30:00,57.16,57.17,57.12,57.13,48746
1578,2024-02-16 16:25:00,57.2,57.22,57.15,57.165,29238
1579,2024-02-16 16:20:00,57.17,57.22,57.16,57.205,47006
1580,2024-02-16 16:15:00,57.41,57.41,57.1,57.17,90195
1581,2024-02-16 16:10:00,57.27,57.28,57.15,57.16,196951
1582,2024-02-16 16:05:00,57.28,57.31,57.24,57.28,168240
1583,2024-02-16 16:00:00,57.4,57.44,57.22,57.28,892987
1584,2024-02-16 15:55:00,57.37,57.46,57.325,57.4,1731281
1585,2024-02-16 15:50:00,57.25,57.48,57.16,57.38,1744663
1586,2024-02-16 15:45:00,57.46,57.57,57.21,57.25,1217832
1587,2024-02-16 15:40:00,57.635,57.635,57.41,57.47,1296168
1588,2024-02-16 15:35:00,57.8,57.81,57.6,57.63,451706
1589,2024-02-16 15:30:00,57.81,57.87,57.67,57.79,706103
1590,2024-02-16 15:25:00,57.845,57.88,57.775,57.816,537407
1591,2024-02-16 15:20:00,57.765,57.89,57.69,57.84,912061
1592,2024-02-16 15:15:00,57.69,57.78,57.6,57.765,746090
1593,2024-02-16 15:10:00,57.715,57.755,57.551,57.7,878276
1594,2024-02-16 15:05:00,57.68,57.77,57.655,57.713,407470
1595,2024-02-16 15:00:00,57.84,57.905,57.66,57.69,727844
1596,2024-02-16 14:55:00,57.74,57.85,57.68,57.83,922979
1597,2024-02-16 14:50:00,57.88,57.89,57.62,57.73,925772
1598,2024-02-16 14:45:00,58.565,58.57,57.68,57.88,1972218
1599,2024-02-16 14:40:00,58.605,58.67,58.54,58.566,663052
1600,2024-02-16 14:35:00,58.735,58.76,58.56,58.605,529598
1601,2024-02-16 14:30:00,58.79,58.84,58.65,58.735,457088
1602,2024-02-16 14:25:00,58.804,58.865,58.75,58.79,417320
1603,2024-02-16 14:20:00,58.817,58.855,58.74,58.804,372949
1604,2024-02-16 14:15:00,58.86,58.905,58.8,58.81,475865
1605,2024-02-16 14:10:00,58.88,58.94,58.86,58.87,348015
1606,2024-02-16 14:05:00,58.81,58.93,58.79,58.875,530812
1607,2024-02-16 14:00:00,58.67,58.9,58.67,58.81,921011
1608,2024-02-16 13:55:00,58.575,58.68,58.535,58.67,351208
1609,2024-02-16 13:50:00,58.51,58.61,58.51,58.576,311417
1610,2024-02-16 13:45:00,58.53,58.585,58.47,58.51,453119
1611,2024-02-16 13:40:00,58.388,58.53,58.36,58.52,617097
1612,2024-02-16 13:35:00,58.28,58.4,58.269,58.38,490501
1613,2024-02-16 13:30:00,58.25,58.32,58.19,58.285,550638
1614,2024-02-16 13:25:00,58.29,58.34,58.2,58.25,589860
1615,2024-02-16 13:20:00,58.015,58.3,57.995,58.28,785015
1616,2024-02-16 13:15:00,58.04,58.19,57.99,58.01,563129
1617,2024-02-16 13:10:00,58.16,58.187,57.95,58.04,784131
1618,2024-02-16 13:05:00,58.18,58.22,58.07,58.165,638148
1619,2024-02-16 13:00:00,58.49,58.49,58.16,58.188,827789
1620,2024-02-16 12:55:00,58.54,58.54,58.38,58.49,425937
1621,2024-02-16 12:50:00,58.625,58.63,58.47,58.54,348155
1622,2024-02-16 12:45:00,58.52,58.635,58.48,58.63,425915
1623,2024-02-16 12:40:00,58.55,58.61,58.49,58.525,286026
1624,2024-02-16 12:35:00,58.63,58.666,58.485,58.55,300688
1625,2024-02-16 12:30:00,58.71,58.76,58.604,58.64,366529
1626,2024-02-16 12:25:00,58.64,58.72,58.556,58.71,431387
1627,2024-02-16 12:20:00,58.49,58.65,58.44,58.644,389239
1628,2024-02-16 12:15:00,58.51,58.56,58.44,58.48,435565
1629,2024-02-16 12:10:00,58.551,58.587,58.45,58.51,467462
1630,2024-02-16 12:05:00,58.76,58.76,58.54,58.553,564324
1631,2024-02-16 12:00:00,58.68,58.79,58.63,58.765,677940
1632,2024-02-16 11:55:00,58.575,58.83,58.54,58.695,865930
1633,2024-02-16 11:50:00,58.44,58.6,58.36,58.58,1071000
1634,2024-02-16 11:45:00,58.63,58.649,58.39,58.435,619340
1635,2024-02-16 11:40:00,58.539,58.72,58.51,58.63,654342
1636,2024-02-16 11:35:00,58.59,58.61,58.46,58.54,701847
1637,2024-02-16 11:30:00,58.545,58.73,58.54,58.595,1030425
1638,2024-02-16 11:25:00,58.59,58.605,58.49,58.544,536519
1639,2024-02-16 11:20:00,58.521,58.67,58.51,58.599,953707
1640,2024-02-16 11:15:00,58.5,58.6,58.46,58.515,977688
1641,2024-02-16 11:10:00,58.307,58.51,58.23,58.51,938646
1642,2024-02-16 11:05:00,58.22,58.31,58.09,58.304,1064347
1643,2024-02-16 11:00:00,58.01,58.25,57.975,58.215,1407374
1644,2024-02-16 10:55:00,58.035,58.055,57.78,58.01,1027964
1645,2024-02-16 10:50:00,57.815,58.055,57.8,58.04,875387
1646,2024-02-16 10:45:00,57.95,58.125,57.78,57.81,1315317
1647,2024-02-16 10:40:00,57.99,58.1,57.93,57.94,1281422
1648,2024-02-16 10:35:00,57.45,57.99,57.4,57.99,1267992
1649,2024-02-16 10:30:00,57.61,57.64,57.34,57.45,1043949
1650,2024-02-16 10:25:00,57.52,57.62,57.38,57.6,966547
1651,2024-02-16 10:20:00,57.78,57.81,57.445,57.51,1225092
1652,2024-02-16 10:15:00,57.57,57.86,57.5,57.79,1529903
1653,2024-02-16 10:10:00,57.57,57.72,57.4,57.58,1355518
1654,2024-02-16 10:05:00,57.445,57.61,57.305,57.574,1746523
1655,2024-02-16 10:00:00,57.66,57.66,57.11,57.445,3369798
1656,2024-02-16 09:55:00,57.7,57.78,57.46,57.67,2285103
1657,2024-02-16 09:50:00,58.53,58.569,57.64,57.67,2330529
1658,2024-02-16 09:45:00,58.69,58.86,58.516,58.53,1193001
1659,2024-02-16 09:40:00,58.89,58.985,58.68,58.7,1353297
1660,2024-02-16 09:35:00,58.98,59.14,58.855,58.885,1342926
1661,2024-02-16 09:30:00,59.16,59.21,58.775,58.99,1834782
1662,2024-02-16 09:25:00,59.12,59.25,59.12,59.18,70624
1663,2024-02-16 09:20:00,59.25,59.27,59.11,59.119,98742
1664,2024-02-16 09:15:00,59.3,59.321,59.21,59.26,99612
1665,2024-02-16 09:10:00,59.35,59.4,59.29,59.31,185398
1666,2024-02-16 09:05:00,59.29,59.38,59.2,59.35,123137
1667,2024-02-16 09:00:00,59.3,59.36,59.27,59.28,133162
1668,2024-02-16 08:55:00,59.18,59.33,59.18,59.31,173778
1669,2024-02-16 08:50:00,58.98,59.2,58.95,59.18,214862
1670,2024-02-16 08:45:00,59.14,59.18,58.94,58.97,258452
1671,2024-02-16 08:40:00,59.15,59.27,59.11,59.13,251314
1672,2024-02-16 08:35:00,59.12,59.301,59.03,59.135,415632
1673,2024-02-16 08:30:00,59.82,59.82,59.07,59.13,576978
1674,2024-02-16 08:25:00,59.81,59.85,59.77,59.81,75140
1675,2024-02-16 08:20:00,59.94,59.941,59.77,59.79,57707
1676,2024-02-16 08:15:00,59.89,59.95,59.86,59.94,29065
1677,2024-02-16 08:10:00,59.92,59.931,59.88,59.891,25206
1678,2024-02-16 08:05:00,59.89,60.0,59.23,59.91,74458
1679,2024-02-16 08:00:00,60.03,60.139,59.03,59.42,300406
1680,2024-02-16 07:55:00,59.86,59.87,59.82,59.83,27600
1681,2024-02-16 07:50:00,59.93,59.93,59.86,59.86,23218
1682,2024-02-16 07:45:00,59.89,59.96,59.89,59.93,27266
1683,2024-02-16 07:40:00,59.91,59.94,59.87,59.89,21477
1684,2024-02-16 07:35:00,59.89,59.92,59.88,59.9,11491
1685,2024-02-16 07:30:00,59.91,59.91,59.85,59.89,35384
1686,2024-02-16 07:25:00,59.92,59.96,59.88,59.91,35058
1687,2024-02-16 07:20:00,59.89,59.961,59.86,59.92,24525
1688,2024-02-16 07:15:00,59.91,59.92,59.85,59.89,35893
1689,2024-02-16 07:10:00,59.95,59.96,59.9,59.92,31861
1690,2024-02-16 07:05:00,60.011,60.04,59.95,59.96,44624
1691,2024-02-16 07:00:00,60.03,60.05,60.0,60.01,68455
1692,2024-02-16 06:55:00,60.04,60.04,60.01,60.04,5240
1693,2024-02-16 06:50:00,60.01,60.05,60.01,60.04,13670
1694,2024-02-16 06:45:00,60.08,60.08,59.99,60.01,25675
1695,2024-02-16 06:40:00,60.07,60.1,60.07,60.08,6506
1696,2024-02-16 06:35:00,60.03,60.07,60.03,60.07,15650
1697,2024-02-16 06:30:00,60.03,60.05,60.0,60.04,5997
1698,2024-02-16 06:25:00,60.03,60.06,60.02,60.02,4609
1699,2024-02-16 06:20:00,60.08,60.08,60.03,60.03,5825
1700,2024-02-16 06:15:00,60.12,60.12,60.06,60.07,4237
1701,2024-02-16 06:10:00,60.09,60.14,60.07,60.12,13475
1702,2024-02-16 06:05:00,60.04,60.1,60.03,60.09,10558
1703,2024-02-16 06:00:00,60.07,60.07,60.02,60.04,8732
1704,2024-02-16 05:55:00,60.08,60.09,60.05,60.06,2279
1705,2024-02-16 05:50:00,60.12,60.12,60.06,60.08,16453
1706,2024-02-16 05:45:00,60.12,60.14,60.11,60.12,14529
1707,2024-02-16 05:40:00,60.1,60.13,60.09,60.12,9673
1708,2024-02-16 05:35:00,60.06,60.11,60.05,60.1,9088
1709,2024-02-16 05:30:00,60.1,60.11,60.04,60.05,15880
1710,2024-02-16 05:25:00,60.08,60.11,60.07,60.09,8198
1711,2024-02-16 05:20:00,60.08,60.11,60.06,60.08,8252
1712,2024-02-16 05:15:00,60.1,60.1,60.06,60.07,9954
1713,2024-02-16 05:10:00,60.07,60.11,60.06,60.09,17547
1714,2024-02-16 05:05:00,60.07,60.07,60.04,60.06,7580
1715,2024-02-16 05:00:00,59.94,60.06,59.93,60.06,12341
1716,2024-02-16 04:55:00,59.96,59.97,59.9,59.95,12607
1717,2024-02-16 04:50:00,59.98,60.0,59.95,59.97,5182
1718,2024-02-16 04:45:00,59.98,60.0,59.96,59.99,10491
1719,2024-02-16 04:40:00,59.98,60.0,59.96,59.98,13362
1720,2024-02-16 04:35:00,60.01,60.01,59.95,59.98,6801
1721,2024-02-16 04:30:00,60.05,60.06,60.0,60.0,6449
1722,2024-02-16 04:25:00,59.92,60.07,59.92,60.04,34981
1723,2024-02-16 04:20:00,59.9,59.95,59.88,59.92,11832
1724,2024-02-16 04:15:00,59.86,59.9,59.83,59.89,15759
1725,2024-02-16 04:10:00,59.88,59.89,59.85,59.87,14037
1726,2024-02-16 04:05:00,59.96,59.97,59.86,59.87,27421
1727,2024-02-16 04:00:00,59.96,59.99,59.72,59.97,50998
1728,2024-02-15 19:55:00,59.2,59.2,59.17,59.2,38671
1729,2024-02-15 19:50:00,59.24,59.24,59.17,59.19,23327
1730,2024-02-15 19:45:00,59.25,59.27,59.23,59.24,9042
1731,2024-02-15 19:40:00,59.27,59.28,59.25,59.25,17110
1732,2024-02-15 19:35:00,59.28,59.29,59.26,59.28,12440
1733,2024-02-15 19:30:00,59.25,59.28,59.24,59.28,27280
1734,2024-02-15 19:25:00,59.29,59.3,59.245,59.25,7783
1735,2024-02-15 19:20:00,59.34,59.34,59.28,59.28,17184
1736,2024-02-15 19:15:00,59.32,59.36,59.32,59.34,16600
1737,2024-02-15 19:10:00,59.34,59.35,59.32,59.33,15296
1738,2024-02-15 19:05:00,59.34,59.39,59.34,59.35,1838
1739,2024-02-15 19:00:00,59.39,59.4,59.34,59.36,5829
1740,2024-02-15 18:55:00,59.41,59.42,59.39,59.39,4673
1741,2024-02-15 18:50:00,59.39,59.43,59.39,59.42,22164
1742,2024-02-15 18:45:00,59.41,59.41,59.37,59.38,8892
1743,2024-02-15 18:40:00,59.37,59.42,59.37,59.41,22297
1744,2024-02-15 18:35:00,59.36,59.37,59.34,59.37,2249
1745,2024-02-15 18:30:00,59.35,59.36,59.33,59.355,2720
1746,2024-02-15 18:25:00,59.37,59.38,59.34,59.34,13436
1747,2024-02-15 18:20:00,59.36,59.38,59.36,59.36,2085
1748,2024-02-15 18:15:00,59.35,59.379,59.35,59.36,3072
1749,2024-02-15 18:10:00,59.34,59.37,59.32,59.36,6084
1750,2024-02-15 18:05:00,59.39,59.39,59.34,59.35,10202
1751,2024-02-15 18:00:00,59.36,59.45,59.36,59.4,35267
1752,2024-02-15 17:55:00,59.34,59.36,59.33,59.35,4992
1753,2024-02-15 17:50:00,59.34,59.36,59.34,59.34,4519
1754,2024-02-15 17:45:00,59.34,59.36,59.34,59.35,9341
1755,2024-02-15 17:40:00,59.34,59.35,59.34,59.34,9777
1756,2024-02-15 17:35:00,59.34,59.35,59.33,59.34,6988
1757,2024-02-15 17:30:00,59.34,59.35,59.34,59.34,16877
1758,2024-02-15 17:25:00,59.35,59.36,59.34,59.34,16934
1759,2024-02-15 17:20:00,59.34,59.36,59.34,59.35,10649
1760,2024-02-15 17:15:00,59.36,59.36,59.33,59.34,31012
1761,2024-02-15 17:10:00,59.38,59.38,59.35,59.36,24708
1762,2024-02-15 17:05:00,59.41,59.41,59.37,59.38,18916
1763,2024-02-15 17:00:00,59.4,59.43,59.4,59.4,10646
1764,2024-02-15 16:55:00,59.46,59.46,59.43,59.43,6912
1765,2024-02-15 16:50:00,59.43,59.47,59.4,59.45,28497
1766,2024-02-15 16:45:00,59.36,59.45,59.36,59.41,64247
1767,2024-02-15 16:40:00,59.45,59.46,59.36,59.37,16067
1768,2024-02-15 16:35:00,59.43,59.465,59.43,59.46,19533
1769,2024-02-15 16:30:00,59.48,59.5,59.43,59.44,36138
1770,2024-02-15 16:25:00,59.4,59.48,59.008,59.48,24139
1771,2024-02-15 16:20:00,59.46,59.46,59.4,59.41,31716
1772,2024-02-15 16:15:00,59.03,59.49,59.03,59.47,65850
1773,2024-02-15 16:10:00,59.54,59.54,59.38,59.38,113772
1774,2024-02-15 16:05:00,59.3,59.56,59.29,59.54,357786
1775,2024-02-15 16:00:00,59.03,59.34,59.01,59.31,1202069
1776,2024-02-15 15:55:00,58.98,59.06,58.9,59.02,1965718
1777,2024-02-15 15:50:00,58.73,59.01,58.73,58.98,2363590
1778,2024-02-15 15:45:00,58.84,58.87,58.713,58.735,819741
1779,2024-02-15 15:40:00,58.8,58.857,58.79,58.835,468848
1780,2024-02-15 15:35:00,58.84,58.87,58.775,58.8,499826
1781,2024-02-15 15:30:00,58.84,58.9,58.81,58.84,439598
1782,2024-02-15 15:25:00,58.65,58.88,58.65,58.844,682720
1783,2024-02-15 15:20:00,58.82,58.88,58.623,58.65,798992
1784,2024-02-15 15:15:00,58.965,59.008,58.8,58.82,420901
1785,2024-02-15 15:10:00,58.83,59.02,58.83,58.96,438190
1786,2024-02-15 15:05:00,59.015,59.02,58.81,58.825,406564
1787,2024-02-15 15:00:00,58.96,59.02,58.85,59.016,531722
1788,2024-02-15 14:55:00,59.12,59.16,58.932,58.955,618453
1789,2024-02-15 14:50:00,59.134,59.16,59.04,59.11,466502
1790,2024-02-15 14:45:00,59.07,59.14,59.06,59.132,319448
1791,2024-02-15 14:40:00,59.0,59.11,58.97,59.065,397060
1792,2024-02-15 14:35:00,59.02,59.12,59.0,59.0,435256
1793,2024-02-15 14:30:00,58.974,59.04,58.94,59.02,347675
1794,2024-02-15 14:25:00,59.02,59.02,58.815,58.978,670166
1795,2024-02-15 14:20:00,58.995,59.025,58.92,59.02,617874
1796,2024-02-15 14:15:00,58.85,59.0,58.8,58.995,703569
1797,2024-02-15 14:10:00,59.03,59.04,58.7,58.85,857034
1798,2024-02-15 14:05:00,59.02,59.139,58.93,59.02,706305
1799,2024-02-15 14:00:00,59.005,59.045,58.9,59.019,507829
1800,2024-02-15 13:55:00,58.92,59.02,58.85,59.005,530076
1801,2024-02-15 13:50:00,58.93,59.018,58.9,58.915,605883
1802,2024-02-15 13:45:00,58.95,59.0,58.9,58.93,419692
1803,2024-02-15 13:40:00,59.07,59.116,58.895,58.94,579927
1804,2024-02-15 13:35:00,59.11,59.12,58.95,59.06,565943
1805,2024-02-15 13:30:00,59.105,59.21,59.06,59.112,1066819
1806,2024-02-15 13:25:00,59.03,59.11,58.975,59.105,505082
1807,2024-02-15 13:20:00,59.06,59.11,58.93,59.025,1005536
1808,2024-02-15 13:15:00,58.775,59.06,58.775,59.056,1038634
1809,2024-02-15 13:10:00,58.72,58.88,58.68,58.78,799631
1810,2024-02-15 13:05:00,58.46,58.785,58.45,58.72,772702
1811,2024-02-15 13:00:00,58.43,58.52,58.414,58.47,438901
1812,2024-02-15 12:55:00,58.565,58.586,58.41,58.435,764945
1813,2024-02-15 12:50:00,58.54,58.615,58.51,58.56,423379
1814,2024-02-15 12:45:00,58.67,58.73,58.49,58.549,808710
1815,2024-02-15 12:40:00,58.635,58.695,58.6,58.673,359887
1816,2024-02-15 12:35:00,58.605,58.665,58.54,58.636,418515
1817,2024-02-15 12:30:00,58.6,58.637,58.52,58.605,443115
1818,2024-02-15 12:25:00,58.475,58.63,58.435,58.59,556917
1819,2024-02-15 12:20:00,58.504,58.51,58.41,58.475,418093
1820,2024-02-15 12:15:00,58.388,58.51,58.36,58.5,556051
1821,2024-02-15 12:10:00,58.26,58.43,58.25,58.38,585051
1822,2024-02-15 12:05:00,58.22,58.27,58.11,58.253,251259
1823,2024-02-15 12:00:00,58.27,58.34,58.14,58.22,491382
1824,2024-02-15 11:55:00,58.18,58.28,58.08,58.27,443267
1825,2024-02-15 11:50:00,58.3,58.31,58.06,58.19,684222
1826,2024-02-15 11:45:00,58.34,58.38,58.28,58.3,491525
1827,2024-02-15 11:40:00,58.32,58.416,58.3,58.33,591309
1828,2024-02-15 11:35:00,58.188,58.31,58.17,58.295,437980
1829,2024-02-15 11:30:00,58.233,58.3,58.14,58.19,503423
1830,2024-02-15 11:25:00,58.085,58.27,58.03,58.224,731607
1831,2024-02-15 11:20:00,57.946,58.16,57.92,58.08,870205
1832,2024-02-15 11:15:00,57.99,58.04,57.91,57.95,855215
1833,2024-02-15 11:10:00,57.785,58.05,57.734,57.981,905973
1834,2024-02-15 11:05:00,57.96,58.04,57.73,57.789,1487179
1835,2024-02-15 11:00:00,58.38,58.436,57.92,57.96,1246818
1836,2024-02-15 10:55:00,58.38,58.43,58.22,58.377,778777
1837,2024-02-15 10:50:00,58.37,58.47,58.3,58.39,748264
1838,2024-02-15 10:45:00,58.2,58.37,58.145,58.369,781096
1839,2024-02-15 10:40:00,58.27,58.327,58.16,58.197,715022
1840,2024-02-15 10:35:00,58.17,58.3,58.075,58.27,804500
1841,2024-02-15 10:30:00,58.11,58.26,58.027,58.171,1142224
1842,2024-02-15 10:25:00,58.39,58.475,58.01,58.1,1062481
1843,2024-02-15 10:20:00,58.435,58.456,58.161,58.38,1167703
1844,2024-02-15 10:15:00,58.475,58.54,58.35,58.43,939620
1845,2024-02-15 10:10:00,58.335,58.49,58.261,58.48,1112134
1846,2024-02-15 10:05:00,57.98,58.35,57.96,58.34,1235925
1847,2024-02-15 10:00:00,58.08,58.18,57.89,57.99,1498743
1848,2024-02-15 09:55:00,58.16,58.217,58.014,58.078,1231619
1849,2024-02-15 09:50:00,58.43,58.61,58.11,58.16,1477273
1850,2024-02-15 09:45:00,58.36,58.58,58.31,58.425,1325631
1851,2024-02-15 09:40:00,58.505,58.65,58.29,58.36,1038898
1852,2024-02-15 09:35:00,58.65,58.69,58.38,58.51,1493126
1853,2024-02-15 09:30:00,58.81,58.94,58.625,58.66,1535618
1854,2024-02-15 09:25:00,58.89,58.89,58.69,58.8,142127
1855,2024-02-15 09:20:00,58.81,58.92,58.81,58.88,65287
1856,2024-02-15 09:15:00,58.81,58.88,58.74,58.8,77725
1857,2024-02-15 09:10:00,58.85,58.85,58.77,58.81,60097
1858,2024-02-15 09:05:00,58.86,58.89,58.73,58.85,89056
1859,2024-02-15 09:00:00,58.92,58.92,58.81,58.86,66866
1860,2024-02-15 08:55:00,58.83,58.93,58.82,58.92,70163
1861,2024-02-15 08:50:00,58.82,58.85,58.77,58.83,144590
1862,2024-02-15 08:45:00,59.09,59.09,58.75,58.83,132958
1863,2024-02-15 08:40:00,59.14,59.17,58.95,59.08,147219
1864,2024-02-15 08:35:00,59.03,59.16,59.0,59.14,148875
1865,2024-02-15 08:30:00,58.86,59.23,58.8,59.02,371800
1866,2024-02-15 08:25:00,58.83,58.87,58.82,58.86,74799
1867,2024-02-15 08:20:00,58.91,58.93,58.81,58.82,63423
1868,2024-02-15 08:15:00,58.92,58.92,58.88,58.91,22553
1869,2024-02-15 08:10:00,58.94,58.97,58.88,58.92,43879
1870,2024-02-15 08:05:00,58.75,59.17,58.62,58.94,68434
1871,2024-02-15 08:00:00,58.9,59.18,58.62,59.05,274014
1872,2024-02-15 07:55:00,58.96,59.02,58.95,58.97,21003
1873,2024-02-15 07:50:00,59.04,59.059,58.95,58.95,19919
1874,2024-02-15 07:45:00,59.03,59.07,59.02,59.05,12314
1875,2024-02-15 07:40:00,59.01,59.05,59.0,59.04,8192
1876,2024-02-15 07:35:00,59.06,59.06,59.0,59.01,17793
1877,2024-02-15 07:30:00,59.04,59.08,59.02,59.07,13808
1878,2024-02-15 07:25:00,58.98,59.05,58.98,59.05,11684
1879,2024-02-15 07:20:00,59.0,59.02,58.92,58.98,24538
1880,2024-02-15 07:15:00,59.07,59.07,58.99,59.0,25446
1881,2024-02-15 07:10:00,59.04,59.08,59.03,59.061,23548
1882,2024-02-15 07:05:00,58.97,59.05,58.97,59.04,30240
1883,2024-02-15 07:00:00,58.91,58.98,58.89,58.97,72027
1884,2024-02-15 06:55:00,58.9,58.96,58.89,58.91,3640
1885,2024-02-15 06:50:00,58.92,58.93,58.88,58.9,5133
1886,2024-02-15 06:45:00,58.9,58.93,58.9,58.91,1783
1887,2024-02-15 06:40:00,58.92,58.95,58.89,58.9,3271
1888,2024-02-15 06:35:00,58.93,58.95,58.91,58.91,8265
1889,2024-02-15 06:30:00,58.95,58.97,58.92,58.92,2630
1890,2024-02-15 06:25:00,58.94,58.96,58.9,58.96,7356
1891,2024-02-15 06:20:00,58.94,58.97,58.93,58.95,6527
1892,2024-02-15 06:15:00,58.94,58.95,58.91,58.94,4022
1893,2024-02-15 06:10:00,58.92,58.98,58.92,58.95,5737
1894,2024-02-15 06:05:00,58.94,58.95,58.89,58.92,14026
1895,2024-02-15 06:00:00,58.88,58.95,58.85,58.95,9336
1896,2024-02-15 05:55:00,58.81,58.88,58.81,58.88,2948
1897,2024-02-15 05:50:00,58.84,58.84,58.77,58.81,3902
1898,2024-02-15 05:45:00,58.83,58.88,58.83,58.83,5626
1899,2024-02-15 05:40:00,58.85,58.89,58.83,58.83,4781
1900,2024-02-15 05:35:00,58.87,58.87,58.8,58.86,7522
1901,2024-02-15 05:30:00,58.81,58.88,58.8,58.87,9521
1902,2024-02-15 05:25:00,58.79,58.82,58.76,58.81,7298
1903,2024-02-15 05:20:00,58.82,58.83,58.75,58.8,10011
1904,2024-02-15 05:15:00,58.86,58.86,58.8,58.84,15466
1905,2024-02-15 05:10:00,58.89,58.91,58.86,58.87,16863
1906,2024-02-15 05:05:00,58.83,58.9,58.83,58.9,10990
1907,2024-02-15 05:00:00,58.82,58.84,58.79,58.83,11622
1908,2024-02-15 04:55:00,58.79,58.83,58.78,58.82,14633
1909,2024-02-15 04:50:00,58.75,58.81,58.74,58.79,36378
1910,2024-02-15 04:45:00,58.86,58.87,58.73,58.75,32638
1911,2024-02-15 04:40:00,58.88,58.9,58.86,58.87,7607
1912,2024-02-15 04:35:00,58.86,58.92,58.86,58.88,9214
1913,2024-02-15 04:30:00,58.95,58.95,58.86,58.86,14442
1914,2024-02-15 04:25:00,58.96,58.99,58.89,58.95,38786
1915,2024-02-15 04:20:00,58.9,58.98,58.88,58.96,24424
1916,2024-02-15 04:15:00,58.86,58.93,58.84,58.9,20210
1917,2024-02-15 04:10:00,58.93,58.93,58.82,58.86,20044
1918,2024-02-15 04:05:00,59.03,59.03,58.91,58.93,42471
1919,2024-02-15 04:00:00,59.11,59.14,58.92,59.04,37933
1920,2024-02-14 19:55:00,58.59,58.62,58.59,58.6,24126
1921,2024-02-14 19:50:00,58.6,58.62,58.58,58.6,13708
1922,2024-02-14 19:45:00,58.615,58.645,58.6,58.61,15933
1923,2024-02-14 19:40:00,58.65,58.65,58.61,58.62,9598
1924,2024-02-14 19:35:00,58.63,58.65,58.6,58.64,4187
1925,2024-02-14 19:30:00,58.58,58.63,58.56,58.63,16843
1926,2024-02-14 19:25:00,58.59,58.6,58.58,58.58,25950
1927,2024-02-14 19:20:00,58.605,58.61,58.58,58.6,7429
1928,2024-02-14 19:15:00,58.61,58.62,58.6,58.605,10356
1929,2024-02-14 19:10:00,58.63,58.63,58.6,58.6,17579
1930,2024-02-14 19:05:00,58.65,58.67,58.63,58.63,8746
1931,2024-02-14 19:00:00,58.68,58.68,58.64,58.645,20628
1932,2024-02-14 18:55:00,58.689,58.69,58.67,58.67,12701
1933,2024-02-14 18:50:00,58.66,58.7,58.655,58.68,38852
1934,2024-02-14 18:45:00,58.66,58.67,58.65,58.66,11749
1935,2024-02-14 18:40:00,58.66,58.669,58.65,58.66,10213
1936,2024-02-14 18:35:00,58.66,58.67,58.64,58.67,23531
1937,2024-02-14 18:30:00,58.64,58.67,58.62,58.67,41401
1938,2024-02-14 18:25:00,58.611,58.64,58.61,58.64,6755
1939,2024-02-14 18:20:00,58.63,58.63,58.6,58.6,12889
1940,2024-02-14 18:15:00,58.61,58.63,58.6,58.625,38735
1941,2024-02-14 18:10:00,58.62,58.62,58.6,58.615,3138
1942,2024-02-14 18:05:00,58.6,58.63,58.59,58.61,5256
1943,2024-02-14 18:00:00,58.61,58.62,58.57,58.6,21486
1944,2024-02-14 17:55:00,58.62,58.63,58.61,58.61,8352
1945,2024-02-14 17:50:00,58.62,58.63,58.61,58.62,7263
1946,2024-02-14 17:45:00,58.61,58.62,58.61,58.62,3986
1947,2024-02-14 17:40:00,58.6,58.62,58.6,58.62,6263
1948,2024-02-14 17:35:00,58.63,58.64,58.6,58.61,13959
1949,2024-02-14 17:30:00,58.64,58.65,58.63,58.64,7386
1950,2024-02-14 17:25:00,58.59,58.63,58.59,58.63,11372
1951,2024-02-14 17:20:00,58.58,58.6,58.57,58.59,14608
1952,2024-02-14 17:15:00,58.55,58.58,58.53,58.58,15466
1953,2024-02-14 17:10:00,58.58,58.59,58.54,58.55,11617
1954,2024-02-14 17:05:00,58.59,58.6,58.56,58.59,18847
1955,2024-02-14 17:00:00,58.62,58.62,58.55,58.6,19341
1956,2024-02-14 16:55:00,58.64,58.64,58.6,58.629,83697
1957,2024-02-14 16:50:00,58.64,58.65,58.62,58.63,9500
1958,2024-02-14 16:45:00,58.64,58.65,58.62,58.65,88817
1959,2024-02-14 16:40:00,58.65,58.67,58.62,58.65,90407
1960,2024-02-14 16:35:00,58.66,58.69,58.62,58.65,118308
1961,2024-02-14 16:30:00,58.66,58.7,58.64,58.65,85800
1962,2024-02-14 16:25:00,58.65,58.68,58.64,58.66,72036
1963,2024-02-14 16:20:00,58.66,58.67,58.62,58.64,83823
1964,2024-02-14 16:15:00,58.54,58.67,58.52,58.66,133317
1965,2024-02-14 16:10:00,58.52,58.585,58.49,58.52,166279
1966,2024-02-14 16:05:00,58.64,58.64,55.835,58.52,192222
1967,2024-02-14 16:00:00,58.59,58.68,58.52,58.63,981279
1968,2024-02-14 15:55:00,58.51,58.75,58.51,58.6,2054972
1969,2024-02-14 15:50:00,58.55,58.64,58.49,58.504,1441714
1970,2024-02-14 15:45:00,58.46,58.56,58.42,58.55,1177703
1971,2024-02-14 15:40:00,58.4,58.49,58.37,58.465,1035937
1972,2024-02-14 15:35:00,58.2,58.42,58.19,58.405,791921
1973,2024-02-14 15:30:00,58.28,58.318,58.15,58.2,887309
1974,2024-02-14 15:25:00,58.125,58.33,58.11,58.28,1121542
1975,2024-02-14 15:20:00,58.045,58.13,58.02,58.12,452900
1976,2024-02-14 15:15:00,57.965,58.1,57.951,58.04,968385
1977,2024-02-14 15:10:00,58.015,58.03,57.895,57.96,714142
1978,2024-02-14 15:05:00,57.962,58.02,57.89,58.01,578264
1979,2024-02-14 15:00:00,57.89,57.98,57.77,57.965,1053922
1980,2024-02-14 14:55:00,57.8,57.89,57.7,57.88,590909
1981,2024-02-14 14:50:00,57.82,57.86,57.75,57.795,379792
1982,2024-02-14 14:45:00,57.76,57.83,57.672,57.82,406329
1983,2024-02-14 14:40:00,57.81,57.85,57.7,57.76,513940
1984,2024-02-14 14:35:00,57.745,57.88,57.695,57.805,687533
1985,2024-02-14 14:30:00,57.731,57.765,57.64,57.74,539103
1986,2024-02-14 14:25:00,57.566,57.76,57.55,57.73,615206
1987,2024-02-14 14:20:00,57.37,57.62,57.37,57.56,524139
1988,2024-02-14 14:15:00,57.47,57.54,57.365,57.37,452502
1989,2024-02-14 14:10:00,57.36,57.538,57.3,57.48,765484
1990,2024-02-14 14:05:00,57.57,57.57,57.241,57.355,1232882
1991,2024-02-14 14:00:00,57.78,57.79,57.566,57.57,532138
1992,2024-02-14 13:55:00,57.885,57.9,57.61,57.775,713328
1993,2024-02-14 13:50:00,57.945,57.975,57.87,57.888,385411
1994,2024-02-14 13:45:00,57.82,57.96,57.82,57.94,421063
1995,2024-02-14 13:40:00,57.99,58.04,57.81,57.825,978962
1996,2024-02-14 13:35:00,57.78,58.0,57.772,57.985,1019987
1997,2024-02-14 13:30:00,57.53,57.81,57.5,57.775,645548
1998,2024-02-14 13:25:00,57.46,57.54,57.44,57.514,307091
1999,2024-02-14 13:20:00,57.44,57.56,57.403,57.45,472320
2000,2024-02-14 13:15:00,57.42,57.54,57.376,57.43,604927
2001,2024-02-14 13:10:00,57.59,57.6,57.32,57.425,1110492
2002,2024-02-14 13:05:00,57.78,57.8,57.582,57.6,557715
2003,2024-02-14 13:00:00,57.69,57.835,57.6,57.785,806922
2004,2024-02-14 12:55:00,57.71,57.79,57.655,57.69,406118
2005,2024-02-14 12:50:00,57.71,57.736,57.65,57.704,386354
2006,2024-02-14 12:45:00,57.7,57.76,57.652,57.71,483380
2007,2024-02-14 12:40:00,57.565,57.74,57.526,57.7,730126
2008,2024-02-14 12:35:00,57.7,57.71,57.53,57.56,653592
2009,2024-02-14 12:30:00,57.56,57.71,57.53,57.71,892467
2010,2024-02-14 12:25:00,57.34,57.554,57.34,57.55,739320
2011,2024-02-14 12:20:00,57.26,57.37,57.195,57.33,390004
2012,2024-02-14 12:15:00,57.25,57.34,57.215,57.265,576259
2013,2024-02-14 12:10:00,57.135,57.31,57.13,57.26,612684
2014,2024-02-14 12:05:00,56.991,57.185,56.86,57.135,1012320
2015,2024-02-14 12:00:00,57.23,57.235,56.935,57.006,1353808
2016,2024-02-14 11:55:00,57.4,57.415,57.21,57.22,733223
2017,2024-02-14 11:50:00,57.34,57.47,57.29,57.39,626902
2018,2024-02-14 11:45:00,57.24,57.375,57.19,57.33,610811
2019,2024-02-14 11:40:00,57.53,57.607,57.175,57.23,1024047
2020,2024-02-14 11:35:00,57.48,57.55,57.43,57.54,624630
2021,2024-02-14 11:30:00,57.46,57.57,57.43,57.476,558700
2022,2024-02-14 11:25:00,57.5,57.53,57.35,57.455,929423
2023,2024-02-14 11:20:00,57.16,57.5,57.08,57.495,1133271
2024,2024-02-14 11:15:00,57.17,57.22,57.0,57.165,1179181
2025,2024-02-14 11:10:00,57.245,57.36,57.15,57.165,751617
2026,2024-02-14 11:05:00,57.18,57.366,57.13,57.245,1421541
2027,2024-02-14 11:00:00,57.37,57.37,57.01,57.18,2681215
2028,2024-02-14 10:55:00,57.68,57.7,57.37,57.38,1135162
2029,2024-02-14 10:50:00,57.94,57.99,57.63,57.68,1167152
2030,2024-02-14 10:45:00,57.83,57.97,57.77,57.94,1012485
2031,2024-02-14 10:40:00,58.02,58.026,57.815,57.835,1028667
2032,2024-02-14 10:35:00,58.18,58.2,57.95,58.01,1066731
2033,2024-02-14 10:30:00,58.28,58.32,58.11,58.18,849443
2034,2024-02-14 10:25:00,58.338,58.36,58.19,58.27,1013299
2035,2024-02-14 10:20:00,58.16,58.34,58.133,58.34,1607314
2036,2024-02-14 10:15:00,57.83,58.18,57.764,58.161,1409643
2037,2024-02-14 10:10:00,57.86,57.94,57.75,57.82,931219
2038,2024-02-14 10:05:00,57.765,58.05,57.751,57.854,1407489
2039,2024-02-14 10:00:00,57.82,57.92,57.68,57.77,1340403
2040,2024-02-14 09:55:00,57.51,57.82,57.49,57.81,1037036
2041,2024-02-14 09:50:00,57.71,57.73,57.445,57.516,1115449
2042,2024-02-14 09:45:00,57.65,57.85,57.64,57.69,1249573
2043,2024-02-14 09:40:00,57.45,57.69,57.36,57.63,1634682
2044,2024-02-14 09:35:00,57.8,57.82,57.44,57.441,1907537
2045,2024-02-14 09:30:00,57.8,58.09,57.765,57.791,3247671
2046,2024-02-14 09:25:00,57.7,57.83,57.7,57.8,119786
2047,2024-02-14 09:20:00,57.64,57.72,57.61,57.7,86720
2048,2024-02-14 09:15:00,57.71,57.72,57.62,57.64,91073
2049,2024-02-14 09:10:00,57.68,57.73,57.65,57.7,56182
2050,2024-02-14 09:05:00,57.64,57.72,57.61,57.68,72083
2051,2024-02-14 09:00:00,57.7,57.74,57.59,57.64,108300
2052,2024-02-14 08:55:00,57.66,57.75,57.61,57.71,125631
2053,2024-02-14 08:50:00,57.75,57.76,57.64,57.66,111897
2054,2024-02-14 08:45:00,57.87,57.91,57.74,57.75,97870
2055,2024-02-14 08:40:00,57.8,57.87,57.745,57.87,107237
2056,2024-02-14 08:35:00,57.71,57.8,57.64,57.79,79031
2057,2024-02-14 08:30:00,57.74,57.79,57.69,57.72,154126
2058,2024-02-14 08:25:00,57.79,57.8,57.67,57.72,96879
2059,2024-02-14 08:20:00,57.84,57.86,57.77,57.8,69183
2060,2024-02-14 08:15:00,57.94,57.95,57.83,57.84,62450
2061,2024-02-14 08:10:00,57.98,58.02,57.95,57.95,126035
2062,2024-02-14 08:05:00,57.96,58.0,57.95,57.99,83515
2063,2024-02-14 08:00:00,57.84,58.02,56.74,57.96,514289
2064,2024-02-14 07:55:00,57.84,57.85,57.78,57.82,42651
2065,2024-02-14 07:50:00,57.88,57.9,57.83,57.85,30385
2066,2024-02-14 07:45:00,57.82,57.9,57.82,57.88,36727
2067,2024-02-14 07:40:00,57.77,57.84,57.76,57.82,42973
2068,2024-02-14 07:35:00,57.85,57.87,57.77,57.779,44710
2069,2024-02-14 07:30:00,57.86,57.88,57.83,57.85,31186
2070,2024-02-14 07:25:00,57.88,57.94,57.83,57.831,34099
2071,2024-02-14 07:20:00,57.84,57.9,57.84,57.89,39403
2072,2024-02-14 07:15:00,57.87,57.87,57.83,57.83,46872
2073,2024-02-14 07:10:00,58.0,58.02,57.84,57.87,57045
2074,2024-02-14 07:05:00,57.92,58.02,57.92,58.009,87654
2075,2024-02-14 07:00:00,57.81,57.94,57.78,57.92,124091
2076,2024-02-14 06:55:00,57.73,57.83,57.73,57.81,24435
2077,2024-02-14 06:50:00,57.63,57.75,57.63,57.72,15118
2078,2024-02-14 06:45:00,57.62,57.64,57.59,57.63,8390
2079,2024-02-14 06:40:00,57.57,57.63,57.55,57.62,6561
2080,2024-02-14 06:35:00,57.63,57.63,57.51,57.58,18536
2081,2024-02-14 06:30:00,57.66,57.69,57.62,57.62,7006
2082,2024-02-14 06:25:00,57.63,57.67,57.61,57.67,11563
2083,2024-02-14 06:20:00,57.64,57.68,57.63,57.64,13949
2084,2024-02-14 06:15:00,57.6,57.63,57.58,57.63,6865
2085,2024-02-14 06:10:00,57.62,57.64,57.58,57.6,5963
2086,2024-02-14 06:05:00,57.62,57.65,57.6,57.62,18664
2087,2024-02-14 06:00:00,57.78,57.78,57.62,57.63,34027
2088,2024-02-14 05:55:00,57.78,57.86,57.77,57.79,12464
2089,2024-02-14 05:50:00,57.77,57.8,57.76,57.79,13614
2090,2024-02-14 05:45:00,57.73,57.76,57.72,57.76,7094
2091,2024-02-14 05:40:00,57.73,57.75,57.72,57.74,6081
2092,2024-02-14 05:35:00,57.72,57.78,57.72,57.73,9178
2093,2024-02-14 05:30:00,57.72,57.73,57.69,57.71,9713
2094,2024-02-14 05:25:00,57.71,57.74,57.7,57.73,12407
2095,2024-02-14 05:20:00,57.78,57.79,57.72,57.72,14132
2096,2024-02-14 05:15:00,57.76,57.82,57.76,57.79,17272
2097,2024-02-14 05:10:00,57.79,57.83,57.76,57.76,18983
2098,2024-02-14 05:05:00,57.78,57.8,57.75,57.78,17406
2099,2024-02-14 05:00:00,57.86,57.88,57.78,57.79,31718
2100,2024-02-14 04:55:00,57.82,57.88,57.8,57.86,29817
2101,2024-02-14 04:50:00,57.81,57.82,57.77,57.8,57722
2102,2024-02-14 04:45:00,57.73,57.81,57.71,57.81,40896
2103,2024-02-14 04:40:00,57.67,57.74,57.64,57.73,17209
2104,2024-02-14 04:35:00,57.63,57.71,57.62,57.67,17046
2105,2024-02-14 04:30:00,57.61,57.64,57.59,57.63,14427
2106,2024-02-14 04:25:00,57.59,57.63,57.57,57.62,13094
2107,2024-02-14 04:20:00,57.67,57.67,57.59,57.6,38896
2108,2024-02-14 04:15:00,57.59,57.67,57.58,57.67,81343
2109,2024-02-14 04:10:00,57.53,57.6,57.53,57.59,34101
2110,2024-02-14 04:05:00,57.53,57.56,57.51,57.54,51545
2111,2024-02-14 04:00:00,57.5,57.55,57.32,57.52,42706
2112,2024-02-13 19:55:00,56.82,56.84,56.81,56.81,24355
2113,2024-02-13 19:50:00,56.83,56.88,56.82,56.83,12749
2114,2024-02-13 19:45:00,56.78,56.84,56.78,56.84,15853
2115,2024-02-13 19:40:00,56.75,56.8,56.72,56.79,10343
2116,2024-02-13 19:35:00,56.73,56.77,56.72,56.74,3602
2117,2024-02-13 19:30:00,56.74,56.79,56.73,56.75,5103
2118,2024-02-13 19:25:00,56.72,56.76,56.7,56.73,21034
2119,2024-02-13 19:20:00,56.8,56.8,56.71,56.74,17130
2120,2024-02-13 19:15:00,56.8,56.84,56.78,56.81,24141
2121,2024-02-13 19:10:00,56.79,56.82,56.78,56.81,10829
2122,2024-02-13 19:05:00,56.83,56.83,56.78,56.8,8588
2123,2024-02-13 19:00:00,56.85,56.85,56.8,56.83,9693
2124,2024-02-13 18:55:00,56.86,56.87,56.831,56.85,7983
2125,2024-02-13 18:50:00,56.8,56.85,56.78,56.85,14158
2126,2024-02-13 18:45:00,56.88,56.89,56.81,56.81,10797
2127,2024-02-13 18:40:00,56.88,56.9,56.85,56.88,6183
2128,2024-02-13 18:35:00,56.86,56.91,56.85,56.88,15067
2129,2024-02-13 18:30:00,56.83,56.859,56.82,56.84,11259
2130,2024-02-13 18:25:00,56.785,56.85,56.78,56.85,10709
2131,2024-02-13 18:20:00,56.79,56.81,56.78,56.79,7175
2132,2024-02-13 18:15:00,56.8,56.82,56.78,56.78,20764
2133,2024-02-13 18:10:00,56.85,56.85,56.805,56.805,13470
2134,2024-02-13 18:05:00,56.84,56.88,56.811,56.84,24596
2135,2024-02-13 18:00:00,57.04,57.04,56.78,56.82,219494
2136,2024-02-13 17:55:00,57.04,57.05,57.02,57.05,7982
2137,2024-02-13 17:50:00,57.04,57.04,57.0,57.04,7186
2138,2024-02-13 17:45:00,57.03,57.04,57.02,57.03,31151
2139,2024-02-13 17:40:00,57.04,57.04,57.03,57.04,9118
2140,2024-02-13 17:35:00,57.02,57.04,56.99,57.02,15705
2141,2024-02-13 17:30:00,57.01,57.02,56.99,57.02,36476
2142,2024-02-13 17:25:00,56.99,57.03,56.99,57.0,24593
2143,2024-02-13 17:20:00,56.97,57.02,56.96,57.0,50362
2144,2024-02-13 17:15:00,56.97,57.0,56.96,56.97,26511
2145,2024-02-13 17:10:00,56.98,56.98,56.96,56.98,18039
2146,2024-02-13 17:05:00,56.96,56.98,56.96,56.98,27490
2147,2024-02-13 17:00:00,56.94,56.98,56.91,56.97,22045
2148,2024-02-13 16:55:00,56.94,56.95,56.93,56.94,11744
2149,2024-02-13 16:50:00,56.94,56.95,56.92,56.95,53016
2150,2024-02-13 16:45:00,56.95,56.97,56.92,56.95,51200
2151,2024-02-13 16:40:00,56.9,56.97,56.89,56.95,56262
2152,2024-02-13 16:35:00,56.855,56.9,56.85,56.9,68898
2153,2024-02-13 16:30:00,56.85,56.87,56.85,56.86,39760
2154,2024-02-13 16:25:00,56.865,56.89,56.835,56.85,49472
2155,2024-02-13 16:20:00,56.88,56.9,56.84,56.86,95017
2156,2024-02-13 16:15:00,56.74,56.89,56.74,56.88,148185
2157,2024-02-13 16:10:00,56.74,56.87,56.73,56.8,191544
2158,2024-02-13 16:05:00,56.76,56.81,56.72,56.74,108228
2159,2024-02-13 16:00:00,56.73,56.78,56.66,56.77,475729
2160,2024-02-13 15:55:00,56.34,56.754,56.29,56.745,3235892
2161,2024-02-13 15:50:00,56.34,56.38,56.165,56.345,2124429
2162,2024-02-13 15:45:00,56.19,56.4,56.19,56.339,1720360
2163,2024-02-13 15:40:00,55.837,56.22,55.824,56.18,1314457
2164,2024-02-13 15:35:00,55.84,55.919,55.795,55.84,1001971
2165,2024-02-13 15:30:00,55.7,55.85,55.655,55.85,1468885
2166,2024-02-13 15:25:00,55.495,55.735,55.46,55.7,1143592
2167,2024-02-13 15:20:00,55.58,55.63,55.435,55.495,1199564
2168,2024-02-13 15:15:00,55.66,55.727,55.53,55.59,793286
2169,2024-02-13 15:10:00,55.661,55.73,55.6,55.65,600046
2170,2024-02-13 15:05:00,55.655,55.767,55.64,55.665,818479
2171,2024-02-13 15:00:00,55.75,55.85,55.63,55.655,923297
2172,2024-02-13 14:55:00,55.78,55.86,55.67,55.75,1165693
2173,2024-02-13 14:50:00,56.04,56.07,55.73,55.775,1356390
2174,2024-02-13 14:45:00,56.29,56.33,56.014,56.03,915349
2175,2024-02-13 14:40:00,56.41,56.45,56.28,56.29,644951
2176,2024-02-13 14:35:00,56.32,56.42,56.28,56.407,884395
2177,2024-02-13 14:30:00,56.1,56.37,56.08,56.33,792620
2178,2024-02-13 14:25:00,56.034,56.165,55.915,56.1,729217
2179,2024-02-13 14:20:00,56.025,56.105,55.985,56.03,627221
2180,2024-02-13 14:15:00,55.925,56.11,55.9,56.03,1216430
2181,2024-02-13 14:10:00,56.14,56.155,55.891,55.925,1403607
2182,2024-02-13 14:05:00,56.25,56.27,56.1,56.148,906154
2183,2024-02-13 14:00:00,56.53,56.54,56.22,56.25,989615
2184,2024-02-13 13:55:00,56.48,56.55,56.45,56.536,452052
2185,2024-02-13 13:50:00,56.58,56.6,56.47,56.48,713290
2186,2024-02-13 13:45:00,56.71,56.77,56.533,56.59,558206
2187,2024-02-13 13:40:00,56.78,56.8,56.68,56.71,310639
2188,2024-02-13 13:35:00,56.73,56.786,56.66,56.786,351397
2189,2024-02-13 13:30:00,56.79,56.86,56.71,56.73,523414
2190,2024-02-13 13:25:00,56.81,56.89,56.75,56.8,376428
2191,2024-02-13 13:20:00,56.795,56.84,56.67,56.82,380927
2192,2024-02-13 13:15:00,56.87,56.939,56.74,56.795,490782
2193,2024-02-13 13:10:00,56.79,56.875,56.7,56.865,498710
2194,2024-02-13 13:05:00,56.7,56.79,56.65,56.784,506778
2195,2024-02-13 13:00:00,56.69,56.76,56.62,56.7,549236
2196,2024-02-13 12:55:00,56.72,56.77,56.6,56.705,1039873
2197,2024-02-13 12:50:00,56.96,57.05,56.713,56.72,668937
2198,2024-02-13 12:45:00,57.16,57.19,56.96,56.965,430668
2199,2024-02-13 12:40:00,57.16,57.24,57.121,57.153,416744
2200,2024-02-13 12:35:00,57.17,57.22,57.07,57.16,397574
2201,2024-02-13 12:30:00,56.88,57.21,56.87,57.17,760607
2202,2024-02-13 12:25:00,57.021,57.036,56.82,56.87,656109
2203,2024-02-13 12:20:00,57.08,57.122,57.0,57.02,384482
2204,2024-02-13 12:15:00,57.005,57.145,56.985,57.07,625823
2205,2024-02-13 12:10:00,57.015,57.04,56.86,57.005,721488
2206,2024-02-13 12:05:00,57.16,57.189,56.952,57.01,849061
2207,2024-02-13 12:00:00,57.17,57.215,57.065,57.165,820409
2208,2024-02-13 11:55:00,57.27,57.3,57.12,57.18,820244
2209,2024-02-13 11:50:00,57.55,57.58,57.2,57.275,768488
2210,2024-02-13 11:45:00,57.59,57.64,57.52,57.54,571737
2211,2024-02-13 11:40:00,57.565,57.625,57.41,57.585,703349
2212,2024-02-13 11:35:00,57.38,57.605,57.35,57.56,661506
2213,2024-02-13 11:30:00,57.49,57.505,57.27,57.382,723053
2214,2024-02-13 11:25:00,57.43,57.51,57.36,57.48,418064
2215,2024-02-13 11:20:00,57.37,57.57,57.34,57.436,676222
2216,2024-02-13 11:15:00,57.52,57.57,57.29,57.367,765150
2217,2024-02-13 11:10:00,57.67,57.71,57.515,57.525,667311
2218,2024-02-13 11:05:00,57.553,57.73,57.505,57.676,1027775
2219,2024-02-13 11:00:00,57.23,57.57,57.23,57.554,968197
2220,2024-02-13 10:55:00,57.62,57.645,57.21,57.22,1454965
2221,2024-02-13 10:50:00,57.685,57.747,57.51,57.625,1245066
2222,2024-02-13 10:45:00,57.775,57.845,57.624,57.685,1490102
2223,2024-02-13 10:40:00,57.74,57.87,57.57,57.77,1479898
2224,2024-02-13 10:35:00,57.44,57.76,57.38,57.74,1479996
2225,2024-02-13 10:30:00,57.38,57.529,57.32,57.434,2130847
2226,2024-02-13 10:25:00,57.01,57.39,57.01,57.389,2161430
2227,2024-02-13 10:20:00,56.705,57.075,56.705,57.016,2033529
2228,2024-02-13 10:15:00,56.46,56.73,56.275,56.715,1503682
2229,2024-02-13 10:10:00,56.48,56.66,56.45,56.465,792406
2230,2024-02-13 10:05:00,56.47,56.71,56.45,56.485,1150004
2231,2024-02-13 10:00:00,56.7,56.76,56.41,56.465,1520800
2232,2024-02-13 09:55:00,56.73,56.8,56.54,56.705,1605823
2233,2024-02-13 09:50:00,56.42,56.8,56.265,56.74,1583872
2234,2024-02-13 09:45:00,56.39,56.62,56.36,56.42,1314935
2235,2024-02-13 09:40:00,56.54,56.585,56.25,56.395,2031336
2236,2024-02-13 09:35:00,56.23,56.62,56.18,56.535,2820860
2237,2024-02-13 09:30:00,56.24,56.34,55.83,56.23,4925015
2238,2024-02-13 09:25:00,56.19,56.3,56.13,56.23,256723
2239,2024-02-13 09:20:00,56.42,56.43,56.151,56.18,242244
2240,2024-02-13 09:15:00,56.26,56.43,56.26,56.42,308585
2241,2024-02-13 09:10:00,56.22,56.31,56.17,56.26,387088
2242,2024-02-13 09:05:00,56.41,56.42,56.13,56.21,347996
2243,2024-02-13 09:00:00,56.58,56.58,56.251,56.4,458012
2244,2024-02-13 08:55:00,56.47,56.63,56.47,56.57,328124
2245,2024-02-13 08:50:00,56.44,56.63,56.35,56.48,611991
2246,2024-02-13 08:45:00,56.76,56.84,56.439,56.44,645665
2247,2024-02-13 08:40:00,56.76,56.9,56.58,56.76,832229
2248,2024-02-13 08:35:00,56.85,56.86,56.54,56.78,949077
2249,2024-02-13 08:30:00,58.4,58.63,56.72,56.85,1589048
2250,2024-02-13 08:25:00,58.45,58.47,58.37,58.4,150283
2251,2024-02-13 08:20:00,58.34,58.46,58.339,58.45,143682
2252,2024-02-13 08:15:00,58.39,58.39,58.32,58.34,47600
2253,2024-02-13 08:10:00,58.37,58.41,58.36,58.389,113493
2254,2024-02-13 08:05:00,58.29,59.52,58.28,58.37,41229
2255,2024-02-13 08:00:00,58.34,59.55,58.03,59.42,284305
2256,2024-02-13 07:55:00,58.21,58.33,58.2,58.28,69910
2257,2024-02-13 07:50:00,58.14,58.21,58.11,58.21,29126
2258,2024-02-13 07:45:00,58.2,58.21,58.11,58.13,60079
2259,2024-02-13 07:40:00,58.24,58.25,58.17,58.2,32151
2260,2024-02-13 07:35:00,58.31,58.31,58.21,58.24,142486
2261,2024-02-13 07:30:00,58.22,58.329,58.19,58.31,43741
2262,2024-02-13 07:25:00,58.28,58.28,58.2,58.23,12553
2263,2024-02-13 07:20:00,58.27,58.3,58.23,58.28,62753
2264,2024-02-13 07:15:00,58.18,58.29,58.15,58.27,53069
2265,2024-02-13 07:10:00,58.16,58.28,58.13,58.18,64571
2266,2024-02-13 07:05:00,58.059,58.17,58.05,58.17,73198
2267,2024-02-13 07:00:00,58.35,58.38,58.03,58.06,236602
2268,2024-02-13 06:55:00,58.35,58.36,58.3,58.34,20887
2269,2024-02-13 06:50:00,58.4,58.4,58.32,58.36,11598
2270,2024-02-13 06:45:00,58.4,58.4,58.3,58.39,31391
2271,2024-02-13 06:40:00,58.41,58.43,58.39,58.4,33879
2272,2024-02-13 06:35:00,58.42,58.45,58.4,58.42,9157
2273,2024-02-13 06:30:00,58.49,58.49,58.41,58.42,8685
2274,2024-02-13 06:25:00,58.45,58.51,58.45,58.49,14905
2275,2024-02-13 06:20:00,58.49,58.52,58.43,58.44,23512
2276,2024-02-13 06:15:00,58.4,58.49,58.39,58.49,8528
2277,2024-02-13 06:10:00,58.47,58.47,58.39,58.4,11955
2278,2024-02-13 06:05:00,58.47,58.49,58.43,58.48,8306
2279,2024-02-13 06:00:00,58.45,58.5,58.43,58.47,10370
2280,2024-02-13 05:55:00,58.38,58.45,58.37,58.45,26346
2281,2024-02-13 05:50:00,58.47,58.47,58.38,58.38,22972
2282,2024-02-13 05:45:00,58.5,58.5,58.45,58.48,8497
2283,2024-02-13 05:40:00,58.55,58.57,58.48,58.5,9421
2284,2024-02-13 05:35:00,58.56,58.6,58.54,58.55,7968
2285,2024-02-13 05:30:00,58.46,58.59,58.46,58.56,12416
2286,2024-02-13 05:25:00,58.47,58.5,58.41,58.47,30669
2287,2024-02-13 05:20:00,58.5,58.54,58.47,58.48,30954
2288,2024-02-13 05:15:00,58.56,58.57,58.48,58.51,36416
2289,2024-02-13 05:10:00,58.57,58.63,58.53,58.55,32058
2290,2024-02-13 05:05:00,58.59,58.63,58.52,58.57,22615
2291,2024-02-13 05:00:00,58.61,58.65,58.59,58.6,19167
2292,2024-02-13 04:55:00,58.65,58.66,58.6,58.62,16702
2293,2024-02-13 04:50:00,58.61,58.68,58.59,58.66,22968
2294,2024-02-13 04:45:00,58.68,58.68,58.54,58.61,48188
2295,2024-02-13 04:40:00,58.7,58.72,58.64,58.69,25550
2296,2024-02-13 04:35:00,58.7,58.78,58.66,58.69,12955
2297,2024-02-13 04:30:00,58.83,58.84,58.7,58.7,15046
2298,2024-02-13 04:25:00,58.91,58.95,58.83,58.83,20536
2299,2024-02-13 04:20:00,58.88,58.94,58.86,58.91,10568
2300,2024-02-13 04:15:00,58.79,58.9,58.76,58.89,23358
2301,2024-02-13 04:10:00,58.88,58.9,58.79,58.79,9621
2302,2024-02-13 04:05:00,58.88,58.95,58.84,58.89,90887
2303,2024-02-13 04:00:00,58.88,59.25,58.77,58.87,136627
2304,2024-02-12 19:55:00,59.21,59.24,59.2,59.21,14693
2305,2024-02-12 19:50:00,59.2,59.22,59.19,59.21,10376
2306,2024-02-12 19:45:00,59.22,59.24,59.17,59.195,14190
2307,2024-02-12 19:40:00,59.22,59.24,59.21,59.22,18217
2308,2024-02-12 19:35:00,59.2,59.22,59.2,59.22,6812
2309,2024-02-12 19:30:00,59.2,59.24,59.19,59.2,10421
2310,2024-02-12 19:25:00,59.16,59.21,59.16,59.21,8461
2311,2024-02-12 19:20:00,59.16,59.19,59.12,59.15,11930
2312,2024-02-12 19:15:00,59.2,59.24,59.16,59.16,6569
2313,2024-02-12 19:10:00,59.19,59.25,59.19,59.205,10442
2314,2024-02-12 19:05:00,59.24,59.24,59.18,59.19,18550
2315,2024-02-12 19:00:00,59.3,59.3,59.23,59.23,13060
2316,2024-02-12 18:55:00,59.29,59.32,59.28,59.3,5577
2317,2024-02-12 18:50:00,59.3,59.32,59.3,59.3,10841
2318,2024-02-12 18:45:00,59.29,59.32,59.28,59.3,18302
2319,2024-02-12 18:40:00,59.249,59.29,59.231,59.29,9943
2320,2024-02-12 18:35:00,59.24,59.25,59.22,59.23,3204
2321,2024-02-12 18:30:00,59.22,59.26,59.22,59.24,2855
2322,2024-02-12 18:25:00,59.23,59.25,59.22,59.22,31251
2323,2024-02-12 18:20:00,59.17,59.26,59.15,59.24,13940
2324,2024-02-12 18:15:00,59.11,59.18,59.11,59.17,5663
2325,2024-02-12 18:10:00,59.23,59.23,59.1,59.1,16294
2326,2024-02-12 18:05:00,59.24,59.25,59.22,59.22,15163
2327,2024-02-12 18:00:00,59.19,59.25,59.16,59.23,13178
2328,2024-02-12 17:55:00,59.2,59.2,59.17,59.19,6221
2329,2024-02-12 17:50:00,59.21,59.21,59.18,59.19,6017
2330,2024-02-12 17:45:00,59.21,59.21,59.18,59.2,8925
2331,2024-02-12 17:40:00,59.2,59.21,59.19,59.205,17024
2332,2024-02-12 17:35:00,59.23,59.23,59.18,59.21,10399
2333,2024-02-12 17:30:00,59.22,59.23,59.21,59.23,5945
2334,2024-02-12 17:25:00,59.22,59.23,59.19,59.22,12797
2335,2024-02-12 17:20:00,59.2,59.21,59.18,59.21,5939
2336,2024-02-12 17:15:00,59.2,59.21,59.18,59.2,7224
2337,2024-02-12 17:10:00,59.21,59.56,59.18,59.2,7681
2338,2024-02-12 17:05:00,59.22,59.23,59.17,59.19,18699
2339,2024-02-12 17:00:00,59.23,59.27,59.22,59.23,20473
2340,2024-02-12 16:55:00,59.17,59.23,59.16,59.23,36058
2341,2024-02-12 16:50:00,59.12,59.17,59.11,59.17,62729
2342,2024-02-12 16:45:00,59.13,59.14,59.12,59.14,31983
2343,2024-02-12 16:40:00,59.13,59.14,59.12,59.13,14087
2344,2024-02-12 16:35:00,59.125,59.14,59.12,59.13,13257
2345,2024-02-12 16:30:00,59.12,59.14,59.1,59.125,30711
2346,2024-02-12 16:25:00,59.1,59.13,59.08,59.12,49281
2347,2024-02-12 16:20:00,59.169,59.17,59.04,59.11,146073
2348,2024-02-12 16:15:00,59.56,59.56,59.15,59.17,104127
2349,2024-02-12 16:10:00,59.31,59.32,59.14,59.16,236566
2350,2024-02-12 16:05:00,59.46,59.48,59.305,59.31,70040
2351,2024-02-12 16:00:00,59.55,59.59,59.44,59.46,830774
2352,2024-02-12 15:55:00,59.58,59.596,59.435,59.55,1465691
2353,2024-02-12 15:50:00,59.61,59.73,59.56,59.59,994605
2354,2024-02-12 15:45:00,59.61,59.71,59.6,59.6,546635
2355,2024-02-12 15:40:00,59.585,59.62,59.525,59.604,516227
2356,2024-02-12 15:35:00,59.64,59.69,59.57,59.584,292900
2357,2024-02-12 15:30:00,59.662,59.697,59.6,59.643,275294
2358,2024-02-12 15:25:00,59.67,59.74,59.64,59.66,316273
2359,2024-02-12 15:20:00,59.705,59.776,59.65,59.663,386412
2360,2024-02-12 15:15:00,59.67,59.74,59.6,59.705,374695
2361,2024-02-12 15:10:00,59.655,59.74,59.63,59.67,442658
2362,2024-02-12 15:05:00,59.51,59.68,59.48,59.66,511050
2363,2024-02-12 15:00:00,59.42,59.59,59.4,59.504,573972
2364,2024-02-12 14:55:00,59.46,59.49,59.35,59.43,428234
2365,2024-02-12 14:50:00,59.64,59.65,59.41,59.46,585134
2366,2024-02-12 14:45:00,59.67,59.72,59.58,59.65,411665
2367,2024-02-12 14:40:00,59.704,59.805,59.66,59.684,664815
2368,2024-02-12 14:35:00,59.65,59.71,59.54,59.705,479211
2369,2024-02-12 14:30:00,59.705,59.705,59.6,59.65,634342
2370,2024-02-12 14:25:00,59.63,59.735,59.56,59.7,776360
2371,2024-02-12 14:20:00,59.355,59.675,59.275,59.63,1726192
2372,2024-02-12 14:15:00,59.983,59.99,59.34,59.36,2305658
2373,2024-02-12 14:10:00,60.07,60.11,59.965,59.985,343177
2374,2024-02-12 14:05:00,59.975,60.115,59.87,60.06,736490
2375,2024-02-12 14:00:00,60.125,60.17,59.95,59.98,820662
2376,2024-02-12 13:55:00,60.127,60.23,60.06,60.124,597090
2377,2024-02-12 13:50:00,60.02,60.14,60.0,60.12,740214
2378,2024-02-12 13:45:00,59.98,60.09,59.93,60.02,920510
2379,2024-02-12 13:40:00,60.02,60.05,59.84,59.98,1302255
2380,2024-02-12 13:35:00,60.26,60.335,59.88,60.01,1599329
2381,2024-02-12 13:30:00,60.48,60.485,60.26,60.263,903845
2382,2024-02-12 13:25:00,60.686,60.7,60.464,60.48,916443
2383,2024-02-12 13:20:00,60.96,60.965,60.65,60.685,705288
2384,2024-02-12 13:15:00,60.96,61.011,60.93,60.96,297846
2385,2024-02-12 13:10:00,60.91,61.02,60.89,60.96,520344
2386,2024-02-12 13:05:00,60.944,60.965,60.83,60.9,425885
2387,2024-02-12 13:00:00,60.97,60.987,60.9,60.945,319606
2388,2024-02-12 12:55:00,60.875,60.98,60.875,60.97,481129
2389,2024-02-12 12:50:00,60.86,60.9,60.81,60.875,486419
2390,2024-02-12 12:45:00,60.694,60.865,60.68,60.86,447862
2391,2024-02-12 12:40:00,60.745,60.78,60.69,60.7,265828
2392,2024-02-12 12:35:00,60.762,60.78,60.7,60.75,302232
2393,2024-02-12 12:30:00,60.7,60.8,60.69,60.765,487821
2394,2024-02-12 12:25:00,60.69,60.72,60.6,60.7,544252
2395,2024-02-12 12:20:00,60.845,60.87,60.615,60.685,621094
2396,2024-02-12 12:15:00,60.96,60.97,60.83,60.84,386390
2397,2024-02-12 12:10:00,60.92,61.01,60.92,60.96,365478
2398,2024-02-12 12:05:00,60.955,61.0,60.9,60.92,444341
2399,2024-02-12 12:00:00,60.93,60.955,60.81,60.95,366950
2400,2024-02-12 11:55:00,60.95,61.005,60.885,60.93,664810
2401,2024-02-12 11:50:00,60.775,60.95,60.77,60.948,438534
2402,2024-02-12 11:45:00,60.985,61.08,60.76,60.775,867126
2403,2024-02-12 11:40:00,61.03,61.036,60.95,60.988,669300
2404,2024-02-12 11:35:00,61.06,61.14,61.0,61.021,718072
2405,2024-02-12 11:30:00,60.865,61.07,60.82,61.055,1306299
2406,2024-02-12 11:25:00,60.784,60.9,60.774,60.86,697340
2407,2024-02-12 11:20:00,60.689,60.83,60.63,60.784,695033
2408,2024-02-12 11:15:00,60.63,60.73,60.606,60.685,483708
2409,2024-02-12 11:10:00,60.68,60.7,60.565,60.632,506284
2410,2024-02-12 11:05:00,60.649,60.69,60.597,60.69,371381
2411,2024-02-12 11:00:00,60.72,60.74,60.56,60.65,724819
2412,2024-02-12 10:55:00,60.74,60.76,60.69,60.715,717111
2413,2024-02-12 10:50:00,60.57,60.75,60.51,60.735,876084
2414,2024-02-12 10:45:00,60.525,60.59,60.504,60.562,556091
2415,2024-02-12 10:40:00,60.44,60.54,60.42,60.52,818170
2416,2024-02-12 10:35:00,60.35,60.47,60.32,60.44,768073
2417,2024-02-12 10:30:00,60.252,60.42,60.205,60.35,860476
2418,2024-02-12 10:25:00,60.19,60.31,60.19,60.255,563501
2419,2024-02-12 10:20:00,60.153,60.212,60.12,60.19,408151
2420,2024-02-12 10:15:00,60.18,60.205,60.061,60.16,683273
2421,2024-02-12 10:10:00,60.26,60.31,60.17,60.18,631445
2422,2024-02-12 10:05:00,60.24,60.26,60.116,60.256,817049
2423,2024-02-12 10:00:00,60.33,60.35,60.17,60.24,647505
2424,2024-02-12 09:55:00,60.245,60.33,60.23,60.33,707146
2425,2024-02-12 09:50:00,60.12,60.26,60.11,60.25,828042
2426,2024-02-12 09:45:00,60.32,60.335,60.09,60.11,993227
2427,2024-02-12 09:40:00,60.28,60.33,60.13,60.31,1192995
2428,2024-02-12 09:35:00,60.38,60.43,60.255,60.285,1361926
2429,2024-02-12 09:30:00,60.21,60.42,59.99,60.38,2427772
2430,2024-02-12 09:25:00,60.15,60.23,60.14,60.22,49300
2431,2024-02-12 09:20:00,60.19,60.23,60.16,60.16,46682
2432,2024-02-12 09:15:00,60.16,60.2,60.13,60.19,67176
2433,2024-02-12 09:10:00,60.26,60.27,60.15,60.15,74278
2434,2024-02-12 09:05:00,60.24,60.28,60.24,60.26,27061
2435,2024-02-12 09:00:00,60.22,60.25,60.2,60.25,40070
2436,2024-02-12 08:55:00,60.2,60.26,60.2,60.22,23380
2437,2024-02-12 08:50:00,60.215,60.23,60.2,60.21,22978
2438,2024-02-12 08:45:00,60.24,60.24,60.2,60.21,32277
2439,2024-02-12 08:40:00,60.25,60.28,60.229,60.24,36654
2440,2024-02-12 08:35:00,60.319,60.32,60.26,60.26,50308
2441,2024-02-12 08:30:00,60.35,60.369,60.26,60.31,29084
2442,2024-02-12 08:25:00,60.38,60.41,60.35,60.359,18006
2443,2024-02-12 08:20:00,60.34,60.39,60.269,60.39,16111
2444,2024-02-12 08:15:00,60.39,60.491,60.279,60.34,20460
2445,2024-02-12 08:10:00,60.38,60.509,60.36,60.389,17113
2446,2024-02-12 08:05:00,60.21,60.45,60.07,60.38,65835
2447,2024-02-12 08:00:00,60.34,60.5,60.07,60.14,176926
2448,2024-02-12 07:55:00,60.31,60.34,60.27,60.34,8580
2449,2024-02-12 07:50:00,60.3,60.32,60.29,60.31,18776
2450,2024-02-12 07:45:00,60.32,60.34,60.3,60.31,15307
2451,2024-02-12 07:40:00,60.27,60.32,60.26,60.32,18352
2452,2024-02-12 07:35:00,60.32,60.32,60.26,60.27,10063
2453,2024-02-12 07:30:00,60.3,60.35,60.27,60.32,16362
2454,2024-02-12 07:25:00,60.36,60.38,60.3,60.32,17109
2455,2024-02-12 07:20:00,60.37,60.38,60.33,60.35,9634
2456,2024-02-12 07:15:00,60.39,60.4,60.35,60.36,4657
2457,2024-02-12 07:10:00,60.39,60.39,60.33,60.39,8496
2458,2024-02-12 07:05:00,60.33,60.39,60.33,60.37,15006
2459,2024-02-12 07:00:00,60.38,60.44,60.3,60.34,40056
2460,2024-02-12 06:55:00,60.4,60.41,60.39,60.39,1967
2461,2024-02-12 06:50:00,60.41,60.41,60.39,60.4,4163
2462,2024-02-12 06:45:00,60.42,60.43,60.4,60.41,4964
2463,2024-02-12 06:40:00,60.37,60.43,60.36,60.43,7600
2464,2024-02-12 06:35:00,60.43,60.43,60.37,60.37,14568
2465,2024-02-12 06:30:00,60.45,60.46,60.43,60.43,6063
2466,2024-02-12 06:25:00,60.48,60.49,60.45,60.45,11365
2467,2024-02-12 06:20:00,60.47,60.5,60.45,60.49,11325
2468,2024-02-12 06:15:00,60.41,60.48,60.41,60.47,5755
2469,2024-02-12 06:10:00,60.38,60.43,60.37,60.42,4718
2470,2024-02-12 06:05:00,60.41,60.41,60.38,60.38,5943
2471,2024-02-12 06:00:00,60.45,60.45,60.41,60.41,42495
2472,2024-02-12 05:55:00,60.44,60.45,60.43,60.44,9790
2473,2024-02-12 05:50:00,60.44,60.45,60.41,60.43,5632
2474,2024-02-12 05:45:00,60.41,60.45,60.41,60.44,4916
2475,2024-02-12 05:40:00,60.44,60.44,60.4,60.42,7470
2476,2024-02-12 05:35:00,60.45,60.45,60.41,60.45,6242
2477,2024-02-12 05:30:00,60.46,60.48,60.43,60.45,4873
2478,2024-02-12 05:25:00,60.46,60.46,60.42,60.45,3753
2479,2024-02-12 05:20:00,60.44,60.47,60.43,60.47,57845
2480,2024-02-12 05:15:00,60.51,60.51,60.43,60.45,57373
2481,2024-02-12 05:10:00,60.42,60.52,60.4,60.5,11818
2482,2024-02-12 05:05:00,60.47,60.47,60.37,60.4,12556
2483,2024-02-12 05:00:00,60.45,60.48,60.44,60.47,26540
2484,2024-02-12 04:55:00,60.44,60.45,60.42,60.45,3146
2485,2024-02-12 04:50:00,60.46,60.47,60.42,60.44,9417
2486,2024-02-12 04:45:00,60.49,60.5,60.46,60.46,25106
2487,2024-02-12 04:40:00,60.46,60.49,60.46,60.49,7056
2488,2024-02-12 04:35:00,60.5,60.5,60.46,60.46,8858
2489,2024-02-12 04:30:00,60.47,60.49,60.46,60.49,19730
2490,2024-02-12 04:25:00,60.43,60.47,60.41,60.47,18293
2491,2024-02-12 04:20:00,60.47,60.48,60.43,60.44,10459
2492,2024-02-12 04:15:00,60.41,60.47,60.4,60.46,11430
2493,2024-02-12 04:10:00,60.49,60.51,60.4,60.41,22182
2494,2024-02-12 04:05:00,60.43,60.51,60.4,60.49,20633
2495,2024-02-12 04:00:00,60.35,60.42,60.24,60.42,22143
2496,2024-02-09 19:55:00,60.29,60.33,60.28,60.29,9436
2497,2024-02-09 19:50:00,60.29,60.3,60.28,60.285,7712
2498,2024-02-09 19:45:00,60.26,60.29,60.26,60.28,5770
2499,2024-02-09 19:40:00,60.27,60.29,60.26,60.265,11604
2500,2024-02-09 19:35:00,60.28,60.29,60.27,60.29,41093
2501,2024-02-09 19:30:00,60.29,60.3,60.27,60.28,2655
2502,2024-02-09 19:25:00,60.27,60.3,60.26,60.27,7678
2503,2024-02-09 19:20:00,60.25,60.27,60.25,60.27,1689
2504,2024-02-09 19:15:00,60.26,60.26,60.25,60.25,1883
2505,2024-02-09 19:10:00,60.27,60.27,60.24,60.25,4562
2506,2024-02-09 19:05:00,60.23,60.27,60.23,60.27,6983
2507,2024-02-09 19:00:00,60.22,60.25,60.22,60.24,5839
2508,2024-02-09 18:55:00,60.22,60.23,60.21,60.22,1322
2509,2024-02-09 18:50:00,60.21,60.23,60.21,60.23,2791
2510,2024-02-09 18:45:00,60.23,60.24,60.21,60.21,1697
2511,2024-02-09 18:40:00,60.22,60.24,60.21,60.24,4895
2512,2024-02-09 18:35:00,60.23,60.235,60.22,60.22,2044
2513,2024-02-09 18:30:00,60.22,60.24,60.21,60.23,4040
2514,2024-02-09 18:25:00,60.23,60.23,60.21,60.21,544
2515,2024-02-09 18:20:00,60.22,60.225,60.21,60.22,1679
2516,2024-02-09 18:15:00,60.21,60.22,60.21,60.21,1421
2517,2024-02-09 18:10:00,60.21,60.22,60.21,60.215,2145
2518,2024-02-09 18:05:00,60.22,60.22,60.21,60.215,4962
2519,2024-02-09 18:00:00,60.21,60.22,60.21,60.21,1570
2520,2024-02-09 17:55:00,60.22,60.22,60.21,60.22,4969
2521,2024-02-09 17:50:00,60.21,60.26,60.21,60.215,7314
2522,2024-02-09 17:45:00,60.259,60.259,60.21,60.22,8862
2523,2024-02-09 17:40:00,60.22,60.26,60.22,60.25,14906
2524,2024-02-09 17:35:00,60.23,60.24,60.22,60.23,2987
2525,2024-02-09 17:30:00,60.24,60.25,60.23,60.23,5673
2526,2024-02-09 17:25:00,60.24,60.25,60.23,60.24,5729
2527,2024-02-09 17:20:00,60.23,60.25,60.23,60.24,4047
2528,2024-02-09 17:15:00,60.24,60.25,60.23,60.25,12414
2529,2024-02-09 17:10:00,60.245,60.25,60.24,60.25,4986
2530,2024-02-09 17:05:00,60.25,60.25,60.24,60.24,6829
2531,2024-02-09 17:00:00,60.28,60.28,60.24,60.24,3889
2532,2024-02-09 16:55:00,60.25,60.28,60.24,60.28,23233
2533,2024-02-09 16:50:00,60.26,60.27,60.23,60.25,6969
2534,2024-02-09 16:45:00,60.22,60.27,60.21,60.25,18192
2535,2024-02-09 16:40:00,60.235,60.24,60.22,60.23,30472
2536,2024-02-09 16:35:00,60.23,60.25,60.22,60.24,33406
2537,2024-02-09 16:30:00,60.21,60.23,60.21,60.22,20508
2538,2024-02-09 16:25:00,60.22,60.23,60.21,60.23,12948
2539,2024-02-09 16:20:00,60.23,60.24,60.21,60.22,9363
2540,2024-02-09 16:15:00,60.27,60.27,60.2,60.24,15428
2541,2024-02-09 16:10:00,60.26,60.26,60.18,60.2,45852
2542,2024-02-09 16:05:00,60.23,60.25,60.21,60.25,64579
2543,2024-02-09 16:00:00,60.3,60.32,60.22,60.22,597537
2544,2024-02-09 15:55:00,60.27,60.4,60.26,60.3,1358845
2545,2024-02-09 15:50:00,60.26,60.34,60.22,60.26,1394889
2546,2024-02-09 15:45:00,60.3,60.34,60.26,60.26,518921
2547,2024-02-09 15:40:00,60.314,60.36,60.28,60.3,598600
2548,2024-02-09 15:35:00,60.27,60.34,60.26,60.314,333356
2549,2024-02-09 15:30:00,60.33,60.33,60.23,60.28,411882
2550,2024-02-09 15:25:00,60.334,60.355,60.274,60.331,425484
2551,2024-02-09 15:20:00,60.43,60.436,60.3,60.34,482044
2552,2024-02-09 15:15:00,60.36,60.44,60.355,60.428,428029
2553,2024-02-09 15:10:00,60.3,60.375,60.29,60.37,704958
2554,2024-02-09 15:05:00,60.281,60.34,60.24,60.3,496549
2555,2024-02-09 15:00:00,60.47,60.48,60.24,60.285,1025840
2556,2024-02-09 14:55:00,60.53,60.53,60.45,60.47,432485
2557,2024-02-09 14:50:00,60.535,60.56,60.481,60.525,365613
2558,2024-02-09 14:45:00,60.56,60.61,60.52,60.53,528445
2559,2024-02-09 14:40:00,60.44,60.57,60.44,60.57,614644
2560,2024-02-09 14:35:00,60.46,60.47,60.39,60.435,325252
2561,2024-02-09 14:30:00,60.42,60.465,60.41,60.455,415945
2562,2024-02-09 14:25:00,60.34,60.42,60.34,60.414,380639
2563,2024-02-09 14:20:00,60.31,60.39,60.29,60.345,548676
2564,2024-02-09 14:15:00,60.285,60.32,60.25,60.305,315552
2565,2024-02-09 14:10:00,60.23,60.295,60.225,60.28,269872
2566,2024-02-09 14:05:00,60.295,60.317,60.22,60.23,386394
2567,2024-02-09 14:00:00,60.292,60.305,60.21,60.29,352987
2568,2024-02-09 13:55:00,60.275,60.32,60.24,60.296,328303
2569,2024-02-09 13:50:00,60.256,60.296,60.18,60.28,376266
2570,2024-02-09 13:45:00,60.245,60.28,60.22,60.255,274444
2571,2024-02-09 13:40:00,60.325,60.329,60.22,60.248,380568
2572,2024-02-09 13:35:00,60.34,60.35,60.275,60.32,528683
2573,2024-02-09 13:30:00,60.28,60.36,60.245,60.345,543759
2574,2024-02-09 13:25:00,60.19,60.32,60.17,60.276,578915
2575,2024-02-09 13:20:00,60.17,60.22,60.16,60.195,337877
2576,2024-02-09 13:15:00,60.17,60.18,60.12,60.165,352876
2577,2024-02-09 13:10:00,60.16,60.25,60.16,60.18,522952
2578,2024-02-09 13:05:00,60.171,60.19,60.134,60.15,243430
2579,2024-02-09 13:00:00,60.16,60.2,60.13,60.18,359201
2580,2024-02-09 12:55:00,60.14,60.17,60.11,60.16,301221
2581,2024-02-09 12:50:00,60.05,60.18,60.03,60.143,635329
2582,2024-02-09 12:45:00,60.0,60.05,59.97,60.044,584185
2583,2024-02-09 12:40:00,59.91,60.0,59.91,59.993,801191
2584,2024-02-09 12:35:00,59.96,59.98,59.84,59.906,481856
2585,2024-02-09 12:30:00,59.94,60.0,59.86,59.965,814863
2586,2024-02-09 12:25:00,59.82,59.94,59.814,59.94,557725
2587,2024-02-09 12:20:00,59.729,59.83,59.729,59.83,153367
2588,2024-02-09 12:15:00,59.775,59.81,59.71,59.725,228745
2589,2024-02-09 12:10:00,59.78,59.82,59.72,59.78,204443
2590,2024-02-09 12:05:00,59.79,59.8,59.73,59.78,362890
2591,2024-02-09 12:00:00,59.85,59.886,59.78,59.79,362852
2592,2024-02-09 11:55:00,59.86,59.94,59.83,59.853,389502
2593,2024-02-09 11:50:00,59.92,59.97,59.83,59.87,424252
2594,2024-02-09 11:45:00,59.865,59.96,59.84,59.914,411800
2595,2024-02-09 11:40:00,59.8,59.89,59.79,59.865,560841
2596,2024-02-09 11:35:00,59.735,59.815,59.6,59.805,808749
2597,2024-02-09 11:30:00,59.76,59.805,59.703,59.73,486005
2598,2024-02-09 11:25:00,59.83,59.88,59.69,59.76,798166
2599,2024-02-09 11:20:00,59.886,59.94,59.83,59.835,379440
2600,2024-02-09 11:15:00,59.925,59.945,59.76,59.88,721897
2601,2024-02-09 11:10:00,59.885,60.0,59.87,59.925,562528
2602,2024-02-09 11:05:00,59.909,59.99,59.84,59.889,893995
2603,2024-02-09 11:00:00,59.86,59.95,59.833,59.91,607927
2604,2024-02-09 10:55:00,59.83,59.87,59.71,59.855,724178
2605,2024-02-09 10:50:00,59.85,59.89,59.8,59.82,596765
2606,2024-02-09 10:45:00,59.81,59.9,59.78,59.84,615594
2607,2024-02-09 10:40:00,59.76,59.85,59.7,59.8,536972
2608,2024-02-09 10:35:00,59.72,59.86,59.68,59.755,1238185
2609,2024-02-09 10:30:00,59.64,59.77,59.56,59.71,1009909
2610,2024-02-09 10:25:00,59.55,59.635,59.51,59.635,841484
2611,2024-02-09 10:20:00,59.49,59.57,59.45,59.555,731444
2612,2024-02-09 10:15:00,59.29,59.61,59.27,59.48,1227452
2613,2024-02-09 10:10:00,59.363,59.415,59.22,59.3,764630
2614,2024-02-09 10:05:00,59.265,59.41,59.172,59.36,840580
2615,2024-02-09 10:00:00,59.35,59.456,59.22,59.268,1323338
2616,2024-02-09 09:55:00,59.08,59.37,59.03,59.35,1886345
2617,2024-02-09 09:50:00,59.02,59.12,58.92,59.08,867027
2618,2024-02-09 09:45:00,58.954,59.07,58.92,59.015,1286789
2619,2024-02-09 09:40:00,58.845,58.96,58.72,58.959,1136572
2620,2024-02-09 09:35:00,58.92,58.99,58.712,58.84,1466283
2621,2024-02-09 09:30:00,59.03,59.05,58.795,58.922,2658298
2622,2024-02-09 09:25:00,59.1,59.1,58.98,59.03,158586
2623,2024-02-09 09:20:00,59.235,59.24,59.08,59.09,95253
2624,2024-02-09 09:15:00,59.24,59.25,59.205,59.24,43604
2625,2024-02-09 09:10:00,59.18,59.26,59.17,59.26,78420
2626,2024-02-09 09:05:00,59.185,59.2,59.11,59.19,115789
2627,2024-02-09 09:00:00,59.25,59.25,59.17,59.18,146863
2628,2024-02-09 08:55:00,59.26,59.29,59.23,59.25,57709
2629,2024-02-09 08:50:00,59.29,59.31,59.22,59.26,96134
2630,2024-02-09 08:45:00,59.29,59.34,59.16,59.3,188243
2631,2024-02-09 08:40:00,59.34,59.35,59.14,59.29,169729
2632,2024-02-09 08:35:00,59.37,59.47,59.26,59.35,503139
2633,2024-02-09 08:30:00,59.07,59.64,58.99,59.37,633266
2634,2024-02-09 08:25:00,59.09,59.12,59.07,59.08,43466
2635,2024-02-09 08:20:00,59.09,59.12,59.07,59.09,47101
2636,2024-02-09 08:15:00,59.05,59.1,59.03,59.09,53786
2637,2024-02-09 08:10:00,59.06,59.1,59.04,59.04,64222
2638,2024-02-09 08:05:00,59.11,59.139,59.05,59.06,47878
2639,2024-02-09 08:00:00,59.11,59.34,58.55,59.11,446241
2640,2024-02-09 07:55:00,59.2,59.2,59.1,59.12,35877
2641,2024-02-09 07:50:00,59.23,59.25,59.17,59.21,34885
2642,2024-02-09 07:45:00,59.26,59.27,59.22,59.23,18372
2643,2024-02-09 07:40:00,59.25,59.27,59.21,59.26,23052
2644,2024-02-09 07:35:00,59.27,59.27,59.2,59.23,74177
2645,2024-02-09 07:30:00,59.28,59.32,59.26,59.27,66013
2646,2024-02-09 07:25:00,59.32,59.33,59.27,59.29,92124
2647,2024-02-09 07:20:00,59.21,59.34,59.21,59.32,81705
2648,2024-02-09 07:15:00,59.21,59.22,59.18,59.21,18891
2649,2024-02-09 07:10:00,59.19,59.23,59.19,59.21,55173
2650,2024-02-09 07:05:00,59.21,59.22,59.16,59.19,28464
2651,2024-02-09 07:00:00,59.13,59.25,59.11,59.22,117559
2652,2024-02-09 06:55:00,59.08,59.13,59.07,59.13,8403
2653,2024-02-09 06:50:00,59.11,59.11,59.07,59.08,4536
2654,2024-02-09 06:45:00,59.15,59.17,59.08,59.1,18248
2655,2024-02-09 06:40:00,59.13,59.18,59.12,59.14,30115
2656,2024-02-09 06:35:00,59.1,59.14,59.1,59.13,7431
2657,2024-02-09 06:30:00,59.07,59.11,59.07,59.1,6096
2658,2024-02-09 06:25:00,59.01,59.07,58.98,59.07,14604
2659,2024-02-09 06:20:00,59.01,59.02,58.98,59.01,10098
2660,2024-02-09 06:15:00,59.01,59.03,59.0,59.02,4621
2661,2024-02-09 06:10:00,59.03,59.04,58.99,59.02,5831
2662,2024-02-09 06:05:00,58.97,59.04,58.96,59.03,12213
2663,2024-02-09 06:00:00,59.09,59.09,58.96,58.98,30258
2664,2024-02-09 05:55:00,59.08,59.09,59.05,59.08,2208
2665,2024-02-09 05:50:00,59.1,59.1,59.07,59.08,5895
2666,2024-02-09 05:45:00,59.1,59.11,59.09,59.1,4394
2667,2024-02-09 05:40:00,59.08,59.14,59.08,59.11,13179
2668,2024-02-09 05:35:00,59.1,59.1,59.07,59.08,4411
2669,2024-02-09 05:30:00,59.11,59.12,59.1,59.1,9334
2670,2024-02-09 05:25:00,59.09,59.1,59.07,59.1,7620
2671,2024-02-09 05:20:00,59.12,59.12,59.09,59.09,11938
2672,2024-02-09 05:15:00,59.04,59.11,59.04,59.11,5863
2673,2024-02-09 05:10:00,59.05,59.06,59.02,59.04,6807
2674,2024-02-09 05:05:00,59.06,59.06,59.02,59.05,12334
2675,2024-02-09 05:00:00,58.98,59.07,58.97,59.06,9724
2676,2024-02-09 04:55:00,58.97,59.0,58.96,58.99,21864
2677,2024-02-09 04:50:00,58.96,58.99,58.95,58.97,5270
2678,2024-02-09 04:45:00,58.94,59.0,58.93,58.96,5781
2679,2024-02-09 04:40:00,58.97,58.97,58.92,58.94,6532
2680,2024-02-09 04:35:00,58.93,58.97,58.88,58.97,14408
2681,2024-02-09 04:30:00,58.91,58.93,58.88,58.92,3278
2682,2024-02-09 04:25:00,58.91,58.92,58.88,58.91,7567
2683,2024-02-09 04:20:00,58.84,58.91,58.83,58.91,5393
2684,2024-02-09 04:15:00,58.83,58.9,58.79,58.84,13951
2685,2024-02-09 04:10:00,58.95,58.97,58.83,58.84,10923
2686,2024-02-09 04:05:00,59.02,59.02,58.94,58.95,16852
2687,2024-02-09 04:00:00,59.09,59.12,58.59,59.01,48909
2688,2024-02-08 19:55:00,58.58,58.59,58.52,58.53,29365
2689,2024-02-08 19:50:00,58.6,58.6,58.58,58.59,14044
2690,2024-02-08 19:45:00,58.65,58.65,58.6,58.6,15853
2691,2024-02-08 19:40:00,58.65,58.68,58.62,58.68,12772
2692,2024-02-08 19:35:00,58.62,58.64,58.6,58.64,19977
2693,2024-02-08 19:30:00,58.63,58.65,58.61,58.61,8856
2694,2024-02-08 19:25:00,58.62,58.65,58.62,58.64,4504
2695,2024-02-08 19:20:00,58.65,58.65,58.62,58.63,1521
2696,2024-02-08 19:15:00,58.64,58.66,58.61,58.64,4368
2697,2024-02-08 19:10:00,58.7,58.7,58.64,58.65,5907
2698,2024-02-08 19:05:00,58.65,58.7,58.64,58.7,10801
2699,2024-02-08 19:00:00,58.62,58.64,58.58,58.64,4327
2700,2024-02-08 18:55:00,58.6,58.62,58.59,58.61,7829
2701,2024-02-08 18:50:00,58.62,58.62,58.58,58.59,25455
2702,2024-02-08 18:45:00,58.6,58.63,58.6,58.62,6306
2703,2024-02-08 18:40:00,58.59,58.62,58.59,58.61,5903
2704,2024-02-08 18:35:00,58.56,58.6,58.56,58.6,15283
2705,2024-02-08 18:30:00,58.55,58.59,58.55,58.57,16614
2706,2024-02-08 18:25:00,58.55,58.58,58.54,58.54,12352
2707,2024-02-08 18:20:00,58.54,58.57,58.53,58.53,20120
2708,2024-02-08 18:15:00,58.5,58.54,58.5,58.54,4846
2709,2024-02-08 18:10:00,58.55,58.55,58.49,58.49,26437
2710,2024-02-08 18:05:00,58.51,58.56,58.51,58.53,3177
2711,2024-02-08 18:00:00,58.54,58.55,58.47,58.5,11473
2712,2024-02-08 17:55:00,58.559,58.56,58.55,58.56,10456
2713,2024-02-08 17:50:00,58.56,58.58,58.55,58.56,3320
2714,2024-02-08 17:45:00,58.55,58.57,58.55,58.56,4320
2715,2024-02-08 17:40:00,58.56,58.56,58.55,58.555,5034
2716,2024-02-08 17:35:00,58.555,58.56,58.55,58.56,7723
2717,2024-02-08 17:30:00,58.55,58.56,58.55,58.55,7508
2718,2024-02-08 17:25:00,58.55,58.56,58.532,58.55,13439
2719,2024-02-08 17:20:00,58.54,58.56,58.54,58.55,17575
2720,2024-02-08 17:15:00,58.56,58.56,58.53,58.55,2846
2721,2024-02-08 17:10:00,58.55,58.56,58.54,58.56,16278
2722,2024-02-08 17:05:00,58.54,58.56,58.54,58.55,795
2723,2024-02-08 17:00:00,58.53,58.56,58.53,58.54,12982
2724,2024-02-08 16:55:00,58.55,58.59,58.54,58.54,17099
2725,2024-02-08 16:50:00,58.57,58.58,58.55,58.57,31902
2726,2024-02-08 16:45:00,58.57,58.59,58.56,58.57,56233
2727,2024-02-08 16:40:00,58.56,58.57,58.55,58.57,13737
2728,2024-02-08 16:35:00,58.56,58.56,58.55,58.55,11632
2729,2024-02-08 16:30:00,58.56,58.56,58.55,58.55,4615
2730,2024-02-08 16:25:00,58.56,58.57,58.55,58.56,36329
2731,2024-02-08 16:20:00,58.56,58.57,58.55,58.56,35201
2732,2024-02-08 16:15:00,58.55,58.57,58.49,58.56,51931
2733,2024-02-08 16:10:00,58.5,58.51,58.47,58.5,56690
2734,2024-02-08 16:05:00,58.52,58.56,58.5,58.5,76552
2735,2024-02-08 16:00:00,58.54,58.586,58.45,58.53,514120
2736,2024-02-08 15:55:00,58.46,58.665,58.455,58.58,1645471
2737,2024-02-08 15:50:00,58.47,58.65,58.41,58.47,1147598
2738,2024-02-08 15:45:00,58.53,58.585,58.46,58.475,612581
2739,2024-02-08 15:40:00,58.58,58.61,58.51,58.525,429919
2740,2024-02-08 15:35:00,58.63,58.64,58.561,58.575,250203
2741,2024-02-08 15:30:00,58.64,58.7,58.62,58.63,258822
2742,2024-02-08 15:25:00,58.66,58.72,58.59,58.64,453569
2743,2024-02-08 15:20:00,58.595,58.68,58.595,58.665,423518
2744,2024-02-08 15:15:00,58.62,58.64,58.56,58.6,225005
2745,2024-02-08 15:10:00,58.6,58.66,58.59,58.62,289059
2746,2024-02-08 15:05:00,58.59,58.65,58.58,58.59,314464
2747,2024-02-08 15:00:00,58.565,58.678,58.55,58.59,460753
2748,2024-02-08 14:55:00,58.48,58.61,58.45,58.565,601446
2749,2024-02-08 14:50:00,58.45,58.506,58.42,58.48,412329
2750,2024-02-08 14:45:00,58.425,58.49,58.41,58.44,471089
2751,2024-02-08 14:40:00,58.332,58.44,58.31,58.43,631318
2752,2024-02-08 14:35:00,58.355,58.361,58.22,58.335,830808
2753,2024-02-08 14:30:00,58.37,58.44,58.325,58.354,860507
2754,2024-02-08 14:25:00,58.415,58.45,58.35,58.37,591273
2755,2024-02-08 14:20:00,58.53,58.59,58.41,58.415,362452
2756,2024-02-08 14:15:00,58.44,58.55,58.43,58.54,319138
2757,2024-02-08 14:10:00,58.42,58.5,58.405,58.44,324453
2758,2024-02-08 14:05:00,58.535,58.58,58.36,58.41,669917
2759,2024-02-08 14:00:00,58.62,58.69,58.52,58.531,380875
2760,2024-02-08 13:55:00,58.56,58.64,58.56,58.62,286003
2761,2024-02-08 13:50:00,58.709,58.71,58.56,58.562,438118
2762,2024-02-08 13:45:00,58.7,58.74,58.69,58.704,205531
2763,2024-02-08 13:40:00,58.81,58.82,58.68,58.702,305006
2764,2024-02-08 13:35:00,58.741,58.85,58.72,58.81,419616
2765,2024-02-08 13:30:00,58.75,58.8,58.72,58.741,302496
2766,2024-02-08 13:25:00,58.64,58.765,58.64,58.745,542314
2767,2024-02-08 13:20:00,58.6,58.67,58.59,58.645,228625
2768,2024-02-08 13:15:00,58.68,58.69,58.53,58.59,324843
2769,2024-02-08 13:10:00,58.68,58.715,58.6,58.67,364321
2770,2024-02-08 13:05:00,58.72,58.8,58.624,58.684,762256
2771,2024-02-08 13:00:00,58.5,58.79,58.46,58.72,1224870
2772,2024-02-08 12:55:00,58.56,58.56,58.435,58.5,384771
2773,2024-02-08 12:50:00,58.511,58.611,58.511,58.566,348934
2774,2024-02-08 12:45:00,58.606,58.635,58.48,58.52,580291
2775,2024-02-08 12:40:00,58.755,58.765,58.57,58.604,809788
2776,2024-02-08 12:35:00,58.786,58.8,58.72,58.76,204948
2777,2024-02-08 12:30:00,58.82,58.86,58.75,58.78,479413
2778,2024-02-08 12:25:00,58.74,58.89,58.71,58.82,655945
2779,2024-02-08 12:20:00,58.785,58.786,58.701,58.74,265985
2780,2024-02-08 12:15:00,58.77,58.8,58.73,58.78,333982
2781,2024-02-08 12:10:00,58.62,58.778,58.62,58.77,382685
2782,2024-02-08 12:05:00,58.697,58.71,58.57,58.62,341452
2783,2024-02-08 12:00:00,58.79,58.82,58.68,58.7,325603
2784,2024-02-08 11:55:00,58.73,58.823,58.684,58.795,348137
2785,2024-02-08 11:50:00,58.66,58.757,58.65,58.725,386604
2786,2024-02-08 11:45:00,58.61,58.665,58.59,58.655,309898
2787,2024-02-08 11:40:00,58.74,58.8,58.61,58.62,436355
2788,2024-02-08 11:35:00,58.725,58.77,58.68,58.745,477219
2789,2024-02-08 11:30:00,58.57,58.73,58.53,58.73,630360
2790,2024-02-08 11:25:00,58.76,58.81,58.554,58.57,623016
2791,2024-02-08 11:20:00,58.69,58.87,58.69,58.76,481500
2792,2024-02-08 11:15:00,58.75,58.79,58.67,58.69,366829
2793,2024-02-08 11:10:00,58.68,58.796,58.66,58.74,356849
2794,2024-02-08 11:05:00,58.75,58.79,58.65,58.68,452217
2795,2024-02-08 11:00:00,58.825,58.84,58.68,58.75,800844
2796,2024-02-08 10:55:00,58.84,58.85,58.75,58.82,669810
2797,2024-02-08 10:50:00,58.71,58.85,58.65,58.841,844571
2798,2024-02-08 10:45:00,58.49,58.72,58.461,58.71,1052492
2799,2024-02-08 10:40:00,58.42,58.5,58.3,58.49,822297
2800,2024-02-08 10:35:00,58.44,58.53,58.36,58.42,817487
2801,2024-02-08 10:30:00,58.34,58.485,58.19,58.432,992456
2802,2024-02-08 10:25:00,58.305,58.38,58.29,58.34,607828
2803,2024-02-08 10:20:00,58.51,58.59,58.29,58.305,929143
2804,2024-02-08 10:15:00,58.331,58.555,58.331,58.51,982314
2805,2024-02-08 10:10:00,58.38,58.42,58.28,58.33,598081
2806,2024-02-08 10:05:00,58.464,58.57,58.32,58.385,1041340
2807,2024-02-08 10:00:00,58.45,58.49,58.335,58.46,890393
2808,2024-02-08 09:55:00,58.37,58.46,58.29,58.456,758335
2809,2024-02-08 09:50:00,58.23,58.39,58.19,58.37,814736
2810,2024-02-08 09:45:00,58.15,58.29,58.12,58.225,946265
2811,2024-02-08 09:40:00,58.35,58.38,58.02,58.14,1319918
2812,2024-02-08 09:35:00,58.215,58.47,58.215,58.35,1376211
2813,2024-02-08 09:30:00,58.31,58.39,58.14,58.21,1550618
2814,2024-02-08 09:25:00,58.18,58.31,58.18,58.3,89306
2815,2024-02-08 09:20:00,58.2,58.25,58.17,58.18,83451
2816,2024-02-08 09:15:00,58.15,58.21,58.13,58.205,46927
2817,2024-02-08 09:10:00,58.17,58.2,58.14,58.16,21645
2818,2024-02-08 09:05:00,58.18,58.19,58.14,58.17,22277
2819,2024-02-08 09:00:00,58.21,58.22,58.15,58.17,46571
2820,2024-02-08 08:55:00,58.17,58.21,58.11,58.21,33803
2821,2024-02-08 08:50:00,58.13,58.2,58.1,58.169,38021
2822,2024-02-08 08:45:00,58.16,58.17,58.1,58.13,22233
2823,2024-02-08 08:40:00,58.18,58.24,58.12,58.16,112272
2824,2024-02-08 08:35:00,58.04,58.2,58.04,58.18,93353
2825,2024-02-08 08:30:00,58.02,58.1,57.91,58.03,99808
2826,2024-02-08 08:25:00,57.99,58.1,57.99,58.02,36060
2827,2024-02-08 08:20:00,58.01,58.05,57.91,57.98,89414
2828,2024-02-08 08:15:00,58.07,58.08,58.005,58.005,37599
2829,2024-02-08 08:10:00,58.08,58.08,58.01,58.06,31986
2830,2024-02-08 08:05:00,58.11,58.14,58.05,58.08,35771
2831,2024-02-08 08:00:00,58.07,58.54,58.0,58.11,236326
2832,2024-02-08 07:55:00,58.11,58.11,58.02,58.05,75084
2833,2024-02-08 07:50:00,58.16,58.16,58.1,58.1,13431
2834,2024-02-08 07:45:00,58.14,58.17,58.1,58.17,16870
2835,2024-02-08 07:40:00,58.09,58.15,58.08,58.15,64047
2836,2024-02-08 07:35:00,58.11,58.12,58.04,58.08,16129
2837,2024-02-08 07:30:00,58.13,58.13,58.07,58.1,12386
2838,2024-02-08 07:25:00,58.15,58.15,58.1,58.13,8062
2839,2024-02-08 07:20:00,58.13,58.17,58.13,58.15,27729
2840,2024-02-08 07:15:00,58.16,58.16,58.1,58.14,89307
2841,2024-02-08 07:10:00,58.03,58.16,58.0,58.16,17773
2842,2024-02-08 07:05:00,58.09,58.09,57.99,58.03,21284
2843,2024-02-08 07:00:00,58.06,58.1,58.02,58.09,21512
2844,2024-02-08 06:55:00,58.04,58.08,57.98,58.06,8647
2845,2024-02-08 06:50:00,58.03,58.06,57.99,58.04,13970
2846,2024-02-08 06:45:00,58.11,58.12,58.03,58.04,10371
2847,2024-02-08 06:40:00,58.11,58.11,58.07,58.1,6679
2848,2024-02-08 06:35:00,58.08,58.12,58.07,58.11,6584
2849,2024-02-08 06:30:00,57.98,58.07,57.97,58.07,40379
2850,2024-02-08 06:25:00,58.11,58.11,57.99,57.99,23670
2851,2024-02-08 06:20:00,58.23,58.23,58.11,58.11,16308
2852,2024-02-08 06:15:00,58.26,58.28,58.21,58.23,25786
2853,2024-02-08 06:10:00,58.3,58.3,58.26,58.26,4633
2854,2024-02-08 06:05:00,58.32,58.32,58.3,58.3,5520
2855,2024-02-08 06:00:00,58.33,58.33,58.31,58.32,7910
2856,2024-02-08 05:55:00,58.3,58.33,58.29,58.32,4158
2857,2024-02-08 05:50:00,58.28,58.3,58.28,58.29,3704
2858,2024-02-08 05:45:00,58.32,58.32,58.28,58.28,6254
2859,2024-02-08 05:40:00,58.36,58.36,58.3,58.32,13210
2860,2024-02-08 05:35:00,58.36,58.38,58.34,58.37,6518
2861,2024-02-08 05:30:00,58.4,58.4,58.33,58.36,11651
2862,2024-02-08 05:25:00,58.42,58.42,58.38,58.4,3170
2863,2024-02-08 05:20:00,58.4,58.43,58.4,58.41,4445
2864,2024-02-08 05:15:00,58.43,58.43,58.39,58.39,1391
2865,2024-02-08 05:10:00,58.36,58.43,58.36,58.42,4362
2866,2024-02-08 05:05:00,58.38,58.4,58.35,58.36,7524
2867,2024-02-08 05:00:00,58.42,58.44,58.38,58.38,15826
2868,2024-02-08 04:55:00,58.42,58.43,58.41,58.42,5719
2869,2024-02-08 04:50:00,58.42,58.43,58.41,58.42,9402
2870,2024-02-08 04:45:00,58.44,58.45,58.41,58.42,23474
2871,2024-02-08 04:40:00,58.45,58.46,58.44,58.44,94652
2872,2024-02-08 04:35:00,58.44,58.45,58.41,58.44,8764
2873,2024-02-08 04:30:00,58.4,58.46,58.4,58.43,15697
2874,2024-02-08 04:25:00,58.45,58.45,58.4,58.41,8217
2875,2024-02-08 04:20:00,58.46,58.48,58.42,58.46,44712
2876,2024-02-08 04:15:00,58.48,58.48,58.45,58.46,46164
2877,2024-02-08 04:10:00,58.4,58.48,58.38,58.47,41234
2878,2024-02-08 04:05:00,58.41,58.435,58.38,58.4,69353
2879,2024-02-08 04:00:00,58.36,58.43,58.33,58.42,12868
2880,2024-02-07 19:55:00,58.3,58.32,58.29,58.31,16738
2881,2024-02-07 19:50:00,58.31,58.31,58.3,58.3,7721
2882,2024-02-07 19:45:00,58.33,58.33,58.3,58.31,35785
2883,2024-02-07 19:40:00,58.32,58.34,58.32,58.33,7949
2884,2024-02-07 19:35:00,58.34,58.34,58.32,58.33,7608
2885,2024-02-07 19:30:00,58.32,58.34,58.31,58.34,5852
2886,2024-02-07 19:25:00,58.315,58.33,58.31,58.32,6263
2887,2024-02-07 19:20:00,58.28,58.31,58.27,58.31,4742
2888,2024-02-07 19:15:00,58.28,58.3,58.28,58.29,6793
2889,2024-02-07 19:10:00,58.3,58.31,58.28,58.29,6158
2890,2024-02-07 19:05:00,58.31,58.33,58.29,58.29,10313
2891,2024-02-07 19:00:00,58.34,58.34,58.28,58.3,12073
2892,2024-02-07 18:55:00,58.305,58.34,58.3,58.34,3335
2893,2024-02-07 18:50:00,58.3,58.31,58.29,58.3,5165
2894,2024-02-07 18:45:00,58.28,58.309,58.27,58.295,3507
2895,2024-02-07 18:40:00,58.28,58.3,58.27,58.28,4578
2896,2024-02-07 18:35:00,58.31,58.32,58.29,58.3,9342
2897,2024-02-07 18:30:00,58.34,58.35,58.31,58.31,4958
2898,2024-02-07 18:25:00,58.36,58.36,58.32,58.34,2946
2899,2024-02-07 18:20:00,58.31,58.37,58.31,58.36,50483
2900,2024-02-07 18:15:00,58.34,58.36,58.32,58.33,13076
2901,2024-02-07 18:10:00,58.29,58.34,58.28,58.32,6199
2902,2024-02-07 18:05:00,58.35,58.36,58.26,58.28,26597
2903,2024-02-07 18:00:00,58.45,58.45,58.34,58.35,34980
2904,2024-02-07 17:55:00,58.47,58.47,58.45,58.46,6738
2905,2024-02-07 17:50:00,58.46,58.47,58.45,58.46,9811
2906,2024-02-07 17:45:00,58.47,58.49,58.45,58.46,5571
2907,2024-02-07 17:40:00,58.47,58.48,58.45,58.47,6239
2908,2024-02-07 17:35:00,58.44,58.48,58.44,58.45,17692
2909,2024-02-07 17:30:00,58.47,58.48,58.44,58.44,3153
2910,2024-02-07 17:25:00,58.47,58.49,58.46,58.47,6528
2911,2024-02-07 17:20:00,58.48,58.5,58.46,58.47,10784
2912,2024-02-07 17:15:00,58.48,58.5,58.45,58.47,38695
2913,2024-02-07 17:10:00,58.46,58.49,58.46,58.48,9536
2914,2024-02-07 17:05:00,58.47,58.48,58.46,58.47,19737
2915,2024-02-07 17:00:00,58.47,58.5,58.31,58.47,28495
2916,2024-02-07 16:55:00,58.45,58.49,58.42,58.47,128689
2917,2024-02-07 16:50:00,58.41,58.45,58.4,58.45,69565
2918,2024-02-07 16:45:00,58.4,58.44,58.39,58.42,50105
2919,2024-02-07 16:40:00,58.38,58.41,58.37,58.4,8562
2920,2024-02-07 16:35:00,58.38,58.4,58.37,58.37,51192
2921,2024-02-07 16:30:00,58.38,58.38,58.36,58.38,64535
2922,2024-02-07 16:25:00,58.39,58.4,58.38,58.39,43550
2923,2024-02-07 16:20:00,58.37,58.41,58.36,58.39,53423
2924,2024-02-07 16:15:00,58.31,58.5,58.31,58.37,159783
2925,2024-02-07 16:10:00,58.29,58.44,58.29,58.43,157072
2926,2024-02-07 16:05:00,58.29,58.3,58.25,58.3,56643
2927,2024-02-07 16:00:00,58.31,58.324,58.26,58.29,544949
2928,2024-02-07 15:55:00,58.27,58.36,58.225,58.33,1496502
2929,2024-02-07 15:50:00,58.32,58.4,58.24,58.26,1147244
2930,2024-02-07 15:45:00,58.39,58.41,58.31,58.32,486060
2931,2024-02-07 15:40:00,58.43,58.45,58.264,58.395,578383
2932,2024-02-07 15:35:00,58.36,58.46,58.34,58.43,451559
2933,2024-02-07 15:30:00,58.46,58.5,58.335,58.36,438843
2934,2024-02-07 15:25:00,58.478,58.5,58.44,58.46,318244
2935,2024-02-07 15:20:00,58.496,58.496,58.404,58.471,320291
2936,2024-02-07 15:15:00,58.49,58.55,58.355,58.496,839891
2937,2024-02-07 15:10:00,58.46,58.51,58.43,58.49,342567
2938,2024-02-07 15:05:00,58.52,58.565,58.404,58.46,530951
2939,2024-02-07 15:00:00,58.45,58.57,58.395,58.515,690246
2940,2024-02-07 14:55:00,58.49,58.516,58.42,58.458,439656
2941,2024-02-07 14:50:00,58.41,58.51,58.39,58.49,506095
2942,2024-02-07 14:45:00,58.31,58.47,58.29,58.41,565186
2943,2024-02-07 14:40:00,58.37,58.39,58.29,58.3,250472
2944,2024-02-07 14:35:00,58.32,58.4,58.27,58.37,260986
2945,2024-02-07 14:30:00,58.33,58.39,58.23,58.31,401039
2946,2024-02-07 14:25:00,58.43,58.437,58.3,58.314,365463
2947,2024-02-07 14:20:00,58.307,58.42,58.308,58.42,303327
2948,2024-02-07 14:15:00,58.37,58.46,58.3,58.31,429086
2949,2024-02-07 14:10:00,58.4,58.44,58.34,58.37,308932
2950,2024-02-07 14:05:00,58.417,58.45,58.32,58.4,271276
2951,2024-02-07 14:00:00,58.43,58.48,58.33,58.411,411482
2952,2024-02-07 13:55:00,58.44,58.5,58.38,58.43,416841
2953,2024-02-07 13:50:00,58.39,58.47,58.38,58.445,340531
2954,2024-02-07 13:45:00,58.35,58.41,58.272,58.4,346925
2955,2024-02-07 13:40:00,58.42,58.42,58.21,58.35,719691
2956,2024-02-07 13:35:00,58.419,58.43,58.32,58.41,365589
2957,2024-02-07 13:30:00,58.4,58.49,58.35,58.414,784999
2958,2024-02-07 13:25:00,58.23,58.4,58.22,58.4,518585
2959,2024-02-07 13:20:00,58.224,58.31,58.195,58.24,451498
2960,2024-02-07 13:15:00,58.18,58.26,58.13,58.23,410627
2961,2024-02-07 13:10:00,58.08,58.22,58.08,58.18,726169
2962,2024-02-07 13:05:00,57.888,58.09,57.862,58.076,575768
2963,2024-02-07 13:00:00,58.13,58.34,57.84,57.885,1604501
2964,2024-02-07 12:55:00,58.065,58.13,58.04,58.12,507693
2965,2024-02-07 12:50:00,57.975,58.07,57.913,58.064,514164
2966,2024-02-07 12:45:00,57.95,58.03,57.9,57.96,531471
2967,2024-02-07 12:40:00,57.914,58.0,57.75,57.96,950913
2968,2024-02-07 12:35:00,57.995,58.04,57.86,57.917,577727
2969,2024-02-07 12:30:00,58.11,58.11,57.9,57.99,798025
2970,2024-02-07 12:25:00,58.19,58.22,58.095,58.11,472191
2971,2024-02-07 12:20:00,58.378,58.38,58.19,58.19,356296
2972,2024-02-07 12:15:00,58.27,58.45,58.22,58.37,496288
2973,2024-02-07 12:10:00,58.37,58.385,58.173,58.267,515804
2974,2024-02-07 12:05:00,58.406,58.415,58.3,58.376,276727
2975,2024-02-07 12:00:00,58.358,58.43,58.3,58.402,481953
2976,2024-02-07 11:55:00,58.345,58.445,58.34,58.35,732294
2977,2024-02-07 11:50:00,58.15,58.35,58.15,58.34,768422
2978,2024-02-07 11:45:00,58.195,58.255,58.1,58.15,769800
2979,2024-02-07 11:40:00,58.1,58.21,58.02,58.195,638425
2980,2024-02-07 11:35:00,58.02,58.12,57.96,58.1,696784
2981,2024-02-07 11:30:00,58.21,58.265,57.97,58.01,686758
2982,2024-02-07 11:25:00,58.06,58.26,58.035,58.2,812716
2983,2024-02-07 11:20:00,58.24,58.25,58.032,58.055,658463
2984,2024-02-07 11:15:00,58.39,58.42,58.18,58.23,864522
2985,2024-02-07 11:10:00,58.327,58.448,58.295,58.38,768766
2986,2024-02-07 11:05:00,58.17,58.37,58.112,58.328,1059569
2987,2024-02-07 11:00:00,58.26,58.288,58.02,58.18,1583451
2988,2024-02-07 10:55:00,58.405,58.41,58.23,58.26,944783
2989,2024-02-07 10:50:00,58.49,58.66,58.37,58.4,1262422
2990,2024-02-07 10:45:00,58.46,58.54,58.405,58.49,725154
2991,2024-02-07 10:40:00,58.39,58.5,58.291,58.441,758626
2992,2024-02-07 10:35:00,58.53,58.54,58.293,58.39,906660
2993,2024-02-07 10:30:00,58.57,58.609,58.36,58.52,1844281
2994,2024-02-07 10:25:00,58.3,58.59,58.22,58.57,1946448
2995,2024-02-07 10:20:00,58.02,58.3,57.99,58.3,1080548
2996,2024-02-07 10:15:00,58.011,58.175,57.97,58.01,1514566
2997,2024-02-07 10:10:00,57.548,58.07,57.544,58.01,2321442
2998,2024-02-07 10:05:00,57.278,57.585,57.24,57.55,893052
2999,2024-02-07 10:00:00,57.42,57.5,57.24,57.275,969842
3000,2024-02-07 09:55:00,57.38,57.71,57.17,57.43,1213828
3001,2024-02-07 09:50:00,57.54,57.64,57.36,57.37,1385573
3002,2024-02-07 09:45:00,57.29,57.58,57.179,57.54,1574726
3003,2024-02-07 09:40:00,57.26,57.405,57.2,57.285,1375164
3004,2024-02-07 09:35:00,57.47,57.57,57.23,57.26,1936436
3005,2024-02-07 09:30:00,57.69,57.73,57.41,57.46,2420026
3006,2024-02-07 09:25:00,57.65,57.74,57.61,57.68,196346
3007,2024-02-07 09:20:00,57.56,57.66,57.55,57.65,182603
3008,2024-02-07 09:15:00,57.54,57.58,57.52,57.56,136967
3009,2024-02-07 09:10:00,57.54,57.58,57.51,57.54,143988
3010,2024-02-07 09:05:00,57.46,57.56,57.46,57.54,232865
3011,2024-02-07 09:00:00,57.34,57.49,57.32,57.465,219357
3012,2024-02-07 08:55:00,57.3,57.36,57.29,57.34,63679
3013,2024-02-07 08:50:00,57.37,57.38,57.3,57.3,99649
3014,2024-02-07 08:45:00,57.38,57.4,57.32,57.36,91617
3015,2024-02-07 08:40:00,57.31,57.38,57.31,57.38,102523
3016,2024-02-07 08:35:00,57.295,57.38,57.25,57.31,85173
3017,2024-02-07 08:30:00,57.34,57.43,57.29,57.29,207394
3018,2024-02-07 08:25:00,57.19,57.35,57.18,57.33,74133
3019,2024-02-07 08:20:00,57.29,57.29,57.17,57.2,106112
3020,2024-02-07 08:15:00,57.28,57.33,57.27,57.29,69065
3021,2024-02-07 08:10:00,57.255,57.295,57.24,57.28,109503
3022,2024-02-07 08:05:00,57.19,57.27,57.18,57.26,178161
3023,2024-02-07 08:00:00,56.73,57.19,56.34,57.19,376146
3024,2024-02-07 07:55:00,57.07,57.09,57.03,57.07,18367
3025,2024-02-07 07:50:00,57.04,57.09,57.04,57.07,21467
3026,2024-02-07 07:45:00,56.93,57.05,56.93,57.04,74307
3027,2024-02-07 07:40:00,56.84,56.97,56.83,56.93,63248
3028,2024-02-07 07:35:00,56.81,56.87,56.81,56.84,14838
3029,2024-02-07 07:30:00,56.76,56.81,56.75,56.81,19481
3030,2024-02-07 07:25:00,56.59,56.76,56.56,56.76,15608
3031,2024-02-07 07:20:00,56.68,56.69,56.55,56.58,12079
3032,2024-02-07 07:15:00,56.73,56.73,56.64,56.66,10567
3033,2024-02-07 07:10:00,56.7,56.74,56.7,56.74,4402
3034,2024-02-07 07:05:00,56.68,56.74,56.66,56.69,15462
3035,2024-02-07 07:00:00,56.81,56.82,56.64,56.68,37762
3036,2024-02-07 06:55:00,56.77,56.82,56.74,56.81,5778
3037,2024-02-07 06:50:00,56.81,56.82,56.75,56.76,7302
3038,2024-02-07 06:45:00,56.82,56.83,56.77,56.81,4537
3039,2024-02-07 06:40:00,56.86,56.88,56.8,56.83,13479
3040,2024-02-07 06:35:00,56.87,56.87,56.82,56.86,14615
3041,2024-02-07 06:30:00,56.77,56.87,56.76,56.87,11079
3042,2024-02-07 06:25:00,56.73,56.8,56.73,56.79,5728
3043,2024-02-07 06:20:00,56.68,56.73,56.67,56.73,4057
3044,2024-02-07 06:15:00,56.63,56.67,56.62,56.66,3361
3045,2024-02-07 06:10:00,56.66,56.66,56.63,56.63,5548
3046,2024-02-07 06:05:00,56.64,56.67,56.62,56.67,1114
3047,2024-02-07 06:00:00,56.63,56.65,56.59,56.65,2584
3048,2024-02-07 05:55:00,56.6,56.65,56.6,56.63,12847
3049,2024-02-07 05:50:00,56.61,56.61,56.55,56.6,5535
3050,2024-02-07 05:45:00,56.66,56.67,56.61,56.61,3854
3051,2024-02-07 05:40:00,56.66,56.67,56.61,56.67,5090
3052,2024-02-07 05:35:00,56.7,56.71,56.63,56.68,6393
3053,2024-02-07 05:30:00,56.79,56.79,56.7,56.71,6122
3054,2024-02-07 05:25:00,56.8,56.82,56.79,56.79,2580
3055,2024-02-07 05:20:00,56.8,56.84,56.78,56.79,4964
3056,2024-02-07 05:15:00,56.79,56.8,56.76,56.79,3610
3057,2024-02-07 05:10:00,56.77,56.82,56.77,56.8,9432
3058,2024-02-07 05:05:00,56.74,56.78,56.71,56.77,6609
3059,2024-02-07 05:00:00,56.76,56.8,56.72,56.72,4944
3060,2024-02-07 04:55:00,56.75,56.77,56.73,56.76,11108
3061,2024-02-07 04:50:00,56.7,56.77,56.67,56.77,6250
3062,2024-02-07 04:45:00,56.75,56.78,56.7,56.71,10059
3063,2024-02-07 04:40:00,56.7,56.75,56.69,56.75,6867
3064,2024-02-07 04:35:00,56.71,56.71,56.66,56.68,7405
3065,2024-02-07 04:30:00,56.7,56.74,56.68,56.72,10636
3066,2024-02-07 04:25:00,56.73,56.76,56.69,56.7,12781
3067,2024-02-07 04:20:00,56.61,56.73,56.61,56.72,11984
3068,2024-02-07 04:15:00,56.58,56.63,56.55,56.61,13305
3069,2024-02-07 04:10:00,56.52,56.59,56.52,56.58,11319
3070,2024-02-07 04:05:00,56.54,56.55,56.51,56.53,19408
3071,2024-02-07 04:00:00,56.58,57.77,56.52,56.53,22714
3072,2024-02-06 19:55:00,56.56,56.59,56.56,56.58,26722
3073,2024-02-06 19:50:00,56.54,56.55,56.51,56.54,6228
3074,2024-02-06 19:45:00,56.56,56.57,56.55,56.55,24259
3075,2024-02-06 19:40:00,56.57,56.58,56.55,56.56,7134
3076,2024-02-06 19:35:00,56.58,56.58,56.55,56.56,6622
3077,2024-02-06 19:30:00,56.58,56.6,56.57,56.58,18246
3078,2024-02-06 19:25:00,56.57,56.58,56.56,56.57,10683
3079,2024-02-06 19:20:00,56.53,56.59,56.53,56.58,6602
3080,2024-02-06 19:15:00,56.5,56.53,56.5,56.53,4976
3081,2024-02-06 19:10:00,56.5,56.54,56.5,56.53,10616
3082,2024-02-06 19:05:00,56.49,56.5,56.46,56.5,8271
3083,2024-02-06 19:00:00,56.52,56.54,56.47,56.49,14845
3084,2024-02-06 18:55:00,56.52,56.53,56.49,56.51,11155
3085,2024-02-06 18:50:00,56.52,56.55,56.52,56.52,3598
3086,2024-02-06 18:45:00,56.56,56.58,56.53,56.53,7968
3087,2024-02-06 18:40:00,56.61,56.61,56.56,56.56,2167
3088,2024-02-06 18:35:00,56.58,56.6,56.56,56.6,7819
3089,2024-02-06 18:30:00,56.57,56.6,56.56,56.59,3861
3090,2024-02-06 18:25:00,56.59,56.59,56.55,56.56,7774
3091,2024-02-06 18:20:00,56.59,56.62,56.57,56.58,8894
3092,2024-02-06 18:15:00,56.6,56.62,56.58,56.6,9497
3093,2024-02-06 18:10:00,56.58,56.62,56.58,56.59,40938
3094,2024-02-06 18:05:00,56.57,56.58,56.55,56.58,10441
3095,2024-02-06 18:00:00,56.42,56.57,56.42,56.57,23401
3096,2024-02-06 17:55:00,56.4,56.41,56.38,56.41,5999
3097,2024-02-06 17:50:00,56.44,56.44,56.38,56.39,11557
3098,2024-02-06 17:45:00,56.455,56.46,56.42,56.42,3948
3099,2024-02-06 17:40:00,56.44,56.46,56.44,56.455,6014
3100,2024-02-06 17:35:00,56.47,56.48,56.44,56.45,6072
3101,2024-02-06 17:30:00,56.48,56.5,56.46,56.47,7566
3102,2024-02-06 17:25:00,56.49,56.49,56.48,56.49,8243
3103,2024-02-06 17:20:00,56.49,56.5,56.47,56.49,6259
3104,2024-02-06 17:15:00,56.49,56.49,56.47,56.47,3170
3105,2024-02-06 17:10:00,56.51,56.62,56.48,56.49,6097
3106,2024-02-06 17:05:00,56.51,56.52,56.49,56.49,3867
3107,2024-02-06 17:00:00,56.51,56.52,56.5,56.52,13197
3108,2024-02-06 16:55:00,56.46,56.51,56.44,56.5,60385
3109,2024-02-06 16:50:00,56.48,56.49,56.46,56.46,38441
3110,2024-02-06 16:45:00,56.48,56.49,56.47,56.49,45193
3111,2024-02-06 16:40:00,56.495,56.5,56.47,56.48,55236
3112,2024-02-06 16:35:00,56.49,56.51,56.49,56.5,66967
3113,2024-02-06 16:30:00,56.485,56.51,56.48,56.5,16607
3114,2024-02-06 16:25:00,56.51,56.52,56.48,56.485,85860
3115,2024-02-06 16:20:00,56.42,56.52,56.42,56.505,78112
3116,2024-02-06 16:15:00,56.62,56.62,56.41,56.42,17391
3117,2024-02-06 16:10:00,56.47,56.49,56.44,56.46,69672
3118,2024-02-06 16:05:00,56.48,56.52,56.45,56.47,63113
3119,2024-02-06 16:00:00,56.62,56.67,56.45,56.48,690063
3120,2024-02-06 15:55:00,56.36,56.63,56.35,56.611,1818977
3121,2024-02-06 15:50:00,56.26,56.39,56.235,56.36,1422737
3122,2024-02-06 15:45:00,56.13,56.28,56.07,56.265,709281
3123,2024-02-06 15:40:00,56.045,56.18,56.04,56.12,613789
3124,2024-02-06 15:35:00,56.158,56.19,56.014,56.045,596666
3125,2024-02-06 15:30:00,56.36,56.377,56.069,56.155,924220
3126,2024-02-06 15:25:00,56.35,56.435,56.3,56.365,467528
3127,2024-02-06 15:20:00,56.4,56.45,56.32,56.35,435174
3128,2024-02-06 15:15:00,56.47,56.49,56.31,56.395,779234
3129,2024-02-06 15:10:00,56.435,56.48,56.38,56.46,493557
3130,2024-02-06 15:05:00,56.38,56.53,56.38,56.43,1094028
3131,2024-02-06 15:00:00,56.36,56.43,56.33,56.37,660923
3132,2024-02-06 14:55:00,56.255,56.41,56.24,56.36,649792
3133,2024-02-06 14:50:00,56.22,56.26,56.15,56.256,676377
3134,2024-02-06 14:45:00,56.115,56.237,56.101,56.22,724999
3135,2024-02-06 14:40:00,55.98,56.14,55.92,56.115,492557
3136,2024-02-06 14:35:00,56.08,56.13,55.94,55.98,542705
3137,2024-02-06 14:30:00,55.965,56.12,55.95,56.08,473250
3138,2024-02-06 14:25:00,55.93,56.014,55.88,55.965,598567
3139,2024-02-06 14:20:00,55.779,55.97,55.76,55.93,737882
3140,2024-02-06 14:15:00,55.731,55.818,55.66,55.775,691149
3141,2024-02-06 14:10:00,55.86,55.87,55.71,55.74,891059
3142,2024-02-06 14:05:00,56.22,56.25,55.82,55.86,959167
3143,2024-02-06 14:00:00,56.315,56.33,56.15,56.22,561736
3144,2024-02-06 13:55:00,56.205,56.336,56.19,56.32,442403
3145,2024-02-06 13:50:00,56.273,56.28,56.197,56.2,323590
3146,2024-02-06 13:45:00,56.27,56.32,56.18,56.27,471982
3147,2024-02-06 13:40:00,56.288,56.33,56.17,56.265,438423
3148,2024-02-06 13:35:00,56.15,56.327,56.13,56.286,528315
3149,2024-02-06 13:30:00,56.103,56.227,56.061,56.15,503726
3150,2024-02-06 13:25:00,55.95,56.12,55.93,56.11,461664
3151,2024-02-06 13:20:00,55.97,56.05,55.93,55.94,371927
3152,2024-02-06 13:15:00,55.99,56.145,55.954,55.97,312595
3153,2024-02-06 13:10:00,56.095,56.11,55.92,55.99,470352
3154,2024-02-06 13:05:00,56.1,56.169,56.08,56.1,438858
3155,2024-02-06 13:00:00,55.94,56.098,55.909,56.098,437244
3156,2024-02-06 12:55:00,55.905,56.08,55.905,55.93,361398
3157,2024-02-06 12:50:00,55.94,56.057,55.9,55.907,394615
3158,2024-02-06 12:45:00,56.14,56.14,55.89,55.94,762671
3159,2024-02-06 12:40:00,56.09,56.17,56.035,56.15,601916
3160,2024-02-06 12:35:00,55.94,56.1,55.907,56.099,454408
3161,2024-02-06 12:30:00,56.06,56.09,55.82,55.95,919435
3162,2024-02-06 12:25:00,55.77,56.065,55.74,56.055,977517
3163,2024-02-06 12:20:00,55.82,55.82,55.64,55.77,795698
3164,2024-02-06 12:15:00,55.77,55.94,55.75,55.82,659332
3165,2024-02-06 12:10:00,55.92,55.97,55.73,55.76,798202
3166,2024-02-06 12:05:00,55.88,55.97,55.824,55.917,662364
3167,2024-02-06 12:00:00,55.9,55.99,55.76,55.872,1175933
3168,2024-02-06 11:55:00,55.96,56.01,55.89,55.9,539106
3169,2024-02-06 11:50:00,55.97,56.05,55.81,55.962,1006752
3170,2024-02-06 11:45:00,56.29,56.29,55.89,55.97,2024663
3171,2024-02-06 11:40:00,56.447,56.45,56.26,56.29,639499
3172,2024-02-06 11:35:00,56.52,56.526,56.33,56.447,516618
3173,2024-02-06 11:30:00,56.56,56.63,56.49,56.52,613855
3174,2024-02-06 11:25:00,56.505,56.57,56.45,56.55,576302
3175,2024-02-06 11:20:00,56.46,56.534,56.37,56.51,683352
3176,2024-02-06 11:15:00,56.285,56.465,56.252,56.46,652648
3177,2024-02-06 11:10:00,56.438,56.52,56.24,56.29,715646
3178,2024-02-06 11:05:00,56.37,56.59,56.34,56.435,744692
3179,2024-02-06 11:00:00,56.389,56.44,56.28,56.37,531180
3180,2024-02-06 10:55:00,56.34,56.47,56.332,56.39,668302
3181,2024-02-06 10:50:00,56.28,56.398,56.14,56.33,1098432
3182,2024-02-06 10:45:00,56.34,56.49,56.245,56.285,1005927
3183,2024-02-06 10:40:00,56.37,56.476,56.215,56.343,1003929
3184,2024-02-06 10:35:00,56.44,56.58,56.35,56.37,1077953
3185,2024-02-06 10:30:00,56.25,56.464,56.21,56.447,828108
3186,2024-02-06 10:25:00,56.2,56.29,56.01,56.26,1402750
3187,2024-02-06 10:20:00,56.54,56.586,56.17,56.196,1001684
3188,2024-02-06 10:15:00,56.31,56.57,56.27,56.53,1365495
3189,2024-02-06 10:10:00,56.301,56.32,56.101,56.315,1258520
3190,2024-02-06 10:05:00,56.38,56.463,56.28,56.31,1501242
3191,2024-02-06 10:00:00,56.55,56.555,56.26,56.386,1566979
3192,2024-02-06 09:55:00,56.855,56.87,56.525,56.543,1339492
3193,2024-02-06 09:50:00,56.96,57.0,56.6,56.86,1791000
3194,2024-02-06 09:45:00,57.242,57.3,56.831,56.964,1655602
3195,2024-02-06 09:40:00,57.139,57.305,57.04,57.25,1720466
3196,2024-02-06 09:35:00,57.28,57.28,57.01,57.14,2032050
3197,2024-02-06 09:30:00,57.38,57.64,57.195,57.27,2666671
3198,2024-02-06 09:25:00,57.46,57.46,57.35,57.39,92876
3199,2024-02-06 09:20:00,57.45,57.48,57.43,57.46,47917
3200,2024-02-06 09:15:00,57.45,57.47,57.41,57.45,67649
3201,2024-02-06 09:10:00,57.38,57.47,57.36,57.46,78418
3202,2024-02-06 09:05:00,57.43,57.47,57.35,57.37,85528
3203,2024-02-06 09:00:00,57.34,57.43,57.34,57.43,71586
3204,2024-02-06 08:55:00,57.35,57.39,57.32,57.34,60442
3205,2024-02-06 08:50:00,57.35,57.4,56.045,57.35,89385
3206,2024-02-06 08:45:00,57.29,57.36,57.28,57.36,102051
3207,2024-02-06 08:40:00,57.26,57.31,57.24,57.285,42876
3208,2024-02-06 08:35:00,57.27,57.36,57.26,57.26,50404
3209,2024-02-06 08:30:00,57.29,57.33,57.245,57.27,128535
3210,2024-02-06 08:25:00,57.36,57.36,57.29,57.29,134979
3211,2024-02-06 08:20:00,57.32,57.38,57.28,57.36,82228
3212,2024-02-06 08:15:00,57.26,57.33,57.26,57.33,77739
3213,2024-02-06 08:10:00,57.19,57.27,57.19,57.27,36641
3214,2024-02-06 08:05:00,57.13,57.62,57.13,57.19,71549
3215,2024-02-06 08:00:00,57.03,57.62,56.71,57.5,340103
3216,2024-02-06 07:55:00,57.03,57.04,56.99,57.03,9464
3217,2024-02-06 07:50:00,57.0,57.06,56.99,57.04,13638
3218,2024-02-06 07:45:00,57.02,57.06,56.96,56.99,52691
3219,2024-02-06 07:40:00,56.9,57.02,56.9,57.02,33457
3220,2024-02-06 07:35:00,56.82,56.89,56.8,56.89,17551
3221,2024-02-06 07:30:00,56.77,56.83,56.76,56.83,14119
3222,2024-02-06 07:25:00,56.79,56.83,56.71,56.75,26247
3223,2024-02-06 07:20:00,56.85,56.86,56.73,56.78,37113
3224,2024-02-06 07:15:00,56.92,56.95,56.82,56.87,23880
3225,2024-02-06 07:10:00,56.97,56.97,56.89,56.92,22380
3226,2024-02-06 07:05:00,56.93,56.98,56.88,56.95,37757
3227,2024-02-06 07:00:00,56.91,56.99,56.88,56.92,40309
3228,2024-02-06 06:55:00,56.91,56.92,56.87,56.92,43620
3229,2024-02-06 06:50:00,56.83,56.94,56.83,56.91,17620
3230,2024-02-06 06:45:00,56.8,56.85,56.77,56.83,30132
3231,2024-02-06 06:40:00,56.76,56.91,56.75,56.78,38795
3232,2024-02-06 06:35:00,57.03,57.04,56.75,56.76,64263
3233,2024-02-06 06:30:00,57.26,57.26,57.03,57.03,33777
3234,2024-02-06 06:25:00,57.27,57.31,57.26,57.26,5972
3235,2024-02-06 06:20:00,57.26,57.32,57.26,57.28,10789
3236,2024-02-06 06:15:00,57.27,57.3,57.22,57.26,4408
3237,2024-02-06 06:10:00,57.33,57.34,57.25,57.28,9972
3238,2024-02-06 06:05:00,57.37,57.37,57.33,57.33,7411
3239,2024-02-06 06:00:00,57.35,57.39,57.34,57.37,7554
3240,2024-02-06 05:55:00,57.33,57.35,57.3,57.34,7325
3241,2024-02-06 05:50:00,57.26,57.34,57.26,57.33,5474
3242,2024-02-06 05:45:00,57.23,57.26,57.22,57.25,6041
3243,2024-02-06 05:40:00,57.22,57.26,57.21,57.23,8236
3244,2024-02-06 05:35:00,57.17,57.23,57.15,57.22,4607
3245,2024-02-06 05:30:00,57.24,57.26,57.16,57.17,20424
3246,2024-02-06 05:25:00,57.26,57.27,57.18,57.24,11319
3247,2024-02-06 05:20:00,57.25,57.27,57.23,57.27,46418
3248,2024-02-06 05:15:00,57.28,57.29,57.24,57.26,3560
3249,2024-02-06 05:10:00,57.29,57.31,57.25,57.29,5070
3250,2024-02-06 05:05:00,57.25,57.31,57.24,57.29,10722
3251,2024-02-06 05:00:00,57.29,57.29,57.18,57.25,17286
3252,2024-02-06 04:55:00,57.3,57.32,57.23,57.28,13477
3253,2024-02-06 04:50:00,57.33,57.34,57.29,57.3,7806
3254,2024-02-06 04:45:00,57.39,57.42,57.28,57.33,45226
3255,2024-02-06 04:40:00,57.42,57.44,57.38,57.39,13491
3256,2024-02-06 04:35:00,57.4,57.42,57.38,57.42,7841
3257,2024-02-06 04:30:00,57.43,57.44,57.36,57.4,14378
3258,2024-02-06 04:25:00,57.4,57.43,57.37,57.43,6909
3259,2024-02-06 04:20:00,57.44,57.47,57.39,57.39,6992
3260,2024-02-06 04:15:00,57.43,57.51,57.42,57.45,16213
3261,2024-02-06 04:10:00,57.48,57.49,57.35,57.43,25804
3262,2024-02-06 04:05:00,57.48,57.53,57.45,57.48,27904
3263,2024-02-06 04:00:00,57.43,57.48,57.35,57.47,46237
3264,2024-02-05 19:55:00,57.08,57.08,57.04,57.06,15471
3265,2024-02-05 19:50:00,57.09,57.09,57.06,57.07,5419
3266,2024-02-05 19:45:00,57.05,57.1,57.05,57.08,10773
3267,2024-02-05 19:40:00,57.03,57.07,57.03,57.055,5877
3268,2024-02-05 19:35:00,57.01,57.04,56.99,57.04,3640
3269,2024-02-05 19:30:00,57.03,57.04,57.0,57.01,6855
3270,2024-02-05 19:25:00,57.01,57.02,56.99,57.02,9500
3271,2024-02-05 19:20:00,56.99,57.03,56.96,57.03,4565
3272,2024-02-05 19:15:00,57.0,57.02,56.99,57.0,3075
3273,2024-02-05 19:10:00,56.96,56.985,56.96,56.96,927
3274,2024-02-05 19:05:00,56.99,57.0,56.96,56.97,10944
3275,2024-02-05 19:00:00,56.95,56.99,56.94,56.99,4550
3276,2024-02-05 18:55:00,56.96,56.96,56.92,56.95,3590
3277,2024-02-05 18:50:00,56.96,56.97,56.94,56.96,10894
3278,2024-02-05 18:45:00,57.01,57.01,56.97,56.97,5405
3279,2024-02-05 18:40:00,57.01,57.03,57.0,57.03,2443
3280,2024-02-05 18:35:00,57.05,57.06,57.01,57.02,15415
3281,2024-02-05 18:30:00,57.03,57.06,57.02,57.045,11437
3282,2024-02-05 18:25:00,57.03,57.05,57.02,57.02,3441
3283,2024-02-05 18:20:00,57.03,57.06,57.03,57.04,14626
3284,2024-02-05 18:15:00,57.02,57.04,57.02,57.04,4425
3285,2024-02-05 18:10:00,57.02,57.04,57.01,57.01,1161
3286,2024-02-05 18:05:00,57.02,57.06,57.02,57.04,4230
3287,2024-02-05 18:00:00,57.0,57.08,57.0,57.01,15174
3288,2024-02-05 17:55:00,57.0,57.03,57.0,57.02,5558
3289,2024-02-05 17:50:00,57.02,57.03,57.0,57.01,1922
3290,2024-02-05 17:45:00,57.02,57.02,57.01,57.02,3888
3291,2024-02-05 17:40:00,57.01,57.02,57.0,57.02,1480
3292,2024-02-05 17:35:00,57.01,57.01,56.99,57.0,5593
3293,2024-02-05 17:30:00,57.0,57.01,57.0,57.0,2970
3294,2024-02-05 17:25:00,57.02,57.03,57.0,57.01,11283
3295,2024-02-05 17:20:00,57.02,57.04,57.0,57.02,5635
3296,2024-02-05 17:15:00,57.03,57.04,57.03,57.03,3341
3297,2024-02-05 17:10:00,57.04,57.04,57.03,57.03,4729
3298,2024-02-05 17:05:00,57.03,57.04,57.03,57.03,5042
3299,2024-02-05 17:00:00,57.02,57.04,57.0,57.03,15571
3300,2024-02-05 16:55:00,56.99,57.02,56.99,57.02,26256
3301,2024-02-05 16:50:00,56.95,57.0,56.94,56.99,22592
3302,2024-02-05 16:45:00,56.96,56.97,56.94,56.95,45888
3303,2024-02-05 16:40:00,56.93,56.965,56.925,56.96,13333
3304,2024-02-05 16:35:00,56.91,56.93,56.9,56.93,21591
3305,2024-02-05 16:30:00,56.97,56.97,56.9,56.91,72504
3306,2024-02-05 16:25:00,56.98,57.0,56.97,56.97,54827
3307,2024-02-05 16:20:00,56.99,57.01,56.98,56.98,47593
3308,2024-02-05 16:15:00,56.95,57.01,56.94,56.98,29042
3309,2024-02-05 16:10:00,57.01,57.02,56.96,56.99,38636
3310,2024-02-05 16:05:00,56.94,57.05,56.91,57.01,104137
3311,2024-02-05 16:00:00,56.95,56.97,56.78,56.94,424249
3312,2024-02-05 15:55:00,57.16,57.27,56.93,56.95,1371653
3313,2024-02-05 15:50:00,57.0,57.22,56.99,57.15,1360418
3314,2024-02-05 15:45:00,56.97,57.115,56.97,56.995,491082
3315,2024-02-05 15:40:00,56.98,57.05,56.954,56.975,413337
3316,2024-02-05 15:35:00,57.138,57.17,56.94,56.983,513608
3317,2024-02-05 15:30:00,57.12,57.16,57.03,57.14,557867
3318,2024-02-05 15:25:00,56.97,57.15,56.95,57.13,764201
3319,2024-02-05 15:20:00,56.87,56.985,56.81,56.95,559040
3320,2024-02-05 15:15:00,56.82,56.96,56.72,56.87,1377472
3321,2024-02-05 15:10:00,56.99,57.02,56.815,56.825,816645
3322,2024-02-05 15:05:00,57.13,57.17,56.92,56.98,808824
3323,2024-02-05 15:00:00,57.33,57.335,57.1,57.115,770058
3324,2024-02-05 14:55:00,57.35,57.37,57.29,57.323,350637
3325,2024-02-05 14:50:00,57.4,57.41,57.29,57.36,503879
3326,2024-02-05 14:45:00,57.34,57.42,57.32,57.39,706771
3327,2024-02-05 14:40:00,57.29,57.4,57.29,57.34,721479
3328,2024-02-05 14:35:00,57.246,57.35,57.23,57.281,858238
3329,2024-02-05 14:30:00,57.11,57.26,57.09,57.249,752423
3330,2024-02-05 14:25:00,57.06,57.16,57.025,57.105,693362
3331,2024-02-05 14:20:00,56.91,57.07,56.875,57.054,374824
3332,2024-02-05 14:15:00,57.0,57.06,56.86,56.91,480524
3333,2024-02-05 14:10:00,57.02,57.09,56.97,57.004,531733
3334,2024-02-05 14:05:00,56.89,57.06,56.84,57.028,465577
3335,2024-02-05 14:00:00,56.955,56.99,56.81,56.871,348884
3336,2024-02-05 13:55:00,56.87,56.98,56.76,56.955,441050
3337,2024-02-05 13:50:00,56.93,56.96,56.81,56.87,437806
3338,2024-02-05 13:45:00,56.9,56.96,56.89,56.92,241868
3339,2024-02-05 13:40:00,56.93,56.947,56.8,56.91,275127
3340,2024-02-05 13:35:00,56.91,56.98,56.85,56.93,470426
3341,2024-02-05 13:30:00,56.79,56.919,56.771,56.919,443698
3342,2024-02-05 13:25:00,56.9,56.92,56.775,56.783,673670
3343,2024-02-05 13:20:00,57.04,57.048,56.85,56.885,555677
3344,2024-02-05 13:15:00,57.175,57.175,56.99,57.05,629051
3345,2024-02-05 13:10:00,57.04,57.18,57.01,57.176,497215
3346,2024-02-05 13:05:00,56.96,57.07,56.9,57.031,579043
3347,2024-02-05 13:00:00,56.94,56.97,56.8,56.95,1037906
3348,2024-02-05 12:55:00,56.95,56.996,56.9,56.935,343793
3349,2024-02-05 12:50:00,57.03,57.045,56.88,56.95,769811
3350,2024-02-05 12:45:00,57.09,57.12,56.96,57.04,719147
3351,2024-02-05 12:40:00,57.135,57.155,57.04,57.08,548664
3352,2024-02-05 12:35:00,56.94,57.165,56.9,57.135,939590
3353,2024-02-05 12:30:00,56.87,56.97,56.87,56.93,743433
3354,2024-02-05 12:25:00,56.849,56.88,56.776,56.86,446627
3355,2024-02-05 12:20:00,56.78,56.86,56.66,56.85,1002165
3356,2024-02-05 12:15:00,56.74,56.83,56.73,56.77,443824
3357,2024-02-05 12:10:00,56.73,56.81,56.7,56.745,704221
3358,2024-02-05 12:05:00,56.63,56.76,56.63,56.721,835880
3359,2024-02-05 12:00:00,56.59,56.649,56.54,56.63,707531
3360,2024-02-05 11:55:00,56.479,56.62,56.475,56.59,581401
3361,2024-02-05 11:50:00,56.44,56.55,56.39,56.48,808610
3362,2024-02-05 11:45:00,56.285,56.48,56.285,56.423,747031
3363,2024-02-05 11:40:00,56.36,56.37,56.17,56.28,1092037
3364,2024-02-05 11:35:00,56.42,56.45,56.32,56.37,1078930
3365,2024-02-05 11:30:00,56.13,56.43,56.12,56.422,892457
3366,2024-02-05 11:25:00,56.195,56.23,56.1,56.13,499789
3367,2024-02-05 11:20:00,56.29,56.34,56.14,56.193,1115989
3368,2024-02-05 11:15:00,56.194,56.295,56.15,56.275,584354
3369,2024-02-05 11:10:00,56.164,56.205,56.08,56.19,597201
3370,2024-02-05 11:05:00,55.93,56.18,55.9,56.16,951314
3371,2024-02-05 11:00:00,55.95,56.01,55.86,55.91,791525
3372,2024-02-05 10:55:00,55.84,55.98,55.804,55.955,742286
3373,2024-02-05 10:50:00,55.85,55.89,55.74,55.84,738951
3374,2024-02-05 10:45:00,55.68,55.85,55.57,55.85,956651
3375,2024-02-05 10:40:00,56.02,56.025,55.585,55.69,2022349
3376,2024-02-05 10:35:00,56.11,56.225,56.01,56.025,792643
3377,2024-02-05 10:30:00,56.27,56.332,56.075,56.109,941612
3378,2024-02-05 10:25:00,56.25,56.37,56.16,56.27,1220143
3379,2024-02-05 10:20:00,56.15,56.29,56.028,56.246,1601768
3380,2024-02-05 10:15:00,56.59,56.59,56.02,56.15,1998990
3381,2024-02-05 10:10:00,56.62,56.73,56.46,56.573,1113206
3382,2024-02-05 10:05:00,56.55,56.81,56.49,56.61,1504155
3383,2024-02-05 10:00:00,57.01,57.03,56.52,56.53,2475257
3384,2024-02-05 09:55:00,56.882,57.055,56.882,57.04,898931
3385,2024-02-05 09:50:00,56.9,56.98,56.75,56.88,1222870
3386,2024-02-05 09:45:00,56.99,57.17,56.81,56.895,1604638
3387,2024-02-05 09:40:00,57.1,57.16,56.9,56.995,1375469
3388,2024-02-05 09:35:00,57.3,57.34,56.98,57.105,1696751
3389,2024-02-05 09:30:00,57.19,57.34,57.06,57.29,2723627
3390,2024-02-05 09:25:00,57.12,57.21,57.065,57.19,151729
3391,2024-02-05 09:20:00,57.11,57.13,57.09,57.11,72801
3392,2024-02-05 09:15:00,57.05,57.12,57.04,57.1,114400
3393,2024-02-05 09:10:00,56.97,57.07,56.96,57.06,93338
3394,2024-02-05 09:05:00,57.03,57.04,56.95,56.97,178353
3395,2024-02-05 09:00:00,56.98,57.05,56.94,57.03,78893
3396,2024-02-05 08:55:00,57.01,57.02,56.9,56.98,78672
3397,2024-02-05 08:50:00,57.06,57.07,57.0,57.01,52614
3398,2024-02-05 08:45:00,57.0,57.07,56.97,57.055,78689
3399,2024-02-05 08:40:00,56.995,57.02,56.94,57.0,66552
3400,2024-02-05 08:35:00,57.06,57.06,56.97,57.0,84337
3401,2024-02-05 08:30:00,57.03,57.1,57.02,57.06,41446
3402,2024-02-05 08:25:00,57.14,57.15,57.03,57.04,98369
3403,2024-02-05 08:20:00,57.26,57.27,57.08,57.14,61609
3404,2024-02-05 08:15:00,57.29,57.3,57.225,57.27,43287
3405,2024-02-05 08:10:00,57.26,57.3,57.24,57.29,17937
3406,2024-02-05 08:05:00,57.29,57.3,57.24,57.25,68878
3407,2024-02-05 08:00:00,57.31,57.35,56.749,57.28,378333
3408,2024-02-05 07:55:00,57.31,57.33,57.29,57.31,14256
3409,2024-02-05 07:50:00,57.22,57.31,57.22,57.3,30143
3410,2024-02-05 07:45:00,57.25,57.27,57.19,57.22,41892
3411,2024-02-05 07:40:00,57.3,57.31,57.25,57.25,12346
3412,2024-02-05 07:35:00,57.219,57.33,57.21,57.28,48087
3413,2024-02-05 07:30:00,57.21,57.22,57.14,57.22,18375
3414,2024-02-05 07:25:00,57.26,57.27,57.16,57.2,33175
3415,2024-02-05 07:20:00,57.25,57.32,57.23,57.26,38167
3416,2024-02-05 07:15:00,57.22,57.27,57.2,57.24,26497
3417,2024-02-05 07:10:00,57.16,57.229,57.13,57.22,13318
3418,2024-02-05 07:05:00,57.08,57.16,57.03,57.16,19522
3419,2024-02-05 07:00:00,57.04,57.09,56.99,57.07,38235
3420,2024-02-05 06:55:00,57.03,57.09,57.0,57.06,3655
3421,2024-02-05 06:50:00,57.09,57.1,57.02,57.03,13523
3422,2024-02-05 06:45:00,57.09,57.1,57.04,57.1,11331
3423,2024-02-05 06:40:00,57.12,57.15,57.08,57.09,14302
3424,2024-02-05 06:35:00,57.13,57.14,57.09,57.11,42968
3425,2024-02-05 06:30:00,57.11,57.18,57.11,57.13,10893
3426,2024-02-05 06:25:00,57.16,57.2,57.11,57.11,4442
3427,2024-02-05 06:20:00,57.17,57.19,57.14,57.16,6848
3428,2024-02-05 06:15:00,57.15,57.18,57.09,57.17,12182
3429,2024-02-05 06:10:00,57.12,57.17,57.11,57.15,4764
3430,2024-02-05 06:05:00,57.1,57.14,57.06,57.11,10403
3431,2024-02-05 06:00:00,57.17,57.17,57.09,57.1,3871
3432,2024-02-05 05:55:00,57.19,57.19,57.12,57.15,11980
3433,2024-02-05 05:50:00,57.12,57.2,57.12,57.2,7862
3434,2024-02-05 05:45:00,57.11,57.12,57.08,57.11,14028
3435,2024-02-05 05:40:00,57.18,57.18,57.1,57.11,10645
3436,2024-02-05 05:35:00,57.14,57.19,57.08,57.18,15373
3437,2024-02-05 05:30:00,57.03,57.14,57.03,57.14,11278
3438,2024-02-05 05:25:00,57.01,57.03,56.98,57.01,11547
3439,2024-02-05 05:20:00,56.95,57.01,56.94,57.01,9573
3440,2024-02-05 05:15:00,56.95,56.97,56.94,56.95,3449
3441,2024-02-05 05:10:00,56.93,56.96,56.9,56.95,4664
3442,2024-02-05 05:05:00,56.93,56.96,56.9,56.92,3663
3443,2024-02-05 05:00:00,56.83,56.94,56.83,56.93,18778
3444,2024-02-05 04:55:00,56.76,56.84,56.74,56.83,19470
3445,2024-02-05 04:50:00,56.86,56.87,56.74,56.77,23855
3446,2024-02-05 04:45:00,56.96,56.98,56.84,56.86,21209
3447,2024-02-05 04:40:00,56.92,56.96,56.92,56.95,10775
3448,2024-02-05 04:35:00,56.94,56.96,56.89,56.92,9985
3449,2024-02-05 04:30:00,56.91,56.94,56.89,56.94,13409
3450,2024-02-05 04:25:00,56.97,56.97,56.88,56.9,22288
3451,2024-02-05 04:20:00,57.03,57.03,56.96,56.96,13007
3452,2024-02-05 04:15:00,57.19,57.2,57.01,57.01,23238
3453,2024-02-05 04:10:00,57.11,57.19,57.1,57.19,11015
3454,2024-02-05 04:05:00,57.11,57.16,57.1,57.1,12953
3455,2024-02-05 04:00:00,57.12,57.3,56.93,57.11,30339
3456,2024-02-02 19:55:00,56.94,56.95,56.91,56.93,15413
3457,2024-02-02 19:50:00,56.93,56.95,56.92,56.93,8620
3458,2024-02-02 19:45:00,56.94,56.94,56.9,56.93,22003
3459,2024-02-02 19:40:00,56.97,56.97,56.93,56.94,6774
3460,2024-02-02 19:35:00,56.99,57.0,56.96,56.97,7601
3461,2024-02-02 19:30:00,57.0,57.0,56.97,56.99,4286
3462,2024-02-02 19:25:00,57.02,57.02,56.98,57.0,5174
3463,2024-02-02 19:20:00,56.98,57.02,56.97,57.01,3151
3464,2024-02-02 19:15:00,57.02,57.02,56.98,56.98,5594
3465,2024-02-02 19:10:00,57.03,57.04,57.0,57.01,10066
3466,2024-02-02 19:05:00,57.04,57.04,57.03,57.04,10133
3467,2024-02-02 19:00:00,57.04,57.04,57.01,57.035,5250
3468,2024-02-02 18:55:00,57.05,57.05,57.03,57.03,1115
3469,2024-02-02 18:50:00,57.01,57.05,57.01,57.05,2556
3470,2024-02-02 18:45:00,57.03,57.03,57.01,57.01,2524
3471,2024-02-02 18:40:00,57.0,57.03,56.99,57.02,9668
3472,2024-02-02 18:35:00,57.01,57.03,57.0,57.0,7189
3473,2024-02-02 18:30:00,57.02,57.03,57.01,57.03,7197
3474,2024-02-02 18:25:00,57.0,57.02,57.0,57.015,6333
3475,2024-02-02 18:20:00,57.03,57.03,56.99,57.005,7457
3476,2024-02-02 18:15:00,57.04,57.05,57.01,57.04,8607
3477,2024-02-02 18:10:00,57.07,57.08,57.04,57.04,30876
3478,2024-02-02 18:05:00,57.05,57.08,57.04,57.07,5886
3479,2024-02-02 18:00:00,57.0,57.05,57.0,57.05,5250
3480,2024-02-02 17:55:00,57.0,57.01,56.99,57.01,15226
3481,2024-02-02 17:50:00,57.0,57.0,56.98,57.0,7270
3482,2024-02-02 17:45:00,56.99,57.0,56.98,56.98,9845
3483,2024-02-02 17:40:00,57.0,57.0,56.98,57.0,10162
3484,2024-02-02 17:35:00,57.0,57.0,56.98,56.99,15826
3485,2024-02-02 17:30:00,56.98,56.99,56.97,56.985,8454
3486,2024-02-02 17:25:00,56.95,56.97,56.93,56.97,25675
3487,2024-02-02 17:20:00,56.96,56.97,56.95,56.96,12847
3488,2024-02-02 17:15:00,56.99,57.0,56.95,56.95,12465
3489,2024-02-02 17:10:00,56.95,57.0,56.93,56.99,54723
3490,2024-02-02 17:05:00,56.94,56.95,56.93,56.95,9480
3491,2024-02-02 17:00:00,56.89,56.95,56.87,56.94,45245
3492,2024-02-02 16:55:00,56.95,56.97,56.84,56.88,211330
3493,2024-02-02 16:50:00,56.98,57.02,56.95,56.96,33454
3494,2024-02-02 16:45:00,56.96,56.99,56.94,56.97,51932
3495,2024-02-02 16:40:00,56.96,57.24,56.9,56.97,68939
3496,2024-02-02 16:35:00,57.05,57.05,56.96,56.96,66949
3497,2024-02-02 16:30:00,57.1,57.1,57.03,57.05,44804
3498,2024-02-02 16:25:00,57.089,57.11,57.04,57.1,80175
3499,2024-02-02 16:20:00,57.16,57.16,57.06,57.09,35858
3500,2024-02-02 16:15:00,57.24,57.24,57.13,57.17,40863
3501,2024-02-02 16:10:00,57.21,57.23,57.16,57.19,33322
3502,2024-02-02 16:05:00,57.1,57.22,57.1,57.22,113113
3503,2024-02-02 16:00:00,57.26,57.26,56.981,57.09,858377
3504,2024-02-02 15:55:00,57.575,57.67,57.25,57.26,2979488
3505,2024-02-02 15:50:00,57.46,57.62,57.4,57.575,2858444
3506,2024-02-02 15:45:00,57.455,57.52,57.37,57.47,1720760
3507,2024-02-02 15:40:00,57.46,57.51,57.42,57.455,1142736
3508,2024-02-02 15:35:00,57.4,57.48,57.31,57.452,1145373
3509,2024-02-02 15:30:00,57.59,57.59,57.34,57.405,836491
3510,2024-02-02 15:25:00,57.34,57.6,57.335,57.596,715636
3511,2024-02-02 15:20:00,57.56,57.57,57.3,57.34,599771
3512,2024-02-02 15:15:00,57.52,57.562,57.45,57.562,535339
3513,2024-02-02 15:10:00,57.58,57.66,57.5,57.511,845836
3514,2024-02-02 15:05:00,57.5,57.61,57.45,57.578,558428
3515,2024-02-02 15:00:00,57.56,57.58,57.41,57.51,669786
3516,2024-02-02 14:55:00,57.499,57.58,57.36,57.56,920547
3517,2024-02-02 14:50:00,57.57,57.6,57.418,57.5,713278
3518,2024-02-02 14:45:00,57.52,57.64,57.5,57.57,751366
3519,2024-02-02 14:40:00,57.59,57.68,57.53,57.53,804697
3520,2024-02-02 14:35:00,57.602,57.64,57.54,57.58,908143
3521,2024-02-02 14:30:00,57.425,57.61,57.38,57.602,854418
3522,2024-02-02 14:25:00,57.49,57.505,57.382,57.425,585826
3523,2024-02-02 14:20:00,57.49,57.53,57.327,57.49,1226295
3524,2024-02-02 14:15:00,57.5,57.62,57.45,57.49,1190111
3525,2024-02-02 14:10:00,57.43,57.57,57.39,57.493,1061252
3526,2024-02-02 14:05:00,57.374,57.44,57.32,57.43,630964
3527,2024-02-02 14:00:00,57.25,57.465,57.24,57.38,1194527
3528,2024-02-02 13:55:00,57.2,57.275,57.155,57.245,387561
3529,2024-02-02 13:50:00,57.18,57.275,57.12,57.2,545903
3530,2024-02-02 13:45:00,57.16,57.26,57.05,57.18,727650
3531,2024-02-02 13:40:00,57.06,57.19,57.025,57.16,700841
3532,2024-02-02 13:35:00,56.99,57.1,56.8,57.068,883365
3533,2024-02-02 13:30:00,57.065,57.11,56.92,56.99,721421
3534,2024-02-02 13:25:00,57.28,57.285,56.885,57.058,945541
3535,2024-02-02 13:20:00,57.3,57.34,57.12,57.287,758715
3536,2024-02-02 13:15:00,57.23,57.34,57.1,57.3,902243
3537,2024-02-02 13:10:00,57.09,57.29,57.085,57.235,600314
3538,2024-02-02 13:05:00,57.18,57.3,57.03,57.072,980625
3539,2024-02-02 13:00:00,57.08,57.22,57.08,57.19,957465
3540,2024-02-02 12:55:00,56.84,57.09,56.8,57.07,1062907
3541,2024-02-02 12:50:00,56.9,56.92,56.66,56.85,1034395
3542,2024-02-02 12:45:00,56.81,56.94,56.62,56.91,2056676
3543,2024-02-02 12:40:00,57.48,57.496,56.72,56.805,1861674
3544,2024-02-02 12:35:00,57.37,57.495,57.361,57.485,678266
3545,2024-02-02 12:30:00,57.44,57.5,57.36,57.37,1259501
3546,2024-02-02 12:25:00,57.14,57.46,57.11,57.44,1207967
3547,2024-02-02 12:20:00,57.186,57.2,57.09,57.15,495525
3548,2024-02-02 12:15:00,56.96,57.19,56.912,57.185,718909
3549,2024-02-02 12:10:00,56.98,57.096,56.91,56.97,635843
3550,2024-02-02 12:05:00,57.03,57.12,56.965,56.98,570154
3551,2024-02-02 12:00:00,57.01,57.12,57.0,57.02,756390
3552,2024-02-02 11:55:00,57.09,57.108,56.93,57.007,1028254
3553,2024-02-02 11:50:00,57.005,57.14,56.99,57.09,973301
3554,2024-02-02 11:45:00,56.95,57.037,56.9,57.0,906761
3555,2024-02-02 11:40:00,56.91,56.96,56.84,56.946,861898
3556,2024-02-02 11:35:00,56.79,56.907,56.754,56.9,916918
3557,2024-02-02 11:30:00,56.72,56.85,56.7,56.785,1371924
3558,2024-02-02 11:25:00,56.475,56.74,56.4,56.71,1164920
3559,2024-02-02 11:20:00,56.46,56.49,56.34,56.471,606536
3560,2024-02-02 11:15:00,56.53,56.58,56.42,56.46,643804
3561,2024-02-02 11:10:00,56.37,56.58,56.37,56.52,857851
3562,2024-02-02 11:05:00,56.19,56.43,56.185,56.371,1063036
3563,2024-02-02 11:00:00,56.42,56.462,56.103,56.18,1047314
3564,2024-02-02 10:55:00,56.46,56.635,56.373,56.41,1231903
3565,2024-02-02 10:50:00,56.47,56.55,56.38,56.455,1032984
3566,2024-02-02 10:45:00,56.54,56.66,56.426,56.46,1544158
3567,2024-02-02 10:40:00,56.2,56.578,56.195,56.54,2270946
3568,2024-02-02 10:35:00,55.91,56.22,55.795,56.2,1449114
3569,2024-02-02 10:30:00,55.91,55.947,55.57,55.918,1434643
3570,2024-02-02 10:25:00,56.184,56.25,55.845,55.91,1542294
3571,2024-02-02 10:20:00,55.98,56.23,55.92,56.18,1330189
3572,2024-02-02 10:15:00,55.97,56.12,55.87,55.97,1010566
3573,2024-02-02 10:10:00,55.83,56.02,55.74,55.973,1099521
3574,2024-02-02 10:05:00,55.918,56.05,55.71,55.83,1168639
3575,2024-02-02 10:00:00,55.97,56.19,55.89,55.92,2008512
3576,2024-02-02 09:55:00,55.76,56.11,55.691,55.974,1672373
3577,2024-02-02 09:50:00,55.925,55.93,55.641,55.76,1652290
3578,2024-02-02 09:45:00,55.835,56.28,55.835,55.921,2960463
3579,2024-02-02 09:40:00,55.62,55.85,55.54,55.83,2747632
3580,2024-02-02 09:35:00,55.25,55.63,55.21,55.61,2712417
3581,2024-02-02 09:30:00,55.18,55.31,54.79,55.25,3914917
3582,2024-02-02 09:25:00,55.02,55.21,55.01,55.18,315484
3583,2024-02-02 09:20:00,55.14,55.14,54.99,55.01,175636
3584,2024-02-02 09:15:00,55.18,55.27,55.05,55.14,179056
3585,2024-02-02 09:10:00,55.25,55.25,55.13,55.175,150358
3586,2024-02-02 09:05:00,55.09,55.29,55.08,55.25,309229
3587,2024-02-02 09:00:00,55.08,55.19,54.97,55.09,277973
3588,2024-02-02 08:55:00,55.24,55.27,54.96,55.09,606167
3589,2024-02-02 08:50:00,55.39,55.49,53.255,55.24,241954
3590,2024-02-02 08:45:00,55.71,55.72,55.38,55.4,289044
3591,2024-02-02 08:40:00,55.43,55.78,55.41,55.72,499477
3592,2024-02-02 08:35:00,55.38,55.46,55.22,55.439,371161
3593,2024-02-02 08:30:00,56.1,56.17,55.18,55.36,1127481
3594,2024-02-02 08:25:00,56.15,56.2,56.09,56.18,105913
3595,2024-02-02 08:20:00,56.19,56.22,56.15,56.16,67014
3596,2024-02-02 08:15:00,56.28,56.281,56.19,56.2,68183
3597,2024-02-02 08:10:00,56.27,56.29,56.23,56.27,32630
3598,2024-02-02 08:05:00,56.33,56.36,56.26,56.27,56240
3599,2024-02-02 08:00:00,56.23,56.45,55.85,56.33,439749
3600,2024-02-02 07:55:00,56.34,56.35,56.25,56.28,26529
3601,2024-02-02 07:50:00,56.31,56.34,56.22,56.34,52553
3602,2024-02-02 07:45:00,56.41,56.41,56.32,56.32,21932
3603,2024-02-02 07:40:00,56.37,56.41,56.31,56.41,51538
3604,2024-02-02 07:35:00,56.37,56.4,56.33,56.38,34713
3605,2024-02-02 07:30:00,56.4,56.42,56.36,56.36,12525
3606,2024-02-02 07:25:00,56.33,56.45,56.33,56.4,79908
3607,2024-02-02 07:20:00,56.27,56.33,56.25,56.33,64018
3608,2024-02-02 07:15:00,56.17,56.26,56.17,56.26,28757
3609,2024-02-02 07:10:00,56.13,56.17,56.09,56.17,19921
3610,2024-02-02 07:05:00,56.19,56.19,56.09,56.13,34162
3611,2024-02-02 07:00:00,56.21,56.23,56.19,56.19,23184
3612,2024-02-02 06:55:00,56.2,56.22,56.19,56.22,4528
3613,2024-02-02 06:50:00,56.18,56.2,56.16,56.2,7090
3614,2024-02-02 06:45:00,56.21,56.21,56.15,56.17,3444
3615,2024-02-02 06:40:00,56.18,56.21,56.16,56.2,12943
3616,2024-02-02 06:35:00,56.21,56.21,56.16,56.19,9015
3617,2024-02-02 06:30:00,56.16,56.22,56.16,56.2,19460
3618,2024-02-02 06:25:00,56.13,56.18,56.12,56.17,5247
3619,2024-02-02 06:20:00,56.16,56.18,56.13,56.13,8104
3620,2024-02-02 06:15:00,56.16,56.19,56.15,56.18,4321
3621,2024-02-02 06:10:00,56.09,56.16,56.09,56.16,10750
3622,2024-02-02 06:05:00,56.11,56.13,56.07,56.08,5258
3623,2024-02-02 06:00:00,56.13,56.13,56.06,56.12,49304
3624,2024-02-02 05:55:00,56.2,56.2,56.12,56.12,17269
3625,2024-02-02 05:50:00,56.22,56.24,56.19,56.2,10199
3626,2024-02-02 05:45:00,56.22,56.24,56.18,56.24,9230
3627,2024-02-02 05:40:00,56.27,56.27,56.2,56.23,11855
3628,2024-02-02 05:35:00,56.23,56.29,56.22,56.26,9172
3629,2024-02-02 05:30:00,56.23,56.26,56.19,56.23,21271
3630,2024-02-02 05:25:00,56.15,56.23,56.12,56.22,5979
3631,2024-02-02 05:20:00,56.16,56.16,56.07,56.14,17347
3632,2024-02-02 05:15:00,56.16,56.17,56.11,56.16,13012
3633,2024-02-02 05:10:00,56.13,56.17,56.11,56.15,15223
3634,2024-02-02 05:05:00,56.05,56.13,56.04,56.13,27961
3635,2024-02-02 05:00:00,56.16,56.17,56.05,56.05,6012
3636,2024-02-02 04:55:00,56.13,56.15,56.07,56.15,11813
3637,2024-02-02 04:50:00,56.15,56.16,56.12,56.13,13688
3638,2024-02-02 04:45:00,56.06,56.15,56.06,56.14,12647
3639,2024-02-02 04:40:00,56.12,56.13,56.03,56.06,15766
3640,2024-02-02 04:35:00,56.16,56.17,56.11,56.13,8904
3641,2024-02-02 04:30:00,56.16,56.18,56.11,56.16,31379
3642,2024-02-02 04:25:00,56.21,56.21,56.13,56.16,8350
3643,2024-02-02 04:20:00,56.26,56.27,56.17,56.2,13614
3644,2024-02-02 04:15:00,56.28,56.33,56.25,56.26,15406
3645,2024-02-02 04:10:00,56.27,56.36,56.26,56.28,36449
3646,2024-02-02 04:05:00,56.33,56.34,56.21,56.27,40530
3647,2024-02-02 04:00:00,56.16,56.37,56.16,56.33,61646
3648,2024-02-01 19:55:00,56.05,56.08,56.04,56.07,34810
3649,2024-02-01 19:50:00,56.01,56.06,56.0,56.06,28086
3650,2024-02-01 19:45:00,55.98,56.02,55.98,56.015,18905
3651,2024-02-01 19:40:00,55.99,55.99,55.97,55.99,20947
3652,2024-02-01 19:35:00,55.97,56.0,55.96,56.0,8969
3653,2024-02-01 19:30:00,55.96,55.98,55.95,55.96,38846
3654,2024-02-01 19:25:00,55.97,55.99,55.96,55.97,16864
3655,2024-02-01 19:20:00,55.92,55.97,55.92,55.97,8754
3656,2024-02-01 19:15:00,55.93,55.94,55.89,55.92,21885
3657,2024-02-01 19:10:00,55.94,55.94,55.91,55.93,17281
3658,2024-02-01 19:05:00,55.965,55.99,55.92,55.93,17853
3659,2024-02-01 19:00:00,55.99,56.0,55.95,55.97,54416
3660,2024-02-01 18:55:00,55.99,56.0,55.96,55.99,88679
3661,2024-02-01 18:50:00,56.0,56.03,55.99,56.0,26291
3662,2024-02-01 18:45:00,56.04,56.04,55.96,56.0,17338
3663,2024-02-01 18:40:00,55.94,56.05,55.94,56.04,139732
3664,2024-02-01 18:35:00,55.94,55.97,55.93,55.95,45840
3665,2024-02-01 18:30:00,55.95,55.96,55.9,55.94,47366
3666,2024-02-01 18:25:00,55.99,56.0,55.93,55.96,39377
3667,2024-02-01 18:20:00,55.96,55.99,55.93,55.99,19884
3668,2024-02-01 18:15:00,55.87,55.97,55.86,55.95,20317
3669,2024-02-01 18:10:00,55.97,56.01,55.85,55.85,27448
3670,2024-02-01 18:05:00,56.05,56.05,55.86,55.97,55334
3671,2024-02-01 18:00:00,55.96,56.1,55.87,56.04,47484
3672,2024-02-01 17:55:00,55.82,55.96,55.78,55.96,47740
3673,2024-02-01 17:50:00,55.95,55.95,55.78,55.78,56012
3674,2024-02-01 17:45:00,55.86,55.99,55.85,55.96,46040
3675,2024-02-01 17:40:00,55.77,55.88,55.77,55.855,90980
3676,2024-02-01 17:35:00,56.05,56.05,55.77,55.77,86732
3677,2024-02-01 17:30:00,56.3,56.328,56.01,56.05,92760
3678,2024-02-01 17:25:00,56.35,56.39,56.25,56.32,51876
3679,2024-02-01 17:20:00,56.29,56.35,56.28,56.33,37284
3680,2024-02-01 17:15:00,56.34,56.35,56.28,56.31,70256
3681,2024-02-01 17:10:00,56.36,56.36,56.28,56.35,68701
3682,2024-02-01 17:05:00,56.369,56.4,56.34,56.34,70027
3683,2024-02-01 17:00:00,56.311,56.39,56.28,56.38,86950
3684,2024-02-01 16:55:00,56.25,56.36,56.2,56.32,95005
3685,2024-02-01 16:50:00,56.28,56.46,56.24,56.25,261099
3686,2024-02-01 16:45:00,56.12,56.29,55.98,56.28,261294
3687,2024-02-01 16:40:00,55.96,56.15,55.93,56.13,365953
3688,2024-02-01 16:35:00,55.76,55.96,55.72,55.93,630684
3689,2024-02-01 16:30:00,55.89,56.13,55.62,55.75,1203349
3690,2024-02-01 16:25:00,55.74,55.89,55.68,55.89,265683
3691,2024-02-01 16:20:00,55.63,55.8,55.56,55.75,316343
3692,2024-02-01 16:15:00,54.5,55.75,54.5,55.63,479390
3693,2024-02-01 16:10:00,55.26,55.6,55.25,55.5,487191
3694,2024-02-01 16:05:00,54.63,55.37,54.6,55.26,1025091
3695,2024-02-01 16:00:00,54.53,54.82,54.31,54.64,1866084
3696,2024-02-01 15:55:00,54.3,54.53,54.3,54.53,1800948
3697,2024-02-01 15:50:00,54.35,54.39,54.19,54.305,1509486
3698,2024-02-01 15:45:00,54.5,54.54,54.34,54.35,862096
3699,2024-02-01 15:40:00,54.585,54.64,54.495,54.51,561916
3700,2024-02-01 15:35:00,54.56,54.59,54.52,54.58,423971
3701,2024-02-01 15:30:00,54.51,54.59,54.51,54.553,484506
3702,2024-02-01 15:25:00,54.47,54.55,54.46,54.51,376455
3703,2024-02-01 15:20:00,54.465,54.48,54.42,54.47,334054
3704,2024-02-01 15:15:00,54.47,54.49,54.41,54.47,329917
3705,2024-02-01 15:10:00,54.48,54.485,54.32,54.46,871337
3706,2024-02-01 15:05:00,54.57,54.62,54.43,54.475,835617
3707,2024-02-01 15:00:00,54.46,54.58,54.385,54.567,696347
3708,2024-02-01 14:55:00,54.345,54.49,54.34,54.447,564904
3709,2024-02-01 14:50:00,54.32,54.41,54.32,54.345,652825
3710,2024-02-01 14:45:00,54.18,54.45,54.18,54.32,1404563
3711,2024-02-01 14:40:00,54.129,54.21,54.1,54.18,495924
3712,2024-02-01 14:35:00,53.994,54.17,53.994,54.127,492872
3713,2024-02-01 14:30:00,54.11,54.137,53.97,53.99,461437
3714,2024-02-01 14:25:00,54.11,54.18,54.05,54.1,546290
3715,2024-02-01 14:20:00,54.16,54.206,54.07,54.115,486911
3716,2024-02-01 14:15:00,54.0,54.159,53.95,54.144,628533
3717,2024-02-01 14:10:00,54.19,54.25,53.94,54.008,806645
3718,2024-02-01 14:05:00,54.01,54.2,54.01,54.193,654110
3719,2024-02-01 14:00:00,53.91,54.03,53.91,54.02,433466
3720,2024-02-01 13:55:00,53.96,54.06,53.87,53.905,602867
3721,2024-02-01 13:50:00,53.92,54.01,53.89,53.966,579268
3722,2024-02-01 13:45:00,53.73,53.95,53.73,53.92,610994
3723,2024-02-01 13:40:00,53.69,53.78,53.63,53.735,602816
3724,2024-02-01 13:35:00,54.07,54.11,53.61,53.685,1235366
3725,2024-02-01 13:30:00,53.91,54.16,53.89,54.06,893275
3726,2024-02-01 13:25:00,53.9,53.998,53.83,53.903,498202
3727,2024-02-01 13:20:00,53.89,53.935,53.8,53.881,389562
3728,2024-02-01 13:15:00,53.894,53.94,53.78,53.895,786296
3729,2024-02-01 13:10:00,53.62,53.92,53.6,53.9,931284
3730,2024-02-01 13:05:00,53.631,53.65,53.51,53.615,691912
3731,2024-02-01 13:00:00,54.0,54.016,53.59,53.63,949349
3732,2024-02-01 12:55:00,54.155,54.27,53.88,54.0,1532601
3733,2024-02-01 12:50:00,53.982,54.19,53.98,54.155,1464172
3734,2024-02-01 12:45:00,53.65,53.996,53.64,53.985,830315
3735,2024-02-01 12:40:00,53.635,53.72,53.575,53.66,768346
3736,2024-02-01 12:35:00,53.624,53.68,53.61,53.625,734878
3737,2024-02-01 12:30:00,53.64,53.69,53.553,53.62,637081
3738,2024-02-01 12:25:00,53.81,53.83,53.61,53.635,875463
3739,2024-02-01 12:20:00,53.84,53.86,53.73,53.819,579907
3740,2024-02-01 12:15:00,53.96,54.01,53.82,53.83,536177
3741,2024-02-01 12:10:00,54.002,54.07,53.89,53.96,1258634
3742,2024-02-01 12:05:00,53.73,54.02,53.73,54.005,1240229
3743,2024-02-01 12:00:00,53.47,53.78,53.445,53.71,1259695
3744,2024-02-01 11:55:00,53.49,53.54,53.4,53.46,569356
3745,2024-02-01 11:50:00,53.4,53.55,53.4,53.495,751025
3746,2024-02-01 11:45:00,53.41,53.45,53.31,53.394,627041
3747,2024-02-01 11:40:00,53.42,53.5,53.36,53.41,768389
3748,2024-02-01 11:35:00,53.337,53.42,53.21,53.42,825249
3749,2024-02-01 11:30:00,53.06,53.34,53.055,53.335,996544
3750,2024-02-01 11:25:00,53.17,53.21,53.03,53.053,699166
3751,2024-02-01 11:20:00,53.06,53.23,53.01,53.167,702374
3752,2024-02-01 11:15:00,53.04,53.2,53.02,53.05,787464
3753,2024-02-01 11:10:00,53.08,53.18,52.95,53.03,698837
3754,2024-02-01 11:05:00,52.98,53.19,52.96,53.08,888564
3755,2024-02-01 11:00:00,53.0,53.09,52.91,52.975,1069560
3756,2024-02-01 10:55:00,53.14,53.19,52.99,53.0,1153658
3757,2024-02-01 10:50:00,53.56,53.58,53.105,53.14,1573709
3758,2024-02-01 10:45:00,53.64,53.71,53.52,53.56,691853
3759,2024-02-01 10:40:00,53.75,53.76,53.56,53.63,805580
3760,2024-02-01 10:35:00,53.76,53.86,53.72,53.74,883635
3761,2024-02-01 10:30:00,53.869,53.89,53.72,53.755,958828
3762,2024-02-01 10:25:00,53.55,53.87,53.52,53.865,1427998
3763,2024-02-01 10:20:00,53.58,53.595,53.35,53.557,1525806
3764,2024-02-01 10:15:00,53.64,53.72,53.56,53.565,732919
3765,2024-02-01 10:10:00,53.73,53.76,53.55,53.645,912275
3766,2024-02-01 10:05:00,53.39,53.76,53.335,53.73,1395457
3767,2024-02-01 10:00:00,53.27,53.42,52.97,53.395,1859633
3768,2024-02-01 09:55:00,53.36,53.37,53.11,53.27,1056599
3769,2024-02-01 09:50:00,53.355,53.45,53.28,53.36,887985
3770,2024-02-01 09:45:00,53.49,53.56,53.26,53.35,1335000
3771,2024-02-01 09:40:00,53.39,53.56,53.29,53.495,1035694
3772,2024-02-01 09:35:00,53.54,53.58,53.34,53.38,1599183
3773,2024-02-01 09:30:00,53.29,53.55,53.18,53.545,2664565
3774,2024-02-01 09:25:00,53.39,53.51,53.25,53.31,340127
3775,2024-02-01 09:20:00,53.49,53.53,53.37,53.39,72325
3776,2024-02-01 09:15:00,53.57,53.59,53.48,53.49,53165
3777,2024-02-01 09:10:00,53.54,53.59,53.46,53.57,63568
3778,2024-02-01 09:05:00,53.49,53.56,53.41,53.55,86428
3779,2024-02-01 09:00:00,53.56,53.69,53.48,53.48,88955
3780,2024-02-01 08:55:00,53.6,53.65,53.56,53.56,39286
3781,2024-02-01 08:50:00,53.62,53.66,53.55,53.6,109869
3782,2024-02-01 08:45:00,53.58,54.005,52.715,53.62,116878
3783,2024-02-01 08:40:00,53.7,53.75,53.55,53.575,153385
3784,2024-02-01 08:35:00,53.49,53.75,53.49,53.7,226403
3785,2024-02-01 08:30:00,53.49,53.65,53.43,53.49,226112
3786,2024-02-01 08:25:00,53.32,53.49,53.32,53.49,121355
3787,2024-02-01 08:20:00,53.3,53.37,53.28,53.33,113994
3788,2024-02-01 08:15:00,53.39,53.4,53.25,53.3,165530
3789,2024-02-01 08:10:00,53.5,53.51,53.34,53.39,134260
3790,2024-02-01 08:05:00,53.53,53.57,52.64,53.5,94338
3791,2024-02-01 08:00:00,53.65,53.81,52.92,53.53,335544
3792,2024-02-01 07:55:00,53.74,53.77,53.63,53.66,79173
3793,2024-02-01 07:50:00,53.72,53.77,53.69,53.74,32917
3794,2024-02-01 07:45:00,53.78,53.81,53.71,53.72,29695
3795,2024-02-01 07:40:00,53.7,53.78,53.69,53.78,56441
3796,2024-02-01 07:35:00,53.66,53.69,53.64,53.69,19446
3797,2024-02-01 07:30:00,53.63,53.68,53.63,53.67,19935
3798,2024-02-01 07:25:00,53.68,53.69,53.62,53.65,17761
3799,2024-02-01 07:20:00,53.649,53.69,53.62,53.66,28514
3800,2024-02-01 07:15:00,53.62,53.66,53.58,53.65,23245
3801,2024-02-01 07:10:00,53.7,53.7,53.6,53.6,31382
3802,2024-02-01 07:05:00,53.58,53.73,53.58,53.7,68612
3803,2024-02-01 07:00:00,53.58,53.6,53.5,53.59,49110
3804,2024-02-01 06:55:00,53.52,53.6,53.52,53.58,12338
3805,2024-02-01 06:50:00,53.55,53.57,53.49,53.51,10958
3806,2024-02-01 06:45:00,53.55,53.59,53.54,53.55,6752
3807,2024-02-01 06:40:00,53.59,53.61,53.53,53.58,5347
3808,2024-02-01 06:35:00,53.57,53.62,53.56,53.59,4551
3809,2024-02-01 06:30:00,53.59,53.6,53.53,53.57,9689
3810,2024-02-01 06:25:00,53.56,53.59,53.55,53.57,11236
3811,2024-02-01 06:20:00,53.62,53.63,53.56,53.56,14189
3812,2024-02-01 06:15:00,53.57,53.63,53.56,53.62,7804
3813,2024-02-01 06:10:00,53.64,53.64,53.57,53.57,13006
3814,2024-02-01 06:05:00,53.73,53.73,53.64,53.64,9708
3815,2024-02-01 06:00:00,53.72,53.77,53.67,53.73,25034
3816,2024-02-01 05:55:00,53.73,53.73,53.7,53.73,11561
3817,2024-02-01 05:50:00,53.68,53.73,53.66,53.73,5618
3818,2024-02-01 05:45:00,53.68,53.72,53.68,53.68,18313
3819,2024-02-01 05:40:00,53.67,53.69,53.66,53.69,9063
3820,2024-02-01 05:35:00,53.65,53.68,53.64,53.67,4383
3821,2024-02-01 05:30:00,53.66,53.67,53.61,53.66,6312
3822,2024-02-01 05:25:00,53.65,53.68,53.63,53.65,29723
3823,2024-02-01 05:20:00,53.61,53.66,53.6,53.65,15660
3824,2024-02-01 05:15:00,53.65,53.66,53.59,53.59,8851
3825,2024-02-01 05:10:00,53.59,53.69,53.59,53.66,16603
3826,2024-02-01 05:05:00,53.6,53.63,53.59,53.59,13718
3827,2024-02-01 05:00:00,53.53,53.61,53.48,53.6,12469
3828,2024-02-01 04:55:00,53.57,53.58,53.52,53.53,6614
3829,2024-02-01 04:50:00,53.59,53.59,53.55,53.58,5048
3830,2024-02-01 04:45:00,53.49,53.59,53.49,53.59,5504
3831,2024-02-01 04:40:00,53.49,53.55,53.44,53.47,11183
3832,2024-02-01 04:35:00,53.55,53.56,53.48,53.5,11194
3833,2024-02-01 04:30:00,53.56,53.63,53.56,53.56,12346
3834,2024-02-01 04:25:00,53.59,53.59,53.55,53.56,9194
3835,2024-02-01 04:20:00,53.59,53.59,53.55,53.59,14207
3836,2024-02-01 04:15:00,53.56,53.68,53.56,53.59,18650
3837,2024-02-01 04:10:00,53.47,53.63,53.47,53.56,18399
3838,2024-02-01 04:05:00,53.56,53.59,53.48,53.48,132153
3839,2024-02-01 04:00:00,53.7,53.75,53.3,53.56,106626
