,timestamp,open,high,low,close,volume
0,2023-09-29 19:55:00,35.739,35.75,35.72,35.74,32485
1,2023-09-29 19:50:00,35.69,35.73,35.68,35.73,17999
2,2023-09-29 19:45:00,35.68,35.7,35.68,35.69,71147
3,2023-09-29 19:40:00,35.7,35.72,35.68,35.69,40094
4,2023-09-29 19:35:00,35.69,35.7,35.68,35.68,23024
5,2023-09-29 19:30:00,35.67,35.7,35.67,35.69,15713
6,2023-09-29 19:25:00,35.71,35.72,35.67,35.67,28650
7,2023-09-29 19:20:00,35.74,35.75,35.71,35.72,13996
8,2023-09-29 19:15:00,35.72,35.76,35.72,35.75,10984
9,2023-09-29 19:10:00,35.72,35.73,35.7,35.71,9069
10,2023-09-29 19:05:00,35.73,35.73,35.72,35.72,3555
11,2023-09-29 19:00:00,35.72,35.73,35.71,35.73,9047
12,2023-09-29 18:55:00,35.73,35.73,35.7,35.71,5976
13,2023-09-29 18:50:00,35.74,35.74,35.73,35.73,4272
14,2023-09-29 18:45:00,35.76,35.76,35.74,35.74,10258
15,2023-09-29 18:40:00,35.76,35.77,35.75,35.76,33809
16,2023-09-29 18:35:00,35.75,35.76,35.75,35.76,1647
17,2023-09-29 18:30:00,35.76,35.77,35.75,35.75,3237
18,2023-09-29 18:25:00,35.75,35.77,35.75,35.76,1158
19,2023-09-29 18:20:00,35.75,35.78,35.75,35.78,3081
20,2023-09-29 18:15:00,35.74,35.78,35.74,35.78,5615
21,2023-09-29 18:10:00,35.77,35.77,35.74,35.75,4135
22,2023-09-29 18:05:00,35.73,35.79,35.73,35.77,6960
23,2023-09-29 18:00:00,35.74,35.78,35.73,35.73,9082
24,2023-09-29 17:55:00,35.71,35.75,35.71,35.735,11637
25,2023-09-29 17:50:00,35.71,35.72,35.71,35.715,12201
26,2023-09-29 17:45:00,35.71,35.72,35.71,35.715,5904
27,2023-09-29 17:40:00,35.75,35.75,35.71,35.72,11999
28,2023-09-29 17:35:00,35.76,35.76,35.74,35.75,18683
29,2023-09-29 17:30:00,35.78,35.78,35.75,35.75,14359
30,2023-09-29 17:25:00,35.8,35.8,35.77,35.78,9537
31,2023-09-29 17:20:00,35.79,35.8,35.79,35.79,16034
32,2023-09-29 17:15:00,35.82,35.82,35.79,35.79,15660
33,2023-09-29 17:10:00,35.801,35.82,35.8,35.82,26770
34,2023-09-29 17:05:00,35.81,35.82,35.8,35.81,17223
35,2023-09-29 17:00:00,35.8,35.82,35.79,35.81,31374
36,2023-09-29 16:55:00,35.83,35.84,35.79,35.79,63712
37,2023-09-29 16:50:00,35.84,35.85,35.81,35.82,35537
38,2023-09-29 16:45:00,35.85,35.86,35.82,35.84,18455
39,2023-09-29 16:40:00,35.83,35.86,35.83,35.85,90177
40,2023-09-29 16:35:00,35.85,35.86,35.82,35.83,99484
41,2023-09-29 16:30:00,35.86,35.88,35.84,35.85,78281
42,2023-09-29 16:25:00,35.85,35.9,35.629,35.85,805313
43,2023-09-29 16:20:00,35.82,35.86,35.82,35.85,103730
44,2023-09-29 16:15:00,35.62,35.83,35.62,35.825,83338
45,2023-09-29 16:10:00,35.8,35.81,35.75,35.79,73380
46,2023-09-29 16:05:00,35.71,35.81,35.7,35.8,209109
47,2023-09-29 16:00:00,35.63,35.72,35.51,35.71,1099684
48,2023-09-29 15:55:00,35.75,35.75,35.42,35.63,4290910
49,2023-09-29 15:50:00,35.788,36.059,35.66,35.76,4867999
50,2023-09-29 15:45:00,35.56,35.79,35.54,35.79,1794628
51,2023-09-29 15:40:00,35.71,35.725,35.54,35.555,1595039
52,2023-09-29 15:35:00,35.59,35.735,35.559,35.71,1648138
53,2023-09-29 15:30:00,35.69,35.715,35.583,35.59,977636
54,2023-09-29 15:25:00,35.69,35.74,35.56,35.69,1599156
55,2023-09-29 15:20:00,35.75,35.76,35.67,35.69,1169308
56,2023-09-29 15:15:00,35.715,35.83,35.675,35.75,1536182
57,2023-09-29 15:10:00,35.69,35.87,35.624,35.72,1738165
58,2023-09-29 15:05:00,35.69,35.83,35.67,35.685,2003032
59,2023-09-29 15:00:00,35.89,35.94,35.61,35.685,2691958
60,2023-09-29 14:55:00,35.6,35.9,35.6,35.88,2929144
61,2023-09-29 14:50:00,35.55,35.61,35.5,35.607,1003817
62,2023-09-29 14:45:00,35.62,35.66,35.52,35.55,987280
63,2023-09-29 14:40:00,35.39,35.67,35.37,35.61,1484932
64,2023-09-29 14:35:00,35.37,35.425,35.32,35.39,886751
65,2023-09-29 14:30:00,35.31,35.41,35.23,35.38,1663815
66,2023-09-29 14:25:00,35.5,35.575,35.27,35.31,2330670
67,2023-09-29 14:20:00,35.33,35.52,35.31,35.5,1008260
68,2023-09-29 14:15:00,35.39,35.445,35.28,35.32,916603
69,2023-09-29 14:10:00,35.352,35.445,35.32,35.395,917232
70,2023-09-29 14:05:00,35.41,35.46,35.32,35.35,909920
71,2023-09-29 14:00:00,35.29,35.43,35.26,35.41,1501662
72,2023-09-29 13:55:00,35.44,35.52,35.28,35.286,1082637
73,2023-09-29 13:50:00,35.47,35.55,35.4,35.43,1148088
74,2023-09-29 13:45:00,35.61,35.65,35.42,35.464,1526157
75,2023-09-29 13:40:00,35.57,35.67,35.53,35.62,837352
76,2023-09-29 13:35:00,35.56,35.627,35.52,35.58,735818
77,2023-09-29 13:30:00,35.61,35.67,35.51,35.56,1380827
78,2023-09-29 13:25:00,35.46,35.63,35.455,35.62,1454105
79,2023-09-29 13:20:00,35.44,35.54,35.42,35.465,1458388
80,2023-09-29 13:15:00,35.455,35.47,35.34,35.43,1356413
81,2023-09-29 13:10:00,35.494,35.55,35.41,35.455,966114
82,2023-09-29 13:05:00,35.64,35.64,35.43,35.49,1397236
83,2023-09-29 13:00:00,35.83,35.835,35.57,35.64,1832177
84,2023-09-29 12:55:00,35.763,35.86,35.76,35.828,813526
85,2023-09-29 12:50:00,35.915,35.94,35.76,35.765,1203221
86,2023-09-29 12:45:00,36.05,36.16,35.85,35.901,1695062
87,2023-09-29 12:40:00,36.13,36.21,36.024,36.045,894772
88,2023-09-29 12:35:00,36.18,36.25,36.09,36.13,745335
89,2023-09-29 12:30:00,36.2,36.27,36.1,36.18,817988
90,2023-09-29 12:25:00,36.23,36.3,36.16,36.2,811674
91,2023-09-29 12:20:00,36.17,36.315,36.155,36.24,1534921
92,2023-09-29 12:15:00,35.995,36.185,35.96,36.175,1007508
93,2023-09-29 12:10:00,36.15,36.24,35.95,35.995,1737507
94,2023-09-29 12:05:00,36.13,36.235,36.082,36.155,1114735
95,2023-09-29 12:00:00,36.15,36.16,36.05,36.135,698970
96,2023-09-29 11:55:00,36.04,36.2,36.01,36.14,1292792
97,2023-09-29 11:50:00,36.065,36.15,35.91,36.035,1595871
98,2023-09-29 11:45:00,36.09,36.15,36.02,36.066,1400921
99,2023-09-29 11:40:00,36.08,36.18,35.97,36.09,2174903
100,2023-09-29 11:35:00,36.137,36.22,36.01,36.08,1829047
101,2023-09-29 11:30:00,36.24,36.3,36.12,36.13,1750433
102,2023-09-29 11:25:00,36.61,36.61,36.225,36.235,1884420
103,2023-09-29 11:20:00,36.42,36.65,36.415,36.62,1444899
104,2023-09-29 11:15:00,36.421,36.44,36.324,36.42,1607213
105,2023-09-29 11:10:00,36.47,36.52,36.4,36.42,1452811
106,2023-09-29 11:05:00,36.465,36.535,36.39,36.46,2129858
107,2023-09-29 11:00:00,36.51,36.591,36.44,36.465,1057644
108,2023-09-29 10:55:00,36.724,36.73,36.48,36.51,2366575
109,2023-09-29 10:50:00,36.675,36.75,36.52,36.73,1887403
110,2023-09-29 10:45:00,36.6,36.71,36.579,36.675,2037110
111,2023-09-29 10:40:00,36.54,36.61,36.46,36.59,1058114
112,2023-09-29 10:35:00,36.57,36.62,36.48,36.54,1321093
113,2023-09-29 10:30:00,36.43,36.67,36.41,36.56,2263659
114,2023-09-29 10:25:00,36.389,36.53,36.35,36.421,2528432
115,2023-09-29 10:20:00,36.7,36.73,36.37,36.385,2127665
116,2023-09-29 10:15:00,36.76,36.8,36.61,36.695,1373769
117,2023-09-29 10:10:00,36.77,36.86,36.67,36.75,1934801
118,2023-09-29 10:05:00,36.93,36.94,36.72,36.77,1870430
119,2023-09-29 10:00:00,36.8,37.0,36.8,36.93,2951216
120,2023-09-29 09:55:00,36.775,36.88,36.576,36.8,2515501
121,2023-09-29 09:50:00,36.69,36.78,36.64,36.771,1775964
122,2023-09-29 09:45:00,36.53,36.84,36.49,36.681,3351502
123,2023-09-29 09:40:00,36.54,36.61,36.4,36.51,3115889
124,2023-09-29 09:35:00,36.589,36.668,36.43,36.533,2990656
125,2023-09-29 09:30:00,36.58,36.67,36.47,36.588,4176587
126,2023-09-29 09:25:00,36.56,36.6,36.52,36.58,161296
127,2023-09-29 09:20:00,36.53,36.57,36.48,36.57,354738
128,2023-09-29 09:15:00,36.59,36.59,36.52,36.53,223330
129,2023-09-29 09:10:00,36.53,36.59,36.53,36.58,271329
130,2023-09-29 09:05:00,36.54,36.55,36.46,36.54,258195
131,2023-09-29 09:00:00,36.58,36.61,36.52,36.53,300765
132,2023-09-29 08:55:00,36.55,36.62,36.51,36.582,370239
133,2023-09-29 08:50:00,36.57,36.57,36.5,36.55,357851
134,2023-09-29 08:45:00,36.61,36.61,36.5,36.56,297772
135,2023-09-29 08:40:00,36.54,36.63,36.52,36.62,457453
136,2023-09-29 08:35:00,36.42,36.56,36.35,36.54,593000
137,2023-09-29 08:30:00,36.28,36.62,36.2,36.41,1339446
138,2023-09-29 08:25:00,36.28,36.33,36.26,36.26,159497
139,2023-09-29 08:20:00,36.28,36.34,36.24,36.285,258734
140,2023-09-29 08:15:00,36.27,36.32,36.26,36.29,190850
141,2023-09-29 08:10:00,36.19,36.275,36.19,36.27,156968
142,2023-09-29 08:05:00,36.16,36.23,36.15,36.2,140484
143,2023-09-29 08:00:00,36.21,36.372,35.58,36.169,827031
144,2023-09-29 07:55:00,36.08,36.1,36.05,36.08,60046
145,2023-09-29 07:50:00,36.18,36.18,36.06,36.08,112128
146,2023-09-29 07:45:00,36.1,36.18,36.09,36.17,73610
147,2023-09-29 07:40:00,36.07,36.16,36.05,36.09,81020
148,2023-09-29 07:35:00,36.08,36.08,36.0,36.07,59463
149,2023-09-29 07:30:00,36.17,36.17,36.08,36.09,46921
150,2023-09-29 07:25:00,36.23,36.23,36.15,36.17,59369
151,2023-09-29 07:20:00,36.22,36.26,36.21,36.24,30211
152,2023-09-29 07:15:00,36.2,36.22,36.18,36.21,22366
153,2023-09-29 07:10:00,36.28,36.28,36.19,36.2,35543
154,2023-09-29 07:05:00,36.28,36.29,36.25,36.27,22575
155,2023-09-29 07:00:00,36.21,36.28,36.2,36.28,97883
156,2023-09-29 06:55:00,36.28,36.3,36.21,36.22,44392
157,2023-09-29 06:50:00,36.3,36.33,36.26,36.28,10649
158,2023-09-29 06:45:00,36.29,36.32,36.28,36.3,10272
159,2023-09-29 06:40:00,36.25,36.31,36.25,36.28,11107
160,2023-09-29 06:35:00,36.26,36.28,36.22,36.25,26464
161,2023-09-29 06:30:00,36.32,36.35,36.26,36.26,20520
162,2023-09-29 06:25:00,36.33,36.36,36.3,36.3,13040
163,2023-09-29 06:20:00,36.31,36.34,36.3,36.33,12805
164,2023-09-29 06:15:00,36.3,36.39,36.3,36.31,27933
165,2023-09-29 06:10:00,36.22,36.31,36.2,36.3,16420
166,2023-09-29 06:05:00,36.24,36.25,36.19,36.22,22506
167,2023-09-29 06:00:00,36.29,36.31,36.23,36.24,32723
168,2023-09-29 05:55:00,36.32,36.33,36.29,36.29,99613
169,2023-09-29 05:50:00,36.26,36.32,36.25,36.32,36132
170,2023-09-29 05:45:00,36.21,36.27,36.21,36.26,11432
171,2023-09-29 05:40:00,36.22,36.23,36.19,36.22,9679
172,2023-09-29 05:35:00,36.2,36.25,36.19,36.23,125768
173,2023-09-29 05:30:00,36.26,36.26,36.17,36.19,25514
174,2023-09-29 05:25:00,36.26,36.29,36.26,36.27,14915
175,2023-09-29 05:20:00,36.3,36.3,36.24,36.26,9939
176,2023-09-29 05:15:00,36.28,36.3,36.27,36.3,19491
177,2023-09-29 05:10:00,36.25,36.29,36.25,36.28,14504
178,2023-09-29 05:05:00,36.16,36.27,36.16,36.25,34220
179,2023-09-29 05:00:00,36.14,36.18,36.12,36.17,14761
180,2023-09-29 04:55:00,36.21,36.22,36.12,36.14,16535
181,2023-09-29 04:50:00,36.28,36.28,36.17,36.22,36337
182,2023-09-29 04:45:00,36.27,36.31,36.25,36.28,7906
183,2023-09-29 04:40:00,36.26,36.3,36.25,36.26,9936
184,2023-09-29 04:35:00,36.29,36.3,36.23,36.27,21384
185,2023-09-29 04:30:00,36.3,36.31,36.28,36.29,20121
186,2023-09-29 04:25:00,36.27,36.3,36.25,36.3,24122
187,2023-09-29 04:20:00,36.19,36.28,36.17,36.27,24591
188,2023-09-29 04:15:00,36.21,36.22,36.15,36.18,137331
189,2023-09-29 04:10:00,36.23,36.24,36.18,36.22,23705
190,2023-09-29 04:05:00,36.18,36.29,36.16,36.22,66208
191,2023-09-29 04:00:00,36.18,36.19,35.96,36.18,64967
192,2023-09-28 19:55:00,35.62,35.63,35.6,35.63,66594
193,2023-09-28 19:50:00,35.64,35.65,35.621,35.63,47340
194,2023-09-28 19:45:00,35.66,35.67,35.63,35.649,25496
195,2023-09-28 19:40:00,35.67,35.67,35.65,35.65,14823
196,2023-09-28 19:35:00,35.67,35.67,35.65,35.65,24369
197,2023-09-28 19:30:00,35.675,35.685,35.66,35.66,23313
198,2023-09-28 19:25:00,35.68,35.69,35.67,35.68,5733
199,2023-09-28 19:20:00,35.67,35.7,35.67,35.67,5815
200,2023-09-28 19:15:00,35.7,35.71,35.679,35.69,36266
201,2023-09-28 19:10:00,35.7,35.71,35.7,35.7,4946
202,2023-09-28 19:05:00,35.71,35.71,35.69,35.7,7784
203,2023-09-28 19:00:00,35.74,35.75,35.7,35.7,24101
204,2023-09-28 18:55:00,35.745,35.75,35.73,35.74,24485
205,2023-09-28 18:50:00,35.73,35.75,35.73,35.74,30665
206,2023-09-28 18:45:00,35.74,35.75,35.72,35.74,26710
207,2023-09-28 18:40:00,35.75,35.77,35.73,35.74,9749
208,2023-09-28 18:35:00,35.73,35.77,35.72,35.76,11620
209,2023-09-28 18:30:00,35.74,35.76,35.72,35.73,12384
210,2023-09-28 18:25:00,35.76,35.77,35.74,35.74,7894
211,2023-09-28 18:20:00,35.76,35.77,35.74,35.755,31222
212,2023-09-28 18:15:00,35.79,35.79,35.74,35.76,17405
213,2023-09-28 18:10:00,35.78,35.8,35.77,35.78,43626
214,2023-09-28 18:05:00,35.76,35.78,35.75,35.77,43272
215,2023-09-28 18:00:00,35.65,35.76,35.65,35.76,58163
216,2023-09-28 17:55:00,35.64,35.65,35.63,35.64,17588
217,2023-09-28 17:50:00,35.63,35.65,35.63,35.65,17126
218,2023-09-28 17:45:00,35.64,35.65,35.63,35.649,14665
219,2023-09-28 17:40:00,35.62,35.65,35.61,35.64,24124
220,2023-09-28 17:35:00,35.6,35.62,35.6,35.62,13027
221,2023-09-28 17:30:00,35.61,35.61,35.6,35.6,4187
222,2023-09-28 17:25:00,35.61,35.62,35.6,35.61,8274
223,2023-09-28 17:20:00,35.6,35.61,35.59,35.61,14862
224,2023-09-28 17:15:00,35.61,35.61,35.59,35.6,16487
225,2023-09-28 17:10:00,35.64,35.65,35.57,35.61,32711
226,2023-09-28 17:05:00,35.66,35.66,35.63,35.64,11145
227,2023-09-28 17:00:00,35.68,35.688,35.62,35.66,24772
228,2023-09-28 16:55:00,35.7,35.72,35.68,35.68,34511
229,2023-09-28 16:50:00,35.72,35.73,35.7,35.72,22405
230,2023-09-28 16:45:00,35.67,35.72,35.66,35.72,88184
231,2023-09-28 16:40:00,35.64,35.69,35.64,35.68,43170
232,2023-09-28 16:35:00,35.63,35.66,35.63,35.655,49869
233,2023-09-28 16:30:00,35.64,35.64,35.62,35.638,116064
234,2023-09-28 16:25:00,35.64,35.64,35.62,35.63,48166
235,2023-09-28 16:20:00,35.64,35.65,35.61,35.63,59053
236,2023-09-28 16:15:00,35.54,35.66,35.54,35.65,72961
237,2023-09-28 16:10:00,35.55,35.605,35.54,35.6,62182
238,2023-09-28 16:05:00,35.54,35.57,35.525,35.56,196003
239,2023-09-28 16:00:00,35.54,35.59,35.5,35.53,658315
240,2023-09-28 15:55:00,35.51,35.65,35.5,35.55,2176077
241,2023-09-28 15:50:00,35.46,35.59,35.445,35.51,1777405
242,2023-09-28 15:45:00,35.56,35.605,35.414,35.45,1254990
243,2023-09-28 15:40:00,35.45,35.565,35.42,35.565,1409839
244,2023-09-28 15:35:00,35.735,35.74,35.43,35.45,1884125
245,2023-09-28 15:30:00,35.901,35.93,35.73,35.735,1701951
246,2023-09-28 15:25:00,35.84,35.93,35.83,35.9,922849
247,2023-09-28 15:20:00,35.774,35.84,35.75,35.84,939852
248,2023-09-28 15:15:00,35.66,35.83,35.65,35.78,1408348
249,2023-09-28 15:10:00,35.526,35.67,35.5,35.666,1418781
250,2023-09-28 15:05:00,35.5,35.545,35.41,35.52,1220355
251,2023-09-28 15:00:00,35.44,35.51,35.4,35.504,1194916
252,2023-09-28 14:55:00,35.3,35.45,35.25,35.445,892324
253,2023-09-28 14:50:00,35.3,35.39,35.215,35.29,1125467
254,2023-09-28 14:45:00,35.4,35.43,35.274,35.295,971954
255,2023-09-28 14:40:00,35.395,35.51,35.35,35.405,1136548
256,2023-09-28 14:35:00,35.44,35.45,35.244,35.395,2373928
257,2023-09-28 14:30:00,35.67,35.68,35.44,35.444,1189121
258,2023-09-28 14:25:00,35.61,35.729,35.58,35.66,870915
259,2023-09-28 14:20:00,35.65,35.72,35.6,35.605,1310742
260,2023-09-28 14:15:00,35.64,35.725,35.61,35.654,1354657
261,2023-09-28 14:10:00,35.505,35.646,35.42,35.635,1366649
262,2023-09-28 14:05:00,35.414,35.543,35.365,35.5,933869
263,2023-09-28 14:00:00,35.485,35.52,35.41,35.41,1327503
264,2023-09-28 13:55:00,35.485,35.53,35.44,35.485,787410
265,2023-09-28 13:50:00,35.528,35.58,35.44,35.48,1060655
266,2023-09-28 13:45:00,35.39,35.58,35.38,35.53,1386086
267,2023-09-28 13:40:00,35.53,35.539,35.345,35.39,1382651
268,2023-09-28 13:35:00,35.5,35.58,35.48,35.527,1496104
269,2023-09-28 13:30:00,35.66,35.682,35.48,35.498,1777418
270,2023-09-28 13:25:00,35.859,35.859,35.63,35.651,1337658
271,2023-09-28 13:20:00,35.73,35.88,35.71,35.856,1147700
272,2023-09-28 13:15:00,35.784,35.8,35.71,35.725,873143
273,2023-09-28 13:10:00,35.786,35.84,35.71,35.78,1188813
274,2023-09-28 13:05:00,35.66,35.8,35.545,35.79,1939178
275,2023-09-28 13:00:00,35.77,35.86,35.65,35.66,1667101
276,2023-09-28 12:55:00,35.725,35.81,35.67,35.765,1616589
277,2023-09-28 12:50:00,35.84,35.936,35.71,35.71,1613852
278,2023-09-28 12:45:00,36.04,36.065,35.84,35.845,1423767
279,2023-09-28 12:40:00,36.04,36.09,36.02,36.04,656223
280,2023-09-28 12:35:00,36.02,36.09,35.99,36.04,1060280
281,2023-09-28 12:30:00,36.14,36.161,35.97,36.016,2084380
282,2023-09-28 12:25:00,35.92,36.17,35.91,36.139,1584294
283,2023-09-28 12:20:00,35.98,36.0,35.9,35.92,939962
284,2023-09-28 12:15:00,35.9,35.99,35.87,35.99,1256691
285,2023-09-28 12:10:00,35.82,35.91,35.8,35.899,1007342
286,2023-09-28 12:05:00,35.87,35.895,35.81,35.815,1273686
287,2023-09-28 12:00:00,35.91,35.946,35.825,35.88,1876991
288,2023-09-28 11:55:00,35.896,35.92,35.79,35.91,1831161
289,2023-09-28 11:50:00,35.75,35.91,35.74,35.89,1954388
290,2023-09-28 11:45:00,35.71,35.76,35.66,35.744,1731621
291,2023-09-28 11:40:00,35.51,35.72,35.5,35.71,2078160
292,2023-09-28 11:35:00,35.5,35.57,35.474,35.515,1425891
293,2023-09-28 11:30:00,35.33,35.55,35.32,35.5,2818388
294,2023-09-28 11:25:00,35.265,35.33,35.205,35.32,2433101
295,2023-09-28 11:20:00,34.941,35.27,34.93,35.266,1724099
296,2023-09-28 11:15:00,34.97,35.02,34.895,34.945,1089066
297,2023-09-28 11:10:00,35.013,35.03,34.85,34.979,1384655
298,2023-09-28 11:05:00,34.89,35.078,34.834,35.02,1663669
299,2023-09-28 11:00:00,35.0,35.026,34.86,34.89,1527262
300,2023-09-28 10:55:00,34.97,35.05,34.9,35.0,1222870
301,2023-09-28 10:50:00,34.96,35.01,34.88,34.976,1802588
302,2023-09-28 10:45:00,34.83,34.97,34.785,34.959,1597727
303,2023-09-28 10:40:00,34.63,34.84,34.53,34.82,2039724
304,2023-09-28 10:35:00,34.42,34.63,34.41,34.629,1972930
305,2023-09-28 10:30:00,34.62,34.635,34.29,34.415,2615355
306,2023-09-28 10:25:00,34.69,34.73,34.55,34.61,1458538
307,2023-09-28 10:20:00,34.735,34.856,34.62,34.68,2049819
308,2023-09-28 10:15:00,34.815,34.87,34.52,34.73,2528037
309,2023-09-28 10:10:00,34.9,34.92,34.77,34.81,1409197
310,2023-09-28 10:05:00,34.935,34.94,34.72,34.905,2380274
311,2023-09-28 10:00:00,34.74,34.95,34.71,34.935,2308573
312,2023-09-28 09:55:00,34.66,34.77,34.6,34.74,1991271
313,2023-09-28 09:50:00,34.29,34.685,34.28,34.665,2940273
314,2023-09-28 09:45:00,34.2,34.46,34.152,34.29,1942534
315,2023-09-28 09:40:00,34.35,34.42,34.131,34.205,2050418
316,2023-09-28 09:35:00,34.48,34.5,34.156,34.34,2675737
317,2023-09-28 09:30:00,34.39,34.51,34.15,34.481,4181570
318,2023-09-28 09:25:00,34.36,34.4,34.31,34.38,204720
319,2023-09-28 09:20:00,34.38,34.43,34.331,34.35,224197
320,2023-09-28 09:15:00,34.45,34.5,34.35,34.37,261487
321,2023-09-28 09:10:00,34.47,34.49,34.4,34.45,143896
322,2023-09-28 09:05:00,34.5,34.58,34.44,34.47,179732
323,2023-09-28 09:00:00,34.38,34.55,34.37,34.5,145542
324,2023-09-28 08:55:00,34.5,34.52,34.339,34.39,218112
325,2023-09-28 08:50:00,34.36,34.52,34.278,34.49,618349
326,2023-09-28 08:45:00,34.51,34.56,34.36,34.36,549143
327,2023-09-28 08:40:00,34.7,34.71,34.5,34.51,326081
328,2023-09-28 08:35:00,34.95,34.97,34.68,34.7,386922
329,2023-09-28 08:30:00,34.67,34.97,34.5,34.96,712434
330,2023-09-28 08:25:00,34.67,34.7,34.64,34.68,98231
331,2023-09-28 08:20:00,34.7,34.74,34.62,34.66,189742
332,2023-09-28 08:15:00,34.64,34.72,34.59,34.71,142453
333,2023-09-28 08:10:00,34.63,34.66,34.57,34.65,117330
334,2023-09-28 08:05:00,34.61,34.68,34.58,34.63,136181
335,2023-09-28 08:00:00,34.64,34.96,34.288,34.61,571955
336,2023-09-28 07:55:00,34.35,34.45,34.35,34.44,41146
337,2023-09-28 07:50:00,34.34,34.4,34.33,34.35,63479
338,2023-09-28 07:45:00,34.32,34.39,34.32,34.34,31744
339,2023-09-28 07:40:00,34.34,34.38,34.319,34.32,47217
340,2023-09-28 07:35:00,34.39,34.43,34.31,34.34,43771
341,2023-09-28 07:30:00,34.49,34.49,34.38,34.39,59979
342,2023-09-28 07:25:00,34.57,34.61,34.49,34.49,47066
343,2023-09-28 07:20:00,34.5,34.61,34.49,34.57,42248
344,2023-09-28 07:15:00,34.54,34.54,34.47,34.49,48598
345,2023-09-28 07:10:00,34.57,34.6,34.53,34.55,25540
346,2023-09-28 07:05:00,34.62,34.62,34.53,34.58,33888
347,2023-09-28 07:00:00,34.65,34.65,34.6,34.61,41543
348,2023-09-28 06:55:00,34.59,34.65,34.55,34.64,17301
349,2023-09-28 06:50:00,34.64,34.64,34.57,34.58,5654
350,2023-09-28 06:45:00,34.68,34.68,34.63,34.64,6835
351,2023-09-28 06:40:00,34.68,34.71,34.66,34.66,6822
352,2023-09-28 06:35:00,34.64,34.68,34.64,34.68,7023
353,2023-09-28 06:30:00,34.6,34.66,34.59,34.63,23678
354,2023-09-28 06:25:00,34.58,34.61,34.55,34.59,5614
355,2023-09-28 06:20:00,34.61,34.61,34.57,34.57,16055
356,2023-09-28 06:15:00,34.7,34.71,34.61,34.61,19179
357,2023-09-28 06:10:00,34.68,34.74,34.68,34.7,32545
358,2023-09-28 06:05:00,34.69,34.7,34.66,34.69,21999
359,2023-09-28 06:00:00,34.67,34.71,34.66,34.69,15431
360,2023-09-28 05:55:00,34.64,34.7,34.62,34.67,21476
361,2023-09-28 05:50:00,34.59,34.68,34.59,34.64,27837
362,2023-09-28 05:45:00,34.51,34.6,34.51,34.59,24471
363,2023-09-28 05:40:00,34.37,34.54,34.37,34.52,32342
364,2023-09-28 05:35:00,34.38,34.4,34.34,34.36,8235
365,2023-09-28 05:30:00,34.39,34.43,34.34,34.38,17494
366,2023-09-28 05:25:00,34.41,34.44,34.34,34.39,52279
367,2023-09-28 05:20:00,34.29,34.41,34.29,34.41,35221
368,2023-09-28 05:15:00,34.41,34.41,34.29,34.29,23314
369,2023-09-28 05:10:00,34.37,34.42,34.36,34.41,31276
370,2023-09-28 05:05:00,34.43,34.44,34.36,34.38,45282
371,2023-09-28 05:00:00,34.55,34.58,34.43,34.43,32674
372,2023-09-28 04:55:00,34.65,34.69,34.53,34.55,13906
373,2023-09-28 04:50:00,34.65,34.69,34.65,34.67,9104
374,2023-09-28 04:45:00,34.63,34.68,34.61,34.65,4232
375,2023-09-28 04:40:00,34.66,34.66,34.59,34.63,9324
376,2023-09-28 04:35:00,34.63,34.67,34.57,34.65,10742
377,2023-09-28 04:30:00,34.52,34.62,34.52,34.62,21385
378,2023-09-28 04:25:00,34.53,34.55,34.5,34.53,13550
379,2023-09-28 04:20:00,34.59,34.61,34.53,34.53,12494
380,2023-09-28 04:15:00,34.6,34.62,34.58,34.6,16057
381,2023-09-28 04:10:00,34.6,34.64,34.57,34.59,24978
382,2023-09-28 04:05:00,34.59,34.65,34.53,34.6,38398
383,2023-09-28 04:00:00,34.73,34.79,34.55,34.6,135656
384,2023-09-27 19:55:00,34.95,34.96,34.93,34.96,84375
385,2023-09-27 19:50:00,34.91,34.95,34.91,34.95,36728
386,2023-09-27 19:45:00,34.9,34.92,34.9,34.92,47552
387,2023-09-27 19:40:00,34.91,34.92,34.89,34.905,30671
388,2023-09-27 19:35:00,34.885,34.915,34.88,34.9,21648
389,2023-09-27 19:30:00,34.885,34.9,34.865,34.89,17404
390,2023-09-27 19:25:00,34.88,34.9,34.875,34.89,6667
391,2023-09-27 19:20:00,34.88,34.9,34.87,34.875,19973
392,2023-09-27 19:15:00,34.87,34.9,34.86,34.88,9138
393,2023-09-27 19:10:00,34.86,34.89,34.86,34.87,39476
394,2023-09-27 19:05:00,34.8,34.86,34.8,34.86,32288
395,2023-09-27 19:00:00,34.82,34.83,34.8,34.81,63432
396,2023-09-27 18:55:00,34.81,34.83,34.801,34.83,13933
397,2023-09-27 18:50:00,34.81,34.815,34.8,34.81,17767
398,2023-09-27 18:45:00,34.81,34.82,34.8,34.8,8227
399,2023-09-27 18:40:00,34.77,34.82,34.77,34.82,62906
400,2023-09-27 18:35:00,34.76,34.77,34.75,34.77,19692
401,2023-09-27 18:30:00,34.74,34.77,34.74,34.77,36834
402,2023-09-27 18:25:00,34.74,34.77,34.72,34.74,32461
403,2023-09-27 18:20:00,34.815,34.83,34.73,34.745,102257
404,2023-09-27 18:15:00,34.81,34.83,34.8,34.81,22331
405,2023-09-27 18:10:00,34.83,34.83,34.8,34.81,32201
406,2023-09-27 18:05:00,34.85,34.85,34.81,34.83,34560
407,2023-09-27 18:00:00,34.92,34.92,34.83,34.83,62024
408,2023-09-27 17:55:00,34.92,34.93,34.9,34.93,5380
409,2023-09-27 17:50:00,34.91,34.93,34.88,34.92,15444
410,2023-09-27 17:45:00,34.91,34.92,34.9,34.9,10497
411,2023-09-27 17:40:00,34.89,34.92,34.88,34.92,19942
412,2023-09-27 17:35:00,34.89,34.9,34.88,34.88,9167
413,2023-09-27 17:30:00,34.9,34.91,34.89,34.89,14714
414,2023-09-27 17:25:00,34.92,34.92,34.89,34.89,23905
415,2023-09-27 17:20:00,34.91,34.92,34.9,34.92,13597
416,2023-09-27 17:15:00,34.89,34.91,34.88,34.91,19725
417,2023-09-27 17:10:00,34.88,34.9,34.88,34.89,8761
418,2023-09-27 17:05:00,34.89,34.89,34.86,34.88,44711
419,2023-09-27 17:00:00,34.88,34.9,34.88,34.881,79053
420,2023-09-27 16:55:00,34.96,34.96,34.7,34.89,188497
421,2023-09-27 16:50:00,34.88,34.96,34.88,34.96,62343
422,2023-09-27 16:45:00,34.88,34.89,34.87,34.88,36443
423,2023-09-27 16:40:00,34.91,34.91,34.87,34.88,26045
424,2023-09-27 16:35:00,34.87,34.91,34.87,34.9,35404
425,2023-09-27 16:30:00,34.89,34.92,34.865,34.87,87875
426,2023-09-27 16:25:00,34.85,34.89,34.84,34.89,51922
427,2023-09-27 16:20:00,34.87,34.89,34.83,34.85,85906
428,2023-09-27 16:15:00,34.7,34.93,34.7,34.87,91560
429,2023-09-27 16:10:00,34.84,34.93,34.83,34.91,177625
430,2023-09-27 16:05:00,34.75,34.87,34.73,34.84,124393
431,2023-09-27 16:00:00,34.72,34.91,34.69,34.75,1133740
432,2023-09-27 15:55:00,34.69,34.73,34.6,34.73,2414212
433,2023-09-27 15:50:00,34.53,34.71,34.51,34.69,2657119
434,2023-09-27 15:45:00,34.49,34.555,34.44,34.53,1143601
435,2023-09-27 15:40:00,34.734,34.734,34.435,34.495,2376713
436,2023-09-27 15:35:00,34.92,34.92,34.682,34.73,1584274
437,2023-09-27 15:30:00,34.88,34.94,34.811,34.92,1195376
438,2023-09-27 15:25:00,34.92,35.0,34.865,34.88,1250125
439,2023-09-27 15:20:00,34.9,34.98,34.87,34.925,903854
440,2023-09-27 15:15:00,35.028,35.07,34.865,34.9,1897793
441,2023-09-27 15:10:00,35.07,35.27,35.02,35.025,2482983
442,2023-09-27 15:05:00,34.962,35.14,34.925,35.065,2585628
443,2023-09-27 15:00:00,34.691,34.97,34.64,34.968,2558084
444,2023-09-27 14:55:00,34.69,34.76,34.635,34.694,1225487
445,2023-09-27 14:50:00,34.64,34.71,34.584,34.7,1314330
446,2023-09-27 14:45:00,34.71,34.8,34.62,34.632,2162906
447,2023-09-27 14:40:00,34.66,34.76,34.55,34.709,2130368
448,2023-09-27 14:35:00,34.44,34.675,34.44,34.665,2886862
449,2023-09-27 14:30:00,34.24,34.47,34.24,34.44,3227395
450,2023-09-27 14:25:00,33.936,34.25,33.9,34.239,2135178
451,2023-09-27 14:20:00,33.82,33.94,33.8,33.935,1005943
452,2023-09-27 14:15:00,33.79,33.93,33.78,33.82,1274310
453,2023-09-27 14:10:00,33.735,33.8,33.68,33.79,964026
454,2023-09-27 14:05:00,33.834,33.88,33.73,33.735,1180366
455,2023-09-27 14:00:00,33.86,33.89,33.8,33.835,897138
456,2023-09-27 13:55:00,33.88,33.895,33.809,33.865,1161304
457,2023-09-27 13:50:00,33.8,33.885,33.75,33.88,1152289
458,2023-09-27 13:45:00,33.785,33.82,33.74,33.795,1148562
459,2023-09-27 13:40:00,33.81,33.81,33.63,33.79,2352699
460,2023-09-27 13:35:00,33.915,33.944,33.8,33.8,1002317
461,2023-09-27 13:30:00,33.85,33.93,33.83,33.91,1121653
462,2023-09-27 13:25:00,33.95,34.0,33.84,33.85,1306470
463,2023-09-27 13:20:00,34.055,34.07,33.92,33.955,1278160
464,2023-09-27 13:15:00,34.06,34.129,33.98,34.055,1715428
465,2023-09-27 13:10:00,34.275,34.29,34.04,34.06,1612825
466,2023-09-27 13:05:00,34.29,34.31,34.19,34.279,1014291
467,2023-09-27 13:00:00,34.12,34.31,34.111,34.29,1357472
468,2023-09-27 12:55:00,34.19,34.2,34.084,34.12,911464
469,2023-09-27 12:50:00,34.24,34.27,34.16,34.195,760586
470,2023-09-27 12:45:00,34.255,34.31,34.23,34.245,1055062
471,2023-09-27 12:40:00,34.159,34.27,34.12,34.25,1008421
472,2023-09-27 12:35:00,34.21,34.26,34.134,34.155,998325
473,2023-09-27 12:30:00,34.16,34.25,34.13,34.21,2042416
474,2023-09-27 12:25:00,34.05,34.166,34.044,34.155,1214414
475,2023-09-27 12:20:00,34.04,34.13,34.02,34.055,906277
476,2023-09-27 12:15:00,34.11,34.13,34.02,34.04,1009776
477,2023-09-27 12:10:00,34.085,34.17,34.06,34.11,966944
478,2023-09-27 12:05:00,34.115,34.18,34.06,34.085,1353865
479,2023-09-27 12:00:00,34.302,34.31,34.11,34.11,1369414
480,2023-09-27 11:55:00,34.305,34.38,34.27,34.308,1063762
481,2023-09-27 11:50:00,34.3,34.339,34.26,34.31,835975
482,2023-09-27 11:45:00,34.345,34.389,34.23,34.3,1417738
483,2023-09-27 11:40:00,34.52,34.549,34.34,34.345,1023622
484,2023-09-27 11:35:00,34.68,34.695,34.5,34.52,962802
485,2023-09-27 11:30:00,34.7,34.71,34.605,34.68,704935
486,2023-09-27 11:25:00,34.598,34.73,34.55,34.699,1030611
487,2023-09-27 11:20:00,34.535,34.7,34.5,34.59,1138223
488,2023-09-27 11:15:00,34.64,34.641,34.505,34.534,1090795
489,2023-09-27 11:10:00,34.63,34.675,34.556,34.645,1156980
490,2023-09-27 11:05:00,34.435,34.65,34.4,34.635,1461392
491,2023-09-27 11:00:00,34.35,34.49,34.324,34.438,1499923
492,2023-09-27 10:55:00,34.409,34.44,34.3,34.35,1574854
493,2023-09-27 10:50:00,34.74,34.745,34.37,34.4,2216633
494,2023-09-27 10:45:00,34.65,34.8,34.6,34.742,1423680
495,2023-09-27 10:40:00,34.755,34.759,34.63,34.644,1423354
496,2023-09-27 10:35:00,34.915,34.925,34.73,34.75,1488043
497,2023-09-27 10:30:00,34.86,34.92,34.745,34.91,2044151
498,2023-09-27 10:25:00,34.77,34.908,34.77,34.864,1507929
499,2023-09-27 10:20:00,34.565,34.84,34.565,34.77,3260746
500,2023-09-27 10:15:00,34.485,34.57,34.462,34.565,1250851
501,2023-09-27 10:10:00,34.61,34.615,34.465,34.489,1736070
502,2023-09-27 10:05:00,34.705,34.73,34.56,34.619,1899694
503,2023-09-27 10:00:00,34.88,34.94,34.67,34.71,2214407
504,2023-09-27 09:55:00,34.99,35.01,34.835,34.87,1208114
505,2023-09-27 09:50:00,34.93,35.05,34.88,34.99,1481263
506,2023-09-27 09:45:00,35.069,35.165,34.9,34.93,2284231
507,2023-09-27 09:40:00,34.915,35.08,34.82,35.064,2280114
508,2023-09-27 09:35:00,34.88,34.99,34.78,34.915,2033433
509,2023-09-27 09:30:00,34.809,35.05,34.77,34.873,3269628
510,2023-09-27 09:25:00,34.9,34.9,34.77,34.8,418601
511,2023-09-27 09:20:00,34.92,34.94,34.88,34.905,125122
512,2023-09-27 09:15:00,34.93,34.96,34.915,34.92,235758
513,2023-09-27 09:10:00,34.96,34.98,34.9,34.93,306118
514,2023-09-27 09:05:00,34.84,34.98,34.8,34.95,190578
515,2023-09-27 09:00:00,34.92,34.92,34.84,34.85,61769
516,2023-09-27 08:55:00,34.89,34.96,34.875,34.92,144728
517,2023-09-27 08:50:00,34.88,34.9,34.83,34.89,78010
518,2023-09-27 08:45:00,34.89,34.92,34.85,34.87,78608
519,2023-09-27 08:40:00,34.85,34.91,34.83,34.9,109732
520,2023-09-27 08:35:00,34.89,34.94,34.85,34.86,83412
521,2023-09-27 08:30:00,34.75,34.91,34.66,34.89,194201
522,2023-09-27 08:25:00,34.73,34.78,34.72,34.77,67647
523,2023-09-27 08:20:00,34.83,34.84,34.71,34.73,197718
524,2023-09-27 08:15:00,34.82,34.88,34.81,34.83,85227
525,2023-09-27 08:10:00,34.84,34.88,34.79,34.82,75366
526,2023-09-27 08:05:00,34.849,34.85,34.8,34.83,60152
527,2023-09-27 08:00:00,34.87,35.08,34.49,34.84,593077
528,2023-09-27 07:55:00,34.88,34.91,34.86,34.9,34866
529,2023-09-27 07:50:00,34.83,34.89,34.83,34.88,27697
530,2023-09-27 07:45:00,34.8,34.84,34.8,34.82,60484
531,2023-09-27 07:40:00,34.78,34.83,34.76,34.8,76720
532,2023-09-27 07:35:00,34.89,34.89,34.77,34.78,52833
533,2023-09-27 07:30:00,34.96,34.97,34.87,34.89,54152
534,2023-09-27 07:25:00,34.95,34.97,34.94,34.96,27130
535,2023-09-27 07:20:00,34.93,34.95,34.91,34.95,23798
536,2023-09-27 07:15:00,34.89,34.94,34.87,34.94,33234
537,2023-09-27 07:10:00,34.87,34.93,34.87,34.89,58054
538,2023-09-27 07:05:00,34.89,34.91,34.84,34.88,30900
539,2023-09-27 07:00:00,34.88,34.89,34.84,34.89,84830
540,2023-09-27 06:55:00,34.89,34.9,34.87,34.88,19072
541,2023-09-27 06:50:00,34.81,34.9,34.81,34.9,7901
542,2023-09-27 06:45:00,34.79,34.84,34.78,34.81,9742
543,2023-09-27 06:40:00,34.83,34.85,34.78,34.8,7483
544,2023-09-27 06:35:00,34.87,34.87,34.82,34.83,12590
545,2023-09-27 06:30:00,34.88,34.9,34.84,34.88,9145
546,2023-09-27 06:25:00,34.84,34.89,34.83,34.89,9442
547,2023-09-27 06:20:00,34.8,34.85,34.8,34.84,9500
548,2023-09-27 06:15:00,34.75,34.81,34.75,34.81,18805
549,2023-09-27 06:10:00,34.79,34.81,34.75,34.75,19161
550,2023-09-27 06:05:00,34.85,34.85,34.79,34.79,21915
551,2023-09-27 06:00:00,34.87,34.87,34.81,34.86,7365
552,2023-09-27 05:55:00,34.85,34.88,34.83,34.86,4618
553,2023-09-27 05:50:00,34.88,34.88,34.83,34.85,7761
554,2023-09-27 05:45:00,34.81,34.88,34.81,34.88,9437
555,2023-09-27 05:40:00,34.89,34.89,34.81,34.82,20489
556,2023-09-27 05:35:00,34.92,34.93,34.87,34.88,11361
557,2023-09-27 05:30:00,34.95,34.97,34.9,34.92,16451
558,2023-09-27 05:25:00,34.95,34.97,34.93,34.97,13457
559,2023-09-27 05:20:00,34.95,34.96,34.91,34.95,12411
560,2023-09-27 05:15:00,34.97,34.97,34.93,34.95,6222
561,2023-09-27 05:10:00,34.94,34.97,34.92,34.97,32363
562,2023-09-27 05:05:00,34.99,34.99,34.93,34.94,27395
563,2023-09-27 05:00:00,35.0,35.01,34.97,34.99,3809
564,2023-09-27 04:55:00,34.96,34.99,34.95,34.99,8868
565,2023-09-27 04:50:00,34.99,35.01,34.96,34.97,11648
566,2023-09-27 04:45:00,34.99,35.02,34.98,35.0,12716
567,2023-09-27 04:40:00,35.01,35.01,34.96,35.0,5164
568,2023-09-27 04:35:00,35.05,35.05,34.97,35.01,18014
569,2023-09-27 04:30:00,34.98,35.05,34.98,35.04,23109
570,2023-09-27 04:25:00,35.02,35.02,34.95,34.97,49153
571,2023-09-27 04:20:00,34.97,35.03,34.95,35.02,28653
572,2023-09-27 04:15:00,34.99,35.02,34.96,34.97,13340
573,2023-09-27 04:10:00,35.07,35.07,34.98,35.0,27272
574,2023-09-27 04:05:00,35.05,35.07,35.03,35.06,28862
575,2023-09-27 04:00:00,35.07,35.09,34.95,35.05,115386
576,2023-09-26 19:55:00,34.63,34.7,34.63,34.67,84424
577,2023-09-26 19:50:00,34.63,34.64,34.62,34.64,25371
578,2023-09-26 19:45:00,34.63,34.65,34.62,34.64,14735
579,2023-09-26 19:40:00,34.65,34.66,34.63,34.64,7795
580,2023-09-26 19:35:00,34.63,34.66,34.62,34.65,14559
581,2023-09-26 19:30:00,34.64,34.65,34.62,34.63,22831
582,2023-09-26 19:25:00,34.61,34.64,34.6,34.64,6076
583,2023-09-26 19:20:00,34.64,34.64,34.59,34.61,8287
584,2023-09-26 19:15:00,34.58,34.64,34.58,34.64,30044
585,2023-09-26 19:10:00,34.55,34.59,34.55,34.58,38591
586,2023-09-26 19:05:00,34.55,34.56,34.54,34.555,23966
587,2023-09-26 19:00:00,34.555,34.56,34.535,34.55,38689
588,2023-09-26 18:55:00,34.54,34.555,34.53,34.555,11546
589,2023-09-26 18:50:00,34.53,34.54,34.51,34.535,11421
590,2023-09-26 18:45:00,34.55,34.56,34.53,34.54,4154
591,2023-09-26 18:40:00,34.52,34.56,34.51,34.54,57278
592,2023-09-26 18:35:00,34.58,34.58,34.52,34.53,12013
593,2023-09-26 18:30:00,34.57,34.59,34.57,34.58,6052
594,2023-09-26 18:25:00,34.56,34.57,34.55,34.57,2436
595,2023-09-26 18:20:00,34.53,34.57,34.52,34.56,8172
596,2023-09-26 18:15:00,34.58,34.58,34.53,34.53,19376
597,2023-09-26 18:10:00,34.58,34.59,34.56,34.58,22295
598,2023-09-26 18:05:00,34.56,34.58,34.56,34.58,5497
599,2023-09-26 18:00:00,34.59,34.61,34.56,34.57,26055
600,2023-09-26 17:55:00,34.59,34.59,34.58,34.59,7170
601,2023-09-26 17:50:00,34.57,34.59,34.56,34.59,17845
602,2023-09-26 17:45:00,34.57,34.57,34.56,34.57,30397
603,2023-09-26 17:40:00,34.56,34.57,34.55,34.57,38841
604,2023-09-26 17:35:00,34.56,34.56,34.55,34.55,12716
605,2023-09-26 17:30:00,34.57,34.58,34.55,34.56,17946
606,2023-09-26 17:25:00,34.59,34.59,34.56,34.57,11073
607,2023-09-26 17:20:00,34.58,34.59,34.57,34.59,11501
608,2023-09-26 17:15:00,34.61,34.61,34.58,34.59,23010
609,2023-09-26 17:10:00,34.619,34.63,34.6,34.61,18531
610,2023-09-26 17:05:00,34.6,34.62,34.59,34.62,14712
611,2023-09-26 17:00:00,34.599,34.6,34.59,34.6,9833
612,2023-09-26 16:55:00,34.59,34.61,34.59,34.599,49613
613,2023-09-26 16:50:00,34.58,34.6,34.57,34.6,26202
614,2023-09-26 16:45:00,34.58,34.58,34.56,34.58,14808
615,2023-09-26 16:40:00,34.58,34.58,34.56,34.57,58578
616,2023-09-26 16:35:00,34.56,34.58,34.56,34.58,39969
617,2023-09-26 16:30:00,34.57,34.58,34.55,34.56,16170
618,2023-09-26 16:25:00,34.56,34.58,34.55,34.58,42567
619,2023-09-26 16:20:00,34.58,34.62,34.57,34.575,47421
620,2023-09-26 16:15:00,34.49,34.62,34.49,34.59,119240
621,2023-09-26 16:10:00,34.62,34.67,34.6,34.61,254128
622,2023-09-26 16:05:00,34.48,34.64,34.47,34.62,279041
623,2023-09-26 16:00:00,34.49,34.54,34.46,34.48,1091027
624,2023-09-26 15:55:00,34.385,34.55,34.375,34.48,2250728
625,2023-09-26 15:50:00,34.3,34.44,34.235,34.385,2037999
626,2023-09-26 15:45:00,34.381,34.41,34.29,34.291,996721
627,2023-09-26 15:40:00,34.255,34.39,34.25,34.38,1490527
628,2023-09-26 15:35:00,34.2,34.28,34.17,34.255,905916
629,2023-09-26 15:30:00,34.235,34.29,34.19,34.193,796411
630,2023-09-26 15:25:00,34.245,34.29,34.18,34.235,878176
631,2023-09-26 15:20:00,34.29,34.32,34.23,34.245,922351
632,2023-09-26 15:15:00,34.38,34.408,34.25,34.284,1247868
633,2023-09-26 15:10:00,34.445,34.5,34.365,34.379,921336
634,2023-09-26 15:05:00,34.35,34.46,34.34,34.445,1043837
635,2023-09-26 15:00:00,34.47,34.47,34.33,34.355,979567
636,2023-09-26 14:55:00,34.385,34.48,34.35,34.48,958978
637,2023-09-26 14:50:00,34.43,34.47,34.36,34.38,782501
638,2023-09-26 14:45:00,34.41,34.465,34.38,34.44,626503
639,2023-09-26 14:40:00,34.42,34.47,34.36,34.41,1330397
640,2023-09-26 14:35:00,34.495,34.516,34.398,34.415,826812
641,2023-09-26 14:30:00,34.48,34.57,34.44,34.496,868282
642,2023-09-26 14:25:00,34.58,34.59,34.45,34.485,610180
643,2023-09-26 14:20:00,34.475,34.63,34.46,34.588,856147
644,2023-09-26 14:15:00,34.54,34.58,34.464,34.475,648326
645,2023-09-26 14:10:00,34.595,34.65,34.49,34.545,701296
646,2023-09-26 14:05:00,34.63,34.69,34.58,34.59,756089
647,2023-09-26 14:00:00,34.69,34.691,34.594,34.635,727468
648,2023-09-26 13:55:00,34.62,34.72,34.6,34.695,999782
649,2023-09-26 13:50:00,34.465,34.67,34.46,34.621,1542288
650,2023-09-26 13:45:00,34.495,34.535,34.45,34.467,930368
651,2023-09-26 13:40:00,34.54,34.56,34.46,34.496,1272876
652,2023-09-26 13:35:00,34.69,34.71,34.5,34.53,1663065
653,2023-09-26 13:30:00,34.705,34.775,34.68,34.68,819685
654,2023-09-26 13:25:00,34.84,34.875,34.7,34.707,917337
655,2023-09-26 13:20:00,34.87,34.89,34.84,34.846,492577
656,2023-09-26 13:15:00,34.98,35.01,34.85,34.865,678015
657,2023-09-26 13:10:00,34.961,35.02,34.94,34.984,944616
658,2023-09-26 13:05:00,34.91,34.97,34.73,34.961,1952048
659,2023-09-26 13:00:00,34.88,34.975,34.815,34.912,1334600
660,2023-09-26 12:55:00,34.945,34.95,34.87,34.87,378938
661,2023-09-26 12:50:00,34.92,35.005,34.906,34.945,689498
662,2023-09-26 12:45:00,34.905,34.94,34.86,34.926,610964
663,2023-09-26 12:40:00,34.945,34.99,34.88,34.905,1821426
664,2023-09-26 12:35:00,34.9,34.975,34.896,34.95,706992
665,2023-09-26 12:30:00,34.9,34.965,34.84,34.9,681885
666,2023-09-26 12:25:00,34.945,34.95,34.86,34.91,632139
667,2023-09-26 12:20:00,34.79,34.949,34.76,34.941,641933
668,2023-09-26 12:15:00,34.823,34.9,34.76,34.785,1117293
669,2023-09-26 12:10:00,34.78,34.855,34.76,34.825,1118319
670,2023-09-26 12:05:00,34.625,34.79,34.59,34.78,1275728
671,2023-09-26 12:00:00,34.699,34.76,34.62,34.63,1008965
672,2023-09-26 11:55:00,34.69,34.72,34.63,34.693,737980
673,2023-09-26 11:50:00,34.79,34.805,34.68,34.687,1073119
674,2023-09-26 11:45:00,34.821,34.895,34.72,34.793,1229330
675,2023-09-26 11:40:00,34.82,34.89,34.749,34.83,1028355
676,2023-09-26 11:35:00,34.762,34.86,34.73,34.816,1093777
677,2023-09-26 11:30:00,34.63,34.77,34.6,34.766,2144568
678,2023-09-26 11:25:00,34.69,34.72,34.62,34.62,970070
679,2023-09-26 11:20:00,34.765,34.8,34.68,34.695,770612
680,2023-09-26 11:15:00,34.74,34.8,34.7,34.77,696425
681,2023-09-26 11:10:00,34.82,34.825,34.72,34.74,803046
682,2023-09-26 11:05:00,34.916,34.93,34.75,34.82,1652639
683,2023-09-26 11:00:00,34.915,34.98,34.87,34.91,1207223
684,2023-09-26 10:55:00,34.854,34.95,34.83,34.92,1163966
685,2023-09-26 10:50:00,34.94,34.97,34.823,34.86,1191724
686,2023-09-26 10:45:00,35.07,35.19,34.934,34.936,2103298
687,2023-09-26 10:40:00,34.94,35.08,34.91,35.069,1898632
688,2023-09-26 10:35:00,34.89,34.98,34.83,34.94,1255777
689,2023-09-26 10:30:00,34.9,34.98,34.85,34.9,2000265
690,2023-09-26 10:25:00,34.75,34.909,34.7,34.899,1734957
691,2023-09-26 10:20:00,34.636,34.77,34.628,34.75,2140237
692,2023-09-26 10:15:00,34.725,34.76,34.6,34.635,2001833
693,2023-09-26 10:10:00,34.93,34.97,34.7,34.725,2441194
694,2023-09-26 10:05:00,34.86,35.03,34.83,34.93,3067102
695,2023-09-26 10:00:00,34.93,35.05,34.86,34.87,2829853
696,2023-09-26 09:55:00,35.01,35.06,34.88,34.935,2095738
697,2023-09-26 09:50:00,35.145,35.145,34.98,35.001,2495852
698,2023-09-26 09:45:00,35.34,35.38,35.131,35.144,2002241
699,2023-09-26 09:40:00,35.403,35.46,35.3,35.34,1786787
700,2023-09-26 09:35:00,35.29,35.48,35.234,35.407,2390636
701,2023-09-26 09:30:00,35.31,35.41,35.16,35.28,2661173
702,2023-09-26 09:25:00,35.35,35.36,35.29,35.32,162455
703,2023-09-26 09:20:00,35.35,35.4,35.34,35.36,94711
704,2023-09-26 09:15:00,35.38,35.44,35.34,35.35,116744
705,2023-09-26 09:10:00,35.36,35.39,35.33,35.39,110549
706,2023-09-26 09:05:00,35.44,35.46,35.36,35.37,148214
707,2023-09-26 09:00:00,35.47,35.47,35.428,35.439,114684
708,2023-09-26 08:55:00,35.48,35.5,35.42,35.47,172887
709,2023-09-26 08:50:00,35.45,35.51,35.44,35.48,91306
710,2023-09-26 08:45:00,35.56,35.57,35.45,35.45,206432
711,2023-09-26 08:40:00,35.53,35.58,35.5,35.57,51481
712,2023-09-26 08:35:00,35.545,35.56,35.48,35.53,129404
713,2023-09-26 08:30:00,35.64,35.64,35.51,35.54,169093
714,2023-09-26 08:25:00,35.69,35.69,35.61,35.65,66272
715,2023-09-26 08:20:00,35.79,35.8,35.67,35.69,70569
716,2023-09-26 08:15:00,35.73,35.8,35.719,35.8,56462
717,2023-09-26 08:10:00,35.77,35.79,35.72,35.74,41158
718,2023-09-26 08:05:00,35.77,35.81,35.71,35.78,102059
719,2023-09-26 08:00:00,35.64,35.772,35.11,35.77,705892
720,2023-09-26 07:55:00,35.66,35.69,35.65,35.68,29025
721,2023-09-26 07:50:00,35.64,35.67,35.62,35.66,63093
722,2023-09-26 07:45:00,35.74,35.74,35.63,35.64,43041
723,2023-09-26 07:40:00,35.74,35.77,35.72,35.74,37834
724,2023-09-26 07:35:00,35.7,35.78,35.69,35.74,64195
725,2023-09-26 07:30:00,35.68,35.72,35.67,35.7,98379
726,2023-09-26 07:25:00,35.61,35.71,35.6,35.69,75860
727,2023-09-26 07:20:00,35.57,35.63,35.57,35.62,48376
728,2023-09-26 07:15:00,35.489,35.58,35.48,35.58,47627
729,2023-09-26 07:10:00,35.47,35.48,35.441,35.48,54881
730,2023-09-26 07:05:00,35.57,35.57,35.45,35.47,73688
731,2023-09-26 07:00:00,35.64,35.66,35.57,35.58,55549
732,2023-09-26 06:55:00,35.59,35.65,35.57,35.64,15082
733,2023-09-26 06:50:00,35.56,35.59,35.54,35.59,13350
734,2023-09-26 06:45:00,35.56,35.6,35.56,35.56,8108
735,2023-09-26 06:40:00,35.61,35.61,35.56,35.57,8544
736,2023-09-26 06:35:00,35.57,35.62,35.55,35.61,8876
737,2023-09-26 06:30:00,35.56,35.58,35.54,35.58,2603
738,2023-09-26 06:25:00,35.53,35.58,35.53,35.57,4984
739,2023-09-26 06:20:00,35.59,35.59,35.52,35.55,5717
740,2023-09-26 06:15:00,35.52,35.58,35.52,35.58,5891
741,2023-09-26 06:10:00,35.53,35.54,35.48,35.52,6009
742,2023-09-26 06:05:00,35.52,35.56,35.49,35.53,3814
743,2023-09-26 06:00:00,35.42,35.53,35.42,35.53,19088
744,2023-09-26 05:55:00,35.46,35.46,35.41,35.42,9396
745,2023-09-26 05:50:00,35.5,35.52,35.46,35.46,3824
746,2023-09-26 05:45:00,35.52,35.54,35.5,35.5,8057
747,2023-09-26 05:40:00,35.59,35.59,35.52,35.52,10233
748,2023-09-26 05:35:00,35.61,35.63,35.58,35.59,8556
749,2023-09-26 05:30:00,35.54,35.62,35.54,35.6,17738
750,2023-09-26 05:25:00,35.55,35.56,35.5,35.54,7291
751,2023-09-26 05:20:00,35.48,35.54,35.48,35.54,12099
752,2023-09-26 05:15:00,35.54,35.58,35.48,35.48,10556
753,2023-09-26 05:10:00,35.43,35.54,35.41,35.54,73929
754,2023-09-26 05:05:00,35.53,35.54,35.43,35.44,19105
755,2023-09-26 05:00:00,35.57,35.58,35.52,35.52,9388
756,2023-09-26 04:55:00,35.56,35.58,35.53,35.56,7176
757,2023-09-26 04:50:00,35.53,35.6,35.53,35.57,47337
758,2023-09-26 04:45:00,35.52,35.55,35.49,35.54,19545
759,2023-09-26 04:40:00,35.56,35.58,35.51,35.52,14417
760,2023-09-26 04:35:00,35.61,35.63,35.55,35.59,11864
761,2023-09-26 04:30:00,35.65,35.65,35.58,35.61,10488
762,2023-09-26 04:25:00,35.68,35.72,35.65,35.66,25540
763,2023-09-26 04:20:00,35.71,35.77,35.68,35.69,51390
764,2023-09-26 04:15:00,35.64,35.71,35.63,35.7,43207
765,2023-09-26 04:10:00,35.52,35.64,35.51,35.64,28106
766,2023-09-26 04:05:00,35.51,35.58,35.48,35.53,73563
767,2023-09-26 04:00:00,35.49,35.55,35.45,35.5,59491
768,2023-09-25 19:55:00,36.14,36.14,36.09,36.11,79453
769,2023-09-25 19:50:00,36.13,36.14,36.12,36.13,9768
770,2023-09-25 19:45:00,36.14,36.14,36.12,36.12,6386
771,2023-09-25 19:40:00,36.12,36.14,36.12,36.13,8851
772,2023-09-25 19:35:00,36.12,36.13,36.11,36.12,67999
773,2023-09-25 19:30:00,36.12,36.12,36.11,36.12,25688
774,2023-09-25 19:25:00,36.12,36.14,36.1,36.125,12809
775,2023-09-25 19:20:00,36.135,36.14,36.11,36.12,7997
776,2023-09-25 19:15:00,36.13,36.15,36.12,36.14,14623
777,2023-09-25 19:10:00,36.12,36.145,36.12,36.13,10328
778,2023-09-25 19:05:00,36.14,36.14,36.12,36.13,42480
779,2023-09-25 19:00:00,36.165,36.17,36.13,36.135,18613
780,2023-09-25 18:55:00,36.17,36.18,36.16,36.16,13563
781,2023-09-25 18:50:00,36.18,36.18,36.16,36.17,4824
782,2023-09-25 18:45:00,36.185,36.19,36.17,36.175,15938
783,2023-09-25 18:40:00,36.195,36.2,36.18,36.19,7147
784,2023-09-25 18:35:00,36.175,36.2,36.175,36.2,8865
785,2023-09-25 18:30:00,36.18,36.2,36.17,36.18,20135
786,2023-09-25 18:25:00,36.17,36.19,36.17,36.17,14263
787,2023-09-25 18:20:00,36.16,36.17,36.15,36.17,7374
788,2023-09-25 18:15:00,36.17,36.18,36.15,36.15,29957
789,2023-09-25 18:10:00,36.2,36.2,36.17,36.17,22930
790,2023-09-25 18:05:00,36.19,36.2,36.18,36.2,16694
791,2023-09-25 18:00:00,36.27,36.27,36.17,36.19,20914
792,2023-09-25 17:55:00,36.27,36.28,36.26,36.27,27196
793,2023-09-25 17:50:00,36.26,36.28,36.26,36.279,6897
794,2023-09-25 17:45:00,36.25,36.27,36.25,36.27,3011
795,2023-09-25 17:40:00,36.26,36.27,36.24,36.255,27515
796,2023-09-25 17:35:00,36.25,36.25,36.24,36.25,11491
797,2023-09-25 17:30:00,36.22,36.25,36.22,36.24,6937
798,2023-09-25 17:25:00,36.22,36.24,36.22,36.23,11630
799,2023-09-25 17:20:00,36.22,36.23,36.21,36.22,3353
800,2023-09-25 17:15:00,36.21,36.24,36.21,36.22,53214
801,2023-09-25 17:10:00,36.201,36.22,36.2,36.21,4275
802,2023-09-25 17:05:00,36.19,36.22,36.19,36.205,34862
803,2023-09-25 17:00:00,36.22,36.23,36.19,36.2,37023
804,2023-09-25 16:55:00,36.23,36.24,36.22,36.23,7154
805,2023-09-25 16:50:00,36.235,36.25,36.23,36.23,13415
806,2023-09-25 16:45:00,36.23,36.24,36.22,36.24,76468
807,2023-09-25 16:40:00,36.25,36.25,36.22,36.22,20186
808,2023-09-25 16:35:00,36.23,36.25,36.22,36.25,35136
809,2023-09-25 16:30:00,36.22,36.23,36.21,36.225,67665
810,2023-09-25 16:25:00,36.21,36.23,36.21,36.215,25282
811,2023-09-25 16:20:00,36.22,36.23,36.2,36.22,57251
812,2023-09-25 16:15:00,36.1,36.235,36.1,36.21,98299
813,2023-09-25 16:10:00,36.12,36.21,36.12,36.18,101138
814,2023-09-25 16:05:00,36.12,36.15,36.1,36.12,70631
815,2023-09-25 16:00:00,36.12,36.19,36.1,36.12,905735
816,2023-09-25 15:55:00,35.82,36.14,35.781,36.125,2421034
817,2023-09-25 15:50:00,35.88,36.005,35.75,35.815,1578954
818,2023-09-25 15:45:00,35.81,35.9,35.8,35.88,683273
819,2023-09-25 15:40:00,35.935,35.945,35.8,35.8,702335
820,2023-09-25 15:35:00,35.814,35.94,35.78,35.93,587514
821,2023-09-25 15:30:00,35.79,35.87,35.72,35.81,793426
822,2023-09-25 15:25:00,35.751,35.8,35.66,35.795,650067
823,2023-09-25 15:20:00,35.81,35.86,35.7,35.745,850107
824,2023-09-25 15:15:00,35.56,35.82,35.56,35.815,1448931
825,2023-09-25 15:10:00,35.46,35.57,35.455,35.565,672492
826,2023-09-25 15:05:00,35.522,35.555,35.445,35.463,685333
827,2023-09-25 15:00:00,35.685,35.729,35.48,35.53,1526311
828,2023-09-25 14:55:00,35.74,35.765,35.63,35.68,865382
829,2023-09-25 14:50:00,35.77,35.83,35.72,35.742,517096
830,2023-09-25 14:45:00,35.78,35.85,35.74,35.774,458482
831,2023-09-25 14:40:00,35.87,35.93,35.76,35.79,923792
832,2023-09-25 14:35:00,35.81,35.98,35.81,35.87,1004204
833,2023-09-25 14:30:00,35.77,35.86,35.73,35.82,561408
834,2023-09-25 14:25:00,35.75,35.85,35.743,35.78,389986
835,2023-09-25 14:20:00,35.86,35.89,35.74,35.749,435386
836,2023-09-25 14:15:00,35.85,35.89,35.785,35.86,543947
837,2023-09-25 14:10:00,35.845,35.89,35.81,35.85,312493
838,2023-09-25 14:05:00,35.925,35.96,35.83,35.85,512936
839,2023-09-25 14:00:00,35.89,35.937,35.87,35.925,590149
840,2023-09-25 13:55:00,35.83,35.89,35.81,35.88,395200
841,2023-09-25 13:50:00,35.78,35.889,35.77,35.83,985654
842,2023-09-25 13:45:00,35.751,35.795,35.64,35.78,916072
843,2023-09-25 13:40:00,35.85,35.86,35.73,35.75,430362
844,2023-09-25 13:35:00,35.76,35.86,35.74,35.856,564784
845,2023-09-25 13:30:00,35.77,35.78,35.69,35.76,584307
846,2023-09-25 13:25:00,35.821,35.839,35.687,35.77,801304
847,2023-09-25 13:20:00,35.895,35.93,35.8,35.824,811395
848,2023-09-25 13:15:00,35.98,35.985,35.88,35.897,466313
849,2023-09-25 13:10:00,35.905,36.005,35.88,35.97,864179
850,2023-09-25 13:05:00,35.701,35.92,35.695,35.905,856581
851,2023-09-25 13:00:00,35.74,35.78,35.69,35.705,588335
852,2023-09-25 12:55:00,35.72,35.75,35.67,35.74,695412
853,2023-09-25 12:50:00,35.759,35.76,35.6,35.715,1235290
854,2023-09-25 12:45:00,35.8,35.82,35.74,35.75,549267
855,2023-09-25 12:40:00,35.827,35.9,35.8,35.805,609949
856,2023-09-25 12:35:00,35.974,35.975,35.823,35.823,671625
857,2023-09-25 12:30:00,36.07,36.08,35.97,35.975,404879
858,2023-09-25 12:25:00,36.08,36.09,36.03,36.062,344209
859,2023-09-25 12:20:00,36.04,36.11,36.0,36.085,717536
860,2023-09-25 12:15:00,35.89,36.075,35.88,36.04,978810
861,2023-09-25 12:10:00,35.79,35.91,35.77,35.888,507486
862,2023-09-25 12:05:00,35.78,35.86,35.745,35.8,488730
863,2023-09-25 12:00:00,35.86,35.89,35.75,35.775,593368
864,2023-09-25 11:55:00,35.89,35.95,35.8,35.86,654544
865,2023-09-25 11:50:00,35.89,35.95,35.86,35.89,565375
866,2023-09-25 11:45:00,35.965,35.99,35.875,35.89,725169
867,2023-09-25 11:40:00,35.85,36.01,35.81,35.96,1351823
868,2023-09-25 11:35:00,35.87,35.91,35.84,35.853,386753
869,2023-09-25 11:30:00,35.84,35.9,35.8,35.865,918271
870,2023-09-25 11:25:00,35.95,35.97,35.815,35.835,1097994
871,2023-09-25 11:20:00,35.96,35.97,35.86,35.958,1164055
872,2023-09-25 11:15:00,35.725,35.98,35.72,35.95,2247199
873,2023-09-25 11:10:00,35.665,35.75,35.63,35.725,1085881
874,2023-09-25 11:05:00,35.38,35.68,35.37,35.668,1736437
875,2023-09-25 11:00:00,35.27,35.41,35.26,35.39,832548
876,2023-09-25 10:55:00,35.37,35.395,35.27,35.27,1140745
877,2023-09-25 10:50:00,35.535,35.54,35.34,35.37,1066595
878,2023-09-25 10:45:00,35.46,35.61,35.46,35.53,1299430
879,2023-09-25 10:40:00,35.48,35.53,35.41,35.46,678975
880,2023-09-25 10:35:00,35.52,35.565,35.42,35.485,983110
881,2023-09-25 10:30:00,35.34,35.585,35.29,35.51,1390522
882,2023-09-25 10:25:00,35.433,35.44,35.25,35.35,1334895
883,2023-09-25 10:20:00,35.5,35.56,35.384,35.434,1142136
884,2023-09-25 10:15:00,35.58,35.71,35.48,35.493,1381417
885,2023-09-25 10:10:00,35.48,35.63,35.46,35.59,1087614
886,2023-09-25 10:05:00,35.56,35.665,35.4,35.48,1305889
887,2023-09-25 10:00:00,35.69,35.75,35.52,35.55,1446476
888,2023-09-25 09:55:00,35.605,35.84,35.599,35.685,1802276
889,2023-09-25 09:50:00,35.58,35.71,35.53,35.61,1446401
890,2023-09-25 09:45:00,35.535,35.695,35.459,35.571,1908768
891,2023-09-25 09:40:00,35.44,35.63,35.439,35.53,2047313
892,2023-09-25 09:35:00,35.15,35.445,35.11,35.439,2139338
893,2023-09-25 09:30:00,35.31,35.395,35.01,35.15,2904709
894,2023-09-25 09:25:00,35.29,35.33,35.23,35.31,345678
895,2023-09-25 09:20:00,35.289,35.318,35.24,35.29,186724
896,2023-09-25 09:15:00,35.13,36.185,35.11,35.28,215688
897,2023-09-25 09:10:00,35.12,35.15,35.03,35.14,205575
898,2023-09-25 09:05:00,35.22,35.27,35.068,35.12,394150
899,2023-09-25 09:00:00,35.29,35.31,35.18,35.22,153514
900,2023-09-25 08:55:00,35.42,35.43,35.28,35.29,91134
901,2023-09-25 08:50:00,35.4,35.47,35.4,35.43,62804
902,2023-09-25 08:45:00,35.43,35.46,35.38,35.392,74800
903,2023-09-25 08:40:00,35.38,35.43,35.32,35.43,138023
904,2023-09-25 08:35:00,35.31,35.43,35.29,35.38,127946
905,2023-09-25 08:30:00,35.32,35.35,35.26,35.3,72091
906,2023-09-25 08:25:00,35.2,35.32,35.15,35.32,100885
907,2023-09-25 08:20:00,35.28,35.28,35.14,35.2,157254
908,2023-09-25 08:15:00,35.36,35.37,35.28,35.28,43103
909,2023-09-25 08:10:00,35.37,35.37,35.29,35.34,35557
910,2023-09-25 08:05:00,35.358,35.38,35.33,35.38,48380
911,2023-09-25 08:00:00,35.57,36.18,35.138,35.35,417496
912,2023-09-25 07:55:00,35.33,35.33,35.25,35.3,37337
913,2023-09-25 07:50:00,35.25,35.34,35.24,35.32,36177
914,2023-09-25 07:45:00,35.35,35.38,35.25,35.26,46615
915,2023-09-25 07:40:00,35.41,35.43,35.34,35.35,45736
916,2023-09-25 07:35:00,35.33,35.44,35.31,35.4,28706
917,2023-09-25 07:30:00,35.51,35.54,35.32,35.33,54332
918,2023-09-25 07:25:00,35.55,35.59,35.51,35.51,15829
919,2023-09-25 07:20:00,35.51,35.56,35.49,35.54,30213
920,2023-09-25 07:15:00,35.58,35.62,35.49,35.51,38144
921,2023-09-25 07:10:00,35.63,35.65,35.519,35.57,35230
922,2023-09-25 07:05:00,35.63,35.65,35.59,35.63,18260
923,2023-09-25 07:00:00,35.56,35.63,35.55,35.63,30309
924,2023-09-25 06:55:00,35.56,35.59,35.5,35.55,35162
925,2023-09-25 06:50:00,35.53,35.6,35.53,35.56,6907
926,2023-09-25 06:45:00,35.46,35.58,35.46,35.53,13581
927,2023-09-25 06:40:00,35.48,35.48,35.41,35.47,35649
928,2023-09-25 06:35:00,35.53,35.55,35.47,35.48,22714
929,2023-09-25 06:30:00,35.64,35.64,35.53,35.53,19525
930,2023-09-25 06:25:00,35.64,35.65,35.58,35.64,9704
931,2023-09-25 06:20:00,35.61,35.68,35.61,35.64,17015
932,2023-09-25 06:15:00,35.55,35.66,35.55,35.61,11512
933,2023-09-25 06:10:00,35.55,35.56,35.52,35.55,12760
934,2023-09-25 06:05:00,35.55,35.57,35.51,35.56,17727
935,2023-09-25 06:00:00,35.55,35.58,35.48,35.54,15236
936,2023-09-25 05:55:00,35.46,35.56,35.46,35.55,25418
937,2023-09-25 05:50:00,35.45,35.48,35.41,35.46,23304
938,2023-09-25 05:45:00,35.42,35.46,35.37,35.44,13799
939,2023-09-25 05:40:00,35.49,35.49,35.38,35.42,27341
940,2023-09-25 05:35:00,35.55,35.55,35.48,35.48,17739
941,2023-09-25 05:30:00,35.58,35.58,35.5,35.56,21753
942,2023-09-25 05:25:00,35.56,35.6,35.55,35.58,9565
943,2023-09-25 05:20:00,35.53,35.57,35.53,35.56,11147
944,2023-09-25 05:15:00,35.52,35.54,35.48,35.52,13687
945,2023-09-25 05:10:00,35.56,35.57,35.5,35.52,16610
946,2023-09-25 05:05:00,35.42,35.61,35.42,35.56,43192
947,2023-09-25 05:00:00,35.43,35.49,35.39,35.42,31208
948,2023-09-25 04:55:00,35.35,35.43,35.34,35.43,31233
949,2023-09-25 04:50:00,35.34,35.35,35.31,35.35,25182
950,2023-09-25 04:45:00,35.14,35.34,35.14,35.33,62953
951,2023-09-25 04:40:00,35.35,35.35,35.13,35.14,92895
952,2023-09-25 04:35:00,35.57,35.59,35.35,35.36,81411
953,2023-09-25 04:30:00,35.63,35.63,35.54,35.58,66446
954,2023-09-25 04:25:00,35.78,35.78,35.61,35.63,48850
955,2023-09-25 04:20:00,35.9,35.9,35.76,35.78,55821
956,2023-09-25 04:15:00,35.94,35.94,35.86,35.89,63488
957,2023-09-25 04:10:00,36.02,36.04,35.93,35.94,20134
958,2023-09-25 04:05:00,36.05,36.06,36.0,36.02,18684
959,2023-09-25 04:00:00,36.04,36.09,35.94,36.06,32620
960,2023-09-22 19:55:00,35.7,35.73,35.68,35.68,20715
961,2023-09-22 19:50:00,35.72,35.72,35.68,35.7,14263
962,2023-09-22 19:45:00,35.73,35.73,35.69,35.72,21693
963,2023-09-22 19:40:00,35.71,35.74,35.705,35.74,18765
964,2023-09-22 19:35:00,35.71,35.71,35.69,35.7,5070
965,2023-09-22 19:30:00,35.7,35.71,35.69,35.71,1583
966,2023-09-22 19:25:00,35.675,35.79,35.65,35.7,48929
967,2023-09-22 19:20:00,35.645,35.69,35.645,35.67,29021
968,2023-09-22 19:15:00,35.645,35.65,35.64,35.645,3653
969,2023-09-22 19:10:00,35.64,35.65,35.62,35.65,34896
970,2023-09-22 19:05:00,35.64,35.65,35.62,35.65,22200
971,2023-09-22 19:00:00,35.65,35.65,35.63,35.64,4180
972,2023-09-22 18:55:00,35.67,35.68,35.63,35.65,64142
973,2023-09-22 18:50:00,35.685,35.69,35.665,35.67,19210
974,2023-09-22 18:45:00,35.7,35.7,35.685,35.69,11657
975,2023-09-22 18:40:00,35.7,35.71,35.691,35.695,24940
976,2023-09-22 18:35:00,35.72,35.72,35.695,35.71,45852
977,2023-09-22 18:30:00,35.74,35.75,35.71,35.715,15168
978,2023-09-22 18:25:00,35.76,35.76,35.74,35.74,24077
979,2023-09-22 18:20:00,35.76,35.76,35.75,35.76,7077
980,2023-09-22 18:15:00,35.755,35.76,35.75,35.76,7052
981,2023-09-22 18:10:00,35.76,35.76,35.74,35.76,16568
982,2023-09-22 18:05:00,35.76,35.76,35.74,35.755,9654
983,2023-09-22 18:00:00,35.76,35.76,35.75,35.76,8546
984,2023-09-22 17:55:00,35.75,35.76,35.75,35.75,3407
985,2023-09-22 17:50:00,35.76,35.76,35.75,35.75,8988
986,2023-09-22 17:45:00,35.76,35.76,35.75,35.76,2578
987,2023-09-22 17:40:00,35.75,35.76,35.75,35.76,5243
988,2023-09-22 17:35:00,35.76,35.78,35.75,35.76,3946
989,2023-09-22 17:30:00,35.77,35.79,35.75,35.78,36103
990,2023-09-22 17:25:00,35.76,35.79,35.75,35.76,21645
991,2023-09-22 17:20:00,35.721,35.77,35.72,35.76,31057
992,2023-09-22 17:15:00,35.71,35.75,35.7,35.73,4985
993,2023-09-22 17:10:00,35.7,35.72,35.7,35.72,8810
994,2023-09-22 17:05:00,35.68,35.71,35.67,35.7,15397
995,2023-09-22 17:00:00,35.67,35.68,35.65,35.675,15323
996,2023-09-22 16:55:00,35.66,35.69,35.64,35.67,37410
997,2023-09-22 16:50:00,35.68,35.685,35.655,35.66,24170
998,2023-09-22 16:45:00,35.7,35.72,35.67,35.69,28156
999,2023-09-22 16:40:00,35.75,35.76,35.69,35.7,28856
1000,2023-09-22 16:35:00,35.74,35.77,35.73,35.75,12939
1001,2023-09-22 16:30:00,35.735,35.77,35.72,35.74,29200
1002,2023-09-22 16:25:00,35.75,35.77,35.73,35.73,99354
1003,2023-09-22 16:20:00,35.73,35.78,35.71,35.75,33974
1004,2023-09-22 16:15:00,35.625,35.79,35.625,35.729,21935
1005,2023-09-22 16:10:00,35.71,35.8,35.701,35.77,180736
1006,2023-09-22 16:05:00,35.66,35.75,35.66,35.72,83337
1007,2023-09-22 16:00:00,35.63,35.78,35.61,35.66,772957
1008,2023-09-22 15:55:00,35.58,35.737,35.574,35.63,2701530
1009,2023-09-22 15:50:00,35.78,35.78,35.521,35.58,2157405
1010,2023-09-22 15:45:00,35.85,35.916,35.72,35.79,1484629
1011,2023-09-22 15:40:00,36.13,36.15,35.83,35.856,1322511
1012,2023-09-22 15:35:00,36.11,36.15,36.07,36.134,731464
1013,2023-09-22 15:30:00,36.23,36.298,36.1,36.11,1038828
1014,2023-09-22 15:25:00,36.33,36.35,36.224,36.23,674858
1015,2023-09-22 15:20:00,36.295,36.42,36.21,36.33,1225686
1016,2023-09-22 15:15:00,36.24,36.325,36.19,36.294,1110622
1017,2023-09-22 15:10:00,36.265,36.3,36.18,36.232,1471581
1018,2023-09-22 15:05:00,35.955,36.27,35.93,36.262,2446374
1019,2023-09-22 15:00:00,35.79,36.03,35.755,35.955,2010092
1020,2023-09-22 14:55:00,35.79,35.85,35.74,35.797,868478
1021,2023-09-22 14:50:00,35.815,35.84,35.75,35.796,924981
1022,2023-09-22 14:45:00,35.7,35.82,35.67,35.815,699875
1023,2023-09-22 14:40:00,35.73,35.77,35.675,35.695,517090
1024,2023-09-22 14:35:00,35.803,35.84,35.71,35.735,558376
1025,2023-09-22 14:30:00,35.78,35.83,35.68,35.8,768163
1026,2023-09-22 14:25:00,35.83,35.92,35.77,35.78,972065
1027,2023-09-22 14:20:00,35.685,35.85,35.684,35.83,1072545
1028,2023-09-22 14:15:00,35.721,35.78,35.61,35.685,1325046
1029,2023-09-22 14:10:00,35.94,35.94,35.72,35.724,1352375
1030,2023-09-22 14:05:00,35.97,36.01,35.9,35.942,534247
1031,2023-09-22 14:00:00,35.98,36.04,35.91,35.975,599940
1032,2023-09-22 13:55:00,36.02,36.1,35.98,35.985,584008
1033,2023-09-22 13:50:00,36.0,36.09,35.97,36.015,1046260
1034,2023-09-22 13:45:00,35.99,36.055,35.92,35.995,1005559
1035,2023-09-22 13:40:00,36.04,36.06,35.95,36.0,873411
1036,2023-09-22 13:35:00,36.12,36.18,35.97,36.03,1414083
1037,2023-09-22 13:30:00,36.18,36.18,36.068,36.117,806901
1038,2023-09-22 13:25:00,36.21,36.23,36.12,36.18,1120400
1039,2023-09-22 13:20:00,36.34,36.355,36.13,36.215,980832
1040,2023-09-22 13:15:00,36.445,36.47,36.32,36.342,717293
1041,2023-09-22 13:10:00,36.51,36.56,36.44,36.45,706635
1042,2023-09-22 13:05:00,36.58,36.6,36.5,36.508,624443
1043,2023-09-22 13:00:00,36.635,36.65,36.57,36.579,596888
1044,2023-09-22 12:55:00,36.65,36.72,36.626,36.634,528515
1045,2023-09-22 12:50:00,36.667,36.69,36.625,36.64,407896
1046,2023-09-22 12:45:00,36.715,36.74,36.63,36.67,460068
1047,2023-09-22 12:40:00,36.68,36.73,36.67,36.717,717639
1048,2023-09-22 12:35:00,36.627,36.69,36.6,36.675,473789
1049,2023-09-22 12:30:00,36.62,36.68,36.584,36.623,494233
1050,2023-09-22 12:25:00,36.62,36.63,36.56,36.615,383237
1051,2023-09-22 12:20:00,36.625,36.665,36.592,36.629,766285
1052,2023-09-22 12:15:00,36.515,36.65,36.47,36.62,1122474
1053,2023-09-22 12:10:00,36.47,36.54,36.42,36.51,777577
1054,2023-09-22 12:05:00,36.43,36.51,36.37,36.474,737314
1055,2023-09-22 12:00:00,36.412,36.485,36.39,36.42,839246
1056,2023-09-22 11:55:00,36.491,36.545,36.41,36.42,930487
1057,2023-09-22 11:50:00,36.57,36.63,36.47,36.5,1141551
1058,2023-09-22 11:45:00,36.605,36.63,36.55,36.56,818334
1059,2023-09-22 11:40:00,36.76,36.77,36.58,36.61,910682
1060,2023-09-22 11:35:00,36.63,36.78,36.62,36.763,934432
1061,2023-09-22 11:30:00,36.66,36.72,36.615,36.635,735727
1062,2023-09-22 11:25:00,36.53,36.68,36.52,36.659,789427
1063,2023-09-22 11:20:00,36.52,36.58,36.455,36.54,685403
1064,2023-09-22 11:15:00,36.54,36.62,36.47,36.515,863658
1065,2023-09-22 11:10:00,36.53,36.565,36.47,36.549,863280
1066,2023-09-22 11:05:00,36.614,36.71,36.52,36.52,913140
1067,2023-09-22 11:00:00,36.66,36.71,36.57,36.62,1176519
1068,2023-09-22 10:55:00,36.561,36.695,36.56,36.65,1443988
1069,2023-09-22 10:50:00,36.552,36.64,36.48,36.57,1099357
1070,2023-09-22 10:45:00,36.54,36.61,36.48,36.55,948366
1071,2023-09-22 10:40:00,36.544,36.56,36.45,36.54,1265727
1072,2023-09-22 10:35:00,36.535,36.6,36.51,36.541,1498737
1073,2023-09-22 10:30:00,36.25,36.54,36.24,36.535,2258847
1074,2023-09-22 10:25:00,36.27,36.278,36.11,36.245,967056
1075,2023-09-22 10:20:00,36.151,36.285,36.075,36.26,1261956
1076,2023-09-22 10:15:00,36.04,36.16,35.95,36.16,1515994
1077,2023-09-22 10:10:00,36.17,36.2,36.04,36.045,1266251
1078,2023-09-22 10:05:00,36.133,36.33,36.111,36.175,1893218
1079,2023-09-22 10:00:00,36.229,36.23,36.03,36.13,1409351
1080,2023-09-22 09:55:00,36.05,36.23,36.02,36.22,1348156
1081,2023-09-22 09:50:00,36.13,36.141,35.96,36.065,1415937
1082,2023-09-22 09:45:00,35.9,36.22,35.85,36.115,2755830
1083,2023-09-22 09:40:00,35.85,35.94,35.78,35.897,1803559
1084,2023-09-22 09:35:00,36.006,36.04,35.834,35.85,2076822
1085,2023-09-22 09:30:00,36.13,36.16,35.96,36.0,2600339
1086,2023-09-22 09:25:00,36.22,36.22,36.1,36.13,275243
1087,2023-09-22 09:20:00,36.22,36.278,36.21,36.22,120421
1088,2023-09-22 09:15:00,36.23,36.26,36.21,36.23,132381
1089,2023-09-22 09:10:00,36.27,36.29,36.22,36.23,76217
1090,2023-09-22 09:05:00,36.28,36.31,36.23,36.27,70561
1091,2023-09-22 09:00:00,36.26,36.3,36.25,36.27,96458
1092,2023-09-22 08:55:00,36.26,36.27,36.22,36.25,82330
1093,2023-09-22 08:50:00,36.26,36.27,36.23,36.26,100710
1094,2023-09-22 08:45:00,36.28,36.31,36.26,36.26,148349
1095,2023-09-22 08:40:00,36.27,36.31,36.26,36.28,177697
1096,2023-09-22 08:35:00,36.29,36.31,36.25,36.27,151278
1097,2023-09-22 08:30:00,36.341,36.38,36.28,36.28,201609
1098,2023-09-22 08:25:00,36.32,36.37,36.31,36.35,393314
1099,2023-09-22 08:20:00,36.24,36.34,36.22,36.33,481892
1100,2023-09-22 08:15:00,36.21,36.25,36.2,36.24,157281
1101,2023-09-22 08:10:00,36.17,36.22,36.15,36.21,463010
1102,2023-09-22 08:05:00,36.15,36.17,36.11,36.17,233333
1103,2023-09-22 08:00:00,36.07,36.16,35.81,36.15,996313
1104,2023-09-22 07:55:00,36.05,36.06,36.02,36.03,24785
1105,2023-09-22 07:50:00,36.03,36.06,36.02,36.05,31646
1106,2023-09-22 07:45:00,36.01,36.04,35.97,36.02,24454
1107,2023-09-22 07:40:00,36.02,36.04,36.0,36.01,16214
1108,2023-09-22 07:35:00,35.99,36.03,35.99,36.02,31370
1109,2023-09-22 07:30:00,36.01,36.01,35.97,35.99,21614
1110,2023-09-22 07:25:00,36.06,36.06,36.01,36.01,35942
1111,2023-09-22 07:20:00,36.0,36.06,35.99,36.06,44538
1112,2023-09-22 07:15:00,35.99,36.01,35.99,36.0,34627
1113,2023-09-22 07:10:00,36.01,36.01,35.97,36.0,68891
1114,2023-09-22 07:05:00,36.01,36.03,35.97,36.0,83429
1115,2023-09-22 07:00:00,36.07,36.08,36.001,36.01,75950
1116,2023-09-22 06:55:00,36.11,36.12,36.06,36.07,13186
1117,2023-09-22 06:50:00,36.11,36.16,36.11,36.11,14329
1118,2023-09-22 06:45:00,36.1,36.12,36.07,36.11,8921
1119,2023-09-22 06:40:00,36.05,36.1,36.03,36.1,7606
1120,2023-09-22 06:35:00,36.05,36.07,36.04,36.05,8967
1121,2023-09-22 06:30:00,36.05,36.05,36.02,36.04,27453
1122,2023-09-22 06:25:00,36.03,36.04,36.01,36.04,16893
1123,2023-09-22 06:20:00,36.07,36.07,36.02,36.03,15122
1124,2023-09-22 06:15:00,36.09,36.11,36.06,36.07,11285
1125,2023-09-22 06:10:00,36.09,36.11,36.08,36.09,8247
1126,2023-09-22 06:05:00,36.07,36.09,36.05,36.08,14859
1127,2023-09-22 06:00:00,36.12,36.12,36.07,36.07,15071
1128,2023-09-22 05:55:00,36.12,36.14,36.11,36.12,25324
1129,2023-09-22 05:50:00,36.12,36.13,36.09,36.12,23317
1130,2023-09-22 05:45:00,36.07,36.12,36.07,36.12,55327
1131,2023-09-22 05:40:00,36.05,36.08,36.05,36.06,30994
1132,2023-09-22 05:35:00,36.05,36.09,36.05,36.05,18050
1133,2023-09-22 05:30:00,35.99,36.05,35.98,36.05,22941
1134,2023-09-22 05:25:00,35.98,36.0,35.97,35.99,18065
1135,2023-09-22 05:20:00,35.98,36.0,35.95,35.99,5627
1136,2023-09-22 05:15:00,35.98,36.02,35.97,35.97,84501
1137,2023-09-22 05:10:00,35.94,35.99,35.92,35.98,83317
1138,2023-09-22 05:05:00,35.94,35.97,35.91,35.95,16046
1139,2023-09-22 05:00:00,35.99,36.0,35.95,35.95,22558
1140,2023-09-22 04:55:00,35.98,36.01,35.94,36.0,16287
1141,2023-09-22 04:50:00,35.95,36.0,35.94,35.98,8810
1142,2023-09-22 04:45:00,36.02,36.03,35.93,35.94,39996
1143,2023-09-22 04:40:00,36.04,36.05,36.01,36.02,36579
1144,2023-09-22 04:35:00,35.99,36.03,35.97,36.03,15912
1145,2023-09-22 04:30:00,35.94,36.0,35.91,35.99,15829
1146,2023-09-22 04:25:00,35.97,35.97,35.91,35.93,26224
1147,2023-09-22 04:20:00,36.03,36.03,35.96,35.98,38660
1148,2023-09-22 04:15:00,35.97,36.04,35.96,36.03,23879
1149,2023-09-22 04:10:00,35.94,36.0,35.91,35.98,30601
1150,2023-09-22 04:05:00,35.89,35.96,35.83,35.95,138338
1151,2023-09-22 04:00:00,35.97,35.97,35.81,35.89,176999
1152,2023-09-21 19:55:00,35.5,35.53,35.49,35.51,82522
1153,2023-09-21 19:50:00,35.59,35.6,35.48,35.5,61386
1154,2023-09-21 19:45:00,35.6,35.6,35.59,35.59,20517
1155,2023-09-21 19:40:00,35.61,35.61,35.59,35.59,6854
1156,2023-09-21 19:35:00,35.58,35.62,35.57,35.61,23294
1157,2023-09-21 19:30:00,35.58,35.59,35.57,35.59,19263
1158,2023-09-21 19:25:00,35.59,35.59,35.57,35.58,10892
1159,2023-09-21 19:20:00,35.58,35.6,35.57,35.59,7365
1160,2023-09-21 19:15:00,35.59,35.6,35.55,35.58,20043
1161,2023-09-21 19:10:00,35.57,35.6,35.56,35.59,6606
1162,2023-09-21 19:05:00,35.56,35.6,35.55,35.57,12514
1163,2023-09-21 19:00:00,35.62,35.64,35.56,35.56,34172
1164,2023-09-21 18:55:00,35.63,35.64,35.61,35.63,16730
1165,2023-09-21 18:50:00,35.62,35.63,35.6,35.62,16633
1166,2023-09-21 18:45:00,35.64,35.64,35.6,35.62,19612
1167,2023-09-21 18:40:00,35.62,35.64,35.62,35.63,37324
1168,2023-09-21 18:35:00,35.61,35.62,35.59,35.62,34506
1169,2023-09-21 18:30:00,35.63,35.64,35.605,35.61,18521
1170,2023-09-21 18:25:00,35.66,35.66,35.61,35.63,33401
1171,2023-09-21 18:20:00,35.64,35.66,35.63,35.66,31527
1172,2023-09-21 18:15:00,35.61,35.64,35.6,35.64,16999
1173,2023-09-21 18:10:00,35.56,35.61,35.56,35.6,32887
1174,2023-09-21 18:05:00,35.55,35.56,35.54,35.55,26068
1175,2023-09-21 18:00:00,35.49,35.6,35.49,35.55,107547
1176,2023-09-21 17:55:00,35.51,35.52,35.45,35.49,51669
1177,2023-09-21 17:50:00,35.5,35.52,35.5,35.51,22415
1178,2023-09-21 17:45:00,35.52,35.52,35.49,35.5,52472
1179,2023-09-21 17:40:00,35.53,35.53,35.51,35.52,17804
1180,2023-09-21 17:35:00,35.53,35.53,35.52,35.53,15608
1181,2023-09-21 17:30:00,35.52,35.54,35.52,35.53,10309
1182,2023-09-21 17:25:00,35.485,35.54,35.48,35.52,31963
1183,2023-09-21 17:20:00,35.49,35.49,35.48,35.489,34019
1184,2023-09-21 17:15:00,35.49,35.49,35.47,35.49,15709
1185,2023-09-21 17:10:00,35.49,35.5,35.46,35.49,60509
1186,2023-09-21 17:05:00,35.5,36.18,35.48,35.5,24259
1187,2023-09-21 17:00:00,35.5,35.5,35.49,35.5,19157
1188,2023-09-21 16:55:00,35.47,35.5,35.46,35.49,154865
1189,2023-09-21 16:50:00,35.49,35.49,35.46,35.47,73921
1190,2023-09-21 16:45:00,35.47,35.5,35.47,35.48,44621
1191,2023-09-21 16:40:00,35.54,35.54,35.45,35.48,65540
1192,2023-09-21 16:35:00,35.495,35.54,35.48,35.53,35227
1193,2023-09-21 16:30:00,35.47,35.5,35.45,35.5,48105
1194,2023-09-21 16:25:00,35.48,35.49,35.46,35.47,51839
1195,2023-09-21 16:20:00,35.52,35.52,35.45,35.47,126465
1196,2023-09-21 16:15:00,35.6,35.6,35.51,35.52,77489
1197,2023-09-21 16:10:00,35.6,35.63,35.55,35.57,173367
1198,2023-09-21 16:05:00,35.53,35.62,35.53,35.595,182394
1199,2023-09-21 16:00:00,35.6,35.64,35.51,35.53,999548
1200,2023-09-21 15:55:00,35.76,35.77,35.57,35.59,3853609
1201,2023-09-21 15:50:00,35.86,35.86,35.7,35.757,4549947
1202,2023-09-21 15:45:00,35.88,35.94,35.85,35.858,1108644
1203,2023-09-21 15:40:00,35.86,35.936,35.805,35.885,1383607
1204,2023-09-21 15:35:00,35.8,35.92,35.79,35.855,1262967
1205,2023-09-21 15:30:00,35.845,35.89,35.74,35.795,2273053
1206,2023-09-21 15:25:00,35.95,35.97,35.81,35.845,824496
1207,2023-09-21 15:20:00,35.88,35.96,35.87,35.95,844360
1208,2023-09-21 15:15:00,35.905,35.927,35.81,35.885,1452462
1209,2023-09-21 15:10:00,35.99,36.01,35.85,35.905,1925409
1210,2023-09-21 15:05:00,36.097,36.12,35.96,35.984,1496703
1211,2023-09-21 15:00:00,36.051,36.16,36.0,36.09,1708315
1212,2023-09-21 14:55:00,36.111,36.136,36.05,36.056,658654
1213,2023-09-21 14:50:00,36.127,36.15,36.03,36.118,776831
1214,2023-09-21 14:45:00,36.215,36.24,36.12,36.121,812646
1215,2023-09-21 14:40:00,36.21,36.27,36.18,36.215,594559
1216,2023-09-21 14:35:00,36.11,36.27,36.09,36.202,1777935
1217,2023-09-21 14:30:00,36.12,36.18,36.06,36.115,874909
1218,2023-09-21 14:25:00,36.245,36.26,36.11,36.125,724820
1219,2023-09-21 14:20:00,36.266,36.29,36.23,36.25,445230
1220,2023-09-21 14:15:00,36.295,36.338,36.24,36.27,563203
1221,2023-09-21 14:10:00,36.31,36.42,36.28,36.3,733613
1222,2023-09-21 14:05:00,36.35,36.46,36.31,36.32,795044
1223,2023-09-21 14:00:00,36.46,36.49,36.34,36.359,828025
1224,2023-09-21 13:55:00,36.505,36.52,36.43,36.46,456704
1225,2023-09-21 13:50:00,36.51,36.56,36.465,36.503,516918
1226,2023-09-21 13:45:00,36.495,36.54,36.464,36.502,383199
1227,2023-09-21 13:40:00,36.5,36.58,36.43,36.491,577698
1228,2023-09-21 13:35:00,36.488,36.625,36.483,36.509,750219
1229,2023-09-21 13:30:00,36.509,36.61,36.48,36.48,708745
1230,2023-09-21 13:25:00,36.49,36.57,36.48,36.505,649961
1231,2023-09-21 13:20:00,36.525,36.55,36.445,36.49,728859
1232,2023-09-21 13:15:00,36.49,36.59,36.48,36.526,1316080
1233,2023-09-21 13:10:00,36.4,36.505,36.4,36.485,810722
1234,2023-09-21 13:05:00,36.32,36.44,36.295,36.4,735356
1235,2023-09-21 13:00:00,36.235,36.348,36.214,36.33,808689
1236,2023-09-21 12:55:00,36.3,36.311,36.22,36.236,534463
1237,2023-09-21 12:50:00,36.339,36.42,36.29,36.3,723179
1238,2023-09-21 12:45:00,36.22,36.342,36.215,36.33,607049
1239,2023-09-21 12:40:00,36.166,36.3,36.15,36.225,700096
1240,2023-09-21 12:35:00,36.329,36.33,36.15,36.17,672340
1241,2023-09-21 12:30:00,36.2,36.34,36.184,36.324,715023
1242,2023-09-21 12:25:00,36.2,36.24,36.115,36.195,557355
1243,2023-09-21 12:20:00,36.205,36.255,36.115,36.2,773616
1244,2023-09-21 12:15:00,36.1,36.225,36.08,36.205,1003808
1245,2023-09-21 12:10:00,36.15,36.16,36.04,36.1,1076700
1246,2023-09-21 12:05:00,36.15,36.17,36.08,36.155,835251
1247,2023-09-21 12:00:00,36.22,36.236,36.13,36.16,722222
1248,2023-09-21 11:55:00,36.25,36.355,36.2,36.22,942439
1249,2023-09-21 11:50:00,36.375,36.415,36.24,36.244,654116
1250,2023-09-21 11:45:00,36.31,36.43,36.3,36.377,1156000
1251,2023-09-21 11:40:00,36.306,36.322,36.225,36.31,645179
1252,2023-09-21 11:35:00,36.33,36.4,36.25,36.308,779673
1253,2023-09-21 11:30:00,36.19,36.36,36.15,36.325,1134219
1254,2023-09-21 11:25:00,36.219,36.23,36.15,36.195,783272
1255,2023-09-21 11:20:00,36.276,36.39,36.21,36.22,810241
1256,2023-09-21 11:15:00,36.34,36.35,36.22,36.279,882722
1257,2023-09-21 11:10:00,36.415,36.47,36.27,36.331,924421
1258,2023-09-21 11:05:00,36.39,36.53,36.36,36.42,1344342
1259,2023-09-21 11:00:00,36.345,36.43,36.32,36.38,1115475
1260,2023-09-21 10:55:00,36.51,36.58,36.31,36.34,1531391
1261,2023-09-21 10:50:00,36.455,36.57,36.365,36.513,1155325
1262,2023-09-21 10:45:00,36.55,36.585,36.39,36.46,1684028
1263,2023-09-21 10:40:00,36.711,36.76,36.53,36.55,1608612
1264,2023-09-21 10:35:00,36.4,36.73,36.38,36.711,2230244
1265,2023-09-21 10:30:00,36.375,36.48,36.311,36.39,1084424
1266,2023-09-21 10:25:00,36.43,36.485,36.31,36.37,1179302
1267,2023-09-21 10:20:00,36.59,36.63,36.405,36.425,1851501
1268,2023-09-21 10:15:00,36.27,36.65,36.26,36.595,2230973
1269,2023-09-21 10:10:00,36.44,36.52,36.22,36.27,2157710
1270,2023-09-21 10:05:00,36.13,36.45,36.09,36.437,2990120
1271,2023-09-21 10:00:00,36.12,36.19,36.02,36.13,2416695
1272,2023-09-21 09:55:00,36.175,36.26,36.1,36.125,2017423
1273,2023-09-21 09:50:00,36.35,36.37,36.13,36.18,2526193
1274,2023-09-21 09:45:00,36.5,36.61,36.33,36.357,2198317
1275,2023-09-21 09:40:00,36.57,36.76,36.49,36.5,2463894
1276,2023-09-21 09:35:00,36.6,36.78,36.55,36.56,3166387
1277,2023-09-21 09:30:00,36.55,36.73,36.43,36.605,4589676
1278,2023-09-21 09:25:00,36.41,36.55,36.41,36.54,178386
1279,2023-09-21 09:20:00,36.39,36.46,36.38,36.41,191812
1280,2023-09-21 09:15:00,36.4,36.42,36.37,36.39,213058
1281,2023-09-21 09:10:00,36.41,36.42,36.35,36.4,158070
1282,2023-09-21 09:05:00,36.37,36.42,36.33,36.41,120694
1283,2023-09-21 09:00:00,36.36,38.475,36.34,36.375,198755
1284,2023-09-21 08:55:00,36.348,36.4,36.28,36.35,131079
1285,2023-09-21 08:50:00,36.35,36.35,36.26,36.35,128868
1286,2023-09-21 08:45:00,36.34,36.38,36.25,36.34,135117
1287,2023-09-21 08:40:00,36.3,36.37,36.26,36.34,312620
1288,2023-09-21 08:35:00,36.25,36.35,36.25,36.3,186269
1289,2023-09-21 08:30:00,36.49,36.505,36.21,36.26,432407
1290,2023-09-21 08:25:00,36.45,36.51,36.43,36.49,159006
1291,2023-09-21 08:20:00,36.459,36.48,36.42,36.448,153265
1292,2023-09-21 08:15:00,36.52,36.528,36.45,36.459,92225
1293,2023-09-21 08:10:00,36.49,36.56,36.47,36.508,73163
1294,2023-09-21 08:05:00,36.54,36.58,36.47,36.49,169751
1295,2023-09-21 08:00:00,36.95,37.44,36.49,36.535,860255
1296,2023-09-21 07:55:00,36.56,36.56,36.49,36.52,97563
1297,2023-09-21 07:50:00,36.6,36.61,36.53,36.55,47074
1298,2023-09-21 07:45:00,36.63,36.65,36.59,36.61,58105
1299,2023-09-21 07:40:00,36.59,36.63,36.57,36.63,28493
1300,2023-09-21 07:35:00,36.58,36.64,36.56,36.59,36435
1301,2023-09-21 07:30:00,36.58,36.59,36.55,36.58,24289
1302,2023-09-21 07:25:00,36.57,36.61,36.55,36.58,39324
1303,2023-09-21 07:20:00,36.58,36.6,36.54,36.57,83897
1304,2023-09-21 07:15:00,36.63,36.64,36.53,36.58,146679
1305,2023-09-21 07:10:00,36.71,36.74,36.54,36.63,123053
1306,2023-09-21 07:05:00,36.77,36.79,36.68,36.71,68057
1307,2023-09-21 07:00:00,36.84,36.9,36.76,36.76,99597
1308,2023-09-21 06:55:00,36.82,36.86,36.82,36.84,13543
1309,2023-09-21 06:50:00,36.8,36.83,36.75,36.82,37130
1310,2023-09-21 06:45:00,36.83,36.86,36.79,36.8,24710
1311,2023-09-21 06:40:00,36.84,36.85,36.81,36.84,11473
1312,2023-09-21 06:35:00,36.86,36.87,36.8,36.84,23554
1313,2023-09-21 06:30:00,36.88,36.9,36.85,36.87,12166
1314,2023-09-21 06:25:00,36.85,36.89,36.84,36.88,33989
1315,2023-09-21 06:20:00,36.87,36.9,36.84,36.85,11615
1316,2023-09-21 06:15:00,36.91,36.91,36.83,36.87,38733
1317,2023-09-21 06:10:00,36.88,36.92,36.84,36.91,33323
1318,2023-09-21 06:05:00,36.9,36.9,36.81,36.88,33872
1319,2023-09-21 06:00:00,36.93,36.95,36.89,36.9,18685
1320,2023-09-21 05:55:00,36.97,36.97,36.9,36.93,19951
1321,2023-09-21 05:50:00,36.99,37.0,36.95,36.97,16917
1322,2023-09-21 05:45:00,37.03,37.05,36.95,36.99,46007
1323,2023-09-21 05:40:00,37.05,37.07,37.02,37.04,23715
1324,2023-09-21 05:35:00,37.06,37.08,37.01,37.04,47689
1325,2023-09-21 05:30:00,37.08,37.11,37.03,37.06,13016
1326,2023-09-21 05:25:00,37.09,37.1,37.06,37.08,5836
1327,2023-09-21 05:20:00,37.02,37.09,37.01,37.09,7640
1328,2023-09-21 05:15:00,37.06,37.08,37.02,37.02,8805
1329,2023-09-21 05:10:00,37.08,37.08,37.03,37.07,14441
1330,2023-09-21 05:05:00,37.15,37.16,37.07,37.08,20439
1331,2023-09-21 05:00:00,37.05,37.16,37.05,37.15,15454
1332,2023-09-21 04:55:00,37.02,37.07,37.0,37.06,34133
1333,2023-09-21 04:50:00,37.08,37.09,37.02,37.02,26980
1334,2023-09-21 04:45:00,37.07,37.09,37.03,37.08,26492
1335,2023-09-21 04:40:00,37.04,37.07,37.0,37.06,32764
1336,2023-09-21 04:35:00,37.14,37.14,37.04,37.05,93207
1337,2023-09-21 04:30:00,37.23,37.25,37.14,37.14,25060
1338,2023-09-21 04:25:00,37.22,37.25,37.21,37.24,34858
1339,2023-09-21 04:20:00,37.23,37.25,37.19,37.22,84831
1340,2023-09-21 04:15:00,37.27,37.28,37.19,37.23,53669
1341,2023-09-21 04:10:00,37.37,37.39,37.28,37.28,31126
1342,2023-09-21 04:05:00,37.37,37.41,37.36,37.37,16857
1343,2023-09-21 04:00:00,37.33,37.43,37.0,37.36,58677
1344,2023-09-20 19:55:00,37.48,37.49,37.44,37.44,78157
1345,2023-09-20 19:50:00,37.49,37.5,37.44,37.485,22944
1346,2023-09-20 19:45:00,37.5,37.56,37.47,37.49,33391
1347,2023-09-20 19:40:00,37.55,37.56,37.49,37.51,55805
1348,2023-09-20 19:35:00,37.56,37.56,37.42,37.54,52292
1349,2023-09-20 19:30:00,37.58,37.58,37.55,37.56,15254
1350,2023-09-20 19:25:00,37.53,37.58,37.53,37.57,27350
1351,2023-09-20 19:20:00,37.53,37.53,37.51,37.53,29443
1352,2023-09-20 19:15:00,37.51,37.54,37.51,37.53,21333
1353,2023-09-20 19:10:00,37.51,37.52,37.49,37.51,77170
1354,2023-09-20 19:05:00,37.515,37.54,37.5,37.51,12778
1355,2023-09-20 19:00:00,37.55,37.55,37.49,37.51,25650
1356,2023-09-20 18:55:00,37.55,37.55,37.53,37.55,6769
1357,2023-09-20 18:50:00,37.54,37.55,37.53,37.55,11103
1358,2023-09-20 18:45:00,37.55,37.56,37.53,37.54,12330
1359,2023-09-20 18:40:00,37.53,37.56,37.52,37.55,133146
1360,2023-09-20 18:35:00,37.51,37.53,37.49,37.52,12854
1361,2023-09-20 18:30:00,37.53,37.57,37.499,37.52,84661
1362,2023-09-20 18:25:00,37.58,37.59,37.525,37.53,29050
1363,2023-09-20 18:20:00,37.58,37.6,37.57,37.58,8229
1364,2023-09-20 18:15:00,37.579,37.59,37.53,37.58,107171
1365,2023-09-20 18:10:00,37.68,37.7,37.55,37.57,58940
1366,2023-09-20 18:05:00,37.69,37.7,37.66,37.68,13032
1367,2023-09-20 18:00:00,37.63,37.71,37.63,37.695,50077
1368,2023-09-20 17:55:00,37.62,37.63,37.6,37.63,37154
1369,2023-09-20 17:50:00,37.61,37.62,37.6,37.62,38849
1370,2023-09-20 17:45:00,37.61,37.61,37.58,37.61,11272
1371,2023-09-20 17:40:00,37.59,37.61,37.58,37.58,19312
1372,2023-09-20 17:35:00,37.59,37.61,37.58,37.59,13846
1373,2023-09-20 17:30:00,37.59,37.59,37.58,37.59,33428
1374,2023-09-20 17:25:00,37.59,37.59,37.58,37.59,22132
1375,2023-09-20 17:20:00,37.59,37.59,37.58,37.585,22742
1376,2023-09-20 17:15:00,37.59,37.59,37.57,37.585,23468
1377,2023-09-20 17:10:00,37.61,37.61,37.58,37.59,18296
1378,2023-09-20 17:05:00,37.63,37.63,37.57,37.61,51829
1379,2023-09-20 17:00:00,37.61,37.62,37.6,37.62,24797
1380,2023-09-20 16:55:00,37.64,37.65,37.58,37.61,83209
1381,2023-09-20 16:50:00,37.635,37.635,37.6,37.63,45671
1382,2023-09-20 16:45:00,37.68,37.69,37.62,37.63,70123
1383,2023-09-20 16:40:00,37.7,37.7,37.67,37.67,64535
1384,2023-09-20 16:35:00,37.69,37.7,37.68,37.69,40466
1385,2023-09-20 16:30:00,37.68,37.7,37.67,37.69,34877
1386,2023-09-20 16:25:00,37.69,37.69,37.67,37.68,36116
1387,2023-09-20 16:20:00,37.69,37.71,37.68,37.689,51440
1388,2023-09-20 16:15:00,37.75,37.75,37.59,37.69,87478
1389,2023-09-20 16:10:00,37.57,37.62,37.56,37.6,144047
1390,2023-09-20 16:05:00,37.6,37.62,37.56,37.58,269798
1391,2023-09-20 16:00:00,37.73,37.78,37.57,37.61,1531153
1392,2023-09-20 15:55:00,37.955,38.02,37.7,37.73,3676661
1393,2023-09-20 15:50:00,38.05,38.1,37.94,37.95,2160023
1394,2023-09-20 15:45:00,37.98,38.07,37.92,38.045,1514017
1395,2023-09-20 15:40:00,38.01,38.109,37.94,37.976,1529854
1396,2023-09-20 15:35:00,38.12,38.19,37.971,38.01,1999915
1397,2023-09-20 15:30:00,38.51,38.55,38.09,38.125,2708004
1398,2023-09-20 15:25:00,38.49,38.605,38.395,38.505,1805358
1399,2023-09-20 15:20:00,38.345,38.5,38.33,38.485,1734263
1400,2023-09-20 15:15:00,38.5,38.575,38.28,38.35,2327070
1401,2023-09-20 15:10:00,38.72,38.795,38.47,38.51,1896349
1402,2023-09-20 15:05:00,38.89,38.985,38.69,38.73,2020927
1403,2023-09-20 15:00:00,38.89,39.05,38.8,38.9,1618544
1404,2023-09-20 14:55:00,38.89,39.17,38.8,38.9,1902813
1405,2023-09-20 14:50:00,38.97,39.1,38.815,38.9,2955150
1406,2023-09-20 14:45:00,39.29,39.34,38.95,38.98,2524022
1407,2023-09-20 14:40:00,39.359,39.42,39.07,39.28,2110249
1408,2023-09-20 14:35:00,39.26,39.54,39.211,39.361,2834602
1409,2023-09-20 14:30:00,39.12,39.565,39.01,39.25,4400085
1410,2023-09-20 14:25:00,39.185,39.289,39.11,39.12,1766751
1411,2023-09-20 14:20:00,39.03,39.2,38.95,39.18,1235966
1412,2023-09-20 14:15:00,38.935,39.105,38.87,39.03,1617532
1413,2023-09-20 14:10:00,38.92,39.069,38.82,38.933,1812954
1414,2023-09-20 14:05:00,38.97,39.13,38.765,38.915,3338860
1415,2023-09-20 14:00:00,39.37,39.39,38.77,38.961,5263175
1416,2023-09-20 13:55:00,39.429,39.47,39.38,39.39,469474
1417,2023-09-20 13:50:00,39.262,39.43,39.24,39.424,405259
1418,2023-09-20 13:45:00,39.29,39.29,39.23,39.26,322964
1419,2023-09-20 13:40:00,39.27,39.3,39.225,39.29,446062
1420,2023-09-20 13:35:00,39.35,39.375,39.25,39.27,397664
1421,2023-09-20 13:30:00,39.39,39.4,39.34,39.34,316814
1422,2023-09-20 13:25:00,39.435,39.45,39.38,39.39,262668
1423,2023-09-20 13:20:00,39.44,39.53,39.42,39.44,395009
1424,2023-09-20 13:15:00,39.39,39.459,39.35,39.435,297972
1425,2023-09-20 13:10:00,39.455,39.475,39.37,39.39,409951
1426,2023-09-20 13:05:00,39.45,39.51,39.39,39.455,384849
1427,2023-09-20 13:00:00,39.49,39.5,39.42,39.45,361361
1428,2023-09-20 12:55:00,39.44,39.51,39.42,39.495,371270
1429,2023-09-20 12:50:00,39.42,39.48,39.395,39.444,247917
1430,2023-09-20 12:45:00,39.45,39.47,39.39,39.425,368517
1431,2023-09-20 12:40:00,39.46,39.48,39.42,39.445,348848
1432,2023-09-20 12:35:00,39.459,39.49,39.41,39.465,470419
1433,2023-09-20 12:30:00,39.45,39.465,39.42,39.454,249079
1434,2023-09-20 12:25:00,39.351,39.459,39.31,39.449,442779
1435,2023-09-20 12:20:00,39.38,39.44,39.35,39.36,355288
1436,2023-09-20 12:15:00,39.44,39.45,39.38,39.39,381288
1437,2023-09-20 12:10:00,39.38,39.45,39.36,39.435,412722
1438,2023-09-20 12:05:00,39.37,39.415,39.34,39.38,399087
1439,2023-09-20 12:00:00,39.44,39.45,39.352,39.375,643991
1440,2023-09-20 11:55:00,39.391,39.45,39.37,39.445,443195
1441,2023-09-20 11:50:00,39.305,39.405,39.29,39.39,705628
1442,2023-09-20 11:45:00,39.17,39.305,39.155,39.305,636117
1443,2023-09-20 11:40:00,39.101,39.19,39.08,39.16,471143
1444,2023-09-20 11:35:00,39.19,39.23,39.1,39.1,578966
1445,2023-09-20 11:30:00,39.135,39.22,39.115,39.18,715091
1446,2023-09-20 11:25:00,39.13,39.16,39.09,39.14,713905
1447,2023-09-20 11:20:00,39.17,39.23,39.11,39.135,790458
1448,2023-09-20 11:15:00,39.31,39.335,39.17,39.176,650016
1449,2023-09-20 11:10:00,39.4,39.43,39.304,39.31,437082
1450,2023-09-20 11:05:00,39.29,39.42,39.26,39.4,756266
1451,2023-09-20 11:00:00,39.345,39.38,39.25,39.285,855224
1452,2023-09-20 10:55:00,39.41,39.48,39.29,39.35,842962
1453,2023-09-20 10:50:00,39.389,39.44,39.35,39.419,445753
1454,2023-09-20 10:45:00,39.533,39.565,39.38,39.385,718152
1455,2023-09-20 10:40:00,39.49,39.54,39.42,39.53,534210
1456,2023-09-20 10:35:00,39.52,39.555,39.44,39.49,800030
1457,2023-09-20 10:30:00,39.42,39.53,39.36,39.52,941636
1458,2023-09-20 10:25:00,39.425,39.48,39.33,39.427,642576
1459,2023-09-20 10:20:00,39.43,39.46,39.342,39.426,729451
1460,2023-09-20 10:15:00,39.41,39.475,39.34,39.43,939073
1461,2023-09-20 10:10:00,39.65,39.695,39.384,39.425,1279843
1462,2023-09-20 10:05:00,39.61,39.69,39.523,39.658,1034862
1463,2023-09-20 10:00:00,39.72,39.785,39.6,39.6,1226495
1464,2023-09-20 09:55:00,39.81,39.9,39.68,39.72,1234478
1465,2023-09-20 09:50:00,39.759,39.85,39.684,39.81,1092266
1466,2023-09-20 09:45:00,39.76,39.88,39.725,39.76,987226
1467,2023-09-20 09:40:00,39.735,39.86,39.68,39.751,1403207
1468,2023-09-20 09:35:00,39.547,39.73,39.547,39.73,1776340
1469,2023-09-20 09:30:00,39.77,39.77,39.438,39.55,2284341
1470,2023-09-20 09:25:00,39.82,39.82,39.75,39.77,99029
1471,2023-09-20 09:20:00,39.84,39.85,39.81,39.82,56032
1472,2023-09-20 09:15:00,39.89,39.89,39.839,39.85,75129
1473,2023-09-20 09:10:00,39.9,39.91,39.87,39.89,141199
1474,2023-09-20 09:05:00,39.88,39.9,39.868,39.9,171263
1475,2023-09-20 09:00:00,39.86,39.898,39.84,39.88,94298
1476,2023-09-20 08:55:00,39.81,39.87,39.79,39.86,90257
1477,2023-09-20 08:50:00,39.78,39.82,39.78,39.82,57311
1478,2023-09-20 08:45:00,39.73,39.79,39.72,39.78,103616
1479,2023-09-20 08:40:00,39.65,39.73,39.62,39.73,71639
1480,2023-09-20 08:35:00,39.7,39.7,39.64,39.65,39593
1481,2023-09-20 08:30:00,39.72,39.72,39.67,39.7,63231
1482,2023-09-20 08:25:00,39.76,39.76,39.7,39.71,37186
1483,2023-09-20 08:20:00,39.731,39.77,39.715,39.75,150978
1484,2023-09-20 08:15:00,39.64,39.74,39.63,39.73,54101
1485,2023-09-20 08:10:00,39.69,39.69,39.62,39.64,43941
1486,2023-09-20 08:05:00,39.67,39.7,39.66,39.685,39872
1487,2023-09-20 08:00:00,39.66,39.715,39.17,39.67,275012
1488,2023-09-20 07:55:00,39.64,39.68,39.64,39.65,7932
1489,2023-09-20 07:50:00,39.67,39.68,39.63,39.63,2762
1490,2023-09-20 07:45:00,39.67,39.68,39.65,39.68,15421
1491,2023-09-20 07:40:00,39.69,39.7,39.66,39.67,5626
1492,2023-09-20 07:35:00,39.61,39.69,39.61,39.67,18652
1493,2023-09-20 07:30:00,39.59,39.61,39.59,39.61,38103
1494,2023-09-20 07:25:00,39.66,39.66,39.58,39.58,31279
1495,2023-09-20 07:20:00,39.69,39.73,39.66,39.66,27593
1496,2023-09-20 07:15:00,39.67,39.69,39.67,39.69,9105
1497,2023-09-20 07:10:00,39.66,39.7,39.66,39.66,18778
1498,2023-09-20 07:05:00,39.65,39.68,39.65,39.67,3318
1499,2023-09-20 07:00:00,39.65,39.67,39.64,39.65,35627
1500,2023-09-20 06:55:00,39.61,39.66,39.61,39.66,12107
1501,2023-09-20 06:50:00,39.61,39.63,39.6,39.61,5150
1502,2023-09-20 06:45:00,39.63,39.64,39.55,39.57,8554
1503,2023-09-20 06:40:00,39.62,39.64,39.6,39.63,10108
1504,2023-09-20 06:35:00,39.59,39.61,39.58,39.61,2568
1505,2023-09-20 06:30:00,39.61,39.61,39.55,39.58,12449
1506,2023-09-20 06:25:00,39.63,39.65,39.6,39.6,8287
1507,2023-09-20 06:20:00,39.63,39.66,39.62,39.64,4511
1508,2023-09-20 06:15:00,39.67,39.68,39.62,39.63,4921
1509,2023-09-20 06:10:00,39.63,39.67,39.62,39.67,9213
1510,2023-09-20 06:05:00,39.64,39.66,39.62,39.63,8318
1511,2023-09-20 06:00:00,39.69,39.69,39.62,39.64,4481
1512,2023-09-20 05:55:00,39.65,39.7,39.65,39.7,10833
1513,2023-09-20 05:50:00,39.63,39.66,39.63,39.66,2683
1514,2023-09-20 05:45:00,39.65,39.66,39.63,39.63,3160
1515,2023-09-20 05:40:00,39.63,39.64,39.62,39.64,3896
1516,2023-09-20 05:35:00,39.64,39.66,39.63,39.63,3475
1517,2023-09-20 05:30:00,39.61,39.65,39.6,39.64,5017
1518,2023-09-20 05:25:00,39.64,39.64,39.6,39.61,4870
1519,2023-09-20 05:20:00,39.63,39.64,39.6,39.64,9445
1520,2023-09-20 05:15:00,39.61,39.64,39.6,39.63,3047
1521,2023-09-20 05:10:00,39.62,39.64,39.6,39.6,4317
1522,2023-09-20 05:05:00,39.69,39.69,39.62,39.62,15716
1523,2023-09-20 05:00:00,39.66,39.71,39.66,39.7,19149
1524,2023-09-20 04:55:00,39.64,39.66,39.64,39.66,11568
1525,2023-09-20 04:50:00,39.63,39.64,39.62,39.64,15115
1526,2023-09-20 04:45:00,39.63,39.67,39.63,39.63,14170
1527,2023-09-20 04:40:00,39.6,39.63,39.59,39.63,7058
1528,2023-09-20 04:35:00,39.6,39.61,39.57,39.6,31045
1529,2023-09-20 04:30:00,39.55,39.6,39.54,39.6,5757
1530,2023-09-20 04:25:00,39.57,39.58,39.53,39.54,22749
1531,2023-09-20 04:20:00,39.51,39.57,39.5,39.57,9082
1532,2023-09-20 04:15:00,39.41,39.51,39.4,39.5,12503
1533,2023-09-20 04:10:00,39.4,39.44,39.4,39.4,8384
1534,2023-09-20 04:05:00,39.38,39.43,39.37,39.41,23253
1535,2023-09-20 04:00:00,39.5,39.63,39.37,39.37,25562
1536,2023-09-19 19:55:00,39.471,39.502,39.471,39.501,64116
1537,2023-09-19 19:50:00,39.491,39.502,39.471,39.481,17848
1538,2023-09-19 19:45:00,39.501,39.502,39.471,39.491,7749
1539,2023-09-19 19:40:00,39.472,39.512,39.471,39.511,18486
1540,2023-09-19 19:35:00,39.481,39.492,39.471,39.471,4646
1541,2023-09-19 19:30:00,39.481,39.482,39.471,39.481,5451
1542,2023-09-19 19:25:00,39.481,39.492,39.471,39.471,1786
1543,2023-09-19 19:20:00,39.452,39.482,39.451,39.481,4172
1544,2023-09-19 19:15:00,39.452,39.482,39.451,39.461,37294
1545,2023-09-19 19:10:00,39.461,39.462,39.431,39.451,10427
1546,2023-09-19 19:05:00,39.452,39.472,39.441,39.461,5231
1547,2023-09-19 19:00:00,39.461,39.492,39.441,39.451,8718
1548,2023-09-19 18:55:00,39.461,39.462,39.451,39.451,3029
1549,2023-09-19 18:50:00,39.461,39.462,39.451,39.451,1886
1550,2023-09-19 18:45:00,39.452,39.462,39.451,39.461,3361
1551,2023-09-19 18:40:00,39.452,39.462,39.441,39.456,5819
1552,2023-09-19 18:35:00,39.461,39.472,39.451,39.451,3185
1553,2023-09-19 18:30:00,39.471,39.482,39.461,39.461,4447
1554,2023-09-19 18:25:00,39.491,39.492,39.471,39.471,4903
1555,2023-09-19 18:20:00,39.501,39.512,39.491,39.491,4382
1556,2023-09-19 18:15:00,39.511,39.512,39.491,39.501,19972
1557,2023-09-19 18:10:00,39.501,39.512,39.481,39.511,8513
1558,2023-09-19 18:05:00,39.491,39.502,39.471,39.501,10814
1559,2023-09-19 18:00:00,39.471,39.492,39.451,39.481,18012
1560,2023-09-19 17:55:00,39.471,39.482,39.461,39.481,11159
1561,2023-09-19 17:50:00,39.481,39.482,39.471,39.481,7578
1562,2023-09-19 17:45:00,39.481,39.492,39.471,39.471,974
1563,2023-09-19 17:40:00,39.491,39.492,39.481,39.491,11717
1564,2023-09-19 17:35:00,39.481,39.492,39.471,39.481,7210
1565,2023-09-19 17:30:00,39.471,39.482,39.461,39.471,13060
1566,2023-09-19 17:25:00,39.476,39.482,39.461,39.461,23948
1567,2023-09-19 17:20:00,39.471,39.482,39.471,39.479,6595
1568,2023-09-19 17:15:00,39.481,39.482,39.471,39.481,5113
1569,2023-09-19 17:10:00,39.481,39.482,39.471,39.471,2557
1570,2023-09-19 17:05:00,39.481,39.482,39.471,39.481,7594
1571,2023-09-19 17:00:00,39.491,39.492,39.471,39.471,24342
1572,2023-09-19 16:55:00,39.471,39.492,39.471,39.481,9478
1573,2023-09-19 16:50:00,39.501,39.502,39.471,39.481,23980
1574,2023-09-19 16:45:00,39.476,39.502,39.471,39.491,59875
1575,2023-09-19 16:40:00,39.471,39.482,39.471,39.476,54884
1576,2023-09-19 16:35:00,39.481,39.487,39.471,39.481,28536
1577,2023-09-19 16:30:00,39.481,39.492,39.461,39.471,85534
1578,2023-09-19 16:25:00,39.486,39.492,39.471,39.491,85615
1579,2023-09-19 16:20:00,39.481,39.492,39.471,39.486,91890
1580,2023-09-19 16:15:00,39.511,39.512,39.461,39.491,46736
1581,2023-09-19 16:10:00,39.486,39.522,39.471,39.511,108348
1582,2023-09-19 16:05:00,39.471,39.502,39.471,39.481,112536
1583,2023-09-19 16:00:00,39.452,39.542,39.442,39.471,394650
1584,2023-09-19 15:55:00,39.452,39.512,39.396,39.451,1270215
1585,2023-09-19 15:50:00,39.491,39.522,39.411,39.442,1013542
1586,2023-09-19 15:45:00,39.461,39.552,39.461,39.491,920615
1587,2023-09-19 15:40:00,39.332,39.478,39.327,39.463,838241
1588,2023-09-19 15:35:00,39.332,39.392,39.286,39.337,587383
1589,2023-09-19 15:30:00,39.332,39.352,39.262,39.331,694779
1590,2023-09-19 15:25:00,39.247,39.372,39.247,39.322,704130
1591,2023-09-19 15:20:00,39.222,39.269,39.166,39.242,544299
1592,2023-09-19 15:15:00,39.192,39.252,39.152,39.221,443413
1593,2023-09-19 15:10:00,39.222,39.273,39.143,39.192,529243
1594,2023-09-19 15:05:00,39.266,39.302,39.212,39.212,297306
1595,2023-09-19 15:00:00,39.222,39.312,39.177,39.272,708980
1596,2023-09-19 14:55:00,39.396,39.412,39.222,39.222,736572
1597,2023-09-19 14:50:00,39.481,39.502,39.331,39.391,1071758
1598,2023-09-19 14:45:00,39.576,39.591,39.446,39.482,932890
1599,2023-09-19 14:40:00,39.616,39.651,39.561,39.571,637150
1600,2023-09-19 14:35:00,39.461,39.686,39.456,39.615,2121576
1601,2023-09-19 14:30:00,39.342,39.462,39.322,39.456,333254
1602,2023-09-19 14:25:00,39.392,39.452,39.322,39.332,398366
1603,2023-09-19 14:20:00,39.422,39.462,39.371,39.391,458694
1604,2023-09-19 14:15:00,39.369,39.431,39.322,39.418,839540
1605,2023-09-19 14:10:00,39.392,39.429,39.345,39.366,882653
1606,2023-09-19 14:05:00,39.441,39.447,39.371,39.381,607267
1607,2023-09-19 14:00:00,39.422,39.502,39.371,39.436,868980
1608,2023-09-19 13:55:00,39.452,39.456,39.385,39.416,544924
1609,2023-09-19 13:50:00,39.402,39.472,39.341,39.456,894898
1610,2023-09-19 13:45:00,39.212,39.462,39.212,39.401,1529029
1611,2023-09-19 13:40:00,39.173,39.228,39.142,39.212,621686
1612,2023-09-19 13:35:00,39.133,39.193,39.102,39.172,410733
1613,2023-09-19 13:30:00,39.033,39.183,39.023,39.138,874875
1614,2023-09-19 13:25:00,39.087,39.103,38.993,39.032,610817
1615,2023-09-19 13:20:00,39.103,39.143,39.067,39.087,688040
1616,2023-09-19 13:15:00,39.033,39.129,39.003,39.093,643656
1617,2023-09-19 13:10:00,39.023,39.073,38.993,39.038,888819
1618,2023-09-19 13:05:00,38.993,39.033,38.963,39.028,799415
1619,2023-09-19 13:00:00,38.884,38.994,38.843,38.987,921295
1620,2023-09-19 12:55:00,38.804,38.914,38.778,38.886,894738
1621,2023-09-19 12:50:00,38.674,38.81,38.664,38.799,697329
1622,2023-09-19 12:45:00,38.664,38.7,38.574,38.673,785579
1623,2023-09-19 12:40:00,38.634,38.734,38.622,38.669,496729
1624,2023-09-19 12:35:00,38.714,38.744,38.634,38.644,433643
1625,2023-09-19 12:30:00,38.734,38.76,38.694,38.709,381537
1626,2023-09-19 12:25:00,38.724,38.794,38.714,38.734,359494
1627,2023-09-19 12:20:00,38.773,38.779,38.714,38.724,378836
1628,2023-09-19 12:15:00,38.722,38.794,38.704,38.768,687314
1629,2023-09-19 12:10:00,38.629,38.744,38.604,38.714,634956
1630,2023-09-19 12:05:00,38.644,38.665,38.544,38.626,821030
1631,2023-09-19 12:00:00,38.799,38.799,38.634,38.643,525518
1632,2023-09-19 11:55:00,38.664,38.814,38.644,38.794,778226
1633,2023-09-19 11:50:00,38.684,38.724,38.614,38.669,604912
1634,2023-09-19 11:45:00,38.709,38.744,38.634,38.689,620107
1635,2023-09-19 11:40:00,38.784,38.814,38.684,38.709,517715
1636,2023-09-19 11:35:00,38.784,38.824,38.734,38.783,566164
1637,2023-09-19 11:30:00,38.714,38.804,38.664,38.793,765588
1638,2023-09-19 11:25:00,38.609,38.734,38.604,38.716,1023872
1639,2023-09-19 11:20:00,38.61,38.655,38.574,38.609,433940
1640,2023-09-19 11:15:00,38.67,38.685,38.549,38.604,861136
1641,2023-09-19 11:10:00,38.644,38.675,38.594,38.669,575534
1642,2023-09-19 11:05:00,38.585,38.655,38.544,38.644,754647
1643,2023-09-19 11:00:00,38.497,38.625,38.484,38.584,895959
1644,2023-09-19 10:55:00,38.54,38.571,38.475,38.5,793386
1645,2023-09-19 10:50:00,38.595,38.605,38.475,38.534,991335
1646,2023-09-19 10:45:00,38.585,38.663,38.564,38.599,799341
1647,2023-09-19 10:40:00,38.505,38.621,38.465,38.584,1452032
1648,2023-09-19 10:35:00,38.714,38.76,38.499,38.504,1914802
1649,2023-09-19 10:30:00,38.864,38.874,38.694,38.714,714891
1650,2023-09-19 10:25:00,38.943,38.989,38.773,38.868,1335723
1651,2023-09-19 10:20:00,38.918,38.959,38.863,38.943,938644
1652,2023-09-19 10:15:00,38.744,38.944,38.694,38.923,2019906
1653,2023-09-19 10:10:00,38.714,38.799,38.714,38.734,1388403
1654,2023-09-19 10:05:00,38.684,38.78,38.674,38.723,1300610
1655,2023-09-19 10:00:00,38.884,38.913,38.647,38.684,2294854
1656,2023-09-19 09:55:00,39.052,39.068,38.873,38.877,1396203
1657,2023-09-19 09:50:00,39.202,39.208,38.953,39.042,2267606
1658,2023-09-19 09:45:00,39.242,39.402,39.132,39.202,1511871
1659,2023-09-19 09:40:00,39.207,39.422,39.172,39.249,1815153
1660,2023-09-19 09:35:00,39.272,39.313,39.135,39.202,1188888
1661,2023-09-19 09:30:00,39.272,39.293,39.033,39.272,2566490
1662,2023-09-19 09:25:00,39.312,39.317,39.192,39.272,166731
1663,2023-09-19 09:20:00,39.252,39.342,39.242,39.312,208875
1664,2023-09-19 09:15:00,39.332,39.342,39.222,39.262,241352
1665,2023-09-19 09:10:00,39.342,39.362,39.312,39.331,181916
1666,2023-09-19 09:05:00,39.387,39.392,39.319,39.351,292701
1667,2023-09-19 09:00:00,39.501,39.542,39.371,39.381,162282
1668,2023-09-19 08:55:00,39.581,39.582,39.491,39.511,95445
1669,2023-09-19 08:50:00,39.571,39.601,39.531,39.581,58602
1670,2023-09-19 08:45:00,39.511,39.591,39.486,39.571,128426
1671,2023-09-19 08:40:00,39.631,39.641,39.501,39.511,100622
1672,2023-09-19 08:35:00,39.671,39.671,39.581,39.63,142749
1673,2023-09-19 08:30:00,39.741,39.751,39.63,39.67,75902
1674,2023-09-19 08:25:00,39.701,39.741,39.69,39.73,38976
1675,2023-09-19 08:20:00,39.691,39.711,39.67,39.7,58596
1676,2023-09-19 08:15:00,39.79,39.809,39.68,39.7,54897
1677,2023-09-19 08:10:00,39.78,39.821,39.74,39.8,30775
1678,2023-09-19 08:05:00,39.79,39.801,39.77,39.78,14885
1679,2023-09-19 08:00:00,39.83,39.96,39.491,39.78,414950
1680,2023-09-19 07:55:00,39.83,39.841,39.8,39.84,5719
1681,2023-09-19 07:50:00,39.81,39.841,39.8,39.83,10711
1682,2023-09-19 07:45:00,39.8,39.821,39.76,39.81,31501
1683,2023-09-19 07:40:00,39.86,39.861,39.8,39.81,18391
1684,2023-09-19 07:35:00,39.92,39.92,39.86,39.86,14041
1685,2023-09-19 07:30:00,39.96,39.96,39.899,39.919,31376
1686,2023-09-19 07:25:00,39.91,39.95,39.89,39.949,12221
1687,2023-09-19 07:20:00,39.86,39.919,39.86,39.909,17012
1688,2023-09-19 07:15:00,39.84,39.871,39.84,39.85,37894
1689,2023-09-19 07:10:00,39.87,39.89,39.85,39.85,27459
1690,2023-09-19 07:05:00,39.85,39.89,39.84,39.87,8062
1691,2023-09-19 07:00:00,39.86,39.861,39.82,39.84,13400
1692,2023-09-19 06:55:00,39.87,39.871,39.85,39.85,1688
1693,2023-09-19 06:50:00,39.88,39.9,39.87,39.87,5408
1694,2023-09-19 06:45:00,39.92,39.93,39.88,39.88,524
1695,2023-09-19 06:40:00,39.9,39.93,39.899,39.929,3321
1696,2023-09-19 06:35:00,39.89,39.91,39.88,39.899,920
1697,2023-09-19 06:30:00,39.85,39.89,39.84,39.89,2495
1698,2023-09-19 06:25:00,39.9,39.9,39.85,39.85,2666
1699,2023-09-19 06:20:00,39.9,39.9,39.87,39.899,2472
1700,2023-09-19 06:15:00,39.89,39.92,39.89,39.899,613
1701,2023-09-19 06:10:00,39.88,39.91,39.88,39.899,8644
1702,2023-09-19 06:05:00,39.88,39.89,39.86,39.88,2929
1703,2023-09-19 06:00:00,39.9,39.9,39.87,39.88,5073
1704,2023-09-19 05:55:00,39.9,39.91,39.88,39.909,1202
1705,2023-09-19 05:50:00,39.91,39.91,39.899,39.899,1230
1706,2023-09-19 05:45:00,39.92,39.92,39.899,39.899,1361
1707,2023-09-19 05:40:00,39.93,39.93,39.909,39.919,3027
1708,2023-09-19 05:35:00,39.92,39.93,39.89,39.919,7777
1709,2023-09-19 05:30:00,39.93,39.93,39.909,39.919,6218
1710,2023-09-19 05:25:00,39.85,39.93,39.84,39.929,11917
1711,2023-09-19 05:20:00,39.83,39.851,39.81,39.84,4199
1712,2023-09-19 05:15:00,39.77,39.841,39.77,39.83,3198
1713,2023-09-19 05:10:00,39.8,39.801,39.77,39.78,629
1714,2023-09-19 05:05:00,39.82,39.821,39.78,39.8,2629
1715,2023-09-19 05:00:00,39.84,39.851,39.8,39.82,1513
1716,2023-09-19 04:55:00,39.85,39.861,39.84,39.84,2388
1717,2023-09-19 04:50:00,39.86,39.88,39.84,39.86,4287
1718,2023-09-19 04:45:00,39.83,39.861,39.82,39.86,5196
1719,2023-09-19 04:40:00,39.84,39.841,39.81,39.83,2807
1720,2023-09-19 04:35:00,39.84,39.851,39.83,39.84,4619
1721,2023-09-19 04:30:00,39.84,39.851,39.82,39.85,7651
1722,2023-09-19 04:25:00,39.84,39.861,39.82,39.83,8165
1723,2023-09-19 04:20:00,39.82,39.871,39.81,39.84,8517
1724,2023-09-19 04:15:00,39.88,39.88,39.81,39.82,16177
1725,2023-09-19 04:10:00,39.85,39.91,39.84,39.87,40600
1726,2023-09-19 04:05:00,39.82,39.851,39.81,39.84,27733
1727,2023-09-19 04:00:00,39.8,39.851,39.79,39.82,50026
1728,2023-09-18 19:55:00,39.78,39.806,39.78,39.8,18955
1729,2023-09-18 19:50:00,39.81,39.811,39.78,39.78,12837
1730,2023-09-18 19:45:00,39.79,39.811,39.79,39.81,11184
1731,2023-09-18 19:40:00,39.78,39.811,39.78,39.8,14003
1732,2023-09-18 19:35:00,39.77,39.791,39.77,39.78,6310
1733,2023-09-18 19:30:00,39.8,39.801,39.77,39.78,8399
1734,2023-09-18 19:25:00,39.805,39.811,39.79,39.8,5303
1735,2023-09-18 19:20:00,39.8,39.811,39.79,39.805,838
1736,2023-09-18 19:15:00,39.81,39.811,39.799,39.8,311
1737,2023-09-18 19:10:00,39.81,39.811,39.79,39.8,4505
1738,2023-09-18 19:05:00,39.82,39.821,39.8,39.8,6273
1739,2023-09-18 19:00:00,39.81,39.831,39.81,39.82,3118
1740,2023-09-18 18:55:00,39.81,39.821,39.81,39.82,3949
1741,2023-09-18 18:50:00,39.81,39.811,39.8,39.8,679
1742,2023-09-18 18:45:00,39.82,39.821,39.81,39.81,2746
1743,2023-09-18 18:40:00,39.81,39.821,39.8,39.8,2370
1744,2023-09-18 18:35:00,39.82,39.831,39.81,39.815,2070
1745,2023-09-18 18:30:00,39.82,39.841,39.82,39.825,1221
1746,2023-09-18 18:25:00,39.84,39.841,39.83,39.83,2034
1747,2023-09-18 18:20:00,39.83,39.841,39.82,39.835,5895
1748,2023-09-18 18:15:00,39.82,39.831,39.82,39.83,15780
1749,2023-09-18 18:10:00,39.81,39.831,39.81,39.82,1900
1750,2023-09-18 18:05:00,39.82,39.831,39.81,39.81,1383
1751,2023-09-18 18:00:00,39.79,39.831,39.77,39.83,5095
1752,2023-09-18 17:55:00,39.78,39.791,39.77,39.77,2773
1753,2023-09-18 17:50:00,39.78,39.791,39.77,39.79,1949
1754,2023-09-18 17:45:00,39.79,39.791,39.77,39.78,2775
1755,2023-09-18 17:40:00,39.78,39.791,39.77,39.79,1297
1756,2023-09-18 17:35:00,39.77,39.801,39.77,39.79,1467
1757,2023-09-18 17:30:00,39.78,39.781,39.77,39.78,2293
1758,2023-09-18 17:25:00,39.77,39.781,39.76,39.78,3865
1759,2023-09-18 17:20:00,39.77,39.781,39.76,39.77,6299
1760,2023-09-18 17:15:00,39.78,39.791,39.77,39.77,3192
1761,2023-09-18 17:10:00,39.8,39.801,39.77,39.79,1976
1762,2023-09-18 17:05:00,39.8,39.801,39.78,39.791,14201
1763,2023-09-18 17:00:00,39.8,39.811,39.78,39.8,3765
1764,2023-09-18 16:55:00,39.8,39.821,39.8,39.81,5852
1765,2023-09-18 16:50:00,39.819,39.821,39.799,39.81,4016
1766,2023-09-18 16:45:00,39.8,39.821,39.78,39.818,27432
1767,2023-09-18 16:40:00,39.8,39.831,39.8,39.81,8721
1768,2023-09-18 16:35:00,39.83,39.831,39.805,39.81,12419
1769,2023-09-18 16:30:00,39.82,39.841,39.805,39.84,12102
1770,2023-09-18 16:25:00,39.84,39.851,39.811,39.82,10652
1771,2023-09-18 16:20:00,39.82,39.841,39.81,39.84,25187
1772,2023-09-18 16:15:00,39.701,39.841,39.7,39.81,60357
1773,2023-09-18 16:10:00,39.81,39.851,39.79,39.84,52340
1774,2023-09-18 16:05:00,39.75,39.811,39.74,39.81,100957
1775,2023-09-18 16:00:00,39.721,39.781,39.7,39.75,777521
1776,2023-09-18 15:55:00,39.611,39.747,39.611,39.714,1725483
1777,2023-09-18 15:50:00,39.561,39.641,39.556,39.601,2477093
1778,2023-09-18 15:45:00,39.541,39.631,39.531,39.566,632221
1779,2023-09-18 15:40:00,39.516,39.611,39.511,39.545,729366
1780,2023-09-18 15:35:00,39.546,39.575,39.511,39.516,469111
1781,2023-09-18 15:30:00,39.651,39.651,39.541,39.551,584932
1782,2023-09-18 15:25:00,39.561,39.661,39.56,39.65,509602
1783,2023-09-18 15:20:00,39.661,39.661,39.541,39.557,497458
1784,2023-09-18 15:15:00,39.661,39.711,39.63,39.655,498798
1785,2023-09-18 15:10:00,39.651,39.681,39.611,39.655,402366
1786,2023-09-18 15:05:00,39.601,39.681,39.571,39.657,581958
1787,2023-09-18 15:00:00,39.576,39.611,39.531,39.596,604667
1788,2023-09-18 14:55:00,39.51,39.601,39.456,39.576,1075490
1789,2023-09-18 14:50:00,39.78,39.786,39.461,39.51,1028893
1790,2023-09-18 14:45:00,39.845,39.861,39.77,39.782,468370
1791,2023-09-18 14:40:00,39.85,39.866,39.81,39.83,306152
1792,2023-09-18 14:35:00,39.895,39.94,39.841,39.841,437467
1793,2023-09-18 14:30:00,39.85,39.915,39.82,39.89,482391
1794,2023-09-18 14:25:00,39.88,39.9,39.83,39.849,409801
1795,2023-09-18 14:20:00,39.901,39.935,39.87,39.889,241663
1796,2023-09-18 14:15:00,39.95,40.0,39.894,39.903,354956
1797,2023-09-18 14:10:00,39.937,39.95,39.884,39.944,279573
1798,2023-09-18 14:05:00,39.945,39.99,39.9,39.934,378622
1799,2023-09-18 14:00:00,39.89,39.976,39.87,39.944,384471
1800,2023-09-18 13:55:00,39.89,39.93,39.88,39.89,358780
1801,2023-09-18 13:50:00,39.949,39.99,39.87,39.88,430294
1802,2023-09-18 13:45:00,39.92,39.96,39.89,39.949,445899
1803,2023-09-18 13:40:00,39.96,39.97,39.899,39.914,338627
1804,2023-09-18 13:35:00,40.029,40.045,39.949,39.954,413239
1805,2023-09-18 13:30:00,39.94,40.03,39.934,40.028,379696
1806,2023-09-18 13:25:00,39.97,40.025,39.92,39.934,576392
1807,2023-09-18 13:20:00,39.85,39.97,39.85,39.964,529229
1808,2023-09-18 13:15:00,39.87,39.9,39.8,39.855,594436
1809,2023-09-18 13:10:00,39.87,39.898,39.83,39.87,327856
1810,2023-09-18 13:05:00,39.915,39.93,39.85,39.865,648728
1811,2023-09-18 13:00:00,39.885,39.99,39.885,39.909,470258
1812,2023-09-18 12:55:00,39.935,39.96,39.873,39.881,440312
1813,2023-09-18 12:50:00,40.03,40.047,39.929,39.934,361425
1814,2023-09-18 12:45:00,39.977,40.05,39.949,40.034,459287
1815,2023-09-18 12:40:00,40.01,40.05,39.963,39.974,325279
1816,2023-09-18 12:35:00,40.02,40.04,39.98,40.004,325424
1817,2023-09-18 12:30:00,40.0,40.08,39.969,40.009,670628
1818,2023-09-18 12:25:00,39.945,40.04,39.939,39.994,595965
1819,2023-09-18 12:20:00,39.945,39.98,39.89,39.949,434616
1820,2023-09-18 12:15:00,39.86,39.95,39.81,39.949,526184
1821,2023-09-18 12:10:00,39.87,39.88,39.823,39.857,417427
1822,2023-09-18 12:05:00,39.97,39.97,39.86,39.874,468379
1823,2023-09-18 12:00:00,39.98,40.01,39.939,39.966,463237
1824,2023-09-18 11:55:00,39.98,40.02,39.939,39.969,619950
1825,2023-09-18 11:50:00,39.915,39.99,39.899,39.974,571746
1826,2023-09-18 11:45:00,39.93,39.96,39.86,39.909,614047
1827,2023-09-18 11:40:00,39.834,39.98,39.82,39.924,711102
1828,2023-09-18 11:35:00,39.881,39.9,39.8,39.83,463057
1829,2023-09-18 11:30:00,39.79,39.95,39.765,39.884,1314029
1830,2023-09-18 11:25:00,39.77,39.801,39.73,39.79,544729
1831,2023-09-18 11:20:00,39.736,39.781,39.68,39.771,743086
1832,2023-09-18 11:15:00,39.636,39.776,39.611,39.739,584029
1833,2023-09-18 11:10:00,39.588,39.646,39.521,39.64,561299
1834,2023-09-18 11:05:00,39.681,39.732,39.571,39.585,730381
1835,2023-09-18 11:00:00,39.616,39.741,39.606,39.685,879221
1836,2023-09-18 10:55:00,39.481,39.666,39.441,39.615,889109
1837,2023-09-18 10:50:00,39.501,39.517,39.341,39.476,783304
1838,2023-09-18 10:45:00,39.491,39.562,39.471,39.501,815798
1839,2023-09-18 10:40:00,39.443,39.532,39.356,39.491,1084324
1840,2023-09-18 10:35:00,39.591,39.691,39.356,39.441,1256654
1841,2023-09-18 10:30:00,39.661,39.731,39.531,39.586,1233680
1842,2023-09-18 10:25:00,39.79,39.831,39.64,39.655,955328
1843,2023-09-18 10:20:00,39.837,39.926,39.7,39.79,999969
1844,2023-09-18 10:15:00,39.765,39.9,39.76,39.835,892563
1845,2023-09-18 10:10:00,39.77,39.915,39.7,39.755,1598758
1846,2023-09-18 10:05:00,39.631,39.771,39.511,39.766,1115256
1847,2023-09-18 10:00:00,39.681,39.749,39.561,39.635,925525
1848,2023-09-18 09:55:00,39.701,39.751,39.601,39.68,694286
1849,2023-09-18 09:50:00,39.67,39.841,39.65,39.695,1256267
1850,2023-09-18 09:45:00,39.591,39.69,39.381,39.67,1712597
1851,2023-09-18 09:40:00,39.691,39.761,39.461,39.59,1631613
1852,2023-09-18 09:35:00,39.681,39.896,39.67,39.69,2433534
1853,2023-09-18 09:30:00,39.292,39.701,39.192,39.68,2798982
1854,2023-09-18 09:25:00,39.322,39.342,39.25,39.292,98480
1855,2023-09-18 09:20:00,39.342,39.382,39.322,39.331,106892
1856,2023-09-18 09:15:00,39.282,39.377,39.282,39.341,39885
1857,2023-09-18 09:10:00,39.212,39.303,39.207,39.282,110176
1858,2023-09-18 09:05:00,39.292,39.352,39.202,39.217,80335
1859,2023-09-18 09:00:00,39.352,39.372,39.292,39.292,75837
1860,2023-09-18 08:55:00,39.292,40.523,39.292,39.351,110226
1861,2023-09-18 08:50:00,39.4,39.402,39.292,39.297,50442
1862,2023-09-18 08:45:00,39.332,39.432,39.322,39.401,74284
1863,2023-09-18 08:40:00,39.361,39.382,39.292,39.331,74004
1864,2023-09-18 08:35:00,39.322,39.392,39.282,39.351,47116
1865,2023-09-18 08:30:00,39.302,39.342,39.282,39.312,86022
1866,2023-09-18 08:25:00,39.332,39.352,39.302,39.312,65879
1867,2023-09-18 08:20:00,39.352,39.392,39.302,39.331,98519
1868,2023-09-18 08:15:00,39.212,39.362,39.212,39.351,377426
1869,2023-09-18 08:10:00,39.212,39.263,39.182,39.22,212523
1870,2023-09-18 08:05:00,39.262,39.263,39.142,39.212,115217
1871,2023-09-18 08:00:00,39.173,39.829,39.102,39.262,530543
1872,2023-09-18 07:55:00,39.123,39.193,39.122,39.172,104004
1873,2023-09-18 07:50:00,39.133,39.153,39.092,39.122,99996
1874,2023-09-18 07:45:00,39.222,39.223,39.132,39.132,93882
1875,2023-09-18 07:40:00,39.272,39.293,39.192,39.222,82085
1876,2023-09-18 07:35:00,39.362,39.372,39.262,39.262,62299
1877,2023-09-18 07:30:00,39.491,39.502,39.361,39.361,74982
1878,2023-09-18 07:25:00,39.521,39.542,39.481,39.501,24362
1879,2023-09-18 07:20:00,39.561,39.591,39.521,39.531,22165
1880,2023-09-18 07:15:00,39.551,39.591,39.541,39.571,36708
1881,2023-09-18 07:10:00,39.551,39.582,39.531,39.551,33155
1882,2023-09-18 07:05:00,39.681,39.681,39.551,39.551,54759
1883,2023-09-18 07:00:00,39.711,39.761,39.68,39.69,47443
1884,2023-09-18 06:55:00,39.741,39.761,39.7,39.71,7439
1885,2023-09-18 06:50:00,39.711,39.791,39.71,39.75,14363
1886,2023-09-18 06:45:00,39.691,39.731,39.69,39.7,5828
1887,2023-09-18 06:40:00,39.731,39.731,39.69,39.69,4998
1888,2023-09-18 06:35:00,39.78,39.791,39.71,39.72,4982
1889,2023-09-18 06:30:00,39.75,39.781,39.74,39.78,4862
1890,2023-09-18 06:25:00,39.731,39.751,39.73,39.75,5255
1891,2023-09-18 06:20:00,39.681,39.741,39.68,39.73,6212
1892,2023-09-18 06:15:00,39.671,39.701,39.64,39.69,12211
1893,2023-09-18 06:10:00,39.691,39.691,39.66,39.67,10922
1894,2023-09-18 06:05:00,39.731,39.731,39.7,39.7,8068
1895,2023-09-18 06:00:00,39.741,39.781,39.72,39.73,5788
1896,2023-09-18 05:55:00,39.75,39.761,39.74,39.74,3558
1897,2023-09-18 05:50:00,39.79,39.791,39.74,39.76,8891
1898,2023-09-18 05:45:00,39.77,39.801,39.76,39.79,3703
1899,2023-09-18 05:40:00,39.75,39.761,39.75,39.75,15559
1900,2023-09-18 05:35:00,39.77,39.771,39.74,39.74,3622
1901,2023-09-18 05:30:00,39.75,39.791,39.74,39.77,6160
1902,2023-09-18 05:25:00,39.75,39.751,39.73,39.73,1877
1903,2023-09-18 05:20:00,39.78,39.791,39.73,39.75,6872
1904,2023-09-18 05:15:00,39.77,39.801,39.77,39.78,4717
1905,2023-09-18 05:10:00,39.81,39.821,39.77,39.78,11335
1906,2023-09-18 05:05:00,39.741,39.811,39.74,39.81,6451
1907,2023-09-18 05:00:00,39.741,39.791,39.73,39.75,3992
1908,2023-09-18 04:55:00,39.79,39.791,39.72,39.73,8001
1909,2023-09-18 04:50:00,39.78,39.801,39.78,39.79,1680
1910,2023-09-18 04:45:00,39.77,39.781,39.75,39.77,4710
1911,2023-09-18 04:40:00,39.82,39.841,39.77,39.77,13936
1912,2023-09-18 04:35:00,39.76,39.821,39.74,39.82,18618
1913,2023-09-18 04:30:00,39.721,39.781,39.72,39.75,16931
1914,2023-09-18 04:25:00,39.731,39.751,39.72,39.73,5384
1915,2023-09-18 04:20:00,39.741,39.771,39.72,39.74,11601
1916,2023-09-18 04:15:00,39.79,39.811,39.72,39.74,23738
1917,2023-09-18 04:10:00,39.75,39.821,39.75,39.79,22802
1918,2023-09-18 04:05:00,39.75,39.761,39.7,39.76,27434
1919,2023-09-18 04:00:00,39.76,41.555,39.591,39.73,55267
1920,2023-09-15 19:55:00,39.521,39.532,39.491,39.491,23649
1921,2023-09-15 19:50:00,39.531,39.532,39.511,39.521,17262
1922,2023-09-15 19:45:00,39.521,39.532,39.521,39.531,9667
1923,2023-09-15 19:40:00,39.521,39.532,39.511,39.531,10428
1924,2023-09-15 19:35:00,39.531,39.542,39.521,39.521,11295
1925,2023-09-15 19:30:00,39.531,39.552,39.511,39.531,15309
1926,2023-09-15 19:25:00,39.526,39.532,39.521,39.531,4640
1927,2023-09-15 19:20:00,39.541,39.542,39.521,39.521,18499
1928,2023-09-15 19:15:00,39.531,39.542,39.521,39.536,5569
1929,2023-09-15 19:10:00,39.531,39.532,39.521,39.531,3076
1930,2023-09-15 19:05:00,39.53,39.542,39.521,39.531,6685
1931,2023-09-15 19:00:00,39.521,39.542,39.521,39.531,5293
1932,2023-09-15 18:55:00,39.541,39.542,39.521,39.541,3072
1933,2023-09-15 18:50:00,39.551,39.552,39.531,39.541,9345
1934,2023-09-15 18:45:00,39.551,39.552,39.541,39.551,5195
1935,2023-09-15 18:40:00,39.551,39.552,39.541,39.551,9869
1936,2023-09-15 18:35:00,39.551,39.562,39.551,39.551,5309
1937,2023-09-15 18:30:00,39.561,39.562,39.551,39.561,7093
1938,2023-09-15 18:25:00,39.561,39.562,39.551,39.561,12219
1939,2023-09-15 18:20:00,39.551,39.562,39.541,39.561,51257
1940,2023-09-15 18:15:00,39.551,39.552,39.541,39.551,5659
1941,2023-09-15 18:10:00,39.551,41.898,39.541,39.551,4784
1942,2023-09-15 18:05:00,39.543,39.562,39.543,39.546,7194
1943,2023-09-15 18:00:00,39.56,39.562,39.541,39.541,10525
1944,2023-09-15 17:55:00,39.561,39.562,39.541,39.561,10510
1945,2023-09-15 17:50:00,39.571,39.571,39.551,39.56,4696
1946,2023-09-15 17:45:00,39.571,39.572,39.551,39.571,3605
1947,2023-09-15 17:40:00,39.551,39.572,39.55,39.571,14245
1948,2023-09-15 17:35:00,39.561,39.562,39.541,39.551,10938
1949,2023-09-15 17:30:00,39.541,39.562,39.541,39.561,14022
1950,2023-09-15 17:25:00,39.551,39.562,39.541,39.551,6717
1951,2023-09-15 17:20:00,39.541,39.562,39.541,39.541,11046
1952,2023-09-15 17:15:00,39.521,39.542,39.511,39.541,4979
1953,2023-09-15 17:10:00,39.531,39.532,39.511,39.521,8842
1954,2023-09-15 17:05:00,39.541,39.552,39.511,39.531,6319
1955,2023-09-15 17:00:00,39.511,39.542,39.511,39.531,20955
1956,2023-09-15 16:55:00,39.551,39.562,39.501,39.511,46442
1957,2023-09-15 16:50:00,39.571,39.572,39.531,39.561,50699
1958,2023-09-15 16:45:00,39.561,39.582,39.561,39.571,13845
1959,2023-09-15 16:40:00,39.561,39.572,39.551,39.561,16886
1960,2023-09-15 16:35:00,39.586,39.591,39.551,39.561,20139
1961,2023-09-15 16:30:00,39.571,39.591,39.561,39.591,23839
1962,2023-09-15 16:25:00,39.561,39.572,39.546,39.571,33246
1963,2023-09-15 16:20:00,39.571,39.572,39.541,39.561,25062
1964,2023-09-15 16:15:00,39.611,39.621,39.541,39.581,44490
1965,2023-09-15 16:10:00,39.541,39.631,39.521,39.611,162849
1966,2023-09-15 16:05:00,39.521,39.552,39.491,39.541,201347
1967,2023-09-15 16:00:00,39.561,39.641,39.511,39.521,1286180
1968,2023-09-15 15:55:00,39.511,39.631,39.511,39.556,2417223
1969,2023-09-15 15:50:00,39.501,39.621,39.401,39.506,1889526
1970,2023-09-15 15:45:00,39.481,39.582,39.451,39.491,825541
1971,2023-09-15 15:40:00,39.511,39.562,39.471,39.481,546453
1972,2023-09-15 15:35:00,39.611,39.651,39.461,39.505,837887
1973,2023-09-15 15:30:00,39.631,39.741,39.581,39.611,1130532
1974,2023-09-15 15:25:00,39.512,39.657,39.496,39.625,895852
1975,2023-09-15 15:20:00,39.581,39.582,39.491,39.511,1045487
1976,2023-09-15 15:15:00,39.501,39.591,39.491,39.573,1175184
1977,2023-09-15 15:10:00,39.392,39.512,39.381,39.501,685942
1978,2023-09-15 15:05:00,39.362,39.422,39.312,39.391,650401
1979,2023-09-15 15:00:00,39.442,39.452,39.312,39.361,655190
1980,2023-09-15 14:55:00,39.332,39.467,39.312,39.441,802820
1981,2023-09-15 14:50:00,39.522,39.541,39.292,39.331,1394301
1982,2023-09-15 14:45:00,39.461,39.532,39.421,39.521,569616
1983,2023-09-15 14:40:00,39.491,39.522,39.421,39.466,410126
1984,2023-09-15 14:35:00,39.416,39.517,39.401,39.486,787307
1985,2023-09-15 14:30:00,39.362,39.432,39.322,39.418,646111
1986,2023-09-15 14:25:00,39.357,39.432,39.331,39.371,496907
1987,2023-09-15 14:20:00,39.452,39.472,39.341,39.356,693547
1988,2023-09-15 14:15:00,39.452,39.518,39.391,39.451,531264
1989,2023-09-15 14:10:00,39.476,39.57,39.446,39.452,647680
1990,2023-09-15 14:05:00,39.541,39.601,39.465,39.481,560551
1991,2023-09-15 14:00:00,39.601,39.611,39.481,39.541,735414
1992,2023-09-15 13:55:00,39.581,39.601,39.531,39.591,322033
1993,2023-09-15 13:50:00,39.601,39.631,39.521,39.581,433442
1994,2023-09-15 13:45:00,39.616,39.641,39.556,39.594,547378
1995,2023-09-15 13:40:00,39.571,39.661,39.491,39.62,1090538
1996,2023-09-15 13:35:00,39.486,39.562,39.451,39.561,801461
1997,2023-09-15 13:30:00,39.501,39.532,39.351,39.491,2441525
1998,2023-09-15 13:25:00,39.501,39.542,39.476,39.511,1102978
1999,2023-09-15 13:20:00,39.638,39.641,39.491,39.503,1275499
2000,2023-09-15 13:15:00,39.78,39.801,39.62,39.638,1505631
2001,2023-09-15 13:10:00,39.855,39.88,39.72,39.778,1351242
2002,2023-09-15 13:05:00,39.951,39.96,39.84,39.855,844305
2003,2023-09-15 13:00:00,40.134,40.145,39.949,39.959,689978
2004,2023-09-15 12:55:00,40.139,40.145,40.041,40.134,629634
2005,2023-09-15 12:50:00,40.113,40.179,40.103,40.139,858380
2006,2023-09-15 12:45:00,40.084,40.12,40.009,40.119,499862
2007,2023-09-15 12:40:00,40.094,40.14,40.039,40.088,795977
2008,2023-09-15 12:35:00,40.05,40.11,39.979,40.094,930784
2009,2023-09-15 12:30:00,39.93,40.06,39.892,40.054,1065966
2010,2023-09-15 12:25:00,39.98,40.01,39.899,39.929,503254
2011,2023-09-15 12:20:00,39.945,40.02,39.89,39.979,568768
2012,2023-09-15 12:15:00,39.94,39.96,39.839,39.949,523471
2013,2023-09-15 12:10:00,39.96,40.02,39.85,39.944,860083
2014,2023-09-15 12:05:00,40.0,40.029,39.939,39.959,611980
2015,2023-09-15 12:00:00,39.91,40.01,39.88,39.999,1180401
2016,2023-09-15 11:55:00,39.86,39.93,39.74,39.902,1058742
2017,2023-09-15 11:50:00,39.99,40.02,39.84,39.86,833569
2018,2023-09-15 11:45:00,39.96,40.01,39.86,39.979,854870
2019,2023-09-15 11:40:00,39.81,40.01,39.79,39.966,1234386
2020,2023-09-15 11:35:00,39.78,39.88,39.74,39.81,902872
2021,2023-09-15 11:30:00,39.88,39.95,39.782,39.783,1037929
2022,2023-09-15 11:25:00,39.83,39.9,39.76,39.89,956462
2023,2023-09-15 11:20:00,39.851,39.88,39.755,39.83,1249446
2024,2023-09-15 11:15:00,39.89,39.94,39.82,39.85,769864
2025,2023-09-15 11:10:00,39.943,40.04,39.89,39.89,1020562
2026,2023-09-15 11:05:00,39.875,39.98,39.855,39.949,1136011
2027,2023-09-15 11:00:00,39.83,39.92,39.8,39.87,1011555
2028,2023-09-15 10:55:00,39.911,40.0,39.82,39.824,1516757
2029,2023-09-15 10:50:00,40.234,40.239,39.87,39.91,2392248
2030,2023-09-15 10:45:00,40.249,40.359,40.149,40.238,1084154
2031,2023-09-15 10:40:00,40.413,40.428,40.228,40.248,1070878
2032,2023-09-15 10:35:00,40.438,40.488,40.378,40.403,894124
2033,2023-09-15 10:30:00,40.408,40.473,40.258,40.433,1166202
2034,2023-09-15 10:25:00,40.448,40.468,40.268,40.408,1177253
2035,2023-09-15 10:20:00,40.403,40.558,40.368,40.448,1312906
2036,2023-09-15 10:15:00,40.309,40.444,40.194,40.408,1673271
2037,2023-09-15 10:10:00,40.353,40.468,40.278,40.298,1252852
2038,2023-09-15 10:05:00,40.498,40.619,40.308,40.353,2195150
2039,2023-09-15 10:00:00,40.558,40.708,40.428,40.487,2509944
2040,2023-09-15 09:55:00,40.667,40.728,40.358,40.547,2343835
2041,2023-09-15 09:50:00,40.667,40.708,40.597,40.672,1477965
2042,2023-09-15 09:45:00,40.722,40.748,40.567,40.667,2013560
2043,2023-09-15 09:40:00,40.956,41.006,40.608,40.727,2012980
2044,2023-09-15 09:35:00,41.116,41.201,40.926,40.946,1527578
2045,2023-09-15 09:30:00,41.305,41.443,41.035,41.115,3011881
2046,2023-09-15 09:25:00,41.425,41.425,41.157,41.305,304416
2047,2023-09-15 09:20:00,41.375,41.465,41.364,41.434,138638
2048,2023-09-15 09:15:00,41.405,41.455,41.354,41.374,98777
2049,2023-09-15 09:10:00,41.435,41.435,41.374,41.414,76885
2050,2023-09-15 09:05:00,41.425,41.495,41.414,41.434,79371
2051,2023-09-15 09:00:00,41.395,41.455,41.374,41.444,75369
2052,2023-09-15 08:55:00,41.435,41.465,41.374,41.396,82132
2053,2023-09-15 08:50:00,41.519,41.525,41.384,41.424,132354
2054,2023-09-15 08:45:00,41.474,41.525,41.434,41.524,113621
2055,2023-09-15 08:40:00,41.445,41.505,41.424,41.474,80307
2056,2023-09-15 08:35:00,41.534,41.545,41.424,41.424,114375
2057,2023-09-15 08:30:00,41.634,41.644,41.534,41.544,124409
2058,2023-09-15 08:25:00,41.634,41.664,41.623,41.643,38031
2059,2023-09-15 08:20:00,41.743,41.744,41.623,41.633,81379
2060,2023-09-15 08:15:00,41.734,41.756,41.713,41.743,20215
2061,2023-09-15 08:10:00,41.743,41.794,41.723,41.733,54766
2062,2023-09-15 08:05:00,41.654,41.754,41.653,41.753,41085
2063,2023-09-15 08:00:00,41.773,42.143,41.576,41.662,674716
2064,2023-09-15 07:55:00,41.644,41.644,41.623,41.633,15512
2065,2023-09-15 07:50:00,41.684,41.684,41.623,41.633,43069
2066,2023-09-15 07:45:00,41.704,41.704,41.673,41.683,10228
2067,2023-09-15 07:40:00,41.714,41.734,41.703,41.703,15944
2068,2023-09-15 07:35:00,41.724,41.734,41.703,41.713,18440
2069,2023-09-15 07:30:00,41.704,41.744,41.673,41.733,7712
2070,2023-09-15 07:25:00,41.694,41.724,41.653,41.713,24880
2071,2023-09-15 07:20:00,41.734,41.754,41.683,41.683,7099
2072,2023-09-15 07:15:00,41.734,41.754,41.693,41.743,27184
2073,2023-09-15 07:10:00,41.753,41.784,41.733,41.733,35284
2074,2023-09-15 07:05:00,41.803,41.804,41.723,41.763,24344
2075,2023-09-15 07:00:00,41.773,41.804,41.763,41.803,29513
2076,2023-09-15 06:55:00,41.734,41.774,41.733,41.773,2720
2077,2023-09-15 06:50:00,41.763,41.774,41.743,41.743,8199
2078,2023-09-15 06:45:00,41.734,41.784,41.723,41.763,6883
2079,2023-09-15 06:40:00,41.724,41.744,41.713,41.733,5412
2080,2023-09-15 06:35:00,41.734,41.744,41.713,41.723,8790
2081,2023-09-15 06:30:00,41.714,41.754,41.683,41.743,6822
2082,2023-09-15 06:25:00,41.743,41.764,41.703,41.723,10985
2083,2023-09-15 06:20:00,41.714,41.734,41.703,41.733,15983
2084,2023-09-15 06:15:00,41.724,41.724,41.703,41.713,2260
2085,2023-09-15 06:10:00,41.684,41.734,41.673,41.733,4081
2086,2023-09-15 06:05:00,41.664,41.704,41.623,41.683,2576
2087,2023-09-15 06:00:00,41.684,41.684,41.643,41.653,5506
2088,2023-09-15 05:55:00,41.644,41.714,41.643,41.683,3473
2089,2023-09-15 05:50:00,41.624,41.654,41.603,41.653,3821
2090,2023-09-15 05:45:00,41.704,41.714,41.603,41.643,10396
2091,2023-09-15 05:40:00,41.724,41.724,41.703,41.703,5088
2092,2023-09-15 05:35:00,41.664,41.724,41.653,41.723,2762
2093,2023-09-15 05:30:00,41.634,41.664,41.613,41.653,8350
2094,2023-09-15 05:25:00,41.604,41.654,41.584,41.633,4428
2095,2023-09-15 05:20:00,41.584,41.624,41.574,41.594,5453
2096,2023-09-15 05:15:00,41.584,41.634,41.574,41.584,10791
2097,2023-09-15 05:10:00,41.714,41.724,41.584,41.584,20683
2098,2023-09-15 05:05:00,41.654,41.734,41.653,41.713,6125
2099,2023-09-15 05:00:00,41.664,41.674,41.613,41.653,9009
2100,2023-09-15 04:55:00,41.654,41.694,41.653,41.653,8435
2101,2023-09-15 04:50:00,41.704,41.734,41.633,41.663,9467
2102,2023-09-15 04:45:00,41.694,41.744,41.673,41.713,4445
2103,2023-09-15 04:40:00,41.724,41.744,41.693,41.703,5918
2104,2023-09-15 04:35:00,41.763,41.784,41.703,41.723,11722
2105,2023-09-15 04:30:00,41.734,41.774,41.723,41.763,10494
2106,2023-09-15 04:25:00,41.724,41.784,41.723,41.733,9001
2107,2023-09-15 04:20:00,41.724,41.774,41.723,41.733,11375
2108,2023-09-15 04:15:00,41.783,41.794,41.713,41.723,11116
2109,2023-09-15 04:10:00,41.823,41.824,41.763,41.783,9089
2110,2023-09-15 04:05:00,41.763,41.844,41.753,41.833,34160
2111,2023-09-15 04:00:00,41.823,41.864,41.733,41.753,73529
2112,2023-09-14 19:55:00,41.833,41.844,41.813,41.833,14601
2113,2023-09-14 19:50:00,41.813,41.844,41.813,41.833,17878
2114,2023-09-14 19:45:00,41.903,41.903,41.813,41.823,86971
2115,2023-09-14 19:40:00,41.863,41.913,41.853,41.912,62513
2116,2023-09-14 19:35:00,41.853,41.864,41.843,41.863,2006
2117,2023-09-14 19:30:00,41.863,41.864,41.843,41.843,7640
2118,2023-09-14 19:25:00,41.853,41.864,41.853,41.863,3209
2119,2023-09-14 19:20:00,41.873,41.883,41.853,41.858,86562
2120,2023-09-14 19:15:00,41.853,41.883,41.853,41.883,33034
2121,2023-09-14 19:10:00,41.853,41.874,41.853,41.863,71859
2122,2023-09-14 19:05:00,41.823,41.874,41.823,41.863,29183
2123,2023-09-14 19:00:00,41.813,41.824,41.793,41.803,16644
2124,2023-09-14 18:55:00,41.853,41.854,41.813,41.813,17391
2125,2023-09-14 18:50:00,41.853,41.864,41.853,41.853,4481
2126,2023-09-14 18:45:00,41.843,41.864,41.843,41.853,5649
2127,2023-09-14 18:40:00,41.833,41.854,41.823,41.843,6308
2128,2023-09-14 18:35:00,41.823,41.854,41.823,41.833,38344
2129,2023-09-14 18:30:00,41.853,41.854,41.813,41.823,12259
2130,2023-09-14 18:25:00,41.853,41.854,41.833,41.843,32845
2131,2023-09-14 18:20:00,41.813,41.854,41.803,41.833,20957
2132,2023-09-14 18:15:00,41.813,41.814,41.793,41.813,10971
2133,2023-09-14 18:10:00,41.823,41.834,41.793,41.813,9640
2134,2023-09-14 18:05:00,41.803,41.824,41.803,41.823,8070
2135,2023-09-14 18:00:00,41.823,41.824,41.773,41.823,30315
2136,2023-09-14 17:55:00,41.833,41.844,41.823,41.833,6376
2137,2023-09-14 17:50:00,41.853,41.854,41.823,41.843,6407
2138,2023-09-14 17:45:00,41.843,41.854,41.823,41.843,9754
2139,2023-09-14 17:40:00,41.863,41.874,41.843,41.843,13883
2140,2023-09-14 17:35:00,41.873,41.883,41.863,41.863,6294
2141,2023-09-14 17:30:00,41.853,41.913,41.853,41.883,15350
2142,2023-09-14 17:25:00,41.833,41.854,41.833,41.853,15210
2143,2023-09-14 17:20:00,41.823,41.854,41.813,41.853,17003
2144,2023-09-14 17:15:00,41.813,41.824,41.803,41.823,6112
2145,2023-09-14 17:10:00,41.823,41.824,41.803,41.803,20141
2146,2023-09-14 17:05:00,41.813,41.824,41.803,41.813,13745
2147,2023-09-14 17:00:00,41.813,41.824,41.793,41.813,25247
2148,2023-09-14 16:55:00,41.873,41.874,41.793,41.793,45639
2149,2023-09-14 16:50:00,41.883,41.884,41.868,41.873,33270
2150,2023-09-14 16:45:00,41.923,41.923,41.883,41.883,11486
2151,2023-09-14 16:40:00,41.898,41.933,41.892,41.922,22157
2152,2023-09-14 16:35:00,41.943,41.943,41.883,41.902,33072
2153,2023-09-14 16:30:00,41.933,41.963,41.932,41.932,27173
2154,2023-09-14 16:25:00,41.903,41.953,41.902,41.932,16546
2155,2023-09-14 16:20:00,41.923,41.933,41.902,41.902,43597
2156,2023-09-14 16:15:00,41.753,41.952,41.753,41.922,81405
2157,2023-09-14 16:10:00,41.893,41.934,41.883,41.932,84326
2158,2023-09-14 16:05:00,41.863,41.933,41.853,41.892,128388
2159,2023-09-14 16:00:00,41.763,41.874,41.743,41.853,904837
2160,2023-09-14 15:55:00,41.743,41.859,41.713,41.773,1556235
2161,2023-09-14 15:50:00,41.843,41.913,41.723,41.743,1800566
2162,2023-09-14 15:45:00,41.873,41.883,41.783,41.833,698857
2163,2023-09-14 15:40:00,41.823,41.883,41.808,41.878,417775
2164,2023-09-14 15:35:00,41.793,41.883,41.783,41.823,689731
2165,2023-09-14 15:30:00,41.813,41.829,41.746,41.8,659503
2166,2023-09-14 15:25:00,41.918,41.92,41.803,41.818,537349
2167,2023-09-14 15:20:00,41.988,41.998,41.912,41.922,381365
2168,2023-09-14 15:15:00,42.053,42.054,41.967,41.987,560788
2169,2023-09-14 15:10:00,42.037,42.093,42.032,42.052,633480
2170,2023-09-14 15:05:00,42.013,42.073,42.002,42.033,688634
2171,2023-09-14 15:00:00,41.882,42.013,41.878,42.012,764989
2172,2023-09-14 14:55:00,41.863,41.893,41.823,41.882,468424
2173,2023-09-14 14:50:00,41.863,41.864,41.803,41.853,436826
2174,2023-09-14 14:45:00,41.843,41.864,41.775,41.854,530901
2175,2023-09-14 14:40:00,41.763,41.853,41.704,41.833,699963
2176,2023-09-14 14:35:00,41.753,41.794,41.733,41.763,375339
2177,2023-09-14 14:30:00,41.674,41.763,41.613,41.743,856735
2178,2023-09-14 14:25:00,41.684,41.774,41.653,41.678,458749
2179,2023-09-14 14:20:00,41.714,41.824,41.678,41.678,688307
2180,2023-09-14 14:15:00,41.744,41.774,41.693,41.708,476782
2181,2023-09-14 14:10:00,41.758,41.804,41.718,41.743,395743
2182,2023-09-14 14:05:00,41.783,41.844,41.743,41.763,511736
2183,2023-09-14 14:00:00,41.824,41.863,41.763,41.789,368927
2184,2023-09-14 13:55:00,41.903,41.908,41.813,41.823,422068
2185,2023-09-14 13:50:00,41.908,41.963,41.863,41.903,494570
2186,2023-09-14 13:45:00,42.003,42.013,41.902,41.912,376741
2187,2023-09-14 13:40:00,42.013,42.023,41.922,42.002,480379
2188,2023-09-14 13:35:00,42.008,42.033,41.942,42.012,524697
2189,2023-09-14 13:30:00,41.923,42.033,41.922,42.012,508337
2190,2023-09-14 13:25:00,41.883,41.943,41.848,41.917,386482
2191,2023-09-14 13:20:00,41.928,42.008,41.873,41.888,672277
2192,2023-09-14 13:15:00,41.913,41.933,41.863,41.922,376467
2193,2023-09-14 13:10:00,41.893,41.953,41.874,41.91,446663
2194,2023-09-14 13:05:00,41.951,41.953,41.873,41.892,393010
2195,2023-09-14 13:00:00,42.013,42.013,41.913,41.946,573581
2196,2023-09-14 12:55:00,41.993,42.052,41.972,42.017,778913
2197,2023-09-14 12:50:00,41.856,42.003,41.844,41.997,962978
2198,2023-09-14 12:45:00,41.793,41.864,41.753,41.863,559915
2199,2023-09-14 12:40:00,41.724,41.794,41.718,41.793,450789
2200,2023-09-14 12:35:00,41.734,41.734,41.613,41.723,640696
2201,2023-09-14 12:30:00,41.734,41.841,41.713,41.733,597785
2202,2023-09-14 12:25:00,41.735,41.784,41.683,41.733,497864
2203,2023-09-14 12:20:00,41.863,41.883,41.738,41.738,650073
2204,2023-09-14 12:15:00,41.8,41.963,41.793,41.862,949337
2205,2023-09-14 12:10:00,41.67,41.804,41.653,41.803,631186
2206,2023-09-14 12:05:00,41.734,41.784,41.663,41.663,443531
2207,2023-09-14 12:00:00,41.817,41.844,41.703,41.741,768400
2208,2023-09-14 11:55:00,41.743,41.824,41.723,41.818,701408
2209,2023-09-14 11:50:00,41.601,41.754,41.59,41.746,957261
2210,2023-09-14 11:45:00,41.476,41.604,41.461,41.603,855285
2211,2023-09-14 11:40:00,41.569,41.585,41.404,41.474,1143499
2212,2023-09-14 11:35:00,41.654,41.714,41.568,41.569,952330
2213,2023-09-14 11:30:00,41.664,41.754,41.653,41.663,524278
2214,2023-09-14 11:25:00,41.773,41.793,41.663,41.673,565162
2215,2023-09-14 11:20:00,41.805,41.824,41.713,41.773,557434
2216,2023-09-14 11:15:00,41.833,41.854,41.743,41.808,777412
2217,2023-09-14 11:10:00,41.863,41.933,41.833,41.84,1369194
2218,2023-09-14 11:05:00,41.734,41.893,41.723,41.858,1449754
2219,2023-09-14 11:00:00,41.624,41.764,41.618,41.738,909238
2220,2023-09-14 10:55:00,41.674,41.714,41.594,41.623,935544
2221,2023-09-14 10:50:00,41.634,41.734,41.594,41.673,1351795
2222,2023-09-14 10:45:00,41.553,41.674,41.553,41.623,2124010
2223,2023-09-14 10:40:00,41.295,41.555,41.285,41.554,1779066
2224,2023-09-14 10:35:00,41.225,41.345,41.175,41.295,1405556
2225,2023-09-14 10:30:00,41.056,41.255,41.035,41.23,1850074
2226,2023-09-14 10:25:00,40.986,41.056,40.922,41.045,870124
2227,2023-09-14 10:20:00,40.713,41.006,40.657,40.981,1349777
2228,2023-09-14 10:15:00,40.901,40.948,40.667,40.707,1361584
2229,2023-09-14 10:10:00,40.872,40.977,40.707,40.906,1532515
2230,2023-09-14 10:05:00,40.847,40.987,40.826,40.866,1281386
2231,2023-09-14 10:00:00,41.066,41.096,40.836,40.851,1214048
2232,2023-09-14 09:55:00,40.886,41.056,40.697,41.055,2104986
2233,2023-09-14 09:50:00,41.086,41.136,40.826,40.886,2275233
2234,2023-09-14 09:45:00,41.27,41.305,41.07,41.095,1436329
2235,2023-09-14 09:40:00,41.265,41.375,41.125,41.266,1496335
2236,2023-09-14 09:35:00,41.166,41.335,41.055,41.262,1618439
2237,2023-09-14 09:30:00,41.355,41.495,41.095,41.165,2909745
2238,2023-09-14 09:25:00,41.365,41.395,41.265,41.344,326451
2239,2023-09-14 09:20:00,41.435,41.555,41.364,41.364,360515
2240,2023-09-14 09:15:00,41.395,41.457,41.364,41.424,214342
2241,2023-09-14 09:10:00,41.395,41.456,41.285,41.394,279705
2242,2023-09-14 09:05:00,41.355,41.495,41.344,41.384,294194
2243,2023-09-14 09:00:00,41.315,41.375,41.235,41.354,219099
2244,2023-09-14 08:55:00,41.375,41.395,41.235,41.315,177780
2245,2023-09-14 08:50:00,41.056,41.435,41.055,41.364,369262
2246,2023-09-14 08:45:00,41.156,41.186,41.045,41.065,171386
2247,2023-09-14 08:40:00,41.111,41.196,41.006,41.155,237647
2248,2023-09-14 08:35:00,41.151,41.156,40.946,41.105,469033
2249,2023-09-14 08:30:00,41.381,41.385,41.016,41.165,468399
2250,2023-09-14 08:25:00,41.32,41.425,41.315,41.354,51570
2251,2023-09-14 08:20:00,41.435,41.485,41.275,41.315,87742
2252,2023-09-14 08:15:00,41.325,41.495,41.245,41.414,179888
2253,2023-09-14 08:10:00,41.335,41.355,41.295,41.324,39886
2254,2023-09-14 08:05:00,41.335,41.345,41.315,41.334,79209
2255,2023-09-14 08:00:00,41.336,41.455,40.974,41.324,547586
2256,2023-09-14 07:55:00,41.245,41.276,41.235,41.255,28986
2257,2023-09-14 07:50:00,41.265,41.286,41.225,41.235,31705
2258,2023-09-14 07:45:00,41.235,41.276,41.225,41.275,41407
2259,2023-09-14 07:40:00,41.245,41.256,41.215,41.245,18450
2260,2023-09-14 07:35:00,41.285,41.305,41.245,41.255,20710
2261,2023-09-14 07:30:00,41.315,41.355,41.275,41.275,18667
2262,2023-09-14 07:25:00,41.345,41.345,41.305,41.315,22506
2263,2023-09-14 07:20:00,41.385,41.385,41.334,41.344,24630
2264,2023-09-14 07:15:00,41.405,41.405,41.344,41.374,45744
2265,2023-09-14 07:10:00,41.385,41.445,41.374,41.404,43871
2266,2023-09-14 07:05:00,41.395,41.425,41.384,41.394,24418
2267,2023-09-14 07:00:00,41.335,41.395,41.315,41.394,21802
2268,2023-09-14 06:55:00,41.315,41.345,41.305,41.344,2921
2269,2023-09-14 06:50:00,41.365,41.365,41.315,41.315,7495
2270,2023-09-14 06:45:00,41.375,41.405,41.354,41.364,12618
2271,2023-09-14 06:40:00,41.375,41.395,41.344,41.374,11275
2272,2023-09-14 06:35:00,41.325,41.375,41.315,41.374,35371
2273,2023-09-14 06:30:00,41.305,41.335,41.285,41.324,4296
2274,2023-09-14 06:25:00,41.265,41.325,41.265,41.305,12699
2275,2023-09-14 06:20:00,41.255,41.325,41.185,41.275,89130
2276,2023-09-14 06:15:00,41.245,41.266,41.215,41.255,9529
2277,2023-09-14 06:10:00,41.225,41.256,41.225,41.235,4020
2278,2023-09-14 06:05:00,41.205,41.226,41.195,41.215,4244
2279,2023-09-14 06:00:00,41.175,41.216,41.165,41.205,2702
2280,2023-09-14 05:55:00,41.166,41.186,41.125,41.185,4761
2281,2023-09-14 05:50:00,41.146,41.176,41.115,41.155,4490
2282,2023-09-14 05:45:00,41.126,41.176,41.115,41.155,4351
2283,2023-09-14 05:40:00,41.156,41.156,41.105,41.115,2689
2284,2023-09-14 05:35:00,41.225,41.226,41.145,41.155,8715
2285,2023-09-14 05:30:00,41.255,41.266,41.225,41.235,8799
2286,2023-09-14 05:25:00,41.235,41.266,41.225,41.255,4653
2287,2023-09-14 05:20:00,41.235,41.256,41.215,41.255,13442
2288,2023-09-14 05:15:00,41.255,41.266,41.225,41.235,5956
2289,2023-09-14 05:10:00,41.225,41.256,41.175,41.245,9874
2290,2023-09-14 05:05:00,41.146,41.236,41.145,41.215,9102
2291,2023-09-14 05:00:00,41.175,41.186,41.115,41.165,11301
2292,2023-09-14 04:55:00,41.215,41.226,41.165,41.185,7103
2293,2023-09-14 04:50:00,41.185,41.256,41.175,41.215,14713
2294,2023-09-14 04:45:00,41.175,41.196,41.155,41.185,4549
2295,2023-09-14 04:40:00,41.146,41.176,41.135,41.165,13802
2296,2023-09-14 04:35:00,41.076,41.146,41.075,41.145,13149
2297,2023-09-14 04:30:00,41.016,41.096,41.006,41.075,4309
2298,2023-09-14 04:25:00,41.016,41.056,40.936,41.006,19934
2299,2023-09-14 04:20:00,41.096,41.106,41.006,41.016,19112
2300,2023-09-14 04:15:00,41.136,41.136,41.075,41.095,9906
2301,2023-09-14 04:10:00,41.166,41.196,41.095,41.115,21164
2302,2023-09-14 04:05:00,41.195,41.216,41.135,41.165,15117
2303,2023-09-14 04:00:00,41.195,41.276,41.035,41.195,89312
2304,2023-09-13 19:55:00,41.006,41.017,40.996,41.006,38953
2305,2023-09-13 19:50:00,41.016,41.026,40.996,40.996,9725
2306,2023-09-13 19:45:00,40.986,41.017,40.976,41.016,38034
2307,2023-09-13 19:40:00,40.967,40.987,40.966,40.976,23455
2308,2023-09-13 19:35:00,40.976,40.977,40.956,40.966,11625
2309,2023-09-13 19:30:00,40.976,40.987,40.956,40.966,9320
2310,2023-09-13 19:25:00,40.976,40.987,40.966,40.976,4395
2311,2023-09-13 19:20:00,40.986,40.987,40.966,40.966,21944
2312,2023-09-13 19:15:00,40.976,40.997,40.966,40.976,44208
2313,2023-09-13 19:10:00,40.916,40.977,40.896,40.966,47888
2314,2023-09-13 19:05:00,40.916,40.917,40.906,40.916,1086
2315,2023-09-13 19:00:00,40.916,40.927,40.906,40.926,5372
2316,2023-09-13 18:55:00,40.906,40.917,40.896,40.916,6965
2317,2023-09-13 18:50:00,40.877,40.907,40.869,40.896,39213
2318,2023-09-13 18:45:00,40.886,40.897,40.876,40.886,2178
2319,2023-09-13 18:40:00,40.906,40.907,40.876,40.896,2729
2320,2023-09-13 18:35:00,40.916,40.917,40.896,40.896,2895
2321,2023-09-13 18:30:00,40.896,40.917,40.896,40.915,3342
2322,2023-09-13 18:25:00,40.916,40.927,40.896,40.896,8256
2323,2023-09-13 18:20:00,40.906,40.917,40.906,40.916,3229
2324,2023-09-13 18:15:00,40.886,40.907,40.876,40.906,4020
2325,2023-09-13 18:10:00,40.896,40.897,40.876,40.876,4519
2326,2023-09-13 18:05:00,40.896,40.897,40.866,40.896,11337
2327,2023-09-13 18:00:00,40.886,40.937,40.886,40.896,15470
2328,2023-09-13 17:55:00,40.886,40.897,40.876,40.886,5184
2329,2023-09-13 17:50:00,40.886,40.897,40.876,40.891,3035
2330,2023-09-13 17:45:00,40.867,40.894,40.866,40.881,16282
2331,2023-09-13 17:40:00,40.886,40.887,40.856,40.885,9347
2332,2023-09-13 17:35:00,40.886,40.887,40.866,40.866,2984
2333,2023-09-13 17:30:00,40.877,40.887,40.856,40.886,62849
2334,2023-09-13 17:25:00,40.896,40.897,40.866,40.876,13389
2335,2023-09-13 17:20:00,40.906,40.907,40.886,40.896,11669
2336,2023-09-13 17:15:00,40.896,40.907,40.886,40.906,6285
2337,2023-09-13 17:10:00,40.767,41.128,40.737,40.896,5196
2338,2023-09-13 17:05:00,40.916,41.186,40.059,40.776,12615
2339,2023-09-13 17:00:00,40.946,40.947,40.916,40.916,2723
2340,2023-09-13 16:55:00,40.926,40.947,40.916,40.946,19936
2341,2023-09-13 16:50:00,40.966,40.967,40.946,40.946,30576
2342,2023-09-13 16:45:00,40.946,40.966,40.936,40.965,57479
2343,2023-09-13 16:40:00,40.936,40.947,40.926,40.946,21010
2344,2023-09-13 16:35:00,40.936,40.947,40.926,40.936,30423
2345,2023-09-13 16:30:00,40.926,40.937,40.916,40.936,90275
2346,2023-09-13 16:25:00,40.911,40.927,40.896,40.926,50517
2347,2023-09-13 16:20:00,40.926,40.937,40.906,40.907,16868
2348,2023-09-13 16:15:00,40.797,40.927,40.796,40.926,11655
2349,2023-09-13 16:10:00,40.926,40.947,40.906,40.916,63877
2350,2023-09-13 16:05:00,40.886,40.937,40.876,40.936,101997
2351,2023-09-13 16:00:00,40.817,40.917,40.766,40.886,576078
2352,2023-09-13 15:55:00,40.777,40.887,40.718,40.821,2086456
2353,2023-09-13 15:50:00,40.737,40.783,40.672,40.771,1272596
2354,2023-09-13 15:45:00,40.747,40.812,40.707,40.737,560951
2355,2023-09-13 15:40:00,40.766,40.847,40.727,40.751,514881
2356,2023-09-13 15:35:00,40.797,40.817,40.727,40.766,537912
2357,2023-09-13 15:30:00,40.737,40.837,40.725,40.801,748915
2358,2023-09-13 15:25:00,40.667,40.747,40.637,40.727,604722
2359,2023-09-13 15:20:00,40.637,40.664,40.567,40.662,670852
2360,2023-09-13 15:15:00,40.488,40.648,40.467,40.642,1080406
2361,2023-09-13 15:10:00,40.568,40.628,40.467,40.497,1077897
2362,2023-09-13 15:05:00,40.637,40.678,40.517,40.557,1107300
2363,2023-09-13 15:00:00,40.827,40.857,40.637,40.642,741602
2364,2023-09-13 14:55:00,40.687,40.877,40.59,40.832,1833020
2365,2023-09-13 14:50:00,40.93,40.942,40.677,40.692,1709365
2366,2023-09-13 14:45:00,40.996,41.056,40.916,40.931,774496
2367,2023-09-13 14:40:00,41.066,41.126,40.996,40.996,488728
2368,2023-09-13 14:35:00,41.016,41.096,40.991,41.056,462243
2369,2023-09-13 14:30:00,41.133,41.141,40.966,41.011,757814
2370,2023-09-13 14:25:00,41.09,41.136,41.055,41.125,496591
2371,2023-09-13 14:20:00,41.061,41.101,40.996,41.09,1030630
2372,2023-09-13 14:15:00,41.126,41.131,41.016,41.065,593343
2373,2023-09-13 14:10:00,41.121,41.186,41.105,41.115,548438
2374,2023-09-13 14:05:00,41.136,41.146,41.075,41.12,720412
2375,2023-09-13 14:00:00,41.225,41.276,41.135,41.145,749412
2376,2023-09-13 13:55:00,41.245,41.256,41.195,41.215,599205
2377,2023-09-13 13:50:00,41.235,41.286,41.209,41.249,602173
2378,2023-09-13 13:45:00,41.305,41.34,41.229,41.242,560749
2379,2023-09-13 13:40:00,41.275,41.33,41.255,41.31,733853
2380,2023-09-13 13:35:00,41.27,41.305,41.195,41.27,406519
2381,2023-09-13 13:30:00,41.18,41.296,41.119,41.27,612071
2382,2023-09-13 13:25:00,41.265,41.286,41.175,41.175,422483
2383,2023-09-13 13:20:00,41.192,41.286,41.155,41.255,525626
2384,2023-09-13 13:15:00,41.144,41.286,41.14,41.195,908165
2385,2023-09-13 13:10:00,41.106,41.206,41.095,41.135,429942
2386,2023-09-13 13:05:00,41.066,41.136,41.056,41.104,324196
2387,2023-09-13 13:00:00,41.121,41.196,41.055,41.065,689540
2388,2023-09-13 12:55:00,41.136,41.236,41.1,41.116,726004
2389,2023-09-13 12:50:00,41.066,41.142,41.026,41.135,411947
2390,2023-09-13 12:45:00,41.006,41.106,40.966,41.07,538875
2391,2023-09-13 12:40:00,41.006,41.065,40.956,41.006,487367
2392,2023-09-13 12:35:00,41.126,41.156,40.996,41.016,466588
2393,2023-09-13 12:30:00,41.126,41.176,41.006,41.126,745935
2394,2023-09-13 12:25:00,41.056,41.136,41.046,41.135,443657
2395,2023-09-13 12:20:00,41.006,41.111,40.996,41.058,617748
2396,2023-09-13 12:15:00,40.877,41.036,40.827,41.006,610476
2397,2023-09-13 12:10:00,41.006,41.026,40.856,40.866,538849
2398,2023-09-13 12:05:00,41.006,41.066,40.971,41.011,628300
2399,2023-09-13 12:00:00,41.036,41.056,40.906,41.006,599147
2400,2023-09-13 11:55:00,40.837,41.054,40.826,41.04,782342
2401,2023-09-13 11:50:00,41.026,41.041,40.697,40.836,1340250
2402,2023-09-13 11:45:00,41.036,41.142,41.006,41.035,642268
2403,2023-09-13 11:40:00,41.056,41.096,40.947,41.035,813072
2404,2023-09-13 11:35:00,41.076,41.093,41.006,41.05,556470
2405,2023-09-13 11:30:00,41.126,41.216,41.075,41.075,856364
2406,2023-09-13 11:25:00,41.106,41.146,41.045,41.12,581842
2407,2023-09-13 11:20:00,40.956,41.116,40.906,41.095,1078845
2408,2023-09-13 11:15:00,41.016,41.051,40.936,40.951,699552
2409,2023-09-13 11:10:00,41.036,41.096,41.016,41.025,692018
2410,2023-09-13 11:05:00,41.036,41.111,40.99,41.03,1155725
2411,2023-09-13 11:00:00,40.857,41.052,40.836,41.035,1188378
2412,2023-09-13 10:55:00,40.807,40.902,40.766,40.856,996068
2413,2023-09-13 10:50:00,40.777,40.917,40.737,40.806,830272
2414,2023-09-13 10:45:00,40.842,40.857,40.718,40.786,1024653
2415,2023-09-13 10:40:00,40.867,40.967,40.786,40.841,1750291
2416,2023-09-13 10:35:00,40.682,40.862,40.637,40.861,1387233
2417,2023-09-13 10:30:00,40.593,40.767,40.587,40.677,1435341
2418,2023-09-13 10:25:00,40.398,40.668,40.393,40.587,2075224
2419,2023-09-13 10:20:00,40.149,40.409,40.137,40.403,1523812
2420,2023-09-13 10:15:00,40.214,40.229,40.049,40.151,1539009
2421,2023-09-13 10:10:00,40.281,40.389,40.179,40.213,1502699
2422,2023-09-13 10:05:00,40.393,40.393,40.198,40.288,1901398
2423,2023-09-13 10:00:00,40.787,40.807,40.388,40.389,1484546
2424,2023-09-13 09:55:00,40.552,40.817,40.458,40.776,1895574
2425,2023-09-13 09:50:00,40.817,40.857,40.487,40.552,1792493
2426,2023-09-13 09:45:00,40.817,40.857,40.608,40.807,1843294
2427,2023-09-13 09:40:00,40.697,40.887,40.621,40.816,2266898
2428,2023-09-13 09:35:00,40.563,40.802,40.562,40.689,2371180
2429,2023-09-13 09:30:00,40.438,40.834,40.353,40.567,3972115
2430,2023-09-13 09:25:00,40.448,40.488,40.378,40.438,125514
2431,2023-09-13 09:20:00,40.289,40.458,40.288,40.448,112343
2432,2023-09-13 09:15:00,40.249,40.319,40.228,40.288,115723
2433,2023-09-13 09:10:00,40.418,40.468,40.218,40.248,191837
2434,2023-09-13 09:05:00,40.358,40.478,40.338,40.418,148289
2435,2023-09-13 09:00:00,40.378,40.419,40.288,40.348,216069
2436,2023-09-13 08:55:00,40.408,40.518,40.348,40.366,421115
2437,2023-09-13 08:50:00,40.219,40.439,40.179,40.408,372187
2438,2023-09-13 08:45:00,40.119,40.309,40.029,40.208,385845
2439,2023-09-13 08:40:00,40.139,40.239,40.019,40.129,472268
2440,2023-09-13 08:35:00,40.069,40.429,39.989,40.139,1024713
2441,2023-09-13 08:30:00,40.368,40.658,39.68,40.079,2067801
2442,2023-09-13 08:25:00,40.378,40.399,40.318,40.358,112225
2443,2023-09-13 08:20:00,40.488,40.498,40.368,40.388,77464
2444,2023-09-13 08:15:00,40.508,40.508,40.428,40.477,47335
2445,2023-09-13 08:10:00,40.478,40.508,40.448,40.497,49211
2446,2023-09-13 08:05:00,40.398,40.478,40.368,40.477,48238
2447,2023-09-13 08:00:00,40.249,40.618,40.071,40.398,340631
2448,2023-09-13 07:55:00,40.428,40.488,40.428,40.458,31618
2449,2023-09-13 07:50:00,40.398,40.439,40.388,40.428,72140
2450,2023-09-13 07:45:00,40.338,40.419,40.338,40.388,31887
2451,2023-09-13 07:40:00,40.299,40.369,40.268,40.328,14625
2452,2023-09-13 07:35:00,40.328,40.359,40.298,40.308,27220
2453,2023-09-13 07:30:00,40.269,40.329,40.258,40.328,41786
2454,2023-09-13 07:25:00,40.209,40.279,40.198,40.258,16131
2455,2023-09-13 07:20:00,40.139,40.209,40.129,40.208,9293
2456,2023-09-13 07:15:00,40.119,40.15,40.119,40.139,6252
2457,2023-09-13 07:10:00,40.159,40.169,40.119,40.119,21278
2458,2023-09-13 07:05:00,40.239,40.249,40.169,40.169,16482
2459,2023-09-13 07:00:00,40.239,40.269,40.218,40.238,76542
2460,2023-09-13 06:55:00,40.209,40.239,40.198,40.238,10169
2461,2023-09-13 06:50:00,40.169,40.209,40.169,40.188,5245
2462,2023-09-13 06:45:00,40.149,40.179,40.139,40.169,2944
2463,2023-09-13 06:40:00,40.159,40.169,40.119,40.149,14111
2464,2023-09-13 06:35:00,40.129,40.16,40.109,40.149,12135
2465,2023-09-13 06:30:00,40.079,40.15,40.079,40.119,30603
2466,2023-09-13 06:25:00,40.109,40.12,40.069,40.079,15251
2467,2023-09-13 06:20:00,40.089,40.14,40.089,40.099,9526
2468,2023-09-13 06:15:00,40.139,40.14,40.079,40.099,51719
2469,2023-09-13 06:10:00,40.159,40.169,40.099,40.139,36578
2470,2023-09-13 06:05:00,40.229,40.249,40.149,40.159,13691
2471,2023-09-13 06:00:00,40.318,40.319,40.208,40.228,5517
2472,2023-09-13 05:55:00,40.269,40.339,40.248,40.318,1675
2473,2023-09-13 05:50:00,40.289,40.299,40.258,40.268,5644
2474,2023-09-13 05:45:00,40.269,40.279,40.218,40.278,12932
2475,2023-09-13 05:40:00,40.368,40.369,40.278,40.278,2386
2476,2023-09-13 05:35:00,40.328,40.359,40.298,40.348,3510
2477,2023-09-13 05:30:00,40.338,40.349,40.298,40.348,2511
2478,2023-09-13 05:25:00,40.348,40.369,40.328,40.338,4075
2479,2023-09-13 05:20:00,40.328,40.349,40.288,40.348,13732
2480,2023-09-13 05:15:00,40.269,40.339,40.258,40.338,11626
2481,2023-09-13 05:10:00,40.229,40.279,40.228,40.268,2835
2482,2023-09-13 05:05:00,40.229,40.249,40.208,40.238,15673
2483,2023-09-13 05:00:00,40.239,40.249,40.218,40.238,4288
2484,2023-09-13 04:55:00,40.289,40.319,40.248,40.248,19457
2485,2023-09-13 04:50:00,40.279,40.309,40.278,40.288,4809
2486,2023-09-13 04:45:00,40.299,40.339,40.248,40.248,17727
2487,2023-09-13 04:40:00,40.309,40.309,40.278,40.298,8541
2488,2023-09-13 04:35:00,40.368,40.389,40.308,40.308,28447
2489,2023-09-13 04:30:00,40.408,40.429,40.368,40.368,25134
2490,2023-09-13 04:25:00,40.428,40.448,40.368,40.398,33386
2491,2023-09-13 04:20:00,40.338,40.429,40.338,40.428,11665
2492,2023-09-13 04:15:00,40.418,40.429,40.338,40.348,20539
2493,2023-09-13 04:10:00,40.398,40.429,40.338,40.428,63659
2494,2023-09-13 04:05:00,40.478,40.488,40.368,40.408,24121
2495,2023-09-13 04:00:00,40.388,40.498,40.378,40.477,38275
2496,2023-09-12 19:55:00,40.449,40.458,40.438,40.438,25860
2497,2023-09-12 19:50:00,40.468,40.478,40.448,40.448,17941
2498,2023-09-12 19:45:00,40.458,40.468,40.458,40.467,14292
2499,2023-09-12 19:40:00,40.458,40.468,40.448,40.458,29573
2500,2023-09-12 19:35:00,40.438,40.458,40.438,40.458,14597
2501,2023-09-12 19:30:00,40.448,40.448,40.438,40.447,13337
2502,2023-09-12 19:25:00,40.428,40.448,40.418,40.438,14660
2503,2023-09-12 19:20:00,40.428,40.439,40.408,40.436,15284
2504,2023-09-12 19:15:00,40.418,40.429,40.408,40.428,5546
2505,2023-09-12 19:10:00,40.448,40.448,40.418,40.418,10577
2506,2023-09-12 19:05:00,40.428,40.448,40.418,40.448,6466
2507,2023-09-12 19:00:00,40.458,40.458,40.428,40.448,14979
2508,2023-09-12 18:55:00,40.477,40.478,40.458,40.467,7371
2509,2023-09-12 18:50:00,40.458,40.488,40.458,40.477,12268
2510,2023-09-12 18:45:00,40.428,40.468,40.418,40.467,15903
2511,2023-09-12 18:40:00,40.468,40.468,40.428,40.438,7499
2512,2023-09-12 18:35:00,40.458,40.468,40.447,40.458,8322
2513,2023-09-12 18:30:00,40.418,40.458,40.418,40.458,2842
2514,2023-09-12 18:25:00,40.418,40.419,40.398,40.418,43390
2515,2023-09-12 18:20:00,40.418,40.429,40.408,40.418,7099
2516,2023-09-12 18:15:00,40.438,40.439,40.418,40.428,7197
2517,2023-09-12 18:10:00,40.418,40.439,40.413,40.428,15431
2518,2023-09-12 18:05:00,40.458,40.458,40.418,40.418,15540
2519,2023-09-12 18:00:00,40.438,40.468,40.428,40.448,61181
2520,2023-09-12 17:55:00,40.458,40.458,40.428,40.458,8751
2521,2023-09-12 17:50:00,40.448,40.458,40.438,40.448,28206
2522,2023-09-12 17:45:00,40.458,40.468,40.448,40.458,5022
2523,2023-09-12 17:40:00,40.468,40.468,40.448,40.458,2984
2524,2023-09-12 17:35:00,40.458,40.468,40.448,40.467,13403
2525,2023-09-12 17:30:00,40.457,40.458,40.448,40.458,25473
2526,2023-09-12 17:25:00,40.458,40.458,40.448,40.457,5403
2527,2023-09-12 17:20:00,40.458,40.458,40.448,40.458,19880
2528,2023-09-12 17:15:00,40.458,40.458,40.448,40.448,15005
2529,2023-09-12 17:10:00,40.438,40.458,40.438,40.458,16808
2530,2023-09-12 17:05:00,40.438,40.448,40.428,40.438,4699
2531,2023-09-12 17:00:00,40.428,40.439,40.418,40.438,18266
2532,2023-09-12 16:55:00,40.438,40.458,40.428,40.428,52123
2533,2023-09-12 16:50:00,40.458,40.458,40.438,40.438,34735
2534,2023-09-12 16:45:00,40.443,40.458,40.428,40.458,22352
2535,2023-09-12 16:40:00,40.418,40.448,40.408,40.448,20560
2536,2023-09-12 16:35:00,40.418,40.439,40.408,40.418,97720
2537,2023-09-12 16:30:00,40.418,40.439,40.408,40.428,43755
2538,2023-09-12 16:25:00,40.403,40.429,40.398,40.418,34146
2539,2023-09-12 16:20:00,40.418,40.419,40.398,40.408,50450
2540,2023-09-12 16:15:00,40.398,40.429,40.398,40.408,171022
2541,2023-09-12 16:10:00,40.438,40.448,40.418,40.428,91454
2542,2023-09-12 16:05:00,40.398,40.458,40.398,40.438,164795
2543,2023-09-12 16:00:00,40.368,40.399,40.328,40.398,1332706
2544,2023-09-12 15:55:00,40.478,40.478,40.338,40.368,1921316
2545,2023-09-12 15:50:00,40.388,40.498,40.368,40.477,1637783
2546,2023-09-12 15:45:00,40.413,40.468,40.328,40.378,871160
2547,2023-09-12 15:40:00,40.347,40.448,40.347,40.413,776482
2548,2023-09-12 15:35:00,40.343,40.418,40.288,40.343,860531
2549,2023-09-12 15:30:00,40.338,40.379,40.308,40.348,652963
2550,2023-09-12 15:25:00,40.289,40.349,40.283,40.333,547251
2551,2023-09-12 15:20:00,40.299,40.349,40.258,40.288,467980
2552,2023-09-12 15:15:00,40.378,40.389,40.268,40.29,911912
2553,2023-09-12 15:10:00,40.358,40.419,40.358,40.378,611357
2554,2023-09-12 15:05:00,40.358,40.737,40.348,40.348,502924
2555,2023-09-12 15:00:00,40.418,40.456,40.348,40.358,742877
2556,2023-09-12 14:55:00,40.408,40.478,40.383,40.423,773014
2557,2023-09-12 14:50:00,40.577,40.578,40.408,40.418,1218589
2558,2023-09-12 14:45:00,40.624,40.698,40.557,40.576,544141
2559,2023-09-12 14:40:00,40.677,40.694,40.588,40.617,324093
2560,2023-09-12 14:35:00,40.697,40.718,40.631,40.668,381248
2561,2023-09-12 14:30:00,40.687,40.757,40.587,40.697,591396
2562,2023-09-12 14:25:00,40.637,40.747,40.627,40.698,605447
2563,2023-09-12 14:20:00,40.657,40.678,40.557,40.639,1103302
2564,2023-09-12 14:15:00,40.686,40.762,40.577,40.652,1120188
2565,2023-09-12 14:10:00,40.667,40.767,40.667,40.682,513529
2566,2023-09-12 14:05:00,40.687,40.737,40.65,40.677,525939
2567,2023-09-12 14:00:00,40.727,40.728,40.617,40.677,1064541
2568,2023-09-12 13:55:00,40.741,40.787,40.637,40.737,1065875
2569,2023-09-12 13:50:00,40.857,40.907,40.697,40.74,1200174
2570,2023-09-12 13:45:00,40.907,40.947,40.756,40.848,1585464
2571,2023-09-12 13:40:00,41.154,41.176,40.876,40.906,1234336
2572,2023-09-12 13:35:00,41.229,41.275,41.13,41.151,750024
2573,2023-09-12 13:30:00,41.205,41.281,41.205,41.23,580704
2574,2023-09-12 13:25:00,41.288,41.296,41.175,41.2,720143
2575,2023-09-12 13:20:00,41.016,41.315,41.016,41.29,2056779
2576,2023-09-12 13:15:00,40.915,41.017,40.906,41.009,522754
2577,2023-09-12 13:10:00,40.857,40.952,40.856,40.911,381223
2578,2023-09-12 13:05:00,40.956,40.995,40.846,40.865,571221
2579,2023-09-12 13:00:00,40.877,40.967,40.806,40.956,501124
2580,2023-09-12 12:55:00,40.867,40.887,40.826,40.871,327240
2581,2023-09-12 12:50:00,40.976,40.997,40.856,40.876,468001
2582,2023-09-12 12:45:00,40.936,40.987,40.926,40.976,816165
2583,2023-09-12 12:40:00,40.827,40.957,40.806,40.938,541303
2584,2023-09-12 12:35:00,40.802,40.877,40.786,40.832,478608
2585,2023-09-12 12:30:00,40.906,40.907,40.787,40.806,843040
2586,2023-09-12 12:25:00,40.966,40.967,40.866,40.902,503923
2587,2023-09-12 12:20:00,40.971,40.987,40.881,40.961,537977
2588,2023-09-12 12:15:00,40.951,41.013,40.926,40.97,624865
2589,2023-09-12 12:10:00,40.976,41.007,40.91,40.951,685432
2590,2023-09-12 12:05:00,40.965,40.977,40.866,40.976,986541
2591,2023-09-12 12:00:00,40.827,40.967,40.826,40.961,743266
2592,2023-09-12 11:55:00,40.886,40.897,40.786,40.826,694391
2593,2023-09-12 11:50:00,40.867,40.927,40.856,40.878,462615
2594,2023-09-12 11:45:00,40.827,40.922,40.801,40.866,891687
2595,2023-09-12 11:40:00,40.857,40.907,40.806,40.831,817274
2596,2023-09-12 11:35:00,40.847,40.907,40.836,40.856,685970
2597,2023-09-12 11:30:00,40.757,40.887,40.756,40.846,1318241
2598,2023-09-12 11:25:00,40.627,40.763,40.597,40.756,922713
2599,2023-09-12 11:20:00,40.588,40.698,40.582,40.627,566140
2600,2023-09-12 11:15:00,40.652,40.694,40.577,40.597,610210
2601,2023-09-12 11:10:00,40.647,40.688,40.527,40.647,1557539
2602,2023-09-12 11:05:00,40.891,40.922,40.597,40.657,1449328
2603,2023-09-12 11:00:00,40.747,40.907,40.717,40.891,1306429
2604,2023-09-12 10:55:00,40.767,40.877,40.737,40.751,1176691
2605,2023-09-12 10:50:00,40.996,40.997,40.761,40.762,1149568
2606,2023-09-12 10:45:00,41.006,41.066,40.969,40.986,936068
2607,2023-09-12 10:40:00,41.001,41.052,40.876,41.011,1117872
2608,2023-09-12 10:35:00,41.116,41.146,40.96,41.006,952312
2609,2023-09-12 10:30:00,41.046,41.166,40.926,41.115,1786430
2610,2023-09-12 10:25:00,41.315,41.315,41.026,41.049,2074447
2611,2023-09-12 10:20:00,41.564,41.565,41.305,41.305,984501
2612,2023-09-12 10:15:00,41.574,41.624,41.484,41.569,769089
2613,2023-09-12 10:10:00,41.509,41.609,41.397,41.564,1044324
2614,2023-09-12 10:05:00,41.519,41.575,41.454,41.514,739060
2615,2023-09-12 10:00:00,41.594,41.596,41.424,41.524,1156046
2616,2023-09-12 09:55:00,41.504,41.664,41.499,41.594,1450385
2617,2023-09-12 09:50:00,41.414,41.525,41.324,41.504,1007100
2618,2023-09-12 09:45:00,41.44,41.531,41.324,41.404,1310248
2619,2023-09-12 09:40:00,41.365,41.545,41.354,41.432,1782260
2620,2023-09-12 09:35:00,41.305,41.375,41.2,41.356,1490118
2621,2023-09-12 09:30:00,41.195,41.395,41.075,41.3,2429694
2622,2023-09-12 09:25:00,41.2,41.276,41.16,41.205,132524
2623,2023-09-12 09:20:00,41.166,41.206,41.125,41.195,139816
2624,2023-09-12 09:15:00,41.205,41.226,41.135,41.175,115213
2625,2023-09-12 09:10:00,41.265,41.266,41.185,41.205,120967
2626,2023-09-12 09:05:00,41.274,41.305,41.255,41.265,94775
2627,2023-09-12 09:00:00,41.325,41.325,41.245,41.275,98758
2628,2023-09-12 08:55:00,41.385,41.385,41.315,41.334,105739
2629,2023-09-12 08:50:00,41.435,41.435,41.364,41.394,79746
2630,2023-09-12 08:45:00,41.464,41.475,41.414,41.434,58188
2631,2023-09-12 08:40:00,41.474,41.525,41.444,41.464,110998
2632,2023-09-12 08:35:00,41.435,41.475,41.414,41.474,36376
2633,2023-09-12 08:30:00,41.385,41.445,41.354,41.434,65863
2634,2023-09-12 08:25:00,41.385,41.405,41.364,41.394,49671
2635,2023-09-12 08:20:00,41.345,41.385,41.315,41.374,57432
2636,2023-09-12 08:15:00,41.335,41.365,41.324,41.334,97018
2637,2023-09-12 08:10:00,41.315,41.355,41.31,41.334,94115
2638,2023-09-12 08:05:00,41.315,41.365,41.285,41.324,73562
2639,2023-09-12 08:00:00,41.564,41.804,41.305,41.315,362758
2640,2023-09-12 07:55:00,41.365,41.375,41.324,41.334,51773
2641,2023-09-12 07:50:00,41.365,41.375,41.334,41.374,33714
2642,2023-09-12 07:45:00,41.405,41.405,41.364,41.364,36336
2643,2023-09-12 07:40:00,41.375,41.415,41.374,41.404,46269
2644,2023-09-12 07:35:00,41.385,41.405,41.374,41.374,41981
2645,2023-09-12 07:30:00,41.415,41.425,41.364,41.394,43932
2646,2023-09-12 07:25:00,41.375,41.425,41.354,41.424,70506
2647,2023-09-12 07:20:00,41.494,41.505,41.374,41.374,41137
2648,2023-09-12 07:15:00,41.554,41.555,41.494,41.494,28735
2649,2023-09-12 07:10:00,41.564,41.585,41.534,41.554,46203
2650,2023-09-12 07:05:00,41.554,41.575,41.534,41.564,31373
2651,2023-09-12 07:00:00,41.584,41.594,41.494,41.554,34928
2652,2023-09-12 06:55:00,41.524,41.575,41.514,41.574,4246
2653,2023-09-12 06:50:00,41.504,41.545,41.504,41.534,5725
2654,2023-09-12 06:45:00,41.494,41.515,41.474,41.484,4880
2655,2023-09-12 06:40:00,41.574,41.575,41.494,41.494,17459
2656,2023-09-12 06:35:00,41.574,41.594,41.554,41.584,9954
2657,2023-09-12 06:30:00,41.524,41.614,41.524,41.584,21562
2658,2023-09-12 06:25:00,41.534,41.545,41.524,41.534,3718
2659,2023-09-12 06:20:00,41.494,41.535,41.484,41.534,7101
2660,2023-09-12 06:15:00,41.514,41.535,41.484,41.494,3536
2661,2023-09-12 06:10:00,41.484,41.525,41.474,41.524,5230
2662,2023-09-12 06:05:00,41.504,41.525,41.464,41.464,7843
2663,2023-09-12 06:00:00,41.454,41.515,41.444,41.504,6252
2664,2023-09-12 05:55:00,41.454,41.515,41.444,41.464,14667
2665,2023-09-12 05:50:00,41.474,41.515,41.424,41.444,16407
2666,2023-09-12 05:45:00,41.425,41.485,41.404,41.474,11450
2667,2023-09-12 05:40:00,41.405,41.435,41.394,41.434,4909
2668,2023-09-12 05:35:00,41.355,41.415,41.354,41.404,7383
2669,2023-09-12 05:30:00,41.435,41.435,41.334,41.354,18169
2670,2023-09-12 05:25:00,41.385,41.465,41.384,41.444,9755
2671,2023-09-12 05:20:00,41.375,41.405,41.374,41.374,8150
2672,2023-09-12 05:15:00,41.395,41.415,41.364,41.364,3476
2673,2023-09-12 05:10:00,41.415,41.425,41.394,41.394,3340
2674,2023-09-12 05:05:00,41.445,41.465,41.414,41.414,10722
2675,2023-09-12 05:00:00,41.385,41.455,41.374,41.444,8049
2676,2023-09-12 04:55:00,41.375,41.415,41.364,41.384,9212
2677,2023-09-12 04:50:00,41.395,41.455,41.374,41.374,7393
2678,2023-09-12 04:45:00,41.395,41.405,41.324,41.404,20450
2679,2023-09-12 04:40:00,41.395,41.415,41.384,41.394,2194
2680,2023-09-12 04:35:00,41.405,41.435,41.394,41.394,5546
2681,2023-09-12 04:30:00,41.464,41.465,41.394,41.404,8618
2682,2023-09-12 04:25:00,41.464,41.495,41.444,41.484,14223
2683,2023-09-12 04:20:00,41.454,41.495,41.454,41.464,16888
2684,2023-09-12 04:15:00,41.435,41.475,41.404,41.464,76445
2685,2023-09-12 04:10:00,41.415,41.455,41.394,41.444,67314
2686,2023-09-12 04:05:00,41.415,41.435,41.394,41.414,89680
2687,2023-09-12 04:00:00,41.484,41.585,41.394,41.414,63109
2688,2023-09-11 19:55:00,41.674,41.674,41.633,41.643,12978
2689,2023-09-11 19:50:00,41.654,41.684,41.643,41.663,19111
2690,2023-09-11 19:45:00,41.624,41.664,41.623,41.663,20071
2691,2023-09-11 19:40:00,41.654,41.664,41.613,41.623,17751
2692,2023-09-11 19:35:00,41.654,41.664,41.653,41.663,8323
2693,2023-09-11 19:30:00,41.664,41.674,41.643,41.653,5919
2694,2023-09-11 19:25:00,41.644,41.694,41.633,41.672,10116
2695,2023-09-11 19:20:00,41.654,41.684,41.633,41.653,24034
2696,2023-09-11 19:15:00,41.634,41.644,41.623,41.643,7208
2697,2023-09-11 19:10:00,41.644,41.654,41.623,41.633,6003
2698,2023-09-11 19:05:00,41.624,41.654,41.613,41.653,4678
2699,2023-09-11 19:00:00,41.614,41.644,41.613,41.623,3296
2700,2023-09-11 18:55:00,41.624,41.634,41.603,41.613,8901
2701,2023-09-11 18:50:00,41.614,41.624,41.603,41.613,6391
2702,2023-09-11 18:45:00,41.614,41.634,41.613,41.613,4924
2703,2023-09-11 18:40:00,41.604,41.634,41.603,41.613,9238
2704,2023-09-11 18:35:00,41.674,41.674,41.603,41.603,17765
2705,2023-09-11 18:30:00,41.674,41.694,41.673,41.673,5576
2706,2023-09-11 18:25:00,41.664,41.664,41.653,41.663,4065
2707,2023-09-11 18:20:00,41.654,41.684,41.653,41.663,11767
2708,2023-09-11 18:15:00,41.644,41.664,41.633,41.663,6811
2709,2023-09-11 18:10:00,41.674,41.674,41.643,41.653,3551
2710,2023-09-11 18:05:00,41.644,41.704,41.643,41.673,7977
2711,2023-09-11 18:00:00,41.654,41.674,41.623,41.643,31664
2712,2023-09-11 17:55:00,41.644,41.664,41.643,41.663,5367
2713,2023-09-11 17:50:00,41.654,41.654,41.643,41.643,14041
2714,2023-09-11 17:45:00,41.663,41.664,41.653,41.663,32020
2715,2023-09-11 17:40:00,41.654,41.664,41.653,41.663,6181
2716,2023-09-11 17:35:00,41.664,41.664,41.653,41.663,12676
2717,2023-09-11 17:30:00,41.654,41.664,41.653,41.663,11701
2718,2023-09-11 17:25:00,41.684,41.684,41.653,41.655,10097
2719,2023-09-11 17:20:00,41.704,41.704,41.663,41.683,33846
2720,2023-09-11 17:15:00,41.694,41.704,41.683,41.683,5775
2721,2023-09-11 17:10:00,41.714,41.714,41.683,41.693,21730
2722,2023-09-11 17:05:00,41.714,41.714,41.683,41.703,59258
2723,2023-09-11 17:00:00,41.734,41.734,41.703,41.703,11222
2724,2023-09-11 16:55:00,41.753,41.764,41.733,41.733,60736
2725,2023-09-11 16:50:00,41.743,41.754,41.743,41.743,8199
2726,2023-09-11 16:45:00,41.753,41.764,41.733,41.763,12512
2727,2023-09-11 16:40:00,41.763,41.764,41.743,41.763,26098
2728,2023-09-11 16:35:00,41.773,41.774,41.763,41.763,4639
2729,2023-09-11 16:30:00,41.773,41.784,41.763,41.773,18111
2730,2023-09-11 16:25:00,41.773,41.794,41.773,41.773,12354
2731,2023-09-11 16:20:00,41.763,41.784,41.763,41.783,17538
2732,2023-09-11 16:15:00,41.734,41.794,41.733,41.763,27642
2733,2023-09-11 16:10:00,41.763,41.794,41.733,41.783,82647
2734,2023-09-11 16:05:00,41.813,41.814,41.753,41.763,126113
2735,2023-09-11 16:00:00,41.753,41.834,41.733,41.823,1073773
2736,2023-09-11 15:55:00,41.714,41.794,41.663,41.778,1479426
2737,2023-09-11 15:50:00,41.783,41.784,41.694,41.713,938667
2738,2023-09-11 15:45:00,41.863,41.864,41.763,41.788,965115
2739,2023-09-11 15:40:00,41.893,41.923,41.853,41.873,473292
2740,2023-09-11 15:35:00,41.926,41.933,41.863,41.902,524974
2741,2023-09-11 15:30:00,41.893,41.943,41.843,41.932,644488
2742,2023-09-11 15:25:00,41.893,41.911,41.843,41.893,797495
2743,2023-09-11 15:20:00,41.734,41.893,41.728,41.892,1086717
2744,2023-09-11 15:15:00,41.724,41.744,41.683,41.733,349226
2745,2023-09-11 15:10:00,41.803,41.804,41.683,41.728,602038
2746,2023-09-11 15:05:00,41.773,41.814,41.748,41.794,350520
2747,2023-09-11 15:00:00,41.773,41.784,41.713,41.77,365195
2748,2023-09-11 14:55:00,41.798,41.814,41.723,41.773,421085
2749,2023-09-11 14:50:00,41.8,41.833,41.758,41.793,331328
2750,2023-09-11 14:45:00,41.734,41.814,41.703,41.798,423366
2751,2023-09-11 14:40:00,41.783,41.784,41.693,41.724,474267
2752,2023-09-11 14:35:00,41.788,41.824,41.723,41.783,446250
2753,2023-09-11 14:30:00,41.783,41.824,41.763,41.792,472787
2754,2023-09-11 14:25:00,41.763,41.804,41.723,41.788,468275
2755,2023-09-11 14:20:00,41.763,41.794,41.713,41.761,469479
2756,2023-09-11 14:15:00,41.753,41.774,41.673,41.758,526897
2757,2023-09-11 14:10:00,41.624,41.773,41.613,41.753,666123
2758,2023-09-11 14:05:00,41.674,41.674,41.594,41.628,801720
2759,2023-09-11 14:00:00,41.704,41.734,41.653,41.668,558550
2760,2023-09-11 13:55:00,41.694,41.714,41.633,41.708,755892
2761,2023-09-11 13:50:00,41.584,41.719,41.578,41.693,830837
2762,2023-09-11 13:45:00,41.55,41.644,41.534,41.579,703604
2763,2023-09-11 13:40:00,41.592,41.644,41.544,41.548,703327
2764,2023-09-11 13:35:00,41.554,41.614,41.514,41.584,843109
2765,2023-09-11 13:30:00,41.464,41.575,41.464,41.559,1187072
2766,2023-09-11 13:25:00,41.395,41.465,41.364,41.461,684864
2767,2023-09-11 13:20:00,41.325,41.412,41.305,41.384,762676
2768,2023-09-11 13:15:00,41.245,41.335,41.235,41.321,603007
2769,2023-09-11 13:10:00,41.245,41.286,41.205,41.242,539578
2770,2023-09-11 13:05:00,41.19,41.256,41.145,41.25,686029
2771,2023-09-11 13:00:00,41.14,41.196,41.075,41.191,661903
2772,2023-09-11 12:55:00,41.101,41.166,41.065,41.142,387467
2773,2023-09-11 12:50:00,41.103,41.146,41.015,41.095,528738
2774,2023-09-11 12:45:00,41.038,41.106,41.016,41.1,455316
2775,2023-09-11 12:40:00,41.026,41.056,40.99,41.041,399416
2776,2023-09-11 12:35:00,41.086,41.092,40.991,41.031,401415
2777,2023-09-11 12:30:00,41.166,41.191,41.045,41.075,626974
2778,2023-09-11 12:25:00,40.966,41.186,40.956,41.161,872785
2779,2023-09-11 12:20:00,40.996,40.997,40.936,40.96,364179
2780,2023-09-11 12:15:00,41.066,41.087,40.958,40.996,470711
2781,2023-09-11 12:10:00,41.035,41.096,41.02,41.062,614896
2782,2023-09-11 12:05:00,40.916,41.076,40.876,41.031,940215
2783,2023-09-11 12:00:00,40.926,41.007,40.916,40.92,588902
2784,2023-09-11 11:55:00,40.966,40.997,40.889,40.926,474741
2785,2023-09-11 11:50:00,40.941,41.006,40.926,40.956,486501
2786,2023-09-11 11:45:00,40.984,40.985,40.886,40.946,489876
2787,2023-09-11 11:40:00,41.106,41.145,40.956,40.976,656845
2788,2023-09-11 11:35:00,41.096,41.166,41.065,41.106,429562
2789,2023-09-11 11:30:00,41.136,41.161,41.065,41.1,621554
2790,2023-09-11 11:25:00,41.056,41.206,41.055,41.145,1513555
2791,2023-09-11 11:20:00,40.996,41.076,40.936,41.055,673023
2792,2023-09-11 11:15:00,40.916,41.017,40.876,40.996,801395
2793,2023-09-11 11:10:00,40.837,40.927,40.776,40.921,656505
2794,2023-09-11 11:05:00,40.842,40.917,40.806,40.846,617411
2795,2023-09-11 11:00:00,40.837,40.887,40.756,40.846,873463
2796,2023-09-11 10:55:00,40.956,41.051,40.796,40.846,965524
2797,2023-09-11 10:50:00,41.036,41.101,40.946,40.966,1294950
2798,2023-09-11 10:45:00,40.936,41.046,40.926,41.026,824748
2799,2023-09-11 10:40:00,40.832,40.997,40.786,40.926,1057729
2800,2023-09-11 10:35:00,40.827,40.857,40.737,40.834,841063
2801,2023-09-11 10:30:00,41.021,41.026,40.717,40.831,1329690
2802,2023-09-11 10:25:00,40.837,41.031,40.836,41.025,1180747
2803,2023-09-11 10:20:00,40.822,40.913,40.747,40.846,1227863
2804,2023-09-11 10:15:00,40.757,40.827,40.697,40.821,1066761
2805,2023-09-11 10:10:00,40.956,41.036,40.707,40.761,1841158
2806,2023-09-11 10:05:00,41.016,41.042,40.866,40.956,950408
2807,2023-09-11 10:00:00,40.906,41.106,40.876,41.017,1288753
2808,2023-09-11 09:55:00,41.086,41.375,40.876,40.896,1688918
2809,2023-09-11 09:50:00,40.976,41.111,40.876,41.084,1903221
2810,2023-09-11 09:45:00,41.006,41.072,40.796,40.981,2104178
2811,2023-09-11 09:40:00,41.076,41.176,40.976,41.001,2075344
2812,2023-09-11 09:35:00,41.425,41.525,41.055,41.075,2178277
2813,2023-09-11 09:30:00,41.345,41.555,41.295,41.419,3436112
2814,2023-09-11 09:25:00,41.345,41.375,41.315,41.324,133075
2815,2023-09-11 09:20:00,41.375,41.415,41.349,41.354,66182
2816,2023-09-11 09:15:00,41.393,41.395,41.354,41.374,66451
2817,2023-09-11 09:10:00,41.41,41.455,41.382,41.384,70409
2818,2023-09-11 09:05:00,41.445,41.455,41.374,41.414,104144
2819,2023-09-11 09:00:00,41.375,41.445,41.354,41.434,92334
2820,2023-09-11 08:55:00,41.345,41.385,41.344,41.364,72519
2821,2023-09-11 08:50:00,41.325,41.365,41.315,41.354,175906
2822,2023-09-11 08:45:00,41.305,41.333,41.295,41.324,101233
2823,2023-09-11 08:40:00,41.285,41.315,41.235,41.315,102154
2824,2023-09-11 08:35:00,41.275,41.315,41.265,41.285,134128
2825,2023-09-11 08:30:00,41.295,41.315,41.255,41.265,147557
2826,2023-09-11 08:25:00,41.325,41.335,41.295,41.295,73246
2827,2023-09-11 08:20:00,41.305,41.335,41.265,41.324,89775
2828,2023-09-11 08:15:00,41.325,41.325,41.295,41.305,46894
2829,2023-09-11 08:10:00,41.285,41.325,41.275,41.324,73433
2830,2023-09-11 08:05:00,41.205,41.286,41.195,41.285,92969
2831,2023-09-11 08:00:00,41.106,41.296,40.537,41.195,547022
2832,2023-09-11 07:55:00,41.185,41.206,41.145,41.175,45981
2833,2023-09-11 07:50:00,41.265,41.286,41.185,41.185,67875
2834,2023-09-11 07:45:00,41.225,41.296,41.185,41.255,104107
2835,2023-09-11 07:40:00,41.275,41.296,41.215,41.225,60891
2836,2023-09-11 07:35:00,41.195,41.296,41.195,41.275,47028
2837,2023-09-11 07:30:00,41.096,41.236,41.095,41.195,118068
2838,2023-09-11 07:25:00,41.106,41.116,41.085,41.085,14158
2839,2023-09-11 07:20:00,41.126,41.126,41.085,41.105,13641
2840,2023-09-11 07:15:00,41.046,41.126,41.035,41.125,29853
2841,2023-09-11 07:10:00,41.086,41.096,41.045,41.045,16562
2842,2023-09-11 07:05:00,41.116,41.136,41.075,41.095,24618
2843,2023-09-11 07:00:00,41.096,41.146,41.065,41.125,97428
2844,2023-09-11 06:55:00,41.036,41.106,41.026,41.105,69747
2845,2023-09-11 06:50:00,41.056,41.086,41.035,41.045,31140
2846,2023-09-11 06:45:00,41.056,41.076,41.035,41.055,10337
2847,2023-09-11 06:40:00,41.026,41.046,41.016,41.045,7960
2848,2023-09-11 06:35:00,41.036,41.056,41.006,41.016,14820
2849,2023-09-11 06:30:00,41.016,41.046,40.996,41.035,11029
2850,2023-09-11 06:25:00,40.956,41.026,40.956,41.006,7724
2851,2023-09-11 06:20:00,40.946,40.957,40.926,40.946,7863
2852,2023-09-11 06:15:00,40.976,40.987,40.946,40.946,7917
2853,2023-09-11 06:10:00,41.016,41.026,40.976,40.986,5372
2854,2023-09-11 06:05:00,40.966,41.026,40.956,41.016,7168
2855,2023-09-11 06:00:00,41.036,41.036,40.966,40.976,12438
2856,2023-09-11 05:55:00,41.026,41.046,41.026,41.045,4808
2857,2023-09-11 05:50:00,41.036,41.046,41.016,41.016,11885
2858,2023-09-11 05:45:00,41.026,41.046,41.016,41.035,6930
2859,2023-09-11 05:40:00,41.026,41.046,41.016,41.026,4717
2860,2023-09-11 05:35:00,41.036,41.056,41.016,41.026,17515
2861,2023-09-11 05:30:00,41.036,41.046,41.026,41.026,5599
2862,2023-09-11 05:25:00,41.006,41.066,41.006,41.035,13734
2863,2023-09-11 05:20:00,40.996,41.046,40.996,41.006,13625
2864,2023-09-11 05:15:00,40.976,41.026,40.956,40.996,13380
2865,2023-09-11 05:10:00,41.026,41.036,40.966,40.976,9221
2866,2023-09-11 05:05:00,41.016,41.046,41.006,41.026,13234
2867,2023-09-11 05:00:00,40.936,41.026,40.936,41.016,9668
2868,2023-09-11 04:55:00,40.906,40.947,40.896,40.936,11937
2869,2023-09-11 04:50:00,40.966,40.977,40.906,40.916,23719
2870,2023-09-11 04:45:00,40.986,40.997,40.956,40.976,16191
2871,2023-09-11 04:40:00,41.046,41.066,40.986,40.986,24502
2872,2023-09-11 04:35:00,41.116,41.126,41.026,41.055,14805
2873,2023-09-11 04:30:00,41.106,41.156,41.095,41.105,36801
2874,2023-09-11 04:25:00,41.056,41.116,41.026,41.105,14542
2875,2023-09-11 04:20:00,41.066,41.116,41.026,41.055,19762
2876,2023-09-11 04:15:00,41.036,41.076,40.996,41.065,13345
2877,2023-09-11 04:10:00,40.986,41.066,40.976,41.035,18910
2878,2023-09-11 04:05:00,41.066,41.066,40.976,41.006,21756
2879,2023-09-11 04:00:00,41.056,41.096,40.966,41.055,176519
2880,2023-09-08 19:55:00,40.513,40.528,40.487,40.492,7803
2881,2023-09-08 19:50:00,40.508,40.528,40.487,40.512,7046
2882,2023-09-08 19:45:00,40.503,40.528,40.487,40.517,4589
2883,2023-09-08 19:40:00,40.508,40.528,40.497,40.502,17652
2884,2023-09-08 19:35:00,40.518,40.528,40.507,40.517,3050
2885,2023-09-08 19:30:00,40.518,40.518,40.507,40.517,9359
2886,2023-09-08 19:25:00,40.508,40.518,40.497,40.517,8317
2887,2023-09-08 19:20:00,40.508,40.518,40.497,40.497,4139
2888,2023-09-08 19:15:00,40.518,40.518,40.507,40.507,956
2889,2023-09-08 19:10:00,40.508,40.518,40.477,40.507,5542
2890,2023-09-08 19:05:00,40.498,40.528,40.497,40.507,1388
2891,2023-09-08 19:00:00,40.508,40.518,40.507,40.517,2104
2892,2023-09-08 18:55:00,40.518,40.518,40.507,40.507,4516
2893,2023-09-08 18:50:00,40.518,40.528,40.517,40.517,1898
2894,2023-09-08 18:45:00,40.528,40.528,40.517,40.518,2099
2895,2023-09-08 18:40:00,40.538,40.538,40.517,40.527,3743
2896,2023-09-08 18:35:00,40.538,40.538,40.527,40.537,594
2897,2023-09-08 18:30:00,40.528,40.528,40.517,40.527,3424
2898,2023-09-08 18:25:00,40.528,40.528,40.517,40.517,2428
2899,2023-09-08 18:20:00,40.518,40.528,40.517,40.517,7494
2900,2023-09-08 18:15:00,40.548,40.548,40.517,40.522,13196
2901,2023-09-08 18:10:00,40.538,40.558,40.527,40.547,3870
2902,2023-09-08 18:05:00,40.548,40.548,40.537,40.547,2551
2903,2023-09-08 18:00:00,40.528,40.548,40.517,40.547,9043
2904,2023-09-08 17:55:00,40.518,40.528,40.517,40.517,2585
2905,2023-09-08 17:50:00,40.528,40.528,40.517,40.517,1298
2906,2023-09-08 17:45:00,40.518,40.528,40.517,40.517,1794
2907,2023-09-08 17:40:00,40.528,40.538,40.517,40.517,2695
2908,2023-09-08 17:35:00,40.523,40.538,40.517,40.527,2984
2909,2023-09-08 17:30:00,40.488,40.538,40.487,40.518,11790
2910,2023-09-08 17:25:00,40.498,40.508,40.477,40.497,11595
2911,2023-09-08 17:20:00,40.498,40.508,40.487,40.507,7837
2912,2023-09-08 17:15:00,40.498,40.498,40.487,40.487,769
2913,2023-09-08 17:10:00,40.488,40.498,40.477,40.487,10312
2914,2023-09-08 17:05:00,40.498,40.498,40.477,40.497,2614
2915,2023-09-08 17:00:00,40.488,40.498,40.477,40.497,17793
2916,2023-09-08 16:55:00,40.508,40.518,40.467,40.482,21636
2917,2023-09-08 16:50:00,40.523,40.528,40.507,40.507,14689
2918,2023-09-08 16:45:00,40.518,40.528,40.507,40.517,8724
2919,2023-09-08 16:40:00,40.528,40.538,40.507,40.517,13379
2920,2023-09-08 16:35:00,40.528,40.558,40.527,40.527,27454
2921,2023-09-08 16:30:00,40.568,40.608,40.527,40.527,31396
2922,2023-09-08 16:25:00,40.558,40.578,40.547,40.567,33267
2923,2023-09-08 16:20:00,40.518,40.558,40.497,40.547,170375
2924,2023-09-08 16:15:00,40.358,40.528,40.358,40.517,54055
2925,2023-09-08 16:10:00,40.538,40.548,40.502,40.507,39895
2926,2023-09-08 16:05:00,40.438,40.568,40.438,40.537,545983
2927,2023-09-08 16:00:00,40.358,40.708,40.338,40.438,932741
2928,2023-09-08 15:55:00,40.219,40.927,40.213,40.348,1853428
2929,2023-09-08 15:50:00,40.189,40.259,40.149,40.209,1093589
2930,2023-09-08 15:45:00,40.169,40.239,40.149,40.188,693282
2931,2023-09-08 15:40:00,40.119,40.179,40.089,40.166,583943
2932,2023-09-08 15:35:00,40.188,40.199,40.069,40.119,574645
2933,2023-09-08 15:30:00,40.099,40.209,40.059,40.184,606367
2934,2023-09-08 15:25:00,40.149,40.179,40.059,40.105,487721
2935,2023-09-08 15:20:00,40.124,40.185,40.039,40.159,772319
2936,2023-09-08 15:15:00,40.184,40.189,40.089,40.119,470381
2937,2023-09-08 15:10:00,40.159,40.208,40.1,40.183,485275
2938,2023-09-08 15:05:00,40.116,40.199,40.099,40.154,652920
2939,2023-09-08 15:00:00,40.149,40.16,40.029,40.114,1022044
2940,2023-09-08 14:55:00,40.179,40.239,40.14,40.154,671174
2941,2023-09-08 14:50:00,40.268,40.311,40.169,40.179,465882
2942,2023-09-08 14:45:00,40.363,40.369,40.248,40.258,452478
2943,2023-09-08 14:40:00,40.199,40.384,40.188,40.366,751144
2944,2023-09-08 14:35:00,40.269,40.404,40.183,40.198,1102414
2945,2023-09-08 14:30:00,40.348,40.359,40.238,40.273,603352
2946,2023-09-08 14:25:00,40.318,40.364,40.253,40.348,629535
2947,2023-09-08 14:20:00,40.294,40.359,40.268,40.308,787971
2948,2023-09-08 14:15:00,40.289,40.319,40.23,40.291,932536
2949,2023-09-08 14:10:00,40.647,40.658,40.238,40.288,2019222
2950,2023-09-08 14:05:00,40.707,40.718,40.627,40.652,422297
2951,2023-09-08 14:00:00,40.593,40.718,40.587,40.707,601859
2952,2023-09-08 13:55:00,40.508,40.628,40.497,40.592,465947
2953,2023-09-08 13:50:00,40.602,40.618,40.482,40.507,453945
2954,2023-09-08 13:45:00,40.598,40.638,40.577,40.601,268787
2955,2023-09-08 13:40:00,40.588,40.658,40.522,40.601,814537
2956,2023-09-08 13:35:00,40.563,40.608,40.487,40.587,409775
2957,2023-09-08 13:30:00,40.538,40.634,40.502,40.567,572154
2958,2023-09-08 13:25:00,40.578,40.588,40.487,40.535,431747
2959,2023-09-08 13:20:00,40.598,40.668,40.568,40.571,699358
2960,2023-09-08 13:15:00,40.478,40.608,40.467,40.592,818181
2961,2023-09-08 13:10:00,40.468,40.493,40.388,40.477,436335
2962,2023-09-08 13:05:00,40.508,40.538,40.428,40.467,390820
2963,2023-09-08 13:00:00,40.607,40.609,40.438,40.512,1064461
2964,2023-09-08 12:55:00,40.508,40.618,40.49,40.612,667723
2965,2023-09-08 12:50:00,40.478,40.528,40.398,40.507,730352
2966,2023-09-08 12:45:00,40.592,40.638,40.467,40.478,695617
2967,2023-09-08 12:40:00,40.578,40.703,40.567,40.592,688920
2968,2023-09-08 12:35:00,40.612,40.613,40.55,40.582,511545
2969,2023-09-08 12:30:00,40.697,40.701,40.547,40.617,876655
2970,2023-09-08 12:25:00,40.827,40.827,40.692,40.697,469735
2971,2023-09-08 12:20:00,40.857,40.887,40.747,40.836,687241
2972,2023-09-08 12:15:00,40.741,40.867,40.741,40.856,663033
2973,2023-09-08 12:10:00,40.627,40.757,40.622,40.747,564079
2974,2023-09-08 12:05:00,40.657,40.698,40.577,40.628,528380
2975,2023-09-08 12:00:00,40.717,40.727,40.587,40.653,657468
2976,2023-09-08 11:55:00,40.817,40.837,40.667,40.707,525024
2977,2023-09-08 11:50:00,40.767,40.837,40.727,40.816,454343
2978,2023-09-08 11:45:00,40.822,40.827,40.737,40.776,378343
2979,2023-09-08 11:40:00,40.891,40.897,40.748,40.821,744880
2980,2023-09-08 11:35:00,40.9,40.937,40.856,40.886,509271
2981,2023-09-08 11:30:00,40.817,40.937,40.786,40.901,776085
2982,2023-09-08 11:25:00,40.777,40.862,40.756,40.811,758353
2983,2023-09-08 11:20:00,40.697,40.802,40.682,40.782,549054
2984,2023-09-08 11:15:00,40.675,40.737,40.607,40.702,907769
2985,2023-09-08 11:10:00,40.438,40.698,40.388,40.676,1161213
2986,2023-09-08 11:05:00,40.508,40.558,40.418,40.448,794491
2987,2023-09-08 11:00:00,40.368,40.558,40.288,40.501,1605789
2988,2023-09-08 10:55:00,40.607,40.68,40.368,40.368,1242249
2989,2023-09-08 10:50:00,40.687,40.773,40.497,40.597,1402616
2990,2023-09-08 10:45:00,40.717,40.723,40.561,40.692,1075891
2991,2023-09-08 10:40:00,40.807,40.837,40.607,40.727,1181717
2992,2023-09-08 10:35:00,40.827,40.912,40.727,40.801,940430
2993,2023-09-08 10:30:00,40.986,41.076,40.747,40.826,1522258
2994,2023-09-08 10:25:00,41.011,41.023,40.916,40.976,798302
2995,2023-09-08 10:20:00,40.976,41.096,40.946,41.011,1068378
2996,2023-09-08 10:15:00,40.886,41.013,40.868,40.966,1488705
2997,2023-09-08 10:10:00,40.757,40.942,40.747,40.881,1286898
2998,2023-09-08 10:05:00,40.844,41.036,40.682,40.747,1949425
2999,2023-09-08 10:00:00,40.647,40.877,40.577,40.836,1879816
3000,2023-09-08 09:55:00,40.837,40.837,40.497,40.637,2112039
3001,2023-09-08 09:50:00,40.872,40.952,40.816,40.841,1456471
3002,2023-09-08 09:45:00,40.797,40.896,40.667,40.874,1695471
3003,2023-09-08 09:40:00,40.747,40.847,40.687,40.796,1551481
3004,2023-09-08 09:35:00,40.697,40.837,40.627,40.743,2292359
3005,2023-09-08 09:30:00,40.169,40.777,40.149,40.692,2998963
3006,2023-09-08 09:25:00,40.239,40.239,40.149,40.159,106313
3007,2023-09-08 09:20:00,40.209,40.269,40.188,40.248,128689
3008,2023-09-08 09:15:00,40.159,40.229,40.159,40.208,89905
3009,2023-09-08 09:10:00,40.179,40.219,40.139,40.169,87027
3010,2023-09-08 09:05:00,40.229,40.23,40.139,40.169,40783
3011,2023-09-08 09:00:00,40.169,40.229,40.139,40.228,69555
3012,2023-09-08 08:55:00,40.189,40.199,40.149,40.159,146303
3013,2023-09-08 08:50:00,40.248,40.249,40.169,40.188,73752
3014,2023-09-08 08:45:00,40.249,40.309,40.238,40.248,68500
3015,2023-09-08 08:40:00,40.289,40.309,40.218,40.239,92374
3016,2023-09-08 08:35:00,40.189,40.299,40.188,40.296,164294
3017,2023-09-08 08:30:00,40.099,40.209,40.089,40.188,77137
3018,2023-09-08 08:25:00,40.079,40.12,40.069,40.099,44813
3019,2023-09-08 08:20:00,40.079,40.12,40.059,40.077,60215
3020,2023-09-08 08:15:00,40.059,40.1,40.049,40.089,40893
3021,2023-09-08 08:10:00,40.0,40.08,39.979,40.079,31032
3022,2023-09-08 08:05:00,39.98,40.01,39.959,40.009,77281
3023,2023-09-08 08:00:00,39.96,40.698,39.79,39.969,392296
3024,2023-09-08 07:55:00,39.9,39.96,39.899,39.949,20364
3025,2023-09-08 07:50:00,39.88,39.93,39.85,39.909,25887
3026,2023-09-08 07:45:00,39.91,39.91,39.81,39.88,20376
3027,2023-09-08 07:40:00,39.87,39.92,39.78,39.899,51992
3028,2023-09-08 07:35:00,39.94,39.96,39.83,39.87,41417
3029,2023-09-08 07:30:00,39.88,39.95,39.86,39.939,19377
3030,2023-09-08 07:25:00,39.9,39.91,39.85,39.89,31563
3031,2023-09-08 07:20:00,39.96,39.99,39.89,39.89,23410
3032,2023-09-08 07:15:00,40.059,40.06,39.939,39.959,22860
3033,2023-09-08 07:10:00,40.089,40.11,40.059,40.059,14758
3034,2023-09-08 07:05:00,40.079,40.13,40.059,40.089,9877
3035,2023-09-08 07:00:00,40.079,40.1,40.049,40.079,44364
3036,2023-09-08 06:55:00,40.089,40.1,40.049,40.089,4118
3037,2023-09-08 06:50:00,40.039,40.1,40.019,40.089,4801
3038,2023-09-08 06:45:00,40.069,40.07,39.999,40.049,9667
3039,2023-09-08 06:40:00,40.059,40.1,40.049,40.069,8581
3040,2023-09-08 06:35:00,40.079,40.09,40.039,40.049,18142
3041,2023-09-08 06:30:00,40.029,40.08,40.019,40.059,10543
3042,2023-09-08 06:25:00,40.01,40.04,39.979,40.039,8397
3043,2023-09-08 06:20:00,39.95,40.04,39.949,40.009,44049
3044,2023-09-08 06:15:00,39.92,39.96,39.89,39.959,1442
3045,2023-09-08 06:10:00,39.9,39.93,39.88,39.909,16269
3046,2023-09-08 06:05:00,39.88,39.91,39.84,39.899,11299
3047,2023-09-08 06:00:00,39.86,39.89,39.85,39.88,4068
3048,2023-09-08 05:55:00,39.88,39.9,39.85,39.87,8425
3049,2023-09-08 05:50:00,39.96,39.96,39.82,39.88,16764
3050,2023-09-08 05:45:00,39.89,39.98,39.87,39.959,15912
3051,2023-09-08 05:40:00,39.88,39.9,39.87,39.89,5673
3052,2023-09-08 05:35:00,39.89,39.9,39.86,39.88,6881
3053,2023-09-08 05:30:00,39.9,39.92,39.87,39.89,8773
3054,2023-09-08 05:25:00,39.9,39.92,39.87,39.919,17424
3055,2023-09-08 05:20:00,39.94,39.94,39.89,39.909,4017
3056,2023-09-08 05:15:00,39.97,39.97,39.87,39.919,15396
3057,2023-09-08 05:10:00,39.9,40.0,39.88,39.979,15536
3058,2023-09-08 05:05:00,39.9,39.94,39.88,39.88,21728
3059,2023-09-08 05:00:00,40.099,40.11,39.85,39.899,51629
3060,2023-09-08 04:55:00,40.179,40.179,40.099,40.099,11910
3061,2023-09-08 04:50:00,40.179,40.209,40.139,40.169,10593
3062,2023-09-08 04:45:00,40.249,40.279,40.169,40.179,11074
3063,2023-09-08 04:40:00,40.199,40.249,40.169,40.248,19387
3064,2023-09-08 04:35:00,40.149,40.199,40.109,40.198,21178
3065,2023-09-08 04:30:00,40.169,40.219,40.139,40.149,22406
3066,2023-09-08 04:25:00,40.239,40.259,40.089,40.179,54488
3067,2023-09-08 04:20:00,40.318,40.339,40.218,40.218,27685
3068,2023-09-08 04:15:00,40.408,40.409,40.298,40.298,17801
3069,2023-09-08 04:10:00,40.448,40.478,40.418,40.418,15511
3070,2023-09-08 04:05:00,40.528,40.598,40.458,40.458,64590
3071,2023-09-08 04:00:00,40.528,40.618,40.458,40.527,44572
3072,2023-09-07 19:55:00,40.279,40.289,40.228,40.238,23455
3073,2023-09-07 19:50:00,40.259,40.299,40.258,40.278,13556
3074,2023-09-07 19:45:00,40.249,40.269,40.238,40.258,16074
3075,2023-09-07 19:40:00,40.229,40.249,40.218,40.238,35872
3076,2023-09-07 19:35:00,40.209,40.229,40.208,40.218,7977
3077,2023-09-07 19:30:00,40.189,40.229,40.188,40.208,9834
3078,2023-09-07 19:25:00,40.189,40.189,40.159,40.183,12651
3079,2023-09-07 19:20:00,40.219,40.219,40.179,40.179,29571
3080,2023-09-07 19:15:00,40.229,40.239,40.208,40.218,5013
3081,2023-09-07 19:10:00,40.229,40.229,40.208,40.228,5299
3082,2023-09-07 19:05:00,40.229,40.229,40.208,40.228,16769
3083,2023-09-07 19:00:00,40.269,40.279,40.228,40.238,11699
3084,2023-09-07 18:55:00,40.259,40.279,40.258,40.268,9771
3085,2023-09-07 18:50:00,40.269,40.269,40.248,40.248,4272
3086,2023-09-07 18:45:00,40.269,40.269,40.258,40.258,591
3087,2023-09-07 18:40:00,40.269,40.279,40.258,40.268,5281
3088,2023-09-07 18:35:00,40.279,40.289,40.258,40.268,6678
3089,2023-09-07 18:30:00,40.279,40.289,40.268,40.278,9299
3090,2023-09-07 18:25:00,40.259,40.289,40.258,40.288,4455
3091,2023-09-07 18:20:00,40.279,40.279,40.248,40.258,10374
3092,2023-09-07 18:15:00,40.289,40.289,40.258,40.278,4302
3093,2023-09-07 18:10:00,40.309,40.309,40.288,40.288,4749
3094,2023-09-07 18:05:00,40.299,40.299,40.288,40.288,9624
3095,2023-09-07 18:00:00,40.279,40.299,40.278,40.288,19287
3096,2023-09-07 17:55:00,40.259,40.289,40.248,40.278,9269
3097,2023-09-07 17:50:00,40.269,40.289,40.258,40.268,9618
3098,2023-09-07 17:45:00,40.259,40.289,40.258,40.268,6796
3099,2023-09-07 17:40:00,40.269,40.279,40.258,40.278,4167
3100,2023-09-07 17:35:00,40.259,40.269,40.258,40.268,7235
3101,2023-09-07 17:30:00,40.269,40.279,40.258,40.258,11533
3102,2023-09-07 17:25:00,40.239,40.279,40.228,40.278,22351
3103,2023-09-07 17:20:00,40.239,40.249,40.228,40.228,23960
3104,2023-09-07 17:15:00,40.249,40.259,40.238,40.238,30702
3105,2023-09-07 17:10:00,40.23,40.259,40.23,40.258,9420
3106,2023-09-07 17:05:00,40.287,40.289,40.228,40.248,33820
3107,2023-09-07 17:00:00,40.269,40.289,40.268,40.268,22990
3108,2023-09-07 16:55:00,40.259,40.279,40.248,40.278,59883
3109,2023-09-07 16:50:00,40.259,40.269,40.238,40.268,16016
3110,2023-09-07 16:45:00,40.249,40.259,40.238,40.258,64546
3111,2023-09-07 16:40:00,40.239,40.259,40.233,40.248,21434
3112,2023-09-07 16:35:00,40.249,40.259,40.228,40.238,65576
3113,2023-09-07 16:30:00,40.219,40.249,40.218,40.248,38912
3114,2023-09-07 16:25:00,40.209,40.239,40.198,40.218,38127
3115,2023-09-07 16:20:00,40.184,40.219,40.179,40.198,43059
3116,2023-09-07 16:15:00,40.239,40.239,40.179,40.188,154784
3117,2023-09-07 16:10:00,40.139,40.209,40.139,40.208,91304
3118,2023-09-07 16:05:00,40.129,40.15,40.109,40.139,51190
3119,2023-09-07 16:00:00,40.189,40.254,40.089,40.129,1608921
3120,2023-09-07 15:55:00,40.259,40.279,40.104,40.188,2495864
3121,2023-09-07 15:50:00,40.309,40.458,40.179,40.259,2085289
3122,2023-09-07 15:45:00,40.314,40.339,40.238,40.303,850744
3123,2023-09-07 15:40:00,40.129,40.318,40.119,40.308,513837
3124,2023-09-07 15:35:00,40.204,40.229,40.119,40.129,538664
3125,2023-09-07 15:30:00,40.258,40.309,40.188,40.203,695612
3126,2023-09-07 15:25:00,40.179,40.269,40.132,40.253,524688
3127,2023-09-07 15:20:00,40.249,40.269,40.169,40.173,423573
3128,2023-09-07 15:15:00,40.239,40.309,40.198,40.253,547425
3129,2023-09-07 15:10:00,40.109,40.239,40.104,40.234,548135
3130,2023-09-07 15:05:00,40.284,40.289,40.059,40.099,653949
3131,2023-09-07 15:00:00,40.294,40.359,40.248,40.281,796203
3132,2023-09-07 14:55:00,40.271,40.359,40.258,40.293,650923
3133,2023-09-07 14:50:00,40.179,40.279,40.129,40.271,500899
3134,2023-09-07 14:45:00,40.104,40.199,40.099,40.179,581911
3135,2023-09-07 14:40:00,39.97,40.13,39.954,40.099,746963
3136,2023-09-07 14:35:00,39.985,40.03,39.949,39.969,491914
3137,2023-09-07 14:30:00,40.01,40.11,39.949,39.979,729731
3138,2023-09-07 14:25:00,40.134,40.179,40.009,40.012,461067
3139,2023-09-07 14:20:00,40.194,40.209,40.119,40.138,552451
3140,2023-09-07 14:15:00,40.221,40.259,40.188,40.198,513513
3141,2023-09-07 14:10:00,40.209,40.289,40.169,40.222,499276
3142,2023-09-07 14:05:00,40.318,40.324,40.179,40.213,673186
3143,2023-09-07 14:00:00,40.219,40.319,40.208,40.313,699741
3144,2023-09-07 13:55:00,40.238,40.279,40.179,40.223,768181
3145,2023-09-07 13:50:00,40.119,40.254,40.119,40.238,598386
3146,2023-09-07 13:45:00,40.129,40.189,40.099,40.119,746080
3147,2023-09-07 13:40:00,40.025,40.15,39.99,40.129,597619
3148,2023-09-07 13:35:00,40.05,40.065,39.969,40.02,499744
3149,2023-09-07 13:30:00,40.139,40.199,40.038,40.052,746162
3150,2023-09-07 13:25:00,40.104,40.15,40.039,40.136,849539
3151,2023-09-07 13:20:00,40.089,40.14,40.059,40.104,544345
3152,2023-09-07 13:15:00,39.91,40.11,39.855,40.081,1044149
3153,2023-09-07 13:10:00,39.94,39.96,39.88,39.914,359566
3154,2023-09-07 13:05:00,40.01,40.035,39.86,39.929,584837
3155,2023-09-07 13:00:00,39.9,40.056,39.87,40.009,511322
3156,2023-09-07 12:55:00,40.018,40.07,39.87,39.899,699252
3157,2023-09-07 12:50:00,39.99,40.03,39.913,40.009,574179
3158,2023-09-07 12:45:00,40.04,40.1,39.969,39.995,414678
3159,2023-09-07 12:40:00,40.079,40.105,40.009,40.047,605724
3160,2023-09-07 12:35:00,40.15,40.16,40.039,40.072,598413
3161,2023-09-07 12:30:00,40.064,40.16,40.064,40.154,549366
3162,2023-09-07 12:25:00,40.039,40.15,40.029,40.069,858526
3163,2023-09-07 12:20:00,39.983,40.05,39.87,40.035,902914
3164,2023-09-07 12:15:00,39.89,40.01,39.401,39.989,481710
3165,2023-09-07 12:10:00,39.85,39.93,39.81,39.88,521841
3166,2023-09-07 12:05:00,39.77,39.92,39.76,39.86,714565
3167,2023-09-07 12:00:00,39.621,39.807,39.584,39.77,1106361
3168,2023-09-07 11:55:00,39.636,39.691,39.561,39.62,699389
3169,2023-09-07 11:50:00,39.76,39.806,39.625,39.635,799856
3170,2023-09-07 11:45:00,39.84,39.871,39.73,39.75,642326
3171,2023-09-07 11:40:00,40.01,40.015,39.82,39.845,592888
3172,2023-09-07 11:35:00,40.01,40.105,39.979,40.009,798375
3173,2023-09-07 11:30:00,39.82,40.055,39.754,40.019,982888
3174,2023-09-07 11:25:00,39.81,39.901,39.79,39.81,527585
3175,2023-09-07 11:20:00,39.996,40.036,39.78,39.82,865642
3176,2023-09-07 11:15:00,39.97,40.15,39.939,39.991,1044982
3177,2023-09-07 11:10:00,39.972,40.1,39.939,39.971,837906
3178,2023-09-07 11:05:00,40.0,40.069,39.914,39.969,790740
3179,2023-09-07 11:00:00,39.85,40.045,39.85,39.994,1064662
3180,2023-09-07 10:55:00,39.9,39.95,39.82,39.85,931384
3181,2023-09-07 10:50:00,40.069,40.11,39.88,39.899,858609
3182,2023-09-07 10:45:00,40.149,40.229,40.069,40.074,1718801
3183,2023-09-07 10:40:00,39.89,40.204,39.87,40.148,2369329
3184,2023-09-07 10:35:00,39.491,39.9,39.487,39.899,1797916
3185,2023-09-07 10:30:00,39.661,39.701,39.476,39.493,1240985
3186,2023-09-07 10:25:00,39.708,39.771,39.64,39.66,943068
3187,2023-09-07 10:20:00,39.696,39.871,39.65,39.701,1495728
3188,2023-09-07 10:15:00,39.721,39.801,39.615,39.7,1101982
3189,2023-09-07 10:10:00,39.521,39.791,39.501,39.721,1827627
3190,2023-09-07 10:05:00,39.307,39.552,39.277,39.511,1736090
3191,2023-09-07 10:00:00,39.521,39.587,39.272,39.312,1414687
3192,2023-09-07 09:55:00,39.382,39.538,39.351,39.515,1345605
3193,2023-09-07 09:50:00,39.631,39.783,39.351,39.373,2294811
3194,2023-09-07 09:45:00,39.8,39.861,39.611,39.63,1814148
3195,2023-09-07 09:40:00,39.641,39.905,39.595,39.805,2854654
3196,2023-09-07 09:35:00,39.461,39.676,39.401,39.64,2878025
3197,2023-09-07 09:30:00,39.601,39.612,39.242,39.459,4334039
3198,2023-09-07 09:25:00,39.641,39.641,39.461,39.581,210837
3199,2023-09-07 09:20:00,39.621,39.641,39.561,39.63,191185
3200,2023-09-07 09:15:00,39.661,39.701,39.601,39.62,162806
3201,2023-09-07 09:10:00,39.621,39.671,39.601,39.658,135907
3202,2023-09-07 09:05:00,39.611,39.651,39.571,39.62,156402
3203,2023-09-07 09:00:00,39.601,39.631,39.521,39.611,252583
3204,2023-09-07 08:55:00,39.501,39.631,39.501,39.601,183990
3205,2023-09-07 08:50:00,39.531,39.582,39.491,39.511,234733
3206,2023-09-07 08:45:00,39.671,39.701,39.531,39.531,233060
3207,2023-09-07 08:40:00,39.651,39.701,39.591,39.67,279476
3208,2023-09-07 08:35:00,39.78,39.831,39.611,39.65,433526
3209,2023-09-07 08:30:00,40.129,40.13,39.768,39.78,489117
3210,2023-09-07 08:25:00,40.059,40.14,40.039,40.129,187664
3211,2023-09-07 08:20:00,40.039,40.09,40.017,40.079,111987
3212,2023-09-07 08:15:00,40.129,40.14,40.039,40.039,141522
3213,2023-09-07 08:10:00,40.239,40.249,40.119,40.129,103582
3214,2023-09-07 08:05:00,40.199,40.289,40.198,40.238,90388
3215,2023-09-07 08:00:00,40.368,41.086,40.159,40.198,694785
3216,2023-09-07 07:55:00,40.249,40.299,40.208,40.218,84233
3217,2023-09-07 07:50:00,40.239,40.269,40.228,40.248,87798
3218,2023-09-07 07:45:00,40.338,40.359,40.218,40.238,30801
3219,2023-09-07 07:40:00,40.289,40.339,40.288,40.338,39992
3220,2023-09-07 07:35:00,40.249,40.279,40.238,40.278,18845
3221,2023-09-07 07:30:00,40.219,40.269,40.198,40.248,71113
3222,2023-09-07 07:25:00,40.299,40.299,40.198,40.208,49464
3223,2023-09-07 07:20:00,40.378,40.389,40.298,40.298,60739
3224,2023-09-07 07:15:00,40.418,40.419,40.338,40.368,37961
3225,2023-09-07 07:10:00,40.478,40.488,40.368,40.428,46422
3226,2023-09-07 07:05:00,40.428,40.488,40.418,40.477,114281
3227,2023-09-07 07:00:00,40.348,40.429,40.338,40.428,97727
3228,2023-09-07 06:55:00,40.318,40.359,40.308,40.348,9614
3229,2023-09-07 06:50:00,40.328,40.339,40.288,40.318,19245
3230,2023-09-07 06:45:00,40.368,40.389,40.298,40.328,16381
3231,2023-09-07 06:40:00,40.378,40.399,40.378,40.378,18461
3232,2023-09-07 06:35:00,40.368,40.399,40.368,40.388,6753
3233,2023-09-07 06:30:00,40.428,40.429,40.368,40.368,10461
3234,2023-09-07 06:25:00,40.408,40.439,40.388,40.428,12035
3235,2023-09-07 06:20:00,40.478,40.488,40.408,40.418,16965
3236,2023-09-07 06:15:00,40.508,40.508,40.467,40.487,16078
3237,2023-09-07 06:10:00,40.498,40.538,40.467,40.507,7352
3238,2023-09-07 06:05:00,40.508,40.538,40.467,40.497,12733
3239,2023-09-07 06:00:00,40.468,40.508,40.458,40.497,5489
3240,2023-09-07 05:55:00,40.478,40.508,40.448,40.467,7843
3241,2023-09-07 05:50:00,40.528,40.528,40.448,40.477,23825
3242,2023-09-07 05:45:00,40.588,40.648,40.527,40.527,57822
3243,2023-09-07 05:40:00,40.558,40.598,40.517,40.587,14392
3244,2023-09-07 05:35:00,40.538,40.578,40.517,40.567,14334
3245,2023-09-07 05:30:00,40.458,40.538,40.458,40.537,13641
3246,2023-09-07 05:25:00,40.458,40.478,40.438,40.448,13978
3247,2023-09-07 05:20:00,40.438,40.458,40.428,40.458,12549
3248,2023-09-07 05:15:00,40.458,40.508,40.438,40.438,13175
3249,2023-09-07 05:10:00,40.448,40.498,40.428,40.458,17751
3250,2023-09-07 05:05:00,40.368,40.448,40.368,40.438,43367
3251,2023-09-07 05:00:00,40.368,40.409,40.358,40.388,18564
3252,2023-09-07 04:55:00,40.378,40.399,40.348,40.368,78040
3253,2023-09-07 04:50:00,40.318,40.389,40.288,40.388,14467
3254,2023-09-07 04:45:00,40.249,40.319,40.248,40.318,12901
3255,2023-09-07 04:40:00,40.229,40.279,40.218,40.238,6248
3256,2023-09-07 04:35:00,40.289,40.289,40.218,40.228,29492
3257,2023-09-07 04:30:00,40.199,40.299,40.188,40.288,19163
3258,2023-09-07 04:25:00,40.299,40.299,40.179,40.198,64913
3259,2023-09-07 04:20:00,40.388,40.409,40.288,40.288,24889
3260,2023-09-07 04:15:00,40.338,40.389,40.338,40.388,26876
3261,2023-09-07 04:10:00,40.478,40.478,40.318,40.338,53023
3262,2023-09-07 04:05:00,40.588,40.598,40.477,40.487,28422
3263,2023-09-07 04:00:00,40.707,40.747,40.567,40.597,49604
3264,2023-09-06 19:55:00,41.066,41.096,41.055,41.075,19146
3265,2023-09-06 19:50:00,41.066,41.085,41.055,41.055,20382
3266,2023-09-06 19:45:00,41.066,41.086,41.055,41.065,17491
3267,2023-09-06 19:40:00,41.096,41.096,41.055,41.075,9258
3268,2023-09-06 19:35:00,41.096,41.106,41.085,41.095,29778
3269,2023-09-06 19:30:00,41.076,41.087,41.075,41.085,3908
3270,2023-09-06 19:25:00,41.071,41.076,41.065,41.065,1743
3271,2023-09-06 19:20:00,41.076,41.086,41.065,41.065,4252
3272,2023-09-06 19:15:00,41.076,41.076,41.055,41.065,6232
3273,2023-09-06 19:10:00,41.066,41.076,41.055,41.075,4860
3274,2023-09-06 19:05:00,41.056,41.066,41.055,41.065,3628
3275,2023-09-06 19:00:00,41.037,41.066,41.026,41.065,5848
3276,2023-09-06 18:55:00,41.056,41.056,41.026,41.045,7760
3277,2023-09-06 18:50:00,41.056,41.066,41.045,41.055,6352
3278,2023-09-06 18:45:00,41.046,41.066,41.035,41.065,9339
3279,2023-09-06 18:40:00,41.026,41.036,41.006,41.035,3102
3280,2023-09-06 18:35:00,41.016,41.026,41.016,41.021,10493
3281,2023-09-06 18:30:00,41.046,41.046,40.996,41.016,38099
3282,2023-09-06 18:25:00,41.056,41.056,41.035,41.055,4604
3283,2023-09-06 18:20:00,41.056,41.066,41.045,41.065,3135
3284,2023-09-06 18:15:00,41.056,41.066,41.055,41.065,3184
3285,2023-09-06 18:10:00,41.076,41.086,41.045,41.055,3686
3286,2023-09-06 18:05:00,41.076,41.086,41.055,41.075,6174
3287,2023-09-06 18:00:00,41.056,41.086,41.055,41.075,17662
3288,2023-09-06 17:55:00,41.046,41.066,41.026,41.055,4785
3289,2023-09-06 17:50:00,41.056,41.056,41.035,41.055,28879
3290,2023-09-06 17:45:00,41.036,41.116,41.035,41.055,23221
3291,2023-09-06 17:40:00,41.034,41.056,41.026,41.04,3311
3292,2023-09-06 17:35:00,41.056,41.056,41.026,41.026,6065
3293,2023-09-06 17:30:00,41.046,41.066,41.026,41.055,10304
3294,2023-09-06 17:25:00,41.046,41.046,41.026,41.044,6316
3295,2023-09-06 17:20:00,41.046,41.046,41.035,41.045,7039
3296,2023-09-06 17:15:00,41.046,41.056,41.035,41.045,3508
3297,2023-09-06 17:10:00,41.056,41.066,41.045,41.05,8887
3298,2023-09-06 17:05:00,41.056,41.076,41.046,41.065,13161
3299,2023-09-06 17:00:00,41.076,41.076,41.045,41.045,5434
3300,2023-09-06 16:55:00,41.046,41.076,41.045,41.075,6323
3301,2023-09-06 16:50:00,41.066,41.066,41.045,41.05,9573
3302,2023-09-06 16:45:00,41.066,41.066,41.045,41.065,4785
3303,2023-09-06 16:40:00,41.056,41.066,41.045,41.055,11549
3304,2023-09-06 16:35:00,41.066,41.066,41.045,41.055,5574
3305,2023-09-06 16:30:00,41.046,41.066,41.035,41.065,14175
3306,2023-09-06 16:25:00,41.046,41.046,41.026,41.035,19515
3307,2023-09-06 16:20:00,41.036,41.056,41.035,41.04,43716
3308,2023-09-06 16:15:00,41.136,41.136,41.026,41.026,15340
3309,2023-09-06 16:10:00,41.066,41.086,41.035,41.085,35358
3310,2023-09-06 16:05:00,41.086,41.096,41.035,41.055,48177
3311,2023-09-06 16:00:00,41.136,41.146,41.075,41.085,836206
3312,2023-09-06 15:55:00,40.986,41.201,40.956,41.145,1888459
3313,2023-09-06 15:50:00,40.966,41.081,40.906,40.98,1455352
3314,2023-09-06 15:45:00,40.991,41.026,40.926,40.956,666398
3315,2023-09-06 15:40:00,40.971,41.017,40.936,40.986,529904
3316,2023-09-06 15:35:00,40.916,40.992,40.896,40.966,460993
3317,2023-09-06 15:30:00,40.847,40.929,40.826,40.916,526585
3318,2023-09-06 15:25:00,40.976,41.007,40.798,40.836,599013
3319,2023-09-06 15:20:00,40.981,41.017,40.929,40.966,512141
3320,2023-09-06 15:15:00,40.906,40.996,40.906,40.981,774289
3321,2023-09-06 15:10:00,40.772,40.927,40.759,40.906,619229
3322,2023-09-06 15:05:00,40.827,40.842,40.756,40.774,683937
3323,2023-09-06 15:00:00,40.947,40.977,40.806,40.826,705223
3324,2023-09-06 14:55:00,41.046,41.062,40.916,40.955,801229
3325,2023-09-06 14:50:00,41.036,41.086,41.031,41.045,558235
3326,2023-09-06 14:45:00,41.076,41.086,41.006,41.035,439158
3327,2023-09-06 14:40:00,41.011,41.076,40.976,41.065,555422
3328,2023-09-06 14:35:00,40.97,41.046,40.956,41.011,466871
3329,2023-09-06 14:30:00,40.926,41.056,40.916,40.966,815418
3330,2023-09-06 14:25:00,40.757,40.947,40.757,40.921,609172
3331,2023-09-06 14:20:00,40.837,40.837,40.727,40.756,289110
3332,2023-09-06 14:15:00,40.857,40.873,40.761,40.842,470036
3333,2023-09-06 14:10:00,40.886,40.887,40.786,40.856,507308
3334,2023-09-06 14:05:00,40.787,40.917,40.747,40.891,356220
3335,2023-09-06 14:00:00,40.827,40.892,40.727,40.776,788216
3336,2023-09-06 13:55:00,40.853,40.937,40.816,40.826,706450
3337,2023-09-06 13:50:00,40.936,40.967,40.806,40.856,795943
3338,2023-09-06 13:45:00,40.857,40.952,40.786,40.944,636391
3339,2023-09-06 13:40:00,40.852,40.887,40.757,40.851,710478
3340,2023-09-06 13:35:00,40.797,40.862,40.766,40.846,347606
3341,2023-09-06 13:30:00,40.742,40.837,40.717,40.796,436704
3342,2023-09-06 13:25:00,40.752,40.822,40.697,40.742,591977
3343,2023-09-06 13:20:00,40.832,40.867,40.747,40.756,611069
3344,2023-09-06 13:15:00,40.747,40.837,40.707,40.827,1151687
3345,2023-09-06 13:10:00,40.632,40.757,40.627,40.751,923832
3346,2023-09-06 13:05:00,40.508,40.657,40.467,40.627,886029
3347,2023-09-06 13:00:00,40.573,40.578,40.438,40.514,811762
3348,2023-09-06 12:55:00,40.508,40.588,40.458,40.577,736008
3349,2023-09-06 12:50:00,40.523,40.588,40.467,40.507,681521
3350,2023-09-06 12:45:00,40.533,40.588,40.487,40.517,868944
3351,2023-09-06 12:40:00,40.657,40.688,40.507,40.529,885473
3352,2023-09-06 12:35:00,40.689,40.711,40.627,40.662,503048
3353,2023-09-06 12:30:00,40.667,40.697,40.567,40.692,1086620
3354,2023-09-06 12:25:00,40.867,40.887,40.627,40.667,1110886
3355,2023-09-06 12:20:00,40.822,40.887,40.756,40.864,683176
3356,2023-09-06 12:15:00,40.922,40.976,40.806,40.816,646154
3357,2023-09-06 12:10:00,40.877,40.952,40.856,40.921,507998
3358,2023-09-06 12:05:00,41.002,41.066,40.866,40.881,553203
3359,2023-09-06 12:00:00,40.956,41.026,40.911,41.006,488226
3360,2023-09-06 11:55:00,40.956,41.046,40.886,40.956,587304
3361,2023-09-06 11:50:00,41.007,41.056,40.916,40.956,585160
3362,2023-09-06 11:45:00,41.096,41.121,40.99,41.006,492685
3363,2023-09-06 11:40:00,41.086,41.126,41.026,41.103,538247
3364,2023-09-06 11:35:00,41.091,41.156,41.011,41.085,659380
3365,2023-09-06 11:30:00,41.077,41.136,41.045,41.085,721074
3366,2023-09-06 11:25:00,40.996,41.136,40.956,41.081,839946
3367,2023-09-06 11:20:00,40.955,41.036,40.936,40.996,757396
3368,2023-09-06 11:15:00,40.817,40.977,40.806,40.956,1431229
3369,2023-09-06 11:10:00,40.797,40.852,40.747,40.816,877986
3370,2023-09-06 11:05:00,40.979,41.017,40.776,40.796,1432257
3371,2023-09-06 11:00:00,40.966,40.997,40.876,40.976,1065576
3372,2023-09-06 10:55:00,41.23,41.243,40.956,40.961,919119
3373,2023-09-06 10:50:00,41.166,41.246,40.971,41.225,1325564
3374,2023-09-06 10:45:00,41.205,41.286,41.155,41.165,707733
3375,2023-09-06 10:40:00,41.295,41.345,41.205,41.214,718008
3376,2023-09-06 10:35:00,41.205,41.335,41.177,41.289,1021385
3377,2023-09-06 10:30:00,41.056,41.216,40.996,41.205,1432063
3378,2023-09-06 10:25:00,41.205,41.315,41.06,41.065,1294868
3379,2023-09-06 10:20:00,41.405,41.435,41.185,41.205,1266916
3380,2023-09-06 10:15:00,41.096,41.425,41.095,41.414,1875771
3381,2023-09-06 10:10:00,41.24,41.286,41.045,41.105,1552755
3382,2023-09-06 10:05:00,41.265,41.286,41.09,41.245,2429255
3383,2023-09-06 10:00:00,41.853,41.854,41.245,41.265,4209733
3384,2023-09-06 09:55:00,41.963,41.973,41.833,41.853,763367
3385,2023-09-06 09:50:00,41.793,42.083,41.773,41.962,1340248
3386,2023-09-06 09:45:00,41.943,42.093,41.733,41.793,1476306
3387,2023-09-06 09:40:00,41.753,42.033,41.663,41.932,1674558
3388,2023-09-06 09:35:00,41.746,41.83,41.658,41.753,1250447
3389,2023-09-06 09:30:00,41.993,42.013,41.713,41.753,2239233
3390,2023-09-06 09:25:00,41.993,41.993,41.912,41.982,70268
3391,2023-09-06 09:20:00,41.933,41.993,41.922,41.987,60106
3392,2023-09-06 09:15:00,41.903,41.943,41.873,41.942,29369
3393,2023-09-06 09:10:00,41.923,41.943,41.873,41.912,30613
3394,2023-09-06 09:05:00,41.948,41.953,41.892,41.922,81489
3395,2023-09-06 09:00:00,41.953,41.963,41.902,41.952,62194
3396,2023-09-06 08:55:00,41.933,41.983,41.932,41.962,39975
3397,2023-09-06 08:50:00,41.893,41.953,41.892,41.922,108738
3398,2023-09-06 08:45:00,41.873,41.903,41.843,41.883,30913
3399,2023-09-06 08:40:00,41.823,41.883,41.803,41.863,51314
3400,2023-09-06 08:35:00,41.843,41.844,41.773,41.823,58502
3401,2023-09-06 08:30:00,41.903,41.923,41.843,41.843,44405
3402,2023-09-06 08:25:00,41.923,41.943,41.873,41.912,44844
3403,2023-09-06 08:20:00,41.903,41.963,41.883,41.922,18982
3404,2023-09-06 08:15:00,41.903,41.943,41.883,41.902,30702
3405,2023-09-06 08:10:00,41.953,41.963,41.873,41.902,44955
3406,2023-09-06 08:05:00,41.893,41.953,41.863,41.952,42121
3407,2023-09-06 08:00:00,41.933,42.083,41.504,41.892,234432
3408,2023-09-06 07:55:00,41.923,41.953,41.892,41.942,46865
3409,2023-09-06 07:50:00,41.953,41.953,41.892,41.922,11955
3410,2023-09-06 07:45:00,41.933,41.953,41.912,41.952,15453
3411,2023-09-06 07:40:00,42.023,42.033,41.922,41.942,28245
3412,2023-09-06 07:35:00,42.003,42.053,41.982,42.032,25165
3413,2023-09-06 07:30:00,42.013,42.033,41.972,42.002,17178
3414,2023-09-06 07:25:00,42.023,42.023,41.962,42.022,12672
3415,2023-09-06 07:20:00,42.013,42.053,42.002,42.032,41036
3416,2023-09-06 07:15:00,41.983,42.023,41.962,42.012,111364
3417,2023-09-06 07:10:00,41.893,41.993,41.883,41.972,30389
3418,2023-09-06 07:05:00,41.863,41.903,41.843,41.892,18207
3419,2023-09-06 07:00:00,41.903,41.933,41.833,41.883,79803
3420,2023-09-06 06:55:00,41.883,41.903,41.843,41.902,12479
3421,2023-09-06 06:50:00,41.893,41.913,41.883,41.883,6479
3422,2023-09-06 06:45:00,41.883,41.923,41.883,41.892,8094
3423,2023-09-06 06:40:00,41.873,41.913,41.863,41.892,3774
3424,2023-09-06 06:35:00,41.913,41.933,41.873,41.883,7456
3425,2023-09-06 06:30:00,41.873,41.923,41.873,41.912,4444
3426,2023-09-06 06:25:00,41.873,41.874,41.843,41.863,3750
3427,2023-09-06 06:20:00,41.893,41.913,41.873,41.873,18422
3428,2023-09-06 06:15:00,41.923,41.933,41.883,41.902,9704
3429,2023-09-06 06:10:00,41.843,41.933,41.843,41.932,21630
3430,2023-09-06 06:05:00,41.863,41.864,41.823,41.843,8724
3431,2023-09-06 06:00:00,41.863,41.874,41.833,41.863,26211
3432,2023-09-06 05:55:00,41.833,41.883,41.833,41.863,8807
3433,2023-09-06 05:50:00,41.813,41.844,41.783,41.833,3503
3434,2023-09-06 05:45:00,41.783,41.824,41.773,41.813,12400
3435,2023-09-06 05:40:00,41.783,41.794,41.733,41.763,12604
3436,2023-09-06 05:35:00,41.763,41.804,41.763,41.783,4039
3437,2023-09-06 05:30:00,41.763,41.804,41.753,41.773,7800
3438,2023-09-06 05:25:00,41.853,41.854,41.743,41.753,15598
3439,2023-09-06 05:20:00,41.803,41.864,41.803,41.843,14640
3440,2023-09-06 05:15:00,41.734,41.804,41.733,41.803,10329
3441,2023-09-06 05:10:00,41.843,41.844,41.713,41.723,16044
3442,2023-09-06 05:05:00,41.873,41.883,41.833,41.843,13469
3443,2023-09-06 05:00:00,41.843,41.893,41.823,41.883,12536
3444,2023-09-06 04:55:00,41.793,41.854,41.793,41.853,7493
3445,2023-09-06 04:50:00,41.734,41.844,41.733,41.783,10236
3446,2023-09-06 04:45:00,41.743,41.774,41.733,41.743,6087
3447,2023-09-06 04:40:00,41.743,41.764,41.723,41.753,9310
3448,2023-09-06 04:35:00,41.803,41.824,41.733,41.743,21728
3449,2023-09-06 04:30:00,41.773,41.824,41.743,41.803,31162
3450,2023-09-06 04:25:00,41.793,41.814,41.773,41.773,13375
3451,2023-09-06 04:20:00,41.773,41.824,41.753,41.783,12097
3452,2023-09-06 04:15:00,41.873,41.874,41.763,41.773,12069
3453,2023-09-06 04:10:00,41.893,41.913,41.853,41.863,33171
3454,2023-09-06 04:05:00,41.803,41.913,41.793,41.892,30850
3455,2023-09-06 04:00:00,41.714,41.824,41.683,41.803,49151
3456,2023-09-05 19:55:00,42.162,42.162,42.132,42.142,14967
3457,2023-09-05 19:50:00,42.152,42.162,42.132,42.152,25970
3458,2023-09-05 19:45:00,42.157,42.162,42.132,42.142,6368
3459,2023-09-05 19:40:00,42.172,42.172,42.152,42.152,6627
3460,2023-09-05 19:35:00,42.122,42.172,42.122,42.167,6194
3461,2023-09-05 19:30:00,42.132,42.143,42.112,42.122,1648
3462,2023-09-05 19:25:00,42.112,42.143,42.112,42.132,2267
3463,2023-09-05 19:20:00,42.132,42.143,42.102,42.112,8130
3464,2023-09-05 19:15:00,42.142,42.153,42.122,42.132,5574
3465,2023-09-05 19:10:00,42.142,42.162,42.142,42.152,1705
3466,2023-09-05 19:05:00,42.182,42.182,42.142,42.142,5897
3467,2023-09-05 19:00:00,42.172,42.182,42.152,42.181,3852
3468,2023-09-05 18:55:00,42.161,42.162,42.152,42.162,13248
3469,2023-09-05 18:50:00,42.142,42.162,42.142,42.162,3708
3470,2023-09-05 18:45:00,42.142,42.162,42.132,42.132,4179
3471,2023-09-05 18:40:00,42.142,42.162,42.132,42.142,5625
3472,2023-09-05 18:35:00,42.127,42.143,42.122,42.132,4395
3473,2023-09-05 18:30:00,42.112,42.143,42.112,42.132,6907
3474,2023-09-05 18:25:00,42.132,42.133,42.112,42.122,4767
3475,2023-09-05 18:20:00,42.132,42.143,42.112,42.132,9295
3476,2023-09-05 18:15:00,42.112,42.123,42.102,42.122,15268
3477,2023-09-05 18:10:00,42.102,42.123,42.092,42.102,11882
3478,2023-09-05 18:05:00,42.082,42.123,42.082,42.102,10773
3479,2023-09-05 18:00:00,42.072,42.093,42.052,42.082,12334
3480,2023-09-05 17:55:00,42.062,42.093,42.062,42.082,15095
3481,2023-09-05 17:50:00,42.102,42.113,42.072,42.072,16285
3482,2023-09-05 17:45:00,42.132,42.133,42.102,42.102,6725
3483,2023-09-05 17:40:00,42.112,42.143,42.112,42.122,5183
3484,2023-09-05 17:35:00,42.113,42.143,42.112,42.122,7447
3485,2023-09-05 17:30:00,42.112,42.133,42.102,42.112,3124
3486,2023-09-05 17:25:00,42.142,42.153,42.112,42.132,3920
3487,2023-09-05 17:20:00,42.131,42.143,42.112,42.142,1296
3488,2023-09-05 17:15:00,42.132,42.133,42.102,42.112,3887
3489,2023-09-05 17:10:00,42.152,42.153,42.132,42.132,9151
3490,2023-09-05 17:05:00,42.092,42.153,42.082,42.152,9226
3491,2023-09-05 17:00:00,42.102,42.113,42.072,42.092,22528
3492,2023-09-05 16:55:00,42.117,42.123,42.102,42.112,4567
3493,2023-09-05 16:50:00,42.112,42.123,42.092,42.112,33498
3494,2023-09-05 16:45:00,42.092,42.123,42.087,42.112,42009
3495,2023-09-05 16:40:00,42.112,42.123,42.082,42.092,31066
3496,2023-09-05 16:35:00,42.142,42.153,42.102,42.107,28434
3497,2023-09-05 16:30:00,42.152,42.162,42.142,42.152,18542
3498,2023-09-05 16:25:00,42.153,42.162,42.142,42.152,26059
3499,2023-09-05 16:20:00,42.142,42.172,42.132,42.152,22361
3500,2023-09-05 16:15:00,42.252,42.252,42.132,42.142,39624
3501,2023-09-05 16:10:00,42.132,42.192,42.122,42.171,74307
3502,2023-09-05 16:05:00,42.212,42.232,42.112,42.142,56064
3503,2023-09-05 16:00:00,42.262,42.292,42.191,42.201,449208
3504,2023-09-05 15:55:00,42.341,42.342,42.225,42.261,910439
3505,2023-09-05 15:50:00,42.381,42.422,42.243,42.344,1139064
3506,2023-09-05 15:45:00,42.535,42.561,42.361,42.38,671087
3507,2023-09-05 15:40:00,42.506,42.561,42.49,42.533,608576
3508,2023-09-05 15:35:00,42.421,42.52,42.401,42.508,548216
3509,2023-09-05 15:30:00,42.381,42.451,42.381,42.411,690221
3510,2023-09-05 15:25:00,42.411,42.422,42.301,42.386,774022
3511,2023-09-05 15:20:00,42.366,42.451,42.365,42.405,826745
3512,2023-09-05 15:15:00,42.356,42.402,42.331,42.366,461211
3513,2023-09-05 15:10:00,42.491,42.496,42.321,42.361,694028
3514,2023-09-05 15:05:00,42.555,42.571,42.48,42.49,449851
3515,2023-09-05 15:00:00,42.665,42.671,42.51,42.56,646467
3516,2023-09-05 14:55:00,42.586,42.671,42.55,42.66,466734
3517,2023-09-05 14:50:00,42.571,42.641,42.534,42.59,408926
3518,2023-09-05 14:45:00,42.491,42.591,42.47,42.564,334939
3519,2023-09-05 14:40:00,42.496,42.521,42.47,42.5,321405
3520,2023-09-05 14:35:00,42.531,42.541,42.451,42.5,315074
3521,2023-09-05 14:30:00,42.61,42.631,42.525,42.54,524532
3522,2023-09-05 14:25:00,42.546,42.641,42.5,42.61,493360
3523,2023-09-05 14:20:00,42.546,42.568,42.495,42.545,436122
3524,2023-09-05 14:15:00,42.401,42.546,42.381,42.545,593052
3525,2023-09-05 14:10:00,42.381,42.422,42.331,42.406,413194
3526,2023-09-05 14:05:00,42.421,42.422,42.321,42.386,582882
3527,2023-09-05 14:00:00,42.391,42.442,42.364,42.421,573563
3528,2023-09-05 13:55:00,42.376,42.402,42.311,42.39,353907
3529,2023-09-05 13:50:00,42.302,42.382,42.291,42.373,379387
3530,2023-09-05 13:45:00,42.351,42.382,42.261,42.291,383080
3531,2023-09-05 13:40:00,42.277,42.362,42.276,42.35,590262
3532,2023-09-05 13:35:00,42.222,42.322,42.206,42.281,375559
3533,2023-09-05 13:30:00,42.202,42.282,42.162,42.218,540051
3534,2023-09-05 13:25:00,42.286,42.312,42.191,42.205,326962
3535,2023-09-05 13:20:00,42.252,42.332,42.181,42.281,616388
3536,2023-09-05 13:15:00,42.282,42.302,42.231,42.257,357428
3537,2023-09-05 13:10:00,42.232,42.312,42.206,42.281,659728
3538,2023-09-05 13:05:00,42.311,42.338,42.231,42.232,466717
3539,2023-09-05 13:00:00,42.401,42.437,42.311,42.311,674529
3540,2023-09-05 12:55:00,42.431,42.461,42.386,42.401,302523
3541,2023-09-05 12:50:00,42.441,42.461,42.375,42.425,423198
3542,2023-09-05 12:45:00,42.441,42.487,42.421,42.431,427249
3543,2023-09-05 12:40:00,42.421,42.451,42.371,42.442,347294
3544,2023-09-05 12:35:00,42.351,42.451,42.333,42.421,375431
3545,2023-09-05 12:30:00,42.311,42.402,42.291,42.351,403322
3546,2023-09-05 12:25:00,42.391,42.392,42.271,42.316,444817
3547,2023-09-05 12:20:00,42.367,42.412,42.341,42.391,427793
3548,2023-09-05 12:15:00,42.331,42.392,42.251,42.361,602109
3549,2023-09-05 12:10:00,42.232,42.337,42.231,42.321,592810
3550,2023-09-05 12:05:00,42.152,42.242,42.122,42.236,484295
3551,2023-09-05 12:00:00,42.137,42.282,42.112,42.153,840335
3552,2023-09-05 11:55:00,42.078,42.167,42.032,42.137,599057
3553,2023-09-05 11:50:00,42.151,42.212,42.052,42.082,540006
3554,2023-09-05 11:45:00,42.052,42.192,42.012,42.147,869269
3555,2023-09-05 11:40:00,42.067,42.093,42.002,42.052,578458
3556,2023-09-05 11:35:00,42.172,42.202,42.002,42.062,783162
3557,2023-09-05 11:30:00,42.241,42.277,42.151,42.171,922819
3558,2023-09-05 11:25:00,42.381,42.402,42.226,42.231,698114
3559,2023-09-05 11:20:00,42.511,42.541,42.371,42.381,751723
3560,2023-09-05 11:15:00,42.501,42.561,42.48,42.515,616817
3561,2023-09-05 11:10:00,42.526,42.581,42.49,42.501,600729
3562,2023-09-05 11:05:00,42.44,42.601,42.401,42.52,1068664
3563,2023-09-05 11:00:00,42.132,42.451,42.132,42.436,1194146
3564,2023-09-05 10:55:00,42.202,42.217,42.107,42.123,696739
3565,2023-09-05 10:50:00,42.137,42.298,42.102,42.206,1039353
3566,2023-09-05 10:45:00,42.008,42.197,41.853,42.142,1178023
3567,2023-09-05 10:40:00,41.933,42.013,41.863,42.002,801407
3568,2023-09-05 10:35:00,41.826,41.973,41.783,41.932,847925
3569,2023-09-05 10:30:00,41.888,41.943,41.823,41.828,816801
3570,2023-09-05 10:25:00,42.052,42.162,41.843,41.888,1572676
3571,2023-09-05 10:20:00,41.893,42.068,41.863,42.061,1190624
3572,2023-09-05 10:15:00,41.743,41.904,41.633,41.892,1181291
3573,2023-09-05 10:10:00,41.763,41.893,41.733,41.747,1185621
3574,2023-09-05 10:05:00,41.529,41.781,41.524,41.763,1531361
3575,2023-09-05 10:00:00,41.664,41.694,41.514,41.529,1228331
3576,2023-09-05 09:55:00,41.753,41.802,41.534,41.653,1403802
3577,2023-09-05 09:50:00,41.783,41.973,41.723,41.753,1213924
3578,2023-09-05 09:45:00,41.664,41.983,41.653,41.773,1528504
3579,2023-09-05 09:40:00,41.873,42.023,41.653,41.663,1912867
3580,2023-09-05 09:35:00,41.674,41.902,41.574,41.868,1465795
3581,2023-09-05 09:30:00,41.823,41.953,41.653,41.678,2368942
3582,2023-09-05 09:25:00,41.674,41.824,41.643,41.813,90736
3583,2023-09-05 09:20:00,41.624,41.714,41.623,41.703,82663
3584,2023-09-05 09:15:00,41.624,41.644,41.534,41.603,143875
3585,2023-09-05 09:10:00,41.694,41.724,41.603,41.623,89715
3586,2023-09-05 09:05:00,41.813,41.824,41.683,41.693,112040
3587,2023-09-05 09:00:00,41.893,41.943,41.783,41.813,88441
3588,2023-09-05 08:55:00,41.843,41.923,41.783,41.892,121734
3589,2023-09-05 08:50:00,41.873,41.963,41.823,41.833,124866
3590,2023-09-05 08:45:00,41.704,41.913,41.603,41.863,247298
3591,2023-09-05 08:40:00,41.474,41.774,41.474,41.693,121119
3592,2023-09-05 08:35:00,41.564,41.575,41.464,41.474,93250
3593,2023-09-05 08:30:00,41.604,41.604,41.524,41.574,178643
3594,2023-09-05 08:25:00,41.684,41.704,41.584,41.594,61325
3595,2023-09-05 08:20:00,41.753,41.774,41.653,41.693,56585
3596,2023-09-05 08:15:00,41.763,41.764,41.713,41.753,35490
3597,2023-09-05 08:10:00,41.763,41.774,41.723,41.763,25598
3598,2023-09-05 08:05:00,41.734,41.794,41.723,41.771,30653
3599,2023-09-05 08:00:00,41.763,42.063,41.322,41.723,516807
3600,2023-09-05 07:55:00,41.783,41.784,41.733,41.753,26539
3601,2023-09-05 07:50:00,41.793,41.804,41.783,41.793,44660
3602,2023-09-05 07:45:00,41.753,41.794,41.753,41.783,44943
3603,2023-09-05 07:40:00,41.743,41.764,41.723,41.753,28412
3604,2023-09-05 07:35:00,41.634,41.744,41.623,41.743,26090
3605,2023-09-05 07:30:00,41.614,41.674,41.584,41.633,27714
3606,2023-09-05 07:25:00,41.564,41.634,41.564,41.633,13488
3607,2023-09-05 07:20:00,41.644,41.644,41.534,41.564,29606
3608,2023-09-05 07:15:00,41.624,41.654,41.584,41.633,18730
3609,2023-09-05 07:10:00,41.624,41.634,41.574,41.623,17809
3610,2023-09-05 07:05:00,41.654,41.674,41.584,41.613,44548
3611,2023-09-05 07:00:00,41.763,41.774,41.643,41.653,65387
3612,2023-09-05 06:55:00,41.873,41.883,41.753,41.763,16962
3613,2023-09-05 06:50:00,41.793,41.874,41.793,41.853,10859
3614,2023-09-05 06:45:00,41.793,41.824,41.783,41.793,1806
3615,2023-09-05 06:40:00,41.793,41.824,41.783,41.793,4549
3616,2023-09-05 06:35:00,41.813,41.814,41.783,41.793,1733
3617,2023-09-05 06:30:00,41.823,41.824,41.783,41.823,7101
3618,2023-09-05 06:25:00,41.823,41.824,41.793,41.813,5555
3619,2023-09-05 06:20:00,41.823,41.834,41.803,41.823,6083
3620,2023-09-05 06:15:00,41.724,41.824,41.723,41.823,18718
3621,2023-09-05 06:10:00,41.734,41.764,41.713,41.733,15853
3622,2023-09-05 06:05:00,41.704,41.754,41.663,41.733,20117
3623,2023-09-05 06:00:00,41.714,41.724,41.673,41.703,16739
3624,2023-09-05 05:55:00,41.704,41.764,41.703,41.713,14279
3625,2023-09-05 05:50:00,41.704,41.714,41.683,41.713,30264
3626,2023-09-05 05:45:00,41.724,41.734,41.703,41.703,5874
3627,2023-09-05 05:40:00,41.743,41.764,41.703,41.723,11057
3628,2023-09-05 05:35:00,41.753,41.784,41.753,41.753,21712
3629,2023-09-05 05:30:00,41.714,41.764,41.703,41.753,12914
3630,2023-09-05 05:25:00,41.664,41.724,41.643,41.713,7987
3631,2023-09-05 05:20:00,41.654,41.674,41.633,41.673,6516
3632,2023-09-05 05:15:00,41.624,41.654,41.623,41.633,10294
3633,2023-09-05 05:10:00,41.584,41.634,41.584,41.623,15162
3634,2023-09-05 05:05:00,41.554,41.585,41.534,41.584,16975
3635,2023-09-05 05:00:00,41.584,41.614,41.554,41.564,8483
3636,2023-09-05 04:55:00,41.604,41.634,41.574,41.584,11690
3637,2023-09-05 04:50:00,41.524,41.624,41.514,41.603,10598
3638,2023-09-05 04:45:00,41.534,41.555,41.484,41.514,15872
3639,2023-09-05 04:40:00,41.445,41.545,41.434,41.544,13221
3640,2023-09-05 04:35:00,41.405,41.485,41.404,41.444,13096
3641,2023-09-05 04:30:00,41.375,41.435,41.334,41.404,19612
3642,2023-09-05 04:25:00,41.385,41.415,41.344,41.374,15328
3643,2023-09-05 04:20:00,41.335,41.405,41.324,41.364,23464
3644,2023-09-05 04:15:00,41.425,41.445,41.324,41.334,51607
3645,2023-09-05 04:10:00,41.654,41.654,41.414,41.424,59157
3646,2023-09-05 04:05:00,41.634,41.714,41.613,41.653,37317
3647,2023-09-05 04:00:00,41.684,42.143,41.613,41.633,80767
3648,2023-09-01 19:55:00,42.052,42.053,41.972,42.012,5756
3649,2023-09-01 19:50:00,42.072,42.073,42.032,42.042,8667
3650,2023-09-01 19:45:00,42.042,42.073,42.032,42.072,4738
3651,2023-09-01 19:40:00,42.072,42.083,41.952,42.032,28234
3652,2023-09-01 19:35:00,42.072,42.083,42.052,42.082,4509
3653,2023-09-01 19:30:00,42.067,42.083,42.052,42.072,3925
3654,2023-09-01 19:25:00,42.082,42.083,42.052,42.072,4037
3655,2023-09-01 19:20:00,42.072,42.083,42.052,42.082,7428
3656,2023-09-01 19:15:00,42.077,42.083,42.052,42.082,5718
3657,2023-09-01 19:10:00,42.062,42.083,42.062,42.081,2340
3658,2023-09-01 19:05:00,42.052,42.063,42.042,42.062,2596
3659,2023-09-01 19:00:00,42.032,42.063,42.032,42.042,553
3660,2023-09-01 18:55:00,42.062,42.073,42.032,42.032,3848
3661,2023-09-01 18:50:00,42.072,42.073,42.052,42.062,3808
3662,2023-09-01 18:45:00,42.082,42.083,42.062,42.072,4363
3663,2023-09-01 18:40:00,42.082,42.083,42.062,42.062,3212
3664,2023-09-01 18:35:00,42.072,42.083,42.062,42.062,3420
3665,2023-09-01 18:30:00,42.102,42.103,42.082,42.082,4646
3666,2023-09-01 18:25:00,42.072,42.103,42.072,42.092,5421
3667,2023-09-01 18:20:00,42.072,42.103,42.052,42.082,4517
3668,2023-09-01 18:15:00,42.072,42.073,42.052,42.072,2589
3669,2023-09-01 18:10:00,42.062,42.083,42.052,42.072,2065
3670,2023-09-01 18:05:00,42.062,42.073,42.042,42.062,1560
3671,2023-09-01 18:00:00,42.042,42.073,42.042,42.042,8898
3672,2023-09-01 17:55:00,42.023,42.053,42.022,42.042,2134
3673,2023-09-01 17:50:00,42.023,42.033,42.022,42.032,4426
3674,2023-09-01 17:45:00,42.013,42.043,42.008,42.022,2579
3675,2023-09-01 17:40:00,42.032,42.053,42.002,42.012,10852
3676,2023-09-01 17:35:00,42.052,42.053,42.012,42.042,2573
3677,2023-09-01 17:30:00,42.003,42.053,42.002,42.052,3701
3678,2023-09-01 17:25:00,42.052,42.072,42.002,42.004,9863
3679,2023-09-01 17:20:00,42.084,42.103,42.042,42.052,25429
3680,2023-09-01 17:15:00,42.092,42.113,42.082,42.082,6175
3681,2023-09-01 17:10:00,42.072,42.093,42.072,42.092,1606
3682,2023-09-01 17:05:00,42.092,42.093,42.072,42.072,8362
3683,2023-09-01 17:00:00,42.092,42.113,42.072,42.092,8971
3684,2023-09-01 16:55:00,42.092,42.103,42.072,42.087,25235
3685,2023-09-01 16:50:00,42.092,42.103,42.082,42.092,12656
3686,2023-09-01 16:45:00,42.092,42.103,42.072,42.082,72107
3687,2023-09-01 16:40:00,42.072,42.103,42.072,42.092,59497
3688,2023-09-01 16:35:00,42.112,42.113,42.062,42.082,9266
3689,2023-09-01 16:30:00,42.122,42.133,42.102,42.112,13723
3690,2023-09-01 16:25:00,42.112,42.123,42.102,42.112,7819
3691,2023-09-01 16:20:00,42.112,42.133,42.102,42.112,7908
3692,2023-09-01 16:15:00,42.142,42.153,42.102,42.112,20526
3693,2023-09-01 16:10:00,42.092,42.322,42.081,42.152,50903
3694,2023-09-01 16:05:00,42.062,42.093,42.052,42.092,50908
3695,2023-09-01 16:00:00,42.142,42.143,42.062,42.062,465284
3696,2023-09-01 15:55:00,42.132,42.192,42.047,42.142,1575574
3697,2023-09-01 15:50:00,42.003,42.143,41.922,42.127,1324137
3698,2023-09-01 15:45:00,42.032,42.043,41.962,42.007,678712
3699,2023-09-01 15:40:00,42.008,42.083,42.007,42.027,530716
3700,2023-09-01 15:35:00,42.082,42.103,41.962,42.007,500190
3701,2023-09-01 15:30:00,42.082,42.133,42.042,42.091,782915
3702,2023-09-01 15:25:00,41.993,42.083,41.972,42.077,650907
3703,2023-09-01 15:20:00,41.957,42.003,41.926,41.997,352584
3704,2023-09-01 15:15:00,41.978,42.003,41.926,41.957,413094
3705,2023-09-01 15:10:00,41.933,42.033,41.873,41.976,680496
3706,2023-09-01 15:05:00,41.923,41.943,41.853,41.922,451082
3707,2023-09-01 15:00:00,41.903,41.969,41.873,41.922,568353
3708,2023-09-01 14:55:00,41.843,41.913,41.818,41.902,447624
3709,2023-09-01 14:50:00,41.788,41.87,41.788,41.843,386334
3710,2023-09-01 14:45:00,41.778,41.864,41.773,41.783,421000
3711,2023-09-01 14:40:00,41.724,41.844,41.713,41.778,847923
3712,2023-09-01 14:35:00,41.694,41.734,41.643,41.723,620010
3713,2023-09-01 14:30:00,41.724,41.774,41.658,41.693,608597
3714,2023-09-01 14:25:00,41.803,41.823,41.673,41.733,604995
3715,2023-09-01 14:20:00,41.883,41.923,41.783,41.813,460509
3716,2023-09-01 14:15:00,41.973,41.978,41.873,41.887,296284
3717,2023-09-01 14:10:00,42.032,42.043,41.952,41.982,295602
3718,2023-09-01 14:05:00,42.032,42.053,41.977,42.037,292601
3719,2023-09-01 14:00:00,41.993,42.043,41.942,42.027,427166
3720,2023-09-01 13:55:00,41.923,42.023,41.912,41.997,399653
3721,2023-09-01 13:50:00,41.846,41.948,41.831,41.924,403497
3722,2023-09-01 13:45:00,41.853,41.888,41.783,41.843,309336
3723,2023-09-01 13:40:00,41.963,41.973,41.833,41.853,505691
3724,2023-09-01 13:35:00,41.943,42.013,41.937,41.972,337985
3725,2023-09-01 13:30:00,41.893,42.013,41.883,41.952,389278
3726,2023-09-01 13:25:00,41.978,41.978,41.892,41.896,443968
3727,2023-09-01 13:20:00,42.027,42.103,41.972,41.972,475879
3728,2023-09-01 13:15:00,41.998,42.053,41.973,42.028,366259
3729,2023-09-01 13:10:00,42.003,42.041,41.972,41.992,288476
3730,2023-09-01 13:05:00,42.008,42.063,41.972,42.002,390124
3731,2023-09-01 13:00:00,42.102,42.153,42.007,42.012,731192
3732,2023-09-01 12:55:00,42.097,42.128,42.082,42.112,391421
3733,2023-09-01 12:50:00,41.953,42.162,41.932,42.092,1038341
3734,2023-09-01 12:45:00,41.843,41.953,41.803,41.947,490009
3735,2023-09-01 12:40:00,41.873,41.933,41.803,41.848,645584
3736,2023-09-01 12:35:00,41.978,41.983,41.863,41.873,658061
3737,2023-09-01 12:30:00,41.963,42.063,41.942,41.976,571280
3738,2023-09-01 12:25:00,41.961,42.05,41.957,41.967,788299
3739,2023-09-01 12:20:00,41.848,41.973,41.843,41.962,838833
3740,2023-09-01 12:15:00,41.784,41.854,41.753,41.848,502254
3741,2023-09-01 12:10:00,41.773,41.834,41.753,41.788,456302
3742,2023-09-01 12:05:00,41.634,41.814,41.623,41.778,887758
3743,2023-09-01 12:00:00,41.674,41.714,41.603,41.643,811017
3744,2023-09-01 11:55:00,41.714,41.754,41.663,41.678,758365
3745,2023-09-01 11:50:00,41.687,41.734,41.623,41.713,1225904
3746,2023-09-01 11:45:00,41.923,41.928,41.653,41.683,1850899
3747,2023-09-01 11:40:00,41.963,42.003,41.902,41.922,542687
3748,2023-09-01 11:35:00,42.003,42.078,41.942,41.967,529896
3749,2023-09-01 11:30:00,42.037,42.103,41.912,42.003,800406
3750,2023-09-01 11:25:00,42.137,42.192,41.952,42.032,922052
3751,2023-09-01 11:20:00,42.113,42.153,42.072,42.132,794255
3752,2023-09-01 11:15:00,41.922,42.143,41.892,42.117,895631
3753,2023-09-01 11:10:00,41.933,42.018,41.863,41.913,644370
3754,2023-09-01 11:05:00,41.993,42.003,41.873,41.932,668303
3755,2023-09-01 11:00:00,41.933,42.033,41.892,42.002,934612
3756,2023-09-01 10:55:00,42.042,42.079,41.833,41.932,2152666
3757,2023-09-01 10:50:00,42.082,42.192,42.022,42.037,1144544
3758,2023-09-01 10:45:00,42.331,42.342,42.022,42.097,1436504
3759,2023-09-01 10:40:00,42.366,42.382,42.241,42.331,1022487
3760,2023-09-01 10:35:00,42.222,42.5,42.201,42.366,1124633
3761,2023-09-01 10:30:00,42.66,42.66,42.211,42.226,1410128
3762,2023-09-01 10:25:00,42.561,43.01,42.405,42.66,1033897
3763,2023-09-01 10:20:00,42.71,42.717,42.47,42.57,1296013
3764,2023-09-01 10:15:00,42.63,42.731,42.52,42.715,1433670
3765,2023-09-01 10:10:00,42.511,42.721,42.485,42.613,2047680
3766,2023-09-01 10:05:00,42.491,42.591,42.231,42.52,2111485
3767,2023-09-01 10:00:00,42.451,42.501,42.012,42.49,3457316
3768,2023-09-01 09:55:00,42.152,42.476,42.112,42.451,2590087
3769,2023-09-01 09:50:00,42.112,42.202,41.985,42.157,1851566
3770,2023-09-01 09:45:00,42.411,42.412,41.962,42.119,3541739
3771,2023-09-01 09:40:00,42.421,42.536,42.251,42.421,3238141
3772,2023-09-01 09:35:00,42.929,42.93,42.402,42.423,3422628
3773,2023-09-01 09:30:00,43.059,43.209,42.879,42.929,3575575
3774,2023-09-01 09:25:00,43.159,43.179,43.028,43.068,211062
3775,2023-09-01 09:20:00,43.139,43.289,43.113,43.158,377328
3776,2023-09-01 09:15:00,43.069,43.149,43.058,43.148,192122
3777,2023-09-01 09:10:00,43.139,43.179,43.009,43.068,218567
3778,2023-09-01 09:05:00,43.009,43.149,42.929,43.138,227961
3779,2023-09-01 09:00:00,43.099,43.189,42.979,43.014,337697
3780,2023-09-01 08:55:00,43.049,43.129,42.929,43.098,296960
3781,2023-09-01 08:50:00,43.089,43.219,42.939,43.038,413323
3782,2023-09-01 08:45:00,42.984,43.099,42.949,43.088,199696
3783,2023-09-01 08:40:00,43.159,43.169,42.949,42.989,367771
3784,2023-09-01 08:35:00,43.029,43.179,42.999,43.158,584729
3785,2023-09-01 08:30:00,42.6,43.039,42.431,43.028,1197509
3786,2023-09-01 08:25:00,42.561,42.611,42.53,42.609,76988
3787,2023-09-01 08:20:00,42.531,42.571,42.49,42.57,48328
3788,2023-09-01 08:15:00,42.561,42.59,42.51,42.52,136991
3789,2023-09-01 08:10:00,42.61,42.631,42.56,42.568,65532
3790,2023-09-01 08:05:00,42.571,42.621,42.57,42.62,20973
3791,2023-09-01 08:00:00,42.471,42.621,42.022,42.58,298878
3792,2023-09-01 07:55:00,42.551,42.561,42.52,42.54,11437
3793,2023-09-01 07:50:00,42.591,42.591,42.54,42.56,9073
3794,2023-09-01 07:45:00,42.61,42.611,42.57,42.58,27234
3795,2023-09-01 07:40:00,42.541,42.631,42.54,42.61,42139
3796,2023-09-01 07:35:00,42.521,42.551,42.5,42.54,9606
3797,2023-09-01 07:30:00,42.571,42.571,42.51,42.52,22236
3798,2023-09-01 07:25:00,42.581,42.611,42.55,42.57,17101
3799,2023-09-01 07:20:00,42.561,42.591,42.54,42.57,19513
3800,2023-09-01 07:15:00,42.531,42.581,42.53,42.56,20598
3801,2023-09-01 07:10:00,42.461,42.531,42.451,42.53,9880
3802,2023-09-01 07:05:00,42.521,42.531,42.46,42.46,50684
3803,2023-09-01 07:00:00,42.471,42.531,42.451,42.53,61971
3804,2023-09-01 06:55:00,42.441,42.481,42.431,42.47,6813
3805,2023-09-01 06:50:00,42.461,42.471,42.431,42.431,30157
3806,2023-09-01 06:45:00,42.511,42.521,42.441,42.46,14639
3807,2023-09-01 06:40:00,42.491,42.521,42.48,42.52,3866
3808,2023-09-01 06:35:00,42.501,42.501,42.47,42.5,6239
3809,2023-09-01 06:30:00,42.461,42.521,42.46,42.5,8014
3810,2023-09-01 06:25:00,42.481,42.501,42.46,42.47,3537
3811,2023-09-01 06:20:00,42.461,42.501,42.46,42.48,4987
3812,2023-09-01 06:15:00,42.491,42.501,42.451,42.451,7498
3813,2023-09-01 06:10:00,42.421,42.491,42.391,42.48,11643
3814,2023-09-01 06:05:00,42.371,42.432,42.351,42.431,2752
3815,2023-09-01 06:00:00,42.431,42.442,42.361,42.381,7928
3816,2023-09-01 05:55:00,42.431,42.432,42.391,42.431,9874
3817,2023-09-01 05:50:00,42.461,42.471,42.431,42.431,2093
3818,2023-09-01 05:45:00,42.451,42.481,42.451,42.46,6022
3819,2023-09-01 05:40:00,42.491,42.491,42.451,42.451,6097
3820,2023-09-01 05:35:00,42.491,42.501,42.441,42.5,7810
3821,2023-09-01 05:30:00,42.491,42.521,42.49,42.49,8842
3822,2023-09-01 05:25:00,42.521,42.521,42.49,42.5,4171
3823,2023-09-01 05:20:00,42.501,42.521,42.48,42.52,9969
3824,2023-09-01 05:15:00,42.471,42.511,42.46,42.51,30784
3825,2023-09-01 05:10:00,42.401,42.471,42.401,42.46,14579
3826,2023-09-01 05:05:00,42.381,42.402,42.351,42.401,8519
3827,2023-09-01 05:00:00,42.331,42.372,42.311,42.371,4187
3828,2023-09-01 04:55:00,42.361,42.362,42.311,42.331,5409
3829,2023-09-01 04:50:00,42.371,42.392,42.361,42.361,5231
3830,2023-09-01 04:45:00,42.361,42.382,42.301,42.361,7948
3831,2023-09-01 04:40:00,42.381,42.402,42.341,42.361,9587
3832,2023-09-01 04:35:00,42.371,42.402,42.331,42.371,7298
3833,2023-09-01 04:30:00,42.351,42.372,42.311,42.371,7916
3834,2023-09-01 04:25:00,42.331,42.342,42.321,42.341,3109
3835,2023-09-01 04:20:00,42.321,42.342,42.311,42.321,8287
3836,2023-09-01 04:15:00,42.401,42.402,42.311,42.331,6879
3837,2023-09-01 04:10:00,42.381,42.402,42.381,42.401,12122
3838,2023-09-01 04:05:00,42.371,42.392,42.331,42.381,11443
3839,2023-09-01 04:00:00,42.451,42.471,42.271,42.381,40142
