,timestamp,open,high,low,close,volume
0,2022-07-29 19:55:00,32.702,32.721,32.607,32.678,43542
1,2022-07-29 19:50:00,32.663,32.712,32.617,32.678,18599
2,2022-07-29 19:45:00,32.672,32.702,32.617,32.638,4567
3,2022-07-29 19:40:00,32.672,32.712,32.627,32.648,6564
4,2022-07-29 19:35:00,32.663,32.682,32.617,32.648,10447
5,2022-07-29 19:30:00,32.653,32.672,32.607,32.638,9763
6,2022-07-29 19:25:00,32.663,32.672,32.607,32.629,16680
7,2022-07-29 19:20:00,32.653,32.672,32.617,32.638,5950
8,2022-07-29 19:15:00,32.653,32.672,32.617,32.629,6787
9,2022-07-29 19:10:00,32.653,32.672,32.607,32.638,10179
10,2022-07-29 19:05:00,32.633,32.672,32.597,32.619,2000
11,2022-07-29 19:00:00,32.653,32.662,32.597,32.629,25627
12,2022-07-29 18:55:00,32.643,32.672,32.607,32.629,1622
13,2022-07-29 18:50:00,32.643,32.662,32.607,32.619,2147
14,2022-07-29 18:45:00,32.643,32.662,32.607,32.619,6194
15,2022-07-29 18:40:00,32.633,32.672,32.587,32.619,5085
16,2022-07-29 18:35:00,32.653,32.662,32.587,32.619,22937
17,2022-07-29 18:30:00,32.643,32.662,32.607,32.619,2796
18,2022-07-29 18:25:00,32.643,32.682,32.607,32.619,6451
19,2022-07-29 18:20:00,32.663,32.682,32.587,32.609,3847
20,2022-07-29 18:15:00,32.643,32.682,32.597,32.648,14344
21,2022-07-29 18:10:00,32.672,32.682,32.597,32.619,11938
22,2022-07-29 18:05:00,32.663,32.692,32.627,32.648,7306
23,2022-07-29 18:00:00,32.672,32.702,32.627,32.638,26390
24,2022-07-29 17:55:00,32.672,32.702,32.627,32.658,27862
25,2022-07-29 17:50:00,32.692,32.712,32.627,32.648,19595
26,2022-07-29 17:45:00,32.692,32.712,32.646,32.668,10363
27,2022-07-29 17:40:00,32.702,32.721,32.656,32.688,9653
28,2022-07-29 17:35:00,32.722,32.731,32.666,32.678,6286
29,2022-07-29 17:30:00,32.722,32.731,32.666,32.697,17377
30,2022-07-29 17:25:00,32.731,32.741,32.676,32.688,7659
31,2022-07-29 17:20:00,32.741,32.751,32.676,32.697,13601
32,2022-07-29 17:15:00,32.761,32.77,32.685,32.698,11939
33,2022-07-29 17:10:00,32.712,32.761,32.676,32.717,19830
34,2022-07-29 17:05:00,32.722,32.751,32.676,32.688,54252
35,2022-07-29 17:00:00,32.8,32.81,32.685,32.717,36527
36,2022-07-29 16:55:00,32.79,32.81,32.744,32.766,78142
37,2022-07-29 16:50:00,32.78,32.8,32.735,32.766,48928
38,2022-07-29 16:45:00,32.771,32.8,32.725,32.756,29567
39,2022-07-29 16:40:00,32.761,32.78,32.725,32.737,18651
40,2022-07-29 16:35:00,32.78,32.79,32.715,32.737,32372
41,2022-07-29 16:30:00,32.771,32.79,32.725,32.746,71369
42,2022-07-29 16:25:00,32.79,32.8,32.725,32.746,22423
43,2022-07-29 16:20:00,32.79,32.81,32.744,32.761,31494
44,2022-07-29 16:15:00,32.741,32.8,32.705,32.766,77168
45,2022-07-29 16:10:00,32.712,32.78,32.666,32.717,109225
46,2022-07-29 16:05:00,32.751,32.81,32.676,32.697,110767
47,2022-07-29 16:00:00,32.771,32.839,32.705,32.717,345561
48,2022-07-29 15:55:00,32.83,32.859,32.695,32.746,2651733
49,2022-07-29 15:50:00,32.987,33.065,32.764,32.805,3868285
50,2022-07-29 15:45:00,32.957,33.036,32.901,32.957,1964209
51,2022-07-29 15:40:00,32.913,33.006,32.813,32.934,1734834
52,2022-07-29 15:35:00,32.967,33.001,32.872,32.894,1281874
53,2022-07-29 15:30:00,32.928,32.977,32.803,32.938,1315526
54,2022-07-29 15:25:00,32.847,32.947,32.803,32.899,1368208
55,2022-07-29 15:20:00,32.771,32.859,32.695,32.825,1366300
56,2022-07-29 15:15:00,32.771,32.79,32.656,32.751,916479
57,2022-07-29 15:10:00,32.702,32.79,32.646,32.751,753697
58,2022-07-29 15:05:00,32.81,32.825,32.656,32.678,1295735
59,2022-07-29 15:00:00,32.692,32.829,32.617,32.788,1669950
60,2022-07-29 14:55:00,32.672,32.712,32.578,32.668,644232
61,2022-07-29 14:50:00,32.633,32.702,32.568,32.643,638659
62,2022-07-29 14:45:00,32.604,32.697,32.553,32.614,1295857
63,2022-07-29 14:40:00,32.692,32.721,32.548,32.573,1533112
64,2022-07-29 14:35:00,32.663,32.8,32.622,32.668,1414129
65,2022-07-29 14:30:00,32.643,32.692,32.578,32.643,1038729
66,2022-07-29 14:25:00,32.623,32.672,32.519,32.619,1317892
67,2022-07-29 14:20:00,32.604,32.643,32.521,32.594,1044957
68,2022-07-29 14:15:00,32.517,32.623,32.44,32.58,939530
69,2022-07-29 14:10:00,32.564,32.594,32.47,32.496,1114500
70,2022-07-29 14:05:00,32.456,32.584,32.411,32.535,1068456
71,2022-07-29 14:00:00,32.456,32.495,32.342,32.432,901288
72,2022-07-29 13:55:00,32.489,32.549,32.381,32.423,1263314
73,2022-07-29 13:50:00,32.437,32.515,32.381,32.472,885110
74,2022-07-29 13:45:00,32.402,32.476,32.342,32.413,1516656
75,2022-07-29 13:40:00,32.338,32.427,32.273,32.376,1060473
76,2022-07-29 13:35:00,32.25,32.348,32.175,32.305,633089
77,2022-07-29 13:30:00,32.211,32.338,32.165,32.226,973658
78,2022-07-29 13:25:00,32.289,32.318,32.146,32.187,907594
79,2022-07-29 13:20:00,32.289,32.368,32.224,32.27,1081154
80,2022-07-29 13:15:00,32.26,32.328,32.205,32.265,1014891
81,2022-07-29 13:10:00,32.221,32.279,32.116,32.226,806466
82,2022-07-29 13:05:00,32.167,32.24,32.108,32.202,595141
83,2022-07-29 13:00:00,32.23,32.25,32.097,32.139,1044764
84,2022-07-29 12:55:00,32.26,32.289,32.167,32.208,1016964
85,2022-07-29 12:50:00,32.112,32.274,32.077,32.236,1392911
86,2022-07-29 12:45:00,32.054,32.171,31.964,32.098,1465279
87,2022-07-29 12:40:00,32.049,32.073,31.931,32.03,819481
88,2022-07-29 12:35:00,31.991,32.083,31.832,32.03,1419932
89,2022-07-29 12:30:00,31.965,32.053,31.92,31.97,762106
90,2022-07-29 12:25:00,31.965,32.014,31.863,31.942,717882
91,2022-07-29 12:20:00,31.999,32.034,31.891,31.942,840922
92,2022-07-29 12:15:00,31.867,32.063,31.827,31.979,1175944
93,2022-07-29 12:10:00,31.828,32.004,31.793,31.843,895998
94,2022-07-29 12:05:00,31.985,32.004,31.743,31.804,1658264
95,2022-07-29 12:00:00,31.975,32.078,31.91,31.961,1303049
96,2022-07-29 11:55:00,31.955,32.024,31.871,31.946,1227012
97,2022-07-29 11:50:00,31.857,31.994,31.773,31.932,1611461
98,2022-07-29 11:45:00,31.877,31.945,31.793,31.825,1681400
99,2022-07-29 11:40:00,31.724,31.896,31.665,31.853,1623050
100,2022-07-29 11:35:00,31.508,31.753,31.459,31.706,1832911
101,2022-07-29 11:30:00,31.543,31.66,31.39,31.483,1663081
102,2022-07-29 11:25:00,31.611,31.668,31.449,31.51,2158875
103,2022-07-29 11:20:00,31.897,31.925,31.567,31.598,1735660
104,2022-07-29 11:15:00,31.877,31.925,31.685,31.875,1556606
105,2022-07-29 11:10:00,31.916,31.935,31.734,31.853,1452123
106,2022-07-29 11:05:00,31.842,32.019,31.797,31.892,1493813
107,2022-07-29 11:00:00,31.985,32.043,31.793,31.814,2110148
108,2022-07-29 10:55:00,32.279,32.333,31.94,31.971,1920766
109,2022-07-29 10:50:00,32.343,32.387,32.185,32.256,1365529
110,2022-07-29 10:45:00,32.407,32.486,32.273,32.319,1896627
111,2022-07-29 10:40:00,32.348,32.431,32.234,32.374,1693543
112,2022-07-29 10:35:00,32.181,32.368,32.116,32.319,1510430
113,2022-07-29 10:30:00,32.378,32.481,32.126,32.157,2185433
114,2022-07-29 10:25:00,32.27,32.495,32.205,32.359,3310308
115,2022-07-29 10:20:00,32.171,32.299,32.048,32.246,1559885
116,2022-07-29 10:15:00,32.163,32.24,32.008,32.143,1748678
117,2022-07-29 10:10:00,32.201,32.309,32.107,32.139,1686591
118,2022-07-29 10:05:00,32.235,32.377,32.126,32.177,2893234
119,2022-07-29 10:00:00,32.004,32.279,31.823,32.207,4241789
120,2022-07-29 09:55:00,31.975,32.166,31.881,31.972,2366998
121,2022-07-29 09:50:00,31.965,32.073,31.861,31.951,2258182
122,2022-07-29 09:45:00,31.847,32.112,31.802,31.951,4073182
123,2022-07-29 09:40:00,31.533,32.014,31.469,31.819,5088319
124,2022-07-29 09:35:00,31.327,31.572,31.076,31.51,3618813
125,2022-07-29 09:30:00,31.562,31.69,31.272,31.308,5883072
126,2022-07-29 09:25:00,31.621,31.631,31.488,31.529,290057
127,2022-07-29 09:20:00,31.513,31.64,31.469,31.598,171755
128,2022-07-29 09:15:00,31.533,31.552,31.449,31.5,246447
129,2022-07-29 09:10:00,31.562,31.591,31.439,31.519,161224
130,2022-07-29 09:05:00,31.582,31.621,31.449,31.539,190715
131,2022-07-29 09:00:00,31.798,31.808,31.528,31.559,247219
132,2022-07-29 08:55:00,31.798,31.817,31.734,31.765,119982
133,2022-07-29 08:50:00,31.71,31.837,31.665,31.775,229950
134,2022-07-29 08:45:00,31.651,31.749,31.616,31.686,153160
135,2022-07-29 08:40:00,31.611,31.709,31.567,31.627,171889
136,2022-07-29 08:35:00,31.632,31.768,31.518,31.588,255979
137,2022-07-29 08:30:00,31.808,31.935,31.567,31.608,399219
138,2022-07-29 08:25:00,31.877,31.955,31.812,31.853,122007
139,2022-07-29 08:20:00,31.867,31.876,31.783,31.843,49750
140,2022-07-29 08:15:00,31.887,31.896,31.773,31.843,154946
141,2022-07-29 08:10:00,31.966,31.976,31.851,31.863,149321
142,2022-07-29 08:05:00,32.004,32.024,31.92,31.951,114038
143,2022-07-29 08:00:00,31.995,32.525,31.812,31.971,443158
144,2022-07-29 07:55:00,31.975,32.004,31.9,31.971,44292
145,2022-07-29 07:50:00,31.926,32.024,31.861,31.951,73649
146,2022-07-29 07:45:00,31.916,31.975,31.851,31.902,53194
147,2022-07-29 07:40:00,31.936,31.975,31.812,31.883,75698
148,2022-07-29 07:35:00,31.916,31.984,31.871,31.932,61052
149,2022-07-29 07:30:00,31.955,32.004,31.881,31.892,52823
150,2022-07-29 07:25:00,32.014,32.024,31.9,31.932,100102
151,2022-07-29 07:20:00,32.063,32.083,31.94,32.01,91723
152,2022-07-29 07:15:00,32.044,32.083,31.979,32.04,32766
153,2022-07-29 07:10:00,32.014,32.073,31.969,32.02,48235
154,2022-07-29 07:05:00,32.073,32.092,31.979,31.991,78471
155,2022-07-29 07:00:00,32.098,32.142,32.018,32.05,80315
156,2022-07-29 06:55:00,32.142,32.151,32.057,32.069,16961
157,2022-07-29 06:50:00,32.152,32.21,32.097,32.108,13234
158,2022-07-29 06:45:00,32.152,32.161,32.087,32.118,2884
159,2022-07-29 06:40:00,32.211,32.22,32.146,32.157,7884
160,2022-07-29 06:35:00,32.142,32.23,32.097,32.187,18506
161,2022-07-29 06:30:00,32.083,32.151,32.048,32.108,20559
162,2022-07-29 06:25:00,32.093,32.122,32.038,32.059,18666
163,2022-07-29 06:20:00,32.112,32.122,32.038,32.059,19187
164,2022-07-29 06:15:00,32.152,32.161,32.038,32.059,12560
165,2022-07-29 06:10:00,32.211,32.22,32.116,32.138,81444
166,2022-07-29 06:05:00,32.171,32.24,32.126,32.167,36171
167,2022-07-29 06:00:00,32.221,32.25,32.067,32.128,11588
168,2022-07-29 05:55:00,32.132,32.23,32.097,32.187,13268
169,2022-07-29 05:50:00,32.162,32.191,32.087,32.108,52685
170,2022-07-29 05:45:00,32.142,32.181,32.077,32.148,14784
171,2022-07-29 05:40:00,32.152,32.191,32.116,32.128,22790
172,2022-07-29 05:35:00,32.181,32.21,32.116,32.138,56984
173,2022-07-29 05:30:00,32.152,32.22,32.116,32.157,28259
174,2022-07-29 05:25:00,32.093,32.161,32.038,32.128,59166
175,2022-07-29 05:20:00,32.034,32.102,31.969,32.069,26400
176,2022-07-29 05:15:00,32.063,32.092,32.008,32.03,38691
177,2022-07-29 05:10:00,31.985,32.073,31.94,32.04,25872
178,2022-07-29 05:05:00,32.004,32.014,31.94,31.961,14290
179,2022-07-29 05:00:00,32.054,32.063,31.95,31.981,43300
180,2022-07-29 04:55:00,31.975,32.083,31.93,32.04,33405
181,2022-07-29 04:50:00,31.955,32.004,31.891,31.951,86993
182,2022-07-29 04:45:00,32.122,32.142,31.94,31.951,88648
183,2022-07-29 04:40:00,32.181,32.23,32.067,32.099,49379
184,2022-07-29 04:35:00,32.27,32.289,32.146,32.157,63169
185,2022-07-29 04:30:00,32.309,32.318,32.214,32.236,18718
186,2022-07-29 04:25:00,32.24,32.318,32.165,32.285,104796
187,2022-07-29 04:20:00,32.378,32.387,32.175,32.197,88646
188,2022-07-29 04:15:00,32.348,32.387,32.264,32.344,73917
189,2022-07-29 04:10:00,32.329,32.387,32.283,32.324,167638
190,2022-07-29 04:05:00,32.26,32.368,32.214,32.305,169137
191,2022-07-29 04:00:00,32.27,32.328,31.94,32.236,155791
192,2022-07-28 19:55:00,32.221,32.25,32.165,32.207,42581
193,2022-07-28 19:50:00,32.181,32.23,32.136,32.177,32851
194,2022-07-28 19:45:00,32.152,32.191,32.107,32.157,49470
195,2022-07-28 19:40:00,32.162,32.171,32.107,32.138,17632
196,2022-07-28 19:35:00,32.181,32.191,32.097,32.128,19255
197,2022-07-28 19:30:00,32.191,32.21,32.136,32.148,30247
198,2022-07-28 19:25:00,32.112,32.21,32.077,32.177,55191
199,2022-07-28 19:20:00,32.083,32.122,32.038,32.069,58572
200,2022-07-28 19:15:00,32.103,32.112,32.048,32.059,26977
201,2022-07-28 19:10:00,32.093,32.112,32.048,32.079,46728
202,2022-07-28 19:05:00,32.122,32.132,32.048,32.059,16219
203,2022-07-28 19:00:00,32.132,32.151,32.057,32.099,68077
204,2022-07-28 18:55:00,32.122,32.151,32.048,32.108,61159
205,2022-07-28 18:50:00,32.152,32.161,32.057,32.099,33888
206,2022-07-28 18:45:00,32.201,32.21,32.107,32.118,12156
207,2022-07-28 18:40:00,32.152,32.21,32.107,32.177,16729
208,2022-07-28 18:35:00,32.191,32.21,32.097,32.118,15866
209,2022-07-28 18:30:00,32.24,32.26,32.146,32.167,42428
210,2022-07-28 18:25:00,32.191,32.26,32.156,32.207,22304
211,2022-07-28 18:20:00,32.211,32.22,32.116,32.167,44940
212,2022-07-28 18:15:00,32.27,32.279,32.175,32.197,29800
213,2022-07-28 18:10:00,32.211,32.279,32.146,32.246,42595
214,2022-07-28 18:05:00,32.152,32.23,32.107,32.187,57938
215,2022-07-28 18:00:00,32.368,32.377,32.048,32.118,83937
216,2022-07-28 17:55:00,32.388,32.427,32.332,32.364,53037
217,2022-07-28 17:50:00,32.279,32.427,32.244,32.383,98691
218,2022-07-28 17:45:00,32.201,32.299,32.156,32.256,27387
219,2022-07-28 17:40:00,32.181,32.23,32.126,32.177,38510
220,2022-07-28 17:35:00,32.25,32.26,32.126,32.148,78703
221,2022-07-28 17:30:00,32.319,32.348,32.224,32.236,37707
222,2022-07-28 17:25:00,32.27,32.377,32.234,32.295,86921
223,2022-07-28 17:20:00,32.397,32.427,32.256,32.315,128359
224,2022-07-28 17:15:00,32.446,32.456,32.342,32.373,123253
225,2022-07-28 17:10:00,32.515,32.525,32.381,32.413,79132
226,2022-07-28 17:05:00,32.496,32.525,32.43,32.491,94612
227,2022-07-28 17:00:00,32.427,32.518,32.381,32.462,137057
228,2022-07-28 16:55:00,32.397,32.466,32.342,32.403,160709
229,2022-07-28 16:50:00,32.368,32.427,31.027,32.383,183465
230,2022-07-28 16:45:00,32.348,32.417,32.283,32.354,321119
231,2022-07-28 16:40:00,32.437,32.476,32.234,32.315,406873
232,2022-07-28 16:35:00,32.142,32.623,32.097,32.423,918748
233,2022-07-28 16:30:00,31.729,32.289,31.39,32.118,1430934
234,2022-07-28 16:25:00,31.621,31.758,31.577,31.726,323060
235,2022-07-28 16:20:00,31.661,31.719,31.596,31.608,188533
236,2022-07-28 16:15:00,31.533,31.699,31.488,31.647,257384
237,2022-07-28 16:10:00,31.582,31.611,31.449,31.51,300848
238,2022-07-28 16:05:00,31.651,31.719,31.508,31.549,336364
239,2022-07-28 16:00:00,31.071,31.817,30.929,31.627,1129945
240,2022-07-28 15:55:00,31.002,31.11,30.88,31.048,2495564
241,2022-07-28 15:50:00,31.012,31.13,30.929,30.97,2238125
242,2022-07-28 15:45:00,30.953,31.051,30.846,30.999,1384972
243,2022-07-28 15:40:00,30.983,31.002,30.841,30.935,798277
244,2022-07-28 15:35:00,31.101,31.12,30.875,30.955,1569937
245,2022-07-28 15:30:00,31.146,31.159,31.027,31.07,647262
246,2022-07-28 15:25:00,31.148,31.169,31.03,31.125,838544
247,2022-07-28 15:20:00,31.091,31.198,31.037,31.117,969969
248,2022-07-28 15:15:00,31.101,31.12,30.958,31.068,901250
249,2022-07-28 15:10:00,31.092,31.12,30.958,31.078,989827
250,2022-07-28 15:05:00,31.16,31.267,30.998,31.073,2117259
251,2022-07-28 15:00:00,31.061,31.188,30.988,31.137,1253426
252,2022-07-28 14:55:00,31.08,31.11,30.95,31.038,956170
253,2022-07-28 14:50:00,30.998,31.1,30.909,31.053,1170141
254,2022-07-28 14:45:00,30.963,31.021,30.89,30.979,775658
255,2022-07-28 14:40:00,30.914,31.002,30.86,30.935,1193935
256,2022-07-28 14:35:00,30.875,30.923,30.801,30.883,746969
257,2022-07-28 14:30:00,30.855,30.913,30.752,30.855,946138
258,2022-07-28 14:25:00,30.85,30.894,30.775,30.823,745476
259,2022-07-28 14:20:00,30.835,30.874,30.733,30.827,666930
260,2022-07-28 14:15:00,30.786,30.894,30.743,30.823,1112715
261,2022-07-28 14:10:00,30.826,30.874,30.713,30.759,1046812
262,2022-07-28 14:05:00,30.904,30.923,30.713,30.81,1530479
263,2022-07-28 14:00:00,31.003,31.031,30.851,30.882,1214857
264,2022-07-28 13:55:00,30.973,31.08,30.929,30.98,1313908
265,2022-07-28 13:50:00,31.002,31.041,30.895,30.945,1145237
266,2022-07-28 13:45:00,30.978,31.041,30.89,30.985,1433395
267,2022-07-28 13:40:00,30.885,31.071,30.851,30.955,2431897
268,2022-07-28 13:35:00,30.767,30.97,30.723,30.864,2755404
269,2022-07-28 13:30:00,30.698,30.786,30.644,30.744,1675542
270,2022-07-28 13:25:00,30.649,30.727,30.595,30.675,1085702
271,2022-07-28 13:20:00,30.551,30.704,30.507,30.626,1629079
272,2022-07-28 13:15:00,30.521,30.569,30.438,30.531,790816
273,2022-07-28 13:10:00,30.413,30.56,30.35,30.503,1339822
274,2022-07-28 13:05:00,30.334,30.442,30.247,30.391,1036520
275,2022-07-28 13:00:00,30.393,30.451,30.213,30.307,1921849
276,2022-07-28 12:55:00,30.572,30.585,30.36,30.371,711798
277,2022-07-28 12:50:00,30.492,30.584,30.37,30.55,1171914
278,2022-07-28 12:45:00,30.521,30.609,30.438,30.469,751037
279,2022-07-28 12:40:00,30.56,30.574,30.458,30.507,489896
280,2022-07-28 12:35:00,30.541,30.604,30.468,30.534,689102
281,2022-07-28 12:30:00,30.58,30.658,30.438,30.508,1305604
282,2022-07-28 12:25:00,30.56,30.619,30.448,30.557,1299176
283,2022-07-28 12:20:00,30.393,30.565,30.294,30.533,1566878
284,2022-07-28 12:15:00,30.521,30.54,30.321,30.366,1317346
285,2022-07-28 12:10:00,30.506,30.589,30.458,30.499,924426
286,2022-07-28 12:05:00,30.595,30.619,30.448,30.489,1180612
287,2022-07-28 12:00:00,30.541,30.619,30.497,30.584,1118742
288,2022-07-28 11:55:00,30.678,30.707,30.498,30.518,1637489
289,2022-07-28 11:50:00,30.58,30.776,30.546,30.661,2505838
290,2022-07-28 11:45:00,30.619,30.697,30.419,30.562,1785179
291,2022-07-28 11:40:00,30.482,30.668,30.36,30.598,1985815
292,2022-07-28 11:35:00,30.482,30.54,30.35,30.459,1390926
293,2022-07-28 11:30:00,30.555,30.599,30.38,30.459,2356559
294,2022-07-28 11:25:00,30.408,30.569,30.37,30.533,3064212
295,2022-07-28 11:20:00,30.165,30.442,30.066,30.383,2357744
296,2022-07-28 11:15:00,30.246,30.324,30.095,30.14,2088288
297,2022-07-28 11:10:00,30.19,30.28,30.046,30.217,2311908
298,2022-07-28 11:05:00,30.113,30.309,30.075,30.165,2694688
299,2022-07-28 11:00:00,29.917,30.176,29.851,30.086,3302594
300,2022-07-28 10:55:00,29.681,29.931,29.604,29.89,2890986
301,2022-07-28 10:50:00,29.665,29.754,29.585,29.659,3439826
302,2022-07-28 10:45:00,29.342,29.675,29.271,29.636,2673183
303,2022-07-28 10:40:00,29.37,29.454,29.182,29.311,1246396
304,2022-07-28 10:35:00,29.165,29.485,29.124,29.35,2260228
305,2022-07-28 10:30:00,29.165,29.248,28.967,29.134,1745765
306,2022-07-28 10:25:00,29.215,29.307,28.986,29.154,1852288
307,2022-07-28 10:20:00,29.342,29.4,29.045,29.193,1778254
308,2022-07-28 10:15:00,29.318,29.474,29.231,29.321,1467642
309,2022-07-28 10:10:00,29.244,29.395,29.104,29.296,1851214
310,2022-07-28 10:05:00,29.499,29.557,29.124,29.214,2492697
311,2022-07-28 10:00:00,29.288,29.577,29.233,29.483,3193103
312,2022-07-28 09:55:00,29.126,29.351,29.078,29.262,2945093
313,2022-07-28 09:50:00,29.382,29.469,28.996,29.115,3296107
314,2022-07-28 09:45:00,29.499,29.508,29.163,29.36,5139655
315,2022-07-28 09:40:00,29.981,30.058,29.428,29.468,3795382
316,2022-07-28 09:35:00,30.207,30.353,29.918,29.949,3829047
317,2022-07-28 09:30:00,30.133,30.481,29.992,30.184,5672656
318,2022-07-28 09:25:00,30.128,30.235,30.016,30.126,231711
319,2022-07-28 09:20:00,30.113,30.167,30.036,30.116,220158
320,2022-07-28 09:15:00,30.01,30.137,29.948,30.096,212853
321,2022-07-28 09:10:00,29.863,30.049,29.83,29.998,210700
322,2022-07-28 09:05:00,29.883,29.95,29.801,29.851,182242
323,2022-07-28 09:00:00,29.942,29.98,29.791,29.851,189304
324,2022-07-28 08:55:00,30.118,30.127,29.84,29.91,404474
325,2022-07-28 08:50:00,30.138,30.206,29.997,30.086,396811
326,2022-07-28 08:45:00,29.942,30.265,29.879,30.126,878332
327,2022-07-28 08:40:00,29.706,29.98,29.663,29.91,299710
328,2022-07-28 08:35:00,29.784,29.941,29.595,29.674,609597
329,2022-07-28 08:30:00,29.617,29.823,29.29,29.761,523478
330,2022-07-28 08:25:00,29.558,29.626,29.516,29.595,58802
331,2022-07-28 08:20:00,29.549,29.616,29.487,29.537,58847
332,2022-07-28 08:15:00,29.549,29.587,29.487,29.527,26522
333,2022-07-28 08:10:00,29.549,29.597,29.506,29.527,41452
334,2022-07-28 08:05:00,29.558,29.577,29.487,29.507,52066
335,2022-07-28 08:00:00,29.706,29.872,29.223,29.527,360858
336,2022-07-28 07:55:00,29.647,29.665,29.595,29.625,10153
337,2022-07-28 07:50:00,29.608,29.665,29.575,29.635,14759
338,2022-07-28 07:45:00,29.608,29.646,29.575,29.595,10544
339,2022-07-28 07:40:00,29.627,29.636,29.565,29.586,29687
340,2022-07-28 07:35:00,29.676,29.685,29.585,29.615,36418
341,2022-07-28 07:30:00,29.716,29.724,29.634,29.654,27653
342,2022-07-28 07:25:00,29.716,29.764,29.663,29.694,22305
343,2022-07-28 07:20:00,29.755,29.764,29.663,29.694,31901
344,2022-07-28 07:15:00,29.735,29.773,29.683,29.733,32239
345,2022-07-28 07:10:00,29.716,29.764,29.644,29.723,25382
346,2022-07-28 07:05:00,29.706,29.734,29.663,29.703,35740
347,2022-07-28 07:00:00,29.657,29.734,29.624,29.684,138704
348,2022-07-28 06:55:00,29.676,29.685,29.545,29.645,18067
349,2022-07-28 06:50:00,29.647,29.675,29.604,29.645,6311
350,2022-07-28 06:45:00,29.666,29.685,29.614,29.625,385378
351,2022-07-28 06:40:00,29.676,29.685,29.624,29.654,298155
352,2022-07-28 06:35:00,29.617,29.685,29.555,29.645,98177
353,2022-07-28 06:30:00,29.657,29.665,29.585,29.595,25339
354,2022-07-28 06:25:00,29.578,29.675,29.545,29.645,28663
355,2022-07-28 06:20:00,29.558,29.587,29.496,29.556,54026
356,2022-07-28 06:15:00,29.499,29.577,29.467,29.537,13080
357,2022-07-28 06:10:00,29.539,29.557,29.477,29.488,19531
358,2022-07-28 06:05:00,29.578,29.587,29.506,29.517,20957
359,2022-07-28 06:00:00,29.549,29.616,29.506,29.546,26298
360,2022-07-28 05:55:00,29.48,29.567,29.438,29.527,37456
361,2022-07-28 05:50:00,29.47,29.498,29.408,29.448,28056
362,2022-07-28 05:45:00,29.431,29.518,29.398,29.438,60365
363,2022-07-28 05:40:00,29.421,29.449,29.369,29.419,30077
364,2022-07-28 05:35:00,29.313,29.43,29.281,29.399,25883
365,2022-07-28 05:30:00,29.283,29.341,29.251,29.311,13812
366,2022-07-28 05:25:00,29.244,29.312,29.212,29.272,84770
367,2022-07-28 05:20:00,29.313,29.321,29.192,29.213,14794
368,2022-07-28 05:15:00,29.254,29.302,29.212,29.272,19274
369,2022-07-28 05:10:00,29.313,29.341,29.222,29.232,25350
370,2022-07-28 05:05:00,29.401,29.41,29.281,29.291,26318
371,2022-07-28 05:00:00,29.382,29.439,29.339,29.38,35974
372,2022-07-28 04:55:00,29.372,29.4,29.33,29.35,17725
373,2022-07-28 04:50:00,29.431,29.459,29.32,29.35,19732
374,2022-07-28 04:45:00,29.45,29.479,29.388,29.399,36004
375,2022-07-28 04:40:00,29.391,29.469,29.349,29.419,29388
376,2022-07-28 04:35:00,29.431,29.459,29.359,29.389,12125
377,2022-07-28 04:30:00,29.499,29.508,29.388,29.399,26445
378,2022-07-28 04:25:00,29.558,29.567,29.457,29.478,40795
379,2022-07-28 04:20:00,29.558,29.577,29.487,29.507,34507
380,2022-07-28 04:15:00,29.529,29.597,29.477,29.537,45795
381,2022-07-28 04:10:00,29.47,29.567,29.428,29.517,28505
382,2022-07-28 04:05:00,29.588,29.597,29.388,29.458,59855
383,2022-07-28 04:00:00,29.47,29.764,29.438,29.566,122323
384,2022-07-27 19:55:00,29.892,29.921,29.83,29.87,62162
385,2022-07-27 19:50:00,29.942,29.97,29.859,29.87,49565
386,2022-07-27 19:45:00,29.932,29.95,29.879,29.919,95299
387,2022-07-27 19:40:00,29.932,29.96,29.899,29.919,46332
388,2022-07-27 19:35:00,29.961,29.98,29.899,29.91,16701
389,2022-07-27 19:30:00,29.951,29.96,29.889,29.919,11493
390,2022-07-27 19:25:00,29.951,29.98,29.909,29.939,12819
391,2022-07-27 19:20:00,29.951,29.98,29.909,29.929,17282
392,2022-07-27 19:15:00,29.981,30.009,29.928,29.939,19088
393,2022-07-27 19:10:00,29.991,30.009,29.938,29.959,21431
394,2022-07-27 19:05:00,29.951,30.029,29.909,29.978,33686
395,2022-07-27 19:00:00,29.912,29.96,29.869,29.929,15833
396,2022-07-27 18:55:00,29.912,29.931,29.869,29.89,21401
397,2022-07-27 18:50:00,29.912,29.931,29.869,29.89,10522
398,2022-07-27 18:45:00,29.892,29.921,29.859,29.89,11754
399,2022-07-27 18:40:00,29.912,29.921,29.85,29.861,21505
400,2022-07-27 18:35:00,29.951,29.96,29.859,29.9,24100
401,2022-07-27 18:30:00,29.912,29.97,29.859,29.919,42224
402,2022-07-27 18:25:00,29.883,29.911,29.84,29.88,19522
403,2022-07-27 18:20:00,29.892,29.901,29.85,29.861,4341
404,2022-07-27 18:15:00,29.902,29.921,29.85,29.88,8064
405,2022-07-27 18:10:00,29.902,29.931,29.85,29.88,13122
406,2022-07-27 18:05:00,29.942,29.96,29.85,29.88,20165
407,2022-07-27 18:00:00,29.942,29.95,29.859,29.919,22061
408,2022-07-27 17:55:00,29.883,29.95,29.84,29.919,13817
409,2022-07-27 17:50:00,29.912,29.921,29.83,29.851,11733
410,2022-07-27 17:45:00,29.961,29.97,29.85,29.861,8993
411,2022-07-27 17:40:00,29.912,29.979,29.879,29.939,8160
412,2022-07-27 17:35:00,29.932,29.99,29.879,29.9,20997
413,2022-07-27 17:30:00,29.961,29.99,29.879,29.89,14670
414,2022-07-27 17:25:00,29.961,29.999,29.928,29.949,6387
415,2022-07-27 17:20:00,29.981,29.99,29.899,29.949,28009
416,2022-07-27 17:15:00,29.951,29.99,29.879,29.959,24660
417,2022-07-27 17:10:00,29.873,29.97,29.83,29.939,38628
418,2022-07-27 17:05:00,29.873,29.911,29.83,29.861,24778
419,2022-07-27 17:00:00,29.922,29.96,29.83,29.841,24410
420,2022-07-27 16:55:00,29.902,30.206,29.859,29.91,29090
421,2022-07-27 16:50:00,29.951,29.96,29.869,29.88,107628
422,2022-07-27 16:45:00,29.951,29.97,29.909,29.929,28371
423,2022-07-27 16:40:00,29.971,29.999,29.918,29.929,78215
424,2022-07-27 16:35:00,29.971,30.019,29.928,29.949,84554
425,2022-07-27 16:30:00,29.961,29.98,29.899,29.939,130844
426,2022-07-27 16:25:00,30.02,30.039,29.918,29.939,134486
427,2022-07-27 16:20:00,29.794,30.088,29.761,29.988,253862
428,2022-07-27 16:15:00,29.853,29.921,29.752,29.782,288623
429,2022-07-27 16:10:00,29.804,29.901,29.712,29.831,365506
430,2022-07-27 16:05:00,30.01,30.049,29.585,29.792,1150534
431,2022-07-27 16:00:00,30.187,30.206,29.967,29.988,637519
432,2022-07-27 15:55:00,30.364,30.412,30.154,30.175,3121995
433,2022-07-27 15:50:00,30.403,30.451,30.193,30.342,3757395
434,2022-07-27 15:45:00,30.492,30.53,30.35,30.391,3235132
435,2022-07-27 15:40:00,30.443,30.56,30.399,30.469,1940158
436,2022-07-27 15:35:00,30.609,30.628,30.409,30.425,2284996
437,2022-07-27 15:30:00,30.664,30.707,30.497,30.587,4527549
438,2022-07-27 15:25:00,30.29,30.678,30.247,30.642,4060646
439,2022-07-27 15:20:00,30.118,30.339,30.039,30.268,3015872
440,2022-07-27 15:15:00,30.098,30.245,30.016,30.096,2401375
441,2022-07-27 15:10:00,30.177,30.245,30.016,30.076,1899887
442,2022-07-27 15:05:00,30.192,30.255,30.036,30.145,2510681
443,2022-07-27 15:00:00,29.961,30.214,29.801,30.167,3165154
444,2022-07-27 14:55:00,30.079,30.157,29.801,29.929,3217397
445,2022-07-27 14:50:00,29.905,30.167,29.771,30.047,3694276
446,2022-07-27 14:45:00,30.04,30.127,29.835,29.89,4211175
447,2022-07-27 14:40:00,29.608,30.039,29.575,30.008,6683764
448,2022-07-27 14:35:00,28.91,29.621,28.87,29.586,11266964
449,2022-07-27 14:30:00,29.136,29.213,28.8,28.889,3118768
450,2022-07-27 14:25:00,28.989,29.213,28.947,29.105,1599636
451,2022-07-27 14:20:00,29.067,29.125,28.937,28.97,1200692
452,2022-07-27 14:15:00,28.949,29.154,28.908,29.041,1719418
453,2022-07-27 14:10:00,28.803,29.086,28.771,28.932,2181772
454,2022-07-27 14:05:00,29.205,29.213,28.751,28.791,4386819
455,2022-07-27 14:00:00,29.008,29.351,28.883,29.19,5478076
456,2022-07-27 13:55:00,29.008,29.056,28.878,28.977,991185
457,2022-07-27 13:50:00,29.003,29.027,28.908,28.992,569582
458,2022-07-27 13:45:00,28.93,29.046,28.868,28.979,824973
459,2022-07-27 13:40:00,28.998,29.037,28.888,28.908,569935
460,2022-07-27 13:35:00,29.033,29.056,28.937,28.977,667860
461,2022-07-27 13:30:00,29.028,29.095,28.947,29.011,883246
462,2022-07-27 13:25:00,29.003,29.046,28.957,28.997,514148
463,2022-07-27 13:20:00,28.982,29.037,28.937,28.983,767524
464,2022-07-27 13:15:00,29.009,29.046,28.937,28.959,613986
465,2022-07-27 13:10:00,28.934,29.025,28.898,28.995,1001471
466,2022-07-27 13:05:00,28.927,28.948,28.829,28.912,817772
467,2022-07-27 13:00:00,28.946,28.987,28.849,28.903,817789
468,2022-07-27 12:55:00,29.028,29.043,28.888,28.923,1116811
469,2022-07-27 12:50:00,28.98,29.076,28.947,29.007,640425
470,2022-07-27 12:45:00,29.055,29.095,28.947,28.959,833076
471,2022-07-27 12:40:00,29.087,29.135,28.996,29.036,722339
472,2022-07-27 12:35:00,29.161,29.194,29.045,29.07,759819
473,2022-07-27 12:30:00,29.175,29.185,29.094,29.139,711547
474,2022-07-27 12:25:00,29.165,29.253,29.124,29.145,989980
475,2022-07-27 12:20:00,29.156,29.194,29.074,29.149,820402
476,2022-07-27 12:15:00,29.146,29.184,29.065,29.127,858648
477,2022-07-27 12:10:00,29.087,29.154,28.986,29.116,1222970
478,2022-07-27 12:05:00,29.057,29.125,28.976,29.057,960752
479,2022-07-27 12:00:00,29.01,29.086,28.922,29.027,898313
480,2022-07-27 11:55:00,28.969,29.076,28.927,28.994,774589
481,2022-07-27 11:50:00,28.972,29.053,28.893,28.939,1546899
482,2022-07-27 11:45:00,28.944,29.012,28.878,28.953,725741
483,2022-07-27 11:40:00,28.93,29.027,28.888,28.928,668597
484,2022-07-27 11:35:00,28.959,29.007,28.882,28.913,810409
485,2022-07-27 11:30:00,28.893,29.027,28.859,28.938,852511
486,2022-07-27 11:25:00,28.831,28.919,28.751,28.87,1070650
487,2022-07-27 11:20:00,28.959,28.997,28.8,28.812,849406
488,2022-07-27 11:15:00,28.965,29.046,28.908,28.929,935833
489,2022-07-27 11:10:00,28.93,28.978,28.878,28.938,591175
490,2022-07-27 11:05:00,28.979,29.046,28.878,28.903,1121687
491,2022-07-27 11:00:00,28.92,29.086,28.878,28.948,2263585
492,2022-07-27 10:55:00,28.882,28.938,28.821,28.894,1206830
493,2022-07-27 10:50:00,28.812,28.909,28.74,28.864,1050881
494,2022-07-27 10:45:00,28.723,28.83,28.662,28.783,809729
495,2022-07-27 10:40:00,28.831,28.876,28.646,28.702,1292667
496,2022-07-27 10:35:00,28.701,28.85,28.633,28.815,1305167
497,2022-07-27 10:30:00,28.812,28.861,28.653,28.692,1242022
498,2022-07-27 10:25:00,28.812,28.86,28.716,28.795,1318237
499,2022-07-27 10:20:00,28.94,28.987,28.77,28.791,1500830
500,2022-07-27 10:15:00,28.861,28.987,28.805,28.912,2006595
501,2022-07-27 10:10:00,28.704,28.877,28.672,28.833,1875392
502,2022-07-27 10:05:00,28.743,28.869,28.643,28.678,2439260
503,2022-07-27 10:00:00,28.664,28.752,28.535,28.722,2152119
504,2022-07-27 09:55:00,28.635,28.732,28.594,28.634,1723016
505,2022-07-27 09:50:00,28.704,28.742,28.564,28.61,2244406
506,2022-07-27 09:45:00,28.538,28.767,28.505,28.678,3201849
507,2022-07-27 09:40:00,28.38,28.594,28.339,28.517,3867941
508,2022-07-27 09:35:00,28.016,28.398,27.971,28.359,4236706
509,2022-07-27 09:30:00,28.095,28.26,27.897,27.995,4944506
510,2022-07-27 09:25:00,28.095,28.142,28.015,28.056,202056
511,2022-07-27 09:20:00,28.129,28.142,28.015,28.073,130633
512,2022-07-27 09:15:00,28.134,28.152,28.083,28.113,202675
513,2022-07-27 09:10:00,28.085,28.152,28.054,28.113,117977
514,2022-07-27 09:05:00,28.06,28.103,28.029,28.074,114102
515,2022-07-27 09:00:00,28.055,28.093,28.015,28.035,234904
516,2022-07-27 08:55:00,28.065,28.113,28.005,28.035,130390
517,2022-07-27 08:50:00,28.046,28.103,28.005,28.045,91108
518,2022-07-27 08:45:00,27.977,28.054,27.946,28.025,94677
519,2022-07-27 08:40:00,27.996,28.005,27.887,27.956,65283
520,2022-07-27 08:35:00,27.986,28.005,27.917,27.966,55263
521,2022-07-27 08:30:00,27.947,28.015,27.828,27.966,121003
522,2022-07-27 08:25:00,27.967,28.005,27.926,27.937,38401
523,2022-07-27 08:20:00,27.977,28.034,27.936,27.956,80801
524,2022-07-27 08:15:00,27.918,27.985,27.877,27.956,74632
525,2022-07-27 08:10:00,27.898,27.926,27.828,27.897,41185
526,2022-07-27 08:05:00,27.898,27.926,27.858,27.878,47366
527,2022-07-27 08:00:00,27.996,28.279,27.809,27.878,346142
528,2022-07-27 07:55:00,27.938,27.965,27.858,27.868,39511
529,2022-07-27 07:50:00,27.908,27.956,27.868,27.907,11884
530,2022-07-27 07:45:00,27.957,27.975,27.868,27.878,53638
531,2022-07-27 07:40:00,27.908,27.975,27.877,27.927,18912
532,2022-07-27 07:35:00,27.928,27.936,27.848,27.887,27328
533,2022-07-27 07:30:00,27.938,27.985,27.887,27.897,72919
534,2022-07-27 07:25:00,27.928,27.985,27.897,27.917,58645
535,2022-07-27 07:20:00,27.908,27.936,27.877,27.897,45578
536,2022-07-27 07:15:00,27.908,27.916,27.868,27.878,75274
537,2022-07-27 07:10:00,27.849,27.916,27.799,27.887,132409
538,2022-07-27 07:05:00,27.947,27.975,27.818,27.829,73352
539,2022-07-27 07:00:00,28.026,28.054,27.897,27.917,97560
540,2022-07-27 06:55:00,27.996,28.044,27.966,28.015,13923
541,2022-07-27 06:50:00,27.977,28.015,27.946,27.966,5090
542,2022-07-27 06:45:00,28.006,28.034,27.926,27.946,8173
543,2022-07-27 06:40:00,28.016,28.034,27.975,27.995,5067
544,2022-07-27 06:35:00,27.996,28.024,27.946,27.966,7876
545,2022-07-27 06:30:00,27.957,27.985,27.877,27.956,32562
546,2022-07-27 06:25:00,27.967,28.015,27.936,27.946,47617
547,2022-07-27 06:20:00,27.987,28.005,27.926,27.946,30357
548,2022-07-27 06:15:00,28.016,28.024,27.956,27.976,42751
549,2022-07-27 06:10:00,28.026,28.034,27.966,27.995,11477
550,2022-07-27 06:05:00,28.006,28.064,27.956,28.015,36294
551,2022-07-27 06:00:00,28.055,28.074,27.946,27.986,33619
552,2022-07-27 05:55:00,28.026,28.064,27.995,28.035,16095
553,2022-07-27 05:50:00,28.065,28.074,27.985,28.015,40982
554,2022-07-27 05:45:00,28.105,28.113,28.025,28.045,7417
555,2022-07-27 05:40:00,28.114,28.123,28.044,28.084,12236
556,2022-07-27 05:35:00,28.124,28.172,28.064,28.094,25820
557,2022-07-27 05:30:00,28.114,28.152,28.074,28.123,22247
558,2022-07-27 05:25:00,28.105,28.113,28.064,28.084,7652
559,2022-07-27 05:20:00,28.134,28.142,28.064,28.094,39482
560,2022-07-27 05:15:00,28.124,28.142,28.083,28.103,11979
561,2022-07-27 05:10:00,28.183,28.191,28.093,28.103,38598
562,2022-07-27 05:05:00,28.183,28.221,28.152,28.162,8427
563,2022-07-27 05:00:00,28.154,28.191,28.083,28.162,20179
564,2022-07-27 04:55:00,28.203,28.211,28.132,28.143,13499
565,2022-07-27 04:50:00,28.193,28.241,28.152,28.172,27971
566,2022-07-27 04:45:00,28.173,28.201,28.123,28.162,9270
567,2022-07-27 04:40:00,28.163,28.201,28.113,28.162,13273
568,2022-07-27 04:35:00,28.183,28.211,28.132,28.143,10824
569,2022-07-27 04:30:00,28.154,28.201,28.103,28.162,28094
570,2022-07-27 04:25:00,28.134,28.172,28.074,28.133,26578
571,2022-07-27 04:20:00,28.154,28.162,28.083,28.113,50389
572,2022-07-27 04:15:00,28.222,28.25,28.113,28.123,45124
573,2022-07-27 04:10:00,28.222,28.27,28.182,28.202,59782
574,2022-07-27 04:05:00,28.095,28.3,28.064,28.202,128454
575,2022-07-27 04:00:00,28.065,28.113,27.828,28.084,181910
576,2022-07-26 19:55:00,28.016,28.024,27.897,27.927,151084
577,2022-07-26 19:50:00,27.996,28.024,27.956,27.986,81036
578,2022-07-26 19:45:00,27.957,27.995,27.907,27.966,58024
579,2022-07-26 19:40:00,27.938,27.995,27.897,27.937,58452
580,2022-07-26 19:35:00,27.859,27.956,27.828,27.917,84192
581,2022-07-26 19:30:00,27.839,27.887,27.809,27.838,45942
582,2022-07-26 19:25:00,27.81,27.838,27.769,27.809,32816
583,2022-07-26 19:20:00,27.82,27.838,27.75,27.78,25224
584,2022-07-26 19:15:00,27.849,27.857,27.779,27.799,43218
585,2022-07-26 19:10:00,27.761,27.867,27.72,27.809,101922
586,2022-07-26 19:05:00,27.751,27.808,27.691,27.77,28619
587,2022-07-26 19:00:00,27.751,27.798,27.711,27.721,59768
588,2022-07-26 18:55:00,27.692,27.759,27.652,27.73,52346
589,2022-07-26 18:50:00,27.702,27.73,27.642,27.662,45104
590,2022-07-26 18:45:00,27.771,27.789,27.671,27.681,77853
591,2022-07-26 18:40:00,27.78,27.798,27.681,27.74,122168
592,2022-07-26 18:35:00,27.918,27.946,27.76,27.77,118082
593,2022-07-26 18:30:00,27.898,27.926,27.848,27.897,74986
594,2022-07-26 18:25:00,27.957,27.965,27.858,27.868,94818
595,2022-07-26 18:20:00,27.918,27.975,27.887,27.927,116580
596,2022-07-26 18:15:00,28.016,28.034,27.897,27.907,196335
597,2022-07-26 18:10:00,28.046,28.123,27.966,27.995,397301
598,2022-07-26 18:05:00,27.663,28.054,27.632,28.025,568487
599,2022-07-26 18:00:00,27.358,27.7,27.328,27.642,535547
600,2022-07-26 17:55:00,27.279,27.356,27.249,27.328,49360
601,2022-07-26 17:50:00,27.26,27.297,27.22,27.259,17797
602,2022-07-26 17:45:00,27.25,27.278,27.21,27.24,16493
603,2022-07-26 17:40:00,27.25,27.268,27.181,27.22,27494
604,2022-07-26 17:35:00,27.309,27.317,27.23,27.24,20653
605,2022-07-26 17:30:00,27.289,27.317,27.24,27.279,15368
606,2022-07-26 17:25:00,27.279,27.376,27.249,27.269,32533
607,2022-07-26 17:20:00,27.338,27.366,27.24,27.249,56816
608,2022-07-26 17:15:00,27.289,27.346,27.249,27.318,31184
609,2022-07-26 17:10:00,27.289,27.317,27.23,27.279,34238
610,2022-07-26 17:05:00,27.309,27.346,27.23,27.249,50888
611,2022-07-26 17:00:00,27.387,27.415,27.259,27.299,96604
612,2022-07-26 16:55:00,27.309,27.386,27.259,27.357,107871
613,2022-07-26 16:50:00,27.299,27.337,27.24,27.298,185972
614,2022-07-26 16:45:00,27.22,27.307,27.19,27.279,211987
615,2022-07-26 16:40:00,27.24,27.268,27.171,27.2,136740
616,2022-07-26 16:35:00,27.142,27.258,27.112,27.22,164204
617,2022-07-26 16:30:00,27.103,27.15,27.073,27.122,72273
618,2022-07-26 16:25:00,27.122,27.14,27.053,27.083,118353
619,2022-07-26 16:20:00,27.093,27.14,27.004,27.102,178419
620,2022-07-26 16:15:00,27.112,27.209,27.033,27.092,200148
621,2022-07-26 16:10:00,27.171,27.238,27.073,27.083,418264
622,2022-07-26 16:05:00,26.808,27.179,26.759,27.151,707415
623,2022-07-26 16:00:00,26.818,27.327,26.533,26.778,1136770
624,2022-07-26 15:55:00,26.906,26.983,26.72,26.778,2663951
625,2022-07-26 15:50:00,26.71,26.914,26.621,26.881,1835886
626,2022-07-26 15:45:00,26.739,26.784,26.612,26.69,1286772
627,2022-07-26 15:40:00,26.837,26.87,26.68,26.714,1082823
628,2022-07-26 15:35:00,26.778,26.855,26.685,26.818,835798
629,2022-07-26 15:30:00,26.746,26.816,26.66,26.759,875119
630,2022-07-26 15:25:00,26.749,26.762,26.646,26.729,545357
631,2022-07-26 15:20:00,26.754,26.816,26.68,26.734,681705
632,2022-07-26 15:15:00,26.729,26.796,26.689,26.724,861995
633,2022-07-26 15:10:00,26.616,26.776,26.556,26.7,1227471
634,2022-07-26 15:05:00,26.661,26.688,26.543,26.597,1301035
635,2022-07-26 15:00:00,26.781,26.824,26.602,26.631,1247250
636,2022-07-26 14:55:00,26.76,26.811,26.68,26.768,852803
637,2022-07-26 14:50:00,26.675,26.815,26.631,26.744,1126241
638,2022-07-26 14:45:00,26.705,26.767,26.641,26.651,775938
639,2022-07-26 14:40:00,26.665,26.732,26.621,26.69,707633
640,2022-07-26 14:35:00,26.69,26.747,26.621,26.641,747554
641,2022-07-26 14:30:00,26.719,26.727,26.621,26.67,752825
642,2022-07-26 14:25:00,26.832,26.855,26.67,26.695,1240658
643,2022-07-26 14:20:00,26.828,26.875,26.749,26.818,800915
644,2022-07-26 14:15:00,26.95,26.958,26.769,26.808,1263989
645,2022-07-26 14:10:00,26.936,27.002,26.876,26.926,620611
646,2022-07-26 14:05:00,27.073,27.189,26.876,26.906,2153588
647,2022-07-26 14:00:00,26.886,27.107,26.857,27.058,936525
648,2022-07-26 13:55:00,26.936,26.973,26.847,26.867,451698
649,2022-07-26 13:50:00,26.916,26.963,26.842,26.911,445279
650,2022-07-26 13:45:00,26.995,27.012,26.867,26.896,508080
651,2022-07-26 13:40:00,26.945,27.012,26.886,26.974,691240
652,2022-07-26 13:35:00,26.975,27.032,26.896,26.916,709184
653,2022-07-26 13:30:00,27.132,27.179,26.926,26.948,1088337
654,2022-07-26 13:25:00,27.063,27.17,27.004,27.122,718573
655,2022-07-26 13:20:00,27.004,27.15,26.965,27.045,927231
656,2022-07-26 13:15:00,27.073,27.089,26.955,26.98,915498
657,2022-07-26 13:10:00,27.147,27.198,27.033,27.048,1392492
658,2022-07-26 13:05:00,27.122,27.158,27.014,27.13,917281
659,2022-07-26 13:00:00,27.034,27.135,26.945,27.097,1378108
660,2022-07-26 12:55:00,27.004,27.071,26.965,27.004,1163720
661,2022-07-26 12:50:00,26.931,27.022,26.887,26.994,777329
662,2022-07-26 12:45:00,26.886,26.963,26.808,26.907,1390720
663,2022-07-26 12:40:00,26.99,26.998,26.847,26.867,1092189
664,2022-07-26 12:35:00,27.073,27.12,26.955,26.972,958521
665,2022-07-26 12:30:00,26.99,27.091,26.955,27.063,1133235
666,2022-07-26 12:25:00,26.955,27.022,26.857,26.975,1066825
667,2022-07-26 12:20:00,26.911,26.983,26.823,26.931,930225
668,2022-07-26 12:15:00,26.886,26.983,26.852,26.896,981199
669,2022-07-26 12:10:00,26.906,26.924,26.788,26.862,638716
670,2022-07-26 12:05:00,26.926,26.963,26.808,26.881,928303
671,2022-07-26 12:00:00,26.841,26.939,26.764,26.906,1010089
672,2022-07-26 11:55:00,26.857,26.94,26.798,26.827,920172
673,2022-07-26 11:50:00,26.965,27.032,26.788,26.832,1784721
674,2022-07-26 11:45:00,27.053,27.071,26.935,26.945,851472
675,2022-07-26 11:40:00,26.997,27.081,26.935,27.029,1425968
676,2022-07-26 11:35:00,27.093,27.111,26.935,26.975,1127016
677,2022-07-26 11:30:00,27.073,27.111,26.955,27.063,1952877
678,2022-07-26 11:25:00,27.211,27.233,27.028,27.058,1380737
679,2022-07-26 11:20:00,27.299,27.334,27.161,27.19,1157721
680,2022-07-26 11:15:00,27.329,27.386,27.249,27.279,1393759
681,2022-07-26 11:10:00,27.22,27.366,27.181,27.303,797853
682,2022-07-26 11:05:00,27.299,27.307,27.112,27.2,1542937
683,2022-07-26 11:00:00,27.422,27.484,27.259,27.278,1512329
684,2022-07-26 10:55:00,27.286,27.445,27.219,27.401,1313981
685,2022-07-26 10:50:00,27.333,27.405,27.249,27.269,1174859
686,2022-07-26 10:45:00,27.26,27.386,27.22,27.318,1212494
687,2022-07-26 10:40:00,27.26,27.346,27.171,27.235,1110121
688,2022-07-26 10:35:00,27.24,27.315,27.132,27.245,1436178
689,2022-07-26 10:30:00,27.348,27.365,27.151,27.22,2270880
690,2022-07-26 10:25:00,27.362,27.435,27.279,27.333,1622667
691,2022-07-26 10:20:00,27.496,27.533,27.308,27.347,1790637
692,2022-07-26 10:15:00,27.564,27.629,27.397,27.475,2199036
693,2022-07-26 10:10:00,27.717,27.808,27.485,27.551,1378481
694,2022-07-26 10:05:00,27.8,27.857,27.662,27.7,1338628
695,2022-07-26 10:00:00,27.682,27.867,27.446,27.78,2596165
696,2022-07-26 09:55:00,27.686,27.818,27.603,27.672,1690711
697,2022-07-26 09:50:00,27.525,27.759,27.495,27.668,2098102
698,2022-07-26 09:45:00,27.604,27.612,27.377,27.505,2720143
699,2022-07-26 09:40:00,27.712,27.833,27.544,27.584,2185034
700,2022-07-26 09:35:00,27.653,27.779,27.524,27.701,3127460
701,2022-07-26 09:30:00,27.987,28.074,27.603,27.632,3880055
702,2022-07-26 09:25:00,27.947,28.034,27.858,27.976,206343
703,2022-07-26 09:20:00,27.938,27.985,27.897,27.907,69519
704,2022-07-26 09:15:00,27.928,27.965,27.877,27.917,90310
705,2022-07-26 09:10:00,27.996,28.024,27.877,27.907,111341
706,2022-07-26 09:05:00,28.046,28.113,27.956,27.966,89321
707,2022-07-26 09:00:00,28.006,28.083,27.769,28.025,212162
708,2022-07-26 08:55:00,27.967,28.015,27.907,27.986,115245
709,2022-07-26 08:50:00,27.938,27.995,27.858,27.946,179002
710,2022-07-26 08:45:00,28.055,28.074,27.887,27.917,135277
711,2022-07-26 08:40:00,28.163,28.172,28.025,28.035,50187
712,2022-07-26 08:35:00,28.183,28.231,28.103,28.143,97276
713,2022-07-26 08:30:00,28.144,28.201,28.103,28.162,35248
714,2022-07-26 08:25:00,28.114,28.172,28.083,28.123,30138
715,2022-07-26 08:20:00,28.055,28.113,28.015,28.084,26352
716,2022-07-26 08:15:00,28.154,28.172,28.015,28.035,61889
717,2022-07-26 08:10:00,28.163,28.191,28.123,28.133,12087
718,2022-07-26 08:05:00,28.114,28.182,28.083,28.153,27915
719,2022-07-26 08:00:00,28.144,28.338,27.977,28.094,204321
720,2022-07-26 07:55:00,28.144,28.152,28.034,28.045,42444
721,2022-07-26 07:50:00,28.183,28.231,28.123,28.133,49364
722,2022-07-26 07:45:00,28.134,28.191,28.103,28.162,49106
723,2022-07-26 07:40:00,28.144,28.162,28.083,28.103,17676
724,2022-07-26 07:35:00,28.144,28.152,28.083,28.114,18040
725,2022-07-26 07:30:00,28.124,28.182,28.093,28.123,9485
726,2022-07-26 07:25:00,28.046,28.152,28.015,28.113,14858
727,2022-07-26 07:20:00,28.026,28.074,27.995,28.015,15725
728,2022-07-26 07:15:00,28.055,28.093,28.005,28.035,11443
729,2022-07-26 07:10:00,28.114,28.133,27.985,28.035,65310
730,2022-07-26 07:05:00,28.154,28.182,28.083,28.094,21769
731,2022-07-26 07:00:00,28.114,28.162,28.015,28.123,29189
732,2022-07-26 06:55:00,28.163,28.182,28.083,28.103,17593
733,2022-07-26 06:50:00,28.114,28.182,28.064,28.153,24306
734,2022-07-26 06:45:00,28.075,28.142,28.044,28.094,34013
735,2022-07-26 06:40:00,28.036,28.083,27.975,28.025,16215
736,2022-07-26 06:35:00,28.026,28.044,27.956,27.995,31639
737,2022-07-26 06:30:00,28.114,28.123,27.995,28.005,38470
738,2022-07-26 06:25:00,28.095,28.123,28.015,28.084,25171
739,2022-07-26 06:20:00,28.203,28.211,28.064,28.084,42920
740,2022-07-26 06:15:00,28.281,28.29,28.182,28.202,5912
741,2022-07-26 06:10:00,28.33,28.339,28.26,28.27,2592
742,2022-07-26 06:05:00,28.321,28.359,28.25,28.3,7732
743,2022-07-26 06:00:00,28.321,28.339,28.289,28.31,5924
744,2022-07-26 05:55:00,28.311,28.329,28.28,28.3,1050
745,2022-07-26 05:50:00,28.301,28.329,28.27,28.29,7187
746,2022-07-26 05:45:00,28.281,28.329,28.25,28.29,5189
747,2022-07-26 05:40:00,28.272,28.3,28.221,28.261,11528
748,2022-07-26 05:35:00,28.232,28.28,28.172,28.241,5501
749,2022-07-26 05:30:00,28.242,28.26,28.191,28.231,4339
750,2022-07-26 05:25:00,28.272,28.28,28.201,28.231,5663
751,2022-07-26 05:20:00,28.272,28.3,28.221,28.241,7262
752,2022-07-26 05:15:00,28.291,28.3,28.211,28.221,4294
753,2022-07-26 05:10:00,28.321,28.339,28.26,28.27,10100
754,2022-07-26 05:05:00,28.321,28.359,28.25,28.3,28581
755,2022-07-26 05:00:00,28.232,28.329,28.201,28.3,12231
756,2022-07-26 04:55:00,28.272,28.28,28.211,28.221,3819
757,2022-07-26 04:50:00,28.232,28.27,28.191,28.231,11370
758,2022-07-26 04:45:00,28.252,28.26,28.191,28.221,9801
759,2022-07-26 04:40:00,28.242,28.27,28.211,28.241,9192
760,2022-07-26 04:35:00,28.262,28.27,28.201,28.221,5628
761,2022-07-26 04:30:00,28.242,28.3,28.191,28.251,28452
762,2022-07-26 04:25:00,28.203,28.241,28.172,28.202,7290
763,2022-07-26 04:20:00,28.193,28.211,28.152,28.182,8015
764,2022-07-26 04:15:00,28.173,28.201,28.093,28.172,23951
765,2022-07-26 04:10:00,28.242,28.25,28.132,28.153,20101
766,2022-07-26 04:05:00,28.272,28.29,28.191,28.221,23228
767,2022-07-26 04:00:00,28.272,28.349,28.231,28.241,59784
768,2022-07-25 19:55:00,28.095,28.142,28.064,28.103,42393
769,2022-07-25 19:50:00,28.085,28.113,28.044,28.074,16663
770,2022-07-25 19:45:00,28.075,28.113,28.025,28.074,20193
771,2022-07-25 19:40:00,28.046,28.083,28.015,28.045,16640
772,2022-07-25 19:35:00,28.085,28.093,28.015,28.035,19599
773,2022-07-25 19:30:00,28.075,28.093,28.015,28.054,16277
774,2022-07-25 19:25:00,28.144,28.162,28.034,28.045,17229
775,2022-07-25 19:20:00,28.154,28.162,28.113,28.123,5644
776,2022-07-25 19:15:00,28.163,28.172,28.103,28.123,9368
777,2022-07-25 19:10:00,28.154,28.172,28.113,28.133,5618
778,2022-07-25 19:05:00,28.193,28.201,28.142,28.162,1501
779,2022-07-25 19:00:00,28.193,28.201,28.142,28.162,4187
780,2022-07-25 18:55:00,28.163,28.201,28.113,28.172,28969
781,2022-07-25 18:50:00,28.163,28.182,28.113,28.133,17915
782,2022-07-25 18:45:00,28.193,28.211,28.142,28.153,12049
783,2022-07-25 18:40:00,28.203,28.211,28.142,28.162,8003
784,2022-07-25 18:35:00,28.193,28.221,28.162,28.172,4936
785,2022-07-25 18:30:00,28.173,28.211,28.113,28.162,5873
786,2022-07-25 18:25:00,28.183,28.201,28.132,28.143,20174
787,2022-07-25 18:20:00,28.222,28.231,28.162,28.172,2822
788,2022-07-25 18:15:00,28.222,28.231,28.172,28.182,5062
789,2022-07-25 18:10:00,28.213,28.221,28.142,28.182,19047
790,2022-07-25 18:05:00,28.213,28.221,28.162,28.192,6934
791,2022-07-25 18:00:00,28.213,28.25,28.142,28.162,27871
792,2022-07-25 17:55:00,28.193,28.221,28.152,28.162,16190
793,2022-07-25 17:50:00,28.183,28.201,28.142,28.162,10932
794,2022-07-25 17:45:00,28.173,28.201,28.123,28.172,16749
795,2022-07-25 17:40:00,28.144,28.191,28.113,28.162,44777
796,2022-07-25 17:35:00,28.232,28.25,28.113,28.133,15146
797,2022-07-25 17:30:00,28.222,28.25,28.191,28.211,7324
798,2022-07-25 17:25:00,28.281,28.29,28.182,28.202,32239
799,2022-07-25 17:20:00,28.252,28.29,28.221,28.251,12841
800,2022-07-25 17:15:00,28.281,28.3,28.211,28.251,13826
801,2022-07-25 17:10:00,28.291,28.3,28.24,28.261,24316
802,2022-07-25 17:05:00,28.301,28.317,28.24,28.251,23807
803,2022-07-25 17:00:00,28.301,28.319,28.26,28.29,20091
804,2022-07-25 16:55:00,28.321,28.349,28.27,28.29,37131
805,2022-07-25 16:50:00,28.36,28.368,28.28,28.3,32912
806,2022-07-25 16:45:00,28.34,28.388,28.309,28.349,27232
807,2022-07-25 16:40:00,28.321,28.359,28.27,28.319,53189
808,2022-07-25 16:35:00,28.291,28.329,28.25,28.3,30924
809,2022-07-25 16:30:00,28.291,28.3,28.221,28.27,71615
810,2022-07-25 16:25:00,28.33,28.368,28.25,28.261,100376
811,2022-07-25 16:20:00,28.36,28.427,28.289,28.319,121028
812,2022-07-25 16:15:00,28.596,28.624,28.309,28.339,126215
813,2022-07-25 16:10:00,28.606,28.624,28.535,28.565,86173
814,2022-07-25 16:05:00,28.615,28.643,28.564,28.584,129127
815,2022-07-25 16:00:00,28.527,28.673,28.486,28.604,485388
816,2022-07-25 15:55:00,28.389,28.555,28.348,28.496,2270266
817,2022-07-25 15:50:00,28.203,28.422,28.113,28.368,2787575
818,2022-07-25 15:45:00,28.134,28.236,28.083,28.182,1542264
819,2022-07-25 15:40:00,28.124,28.182,28.044,28.12,1529756
820,2022-07-25 15:35:00,27.968,28.151,27.936,28.113,962395
821,2022-07-25 15:30:00,27.996,28.083,27.907,27.94,1074874
822,2022-07-25 15:25:00,28.124,28.167,27.966,27.976,846521
823,2022-07-25 15:20:00,28.026,28.152,27.975,28.103,1072057
824,2022-07-25 15:15:00,27.987,28.074,27.901,28.005,952103
825,2022-07-25 15:10:00,27.996,28.039,27.897,27.966,630733
826,2022-07-25 15:05:00,27.967,28.024,27.877,27.976,1643313
827,2022-07-25 15:00:00,28.085,28.182,27.917,27.956,1493451
828,2022-07-25 14:55:00,28.144,28.211,28.002,28.059,1182588
829,2022-07-25 14:50:00,28.173,28.217,28.074,28.113,628571
830,2022-07-25 14:45:00,28.321,28.334,28.074,28.15,1349557
831,2022-07-25 14:40:00,28.281,28.359,28.241,28.298,882884
832,2022-07-25 14:35:00,28.242,28.349,28.201,28.265,1160300
833,2022-07-25 14:30:00,28.222,28.29,28.132,28.221,736331
834,2022-07-25 14:25:00,28.242,28.29,28.142,28.192,452628
835,2022-07-25 14:20:00,28.203,28.29,28.123,28.231,820509
836,2022-07-25 14:15:00,28.286,28.31,28.152,28.192,701740
837,2022-07-25 14:10:00,28.247,28.329,28.211,28.261,924298
838,2022-07-25 14:05:00,28.203,28.329,28.162,28.226,905556
839,2022-07-25 14:00:00,28.291,28.309,28.162,28.172,913381
840,2022-07-25 13:55:00,28.321,28.358,28.26,28.275,454610
841,2022-07-25 13:50:00,28.399,28.417,28.26,28.305,907969
842,2022-07-25 13:45:00,28.429,28.476,28.358,28.384,689048
843,2022-07-25 13:40:00,28.409,28.467,28.348,28.409,576070
844,2022-07-25 13:35:00,28.576,28.594,28.358,28.393,739859
845,2022-07-25 13:30:00,28.547,28.614,28.496,28.557,733997
846,2022-07-25 13:25:00,28.635,28.663,28.505,28.526,583593
847,2022-07-25 13:20:00,28.682,28.732,28.574,28.614,647254
848,2022-07-25 13:15:00,28.694,28.722,28.603,28.653,543164
849,2022-07-25 13:10:00,28.773,28.811,28.643,28.678,485525
850,2022-07-25 13:05:00,28.743,28.801,28.623,28.751,686442
851,2022-07-25 13:00:00,28.694,28.791,28.65,28.727,638793
852,2022-07-25 12:55:00,28.753,28.781,28.643,28.665,731547
853,2022-07-25 12:50:00,28.851,28.869,28.702,28.732,967022
854,2022-07-25 12:45:00,28.723,28.889,28.692,28.839,1197467
855,2022-07-25 12:40:00,28.645,28.791,28.605,28.702,1133531
856,2022-07-25 12:35:00,28.673,28.693,28.594,28.624,507108
857,2022-07-25 12:30:00,28.527,28.683,28.485,28.641,1040039
858,2022-07-25 12:25:00,28.473,28.555,28.398,28.516,566712
859,2022-07-25 12:20:00,28.478,28.525,28.383,28.45,403527
860,2022-07-25 12:15:00,28.448,28.516,28.324,28.457,857074
861,2022-07-25 12:10:00,28.581,28.614,28.368,28.418,1181154
862,2022-07-25 12:05:00,28.719,28.732,28.535,28.555,750019
863,2022-07-25 12:00:00,28.63,28.732,28.476,28.692,1224202
864,2022-07-25 11:55:00,28.645,28.683,28.535,28.609,687573
865,2022-07-25 11:50:00,28.615,28.673,28.493,28.624,1107424
866,2022-07-25 11:45:00,28.615,28.761,28.564,28.595,1342036
867,2022-07-25 11:40:00,28.625,28.683,28.525,28.594,676973
868,2022-07-25 11:35:00,28.693,28.743,28.576,28.609,882852
869,2022-07-25 11:30:00,28.556,28.732,28.486,28.671,1814049
870,2022-07-25 11:25:00,28.368,28.585,28.283,28.53,1252307
871,2022-07-25 11:20:00,28.262,28.417,28.231,28.337,955203
872,2022-07-25 11:15:00,28.242,28.3,28.123,28.236,1414564
873,2022-07-25 11:10:00,28.517,28.564,28.162,28.231,1605582
874,2022-07-25 11:05:00,28.488,28.614,28.397,28.496,1057040
875,2022-07-25 11:00:00,28.517,28.574,28.407,28.476,1826367
876,2022-07-25 10:55:00,28.527,28.7,28.456,28.501,1667854
877,2022-07-25 10:50:00,28.537,28.624,28.427,28.506,951895
878,2022-07-25 10:45:00,28.576,28.643,28.446,28.524,1554000
879,2022-07-25 10:40:00,28.419,28.634,28.26,28.545,1683771
880,2022-07-25 10:35:00,28.34,28.465,28.191,28.393,1183764
881,2022-07-25 10:30:00,28.369,28.506,28.245,28.319,1779625
882,2022-07-25 10:25:00,28.345,28.417,28.034,28.339,3928792
883,2022-07-25 10:20:00,28.311,28.486,28.27,28.329,1273094
884,2022-07-25 10:15:00,28.515,28.545,28.25,28.293,2466355
885,2022-07-25 10:10:00,28.635,28.771,28.481,28.496,1486874
886,2022-07-25 10:05:00,28.714,28.752,28.432,28.614,2601924
887,2022-07-25 10:00:00,28.753,28.869,28.623,28.691,1345636
888,2022-07-25 09:55:00,28.758,28.997,28.682,28.722,1946343
889,2022-07-25 09:50:00,28.763,28.927,28.603,28.732,2278702
890,2022-07-25 09:45:00,28.969,29.017,28.692,28.741,2041070
891,2022-07-25 09:40:00,28.625,29.051,28.554,28.948,3553431
892,2022-07-25 09:35:00,28.93,28.938,28.496,28.594,3629558
893,2022-07-25 09:30:00,29.008,29.154,28.849,28.917,3485185
894,2022-07-25 09:25:00,29.092,29.105,28.976,28.987,106390
895,2022-07-25 09:20:00,29.146,29.164,29.065,29.075,72689
896,2022-07-25 09:15:00,29.077,29.154,29.025,29.124,87682
897,2022-07-25 09:10:00,29.175,29.194,29.035,29.056,157495
898,2022-07-25 09:05:00,29.224,29.233,29.124,29.144,105319
899,2022-07-25 09:00:00,29.205,29.263,29.153,29.208,137134
900,2022-07-25 08:55:00,29.136,29.233,29.104,29.183,127583
901,2022-07-25 08:50:00,29.165,29.184,29.084,29.115,109469
902,2022-07-25 08:45:00,29.205,29.213,29.124,29.134,68422
903,2022-07-25 08:40:00,29.156,29.233,29.094,29.183,90437
904,2022-07-25 08:35:00,29.303,29.312,29.104,29.144,136502
905,2022-07-25 08:30:00,29.342,29.351,29.261,29.281,56852
906,2022-07-25 08:25:00,29.391,29.41,29.281,29.301,27114
907,2022-07-25 08:20:00,29.362,29.41,29.32,29.37,52205
908,2022-07-25 08:15:00,29.372,29.39,29.29,29.34,61879
909,2022-07-25 08:10:00,29.401,29.43,29.339,29.35,36760
910,2022-07-25 08:05:00,29.382,29.41,29.31,29.38,37783
911,2022-07-25 08:00:00,29.431,29.538,28.888,29.36,356783
912,2022-07-25 07:55:00,29.342,29.39,29.29,29.34,27081
913,2022-07-25 07:50:00,29.342,29.42,29.31,29.321,35405
914,2022-07-25 07:45:00,29.382,29.42,29.271,29.321,75639
915,2022-07-25 07:40:00,29.45,29.479,29.349,29.36,42572
916,2022-07-25 07:35:00,29.49,29.498,29.418,29.429,44757
917,2022-07-25 07:30:00,29.47,29.538,29.408,29.458,70339
918,2022-07-25 07:25:00,29.509,29.528,29.418,29.448,39411
919,2022-07-25 07:20:00,29.421,29.528,29.388,29.488,60220
920,2022-07-25 07:15:00,29.411,29.43,29.369,29.389,34607
921,2022-07-25 07:10:00,29.401,29.439,29.359,29.389,35326
922,2022-07-25 07:05:00,29.362,29.42,29.33,29.38,36943
923,2022-07-25 07:00:00,29.46,29.479,29.32,29.34,63638
924,2022-07-25 06:55:00,29.441,29.469,29.398,29.429,6969
925,2022-07-25 06:50:00,29.401,29.469,29.369,29.429,6009
926,2022-07-25 06:45:00,29.401,29.43,29.359,29.38,32585
927,2022-07-25 06:40:00,29.411,29.42,29.339,29.37,16683
928,2022-07-25 06:35:00,29.401,29.42,29.359,29.38,11863
929,2022-07-25 06:30:00,29.441,29.469,29.339,29.38,21574
930,2022-07-25 06:25:00,29.47,29.489,29.408,29.419,12320
931,2022-07-25 06:20:00,29.49,29.508,29.418,29.458,8578
932,2022-07-25 06:15:00,29.49,29.528,29.438,29.458,32847
933,2022-07-25 06:10:00,29.441,29.498,29.398,29.468,37207
934,2022-07-25 06:05:00,29.45,29.459,29.398,29.419,9399
935,2022-07-25 06:00:00,29.499,29.508,29.398,29.429,17512
936,2022-07-25 05:55:00,29.441,29.508,29.408,29.478,135958
937,2022-07-25 05:50:00,29.421,29.459,29.349,29.419,21549
938,2022-07-25 05:45:00,29.372,29.439,29.32,29.399,35405
939,2022-07-25 05:40:00,29.372,29.4,29.33,29.35,17027
940,2022-07-25 05:35:00,29.362,29.42,29.33,29.35,36557
941,2022-07-25 05:30:00,29.313,29.39,29.281,29.35,21227
942,2022-07-25 05:25:00,29.372,29.38,29.281,29.291,30952
943,2022-07-25 05:20:00,29.313,29.4,29.261,29.35,61925
944,2022-07-25 05:15:00,29.293,29.312,29.231,29.281,12504
945,2022-07-25 05:10:00,29.303,29.331,29.231,29.272,20735
946,2022-07-25 05:05:00,29.274,29.361,29.241,29.272,28687
947,2022-07-25 05:00:00,29.234,29.263,29.192,29.222,13042
948,2022-07-25 04:55:00,29.264,29.272,29.202,29.213,28626
949,2022-07-25 04:50:00,29.264,29.312,29.231,29.242,21348
950,2022-07-25 04:45:00,29.274,29.331,29.222,29.242,17664
951,2022-07-25 04:40:00,29.293,29.341,29.222,29.242,62424
952,2022-07-25 04:35:00,29.146,29.321,29.114,29.272,50834
953,2022-07-25 04:30:00,29.116,29.164,29.065,29.134,13707
954,2022-07-25 04:25:00,29.126,29.154,29.074,29.085,18699
955,2022-07-25 04:20:00,29.077,29.154,29.035,29.124,9936
956,2022-07-25 04:15:00,29.038,29.154,29.006,29.065,20274
957,2022-07-25 04:10:00,29.087,29.115,28.967,28.987,54083
958,2022-07-25 04:05:00,29.008,29.125,28.976,29.085,70813
959,2022-07-25 04:00:00,28.949,29.056,28.672,28.987,186922
960,2022-07-22 19:55:00,28.753,28.781,28.682,28.702,27840
961,2022-07-22 19:50:00,28.773,28.791,28.721,28.741,7661
962,2022-07-22 19:45:00,28.782,28.82,28.721,28.732,8418
963,2022-07-22 19:40:00,28.792,28.83,28.751,28.781,3063
964,2022-07-22 19:35:00,28.841,28.879,28.751,28.81,12434
965,2022-07-22 19:30:00,28.871,28.879,28.8,28.849,5579
966,2022-07-22 19:25:00,28.841,28.869,28.81,28.84,547
967,2022-07-22 19:20:00,28.861,28.879,28.81,28.82,4765
968,2022-07-22 19:15:00,28.831,28.889,28.79,28.82,7540
969,2022-07-22 19:10:00,28.841,28.879,28.78,28.8,13255
970,2022-07-22 19:05:00,28.89,28.899,28.819,28.83,6854
971,2022-07-22 19:00:00,28.881,28.909,28.849,28.859,7021
972,2022-07-22 18:55:00,28.881,28.899,28.849,28.859,1483
973,2022-07-22 18:50:00,28.89,28.909,28.839,28.849,4648
974,2022-07-22 18:45:00,28.871,28.899,28.839,28.869,8678
975,2022-07-22 18:40:00,28.871,28.889,28.829,28.849,2483
976,2022-07-22 18:35:00,28.871,28.879,28.829,28.849,4819
977,2022-07-22 18:30:00,28.871,28.889,28.829,28.84,3018
978,2022-07-22 18:25:00,28.89,28.899,28.849,28.859,4099
979,2022-07-22 18:20:00,28.9,28.919,28.849,28.869,6990
980,2022-07-22 18:15:00,28.91,28.919,28.868,28.879,4859
981,2022-07-22 18:10:00,28.91,28.948,28.849,28.889,7982
982,2022-07-22 18:05:00,28.93,28.948,28.868,28.889,6739
983,2022-07-22 18:00:00,28.9,28.938,28.859,28.908,7500
984,2022-07-22 17:55:00,28.92,28.928,28.868,28.879,5129
985,2022-07-22 17:50:00,28.94,28.948,28.849,28.859,22555
986,2022-07-22 17:45:00,28.94,28.948,28.898,28.908,1195
987,2022-07-22 17:40:00,28.94,28.948,28.898,28.908,12521
988,2022-07-22 17:35:00,28.949,28.958,28.898,28.918,5904
989,2022-07-22 17:30:00,28.989,28.997,28.898,28.928,26838
990,2022-07-22 17:25:00,29.008,29.017,28.947,28.967,21570
991,2022-07-22 17:20:00,29.0,29.017,28.957,28.967,7376
992,2022-07-22 17:15:00,29.003,29.037,28.967,28.977,7390
993,2022-07-22 17:10:00,29.018,29.046,28.967,28.987,6661
994,2022-07-22 17:05:00,29.018,29.046,28.986,29.016,15853
995,2022-07-22 17:00:00,29.008,29.037,28.976,28.997,9445
996,2022-07-22 16:55:00,29.028,29.046,28.976,29.007,32197
997,2022-07-22 16:50:00,29.018,29.037,28.986,29.007,17025
998,2022-07-22 16:45:00,29.018,29.037,28.967,28.997,21406
999,2022-07-22 16:40:00,29.008,29.027,28.976,28.997,13394
1000,2022-07-22 16:35:00,29.028,29.037,28.976,28.987,55075
1001,2022-07-22 16:30:00,29.038,29.046,28.986,28.997,35931
1002,2022-07-22 16:25:00,28.998,29.046,28.967,29.007,86861
1003,2022-07-22 16:20:00,29.008,29.017,28.967,28.987,37779
1004,2022-07-22 16:15:00,29.008,29.027,28.947,28.987,42393
1005,2022-07-22 16:10:00,29.008,29.017,28.947,28.987,57051
1006,2022-07-22 16:05:00,28.979,29.027,28.917,28.997,62425
1007,2022-07-22 16:00:00,29.008,29.027,28.878,28.967,460379
1008,2022-07-22 15:55:00,28.851,29.037,28.814,28.978,3024822
1009,2022-07-22 15:50:00,28.802,28.948,28.731,28.822,2340442
1010,2022-07-22 15:45:00,28.773,28.899,28.657,28.78,1839334
1011,2022-07-22 15:40:00,28.831,28.928,28.741,28.752,1170440
1012,2022-07-22 15:35:00,28.856,28.928,28.78,28.808,1157416
1013,2022-07-22 15:30:00,29.037,29.066,28.81,28.83,1766469
1014,2022-07-22 15:25:00,29.038,29.056,28.878,29.014,1692212
1015,2022-07-22 15:20:00,28.841,29.046,28.81,29.016,1947160
1016,2022-07-22 15:15:00,28.91,28.928,28.78,28.821,1378707
1017,2022-07-22 15:10:00,28.655,28.928,28.594,28.89,1759326
1018,2022-07-22 15:05:00,28.743,28.771,28.554,28.624,1256118
1019,2022-07-22 15:00:00,28.739,28.811,28.633,28.722,1262856
1020,2022-07-22 14:55:00,28.694,28.82,28.654,28.722,1874544
1021,2022-07-22 14:50:00,28.635,28.732,28.538,28.668,1315846
1022,2022-07-22 14:45:00,28.517,28.661,28.456,28.619,836450
1023,2022-07-22 14:40:00,28.586,28.594,28.456,28.496,659033
1024,2022-07-22 14:35:00,28.669,28.722,28.495,28.565,1194681
1025,2022-07-22 14:30:00,28.596,28.732,28.407,28.653,1921284
1026,2022-07-22 14:25:00,28.583,28.634,28.466,28.57,891565
1027,2022-07-22 14:20:00,28.657,28.693,28.535,28.56,918401
1028,2022-07-22 14:15:00,28.532,28.702,28.486,28.643,1493158
1029,2022-07-22 14:10:00,28.556,28.585,28.456,28.511,1546083
1030,2022-07-22 14:05:00,28.556,28.668,28.515,28.534,1298917
1031,2022-07-22 14:00:00,28.792,28.84,28.515,28.534,2196828
1032,2022-07-22 13:55:00,28.699,28.85,28.667,28.771,1303788
1033,2022-07-22 13:50:00,28.733,28.752,28.604,28.683,907061
1034,2022-07-22 13:45:00,28.723,28.84,28.672,28.717,1606320
1035,2022-07-22 13:40:00,28.679,28.752,28.564,28.707,1457138
1036,2022-07-22 13:35:00,28.635,28.707,28.496,28.654,1889862
1037,2022-07-22 13:30:00,28.782,28.791,28.594,28.609,1403161
1038,2022-07-22 13:25:00,28.753,28.839,28.682,28.769,1332384
1039,2022-07-22 13:20:00,28.792,28.869,28.702,28.722,1252287
1040,2022-07-22 13:15:00,28.852,28.938,28.751,28.771,1046606
1041,2022-07-22 13:10:00,28.994,29.007,28.811,28.83,818107
1042,2022-07-22 13:05:00,28.884,29.007,28.849,28.977,909726
1043,2022-07-22 13:00:00,29.038,29.046,28.82,28.86,1356706
1044,2022-07-22 12:55:00,29.136,29.174,28.952,29.01,769193
1045,2022-07-22 12:50:00,29.097,29.204,29.055,29.11,512370
1046,2022-07-22 12:45:00,29.056,29.253,28.996,29.08,1039620
1047,2022-07-22 12:40:00,29.156,29.233,28.996,29.031,914540
1048,2022-07-22 12:35:00,29.207,29.223,29.055,29.134,883598
1049,2022-07-22 12:30:00,29.048,29.243,28.986,29.193,1408950
1050,2022-07-22 12:25:00,28.969,29.11,28.849,29.016,1387799
1051,2022-07-22 12:20:00,29.028,29.071,28.898,28.943,991148
1052,2022-07-22 12:15:00,28.979,29.145,28.942,28.997,1264728
1053,2022-07-22 12:10:00,29.126,29.14,28.888,28.958,2238934
1054,2022-07-22 12:05:00,29.224,29.302,29.079,29.115,1047410
1055,2022-07-22 12:00:00,29.274,29.39,29.133,29.201,1458921
1056,2022-07-22 11:55:00,29.323,29.331,29.135,29.262,1516956
1057,2022-07-22 11:50:00,29.215,29.361,29.114,29.306,1570987
1058,2022-07-22 11:45:00,29.136,29.243,29.04,29.193,1146257
1059,2022-07-22 11:40:00,29.116,29.263,28.986,29.115,2117674
1060,2022-07-22 11:35:00,29.254,29.298,28.947,29.105,2961363
1061,2022-07-22 11:30:00,29.46,29.528,29.192,29.223,2589870
1062,2022-07-22 11:25:00,29.49,29.594,29.418,29.448,1998381
1063,2022-07-22 11:20:00,29.922,29.95,29.457,29.473,2769838
1064,2022-07-22 11:15:00,29.971,29.988,29.771,29.905,1319511
1065,2022-07-22 11:10:00,29.833,29.99,29.776,29.949,1354206
1066,2022-07-22 11:05:00,29.784,29.891,29.702,29.821,1813598
1067,2022-07-22 11:00:00,30.148,30.194,29.742,29.761,2133124
1068,2022-07-22 10:55:00,30.305,30.373,30.095,30.135,1561748
1069,2022-07-22 10:50:00,30.089,30.373,29.972,30.278,2010791
1070,2022-07-22 10:45:00,30.079,30.192,29.968,30.067,1149313
1071,2022-07-22 10:40:00,30.078,30.245,29.977,30.058,1345800
1072,2022-07-22 10:35:00,30.068,30.176,29.959,30.056,1550479
1073,2022-07-22 10:30:00,30.176,30.304,29.987,30.046,1495840
1074,2022-07-22 10:25:00,30.069,30.216,29.889,30.153,2695042
1075,2022-07-22 10:20:00,30.285,30.294,29.997,30.052,2357063
1076,2022-07-22 10:15:00,30.207,30.353,30.164,30.269,2090934
1077,2022-07-22 10:10:00,29.971,30.304,29.928,30.184,2598686
1078,2022-07-22 10:05:00,30.059,30.078,29.83,29.949,2877481
1079,2022-07-22 10:00:00,30.128,30.176,29.891,30.037,3520699
1080,2022-07-22 09:55:00,30.423,30.441,30.083,30.096,2554657
1081,2022-07-22 09:50:00,30.698,30.982,30.296,30.396,5060766
1082,2022-07-22 09:45:00,30.423,30.766,30.223,30.675,3193110
1083,2022-07-22 09:40:00,30.57,30.648,30.36,30.391,2590533
1084,2022-07-22 09:35:00,30.207,30.613,30.007,30.557,4591436
1085,2022-07-22 09:30:00,30.334,30.402,30.056,30.184,4236533
1086,2022-07-22 09:25:00,30.403,30.422,30.291,30.332,189301
1087,2022-07-22 09:20:00,30.344,30.432,30.311,30.371,112875
1088,2022-07-22 09:15:00,30.384,30.402,30.291,30.332,84754
1089,2022-07-22 09:10:00,30.315,30.412,30.262,30.362,99333
1090,2022-07-22 09:05:00,30.285,30.343,30.232,30.292,69863
1091,2022-07-22 09:00:00,30.276,30.314,30.213,30.268,54659
1092,2022-07-22 08:55:00,30.334,30.343,30.232,30.243,65490
1093,2022-07-22 08:50:00,30.315,30.353,30.262,30.302,52678
1094,2022-07-22 08:45:00,30.285,30.343,30.232,30.292,41110
1095,2022-07-22 08:40:00,30.276,30.304,30.213,30.263,60170
1096,2022-07-22 08:35:00,30.305,30.324,30.223,30.253,55066
1097,2022-07-22 08:30:00,30.305,30.353,30.242,30.292,43515
1098,2022-07-22 08:25:00,30.403,30.412,30.262,30.283,112911
1099,2022-07-22 08:20:00,30.393,30.422,30.33,30.381,94481
1100,2022-07-22 08:15:00,30.344,30.422,30.291,30.371,122891
1101,2022-07-22 08:10:00,30.295,30.343,30.252,30.312,75879
1102,2022-07-22 08:05:00,30.285,30.334,30.252,30.283,62868
1103,2022-07-22 08:00:00,30.403,30.422,29.771,30.253,548575
1104,2022-07-22 07:55:00,30.354,30.422,30.291,30.381,81939
1105,2022-07-22 07:50:00,30.295,30.363,30.242,30.332,40741
1106,2022-07-22 07:45:00,30.276,30.353,30.223,30.283,73801
1107,2022-07-22 07:40:00,30.217,30.304,30.173,30.253,52509
1108,2022-07-22 07:35:00,30.197,30.225,30.124,30.194,12396
1109,2022-07-22 07:30:00,30.187,30.216,30.124,30.184,28637
1110,2022-07-22 07:25:00,30.138,30.186,30.105,30.155,34437
1111,2022-07-22 07:20:00,30.118,30.157,30.085,30.116,24226
1112,2022-07-22 07:15:00,30.109,30.157,30.066,30.096,14041
1113,2022-07-22 07:10:00,30.118,30.137,30.066,30.086,24268
1114,2022-07-22 07:05:00,30.109,30.137,30.016,30.086,76942
1115,2022-07-22 07:00:00,30.187,30.196,30.036,30.076,126686
1116,2022-07-22 06:55:00,30.226,30.265,30.154,30.165,9840
1117,2022-07-22 06:50:00,30.266,30.294,30.193,30.214,14789
1118,2022-07-22 06:45:00,30.256,30.304,30.223,30.243,21762
1119,2022-07-22 06:40:00,30.197,30.294,30.134,30.253,57556
1120,2022-07-22 06:35:00,30.138,30.206,30.105,30.165,13606
1121,2022-07-22 06:30:00,30.079,30.137,30.036,30.096,42067
1122,2022-07-22 06:25:00,30.03,30.078,29.997,30.047,7127
1123,2022-07-22 06:20:00,30.089,30.098,29.997,30.008,21470
1124,2022-07-22 06:15:00,30.069,30.088,29.997,30.057,8000
1125,2022-07-22 06:10:00,30.089,30.098,29.997,30.057,11013
1126,2022-07-22 06:05:00,30.138,30.157,30.046,30.067,12269
1127,2022-07-22 06:00:00,30.079,30.127,30.036,30.086,17365
1128,2022-07-22 05:55:00,30.138,30.147,30.036,30.047,7081
1129,2022-07-22 05:50:00,30.128,30.176,30.095,30.106,15897
1130,2022-07-22 05:45:00,30.079,30.137,30.046,30.106,5065
1131,2022-07-22 05:40:00,30.079,30.117,30.046,30.067,8196
1132,2022-07-22 05:35:00,30.099,30.127,30.026,30.057,14203
1133,2022-07-22 05:30:00,30.118,30.137,30.046,30.067,16103
1134,2022-07-22 05:25:00,30.158,30.186,30.085,30.106,21864
1135,2022-07-22 05:20:00,30.207,30.225,30.105,30.126,24109
1136,2022-07-22 05:15:00,30.109,30.216,30.075,30.184,22161
1137,2022-07-22 05:10:00,30.109,30.186,30.075,30.086,24522
1138,2022-07-22 05:05:00,30.079,30.157,30.046,30.096,24165
1139,2022-07-22 05:00:00,30.04,30.127,29.987,30.057,43247
1140,2022-07-22 04:55:00,30.059,30.088,30.007,30.037,14310
1141,2022-07-22 04:50:00,30.069,30.098,30.007,30.027,21895
1142,2022-07-22 04:45:00,30.069,30.127,30.007,30.027,20375
1143,2022-07-22 04:40:00,30.059,30.137,30.016,30.057,53116
1144,2022-07-22 04:35:00,30.03,30.098,29.987,30.027,36182
1145,2022-07-22 04:30:00,30.05,30.068,29.938,29.988,42431
1146,2022-07-22 04:25:00,29.981,30.049,29.948,30.018,30329
1147,2022-07-22 04:20:00,29.951,29.99,29.879,29.959,15492
1148,2022-07-22 04:15:00,29.961,30.019,29.918,29.929,33534
1149,2022-07-22 04:10:00,29.853,29.97,29.801,29.939,44602
1150,2022-07-22 04:05:00,29.922,29.941,29.791,29.841,38668
1151,2022-07-22 04:00:00,30.01,30.019,29.781,29.89,118566
1152,2022-07-21 19:55:00,29.912,29.931,29.859,29.88,48167
1153,2022-07-21 19:50:00,29.951,29.97,29.869,29.89,23704
1154,2022-07-21 19:45:00,29.951,29.97,29.899,29.929,18666
1155,2022-07-21 19:40:00,29.932,29.96,29.889,29.929,33887
1156,2022-07-21 19:35:00,29.951,29.96,29.869,29.89,10340
1157,2022-07-21 19:30:00,29.951,30.009,29.899,29.949,22221
1158,2022-07-21 19:25:00,29.922,29.98,29.889,29.929,9450
1159,2022-07-21 19:20:00,29.922,29.941,29.859,29.9,27487
1160,2022-07-21 19:15:00,29.961,29.97,29.869,29.9,22122
1161,2022-07-21 19:10:00,29.942,29.97,29.909,29.939,16801
1162,2022-07-21 19:05:00,29.951,29.97,29.899,29.929,14558
1163,2022-07-21 19:00:00,29.961,29.97,29.909,29.919,34963
1164,2022-07-21 18:55:00,29.951,29.98,29.918,29.939,11228
1165,2022-07-21 18:50:00,29.961,29.98,29.918,29.939,19923
1166,2022-07-21 18:45:00,29.932,29.97,29.889,29.939,45805
1167,2022-07-21 18:40:00,29.932,29.97,29.899,29.929,13592
1168,2022-07-21 18:35:00,29.971,29.98,29.889,29.929,43935
1169,2022-07-21 18:30:00,29.961,29.999,29.909,29.959,16188
1170,2022-07-21 18:25:00,29.932,29.99,29.879,29.939,4120
1171,2022-07-21 18:20:00,29.922,29.99,29.889,29.91,32099
1172,2022-07-21 18:15:00,29.883,29.931,29.81,29.89,34635
1173,2022-07-21 18:10:00,29.864,29.901,29.801,29.841,49538
1174,2022-07-21 18:05:00,29.912,29.921,29.801,29.851,33941
1175,2022-07-21 18:00:00,29.981,30.019,29.879,29.9,58426
1176,2022-07-21 17:55:00,29.961,29.99,29.909,29.959,10032
1177,2022-07-21 17:50:00,29.932,29.97,29.869,29.919,24179
1178,2022-07-21 17:45:00,29.902,29.941,29.84,29.87,26716
1179,2022-07-21 17:40:00,29.902,29.931,29.859,29.88,19793
1180,2022-07-21 17:35:00,29.932,29.95,29.84,29.89,61266
1181,2022-07-21 17:30:00,29.971,29.999,29.909,29.919,50404
1182,2022-07-21 17:25:00,29.961,30.019,29.928,29.969,8275
1183,2022-07-21 17:20:00,30.0,30.019,29.928,29.939,22603
1184,2022-07-21 17:15:00,30.0,30.019,29.938,29.978,10107
1185,2022-07-21 17:10:00,29.961,30.009,29.918,29.969,52256
1186,2022-07-21 17:05:00,29.991,30.029,29.928,29.939,52641
1187,2022-07-21 17:00:00,30.079,30.098,29.958,29.969,28641
1188,2022-07-21 16:55:00,30.0,30.098,29.958,30.057,44261
1189,2022-07-21 16:50:00,30.01,30.039,29.967,29.978,23825
1190,2022-07-21 16:45:00,30.04,30.058,29.958,29.988,58327
1191,2022-07-21 16:40:00,30.089,30.098,29.997,30.008,76643
1192,2022-07-21 16:35:00,30.089,30.147,30.026,30.076,112201
1193,2022-07-21 16:30:00,30.01,30.117,29.967,30.057,83100
1194,2022-07-21 16:25:00,30.02,30.039,29.967,29.978,66721
1195,2022-07-21 16:20:00,29.942,30.068,29.869,29.978,228826
1196,2022-07-21 16:15:00,30.089,30.117,29.899,29.919,408921
1197,2022-07-21 16:10:00,30.511,30.52,30.007,30.067,555187
1198,2022-07-21 16:05:00,30.61,30.619,30.478,30.499,160700
1199,2022-07-21 16:00:00,30.619,30.697,30.566,30.577,445408
1200,2022-07-21 15:55:00,30.521,30.633,30.458,30.597,2819871
1201,2022-07-21 15:50:00,30.393,30.569,30.355,30.508,2507795
1202,2022-07-21 15:45:00,30.413,30.461,30.292,30.361,1176853
1203,2022-07-21 15:40:00,30.315,30.437,30.272,30.391,1036128
1204,2022-07-21 15:35:00,30.426,30.471,30.273,30.288,1168508
1205,2022-07-21 15:30:00,30.374,30.501,30.316,30.405,1365850
1206,2022-07-21 15:25:00,30.32,30.437,30.277,30.351,1067454
1207,2022-07-21 15:20:00,30.354,30.373,30.242,30.293,809210
1208,2022-07-21 15:15:00,30.393,30.432,30.241,30.332,1160797
1209,2022-07-21 15:10:00,30.565,30.579,30.311,30.377,1372957
1210,2022-07-21 15:05:00,30.452,30.579,30.36,30.538,2256852
1211,2022-07-21 15:00:00,30.315,30.461,30.218,30.42,1443010
1212,2022-07-21 14:55:00,30.305,30.393,30.252,30.292,973453
1213,2022-07-21 14:50:00,30.274,30.324,30.193,30.273,556127
1214,2022-07-21 14:45:00,30.207,30.292,30.117,30.247,650799
1215,2022-07-21 14:40:00,30.334,30.383,30.124,30.184,900063
1216,2022-07-21 14:35:00,30.256,30.345,30.144,30.314,1014533
1217,2022-07-21 14:30:00,30.379,30.399,30.203,30.234,974720
1218,2022-07-21 14:25:00,30.371,30.412,30.262,30.361,1214385
1219,2022-07-21 14:20:00,30.379,30.427,30.321,30.346,776219
1220,2022-07-21 14:15:00,30.388,30.432,30.272,30.36,1090160
1221,2022-07-21 14:10:00,30.305,30.402,30.262,30.362,1088099
1222,2022-07-21 14:05:00,30.197,30.343,30.134,30.278,1662389
1223,2022-07-21 14:00:00,30.158,30.236,30.066,30.165,992144
1224,2022-07-21 13:55:00,29.967,30.167,29.918,30.126,1021531
1225,2022-07-21 13:50:00,30.128,30.147,29.928,29.944,1094622
1226,2022-07-21 13:45:00,30.207,30.225,30.046,30.106,864753
1227,2022-07-21 13:40:00,30.153,30.245,30.085,30.176,1481462
1228,2022-07-21 13:35:00,29.983,30.167,29.879,30.13,2018639
1229,2022-07-21 13:30:00,30.167,30.196,29.899,29.968,2682905
1230,2022-07-21 13:25:00,30.16,30.196,30.036,30.145,1082811
1231,2022-07-21 13:20:00,30.264,30.353,30.124,30.135,964505
1232,2022-07-21 13:15:00,30.177,30.334,30.115,30.248,1018813
1233,2022-07-21 13:10:00,30.334,30.373,30.134,30.16,1140943
1234,2022-07-21 13:05:00,30.349,30.442,30.262,30.312,1208618
1235,2022-07-21 13:00:00,30.354,30.393,30.232,30.322,1029852
1236,2022-07-21 12:55:00,30.31,30.383,30.246,30.331,928441
1237,2022-07-21 12:50:00,30.271,30.353,30.232,30.283,855719
1238,2022-07-21 12:45:00,30.334,30.373,30.213,30.249,1215528
1239,2022-07-21 12:40:00,30.406,30.432,30.286,30.312,800702
1240,2022-07-21 12:35:00,30.374,30.442,30.284,30.4,1227161
1241,2022-07-21 12:30:00,30.354,30.461,30.301,30.351,1842517
1242,2022-07-21 12:25:00,30.216,30.383,30.134,30.327,1914808
1243,2022-07-21 12:20:00,30.187,30.235,30.075,30.194,1254610
1244,2022-07-21 12:15:00,30.148,30.221,30.056,30.16,1446143
1245,2022-07-21 12:10:00,30.217,30.245,29.997,30.121,2816997
1246,2022-07-21 12:05:00,30.04,30.245,29.948,30.204,2125508
1247,2022-07-21 12:00:00,29.788,30.058,29.742,30.018,2602513
1248,2022-07-21 11:55:00,29.727,29.872,29.688,29.762,1308548
1249,2022-07-21 11:50:00,29.685,29.803,29.624,29.713,1206706
1250,2022-07-21 11:45:00,29.765,29.842,29.614,29.655,1291052
1251,2022-07-21 11:40:00,29.727,29.842,29.673,29.743,1257534
1252,2022-07-21 11:35:00,29.853,29.911,29.684,29.713,2259873
1253,2022-07-21 11:30:00,29.642,29.872,29.496,29.831,2622990
1254,2022-07-21 11:25:00,29.421,29.67,29.38,29.62,1995439
1255,2022-07-21 11:20:00,29.511,29.587,29.31,29.389,1624006
1256,2022-07-21 11:15:00,29.539,29.587,29.418,29.488,1663742
1257,2022-07-21 11:10:00,29.568,29.592,29.398,29.508,1561871
1258,2022-07-21 11:05:00,29.627,29.656,29.457,29.537,1636845
1259,2022-07-21 11:00:00,29.431,29.646,29.339,29.605,2211200
1260,2022-07-21 10:55:00,29.264,29.479,29.202,29.409,2301385
1261,2022-07-21 10:50:00,29.097,29.282,29.06,29.232,1497242
1262,2022-07-21 10:45:00,29.195,29.233,29.035,29.08,1543040
1263,2022-07-21 10:40:00,29.082,29.213,28.962,29.164,1908158
1264,2022-07-21 10:35:00,28.802,29.11,28.76,29.065,2971146
1265,2022-07-21 10:30:00,28.87,28.938,28.721,28.781,1860919
1266,2022-07-21 10:25:00,29.039,29.066,28.672,28.849,3804114
1267,2022-07-21 10:20:00,29.347,29.41,28.981,29.026,2848390
1268,2022-07-21 10:15:00,29.028,29.43,28.986,29.33,2912078
1269,2022-07-21 10:10:00,29.283,29.4,28.917,29.007,2657129
1270,2022-07-21 10:05:00,29.303,29.449,29.143,29.262,2685187
1271,2022-07-21 10:00:00,29.578,29.901,29.252,29.272,3846609
1272,2022-07-21 09:55:00,29.696,29.734,29.506,29.556,2816169
1273,2022-07-21 09:50:00,29.51,29.719,29.281,29.674,3342056
1274,2022-07-21 09:45:00,29.293,29.636,29.094,29.497,3638052
1275,2022-07-21 09:40:00,29.46,29.642,29.241,29.272,4050116
1276,2022-07-21 09:35:00,29.21,29.528,28.937,29.434,5367378
1277,2022-07-21 09:30:00,29.48,29.695,29.173,29.183,5478653
1278,2022-07-21 09:25:00,29.549,29.587,29.438,29.468,406997
1279,2022-07-21 09:20:00,29.588,29.665,29.477,29.517,234209
1280,2022-07-21 09:15:00,29.676,29.793,29.545,29.556,192188
1281,2022-07-21 09:10:00,29.666,29.754,29.604,29.654,179677
1282,2022-07-21 09:05:00,29.716,29.754,29.595,29.654,199370
1283,2022-07-21 09:00:00,29.784,29.823,29.673,29.703,245893
1284,2022-07-21 08:55:00,29.735,29.852,29.693,29.762,224321
1285,2022-07-21 08:50:00,29.863,29.931,29.683,29.703,335587
1286,2022-07-21 08:45:00,29.981,30.009,29.83,29.841,529802
1287,2022-07-21 08:40:00,29.833,30.009,29.761,29.959,644019
1288,2022-07-21 08:35:00,29.696,29.862,29.614,29.821,412238
1289,2022-07-21 08:30:00,29.49,29.715,29.438,29.684,219893
1290,2022-07-21 08:25:00,29.588,29.606,29.388,29.468,146829
1291,2022-07-21 08:20:00,29.539,29.764,29.505,29.566,316524
1292,2022-07-21 08:15:00,29.441,29.587,29.163,29.527,369828
1293,2022-07-21 08:10:00,29.49,29.528,29.379,29.409,148578
1294,2022-07-21 08:05:00,29.46,29.547,29.408,29.478,131078
1295,2022-07-21 08:00:00,29.382,29.576,28.906,29.429,423432
1296,2022-07-21 07:55:00,29.421,29.43,29.339,29.36,26749
1297,2022-07-21 07:50:00,29.382,29.43,29.349,29.399,47540
1298,2022-07-21 07:45:00,29.303,29.39,29.261,29.36,49316
1299,2022-07-21 07:40:00,29.323,29.38,29.271,29.291,34120
1300,2022-07-21 07:35:00,29.391,29.4,29.241,29.281,38016
1301,2022-07-21 07:30:00,29.342,29.39,29.29,29.36,30323
1302,2022-07-21 07:25:00,29.283,29.341,29.241,29.301,13701
1303,2022-07-21 07:20:00,29.401,29.42,29.261,29.272,35030
1304,2022-07-21 07:15:00,29.391,29.439,29.339,29.38,57763
1305,2022-07-21 07:10:00,29.401,29.41,29.32,29.36,48786
1306,2022-07-21 07:05:00,29.342,29.42,29.281,29.38,57901
1307,2022-07-21 07:00:00,29.382,29.41,29.31,29.33,61785
1308,2022-07-21 06:55:00,29.362,29.43,29.31,29.34,34325
1309,2022-07-21 06:50:00,29.391,29.42,29.33,29.34,21305
1310,2022-07-21 06:45:00,29.411,29.439,29.339,29.36,18491
1311,2022-07-21 06:40:00,29.549,29.557,29.379,29.399,44393
1312,2022-07-21 06:35:00,29.568,29.577,29.496,29.527,84175
1313,2022-07-21 06:30:00,29.558,29.577,29.506,29.537,16359
1314,2022-07-21 06:25:00,29.529,29.597,29.496,29.537,25157
1315,2022-07-21 06:20:00,29.568,29.597,29.487,29.497,66382
1316,2022-07-21 06:15:00,29.49,29.597,29.428,29.537,54097
1317,2022-07-21 06:10:00,29.499,29.528,29.428,29.458,62198
1318,2022-07-21 06:05:00,29.411,29.498,29.339,29.468,43002
1319,2022-07-21 06:00:00,29.382,29.449,29.31,29.389,19567
1320,2022-07-21 05:55:00,29.372,29.39,29.29,29.35,11405
1321,2022-07-21 05:50:00,29.332,29.4,29.251,29.36,27363
1322,2022-07-21 05:45:00,29.293,29.361,29.241,29.311,34756
1323,2022-07-21 05:40:00,29.254,29.331,29.202,29.281,26878
1324,2022-07-21 05:35:00,29.244,29.272,29.173,29.242,8126
1325,2022-07-21 05:30:00,29.205,29.263,29.173,29.222,15881
1326,2022-07-21 05:25:00,29.254,29.282,29.173,29.183,27249
1327,2022-07-21 05:20:00,29.205,29.282,29.173,29.232,33379
1328,2022-07-21 05:15:00,29.205,29.223,29.124,29.183,15300
1329,2022-07-21 05:10:00,29.175,29.213,29.143,29.173,19870
1330,2022-07-21 05:05:00,29.136,29.184,29.094,29.134,14620
1331,2022-07-21 05:00:00,29.146,29.154,29.065,29.105,35134
1332,2022-07-21 04:55:00,29.057,29.164,29.025,29.124,46685
1333,2022-07-21 04:50:00,29.048,29.076,28.996,29.026,35602
1334,2022-07-21 04:45:00,29.018,29.086,28.976,29.026,31081
1335,2022-07-21 04:40:00,29.057,29.095,28.937,28.977,23213
1336,2022-07-21 04:35:00,29.077,29.115,29.016,29.036,8078
1337,2022-07-21 04:30:00,28.949,29.066,28.898,29.036,19832
1338,2022-07-21 04:25:00,28.949,29.027,28.898,28.928,22255
1339,2022-07-21 04:20:00,29.067,29.105,28.908,28.928,22171
1340,2022-07-21 04:15:00,29.126,29.145,29.016,29.056,23392
1341,2022-07-21 04:10:00,29.136,29.184,29.074,29.115,20862
1342,2022-07-21 04:05:00,29.136,29.184,29.055,29.105,60279
1343,2022-07-21 04:00:00,29.156,29.213,29.084,29.105,90668
1344,2022-07-20 19:55:00,29.234,29.243,29.104,29.115,50353
1345,2022-07-20 19:50:00,29.175,29.233,29.133,29.203,39721
1346,2022-07-20 19:45:00,29.156,29.204,29.114,29.164,22455
1347,2022-07-20 19:40:00,29.136,29.184,29.094,29.134,25088
1348,2022-07-20 19:35:00,29.195,29.204,29.133,29.154,10886
1349,2022-07-20 19:30:00,29.195,29.213,29.114,29.154,27983
1350,2022-07-20 19:25:00,29.195,29.213,29.153,29.173,17923
1351,2022-07-20 19:20:00,29.116,29.204,29.084,29.164,19378
1352,2022-07-20 19:15:00,29.087,29.135,29.045,29.095,24810
1353,2022-07-20 19:10:00,29.116,29.125,29.045,29.065,22506
1354,2022-07-20 19:05:00,29.048,29.135,29.016,29.105,26228
1355,2022-07-20 19:00:00,29.057,29.066,28.996,29.007,38851
1356,2022-07-20 18:55:00,29.018,29.056,28.976,29.026,16108
1357,2022-07-20 18:50:00,29.008,29.027,28.937,28.997,22446
1358,2022-07-20 18:45:00,28.979,29.046,28.947,28.997,11159
1359,2022-07-20 18:40:00,28.989,29.037,28.947,28.957,49006
1360,2022-07-20 18:35:00,29.067,29.076,28.967,28.987,15991
1361,2022-07-20 18:30:00,29.087,29.105,29.016,29.046,24654
1362,2022-07-20 18:25:00,29.067,29.115,29.035,29.056,12522
1363,2022-07-20 18:20:00,29.048,29.076,28.967,29.036,53689
1364,2022-07-20 18:15:00,29.146,29.154,29.016,29.056,29306
1365,2022-07-20 18:10:00,29.136,29.184,29.104,29.144,13271
1366,2022-07-20 18:05:00,29.156,29.184,29.104,29.134,6464
1367,2022-07-20 18:00:00,29.185,29.194,29.084,29.134,23108
1368,2022-07-20 17:55:00,29.156,29.204,29.094,29.173,9991
1369,2022-07-20 17:50:00,29.175,29.184,29.094,29.124,31121
1370,2022-07-20 17:45:00,29.205,29.213,29.143,29.154,9975
1371,2022-07-20 17:40:00,29.195,29.213,29.143,29.164,14811
1372,2022-07-20 17:35:00,29.215,29.223,29.143,29.164,10639
1373,2022-07-20 17:30:00,29.136,29.233,29.084,29.193,28149
1374,2022-07-20 17:25:00,29.077,29.145,29.045,29.115,18089
1375,2022-07-20 17:20:00,29.087,29.105,29.045,29.056,13885
1376,2022-07-20 17:15:00,29.097,29.105,29.025,29.075,15912
1377,2022-07-20 17:10:00,29.077,29.086,28.996,29.056,35947
1378,2022-07-20 17:05:00,29.067,29.086,29.006,29.016,7078
1379,2022-07-20 17:00:00,29.057,29.086,29.016,29.046,21437
1380,2022-07-20 16:55:00,29.087,29.115,29.045,29.056,90404
1381,2022-07-20 16:50:00,29.067,29.095,29.025,29.065,174832
1382,2022-07-20 16:45:00,29.126,29.154,29.045,29.056,93356
1383,2022-07-20 16:40:00,29.038,29.164,28.996,29.105,133079
1384,2022-07-20 16:35:00,29.097,29.135,29.006,29.016,154895
1385,2022-07-20 16:30:00,29.156,29.174,29.045,29.085,202209
1386,2022-07-20 16:25:00,29.195,29.233,29.094,29.124,94704
1387,2022-07-20 16:20:00,29.205,29.263,29.143,29.173,83283
1388,2022-07-20 16:15:00,29.323,29.341,29.084,29.183,249775
1389,2022-07-20 16:10:00,29.47,29.498,29.231,29.281,282181
1390,2022-07-20 16:05:00,29.391,29.577,29.359,29.468,358890
1391,2022-07-20 16:00:00,29.362,29.538,29.3,29.37,625926
1392,2022-07-20 15:55:00,29.347,29.42,29.256,29.34,2338075
1393,2022-07-20 15:50:00,29.421,29.538,29.241,29.321,2801753
1394,2022-07-20 15:45:00,29.47,29.508,29.33,29.399,1636572
1395,2022-07-20 15:40:00,29.401,29.547,29.32,29.455,1543567
1396,2022-07-20 15:35:00,29.431,29.469,29.295,29.37,1345800
1397,2022-07-20 15:30:00,29.568,29.606,29.379,29.414,1525745
1398,2022-07-20 15:25:00,29.46,29.587,29.428,29.546,1164119
1399,2022-07-20 15:20:00,29.509,29.547,29.379,29.438,1360964
1400,2022-07-20 15:15:00,29.431,29.547,29.369,29.487,1394552
1401,2022-07-20 15:10:00,29.445,29.528,29.388,29.404,1215460
1402,2022-07-20 15:05:00,29.46,29.567,29.349,29.419,2280858
1403,2022-07-20 15:00:00,29.273,29.479,29.182,29.437,2087668
1404,2022-07-20 14:55:00,29.116,29.302,29.025,29.247,1549561
1405,2022-07-20 14:50:00,29.338,29.351,29.074,29.1,1562770
1406,2022-07-20 14:45:00,29.303,29.351,29.214,29.321,1142369
1407,2022-07-20 14:40:00,29.325,29.341,29.212,29.276,994497
1408,2022-07-20 14:35:00,29.269,29.341,29.173,29.311,1174735
1409,2022-07-20 14:30:00,29.223,29.302,29.116,29.242,1809705
1410,2022-07-20 14:25:00,29.156,29.282,29.114,29.203,2054767
1411,2022-07-20 14:20:00,29.038,29.174,28.967,29.144,1701721
1412,2022-07-20 14:15:00,28.986,29.066,28.841,29.016,1092832
1413,2022-07-20 14:10:00,29.037,29.051,28.87,28.967,1359322
1414,2022-07-20 14:05:00,28.981,29.056,28.898,29.011,1180504
1415,2022-07-20 14:00:00,28.753,28.997,28.702,28.964,1382392
1416,2022-07-20 13:55:00,28.959,28.987,28.682,28.732,1922384
1417,2022-07-20 13:50:00,28.93,29.037,28.869,28.938,799107
1418,2022-07-20 13:45:00,29.077,29.125,28.883,28.908,2038012
1419,2022-07-20 13:40:00,29.126,29.174,29.021,29.058,1248617
1420,2022-07-20 13:35:00,29.088,29.145,28.957,29.095,1716572
1421,2022-07-20 13:30:00,28.998,29.174,28.917,29.067,2187396
1422,2022-07-20 13:25:00,28.797,29.017,28.731,28.977,1791050
1423,2022-07-20 13:20:00,28.831,28.889,28.702,28.771,1667163
1424,2022-07-20 13:15:00,28.704,28.85,28.584,28.815,3377450
1425,2022-07-20 13:10:00,28.91,28.928,28.603,28.697,2646565
1426,2022-07-20 13:05:00,29.018,29.163,28.76,28.899,2657938
1427,2022-07-20 13:00:00,29.303,29.351,28.976,28.997,3465114
1428,2022-07-20 12:55:00,29.215,29.38,29.173,29.283,1794942
1429,2022-07-20 12:50:00,29.008,29.282,28.947,29.193,2941293
1430,2022-07-20 12:45:00,29.234,29.243,28.878,28.988,4035697
1431,2022-07-20 12:40:00,29.611,29.646,29.163,29.213,3340083
1432,2022-07-20 12:35:00,29.578,29.695,29.536,29.595,1500665
1433,2022-07-20 12:30:00,29.483,29.593,29.447,29.555,1139427
1434,2022-07-20 12:25:00,29.617,29.646,29.447,29.458,1122388
1435,2022-07-20 12:20:00,29.696,29.714,29.565,29.599,1524771
1436,2022-07-20 12:15:00,29.686,29.705,29.506,29.664,2369918
1437,2022-07-20 12:10:00,29.666,29.705,29.585,29.659,1259750
1438,2022-07-20 12:05:00,29.608,29.724,29.545,29.653,1609250
1439,2022-07-20 12:00:00,29.558,29.636,29.487,29.586,1432792
1440,2022-07-20 11:55:00,29.617,29.626,29.506,29.544,1443973
1441,2022-07-20 11:50:00,29.45,29.664,29.409,29.595,2386141
1442,2022-07-20 11:45:00,29.416,29.489,29.379,29.424,1234797
1443,2022-07-20 11:40:00,29.382,29.449,29.281,29.389,1070073
1444,2022-07-20 11:35:00,29.455,29.538,29.29,29.36,2198820
1445,2022-07-20 11:30:00,29.382,29.469,29.31,29.432,1954408
1446,2022-07-20 11:25:00,29.229,29.425,29.173,29.36,1964164
1447,2022-07-20 11:20:00,29.296,29.351,29.133,29.203,1693073
1448,2022-07-20 11:15:00,29.254,29.321,29.155,29.272,1321224
1449,2022-07-20 11:10:00,29.274,29.321,29.173,29.226,1291015
1450,2022-07-20 11:05:00,29.29,29.351,29.182,29.252,2028786
1451,2022-07-20 11:00:00,29.499,29.518,29.202,29.262,3222319
1452,2022-07-20 10:55:00,29.411,29.508,29.32,29.477,2545221
1453,2022-07-20 10:50:00,29.259,29.479,29.212,29.38,3316847
1454,2022-07-20 10:45:00,29.087,29.298,29.016,29.242,2955279
1455,2022-07-20 10:40:00,29.087,29.115,28.939,29.063,2325030
1456,2022-07-20 10:35:00,29.038,29.154,28.986,29.065,2678514
1457,2022-07-20 10:30:00,28.851,29.105,28.79,29.016,4207264
1458,2022-07-20 10:25:00,28.625,28.879,28.554,28.835,3462634
1459,2022-07-20 10:20:00,28.439,28.634,28.368,28.597,3013877
1460,2022-07-20 10:15:00,28.517,28.526,28.31,28.418,1917441
1461,2022-07-20 10:10:00,28.38,28.526,28.329,28.495,2632663
1462,2022-07-20 10:05:00,28.219,28.388,27.995,28.354,2843927
1463,2022-07-20 10:00:00,28.115,28.249,28.034,28.192,2653595
1464,2022-07-20 09:55:00,28.296,28.355,28.044,28.099,2983403
1465,2022-07-20 09:50:00,28.429,28.583,28.231,28.27,3219027
1466,2022-07-20 09:45:00,28.448,28.535,28.28,28.413,3688690
1467,2022-07-20 09:40:00,28.311,28.467,28.24,28.437,3566023
1468,2022-07-20 09:35:00,28.203,28.437,28.167,28.298,4966718
1469,2022-07-20 09:30:00,28.154,28.27,27.907,28.176,7568180
1470,2022-07-20 09:25:00,28.105,28.172,28.034,28.133,980915
1471,2022-07-20 09:20:00,28.065,28.123,28.005,28.074,163827
1472,2022-07-20 09:15:00,27.967,28.083,27.936,28.045,140576
1473,2022-07-20 09:10:00,27.987,28.024,27.926,27.956,48349
1474,2022-07-20 09:05:00,28.016,28.044,27.966,27.976,86194
1475,2022-07-20 09:00:00,27.996,28.083,27.966,27.995,149931
1476,2022-07-20 08:55:00,28.026,28.044,27.956,27.976,82602
1477,2022-07-20 08:50:00,27.938,28.054,27.897,27.995,258073
1478,2022-07-20 08:45:00,27.898,27.985,27.848,27.946,62394
1479,2022-07-20 08:40:00,27.908,27.936,27.809,27.887,88916
1480,2022-07-20 08:35:00,27.947,27.956,27.818,27.887,81780
1481,2022-07-20 08:30:00,27.879,28.005,27.828,27.927,168981
1482,2022-07-20 08:25:00,27.849,27.926,27.769,27.858,299114
1483,2022-07-20 08:20:00,28.026,28.034,27.75,27.819,218404
1484,2022-07-20 08:15:00,28.075,28.103,27.985,27.995,83785
1485,2022-07-20 08:10:00,28.075,28.093,28.015,28.054,98774
1486,2022-07-20 08:05:00,27.967,28.093,27.887,28.045,201062
1487,2022-07-20 08:00:00,27.997,28.585,27.771,27.956,672048
1488,2022-07-20 07:55:00,27.947,27.965,27.887,27.907,16951
1489,2022-07-20 07:50:00,27.938,27.956,27.868,27.927,26399
1490,2022-07-20 07:45:00,27.908,27.965,27.877,27.917,87938
1491,2022-07-20 07:40:00,27.996,28.005,27.887,27.897,29017
1492,2022-07-20 07:35:00,28.026,28.034,27.936,27.976,25395
1493,2022-07-20 07:30:00,28.036,28.044,27.946,28.005,25067
1494,2022-07-20 07:25:00,28.016,28.034,27.966,28.005,23452
1495,2022-07-20 07:20:00,27.947,28.024,27.917,27.995,33251
1496,2022-07-20 07:15:00,27.928,27.946,27.848,27.917,49128
1497,2022-07-20 07:10:00,27.987,28.015,27.897,27.917,50756
1498,2022-07-20 07:05:00,27.987,28.044,27.946,27.966,53575
1499,2022-07-20 07:00:00,28.006,28.044,27.956,27.976,89067
1500,2022-07-20 06:55:00,27.947,28.054,27.887,27.986,71310
1501,2022-07-20 06:50:00,27.879,27.985,27.838,27.937,31225
1502,2022-07-20 06:45:00,27.977,28.005,27.769,27.858,314676
1503,2022-07-20 06:40:00,27.977,28.064,27.868,27.976,186168
1504,2022-07-20 06:35:00,28.046,28.133,27.946,27.956,74977
1505,2022-07-20 06:30:00,28.281,28.29,28.025,28.035,150938
1506,2022-07-20 06:25:00,28.34,28.368,28.25,28.261,23067
1507,2022-07-20 06:20:00,28.34,28.359,28.28,28.29,22918
1508,2022-07-20 06:15:00,28.281,28.339,28.24,28.3,84552
1509,2022-07-20 06:10:00,28.262,28.28,28.221,28.251,9993
1510,2022-07-20 06:05:00,28.291,28.339,28.231,28.241,44039
1511,2022-07-20 06:00:00,28.35,28.368,28.25,28.27,31602
1512,2022-07-20 05:55:00,28.37,28.398,28.289,28.31,34135
1513,2022-07-20 05:50:00,28.33,28.388,28.299,28.359,36370
1514,2022-07-20 05:45:00,28.321,28.349,28.28,28.319,19179
1515,2022-07-20 05:40:00,28.34,28.368,28.26,28.31,130890
1516,2022-07-20 05:35:00,28.291,28.349,28.26,28.319,12739
1517,2022-07-20 05:30:00,28.242,28.309,28.201,28.251,3905
1518,2022-07-20 05:25:00,28.281,28.319,28.211,28.221,23648
1519,2022-07-20 05:20:00,28.291,28.319,28.211,28.251,54620
1520,2022-07-20 05:15:00,28.291,28.309,28.231,28.27,23353
1521,2022-07-20 05:10:00,28.291,28.339,28.24,28.28,16716
1522,2022-07-20 05:05:00,28.301,28.319,28.24,28.28,14935
1523,2022-07-20 05:00:00,28.222,28.319,28.191,28.261,29564
1524,2022-07-20 04:55:00,28.203,28.25,28.152,28.221,24577
1525,2022-07-20 04:50:00,28.193,28.201,28.123,28.162,32822
1526,2022-07-20 04:45:00,28.252,28.26,28.113,28.172,46395
1527,2022-07-20 04:40:00,28.252,28.29,28.221,28.241,12247
1528,2022-07-20 04:35:00,28.272,28.29,28.201,28.241,24550
1529,2022-07-20 04:30:00,28.252,28.309,28.201,28.261,21847
1530,2022-07-20 04:25:00,28.222,28.27,28.152,28.221,34987
1531,2022-07-20 04:20:00,28.272,28.29,28.201,28.211,34262
1532,2022-07-20 04:15:00,28.311,28.349,28.231,28.251,43162
1533,2022-07-20 04:10:00,28.281,28.349,28.221,28.29,79682
1534,2022-07-20 04:05:00,28.232,28.3,28.172,28.27,76796
1535,2022-07-20 04:00:00,28.537,28.683,28.054,28.211,171278
1536,2022-07-19 19:55:00,28.35,28.378,28.319,28.329,83174
1537,2022-07-19 19:50:00,28.33,28.378,28.299,28.339,71587
1538,2022-07-19 19:45:00,28.311,28.349,28.27,28.31,21849
1539,2022-07-19 19:40:00,28.33,28.349,28.26,28.28,37383
1540,2022-07-19 19:35:00,28.34,28.349,28.289,28.31,32956
1541,2022-07-19 19:30:00,28.34,28.368,28.299,28.329,20791
1542,2022-07-19 19:25:00,28.34,28.359,28.299,28.319,31432
1543,2022-07-19 19:20:00,28.37,28.388,28.299,28.319,79030
1544,2022-07-19 19:15:00,28.389,28.408,28.339,28.359,13256
1545,2022-07-19 19:10:00,28.389,28.398,28.339,28.368,6790
1546,2022-07-19 19:05:00,28.38,28.398,28.319,28.349,6680
1547,2022-07-19 19:00:00,28.37,28.417,28.309,28.368,33356
1548,2022-07-19 18:55:00,28.321,28.378,28.289,28.349,26176
1549,2022-07-19 18:50:00,28.321,28.339,28.28,28.31,11098
1550,2022-07-19 18:45:00,28.301,28.329,28.26,28.29,15762
1551,2022-07-19 18:40:00,28.311,28.319,28.26,28.27,24886
1552,2022-07-19 18:35:00,28.301,28.319,28.26,28.29,64263
1553,2022-07-19 18:30:00,28.35,28.359,28.27,28.28,49112
1554,2022-07-19 18:25:00,28.35,28.368,28.309,28.329,53600
1555,2022-07-19 18:20:00,28.409,28.417,28.319,28.329,52956
1556,2022-07-19 18:15:00,28.409,28.417,28.339,28.388,19065
1557,2022-07-19 18:10:00,28.389,28.417,28.348,28.388,23025
1558,2022-07-19 18:05:00,28.37,28.417,28.329,28.368,46482
1559,2022-07-19 18:00:00,28.507,28.516,28.319,28.349,198856
1560,2022-07-19 17:55:00,28.507,28.535,28.466,28.486,19442
1561,2022-07-19 17:50:00,28.517,28.535,28.476,28.496,27678
1562,2022-07-19 17:45:00,28.547,28.555,28.486,28.496,41217
1563,2022-07-19 17:40:00,28.537,28.575,28.486,28.516,29234
1564,2022-07-19 17:35:00,28.537,28.565,28.476,28.496,27317
1565,2022-07-19 17:30:00,28.547,28.585,28.466,28.526,55527
1566,2022-07-19 17:25:00,28.488,28.555,28.456,28.526,71519
1567,2022-07-19 17:20:00,28.478,28.516,28.437,28.467,47496
1568,2022-07-19 17:15:00,28.468,28.496,28.397,28.447,63866
1569,2022-07-19 17:10:00,28.458,28.496,28.407,28.437,112408
1570,2022-07-19 17:05:00,28.389,28.467,28.358,28.437,103047
1571,2022-07-19 17:00:00,28.35,28.398,28.309,28.359,53531
1572,2022-07-19 16:55:00,28.34,28.368,28.309,28.329,53682
1573,2022-07-19 16:50:00,28.34,28.368,28.309,28.329,43120
1574,2022-07-19 16:45:00,28.35,28.359,28.299,28.329,58569
1575,2022-07-19 16:40:00,28.35,28.368,28.299,28.329,77601
1576,2022-07-19 16:35:00,28.37,28.378,28.309,28.329,85264
1577,2022-07-19 16:30:00,28.385,28.398,28.329,28.339,64678
1578,2022-07-19 16:25:00,28.409,28.422,28.339,28.364,129079
1579,2022-07-19 16:20:00,28.311,28.417,28.27,28.388,303489
1580,2022-07-19 16:15:00,28.183,28.339,28.142,28.29,373304
1581,2022-07-19 16:10:00,28.154,28.196,28.108,28.167,171399
1582,2022-07-19 16:05:00,28.124,28.182,28.054,28.143,178647
1583,2022-07-19 16:00:00,27.987,28.182,27.926,28.103,766866
1584,2022-07-19 15:55:00,27.996,28.123,27.956,27.986,3922137
1585,2022-07-19 15:50:00,27.987,28.074,27.887,27.981,2613679
1586,2022-07-19 15:45:00,28.046,28.113,27.946,27.961,2200057
1587,2022-07-19 15:40:00,27.928,28.064,27.89,28.025,1994827
1588,2022-07-19 15:35:00,27.844,27.946,27.799,27.907,1140553
1589,2022-07-19 15:30:00,27.947,27.995,27.809,27.819,1343869
1590,2022-07-19 15:25:00,27.938,28.005,27.897,27.932,894393
1591,2022-07-19 15:20:00,28.0,28.024,27.858,27.912,1148818
1592,2022-07-19 15:15:00,27.957,28.034,27.868,27.976,1529639
1593,2022-07-19 15:10:00,28.006,28.015,27.877,27.929,1546942
1594,2022-07-19 15:05:00,27.849,28.024,27.809,27.989,1757899
1595,2022-07-19 15:00:00,27.898,27.916,27.779,27.829,1166658
1596,2022-07-19 14:55:00,27.884,27.926,27.809,27.878,969365
1597,2022-07-19 14:50:00,27.785,27.907,27.711,27.867,1218114
1598,2022-07-19 14:45:00,27.864,27.872,27.671,27.76,1600781
1599,2022-07-19 14:40:00,27.81,27.907,27.745,27.848,1137318
1600,2022-07-19 14:35:00,27.821,27.877,27.769,27.788,563388
1601,2022-07-19 14:30:00,27.785,27.882,27.75,27.804,1383877
1602,2022-07-19 14:25:00,27.957,27.975,27.73,27.766,1692442
1603,2022-07-19 14:20:00,27.996,28.015,27.872,27.932,1294509
1604,2022-07-19 14:15:00,27.962,28.015,27.868,27.975,1539677
1605,2022-07-19 14:10:00,28.046,28.072,27.926,27.941,1723143
1606,2022-07-19 14:05:00,27.992,28.083,27.946,28.03,1899557
1607,2022-07-19 14:00:00,27.903,28.005,27.848,27.971,1848966
1608,2022-07-19 13:55:00,27.839,27.926,27.789,27.883,1210485
1609,2022-07-19 13:50:00,27.844,27.877,27.779,27.819,833492
1610,2022-07-19 13:45:00,27.82,27.877,27.76,27.824,1263973
1611,2022-07-19 13:40:00,27.761,27.848,27.711,27.809,1296525
1612,2022-07-19 13:35:00,27.663,27.779,27.612,27.731,1624837
1613,2022-07-19 13:30:00,27.554,27.681,27.524,27.642,1760910
1614,2022-07-19 13:25:00,27.538,27.582,27.485,27.529,642246
1615,2022-07-19 13:20:00,27.52,27.563,27.426,27.519,1089245
1616,2022-07-19 13:15:00,27.545,27.602,27.485,27.5,705523
1617,2022-07-19 13:10:00,27.496,27.592,27.465,27.524,623792
1618,2022-07-19 13:05:00,27.584,27.6,27.465,27.475,895410
1619,2022-07-19 13:00:00,27.604,27.612,27.534,27.56,851860
1620,2022-07-19 12:55:00,27.523,27.622,27.46,27.579,1076265
1621,2022-07-19 12:50:00,27.561,27.612,27.446,27.503,1157884
1622,2022-07-19 12:45:00,27.515,27.602,27.465,27.539,1170904
1623,2022-07-19 12:40:00,27.509,27.553,27.465,27.505,860580
1624,2022-07-19 12:35:00,27.554,27.567,27.436,27.49,1380519
1625,2022-07-19 12:30:00,27.466,27.592,27.416,27.534,3472245
1626,2022-07-19 12:25:00,27.466,27.484,27.397,27.439,777993
1627,2022-07-19 12:20:00,27.357,27.484,27.318,27.446,1504236
1628,2022-07-19 12:15:00,27.368,27.376,27.264,27.333,716451
1629,2022-07-19 12:10:00,27.31,27.4,27.269,27.338,716211
1630,2022-07-19 12:05:00,27.319,27.346,27.2,27.296,1158564
1631,2022-07-19 12:00:00,27.437,27.464,27.269,27.303,1235683
1632,2022-07-19 11:55:00,27.375,27.454,27.328,27.416,1320233
1633,2022-07-19 11:50:00,27.265,27.405,27.23,27.357,1151913
1634,2022-07-19 11:45:00,27.368,27.386,27.23,27.245,982330
1635,2022-07-19 11:40:00,27.374,27.386,27.249,27.338,1691138
1636,2022-07-19 11:35:00,27.467,27.513,27.308,27.348,2288409
1637,2022-07-19 11:30:00,27.348,27.5,27.31,27.456,2184336
1638,2022-07-19 11:25:00,27.213,27.386,27.183,27.328,1823844
1639,2022-07-19 11:20:00,27.22,27.258,27.132,27.198,1352971
1640,2022-07-19 11:15:00,27.358,27.405,27.181,27.193,2018622
1641,2022-07-19 11:10:00,27.346,27.386,27.269,27.338,1661662
1642,2022-07-19 11:05:00,27.285,27.376,27.249,27.328,1698697
1643,2022-07-19 11:00:00,27.191,27.337,27.151,27.259,2684200
1644,2022-07-19 10:55:00,27.147,27.19,27.063,27.162,1766158
1645,2022-07-19 10:50:00,27.093,27.209,27.041,27.127,2233258
1646,2022-07-19 10:45:00,26.918,27.111,26.877,27.063,2170771
1647,2022-07-19 10:40:00,26.811,26.973,26.742,26.901,1958570
1648,2022-07-19 10:35:00,26.788,26.865,26.729,26.788,1757357
1649,2022-07-19 10:30:00,26.818,26.904,26.749,26.777,1702515
1650,2022-07-19 10:25:00,26.572,26.885,26.528,26.798,3898608
1651,2022-07-19 10:20:00,26.464,26.668,26.405,26.562,1977994
1652,2022-07-19 10:15:00,26.562,26.58,26.347,26.445,1873771
1653,2022-07-19 10:10:00,26.494,26.735,26.396,26.546,3176345
1654,2022-07-19 10:05:00,26.592,26.6,26.317,26.474,2370315
1655,2022-07-19 10:00:00,26.691,26.719,26.523,26.572,2366638
1656,2022-07-19 09:55:00,26.464,26.757,26.376,26.676,3422986
1657,2022-07-19 09:50:00,26.317,26.492,26.239,26.444,2447173
1658,2022-07-19 09:45:00,26.405,26.442,26.19,26.297,2169668
1659,2022-07-19 09:40:00,26.474,26.55,26.239,26.376,2527264
1660,2022-07-19 09:35:00,26.543,26.609,26.347,26.445,3045243
1661,2022-07-19 09:30:00,26.661,26.796,26.504,26.523,5437707
1662,2022-07-19 09:25:00,26.572,26.688,26.543,26.631,318830
1663,2022-07-19 09:20:00,26.543,26.634,26.494,26.553,249433
1664,2022-07-19 09:15:00,26.494,26.57,26.455,26.518,269487
1665,2022-07-19 09:10:00,26.449,26.541,26.396,26.464,214510
1666,2022-07-19 09:05:00,26.405,26.462,26.356,26.434,115222
1667,2022-07-19 09:00:00,26.425,26.442,26.356,26.386,100754
1668,2022-07-19 08:55:00,26.454,26.482,26.396,26.405,111048
1669,2022-07-19 08:50:00,26.376,26.501,26.347,26.435,231713
1670,2022-07-19 08:45:00,26.336,26.393,26.278,26.356,191003
1671,2022-07-19 08:40:00,26.268,26.354,26.239,26.316,101511
1672,2022-07-19 08:35:00,26.268,26.324,26.229,26.258,82466
1673,2022-07-19 08:30:00,26.199,26.285,26.15,26.249,95130
1674,2022-07-19 08:25:00,26.209,26.236,26.131,26.184,109195
1675,2022-07-19 08:20:00,26.248,26.266,26.15,26.189,173704
1676,2022-07-19 08:15:00,26.297,26.334,26.209,26.219,68009
1677,2022-07-19 08:10:00,26.287,26.315,26.229,26.278,56437
1678,2022-07-19 08:05:00,26.366,26.374,26.258,26.268,115732
1679,2022-07-19 08:00:00,26.277,26.424,25.69,26.346,532069
1680,2022-07-19 07:55:00,26.336,26.374,26.307,26.327,12670
1681,2022-07-19 07:50:00,26.268,26.383,26.229,26.346,59237
1682,2022-07-19 07:45:00,26.238,26.275,26.19,26.238,18490
1683,2022-07-19 07:40:00,26.258,26.266,26.19,26.209,33734
1684,2022-07-19 07:35:00,26.287,26.295,26.209,26.238,52658
1685,2022-07-19 07:30:00,26.336,26.364,26.248,26.258,14745
1686,2022-07-19 07:25:00,26.268,26.334,26.239,26.307,11173
1687,2022-07-19 07:20:00,26.277,26.295,26.229,26.238,34084
1688,2022-07-19 07:15:00,26.376,26.383,26.248,26.258,84406
1689,2022-07-19 07:10:00,26.277,26.383,26.248,26.356,65858
1690,2022-07-19 07:05:00,26.268,26.315,26.219,26.258,77710
1691,2022-07-19 07:00:00,26.356,26.364,26.209,26.248,249268
1692,2022-07-19 06:55:00,26.356,26.374,26.288,26.327,18515
1693,2022-07-19 06:50:00,26.356,26.364,26.278,26.337,31201
1694,2022-07-19 06:45:00,26.385,26.403,26.327,26.346,14620
1695,2022-07-19 06:40:00,26.425,26.433,26.347,26.366,16677
1696,2022-07-19 06:35:00,26.376,26.462,26.337,26.405,64676
1697,2022-07-19 06:30:00,26.307,26.393,26.278,26.356,27110
1698,2022-07-19 06:25:00,26.297,26.364,26.239,26.278,20466
1699,2022-07-19 06:20:00,26.297,26.354,26.258,26.287,25259
1700,2022-07-19 06:15:00,26.327,26.334,26.258,26.278,29673
1701,2022-07-19 06:10:00,26.238,26.354,26.199,26.317,54641
1702,2022-07-19 06:05:00,26.179,26.256,26.15,26.219,31153
1703,2022-07-19 06:00:00,26.16,26.197,26.101,26.16,18961
1704,2022-07-19 05:55:00,26.209,26.216,26.131,26.14,18978
1705,2022-07-19 05:50:00,26.16,26.236,26.131,26.189,18074
1706,2022-07-19 05:45:00,26.169,26.236,26.101,26.13,23049
1707,2022-07-19 05:40:00,26.169,26.177,26.121,26.15,10222
1708,2022-07-19 05:35:00,26.169,26.177,26.111,26.14,15980
1709,2022-07-19 05:30:00,26.16,26.187,26.111,26.14,100781
1710,2022-07-19 05:25:00,26.14,26.177,26.111,26.13,152729
1711,2022-07-19 05:20:00,26.051,26.187,26.023,26.14,113757
1712,2022-07-19 05:15:00,26.051,26.069,25.993,26.032,21931
1713,2022-07-19 05:10:00,26.012,26.079,25.974,26.042,15710
1714,2022-07-19 05:05:00,26.002,26.049,25.964,25.973,9403
1715,2022-07-19 05:00:00,26.002,26.049,25.964,25.993,9008
1716,2022-07-19 04:55:00,25.943,26.04,25.915,26.003,35248
1717,2022-07-19 04:50:00,25.904,25.951,25.856,25.914,12953
1718,2022-07-19 04:45:00,25.934,25.951,25.876,25.885,11597
1719,2022-07-19 04:40:00,25.914,25.951,25.885,25.914,8961
1720,2022-07-19 04:35:00,25.884,25.981,25.846,25.895,18027
1721,2022-07-19 04:30:00,25.786,25.892,25.758,25.865,16529
1722,2022-07-19 04:25:00,25.816,25.853,25.758,25.777,17126
1723,2022-07-19 04:20:00,25.796,25.843,25.758,25.816,14212
1724,2022-07-19 04:15:00,25.816,25.823,25.738,25.767,14973
1725,2022-07-19 04:10:00,25.835,25.853,25.758,25.777,74155
1726,2022-07-19 04:05:00,25.747,25.853,25.689,25.826,34185
1727,2022-07-19 04:00:00,25.737,25.794,25.66,25.738,78610
1728,2022-07-18 19:55:00,25.875,25.912,25.846,25.875,82482
1729,2022-07-18 19:50:00,25.806,25.892,25.777,25.856,32694
1730,2022-07-18 19:45:00,25.884,25.892,25.777,25.787,17019
1731,2022-07-18 19:40:00,25.865,25.892,25.797,25.856,65579
1732,2022-07-18 19:35:00,25.786,25.892,25.758,25.846,84983
1733,2022-07-18 19:30:00,25.776,25.814,25.748,25.767,32741
1734,2022-07-18 19:25:00,25.747,25.804,25.719,25.757,90409
1735,2022-07-18 19:20:00,25.737,25.764,25.709,25.728,25705
1736,2022-07-18 19:15:00,25.727,25.764,25.699,25.728,37869
1737,2022-07-18 19:10:00,25.737,25.755,25.699,25.708,9223
1738,2022-07-18 19:05:00,25.727,25.735,25.67,25.699,10570
1739,2022-07-18 19:00:00,25.767,25.794,25.699,25.718,10774
1740,2022-07-18 18:55:00,25.776,25.794,25.738,25.748,6464
1741,2022-07-18 18:50:00,25.776,25.804,25.738,25.767,9584
1742,2022-07-18 18:45:00,25.786,25.814,25.748,25.777,5165
1743,2022-07-18 18:40:00,25.786,25.804,25.748,25.757,11346
1744,2022-07-18 18:35:00,25.717,25.804,25.689,25.777,80694
1745,2022-07-18 18:30:00,25.727,25.745,25.689,25.699,13314
1746,2022-07-18 18:25:00,25.717,25.745,25.689,25.699,22619
1747,2022-07-18 18:20:00,25.698,25.745,25.67,25.718,27057
1748,2022-07-18 18:15:00,25.668,25.696,25.62,25.669,6486
1749,2022-07-18 18:10:00,25.668,25.715,25.64,25.669,25592
1750,2022-07-18 18:05:00,25.649,25.676,25.601,25.649,34174
1751,2022-07-18 18:00:00,25.678,25.696,25.62,25.64,39696
1752,2022-07-18 17:55:00,25.698,25.705,25.611,25.62,33077
1753,2022-07-18 17:50:00,25.698,25.705,25.63,25.669,7382
1754,2022-07-18 17:45:00,25.688,25.714,25.65,25.688,22281
1755,2022-07-18 17:40:00,25.659,25.686,25.62,25.659,6540
1756,2022-07-18 17:35:00,25.649,25.666,25.62,25.63,9705
1757,2022-07-18 17:30:00,25.649,25.676,25.62,25.64,20244
1758,2022-07-18 17:25:00,25.668,25.696,25.611,25.63,14793
1759,2022-07-18 17:20:00,25.652,25.696,25.62,25.649,37545
1760,2022-07-18 17:15:00,25.659,25.686,25.62,25.63,33909
1761,2022-07-18 17:10:00,25.698,25.725,25.63,25.649,20781
1762,2022-07-18 17:05:00,25.708,25.735,25.67,25.708,9596
1763,2022-07-18 17:00:00,25.717,25.735,25.679,25.689,15806
1764,2022-07-18 16:55:00,25.708,25.735,25.679,25.708,20758
1765,2022-07-18 16:50:00,25.698,25.725,25.66,25.689,22534
1766,2022-07-18 16:45:00,25.717,25.725,25.67,25.679,18761
1767,2022-07-18 16:40:00,25.717,25.725,25.679,25.689,69523
1768,2022-07-18 16:35:00,25.727,25.745,25.679,25.699,42233
1769,2022-07-18 16:30:00,25.737,25.745,25.689,25.708,37378
1770,2022-07-18 16:25:00,25.747,25.755,25.699,25.718,24502
1771,2022-07-18 16:20:00,25.737,25.755,25.699,25.718,32679
1772,2022-07-18 16:15:00,25.708,25.745,25.67,25.708,24887
1773,2022-07-18 16:10:00,25.717,25.764,25.679,25.699,77523
1774,2022-07-18 16:05:00,25.659,25.745,25.63,25.689,164920
1775,2022-07-18 16:00:00,25.678,25.755,25.591,25.64,362322
1776,2022-07-18 15:55:00,25.668,25.735,25.591,25.652,2870222
1777,2022-07-18 15:50:00,25.393,25.696,25.336,25.659,3587031
1778,2022-07-18 15:45:00,25.541,25.558,25.356,25.379,2783655
1779,2022-07-18 15:40:00,25.567,25.637,25.483,25.532,1665813
1780,2022-07-18 15:35:00,25.668,25.745,25.513,25.551,2391918
1781,2022-07-18 15:30:00,25.767,25.784,25.591,25.659,2190668
1782,2022-07-18 15:25:00,25.963,25.997,25.729,25.742,1785249
1783,2022-07-18 15:20:00,26.012,26.069,25.905,25.944,1522822
1784,2022-07-18 15:15:00,25.924,26.02,25.895,25.993,1345062
1785,2022-07-18 15:10:00,25.953,25.981,25.807,25.919,1442439
1786,2022-07-18 15:05:00,25.826,25.985,25.796,25.934,1834447
1787,2022-07-18 15:00:00,25.806,25.902,25.719,25.806,1743661
1788,2022-07-18 14:55:00,25.875,25.887,25.748,25.787,1504886
1789,2022-07-18 14:50:00,26.051,26.064,25.758,25.857,2383427
1790,2022-07-18 14:45:00,26.032,26.089,25.934,26.032,1685822
1791,2022-07-18 14:40:00,26.258,26.275,25.984,26.006,2308480
1792,2022-07-18 14:35:00,26.199,26.329,26.131,26.246,2144605
1793,2022-07-18 14:30:00,26.15,26.216,26.082,26.184,1104137
1794,2022-07-18 14:25:00,26.277,26.315,26.091,26.121,1712671
1795,2022-07-18 14:20:00,26.361,26.413,26.248,26.261,1686239
1796,2022-07-18 14:15:00,26.273,26.383,26.22,26.338,2382851
1797,2022-07-18 14:10:00,26.155,26.285,26.101,26.258,1750238
1798,2022-07-18 14:05:00,26.179,26.226,26.101,26.14,1468469
1799,2022-07-18 14:00:00,26.209,26.261,26.052,26.17,3058958
1800,2022-07-18 13:55:00,26.474,26.511,26.082,26.198,3798608
1801,2022-07-18 13:50:00,26.454,26.55,26.425,26.457,2389473
1802,2022-07-18 13:45:00,26.631,26.69,26.423,26.442,3253185
1803,2022-07-18 13:40:00,26.68,26.747,26.582,26.612,1990999
1804,2022-07-18 13:35:00,26.76,26.816,26.61,26.67,2420924
1805,2022-07-18 13:30:00,27.093,27.12,26.729,26.739,3222497
1806,2022-07-18 13:25:00,27.051,27.12,27.014,27.076,1261052
1807,2022-07-18 13:20:00,27.054,27.101,26.945,27.033,1400585
1808,2022-07-18 13:15:00,27.201,27.218,27.024,27.034,1116857
1809,2022-07-18 13:10:00,27.216,27.228,27.122,27.173,754589
1810,2022-07-18 13:05:00,27.257,27.278,27.161,27.2,747116
1811,2022-07-18 13:00:00,27.225,27.268,27.181,27.237,1062146
1812,2022-07-18 12:55:00,27.22,27.268,27.176,27.206,791274
1813,2022-07-18 12:50:00,27.319,27.328,27.181,27.195,967252
1814,2022-07-18 12:45:00,27.397,27.41,27.269,27.299,765233
1815,2022-07-18 12:40:00,27.392,27.436,27.347,27.379,596016
1816,2022-07-18 12:35:00,27.341,27.422,27.308,27.367,525043
1817,2022-07-18 12:30:00,27.378,27.425,27.308,27.328,502140
1818,2022-07-18 12:25:00,27.417,27.43,27.318,27.357,683702
1819,2022-07-18 12:20:00,27.401,27.464,27.349,27.399,730574
1820,2022-07-18 12:15:00,27.451,27.494,27.347,27.382,975073
1821,2022-07-18 12:10:00,27.427,27.494,27.367,27.426,780238
1822,2022-07-18 12:05:00,27.437,27.504,27.347,27.398,1435304
1823,2022-07-18 12:00:00,27.466,27.494,27.389,27.419,1076507
1824,2022-07-18 11:55:00,27.415,27.494,27.347,27.451,1528450
1825,2022-07-18 11:50:00,27.333,27.425,27.269,27.394,1127561
1826,2022-07-18 11:45:00,27.397,27.415,27.279,27.318,1199157
1827,2022-07-18 11:40:00,27.338,27.405,27.259,27.377,1594477
1828,2022-07-18 11:35:00,27.27,27.356,27.21,27.318,1130036
1829,2022-07-18 11:30:00,27.211,27.307,27.122,27.249,1413733
1830,2022-07-18 11:25:00,27.201,27.258,27.132,27.186,956408
1831,2022-07-18 11:20:00,27.157,27.228,27.085,27.176,1055190
1832,2022-07-18 11:15:00,27.154,27.219,27.055,27.141,1046891
1833,2022-07-18 11:10:00,27.166,27.209,27.053,27.141,1258404
1834,2022-07-18 11:05:00,27.22,27.297,27.112,27.151,1318353
1835,2022-07-18 11:00:00,27.191,27.278,27.124,27.191,1569999
1836,2022-07-18 10:55:00,27.044,27.233,26.994,27.168,1870068
1837,2022-07-18 10:50:00,26.995,27.091,26.896,27.029,1845202
1838,2022-07-18 10:45:00,27.107,27.12,26.886,26.975,1967898
1839,2022-07-18 10:40:00,27.142,27.199,27.043,27.087,1096442
1840,2022-07-18 10:35:00,27.24,27.268,27.033,27.122,1564024
1841,2022-07-18 10:30:00,27.112,27.278,27.073,27.22,1852223
1842,2022-07-18 10:25:00,27.103,27.174,26.994,27.097,1776482
1843,2022-07-18 10:20:00,27.093,27.199,27.024,27.082,1914825
1844,2022-07-18 10:15:00,27.111,27.17,26.945,27.078,2399313
1845,2022-07-18 10:10:00,27.23,27.248,26.984,27.087,2397072
1846,2022-07-18 10:05:00,27.338,27.346,27.102,27.21,2323178
1847,2022-07-18 10:00:00,27.348,27.494,27.19,27.328,2813219
1848,2022-07-18 09:55:00,27.397,27.513,27.308,27.338,2535295
1849,2022-07-18 09:50:00,27.378,27.464,27.298,27.378,2666646
1850,2022-07-18 09:45:00,27.171,27.405,27.102,27.348,3938849
1851,2022-07-18 09:40:00,27.058,27.189,26.867,27.15,3653251
1852,2022-07-18 09:35:00,27.201,27.317,26.955,27.033,4644379
1853,2022-07-18 09:30:00,27.112,27.346,26.857,27.181,6663574
1854,2022-07-18 09:25:00,27.103,27.17,27.014,27.092,268030
1855,2022-07-18 09:20:00,27.112,27.159,27.033,27.083,103511
1856,2022-07-18 09:15:00,27.083,27.13,27.033,27.092,72335
1857,2022-07-18 09:10:00,27.112,27.14,27.033,27.068,120991
1858,2022-07-18 09:05:00,27.063,27.13,27.024,27.083,105098
1859,2022-07-18 09:00:00,27.132,27.14,27.014,27.033,156825
1860,2022-07-18 08:55:00,27.053,27.15,27.014,27.112,178932
1861,2022-07-18 08:50:00,27.053,27.071,26.994,27.033,83961
1862,2022-07-18 08:45:00,27.083,27.101,26.945,27.014,255110
1863,2022-07-18 08:40:00,27.053,27.101,26.984,27.073,90515
1864,2022-07-18 08:35:00,27.093,27.12,27.014,27.024,129904
1865,2022-07-18 08:30:00,26.995,27.111,26.955,27.073,215531
1866,2022-07-18 08:25:00,27.083,27.091,26.945,26.976,430447
1867,2022-07-18 08:20:00,27.112,27.14,27.014,27.073,159117
1868,2022-07-18 08:15:00,27.25,27.258,27.073,27.092,318550
1869,2022-07-18 08:10:00,27.289,27.297,27.21,27.23,112564
1870,2022-07-18 08:05:00,27.289,27.317,27.249,27.269,87891
1871,2022-07-18 08:00:00,27.191,27.483,26.896,27.259,682846
1872,2022-07-18 07:55:00,27.299,27.317,27.24,27.269,32736
1873,2022-07-18 07:50:00,27.329,27.366,27.269,27.279,41398
1874,2022-07-18 07:45:00,27.299,27.346,27.269,27.308,42056
1875,2022-07-18 07:40:00,27.319,27.327,27.249,27.269,93009
1876,2022-07-18 07:35:00,27.329,27.337,27.279,27.289,27071
1877,2022-07-18 07:30:00,27.348,27.356,27.298,27.308,39326
1878,2022-07-18 07:25:00,27.358,27.366,27.279,27.328,44192
1879,2022-07-18 07:20:00,27.319,27.376,27.289,27.338,103773
1880,2022-07-18 07:15:00,27.279,27.337,27.24,27.289,31430
1881,2022-07-18 07:10:00,27.319,27.337,27.259,27.269,95692
1882,2022-07-18 07:05:00,27.211,27.327,27.181,27.289,93421
1883,2022-07-18 07:00:00,27.24,27.268,27.141,27.2,115641
1884,2022-07-18 06:55:00,27.24,27.278,27.21,27.22,17857
1885,2022-07-18 06:50:00,27.279,27.297,27.21,27.22,7324
1886,2022-07-18 06:45:00,27.25,27.278,27.2,27.249,15216
1887,2022-07-18 06:40:00,27.25,27.278,27.21,27.24,7197
1888,2022-07-18 06:35:00,27.309,27.317,27.21,27.23,23175
1889,2022-07-18 06:30:00,27.289,27.317,27.259,27.279,7431
1890,2022-07-18 06:25:00,27.309,27.317,27.249,27.269,6939
1891,2022-07-18 06:20:00,27.289,27.317,27.259,27.269,9984
1892,2022-07-18 06:15:00,27.338,27.346,27.24,27.269,27889
1893,2022-07-18 06:10:00,27.279,27.337,27.249,27.308,17158
1894,2022-07-18 06:05:00,27.24,27.287,27.21,27.259,16921
1895,2022-07-18 06:00:00,27.27,27.278,27.22,27.23,12741
1896,2022-07-18 05:55:00,27.26,27.287,27.23,27.249,14865
1897,2022-07-18 05:50:00,27.25,27.258,27.2,27.23,19254
1898,2022-07-18 05:45:00,27.289,27.307,27.23,27.24,50500
1899,2022-07-18 05:40:00,27.309,27.317,27.23,27.269,10339
1900,2022-07-18 05:35:00,27.289,27.317,27.249,27.269,19569
1901,2022-07-18 05:30:00,27.299,27.307,27.24,27.279,38749
1902,2022-07-18 05:25:00,27.378,27.386,27.259,27.269,23501
1903,2022-07-18 05:20:00,27.348,27.396,27.318,27.367,18632
1904,2022-07-18 05:15:00,27.348,27.356,27.279,27.328,25259
1905,2022-07-18 05:10:00,27.329,27.366,27.298,27.318,13894
1906,2022-07-18 05:05:00,27.378,27.386,27.279,27.299,77801
1907,2022-07-18 05:00:00,27.417,27.435,27.347,27.357,47997
1908,2022-07-18 04:55:00,27.397,27.445,27.367,27.377,21035
1909,2022-07-18 04:50:00,27.407,27.425,27.338,27.377,19491
1910,2022-07-18 04:45:00,27.427,27.435,27.367,27.387,41865
1911,2022-07-18 04:40:00,27.417,27.474,27.377,27.407,35685
1912,2022-07-18 04:35:00,27.456,27.464,27.357,27.407,34135
1913,2022-07-18 04:30:00,27.407,27.484,27.377,27.426,61556
1914,2022-07-18 04:25:00,27.329,27.464,27.298,27.407,84761
1915,2022-07-18 04:20:00,27.25,27.337,27.22,27.308,67450
1916,2022-07-18 04:15:00,27.23,27.268,27.2,27.23,36531
1917,2022-07-18 04:10:00,27.24,27.258,27.171,27.22,81625
1918,2022-07-18 04:05:00,27.22,27.287,27.181,27.22,111096
1919,2022-07-18 04:00:00,27.024,27.317,26.994,27.2,374521
1920,2022-07-15 19:55:00,26.405,26.442,26.356,26.415,10165
1921,2022-07-15 19:50:00,26.385,26.413,26.327,26.376,22146
1922,2022-07-15 19:45:00,26.385,26.403,26.356,26.376,13174
1923,2022-07-15 19:40:00,26.444,26.462,26.356,26.376,20549
1924,2022-07-15 19:35:00,26.415,26.482,26.356,26.435,17407
1925,2022-07-15 19:30:00,26.395,26.423,26.356,26.386,3802
1926,2022-07-15 19:25:00,26.425,26.433,26.356,26.366,2863
1927,2022-07-15 19:20:00,26.395,26.423,26.366,26.395,3444
1928,2022-07-15 19:15:00,26.405,26.423,26.366,26.395,2547
1929,2022-07-15 19:10:00,26.425,26.433,26.366,26.386,25247
1930,2022-07-15 19:05:00,26.395,26.423,26.366,26.376,6373
1931,2022-07-15 19:00:00,26.395,26.413,26.366,26.376,1915
1932,2022-07-15 18:55:00,26.415,26.423,26.366,26.376,5888
1933,2022-07-15 18:50:00,26.425,26.433,26.386,26.395,2553
1934,2022-07-15 18:45:00,26.435,26.452,26.386,26.395,27035
1935,2022-07-15 18:40:00,26.395,26.452,26.366,26.415,12466
1936,2022-07-15 18:35:00,26.395,26.423,26.366,26.395,4067
1937,2022-07-15 18:30:00,26.395,26.423,26.356,26.376,6959
1938,2022-07-15 18:25:00,26.405,26.423,26.366,26.386,3061
1939,2022-07-15 18:20:00,26.425,26.433,26.376,26.386,8776
1940,2022-07-15 18:15:00,26.405,26.423,26.376,26.386,11352
1941,2022-07-15 18:10:00,26.395,26.423,26.356,26.386,11178
1942,2022-07-15 18:05:00,26.385,26.403,26.347,26.366,7622
1943,2022-07-15 18:00:00,26.376,26.393,26.347,26.356,12433
1944,2022-07-15 17:55:00,26.385,26.393,26.347,26.356,6707
1945,2022-07-15 17:50:00,26.385,26.393,26.347,26.356,17298
1946,2022-07-15 17:45:00,26.376,26.393,26.347,26.366,12791
1947,2022-07-15 17:40:00,26.385,26.393,26.347,26.356,17814
1948,2022-07-15 17:35:00,26.385,26.403,26.337,26.356,9251
1949,2022-07-15 17:30:00,26.385,26.403,26.337,26.376,8646
1950,2022-07-15 17:25:00,26.391,26.403,26.337,26.346,11452
1951,2022-07-15 17:20:00,26.385,26.403,26.347,26.376,10198
1952,2022-07-15 17:15:00,26.376,26.403,26.337,26.366,17525
1953,2022-07-15 17:10:00,26.395,26.413,26.347,26.366,13690
1954,2022-07-15 17:05:00,26.405,26.413,26.347,26.356,12170
1955,2022-07-15 17:00:00,26.405,26.413,26.366,26.386,18329
1956,2022-07-15 16:55:00,26.385,26.423,26.356,26.395,25673
1957,2022-07-15 16:50:00,26.376,26.393,26.347,26.366,20404
1958,2022-07-15 16:45:00,26.376,26.383,26.337,26.356,29483
1959,2022-07-15 16:40:00,26.376,26.393,26.337,26.356,24410
1960,2022-07-15 16:35:00,26.376,26.393,26.337,26.366,55014
1961,2022-07-15 16:30:00,26.4,26.413,26.342,26.356,47755
1962,2022-07-15 16:25:00,26.405,26.413,26.366,26.386,38473
1963,2022-07-15 16:20:00,26.405,26.413,26.356,26.386,54773
1964,2022-07-15 16:15:00,26.376,26.423,26.347,26.386,62314
1965,2022-07-15 16:10:00,26.385,26.433,26.347,26.366,116766
1966,2022-07-15 16:05:00,26.385,26.403,26.307,26.366,237108
1967,2022-07-15 16:00:00,26.346,26.403,26.248,26.366,593875
1968,2022-07-15 15:55:00,26.184,26.383,26.15,26.317,3765684
1969,2022-07-15 15:50:00,26.101,26.216,25.988,26.169,2383460
1970,2022-07-15 15:45:00,26.169,26.197,26.052,26.081,1761542
1971,2022-07-15 15:40:00,26.071,26.197,26.013,26.155,1046232
1972,2022-07-15 15:35:00,26.071,26.167,25.994,26.06,1427603
1973,2022-07-15 15:30:00,26.13,26.167,25.993,26.052,1227930
1974,2022-07-15 15:25:00,26.11,26.167,26.067,26.116,587640
1975,2022-07-15 15:20:00,26.16,26.226,26.082,26.091,812408
1976,2022-07-15 15:15:00,26.15,26.207,26.111,26.134,577096
1977,2022-07-15 15:10:00,26.194,26.216,26.107,26.13,903599
1978,2022-07-15 15:05:00,26.152,26.216,26.084,26.175,789376
1979,2022-07-15 15:00:00,26.169,26.177,26.052,26.14,1184227
1980,2022-07-15 14:55:00,26.236,26.243,26.111,26.15,841642
1981,2022-07-15 14:50:00,26.258,26.277,26.18,26.216,870422
1982,2022-07-15 14:45:00,26.197,26.275,26.16,26.248,1357240
1983,2022-07-15 14:40:00,26.12,26.216,26.082,26.178,978340
1984,2022-07-15 14:35:00,26.13,26.157,26.077,26.101,802132
1985,2022-07-15 14:30:00,26.135,26.167,26.072,26.111,798752
1986,2022-07-15 14:25:00,26.081,26.157,25.993,26.12,704354
1987,2022-07-15 14:20:00,26.16,26.172,25.984,26.062,6047909
1988,2022-07-15 14:15:00,26.148,26.187,26.082,26.135,724557
1989,2022-07-15 14:10:00,26.11,26.157,26.042,26.13,589469
1990,2022-07-15 14:05:00,26.051,26.123,26.023,26.091,562986
1991,2022-07-15 14:00:00,26.171,26.204,25.993,26.032,1081957
1992,2022-07-15 13:55:00,26.081,26.187,26.042,26.155,984220
1993,2022-07-15 13:50:00,26.13,26.197,26.052,26.062,1094577
1994,2022-07-15 13:45:00,26.196,26.216,26.101,26.111,905447
1995,2022-07-15 13:40:00,26.218,26.241,26.145,26.17,953266
1996,2022-07-15 13:35:00,26.16,26.236,26.111,26.199,937474
1997,2022-07-15 13:30:00,26.149,26.197,26.082,26.14,897316
1998,2022-07-15 13:25:00,26.061,26.157,26.013,26.126,1032153
1999,2022-07-15 13:20:00,26.061,26.089,25.984,26.042,595851
2000,2022-07-15 13:15:00,26.051,26.069,25.964,26.042,841777
2001,2022-07-15 13:10:00,26.061,26.098,26.003,26.032,753877
2002,2022-07-15 13:05:00,26.032,26.079,25.964,26.047,1073342
2003,2022-07-15 13:00:00,26.002,26.049,25.944,26.014,666522
2004,2022-07-15 12:55:00,25.973,26.056,25.925,25.978,772021
2005,2022-07-15 12:50:00,26.029,26.059,25.905,25.954,875566
2006,2022-07-15 12:45:00,25.98,26.059,25.925,26.005,1172344
2007,2022-07-15 12:40:00,25.924,26.0,25.827,25.954,840315
2008,2022-07-15 12:35:00,25.894,25.971,25.846,25.914,879675
2009,2022-07-15 12:30:00,26.002,26.03,25.817,25.875,1205917
2010,2022-07-15 12:25:00,25.973,26.03,25.905,25.983,1012445
2011,2022-07-15 12:20:00,25.948,26.029,25.876,25.949,1396777
2012,2022-07-15 12:15:00,25.898,25.961,25.817,25.929,930005
2013,2022-07-15 12:10:00,25.9,25.971,25.817,25.878,1118678
2014,2022-07-15 12:05:00,26.051,26.064,25.827,25.88,1466636
2015,2022-07-15 12:00:00,26.022,26.098,25.895,26.042,1743604
2016,2022-07-15 11:55:00,26.071,26.128,25.979,26.003,958769
2017,2022-07-15 11:50:00,26.15,26.164,26.023,26.052,1149124
2018,2022-07-15 11:45:00,26.145,26.236,26.072,26.14,1052155
2019,2022-07-15 11:40:00,26.179,26.207,26.074,26.122,648479
2020,2022-07-15 11:35:00,26.12,26.216,26.042,26.16,971831
2021,2022-07-15 11:30:00,26.12,26.207,26.013,26.097,1770942
2022,2022-07-15 11:25:00,26.234,26.275,26.082,26.092,1244965
2023,2022-07-15 11:20:00,26.188,26.266,26.143,26.214,1161804
2024,2022-07-15 11:15:00,26.199,26.295,26.114,26.16,2170843
2025,2022-07-15 11:10:00,26.169,26.207,26.052,26.179,1856095
2026,2022-07-15 11:05:00,26.021,26.197,25.934,26.14,2346213
2027,2022-07-15 11:00:00,25.951,26.064,25.876,25.995,1978038
2028,2022-07-15 10:55:00,25.801,25.99,25.729,25.924,1751237
2029,2022-07-15 10:50:00,25.873,25.9,25.738,25.787,1379892
2030,2022-07-15 10:45:00,25.845,25.892,25.689,25.848,1970520
2031,2022-07-15 10:40:00,25.953,26.005,25.817,25.828,1469524
2032,2022-07-15 10:35:00,26.022,26.108,25.899,25.934,1907317
2033,2022-07-15 10:30:00,26.091,26.138,25.954,26.013,1671811
2034,2022-07-15 10:25:00,25.978,26.148,25.866,26.067,3455992
2035,2022-07-15 10:20:00,25.884,25.985,25.572,25.959,2776284
2036,2022-07-15 10:15:00,25.855,26.0,25.719,25.859,2574643
2037,2022-07-15 10:10:00,25.821,25.99,25.679,25.835,3076462
2038,2022-07-15 10:05:00,25.934,26.03,25.66,25.802,2966660
2039,2022-07-15 10:00:00,25.668,26.207,25.64,25.914,10120016
2040,2022-07-15 09:55:00,25.441,25.734,25.326,25.649,5877633
2041,2022-07-15 09:50:00,25.609,25.682,25.336,25.414,3104029
2042,2022-07-15 09:45:00,25.865,25.891,25.474,25.581,3618338
2043,2022-07-15 09:40:00,25.894,25.961,25.719,25.837,4061154
2044,2022-07-15 09:35:00,26.002,26.197,25.817,25.865,4556013
2045,2022-07-15 09:30:00,25.796,26.148,25.758,25.983,7871604
2046,2022-07-15 09:25:00,25.629,25.843,25.601,25.767,484804
2047,2022-07-15 09:20:00,25.639,25.705,25.542,25.61,250942
2048,2022-07-15 09:15:00,25.708,25.725,25.581,25.62,197657
2049,2022-07-15 09:10:00,25.767,25.774,25.62,25.699,253761
2050,2022-07-15 09:05:00,25.688,25.843,25.65,25.757,536250
2051,2022-07-15 09:00:00,25.6,25.745,25.522,25.669,339275
2052,2022-07-15 08:55:00,25.619,25.696,25.542,25.572,294668
2053,2022-07-15 08:50:00,25.56,25.696,25.522,25.6,465751
2054,2022-07-15 08:45:00,25.216,25.656,25.169,25.551,747810
2055,2022-07-15 08:40:00,25.226,25.253,25.12,25.198,333031
2056,2022-07-15 08:35:00,24.833,25.244,24.786,25.208,507486
2057,2022-07-15 08:30:00,24.932,25.057,24.605,24.835,601929
2058,2022-07-15 08:25:00,24.922,25.057,24.894,24.923,180613
2059,2022-07-15 08:20:00,24.971,24.978,24.845,24.894,211383
2060,2022-07-15 08:15:00,25.03,25.047,24.904,24.952,111024
2061,2022-07-15 08:10:00,25.02,25.047,24.953,25.011,128837
2062,2022-07-15 08:05:00,25.04,25.067,24.963,25.002,86320
2063,2022-07-15 08:00:00,25.177,25.341,24.925,25.031,546284
2064,2022-07-15 07:55:00,25.148,25.155,25.022,25.031,70389
2065,2022-07-15 07:50:00,25.177,25.185,25.12,25.129,23902
2066,2022-07-15 07:45:00,25.148,25.185,25.092,25.159,27176
2067,2022-07-15 07:40:00,25.226,25.234,25.12,25.139,70735
2068,2022-07-15 07:35:00,25.275,25.283,25.179,25.198,20062
2069,2022-07-15 07:30:00,25.236,25.283,25.208,25.247,59267
2070,2022-07-15 07:25:00,25.256,25.283,25.208,25.227,32262
2071,2022-07-15 07:20:00,25.207,25.273,25.169,25.237,21455
2072,2022-07-15 07:15:00,25.236,25.244,25.169,25.188,30391
2073,2022-07-15 07:10:00,25.216,25.253,25.159,25.218,12476
2074,2022-07-15 07:05:00,25.207,25.244,25.159,25.188,71727
2075,2022-07-15 07:00:00,25.177,25.234,25.091,25.188,93385
2076,2022-07-15 06:55:00,25.177,25.185,25.11,25.139,5371
2077,2022-07-15 06:50:00,25.187,25.194,25.14,25.159,11550
2078,2022-07-15 06:45:00,25.138,25.194,25.1,25.168,40639
2079,2022-07-15 06:40:00,25.128,25.155,25.1,25.119,6512
2080,2022-07-15 06:35:00,25.128,25.155,25.081,25.11,6939
2081,2022-07-15 06:30:00,25.177,25.194,25.091,25.119,13351
2082,2022-07-15 06:25:00,25.118,25.185,25.091,25.159,62294
2083,2022-07-15 06:20:00,25.099,25.194,25.071,25.129,12386
2084,2022-07-15 06:15:00,25.099,25.116,25.051,25.06,23754
2085,2022-07-15 06:10:00,25.079,25.126,25.051,25.08,10493
2086,2022-07-15 06:05:00,25.108,25.116,25.042,25.07,10986
2087,2022-07-15 06:00:00,25.128,25.136,25.022,25.09,29555
2088,2022-07-15 05:55:00,25.118,25.175,25.071,25.11,31529
2089,2022-07-15 05:50:00,25.148,25.155,25.081,25.1,39552
2090,2022-07-15 05:45:00,25.197,25.204,25.12,25.129,36524
2091,2022-07-15 05:40:00,25.246,25.253,25.169,25.208,3828
2092,2022-07-15 05:35:00,25.246,25.253,25.159,25.218,13815
2093,2022-07-15 05:30:00,25.197,25.253,25.159,25.227,17227
2094,2022-07-15 05:25:00,25.158,25.214,25.12,25.178,20750
2095,2022-07-15 05:20:00,25.246,25.253,25.13,25.139,22042
2096,2022-07-15 05:15:00,25.275,25.312,25.199,25.247,45838
2097,2022-07-15 05:10:00,25.305,25.332,25.248,25.257,17822
2098,2022-07-15 05:05:00,25.275,25.312,25.228,25.276,44286
2099,2022-07-15 05:00:00,25.226,25.283,25.179,25.247,56806
2100,2022-07-15 04:55:00,25.305,25.322,25.189,25.208,59136
2101,2022-07-15 04:50:00,25.295,25.352,25.257,25.306,51642
2102,2022-07-15 04:45:00,25.236,25.312,25.169,25.276,51576
2103,2022-07-15 04:40:00,25.108,25.244,25.081,25.218,26962
2104,2022-07-15 04:35:00,25.079,25.136,25.051,25.09,33804
2105,2022-07-15 04:30:00,25.099,25.136,25.042,25.07,118786
2106,2022-07-15 04:25:00,25.04,25.106,25.012,25.08,96034
2107,2022-07-15 04:20:00,24.971,25.047,24.924,25.011,28220
2108,2022-07-15 04:15:00,24.981,25.018,24.904,24.952,46546
2109,2022-07-15 04:10:00,25.0,25.027,24.924,24.952,36661
2110,2022-07-15 04:05:00,24.922,25.018,24.894,24.982,64519
2111,2022-07-15 04:00:00,25.148,25.155,24.885,24.913,121495
2112,2022-07-14 19:55:00,25.315,25.43,25.267,25.404,76053
2113,2022-07-14 19:50:00,25.334,25.362,25.287,25.306,48656
2114,2022-07-14 19:45:00,25.315,25.352,25.287,25.325,29500
2115,2022-07-14 19:40:00,25.295,25.371,25.267,25.296,31142
2116,2022-07-14 19:35:00,25.226,25.312,25.189,25.286,68683
2117,2022-07-14 19:30:00,25.246,25.263,25.199,25.208,18607
2118,2022-07-14 19:25:00,25.207,25.253,25.169,25.227,11914
2119,2022-07-14 19:20:00,25.207,25.214,25.169,25.188,9531
2120,2022-07-14 19:15:00,25.197,25.224,25.169,25.178,30854
2121,2022-07-14 19:10:00,25.246,25.253,25.169,25.178,15098
2122,2022-07-14 19:05:00,25.216,25.264,25.179,25.227,12689
2123,2022-07-14 19:00:00,25.226,25.234,25.169,25.208,22079
2124,2022-07-14 18:55:00,25.216,25.234,25.179,25.198,30614
2125,2022-07-14 18:50:00,25.256,25.263,25.189,25.198,41004
2126,2022-07-14 18:45:00,25.246,25.273,25.208,25.237,28342
2127,2022-07-14 18:40:00,25.246,25.283,25.218,25.227,47544
2128,2022-07-14 18:35:00,25.177,25.293,25.149,25.218,95346
2129,2022-07-14 18:30:00,25.148,25.185,25.12,25.149,15084
2130,2022-07-14 18:25:00,25.147,25.175,25.11,25.129,22949
2131,2022-07-14 18:20:00,25.167,25.175,25.071,25.119,43967
2132,2022-07-14 18:15:00,25.108,25.175,25.081,25.149,32624
2133,2022-07-14 18:10:00,25.138,25.145,25.071,25.08,8440
2134,2022-07-14 18:05:00,25.089,25.145,25.032,25.11,28837
2135,2022-07-14 18:00:00,25.108,25.155,25.061,25.09,35572
2136,2022-07-14 17:55:00,25.118,25.145,25.081,25.091,18057
2137,2022-07-14 17:50:00,25.148,25.165,25.091,25.1,30727
2138,2022-07-14 17:45:00,25.111,25.155,25.081,25.119,13859
2139,2022-07-14 17:40:00,25.118,25.145,25.071,25.119,11033
2140,2022-07-14 17:35:00,25.138,25.155,25.1,25.11,25771
2141,2022-07-14 17:30:00,25.099,25.145,25.071,25.11,49676
2142,2022-07-14 17:25:00,25.089,25.126,25.051,25.1,30161
2143,2022-07-14 17:20:00,25.079,25.096,25.051,25.06,11423
2144,2022-07-14 17:15:00,25.089,25.096,25.051,25.07,9875
2145,2022-07-14 17:10:00,25.079,25.096,25.032,25.06,12860
2146,2022-07-14 17:05:00,25.03,25.086,25.002,25.051,47221
2147,2022-07-14 17:00:00,25.04,25.064,25.002,25.031,21821
2148,2022-07-14 16:55:00,25.059,25.077,25.012,25.021,31512
2149,2022-07-14 16:50:00,25.059,25.086,25.022,25.031,25962
2150,2022-07-14 16:45:00,25.069,25.086,25.022,25.051,24854
2151,2022-07-14 16:40:00,25.059,25.086,25.022,25.051,31455
2152,2022-07-14 16:35:00,25.02,25.067,24.983,25.031,50354
2153,2022-07-14 16:30:00,25.02,25.037,24.983,24.992,49921
2154,2022-07-14 16:25:00,25.0,25.027,24.973,25.002,59898
2155,2022-07-14 16:20:00,25.0,25.008,24.953,24.972,55426
2156,2022-07-14 16:15:00,25.049,25.067,24.983,24.992,29227
2157,2022-07-14 16:10:00,25.03,25.057,24.943,25.031,69005
2158,2022-07-14 16:05:00,25.084,25.116,24.973,25.021,144854
2159,2022-07-14 16:00:00,25.01,25.116,24.963,25.06,392259
2160,2022-07-14 15:55:00,24.991,25.077,24.885,24.982,2566605
2161,2022-07-14 15:50:00,24.883,25.027,24.855,24.965,2080561
2162,2022-07-14 15:45:00,24.932,24.968,24.747,24.864,1937391
2163,2022-07-14 15:40:00,24.949,24.988,24.855,24.918,1372985
2164,2022-07-14 15:35:00,25.059,25.106,24.875,24.925,1623257
2165,2022-07-14 15:30:00,25.167,25.234,25.022,25.034,2375319
2166,2022-07-14 15:25:00,25.143,25.175,25.042,25.149,1609070
2167,2022-07-14 15:20:00,24.971,25.155,24.929,25.124,1894875
2168,2022-07-14 15:15:00,24.971,25.018,24.84,24.943,1230089
2169,2022-07-14 15:10:00,24.858,24.998,24.806,24.948,1209150
2170,2022-07-14 15:05:00,24.976,25.018,24.826,24.845,1730208
2171,2022-07-14 15:00:00,25.03,25.116,24.934,24.962,1382343
2172,2022-07-14 14:55:00,24.917,25.106,24.885,25.016,1735832
2173,2022-07-14 14:50:00,25.0,25.008,24.855,24.903,1029523
2174,2022-07-14 14:45:00,25.0,25.027,24.909,24.982,1369331
2175,2022-07-14 14:40:00,25.207,25.224,24.953,24.987,2096806
2176,2022-07-14 14:35:00,25.069,25.214,25.022,25.188,1743258
2177,2022-07-14 14:30:00,25.04,25.086,24.943,25.048,1745015
2178,2022-07-14 14:25:00,24.963,25.057,24.875,25.012,2471940
2179,2022-07-14 14:20:00,24.873,25.018,24.836,24.952,2576263
2180,2022-07-14 14:15:00,24.641,24.918,24.571,24.854,1981115
2181,2022-07-14 14:10:00,24.647,24.679,24.556,24.629,862657
2182,2022-07-14 14:05:00,24.627,24.713,24.551,24.633,1474964
2183,2022-07-14 14:00:00,24.553,24.664,24.492,24.617,1314747
2184,2022-07-14 13:55:00,24.499,24.595,24.472,24.53,1009250
2185,2022-07-14 13:50:00,24.57,24.659,24.404,24.481,1808133
2186,2022-07-14 13:45:00,24.551,24.615,24.482,24.56,1296069
2187,2022-07-14 13:40:00,24.45,24.592,24.404,24.532,2191513
2188,2022-07-14 13:35:00,24.313,24.467,24.281,24.422,982481
2189,2022-07-14 13:30:00,24.421,24.457,24.266,24.295,1989508
2190,2022-07-14 13:25:00,24.244,24.462,24.198,24.406,1678930
2191,2022-07-14 13:20:00,24.244,24.349,24.217,24.238,1364635
2192,2022-07-14 13:15:00,24.082,24.295,24.001,24.217,2236621
2193,2022-07-14 13:10:00,24.097,24.104,23.943,24.064,854092
2194,2022-07-14 13:05:00,24.023,24.128,23.913,24.079,1305030
2195,2022-07-14 13:00:00,24.077,24.114,23.952,24.005,840494
2196,2022-07-14 12:55:00,23.998,24.094,23.933,24.059,1436743
2197,2022-07-14 12:50:00,23.92,24.025,23.864,23.99,1051732
2198,2022-07-14 12:45:00,24.141,24.182,23.884,23.912,1761179
2199,2022-07-14 12:40:00,24.166,24.182,24.05,24.118,681079
2200,2022-07-14 12:35:00,24.165,24.212,24.08,24.157,700255
2201,2022-07-14 12:30:00,24.097,24.222,24.06,24.143,1089786
2202,2022-07-14 12:25:00,24.234,24.266,24.041,24.079,1867141
2203,2022-07-14 12:20:00,24.34,24.428,24.198,24.224,1055620
2204,2022-07-14 12:15:00,24.323,24.408,24.198,24.324,1610982
2205,2022-07-14 12:10:00,24.273,24.379,24.227,24.304,1029165
2206,2022-07-14 12:05:00,24.377,24.389,24.168,24.256,1768197
2207,2022-07-14 12:00:00,24.411,24.487,24.266,24.354,1378526
2208,2022-07-14 11:55:00,24.313,24.448,24.227,24.393,1702400
2209,2022-07-14 11:50:00,24.306,24.408,24.207,24.285,1708123
2210,2022-07-14 11:45:00,24.367,24.389,24.257,24.285,1841377
2211,2022-07-14 11:40:00,24.068,24.507,24.021,24.363,4413748
2212,2022-07-14 11:35:00,23.989,24.123,23.884,24.05,1992487
2213,2022-07-14 11:30:00,24.087,24.153,23.933,23.971,1695774
2214,2022-07-14 11:25:00,24.067,24.133,24.021,24.079,1526017
2215,2022-07-14 11:20:00,24.037,24.197,23.962,24.044,2528726
2216,2022-07-14 11:15:00,23.866,24.064,23.756,24.01,2460723
2217,2022-07-14 11:10:00,23.949,24.064,23.806,23.848,2636292
2218,2022-07-14 11:05:00,23.718,23.976,23.658,23.933,2678129
2219,2022-07-14 11:00:00,23.664,23.912,23.619,23.706,3912253
2220,2022-07-14 10:55:00,23.772,23.784,23.57,23.637,1989944
2221,2022-07-14 10:50:00,23.576,23.819,23.501,23.755,2857968
2222,2022-07-14 10:45:00,23.517,23.622,23.405,23.559,1622573
2223,2022-07-14 10:40:00,23.507,23.681,23.462,23.505,1948053
2224,2022-07-14 10:35:00,23.586,23.637,23.403,23.491,1667700
2225,2022-07-14 10:30:00,23.478,23.75,23.315,23.559,3332591
2226,2022-07-14 10:25:00,23.458,23.524,23.403,23.465,1452866
2227,2022-07-14 10:20:00,23.28,23.544,23.246,23.446,3475007
2228,2022-07-14 10:15:00,23.38,23.436,23.202,23.263,2081458
2229,2022-07-14 10:10:00,23.311,23.443,23.177,23.362,3495725
2230,2022-07-14 10:05:00,23.301,23.377,23.226,23.294,2517371
2231,2022-07-14 10:00:00,23.556,23.573,23.266,23.283,3790856
2232,2022-07-14 09:55:00,23.674,23.789,23.521,23.544,2322176
2233,2022-07-14 09:50:00,23.782,23.956,23.619,23.657,3199403
2234,2022-07-14 09:45:00,23.506,23.916,23.462,23.767,4846391
2235,2022-07-14 09:40:00,23.537,23.622,23.413,23.485,3353508
2236,2022-07-14 09:35:00,23.723,23.789,23.422,23.526,4478878
2237,2022-07-14 09:30:00,24.033,24.295,23.64,23.721,6405345
2238,2022-07-14 09:25:00,24.097,24.123,23.962,24.02,185886
2239,2022-07-14 09:20:00,24.048,24.153,24.001,24.098,136736
2240,2022-07-14 09:15:00,23.969,24.074,23.933,24.04,133634
2241,2022-07-14 09:10:00,24.077,24.104,23.904,23.951,230255
2242,2022-07-14 09:05:00,24.205,24.222,24.031,24.059,122592
2243,2022-07-14 09:00:00,24.116,24.231,24.06,24.177,114161
2244,2022-07-14 08:55:00,24.156,24.182,24.02,24.108,111872
2245,2022-07-14 08:50:00,24.097,24.192,24.05,24.138,128296
2246,2022-07-14 08:45:00,24.126,24.173,23.992,24.079,164783
2247,2022-07-14 08:40:00,24.224,24.231,24.09,24.108,121817
2248,2022-07-14 08:35:00,24.165,24.29,24.05,24.216,269058
2249,2022-07-14 08:30:00,24.028,24.281,23.786,24.148,744322
2250,2022-07-14 08:25:00,23.989,24.035,23.943,24.009,129013
2251,2022-07-14 08:20:00,24.028,24.094,23.952,23.971,107969
2252,2022-07-14 08:15:00,23.998,24.045,23.952,24.02,63541
2253,2022-07-14 08:10:00,23.9,24.025,23.874,23.981,263755
2254,2022-07-14 08:05:00,23.959,23.976,23.844,23.892,211596
2255,2022-07-14 08:00:00,24.116,24.88,23.747,23.941,604836
2256,2022-07-14 07:55:00,24.028,24.074,23.982,24.01,88793
2257,2022-07-14 07:50:00,24.048,24.074,23.992,24.01,30103
2258,2022-07-14 07:45:00,24.008,24.094,23.972,24.04,49386
2259,2022-07-14 07:40:00,24.008,24.114,23.952,24.0,113440
2260,2022-07-14 07:35:00,24.038,24.045,23.943,24.0,56221
2261,2022-07-14 07:30:00,24.067,24.202,23.933,24.02,120708
2262,2022-07-14 07:25:00,24.116,24.123,23.992,24.069,50735
2263,2022-07-14 07:20:00,24.136,24.182,24.041,24.118,91047
2264,2022-07-14 07:15:00,24.106,24.163,24.05,24.118,27193
2265,2022-07-14 07:10:00,24.087,24.123,23.972,24.098,58602
2266,2022-07-14 07:05:00,24.165,24.182,24.021,24.059,83506
2267,2022-07-14 07:00:00,24.116,24.212,24.07,24.148,63885
2268,2022-07-14 06:55:00,24.087,24.192,24.011,24.118,39446
2269,2022-07-14 06:50:00,24.048,24.084,23.943,24.059,77651
2270,2022-07-14 06:45:00,24.185,24.222,23.992,24.02,53808
2271,2022-07-14 06:40:00,24.224,24.261,24.129,24.177,25087
2272,2022-07-14 06:35:00,24.215,24.241,24.158,24.206,38398
2273,2022-07-14 06:30:00,24.156,24.222,24.1,24.197,6983
2274,2022-07-14 06:25:00,24.106,24.163,24.08,24.128,52267
2275,2022-07-14 06:20:00,24.097,24.123,24.05,24.098,77214
2276,2022-07-14 06:15:00,24.097,24.143,24.06,24.069,9500
2277,2022-07-14 06:10:00,24.165,24.173,24.06,24.079,11385
2278,2022-07-14 06:05:00,24.156,24.222,24.119,24.128,19749
2279,2022-07-14 06:00:00,24.165,24.182,24.09,24.128,13916
2280,2022-07-14 05:55:00,24.156,24.192,24.119,24.148,55169
2281,2022-07-14 05:50:00,24.106,24.163,24.021,24.138,58691
2282,2022-07-14 05:45:00,24.097,24.114,24.06,24.089,32597
2283,2022-07-14 05:40:00,24.018,24.114,23.992,24.079,19630
2284,2022-07-14 05:35:00,23.949,24.015,23.893,23.991,6710
2285,2022-07-14 05:30:00,23.979,24.035,23.943,23.951,36107
2286,2022-07-14 05:25:00,23.939,24.015,23.903,23.961,15053
2287,2022-07-14 05:20:00,23.959,24.035,23.844,23.873,106129
2288,2022-07-14 05:15:00,24.028,24.035,23.913,23.951,47577
2289,2022-07-14 05:10:00,24.077,24.123,23.982,24.01,58293
2290,2022-07-14 05:05:00,24.018,24.084,23.962,24.049,29434
2291,2022-07-14 05:00:00,23.949,24.005,23.893,23.981,103895
2292,2022-07-14 04:55:00,23.851,24.035,23.795,23.941,129324
2293,2022-07-14 04:50:00,23.851,23.917,23.786,23.833,49278
2294,2022-07-14 04:45:00,23.792,23.907,23.756,23.853,106221
2295,2022-07-14 04:40:00,23.959,23.986,23.756,23.775,133467
2296,2022-07-14 04:35:00,24.156,24.192,23.943,23.951,63488
2297,2022-07-14 04:30:00,24.156,24.163,24.05,24.128,116662
2298,2022-07-14 04:25:00,24.146,24.212,24.109,24.148,57496
2299,2022-07-14 04:20:00,24.303,24.31,24.09,24.128,50173
2300,2022-07-14 04:15:00,24.342,24.369,24.237,24.305,34330
2301,2022-07-14 04:10:00,24.342,24.369,24.266,24.324,55205
2302,2022-07-14 04:05:00,24.332,24.359,24.247,24.324,40117
2303,2022-07-14 04:00:00,24.224,24.359,24.08,24.305,114813
2304,2022-07-13 19:55:00,24.254,24.281,24.207,24.236,120372
2305,2022-07-13 19:50:00,24.215,24.29,24.188,24.236,68739
2306,2022-07-13 19:45:00,24.215,24.231,24.158,24.177,45937
2307,2022-07-13 19:40:00,24.205,24.222,24.139,24.197,66994
2308,2022-07-13 19:35:00,24.332,24.34,24.178,24.187,62107
2309,2022-07-13 19:30:00,24.303,24.359,24.276,24.314,16844
2310,2022-07-13 19:25:00,24.352,24.359,24.286,24.295,26396
2311,2022-07-13 19:20:00,24.303,24.359,24.276,24.334,13826
2312,2022-07-13 19:15:00,24.313,24.34,24.276,24.285,49865
2313,2022-07-13 19:10:00,24.421,24.428,24.266,24.295,42196
2314,2022-07-13 19:05:00,24.421,24.428,24.374,24.393,53079
2315,2022-07-13 19:00:00,24.391,24.467,24.355,24.403,49182
2316,2022-07-13 18:55:00,24.372,24.408,24.345,24.383,18996
2317,2022-07-13 18:50:00,24.342,24.408,24.315,24.373,36317
2318,2022-07-13 18:45:00,24.342,24.389,24.286,24.295,106535
2319,2022-07-13 18:40:00,24.362,24.418,24.325,24.334,59876
2320,2022-07-13 18:35:00,24.431,24.457,24.315,24.334,61178
2321,2022-07-13 18:30:00,24.539,24.546,24.414,24.432,64414
2322,2022-07-13 18:25:00,24.549,24.556,24.482,24.511,8295
2323,2022-07-13 18:20:00,24.539,24.556,24.502,24.53,14807
2324,2022-07-13 18:15:00,24.519,24.556,24.482,24.511,24449
2325,2022-07-13 18:10:00,24.509,24.526,24.463,24.501,18096
2326,2022-07-13 18:05:00,24.568,24.575,24.453,24.462,75040
2327,2022-07-13 18:00:00,24.598,24.605,24.531,24.55,142874
2328,2022-07-13 17:55:00,24.588,24.615,24.541,24.579,6859
2329,2022-07-13 17:50:00,24.588,24.595,24.541,24.56,7235
2330,2022-07-13 17:45:00,24.578,24.595,24.551,24.56,2332
2331,2022-07-13 17:40:00,24.558,24.585,24.531,24.56,12593
2332,2022-07-13 17:35:00,24.578,24.585,24.531,24.54,17425
2333,2022-07-13 17:30:00,24.578,24.585,24.541,24.55,7013
2334,2022-07-13 17:25:00,24.598,24.605,24.541,24.55,7506
2335,2022-07-13 17:20:00,24.588,24.615,24.561,24.579,9817
2336,2022-07-13 17:15:00,24.617,24.625,24.561,24.589,12765
2337,2022-07-13 17:10:00,24.607,24.644,24.561,24.589,17434
2338,2022-07-13 17:05:00,24.598,24.615,24.561,24.589,11245
2339,2022-07-13 17:00:00,24.598,24.605,24.541,24.579,24846
2340,2022-07-13 16:55:00,24.588,24.605,24.551,24.579,30068
2341,2022-07-13 16:50:00,24.578,24.605,24.531,24.579,44581
2342,2022-07-13 16:45:00,24.588,24.595,24.531,24.56,86621
2343,2022-07-13 16:40:00,24.598,24.625,24.561,24.57,12370
2344,2022-07-13 16:35:00,24.627,24.634,24.551,24.579,22653
2345,2022-07-13 16:30:00,24.607,24.644,24.58,24.609,34859
2346,2022-07-13 16:25:00,24.588,24.615,24.551,24.589,50595
2347,2022-07-13 16:20:00,24.598,24.615,24.556,24.579,50565
2348,2022-07-13 16:15:00,24.637,24.664,24.561,24.579,95399
2349,2022-07-13 16:10:00,24.706,24.713,24.61,24.619,110125
2350,2022-07-13 16:05:00,24.73,24.738,24.629,24.678,77864
2351,2022-07-13 16:00:00,24.735,24.772,24.669,24.717,198695
2352,2022-07-13 15:55:00,24.887,24.959,24.708,24.727,2137073
2353,2022-07-13 15:50:00,24.828,24.939,24.688,24.869,2060788
2354,2022-07-13 15:45:00,24.814,24.875,24.718,24.815,1111926
2355,2022-07-13 15:40:00,24.946,24.954,24.747,24.795,1127740
2356,2022-07-13 15:35:00,24.804,24.968,24.751,24.926,1213446
2357,2022-07-13 15:30:00,24.961,25.018,24.767,24.791,1594937
2358,2022-07-13 15:25:00,25.084,25.094,24.924,24.952,956744
2359,2022-07-13 15:20:00,25.167,25.224,25.022,25.07,1026440
2360,2022-07-13 15:15:00,25.138,25.194,25.042,25.155,870378
2361,2022-07-13 15:10:00,24.991,25.184,24.943,25.119,951278
2362,2022-07-13 15:05:00,25.226,25.234,24.894,24.982,1312090
2363,2022-07-13 15:00:00,25.261,25.29,25.076,25.203,1212951
2364,2022-07-13 14:55:00,25.064,25.273,24.934,25.246,1661669
2365,2022-07-13 14:50:00,25.104,25.214,25.032,25.051,879400
2366,2022-07-13 14:45:00,25.138,25.224,25.051,25.082,1392997
2367,2022-07-13 14:40:00,25.197,25.253,25.091,25.119,881746
2368,2022-07-13 14:35:00,25.153,25.224,25.071,25.178,953125
2369,2022-07-13 14:30:00,25.059,25.185,25.012,25.129,1473649
2370,2022-07-13 14:25:00,25.04,25.091,24.899,25.05,1131730
2371,2022-07-13 14:20:00,24.914,25.057,24.786,25.016,1158252
2372,2022-07-13 14:15:00,24.883,24.929,24.728,24.892,986672
2373,2022-07-13 14:10:00,24.709,24.914,24.669,24.864,1261928
2374,2022-07-13 14:05:00,24.652,24.841,24.61,24.697,1394802
2375,2022-07-13 14:00:00,25.167,25.185,24.62,24.633,3666492
2376,2022-07-13 13:55:00,25.079,25.204,25.032,25.154,742548
2377,2022-07-13 13:50:00,25.167,25.214,25.042,25.051,977791
2378,2022-07-13 13:45:00,25.108,25.194,25.022,25.144,1088856
2379,2022-07-13 13:40:00,24.941,25.136,24.904,25.089,852833
2380,2022-07-13 13:35:00,25.02,25.067,24.886,24.923,742968
2381,2022-07-13 13:30:00,25.128,25.14,24.943,25.002,708977
2382,2022-07-13 13:25:00,25.131,25.145,24.978,25.101,721222
2383,2022-07-13 13:20:00,25.068,25.145,24.983,25.11,695062
2384,2022-07-13 13:15:00,25.334,25.342,24.973,25.046,2074757
2385,2022-07-13 13:10:00,25.202,25.342,25.13,25.316,1131002
2386,2022-07-13 13:05:00,25.295,25.371,25.13,25.178,1595502
2387,2022-07-13 13:00:00,25.158,25.381,25.032,25.276,3058613
2388,2022-07-13 12:55:00,25.079,25.17,24.976,25.134,1460179
2389,2022-07-13 12:50:00,24.951,25.086,24.885,25.051,1150899
2390,2022-07-13 12:45:00,24.929,24.985,24.835,24.933,766707
2391,2022-07-13 12:40:00,25.0,25.018,24.845,24.913,893965
2392,2022-07-13 12:35:00,24.892,25.013,24.806,24.982,1008796
2393,2022-07-13 12:30:00,24.878,24.978,24.806,24.883,1599398
2394,2022-07-13 12:25:00,24.794,24.91,24.71,24.864,1290125
2395,2022-07-13 12:20:00,24.711,24.821,24.62,24.784,940923
2396,2022-07-13 12:15:00,24.681,24.723,24.58,24.697,977955
2397,2022-07-13 12:10:00,24.912,24.919,24.649,24.668,1449246
2398,2022-07-13 12:05:00,24.873,24.959,24.777,24.884,1357438
2399,2022-07-13 12:00:00,24.696,24.89,24.62,24.854,1251793
2400,2022-07-13 11:55:00,24.716,24.792,24.649,24.673,874604
2401,2022-07-13 11:50:00,24.626,24.84,24.571,24.702,2109581
2402,2022-07-13 11:45:00,24.504,24.634,24.404,24.604,2029899
2403,2022-07-13 11:40:00,24.686,24.747,24.473,24.486,1343282
2404,2022-07-13 11:35:00,24.622,24.742,24.59,24.673,847490
2405,2022-07-13 11:30:00,24.667,24.801,24.59,24.599,1151406
2406,2022-07-13 11:25:00,24.853,24.861,24.629,24.666,1826828
2407,2022-07-13 11:20:00,24.951,25.041,24.826,24.835,1139083
2408,2022-07-13 11:15:00,25.079,25.106,24.85,24.923,1348198
2409,2022-07-13 11:10:00,25.04,25.185,24.963,25.06,2035922
2410,2022-07-13 11:05:00,24.883,25.234,24.855,25.014,2627998
2411,2022-07-13 11:00:00,24.971,25.037,24.816,24.864,1652019
2412,2022-07-13 10:55:00,24.873,25.096,24.845,24.943,2055664
2413,2022-07-13 10:50:00,25.03,25.251,24.835,24.849,4576772
2414,2022-07-13 10:45:00,25.059,25.155,24.963,25.006,5120070
2415,2022-07-13 10:40:00,24.539,25.067,24.492,25.041,4501636
2416,2022-07-13 10:35:00,24.47,24.615,24.345,24.522,3073887
2417,2022-07-13 10:30:00,24.185,24.575,24.06,24.447,4173659
2418,2022-07-13 10:25:00,23.881,24.202,23.847,24.177,2104077
2419,2022-07-13 10:20:00,23.802,24.084,23.736,23.864,2921892
2420,2022-07-13 10:15:00,24.175,24.251,23.766,23.794,2511798
2421,2022-07-13 10:10:00,23.93,24.32,23.859,24.157,2546371
2422,2022-07-13 10:05:00,24.215,24.283,23.835,23.912,2349332
2423,2022-07-13 10:00:00,24.273,24.384,23.893,24.206,4071501
2424,2022-07-13 09:55:00,24.215,24.399,23.952,24.246,3380328
2425,2022-07-13 09:50:00,24.382,24.408,24.1,24.202,3928816
2426,2022-07-13 09:45:00,23.841,24.399,23.687,24.364,5609864
2427,2022-07-13 09:40:00,24.116,24.158,23.77,23.822,5061203
2428,2022-07-13 09:35:00,23.635,24.143,23.383,24.099,7442760
2429,2022-07-13 09:30:00,23.419,23.897,23.246,23.608,8238651
2430,2022-07-13 09:25:00,23.409,23.475,23.305,23.411,273365
2431,2022-07-13 09:20:00,23.389,23.465,23.295,23.362,260895
2432,2022-07-13 09:15:00,23.566,23.681,23.324,23.352,441814
2433,2022-07-13 09:10:00,23.586,23.671,23.491,23.554,481144
2434,2022-07-13 09:05:00,23.704,23.711,23.393,23.568,615831
2435,2022-07-13 09:00:00,23.527,23.73,23.364,23.676,887887
2436,2022-07-13 08:55:00,23.399,23.593,23.256,23.51,857411
2437,2022-07-13 08:50:00,23.33,23.416,23.236,23.372,762437
2438,2022-07-13 08:45:00,23.242,23.337,22.765,23.303,1096498
2439,2022-07-13 08:40:00,23.222,23.367,23.069,23.225,947505
2440,2022-07-13 08:35:00,23.34,23.426,23.059,23.205,1509536
2441,2022-07-13 08:30:00,25.875,26.138,23.069,23.323,3473916
2442,2022-07-13 08:25:00,25.334,26.118,25.228,25.865,376354
2443,2022-07-13 08:20:00,25.305,25.391,25.277,25.316,199682
2444,2022-07-13 08:15:00,25.226,25.312,25.184,25.286,104312
2445,2022-07-13 08:10:00,25.275,25.283,25.169,25.208,201983
2446,2022-07-13 08:05:00,25.305,25.322,25.238,25.248,156967
2447,2022-07-13 08:00:00,25.128,25.391,24.856,25.296,620722
2448,2022-07-13 07:55:00,25.187,25.263,25.149,25.188,40552
2449,2022-07-13 07:50:00,25.197,25.204,25.13,25.168,16496
2450,2022-07-13 07:45:00,25.167,25.224,25.14,25.178,18345
2451,2022-07-13 07:40:00,25.118,25.185,25.091,25.149,24060
2452,2022-07-13 07:35:00,25.099,25.126,25.051,25.1,26596
2453,2022-07-13 07:30:00,25.099,25.106,25.032,25.07,10323
2454,2022-07-13 07:25:00,25.079,25.136,25.051,25.09,29721
2455,2022-07-13 07:20:00,25.167,25.185,25.051,25.06,21434
2456,2022-07-13 07:15:00,25.187,25.214,25.149,25.159,18175
2457,2022-07-13 07:10:00,25.158,25.224,25.13,25.178,41128
2458,2022-07-13 07:05:00,25.108,25.165,25.051,25.129,54422
2459,2022-07-13 07:00:00,25.138,25.155,25.051,25.1,34024
2460,2022-07-13 06:55:00,25.108,25.136,25.051,25.11,7282
2461,2022-07-13 06:50:00,25.108,25.155,25.071,25.09,21048
2462,2022-07-13 06:45:00,25.118,25.155,25.081,25.11,84325
2463,2022-07-13 06:40:00,25.079,25.136,25.042,25.11,7438
2464,2022-07-13 06:35:00,25.069,25.077,24.983,25.011,12991
2465,2022-07-13 06:30:00,25.069,25.086,25.012,25.051,15274
2466,2022-07-13 06:25:00,25.118,25.126,25.051,25.06,4607
2467,2022-07-13 06:20:00,25.118,25.136,25.081,25.11,82445
2468,2022-07-13 06:15:00,25.118,25.155,25.091,25.11,25008
2469,2022-07-13 06:10:00,25.118,25.126,25.061,25.08,9432
2470,2022-07-13 06:05:00,25.108,25.136,25.081,25.09,6233
2471,2022-07-13 06:00:00,25.128,25.155,25.061,25.09,9632
2472,2022-07-13 05:55:00,25.158,25.165,25.1,25.119,17671
2473,2022-07-13 05:50:00,25.128,25.165,25.091,25.129,3253
2474,2022-07-13 05:45:00,25.138,25.165,25.1,25.129,9732
2475,2022-07-13 05:40:00,25.216,25.224,25.1,25.11,458115
2476,2022-07-13 05:35:00,25.226,25.234,25.169,25.198,239053
2477,2022-07-13 05:30:00,25.236,25.244,25.169,25.198,28265
2478,2022-07-13 05:25:00,25.158,25.234,25.13,25.208,54115
2479,2022-07-13 05:20:00,25.148,25.185,25.12,25.129,3790
2480,2022-07-13 05:15:00,25.158,25.194,25.1,25.129,12995
2481,2022-07-13 05:10:00,25.158,25.185,25.1,25.149,12989
2482,2022-07-13 05:05:00,25.226,25.234,25.12,25.139,25766
2483,2022-07-13 05:00:00,25.246,25.263,25.179,25.218,38474
2484,2022-07-13 04:55:00,25.197,25.263,25.159,25.227,93434
2485,2022-07-13 04:50:00,25.187,25.204,25.14,25.168,12841
2486,2022-07-13 04:45:00,25.118,25.204,25.081,25.159,24337
2487,2022-07-13 04:40:00,25.177,25.185,25.091,25.11,15064
2488,2022-07-13 04:35:00,25.148,25.185,25.1,25.159,31973
2489,2022-07-13 04:30:00,25.079,25.155,25.051,25.119,17825
2490,2022-07-13 04:25:00,25.049,25.106,25.022,25.07,12370
2491,2022-07-13 04:20:00,25.049,25.077,25.002,25.021,28655
2492,2022-07-13 04:15:00,24.922,25.057,24.894,25.021,17692
2493,2022-07-13 04:10:00,24.932,24.968,24.875,24.913,9375
2494,2022-07-13 04:05:00,25.03,25.037,24.816,24.894,50299
2495,2022-07-13 04:00:00,25.0,25.067,24.924,25.011,78143
2496,2022-07-12 19:55:00,24.853,24.88,24.806,24.845,40467
2497,2022-07-12 19:50:00,24.902,24.91,24.816,24.825,31693
2498,2022-07-12 19:45:00,24.941,24.949,24.875,24.894,17858
2499,2022-07-12 19:40:00,24.941,24.968,24.894,24.923,34622
2500,2022-07-12 19:35:00,24.902,24.949,24.875,24.923,40389
2501,2022-07-12 19:30:00,24.824,24.91,24.796,24.884,37003
2502,2022-07-12 19:25:00,24.824,24.851,24.786,24.815,12439
2503,2022-07-12 19:20:00,24.853,24.86,24.767,24.805,45844
2504,2022-07-12 19:15:00,24.883,24.9,24.826,24.845,12370
2505,2022-07-12 19:10:00,24.892,24.91,24.865,24.874,2631
2506,2022-07-12 19:05:00,24.902,24.919,24.865,24.884,32940
2507,2022-07-12 19:00:00,24.872,24.91,24.835,24.884,12133
2508,2022-07-12 18:55:00,24.853,24.88,24.826,24.835,8796
2509,2022-07-12 18:50:00,24.892,24.919,24.845,24.864,30084
2510,2022-07-12 18:45:00,24.912,24.919,24.855,24.884,8371
2511,2022-07-12 18:40:00,24.853,24.919,24.826,24.884,35767
2512,2022-07-12 18:35:00,24.873,24.9,24.826,24.835,10904
2513,2022-07-12 18:30:00,24.863,24.88,24.816,24.845,7604
2514,2022-07-12 18:25:00,24.853,24.9,24.826,24.835,10000
2515,2022-07-12 18:20:00,24.863,24.87,24.806,24.825,43148
2516,2022-07-12 18:15:00,24.912,24.919,24.826,24.864,30017
2517,2022-07-12 18:10:00,24.932,24.959,24.894,24.903,13565
2518,2022-07-12 18:05:00,24.912,24.959,24.885,24.913,28115
2519,2022-07-12 18:00:00,24.873,24.939,24.845,24.894,57321
2520,2022-07-12 17:55:00,24.853,24.877,24.806,24.845,35697
2521,2022-07-12 17:50:00,24.883,24.89,24.835,24.845,6024
2522,2022-07-12 17:45:00,24.902,24.91,24.855,24.874,8595
2523,2022-07-12 17:40:00,24.902,24.919,24.875,24.894,10182
2524,2022-07-12 17:35:00,24.892,24.91,24.845,24.884,7746
2525,2022-07-12 17:30:00,24.883,24.91,24.855,24.884,8012
2526,2022-07-12 17:25:00,24.912,24.919,24.855,24.864,17885
2527,2022-07-12 17:20:00,24.902,24.929,24.855,24.889,24025
2528,2022-07-12 17:15:00,24.892,24.919,24.855,24.884,9839
2529,2022-07-12 17:10:00,24.912,24.919,24.855,24.874,20361
2530,2022-07-12 17:05:00,24.883,24.919,24.855,24.884,36413
2531,2022-07-12 17:00:00,24.883,24.9,24.835,24.864,18816
2532,2022-07-12 16:55:00,24.902,24.919,24.855,24.864,22808
2533,2022-07-12 16:50:00,24.892,24.919,24.865,24.884,72567
2534,2022-07-12 16:45:00,24.902,24.91,24.855,24.874,20437
2535,2022-07-12 16:40:00,24.873,24.91,24.845,24.874,47567
2536,2022-07-12 16:35:00,24.873,24.89,24.826,24.845,29685
2537,2022-07-12 16:30:00,24.853,24.9,24.806,24.847,90906
2538,2022-07-12 16:25:00,24.843,24.89,24.796,24.835,279286
2539,2022-07-12 16:20:00,24.883,24.9,24.796,24.815,32575
2540,2022-07-12 16:15:00,24.883,24.919,24.826,24.864,592122
2541,2022-07-12 16:10:00,24.833,24.91,24.796,24.854,101417
2542,2022-07-12 16:05:00,24.814,24.86,24.777,24.825,73730
2543,2022-07-12 16:00:00,24.902,24.919,24.777,24.786,410531
2544,2022-07-12 15:55:00,24.932,24.968,24.826,24.884,3310152
2545,2022-07-12 15:50:00,24.676,24.998,24.61,24.913,4010734
2546,2022-07-12 15:45:00,24.612,24.762,24.566,24.658,2245112
2547,2022-07-12 15:40:00,24.568,24.634,24.482,24.594,1855207
2548,2022-07-12 15:35:00,24.578,24.61,24.443,24.55,2466662
2549,2022-07-12 15:30:00,24.716,24.772,24.541,24.57,2539534
2550,2022-07-12 15:25:00,24.701,24.811,24.629,24.697,1751345
2551,2022-07-12 15:20:00,24.902,24.934,24.659,24.687,2071141
2552,2022-07-12 15:15:00,24.893,24.944,24.777,24.889,1778883
2553,2022-07-12 15:10:00,24.799,24.924,24.703,24.884,3372195
2554,2022-07-12 15:05:00,24.917,24.995,24.767,24.776,2845057
2555,2022-07-12 15:00:00,25.216,25.224,24.875,24.898,3105276
2556,2022-07-12 14:55:00,25.403,25.42,25.189,25.203,1397722
2557,2022-07-12 14:50:00,25.452,25.479,25.35,25.383,509670
2558,2022-07-12 14:45:00,25.433,25.479,25.365,25.433,851391
2559,2022-07-12 14:40:00,25.442,25.45,25.346,25.413,535799
2560,2022-07-12 14:35:00,25.383,25.47,25.346,25.43,681717
2561,2022-07-12 14:30:00,25.541,25.578,25.351,25.37,1542466
2562,2022-07-12 14:25:00,25.521,25.578,25.473,25.527,437754
2563,2022-07-12 14:20:00,25.551,25.578,25.473,25.512,396030
2564,2022-07-12 14:15:00,25.57,25.627,25.483,25.54,717648
2565,2022-07-12 14:10:00,25.549,25.622,25.483,25.561,787602
2566,2022-07-12 14:05:00,25.55,25.597,25.473,25.526,661458
2567,2022-07-12 14:00:00,25.707,25.73,25.522,25.532,1159502
2568,2022-07-12 13:55:00,25.717,25.759,25.65,25.685,696720
2569,2022-07-12 13:50:00,25.634,25.735,25.581,25.699,772361
2570,2022-07-12 13:45:00,25.618,25.686,25.513,25.61,740883
2571,2022-07-12 13:40:00,25.6,25.676,25.562,25.6,477686
2572,2022-07-12 13:35:00,25.585,25.671,25.532,25.591,591271
2573,2022-07-12 13:30:00,25.58,25.646,25.513,25.566,877247
2574,2022-07-12 13:25:00,25.511,25.594,25.455,25.556,803904
2575,2022-07-12 13:20:00,25.58,25.607,25.434,25.492,1251919
2576,2022-07-12 13:15:00,25.624,25.656,25.542,25.559,757977
2577,2022-07-12 13:10:00,25.6,25.656,25.522,25.61,1021231
2578,2022-07-12 13:05:00,25.703,25.722,25.532,25.581,1408157
2579,2022-07-12 13:00:00,25.781,25.961,25.611,25.689,3102682
2580,2022-07-12 12:55:00,25.737,25.821,25.699,25.767,1454056
2581,2022-07-12 12:50:00,25.826,25.833,25.62,25.718,1167969
2582,2022-07-12 12:45:00,25.796,25.912,25.748,25.811,948815
2583,2022-07-12 12:40:00,25.835,25.853,25.738,25.777,774277
2584,2022-07-12 12:35:00,25.816,25.892,25.748,25.806,1452133
2585,2022-07-12 12:30:00,25.726,25.843,25.635,25.804,1006196
2586,2022-07-12 12:25:00,25.747,25.784,25.63,25.699,747084
2587,2022-07-12 12:20:00,25.717,25.804,25.63,25.726,798702
2588,2022-07-12 12:15:00,25.708,25.764,25.622,25.699,1104688
2589,2022-07-12 12:10:00,25.541,25.745,25.503,25.689,1208846
2590,2022-07-12 12:05:00,25.624,25.794,25.503,25.529,1968951
2591,2022-07-12 12:00:00,25.649,25.735,25.571,25.6,1472499
2592,2022-07-12 11:55:00,25.509,25.666,25.444,25.635,1178077
2593,2022-07-12 11:50:00,25.59,25.646,25.473,25.492,933967
2594,2022-07-12 11:45:00,25.531,25.646,25.454,25.561,1128216
2595,2022-07-12 11:40:00,25.722,25.745,25.463,25.52,1467909
2596,2022-07-12 11:35:00,25.826,25.872,25.581,25.7,1756006
2597,2022-07-12 11:30:00,25.816,25.892,25.728,25.802,1545546
2598,2022-07-12 11:25:00,25.707,25.863,25.616,25.796,1670622
2599,2022-07-12 11:20:00,25.575,25.774,25.532,25.687,1699696
2600,2022-07-12 11:15:00,25.757,25.769,25.532,25.556,1617537
2601,2022-07-12 11:10:00,25.661,25.892,25.611,25.733,3674895
2602,2022-07-12 11:05:00,25.462,25.676,25.356,25.645,2258617
2603,2022-07-12 11:00:00,25.511,25.617,25.385,25.443,1679836
2604,2022-07-12 10:55:00,25.442,25.578,25.365,25.492,2359372
2605,2022-07-12 10:50:00,25.354,25.46,25.208,25.414,1439867
2606,2022-07-12 10:45:00,25.344,25.484,25.233,25.326,1788246
2607,2022-07-12 10:40:00,25.393,25.46,25.225,25.335,2162243
2608,2022-07-12 10:35:00,25.649,25.656,25.346,25.375,2470161
2609,2022-07-12 10:30:00,25.295,25.735,25.257,25.625,3812238
2610,2022-07-12 10:25:00,25.236,25.42,25.169,25.281,1944803
2611,2022-07-12 10:20:00,25.403,25.489,25.149,25.227,2963333
2612,2022-07-12 10:15:00,25.305,25.43,25.123,25.384,2747185
2613,2022-07-12 10:10:00,25.167,25.401,25.051,25.291,3310043
2614,2022-07-12 10:05:00,25.187,25.312,25.071,25.144,2697016
2615,2022-07-12 10:00:00,25.403,25.411,25.051,25.164,3933772
2616,2022-07-12 09:55:00,25.835,25.843,25.375,25.394,3169830
2617,2022-07-12 09:50:00,25.767,25.931,25.684,25.816,2764915
2618,2022-07-12 09:45:00,26.12,26.197,25.728,25.746,3434588
2619,2022-07-12 09:40:00,26.405,26.472,26.082,26.101,3535253
2620,2022-07-12 09:35:00,26.032,26.511,25.993,26.394,5740380
2621,2022-07-12 09:30:00,25.973,26.256,25.856,26.013,6439579
2622,2022-07-12 09:25:00,25.865,26.04,25.817,25.944,879969
2623,2022-07-12 09:20:00,25.865,25.912,25.827,25.848,146342
2624,2022-07-12 09:15:00,25.884,25.931,25.817,25.846,156246
2625,2022-07-12 09:10:00,25.855,25.923,25.787,25.875,90885
2626,2022-07-12 09:05:00,25.826,25.931,25.797,25.836,216127
2627,2022-07-12 09:00:00,25.737,25.833,25.67,25.806,148328
2628,2022-07-12 08:55:00,25.767,25.804,25.709,25.728,90206
2629,2022-07-12 08:50:00,25.757,25.784,25.689,25.743,86509
2630,2022-07-12 08:45:00,25.835,25.872,25.699,25.738,206594
2631,2022-07-12 08:40:00,25.806,25.853,25.699,25.826,143536
2632,2022-07-12 08:35:00,25.717,25.804,25.66,25.777,222208
2633,2022-07-12 08:30:00,25.619,25.745,25.542,25.689,178354
2634,2022-07-12 08:25:00,25.58,25.676,25.542,25.6,107445
2635,2022-07-12 08:20:00,25.492,25.597,25.454,25.551,64695
2636,2022-07-12 08:15:00,25.521,25.538,25.454,25.483,89336
2637,2022-07-12 08:10:00,25.59,25.597,25.473,25.502,117146
2638,2022-07-12 08:05:00,25.6,25.676,25.552,25.571,71340
2639,2022-07-12 08:00:00,25.177,25.735,24.962,25.581,445790
2640,2022-07-12 07:55:00,25.609,25.617,25.513,25.551,43866
2641,2022-07-12 07:50:00,25.59,25.676,25.562,25.591,26121
2642,2022-07-12 07:45:00,25.609,25.617,25.532,25.571,25335
2643,2022-07-12 07:40:00,25.678,25.735,25.591,25.6,105964
2644,2022-07-12 07:35:00,25.678,25.696,25.611,25.649,86169
2645,2022-07-12 07:30:00,25.511,25.686,25.483,25.649,131622
2646,2022-07-12 07:25:00,25.492,25.548,25.444,25.492,38668
2647,2022-07-12 07:20:00,25.374,25.519,25.336,25.473,88534
2648,2022-07-12 07:15:00,25.315,25.391,25.267,25.365,43131
2649,2022-07-12 07:10:00,25.285,25.362,25.257,25.296,29605
2650,2022-07-12 07:05:00,25.226,25.283,25.199,25.257,25427
2651,2022-07-12 07:00:00,25.187,25.263,25.13,25.218,39146
2652,2022-07-12 06:55:00,25.226,25.234,25.14,25.159,10359
2653,2022-07-12 06:50:00,25.325,25.362,25.169,25.198,21217
2654,2022-07-12 06:45:00,25.256,25.332,25.228,25.286,7668
2655,2022-07-12 06:40:00,25.246,25.253,25.199,25.227,14787
2656,2022-07-12 06:35:00,25.246,25.273,25.218,25.227,11691
2657,2022-07-12 06:30:00,25.295,25.332,25.199,25.218,11413
2658,2022-07-12 06:25:00,25.325,25.381,25.267,25.276,17810
2659,2022-07-12 06:20:00,25.305,25.362,25.277,25.325,31316
2660,2022-07-12 06:15:00,25.285,25.342,25.238,25.267,7237
2661,2022-07-12 06:10:00,25.148,25.381,25.12,25.257,36609
2662,2022-07-12 06:05:00,25.138,25.155,25.091,25.129,3907
2663,2022-07-12 06:00:00,25.108,25.136,25.081,25.11,19126
2664,2022-07-12 05:55:00,25.049,25.116,25.022,25.09,8572
2665,2022-07-12 05:50:00,25.069,25.096,25.002,25.031,19585
2666,2022-07-12 05:45:00,25.118,25.126,25.042,25.051,13524
2667,2022-07-12 05:40:00,25.079,25.165,25.051,25.11,11628
2668,2022-07-12 05:35:00,25.089,25.106,25.042,25.06,7978
2669,2022-07-12 05:30:00,25.099,25.126,25.051,25.08,13881
2670,2022-07-12 05:25:00,25.158,25.165,25.071,25.09,17028
2671,2022-07-12 05:20:00,25.216,25.224,25.11,25.139,18427
2672,2022-07-12 05:15:00,25.216,25.253,25.179,25.208,13287
2673,2022-07-12 05:10:00,25.197,25.234,25.169,25.178,8969
2674,2022-07-12 05:05:00,25.187,25.253,25.159,25.178,17831
2675,2022-07-12 05:00:00,25.167,25.234,25.11,25.149,56121
2676,2022-07-12 04:55:00,25.158,25.165,25.12,25.139,18236
2677,2022-07-12 04:50:00,25.167,25.185,25.12,25.159,34342
2678,2022-07-12 04:45:00,25.187,25.194,25.12,25.149,9915
2679,2022-07-12 04:40:00,25.158,25.204,25.13,25.168,12084
2680,2022-07-12 04:35:00,25.177,25.224,25.13,25.139,27664
2681,2022-07-12 04:30:00,25.099,25.175,25.071,25.149,43889
2682,2022-07-12 04:25:00,25.059,25.106,25.032,25.06,16231
2683,2022-07-12 04:20:00,25.01,25.077,24.963,25.051,16645
2684,2022-07-12 04:15:00,24.971,25.018,24.934,24.972,49760
2685,2022-07-12 04:10:00,25.01,25.047,24.924,24.952,38901
2686,2022-07-12 04:05:00,25.049,25.057,24.973,24.992,54484
2687,2022-07-12 04:00:00,25.167,25.175,24.973,25.021,111381
2688,2022-07-11 19:55:00,25.688,25.725,25.64,25.699,38475
2689,2022-07-11 19:50:00,25.698,25.705,25.65,25.659,12237
2690,2022-07-11 19:45:00,25.668,25.715,25.63,25.679,23212
2691,2022-07-11 19:40:00,25.688,25.705,25.64,25.649,13294
2692,2022-07-11 19:35:00,25.649,25.705,25.62,25.679,37409
2693,2022-07-11 19:30:00,25.678,25.696,25.62,25.63,27470
2694,2022-07-11 19:25:00,25.619,25.686,25.591,25.649,14867
2695,2022-07-11 19:20:00,25.609,25.627,25.571,25.591,4230
2696,2022-07-11 19:15:00,25.639,25.656,25.581,25.591,8600
2697,2022-07-11 19:10:00,25.649,25.656,25.581,25.591,15769
2698,2022-07-11 19:05:00,25.6,25.656,25.571,25.62,31018
2699,2022-07-11 19:00:00,25.56,25.617,25.532,25.591,10536
2700,2022-07-11 18:55:00,25.55,25.578,25.522,25.551,13769
2701,2022-07-11 18:50:00,25.55,25.588,25.522,25.541,14859
2702,2022-07-11 18:45:00,25.59,25.597,25.513,25.522,30507
2703,2022-07-11 18:40:00,25.629,25.645,25.562,25.581,29764
2704,2022-07-11 18:35:00,25.678,25.696,25.601,25.61,14732
2705,2022-07-11 18:30:00,25.688,25.705,25.65,25.659,16349
2706,2022-07-11 18:25:00,25.678,25.696,25.64,25.659,12597
2707,2022-07-11 18:20:00,25.668,25.686,25.63,25.649,10726
2708,2022-07-11 18:15:00,25.659,25.676,25.62,25.64,8208
2709,2022-07-11 18:10:00,25.639,25.676,25.581,25.649,19287
2710,2022-07-11 18:05:00,25.619,25.676,25.591,25.64,20371
2711,2022-07-11 18:00:00,25.668,25.686,25.601,25.62,51346
2712,2022-07-11 17:55:00,25.649,25.666,25.601,25.64,11954
2713,2022-07-11 17:50:00,25.629,25.656,25.601,25.621,18502
2714,2022-07-11 17:45:00,25.644,25.656,25.591,25.61,20061
2715,2022-07-11 17:40:00,25.639,25.665,25.601,25.61,18629
2716,2022-07-11 17:35:00,25.639,25.656,25.601,25.62,5496
2717,2022-07-11 17:30:00,25.639,25.666,25.601,25.62,14721
2718,2022-07-11 17:25:00,25.649,25.676,25.611,25.62,31676
2719,2022-07-11 17:20:00,25.659,25.666,25.62,25.63,11667
2720,2022-07-11 17:15:00,25.649,25.686,25.62,25.659,10061
2721,2022-07-11 17:10:00,25.649,25.686,25.62,25.64,17412
2722,2022-07-11 17:05:00,25.678,25.686,25.63,25.64,9129
2723,2022-07-11 17:00:00,25.688,25.705,25.64,25.649,25242
2724,2022-07-11 16:55:00,25.727,25.745,25.66,25.679,12899
2725,2022-07-11 16:50:00,25.747,25.755,25.699,25.708,31118
2726,2022-07-11 16:45:00,25.757,25.764,25.719,25.728,28388
2727,2022-07-11 16:40:00,25.767,25.774,25.719,25.728,26417
2728,2022-07-11 16:35:00,25.757,25.774,25.728,25.748,18730
2729,2022-07-11 16:30:00,25.747,25.774,25.719,25.743,52617
2730,2022-07-11 16:25:00,25.737,25.755,25.694,25.718,31334
2731,2022-07-11 16:20:00,25.752,25.774,25.709,25.718,56189
2732,2022-07-11 16:15:00,25.776,25.784,25.719,25.733,31297
2733,2022-07-11 16:10:00,25.786,25.794,25.719,25.748,148833
2734,2022-07-11 16:05:00,25.727,25.804,25.689,25.757,227369
2735,2022-07-11 16:00:00,25.639,25.735,25.571,25.703,671562
2736,2022-07-11 15:55:00,25.472,25.646,25.434,25.605,2776901
2737,2022-07-11 15:50:00,25.609,25.617,25.39,25.458,3058462
2738,2022-07-11 15:45:00,25.605,25.715,25.532,25.6,1527973
2739,2022-07-11 15:40:00,25.698,25.764,25.571,25.585,1227268
2740,2022-07-11 15:35:00,25.698,25.735,25.601,25.679,903301
2741,2022-07-11 15:30:00,25.688,25.764,25.64,25.684,1193893
2742,2022-07-11 15:25:00,25.639,25.732,25.591,25.679,1229753
2743,2022-07-11 15:20:00,25.619,25.696,25.552,25.62,892450
2744,2022-07-11 15:15:00,25.639,25.676,25.542,25.609,1199319
2745,2022-07-11 15:10:00,25.609,25.676,25.562,25.63,1017645
2746,2022-07-11 15:05:00,25.619,25.676,25.562,25.591,1387784
2747,2022-07-11 15:00:00,25.747,25.799,25.581,25.61,1955081
2748,2022-07-11 14:55:00,25.847,25.911,25.719,25.728,910779
2749,2022-07-11 14:50:00,25.939,25.956,25.787,25.836,1385987
2750,2022-07-11 14:45:00,26.042,26.069,25.905,25.915,840359
2751,2022-07-11 14:40:00,25.951,26.069,25.905,26.02,1061412
2752,2022-07-11 14:35:00,25.948,25.985,25.876,25.933,837362
2753,2022-07-11 14:30:00,26.002,26.04,25.905,25.924,1238165
2754,2022-07-11 14:25:00,26.068,26.089,25.974,25.983,743312
2755,2022-07-11 14:20:00,26.091,26.118,25.998,26.046,592625
2756,2022-07-11 14:15:00,26.071,26.128,26.003,26.071,997840
2757,2022-07-11 14:10:00,26.11,26.148,26.013,26.053,1106892
2758,2022-07-11 14:05:00,26.16,26.236,26.072,26.091,966163
2759,2022-07-11 14:00:00,26.287,26.315,26.101,26.142,1683494
2760,2022-07-11 13:55:00,26.385,26.393,26.248,26.264,772772
2761,2022-07-11 13:50:00,26.307,26.423,26.26,26.372,1046637
2762,2022-07-11 13:45:00,26.327,26.364,26.229,26.287,995141
2763,2022-07-11 13:40:00,26.356,26.418,26.278,26.297,1538708
2764,2022-07-11 13:35:00,26.297,26.364,26.258,26.337,837366
2765,2022-07-11 13:30:00,26.218,26.383,26.17,26.279,1773166
2766,2022-07-11 13:25:00,26.248,26.275,26.15,26.199,1352911
2767,2022-07-11 13:20:00,26.11,26.256,26.082,26.229,1030640
2768,2022-07-11 13:15:00,26.16,26.179,26.082,26.096,909231
2769,2022-07-11 13:10:00,26.179,26.236,26.121,26.133,1439932
2770,2022-07-11 13:05:00,26.037,26.216,25.964,26.16,1671948
2771,2022-07-11 13:00:00,25.919,26.118,25.871,26.022,1314395
2772,2022-07-11 12:55:00,25.83,25.961,25.793,25.895,913548
2773,2022-07-11 12:50:00,25.884,25.902,25.748,25.816,720235
2774,2022-07-11 12:45:00,25.914,25.941,25.836,25.865,638003
2775,2022-07-11 12:40:00,25.993,26.002,25.836,25.885,667947
2776,2022-07-11 12:35:00,25.894,26.03,25.854,25.973,816229
2777,2022-07-11 12:30:00,25.904,25.941,25.817,25.875,474651
2778,2022-07-11 12:25:00,25.857,25.92,25.797,25.875,629119
2779,2022-07-11 12:20:00,25.909,25.931,25.758,25.836,931400
2780,2022-07-11 12:15:00,25.904,25.99,25.858,25.895,1011625
2781,2022-07-11 12:10:00,25.855,25.961,25.797,25.895,966983
2782,2022-07-11 12:05:00,25.786,25.882,25.719,25.846,813095
2783,2022-07-11 12:00:00,25.835,25.882,25.699,25.771,901206
2784,2022-07-11 11:55:00,25.757,25.863,25.719,25.811,703476
2785,2022-07-11 11:50:00,25.786,25.833,25.662,25.747,929446
2786,2022-07-11 11:45:00,25.884,25.904,25.709,25.767,899708
2787,2022-07-11 11:40:00,25.904,25.951,25.748,25.86,970756
2788,2022-07-11 11:35:00,25.828,26.049,25.738,25.885,1605375
2789,2022-07-11 11:30:00,25.963,26.03,25.797,25.814,1011400
2790,2022-07-11 11:25:00,25.864,26.008,25.819,25.944,897609
2791,2022-07-11 11:20:00,25.993,26.049,25.836,25.846,1450609
2792,2022-07-11 11:15:00,26.022,26.128,25.925,25.968,1200911
2793,2022-07-11 11:10:00,26.022,26.108,25.944,26.013,1556644
2794,2022-07-11 11:05:00,25.806,26.049,25.758,25.998,1426091
2795,2022-07-11 11:00:00,25.772,25.872,25.689,25.779,1391617
2796,2022-07-11 10:55:00,25.943,25.961,25.738,25.752,1867116
2797,2022-07-11 10:50:00,25.995,26.089,25.878,25.916,1412373
2798,2022-07-11 10:45:00,26.071,26.128,25.915,25.982,1501163
2799,2022-07-11 10:40:00,26.032,26.187,25.993,26.052,2957415
2800,2022-07-11 10:35:00,25.914,26.079,25.797,26.018,2203551
2801,2022-07-11 10:30:00,25.806,25.981,25.738,25.885,2512661
2802,2022-07-11 10:25:00,25.649,25.843,25.601,25.795,2004066
2803,2022-07-11 10:20:00,25.703,25.783,25.503,25.635,2237930
2804,2022-07-11 10:15:00,25.688,25.882,25.64,25.689,1926439
2805,2022-07-11 10:10:00,25.659,25.814,25.586,25.664,2506677
2806,2022-07-11 10:05:00,25.492,25.735,25.419,25.64,1931729
2807,2022-07-11 10:00:00,25.609,25.617,25.375,25.472,2046367
2808,2022-07-11 09:55:00,25.521,25.686,25.473,25.594,2190610
2809,2022-07-11 09:50:00,25.678,25.755,25.385,25.512,2837211
2810,2022-07-11 09:45:00,25.757,25.892,25.562,25.669,3319097
2811,2022-07-11 09:40:00,25.835,25.897,25.611,25.743,4192110
2812,2022-07-11 09:35:00,26.454,26.462,25.768,25.811,6393977
2813,2022-07-11 09:30:00,26.719,26.796,26.415,26.43,3978366
2814,2022-07-11 09:25:00,26.837,26.845,26.67,26.68,133371
2815,2022-07-11 09:20:00,26.808,26.855,26.769,26.798,68307
2816,2022-07-11 09:15:00,26.769,26.845,26.71,26.788,72367
2817,2022-07-11 09:10:00,26.828,26.845,26.729,26.739,48164
2818,2022-07-11 09:05:00,26.847,26.885,26.778,26.808,61320
2819,2022-07-11 09:00:00,26.837,26.894,26.788,26.827,86084
2820,2022-07-11 08:55:00,26.778,26.865,26.749,26.818,61369
2821,2022-07-11 08:50:00,26.71,26.806,26.68,26.759,52219
2822,2022-07-11 08:45:00,26.739,26.747,26.641,26.67,61596
2823,2022-07-11 08:40:00,26.739,26.767,26.661,26.729,73607
2824,2022-07-11 08:35:00,26.739,26.796,26.69,26.739,73968
2825,2022-07-11 08:30:00,26.798,26.835,26.69,26.719,119325
2826,2022-07-11 08:25:00,26.828,26.845,26.739,26.778,69447
2827,2022-07-11 08:20:00,26.729,26.845,26.7,26.818,111230
2828,2022-07-11 08:15:00,26.729,26.747,26.67,26.7,57161
2829,2022-07-11 08:10:00,26.719,26.767,26.68,26.719,61309
2830,2022-07-11 08:05:00,26.661,26.737,26.612,26.7,181795
2831,2022-07-11 08:00:00,26.808,26.933,26.445,26.641,513538
2832,2022-07-11 07:55:00,26.651,26.688,26.592,26.651,75829
2833,2022-07-11 07:50:00,26.719,26.727,26.612,26.621,39855
2834,2022-07-11 07:45:00,26.729,26.737,26.68,26.7,45952
2835,2022-07-11 07:40:00,26.778,26.786,26.69,26.71,52084
2836,2022-07-11 07:35:00,26.798,26.816,26.749,26.759,23717
2837,2022-07-11 07:30:00,26.798,26.835,26.759,26.788,30728
2838,2022-07-11 07:25:00,26.857,26.865,26.759,26.768,29833
2839,2022-07-11 07:20:00,26.877,26.894,26.827,26.837,21381
2840,2022-07-11 07:15:00,26.896,26.914,26.847,26.857,14108
2841,2022-07-11 07:10:00,26.896,26.924,26.837,26.876,17336
2842,2022-07-11 07:05:00,26.877,26.904,26.847,26.876,16465
2843,2022-07-11 07:00:00,26.818,26.894,26.759,26.866,32100
2844,2022-07-11 06:55:00,26.778,26.826,26.749,26.778,24428
2845,2022-07-11 06:50:00,26.857,26.865,26.749,26.759,12268
2846,2022-07-11 06:45:00,26.837,26.894,26.808,26.837,31116
2847,2022-07-11 06:40:00,26.788,26.826,26.739,26.798,2873
2848,2022-07-11 06:35:00,26.769,26.816,26.729,26.788,4581
2849,2022-07-11 06:30:00,26.828,26.835,26.739,26.749,19227
2850,2022-07-11 06:25:00,26.906,26.914,26.808,26.818,14141
2851,2022-07-11 06:20:00,26.916,26.934,26.857,26.867,50038
2852,2022-07-11 06:15:00,26.847,26.924,26.808,26.876,30410
2853,2022-07-11 06:10:00,26.798,26.845,26.769,26.818,12500
2854,2022-07-11 06:05:00,26.759,26.845,26.729,26.788,16128
2855,2022-07-11 06:00:00,26.729,26.757,26.661,26.729,32502
2856,2022-07-11 05:55:00,26.729,26.747,26.69,26.71,19661
2857,2022-07-11 05:50:00,26.749,26.767,26.7,26.719,8786
2858,2022-07-11 05:45:00,26.749,26.786,26.719,26.729,6285
2859,2022-07-11 05:40:00,26.788,26.796,26.719,26.729,6871
2860,2022-07-11 05:35:00,26.749,26.816,26.71,26.768,32208
2861,2022-07-11 05:30:00,26.788,26.796,26.719,26.729,20329
2862,2022-07-11 05:25:00,26.837,26.885,26.759,26.768,19023
2863,2022-07-11 05:20:00,26.847,26.855,26.769,26.808,11744
2864,2022-07-11 05:15:00,26.857,26.885,26.808,26.818,33053
2865,2022-07-11 05:10:00,26.837,26.894,26.798,26.867,16399
2866,2022-07-11 05:05:00,26.828,26.855,26.788,26.808,27149
2867,2022-07-11 05:00:00,26.749,26.845,26.69,26.798,17580
2868,2022-07-11 04:55:00,26.778,26.786,26.7,26.739,15447
2869,2022-07-11 04:50:00,26.798,26.816,26.69,26.739,47000
2870,2022-07-11 04:45:00,26.798,26.806,26.739,26.759,11821
2871,2022-07-11 04:40:00,26.847,26.855,26.759,26.778,28205
2872,2022-07-11 04:35:00,26.818,26.885,26.788,26.818,13808
2873,2022-07-11 04:30:00,26.769,26.826,26.739,26.798,24993
2874,2022-07-11 04:25:00,26.837,26.845,26.739,26.759,20412
2875,2022-07-11 04:20:00,26.847,26.875,26.749,26.818,54887
2876,2022-07-11 04:15:00,26.788,26.875,26.631,26.818,495212
2877,2022-07-11 04:10:00,26.71,26.845,26.67,26.768,82757
2878,2022-07-11 04:05:00,26.661,26.747,26.631,26.7,288672
2879,2022-07-11 04:00:00,26.661,26.737,26.592,26.641,108877
2880,2022-07-08 19:55:00,27.397,27.415,27.347,27.377,17259
2881,2022-07-08 19:50:00,27.368,27.415,27.338,27.357,12905
2882,2022-07-08 19:45:00,27.358,27.386,27.328,27.338,4288
2883,2022-07-08 19:40:00,27.378,27.386,27.328,27.348,1823
2884,2022-07-08 19:35:00,27.378,27.405,27.338,27.357,8518
2885,2022-07-08 19:30:00,27.368,27.396,27.338,27.367,4213
2886,2022-07-08 19:25:00,27.387,27.415,27.328,27.367,20255
2887,2022-07-08 19:20:00,27.397,27.405,27.357,27.367,7332
2888,2022-07-08 19:15:00,27.387,27.415,27.357,27.377,18407
2889,2022-07-08 19:10:00,27.397,27.415,27.347,27.387,5392
2890,2022-07-08 19:05:00,27.387,27.405,27.338,27.377,5916
2891,2022-07-08 19:00:00,27.378,27.386,27.328,27.348,4619
2892,2022-07-08 18:55:00,27.368,27.386,27.328,27.338,2075
2893,2022-07-08 18:50:00,27.358,27.396,27.328,27.367,3614
2894,2022-07-08 18:45:00,27.358,27.366,27.318,27.338,3834
2895,2022-07-08 18:40:00,27.368,27.376,27.318,27.338,5148
2896,2022-07-08 18:35:00,27.387,27.396,27.328,27.357,1338
2897,2022-07-08 18:30:00,27.378,27.396,27.347,27.367,4192
2898,2022-07-08 18:25:00,27.378,27.405,27.338,27.357,2771
2899,2022-07-08 18:20:00,27.358,27.415,27.328,27.357,6049
2900,2022-07-08 18:15:00,27.387,27.396,27.328,27.338,985
2901,2022-07-08 18:10:00,27.368,27.396,27.338,27.367,2161
2902,2022-07-08 18:05:00,27.407,27.415,27.328,27.367,1569
2903,2022-07-08 18:00:00,27.358,27.435,27.318,27.338,14574
2904,2022-07-08 17:55:00,27.348,27.376,27.318,27.328,6807
2905,2022-07-08 17:50:00,27.368,27.386,27.308,27.338,8243
2906,2022-07-08 17:45:00,27.358,27.396,27.318,27.348,5743
2907,2022-07-08 17:40:00,27.387,27.396,27.328,27.338,12908
2908,2022-07-08 17:35:00,27.397,27.405,27.357,27.367,5845
2909,2022-07-08 17:30:00,27.407,27.415,27.367,27.377,2749
2910,2022-07-08 17:25:00,27.407,27.435,27.367,27.387,11394
2911,2022-07-08 17:20:00,27.417,27.425,27.367,27.387,37517
2912,2022-07-08 17:15:00,27.397,27.425,27.367,27.377,10147
2913,2022-07-08 17:10:00,27.417,27.425,27.367,27.387,23079
2914,2022-07-08 17:05:00,27.446,27.454,27.387,27.397,22172
2915,2022-07-08 17:00:00,27.466,27.474,27.397,27.426,5694
2916,2022-07-08 16:55:00,27.446,27.464,27.397,27.426,17168
2917,2022-07-08 16:50:00,27.446,27.464,27.406,27.416,20858
2918,2022-07-08 16:45:00,27.456,27.474,27.406,27.436,10984
2919,2022-07-08 16:40:00,27.456,27.464,27.397,27.426,7723
2920,2022-07-08 16:35:00,27.466,27.474,27.397,27.426,29377
2921,2022-07-08 16:30:00,27.486,27.494,27.436,27.446,14385
2922,2022-07-08 16:25:00,27.476,27.494,27.436,27.465,53037
2923,2022-07-08 16:20:00,27.476,27.494,27.436,27.456,23897
2924,2022-07-08 16:15:00,27.476,27.494,27.426,27.456,31676
2925,2022-07-08 16:10:00,27.466,27.484,27.416,27.456,83020
2926,2022-07-08 16:05:00,27.417,27.484,27.367,27.377,54212
2927,2022-07-08 16:00:00,27.427,27.484,27.328,27.407,219942
2928,2022-07-08 15:55:00,27.476,27.543,27.328,27.397,2213141
2929,2022-07-08 15:50:00,27.407,27.504,27.298,27.46,2420129
2930,2022-07-08 15:45:00,27.466,27.513,27.357,27.397,1752308
2931,2022-07-08 15:40:00,27.373,27.51,27.338,27.451,1601973
2932,2022-07-08 15:35:00,27.378,27.474,27.289,27.353,1108561
2933,2022-07-08 15:30:00,27.432,27.474,27.294,27.357,1395491
2934,2022-07-08 15:25:00,27.418,27.464,27.328,27.407,1027536
2935,2022-07-08 15:20:00,27.505,27.553,27.367,27.397,646096
2936,2022-07-08 15:15:00,27.55,27.572,27.428,27.485,783136
2937,2022-07-08 15:10:00,27.446,27.572,27.387,27.526,1070007
2938,2022-07-08 15:05:00,27.584,27.622,27.397,27.426,1337912
2939,2022-07-08 15:00:00,27.584,27.631,27.446,27.564,1146353
2940,2022-07-08 14:55:00,27.438,27.592,27.382,27.563,1354940
2941,2022-07-08 14:50:00,27.523,27.589,27.397,27.416,1162291
2942,2022-07-08 14:45:00,27.653,27.671,27.475,27.505,1488157
2943,2022-07-08 14:40:00,27.594,27.671,27.514,27.627,1791780
2944,2022-07-08 14:35:00,27.584,27.641,27.504,27.571,1439945
2945,2022-07-08 14:30:00,27.505,27.602,27.446,27.563,1029628
2946,2022-07-08 14:25:00,27.451,27.528,27.357,27.483,1040996
2947,2022-07-08 14:20:00,27.373,27.504,27.318,27.431,1678166
2948,2022-07-08 14:15:00,27.34,27.386,27.259,27.357,762626
2949,2022-07-08 14:10:00,27.368,27.376,27.269,27.323,817920
2950,2022-07-08 14:05:00,27.226,27.405,27.19,27.345,1173623
2951,2022-07-08 14:00:00,27.23,27.278,27.092,27.203,1308125
2952,2022-07-08 13:55:00,27.367,27.386,27.171,27.21,1803423
2953,2022-07-08 13:50:00,27.343,27.405,27.279,27.348,1322582
2954,2022-07-08 13:45:00,27.211,27.356,27.141,27.323,1725580
2955,2022-07-08 13:40:00,27.201,27.278,27.156,27.191,1205672
2956,2022-07-08 13:35:00,27.152,27.219,27.053,27.181,1534747
2957,2022-07-08 13:30:00,27.181,27.209,27.078,27.127,1289694
2958,2022-07-08 13:25:00,26.935,27.199,26.906,27.154,2104451
2959,2022-07-08 13:20:00,26.965,26.979,26.867,26.916,596811
2960,2022-07-08 13:15:00,26.99,27.003,26.867,26.945,1027501
2961,2022-07-08 13:10:00,26.95,27.032,26.896,26.967,1582596
2962,2022-07-08 13:05:00,26.71,26.973,26.675,26.935,2083107
2963,2022-07-08 13:00:00,26.788,26.86,26.621,26.69,1480461
2964,2022-07-08 12:55:00,26.828,26.923,26.739,26.764,1096308
2965,2022-07-08 12:50:00,26.886,26.904,26.705,26.81,1114317
2966,2022-07-08 12:45:00,26.818,26.904,26.651,26.857,1686061
2967,2022-07-08 12:40:00,26.767,26.853,26.69,26.808,1522319
2968,2022-07-08 12:35:00,26.979,27.047,26.739,26.749,1969899
2969,2022-07-08 12:30:00,26.965,27.042,26.837,26.96,1718207
2970,2022-07-08 12:25:00,27.22,27.256,26.935,26.955,1964222
2971,2022-07-08 12:20:00,27.387,27.42,27.161,27.205,1418186
2972,2022-07-08 12:15:00,27.309,27.425,27.249,27.358,788283
2973,2022-07-08 12:10:00,27.339,27.435,27.259,27.302,1145144
2974,2022-07-08 12:05:00,27.586,27.602,27.269,27.323,2192432
2975,2022-07-08 12:00:00,27.653,27.671,27.544,27.568,1077532
2976,2022-07-08 11:55:00,27.53,27.661,27.462,27.627,1464824
2977,2022-07-08 11:50:00,27.437,27.553,27.367,27.505,1699714
2978,2022-07-08 11:45:00,27.634,27.661,27.357,27.413,2469074
2979,2022-07-08 11:40:00,27.698,27.71,27.563,27.613,1020880
2980,2022-07-08 11:35:00,27.771,27.798,27.593,27.676,1513476
2981,2022-07-08 11:30:00,27.761,27.808,27.652,27.75,1403370
2982,2022-07-08 11:25:00,27.702,27.818,27.657,27.73,2020229
2983,2022-07-08 11:20:00,27.545,27.71,27.505,27.676,1759092
2984,2022-07-08 11:15:00,27.525,27.592,27.455,27.517,1475118
2985,2022-07-08 11:10:00,27.628,27.661,27.465,27.498,3065741
2986,2022-07-08 11:05:00,27.48,27.651,27.347,27.608,2698981
2987,2022-07-08 11:00:00,27.378,27.504,27.303,27.451,3127317
2988,2022-07-08 10:55:00,27.191,27.415,27.151,27.357,1710868
2989,2022-07-08 10:50:00,27.309,27.323,27.102,27.169,2379830
2990,2022-07-08 10:45:00,27.417,27.454,27.269,27.289,1483581
2991,2022-07-08 10:40:00,27.387,27.454,27.249,27.402,2296640
2992,2022-07-08 10:35:00,27.255,27.462,27.19,27.358,2474367
2993,2022-07-08 10:30:00,27.181,27.307,27.122,27.238,2676335
2994,2022-07-08 10:25:00,26.916,27.238,26.876,27.161,4411289
2995,2022-07-08 10:20:00,26.749,26.944,26.663,26.897,2457473
2996,2022-07-08 10:15:00,26.813,26.875,26.701,26.729,2102359
2997,2022-07-08 10:10:00,26.552,26.845,26.455,26.788,2577402
2998,2022-07-08 10:05:00,26.631,26.639,26.396,26.542,1619622
2999,2022-07-08 10:00:00,26.425,26.649,26.248,26.618,2752337
3000,2022-07-08 09:55:00,26.327,26.555,26.283,26.405,2584346
3001,2022-07-08 09:50:00,26.513,26.55,26.209,26.307,3560826
3002,2022-07-08 09:45:00,26.837,26.904,26.458,26.49,3706913
3003,2022-07-08 09:40:00,26.847,27.002,26.739,26.818,5385478
3004,2022-07-08 09:35:00,26.631,26.904,26.504,26.827,4990514
3005,2022-07-08 09:30:00,26.513,26.708,26.278,26.616,5284145
3006,2022-07-08 09:25:00,26.523,26.56,26.366,26.494,250072
3007,2022-07-08 09:20:00,26.513,26.541,26.405,26.503,165700
3008,2022-07-08 09:15:00,26.494,26.531,26.396,26.494,205680
3009,2022-07-08 09:10:00,26.435,26.511,26.307,26.474,229539
3010,2022-07-08 09:05:00,26.513,26.56,26.317,26.425,396795
3011,2022-07-08 09:00:00,26.474,26.59,26.415,26.484,659353
3012,2022-07-08 08:55:00,26.297,26.482,26.258,26.454,389689
3013,2022-07-08 08:50:00,26.14,26.354,26.101,26.278,470766
3014,2022-07-08 08:45:00,26.376,26.442,26.042,26.121,850315
3015,2022-07-08 08:40:00,26.651,26.668,26.327,26.356,619356
3016,2022-07-08 08:35:00,26.641,26.747,26.484,26.621,859867
3017,2022-07-08 08:30:00,27.053,27.061,26.396,26.621,1368881
3018,2022-07-08 08:25:00,27.044,27.091,26.984,27.053,117988
3019,2022-07-08 08:20:00,27.034,27.101,26.994,27.024,82572
3020,2022-07-08 08:15:00,27.034,27.081,26.994,27.014,86876
3021,2022-07-08 08:10:00,26.985,27.052,26.945,27.024,58654
3022,2022-07-08 08:05:00,27.025,27.033,26.926,26.971,32125
3023,2022-07-08 08:00:00,26.877,27.217,26.767,26.994,378763
3024,2022-07-08 07:55:00,27.014,27.022,26.906,26.926,34887
3025,2022-07-08 07:50:00,27.044,27.071,26.965,27.004,41795
3026,2022-07-08 07:45:00,26.955,27.042,26.926,27.014,44764
3027,2022-07-08 07:40:00,26.975,26.993,26.886,26.926,66156
3028,2022-07-08 07:35:00,27.014,27.022,26.916,26.955,49160
3029,2022-07-08 07:30:00,26.985,27.032,26.955,27.004,24301
3030,2022-07-08 07:25:00,27.014,27.032,26.926,26.935,40601
3031,2022-07-08 07:20:00,26.965,27.022,26.916,26.994,48429
3032,2022-07-08 07:15:00,26.896,26.973,26.867,26.935,36930
3033,2022-07-08 07:10:00,26.847,26.944,26.808,26.886,45479
3034,2022-07-08 07:05:00,26.926,26.934,26.818,26.827,120455
3035,2022-07-08 07:00:00,26.857,26.973,26.818,26.916,181341
3036,2022-07-08 06:55:00,26.936,26.944,26.778,26.827,100618
3037,2022-07-08 06:50:00,27.044,27.061,26.906,26.916,28006
3038,2022-07-08 06:45:00,27.112,27.12,27.014,27.024,43179
3039,2022-07-08 06:40:00,27.112,27.13,27.053,27.092,16148
3040,2022-07-08 06:35:00,27.152,27.16,27.053,27.102,19757
3041,2022-07-08 06:30:00,27.171,27.209,27.092,27.132,31081
3042,2022-07-08 06:25:00,27.152,27.219,27.083,27.161,90517
3043,2022-07-08 06:20:00,27.122,27.16,27.063,27.132,19933
3044,2022-07-08 06:15:00,27.044,27.14,27.004,27.112,31987
3045,2022-07-08 06:10:00,27.034,27.081,26.975,27.033,33586
3046,2022-07-08 06:05:00,26.975,27.042,26.945,27.014,29382
3047,2022-07-08 06:00:00,26.955,26.993,26.916,26.945,13171
3048,2022-07-08 05:55:00,26.916,26.983,26.886,26.926,15480
3049,2022-07-08 05:50:00,26.916,26.944,26.867,26.896,4476
3050,2022-07-08 05:45:00,26.955,26.973,26.876,26.886,29938
3051,2022-07-08 05:40:00,26.926,26.993,26.876,26.935,35791
3052,2022-07-08 05:35:00,26.877,26.934,26.827,26.906,6571
3053,2022-07-08 05:30:00,26.828,26.894,26.778,26.867,17121
3054,2022-07-08 05:25:00,26.798,26.845,26.739,26.798,8341
3055,2022-07-08 05:20:00,26.749,26.806,26.71,26.778,39313
3056,2022-07-08 05:15:00,26.778,26.835,26.719,26.739,37761
3057,2022-07-08 05:10:00,26.798,26.835,26.729,26.739,64221
3058,2022-07-08 05:05:00,26.818,26.835,26.769,26.778,25647
3059,2022-07-08 05:00:00,26.886,26.904,26.778,26.798,84513
3060,2022-07-08 04:55:00,26.955,26.963,26.857,26.867,10549
3061,2022-07-08 04:50:00,26.896,26.963,26.857,26.926,18375
3062,2022-07-08 04:45:00,26.916,26.934,26.847,26.867,38516
3063,2022-07-08 04:40:00,26.867,26.914,26.837,26.886,20909
3064,2022-07-08 04:35:00,26.906,26.924,26.847,26.857,30038
3065,2022-07-08 04:30:00,26.945,26.973,26.867,26.886,30876
3066,2022-07-08 04:25:00,26.995,27.002,26.926,26.945,25942
3067,2022-07-08 04:20:00,27.034,27.042,26.945,26.975,35577
3068,2022-07-08 04:15:00,27.083,27.091,26.984,27.014,16390
3069,2022-07-08 04:10:00,27.103,27.13,27.043,27.053,26312
3070,2022-07-08 04:05:00,27.024,27.12,26.984,27.083,103933
3071,2022-07-08 04:00:00,27.044,27.061,26.984,27.014,51898
3072,2022-07-07 19:55:00,27.112,27.12,27.033,27.043,82447
3073,2022-07-07 19:50:00,27.112,27.13,27.063,27.083,14546
3074,2022-07-07 19:45:00,27.112,27.14,27.043,27.102,25007
3075,2022-07-07 19:40:00,27.112,27.16,27.043,27.112,22218
3076,2022-07-07 19:35:00,27.093,27.13,27.063,27.092,19097
3077,2022-07-07 19:30:00,27.093,27.101,27.033,27.063,23158
3078,2022-07-07 19:25:00,27.083,27.111,27.043,27.083,36411
3079,2022-07-07 19:20:00,27.073,27.101,27.033,27.073,24391
3080,2022-07-07 19:15:00,27.083,27.101,27.043,27.053,15632
3081,2022-07-07 19:10:00,27.063,27.091,27.014,27.063,25238
3082,2022-07-07 19:05:00,27.112,27.12,27.004,27.033,44616
3083,2022-07-07 19:00:00,27.123,27.15,27.073,27.102,41019
3084,2022-07-07 18:55:00,27.112,27.14,27.073,27.102,46915
3085,2022-07-07 18:50:00,27.093,27.12,27.063,27.092,15935
3086,2022-07-07 18:45:00,27.083,27.12,27.043,27.063,9117
3087,2022-07-07 18:40:00,27.073,27.101,27.033,27.073,15990
3088,2022-07-07 18:35:00,27.122,27.13,27.053,27.063,46367
3089,2022-07-07 18:30:00,27.171,27.179,27.092,27.102,29184
3090,2022-07-07 18:25:00,27.171,27.18,27.132,27.141,18723
3091,2022-07-07 18:20:00,27.162,27.189,27.102,27.161,41525
3092,2022-07-07 18:15:00,27.181,27.209,27.102,27.151,53095
3093,2022-07-07 18:10:00,27.201,27.209,27.141,27.161,19134
3094,2022-07-07 18:05:00,27.181,27.219,27.132,27.171,20407
3095,2022-07-07 18:00:00,27.152,27.199,27.102,27.151,18358
3096,2022-07-07 17:55:00,27.142,27.179,27.112,27.141,21459
3097,2022-07-07 17:50:00,27.162,27.17,27.112,27.132,16520
3098,2022-07-07 17:45:00,27.152,27.17,27.112,27.132,13504
3099,2022-07-07 17:40:00,27.152,27.179,27.112,27.132,9010
3100,2022-07-07 17:35:00,27.152,27.179,27.122,27.132,6868
3101,2022-07-07 17:30:00,27.152,27.179,27.122,27.151,8239
3102,2022-07-07 17:25:00,27.171,27.189,27.112,27.151,26435
3103,2022-07-07 17:20:00,27.162,27.189,27.132,27.161,11226
3104,2022-07-07 17:15:00,27.162,27.179,27.122,27.141,13140
3105,2022-07-07 17:10:00,27.162,27.179,27.112,27.132,22652
3106,2022-07-07 17:05:00,27.172,27.189,27.132,27.141,21440
3107,2022-07-07 17:00:00,27.191,27.199,27.141,27.151,6482
3108,2022-07-07 16:55:00,27.181,27.199,27.141,27.171,16690
3109,2022-07-07 16:50:00,27.162,27.199,27.122,27.142,28543
3110,2022-07-07 16:45:00,27.191,27.209,27.132,27.141,123218
3111,2022-07-07 16:40:00,27.181,27.209,27.151,27.161,26909
3112,2022-07-07 16:35:00,27.201,27.219,27.152,27.161,14350
3113,2022-07-07 16:30:00,27.201,27.238,27.161,27.171,47689
3114,2022-07-07 16:25:00,27.201,27.219,27.161,27.181,27422
3115,2022-07-07 16:20:00,27.206,27.228,27.161,27.171,57377
3116,2022-07-07 16:15:00,27.211,27.219,27.141,27.181,90972
3117,2022-07-07 16:10:00,27.23,27.268,27.171,27.191,116723
3118,2022-07-07 16:05:00,27.26,27.287,27.19,27.21,125537
3119,2022-07-07 16:00:00,27.299,27.327,27.23,27.249,491337
3120,2022-07-07 15:55:00,27.319,27.391,27.235,27.279,3021363
3121,2022-07-07 15:50:00,27.299,27.405,27.21,27.299,3169768
3122,2022-07-07 15:45:00,27.25,27.337,27.181,27.279,1692550
3123,2022-07-07 15:40:00,27.26,27.337,27.203,27.23,1564567
3124,2022-07-07 15:35:00,27.38,27.445,27.23,27.245,1741304
3125,2022-07-07 15:30:00,27.333,27.425,27.298,27.357,1234309
3126,2022-07-07 15:25:00,27.378,27.435,27.298,27.315,1493816
3127,2022-07-07 15:20:00,27.476,27.513,27.347,27.362,1950714
3128,2022-07-07 15:15:00,27.437,27.504,27.397,27.456,1471766
3129,2022-07-07 15:10:00,27.358,27.454,27.308,27.417,1273431
3130,2022-07-07 15:05:00,27.319,27.386,27.279,27.338,1334450
3131,2022-07-07 15:00:00,27.289,27.337,27.23,27.303,904287
3132,2022-07-07 14:55:00,27.23,27.307,27.2,27.269,764046
3133,2022-07-07 14:50:00,27.269,27.278,27.19,27.215,483627
3134,2022-07-07 14:45:00,27.191,27.278,27.151,27.24,1131780
3135,2022-07-07 14:40:00,27.288,27.297,27.141,27.171,1399317
3136,2022-07-07 14:35:00,27.287,27.302,27.19,27.261,1389975
3137,2022-07-07 14:30:00,27.353,27.366,27.24,27.26,825178
3138,2022-07-07 14:25:00,27.319,27.376,27.269,27.338,862957
3139,2022-07-07 14:20:00,27.29,27.337,27.249,27.305,732312
3140,2022-07-07 14:15:00,27.314,27.327,27.24,27.269,786243
3141,2022-07-07 14:10:00,27.27,27.327,27.23,27.289,1074728
3142,2022-07-07 14:05:00,27.24,27.317,27.2,27.251,871661
3143,2022-07-07 14:00:00,27.238,27.287,27.181,27.22,1421961
3144,2022-07-07 13:55:00,27.197,27.248,27.151,27.215,831815
3145,2022-07-07 13:50:00,27.143,27.199,27.097,27.171,681487
3146,2022-07-07 13:45:00,27.132,27.189,27.092,27.122,1339688
3147,2022-07-07 13:40:00,27.049,27.14,27.014,27.11,899635
3148,2022-07-07 13:35:00,27.068,27.091,26.984,27.026,603645
3149,2022-07-07 13:30:00,26.985,27.081,26.926,27.048,911428
3150,2022-07-07 13:25:00,27.019,27.042,26.945,26.965,545079
3151,2022-07-07 13:20:00,26.998,27.061,26.955,26.999,770833
3152,2022-07-07 13:15:00,26.99,27.032,26.906,26.984,1106600
3153,2022-07-07 13:10:00,27.102,27.111,26.935,26.973,1075661
3154,2022-07-07 13:05:00,27.063,27.12,26.999,27.083,633972
3155,2022-07-07 13:00:00,27.083,27.15,27.014,27.048,1124614
3156,2022-07-07 12:55:00,27.063,27.109,26.994,27.058,820345
3157,2022-07-07 12:50:00,27.024,27.12,26.965,27.044,1101400
3158,2022-07-07 12:45:00,27.034,27.111,26.996,27.009,1082214
3159,2022-07-07 12:40:00,27.029,27.081,26.984,27.014,760953
3160,2022-07-07 12:35:00,27.078,27.13,26.994,27.014,941356
3161,2022-07-07 12:30:00,27.014,27.101,26.965,27.063,1209273
3162,2022-07-07 12:25:00,26.989,27.052,26.916,26.989,1114699
3163,2022-07-07 12:20:00,26.984,27.022,26.896,26.965,935183
3164,2022-07-07 12:15:00,26.96,27.002,26.867,26.965,935580
3165,2022-07-07 12:10:00,26.985,27.031,26.916,26.94,769907
3166,2022-07-07 12:05:00,26.995,27.012,26.896,26.96,930480
3167,2022-07-07 12:00:00,26.995,27.039,26.935,26.976,1574850
3168,2022-07-07 11:55:00,26.905,27.002,26.857,26.975,1380931
3169,2022-07-07 11:50:00,26.901,26.953,26.818,26.878,1539184
3170,2022-07-07 11:45:00,26.828,26.924,26.788,26.881,1237224
3171,2022-07-07 11:40:00,26.695,26.885,26.651,26.808,1297506
3172,2022-07-07 11:35:00,26.672,26.767,26.621,26.68,1725054
3173,2022-07-07 11:30:00,26.651,26.698,26.562,26.656,1787663
3174,2022-07-07 11:25:00,26.69,26.772,26.572,26.631,4352959
3175,2022-07-07 11:20:00,26.793,26.85,26.631,26.665,2788433
3176,2022-07-07 11:15:00,26.798,26.904,26.739,26.773,1117263
3177,2022-07-07 11:10:00,26.838,26.884,26.759,26.772,2070531
3178,2022-07-07 11:05:00,26.818,26.885,26.769,26.819,1385139
3179,2022-07-07 11:00:00,26.749,26.835,26.661,26.808,1379905
3180,2022-07-07 10:55:00,26.842,26.855,26.701,26.724,1667482
3181,2022-07-07 10:50:00,26.734,26.875,26.653,26.818,2015530
3182,2022-07-07 10:45:00,26.673,26.796,26.592,26.719,2191732
3183,2022-07-07 10:40:00,26.622,26.737,26.562,26.651,1537485
3184,2022-07-07 10:35:00,26.611,26.649,26.474,26.602,1430190
3185,2022-07-07 10:30:00,26.651,26.735,26.543,26.595,2268877
3186,2022-07-07 10:25:00,26.552,26.657,26.484,26.621,1425130
3187,2022-07-07 10:20:00,26.572,26.58,26.425,26.532,1595794
3188,2022-07-07 10:15:00,26.577,26.757,26.494,26.552,2942467
3189,2022-07-07 10:10:00,26.643,26.727,26.469,26.567,2154511
3190,2022-07-07 10:05:00,26.469,26.668,26.415,26.624,3116320
3191,2022-07-07 10:00:00,26.651,26.659,26.327,26.454,3652392
3192,2022-07-07 09:55:00,26.7,26.757,26.587,26.626,2636878
3193,2022-07-07 09:50:00,26.602,26.718,26.464,26.68,4065872
3194,2022-07-07 09:45:00,26.567,26.619,26.455,26.582,3090184
3195,2022-07-07 09:40:00,26.395,26.58,26.298,26.552,3827735
3196,2022-07-07 09:35:00,26.366,26.472,26.288,26.376,3969465
3197,2022-07-07 09:30:00,25.914,26.403,25.876,26.356,6717275
3198,2022-07-07 09:25:00,25.914,25.981,25.856,25.895,434967
3199,2022-07-07 09:20:00,25.884,25.922,25.846,25.885,65429
3200,2022-07-07 09:15:00,25.973,25.99,25.846,25.875,149061
3201,2022-07-07 09:10:00,25.953,26.0,25.905,25.954,85453
3202,2022-07-07 09:05:00,26.002,26.03,25.905,25.944,81497
3203,2022-07-07 09:00:00,25.973,26.04,25.934,25.983,115290
3204,2022-07-07 08:55:00,26.043,26.059,25.934,25.944,119509
3205,2022-07-07 08:50:00,25.993,26.069,25.964,26.013,80189
3206,2022-07-07 08:45:00,25.993,26.049,25.905,25.968,140417
3207,2022-07-07 08:40:00,25.914,26.01,25.885,25.973,113028
3208,2022-07-07 08:35:00,25.865,25.951,25.836,25.895,95230
3209,2022-07-07 08:30:00,25.972,26.049,25.817,25.846,197628
3210,2022-07-07 08:25:00,25.973,25.99,25.925,25.934,72416
3211,2022-07-07 08:20:00,25.934,26.03,25.905,25.944,47462
3212,2022-07-07 08:15:00,26.032,26.049,25.905,25.914,142910
3213,2022-07-07 08:10:00,26.042,26.069,25.993,26.013,55891
3214,2022-07-07 08:05:00,26.042,26.059,26.003,26.013,104766
3215,2022-07-07 08:00:00,25.933,26.098,25.7,26.022,520093
3216,2022-07-07 07:55:00,26.032,26.098,26.003,26.052,48858
3217,2022-07-07 07:50:00,26.002,26.04,25.964,26.013,73843
3218,2022-07-07 07:45:00,26.002,26.02,25.934,25.973,37329
3219,2022-07-07 07:40:00,25.953,26.01,25.925,25.973,45629
3220,2022-07-07 07:35:00,25.953,25.971,25.905,25.924,35603
3221,2022-07-07 07:30:00,25.875,25.971,25.836,25.944,47558
3222,2022-07-07 07:25:00,25.845,25.912,25.817,25.856,13872
3223,2022-07-07 07:20:00,25.914,25.931,25.817,25.826,32820
3224,2022-07-07 07:15:00,25.914,25.941,25.866,25.914,15470
3225,2022-07-07 07:10:00,25.894,25.931,25.866,25.905,14796
3226,2022-07-07 07:05:00,25.914,25.931,25.856,25.875,42372
3227,2022-07-07 07:00:00,25.973,25.981,25.895,25.905,89464
3228,2022-07-07 06:55:00,25.914,25.99,25.836,25.944,28189
3229,2022-07-07 06:50:00,25.924,25.931,25.866,25.885,12561
3230,2022-07-07 06:45:00,25.904,25.931,25.876,25.905,11894
3231,2022-07-07 06:40:00,25.884,25.902,25.836,25.875,6760
3232,2022-07-07 06:35:00,25.884,25.902,25.807,25.856,13323
3233,2022-07-07 06:30:00,25.855,25.922,25.827,25.875,18681
3234,2022-07-07 06:25:00,25.826,25.863,25.768,25.836,14058
3235,2022-07-07 06:20:00,25.786,25.833,25.699,25.806,114491
3236,2022-07-07 06:15:00,25.855,25.892,25.758,25.777,26332
3237,2022-07-07 06:10:00,25.835,25.872,25.797,25.836,11601
3238,2022-07-07 06:05:00,25.865,25.902,25.797,25.816,20143
3239,2022-07-07 06:00:00,25.845,25.892,25.817,25.846,13969
3240,2022-07-07 05:55:00,25.875,25.892,25.807,25.836,16514
3241,2022-07-07 05:50:00,25.904,25.931,25.827,25.846,21674
3242,2022-07-07 05:45:00,25.934,25.951,25.856,25.875,55421
3243,2022-07-07 05:40:00,25.973,25.981,25.915,25.924,17057
3244,2022-07-07 05:35:00,25.973,26.01,25.915,25.934,14234
3245,2022-07-07 05:30:00,25.943,26.0,25.876,25.954,31017
3246,2022-07-07 05:25:00,25.993,26.01,25.905,25.944,43885
3247,2022-07-07 05:20:00,26.081,26.089,25.954,25.983,32590
3248,2022-07-07 05:15:00,26.012,26.079,25.984,26.032,20478
3249,2022-07-07 05:10:00,26.002,26.059,25.954,25.973,35070
3250,2022-07-07 05:05:00,25.963,26.01,25.885,25.983,16788
3251,2022-07-07 05:00:00,25.884,26.118,25.856,25.964,50832
3252,2022-07-07 04:55:00,25.963,26.187,25.856,25.993,82742
3253,2022-07-07 04:50:00,25.914,25.981,25.885,25.944,13373
3254,2022-07-07 04:45:00,25.894,25.941,25.866,25.905,40179
3255,2022-07-07 04:40:00,25.973,25.981,25.866,25.885,29552
3256,2022-07-07 04:35:00,26.042,26.069,25.905,25.964,59705
3257,2022-07-07 04:30:00,26.061,26.098,26.003,26.022,26936
3258,2022-07-07 04:25:00,26.042,26.059,25.993,26.032,13585
3259,2022-07-07 04:20:00,26.022,26.059,25.984,26.022,52122
3260,2022-07-07 04:15:00,26.012,26.04,25.974,26.003,31665
3261,2022-07-07 04:10:00,26.081,26.089,25.954,25.993,70851
3262,2022-07-07 04:05:00,25.973,26.098,25.934,26.062,67346
3263,2022-07-07 04:00:00,25.983,26.0,25.895,25.944,95477
3264,2022-07-06 19:55:00,25.767,25.784,25.719,25.728,49491
3265,2022-07-06 19:50:00,25.776,25.784,25.719,25.757,22560
3266,2022-07-06 19:45:00,25.717,25.804,25.679,25.757,67057
3267,2022-07-06 19:40:00,25.708,25.735,25.67,25.708,29460
3268,2022-07-06 19:35:00,25.717,25.725,25.67,25.689,50359
3269,2022-07-06 19:30:00,25.678,25.715,25.65,25.689,7396
3270,2022-07-06 19:25:00,25.668,25.696,25.63,25.659,5815
3271,2022-07-06 19:20:00,25.668,25.686,25.63,25.649,11028
3272,2022-07-06 19:15:00,25.678,25.705,25.63,25.64,11608
3273,2022-07-06 19:10:00,25.698,25.725,25.65,25.659,10360
3274,2022-07-06 19:05:00,25.698,25.735,25.67,25.679,17905
3275,2022-07-06 19:00:00,25.688,25.735,25.66,25.689,5959
3276,2022-07-06 18:55:00,25.708,25.715,25.65,25.669,10625
3277,2022-07-06 18:50:00,25.717,25.725,25.65,25.669,5194
3278,2022-07-06 18:45:00,25.708,25.725,25.67,25.699,6641
3279,2022-07-06 18:40:00,25.708,25.725,25.66,25.679,25544
3280,2022-07-06 18:35:00,25.737,25.745,25.65,25.669,39938
3281,2022-07-06 18:30:00,25.767,25.784,25.699,25.728,29151
3282,2022-07-06 18:25:00,25.796,25.814,25.728,25.748,13824
3283,2022-07-06 18:20:00,25.747,25.814,25.719,25.787,12457
3284,2022-07-06 18:15:00,25.757,25.764,25.709,25.728,32596
3285,2022-07-06 18:10:00,25.786,25.804,25.709,25.718,39462
3286,2022-07-06 18:05:00,25.806,25.833,25.777,25.787,32632
3287,2022-07-06 18:00:00,25.737,25.823,25.709,25.777,82989
3288,2022-07-06 17:55:00,25.727,25.745,25.689,25.718,9205
3289,2022-07-06 17:50:00,25.737,25.745,25.689,25.708,17255
3290,2022-07-06 17:45:00,25.737,25.755,25.699,25.708,9376
3291,2022-07-06 17:40:00,25.737,25.754,25.689,25.699,5049
3292,2022-07-06 17:35:00,25.727,25.764,25.699,25.708,15428
3293,2022-07-06 17:30:00,25.737,25.764,25.699,25.718,17441
3294,2022-07-06 17:25:00,25.757,25.774,25.709,25.718,10947
3295,2022-07-06 17:20:00,25.767,25.794,25.719,25.738,9452
3296,2022-07-06 17:15:00,25.767,25.794,25.738,25.757,8893
3297,2022-07-06 17:10:00,25.786,25.794,25.738,25.757,6879
3298,2022-07-06 17:05:00,25.767,25.794,25.728,25.767,23836
3299,2022-07-06 17:00:00,25.776,25.794,25.738,25.757,15732
3300,2022-07-06 16:55:00,25.757,25.794,25.728,25.757,24147
3301,2022-07-06 16:50:00,25.747,25.774,25.709,25.748,117458
3302,2022-07-06 16:45:00,25.752,25.794,25.709,25.728,85653
3303,2022-07-06 16:40:00,25.757,25.774,25.65,25.738,31843
3304,2022-07-06 16:35:00,25.747,25.784,25.709,25.728,25124
3305,2022-07-06 16:30:00,25.757,25.764,25.699,25.718,73552
3306,2022-07-06 16:25:00,25.767,25.784,25.728,25.748,44492
3307,2022-07-06 16:20:00,25.757,25.774,25.719,25.738,27784
3308,2022-07-06 16:15:00,25.767,25.794,25.728,25.748,63358
3309,2022-07-06 16:10:00,25.762,25.823,25.728,25.738,132939
3310,2022-07-06 16:05:00,25.683,25.784,25.655,25.748,173585
3311,2022-07-06 16:00:00,25.678,25.725,25.62,25.669,264885
3312,2022-07-06 15:55:00,25.482,25.686,25.444,25.649,3395875
3313,2022-07-06 15:50:00,25.826,25.892,25.405,25.468,5169305
3314,2022-07-06 15:45:00,25.914,25.922,25.709,25.802,2998121
3315,2022-07-06 15:40:00,26.051,26.079,25.846,25.89,2240610
3316,2022-07-06 15:35:00,26.199,26.256,26.013,26.033,2768936
3317,2022-07-06 15:30:00,26.14,26.226,26.052,26.17,1763091
3318,2022-07-06 15:25:00,26.214,26.226,26.046,26.12,2113182
3319,2022-07-06 15:20:00,26.091,26.236,26.057,26.189,2568492
3320,2022-07-06 15:15:00,26.091,26.148,25.954,26.076,2139379
3321,2022-07-06 15:10:00,25.983,26.118,25.915,26.071,2774935
3322,2022-07-06 15:05:00,25.884,25.994,25.797,25.963,1545752
3323,2022-07-06 15:00:00,26.022,26.04,25.758,25.865,2161050
3324,2022-07-06 14:55:00,25.948,26.03,25.846,25.996,1972942
3325,2022-07-06 14:50:00,25.845,26.01,25.777,25.934,4464182
3326,2022-07-06 14:45:00,25.943,26.069,25.797,25.831,3668059
3327,2022-07-06 14:40:00,25.727,25.971,25.679,25.914,3904063
3328,2022-07-06 14:35:00,25.767,25.853,25.562,25.704,3130258
3329,2022-07-06 14:30:00,25.644,25.882,25.513,25.747,4141924
3330,2022-07-06 14:25:00,25.275,25.671,25.051,25.629,3783277
3331,2022-07-06 14:20:00,25.158,25.342,25.12,25.262,1877178
3332,2022-07-06 14:15:00,25.393,25.411,25.1,25.144,2048905
3333,2022-07-06 14:10:00,25.54,25.558,25.071,25.379,4974594
3334,2022-07-06 14:05:00,25.413,25.849,25.385,25.527,6322935
3335,2022-07-06 14:00:00,25.442,25.597,25.199,25.394,5230324
3336,2022-07-06 13:55:00,25.447,25.509,25.385,25.433,1390765
3337,2022-07-06 13:50:00,25.423,25.465,25.375,25.424,450448
3338,2022-07-06 13:45:00,25.411,25.48,25.356,25.414,621164
3339,2022-07-06 13:40:00,25.423,25.48,25.316,25.389,1302583
3340,2022-07-06 13:35:00,25.388,25.45,25.336,25.404,694940
3341,2022-07-06 13:30:00,25.383,25.45,25.326,25.375,693082
3342,2022-07-06 13:25:00,25.423,25.45,25.316,25.37,732463
3343,2022-07-06 13:20:00,25.433,25.479,25.336,25.404,992417
3344,2022-07-06 13:15:00,25.442,25.479,25.336,25.413,954384
3345,2022-07-06 13:10:00,25.45,25.46,25.365,25.419,833283
3346,2022-07-06 13:05:00,25.334,25.489,25.306,25.431,1555812
3347,2022-07-06 13:00:00,25.275,25.391,25.238,25.307,1353027
3348,2022-07-06 12:55:00,25.217,25.293,25.145,25.25,745768
3349,2022-07-06 12:50:00,25.212,25.249,25.081,25.203,810125
3350,2022-07-06 12:45:00,25.275,25.303,25.182,25.198,767317
3351,2022-07-06 12:40:00,25.207,25.306,25.12,25.262,1206560
3352,2022-07-06 12:35:00,25.177,25.293,25.149,25.188,1170558
3353,2022-07-06 12:30:00,25.192,25.224,25.081,25.159,825162
3354,2022-07-06 12:25:00,25.071,25.218,25.043,25.178,838166
3355,2022-07-06 12:20:00,25.177,25.224,25.032,25.06,1156267
3356,2022-07-06 12:15:00,25.226,25.263,25.1,25.149,1252469
3357,2022-07-06 12:10:00,25.099,25.244,25.037,25.217,1757167
3358,2022-07-06 12:05:00,25.03,25.195,24.963,25.077,2085661
3359,2022-07-06 12:00:00,25.108,25.136,24.963,25.002,1049990
3360,2022-07-06 11:55:00,25.005,25.155,24.953,25.082,1371568
3361,2022-07-06 11:50:00,25.03,25.122,24.947,24.987,1470690
3362,2022-07-06 11:45:00,24.932,25.096,24.835,25.011,1695121
3363,2022-07-06 11:40:00,25.03,25.042,24.865,24.913,1278267
3364,2022-07-06 11:35:00,24.961,25.042,24.894,25.011,1567081
3365,2022-07-06 11:30:00,25.09,25.136,24.806,24.943,2689091
3366,2022-07-06 11:25:00,25.289,25.303,25.032,25.085,1279218
3367,2022-07-06 11:20:00,25.349,25.401,25.179,25.276,1306507
3368,2022-07-06 11:15:00,25.231,25.362,25.184,25.33,1520167
3369,2022-07-06 11:10:00,25.167,25.268,25.022,25.213,1873778
3370,2022-07-06 11:05:00,25.187,25.293,25.14,25.149,1868757
3371,2022-07-06 11:00:00,25.423,25.509,25.081,25.173,2424396
3372,2022-07-06 10:55:00,25.364,25.489,25.228,25.414,1825272
3373,2022-07-06 10:50:00,25.256,25.436,25.169,25.345,1748968
3374,2022-07-06 10:45:00,25.462,25.519,25.228,25.247,2097545
3375,2022-07-06 10:40:00,25.304,25.509,25.14,25.443,2371248
3376,2022-07-06 10:35:00,25.187,25.352,25.081,25.286,2011758
3377,2022-07-06 10:30:00,25.266,25.43,25.132,25.168,2608729
3378,2022-07-06 10:25:00,25.207,25.342,25.061,25.242,2439919
3379,2022-07-06 10:20:00,25.108,25.332,24.983,25.198,2858692
3380,2022-07-06 10:15:00,25.108,25.239,24.953,25.109,2990823
3381,2022-07-06 10:10:00,25.59,25.617,24.924,25.09,3996217
3382,2022-07-06 10:05:00,25.118,25.637,25.081,25.571,4628598
3383,2022-07-06 10:00:00,25.462,25.47,25.022,25.11,6665673
3384,2022-07-06 09:55:00,25.167,25.499,25.032,25.443,4849095
3385,2022-07-06 09:50:00,24.932,25.194,24.826,25.139,3619015
3386,2022-07-06 09:45:00,25.256,25.303,24.816,24.913,5119847
3387,2022-07-06 09:40:00,24.991,25.362,24.924,25.242,5848410
3388,2022-07-06 09:35:00,25.433,25.504,24.894,24.962,6766259
3389,2022-07-06 09:30:00,25.315,25.676,25.14,25.409,8043158
3390,2022-07-06 09:25:00,25.374,25.391,25.208,25.286,255677
3391,2022-07-06 09:20:00,25.226,25.401,25.179,25.355,226560
3392,2022-07-06 09:15:00,25.256,25.293,25.169,25.188,107020
3393,2022-07-06 09:10:00,25.216,25.312,25.189,25.247,160077
3394,2022-07-06 09:05:00,25.158,25.234,25.12,25.198,140054
3395,2022-07-06 09:00:00,25.197,25.244,25.13,25.14,185206
3396,2022-07-06 08:55:00,25.177,25.224,25.11,25.178,112867
3397,2022-07-06 08:50:00,25.266,25.283,25.14,25.168,256649
3398,2022-07-06 08:45:00,25.216,25.293,25.169,25.257,346217
3399,2022-07-06 08:40:00,25.079,25.224,24.973,25.198,299860
3400,2022-07-06 08:35:00,24.981,25.106,24.934,25.059,192798
3401,2022-07-06 08:30:00,24.912,24.998,24.885,24.972,130953
3402,2022-07-06 08:25:00,24.932,24.949,24.855,24.884,61705
3403,2022-07-06 08:20:00,24.833,24.939,24.806,24.913,232741
3404,2022-07-06 08:15:00,24.784,24.86,24.737,24.815,174502
3405,2022-07-06 08:10:00,24.765,24.801,24.688,24.756,84808
3406,2022-07-06 08:05:00,24.725,24.811,24.688,24.727,102310
3407,2022-07-06 08:00:00,25.049,25.44,24.649,24.717,608099
3408,2022-07-06 07:55:00,24.843,24.859,24.786,24.825,77529
3409,2022-07-06 07:50:00,24.814,24.86,24.737,24.825,228661
3410,2022-07-06 07:45:00,24.883,24.89,24.777,24.795,59935
3411,2022-07-06 07:40:00,24.991,24.998,24.845,24.874,112535
3412,2022-07-06 07:35:00,24.991,25.018,24.953,24.982,47162
3413,2022-07-06 07:30:00,24.961,25.008,24.924,24.982,64711
3414,2022-07-06 07:25:00,24.991,25.037,24.924,24.933,96345
3415,2022-07-06 07:20:00,25.0,25.008,24.952,24.982,54088
3416,2022-07-06 07:15:00,24.961,25.008,24.914,24.982,102340
3417,2022-07-06 07:10:00,24.981,24.988,24.914,24.933,53331
3418,2022-07-06 07:05:00,25.02,25.027,24.943,24.972,34219
3419,2022-07-06 07:00:00,25.079,25.096,24.992,25.002,38633
3420,2022-07-06 06:55:00,25.02,25.096,24.973,25.07,41475
3421,2022-07-06 06:50:00,25.089,25.106,24.973,25.002,26758
3422,2022-07-06 06:45:00,25.108,25.116,25.032,25.07,34398
3423,2022-07-06 06:40:00,25.197,25.204,25.051,25.11,24781
3424,2022-07-06 06:35:00,25.256,25.283,25.169,25.208,17932
3425,2022-07-06 06:30:00,25.226,25.273,25.199,25.237,17553
3426,2022-07-06 06:25:00,25.246,25.253,25.159,25.227,23417
3427,2022-07-06 06:20:00,25.128,25.253,25.1,25.218,20436
3428,2022-07-06 06:15:00,25.148,25.175,25.11,25.119,16152
3429,2022-07-06 06:10:00,25.177,25.185,25.091,25.119,15079
3430,2022-07-06 06:05:00,25.158,25.224,25.13,25.149,48618
3431,2022-07-06 06:00:00,25.177,25.214,25.11,25.129,41287
3432,2022-07-06 05:55:00,25.177,25.204,25.11,25.178,35587
3433,2022-07-06 05:50:00,25.089,25.194,25.061,25.159,22038
3434,2022-07-06 05:45:00,25.089,25.126,25.022,25.06,18038
3435,2022-07-06 05:40:00,25.03,25.106,25.002,25.07,13993
3436,2022-07-06 05:35:00,25.049,25.067,24.963,24.992,18361
3437,2022-07-06 05:30:00,25.099,25.116,25.012,25.031,46489
3438,2022-07-06 05:25:00,25.049,25.116,25.022,25.08,41093
3439,2022-07-06 05:20:00,24.981,25.057,24.953,25.031,51654
3440,2022-07-06 05:15:00,24.912,24.998,24.835,24.952,29525
3441,2022-07-06 05:10:00,24.971,24.978,24.875,24.884,20665
3442,2022-07-06 05:05:00,24.853,24.978,24.826,24.952,24335
3443,2022-07-06 05:00:00,24.941,24.959,24.835,24.845,29042
3444,2022-07-06 04:55:00,25.0,25.027,24.914,24.923,45277
3445,2022-07-06 04:50:00,24.912,25.027,24.875,24.992,27093
3446,2022-07-06 04:45:00,24.902,24.968,24.875,24.903,37174
3447,2022-07-06 04:40:00,25.0,25.008,24.855,24.884,53706
3448,2022-07-06 04:35:00,25.0,25.057,24.943,24.972,55504
3449,2022-07-06 04:30:00,25.079,25.086,24.963,24.972,59803
3450,2022-07-06 04:25:00,25.216,25.234,25.061,25.07,48869
3451,2022-07-06 04:20:00,25.216,25.273,25.169,25.208,39518
3452,2022-07-06 04:15:00,25.334,25.342,25.169,25.198,26575
3453,2022-07-06 04:10:00,25.305,25.362,25.257,25.316,41801
3454,2022-07-06 04:05:00,25.167,25.342,25.12,25.286,61235
3455,2022-07-06 04:00:00,25.03,25.401,25.002,25.159,189280
3456,2022-07-05 19:55:00,24.981,25.047,24.953,25.021,122908
3457,2022-07-05 19:50:00,25.03,25.037,24.953,24.962,53845
3458,2022-07-05 19:45:00,25.03,25.057,24.992,25.011,149704
3459,2022-07-05 19:40:00,25.069,25.106,25.002,25.011,141393
3460,2022-07-05 19:35:00,25.04,25.077,25.002,25.041,65407
3461,2022-07-05 19:30:00,25.108,25.116,25.002,25.031,76829
3462,2022-07-05 19:25:00,25.177,25.194,25.081,25.1,61551
3463,2022-07-05 19:20:00,25.207,25.214,25.149,25.159,13692
3464,2022-07-05 19:15:00,25.207,25.224,25.169,25.178,18312
3465,2022-07-05 19:10:00,25.236,25.244,25.169,25.188,34006
3466,2022-07-05 19:05:00,25.236,25.263,25.199,25.208,28906
3467,2022-07-05 19:00:00,25.216,25.253,25.169,25.208,23292
3468,2022-07-05 18:55:00,25.187,25.214,25.14,25.188,44207
3469,2022-07-05 18:50:00,25.216,25.234,25.149,25.159,45541
3470,2022-07-05 18:45:00,25.187,25.234,25.159,25.198,11462
3471,2022-07-05 18:40:00,25.266,25.273,25.149,25.178,73801
3472,2022-07-05 18:35:00,25.256,25.283,25.218,25.257,26968
3473,2022-07-05 18:30:00,25.246,25.293,25.218,25.257,22869
3474,2022-07-05 18:25:00,25.275,25.303,25.199,25.237,58768
3475,2022-07-05 18:20:00,25.354,25.371,25.248,25.257,22841
3476,2022-07-05 18:15:00,25.295,25.371,25.267,25.335,71653
3477,2022-07-05 18:10:00,25.226,25.312,25.179,25.276,34363
3478,2022-07-05 18:05:00,25.275,25.283,25.189,25.218,23116
3479,2022-07-05 18:00:00,25.226,25.283,25.179,25.247,68413
3480,2022-07-05 17:55:00,25.207,25.224,25.169,25.188,21773
3481,2022-07-05 17:50:00,25.187,25.224,25.149,25.178,13962
3482,2022-07-05 17:45:00,25.187,25.214,25.149,25.168,5087
3483,2022-07-05 17:40:00,25.197,25.214,25.159,25.168,20334
3484,2022-07-05 17:35:00,25.197,25.234,25.169,25.188,9891
3485,2022-07-05 17:30:00,25.216,25.234,25.169,25.178,8964
3486,2022-07-05 17:25:00,25.207,25.234,25.169,25.178,11521
3487,2022-07-05 17:20:00,25.197,25.224,25.149,25.178,14648
3488,2022-07-05 17:15:00,25.177,25.224,25.149,25.188,15124
3489,2022-07-05 17:10:00,25.197,25.214,25.149,25.178,21589
3490,2022-07-05 17:05:00,25.197,25.214,25.159,25.188,31198
3491,2022-07-05 17:00:00,25.226,25.234,25.169,25.178,29372
3492,2022-07-05 16:55:00,25.226,25.244,25.169,25.208,22395
3493,2022-07-05 16:50:00,25.207,25.244,25.169,25.208,48164
3494,2022-07-05 16:45:00,25.197,25.214,25.159,25.188,38345
3495,2022-07-05 16:40:00,25.207,25.224,25.169,25.178,69902
3496,2022-07-05 16:35:00,25.197,25.224,25.169,25.188,27173
3497,2022-07-05 16:30:00,25.167,25.214,25.14,25.178,70620
3498,2022-07-05 16:25:00,25.167,25.185,25.13,25.149,31633
3499,2022-07-05 16:20:00,25.128,25.185,25.1,25.159,39914
3500,2022-07-05 16:15:00,25.128,25.155,25.081,25.11,44921
3501,2022-07-05 16:10:00,25.148,25.155,25.081,25.1,104398
3502,2022-07-05 16:05:00,25.187,25.194,25.081,25.124,97256
3503,2022-07-05 16:00:00,25.216,25.234,25.11,25.168,371110
3504,2022-07-05 15:55:00,25.128,25.234,25.022,25.203,2675862
3505,2022-07-05 15:50:00,25.177,25.199,24.983,25.11,5138611
3506,2022-07-05 15:45:00,25.089,25.194,24.992,25.168,2411918
3507,2022-07-05 15:40:00,25.108,25.136,25.012,25.075,2166623
3508,2022-07-05 15:35:00,25.177,25.194,24.973,25.08,3421961
3509,2022-07-05 15:30:00,25.089,25.185,24.992,25.156,2120939
3510,2022-07-05 15:25:00,25.01,25.165,24.943,25.07,2753462
3511,2022-07-05 15:20:00,24.757,25.027,24.728,25.002,2641058
3512,2022-07-05 15:15:00,24.971,24.978,24.688,24.746,1915772
3513,2022-07-05 15:10:00,25.017,25.027,24.875,24.945,1811163
3514,2022-07-05 15:05:00,24.848,25.027,24.816,24.992,2846937
3515,2022-07-05 15:00:00,24.883,24.905,24.698,24.83,1953088
3516,2022-07-05 14:55:00,24.863,24.939,24.8,24.856,1769517
3517,2022-07-05 14:50:00,24.853,24.885,24.767,24.849,1066322
3518,2022-07-05 14:45:00,24.932,24.998,24.767,24.83,2316370
3519,2022-07-05 14:40:00,25.03,25.047,24.875,24.913,2636436
3520,2022-07-05 14:35:00,24.814,25.043,24.737,25.011,3292105
3521,2022-07-05 14:30:00,24.617,24.841,24.59,24.804,7023352
3522,2022-07-05 14:25:00,24.499,24.664,24.433,24.599,2701879
3523,2022-07-05 14:20:00,24.44,24.512,24.345,24.486,1297957
3524,2022-07-05 14:15:00,24.362,24.453,24.227,24.413,1409059
3525,2022-07-05 14:10:00,24.337,24.418,24.266,24.345,1346696
3526,2022-07-05 14:05:00,24.489,24.497,24.266,24.31,1617604
3527,2022-07-05 14:00:00,24.372,24.516,24.266,24.467,1671859
3528,2022-07-05 13:55:00,24.336,24.389,24.257,24.354,1404164
3529,2022-07-05 13:50:00,24.303,24.369,24.257,24.324,1218829
3530,2022-07-05 13:45:00,24.391,24.409,24.188,24.285,2020612
3531,2022-07-05 13:40:00,24.489,24.556,24.345,24.364,1944512
3532,2022-07-05 13:35:00,24.391,24.526,24.355,24.462,2445427
3533,2022-07-05 13:30:00,24.323,24.408,24.237,24.379,1573056
3534,2022-07-05 13:25:00,24.303,24.364,24.257,24.3,1157155
3535,2022-07-05 13:20:00,24.29,24.369,24.198,24.28,2852778
3536,2022-07-05 13:15:00,24.089,24.31,24.025,24.269,2677580
3537,2022-07-05 13:10:00,23.979,24.118,23.933,24.074,2504030
3538,2022-07-05 13:05:00,23.989,24.014,23.795,23.966,1633296
3539,2022-07-05 13:00:00,23.802,24.001,23.76,23.966,1621113
3540,2022-07-05 12:55:00,23.831,23.878,23.756,23.792,1165085
3541,2022-07-05 12:50:00,23.841,23.888,23.736,23.814,1487115
3542,2022-07-05 12:45:00,23.969,23.986,23.776,23.824,1469904
3543,2022-07-05 12:40:00,24.093,24.143,23.889,23.951,2152904
3544,2022-07-05 12:35:00,24.092,24.182,24.041,24.069,1310929
3545,2022-07-05 12:30:00,24.126,24.202,24.021,24.074,2098479
3546,2022-07-05 12:25:00,24.146,24.212,24.065,24.102,3058050
3547,2022-07-05 12:20:00,23.885,24.153,23.786,24.128,3259436
3548,2022-07-05 12:15:00,23.812,23.907,23.668,23.868,2193188
3549,2022-07-05 12:10:00,23.802,23.937,23.707,23.804,2937765
3550,2022-07-05 12:05:00,23.62,23.819,23.54,23.782,1877017
3551,2022-07-05 12:00:00,23.723,23.838,23.55,23.598,2550650
3552,2022-07-05 11:55:00,23.821,23.829,23.668,23.706,1941828
3553,2022-07-05 11:50:00,23.757,23.838,23.658,23.804,2473228
3554,2022-07-05 11:45:00,23.625,23.819,23.56,23.74,3165927
3555,2022-07-05 11:40:00,23.271,23.632,23.246,23.603,2854943
3556,2022-07-05 11:35:00,23.34,23.386,23.177,23.244,1740125
3557,2022-07-05 11:30:00,23.252,23.445,23.148,23.313,2313781
3558,2022-07-05 11:25:00,23.232,23.337,23.143,23.244,1529522
3559,2022-07-05 11:20:00,23.271,23.357,23.118,23.22,2155969
3560,2022-07-05 11:15:00,23.221,23.337,23.148,23.25,1991830
3561,2022-07-05 11:10:00,23.271,23.318,23.069,23.2,1744455
3562,2022-07-05 11:05:00,23.321,23.337,23.108,23.259,2243393
3563,2022-07-05 11:00:00,23.468,23.481,23.207,23.308,3416999
3564,2022-07-05 10:55:00,23.458,23.539,23.383,23.452,2142532
3565,2022-07-05 10:50:00,23.551,23.563,23.345,23.445,1897734
3566,2022-07-05 10:45:00,23.62,23.652,23.422,23.534,2520464
3567,2022-07-05 10:40:00,23.841,23.976,23.589,23.608,4143509
3568,2022-07-05 10:35:00,23.368,23.892,23.31,23.833,4718151
3569,2022-07-05 10:30:00,23.301,23.445,23.158,23.352,3065607
3570,2022-07-05 10:25:00,23.31,23.416,23.099,23.279,3639449
3571,2022-07-05 10:20:00,23.144,23.327,23.078,23.289,2364870
3572,2022-07-05 10:15:00,23.33,23.367,23.042,23.131,3143615
3573,2022-07-05 10:10:00,22.987,23.357,22.912,23.314,5221141
3574,2022-07-05 10:05:00,22.773,23.013,22.706,22.975,2672391
3575,2022-07-05 10:00:00,22.967,23.16,22.677,22.759,4804499
3576,2022-07-05 09:55:00,22.928,23.082,22.696,22.96,3527538
3577,2022-07-05 09:50:00,23.046,23.092,22.814,22.92,3229426
3578,2022-07-05 09:45:00,22.702,23.2,22.647,23.029,7141744
3579,2022-07-05 09:40:00,22.643,22.866,22.588,22.695,3809930
3580,2022-07-05 09:35:00,22.742,22.875,22.608,22.621,4067214
3581,2022-07-05 09:30:00,22.996,23.062,22.569,22.724,7157026
3582,2022-07-05 09:25:00,23.065,23.082,22.942,22.989,287907
3583,2022-07-05 09:20:00,23.046,23.092,22.981,23.048,308193
3584,2022-07-05 09:15:00,23.055,23.092,22.991,23.019,125990
3585,2022-07-05 09:10:00,22.987,23.072,22.942,23.048,230396
3586,2022-07-05 09:05:00,22.987,23.003,22.912,22.95,137340
3587,2022-07-05 09:00:00,22.918,22.993,22.863,22.97,202203
3588,2022-07-05 08:55:00,23.026,23.033,22.853,22.901,295907
3589,2022-07-05 08:50:00,23.095,23.101,22.981,23.009,73546
3590,2022-07-05 08:45:00,23.085,23.111,23.03,23.078,73303
3591,2022-07-05 08:40:00,23.114,23.151,23.059,23.068,150895
3592,2022-07-05 08:35:00,23.055,23.131,22.951,23.097,185880
3593,2022-07-05 08:30:00,23.095,23.131,23.01,23.038,103958
3594,2022-07-05 08:25:00,23.085,23.16,23.059,23.087,124775
3595,2022-07-05 08:20:00,23.046,23.131,22.961,23.068,127117
3596,2022-07-05 08:15:00,23.016,23.082,22.951,23.029,158193
3597,2022-07-05 08:10:00,23.016,23.082,22.912,23.009,234486
3598,2022-07-05 08:05:00,23.095,23.131,22.951,22.999,213816
3599,2022-07-05 08:00:00,23.605,24.644,23.059,23.087,649998
3600,2022-07-05 07:55:00,23.213,23.269,23.158,23.186,144916
3601,2022-07-05 07:50:00,23.301,23.337,22.902,23.195,161752
3602,2022-07-05 07:45:00,23.38,23.406,23.275,23.284,121182
3603,2022-07-05 07:40:00,23.448,23.495,23.354,23.372,100080
3604,2022-07-05 07:35:00,23.419,23.465,23.393,23.431,39903
3605,2022-07-05 07:30:00,23.478,23.485,23.403,23.411,46457
3606,2022-07-05 07:25:00,23.478,23.504,23.432,23.46,41494
3607,2022-07-05 07:20:00,23.448,23.504,23.422,23.46,37816
3608,2022-07-05 07:15:00,23.547,23.563,23.393,23.421,114114
3609,2022-07-05 07:10:00,23.576,23.603,23.53,23.539,82469
3610,2022-07-05 07:05:00,23.586,23.603,23.53,23.559,34436
3611,2022-07-05 07:00:00,23.586,23.622,23.521,23.568,88256
3612,2022-07-05 06:55:00,23.655,23.662,23.501,23.529,35610
3613,2022-07-05 06:50:00,23.625,23.671,23.599,23.647,15605
3614,2022-07-05 06:45:00,23.566,23.632,23.511,23.608,9579
3615,2022-07-05 06:40:00,23.596,23.603,23.501,23.549,13663
3616,2022-07-05 06:35:00,23.605,23.612,23.54,23.588,4956
3617,2022-07-05 06:30:00,23.556,23.603,23.53,23.578,37324
3618,2022-07-05 06:25:00,23.605,23.612,23.54,23.549,21410
3619,2022-07-05 06:20:00,23.556,23.622,23.53,23.598,13984
3620,2022-07-05 06:15:00,23.664,23.671,23.53,23.549,45038
3621,2022-07-05 06:10:00,23.655,23.681,23.609,23.647,43772
3622,2022-07-05 06:05:00,23.556,23.662,23.511,23.637,71026
3623,2022-07-05 06:00:00,23.527,23.553,23.491,23.529,16673
3624,2022-07-05 05:55:00,23.497,23.563,23.462,23.539,43972
3625,2022-07-05 05:50:00,23.478,23.514,23.422,23.48,19901
3626,2022-07-05 05:45:00,23.507,23.514,23.413,23.451,26557
3627,2022-07-05 05:40:00,23.517,23.544,23.452,23.49,19352
3628,2022-07-05 05:35:00,23.389,23.524,23.364,23.49,41844
3629,2022-07-05 05:30:00,23.458,23.485,23.334,23.372,25852
3630,2022-07-05 05:25:00,23.497,23.524,23.403,23.441,35266
3631,2022-07-05 05:20:00,23.507,23.514,23.432,23.46,16788
3632,2022-07-05 05:15:00,23.497,23.573,23.472,23.49,80871
3633,2022-07-05 05:10:00,23.429,23.524,23.324,23.5,43796
3634,2022-07-05 05:05:00,23.517,23.524,23.383,23.392,44262
3635,2022-07-05 05:00:00,23.488,23.524,23.403,23.5,27842
3636,2022-07-05 04:55:00,23.468,23.524,23.432,23.46,38872
3637,2022-07-05 04:50:00,23.468,23.534,23.413,23.46,92448
3638,2022-07-05 04:45:00,23.615,23.632,23.422,23.451,98527
3639,2022-07-05 04:40:00,23.655,23.681,23.53,23.578,122074
3640,2022-07-05 04:35:00,23.714,23.721,23.599,23.637,61118
3641,2022-07-05 04:30:00,23.684,23.76,23.619,23.696,76038
3642,2022-07-05 04:25:00,23.772,23.809,23.619,23.667,149818
3643,2022-07-05 04:20:00,23.89,23.907,23.727,23.755,72678
3644,2022-07-05 04:15:00,23.93,23.937,23.844,23.873,221561
3645,2022-07-05 04:10:00,23.998,24.015,23.884,23.912,113925
3646,2022-07-05 04:05:00,24.165,24.231,23.943,23.971,127951
3647,2022-07-05 04:00:00,24.313,24.32,24.07,24.157,218938
3648,2022-07-01 19:55:00,24.018,24.045,23.982,24.01,60060
3649,2022-07-01 19:50:00,24.008,24.025,23.962,23.991,15920
3650,2022-07-01 19:45:00,23.989,24.015,23.952,23.99,9546
3651,2022-07-01 19:40:00,24.008,24.025,23.972,24.0,9155
3652,2022-07-01 19:35:00,23.979,24.015,23.952,23.981,26950
3653,2022-07-01 19:30:00,23.989,23.996,23.943,23.951,13182
3654,2022-07-01 19:25:00,23.989,23.996,23.952,23.971,20792
3655,2022-07-01 19:20:00,23.989,24.005,23.962,23.971,11151
3656,2022-07-01 19:15:00,23.998,24.015,23.952,23.991,4436
3657,2022-07-01 19:10:00,23.979,24.015,23.952,23.991,4993
3658,2022-07-01 19:05:00,23.989,23.996,23.952,23.961,9887
3659,2022-07-01 19:00:00,23.989,23.996,23.943,23.971,9591
3660,2022-07-01 18:55:00,23.979,24.025,23.952,23.981,6679
3661,2022-07-01 18:50:00,23.989,24.025,23.952,23.971,4607
3662,2022-07-01 18:45:00,23.989,24.015,23.943,23.971,10171
3663,2022-07-01 18:40:00,23.979,23.996,23.943,23.961,4234
3664,2022-07-01 18:35:00,23.989,23.996,23.943,23.951,4248
3665,2022-07-01 18:30:00,23.989,23.996,23.952,23.961,1661
3666,2022-07-01 18:25:00,23.92,24.025,23.893,23.991,64701
3667,2022-07-01 18:20:00,23.91,23.927,23.874,23.902,10025
3668,2022-07-01 18:15:00,23.91,23.917,23.864,23.873,6542
3669,2022-07-01 18:10:00,23.93,23.937,23.884,23.902,9194
3670,2022-07-01 18:05:00,23.92,23.966,23.893,23.941,6001
3671,2022-07-01 18:00:00,23.93,23.937,23.884,23.912,3973
3672,2022-07-01 17:55:00,23.92,23.947,23.884,23.912,16219
3673,2022-07-01 17:50:00,23.92,23.947,23.884,23.912,34332
3674,2022-07-01 17:45:00,23.939,23.947,23.893,23.902,3117
3675,2022-07-01 17:40:00,23.949,23.956,23.893,23.922,21873
3676,2022-07-01 17:35:00,23.959,23.966,23.923,23.932,6529
3677,2022-07-01 17:30:00,23.949,23.976,23.923,23.941,9239
3678,2022-07-01 17:25:00,23.949,23.976,23.923,23.941,3527
3679,2022-07-01 17:20:00,23.949,23.965,23.913,23.932,5778
3680,2022-07-01 17:15:00,23.949,23.966,23.913,23.932,18299
3681,2022-07-01 17:10:00,23.949,23.976,23.913,23.941,12311
3682,2022-07-01 17:05:00,23.998,24.005,23.923,23.932,29853
3683,2022-07-01 17:00:00,23.989,24.015,23.952,23.981,16755
3684,2022-07-01 16:55:00,23.979,24.005,23.923,23.971,37461
3685,2022-07-01 16:50:00,23.979,23.996,23.943,23.951,20097
3686,2022-07-01 16:45:00,23.959,23.996,23.923,23.961,49361
3687,2022-07-01 16:40:00,23.93,23.966,23.893,23.941,18451
3688,2022-07-01 16:35:00,23.959,23.966,23.903,23.912,21525
3689,2022-07-01 16:30:00,23.949,23.976,23.913,23.932,48867
3690,2022-07-01 16:25:00,23.92,23.956,23.893,23.932,37184
3691,2022-07-01 16:20:00,23.93,23.947,23.884,23.912,35290
3692,2022-07-01 16:15:00,23.92,23.966,23.884,23.912,52537
3693,2022-07-01 16:10:00,23.93,23.956,23.893,23.902,48258
3694,2022-07-01 16:05:00,23.969,23.976,23.903,23.922,69433
3695,2022-07-01 16:00:00,23.969,24.025,23.913,23.951,348299
3696,2022-07-01 15:55:00,23.898,24.015,23.835,23.955,3371118
3697,2022-07-01 15:50:00,24.018,24.074,23.736,23.878,4554892
3698,2022-07-01 15:45:00,23.964,24.045,23.874,24.001,2828145
3699,2022-07-01 15:40:00,23.988,24.035,23.893,23.946,3039398
3700,2022-07-01 15:35:00,23.91,23.996,23.857,23.961,1795565
3701,2022-07-01 15:30:00,23.753,23.947,23.717,23.892,2444394
3702,2022-07-01 15:25:00,23.737,23.789,23.648,23.735,2113368
3703,2022-07-01 15:20:00,23.743,23.779,23.599,23.716,1445209
3704,2022-07-01 15:15:00,23.792,23.868,23.692,23.725,1961473
3705,2022-07-01 15:10:00,23.763,23.845,23.697,23.77,2072504
3706,2022-07-01 15:05:00,23.605,23.779,23.57,23.745,1953860
3707,2022-07-01 15:00:00,23.772,23.819,23.511,23.588,2158275
3708,2022-07-01 14:55:00,23.669,23.799,23.593,23.75,1624965
3709,2022-07-01 14:50:00,23.792,23.824,23.599,23.647,2024808
3710,2022-07-01 14:45:00,23.714,23.837,23.671,23.77,2058397
3711,2022-07-01 14:40:00,23.709,23.73,23.629,23.696,983157
3712,2022-07-01 14:35:00,23.674,23.73,23.57,23.701,1615495
3713,2022-07-01 14:30:00,23.566,23.691,23.521,23.662,1981382
3714,2022-07-01 14:25:00,23.635,23.656,23.511,23.549,2290271
3715,2022-07-01 14:20:00,23.458,23.642,23.359,23.613,2878173
3716,2022-07-01 14:15:00,23.34,23.465,23.256,23.436,1575946
3717,2022-07-01 14:10:00,23.252,23.347,23.158,23.323,1398050
3718,2022-07-01 14:05:00,23.301,23.357,23.177,23.228,1127644
3719,2022-07-01 14:00:00,23.419,23.436,23.256,23.279,1262955
3720,2022-07-01 13:55:00,23.36,23.431,23.305,23.406,1126020
3721,2022-07-01 13:50:00,23.419,23.44,23.324,23.336,1736267
3722,2022-07-01 13:45:00,23.34,23.426,23.275,23.4,2148645
3723,2022-07-01 13:40:00,23.291,23.386,23.207,23.323,1955328
3724,2022-07-01 13:35:00,23.173,23.357,23.099,23.264,2860715
3725,2022-07-01 13:30:00,23.154,23.243,23.108,23.146,2388795
3726,2022-07-01 13:25:00,23.065,23.16,22.991,23.128,1265574
3727,2022-07-01 13:20:00,23.036,23.082,22.961,23.045,840916
3728,2022-07-01 13:15:00,23.021,23.097,22.893,23.029,1980841
3729,2022-07-01 13:10:00,22.957,23.033,22.893,23.004,1154883
3730,2022-07-01 13:05:00,22.905,22.971,22.853,22.935,1220055
3731,2022-07-01 13:00:00,22.898,23.003,22.853,22.891,1399244
3732,2022-07-01 12:55:00,23.163,23.2,22.883,22.891,2033222
3733,2022-07-01 12:50:00,23.114,23.2,23.069,23.141,1440241
3734,2022-07-01 12:45:00,23.046,23.131,22.971,23.097,1146789
3735,2022-07-01 12:40:00,23.026,23.101,22.986,23.035,1029745
3736,2022-07-01 12:35:00,23.134,23.19,22.984,23.009,1189596
3737,2022-07-01 12:30:00,23.217,23.283,23.079,23.117,1558660
3738,2022-07-01 12:25:00,23.242,23.269,23.128,23.203,1393727
3739,2022-07-01 12:20:00,23.203,23.259,23.128,23.224,1647284
3740,2022-07-01 12:15:00,22.967,23.249,22.912,23.185,2174399
3741,2022-07-01 12:10:00,22.987,23.043,22.902,22.955,1638239
3742,2022-07-01 12:05:00,22.938,23.038,22.893,22.971,1441104
3743,2022-07-01 12:00:00,23.006,23.033,22.824,22.93,1568580
3744,2022-07-01 11:55:00,22.967,23.062,22.898,22.989,1698834
3745,2022-07-01 11:50:00,23.227,23.249,22.922,22.945,2755778
3746,2022-07-01 11:45:00,23.24,23.35,23.187,23.206,1543670
3747,2022-07-01 11:40:00,23.281,23.416,23.207,23.217,1908149
3748,2022-07-01 11:35:00,23.321,23.406,23.221,23.264,2155614
3749,2022-07-01 11:30:00,23.203,23.347,23.167,23.298,1891183
3750,2022-07-01 11:25:00,23.252,23.278,23.108,23.176,1698362
3751,2022-07-01 11:20:00,23.35,23.445,23.138,23.244,2580390
3752,2022-07-01 11:15:00,23.258,23.495,23.216,23.338,3394735
3753,2022-07-01 11:10:00,23.291,23.338,23.123,23.244,2869314
3754,2022-07-01 11:05:00,22.928,23.377,22.883,23.274,3592869
3755,2022-07-01 11:00:00,23.026,23.062,22.826,22.921,2106367
3756,2022-07-01 10:55:00,22.967,23.239,22.863,23.019,3403160
3757,2022-07-01 10:50:00,23.036,23.052,22.75,22.955,3067750
3758,2022-07-01 10:45:00,22.898,23.118,22.765,23.029,3537151
3759,2022-07-01 10:40:00,22.77,22.93,22.667,22.876,3292483
3760,2022-07-01 10:35:00,22.859,22.925,22.696,22.754,2390503
3761,2022-07-01 10:30:00,22.977,23.047,22.745,22.842,3345051
3762,2022-07-01 10:25:00,23.163,23.18,22.902,22.958,2946497
3763,2022-07-01 10:20:00,23.252,23.308,23.079,23.146,2448253
3764,2022-07-01 10:15:00,23.144,23.308,23.001,23.23,3103675
3765,2022-07-01 10:10:00,23.664,23.73,23.094,23.127,4223240
3766,2022-07-01 10:05:00,23.556,23.775,23.393,23.643,3959059
3767,2022-07-01 10:00:00,23.659,24.015,23.462,23.548,7569954
3768,2022-07-01 09:55:00,23.753,23.907,23.609,23.637,4533369
3769,2022-07-01 09:50:00,23.591,23.848,23.462,23.734,5901371
3770,2022-07-01 09:45:00,23.153,23.721,23.079,23.567,7839104
3771,2022-07-01 09:40:00,22.947,23.455,22.902,23.137,5765900
3772,2022-07-01 09:35:00,23.075,23.111,22.76,22.93,4431157
3773,2022-07-01 09:30:00,23.183,23.514,23.001,23.068,6464127
3774,2022-07-01 09:25:00,23.301,23.308,23.138,23.156,471444
3775,2022-07-01 09:20:00,23.321,23.357,23.256,23.289,108450
3776,2022-07-01 09:15:00,23.311,23.337,23.246,23.313,84288
3777,2022-07-01 09:10:00,23.262,23.347,23.236,23.284,109621
3778,2022-07-01 09:05:00,23.252,23.278,23.176,23.235,84939
3779,2022-07-01 09:00:00,23.271,23.367,23.197,23.225,204333
3780,2022-07-01 08:55:00,23.252,23.278,23.148,23.254,158561
3781,2022-07-01 08:50:00,23.281,23.308,23.177,23.244,88131
3782,2022-07-01 08:45:00,23.262,23.337,23.207,23.264,160180
3783,2022-07-01 08:40:00,23.213,23.269,23.167,23.244,126902
3784,2022-07-01 08:35:00,23.301,23.308,23.167,23.186,139640
3785,2022-07-01 08:30:00,23.065,23.318,23.02,23.294,219987
3786,2022-07-01 08:25:00,23.085,23.16,23.02,23.058,86375
3787,2022-07-01 08:20:00,23.104,23.18,23.05,23.078,118190
3788,2022-07-01 08:15:00,23.095,23.121,23.05,23.087,164392
3789,2022-07-01 08:10:00,23.075,23.101,23.02,23.078,78331
3790,2022-07-01 08:05:00,23.065,23.092,23.01,23.058,160113
3791,2022-07-01 08:00:00,23.114,23.434,22.647,23.038,581997
3792,2022-07-01 07:55:00,22.996,23.013,22.853,22.97,112253
3793,2022-07-01 07:50:00,22.977,23.023,22.942,22.989,98650
3794,2022-07-01 07:45:00,23.085,23.092,22.951,22.96,88200
3795,2022-07-01 07:40:00,23.183,23.19,23.05,23.068,115392
3796,2022-07-01 07:35:00,23.232,23.259,23.148,23.156,47013
3797,2022-07-01 07:30:00,23.262,23.288,23.187,23.225,47614
3798,2022-07-01 07:25:00,23.222,23.288,23.187,23.244,43256
3799,2022-07-01 07:20:00,23.193,23.229,23.138,23.186,86115
3800,2022-07-01 07:15:00,23.134,23.229,23.108,23.186,47432
3801,2022-07-01 07:10:00,23.173,23.21,23.089,23.137,61888
3802,2022-07-01 07:05:00,23.173,23.18,23.099,23.146,40123
3803,2022-07-01 07:00:00,23.104,23.19,23.05,23.146,120308
3804,2022-07-01 06:55:00,23.095,23.151,23.02,23.068,38911
3805,2022-07-01 06:50:00,23.114,23.151,23.059,23.078,52583
3806,2022-07-01 06:45:00,23.154,23.17,23.059,23.097,47263
3807,2022-07-01 06:40:00,23.193,23.21,23.118,23.127,36678
3808,2022-07-01 06:35:00,23.252,23.278,23.177,23.186,25603
3809,2022-07-01 06:30:00,23.311,23.327,23.226,23.244,20558
3810,2022-07-01 06:25:00,23.399,23.426,23.285,23.294,74950
3811,2022-07-01 06:20:00,23.399,23.436,23.344,23.382,23811
3812,2022-07-01 06:15:00,23.321,23.396,23.285,23.372,20879
3813,2022-07-01 06:10:00,23.271,23.318,23.216,23.274,17053
3814,2022-07-01 06:05:00,23.33,23.337,23.236,23.264,19217
3815,2022-07-01 06:00:00,23.419,23.445,23.305,23.313,37782
3816,2022-07-01 05:55:00,23.429,23.445,23.354,23.392,26970
3817,2022-07-01 05:50:00,23.38,23.436,23.334,23.411,68763
3818,2022-07-01 05:45:00,23.232,23.367,23.187,23.343,40717
3819,2022-07-01 05:40:00,23.281,23.288,23.177,23.205,97316
3820,2022-07-01 05:35:00,23.301,23.357,23.256,23.264,47029
3821,2022-07-01 05:30:00,23.291,23.327,23.265,23.284,11072
3822,2022-07-01 05:25:00,23.37,23.377,23.256,23.274,32535
3823,2022-07-01 05:20:00,23.34,23.396,23.295,23.362,25832
3824,2022-07-01 05:15:00,23.33,23.386,23.305,23.343,29725
3825,2022-07-01 05:10:00,23.38,23.396,23.265,23.323,52551
3826,2022-07-01 05:05:00,23.262,23.416,23.216,23.382,86505
3827,2022-07-01 05:00:00,23.242,23.269,23.128,23.244,55898
3828,2022-07-01 04:55:00,23.232,23.278,23.197,23.215,19938
3829,2022-07-01 04:50:00,23.262,23.278,23.197,23.225,43686
3830,2022-07-01 04:45:00,23.232,23.259,23.158,23.235,93916
3831,2022-07-01 04:40:00,23.271,23.288,23.187,23.225,31595
3832,2022-07-01 04:35:00,23.173,23.278,23.128,23.254,59582
3833,2022-07-01 04:30:00,23.203,23.229,23.108,23.137,85073
3834,2022-07-01 04:25:00,23.173,23.219,23.089,23.186,87035
3835,2022-07-01 04:20:00,23.036,23.219,23.01,23.166,132407
3836,2022-07-01 04:15:00,23.036,23.072,22.991,23.029,56527
3837,2022-07-01 04:10:00,22.849,23.043,22.824,23.009,215477
3838,2022-07-01 04:05:00,22.829,22.875,22.736,22.842,94625
3839,2022-07-01 04:00:00,23.095,23.101,22.794,22.813,101997
