,timestamp,open,high,low,close,volume
0,2023-07-31 19:55:00,45.173,45.173,45.134,45.144,14661
1,2023-07-31 19:50:00,45.163,45.173,45.144,45.164,15391
2,2023-07-31 19:45:00,45.143,45.173,45.124,45.164,10289
3,2023-07-31 19:40:00,45.143,45.162,45.124,45.134,3555
4,2023-07-31 19:35:00,45.123,45.163,45.114,45.134,3428
5,2023-07-31 19:30:00,45.103,45.123,45.084,45.114,8404
6,2023-07-31 19:25:00,45.133,45.133,45.084,45.094,29328
7,2023-07-31 19:20:00,45.123,45.143,45.114,45.134,13442
8,2023-07-31 19:15:00,45.123,45.143,45.114,45.114,5560
9,2023-07-31 19:10:00,45.123,45.143,45.104,45.104,23285
10,2023-07-31 19:05:00,45.163,45.163,45.104,45.104,18231
11,2023-07-31 19:00:00,45.173,45.183,45.144,45.164,31351
12,2023-07-31 18:55:00,45.153,45.173,45.134,45.164,21885
13,2023-07-31 18:50:00,45.182,45.193,45.144,45.144,11370
14,2023-07-31 18:45:00,45.173,45.193,45.164,45.184,4936
15,2023-07-31 18:40:00,45.192,45.193,45.154,45.169,7707
16,2023-07-31 18:35:00,45.164,45.193,45.154,45.174,10108
17,2023-07-31 18:30:00,45.212,45.213,45.144,45.164,12293
18,2023-07-31 18:25:00,45.252,45.253,45.194,45.194,2088
19,2023-07-31 18:20:00,45.262,45.273,45.215,45.234,8488
20,2023-07-31 18:15:00,45.282,45.293,45.254,45.254,9517
21,2023-07-31 18:10:00,45.272,45.303,45.264,45.264,39772
22,2023-07-31 18:05:00,45.272,45.293,45.244,45.274,61256
23,2023-07-31 18:00:00,45.232,45.273,45.224,45.264,53735
24,2023-07-31 17:55:00,45.232,45.243,45.214,45.224,3221
25,2023-07-31 17:50:00,45.242,45.243,45.224,45.234,5117
26,2023-07-31 17:45:00,45.232,45.243,45.214,45.224,5720
27,2023-07-31 17:40:00,45.222,45.243,45.214,45.234,4644
28,2023-07-31 17:35:00,45.222,45.233,45.214,45.224,1391
29,2023-07-31 17:30:00,45.222,45.233,45.194,45.224,4752
30,2023-07-31 17:25:00,45.213,45.233,45.184,45.194,8427
31,2023-07-31 17:20:00,45.212,45.223,45.184,45.204,7066
32,2023-07-31 17:15:00,45.212,45.223,45.184,45.184,10852
33,2023-07-31 17:10:00,45.212,45.223,45.194,45.214,6158
34,2023-07-31 17:05:00,45.212,45.223,45.164,45.185,15882
35,2023-07-31 17:00:00,45.232,45.233,45.194,45.204,8867
36,2023-07-31 16:55:00,45.222,45.243,45.204,45.214,7895
37,2023-07-31 16:50:00,45.242,45.253,45.214,45.219,7162
38,2023-07-31 16:45:00,45.242,45.243,45.214,45.234,16415
39,2023-07-31 16:40:00,45.232,45.243,45.214,45.224,29494
40,2023-07-31 16:35:00,45.232,45.243,45.214,45.233,22098
41,2023-07-31 16:30:00,45.222,45.243,45.214,45.224,20906
42,2023-07-31 16:25:00,45.242,45.243,45.214,45.214,51447
43,2023-07-31 16:20:00,45.282,45.283,45.234,45.234,40252
44,2023-07-31 16:15:00,45.153,45.293,45.144,45.274,40569
45,2023-07-31 16:10:00,45.222,45.273,45.214,45.235,145477
46,2023-07-31 16:05:00,45.242,45.243,45.194,45.214,105585
47,2023-07-31 16:00:00,45.192,45.253,45.124,45.234,621488
48,2023-07-31 15:55:00,44.913,45.183,44.84,45.174,3674806
49,2023-07-31 15:50:00,44.704,44.939,44.686,44.895,1518837
50,2023-07-31 15:45:00,44.814,44.834,44.656,44.706,1500997
51,2023-07-31 15:40:00,44.759,44.844,44.743,44.8,1082109
52,2023-07-31 15:35:00,44.814,44.854,44.735,44.751,923799
53,2023-07-31 15:30:00,44.913,44.954,44.785,44.815,1165201
54,2023-07-31 15:25:00,44.879,44.944,44.825,44.895,692929
55,2023-07-31 15:20:00,44.943,44.984,44.865,44.865,754514
56,2023-07-31 15:15:00,44.913,44.96,44.855,44.935,562893
57,2023-07-31 15:10:00,44.903,44.934,44.841,44.9,665569
58,2023-07-31 15:05:00,44.943,44.964,44.885,44.889,495563
59,2023-07-31 15:00:00,45.093,45.103,44.916,44.945,841550
60,2023-07-31 14:55:00,45.036,45.153,45.027,45.077,804500
61,2023-07-31 14:50:00,44.998,45.093,44.965,45.032,767700
62,2023-07-31 14:45:00,44.939,45.004,44.871,44.99,645777
63,2023-07-31 14:40:00,44.889,44.954,44.855,44.925,389795
64,2023-07-31 14:35:00,44.938,44.984,44.825,44.88,763189
65,2023-07-31 14:30:00,44.903,44.944,44.845,44.929,500917
66,2023-07-31 14:25:00,44.903,44.964,44.825,44.895,592825
67,2023-07-31 14:20:00,44.983,45.014,44.865,44.905,526511
68,2023-07-31 14:15:00,44.963,45.024,44.945,44.984,382208
69,2023-07-31 14:10:00,44.963,45.024,44.915,44.955,518155
70,2023-07-31 14:05:00,45.043,45.058,44.935,44.955,924059
71,2023-07-31 14:00:00,44.983,45.092,44.956,45.035,569460
72,2023-07-31 13:55:00,44.923,45.004,44.905,44.98,324292
73,2023-07-31 13:50:00,45.048,45.048,44.915,44.915,448920
74,2023-07-31 13:45:00,45.083,45.098,44.965,45.044,454368
75,2023-07-31 13:40:00,45.133,45.143,45.019,45.081,484673
76,2023-07-31 13:35:00,44.993,45.133,44.97,45.114,775654
77,2023-07-31 13:30:00,44.893,45.004,44.875,44.975,602919
78,2023-07-31 13:25:00,44.893,44.994,44.835,44.89,624607
79,2023-07-31 13:20:00,44.813,44.944,44.785,44.885,925692
80,2023-07-31 13:15:00,44.973,44.994,44.789,44.803,918894
81,2023-07-31 13:10:00,45.023,45.053,44.955,44.975,682290
82,2023-07-31 13:05:00,44.824,45.034,44.795,45.015,905971
83,2023-07-31 13:00:00,44.884,44.914,44.73,44.815,1114805
84,2023-07-31 12:55:00,44.977,44.984,44.855,44.885,655444
85,2023-07-31 12:50:00,45.043,45.043,44.905,44.965,555922
86,2023-07-31 12:45:00,45.033,45.043,44.945,45.025,492617
87,2023-07-31 12:40:00,45.098,45.098,44.975,45.015,510282
88,2023-07-31 12:35:00,45.088,45.133,44.995,45.089,427724
89,2023-07-31 12:30:00,45.153,45.183,45.034,45.075,565841
90,2023-07-31 12:25:00,45.103,45.173,45.074,45.154,553397
91,2023-07-31 12:20:00,45.113,45.153,45.034,45.089,662793
92,2023-07-31 12:15:00,44.993,45.133,44.925,45.104,587079
93,2023-07-31 12:10:00,45.083,45.099,44.985,44.991,313599
94,2023-07-31 12:05:00,45.103,45.123,45.014,45.069,417226
95,2023-07-31 12:00:00,45.043,45.138,45.024,45.094,746318
96,2023-07-31 11:55:00,44.913,45.073,44.9,45.03,555215
97,2023-07-31 11:50:00,45.152,45.162,44.885,44.905,921222
98,2023-07-31 11:45:00,45.083,45.183,45.014,45.144,556169
99,2023-07-31 11:40:00,45.058,45.113,45.005,45.064,768214
100,2023-07-31 11:35:00,44.972,45.093,44.935,45.05,867658
101,2023-07-31 11:30:00,45.103,45.143,44.83,44.962,1679735
102,2023-07-31 11:25:00,45.113,45.123,44.995,45.089,761316
103,2023-07-31 11:20:00,45.222,45.238,45.099,45.114,559994
104,2023-07-31 11:15:00,45.282,45.283,45.134,45.209,962769
105,2023-07-31 11:10:00,45.276,45.337,45.215,45.264,633799
106,2023-07-31 11:05:00,45.293,45.332,45.224,45.264,599007
107,2023-07-31 11:00:00,45.182,45.328,45.154,45.284,736914
108,2023-07-31 10:55:00,45.196,45.293,45.144,45.167,783348
109,2023-07-31 10:50:00,45.202,45.253,45.164,45.189,890729
110,2023-07-31 10:45:00,45.063,45.213,44.955,45.194,1281560
111,2023-07-31 10:40:00,45.103,45.148,45.005,45.06,927740
112,2023-07-31 10:35:00,44.973,45.133,44.885,45.094,1150450
113,2023-07-31 10:30:00,45.173,45.253,44.935,44.975,1751194
114,2023-07-31 10:25:00,45.123,45.193,45.065,45.164,739381
115,2023-07-31 10:20:00,45.059,45.173,45.034,45.124,785888
116,2023-07-31 10:15:00,45.173,45.211,45.014,45.054,1162390
117,2023-07-31 10:10:00,45.103,45.173,45.004,45.155,1204279
118,2023-07-31 10:05:00,44.854,45.108,44.845,45.094,2115984
119,2023-07-31 10:00:00,44.894,44.9,44.71,44.85,1313828
120,2023-07-31 09:55:00,45.083,45.103,44.701,44.895,4115852
121,2023-07-31 09:50:00,45.227,45.332,45.064,45.079,1834941
122,2023-07-31 09:45:00,45.382,45.552,45.184,45.214,2185134
123,2023-07-31 09:40:00,45.312,45.482,45.214,45.383,1591300
124,2023-07-31 09:35:00,45.103,45.372,45.064,45.304,2014470
125,2023-07-31 09:30:00,45.173,45.447,45.044,45.085,3262280
126,2023-07-31 09:25:00,45.192,45.253,45.124,45.164,233761
127,2023-07-31 09:20:00,45.163,45.213,45.124,45.194,162028
128,2023-07-31 09:15:00,45.242,45.263,45.144,45.154,142573
129,2023-07-31 09:10:00,45.282,45.303,45.214,45.242,109008
130,2023-07-31 09:05:00,45.352,45.362,45.264,45.274,167955
131,2023-07-31 09:00:00,45.392,45.402,45.303,45.353,141702
132,2023-07-31 08:55:00,45.462,45.472,45.373,45.383,116614
133,2023-07-31 08:50:00,45.442,45.462,45.403,45.443,158332
134,2023-07-31 08:45:00,45.402,45.462,45.383,45.443,86410
135,2023-07-31 08:40:00,45.342,45.402,45.333,45.388,77444
136,2023-07-31 08:35:00,45.332,45.372,45.303,45.343,135333
137,2023-07-31 08:30:00,45.292,45.342,45.234,45.324,78726
138,2023-07-31 08:25:00,45.222,45.303,45.204,45.284,85280
139,2023-07-31 08:20:00,45.262,45.263,45.194,45.204,46379
140,2023-07-31 08:15:00,45.292,45.313,45.241,45.254,59386
141,2023-07-31 08:10:00,45.252,45.313,45.244,45.294,39751
142,2023-07-31 08:05:00,45.302,45.323,45.254,45.254,81889
143,2023-07-31 08:00:00,45.092,45.332,44.666,45.304,351419
144,2023-07-31 07:55:00,45.242,45.293,45.224,45.284,61236
145,2023-07-31 07:50:00,45.222,45.243,45.184,45.234,25833
146,2023-07-31 07:45:00,45.182,45.233,45.144,45.214,29359
147,2023-07-31 07:40:00,45.173,45.183,45.134,45.174,23583
148,2023-07-31 07:35:00,45.153,45.183,45.094,45.164,18783
149,2023-07-31 07:30:00,45.182,45.203,45.124,45.144,53827
150,2023-07-31 07:25:00,45.153,45.193,45.114,45.184,41187
151,2023-07-31 07:20:00,45.143,45.153,45.084,45.144,61718
152,2023-07-31 07:15:00,45.173,45.193,45.114,45.144,28730
153,2023-07-31 07:10:00,45.153,45.213,45.144,45.164,36218
154,2023-07-31 07:05:00,45.133,45.173,45.114,45.144,24807
155,2023-07-31 07:00:00,45.083,45.143,45.064,45.124,42678
156,2023-07-31 06:55:00,45.053,45.093,45.034,45.084,4706
157,2023-07-31 06:50:00,45.023,45.053,44.995,45.045,2385
158,2023-07-31 06:45:00,45.033,45.053,44.985,45.005,2955
159,2023-07-31 06:40:00,45.023,45.034,45.004,45.015,1136
160,2023-07-31 06:35:00,45.053,45.053,44.975,45.005,5836
161,2023-07-31 06:30:00,45.063,45.073,45.024,45.045,19464
162,2023-07-31 06:25:00,45.043,45.073,45.034,45.045,7120
163,2023-07-31 06:20:00,45.013,45.063,45.004,45.035,18434
164,2023-07-31 06:15:00,44.983,45.014,44.945,45.005,3957
165,2023-07-31 06:10:00,45.003,45.004,44.965,44.985,3388
166,2023-07-31 06:05:00,44.973,45.014,44.945,45.005,3068
167,2023-07-31 06:00:00,44.993,44.994,44.935,44.955,3359
168,2023-07-31 05:55:00,45.023,45.024,44.945,44.975,6976
169,2023-07-31 05:50:00,45.003,45.024,44.965,45.015,7273
170,2023-07-31 05:45:00,44.973,45.014,44.945,44.985,36198
171,2023-07-31 05:40:00,45.033,45.053,44.965,44.965,8592
172,2023-07-31 05:35:00,44.993,45.073,44.985,45.035,6684
173,2023-07-31 05:30:00,45.093,45.093,44.955,44.975,18162
174,2023-07-31 05:25:00,45.093,45.113,45.074,45.074,19962
175,2023-07-31 05:20:00,45.103,45.113,45.064,45.084,2890
176,2023-07-31 05:15:00,45.113,45.133,45.074,45.084,23879
177,2023-07-31 05:10:00,45.163,45.163,45.084,45.094,17504
178,2023-07-31 05:05:00,45.143,45.193,45.124,45.154,13824
179,2023-07-31 05:00:00,45.143,45.163,45.114,45.134,83506
180,2023-07-31 04:55:00,45.123,45.163,45.104,45.134,24673
181,2023-07-31 04:50:00,45.053,45.133,45.044,45.104,16237
182,2023-07-31 04:45:00,45.023,45.053,44.985,45.045,38982
183,2023-07-31 04:40:00,45.013,45.053,45.004,45.015,15754
184,2023-07-31 04:35:00,45.053,45.053,44.995,45.015,6140
185,2023-07-31 04:30:00,44.973,45.053,44.965,45.045,23097
186,2023-07-31 04:25:00,44.973,45.004,44.915,44.965,13505
187,2023-07-31 04:20:00,44.963,44.984,44.925,44.975,6993
188,2023-07-31 04:15:00,44.943,44.994,44.905,44.945,9817
189,2023-07-31 04:10:00,45.013,45.014,44.925,44.935,7714
190,2023-07-31 04:05:00,44.903,45.014,44.895,45.005,13780
191,2023-07-31 04:00:00,44.844,44.934,44.825,44.885,86971
192,2023-07-28 19:55:00,45.173,45.223,45.154,45.214,29630
193,2023-07-28 19:50:00,45.143,45.183,45.134,45.154,16524
194,2023-07-28 19:45:00,45.142,45.153,45.124,45.144,10778
195,2023-07-28 19:40:00,45.143,45.143,45.124,45.134,16638
196,2023-07-28 19:35:00,45.133,45.143,45.114,45.134,14707
197,2023-07-28 19:30:00,45.133,45.143,45.114,45.124,3107
198,2023-07-28 19:25:00,45.123,45.133,45.104,45.124,12796
199,2023-07-28 19:20:00,45.123,45.143,45.104,45.114,13707
200,2023-07-28 19:15:00,45.103,45.123,45.094,45.114,4833
201,2023-07-28 19:10:00,45.123,45.133,45.094,45.094,6452
202,2023-07-28 19:05:00,45.133,45.143,45.114,45.114,9751
203,2023-07-28 19:00:00,45.113,45.133,45.104,45.124,7287
204,2023-07-28 18:55:00,45.123,45.123,45.104,45.114,2566
205,2023-07-28 18:50:00,45.093,45.123,45.084,45.104,6210
206,2023-07-28 18:45:00,45.133,45.133,45.084,45.084,17849
207,2023-07-28 18:40:00,45.123,45.133,45.114,45.114,5470
208,2023-07-28 18:35:00,45.103,45.133,45.094,45.124,6092
209,2023-07-28 18:30:00,45.123,45.123,45.084,45.104,5702
210,2023-07-28 18:25:00,45.113,45.133,45.104,45.114,6818
211,2023-07-28 18:20:00,45.143,45.143,45.084,45.124,8818
212,2023-07-28 18:15:00,45.123,45.143,45.104,45.134,11878
213,2023-07-28 18:10:00,45.113,45.123,45.104,45.104,2577
214,2023-07-28 18:05:00,45.113,45.123,45.094,45.114,12518
215,2023-07-28 18:00:00,45.113,45.138,45.104,45.104,21652
216,2023-07-28 17:55:00,45.123,45.133,45.104,45.114,8435
217,2023-07-28 17:50:00,45.093,45.123,45.084,45.104,5024
218,2023-07-28 17:45:00,45.103,45.123,45.084,45.094,5809
219,2023-07-28 17:40:00,45.113,45.123,45.094,45.094,10412
220,2023-07-28 17:35:00,45.083,45.113,45.074,45.104,8873
221,2023-07-28 17:30:00,45.073,45.093,45.064,45.084,7973
222,2023-07-28 17:25:00,45.063,45.073,45.034,45.064,27415
223,2023-07-28 17:20:00,45.043,45.063,45.024,45.055,8810
224,2023-07-28 17:15:00,45.053,45.063,45.026,45.035,12335
225,2023-07-28 17:10:00,45.043,45.053,45.024,45.035,4110
226,2023-07-28 17:05:00,45.005,45.043,44.995,45.025,6050
227,2023-07-28 17:00:00,45.023,45.024,44.995,44.995,7939
228,2023-07-28 16:55:00,45.023,45.043,45.004,45.025,15275
229,2023-07-28 16:50:00,45.013,45.034,44.995,45.015,7083
230,2023-07-28 16:45:00,44.983,45.014,44.965,44.995,46510
231,2023-07-28 16:40:00,45.003,45.063,44.975,44.975,33251
232,2023-07-28 16:35:00,45.033,45.034,44.995,44.995,18431
233,2023-07-28 16:30:00,45.023,45.034,44.995,45.015,31393
234,2023-07-28 16:25:00,45.023,45.034,44.985,45.015,27792
235,2023-07-28 16:20:00,45.023,45.034,45.004,45.015,12725
236,2023-07-28 16:15:00,45.063,45.063,44.98,45.004,23853
237,2023-07-28 16:10:00,45.043,45.043,44.956,44.984,75862
238,2023-07-28 16:05:00,44.983,45.063,44.965,45.045,64093
239,2023-07-28 16:00:00,45.073,45.073,44.925,44.975,829100
240,2023-07-28 15:55:00,45.133,45.193,44.999,45.064,1934488
241,2023-07-28 15:50:00,44.973,45.183,44.9,45.124,1617208
242,2023-07-28 15:45:00,45.013,45.093,44.945,44.965,1100662
243,2023-07-28 15:40:00,45.018,45.073,44.935,45.005,901626
244,2023-07-28 15:35:00,45.182,45.223,45.004,45.01,937072
245,2023-07-28 15:30:00,45.023,45.203,44.979,45.179,973428
246,2023-07-28 15:25:00,45.113,45.189,45.004,45.015,1121019
247,2023-07-28 15:20:00,45.262,45.263,45.049,45.104,824769
248,2023-07-28 15:15:00,45.212,45.273,45.184,45.254,594427
249,2023-07-28 15:10:00,45.252,45.313,45.165,45.206,609555
250,2023-07-28 15:05:00,45.212,45.297,45.159,45.249,691233
251,2023-07-28 15:00:00,45.182,45.223,45.064,45.204,695918
252,2023-07-28 14:55:00,45.267,45.268,45.124,45.174,709540
253,2023-07-28 14:50:00,45.153,45.322,45.134,45.264,910629
254,2023-07-28 14:45:00,45.113,45.223,45.074,45.146,918643
255,2023-07-28 14:40:00,44.875,45.133,44.845,45.114,722948
256,2023-07-28 14:35:00,45.073,45.089,44.815,44.865,989362
257,2023-07-28 14:30:00,45.123,45.143,45.034,45.068,642016
258,2023-07-28 14:25:00,45.048,45.133,45.029,45.122,477856
259,2023-07-28 14:20:00,44.998,45.149,44.945,45.045,1185271
260,2023-07-28 14:15:00,44.963,44.994,44.915,44.985,570145
261,2023-07-28 14:10:00,45.053,45.073,44.887,44.953,933680
262,2023-07-28 14:05:00,45.053,45.073,44.965,45.055,838841
263,2023-07-28 14:00:00,44.932,45.058,44.9,45.04,1079894
264,2023-07-28 13:55:00,44.79,44.944,44.765,44.924,1520543
265,2023-07-28 13:50:00,44.525,44.794,44.496,44.781,1223802
266,2023-07-28 13:45:00,44.585,44.595,44.457,44.512,1335872
267,2023-07-28 13:40:00,44.764,44.764,44.427,44.576,1577231
268,2023-07-28 13:35:00,44.744,44.794,44.626,44.751,952819
269,2023-07-28 13:30:00,44.874,44.994,44.716,44.745,1995467
270,2023-07-28 13:25:00,44.954,44.974,44.855,44.865,466517
271,2023-07-28 13:20:00,45.003,45.004,44.825,44.951,1071454
272,2023-07-28 13:15:00,45.063,45.073,44.935,44.993,658346
273,2023-07-28 13:10:00,44.958,45.076,44.88,45.064,974364
274,2023-07-28 13:05:00,45.063,45.083,44.915,44.95,998503
275,2023-07-28 13:00:00,45.083,45.083,44.945,45.064,1070240
276,2023-07-28 12:55:00,45.272,45.278,45.014,45.084,1240751
277,2023-07-28 12:50:00,45.203,45.298,45.16,45.269,526588
278,2023-07-28 12:45:00,45.192,45.253,45.134,45.204,455008
279,2023-07-28 12:40:00,45.192,45.263,45.144,45.184,577276
280,2023-07-28 12:35:00,45.262,45.283,45.144,45.175,787417
281,2023-07-28 12:30:00,45.392,45.397,45.219,45.264,911639
282,2023-07-28 12:25:00,45.345,45.402,45.293,45.382,607229
283,2023-07-28 12:20:00,45.262,45.392,45.234,45.338,778447
284,2023-07-28 12:15:00,45.312,45.323,45.224,45.259,770902
285,2023-07-28 12:10:00,45.123,45.323,45.104,45.304,866625
286,2023-07-28 12:05:00,45.212,45.253,45.104,45.124,899289
287,2023-07-28 12:00:00,45.422,45.422,45.174,45.211,2037735
288,2023-07-28 11:55:00,45.392,45.432,45.333,45.413,994300
289,2023-07-28 11:50:00,45.32,45.402,45.288,45.393,1066926
290,2023-07-28 11:45:00,45.332,45.342,45.224,45.308,1258206
291,2023-07-28 11:40:00,45.222,45.342,45.214,45.334,1065118
292,2023-07-28 11:35:00,45.158,45.253,45.109,45.223,676017
293,2023-07-28 11:30:00,45.168,45.213,45.108,45.144,669608
294,2023-07-28 11:25:00,45.192,45.263,45.134,45.154,1238900
295,2023-07-28 11:20:00,45.103,45.213,45.084,45.189,1224157
296,2023-07-28 11:15:00,44.973,45.133,44.945,45.094,1196722
297,2023-07-28 11:10:00,44.923,45.043,44.815,44.965,1597217
298,2023-07-28 11:05:00,44.864,44.929,44.805,44.91,694681
299,2023-07-28 11:00:00,44.784,44.884,44.755,44.855,1177458
300,2023-07-28 10:55:00,44.575,44.81,44.536,44.771,1166254
301,2023-07-28 10:50:00,44.714,44.769,44.504,44.561,1059192
302,2023-07-28 10:45:00,44.624,44.735,44.496,44.696,1345769
303,2023-07-28 10:40:00,44.624,44.774,44.596,44.621,1481573
304,2023-07-28 10:35:00,44.943,44.954,44.606,44.616,1561562
305,2023-07-28 10:30:00,44.629,44.944,44.621,44.934,1841652
306,2023-07-28 10:25:00,44.784,44.794,44.496,44.625,1896312
307,2023-07-28 10:20:00,44.814,44.824,44.696,44.776,822568
308,2023-07-28 10:15:00,44.714,44.852,44.671,44.801,1497893
309,2023-07-28 10:10:00,44.794,44.889,44.696,44.706,1318690
310,2023-07-28 10:05:00,44.854,44.894,44.726,44.786,1520002
311,2023-07-28 10:00:00,44.575,44.874,44.566,44.845,3507016
312,2023-07-28 09:55:00,44.794,44.814,44.516,44.556,2055825
313,2023-07-28 09:50:00,44.664,44.803,44.606,44.786,2395940
314,2023-07-28 09:45:00,44.455,44.695,44.447,44.656,2443818
315,2023-07-28 09:40:00,44.365,44.625,44.302,44.437,3038897
316,2023-07-28 09:35:00,44.226,44.505,43.998,44.357,4102437
317,2023-07-28 09:30:00,44.146,44.276,43.968,44.208,3664055
318,2023-07-28 09:25:00,44.116,44.186,44.058,44.128,163537
319,2023-07-28 09:20:00,44.056,44.157,44.018,44.108,114433
320,2023-07-28 09:15:00,44.066,44.107,44.028,44.037,177182
321,2023-07-28 09:10:00,44.226,44.236,44.058,44.068,182970
322,2023-07-28 09:05:00,44.315,44.316,44.187,44.218,146786
323,2023-07-28 09:00:00,44.196,44.346,44.168,44.299,230007
324,2023-07-28 08:55:00,44.096,44.236,44.078,44.178,140005
325,2023-07-28 08:50:00,44.046,44.107,44.018,44.088,74899
326,2023-07-28 08:45:00,44.106,44.107,44.018,44.038,110043
327,2023-07-28 08:40:00,44.194,44.196,44.048,44.108,163523
328,2023-07-28 08:35:00,44.106,44.186,44.008,44.178,236526
329,2023-07-28 08:30:00,44.126,44.256,44.008,44.108,431763
330,2023-07-28 08:25:00,44.136,44.226,44.058,44.128,217838
331,2023-07-28 08:20:00,44.027,44.137,43.988,44.118,141873
332,2023-07-28 08:15:00,43.967,44.037,43.958,44.018,83830
333,2023-07-28 08:10:00,44.007,44.047,43.958,43.978,108134
334,2023-07-28 08:05:00,44.046,44.087,43.998,44.008,121338
335,2023-07-28 08:00:00,43.822,44.077,42.673,44.038,781890
336,2023-07-28 07:55:00,43.967,43.987,43.918,43.959,37797
337,2023-07-28 07:50:00,43.977,43.987,43.928,43.959,64226
338,2023-07-28 07:45:00,43.967,43.997,43.918,43.969,54189
339,2023-07-28 07:40:00,43.927,43.977,43.889,43.959,40779
340,2023-07-28 07:35:00,43.937,43.987,43.899,43.919,40959
341,2023-07-28 07:30:00,43.917,43.967,43.889,43.919,44615
342,2023-07-28 07:25:00,43.917,43.957,43.889,43.919,38182
343,2023-07-28 07:20:00,43.957,43.957,43.879,43.919,22442
344,2023-07-28 07:15:00,43.887,43.967,43.849,43.949,61836
345,2023-07-28 07:10:00,43.837,43.907,43.809,43.879,66335
346,2023-07-28 07:05:00,43.817,43.878,43.799,43.809,77245
347,2023-07-28 07:00:00,43.817,43.828,43.709,43.809,144892
348,2023-07-28 06:55:00,43.837,43.868,43.799,43.819,19414
349,2023-07-28 06:50:00,43.797,43.917,43.789,43.829,21388
350,2023-07-28 06:45:00,43.767,43.818,43.739,43.789,6162
351,2023-07-28 06:40:00,43.728,43.788,43.699,43.759,23339
352,2023-07-28 06:35:00,43.698,43.738,43.689,43.729,9077
353,2023-07-28 06:30:00,43.777,43.798,43.659,43.69,14505
354,2023-07-28 06:25:00,43.787,43.798,43.729,43.779,17792
355,2023-07-28 06:20:00,43.787,43.828,43.779,43.789,4794
356,2023-07-28 06:15:00,43.837,43.838,43.769,43.779,16867
357,2023-07-28 06:10:00,43.837,43.878,43.819,43.839,22701
358,2023-07-28 06:05:00,43.797,43.848,43.769,43.829,12793
359,2023-07-28 06:00:00,43.827,43.848,43.769,43.789,21725
360,2023-07-28 05:55:00,43.827,43.828,43.759,43.819,11345
361,2023-07-28 05:50:00,43.827,43.838,43.779,43.809,21246
362,2023-07-28 05:45:00,43.747,43.818,43.739,43.809,14622
363,2023-07-28 05:40:00,43.708,43.778,43.689,43.739,38390
364,2023-07-28 05:35:00,43.628,43.708,43.61,43.69,10805
365,2023-07-28 05:30:00,43.618,43.648,43.58,43.62,8295
366,2023-07-28 05:25:00,43.618,43.638,43.55,43.61,6470
367,2023-07-28 05:20:00,43.608,43.648,43.6,43.6,9307
368,2023-07-28 05:15:00,43.558,43.599,43.53,43.59,6405
369,2023-07-28 05:10:00,43.548,43.589,43.51,43.56,7326
370,2023-07-28 05:05:00,43.528,43.579,43.51,43.54,17317
371,2023-07-28 05:00:00,43.608,43.638,43.5,43.52,60356
372,2023-07-28 04:55:00,43.578,43.628,43.57,43.59,15624
373,2023-07-28 04:50:00,43.618,43.618,43.56,43.58,4134
374,2023-07-28 04:45:00,43.568,43.628,43.56,43.61,8830
375,2023-07-28 04:40:00,43.608,43.608,43.52,43.56,17562
376,2023-07-28 04:35:00,43.608,43.628,43.54,43.6,15294
377,2023-07-28 04:30:00,43.468,43.599,43.46,43.59,18625
378,2023-07-28 04:25:00,43.518,43.519,43.45,43.46,12916
379,2023-07-28 04:20:00,43.628,43.628,43.48,43.51,34810
380,2023-07-28 04:15:00,43.628,43.748,43.61,43.61,25162
381,2023-07-28 04:10:00,43.658,43.708,43.61,43.62,25899
382,2023-07-28 04:05:00,43.628,43.678,43.59,43.64,168396
383,2023-07-28 04:00:00,43.648,43.648,43.47,43.62,84759
384,2023-07-27 19:55:00,42.876,42.931,42.852,42.912,51206
385,2023-07-27 19:50:00,42.89,42.901,42.832,42.873,34691
386,2023-07-27 19:45:00,42.91,42.921,42.882,42.892,7927
387,2023-07-27 19:40:00,42.94,42.941,42.882,42.892,18923
388,2023-07-27 19:35:00,42.921,42.951,42.902,42.922,11791
389,2023-07-27 19:30:00,42.95,42.951,42.902,42.917,5000
390,2023-07-27 19:25:00,42.93,42.951,42.902,42.932,10291
391,2023-07-27 19:20:00,42.92,42.951,42.902,42.942,13678
392,2023-07-27 19:15:00,42.89,42.911,42.867,42.902,13837
393,2023-07-27 19:10:00,42.91,42.921,42.872,42.883,12428
394,2023-07-27 19:05:00,42.97,42.981,42.892,42.902,10785
395,2023-07-27 19:00:00,42.95,42.981,42.942,42.962,20452
396,2023-07-27 18:55:00,42.95,42.951,42.922,42.942,23542
397,2023-07-27 18:50:00,42.91,42.951,42.892,42.933,11301
398,2023-07-27 18:45:00,42.92,42.931,42.882,42.892,10312
399,2023-07-27 18:40:00,42.91,42.931,42.882,42.912,33861
400,2023-07-27 18:35:00,42.881,42.911,42.862,42.902,8552
401,2023-07-27 18:30:00,42.92,42.921,42.872,42.873,12442
402,2023-07-27 18:25:00,42.841,42.921,42.832,42.912,15665
403,2023-07-27 18:20:00,42.791,42.851,42.783,42.833,4622
404,2023-07-27 18:15:00,42.871,42.891,42.783,42.783,12471
405,2023-07-27 18:10:00,42.831,42.871,42.823,42.853,29837
406,2023-07-27 18:05:00,42.811,42.821,42.753,42.813,15396
407,2023-07-27 18:00:00,42.831,42.921,42.793,42.803,53340
408,2023-07-27 17:55:00,42.831,42.831,42.813,42.823,25450
409,2023-07-27 17:50:00,42.841,42.851,42.813,42.823,19023
410,2023-07-27 17:45:00,42.831,42.851,42.823,42.833,5736
411,2023-07-27 17:40:00,42.831,42.851,42.793,42.832,20780
412,2023-07-27 17:35:00,42.831,42.841,42.813,42.823,17869
413,2023-07-27 17:30:00,42.841,42.851,42.813,42.823,5879
414,2023-07-27 17:25:00,42.851,42.861,42.832,42.843,12534
415,2023-07-27 17:20:00,42.876,42.891,42.823,42.843,28980
416,2023-07-27 17:15:00,42.89,42.891,42.842,42.873,21424
417,2023-07-27 17:10:00,42.871,42.901,42.842,42.883,11893
418,2023-07-27 17:05:00,42.899,42.901,42.842,42.853,38299
419,2023-07-27 17:00:00,42.89,42.901,42.872,42.892,10848
420,2023-07-27 16:55:00,42.92,42.931,42.872,42.883,10502
421,2023-07-27 16:50:00,42.9,42.929,42.882,42.912,21922
422,2023-07-27 16:45:00,42.93,42.931,42.872,42.892,21446
423,2023-07-27 16:40:00,42.93,42.951,42.912,42.922,18522
424,2023-07-27 16:35:00,42.91,42.931,42.892,42.922,24181
425,2023-07-27 16:30:00,42.9,42.911,42.872,42.902,23096
426,2023-07-27 16:25:00,42.91,42.931,42.882,42.892,26507
427,2023-07-27 16:20:00,42.91,42.921,42.882,42.912,51184
428,2023-07-27 16:15:00,42.751,42.921,42.743,42.902,76268
429,2023-07-27 16:10:00,42.91,42.951,42.851,42.892,43634
430,2023-07-27 16:05:00,42.95,42.991,42.871,42.912,131534
431,2023-07-27 16:00:00,42.741,42.966,42.693,42.942,439794
432,2023-07-27 15:55:00,42.661,42.871,42.544,42.733,2060565
433,2023-07-27 15:50:00,42.452,42.761,42.424,42.658,2503437
434,2023-07-27 15:45:00,42.517,42.562,42.294,42.439,1851774
435,2023-07-27 15:40:00,42.686,42.741,42.474,42.504,1339284
436,2023-07-27 15:35:00,42.721,42.841,42.618,42.673,1336299
437,2023-07-27 15:30:00,42.791,42.931,42.713,42.713,946017
438,2023-07-27 15:25:00,42.826,42.911,42.738,42.773,1043065
439,2023-07-27 15:20:00,43.07,43.075,42.793,42.818,1428965
440,2023-07-27 15:15:00,43.04,43.15,42.912,43.052,1840779
441,2023-07-27 15:10:00,42.791,43.087,42.778,43.037,2163390
442,2023-07-27 15:05:00,42.721,42.801,42.504,42.783,1452448
443,2023-07-27 15:00:00,42.601,42.767,42.563,42.713,1287043
444,2023-07-27 14:55:00,42.92,42.921,42.593,42.594,1876289
445,2023-07-27 14:50:00,42.97,43.011,42.823,42.914,1191210
446,2023-07-27 14:45:00,43.0,43.12,42.922,42.962,1290635
447,2023-07-27 14:40:00,42.827,43.03,42.783,42.992,1979051
448,2023-07-27 14:35:00,43.09,43.12,42.683,42.813,2297612
449,2023-07-27 14:30:00,43.14,43.31,43.006,43.082,2131703
450,2023-07-27 14:25:00,43.444,43.499,43.121,43.137,2920827
451,2023-07-27 14:20:00,43.599,43.688,43.41,43.44,1393322
452,2023-07-27 14:15:00,43.468,43.612,43.44,43.59,1707360
453,2023-07-27 14:10:00,43.738,43.738,43.4,43.47,2213082
454,2023-07-27 14:05:00,43.997,44.063,43.669,43.734,1704926
455,2023-07-27 14:00:00,44.046,44.157,43.889,43.993,1165876
456,2023-07-27 13:55:00,44.017,44.082,43.889,44.042,926643
457,2023-07-27 13:50:00,44.04,44.156,43.909,43.998,1122271
458,2023-07-27 13:45:00,44.185,44.205,43.978,44.038,908003
459,2023-07-27 13:40:00,43.972,44.216,43.958,44.178,1311381
460,2023-07-27 13:35:00,44.076,44.147,43.938,43.964,1520466
461,2023-07-27 13:30:00,44.196,44.226,44.048,44.068,1699204
462,2023-07-27 13:25:00,44.306,44.354,44.148,44.188,1068624
463,2023-07-27 13:20:00,44.39,44.416,44.168,44.307,1988137
464,2023-07-27 13:15:00,44.734,44.75,44.327,44.387,2516669
465,2023-07-27 13:10:00,44.674,44.794,44.636,44.728,1254062
466,2023-07-27 13:05:00,44.893,44.943,44.407,44.675,3172344
467,2023-07-27 13:00:00,44.953,45.063,44.865,44.885,1214357
468,2023-07-27 12:55:00,44.893,44.954,44.825,44.945,777590
469,2023-07-27 12:50:00,45.053,45.063,44.865,44.885,1224564
470,2023-07-27 12:45:00,45.043,45.123,45.024,45.054,549002
471,2023-07-27 12:40:00,45.058,45.113,45.005,45.045,463099
472,2023-07-27 12:35:00,45.033,45.128,44.985,45.05,834616
473,2023-07-27 12:30:00,45.083,45.133,45.024,45.03,1141336
474,2023-07-27 12:25:00,44.933,45.093,44.915,45.074,1154647
475,2023-07-27 12:20:00,44.884,44.934,44.785,44.923,554849
476,2023-07-27 12:15:00,44.903,45.004,44.805,44.869,883012
477,2023-07-27 12:10:00,44.878,44.951,44.865,44.895,722134
478,2023-07-27 12:05:00,44.804,44.904,44.755,44.867,700879
479,2023-07-27 12:00:00,44.595,44.804,44.571,44.786,1187691
480,2023-07-27 11:55:00,44.624,44.655,44.506,44.586,683648
481,2023-07-27 11:50:00,44.644,44.754,44.586,44.615,731981
482,2023-07-27 11:45:00,44.764,44.834,44.606,44.636,1227984
483,2023-07-27 11:40:00,44.904,44.934,44.745,44.765,780926
484,2023-07-27 11:35:00,44.953,44.964,44.825,44.895,1042690
485,2023-07-27 11:30:00,44.874,45.014,44.865,44.945,1709434
486,2023-07-27 11:25:00,44.754,44.874,44.72,44.855,1424817
487,2023-07-27 11:20:00,44.624,44.774,44.536,44.746,938621
488,2023-07-27 11:15:00,44.51,44.645,44.437,44.616,942133
489,2023-07-27 11:10:00,44.545,44.625,44.417,44.497,906729
490,2023-07-27 11:05:00,44.619,44.693,44.476,44.538,779842
491,2023-07-27 11:00:00,44.435,44.715,44.427,44.611,1529578
492,2023-07-27 10:55:00,44.624,44.725,44.347,44.427,1458596
493,2023-07-27 10:50:00,44.816,44.839,44.608,44.616,1249415
494,2023-07-27 10:45:00,44.774,44.959,44.755,44.809,1907909
495,2023-07-27 10:40:00,44.694,44.814,44.636,44.766,1347497
496,2023-07-27 10:35:00,44.585,44.705,44.516,44.692,1538749
497,2023-07-27 10:30:00,44.435,44.605,44.372,44.581,1979856
498,2023-07-27 10:25:00,44.814,44.814,44.408,44.418,2783255
499,2023-07-27 10:20:00,45.031,45.073,44.805,44.805,1523467
500,2023-07-27 10:15:00,44.973,45.093,44.915,45.025,1327897
501,2023-07-27 10:10:00,45.022,45.073,44.895,44.965,1525932
502,2023-07-27 10:05:00,45.252,45.263,44.935,45.012,1994042
503,2023-07-27 10:00:00,45.242,45.362,45.174,45.245,1599216
504,2023-07-27 09:55:00,45.372,45.382,45.114,45.243,2105883
505,2023-07-27 09:50:00,45.412,45.462,45.283,45.363,1845347
506,2023-07-27 09:45:00,45.452,45.532,45.283,45.393,3397067
507,2023-07-27 09:40:00,45.292,45.452,45.259,45.434,3063794
508,2023-07-27 09:35:00,45.108,45.293,45.064,45.274,3962159
509,2023-07-27 09:30:00,44.953,45.193,44.855,45.094,5956333
510,2023-07-27 09:25:00,44.963,44.964,44.845,44.945,241873
511,2023-07-27 09:20:00,44.953,45.014,44.915,44.955,223409
512,2023-07-27 09:15:00,44.874,44.994,44.855,44.935,141874
513,2023-07-27 09:10:00,44.923,44.934,44.835,44.865,176710
514,2023-07-27 09:05:00,44.834,44.944,44.825,44.915,164776
515,2023-07-27 09:00:00,44.834,44.864,44.785,44.835,181113
516,2023-07-27 08:55:00,44.794,44.844,44.726,44.825,234658
517,2023-07-27 08:50:00,44.933,44.934,44.785,44.795,182675
518,2023-07-27 08:45:00,44.943,44.994,44.885,44.935,246478
519,2023-07-27 08:40:00,44.993,45.014,44.865,44.925,435442
520,2023-07-27 08:35:00,45.013,45.024,44.905,44.985,224113
521,2023-07-27 08:30:00,44.923,45.034,44.795,44.995,682181
522,2023-07-27 08:25:00,44.923,44.944,44.895,44.915,59699
523,2023-07-27 08:20:00,44.933,44.964,44.885,44.915,145557
524,2023-07-27 08:15:00,44.884,44.964,44.865,44.925,154363
525,2023-07-27 08:10:00,44.804,44.904,44.787,44.875,156075
526,2023-07-27 08:05:00,44.824,44.834,44.765,44.795,106660
527,2023-07-27 08:00:00,44.664,44.874,43.829,44.815,697145
528,2023-07-27 07:55:00,44.804,44.814,44.765,44.786,20067
529,2023-07-27 07:50:00,44.764,44.814,44.755,44.795,25894
530,2023-07-27 07:45:00,44.764,44.804,44.745,44.756,33963
531,2023-07-27 07:40:00,44.714,44.774,44.696,44.766,41392
532,2023-07-27 07:35:00,44.714,44.754,44.696,44.706,49443
533,2023-07-27 07:30:00,44.634,44.725,44.626,44.706,41264
534,2023-07-27 07:25:00,44.634,44.665,44.606,44.616,21277
535,2023-07-27 07:20:00,44.624,44.645,44.586,44.626,42592
536,2023-07-27 07:15:00,44.634,44.665,44.606,44.606,22086
537,2023-07-27 07:10:00,44.614,44.675,44.596,44.616,28307
538,2023-07-27 07:05:00,44.624,44.695,44.596,44.616,36701
539,2023-07-27 07:00:00,44.654,44.665,44.606,44.626,196896
540,2023-07-27 06:55:00,44.654,44.685,44.636,44.646,28312
541,2023-07-27 06:50:00,44.704,44.705,44.636,44.636,15913
542,2023-07-27 06:45:00,44.704,44.735,44.696,44.696,5641
543,2023-07-27 06:40:00,44.714,44.725,44.676,44.686,10972
544,2023-07-27 06:35:00,44.674,44.715,44.666,44.706,14094
545,2023-07-27 06:30:00,44.684,44.715,44.656,44.666,19026
546,2023-07-27 06:25:00,44.654,44.695,44.646,44.676,7719
547,2023-07-27 06:20:00,44.634,44.665,44.616,44.646,7262
548,2023-07-27 06:15:00,44.674,44.675,44.596,44.626,7679
549,2023-07-27 06:10:00,44.654,44.695,44.646,44.666,4937
550,2023-07-27 06:05:00,44.634,44.685,44.616,44.646,7245
551,2023-07-27 06:00:00,44.684,44.685,44.616,44.626,25165
552,2023-07-27 05:55:00,44.704,44.715,44.666,44.666,12801
553,2023-07-27 05:50:00,44.744,44.745,44.666,44.696,20914
554,2023-07-27 05:45:00,44.664,44.754,44.626,44.736,23062
555,2023-07-27 05:40:00,44.684,44.715,44.646,44.666,28468
556,2023-07-27 05:35:00,44.634,44.695,44.626,44.676,11177
557,2023-07-27 05:30:00,44.644,44.695,44.616,44.626,17597
558,2023-07-27 05:25:00,44.575,44.645,44.566,44.636,11877
559,2023-07-27 05:20:00,44.614,44.625,44.546,44.566,10736
560,2023-07-27 05:15:00,44.605,44.645,44.586,44.606,9489
561,2023-07-27 05:10:00,44.664,44.665,44.586,44.586,9768
562,2023-07-27 05:05:00,44.634,44.685,44.606,44.676,12516
563,2023-07-27 05:00:00,44.684,44.715,44.626,44.626,28090
564,2023-07-27 04:55:00,44.595,44.715,44.576,44.676,43939
565,2023-07-27 04:50:00,44.545,44.625,44.526,44.586,9280
566,2023-07-27 04:45:00,44.555,44.565,44.506,44.536,15343
567,2023-07-27 04:40:00,44.525,44.585,44.516,44.546,18608
568,2023-07-27 04:35:00,44.644,44.655,44.506,44.526,28011
569,2023-07-27 04:30:00,44.634,44.655,44.576,44.636,23409
570,2023-07-27 04:25:00,44.634,44.645,44.606,44.626,38410
571,2023-07-27 04:20:00,44.575,44.645,44.546,44.616,34769
572,2023-07-27 04:15:00,44.545,44.605,44.526,44.576,28425
573,2023-07-27 04:10:00,44.515,44.545,44.466,44.536,42360
574,2023-07-27 04:05:00,44.475,44.515,44.437,44.497,51362
575,2023-07-27 04:00:00,44.355,44.475,44.048,44.457,125265
576,2023-07-26 19:55:00,43.429,43.449,43.41,43.43,27769
577,2023-07-26 19:50:00,43.428,43.429,43.401,43.421,19681
578,2023-07-26 19:45:00,43.399,43.439,43.385,43.411,8755
579,2023-07-26 19:40:00,43.409,43.409,43.371,43.381,9240
580,2023-07-26 19:35:00,43.389,43.409,43.371,43.401,14658
581,2023-07-26 19:30:00,43.418,43.418,43.371,43.381,9347
582,2023-07-26 19:25:00,43.449,43.449,43.4,43.401,21403
583,2023-07-26 19:20:00,43.399,43.449,43.38,43.44,13672
584,2023-07-26 19:15:00,43.379,43.399,43.371,43.381,5427
585,2023-07-26 19:10:00,43.369,43.389,43.351,43.371,9679
586,2023-07-26 19:05:00,43.369,43.379,43.351,43.361,13075
587,2023-07-26 19:00:00,43.359,43.379,43.341,43.371,31814
588,2023-07-26 18:55:00,43.379,43.379,43.341,43.341,5322
589,2023-07-26 18:50:00,43.349,43.379,43.331,43.37,38666
590,2023-07-26 18:45:00,43.36,43.369,43.321,43.331,11520
591,2023-07-26 18:40:00,43.349,43.369,43.331,43.361,21575
592,2023-07-26 18:35:00,43.349,43.369,43.331,43.341,6040
593,2023-07-26 18:30:00,43.319,43.369,43.311,43.341,29092
594,2023-07-26 18:25:00,43.309,43.339,43.301,43.311,7473
595,2023-07-26 18:20:00,43.319,43.339,43.301,43.301,10093
596,2023-07-26 18:15:00,43.279,43.329,43.271,43.301,9791
597,2023-07-26 18:10:00,43.309,43.329,43.241,43.251,13303
598,2023-07-26 18:05:00,43.339,43.349,43.291,43.301,14807
599,2023-07-26 18:00:00,43.399,43.409,43.311,43.331,26195
600,2023-07-26 17:55:00,43.369,43.409,43.341,43.401,13841
601,2023-07-26 17:50:00,43.329,43.369,43.321,43.341,22079
602,2023-07-26 17:45:00,43.349,43.349,43.301,43.331,14029
603,2023-07-26 17:40:00,43.339,43.349,43.301,43.312,11871
604,2023-07-26 17:35:00,43.349,43.369,43.321,43.341,8725
605,2023-07-26 17:30:00,43.349,43.379,43.311,43.341,6276
606,2023-07-26 17:25:00,43.369,43.379,43.291,43.341,26506
607,2023-07-26 17:20:00,43.349,43.379,43.301,43.321,18410
608,2023-07-26 17:15:00,43.319,43.359,43.281,43.281,6866
609,2023-07-26 17:10:00,43.319,43.339,43.281,43.311,27943
610,2023-07-26 17:05:00,43.221,43.319,43.211,43.311,24068
611,2023-07-26 17:00:00,43.189,43.25,43.181,43.231,33664
612,2023-07-26 16:55:00,43.199,43.23,43.171,43.181,84044
613,2023-07-26 16:50:00,43.209,43.22,43.171,43.191,59247
614,2023-07-26 16:45:00,43.219,43.23,43.181,43.211,43758
615,2023-07-26 16:40:00,43.269,43.28,43.181,43.211,73952
616,2023-07-26 16:35:00,43.299,43.319,43.241,43.271,33561
617,2023-07-26 16:30:00,43.349,43.369,43.221,43.31,132426
618,2023-07-26 16:25:00,43.409,43.429,43.301,43.351,92089
619,2023-07-26 16:20:00,43.399,43.479,43.371,43.401,99498
620,2023-07-26 16:15:00,43.12,43.449,43.111,43.381,81795
621,2023-07-26 16:10:00,43.478,43.479,43.151,43.411,357440
622,2023-07-26 16:05:00,43.22,43.897,43.201,43.46,721207
623,2023-07-26 16:00:00,43.12,43.3,43.072,43.221,428572
624,2023-07-26 15:55:00,42.92,43.13,42.803,43.112,1606194
625,2023-07-26 15:50:00,43.08,43.08,42.793,42.907,1857039
626,2023-07-26 15:45:00,43.264,43.305,43.082,43.082,1346025
627,2023-07-26 15:40:00,42.977,43.275,42.969,43.256,2285636
628,2023-07-26 15:35:00,42.91,43.021,42.773,42.965,1657198
629,2023-07-26 15:30:00,42.801,42.921,42.653,42.903,1422802
630,2023-07-26 15:25:00,42.691,42.866,42.633,42.803,1329044
631,2023-07-26 15:20:00,42.532,42.896,42.524,42.69,2748259
632,2023-07-26 15:15:00,42.601,42.732,42.338,42.555,2534195
633,2023-07-26 15:10:00,42.532,42.761,42.434,42.594,2034085
634,2023-07-26 15:05:00,43.199,43.249,42.444,42.524,3411960
635,2023-07-26 15:00:00,43.279,43.389,43.111,43.191,1841577
636,2023-07-26 14:55:00,43.511,43.529,43.111,43.261,2252141
637,2023-07-26 14:50:00,43.299,43.549,43.192,43.515,2169227
638,2023-07-26 14:45:00,43.548,43.608,43.191,43.297,2801967
639,2023-07-26 14:40:00,43.498,43.698,43.39,43.536,4988616
640,2023-07-26 14:35:00,42.761,43.539,42.753,43.49,4842987
641,2023-07-26 14:30:00,42.676,42.941,42.638,42.743,1570539
642,2023-07-26 14:25:00,42.801,42.806,42.544,42.658,1371493
643,2023-07-26 14:20:00,42.881,42.941,42.766,42.802,694328
644,2023-07-26 14:15:00,42.881,42.911,42.804,42.863,884079
645,2023-07-26 14:10:00,42.9,43.06,42.842,42.873,1755540
646,2023-07-26 14:05:00,42.821,42.918,42.707,42.897,966297
647,2023-07-26 14:00:00,42.651,42.921,42.474,42.809,2603868
648,2023-07-26 13:55:00,42.641,42.697,42.633,42.653,405493
649,2023-07-26 13:50:00,42.711,42.722,42.623,42.633,417603
650,2023-07-26 13:45:00,42.617,42.721,42.603,42.703,380118
651,2023-07-26 13:40:00,42.676,42.685,42.593,42.612,292520
652,2023-07-26 13:35:00,42.661,42.711,42.625,42.663,330354
653,2023-07-26 13:30:00,42.691,42.692,42.603,42.658,342474
654,2023-07-26 13:25:00,42.622,42.692,42.603,42.677,349971
655,2023-07-26 13:20:00,42.622,42.652,42.534,42.619,391569
656,2023-07-26 13:15:00,42.691,42.697,42.593,42.618,411000
657,2023-07-26 13:10:00,42.686,42.717,42.653,42.683,372621
658,2023-07-26 13:05:00,42.681,42.702,42.593,42.683,366417
659,2023-07-26 13:00:00,42.607,42.692,42.563,42.673,521596
660,2023-07-26 12:55:00,42.532,42.612,42.508,42.599,401469
661,2023-07-26 12:50:00,42.606,42.652,42.509,42.514,557992
662,2023-07-26 12:45:00,42.631,42.652,42.573,42.599,358977
663,2023-07-26 12:40:00,42.641,42.699,42.593,42.633,394662
664,2023-07-26 12:35:00,42.736,42.739,42.593,42.634,482523
665,2023-07-26 12:30:00,42.651,42.751,42.633,42.723,589852
666,2023-07-26 12:25:00,42.756,42.756,42.633,42.643,656919
667,2023-07-26 12:20:00,42.885,42.891,42.743,42.753,636277
668,2023-07-26 12:15:00,42.92,42.936,42.842,42.876,464299
669,2023-07-26 12:10:00,42.911,42.991,42.892,42.917,459952
670,2023-07-26 12:05:00,42.905,42.921,42.862,42.909,279330
671,2023-07-26 12:00:00,42.89,42.916,42.813,42.902,491018
672,2023-07-26 11:55:00,42.91,42.951,42.857,42.883,514333
673,2023-07-26 11:50:00,42.86,42.981,42.806,42.897,967208
674,2023-07-26 11:45:00,42.816,42.867,42.763,42.853,601212
675,2023-07-26 11:40:00,42.751,42.821,42.735,42.809,689266
676,2023-07-26 11:35:00,42.705,42.781,42.677,42.743,713775
677,2023-07-26 11:30:00,42.592,42.732,42.564,42.698,803664
678,2023-07-26 11:25:00,42.502,42.662,42.484,42.584,689018
679,2023-07-26 11:20:00,42.626,42.637,42.494,42.494,653616
680,2023-07-26 11:15:00,42.572,42.652,42.504,42.613,1173991
681,2023-07-26 11:10:00,42.472,42.582,42.429,42.554,1199802
682,2023-07-26 11:05:00,42.488,42.512,42.384,42.471,1229649
683,2023-07-26 11:00:00,42.487,42.497,42.284,42.484,1823100
684,2023-07-26 10:55:00,42.721,42.727,42.434,42.479,2408814
685,2023-07-26 10:50:00,42.861,42.895,42.703,42.715,1242584
686,2023-07-26 10:45:00,43.03,43.04,42.842,42.853,957650
687,2023-07-26 10:40:00,43.035,43.099,42.972,43.022,779783
688,2023-07-26 10:35:00,43.04,43.14,42.992,43.022,747417
689,2023-07-26 10:30:00,43.06,43.175,43.012,43.032,726637
690,2023-07-26 10:25:00,43.179,43.2,43.041,43.052,619190
691,2023-07-26 10:20:00,43.179,43.24,43.002,43.171,1370963
692,2023-07-26 10:15:00,43.219,43.245,43.131,43.176,727352
693,2023-07-26 10:10:00,43.095,43.28,43.022,43.211,1037878
694,2023-07-26 10:05:00,43.199,43.26,43.082,43.082,1037112
695,2023-07-26 10:00:00,43.229,43.299,43.111,43.191,1660300
696,2023-07-26 09:55:00,43.189,43.25,43.083,43.221,1018599
697,2023-07-26 09:50:00,43.03,43.22,42.962,43.191,1679938
698,2023-07-26 09:45:00,43.03,43.11,42.917,43.032,1873162
699,2023-07-26 09:40:00,42.9,43.13,42.832,43.027,2141061
700,2023-07-26 09:35:00,42.841,42.93,42.713,42.892,2389192
701,2023-07-26 09:30:00,43.17,43.339,42.743,42.824,3257351
702,2023-07-26 09:25:00,43.16,43.23,43.131,43.171,148544
703,2023-07-26 09:20:00,43.239,43.24,43.151,43.161,120509
704,2023-07-26 09:15:00,43.219,43.25,43.181,43.231,55151
705,2023-07-26 09:10:00,43.289,43.29,43.199,43.211,59973
706,2023-07-26 09:05:00,43.16,43.31,43.149,43.281,48691
707,2023-07-26 09:00:00,43.14,43.19,43.131,43.152,55028
708,2023-07-26 08:55:00,43.189,43.21,43.121,43.132,69045
709,2023-07-26 08:50:00,43.269,43.28,43.171,43.181,116292
710,2023-07-26 08:45:00,43.259,43.29,43.231,43.261,82402
711,2023-07-26 08:40:00,43.299,43.329,43.261,43.261,34665
712,2023-07-26 08:35:00,43.339,43.349,43.261,43.281,52265
713,2023-07-26 08:30:00,43.279,43.349,43.251,43.329,52748
714,2023-07-26 08:25:00,43.219,43.28,43.183,43.271,35267
715,2023-07-26 08:20:00,43.189,43.24,43.141,43.221,25338
716,2023-07-26 08:15:00,43.17,43.22,43.141,43.191,54089
717,2023-07-26 08:10:00,43.11,43.17,43.082,43.152,50101
718,2023-07-26 08:05:00,43.219,43.23,43.062,43.092,143199
719,2023-07-26 08:00:00,43.239,43.628,43.171,43.221,299900
720,2023-07-26 07:55:00,43.309,43.329,43.221,43.241,12003
721,2023-07-26 07:50:00,43.239,43.319,43.231,43.311,17568
722,2023-07-26 07:45:00,43.259,43.31,43.231,43.241,11327
723,2023-07-26 07:40:00,43.199,43.27,43.191,43.251,60003
724,2023-07-26 07:35:00,43.279,43.28,43.181,43.191,21724
725,2023-07-26 07:30:00,43.319,43.339,43.251,43.271,14426
726,2023-07-26 07:25:00,43.389,43.389,43.301,43.311,12882
727,2023-07-26 07:20:00,43.359,43.399,43.321,43.391,19760
728,2023-07-26 07:15:00,43.239,43.369,43.231,43.351,20958
729,2023-07-26 07:10:00,43.239,43.27,43.231,43.231,6961
730,2023-07-26 07:05:00,43.239,43.25,43.211,43.231,16672
731,2023-07-26 07:00:00,43.239,43.26,43.201,43.231,17153
732,2023-07-26 06:55:00,43.259,43.26,43.201,43.211,6848
733,2023-07-26 06:50:00,43.259,43.26,43.211,43.251,22715
734,2023-07-26 06:45:00,43.259,43.28,43.221,43.251,10792
735,2023-07-26 06:40:00,43.239,43.27,43.211,43.251,7480
736,2023-07-26 06:35:00,43.269,43.3,43.231,43.231,6535
737,2023-07-26 06:30:00,43.209,43.28,43.201,43.261,6728
738,2023-07-26 06:25:00,43.189,43.22,43.171,43.201,13117
739,2023-07-26 06:20:00,43.299,43.3,43.171,43.191,20887
740,2023-07-26 06:15:00,43.319,43.349,43.301,43.301,6751
741,2023-07-26 06:10:00,43.369,43.379,43.291,43.291,5828
742,2023-07-26 06:05:00,43.429,43.429,43.351,43.361,3368
743,2023-07-26 06:00:00,43.389,43.419,43.38,43.401,5090
744,2023-07-26 05:55:00,43.339,43.399,43.321,43.371,14712
745,2023-07-26 05:50:00,43.359,43.369,43.301,43.321,7784
746,2023-07-26 05:45:00,43.349,43.399,43.321,43.351,8687
747,2023-07-26 05:40:00,43.339,43.349,43.281,43.341,14146
748,2023-07-26 05:35:00,43.439,43.449,43.331,43.331,20217
749,2023-07-26 05:30:00,43.419,43.459,43.41,43.45,2738
750,2023-07-26 05:25:00,43.429,43.439,43.39,43.411,3548
751,2023-07-26 05:20:00,43.379,43.429,43.371,43.421,16085
752,2023-07-26 05:15:00,43.339,43.389,43.321,43.381,13201
753,2023-07-26 05:10:00,43.429,43.449,43.331,43.331,20825
754,2023-07-26 05:05:00,43.409,43.439,43.4,43.43,11598
755,2023-07-26 05:00:00,43.379,43.419,43.361,43.401,6155
756,2023-07-26 04:55:00,43.379,43.399,43.341,43.371,4888
757,2023-07-26 04:50:00,43.389,43.399,43.351,43.371,7074
758,2023-07-26 04:45:00,43.439,43.459,43.38,43.381,20961
759,2023-07-26 04:40:00,43.478,43.489,43.43,43.44,10813
760,2023-07-26 04:35:00,43.478,43.509,43.46,43.48,17108
761,2023-07-26 04:30:00,43.528,43.529,43.46,43.48,5505
762,2023-07-26 04:25:00,43.498,43.539,43.48,43.51,2229
763,2023-07-26 04:20:00,43.538,43.539,43.49,43.49,2578
764,2023-07-26 04:15:00,43.458,43.539,43.44,43.53,14634
765,2023-07-26 04:10:00,43.538,43.539,43.42,43.45,4906
766,2023-07-26 04:05:00,43.498,43.549,43.45,43.53,13315
767,2023-07-26 04:00:00,43.528,43.559,43.321,43.49,32248
768,2023-07-25 19:55:00,43.309,43.31,43.261,43.301,50326
769,2023-07-25 19:50:00,43.299,43.319,43.271,43.301,46770
770,2023-07-25 19:45:00,43.309,43.319,43.271,43.291,10117
771,2023-07-25 19:40:00,43.289,43.31,43.261,43.301,5447
772,2023-07-25 19:35:00,43.269,43.29,43.241,43.271,25393
773,2023-07-25 19:30:00,43.299,43.3,43.241,43.261,13836
774,2023-07-25 19:25:00,43.279,43.329,43.261,43.301,70538
775,2023-07-25 19:20:00,43.269,43.3,43.261,43.281,35168
776,2023-07-25 19:15:00,43.279,43.29,43.241,43.261,32878
777,2023-07-25 19:10:00,43.319,43.349,43.261,43.271,9997
778,2023-07-25 19:05:00,43.369,43.369,43.291,43.311,37170
779,2023-07-25 19:00:00,43.369,44.794,43.341,43.351,10937
780,2023-07-25 18:55:00,43.359,43.379,43.331,43.361,13182
781,2023-07-25 18:50:00,43.369,43.379,43.321,43.361,20351
782,2023-07-25 18:45:00,43.349,43.399,43.341,43.371,28306
783,2023-07-25 18:40:00,43.309,43.379,43.301,43.341,27310
784,2023-07-25 18:35:00,43.229,43.319,43.191,43.311,58795
785,2023-07-25 18:30:00,43.299,43.329,43.221,43.221,43354
786,2023-07-25 18:25:00,43.309,43.349,43.201,43.281,42810
787,2023-07-25 18:20:00,43.229,43.359,43.161,43.311,81028
788,2023-07-25 18:15:00,43.379,43.449,43.181,43.221,170406
789,2023-07-25 18:10:00,43.498,43.529,43.271,43.371,91955
790,2023-07-25 18:05:00,43.797,43.808,43.5,43.5,139494
791,2023-07-25 18:00:00,43.997,44.176,43.769,43.769,205844
792,2023-07-25 17:55:00,43.977,44.097,43.879,43.879,91295
793,2023-07-25 17:50:00,43.967,43.997,43.958,43.969,12062
794,2023-07-25 17:45:00,43.917,43.997,43.889,43.959,12420
795,2023-07-25 17:40:00,43.867,43.997,43.849,43.909,16255
796,2023-07-25 17:35:00,43.927,43.937,43.849,43.859,25301
797,2023-07-25 17:30:00,43.977,43.987,43.899,43.919,8376
798,2023-07-25 17:25:00,44.007,44.017,43.899,43.919,33052
799,2023-07-25 17:20:00,44.017,44.017,42.598,44.008,16244
800,2023-07-25 17:15:00,43.977,44.047,43.948,43.998,12878
801,2023-07-25 17:10:00,43.997,44.007,43.948,43.969,62930
802,2023-07-25 17:05:00,44.036,44.077,43.988,43.988,103552
803,2023-07-25 17:00:00,44.027,44.047,43.998,44.038,41546
804,2023-07-25 16:55:00,44.046,44.067,43.988,44.018,65475
805,2023-07-25 16:50:00,43.997,44.057,43.978,44.028,38393
806,2023-07-25 16:45:00,44.036,44.067,43.958,43.988,96015
807,2023-07-25 16:40:00,44.056,44.097,44.028,44.028,108693
808,2023-07-25 16:35:00,43.967,44.067,43.948,44.058,128044
809,2023-07-25 16:30:00,43.997,44.027,43.948,43.949,58804
810,2023-07-25 16:25:00,44.017,44.047,43.938,43.978,133348
811,2023-07-25 16:20:00,43.917,44.047,43.879,44.008,159291
812,2023-07-25 16:15:00,43.568,44.047,43.56,43.899,172944
813,2023-07-25 16:10:00,43.877,43.987,43.729,43.959,275813
814,2023-07-25 16:05:00,43.488,43.947,43.46,43.879,337772
815,2023-07-25 16:00:00,43.558,44.037,43.092,43.49,1392436
816,2023-07-25 15:55:00,43.738,43.738,43.56,43.56,1626376
817,2023-07-25 15:50:00,43.777,43.848,43.699,43.735,1157476
818,2023-07-25 15:45:00,43.777,43.798,43.689,43.774,874016
819,2023-07-25 15:40:00,43.857,43.878,43.759,43.769,398045
820,2023-07-25 15:35:00,43.817,43.907,43.789,43.842,722075
821,2023-07-25 15:30:00,43.852,43.858,43.739,43.814,673002
822,2023-07-25 15:25:00,43.865,43.897,43.809,43.842,531436
823,2023-07-25 15:20:00,43.897,43.977,43.829,43.854,863619
824,2023-07-25 15:15:00,43.977,43.997,43.884,43.899,675953
825,2023-07-25 15:10:00,43.907,43.987,43.839,43.973,616298
826,2023-07-25 15:05:00,43.837,43.917,43.799,43.889,520051
827,2023-07-25 15:00:00,43.747,43.897,43.709,43.824,973060
828,2023-07-25 14:55:00,44.012,44.012,43.723,43.729,903063
829,2023-07-25 14:50:00,43.987,44.037,43.958,44.003,542124
830,2023-07-25 14:45:00,44.114,44.127,43.968,43.973,709176
831,2023-07-25 14:40:00,44.036,44.117,43.968,44.105,1008138
832,2023-07-25 14:35:00,44.021,44.087,44.008,44.018,738764
833,2023-07-25 14:30:00,43.917,44.047,43.902,44.018,1010715
834,2023-07-25 14:25:00,43.917,43.937,43.849,43.904,683440
835,2023-07-25 14:20:00,43.838,43.957,43.829,43.909,781065
836,2023-07-25 14:15:00,43.817,43.873,43.749,43.834,641524
837,2023-07-25 14:10:00,43.735,43.825,43.714,43.815,497428
838,2023-07-25 14:05:00,43.777,43.798,43.709,43.729,329455
839,2023-07-25 14:00:00,43.747,43.808,43.699,43.769,459324
840,2023-07-25 13:55:00,43.747,43.808,43.719,43.739,350677
841,2023-07-25 13:50:00,43.75,43.768,43.693,43.734,372020
842,2023-07-25 13:45:00,43.837,43.838,43.714,43.749,491958
843,2023-07-25 13:40:00,43.857,43.868,43.769,43.829,310888
844,2023-07-25 13:35:00,43.891,43.907,43.789,43.849,476275
845,2023-07-25 13:30:00,43.877,43.907,43.859,43.881,377033
846,2023-07-25 13:25:00,43.861,43.907,43.839,43.869,364444
847,2023-07-25 13:20:00,43.83,43.897,43.819,43.854,423361
848,2023-07-25 13:15:00,43.812,43.877,43.789,43.828,531445
849,2023-07-25 13:10:00,43.738,43.818,43.724,43.804,355614
850,2023-07-25 13:05:00,43.822,43.838,43.679,43.739,1323040
851,2023-07-25 13:00:00,43.807,43.868,43.739,43.814,1080009
852,2023-07-25 12:55:00,43.767,43.818,43.729,43.799,650482
853,2023-07-25 12:50:00,43.602,43.768,43.594,43.75,798202
854,2023-07-25 12:45:00,43.598,43.622,43.58,43.595,329763
855,2023-07-25 12:40:00,43.628,43.635,43.535,43.586,404488
856,2023-07-25 12:35:00,43.533,43.628,43.52,43.62,458377
857,2023-07-25 12:30:00,43.558,43.569,43.45,43.53,396917
858,2023-07-25 12:25:00,43.548,43.578,43.46,43.55,455058
859,2023-07-25 12:20:00,43.648,43.678,43.52,43.54,462060
860,2023-07-25 12:15:00,43.578,43.663,43.52,43.641,547191
861,2023-07-25 12:10:00,43.636,43.638,43.54,43.58,428628
862,2023-07-25 12:05:00,43.519,43.638,43.51,43.63,724459
863,2023-07-25 12:00:00,43.583,43.589,43.48,43.51,555010
864,2023-07-25 11:55:00,43.598,43.608,43.52,43.57,624742
865,2023-07-25 11:50:00,43.657,43.668,43.58,43.59,525018
866,2023-07-25 11:45:00,43.678,43.693,43.624,43.65,562085
867,2023-07-25 11:40:00,43.608,43.718,43.58,43.66,811348
868,2023-07-25 11:35:00,43.49,43.638,43.48,43.6,1013783
869,2023-07-25 11:30:00,43.429,43.529,43.39,43.48,587349
870,2023-07-25 11:25:00,43.435,43.484,43.362,43.412,566180
871,2023-07-25 11:20:00,43.41,43.459,43.356,43.43,780154
872,2023-07-25 11:15:00,43.369,43.429,43.291,43.409,819405
873,2023-07-25 11:10:00,43.259,43.399,43.237,43.361,949591
874,2023-07-25 11:05:00,43.184,43.27,43.124,43.246,539167
875,2023-07-25 11:00:00,43.13,43.21,43.102,43.171,632586
876,2023-07-25 10:55:00,43.1,43.16,43.042,43.116,585792
877,2023-07-25 10:50:00,43.214,43.22,43.042,43.092,911696
878,2023-07-25 10:45:00,43.229,43.275,43.131,43.211,697610
879,2023-07-25 10:40:00,43.279,43.319,43.151,43.217,767607
880,2023-07-25 10:35:00,43.209,43.29,43.141,43.271,880152
881,2023-07-25 10:30:00,43.249,43.29,43.062,43.199,1794812
882,2023-07-25 10:25:00,43.449,43.449,43.231,43.245,866420
883,2023-07-25 10:20:00,43.328,43.469,43.308,43.441,792354
884,2023-07-25 10:15:00,43.458,43.465,43.261,43.321,1046303
885,2023-07-25 10:10:00,43.369,43.469,43.351,43.45,943625
886,2023-07-25 10:05:00,43.452,43.499,43.301,43.366,1100058
887,2023-07-25 10:00:00,43.538,43.599,43.43,43.45,1629469
888,2023-07-25 09:55:00,43.339,43.579,43.311,43.52,1660117
889,2023-07-25 09:50:00,43.389,43.419,43.261,43.336,1625044
890,2023-07-25 09:45:00,43.209,43.419,43.181,43.371,1789632
891,2023-07-25 09:40:00,43.09,43.22,43.077,43.208,1222488
892,2023-07-25 09:35:00,43.194,43.305,43.054,43.091,1974031
893,2023-07-25 09:30:00,42.93,43.23,42.922,43.189,2524353
894,2023-07-25 09:25:00,42.91,42.991,42.872,42.927,141813
895,2023-07-25 09:20:00,42.96,42.981,42.862,42.912,189060
896,2023-07-25 09:15:00,42.97,43.021,42.942,42.952,113166
897,2023-07-25 09:10:00,43.02,43.021,42.962,42.972,58050
898,2023-07-25 09:05:00,43.0,43.05,42.992,43.012,116153
899,2023-07-25 09:00:00,43.07,43.08,42.962,42.992,189201
900,2023-07-25 08:55:00,43.07,43.088,43.042,43.072,75251
901,2023-07-25 08:50:00,43.08,43.11,43.059,43.062,44361
902,2023-07-25 08:45:00,43.08,43.09,43.032,43.062,41135
903,2023-07-25 08:40:00,43.12,43.13,43.042,43.082,51672
904,2023-07-25 08:35:00,43.08,43.13,43.062,43.112,56610
905,2023-07-25 08:30:00,43.1,43.101,43.032,43.082,52730
906,2023-07-25 08:25:00,43.05,43.1,43.042,43.092,30423
907,2023-07-25 08:20:00,43.11,43.12,43.032,43.042,86747
908,2023-07-25 08:15:00,43.16,43.17,43.087,43.087,33615
909,2023-07-25 08:10:00,43.189,43.21,43.141,43.152,72453
910,2023-07-25 08:05:00,43.189,43.21,43.151,43.171,39448
911,2023-07-25 08:00:00,43.08,43.248,42.663,43.181,372585
912,2023-07-25 07:55:00,43.1,43.16,43.092,43.152,33627
913,2023-07-25 07:50:00,43.07,43.1,43.062,43.082,16069
914,2023-07-25 07:45:00,43.09,43.09,43.062,43.072,11372
915,2023-07-25 07:40:00,43.12,43.12,43.062,43.092,19518
916,2023-07-25 07:35:00,43.11,43.12,43.082,43.102,53821
917,2023-07-25 07:30:00,43.16,43.16,43.101,43.112,6030
918,2023-07-25 07:25:00,43.13,43.17,43.121,43.161,13733
919,2023-07-25 07:20:00,43.12,43.15,43.092,43.122,23887
920,2023-07-25 07:15:00,43.13,43.15,43.111,43.112,18213
921,2023-07-25 07:10:00,43.11,43.14,43.082,43.112,17858
922,2023-07-25 07:05:00,43.13,43.13,43.082,43.102,41330
923,2023-07-25 07:00:00,43.05,43.14,43.042,43.122,37755
924,2023-07-25 06:55:00,43.06,43.06,43.022,43.042,3467
925,2023-07-25 06:50:00,43.05,43.05,43.002,43.042,6996
926,2023-07-25 06:45:00,43.05,43.06,43.012,43.042,7519
927,2023-07-25 06:40:00,43.05,43.05,42.992,43.042,14911
928,2023-07-25 06:35:00,43.0,43.07,42.962,43.052,27648
929,2023-07-25 06:30:00,43.06,43.07,42.982,43.002,9497
930,2023-07-25 06:25:00,43.05,43.05,43.032,43.042,3345
931,2023-07-25 06:20:00,43.07,43.07,43.032,43.042,5536
932,2023-07-25 06:15:00,43.04,43.08,43.012,43.072,59243
933,2023-07-25 06:10:00,43.13,43.14,43.012,43.032,55655
934,2023-07-25 06:05:00,43.199,43.21,43.111,43.112,10790
935,2023-07-25 06:00:00,43.199,43.21,43.161,43.191,7654
936,2023-07-25 05:55:00,43.229,43.23,43.181,43.181,5818
937,2023-07-25 05:50:00,43.199,43.25,43.191,43.221,9886
938,2023-07-25 05:45:00,43.179,43.2,43.171,43.191,27184
939,2023-07-25 05:40:00,43.179,43.18,43.151,43.171,2646
940,2023-07-25 05:35:00,43.179,43.18,43.141,43.171,25524
941,2023-07-25 05:30:00,43.209,43.21,43.161,43.181,10582
942,2023-07-25 05:25:00,43.17,43.22,43.161,43.191,10269
943,2023-07-25 05:20:00,43.209,43.21,43.161,43.161,1993
944,2023-07-25 05:15:00,43.17,43.21,43.151,43.201,8586
945,2023-07-25 05:10:00,43.199,43.2,43.161,43.161,5868
946,2023-07-25 05:05:00,43.239,43.24,43.191,43.191,6544
947,2023-07-25 05:00:00,43.189,43.24,43.181,43.231,13794
948,2023-07-25 04:55:00,43.229,43.23,43.181,43.191,9520
949,2023-07-25 04:50:00,43.219,43.24,43.191,43.221,15688
950,2023-07-25 04:45:00,43.199,43.22,43.161,43.211,18784
951,2023-07-25 04:40:00,43.209,43.23,43.171,43.191,12615
952,2023-07-25 04:35:00,43.13,43.21,43.121,43.201,51185
953,2023-07-25 04:30:00,43.14,43.15,43.111,43.122,18119
954,2023-07-25 04:25:00,43.12,43.15,43.092,43.132,14544
955,2023-07-25 04:20:00,43.12,43.14,43.092,43.112,21750
956,2023-07-25 04:15:00,43.07,43.12,43.022,43.112,55704
957,2023-07-25 04:10:00,43.05,43.08,43.032,43.062,45608
958,2023-07-25 04:05:00,42.99,43.06,42.902,43.042,19436
959,2023-07-25 04:00:00,42.94,43.001,42.344,42.992,25388
960,2023-07-24 19:55:00,42.751,42.761,42.723,42.743,9318
961,2023-07-24 19:50:00,42.761,42.761,42.733,42.733,8850
962,2023-07-24 19:45:00,42.761,42.761,42.733,42.743,7344
963,2023-07-24 19:40:00,42.751,42.771,42.743,42.743,812
964,2023-07-24 19:35:00,42.761,42.781,42.743,42.753,12483
965,2023-07-24 19:30:00,42.761,42.781,42.733,42.753,4484
966,2023-07-24 19:25:00,42.751,42.761,42.743,42.743,3538
967,2023-07-24 19:20:00,42.706,42.761,42.693,42.743,8523
968,2023-07-24 19:15:00,42.691,42.712,42.683,42.703,2778
969,2023-07-24 19:10:00,42.711,42.712,42.663,42.683,6473
970,2023-07-24 19:05:00,42.701,42.712,42.693,42.703,11817
971,2023-07-24 19:00:00,42.711,42.722,42.703,42.703,2726
972,2023-07-24 18:55:00,42.711,42.722,42.693,42.703,5527
973,2023-07-24 18:50:00,42.701,42.712,42.683,42.703,3760
974,2023-07-24 18:45:00,42.711,42.722,42.683,42.693,10371
975,2023-07-24 18:40:00,42.721,42.722,42.693,42.694,1803
976,2023-07-24 18:35:00,42.711,42.722,42.703,42.713,943
977,2023-07-24 18:30:00,42.711,42.722,42.703,42.703,3006
978,2023-07-24 18:25:00,42.711,42.722,42.693,42.703,3859
979,2023-07-24 18:20:00,42.711,42.732,42.693,42.713,2672
980,2023-07-24 18:15:00,42.721,42.741,42.693,42.703,8232
981,2023-07-24 18:10:00,42.741,42.751,42.713,42.713,2702
982,2023-07-24 18:05:00,42.731,42.751,42.703,42.733,2746
983,2023-07-24 18:00:00,42.781,42.801,42.702,42.732,27969
984,2023-07-24 17:55:00,42.791,42.801,42.783,42.793,10740
985,2023-07-24 17:50:00,42.781,42.801,42.763,42.783,5196
986,2023-07-24 17:45:00,42.771,42.791,42.763,42.783,3449
987,2023-07-24 17:40:00,42.781,42.781,42.763,42.768,10709
988,2023-07-24 17:35:00,42.771,42.781,42.763,42.773,875
989,2023-07-24 17:30:00,42.771,42.781,42.763,42.773,2651
990,2023-07-24 17:25:00,42.781,42.791,42.763,42.763,8191
991,2023-07-24 17:20:00,42.791,42.791,42.763,42.783,3772
992,2023-07-24 17:15:00,42.769,42.791,42.753,42.773,3474
993,2023-07-24 17:10:00,42.791,42.791,42.743,42.763,3467
994,2023-07-24 17:05:00,42.791,42.801,42.773,42.783,6268
995,2023-07-24 17:00:00,42.771,42.791,42.743,42.763,4855
996,2023-07-24 16:55:00,42.799,42.801,42.743,42.753,22144
997,2023-07-24 16:50:00,42.771,42.801,42.753,42.793,10767
998,2023-07-24 16:45:00,42.791,42.801,42.753,42.763,53853
999,2023-07-24 16:40:00,42.752,42.801,42.743,42.783,27248
1000,2023-07-24 16:35:00,42.761,42.761,42.733,42.743,13615
1001,2023-07-24 16:30:00,42.741,42.78,42.733,42.753,4492
1002,2023-07-24 16:25:00,42.751,42.751,42.723,42.743,5531
1003,2023-07-24 16:20:00,42.721,42.751,42.703,42.743,13720
1004,2023-07-24 16:15:00,42.711,42.732,42.683,42.723,20943
1005,2023-07-24 16:10:00,42.691,42.722,42.663,42.693,53523
1006,2023-07-24 16:05:00,42.781,42.801,42.693,42.693,90940
1007,2023-07-24 16:00:00,42.701,42.781,42.683,42.773,444990
1008,2023-07-24 15:55:00,42.492,42.722,42.484,42.698,1402961
1009,2023-07-24 15:50:00,42.572,42.612,42.474,42.484,1105839
1010,2023-07-24 15:45:00,42.562,42.617,42.539,42.554,656822
1011,2023-07-24 15:40:00,42.446,42.572,42.438,42.55,427885
1012,2023-07-24 15:35:00,42.482,42.557,42.439,42.444,542774
1013,2023-07-24 15:30:00,42.412,42.562,42.394,42.479,658036
1014,2023-07-24 15:25:00,42.582,42.602,42.384,42.404,838455
1015,2023-07-24 15:20:00,42.661,42.672,42.554,42.584,351783
1016,2023-07-24 15:15:00,42.592,42.682,42.563,42.653,367139
1017,2023-07-24 15:10:00,42.631,42.678,42.573,42.578,323793
1018,2023-07-24 15:05:00,42.701,42.722,42.613,42.623,316833
1019,2023-07-24 15:00:00,42.719,42.791,42.633,42.685,709981
1020,2023-07-24 14:55:00,42.721,42.736,42.685,42.708,294350
1021,2023-07-24 14:50:00,42.631,42.732,42.603,42.704,554436
1022,2023-07-24 14:45:00,42.562,42.632,42.494,42.618,511278
1023,2023-07-24 14:40:00,42.701,42.722,42.514,42.554,700902
1024,2023-07-24 14:35:00,42.751,42.751,42.663,42.69,378414
1025,2023-07-24 14:30:00,42.821,42.821,42.703,42.741,568417
1026,2023-07-24 14:25:00,42.85,42.921,42.793,42.817,389539
1027,2023-07-24 14:20:00,42.866,42.881,42.813,42.841,321298
1028,2023-07-24 14:15:00,42.898,42.921,42.823,42.858,348449
1029,2023-07-24 14:10:00,42.9,42.926,42.852,42.878,376536
1030,2023-07-24 14:05:00,42.946,42.961,42.882,42.893,295475
1031,2023-07-24 14:00:00,42.881,42.981,42.837,42.922,722974
1032,2023-07-24 13:55:00,42.89,42.931,42.783,42.873,542743
1033,2023-07-24 13:50:00,42.821,42.917,42.783,42.883,557465
1034,2023-07-24 13:45:00,42.741,42.823,42.723,42.808,382980
1035,2023-07-24 13:40:00,42.745,42.791,42.703,42.729,296321
1036,2023-07-24 13:35:00,42.582,42.761,42.554,42.733,524847
1037,2023-07-24 13:30:00,42.641,42.662,42.538,42.574,282413
1038,2023-07-24 13:25:00,42.641,42.692,42.603,42.628,333026
1039,2023-07-24 13:20:00,42.611,42.697,42.568,42.633,282250
1040,2023-07-24 13:15:00,42.64,42.682,42.573,42.613,237176
1041,2023-07-24 13:10:00,42.558,42.682,42.534,42.623,442277
1042,2023-07-24 13:05:00,42.562,42.622,42.494,42.546,266152
1043,2023-07-24 13:00:00,42.593,42.602,42.484,42.554,325969
1044,2023-07-24 12:55:00,42.562,42.622,42.506,42.584,325683
1045,2023-07-24 12:50:00,42.522,42.591,42.458,42.554,402016
1046,2023-07-24 12:45:00,42.621,42.632,42.494,42.514,317766
1047,2023-07-24 12:40:00,42.582,42.632,42.534,42.619,337313
1048,2023-07-24 12:35:00,42.671,42.69,42.573,42.581,244063
1049,2023-07-24 12:30:00,42.661,42.771,42.593,42.663,721443
1050,2023-07-24 12:25:00,42.547,42.662,42.476,42.653,526649
1051,2023-07-24 12:20:00,42.611,42.622,42.474,42.534,612350
1052,2023-07-24 12:15:00,42.771,42.851,42.583,42.606,814235
1053,2023-07-24 12:10:00,42.671,42.781,42.657,42.763,490408
1054,2023-07-24 12:05:00,42.681,42.722,42.583,42.673,352662
1055,2023-07-24 12:00:00,42.7,42.776,42.613,42.682,617096
1056,2023-07-24 11:55:00,42.661,42.711,42.583,42.683,507591
1057,2023-07-24 11:50:00,42.532,42.682,42.519,42.648,688518
1058,2023-07-24 11:45:00,42.472,42.587,42.439,42.524,552346
1059,2023-07-24 11:40:00,42.412,42.492,42.337,42.454,621719
1060,2023-07-24 11:35:00,42.522,42.582,42.324,42.408,919250
1061,2023-07-24 11:30:00,42.631,42.662,42.479,42.518,738939
1062,2023-07-24 11:25:00,42.811,42.811,42.623,42.624,518850
1063,2023-07-24 11:20:00,42.9,42.911,42.783,42.805,468201
1064,2023-07-24 11:15:00,42.841,42.951,42.832,42.897,1002693
1065,2023-07-24 11:10:00,42.542,42.871,42.499,42.843,1160447
1066,2023-07-24 11:05:00,42.631,42.632,42.464,42.534,949049
1067,2023-07-24 11:00:00,42.701,42.741,42.544,42.623,722425
1068,2023-07-24 10:55:00,42.761,42.781,42.663,42.688,824913
1069,2023-07-24 10:50:00,42.641,42.771,42.534,42.763,891792
1070,2023-07-24 10:45:00,42.646,42.732,42.563,42.628,739293
1071,2023-07-24 10:40:00,42.621,42.761,42.608,42.637,763893
1072,2023-07-24 10:35:00,42.701,42.811,42.563,42.613,1239766
1073,2023-07-24 10:30:00,42.861,42.951,42.623,42.703,1369835
1074,2023-07-24 10:25:00,42.801,42.931,42.653,42.843,1326425
1075,2023-07-24 10:20:00,42.751,42.861,42.663,42.793,1224464
1076,2023-07-24 10:15:00,42.621,42.806,42.573,42.743,1934948
1077,2023-07-24 10:10:00,42.243,42.642,42.165,42.613,1615795
1078,2023-07-24 10:05:00,42.243,42.363,42.165,42.225,1250955
1079,2023-07-24 10:00:00,42.243,42.333,42.175,42.235,1457391
1080,2023-07-24 09:55:00,42.083,42.303,42.049,42.235,1956810
1081,2023-07-24 09:50:00,42.656,42.682,42.055,42.075,2716743
1082,2023-07-24 09:45:00,43.03,43.095,42.524,42.653,2446300
1083,2023-07-24 09:40:00,42.94,43.075,42.892,43.032,1282412
1084,2023-07-24 09:35:00,43.065,43.16,42.793,42.922,2467398
1085,2023-07-24 09:30:00,42.831,43.16,42.793,43.057,2643844
1086,2023-07-24 09:25:00,42.771,42.851,42.743,42.833,118583
1087,2023-07-24 09:20:00,42.851,42.861,42.763,42.763,107231
1088,2023-07-24 09:15:00,42.831,42.891,42.813,42.853,90040
1089,2023-07-24 09:10:00,42.771,42.841,42.763,42.833,41353
1090,2023-07-24 09:05:00,42.781,42.801,42.733,42.753,67258
1091,2023-07-24 09:00:00,42.801,42.811,42.763,42.783,31921
1092,2023-07-24 08:55:00,42.741,42.801,42.723,42.783,41342
1093,2023-07-24 08:50:00,42.771,42.781,42.723,42.733,17577
1094,2023-07-24 08:45:00,42.741,42.771,42.713,42.753,43350
1095,2023-07-24 08:40:00,42.811,42.831,42.723,42.733,63774
1096,2023-07-24 08:35:00,42.781,42.831,42.773,42.803,24306
1097,2023-07-24 08:30:00,42.801,42.851,42.773,42.781,41689
1098,2023-07-24 08:25:00,42.751,42.801,42.733,42.793,35837
1099,2023-07-24 08:20:00,42.771,42.801,42.703,42.741,51584
1100,2023-07-24 08:15:00,42.731,42.811,42.713,42.773,39946
1101,2023-07-24 08:10:00,42.781,42.801,42.713,42.723,61776
1102,2023-07-24 08:05:00,42.821,42.851,42.773,42.783,47934
1103,2023-07-24 08:00:00,42.791,42.953,42.454,42.813,256157
1104,2023-07-24 07:55:00,42.861,42.881,42.832,42.853,42195
1105,2023-07-24 07:50:00,42.851,42.881,42.832,42.853,13041
1106,2023-07-24 07:45:00,42.881,42.891,42.832,42.853,8004
1107,2023-07-24 07:40:00,42.851,42.891,42.823,42.883,5973
1108,2023-07-24 07:35:00,42.811,42.871,42.803,42.833,7641
1109,2023-07-24 07:30:00,42.89,42.921,42.803,42.803,14430
1110,2023-07-24 07:25:00,42.831,42.891,42.793,42.873,11981
1111,2023-07-24 07:20:00,42.851,42.861,42.803,42.823,13918
1112,2023-07-24 07:15:00,42.861,42.921,42.832,42.843,27585
1113,2023-07-24 07:10:00,42.761,42.861,42.753,42.853,16108
1114,2023-07-24 07:05:00,42.741,42.771,42.723,42.753,46891
1115,2023-07-24 07:00:00,42.801,42.801,42.703,42.733,159100
1116,2023-07-24 06:55:00,42.831,42.831,42.793,42.793,4887
1117,2023-07-24 06:50:00,42.831,42.851,42.813,42.833,1075
1118,2023-07-24 06:45:00,42.9,42.901,42.793,42.823,12323
1119,2023-07-24 06:40:00,42.841,42.901,42.832,42.892,4467
1120,2023-07-24 06:35:00,42.881,42.881,42.832,42.833,6589
1121,2023-07-24 06:30:00,42.871,42.901,42.862,42.863,6703
1122,2023-07-24 06:25:00,42.841,42.871,42.813,42.863,4929
1123,2023-07-24 06:20:00,42.871,42.871,42.823,42.833,4630
1124,2023-07-24 06:15:00,42.831,42.881,42.813,42.853,8583
1125,2023-07-24 06:10:00,42.831,42.841,42.803,42.823,3647
1126,2023-07-24 06:05:00,42.861,42.861,42.813,42.833,5156
1127,2023-07-24 06:00:00,42.871,42.871,42.832,42.863,9638
1128,2023-07-24 05:55:00,42.92,42.921,42.852,42.863,12276
1129,2023-07-24 05:50:00,42.91,42.921,42.892,42.912,3229
1130,2023-07-24 05:45:00,42.91,42.921,42.892,42.912,6708
1131,2023-07-24 05:40:00,42.95,42.951,42.912,42.912,14381
1132,2023-07-24 05:35:00,42.95,42.961,42.932,42.942,14976
1133,2023-07-24 05:30:00,42.93,42.961,42.912,42.942,10879
1134,2023-07-24 05:25:00,42.93,42.941,42.902,42.922,9533
1135,2023-07-24 05:20:00,42.92,42.951,42.902,42.922,4944
1136,2023-07-24 05:15:00,42.871,42.961,42.852,42.932,9370
1137,2023-07-24 05:10:00,42.871,42.891,42.842,42.863,11239
1138,2023-07-24 05:05:00,42.851,42.881,42.832,42.853,5855
1139,2023-07-24 05:00:00,42.791,42.841,42.773,42.833,7135
1140,2023-07-24 04:55:00,42.811,42.811,42.773,42.783,4373
1141,2023-07-24 04:50:00,42.831,42.841,42.803,42.803,12686
1142,2023-07-24 04:45:00,42.821,42.831,42.773,42.823,9294
1143,2023-07-24 04:40:00,42.861,42.861,42.803,42.803,10155
1144,2023-07-24 04:35:00,42.92,42.931,42.852,42.853,15846
1145,2023-07-24 04:30:00,42.881,42.951,42.872,42.902,21292
1146,2023-07-24 04:25:00,42.801,42.891,42.793,42.873,13013
1147,2023-07-24 04:20:00,42.801,42.821,42.753,42.793,14487
1148,2023-07-24 04:15:00,42.9,42.901,42.793,42.793,22543
1149,2023-07-24 04:10:00,42.811,42.941,42.803,42.902,30001
1150,2023-07-24 04:05:00,42.831,42.851,42.783,42.813,10092
1151,2023-07-24 04:00:00,42.9,42.911,42.544,42.833,66511
1152,2023-07-21 19:55:00,42.571,42.592,42.524,42.584,16867
1153,2023-07-21 19:50:00,42.572,42.582,42.544,42.564,10488
1154,2023-07-21 19:45:00,42.572,42.602,42.514,42.574,32808
1155,2023-07-21 19:40:00,42.522,42.582,42.504,42.564,11663
1156,2023-07-21 19:35:00,42.492,42.522,42.484,42.514,10711
1157,2023-07-21 19:30:00,42.502,42.502,42.484,42.494,2103
1158,2023-07-21 19:25:00,42.502,42.512,42.484,42.484,5109
1159,2023-07-21 19:20:00,42.512,42.522,42.484,42.484,9054
1160,2023-07-21 19:15:00,42.512,42.522,42.494,42.504,4080
1161,2023-07-21 19:10:00,42.512,42.532,42.494,42.504,3883
1162,2023-07-21 19:05:00,42.522,42.522,42.494,42.504,1918
1163,2023-07-21 19:00:00,42.512,42.522,42.494,42.514,9211
1164,2023-07-21 18:55:00,42.502,42.512,42.494,42.503,2077
1165,2023-07-21 18:50:00,42.512,42.512,42.484,42.494,5502
1166,2023-07-21 18:45:00,42.512,42.512,42.484,42.504,5775
1167,2023-07-21 18:40:00,42.512,42.512,42.494,42.504,7001
1168,2023-07-21 18:35:00,42.482,42.512,42.474,42.494,6840
1169,2023-07-21 18:30:00,42.492,42.502,42.474,42.484,2442
1170,2023-07-21 18:25:00,42.472,42.492,42.464,42.484,3343
1171,2023-07-21 18:20:00,42.492,42.492,42.464,42.474,3076
1172,2023-07-21 18:15:00,42.532,42.532,42.444,42.454,21092
1173,2023-07-21 18:10:00,42.562,42.562,42.504,42.504,12710
1174,2023-07-21 18:05:00,42.552,42.562,42.534,42.544,8375
1175,2023-07-21 18:00:00,42.542,42.552,42.494,42.544,6061
1176,2023-07-21 17:55:00,42.542,42.552,42.504,42.514,5715
1177,2023-07-21 17:50:00,42.552,42.552,42.524,42.534,10989
1178,2023-07-21 17:45:00,42.562,42.562,42.534,42.544,1645
1179,2023-07-21 17:40:00,42.552,42.562,42.534,42.554,1543
1180,2023-07-21 17:35:00,42.542,42.562,42.534,42.544,8168
1181,2023-07-21 17:30:00,42.562,42.562,42.534,42.544,5192
1182,2023-07-21 17:25:00,42.562,42.572,42.544,42.544,10477
1183,2023-07-21 17:20:00,42.582,42.582,42.544,42.564,29013
1184,2023-07-21 17:15:00,42.611,42.622,42.554,42.574,22950
1185,2023-07-21 17:10:00,42.621,42.622,42.593,42.604,20841
1186,2023-07-21 17:05:00,42.621,42.632,42.603,42.613,6883
1187,2023-07-21 17:00:00,42.631,42.632,42.593,42.613,13341
1188,2023-07-21 16:55:00,42.621,42.642,42.613,42.623,31152
1189,2023-07-21 16:50:00,42.631,42.642,42.603,42.613,15129
1190,2023-07-21 16:45:00,42.621,42.632,42.603,42.623,14232
1191,2023-07-21 16:40:00,42.601,42.632,42.583,42.613,13335
1192,2023-07-21 16:35:00,42.601,42.612,42.573,42.594,11903
1193,2023-07-21 16:30:00,42.582,42.622,42.563,42.604,19564
1194,2023-07-21 16:25:00,42.592,42.622,42.554,42.574,59957
1195,2023-07-21 16:20:00,42.601,42.642,42.583,42.594,35578
1196,2023-07-21 16:15:00,42.542,42.602,42.534,42.584,90218
1197,2023-07-21 16:10:00,42.621,42.642,42.544,42.574,165969
1198,2023-07-21 16:05:00,42.582,42.652,42.552,42.604,99210
1199,2023-07-21 16:00:00,42.502,42.632,42.489,42.584,1843258
1200,2023-07-21 15:55:00,42.562,42.592,42.414,42.484,1887067
1201,2023-07-21 15:50:00,42.522,42.746,42.494,42.554,3759706
1202,2023-07-21 15:45:00,42.512,42.658,42.444,42.519,1592769
1203,2023-07-21 15:40:00,42.462,42.552,42.403,42.502,962469
1204,2023-07-21 15:35:00,42.452,42.582,42.394,42.454,822976
1205,2023-07-21 15:30:00,42.611,42.612,42.414,42.444,1072095
1206,2023-07-21 15:25:00,42.554,42.648,42.484,42.594,831804
1207,2023-07-21 15:20:00,42.587,42.731,42.434,42.544,1517086
1208,2023-07-21 15:15:00,42.432,42.582,42.384,42.569,1108443
1209,2023-07-21 15:10:00,42.487,42.488,42.354,42.428,1224068
1210,2023-07-21 15:05:00,42.681,42.722,42.444,42.478,1541491
1211,2023-07-21 15:00:00,42.811,42.831,42.653,42.663,917247
1212,2023-07-21 14:55:00,42.9,42.901,42.773,42.797,969156
1213,2023-07-21 14:50:00,43.07,43.07,42.892,42.897,740575
1214,2023-07-21 14:45:00,43.05,43.13,43.042,43.067,651905
1215,2023-07-21 14:40:00,42.95,43.11,42.933,43.032,647642
1216,2023-07-21 14:35:00,42.92,43.046,42.892,42.952,773014
1217,2023-07-21 14:30:00,42.975,42.991,42.846,42.912,534970
1218,2023-07-21 14:25:00,42.955,43.02,42.882,42.962,418263
1219,2023-07-21 14:20:00,43.024,43.055,42.922,42.942,491039
1220,2023-07-21 14:15:00,42.89,43.07,42.833,43.016,1048283
1221,2023-07-21 14:10:00,43.189,43.194,42.852,42.878,943269
1222,2023-07-21 14:05:00,43.204,43.24,43.092,43.171,940132
1223,2023-07-21 14:00:00,43.399,43.41,43.189,43.201,1177634
1224,2023-07-21 13:55:00,43.379,43.444,43.253,43.391,1283397
1225,2023-07-21 13:50:00,43.249,43.389,43.221,43.371,820148
1226,2023-07-21 13:45:00,43.209,43.26,43.161,43.231,578751
1227,2023-07-21 13:40:00,43.319,43.379,43.181,43.201,1329998
1228,2023-07-21 13:35:00,43.309,43.329,43.221,43.311,660001
1229,2023-07-21 13:30:00,43.207,43.365,43.151,43.301,909869
1230,2023-07-21 13:25:00,43.08,43.21,43.042,43.196,494096
1231,2023-07-21 13:20:00,43.08,43.12,43.022,43.077,586836
1232,2023-07-21 13:15:00,43.055,43.16,43.032,43.079,531206
1233,2023-07-21 13:10:00,42.96,43.115,42.937,43.046,614757
1234,2023-07-21 13:05:00,42.94,43.001,42.913,42.961,573480
1235,2023-07-21 13:00:00,42.811,42.951,42.773,42.924,786796
1236,2023-07-21 12:55:00,42.795,42.821,42.723,42.803,476574
1237,2023-07-21 12:50:00,42.761,42.87,42.723,42.786,665043
1238,2023-07-21 12:45:00,42.691,42.761,42.618,42.744,849126
1239,2023-07-21 12:40:00,42.87,42.881,42.633,42.693,1045618
1240,2023-07-21 12:35:00,42.876,42.896,42.773,42.846,555433
1241,2023-07-21 12:30:00,42.791,42.891,42.758,42.863,739786
1242,2023-07-21 12:25:00,42.92,42.951,42.763,42.783,727712
1243,2023-07-21 12:20:00,42.97,43.076,42.912,42.914,734686
1244,2023-07-21 12:15:00,42.89,43.008,42.834,42.972,736087
1245,2023-07-21 12:10:00,42.935,42.981,42.813,42.883,892632
1246,2023-07-21 12:05:00,43.016,43.05,42.882,42.927,580110
1247,2023-07-21 12:00:00,43.07,43.12,42.922,43.002,808318
1248,2023-07-21 11:55:00,42.901,43.076,42.857,43.057,866829
1249,2023-07-21 11:50:00,43.104,43.19,42.893,42.896,1033591
1250,2023-07-21 11:45:00,42.871,43.11,42.773,43.1,1080953
1251,2023-07-21 11:40:00,43.129,43.15,42.855,42.856,1123006
1252,2023-07-21 11:35:00,43.1,43.17,43.022,43.112,805025
1253,2023-07-21 11:30:00,43.269,43.349,43.087,43.087,1291686
1254,2023-07-21 11:25:00,43.219,43.28,43.123,43.261,749593
1255,2023-07-21 11:20:00,43.03,43.237,43.012,43.211,1002903
1256,2023-07-21 11:15:00,43.15,43.18,43.022,43.022,887185
1257,2023-07-21 11:10:00,43.209,43.31,43.101,43.122,1261124
1258,2023-07-21 11:05:00,42.89,43.23,42.872,43.191,1260153
1259,2023-07-21 11:00:00,42.841,43.045,42.823,42.863,1383669
1260,2023-07-21 10:55:00,42.871,42.896,42.733,42.833,1388984
1261,2023-07-21 10:50:00,43.099,43.14,42.842,42.853,1268577
1262,2023-07-21 10:45:00,42.761,43.158,42.723,43.09,1535140
1263,2023-07-21 10:40:00,42.651,42.911,42.616,42.753,1489260
1264,2023-07-21 10:35:00,42.751,42.921,42.613,42.643,1527517
1265,2023-07-21 10:30:00,42.583,42.861,42.568,42.743,1913903
1266,2023-07-21 10:25:00,42.911,42.941,42.573,42.575,2646189
1267,2023-07-21 10:20:00,43.289,43.3,42.872,42.902,1739796
1268,2023-07-21 10:15:00,43.199,43.379,43.185,43.281,1443773
1269,2023-07-21 10:10:00,43.06,43.359,43.002,43.191,1853184
1270,2023-07-21 10:05:00,43.005,43.19,42.892,43.052,1836015
1271,2023-07-21 10:00:00,43.17,43.265,42.803,43.0,3550218
1272,2023-07-21 09:55:00,43.289,43.406,43.161,43.171,1481218
1273,2023-07-21 09:50:00,43.349,43.728,43.182,43.281,2105219
1274,2023-07-21 09:45:00,43.648,43.858,43.291,43.351,2801074
1275,2023-07-21 09:40:00,43.488,43.678,43.41,43.64,2548211
1276,2023-07-21 09:35:00,43.877,43.977,43.44,43.475,3295937
1277,2023-07-21 09:30:00,43.728,44.027,43.455,43.868,3970541
1278,2023-07-21 09:25:00,43.857,43.887,43.699,43.7,259244
1279,2023-07-21 09:20:00,43.837,43.887,43.811,43.849,149815
1280,2023-07-21 09:15:00,43.857,43.895,43.819,43.827,124070
1281,2023-07-21 09:10:00,43.907,43.947,43.839,43.847,187154
1282,2023-07-21 09:05:00,43.817,43.967,43.789,43.899,335731
1283,2023-07-21 09:00:00,43.807,43.848,43.779,43.809,164496
1284,2023-07-21 08:55:00,43.767,43.808,43.739,43.789,115417
1285,2023-07-21 08:50:00,43.747,43.788,43.729,43.769,138678
1286,2023-07-21 08:45:00,43.775,43.788,43.719,43.739,111586
1287,2023-07-21 08:40:00,43.797,43.798,43.728,43.769,188215
1288,2023-07-21 08:35:00,43.757,43.818,43.709,43.779,182546
1289,2023-07-21 08:30:00,43.738,43.778,43.699,43.749,128470
1290,2023-07-21 08:25:00,43.738,43.748,43.699,43.729,133060
1291,2023-07-21 08:20:00,43.688,43.738,43.644,43.72,141301
1292,2023-07-21 08:15:00,43.638,43.698,43.61,43.675,148729
1293,2023-07-21 08:10:00,43.588,43.648,43.57,43.625,72134
1294,2023-07-21 08:05:00,43.518,43.599,43.5,43.58,110621
1295,2023-07-21 08:00:00,43.589,43.618,42.912,43.5,603186
1296,2023-07-21 07:55:00,43.488,43.499,43.38,43.391,86830
1297,2023-07-21 07:50:00,43.488,43.489,43.45,43.47,23985
1298,2023-07-21 07:45:00,43.488,43.519,43.461,43.47,41418
1299,2023-07-21 07:40:00,43.458,43.519,43.44,43.48,45377
1300,2023-07-21 07:35:00,43.429,43.479,43.42,43.46,46374
1301,2023-07-21 07:30:00,43.508,43.509,43.41,43.421,69773
1302,2023-07-21 07:25:00,43.518,43.539,43.48,43.5,35590
1303,2023-07-21 07:20:00,43.548,43.559,43.5,43.51,46542
1304,2023-07-21 07:15:00,43.548,43.569,43.54,43.54,68072
1305,2023-07-21 07:10:00,43.538,43.579,43.53,43.54,59123
1306,2023-07-21 07:05:00,43.568,43.569,43.51,43.53,46561
1307,2023-07-21 07:00:00,43.588,43.618,43.54,43.56,72460
1308,2023-07-21 06:55:00,43.568,43.599,43.55,43.58,13542
1309,2023-07-21 06:50:00,43.588,43.608,43.54,43.55,21706
1310,2023-07-21 06:45:00,43.538,43.589,43.51,43.58,61466
1311,2023-07-21 06:40:00,43.538,43.549,43.5,43.53,9508
1312,2023-07-21 06:35:00,43.548,43.559,43.5,43.53,6694
1313,2023-07-21 06:30:00,43.558,43.559,43.52,43.55,24252
1314,2023-07-21 06:25:00,43.518,43.559,43.49,43.55,26146
1315,2023-07-21 06:20:00,43.468,43.519,43.45,43.5,9757
1316,2023-07-21 06:15:00,43.458,43.469,43.4,43.45,8210
1317,2023-07-21 06:10:00,43.429,43.459,43.42,43.44,2196
1318,2023-07-21 06:05:00,43.419,43.449,43.41,43.43,7802
1319,2023-07-21 06:00:00,43.379,43.439,43.361,43.411,5792
1320,2023-07-21 05:55:00,43.349,43.389,43.321,43.371,11135
1321,2023-07-21 05:50:00,43.319,43.389,43.311,43.321,13286
1322,2023-07-21 05:45:00,43.249,43.329,43.241,43.311,5365
1323,2023-07-21 05:40:00,43.279,43.3,43.241,43.241,20854
1324,2023-07-21 05:35:00,43.319,43.329,43.251,43.271,17268
1325,2023-07-21 05:30:00,43.389,43.389,43.301,43.311,18784
1326,2023-07-21 05:25:00,43.458,43.459,43.351,43.371,14068
1327,2023-07-21 05:20:00,43.439,43.469,43.41,43.45,34307
1328,2023-07-21 05:15:00,43.419,43.439,43.38,43.421,10514
1329,2023-07-21 05:10:00,43.419,43.429,43.38,43.411,12154
1330,2023-07-21 05:05:00,43.429,43.429,43.39,43.411,9962
1331,2023-07-21 05:00:00,43.458,43.459,43.41,43.421,13176
1332,2023-07-21 04:55:00,43.458,43.479,43.44,43.45,9167
1333,2023-07-21 04:50:00,43.468,43.479,43.41,43.45,25328
1334,2023-07-21 04:45:00,43.518,43.529,43.44,43.46,18455
1335,2023-07-21 04:40:00,43.478,43.519,43.46,43.5,16961
1336,2023-07-21 04:35:00,43.478,43.499,43.46,43.47,11849
1337,2023-07-21 04:30:00,43.488,43.489,43.43,43.48,31029
1338,2023-07-21 04:25:00,43.419,43.489,43.4,43.48,11453
1339,2023-07-21 04:20:00,43.369,43.439,43.361,43.401,50561
1340,2023-07-21 04:15:00,43.299,43.379,43.291,43.361,16106
1341,2023-07-21 04:10:00,43.309,43.329,43.271,43.301,36084
1342,2023-07-21 04:05:00,43.289,43.359,43.261,43.311,43433
1343,2023-07-21 04:00:00,43.239,43.28,42.912,43.271,61145
1344,2023-07-20 19:55:00,42.821,42.821,42.773,42.813,40116
1345,2023-07-20 19:50:00,42.871,42.881,42.803,42.803,36201
1346,2023-07-20 19:45:00,42.861,42.871,42.823,42.863,29062
1347,2023-07-20 19:40:00,42.861,42.871,42.832,42.853,15989
1348,2023-07-20 19:35:00,42.92,42.921,42.862,42.863,13492
1349,2023-07-20 19:30:00,42.89,42.921,42.877,42.907,14865
1350,2023-07-20 19:25:00,42.9,42.901,42.862,42.873,16214
1351,2023-07-20 19:20:00,42.9,42.901,42.872,42.892,52747
1352,2023-07-20 19:15:00,42.9,42.911,42.872,42.892,29691
1353,2023-07-20 19:10:00,42.881,42.901,42.862,42.887,15400
1354,2023-07-20 19:05:00,42.9,42.921,42.862,42.863,37401
1355,2023-07-20 19:00:00,42.831,42.891,42.823,42.883,15206
1356,2023-07-20 18:55:00,42.841,42.851,42.793,42.833,40112
1357,2023-07-20 18:50:00,42.851,42.861,42.823,42.833,22393
1358,2023-07-20 18:45:00,42.851,42.861,42.832,42.843,21824
1359,2023-07-20 18:40:00,42.861,42.871,42.823,42.843,77531
1360,2023-07-20 18:35:00,42.94,42.951,42.852,42.853,61127
1361,2023-07-20 18:30:00,42.97,42.981,42.942,42.942,30637
1362,2023-07-20 18:25:00,42.99,42.991,42.962,42.972,8139
1363,2023-07-20 18:20:00,42.99,43.011,42.972,42.982,20313
1364,2023-07-20 18:15:00,42.99,43.011,42.962,42.982,89499
1365,2023-07-20 18:10:00,42.91,43.001,42.902,42.982,32279
1366,2023-07-20 18:05:00,42.95,42.961,42.882,42.902,32131
1367,2023-07-20 18:00:00,42.94,42.961,42.912,42.952,31587
1368,2023-07-20 17:55:00,42.96,42.971,42.932,42.932,18797
1369,2023-07-20 17:50:00,42.98,42.981,42.942,42.942,14927
1370,2023-07-20 17:45:00,42.97,43.001,42.962,42.972,10160
1371,2023-07-20 17:40:00,42.98,43.001,42.962,42.972,10959
1372,2023-07-20 17:35:00,42.99,43.011,42.962,42.982,13636
1373,2023-07-20 17:30:00,43.0,43.011,42.972,42.982,9032
1374,2023-07-20 17:25:00,43.01,43.011,42.982,42.992,10030
1375,2023-07-20 17:20:00,43.01,43.011,42.992,43.002,9679
1376,2023-07-20 17:15:00,43.0,43.011,42.992,43.002,6857
1377,2023-07-20 17:10:00,43.0,43.011,42.982,42.992,15339
1378,2023-07-20 17:05:00,43.01,43.011,42.987,42.992,12126
1379,2023-07-20 17:00:00,42.98,45.96,42.962,43.002,13655
1380,2023-07-20 16:55:00,43.0,43.011,42.962,42.972,21562
1381,2023-07-20 16:50:00,42.97,43.001,42.952,42.992,22250
1382,2023-07-20 16:45:00,42.99,43.011,42.962,42.972,56590
1383,2023-07-20 16:40:00,43.01,43.021,42.982,42.982,28383
1384,2023-07-20 16:35:00,43.01,43.021,42.972,43.002,35288
1385,2023-07-20 16:30:00,42.99,43.03,42.982,43.002,27976
1386,2023-07-20 16:25:00,43.0,43.04,42.982,42.992,66025
1387,2023-07-20 16:20:00,42.98,43.001,42.962,42.992,25440
1388,2023-07-20 16:15:00,42.92,42.981,42.882,42.972,42349
1389,2023-07-20 16:10:00,42.96,42.991,42.912,42.942,37894
1390,2023-07-20 16:05:00,42.95,42.991,42.912,42.952,116866
1391,2023-07-20 16:00:00,42.92,43.001,42.882,42.942,728429
1392,2023-07-20 15:55:00,42.95,43.0,42.852,42.883,3540609
1393,2023-07-20 15:50:00,42.92,43.12,42.912,42.932,2586559
1394,2023-07-20 15:45:00,42.99,43.001,42.818,42.913,1578528
1395,2023-07-20 15:40:00,42.915,43.068,42.897,42.991,1352574
1396,2023-07-20 15:35:00,42.831,42.991,42.793,42.907,1261613
1397,2023-07-20 15:30:00,42.592,42.911,42.583,42.823,2093331
1398,2023-07-20 15:25:00,42.641,42.667,42.534,42.582,1235028
1399,2023-07-20 15:20:00,42.627,42.702,42.583,42.623,1394117
1400,2023-07-20 15:15:00,42.811,42.856,42.603,42.623,1898039
1401,2023-07-20 15:10:00,42.861,42.951,42.753,42.798,1227361
1402,2023-07-20 15:05:00,42.96,43.0,42.842,42.853,1560172
1403,2023-07-20 15:00:00,43.059,43.18,42.935,42.942,1679525
1404,2023-07-20 14:55:00,43.135,43.169,43.042,43.047,765839
1405,2023-07-20 14:50:00,43.16,43.23,43.062,43.122,701170
1406,2023-07-20 14:45:00,43.11,43.28,43.097,43.161,705380
1407,2023-07-20 14:40:00,43.234,43.27,43.092,43.107,855390
1408,2023-07-20 14:35:00,43.229,43.307,43.191,43.222,808726
1409,2023-07-20 14:30:00,43.111,43.251,43.101,43.227,1174419
1410,2023-07-20 14:25:00,43.334,43.334,43.101,43.107,1976165
1411,2023-07-20 14:20:00,43.359,43.379,43.251,43.321,1224554
1412,2023-07-20 14:15:00,43.578,43.609,43.346,43.361,1790293
1413,2023-07-20 14:10:00,43.683,43.683,43.56,43.57,595441
1414,2023-07-20 14:05:00,43.643,43.736,43.59,43.67,662066
1415,2023-07-20 14:00:00,43.777,43.778,43.59,43.63,1483165
1416,2023-07-20 13:55:00,43.837,43.838,43.749,43.774,632718
1417,2023-07-20 13:50:00,43.872,43.957,43.829,43.829,536619
1418,2023-07-20 13:45:00,43.817,43.927,43.801,43.863,616233
1419,2023-07-20 13:40:00,43.748,43.838,43.709,43.809,869572
1420,2023-07-20 13:35:00,43.984,43.987,43.739,43.739,981355
1421,2023-07-20 13:30:00,43.926,43.987,43.859,43.973,942040
1422,2023-07-20 13:25:00,43.703,43.943,43.679,43.913,1116873
1423,2023-07-20 13:20:00,43.792,43.863,43.679,43.7,922627
1424,2023-07-20 13:15:00,43.867,43.887,43.704,43.784,791619
1425,2023-07-20 13:10:00,43.767,43.887,43.739,43.868,815855
1426,2023-07-20 13:05:00,43.827,43.907,43.759,43.759,718800
1427,2023-07-20 13:00:00,43.807,43.867,43.734,43.819,862189
1428,2023-07-20 12:55:00,43.922,43.953,43.781,43.789,1140033
1429,2023-07-20 12:50:00,43.884,43.987,43.871,43.919,758092
1430,2023-07-20 12:45:00,43.919,43.947,43.799,43.869,975676
1431,2023-07-20 12:40:00,43.827,43.977,43.819,43.914,923476
1432,2023-07-20 12:35:00,43.757,43.877,43.724,43.824,1356444
1433,2023-07-20 12:30:00,43.972,44.032,43.739,43.759,1662140
1434,2023-07-20 12:25:00,44.096,44.127,43.953,43.964,1017362
1435,2023-07-20 12:20:00,44.266,44.306,44.038,44.098,1799974
1436,2023-07-20 12:15:00,44.485,44.57,44.247,44.258,1574190
1437,2023-07-20 12:10:00,44.405,44.505,44.347,44.486,880167
1438,2023-07-20 12:05:00,44.42,44.436,44.317,44.401,655874
1439,2023-07-20 12:00:00,44.236,44.422,44.207,44.414,1100438
1440,2023-07-20 11:55:00,44.286,44.291,44.18,44.238,843875
1441,2023-07-20 11:50:00,44.316,44.396,44.237,44.274,810762
1442,2023-07-20 11:45:00,44.485,44.495,44.293,44.306,1168807
1443,2023-07-20 11:40:00,44.555,44.561,44.387,44.477,858666
1444,2023-07-20 11:35:00,44.405,44.595,44.387,44.546,1464054
1445,2023-07-20 11:30:00,44.226,44.456,44.212,44.392,1129131
1446,2023-07-20 11:25:00,44.146,44.326,44.138,44.228,894702
1447,2023-07-20 11:20:00,44.236,44.294,44.118,44.148,712184
1448,2023-07-20 11:15:00,44.325,44.346,44.168,44.218,1050221
1449,2023-07-20 11:10:00,44.301,44.396,44.257,44.321,963594
1450,2023-07-20 11:05:00,44.345,44.426,44.267,44.287,1572386
1451,2023-07-20 11:00:00,44.081,44.366,44.038,44.336,1702538
1452,2023-07-20 10:55:00,44.125,44.206,44.008,44.078,1331048
1453,2023-07-20 10:50:00,44.116,44.196,44.008,44.118,1680548
1454,2023-07-20 10:45:00,44.086,44.167,44.008,44.113,2098811
1455,2023-07-20 10:40:00,43.857,44.097,43.839,44.07,2440920
1456,2023-07-20 10:35:00,43.997,44.047,43.839,43.845,2279924
1457,2023-07-20 10:30:00,44.32,44.321,43.928,43.997,2615983
1458,2023-07-20 10:25:00,44.408,44.454,44.237,44.312,2419505
1459,2023-07-20 10:20:00,44.585,44.635,44.367,44.407,2335533
1460,2023-07-20 10:15:00,44.804,44.894,44.576,44.585,1619558
1461,2023-07-20 10:10:00,44.774,44.984,44.636,44.786,2047182
1462,2023-07-20 10:05:00,44.908,44.909,44.706,44.771,2164646
1463,2023-07-20 10:00:00,45.252,45.283,44.855,44.9,2355893
1464,2023-07-20 09:55:00,45.347,45.392,45.214,45.234,1341214
1465,2023-07-20 09:50:00,45.481,45.542,45.274,45.343,1953117
1466,2023-07-20 09:45:00,45.501,45.512,45.364,45.463,1384354
1467,2023-07-20 09:40:00,45.302,45.512,45.194,45.493,2115080
1468,2023-07-20 09:35:00,45.317,45.402,45.194,45.299,2498130
1469,2023-07-20 09:30:00,45.003,45.452,44.965,45.309,4896846
1470,2023-07-20 09:25:00,44.953,45.043,44.935,44.985,247510
1471,2023-07-20 09:20:00,44.834,44.964,44.815,44.945,327947
1472,2023-07-20 09:15:00,44.784,44.874,44.775,44.817,262348
1473,2023-07-20 09:10:00,44.933,44.944,44.745,44.776,451490
1474,2023-07-20 09:05:00,44.963,44.984,44.865,44.92,146210
1475,2023-07-20 09:00:00,44.993,45.014,44.905,44.975,164209
1476,2023-07-20 08:55:00,45.023,45.063,44.985,44.985,79817
1477,2023-07-20 08:50:00,45.013,45.043,44.926,45.015,175103
1478,2023-07-20 08:45:00,44.893,45.014,44.875,45.005,202185
1479,2023-07-20 08:40:00,45.063,45.083,44.875,44.885,207407
1480,2023-07-20 08:35:00,45.123,45.193,45.054,45.064,105535
1481,2023-07-20 08:30:00,45.217,45.218,45.094,45.124,125154
1482,2023-07-20 08:25:00,45.192,45.243,45.174,45.214,36788
1483,2023-07-20 08:20:00,45.232,45.243,45.174,45.184,137329
1484,2023-07-20 08:15:00,45.242,45.293,45.214,45.234,84087
1485,2023-07-20 08:10:00,45.282,45.293,45.224,45.244,100338
1486,2023-07-20 08:05:00,45.332,45.352,45.254,45.274,102140
1487,2023-07-20 08:00:00,45.212,45.582,44.873,45.334,478132
1488,2023-07-20 07:55:00,45.312,45.323,45.283,45.304,15828
1489,2023-07-20 07:50:00,45.262,45.332,45.224,45.304,21711
1490,2023-07-20 07:45:00,45.212,45.283,45.204,45.254,29165
1491,2023-07-20 07:40:00,45.252,45.273,45.194,45.214,37533
1492,2023-07-20 07:35:00,45.202,45.253,45.174,45.234,49814
1493,2023-07-20 07:30:00,45.133,45.193,45.074,45.184,48834
1494,2023-07-20 07:25:00,45.073,45.143,45.054,45.134,62521
1495,2023-07-20 07:20:00,45.113,45.113,45.054,45.064,55963
1496,2023-07-20 07:15:00,45.123,45.143,45.064,45.104,20773
1497,2023-07-20 07:10:00,45.133,45.163,45.094,45.114,24731
1498,2023-07-20 07:05:00,45.123,45.143,45.094,45.114,20586
1499,2023-07-20 07:00:00,45.222,45.233,45.114,45.124,54626
1500,2023-07-20 06:55:00,45.182,45.223,45.164,45.214,8240
1501,2023-07-20 06:50:00,45.182,45.193,45.154,45.164,9717
1502,2023-07-20 06:45:00,45.232,45.233,45.164,45.184,13923
1503,2023-07-20 06:40:00,45.242,45.273,45.214,45.214,9386
1504,2023-07-20 06:35:00,45.232,45.283,45.224,45.234,30994
1505,2023-07-20 06:30:00,45.212,45.243,45.194,45.234,8116
1506,2023-07-20 06:25:00,45.222,45.243,45.194,45.214,7672
1507,2023-07-20 06:20:00,45.202,45.263,45.164,45.224,20228
1508,2023-07-20 06:15:00,45.202,45.213,45.174,45.184,13898
1509,2023-07-20 06:10:00,45.163,45.213,45.144,45.194,24475
1510,2023-07-20 06:05:00,45.013,45.173,44.995,45.154,17041
1511,2023-07-20 06:00:00,45.003,45.024,44.985,45.005,18109
1512,2023-07-20 05:55:00,45.003,45.014,44.985,45.005,4611
1513,2023-07-20 05:50:00,45.013,45.024,44.985,44.985,5999
1514,2023-07-20 05:45:00,44.943,45.014,44.935,44.995,7748
1515,2023-07-20 05:40:00,44.923,44.954,44.865,44.935,11248
1516,2023-07-20 05:35:00,45.013,45.024,44.925,44.925,9972
1517,2023-07-20 05:30:00,45.003,45.024,44.985,45.005,14795
1518,2023-07-20 05:25:00,45.003,45.004,44.965,44.985,10962
1519,2023-07-20 05:20:00,44.943,45.004,44.925,44.985,6040
1520,2023-07-20 05:15:00,44.933,44.964,44.915,44.935,13037
1521,2023-07-20 05:10:00,44.933,44.954,44.905,44.925,7604
1522,2023-07-20 05:05:00,44.893,44.964,44.885,44.935,6495
1523,2023-07-20 05:00:00,44.993,44.994,44.865,44.885,17154
1524,2023-07-20 04:55:00,44.983,44.994,44.945,44.985,11559
1525,2023-07-20 04:50:00,44.993,45.014,44.975,44.975,7730
1526,2023-07-20 04:45:00,45.003,45.004,44.945,44.985,12476
1527,2023-07-20 04:40:00,44.993,45.024,44.975,45.005,8627
1528,2023-07-20 04:35:00,45.013,45.024,44.975,44.995,8012
1529,2023-07-20 04:30:00,44.963,45.024,44.895,45.005,17670
1530,2023-07-20 04:25:00,45.013,45.024,44.965,44.965,23449
1531,2023-07-20 04:20:00,45.003,45.024,44.935,44.995,49125
1532,2023-07-20 04:15:00,45.023,45.083,44.995,44.995,41645
1533,2023-07-20 04:10:00,45.163,45.173,44.995,45.025,27381
1534,2023-07-20 04:05:00,45.212,45.213,45.144,45.154,35282
1535,2023-07-20 04:00:00,45.123,45.233,42.842,45.204,76028
1536,2023-07-19 19:55:00,45.202,45.203,45.164,45.184,34555
1537,2023-07-19 19:50:00,45.182,45.223,45.164,45.214,25809
1538,2023-07-19 19:45:00,45.153,45.183,45.134,45.164,35315
1539,2023-07-19 19:40:00,45.133,45.163,45.114,45.144,26564
1540,2023-07-19 19:35:00,45.182,45.193,45.114,45.124,16270
1541,2023-07-19 19:30:00,45.202,45.223,45.174,45.174,10113
1542,2023-07-19 19:25:00,45.182,45.223,45.164,45.204,47650
1543,2023-07-19 19:20:00,45.143,45.193,45.134,45.174,52467
1544,2023-07-19 19:15:00,45.083,45.153,45.044,45.144,70702
1545,2023-07-19 19:10:00,45.173,45.173,45.064,45.074,72072
1546,2023-07-19 19:05:00,45.192,45.213,45.164,45.174,18820
1547,2023-07-19 19:00:00,45.192,45.213,45.174,45.194,46906
1548,2023-07-19 18:55:00,45.163,45.203,45.154,45.174,31012
1549,2023-07-19 18:50:00,45.143,45.163,45.104,45.154,28496
1550,2023-07-19 18:45:00,45.123,45.183,45.114,45.144,17447
1551,2023-07-19 18:40:00,45.153,45.193,45.114,45.114,45470
1552,2023-07-19 18:35:00,45.202,45.223,45.134,45.144,41579
1553,2023-07-19 18:30:00,45.182,45.233,45.144,45.184,30995
1554,2023-07-19 18:25:00,45.182,45.243,45.134,45.174,54020
1555,2023-07-19 18:20:00,45.202,45.283,45.084,45.174,206841
1556,2023-07-19 18:15:00,45.481,45.512,45.194,45.194,135454
1557,2023-07-19 18:10:00,45.611,45.612,45.453,45.473,110920
1558,2023-07-19 18:05:00,45.691,45.711,45.592,45.603,50213
1559,2023-07-19 18:00:00,45.721,45.761,45.672,45.672,29404
1560,2023-07-19 17:55:00,45.711,45.761,45.682,45.722,53588
1561,2023-07-19 17:50:00,45.79,45.791,45.682,45.682,54420
1562,2023-07-19 17:45:00,45.82,45.841,45.772,45.772,24452
1563,2023-07-19 17:40:00,45.83,45.841,45.772,45.812,22725
1564,2023-07-19 17:35:00,45.86,45.871,45.821,45.832,29944
1565,2023-07-19 17:30:00,45.85,45.861,45.841,45.852,33828
1566,2023-07-19 17:25:00,45.879,45.881,45.841,45.852,2209
1567,2023-07-19 17:20:00,45.86,45.881,45.841,45.872,14597
1568,2023-07-19 17:15:00,45.89,45.891,45.851,45.862,8000
1569,2023-07-19 17:10:00,45.91,45.91,45.861,45.881,11930
1570,2023-07-19 17:05:00,45.879,45.91,45.871,45.901,6593
1571,2023-07-19 17:00:00,45.91,45.91,45.851,45.88,30163
1572,2023-07-19 16:55:00,45.93,45.96,45.891,45.891,32184
1573,2023-07-19 16:50:00,45.91,45.93,45.891,45.912,16864
1574,2023-07-19 16:45:00,45.89,45.92,45.871,45.911,20122
1575,2023-07-19 16:40:00,45.901,45.92,45.871,45.881,20899
1576,2023-07-19 16:35:00,45.86,45.91,45.841,45.901,37070
1577,2023-07-19 16:30:00,45.88,45.901,45.841,45.852,44811
1578,2023-07-19 16:25:00,45.91,45.92,45.861,45.872,59827
1579,2023-07-19 16:20:00,45.98,45.98,45.861,45.891,82847
1580,2023-07-19 16:15:00,46.159,46.16,45.861,45.971,82382
1581,2023-07-19 16:10:00,46.079,46.08,45.861,45.881,116050
1582,2023-07-19 16:05:00,45.97,46.12,45.732,46.071,175613
1583,2023-07-19 16:00:00,46.039,46.199,45.792,45.981,782285
1584,2023-07-19 15:55:00,46.079,46.155,46.011,46.031,1867609
1585,2023-07-19 15:50:00,46.159,46.259,46.066,46.071,1993563
1586,2023-07-19 15:45:00,46.149,46.185,46.1,46.15,518735
1587,2023-07-19 15:40:00,46.163,46.215,46.081,46.141,550117
1588,2023-07-19 15:35:00,46.199,46.229,46.071,46.151,723664
1589,2023-07-19 15:30:00,46.269,46.289,46.17,46.195,1121837
1590,2023-07-19 15:25:00,46.388,46.409,46.25,46.27,822806
1591,2023-07-19 15:20:00,46.358,46.429,46.32,46.377,806108
1592,2023-07-19 15:15:00,46.251,46.359,46.24,46.35,732619
1593,2023-07-19 15:10:00,46.229,46.309,46.21,46.245,681554
1594,2023-07-19 15:05:00,46.124,46.276,46.1,46.225,858408
1595,2023-07-19 15:00:00,46.02,46.14,46.001,46.113,1079204
1596,2023-07-19 14:55:00,45.93,46.04,45.881,46.011,479927
1597,2023-07-19 14:50:00,45.901,45.979,45.855,45.921,481000
1598,2023-07-19 14:45:00,46.0,46.014,45.861,45.901,633557
1599,2023-07-19 14:40:00,45.94,46.03,45.906,45.971,539024
1600,2023-07-19 14:35:00,45.96,46.001,45.881,45.921,496103
1601,2023-07-19 14:30:00,45.77,45.98,45.752,45.946,645489
1602,2023-07-19 14:25:00,45.685,45.831,45.677,45.756,686507
1603,2023-07-19 14:20:00,45.701,45.781,45.652,45.682,590509
1604,2023-07-19 14:15:00,45.83,45.86,45.682,45.697,641389
1605,2023-07-19 14:10:00,45.716,45.861,45.682,45.824,1155387
1606,2023-07-19 14:05:00,45.957,45.957,45.682,45.712,1392326
1607,2023-07-19 14:00:00,45.98,46.03,45.901,45.949,378563
1608,2023-07-19 13:55:00,46.039,46.085,45.912,45.971,380874
1609,2023-07-19 13:50:00,46.028,46.1,45.965,46.029,482901
1610,2023-07-19 13:45:00,46.0,46.106,45.961,46.021,683679
1611,2023-07-19 13:40:00,45.84,46.07,45.802,45.99,758614
1612,2023-07-19 13:35:00,45.86,45.92,45.792,45.831,1071313
1613,2023-07-19 13:30:00,45.948,46.01,45.851,45.857,727374
1614,2023-07-19 13:25:00,46.02,46.04,45.881,45.941,441306
1615,2023-07-19 13:20:00,45.92,46.04,45.901,46.012,558221
1616,2023-07-19 13:15:00,46.03,46.035,45.871,45.901,762110
1617,2023-07-19 13:10:00,45.94,46.04,45.891,46.026,1004873
1618,2023-07-19 13:05:00,46.059,46.06,45.812,45.941,1615422
1619,2023-07-19 13:00:00,46.219,46.254,46.051,46.051,825891
1620,2023-07-19 12:55:00,46.239,46.259,46.13,46.209,504206
1621,2023-07-19 12:50:00,46.109,46.269,46.061,46.23,929991
1622,2023-07-19 12:45:00,46.159,46.249,46.084,46.096,881266
1623,2023-07-19 12:40:00,46.089,46.18,45.981,46.152,1218502
1624,2023-07-19 12:35:00,46.328,46.359,46.07,46.091,1068605
1625,2023-07-19 12:30:00,46.249,46.329,46.001,46.32,1820897
1626,2023-07-19 12:25:00,46.309,46.395,46.105,46.246,2229696
1627,2023-07-19 12:20:00,46.587,46.628,46.23,46.296,2277352
1628,2023-07-19 12:15:00,46.757,46.758,46.469,46.569,2184487
1629,2023-07-19 12:10:00,46.827,46.867,46.678,46.758,2452111
1630,2023-07-19 12:05:00,46.741,46.977,46.698,46.808,3631152
1631,2023-07-19 12:00:00,46.657,46.977,46.633,46.728,2674189
1632,2023-07-19 11:55:00,46.772,46.787,46.559,46.649,936720
1633,2023-07-19 11:50:00,46.742,46.797,46.688,46.758,552647
1634,2023-07-19 11:45:00,46.697,46.767,46.648,46.738,674542
1635,2023-07-19 11:40:00,46.702,46.757,46.619,46.689,928892
1636,2023-07-19 11:35:00,46.867,46.867,46.68,46.698,1134348
1637,2023-07-19 11:30:00,46.727,46.867,46.678,46.853,998428
1638,2023-07-19 11:25:00,46.637,46.765,46.604,46.708,776598
1639,2023-07-19 11:20:00,46.777,46.782,46.554,46.629,1548005
1640,2023-07-19 11:15:00,46.807,46.867,46.738,46.768,1510313
1641,2023-07-19 11:10:00,46.573,46.807,46.539,46.788,1199019
1642,2023-07-19 11:05:00,46.456,46.598,46.439,46.559,985176
1643,2023-07-19 11:00:00,46.458,46.518,46.35,46.439,1211697
1644,2023-07-19 10:55:00,46.458,46.524,46.2,46.449,2435182
1645,2023-07-19 10:50:00,46.662,46.827,46.394,46.439,1666545
1646,2023-07-19 10:45:00,46.767,46.807,46.609,46.657,1200122
1647,2023-07-19 10:40:00,46.568,46.817,46.519,46.758,1968737
1648,2023-07-19 10:35:00,46.398,46.578,46.363,46.559,1365893
1649,2023-07-19 10:30:00,46.319,46.429,46.299,46.39,1066313
1650,2023-07-19 10:25:00,46.483,46.538,46.3,46.32,1124128
1651,2023-07-19 10:20:00,46.357,46.518,46.323,46.478,1062406
1652,2023-07-19 10:15:00,46.319,46.389,46.19,46.34,1658274
1653,2023-07-19 10:10:00,46.378,46.508,46.296,46.31,1201716
1654,2023-07-19 10:05:00,46.448,46.528,46.34,46.36,965495
1655,2023-07-19 10:00:00,46.468,46.568,46.346,46.449,1445671
1656,2023-07-19 09:55:00,46.413,46.478,46.27,46.454,1355152
1657,2023-07-19 09:50:00,46.438,46.478,46.29,46.41,1768511
1658,2023-07-19 09:45:00,46.565,46.598,46.389,46.429,1647476
1659,2023-07-19 09:40:00,46.608,46.767,46.539,46.551,2257191
1660,2023-07-19 09:35:00,46.328,46.608,46.288,46.589,2149830
1661,2023-07-19 09:30:00,46.568,46.754,46.25,46.325,4726392
1662,2023-07-19 09:25:00,46.548,46.588,46.519,46.569,131395
1663,2023-07-19 09:20:00,46.578,46.608,46.549,46.549,122496
1664,2023-07-19 09:15:00,46.568,46.588,46.509,46.569,102495
1665,2023-07-19 09:10:00,46.558,46.568,46.527,46.559,84197
1666,2023-07-19 09:05:00,46.518,46.558,46.489,46.549,89837
1667,2023-07-19 09:00:00,46.538,46.548,46.489,46.519,80213
1668,2023-07-19 08:55:00,46.568,46.588,46.479,46.519,137443
1669,2023-07-19 08:50:00,46.488,46.578,46.469,46.559,180792
1670,2023-07-19 08:45:00,46.518,46.528,46.449,46.479,87155
1671,2023-07-19 08:40:00,46.506,46.558,46.479,46.519,83925
1672,2023-07-19 08:35:00,46.478,46.508,46.439,46.499,60729
1673,2023-07-19 08:30:00,46.448,46.488,46.428,46.459,62266
1674,2023-07-19 08:25:00,46.438,46.469,46.419,46.449,43091
1675,2023-07-19 08:20:00,46.468,46.478,46.419,46.439,59674
1676,2023-07-19 08:15:00,46.458,46.488,46.439,46.469,142748
1677,2023-07-19 08:10:00,46.418,46.478,46.409,46.459,44540
1678,2023-07-19 08:05:00,46.438,46.459,46.409,46.41,84153
1679,2023-07-19 08:00:00,46.488,46.529,46.071,46.429,390826
1680,2023-07-19 07:55:00,46.388,46.409,46.369,46.38,5394
1681,2023-07-19 07:50:00,46.348,46.409,46.34,46.38,10290
1682,2023-07-19 07:45:00,46.368,46.369,46.29,46.33,47935
1683,2023-07-19 07:40:00,46.398,46.409,46.33,46.36,14477
1684,2023-07-19 07:35:00,46.418,46.459,46.389,46.39,33928
1685,2023-07-19 07:30:00,46.448,46.459,46.389,46.41,21796
1686,2023-07-19 07:25:00,46.388,46.449,46.31,46.429,53129
1687,2023-07-19 07:20:00,46.358,46.409,46.33,46.37,68495
1688,2023-07-19 07:15:00,46.408,46.409,46.35,46.35,25337
1689,2023-07-19 07:10:00,46.448,46.469,46.389,46.4,39124
1690,2023-07-19 07:05:00,46.508,46.508,46.429,46.439,19831
1691,2023-07-19 07:00:00,46.488,46.538,46.479,46.499,75449
1692,2023-07-19 06:55:00,46.428,46.488,46.409,46.479,7796
1693,2023-07-19 06:50:00,46.378,46.429,46.369,46.42,10790
1694,2023-07-19 06:45:00,46.358,46.419,46.35,46.37,15462
1695,2023-07-19 06:40:00,46.368,46.389,46.33,46.35,7635
1696,2023-07-19 06:35:00,46.388,46.399,46.35,46.37,5637
1697,2023-07-19 06:30:00,46.408,46.419,46.369,46.38,5411
1698,2023-07-19 06:25:00,46.358,46.419,46.35,46.4,8953
1699,2023-07-19 06:20:00,46.378,46.389,46.35,46.35,6950
1700,2023-07-19 06:15:00,46.428,46.429,46.369,46.38,5522
1701,2023-07-19 06:10:00,46.418,46.449,46.399,46.42,14444
1702,2023-07-19 06:05:00,46.458,46.469,46.399,46.41,14367
1703,2023-07-19 06:00:00,46.488,46.488,46.439,46.439,12803
1704,2023-07-19 05:55:00,46.518,46.518,46.459,46.469,16170
1705,2023-07-19 05:50:00,46.508,46.528,46.479,46.509,36699
1706,2023-07-19 05:45:00,46.488,46.518,46.469,46.499,10634
1707,2023-07-19 05:40:00,46.408,46.498,46.399,46.469,31615
1708,2023-07-19 05:35:00,46.358,46.439,46.35,46.41,23415
1709,2023-07-19 05:30:00,46.309,46.359,46.3,46.35,6033
1710,2023-07-19 05:25:00,46.358,46.359,46.29,46.31,12670
1711,2023-07-19 05:20:00,46.348,46.379,46.34,46.35,4276
1712,2023-07-19 05:15:00,46.333,46.359,46.27,46.35,10762
1713,2023-07-19 05:10:00,46.299,46.339,46.28,46.32,6855
1714,2023-07-19 05:05:00,46.299,46.339,46.29,46.3,10614
1715,2023-07-19 05:00:00,46.338,46.349,46.28,46.29,8895
1716,2023-07-19 04:55:00,46.328,46.359,46.32,46.34,5042
1717,2023-07-19 04:50:00,46.368,46.369,46.31,46.33,12994
1718,2023-07-19 04:45:00,46.358,46.389,46.34,46.36,7597
1719,2023-07-19 04:40:00,46.328,46.359,46.31,46.35,7909
1720,2023-07-19 04:35:00,46.309,46.339,46.3,46.32,123545
1721,2023-07-19 04:30:00,46.299,46.339,46.28,46.3,20516
1722,2023-07-19 04:25:00,46.229,46.309,46.22,46.29,8497
1723,2023-07-19 04:20:00,46.249,46.289,46.22,46.23,9631
1724,2023-07-19 04:15:00,46.209,46.259,46.2,46.25,7390
1725,2023-07-19 04:10:00,46.159,46.219,46.14,46.2,5134
1726,2023-07-19 04:05:00,46.199,46.239,46.15,46.151,13790
1727,2023-07-19 04:00:00,46.199,46.219,45.831,46.19,38876
1728,2023-07-18 19:55:00,46.129,46.14,46.1,46.101,36391
1729,2023-07-18 19:50:00,46.139,46.16,46.13,46.131,14513
1730,2023-07-18 19:45:00,46.139,46.15,46.12,46.141,6341
1731,2023-07-18 19:40:00,46.109,46.14,46.1,46.131,10517
1732,2023-07-18 19:35:00,46.119,46.12,46.1,46.111,18708
1733,2023-07-18 19:30:00,46.119,46.12,46.09,46.091,7840
1734,2023-07-18 19:25:00,46.129,46.14,46.11,46.121,11581
1735,2023-07-18 19:20:00,46.129,46.15,46.12,46.121,6215
1736,2023-07-18 19:15:00,46.149,46.16,46.12,46.141,3890
1737,2023-07-18 19:10:00,46.119,46.16,46.11,46.141,20237
1738,2023-07-18 19:05:00,46.139,46.15,46.1,46.111,6635
1739,2023-07-18 19:00:00,46.089,46.15,46.076,46.141,24036
1740,2023-07-18 18:55:00,46.079,46.09,46.061,46.081,6366
1741,2023-07-18 18:50:00,46.089,46.09,46.061,46.071,15294
1742,2023-07-18 18:45:00,46.099,46.11,46.081,46.091,3741
1743,2023-07-18 18:40:00,46.089,46.11,46.081,46.081,4968
1744,2023-07-18 18:35:00,46.099,46.1,46.061,46.071,7137
1745,2023-07-18 18:30:00,46.099,46.11,46.081,46.091,17147
1746,2023-07-18 18:25:00,46.119,46.12,46.081,46.101,4858
1747,2023-07-18 18:20:00,46.119,46.13,46.1,46.111,16828
1748,2023-07-18 18:15:00,46.079,46.12,46.071,46.111,14051
1749,2023-07-18 18:10:00,46.079,46.11,46.071,46.081,6867
1750,2023-07-18 18:05:00,46.089,46.12,46.071,46.071,38683
1751,2023-07-18 18:00:00,46.02,46.1,45.971,46.071,66807
1752,2023-07-18 17:55:00,46.039,46.04,46.011,46.011,23403
1753,2023-07-18 17:50:00,46.03,46.04,46.011,46.031,8257
1754,2023-07-18 17:45:00,46.03,46.04,46.011,46.011,20391
1755,2023-07-18 17:40:00,46.02,46.03,46.011,46.021,2520
1756,2023-07-18 17:35:00,46.029,46.04,46.011,46.011,2796
1757,2023-07-18 17:30:00,46.01,46.04,46.001,46.011,41266
1758,2023-07-18 17:25:00,46.005,46.03,45.991,46.021,5356
1759,2023-07-18 17:20:00,46.02,46.03,45.991,45.991,7384
1760,2023-07-18 17:15:00,46.03,46.04,46.001,46.011,5493
1761,2023-07-18 17:10:00,46.0,46.03,45.991,46.011,8112
1762,2023-07-18 17:05:00,45.981,46.01,45.971,45.991,5150
1763,2023-07-18 17:00:00,45.99,45.999,45.971,45.981,20184
1764,2023-07-18 16:55:00,46.01,46.02,45.971,45.981,31775
1765,2023-07-18 16:50:00,46.02,46.04,46.011,46.011,19185
1766,2023-07-18 16:45:00,46.03,46.04,45.991,46.011,13470
1767,2023-07-18 16:40:00,46.01,46.05,46.001,46.039,9712
1768,2023-07-18 16:35:00,46.021,46.04,46.001,46.011,20897
1769,2023-07-18 16:30:00,46.059,46.06,46.011,46.021,19592
1770,2023-07-18 16:25:00,46.02,46.06,46.001,46.031,19227
1771,2023-07-18 16:20:00,46.049,46.08,46.001,46.011,36390
1772,2023-07-18 16:15:00,46.159,46.16,45.981,46.041,39546
1773,2023-07-18 16:10:00,46.02,46.05,45.971,46.001,88872
1774,2023-07-18 16:05:00,46.039,46.213,46.011,46.016,1358881
1775,2023-07-18 16:00:00,46.199,46.199,46.021,46.021,538674
1776,2023-07-18 15:55:00,46.388,46.389,46.17,46.19,2016214
1777,2023-07-18 15:50:00,46.478,46.579,46.36,46.385,1937654
1778,2023-07-18 15:45:00,46.388,46.543,46.33,46.469,1096958
1779,2023-07-18 15:40:00,46.428,46.488,46.369,46.39,481341
1780,2023-07-18 15:35:00,46.458,46.478,46.379,46.42,677570
1781,2023-07-18 15:30:00,46.498,46.548,46.369,46.45,1082000
1782,2023-07-18 15:25:00,46.588,46.593,46.479,46.499,546549
1783,2023-07-18 15:20:00,46.583,46.593,46.479,46.579,876481
1784,2023-07-18 15:15:00,46.589,46.679,46.539,46.569,952448
1785,2023-07-18 15:10:00,46.478,46.608,46.439,46.584,971736
1786,2023-07-18 15:05:00,46.433,46.518,46.409,46.469,687138
1787,2023-07-18 15:00:00,46.468,46.469,46.29,46.429,1392460
1788,2023-07-18 14:55:00,46.477,46.498,46.44,46.449,373330
1789,2023-07-18 14:50:00,46.523,46.528,46.444,46.459,571091
1790,2023-07-18 14:45:00,46.433,46.534,46.389,46.512,956367
1791,2023-07-18 14:40:00,46.368,46.454,46.29,46.424,708440
1792,2023-07-18 14:35:00,46.368,46.419,46.3,46.37,843664
1793,2023-07-18 14:30:00,46.418,46.478,46.35,46.363,1110023
1794,2023-07-18 14:25:00,46.388,46.424,46.172,46.415,862927
1795,2023-07-18 14:20:00,46.269,46.478,46.243,46.38,1689781
1796,2023-07-18 14:15:00,46.269,46.289,46.21,46.255,832812
1797,2023-07-18 14:10:00,46.189,46.269,46.16,46.254,734309
1798,2023-07-18 14:05:00,46.099,46.219,46.081,46.175,1195351
1799,2023-07-18 14:00:00,46.028,46.12,45.991,46.09,829333
1800,2023-07-18 13:55:00,45.98,46.028,45.941,46.016,815474
1801,2023-07-18 13:50:00,46.0,46.005,45.911,45.971,483537
1802,2023-07-18 13:45:00,45.95,46.011,45.891,45.991,582104
1803,2023-07-18 13:40:00,45.975,46.02,45.941,45.95,681089
1804,2023-07-18 13:35:00,45.99,45.99,45.872,45.961,735399
1805,2023-07-18 13:30:00,45.885,46.0,45.861,45.982,763705
1806,2023-07-18 13:25:00,45.763,45.891,45.754,45.881,494801
1807,2023-07-18 13:20:00,45.87,45.886,45.742,45.752,863350
1808,2023-07-18 13:15:00,45.9,45.95,45.826,45.867,1064087
1809,2023-07-18 13:10:00,45.82,45.92,45.782,45.891,1150342
1810,2023-07-18 13:05:00,45.736,45.841,45.725,45.812,895988
1811,2023-07-18 13:00:00,45.639,45.781,45.617,45.727,875900
1812,2023-07-18 12:55:00,45.581,45.667,45.528,45.623,995320
1813,2023-07-18 12:50:00,45.711,45.731,45.573,45.583,768865
1814,2023-07-18 12:45:00,45.77,45.806,45.652,45.712,838734
1815,2023-07-18 12:40:00,45.741,45.791,45.682,45.762,997104
1816,2023-07-18 12:35:00,45.695,45.811,45.652,45.737,1348302
1817,2023-07-18 12:30:00,45.641,45.706,45.562,45.692,1149790
1818,2023-07-18 12:25:00,45.302,45.646,45.293,45.637,1617379
1819,2023-07-18 12:20:00,45.472,45.532,45.293,45.294,1573181
1820,2023-07-18 12:15:00,45.422,45.509,45.373,45.464,908113
1821,2023-07-18 12:10:00,45.491,45.532,45.373,45.413,1231278
1822,2023-07-18 12:05:00,45.481,45.532,45.373,45.488,1396097
1823,2023-07-18 12:00:00,45.422,45.512,45.353,45.468,1657509
1824,2023-07-18 11:55:00,45.322,45.427,45.303,45.413,1261387
1825,2023-07-18 11:50:00,45.372,45.477,45.254,45.304,2823710
1826,2023-07-18 11:45:00,44.993,45.402,44.984,45.365,2770735
1827,2023-07-18 11:40:00,44.825,45.038,44.795,44.98,2669686
1828,2023-07-18 11:35:00,44.634,44.844,44.586,44.815,1440566
1829,2023-07-18 11:30:00,44.58,44.695,44.486,44.636,1548914
1830,2023-07-18 11:25:00,44.694,44.754,44.551,44.566,844636
1831,2023-07-18 11:20:00,44.72,44.735,44.656,44.692,389541
1832,2023-07-18 11:15:00,44.684,44.754,44.636,44.711,558744
1833,2023-07-18 11:10:00,44.704,44.794,44.636,44.676,1006070
1834,2023-07-18 11:05:00,44.709,44.715,44.616,44.691,672713
1835,2023-07-18 11:00:00,44.634,44.715,44.576,44.701,881983
1836,2023-07-18 10:55:00,44.6,44.69,44.526,44.616,743658
1837,2023-07-18 10:50:00,44.724,44.73,44.546,44.596,949738
1838,2023-07-18 10:45:00,44.585,44.735,44.566,44.716,1233147
1839,2023-07-18 10:40:00,44.465,44.625,44.451,44.581,1054072
1840,2023-07-18 10:35:00,44.415,44.496,44.382,44.457,664039
1841,2023-07-18 10:30:00,44.445,44.465,44.317,44.41,926492
1842,2023-07-18 10:25:00,44.503,44.515,44.322,44.437,1234821
1843,2023-07-18 10:20:00,44.545,44.575,44.457,44.487,866200
1844,2023-07-18 10:15:00,44.495,44.635,44.427,44.531,1323304
1845,2023-07-18 10:10:00,44.505,44.595,44.437,44.497,1076483
1846,2023-07-18 10:05:00,44.435,44.57,44.367,44.497,1784947
1847,2023-07-18 10:00:00,44.545,44.625,44.397,44.432,1721096
1848,2023-07-18 09:55:00,44.346,44.565,44.277,44.538,1877042
1849,2023-07-18 09:50:00,44.465,44.486,44.148,44.342,2865031
1850,2023-07-18 09:45:00,44.395,44.565,44.377,44.447,1792761
1851,2023-07-18 09:40:00,44.375,44.625,44.317,44.395,2385846
1852,2023-07-18 09:35:00,44.515,44.533,44.317,44.367,3156249
1853,2023-07-18 09:30:00,44.859,44.864,44.457,44.506,3219447
1854,2023-07-18 09:25:00,44.854,44.884,44.735,44.845,119657
1855,2023-07-18 09:20:00,44.824,44.864,44.775,44.845,111136
1856,2023-07-18 09:15:00,44.822,44.894,44.805,44.825,123755
1857,2023-07-18 09:10:00,44.804,44.834,44.795,44.815,67242
1858,2023-07-18 09:05:00,44.834,44.844,44.775,44.795,81074
1859,2023-07-18 09:00:00,44.844,44.864,44.765,44.825,93464
1860,2023-07-18 08:55:00,44.784,44.844,44.735,44.825,78230
1861,2023-07-18 08:50:00,44.804,44.854,44.765,44.766,139237
1862,2023-07-18 08:45:00,44.714,44.824,44.686,44.795,163661
1863,2023-07-18 08:40:00,44.834,44.874,44.704,44.704,152531
1864,2023-07-18 08:35:00,44.814,44.914,44.745,44.83,207392
1865,2023-07-18 08:30:00,44.933,45.043,44.765,44.805,294674
1866,2023-07-18 08:25:00,44.943,44.964,44.915,44.935,56844
1867,2023-07-18 08:20:00,44.953,44.954,44.895,44.925,47903
1868,2023-07-18 08:15:00,44.903,44.954,44.885,44.945,20006
1869,2023-07-18 08:10:00,44.923,44.934,44.875,44.915,19803
1870,2023-07-18 08:05:00,44.903,44.934,44.875,44.925,30886
1871,2023-07-18 08:00:00,44.913,45.092,44.834,44.895,311532
1872,2023-07-18 07:55:00,44.903,44.934,44.875,44.895,11195
1873,2023-07-18 07:50:00,44.893,44.914,44.885,44.895,17576
1874,2023-07-18 07:45:00,44.884,44.904,44.865,44.885,8613
1875,2023-07-18 07:40:00,44.864,44.874,44.845,44.865,23018
1876,2023-07-18 07:35:00,44.884,44.884,44.835,44.855,39873
1877,2023-07-18 07:30:00,44.913,44.954,44.865,44.885,46923
1878,2023-07-18 07:25:00,44.943,44.964,44.905,44.915,19093
1879,2023-07-18 07:20:00,44.963,44.984,44.935,44.945,40922
1880,2023-07-18 07:15:00,44.953,45.004,44.935,44.965,28446
1881,2023-07-18 07:10:00,44.943,44.954,44.895,44.945,9824
1882,2023-07-18 07:05:00,44.953,44.984,44.935,44.945,7617
1883,2023-07-18 07:00:00,44.923,44.964,44.905,44.945,16632
1884,2023-07-18 06:55:00,44.884,44.924,44.865,44.905,9494
1885,2023-07-18 06:50:00,44.874,44.904,44.845,44.865,9916
1886,2023-07-18 06:45:00,44.933,44.944,44.865,44.865,5343
1887,2023-07-18 06:40:00,44.913,44.944,44.885,44.935,4925
1888,2023-07-18 06:35:00,44.913,44.944,44.855,44.905,15498
1889,2023-07-18 06:30:00,44.933,44.944,44.905,44.905,5216
1890,2023-07-18 06:25:00,44.943,44.954,44.925,44.925,6943
1891,2023-07-18 06:20:00,44.953,44.964,44.935,44.935,1665
1892,2023-07-18 06:15:00,44.943,44.964,44.925,44.945,2627
1893,2023-07-18 06:10:00,44.973,44.994,44.935,44.935,3346
1894,2023-07-18 06:05:00,44.993,45.004,44.955,44.955,3190
1895,2023-07-18 06:00:00,44.993,45.014,44.985,44.985,5655
1896,2023-07-18 05:55:00,44.993,44.994,44.965,44.985,2856
1897,2023-07-18 05:50:00,44.993,45.014,44.975,44.985,14348
1898,2023-07-18 05:45:00,44.993,45.004,44.975,44.985,11290
1899,2023-07-18 05:40:00,44.973,45.024,44.965,44.995,3099
1900,2023-07-18 05:35:00,44.953,44.974,44.945,44.955,2326
1901,2023-07-18 05:30:00,44.943,44.964,44.935,44.955,4433
1902,2023-07-18 05:25:00,44.953,44.964,44.935,44.935,10189
1903,2023-07-18 05:20:00,44.953,44.974,44.935,44.945,9916
1904,2023-07-18 05:15:00,44.913,44.954,44.905,44.945,7241
1905,2023-07-18 05:10:00,44.933,44.944,44.905,44.905,2598
1906,2023-07-18 05:05:00,44.953,44.954,44.915,44.925,9905
1907,2023-07-18 05:00:00,44.933,44.954,44.915,44.945,2035
1908,2023-07-18 04:55:00,44.893,44.934,44.885,44.925,5941
1909,2023-07-18 04:50:00,44.953,44.954,44.865,44.895,7503
1910,2023-07-18 04:45:00,44.983,44.994,44.945,44.955,6385
1911,2023-07-18 04:40:00,44.993,45.004,44.955,44.975,7095
1912,2023-07-18 04:35:00,45.053,45.053,44.985,44.985,5504
1913,2023-07-18 04:30:00,45.043,45.073,45.014,45.035,3961
1914,2023-07-18 04:25:00,45.033,45.043,45.004,45.035,25342
1915,2023-07-18 04:20:00,45.023,45.053,45.004,45.025,4413
1916,2023-07-18 04:15:00,45.053,45.063,44.995,45.015,18166
1917,2023-07-18 04:10:00,45.053,45.073,45.024,45.055,10732
1918,2023-07-18 04:05:00,45.083,45.103,45.034,45.045,19295
1919,2023-07-18 04:00:00,45.003,45.103,44.945,45.074,40074
1920,2023-07-17 19:55:00,44.884,44.894,44.865,44.875,31752
1921,2023-07-17 19:50:00,44.923,44.924,44.885,44.885,46005
1922,2023-07-17 19:45:00,44.913,44.934,44.895,44.915,19519
1923,2023-07-17 19:40:00,44.934,44.944,44.895,44.905,14087
1924,2023-07-17 19:35:00,44.933,44.944,44.915,44.935,5360
1925,2023-07-17 19:30:00,44.903,44.954,44.89,44.935,32346
1926,2023-07-17 19:25:00,44.893,44.904,44.875,44.89,6309
1927,2023-07-17 19:20:00,44.903,44.904,44.875,44.875,1074
1928,2023-07-17 19:15:00,44.884,44.904,44.865,44.895,24100
1929,2023-07-17 19:10:00,44.874,44.884,44.845,44.875,21114
1930,2023-07-17 19:05:00,44.903,44.914,44.855,44.865,32197
1931,2023-07-17 19:00:00,44.874,44.914,44.865,44.895,25603
1932,2023-07-17 18:55:00,44.874,44.894,44.855,44.855,10421
1933,2023-07-17 18:50:00,44.893,44.894,44.845,44.865,15438
1934,2023-07-17 18:45:00,44.903,44.914,44.885,44.895,8533
1935,2023-07-17 18:40:00,44.879,44.904,44.87,44.885,2838
1936,2023-07-17 18:35:00,44.933,44.934,44.855,44.875,25600
1937,2023-07-17 18:30:00,44.923,44.944,44.915,44.925,4723
1938,2023-07-17 18:25:00,44.933,44.944,44.915,44.925,3975
1939,2023-07-17 18:20:00,44.973,44.974,44.905,44.925,16624
1940,2023-07-17 18:15:00,44.983,44.984,44.955,44.965,1518
1941,2023-07-17 18:10:00,44.943,44.994,44.935,44.965,3847
1942,2023-07-17 18:05:00,44.963,44.984,44.935,44.935,5962
1943,2023-07-17 18:00:00,45.013,45.019,44.945,44.955,25038
1944,2023-07-17 17:55:00,45.013,45.034,45.004,45.015,7931
1945,2023-07-17 17:50:00,45.013,45.024,45.004,45.015,5285
1946,2023-07-17 17:45:00,45.012,45.024,44.995,45.005,12651
1947,2023-07-17 17:40:00,45.013,45.024,44.995,45.005,6220
1948,2023-07-17 17:35:00,45.013,45.024,44.995,45.015,6247
1949,2023-07-17 17:30:00,45.043,45.043,44.995,45.015,10392
1950,2023-07-17 17:25:00,45.003,45.053,44.985,45.035,40381
1951,2023-07-17 17:20:00,44.973,45.004,44.965,44.995,11501
1952,2023-07-17 17:15:00,44.983,44.984,44.955,44.975,5847
1953,2023-07-17 17:10:00,44.963,44.984,44.935,44.955,12747
1954,2023-07-17 17:05:00,44.963,44.984,44.925,44.945,24956
1955,2023-07-17 17:00:00,44.938,44.964,44.925,44.955,13803
1956,2023-07-17 16:55:00,44.943,44.954,44.905,44.925,9408
1957,2023-07-17 16:50:00,44.933,44.964,44.915,44.945,6927
1958,2023-07-17 16:45:00,44.923,44.954,44.905,44.925,19495
1959,2023-07-17 16:40:00,44.933,44.954,44.915,44.935,34272
1960,2023-07-17 16:35:00,44.943,44.954,44.915,44.915,19079
1961,2023-07-17 16:30:00,44.953,44.964,44.915,44.935,25354
1962,2023-07-17 16:25:00,44.953,44.964,44.935,44.955,16356
1963,2023-07-17 16:20:00,44.923,44.964,44.905,44.945,67158
1964,2023-07-17 16:15:00,45.083,45.083,44.885,44.905,43465
1965,2023-07-17 16:10:00,44.943,45.168,44.905,44.905,35441
1966,2023-07-17 16:05:00,44.963,44.974,44.895,44.925,84278
1967,2023-07-17 16:00:00,45.083,45.083,44.925,44.975,754224
1968,2023-07-17 15:55:00,45.207,45.208,44.989,45.084,1949454
1969,2023-07-17 15:50:00,45.153,45.253,45.014,45.199,2518471
1970,2023-07-17 15:45:00,45.163,45.243,45.124,45.149,691613
1971,2023-07-17 15:40:00,45.173,45.243,45.144,45.158,577158
1972,2023-07-17 15:35:00,45.202,45.223,45.134,45.174,568991
1973,2023-07-17 15:30:00,45.292,45.302,45.164,45.199,948762
1974,2023-07-17 15:25:00,45.262,45.303,45.209,45.285,1171395
1975,2023-07-17 15:20:00,45.332,45.408,45.169,45.254,2258297
1976,2023-07-17 15:15:00,45.073,45.392,45.059,45.324,1951880
1977,2023-07-17 15:10:00,45.033,45.103,45.014,45.073,640034
1978,2023-07-17 15:05:00,45.073,45.083,45.005,45.02,500247
1979,2023-07-17 15:00:00,44.943,45.073,44.91,45.064,921738
1980,2023-07-17 14:55:00,44.952,45.004,44.905,44.93,706402
1981,2023-07-17 14:50:00,44.893,44.954,44.845,44.94,493528
1982,2023-07-17 14:45:00,44.884,44.904,44.845,44.88,370363
1983,2023-07-17 14:40:00,44.863,44.894,44.825,44.875,382838
1984,2023-07-17 14:35:00,44.886,44.894,44.815,44.855,592169
1985,2023-07-17 14:30:00,44.973,45.014,44.875,44.882,672386
1986,2023-07-17 14:25:00,45.013,45.013,44.905,44.971,692775
1987,2023-07-17 14:20:00,44.929,45.019,44.905,45.001,729160
1988,2023-07-17 14:15:00,44.884,44.939,44.869,44.915,537809
1989,2023-07-17 14:10:00,44.863,44.924,44.84,44.875,438202
1990,2023-07-17 14:05:00,44.855,44.884,44.775,44.855,694729
1991,2023-07-17 14:00:00,44.893,44.894,44.835,44.845,402294
1992,2023-07-17 13:55:00,44.844,44.904,44.805,44.885,442932
1993,2023-07-17 13:50:00,44.863,44.89,44.815,44.835,588474
1994,2023-07-17 13:45:00,44.734,44.87,44.716,44.849,1129725
1995,2023-07-17 13:40:00,44.615,44.745,44.606,44.726,454216
1996,2023-07-17 13:35:00,44.684,44.69,44.616,44.616,332682
1997,2023-07-17 13:30:00,44.634,44.705,44.626,44.676,438156
1998,2023-07-17 13:25:00,44.575,44.635,44.546,44.624,226822
1999,2023-07-17 13:20:00,44.664,44.67,44.556,44.572,428221
2000,2023-07-17 13:15:00,44.694,44.715,44.643,44.656,443046
2001,2023-07-17 13:10:00,44.634,44.734,44.606,44.686,535410
2002,2023-07-17 13:05:00,44.704,44.745,44.596,44.624,862032
2003,2023-07-17 13:00:00,44.684,44.705,44.646,44.691,410846
2004,2023-07-17 12:55:00,44.644,44.69,44.576,44.676,570215
2005,2023-07-17 12:50:00,44.585,44.665,44.566,44.64,657243
2006,2023-07-17 12:45:00,44.5,44.605,44.48,44.586,596100
2007,2023-07-17 12:40:00,44.484,44.535,44.437,44.487,691112
2008,2023-07-17 12:35:00,44.436,44.495,44.377,44.477,653018
2009,2023-07-17 12:30:00,44.505,44.53,44.397,44.437,519326
2010,2023-07-17 12:25:00,44.555,44.585,44.437,44.492,786523
2011,2023-07-17 12:20:00,44.621,44.645,44.536,44.552,537431
2012,2023-07-17 12:15:00,44.684,44.705,44.586,44.616,690747
2013,2023-07-17 12:10:00,44.709,44.745,44.656,44.682,340246
2014,2023-07-17 12:05:00,44.665,44.774,44.656,44.696,404579
2015,2023-07-17 12:00:00,44.784,44.794,44.656,44.665,626994
2016,2023-07-17 11:55:00,44.664,44.81,44.634,44.775,743112
2017,2023-07-17 11:50:00,44.704,44.764,44.636,44.661,1015250
2018,2023-07-17 11:45:00,44.704,44.715,44.646,44.688,659465
2019,2023-07-17 11:40:00,44.624,44.705,44.596,44.696,667192
2020,2023-07-17 11:35:00,44.589,44.655,44.536,44.616,737498
2021,2023-07-17 11:30:00,44.56,44.625,44.496,44.581,778032
2022,2023-07-17 11:25:00,44.415,44.585,44.387,44.547,960564
2023,2023-07-17 11:20:00,44.384,44.416,44.312,44.4,457861
2024,2023-07-17 11:15:00,44.465,44.465,44.292,44.372,631595
2025,2023-07-17 11:10:00,44.401,44.465,44.217,44.453,875324
2026,2023-07-17 11:05:00,44.291,44.426,44.267,44.388,639840
2027,2023-07-17 11:00:00,44.355,44.396,44.217,44.277,728297
2028,2023-07-17 10:55:00,44.379,44.398,44.207,44.337,821012
2029,2023-07-17 10:50:00,44.338,44.426,44.267,44.372,744780
2030,2023-07-17 10:45:00,44.285,44.366,44.217,44.337,700302
2031,2023-07-17 10:40:00,44.325,44.336,44.197,44.274,788816
2032,2023-07-17 10:35:00,44.385,44.485,44.247,44.317,1158267
2033,2023-07-17 10:30:00,44.32,44.406,44.303,44.381,670422
2034,2023-07-17 10:25:00,44.395,44.426,44.261,44.307,1014293
2035,2023-07-17 10:20:00,44.325,44.446,44.312,44.389,884648
2036,2023-07-17 10:15:00,44.325,44.416,44.257,44.327,1095391
2037,2023-07-17 10:10:00,44.365,44.366,44.128,44.327,1176120
2038,2023-07-17 10:05:00,44.305,44.376,44.118,44.358,1445468
2039,2023-07-17 10:00:00,44.221,44.316,44.158,44.297,1774580
2040,2023-07-17 09:55:00,44.076,44.246,43.968,44.213,1520805
2041,2023-07-17 09:50:00,44.057,44.156,43.948,44.078,1678475
2042,2023-07-17 09:45:00,44.216,44.234,44.008,44.058,2166835
2043,2023-07-17 09:40:00,44.445,44.52,44.196,44.201,1982439
2044,2023-07-17 09:35:00,44.316,44.575,44.302,44.437,2699814
2045,2023-07-17 09:30:00,44.126,44.426,44.098,44.307,2953725
2046,2023-07-17 09:25:00,44.036,44.127,44.028,44.108,165127
2047,2023-07-17 09:20:00,44.046,44.067,43.998,44.028,95987
2048,2023-07-17 09:15:00,43.967,44.057,43.958,44.043,122416
2049,2023-07-17 09:10:00,44.066,44.077,43.948,43.959,102829
2050,2023-07-17 09:05:00,43.987,44.077,43.958,44.058,172168
2051,2023-07-17 09:00:00,43.937,43.997,43.889,43.98,118059
2052,2023-07-17 08:55:00,43.837,43.947,43.829,43.938,73246
2053,2023-07-17 08:50:00,43.837,43.868,43.799,43.829,37592
2054,2023-07-17 08:45:00,43.857,43.868,43.799,43.819,36222
2055,2023-07-17 08:40:00,43.837,43.863,43.799,43.849,40315
2056,2023-07-17 08:35:00,43.877,43.887,43.779,43.829,79850
2057,2023-07-17 08:30:00,43.837,43.927,43.769,43.869,114362
2058,2023-07-17 08:25:00,43.827,43.887,43.789,43.829,97988
2059,2023-07-17 08:20:00,43.777,43.828,43.769,43.819,25574
2060,2023-07-17 08:15:00,43.777,43.818,43.759,43.769,31860
2061,2023-07-17 08:10:00,43.728,43.788,43.699,43.769,42751
2062,2023-07-17 08:05:00,43.847,43.858,43.719,43.729,25975
2063,2023-07-17 08:00:00,43.767,44.096,43.659,43.849,274860
2064,2023-07-17 07:55:00,43.777,43.798,43.769,43.779,6759
2065,2023-07-17 07:50:00,43.837,43.848,43.759,43.779,15170
2066,2023-07-17 07:45:00,43.857,43.868,43.819,43.829,9639
2067,2023-07-17 07:40:00,43.857,43.868,43.819,43.859,16593
2068,2023-07-17 07:35:00,43.877,43.878,43.839,43.839,7012
2069,2023-07-17 07:30:00,43.847,43.897,43.839,43.869,20002
2070,2023-07-17 07:25:00,43.827,43.858,43.809,43.839,9425
2071,2023-07-17 07:20:00,43.897,43.897,43.809,43.809,21607
2072,2023-07-17 07:15:00,43.867,43.907,43.839,43.899,4020
2073,2023-07-17 07:10:00,43.847,43.868,43.819,43.859,8267
2074,2023-07-17 07:05:00,43.817,43.907,43.809,43.839,32659
2075,2023-07-17 07:00:00,43.767,43.828,43.739,43.799,33124
2076,2023-07-17 06:55:00,43.827,43.838,43.749,43.759,12842
2077,2023-07-17 06:50:00,43.847,43.848,43.799,43.799,3156
2078,2023-07-17 06:45:00,43.797,43.868,43.789,43.839,27300
2079,2023-07-17 06:40:00,43.807,43.818,43.779,43.799,15538
2080,2023-07-17 06:35:00,43.837,43.838,43.779,43.799,8564
2081,2023-07-17 06:30:00,43.797,43.838,43.789,43.829,22470
2082,2023-07-17 06:25:00,43.797,43.808,43.769,43.789,4367
2083,2023-07-17 06:20:00,43.797,43.808,43.749,43.789,31115
2084,2023-07-17 06:15:00,43.787,43.798,43.689,43.789,22644
2085,2023-07-17 06:10:00,43.797,43.818,43.769,43.789,8801
2086,2023-07-17 06:05:00,43.807,43.828,43.769,43.789,11677
2087,2023-07-17 06:00:00,43.777,43.818,43.769,43.789,4510
2088,2023-07-17 05:55:00,43.777,43.808,43.759,43.769,7657
2089,2023-07-17 05:50:00,43.827,43.838,43.759,43.779,102208
2090,2023-07-17 05:45:00,43.907,43.917,43.819,43.829,22452
2091,2023-07-17 05:40:00,43.917,43.957,43.889,43.889,6191
2092,2023-07-17 05:35:00,43.957,43.967,43.909,43.909,4585
2093,2023-07-17 05:30:00,43.927,43.967,43.909,43.959,4141
2094,2023-07-17 05:25:00,43.927,43.957,43.899,43.929,6590
2095,2023-07-17 05:20:00,43.977,43.987,43.918,43.919,8655
2096,2023-07-17 05:15:00,43.927,43.987,43.909,43.969,8929
2097,2023-07-17 05:10:00,43.917,43.937,43.899,43.909,7670
2098,2023-07-17 05:05:00,43.967,43.967,43.899,43.909,13194
2099,2023-07-17 05:00:00,43.987,43.987,43.958,43.959,9781
2100,2023-07-17 04:55:00,44.007,44.007,43.968,43.969,22429
2101,2023-07-17 04:50:00,44.017,44.037,43.988,43.998,12094
2102,2023-07-17 04:45:00,44.007,44.027,43.988,44.018,5833
2103,2023-07-17 04:40:00,44.076,44.077,43.998,43.998,25533
2104,2023-07-17 04:35:00,44.076,44.087,44.048,44.068,14917
2105,2023-07-17 04:30:00,44.086,44.097,44.038,44.068,18954
2106,2023-07-17 04:25:00,44.096,44.117,44.078,44.088,8519
2107,2023-07-17 04:20:00,44.106,44.127,44.068,44.078,36741
2108,2023-07-17 04:15:00,44.086,44.107,44.058,44.088,31468
2109,2023-07-17 04:10:00,44.086,44.087,44.048,44.078,30607
2110,2023-07-17 04:05:00,44.007,44.067,43.998,44.058,14584
2111,2023-07-17 04:00:00,44.007,44.017,43.719,43.988,35757
2112,2023-07-14 19:55:00,43.837,43.838,43.789,43.809,19677
2113,2023-07-14 19:50:00,43.807,43.838,43.789,43.829,27310
2114,2023-07-14 19:45:00,43.797,43.818,43.779,43.799,29402
2115,2023-07-14 19:40:00,43.787,43.798,43.769,43.789,1714
2116,2023-07-14 19:35:00,43.777,43.808,43.769,43.769,6454
2117,2023-07-14 19:30:00,43.757,43.778,43.749,43.759,8094
2118,2023-07-14 19:25:00,43.767,43.788,43.749,43.749,2246
2119,2023-07-14 19:20:00,43.767,43.768,43.739,43.749,3802
2120,2023-07-14 19:15:00,43.767,43.768,43.739,43.759,3135
2121,2023-07-14 19:10:00,43.757,43.758,43.739,43.749,4671
2122,2023-07-14 19:05:00,43.762,43.768,43.719,43.739,7366
2123,2023-07-14 19:00:00,43.767,43.788,43.749,43.749,8173
2124,2023-07-14 18:55:00,43.767,43.768,43.739,43.759,4302
2125,2023-07-14 18:50:00,43.757,43.778,43.739,43.759,3907
2126,2023-07-14 18:45:00,43.747,43.778,43.729,43.759,6343
2127,2023-07-14 18:40:00,43.728,43.768,43.719,43.739,1213
2128,2023-07-14 18:35:00,43.728,43.743,43.699,43.719,6693
2129,2023-07-14 18:30:00,43.698,43.728,43.689,43.709,5439
2130,2023-07-14 18:25:00,43.728,43.728,43.689,43.69,13475
2131,2023-07-14 18:20:00,43.728,43.728,43.689,43.709,13244
2132,2023-07-14 18:15:00,43.738,43.748,43.699,43.709,5541
2133,2023-07-14 18:10:00,43.777,43.778,43.709,43.719,22166
2134,2023-07-14 18:05:00,43.747,43.778,43.739,43.759,7928
2135,2023-07-14 18:00:00,43.757,43.758,43.739,43.739,10291
2136,2023-07-14 17:55:00,43.757,43.768,43.749,43.749,8355
2137,2023-07-14 17:50:00,43.777,43.778,43.749,43.749,1797
2138,2023-07-14 17:45:00,43.757,43.778,43.739,43.769,12915
2139,2023-07-14 17:40:00,43.767,43.778,43.749,43.759,2327
2140,2023-07-14 17:35:00,43.777,43.778,43.759,43.759,5846
2141,2023-07-14 17:30:00,43.777,43.778,43.759,43.759,4747
2142,2023-07-14 17:25:00,43.807,43.818,43.759,43.759,6720
2143,2023-07-14 17:20:00,43.827,43.848,43.779,43.819,18374
2144,2023-07-14 17:15:00,43.797,43.828,43.779,43.789,18460
2145,2023-07-14 17:10:00,43.777,43.818,43.769,43.789,14850
2146,2023-07-14 17:05:00,43.797,43.818,43.759,43.779,19351
2147,2023-07-14 17:00:00,43.817,43.828,43.789,43.789,8407
2148,2023-07-14 16:55:00,43.837,43.858,43.809,43.809,8621
2149,2023-07-14 16:50:00,43.817,43.858,43.799,43.839,12570
2150,2023-07-14 16:45:00,43.807,43.868,43.779,43.799,289530
2151,2023-07-14 16:40:00,43.817,43.828,43.789,43.789,12120
2152,2023-07-14 16:35:00,43.827,43.838,43.809,43.819,46757
2153,2023-07-14 16:30:00,43.832,43.848,43.819,43.828,18000
2154,2023-07-14 16:25:00,43.827,43.858,43.819,43.829,21940
2155,2023-07-14 16:20:00,43.857,43.868,43.809,43.819,34505
2156,2023-07-14 16:15:00,43.867,43.897,43.849,43.849,78653
2157,2023-07-14 16:10:00,43.897,43.917,43.859,43.899,45091
2158,2023-07-14 16:05:00,43.917,43.947,43.859,43.889,60425
2159,2023-07-14 16:00:00,43.887,43.917,43.789,43.909,971484
2160,2023-07-14 15:55:00,43.777,43.917,43.689,43.889,1839780
2161,2023-07-14 15:50:00,43.638,43.863,43.56,43.769,1608117
2162,2023-07-14 15:45:00,43.718,43.798,43.604,43.645,1101954
2163,2023-07-14 15:40:00,43.718,43.788,43.679,43.7,717071
2164,2023-07-14 15:35:00,43.767,43.773,43.65,43.709,583373
2165,2023-07-14 15:30:00,43.688,43.778,43.62,43.764,721222
2166,2023-07-14 15:25:00,43.658,43.698,43.57,43.68,728526
2167,2023-07-14 15:20:00,43.792,43.818,43.613,43.65,731364
2168,2023-07-14 15:15:00,43.757,43.868,43.744,43.779,1231630
2169,2023-07-14 15:10:00,43.757,43.778,43.644,43.754,823729
2170,2023-07-14 15:05:00,43.697,43.778,43.58,43.754,1212831
2171,2023-07-14 15:00:00,43.847,43.858,43.64,43.685,1496883
2172,2023-07-14 14:55:00,44.082,44.097,43.819,43.846,1256322
2173,2023-07-14 14:50:00,44.007,44.137,43.968,44.07,725879
2174,2023-07-14 14:45:00,43.957,44.022,43.909,43.993,537616
2175,2023-07-14 14:40:00,43.947,44.047,43.912,43.939,660732
2176,2023-07-14 14:35:00,43.993,44.014,43.879,43.939,806055
2177,2023-07-14 14:30:00,44.036,44.082,43.928,43.988,932934
2178,2023-07-14 14:25:00,44.156,44.157,44.008,44.019,934294
2179,2023-07-14 14:20:00,44.36,44.376,44.091,44.153,958408
2180,2023-07-14 14:15:00,44.385,44.401,44.287,44.347,417951
2181,2023-07-14 14:10:00,44.385,44.406,44.307,44.375,339834
2182,2023-07-14 14:05:00,44.35,44.416,44.307,44.376,514141
2183,2023-07-14 14:00:00,44.221,44.376,44.212,44.343,489012
2184,2023-07-14 13:55:00,44.345,44.366,44.188,44.211,603771
2185,2023-07-14 13:50:00,44.411,44.411,44.317,44.332,344943
2186,2023-07-14 13:45:00,44.291,44.426,44.273,44.402,441073
2187,2023-07-14 13:40:00,44.435,44.436,44.279,44.279,587988
2188,2023-07-14 13:35:00,44.38,44.436,44.302,44.427,769877
2189,2023-07-14 13:30:00,44.325,44.386,44.247,44.371,764928
2190,2023-07-14 13:25:00,44.266,44.346,44.197,44.318,628321
2191,2023-07-14 13:20:00,44.206,44.295,44.142,44.257,465470
2192,2023-07-14 13:15:00,44.315,44.376,44.191,44.198,769008
2193,2023-07-14 13:10:00,44.185,44.316,44.093,44.303,930186
2194,2023-07-14 13:05:00,44.206,44.216,44.088,44.172,1114109
2195,2023-07-14 13:00:00,44.425,44.443,44.158,44.203,1716984
2196,2023-07-14 12:55:00,44.435,44.441,44.337,44.421,594987
2197,2023-07-14 12:50:00,44.54,44.545,44.407,44.432,644692
2198,2023-07-14 12:45:00,44.605,44.615,44.337,44.526,1081784
2199,2023-07-14 12:40:00,44.624,44.665,44.516,44.596,596211
2200,2023-07-14 12:35:00,44.594,44.65,44.566,44.621,624433
2201,2023-07-14 12:30:00,44.514,44.604,44.417,44.58,834370
2202,2023-07-14 12:25:00,44.425,44.55,44.412,44.497,850029
2203,2023-07-14 12:20:00,44.52,44.637,44.41,44.417,815611
2204,2023-07-14 12:15:00,44.575,44.665,44.506,44.513,792349
2205,2023-07-14 12:10:00,44.674,44.725,44.546,44.561,736887
2206,2023-07-14 12:05:00,44.695,44.715,44.58,44.675,812470
2207,2023-07-14 12:00:00,44.86,44.874,44.676,44.686,834263
2208,2023-07-14 11:55:00,44.824,44.884,44.775,44.845,631917
2209,2023-07-14 11:50:00,44.794,44.884,44.747,44.805,632289
2210,2023-07-14 11:45:00,44.794,44.834,44.746,44.778,527259
2211,2023-07-14 11:40:00,44.933,44.944,44.755,44.795,820919
2212,2023-07-14 11:35:00,44.874,44.994,44.845,44.935,1011905
2213,2023-07-14 11:30:00,44.794,44.909,44.785,44.865,917894
2214,2023-07-14 11:25:00,44.872,44.894,44.676,44.776,963805
2215,2023-07-14 11:20:00,44.811,44.924,44.765,44.861,1273775
2216,2023-07-14 11:15:00,44.664,44.834,44.606,44.805,753105
2217,2023-07-14 11:10:00,44.641,44.794,44.606,44.666,1035022
2218,2023-07-14 11:05:00,44.764,44.794,44.566,44.631,1109387
2219,2023-07-14 11:00:00,44.614,44.804,44.568,44.761,1335222
2220,2023-07-14 10:55:00,44.605,44.715,44.55,44.601,1281930
2221,2023-07-14 10:50:00,44.415,44.621,44.327,44.586,2178496
2222,2023-07-14 10:45:00,44.674,44.715,44.377,44.407,2241567
2223,2023-07-14 10:40:00,44.794,44.819,44.641,44.666,1525319
2224,2023-07-14 10:35:00,44.948,44.964,44.556,44.789,2694842
2225,2023-07-14 10:30:00,44.884,45.053,44.805,44.943,2044634
2226,2023-07-14 10:25:00,45.073,45.083,44.865,44.869,1429581
2227,2023-07-14 10:20:00,45.153,45.203,45.034,45.074,1378403
2228,2023-07-14 10:15:00,45.003,45.173,44.975,45.144,2465899
2229,2023-07-14 10:10:00,44.825,45.033,44.817,44.995,1801655
2230,2023-07-14 10:05:00,44.764,44.852,44.636,44.825,1409496
2231,2023-07-14 10:00:00,44.784,44.894,44.466,44.756,3700516
2232,2023-07-14 09:55:00,44.774,44.814,44.646,44.801,1653049
2233,2023-07-14 09:50:00,44.634,44.824,44.621,44.771,2060218
2234,2023-07-14 09:45:00,44.465,44.663,44.407,44.621,1778938
2235,2023-07-14 09:40:00,44.644,44.764,44.427,44.455,2568865
2236,2023-07-14 09:35:00,44.384,44.694,44.337,44.635,2548188
2237,2023-07-14 09:30:00,44.066,44.456,44.058,44.372,2906518
2238,2023-07-14 09:25:00,43.927,44.067,43.918,44.048,142476
2239,2023-07-14 09:20:00,43.967,43.967,43.909,43.919,125220
2240,2023-07-14 09:15:00,43.997,44.037,43.938,43.949,98944
2241,2023-07-14 09:10:00,43.947,44.006,43.909,43.988,74939
2242,2023-07-14 09:05:00,43.967,43.967,43.899,43.939,122505
2243,2023-07-14 09:00:00,43.977,44.007,43.918,43.958,170101
2244,2023-07-14 08:55:00,44.066,44.077,43.968,43.978,75429
2245,2023-07-14 08:50:00,44.027,44.087,43.998,44.058,82268
2246,2023-07-14 08:45:00,43.997,44.057,43.988,44.018,66380
2247,2023-07-14 08:40:00,44.017,44.017,43.938,43.978,103510
2248,2023-07-14 08:35:00,44.027,44.037,43.968,44.008,106959
2249,2023-07-14 08:30:00,44.056,44.097,44.018,44.027,107385
2250,2023-07-14 08:25:00,44.056,44.077,44.028,44.048,40715
2251,2023-07-14 08:20:00,44.046,44.077,44.028,44.048,88129
2252,2023-07-14 08:15:00,44.085,44.087,44.008,44.028,92523
2253,2023-07-14 08:10:00,44.076,44.097,44.058,44.078,58875
2254,2023-07-14 08:05:00,44.017,44.087,44.008,44.068,101043
2255,2023-07-14 08:00:00,43.812,44.195,43.78,44.018,353891
2256,2023-07-14 07:55:00,44.027,44.027,43.948,43.978,13548
2257,2023-07-14 07:50:00,44.017,44.037,43.968,44.008,16217
2258,2023-07-14 07:45:00,43.957,44.037,43.938,44.008,29295
2259,2023-07-14 07:40:00,43.937,43.967,43.889,43.949,31592
2260,2023-07-14 07:35:00,43.977,43.997,43.938,43.939,45872
2261,2023-07-14 07:30:00,43.947,43.977,43.909,43.969,25078
2262,2023-07-14 07:25:00,43.947,43.977,43.928,43.939,36842
2263,2023-07-14 07:20:00,43.917,43.947,43.899,43.939,38094
2264,2023-07-14 07:15:00,43.897,43.917,43.869,43.909,30560
2265,2023-07-14 07:10:00,43.887,43.897,43.869,43.879,15903
2266,2023-07-14 07:05:00,43.877,43.897,43.859,43.879,14264
2267,2023-07-14 07:00:00,43.807,43.897,43.789,43.869,34703
2268,2023-07-14 06:55:00,43.857,43.868,43.789,43.799,13623
2269,2023-07-14 06:50:00,43.797,43.858,43.789,43.839,14876
2270,2023-07-14 06:45:00,43.887,43.897,43.759,43.779,38720
2271,2023-07-14 06:40:00,43.887,43.897,43.869,43.879,4898
2272,2023-07-14 06:35:00,43.887,43.897,43.869,43.879,4731
2273,2023-07-14 06:30:00,43.887,43.887,43.859,43.879,11661
2274,2023-07-14 06:25:00,43.857,43.887,43.839,43.879,12862
2275,2023-07-14 06:20:00,43.857,43.868,43.809,43.849,12300
2276,2023-07-14 06:15:00,43.887,43.887,43.849,43.859,3701
2277,2023-07-14 06:10:00,43.867,43.887,43.829,43.869,26952
2278,2023-07-14 06:05:00,43.877,43.887,43.859,43.869,9596
2279,2023-07-14 06:00:00,43.797,43.887,43.769,43.879,23389
2280,2023-07-14 05:55:00,43.817,43.858,43.769,43.789,33761
2281,2023-07-14 05:50:00,43.887,43.897,43.809,43.819,32208
2282,2023-07-14 05:45:00,43.897,43.917,43.859,43.879,21299
2283,2023-07-14 05:40:00,43.927,43.927,43.889,43.889,9860
2284,2023-07-14 05:35:00,43.937,43.947,43.909,43.919,3630
2285,2023-07-14 05:30:00,43.977,43.987,43.918,43.929,12346
2286,2023-07-14 05:25:00,43.967,43.987,43.948,43.969,8097
2287,2023-07-14 05:20:00,43.997,44.007,43.958,43.969,27503
2288,2023-07-14 05:15:00,43.987,44.007,43.968,43.988,3278
2289,2023-07-14 05:10:00,43.977,43.997,43.958,43.978,6843
2290,2023-07-14 05:05:00,43.977,43.977,43.948,43.969,6602
2291,2023-07-14 05:00:00,43.977,43.987,43.948,43.969,14973
2292,2023-07-14 04:55:00,44.066,44.067,43.958,43.969,16990
2293,2023-07-14 04:50:00,44.046,44.067,44.028,44.058,12581
2294,2023-07-14 04:45:00,44.076,44.097,44.028,44.038,7281
2295,2023-07-14 04:40:00,44.086,44.087,44.048,44.068,11460
2296,2023-07-14 04:35:00,44.046,44.097,44.018,44.088,22710
2297,2023-07-14 04:30:00,44.007,44.047,43.988,44.038,16479
2298,2023-07-14 04:25:00,44.046,44.057,43.978,43.998,40602
2299,2023-07-14 04:20:00,44.056,44.077,44.028,44.038,14196
2300,2023-07-14 04:15:00,44.086,44.087,44.038,44.058,14884
2301,2023-07-14 04:10:00,44.176,44.196,44.078,44.078,25230
2302,2023-07-14 04:05:00,44.096,44.196,44.078,44.158,28008
2303,2023-07-14 04:00:00,44.027,44.117,43.968,44.088,53084
2304,2023-07-13 19:55:00,43.937,43.987,43.928,43.969,23643
2305,2023-07-13 19:50:00,43.937,43.947,43.909,43.939,23422
2306,2023-07-13 19:45:00,43.987,43.987,43.928,43.929,14043
2307,2023-07-13 19:40:00,43.997,43.997,43.968,43.969,10457
2308,2023-07-13 19:35:00,43.997,44.017,43.978,43.988,12109
2309,2023-07-13 19:30:00,44.017,44.017,43.988,43.988,38982
2310,2023-07-13 19:25:00,44.007,44.037,43.998,43.998,10417
2311,2023-07-13 19:20:00,44.017,44.027,43.988,43.998,13467
2312,2023-07-13 19:15:00,44.002,44.027,43.988,43.998,64511
2313,2023-07-13 19:10:00,43.987,43.997,43.958,43.988,10115
2314,2023-07-13 19:05:00,43.987,44.007,43.968,43.978,14580
2315,2023-07-13 19:00:00,43.937,43.977,43.918,43.969,13848
2316,2023-07-13 18:55:00,43.937,43.937,43.909,43.919,3573
2317,2023-07-13 18:50:00,43.917,43.947,43.909,43.929,8988
2318,2023-07-13 18:45:00,43.922,43.937,43.909,43.909,2690
2319,2023-07-13 18:40:00,43.937,43.947,43.909,43.909,12073
2320,2023-07-13 18:35:00,43.947,43.967,43.928,43.929,27086
2321,2023-07-13 18:30:00,43.937,43.957,43.918,43.939,4696
2322,2023-07-13 18:25:00,43.907,43.947,43.899,43.938,9579
2323,2023-07-13 18:20:00,43.937,43.947,43.899,43.899,9307
2324,2023-07-13 18:15:00,43.967,43.987,43.928,43.929,7660
2325,2023-07-13 18:10:00,43.927,43.977,43.918,43.949,29595
2326,2023-07-13 18:05:00,43.887,43.927,43.879,43.919,31765
2327,2023-07-13 18:00:00,43.877,43.897,43.849,43.879,12510
2328,2023-07-13 17:55:00,43.877,43.887,43.849,43.879,14311
2329,2023-07-13 17:50:00,43.857,43.878,43.849,43.859,12735
2330,2023-07-13 17:45:00,43.867,43.868,43.849,43.859,9119
2331,2023-07-13 17:40:00,43.847,43.868,43.839,43.859,5140
2332,2023-07-13 17:35:00,43.857,43.858,43.839,43.849,6891
2333,2023-07-13 17:30:00,43.857,43.858,43.839,43.849,3992
2334,2023-07-13 17:25:00,43.876,43.876,43.839,43.839,6823
2335,2023-07-13 17:20:00,43.877,43.878,43.849,43.867,8042
2336,2023-07-13 17:15:00,43.847,43.878,43.839,43.859,12742
2337,2023-07-13 17:10:00,43.859,43.868,43.839,43.849,11134
2338,2023-07-13 17:05:00,43.867,43.878,43.849,43.869,7779
2339,2023-07-13 17:00:00,43.867,43.878,43.839,43.869,23961
2340,2023-07-13 16:55:00,43.837,43.868,43.829,43.849,36568
2341,2023-07-13 16:50:00,43.837,43.858,43.819,43.839,38078
2342,2023-07-13 16:45:00,43.837,43.848,43.809,43.82,18290
2343,2023-07-13 16:40:00,43.857,43.907,43.829,43.829,311326
2344,2023-07-13 16:35:00,43.827,43.858,43.809,43.839,52359
2345,2023-07-13 16:30:00,43.867,43.878,43.809,43.809,76307
2346,2023-07-13 16:25:00,43.867,43.878,43.839,43.849,36978
2347,2023-07-13 16:20:00,43.878,43.897,43.849,43.859,32552
2348,2023-07-13 16:15:00,43.907,43.907,43.859,43.869,51147
2349,2023-07-13 16:10:00,43.907,43.917,43.859,43.869,67218
2350,2023-07-13 16:05:00,43.907,43.937,43.889,43.899,143191
2351,2023-07-13 16:00:00,43.917,43.977,43.879,43.899,720806
2352,2023-07-13 15:55:00,44.056,44.067,43.909,43.919,2385296
2353,2023-07-13 15:50:00,44.076,44.157,43.978,44.055,1921999
2354,2023-07-13 15:45:00,44.201,44.206,44.048,44.068,1251876
2355,2023-07-13 15:40:00,44.066,44.206,44.038,44.198,1368359
2356,2023-07-13 15:35:00,43.972,44.087,43.929,44.065,799084
2357,2023-07-13 15:30:00,44.017,44.047,43.929,43.969,659363
2358,2023-07-13 15:25:00,43.966,44.047,43.919,44.018,713008
2359,2023-07-13 15:20:00,43.942,44.017,43.926,43.949,745577
2360,2023-07-13 15:15:00,43.967,43.997,43.872,43.929,936840
2361,2023-07-13 15:10:00,43.837,43.997,43.829,43.959,1278365
2362,2023-07-13 15:05:00,43.832,43.868,43.799,43.829,800211
2363,2023-07-13 15:00:00,43.728,43.848,43.689,43.824,1195450
2364,2023-07-13 14:55:00,43.668,43.728,43.66,43.714,303527
2365,2023-07-13 14:50:00,43.698,43.748,43.659,43.67,453828
2366,2023-07-13 14:45:00,43.658,43.738,43.649,43.695,562708
2367,2023-07-13 14:40:00,43.648,43.698,43.6,43.65,457626
2368,2023-07-13 14:35:00,43.638,43.688,43.614,43.645,431615
2369,2023-07-13 14:30:00,43.613,43.648,43.56,43.625,515441
2370,2023-07-13 14:25:00,43.723,43.723,43.57,43.604,912091
2371,2023-07-13 14:20:00,43.708,43.748,43.679,43.71,475366
2372,2023-07-13 14:15:00,43.708,43.758,43.663,43.69,921742
2373,2023-07-13 14:10:00,43.643,43.718,43.63,43.704,525704
2374,2023-07-13 14:05:00,43.538,43.674,43.52,43.635,815813
2375,2023-07-13 14:00:00,43.548,43.564,43.51,43.533,429295
2376,2023-07-13 13:55:00,43.538,43.579,43.49,43.535,426661
2377,2023-07-13 13:50:00,43.574,43.578,43.51,43.537,488755
2378,2023-07-13 13:45:00,43.598,43.615,43.54,43.57,573850
2379,2023-07-13 13:40:00,43.624,43.638,43.575,43.58,775947
2380,2023-07-13 13:35:00,43.588,43.628,43.56,43.616,523711
2381,2023-07-13 13:30:00,43.548,43.604,43.54,43.571,674684
2382,2023-07-13 13:25:00,43.511,43.594,43.5,43.549,828280
2383,2023-07-13 13:20:00,43.488,43.529,43.45,43.505,495814
2384,2023-07-13 13:15:00,43.458,43.489,43.43,43.475,387398
2385,2023-07-13 13:10:00,43.379,43.469,43.341,43.46,591691
2386,2023-07-13 13:05:00,43.458,43.489,43.351,43.381,588110
2387,2023-07-13 13:00:00,43.478,43.479,43.4,43.45,485332
2388,2023-07-13 12:55:00,43.498,43.509,43.41,43.466,453822
2389,2023-07-13 12:50:00,43.419,43.519,43.392,43.49,520685
2390,2023-07-13 12:45:00,43.439,43.459,43.38,43.413,367530
2391,2023-07-13 12:40:00,43.468,43.469,43.39,43.435,385675
2392,2023-07-13 12:35:00,43.439,43.469,43.38,43.455,603099
2393,2023-07-13 12:30:00,43.434,43.559,43.39,43.44,1554484
2394,2023-07-13 12:25:00,43.439,43.469,43.39,43.425,476038
2395,2023-07-13 12:20:00,43.339,43.529,43.291,43.421,1487079
2396,2023-07-13 12:15:00,43.359,43.409,43.331,43.331,500744
2397,2023-07-13 12:10:00,43.359,43.38,43.301,43.356,506588
2398,2023-07-13 12:05:00,43.356,43.399,43.301,43.346,638589
2399,2023-07-13 12:00:00,43.319,43.379,43.254,43.346,993909
2400,2023-07-13 11:55:00,43.239,43.34,43.225,43.311,850715
2401,2023-07-13 11:50:00,43.205,43.26,43.185,43.23,592159
2402,2023-07-13 11:45:00,43.219,43.26,43.156,43.201,573572
2403,2023-07-13 11:40:00,43.179,43.26,43.151,43.21,1030050
2404,2023-07-13 11:35:00,43.02,43.18,43.002,43.169,864796
2405,2023-07-13 11:30:00,43.06,43.08,43.002,43.012,502253
2406,2023-07-13 11:25:00,43.12,43.13,43.012,43.052,556158
2407,2023-07-13 11:20:00,43.036,43.13,42.942,43.117,866787
2408,2023-07-13 11:15:00,42.98,43.058,42.922,43.027,1118470
2409,2023-07-13 11:10:00,43.179,43.19,42.954,42.969,936892
2410,2023-07-13 11:05:00,43.199,43.23,43.122,43.161,849982
2411,2023-07-13 11:00:00,43.14,43.22,43.111,43.186,1022799
2412,2023-07-13 10:55:00,43.08,43.16,43.032,43.127,924502
2413,2023-07-13 10:50:00,43.04,43.11,42.982,43.074,883184
2414,2023-07-13 10:45:00,43.09,43.146,42.932,43.03,1426031
2415,2023-07-13 10:40:00,42.995,43.09,42.962,43.082,1206951
2416,2023-07-13 10:35:00,42.9,43.001,42.862,42.992,1161509
2417,2023-07-13 10:30:00,42.751,42.931,42.733,42.892,1260023
2418,2023-07-13 10:25:00,42.97,42.971,42.723,42.733,1529721
2419,2023-07-13 10:20:00,42.95,43.03,42.832,42.967,1318000
2420,2023-07-13 10:15:00,42.998,43.06,42.907,42.942,950224
2421,2023-07-13 10:10:00,43.06,43.14,42.912,42.987,1373910
2422,2023-07-13 10:05:00,43.0,43.07,42.862,43.052,1812470
2423,2023-07-13 10:00:00,43.12,43.17,42.972,43.002,1685360
2424,2023-07-13 09:55:00,43.224,43.238,43.012,43.102,1811334
2425,2023-07-13 09:50:00,43.099,43.24,42.882,43.211,1530521
2426,2023-07-13 09:45:00,43.109,43.17,43.012,43.082,1592606
2427,2023-07-13 09:40:00,43.09,43.19,43.052,43.092,1817678
2428,2023-07-13 09:35:00,42.99,43.17,42.975,43.082,2840527
2429,2023-07-13 09:30:00,42.871,43.048,42.673,42.977,4061240
2430,2023-07-13 09:25:00,42.751,42.911,42.583,42.873,449193
2431,2023-07-13 09:20:00,42.721,42.771,42.703,42.753,291660
2432,2023-07-13 09:15:00,42.761,42.771,42.703,42.703,257515
2433,2023-07-13 09:10:00,42.711,42.781,42.653,42.753,138877
2434,2023-07-13 09:05:00,42.791,42.802,42.703,42.703,104575
2435,2023-07-13 09:00:00,42.731,42.801,42.701,42.783,227297
2436,2023-07-13 08:55:00,42.621,42.751,42.613,42.714,136603
2437,2023-07-13 08:50:00,42.661,42.672,42.554,42.613,206172
2438,2023-07-13 08:45:00,42.731,42.751,42.653,42.653,109076
2439,2023-07-13 08:40:00,42.641,42.751,42.593,42.723,228092
2440,2023-07-13 08:35:00,42.631,42.642,42.484,42.623,330085
2441,2023-07-13 08:30:00,42.711,42.902,42.593,42.625,493332
2442,2023-07-13 08:25:00,42.711,42.732,42.683,42.713,83453
2443,2023-07-13 08:20:00,42.721,42.741,42.668,42.693,65777
2444,2023-07-13 08:15:00,42.761,42.761,42.713,42.713,102394
2445,2023-07-13 08:10:00,42.731,42.791,42.713,42.753,109420
2446,2023-07-13 08:05:00,42.731,42.741,42.693,42.713,52991
2447,2023-07-13 08:00:00,42.641,42.732,41.816,42.723,597910
2448,2023-07-13 07:55:00,42.651,42.682,42.633,42.673,49275
2449,2023-07-13 07:50:00,42.641,42.652,42.623,42.633,42495
2450,2023-07-13 07:45:00,42.661,42.692,42.633,42.643,18878
2451,2023-07-13 07:40:00,42.661,42.692,42.623,42.653,42152
2452,2023-07-13 07:35:00,42.601,42.672,42.583,42.663,94337
2453,2023-07-13 07:30:00,42.572,42.622,42.563,42.584,50918
2454,2023-07-13 07:25:00,42.562,42.592,42.544,42.564,28653
2455,2023-07-13 07:20:00,42.592,42.602,42.554,42.554,21149
2456,2023-07-13 07:15:00,42.601,42.602,42.583,42.584,16156
2457,2023-07-13 07:10:00,42.641,42.652,42.573,42.584,32610
2458,2023-07-13 07:05:00,42.661,42.682,42.623,42.643,31210
2459,2023-07-13 07:00:00,42.661,42.672,42.603,42.653,135265
2460,2023-07-13 06:55:00,42.691,42.692,42.643,42.653,7129
2461,2023-07-13 06:50:00,42.691,42.702,42.673,42.673,4008
2462,2023-07-13 06:45:00,42.691,42.732,42.683,42.683,9844
2463,2023-07-13 06:40:00,42.691,42.712,42.673,42.693,11759
2464,2023-07-13 06:35:00,42.721,42.722,42.673,42.683,20250
2465,2023-07-13 06:30:00,42.691,42.732,42.683,42.713,13210
2466,2023-07-13 06:25:00,42.671,42.702,42.653,42.683,5924
2467,2023-07-13 06:20:00,42.671,42.702,42.663,42.663,10832
2468,2023-07-13 06:15:00,42.641,42.672,42.623,42.663,8133
2469,2023-07-13 06:10:00,42.582,42.642,42.554,42.623,18293
2470,2023-07-13 06:05:00,42.661,42.662,42.573,42.574,8506
2471,2023-07-13 06:00:00,42.621,42.662,42.613,42.643,7708
2472,2023-07-13 05:55:00,42.621,42.632,42.603,42.613,7798
2473,2023-07-13 05:50:00,42.601,42.632,42.593,42.613,11543
2474,2023-07-13 05:45:00,42.592,42.602,42.554,42.584,17104
2475,2023-07-13 05:40:00,42.621,42.632,42.544,42.574,33661
2476,2023-07-13 05:35:00,42.671,42.682,42.593,42.604,19727
2477,2023-07-13 05:30:00,42.671,42.692,42.643,42.663,18444
2478,2023-07-13 05:25:00,42.691,42.702,42.653,42.663,20575
2479,2023-07-13 05:20:00,42.711,42.722,42.673,42.683,25620
2480,2023-07-13 05:15:00,42.681,42.732,42.673,42.713,29304
2481,2023-07-13 05:10:00,42.641,42.682,42.623,42.663,28933
2482,2023-07-13 05:05:00,42.651,42.662,42.623,42.643,15625
2483,2023-07-13 05:00:00,42.641,42.662,42.623,42.653,55037
2484,2023-07-13 04:55:00,42.631,42.652,42.593,42.623,17066
2485,2023-07-13 04:50:00,42.592,42.642,42.583,42.633,40698
2486,2023-07-13 04:45:00,42.601,42.612,42.563,42.594,13531
2487,2023-07-13 04:40:00,42.572,42.592,42.544,42.584,9016
2488,2023-07-13 04:35:00,42.552,42.572,42.514,42.564,15866
2489,2023-07-13 04:30:00,42.552,42.562,42.524,42.544,24185
2490,2023-07-13 04:25:00,42.562,42.642,42.534,42.544,38914
2491,2023-07-13 04:20:00,42.522,42.592,42.504,42.554,52937
2492,2023-07-13 04:15:00,42.522,42.532,42.504,42.504,54386
2493,2023-07-13 04:10:00,42.452,42.522,42.434,42.514,65393
2494,2023-07-13 04:05:00,42.432,42.472,42.404,42.444,29078
2495,2023-07-13 04:00:00,42.452,42.472,42.275,42.414,83800
2496,2023-07-12 19:55:00,42.004,42.014,41.985,42.006,33085
2497,2023-07-12 19:50:00,42.014,42.014,41.986,41.996,14562
2498,2023-07-12 19:45:00,42.023,42.024,41.976,42.006,19530
2499,2023-07-12 19:40:00,41.994,42.044,41.976,42.026,19392
2500,2023-07-12 19:35:00,41.974,41.994,41.966,41.976,10586
2501,2023-07-12 19:30:00,41.974,41.984,41.956,41.966,6972
2502,2023-07-12 19:25:00,41.984,41.994,41.956,41.956,10919
2503,2023-07-12 19:20:00,41.984,41.984,41.966,41.966,4931
2504,2023-07-12 19:15:00,41.974,41.994,41.966,41.976,12261
2505,2023-07-12 19:10:00,41.994,42.014,41.976,41.976,18431
2506,2023-07-12 19:05:00,42.004,42.014,41.966,41.986,16254
2507,2023-07-12 19:00:00,42.004,42.014,41.976,41.996,17597
2508,2023-07-12 18:55:00,41.994,42.004,41.986,41.996,14016
2509,2023-07-12 18:50:00,42.053,42.054,41.976,41.995,19436
2510,2023-07-12 18:45:00,42.063,42.074,42.035,42.046,18566
2511,2023-07-12 18:40:00,42.033,42.094,42.015,42.056,86246
2512,2023-07-12 18:35:00,42.028,42.044,42.011,42.031,18404
2513,2023-07-12 18:30:00,42.019,42.044,42.011,42.021,20674
2514,2023-07-12 18:25:00,42.023,42.044,42.006,42.026,22632
2515,2023-07-12 18:20:00,41.974,42.034,41.966,42.006,21619
2516,2023-07-12 18:15:00,41.984,42.004,41.956,41.976,8780
2517,2023-07-12 18:10:00,41.974,42.014,41.956,41.996,26537
2518,2023-07-12 18:05:00,41.954,41.974,41.946,41.956,17338
2519,2023-07-12 18:00:00,41.904,41.964,41.866,41.936,93573
2520,2023-07-12 17:55:00,41.914,41.924,41.886,41.896,8772
2521,2023-07-12 17:50:00,41.904,41.924,41.896,41.906,10081
2522,2023-07-12 17:45:00,41.914,41.924,41.896,41.896,9394
2523,2023-07-12 17:40:00,41.914,41.924,41.896,41.916,5498
2524,2023-07-12 17:35:00,41.904,41.914,41.896,41.901,5402
2525,2023-07-12 17:30:00,41.864,41.904,41.856,41.896,21186
2526,2023-07-12 17:25:00,41.856,41.884,41.846,41.876,13531
2527,2023-07-12 17:20:00,41.854,41.865,41.846,41.856,5536
2528,2023-07-12 17:15:00,41.854,41.865,41.846,41.856,6955
2529,2023-07-12 17:10:00,41.854,41.865,41.846,41.856,30001
2530,2023-07-12 17:05:00,41.884,41.884,41.846,41.856,42208
2531,2023-07-12 17:00:00,41.884,41.884,41.866,41.876,9069
2532,2023-07-12 16:55:00,41.894,41.904,41.866,41.886,24838
2533,2023-07-12 16:50:00,41.894,41.904,41.876,41.886,17287
2534,2023-07-12 16:45:00,41.904,41.924,41.876,41.876,15957
2535,2023-07-12 16:40:00,41.934,41.934,41.896,41.906,15020
2536,2023-07-12 16:35:00,41.904,41.924,41.896,41.916,33763
2537,2023-07-12 16:30:00,41.914,41.924,41.886,41.896,40802
2538,2023-07-12 16:25:00,41.944,41.944,41.906,41.916,56379
2539,2023-07-12 16:20:00,41.924,41.954,41.906,41.936,83082
2540,2023-07-12 16:15:00,41.824,41.934,41.816,41.907,67238
2541,2023-07-12 16:10:00,41.884,41.904,41.866,41.896,98361
2542,2023-07-12 16:05:00,41.904,41.934,41.866,41.866,245830
2543,2023-07-12 16:00:00,41.854,41.924,41.776,41.915,1172727
2544,2023-07-12 15:55:00,41.874,41.874,41.717,41.846,2548303
2545,2023-07-12 15:50:00,41.884,41.894,41.756,41.874,1910733
2546,2023-07-12 15:45:00,41.909,41.954,41.836,41.876,756764
2547,2023-07-12 15:40:00,41.918,41.954,41.856,41.901,583805
2548,2023-07-12 15:35:00,41.904,41.954,41.871,41.906,891295
2549,2023-07-12 15:30:00,41.774,41.904,41.732,41.891,846186
2550,2023-07-12 15:25:00,41.715,41.795,41.597,41.772,1047523
2551,2023-07-12 15:20:00,41.894,41.894,41.647,41.707,1525378
2552,2023-07-12 15:15:00,41.953,42.009,41.881,41.891,701653
2553,2023-07-12 15:10:00,41.904,41.964,41.846,41.942,671012
2554,2023-07-12 15:05:00,41.879,41.954,41.786,41.896,731655
2555,2023-07-12 15:00:00,41.854,41.894,41.796,41.873,532376
2556,2023-07-12 14:55:00,41.854,41.889,41.816,41.848,595307
2557,2023-07-12 14:50:00,41.864,41.874,41.766,41.846,786911
2558,2023-07-12 14:45:00,41.964,41.964,41.796,41.856,968151
2559,2023-07-12 14:40:00,42.014,42.014,41.866,41.961,1084696
2560,2023-07-12 14:35:00,42.016,42.064,41.986,42.011,759342
2561,2023-07-12 14:30:00,42.014,42.024,41.956,42.006,581395
2562,2023-07-12 14:25:00,41.979,42.039,41.956,42.011,657579
2563,2023-07-12 14:20:00,41.971,42.004,41.916,41.966,547960
2564,2023-07-12 14:15:00,41.984,42.014,41.946,41.961,563343
2565,2023-07-12 14:10:00,41.924,42.0,41.856,41.974,1106468
2566,2023-07-12 14:05:00,41.834,41.934,41.806,41.914,646949
2567,2023-07-12 14:00:00,41.884,41.884,41.761,41.836,937773
2568,2023-07-12 13:55:00,41.894,41.924,41.836,41.872,553544
2569,2023-07-12 13:50:00,41.884,41.934,41.856,41.886,722790
2570,2023-07-12 13:45:00,41.908,41.934,41.806,41.866,754549
2571,2023-07-12 13:40:00,41.894,41.934,41.866,41.897,742973
2572,2023-07-12 13:35:00,41.844,42.054,41.796,41.891,836371
2573,2023-07-12 13:30:00,41.764,41.865,41.727,41.826,1711226
2574,2023-07-12 13:25:00,41.715,41.785,41.681,41.752,619728
2575,2023-07-12 13:20:00,41.685,41.775,41.667,41.702,825619
2576,2023-07-12 13:15:00,41.605,41.725,41.597,41.682,961216
2577,2023-07-12 13:10:00,41.545,41.615,41.458,41.597,499585
2578,2023-07-12 13:05:00,41.615,41.635,41.487,41.537,669750
2579,2023-07-12 13:00:00,41.555,41.665,41.527,41.599,774021
2580,2023-07-12 12:55:00,41.615,41.655,41.517,41.549,857445
2581,2023-07-12 12:50:00,41.68,41.715,41.587,41.611,1010662
2582,2023-07-12 12:45:00,41.513,41.715,41.458,41.676,1352015
2583,2023-07-12 12:40:00,41.565,41.595,41.418,41.498,1125529
2584,2023-07-12 12:35:00,41.511,41.605,41.418,41.566,1395030
2585,2023-07-12 12:30:00,41.366,41.516,41.308,41.508,1802407
2586,2023-07-12 12:25:00,41.366,41.396,41.238,41.348,1282940
2587,2023-07-12 12:20:00,41.306,41.377,41.248,41.349,1110766
2588,2023-07-12 12:15:00,41.326,41.346,41.179,41.288,1281870
2589,2023-07-12 12:10:00,41.231,41.408,41.159,41.308,1690959
2590,2023-07-12 12:05:00,41.166,41.257,41.108,41.223,1018703
2591,2023-07-12 12:00:00,41.142,41.288,41.039,41.158,2079166
2592,2023-07-12 11:55:00,41.236,41.262,40.999,41.134,2360538
2593,2023-07-12 11:50:00,41.376,41.386,41.049,41.238,1932595
2594,2023-07-12 11:45:00,41.266,41.426,41.109,41.373,2253508
2595,2023-07-12 11:40:00,41.525,41.526,41.169,41.265,3483869
2596,2023-07-12 11:35:00,41.754,41.775,41.487,41.516,1778030
2597,2023-07-12 11:30:00,41.844,41.904,41.707,41.752,1223105
2598,2023-07-12 11:25:00,41.954,41.964,41.796,41.826,917199
2599,2023-07-12 11:20:00,42.033,42.039,41.926,41.946,757367
2600,2023-07-12 11:15:00,41.894,42.054,41.88,42.027,1507724
2601,2023-07-12 11:10:00,41.824,41.94,41.796,41.876,1036348
2602,2023-07-12 11:05:00,41.864,41.865,41.771,41.816,1228279
2603,2023-07-12 11:00:00,41.914,41.944,41.816,41.861,1122522
2604,2023-07-12 10:55:00,42.014,42.034,41.806,41.901,1845124
2605,2023-07-12 10:50:00,42.153,42.213,41.986,42.001,1558281
2606,2023-07-12 10:45:00,42.193,42.243,42.134,42.15,867640
2607,2023-07-12 10:40:00,42.153,42.253,42.105,42.19,1196322
2608,2023-07-12 10:35:00,42.068,42.163,42.006,42.154,1256644
2609,2023-07-12 10:30:00,42.143,42.233,42.035,42.061,1317564
2610,2023-07-12 10:25:00,42.193,42.198,42.075,42.135,1677158
2611,2023-07-12 10:20:00,42.252,42.293,42.175,42.195,1490717
2612,2023-07-12 10:15:00,42.123,42.253,42.09,42.24,1783375
2613,2023-07-12 10:10:00,42.133,42.154,42.015,42.125,1331935
2614,2023-07-12 10:05:00,41.964,42.134,41.866,42.119,1809387
2615,2023-07-12 10:00:00,41.944,42.004,41.86,41.956,1238356
2616,2023-07-12 09:55:00,41.914,41.994,41.826,41.936,1642940
2617,2023-07-12 09:50:00,41.839,41.954,41.687,41.916,2502427
2618,2023-07-12 09:45:00,41.675,41.924,41.637,41.836,3642440
2619,2023-07-12 09:40:00,41.605,41.715,41.497,41.677,2060024
2620,2023-07-12 09:35:00,41.7,41.825,41.567,41.59,3429126
2621,2023-07-12 09:30:00,41.685,41.795,41.547,41.688,5124658
2622,2023-07-12 09:25:00,41.575,41.685,39.709,41.677,316081
2623,2023-07-12 09:20:00,41.665,41.685,41.547,41.577,325374
2624,2023-07-12 09:15:00,41.665,41.725,41.587,41.657,535096
2625,2023-07-12 09:10:00,41.525,41.665,41.448,41.647,422517
2626,2023-07-12 09:05:00,41.547,41.585,41.477,41.518,278747
2627,2023-07-12 09:00:00,41.465,41.556,41.418,41.537,430643
2628,2023-07-12 08:55:00,41.306,41.476,41.298,41.458,401987
2629,2023-07-12 08:50:00,41.416,41.456,41.228,41.298,597760
2630,2023-07-12 08:45:00,41.446,41.526,41.378,41.418,629507
2631,2023-07-12 08:40:00,41.515,41.576,41.407,41.438,711881
2632,2023-07-12 08:35:00,41.396,41.645,41.358,41.508,1004162
2633,2023-07-12 08:30:00,40.768,41.576,40.76,41.388,2273932
2634,2023-07-12 08:25:00,40.728,40.798,40.669,40.78,211296
2635,2023-07-12 08:20:00,40.768,40.778,40.72,40.73,168668
2636,2023-07-12 08:15:00,40.773,40.788,40.75,40.76,88078
2637,2023-07-12 08:10:00,40.778,40.808,40.73,40.77,134852
2638,2023-07-12 08:05:00,40.728,40.778,40.7,40.77,108938
2639,2023-07-12 08:00:00,40.574,40.788,40.451,40.73,374645
2640,2023-07-12 07:55:00,40.758,40.768,40.74,40.75,23497
2641,2023-07-12 07:50:00,40.758,40.768,40.72,40.75,37841
2642,2023-07-12 07:45:00,40.778,40.788,40.75,40.76,9800
2643,2023-07-12 07:40:00,40.768,40.788,40.76,40.77,16588
2644,2023-07-12 07:35:00,40.748,40.768,40.72,40.75,17080
2645,2023-07-12 07:30:00,40.698,40.748,40.69,40.74,44057
2646,2023-07-12 07:25:00,40.678,40.728,40.67,40.691,43797
2647,2023-07-12 07:20:00,40.668,40.699,40.651,40.681,33854
2648,2023-07-12 07:15:00,40.618,40.669,40.601,40.661,53555
2649,2023-07-12 07:10:00,40.569,40.619,40.551,40.611,13635
2650,2023-07-12 07:05:00,40.589,40.589,40.541,40.551,15405
2651,2023-07-12 07:00:00,40.569,40.599,40.551,40.581,40050
2652,2023-07-12 06:55:00,40.559,40.589,40.551,40.571,3098
2653,2023-07-12 06:50:00,40.608,40.619,40.551,40.551,18104
2654,2023-07-12 06:45:00,40.638,40.639,40.591,40.611,5560
2655,2023-07-12 06:40:00,40.608,40.639,40.571,40.631,12259
2656,2023-07-12 06:35:00,40.589,40.609,40.581,40.601,15430
2657,2023-07-12 06:30:00,40.589,40.599,40.571,40.581,2335
2658,2023-07-12 06:25:00,40.579,40.589,40.561,40.571,2782
2659,2023-07-12 06:20:00,40.589,40.599,40.571,40.581,1538
2660,2023-07-12 06:15:00,40.579,40.599,40.571,40.581,8679
2661,2023-07-12 06:10:00,40.589,40.589,40.561,40.581,4186
2662,2023-07-12 06:05:00,40.598,40.599,40.551,40.571,7271
2663,2023-07-12 06:00:00,40.638,40.639,40.581,40.581,6288
2664,2023-07-12 05:55:00,40.648,40.649,40.611,40.631,5943
2665,2023-07-12 05:50:00,40.678,40.689,40.611,40.641,8331
2666,2023-07-12 05:45:00,40.668,40.679,40.651,40.671,9330
2667,2023-07-12 05:40:00,40.678,40.679,40.651,40.671,11345
2668,2023-07-12 05:35:00,40.668,40.689,40.631,40.671,4437
2669,2023-07-12 05:30:00,40.678,40.699,40.641,40.661,15231
2670,2023-07-12 05:25:00,40.628,40.689,40.621,40.671,48521
2671,2023-07-12 05:20:00,40.618,40.639,40.611,40.631,50163
2672,2023-07-12 05:15:00,40.638,40.639,40.601,40.611,7450
2673,2023-07-12 05:10:00,40.598,40.639,40.581,40.631,5839
2674,2023-07-12 05:05:00,40.589,40.599,40.581,40.591,3451
2675,2023-07-12 05:00:00,40.579,40.599,40.551,40.581,2178
2676,2023-07-12 04:55:00,40.569,40.589,40.551,40.571,8402
2677,2023-07-12 04:50:00,40.598,40.599,40.551,40.561,16853
2678,2023-07-12 04:45:00,40.579,40.599,40.561,40.581,10069
2679,2023-07-12 04:40:00,40.569,40.589,40.551,40.561,4109
2680,2023-07-12 04:35:00,40.579,40.589,40.551,40.561,7616
2681,2023-07-12 04:30:00,40.589,40.599,40.551,40.571,7123
2682,2023-07-12 04:25:00,40.549,40.609,40.531,40.581,7857
2683,2023-07-12 04:20:00,40.589,40.599,40.531,40.531,17170
2684,2023-07-12 04:15:00,40.608,40.629,40.581,40.581,29730
2685,2023-07-12 04:10:00,40.608,40.619,40.571,40.591,51275
2686,2023-07-12 04:05:00,40.579,40.619,40.551,40.611,21746
2687,2023-07-12 04:00:00,40.589,40.619,40.461,40.581,21129
2688,2023-07-11 19:55:00,40.379,40.39,40.352,40.362,25464
2689,2023-07-11 19:50:00,40.379,40.4,40.362,40.372,21072
2690,2023-07-11 19:45:00,40.379,40.39,40.362,40.372,20233
2691,2023-07-11 19:40:00,40.359,40.4,40.352,40.382,9072
2692,2023-07-11 19:35:00,40.359,40.38,40.352,40.362,8899
2693,2023-07-11 19:30:00,40.359,40.38,40.342,40.352,15926
2694,2023-07-11 19:25:00,40.399,40.4,40.352,40.352,24308
2695,2023-07-11 19:20:00,40.449,40.459,40.382,40.392,15482
2696,2023-07-11 19:15:00,40.479,40.489,40.431,40.432,16919
2697,2023-07-11 19:10:00,40.479,40.479,40.451,40.471,9156
2698,2023-07-11 19:05:00,40.469,40.489,40.451,40.481,9130
2699,2023-07-11 19:00:00,40.429,40.479,40.411,40.471,28524
2700,2023-07-11 18:55:00,40.399,40.439,40.381,40.422,20803
2701,2023-07-11 18:50:00,40.409,40.41,40.391,40.392,8167
2702,2023-07-11 18:45:00,40.379,40.41,40.372,40.402,5984
2703,2023-07-11 18:40:00,40.379,40.39,40.352,40.382,3582
2704,2023-07-11 18:35:00,40.369,40.38,40.362,40.362,6405
2705,2023-07-11 18:30:00,40.379,40.38,40.362,40.372,5226
2706,2023-07-11 18:25:00,40.389,40.4,40.362,40.362,1960
2707,2023-07-11 18:20:00,40.379,40.4,40.362,40.392,2995
2708,2023-07-11 18:15:00,40.399,40.4,40.362,40.382,2966
2709,2023-07-11 18:10:00,40.359,40.4,40.352,40.392,13174
2710,2023-07-11 18:05:00,40.329,40.38,40.302,40.352,38586
2711,2023-07-11 18:00:00,40.369,40.37,40.292,40.322,49774
2712,2023-07-11 17:55:00,40.359,40.37,40.352,40.362,6883
2713,2023-07-11 17:50:00,40.359,40.37,40.342,40.362,6120
2714,2023-07-11 17:45:00,40.369,40.37,40.342,40.352,13762
2715,2023-07-11 17:40:00,40.359,40.37,40.352,40.362,5457
2716,2023-07-11 17:35:00,40.359,40.37,40.342,40.352,16916
2717,2023-07-11 17:30:00,40.359,40.37,40.342,40.352,23621
2718,2023-07-11 17:25:00,40.34,40.37,40.332,40.362,39346
2719,2023-07-11 17:20:00,40.344,40.35,40.332,40.337,4578
2720,2023-07-11 17:15:00,40.339,40.35,40.322,40.342,13838
2721,2023-07-11 17:10:00,40.339,40.35,40.332,40.332,16371
2722,2023-07-11 17:05:00,40.339,40.35,40.332,40.332,17606
2723,2023-07-11 17:00:00,40.359,40.36,40.323,40.342,16551
2724,2023-07-11 16:55:00,40.349,40.35,40.332,40.342,9795
2725,2023-07-11 16:50:00,40.339,40.36,40.322,40.342,15661
2726,2023-07-11 16:45:00,40.339,40.36,40.322,40.323,15468
2727,2023-07-11 16:40:00,40.359,40.37,40.332,40.332,9095
2728,2023-07-11 16:35:00,40.364,40.37,40.342,40.352,16481
2729,2023-07-11 16:30:00,40.359,40.38,40.342,40.362,15240
2730,2023-07-11 16:25:00,40.349,40.37,40.34,40.362,21318
2731,2023-07-11 16:20:00,40.349,40.37,40.332,40.352,26500
2732,2023-07-11 16:15:00,40.329,40.38,40.322,40.352,108094
2733,2023-07-11 16:10:00,40.339,40.35,40.302,40.332,79242
2734,2023-07-11 16:05:00,40.319,40.35,40.292,40.332,72514
2735,2023-07-11 16:00:00,40.329,40.33,40.242,40.312,345830
2736,2023-07-11 15:55:00,40.25,40.4,40.202,40.322,1921628
2737,2023-07-11 15:50:00,40.429,40.474,40.242,40.252,2148674
2738,2023-07-11 15:45:00,40.136,40.43,40.127,40.422,2074256
2739,2023-07-11 15:40:00,40.006,40.15,39.983,40.123,1200173
2740,2023-07-11 15:35:00,39.901,40.011,39.884,40.003,449044
2741,2023-07-11 15:30:00,40.001,40.021,39.893,39.894,659055
2742,2023-07-11 15:25:00,39.991,40.016,39.953,40.003,436984
2743,2023-07-11 15:20:00,40.02,40.031,39.913,39.988,641841
2744,2023-07-11 15:15:00,39.877,40.031,39.863,40.018,752277
2745,2023-07-11 15:10:00,39.886,39.911,39.858,39.878,332187
2746,2023-07-11 15:05:00,39.951,39.961,39.834,39.884,521916
2747,2023-07-11 15:00:00,39.951,39.971,39.893,39.943,588368
2748,2023-07-11 14:55:00,39.876,39.981,39.834,39.943,859077
2749,2023-07-11 14:50:00,39.801,39.911,39.784,39.869,732942
2750,2023-07-11 14:45:00,39.767,39.811,39.734,39.784,606532
2751,2023-07-11 14:40:00,39.682,39.772,39.669,39.756,616643
2752,2023-07-11 14:35:00,39.622,39.682,39.525,39.672,733957
2753,2023-07-11 14:30:00,39.692,39.717,39.574,39.618,596853
2754,2023-07-11 14:25:00,39.622,39.712,39.565,39.684,723371
2755,2023-07-11 14:20:00,39.682,39.722,39.584,39.61,879433
2756,2023-07-11 14:15:00,39.771,39.781,39.674,39.68,479713
2757,2023-07-11 14:10:00,39.861,39.892,39.724,39.769,551952
2758,2023-07-11 14:05:00,39.891,39.911,39.853,39.864,245353
2759,2023-07-11 14:00:00,39.892,39.928,39.834,39.893,418581
2760,2023-07-11 13:55:00,39.811,39.911,39.784,39.884,450889
2761,2023-07-11 13:50:00,39.821,39.838,39.774,39.804,329564
2762,2023-07-11 13:45:00,39.831,39.832,39.664,39.809,823146
2763,2023-07-11 13:40:00,39.901,39.901,39.784,39.819,465220
2764,2023-07-11 13:35:00,39.861,39.931,39.829,39.887,434542
2765,2023-07-11 13:30:00,39.851,39.891,39.799,39.859,430027
2766,2023-07-11 13:25:00,39.796,39.852,39.784,39.839,352986
2767,2023-07-11 13:20:00,39.831,39.861,39.734,39.789,530433
2768,2023-07-11 13:15:00,39.865,39.897,39.774,39.826,607460
2769,2023-07-11 13:10:00,39.926,39.951,39.774,39.855,886592
2770,2023-07-11 13:05:00,40.03,40.041,39.913,39.918,571137
2771,2023-07-11 13:00:00,39.981,40.051,39.963,40.028,512670
2772,2023-07-11 12:55:00,39.981,39.991,39.908,39.973,390978
2773,2023-07-11 12:50:00,39.926,40.021,39.885,39.978,821619
2774,2023-07-11 12:45:00,39.876,39.931,39.834,39.918,506511
2775,2023-07-11 12:40:00,39.916,39.931,39.834,39.872,351344
2776,2023-07-11 12:35:00,39.877,39.971,39.853,39.903,664122
2777,2023-07-11 12:30:00,39.821,39.911,39.779,39.869,757732
2778,2023-07-11 12:25:00,40.05,40.051,39.708,39.809,1562011
2779,2023-07-11 12:20:00,40.011,40.071,39.983,40.04,541485
2780,2023-07-11 12:15:00,40.07,40.111,39.943,40.003,1046607
2781,2023-07-11 12:10:00,40.07,40.111,40.023,40.068,750017
2782,2023-07-11 12:05:00,40.2,40.22,40.053,40.068,1123512
2783,2023-07-11 12:00:00,40.145,40.26,40.132,40.184,1681188
2784,2023-07-11 11:55:00,39.931,40.15,39.893,40.142,1608614
2785,2023-07-11 11:50:00,39.801,39.941,39.744,39.923,1097544
2786,2023-07-11 11:45:00,39.632,39.812,39.584,39.799,884365
2787,2023-07-11 11:40:00,39.712,39.732,39.574,39.625,883584
2788,2023-07-11 11:35:00,39.672,39.729,39.634,39.71,733200
2789,2023-07-11 11:30:00,39.712,39.732,39.628,39.669,670980
2790,2023-07-11 11:25:00,39.75,39.762,39.614,39.704,688774
2791,2023-07-11 11:20:00,39.736,39.831,39.71,39.744,632236
2792,2023-07-11 11:15:00,39.843,39.886,39.634,39.734,1090803
2793,2023-07-11 11:10:00,39.796,39.901,39.784,39.834,611442
2794,2023-07-11 11:05:00,40.011,40.016,39.754,39.789,1335433
2795,2023-07-11 11:00:00,39.836,40.041,39.804,40.003,1265785
2796,2023-07-11 10:55:00,39.821,39.911,39.774,39.824,730468
2797,2023-07-11 10:50:00,39.926,39.956,39.734,39.814,1110399
2798,2023-07-11 10:45:00,39.911,39.967,39.784,39.923,1336184
2799,2023-07-11 10:40:00,39.826,39.911,39.744,39.898,1386361
2800,2023-07-11 10:35:00,39.682,39.842,39.659,39.819,1008111
2801,2023-07-11 10:30:00,39.662,39.772,39.624,39.674,1179555
2802,2023-07-11 10:25:00,39.552,39.682,39.515,39.654,1217842
2803,2023-07-11 10:20:00,39.492,39.612,39.465,39.545,1578181
2804,2023-07-11 10:15:00,39.233,39.493,39.186,39.48,1448638
2805,2023-07-11 10:10:00,39.333,39.373,39.156,39.224,1261673
2806,2023-07-11 10:05:00,39.353,39.353,39.176,39.326,1988548
2807,2023-07-11 10:00:00,39.602,39.602,39.335,39.343,1440706
2808,2023-07-11 09:55:00,39.607,39.622,39.405,39.595,1375220
2809,2023-07-11 09:50:00,39.512,39.677,39.445,39.595,1933459
2810,2023-07-11 09:45:00,39.612,39.712,39.435,39.505,1779595
2811,2023-07-11 09:40:00,40.07,40.098,39.465,39.605,3223737
2812,2023-07-11 09:35:00,39.971,40.127,39.963,40.068,2755436
2813,2023-07-11 09:30:00,39.881,39.971,39.724,39.958,2985295
2814,2023-07-11 09:25:00,39.891,39.921,39.853,39.874,124601
2815,2023-07-11 09:20:00,39.961,39.961,39.883,39.893,161258
2816,2023-07-11 09:15:00,40.011,40.012,39.942,39.953,85581
2817,2023-07-11 09:10:00,40.04,40.071,39.993,40.003,121354
2818,2023-07-11 09:05:00,40.03,40.041,39.983,40.033,91260
2819,2023-07-11 09:00:00,40.082,40.091,39.993,40.023,159027
2820,2023-07-11 08:55:00,40.011,40.081,40.003,40.073,123144
2821,2023-07-11 08:50:00,40.04,40.081,39.983,40.003,80760
2822,2023-07-11 08:45:00,40.16,40.16,40.033,40.033,141731
2823,2023-07-11 08:40:00,40.07,40.16,40.033,40.153,96564
2824,2023-07-11 08:35:00,40.17,40.18,40.053,40.063,97731
2825,2023-07-11 08:30:00,40.07,40.17,40.033,40.153,122039
2826,2023-07-11 08:25:00,40.001,40.071,39.983,40.063,127627
2827,2023-07-11 08:20:00,39.991,40.031,39.963,39.983,93085
2828,2023-07-11 08:15:00,40.07,40.071,39.963,39.983,92651
2829,2023-07-11 08:10:00,40.08,40.091,40.053,40.073,37373
2830,2023-07-11 08:05:00,40.13,40.141,40.063,40.073,54419
2831,2023-07-11 08:00:00,39.891,40.141,39.715,40.132,360056
2832,2023-07-11 07:55:00,40.09,40.101,40.043,40.083,23917
2833,2023-07-11 07:50:00,40.03,40.091,40.023,40.083,26850
2834,2023-07-11 07:45:00,40.02,40.041,39.983,40.033,20968
2835,2023-07-11 07:40:00,40.04,40.041,39.973,40.003,27565
2836,2023-07-11 07:35:00,40.07,40.091,40.013,40.023,35358
2837,2023-07-11 07:30:00,40.03,40.071,40.003,40.063,54258
2838,2023-07-11 07:25:00,40.04,40.041,39.983,40.013,30380
2839,2023-07-11 07:20:00,39.981,40.041,39.963,40.033,18718
2840,2023-07-11 07:15:00,39.971,40.001,39.963,39.973,23359
2841,2023-07-11 07:10:00,39.991,40.001,39.953,39.973,17055
2842,2023-07-11 07:05:00,39.961,40.011,39.953,39.973,43036
2843,2023-07-11 07:00:00,39.901,39.961,39.873,39.953,26838
2844,2023-07-11 06:55:00,39.931,39.951,39.883,39.893,17653
2845,2023-07-11 06:50:00,39.951,39.951,39.913,39.933,6440
2846,2023-07-11 06:45:00,39.971,39.971,39.923,39.953,3268
2847,2023-07-11 06:40:00,39.971,39.981,39.943,39.963,5728
2848,2023-07-11 06:35:00,39.931,39.971,39.913,39.953,8480
2849,2023-07-11 06:30:00,39.921,39.931,39.893,39.923,2143
2850,2023-07-11 06:25:00,39.921,39.951,39.913,39.923,6121
2851,2023-07-11 06:20:00,39.921,39.931,39.903,39.903,16157
2852,2023-07-11 06:15:00,39.991,39.991,39.903,39.913,14376
2853,2023-07-11 06:10:00,39.951,39.991,39.943,39.973,1812
2854,2023-07-11 06:05:00,40.011,40.031,39.943,39.943,4637
2855,2023-07-11 06:00:00,40.03,40.031,39.993,40.003,17783
2856,2023-07-11 05:55:00,40.03,40.051,40.023,40.023,5318
2857,2023-07-11 05:50:00,40.02,40.041,40.003,40.023,31203
2858,2023-07-11 05:45:00,39.921,40.031,39.913,40.023,18122
2859,2023-07-11 05:40:00,39.941,39.941,39.903,39.913,7149
2860,2023-07-11 05:35:00,39.911,39.961,39.883,39.933,7018
2861,2023-07-11 05:30:00,39.891,39.931,39.843,39.903,6485
2862,2023-07-11 05:25:00,39.871,39.891,39.853,39.874,2876
2863,2023-07-11 05:20:00,39.801,39.871,39.794,39.854,5911
2864,2023-07-11 05:15:00,39.861,39.871,39.794,39.794,8145
2865,2023-07-11 05:10:00,39.831,39.871,39.824,39.854,9178
2866,2023-07-11 05:05:00,39.831,39.861,39.804,39.834,3243
2867,2023-07-11 05:00:00,39.821,39.832,39.774,39.824,5039
2868,2023-07-11 04:55:00,39.791,39.842,39.784,39.824,5555
2869,2023-07-11 04:50:00,39.771,39.802,39.724,39.794,8823
2870,2023-07-11 04:45:00,39.731,39.772,39.714,39.764,46007
2871,2023-07-11 04:40:00,39.771,39.782,39.714,39.734,8015
2872,2023-07-11 04:35:00,39.841,39.842,39.754,39.754,9411
2873,2023-07-11 04:30:00,39.831,39.852,39.784,39.824,7647
2874,2023-07-11 04:25:00,39.871,39.881,39.824,39.824,7415
2875,2023-07-11 04:20:00,39.841,39.871,39.814,39.864,27285
2876,2023-07-11 04:15:00,39.881,39.891,39.824,39.834,37355
2877,2023-07-11 04:10:00,39.901,39.921,39.863,39.874,112670
2878,2023-07-11 04:05:00,39.811,39.901,39.804,39.884,24003
2879,2023-07-11 04:00:00,39.851,39.861,39.714,39.814,44334
2880,2023-07-10 19:55:00,39.761,39.802,39.744,39.784,10259
2881,2023-07-10 19:50:00,39.771,39.782,39.734,39.754,8442
2882,2023-07-10 19:45:00,39.731,39.777,39.714,39.764,12679
2883,2023-07-10 19:40:00,39.731,39.732,39.714,39.724,10289
2884,2023-07-10 19:35:00,39.711,39.732,39.694,39.724,6038
2885,2023-07-10 19:30:00,39.712,39.732,39.704,39.714,6767
2886,2023-07-10 19:25:00,39.712,39.732,39.694,39.724,13144
2887,2023-07-10 19:20:00,39.722,39.732,39.704,39.704,14088
2888,2023-07-10 19:15:00,39.692,39.722,39.684,39.714,6509
2889,2023-07-10 19:10:00,39.741,39.742,39.684,39.694,20782
2890,2023-07-10 19:05:00,39.722,39.762,39.714,39.734,20521
2891,2023-07-10 19:00:00,39.761,39.772,39.714,39.724,21016
2892,2023-07-10 18:55:00,39.771,39.792,39.754,39.764,12415
2893,2023-07-10 18:50:00,39.801,39.802,39.754,39.754,6760
2894,2023-07-10 18:45:00,39.781,39.802,39.774,39.774,4168
2895,2023-07-10 18:40:00,39.771,39.802,39.764,39.774,3490
2896,2023-07-10 18:35:00,39.761,39.802,39.754,39.764,6314
2897,2023-07-10 18:30:00,39.731,39.762,39.714,39.754,2473
2898,2023-07-10 18:25:00,39.722,39.732,39.714,39.724,15709
2899,2023-07-10 18:20:00,39.722,39.732,39.704,39.724,5148
2900,2023-07-10 18:15:00,39.712,39.732,39.694,39.714,13462
2901,2023-07-10 18:10:00,39.702,39.722,39.684,39.714,8405
2902,2023-07-10 18:05:00,39.722,39.732,39.694,39.694,4981
2903,2023-07-10 18:00:00,39.801,39.812,39.704,39.714,41586
2904,2023-07-10 17:55:00,39.801,39.812,39.784,39.794,9218
2905,2023-07-10 17:50:00,39.811,39.812,39.794,39.794,3865
2906,2023-07-10 17:45:00,39.811,39.812,39.794,39.804,3247
2907,2023-07-10 17:40:00,39.781,39.812,39.764,39.794,12780
2908,2023-07-10 17:35:00,39.791,39.802,39.754,39.774,3190
2909,2023-07-10 17:30:00,39.801,39.812,39.774,39.794,4948
2910,2023-07-10 17:25:00,39.811,39.812,39.784,39.794,8135
2911,2023-07-10 17:20:00,39.801,39.822,39.774,39.804,11581
2912,2023-07-10 17:15:00,39.811,39.822,39.774,39.784,19140
2913,2023-07-10 17:10:00,39.811,39.822,39.794,39.814,12281
2914,2023-07-10 17:05:00,39.811,39.822,39.794,39.794,5359
2915,2023-07-10 17:00:00,39.781,39.812,39.774,39.804,20897
2916,2023-07-10 16:55:00,39.821,39.822,39.784,39.784,22448
2917,2023-07-10 16:50:00,39.821,39.832,39.804,39.814,21511
2918,2023-07-10 16:45:00,39.831,39.852,39.814,39.814,15066
2919,2023-07-10 16:40:00,39.831,39.852,39.824,39.834,15911
2920,2023-07-10 16:35:00,39.841,39.852,39.824,39.824,32563
2921,2023-07-10 16:30:00,39.841,39.871,39.834,39.834,29531
2922,2023-07-10 16:25:00,39.861,39.861,39.834,39.844,24734
2923,2023-07-10 16:20:00,39.881,39.891,39.853,39.854,39603
2924,2023-07-10 16:15:00,39.761,39.911,39.744,39.874,40319
2925,2023-07-10 16:10:00,39.911,39.931,39.883,39.893,69432
2926,2023-07-10 16:05:00,39.871,39.991,39.863,39.904,138191
2927,2023-07-10 16:00:00,39.761,39.881,39.734,39.864,914848
2928,2023-07-10 15:55:00,39.642,39.782,39.619,39.769,1579482
2929,2023-07-10 15:50:00,39.522,39.682,39.455,39.641,1580222
2930,2023-07-10 15:45:00,39.512,39.553,39.485,39.525,500485
2931,2023-07-10 15:40:00,39.637,39.642,39.495,39.5,551310
2932,2023-07-10 15:35:00,39.572,39.672,39.545,39.624,576168
2933,2023-07-10 15:30:00,39.612,39.642,39.535,39.555,387485
2934,2023-07-10 15:25:00,39.572,39.651,39.547,39.615,454672
2935,2023-07-10 15:20:00,39.637,39.692,39.525,39.565,665352
2936,2023-07-10 15:15:00,39.612,39.672,39.584,39.624,421324
2937,2023-07-10 15:10:00,39.612,39.652,39.565,39.605,375127
2938,2023-07-10 15:05:00,39.702,39.737,39.565,39.614,790752
2939,2023-07-10 15:00:00,39.761,39.787,39.654,39.689,589405
2940,2023-07-10 14:55:00,39.714,39.782,39.694,39.754,612607
2941,2023-07-10 14:50:00,39.622,39.722,39.606,39.707,654780
2942,2023-07-10 14:45:00,39.587,39.632,39.545,39.61,370484
2943,2023-07-10 14:40:00,39.611,39.657,39.555,39.575,345439
2944,2023-07-10 14:35:00,39.672,39.697,39.589,39.598,553495
2945,2023-07-10 14:30:00,39.771,39.782,39.614,39.674,707870
2946,2023-07-10 14:25:00,39.702,39.792,39.684,39.754,744235
2947,2023-07-10 14:20:00,39.642,39.762,39.594,39.694,965505
2948,2023-07-10 14:15:00,39.557,39.662,39.535,39.624,855465
2949,2023-07-10 14:10:00,39.396,39.572,39.385,39.555,542019
2950,2023-07-10 14:05:00,39.358,39.443,39.325,39.39,436103
2951,2023-07-10 14:00:00,39.482,39.503,39.345,39.35,634410
2952,2023-07-10 13:55:00,39.482,39.528,39.415,39.475,397365
2953,2023-07-10 13:50:00,39.452,39.553,39.435,39.475,438328
2954,2023-07-10 13:45:00,39.561,39.602,39.449,39.454,553940
2955,2023-07-10 13:40:00,39.487,39.567,39.445,39.548,431471
2956,2023-07-10 13:35:00,39.537,39.543,39.425,39.48,684179
2957,2023-07-10 13:30:00,39.602,39.707,39.515,39.525,1121621
2958,2023-07-10 13:25:00,39.482,39.602,39.44,39.595,664279
2959,2023-07-10 13:20:00,39.427,39.493,39.415,39.475,540667
2960,2023-07-10 13:15:00,39.482,39.533,39.365,39.42,568571
2961,2023-07-10 13:10:00,39.452,39.503,39.385,39.47,591710
2962,2023-07-10 13:05:00,39.482,39.528,39.425,39.445,590843
2963,2023-07-10 13:00:00,39.457,39.553,39.425,39.47,847710
2964,2023-07-10 12:55:00,39.367,39.518,39.335,39.455,924569
2965,2023-07-10 12:50:00,39.378,39.453,39.325,39.356,752053
2966,2023-07-10 12:45:00,39.309,39.388,39.286,39.371,538012
2967,2023-07-10 12:40:00,39.223,39.344,39.186,39.306,748846
2968,2023-07-10 12:35:00,39.173,39.274,39.086,39.222,840112
2969,2023-07-10 12:30:00,39.144,39.204,39.081,39.171,846558
2970,2023-07-10 12:25:00,39.103,39.174,39.056,39.126,796072
2971,2023-07-10 12:20:00,38.942,39.124,38.917,39.096,1314891
2972,2023-07-10 12:15:00,38.825,38.975,38.787,38.927,1049336
2973,2023-07-10 12:10:00,38.855,38.895,38.797,38.827,1048210
2974,2023-07-10 12:05:00,39.014,39.034,38.837,38.85,1419601
2975,2023-07-10 12:00:00,39.203,39.219,38.857,39.007,2284735
2976,2023-07-10 11:55:00,39.348,39.393,39.186,39.186,696693
2977,2023-07-10 11:50:00,39.228,39.345,39.186,39.337,898455
2978,2023-07-10 11:45:00,39.362,39.368,39.136,39.221,1479013
2979,2023-07-10 11:40:00,39.617,39.662,39.355,39.355,877460
2980,2023-07-10 11:35:00,39.613,39.652,39.584,39.61,568017
2981,2023-07-10 11:30:00,39.502,39.662,39.484,39.615,1214488
2982,2023-07-10 11:25:00,39.363,39.513,39.31,39.495,1095580
2983,2023-07-10 11:20:00,39.403,39.493,39.329,39.35,638746
2984,2023-07-10 11:15:00,39.502,39.538,39.345,39.395,697327
2985,2023-07-10 11:10:00,39.444,39.503,39.315,39.495,724727
2986,2023-07-10 11:05:00,39.343,39.503,39.295,39.441,1216996
2987,2023-07-10 11:00:00,39.447,39.508,39.231,39.336,1677957
2988,2023-07-10 10:55:00,39.423,39.553,39.365,39.437,955890
2989,2023-07-10 10:50:00,39.502,39.612,39.375,39.417,1008909
2990,2023-07-10 10:45:00,39.393,39.572,39.38,39.49,819594
2991,2023-07-10 10:40:00,39.562,39.63,39.355,39.395,1112333
2992,2023-07-10 10:35:00,39.522,39.601,39.335,39.565,1801700
2993,2023-07-10 10:30:00,39.662,39.732,39.475,39.51,1317194
2994,2023-07-10 10:25:00,39.825,39.889,39.651,39.652,1653700
2995,2023-07-10 10:20:00,39.652,39.842,39.644,39.824,1810832
2996,2023-07-10 10:15:00,39.625,39.672,39.465,39.644,1176293
2997,2023-07-10 10:10:00,39.572,39.672,39.525,39.615,1604219
2998,2023-07-10 10:05:00,39.313,39.612,39.276,39.555,1728305
2999,2023-07-10 10:00:00,39.183,39.428,39.151,39.301,2223384
3000,2023-07-10 09:55:00,39.22,39.244,38.957,39.181,2451679
3001,2023-07-10 09:50:00,39.442,39.473,39.076,39.215,2838501
3002,2023-07-10 09:45:00,39.595,39.692,39.35,39.435,2107952
3003,2023-07-10 09:40:00,39.871,39.941,39.485,39.594,2504600
3004,2023-07-10 09:35:00,39.731,39.9,39.724,39.854,2163364
3005,2023-07-10 09:30:00,39.622,39.971,39.594,39.724,4023489
3006,2023-07-10 09:25:00,39.672,39.672,39.545,39.605,177044
3007,2023-07-10 09:20:00,39.672,39.722,39.634,39.664,190250
3008,2023-07-10 09:15:00,39.632,39.682,39.594,39.664,83185
3009,2023-07-10 09:10:00,39.622,39.652,39.584,39.624,66417
3010,2023-07-10 09:05:00,39.682,39.692,39.594,39.624,71297
3011,2023-07-10 09:00:00,39.602,39.732,39.594,39.674,221398
3012,2023-07-10 08:55:00,39.522,39.632,39.495,39.595,203877
3013,2023-07-10 08:50:00,39.542,39.543,39.495,39.52,42364
3014,2023-07-10 08:45:00,39.572,39.572,39.525,39.545,90841
3015,2023-07-10 08:40:00,39.642,39.652,39.545,39.565,77514
3016,2023-07-10 08:35:00,39.652,39.672,39.615,39.634,77326
3017,2023-07-10 08:30:00,39.692,39.702,39.624,39.644,95691
3018,2023-07-10 08:25:00,39.702,39.732,39.654,39.684,28782
3019,2023-07-10 08:20:00,39.771,39.772,39.664,39.684,103954
3020,2023-07-10 08:15:00,39.801,39.811,39.744,39.774,65622
3021,2023-07-10 08:10:00,39.801,39.832,39.764,39.784,138398
3022,2023-07-10 08:05:00,39.692,39.861,39.684,39.794,156668
3023,2023-07-10 08:00:00,39.413,39.732,38.977,39.694,371805
3024,2023-07-10 07:55:00,39.642,39.702,39.634,39.674,175521
3025,2023-07-10 07:50:00,39.591,39.642,39.564,39.634,100865
3026,2023-07-10 07:45:00,39.572,39.602,39.545,39.595,64160
3027,2023-07-10 07:40:00,39.562,39.582,39.525,39.575,31074
3028,2023-07-10 07:35:00,39.462,39.582,39.445,39.565,94926
3029,2023-07-10 07:30:00,39.462,39.523,39.435,39.465,21762
3030,2023-07-10 07:25:00,39.423,39.483,39.405,39.445,25953
3031,2023-07-10 07:20:00,39.512,39.513,39.415,39.415,27559
3032,2023-07-10 07:15:00,39.512,39.523,39.475,39.505,48622
3033,2023-07-10 07:10:00,39.462,39.513,39.425,39.495,63486
3034,2023-07-10 07:05:00,39.393,39.463,39.385,39.455,12469
3035,2023-07-10 07:00:00,39.403,39.463,39.375,39.375,48843
3036,2023-07-10 06:55:00,39.353,39.403,39.335,39.395,23554
3037,2023-07-10 06:50:00,39.313,39.353,39.305,39.345,2976
3038,2023-07-10 06:45:00,39.333,39.343,39.295,39.306,5091
3039,2023-07-10 06:40:00,39.313,39.333,39.276,39.326,6585
3040,2023-07-10 06:35:00,39.333,39.333,39.295,39.296,60128
3041,2023-07-10 06:30:00,39.343,39.353,39.305,39.336,6561
3042,2023-07-10 06:25:00,39.283,39.343,39.276,39.326,9106
3043,2023-07-10 06:20:00,39.263,39.283,39.256,39.276,5766
3044,2023-07-10 06:15:00,39.243,39.293,39.196,39.256,4802
3045,2023-07-10 06:10:00,39.243,39.264,39.226,39.246,3780
3046,2023-07-10 06:05:00,39.243,39.254,39.226,39.226,6919
3047,2023-07-10 06:00:00,39.273,39.283,39.236,39.236,3527
3048,2023-07-10 05:55:00,39.253,39.274,39.226,39.266,8121
3049,2023-07-10 05:50:00,39.253,39.264,39.236,39.246,8069
3050,2023-07-10 05:45:00,39.353,39.363,39.256,39.256,10814
3051,2023-07-10 05:40:00,39.283,39.363,39.276,39.345,5186
3052,2023-07-10 05:35:00,39.293,39.333,39.276,39.286,3391
3053,2023-07-10 05:30:00,39.293,39.323,39.276,39.286,2683
3054,2023-07-10 05:25:00,39.303,39.323,39.266,39.276,4168
3055,2023-07-10 05:20:00,39.303,39.333,39.276,39.306,5088
3056,2023-07-10 05:15:00,39.373,39.373,39.295,39.296,8605
3057,2023-07-10 05:10:00,39.363,39.383,39.345,39.365,2775
3058,2023-07-10 05:05:00,39.343,39.383,39.335,39.365,17215
3059,2023-07-10 05:00:00,39.273,39.343,39.256,39.336,56455
3060,2023-07-10 04:55:00,39.273,39.303,39.246,39.266,5262
3061,2023-07-10 04:50:00,39.283,39.293,39.246,39.266,11250
3062,2023-07-10 04:45:00,39.323,39.333,39.276,39.286,6081
3063,2023-07-10 04:40:00,39.283,39.323,39.266,39.316,6600
3064,2023-07-10 04:35:00,39.323,39.323,39.256,39.276,34623
3065,2023-07-10 04:30:00,39.373,39.383,39.315,39.316,13394
3066,2023-07-10 04:25:00,39.393,39.453,39.355,39.355,14334
3067,2023-07-10 04:20:00,39.293,39.393,39.266,39.385,28209
3068,2023-07-10 04:15:00,39.253,39.323,39.236,39.286,51081
3069,2023-07-10 04:10:00,39.203,39.254,39.186,39.246,43150
3070,2023-07-10 04:05:00,39.223,39.254,39.186,39.196,56967
3071,2023-07-10 04:00:00,39.183,39.333,39.166,39.216,98669
3072,2023-07-07 19:55:00,39.722,39.732,39.694,39.704,63907
3073,2023-07-07 19:50:00,39.781,39.792,39.704,39.714,60614
3074,2023-07-07 19:45:00,39.841,39.852,39.784,39.784,19085
3075,2023-07-07 19:40:00,39.851,39.861,39.843,39.844,2165
3076,2023-07-07 19:35:00,39.851,39.861,39.834,39.854,4033
3077,2023-07-07 19:30:00,39.821,39.852,39.804,39.844,11340
3078,2023-07-07 19:25:00,39.811,39.822,39.804,39.809,1807
3079,2023-07-07 19:20:00,39.811,39.822,39.804,39.804,4837
3080,2023-07-07 19:15:00,39.821,39.822,39.804,39.814,1217
3081,2023-07-07 19:10:00,39.821,39.832,39.804,39.814,4856
3082,2023-07-07 19:05:00,39.821,39.832,39.804,39.824,7634
3083,2023-07-07 19:00:00,39.811,39.822,39.804,39.814,3509
3084,2023-07-07 18:55:00,39.841,39.842,39.814,39.814,5908
3085,2023-07-07 18:50:00,39.831,39.852,39.814,39.834,6917
3086,2023-07-07 18:45:00,39.861,39.861,39.819,39.819,3682
3087,2023-07-07 18:40:00,39.831,39.861,39.824,39.854,8217
3088,2023-07-07 18:35:00,39.841,39.842,39.814,39.814,2727
3089,2023-07-07 18:30:00,39.836,39.842,39.824,39.834,3178
3090,2023-07-07 18:25:00,39.841,39.852,39.824,39.834,3358
3091,2023-07-07 18:20:00,39.846,39.852,39.824,39.837,549
3092,2023-07-07 18:15:00,39.861,39.861,39.834,39.839,5913
3093,2023-07-07 18:10:00,39.861,39.861,39.843,39.844,7414
3094,2023-07-07 18:05:00,39.861,39.861,39.843,39.854,2435
3095,2023-07-07 18:00:00,39.861,39.861,39.843,39.854,8683
3096,2023-07-07 17:55:00,39.841,39.861,39.824,39.854,6888
3097,2023-07-07 17:50:00,39.841,39.842,39.814,39.824,3096
3098,2023-07-07 17:45:00,39.861,39.861,39.834,39.834,6228
3099,2023-07-07 17:40:00,39.871,39.871,39.834,39.844,3560
3100,2023-07-07 17:35:00,39.871,39.871,39.853,39.864,11898
3101,2023-07-07 17:30:00,39.881,39.891,39.853,39.854,8591
3102,2023-07-07 17:25:00,39.861,39.911,39.843,39.864,25047
3103,2023-07-07 17:20:00,39.871,39.871,39.843,39.864,28558
3104,2023-07-07 17:15:00,39.841,39.871,39.824,39.854,34379
3105,2023-07-07 17:10:00,39.841,39.842,39.814,39.824,38831
3106,2023-07-07 17:05:00,39.831,39.842,39.804,39.834,36530
3107,2023-07-07 17:00:00,39.801,39.822,39.784,39.814,10864
3108,2023-07-07 16:55:00,39.781,39.802,39.774,39.784,31185
3109,2023-07-07 16:50:00,39.781,39.792,39.764,39.774,11491
3110,2023-07-07 16:45:00,39.811,39.812,39.754,39.764,15400
3111,2023-07-07 16:40:00,39.831,39.832,39.784,39.794,26625
3112,2023-07-07 16:35:00,39.831,39.842,39.814,39.819,49245
3113,2023-07-07 16:30:00,39.851,39.852,39.814,39.824,25950
3114,2023-07-07 16:25:00,39.831,39.852,39.824,39.844,41048
3115,2023-07-07 16:20:00,39.831,39.842,39.784,39.834,65571
3116,2023-07-07 16:15:00,39.731,39.861,39.724,39.824,62339
3117,2023-07-07 16:10:00,39.882,39.891,39.834,39.834,68445
3118,2023-07-07 16:05:00,39.841,39.901,39.824,39.874,229559
3119,2023-07-07 16:00:00,39.741,39.861,39.714,39.834,926488
3120,2023-07-07 15:55:00,39.791,39.792,39.664,39.724,2161371
3121,2023-07-07 15:50:00,39.901,39.956,39.634,39.794,2973513
3122,2023-07-07 15:45:00,40.03,40.081,39.814,39.893,1968501
3123,2023-07-07 15:40:00,40.25,40.25,39.996,40.013,1233663
3124,2023-07-07 15:35:00,40.341,40.36,40.222,40.247,672335
3125,2023-07-07 15:30:00,40.26,40.345,40.222,40.337,956421
3126,2023-07-07 15:25:00,40.414,40.449,40.227,40.255,1055712
3127,2023-07-07 15:20:00,40.489,40.519,40.372,40.402,685900
3128,2023-07-07 15:15:00,40.569,40.608,40.401,40.486,970249
3129,2023-07-07 15:10:00,40.544,40.609,40.531,40.568,518025
3130,2023-07-07 15:05:00,40.618,40.639,40.511,40.531,654094
3131,2023-07-07 15:00:00,40.648,40.669,40.551,40.621,624356
3132,2023-07-07 14:55:00,40.658,40.669,40.606,40.641,443680
3133,2023-07-07 14:50:00,40.613,40.684,40.581,40.651,570921
3134,2023-07-07 14:45:00,40.648,40.665,40.574,40.605,743657
3135,2023-07-07 14:40:00,40.703,40.728,40.625,40.641,692055
3136,2023-07-07 14:35:00,40.745,40.786,40.68,40.696,580868
3137,2023-07-07 14:30:00,40.853,40.883,40.72,40.741,603136
3138,2023-07-07 14:25:00,40.838,40.878,40.8,40.85,352162
3139,2023-07-07 14:20:00,40.849,40.849,40.798,40.824,284017
3140,2023-07-07 14:15:00,40.853,40.883,40.75,40.849,682396
3141,2023-07-07 14:10:00,40.887,40.888,40.79,40.847,370807
3142,2023-07-07 14:05:00,40.848,40.888,40.8,40.875,510492
3143,2023-07-07 14:00:00,40.872,40.884,40.79,40.84,382250
3144,2023-07-07 13:55:00,40.937,40.978,40.77,40.86,1510926
3145,2023-07-07 13:50:00,40.977,40.988,40.92,40.93,301649
3146,2023-07-07 13:45:00,41.032,41.037,40.944,40.979,534471
3147,2023-07-07 13:40:00,40.988,41.067,40.969,41.02,749878
3148,2023-07-07 13:35:00,41.072,41.077,40.91,40.984,1612455
3149,2023-07-07 13:30:00,41.107,41.112,41.049,41.059,527986
3150,2023-07-07 13:25:00,41.037,41.107,41.019,41.099,644565
3151,2023-07-07 13:20:00,40.987,41.047,40.959,41.039,551066
3152,2023-07-07 13:15:00,41.007,41.017,40.959,40.979,304354
3153,2023-07-07 13:10:00,40.967,41.037,40.949,40.995,593754
3154,2023-07-07 13:05:00,40.957,40.998,40.939,40.968,485329
3155,2023-07-07 13:00:00,40.907,40.998,40.88,40.94,972727
3156,2023-07-07 12:55:00,40.892,40.928,40.85,40.895,474570
3157,2023-07-07 12:50:00,40.868,40.938,40.856,40.885,668261
3158,2023-07-07 12:45:00,40.871,40.898,40.807,40.854,534933
3159,2023-07-07 12:40:00,40.848,40.908,40.82,40.86,711926
3160,2023-07-07 12:35:00,40.818,40.928,40.81,40.848,1605519
3161,2023-07-07 12:30:00,40.629,40.818,40.616,40.81,1197481
3162,2023-07-07 12:25:00,40.673,40.679,40.601,40.621,357668
3163,2023-07-07 12:20:00,40.683,40.684,40.561,40.67,700725
3164,2023-07-07 12:15:00,40.668,40.689,40.591,40.676,609915
3165,2023-07-07 12:10:00,40.618,40.684,40.601,40.661,882513
3166,2023-07-07 12:05:00,40.588,40.639,40.571,40.607,1008712
3167,2023-07-07 12:00:00,40.499,40.599,40.486,40.574,1347296
3168,2023-07-07 11:55:00,40.399,40.509,40.372,40.491,856776
3169,2023-07-07 11:50:00,40.376,40.429,40.322,40.386,575499
3170,2023-07-07 11:45:00,40.339,40.4,40.297,40.372,486324
3171,2023-07-07 11:40:00,40.319,40.37,40.282,40.332,634370
3172,2023-07-07 11:35:00,40.22,40.35,40.172,40.302,722133
3173,2023-07-07 11:30:00,40.254,40.3,40.192,40.214,496367
3174,2023-07-07 11:25:00,40.295,40.3,40.232,40.242,495725
3175,2023-07-07 11:20:00,40.26,40.36,40.222,40.287,709910
3176,2023-07-07 11:15:00,40.266,40.3,40.182,40.26,556154
3177,2023-07-07 11:10:00,40.275,40.32,40.229,40.257,468600
3178,2023-07-07 11:05:00,40.299,40.335,40.209,40.262,882743
3179,2023-07-07 11:00:00,40.169,40.3,40.133,40.288,948331
3180,2023-07-07 10:55:00,40.21,40.23,39.998,40.162,1310945
3181,2023-07-07 10:50:00,40.07,40.21,40.053,40.197,720753
3182,2023-07-07 10:45:00,39.961,40.137,39.945,40.063,1112589
3183,2023-07-07 10:40:00,39.861,40.031,39.814,39.958,1014820
3184,2023-07-07 10:35:00,39.756,39.991,39.724,39.863,1621157
3185,2023-07-07 10:30:00,40.001,40.051,39.709,39.749,2039407
3186,2023-07-07 10:25:00,40.156,40.16,39.988,39.988,832365
3187,2023-07-07 10:20:00,40.18,40.195,40.063,40.143,1191654
3188,2023-07-07 10:15:00,40.379,40.42,39.993,40.172,2200876
3189,2023-07-07 10:10:00,40.349,40.449,40.272,40.372,910970
3190,2023-07-07 10:05:00,40.429,40.489,40.282,40.332,1193268
3191,2023-07-07 10:00:00,40.439,40.479,40.302,40.427,1729914
3192,2023-07-07 09:55:00,40.369,40.479,40.352,40.435,1211578
3193,2023-07-07 09:50:00,40.26,40.469,40.202,40.362,2078660
3194,2023-07-07 09:45:00,40.08,40.36,40.073,40.247,2379365
3195,2023-07-07 09:40:00,39.971,40.127,39.903,40.083,1384715
3196,2023-07-07 09:35:00,40.04,40.131,39.784,39.983,1919065
3197,2023-07-07 09:30:00,40.05,40.21,39.863,40.033,3118649
3198,2023-07-07 09:25:00,40.15,40.26,40.023,40.053,232181
3199,2023-07-07 09:20:00,40.06,40.19,40.053,40.153,258101
3200,2023-07-07 09:15:00,40.03,40.121,39.983,40.053,198882
3201,2023-07-07 09:10:00,39.971,40.15,39.933,40.023,270156
3202,2023-07-07 09:05:00,39.931,39.971,39.744,39.963,408146
3203,2023-07-07 09:00:00,40.02,40.071,39.774,39.913,495248
3204,2023-07-07 08:55:00,40.24,40.28,40.013,40.013,315783
3205,2023-07-07 08:50:00,40.16,40.37,40.142,40.222,450324
3206,2023-07-07 08:45:00,40.12,40.18,39.923,40.153,527789
3207,2023-07-07 08:40:00,40.529,40.539,39.913,40.113,874946
3208,2023-07-07 08:35:00,40.748,40.778,40.461,40.521,632403
3209,2023-07-07 08:30:00,40.03,40.748,40.023,40.73,1327859
3210,2023-07-07 08:25:00,39.951,40.15,39.933,40.073,128710
3211,2023-07-07 08:20:00,39.971,39.971,39.923,39.943,74003
3212,2023-07-07 08:15:00,39.961,39.971,39.933,39.953,15946
3213,2023-07-07 08:10:00,39.981,39.982,39.923,39.953,41327
3214,2023-07-07 08:05:00,39.941,39.981,39.923,39.973,42442
3215,2023-07-07 08:00:00,39.96,40.17,39.684,39.943,191681
3216,2023-07-07 07:55:00,40.001,40.001,39.893,39.903,31139
3217,2023-07-07 07:50:00,40.011,40.011,39.973,39.993,6397
3218,2023-07-07 07:45:00,39.961,40.011,39.953,40.003,28757
3219,2023-07-07 07:40:00,39.981,39.991,39.943,39.953,16243
3220,2023-07-07 07:35:00,40.001,40.001,39.963,39.983,9541
3221,2023-07-07 07:30:00,39.971,40.021,39.933,40.003,39551
3222,2023-07-07 07:25:00,40.001,40.001,39.943,39.963,8565
3223,2023-07-07 07:20:00,39.991,40.001,39.963,39.983,7786
3224,2023-07-07 07:15:00,40.011,40.021,39.953,39.963,9188
3225,2023-07-07 07:10:00,40.011,40.021,39.993,40.003,12240
3226,2023-07-07 07:05:00,39.981,40.011,39.963,40.003,8261
3227,2023-07-07 07:00:00,39.961,40.011,39.943,39.973,16036
3228,2023-07-07 06:55:00,39.911,39.971,39.903,39.953,3240
3229,2023-07-07 06:50:00,39.941,39.941,39.873,39.913,3597
3230,2023-07-07 06:45:00,39.931,39.951,39.923,39.933,2518
3231,2023-07-07 06:40:00,39.941,39.941,39.913,39.923,2739
3232,2023-07-07 06:35:00,39.931,39.961,39.923,39.933,10352
3233,2023-07-07 06:30:00,39.921,39.971,39.903,39.923,7010
3234,2023-07-07 06:25:00,39.921,39.941,39.893,39.913,5988
3235,2023-07-07 06:20:00,39.891,39.911,39.873,39.903,4451
3236,2023-07-07 06:15:00,39.881,39.901,39.853,39.884,4852
3237,2023-07-07 06:10:00,39.901,39.901,39.863,39.874,2337
3238,2023-07-07 06:05:00,39.891,39.911,39.853,39.893,43944
3239,2023-07-07 06:00:00,40.001,40.001,39.873,39.884,37348
3240,2023-07-07 05:55:00,40.011,40.031,39.983,39.993,4941
3241,2023-07-07 05:50:00,40.001,40.021,39.973,40.003,11326
3242,2023-07-07 05:45:00,40.02,40.031,40.003,40.003,15061
3243,2023-07-07 05:40:00,40.001,40.041,39.983,40.003,14177
3244,2023-07-07 05:35:00,40.02,40.041,39.993,39.993,57878
3245,2023-07-07 05:30:00,40.03,40.041,39.983,40.003,57935
3246,2023-07-07 05:25:00,40.03,40.031,39.973,40.023,6367
3247,2023-07-07 05:20:00,40.08,40.081,40.013,40.023,19224
3248,2023-07-07 05:15:00,40.09,40.091,40.053,40.063,5952
3249,2023-07-07 05:10:00,40.04,40.091,40.023,40.083,24718
3250,2023-07-07 05:05:00,39.991,40.041,39.973,40.023,15365
3251,2023-07-07 05:00:00,39.971,40.001,39.943,39.993,19482
3252,2023-07-07 04:55:00,39.961,39.971,39.933,39.963,5442
3253,2023-07-07 04:50:00,39.951,39.981,39.943,39.943,12561
3254,2023-07-07 04:45:00,39.891,39.961,39.883,39.943,8269
3255,2023-07-07 04:40:00,39.921,39.931,39.883,39.893,9555
3256,2023-07-07 04:35:00,39.841,39.921,39.834,39.913,10244
3257,2023-07-07 04:30:00,39.901,39.911,39.834,39.834,11648
3258,2023-07-07 04:25:00,39.891,39.911,39.873,39.893,15316
3259,2023-07-07 04:20:00,39.851,39.901,39.814,39.893,8534
3260,2023-07-07 04:15:00,39.821,39.881,39.804,39.854,11811
3261,2023-07-07 04:10:00,39.741,39.822,39.714,39.804,20628
3262,2023-07-07 04:05:00,39.781,39.812,39.724,39.734,35026
3263,2023-07-07 04:00:00,39.811,40.051,39.734,39.764,36118
3264,2023-07-06 19:55:00,40.1,40.111,40.043,40.053,15499
3265,2023-07-06 19:50:00,40.1,40.111,40.073,40.083,10071
3266,2023-07-06 19:45:00,40.09,40.111,40.063,40.073,24912
3267,2023-07-06 19:40:00,40.09,40.111,40.063,40.083,7105
3268,2023-07-06 19:35:00,40.12,40.121,40.083,40.103,11101
3269,2023-07-06 19:30:00,40.12,40.131,40.093,40.113,31512
3270,2023-07-06 19:25:00,40.13,40.141,40.112,40.123,3958
3271,2023-07-06 19:20:00,40.11,40.141,40.083,40.113,11729
3272,2023-07-06 19:15:00,40.111,40.111,40.083,40.083,4348
3273,2023-07-06 19:10:00,40.11,40.121,40.093,40.103,34156
3274,2023-07-06 19:05:00,40.07,40.111,40.063,40.103,10352
3275,2023-07-06 19:00:00,40.05,40.071,40.033,40.053,12523
3276,2023-07-06 18:55:00,40.05,40.061,40.043,40.043,1647
3277,2023-07-06 18:50:00,40.061,40.081,40.043,40.053,2882
3278,2023-07-06 18:45:00,40.06,40.081,40.043,40.058,13458
3279,2023-07-06 18:40:00,40.03,40.051,40.023,40.043,6416
3280,2023-07-06 18:35:00,40.02,40.051,40.013,40.023,44242
3281,2023-07-06 18:30:00,40.001,40.021,39.983,40.003,11055
3282,2023-07-06 18:25:00,39.991,40.001,39.983,39.983,1992
3283,2023-07-06 18:20:00,40.011,40.021,39.983,39.983,11820
3284,2023-07-06 18:15:00,40.001,40.011,39.983,40.003,4509
3285,2023-07-06 18:10:00,40.001,40.011,39.973,39.984,11790
3286,2023-07-06 18:05:00,40.02,40.031,39.973,40.003,9915
3287,2023-07-06 18:00:00,40.02,40.041,39.963,40.013,60965
3288,2023-07-06 17:55:00,40.04,40.041,40.013,40.023,1778
3289,2023-07-06 17:50:00,40.02,40.041,40.013,40.023,3637
3290,2023-07-06 17:45:00,40.03,40.041,40.013,40.023,2451
3291,2023-07-06 17:40:00,40.04,40.041,40.023,40.033,2661
3292,2023-07-06 17:35:00,40.03,40.041,40.013,40.033,3195
3293,2023-07-06 17:30:00,40.04,40.041,40.013,40.023,1474
3294,2023-07-06 17:25:00,40.04,40.041,40.023,40.033,2816
3295,2023-07-06 17:20:00,40.04,40.041,40.023,40.033,926
3296,2023-07-06 17:15:00,40.04,40.051,40.023,40.033,7588
3297,2023-07-06 17:10:00,40.03,40.051,40.023,40.033,5995
3298,2023-07-06 17:05:00,40.03,40.051,40.013,40.023,7795
3299,2023-07-06 17:00:00,40.03,40.041,40.014,40.023,8403
3300,2023-07-06 16:55:00,40.03,40.051,40.023,40.033,31971
3301,2023-07-06 16:50:00,40.02,40.031,40.003,40.023,18214
3302,2023-07-06 16:45:00,40.011,40.021,39.993,40.013,8388
3303,2023-07-06 16:40:00,40.011,40.021,39.983,40.003,27821
3304,2023-07-06 16:35:00,40.05,40.051,39.973,40.013,82770
3305,2023-07-06 16:30:00,40.07,40.071,40.033,40.033,24237
3306,2023-07-06 16:25:00,40.1,40.11,40.053,40.063,27802
3307,2023-07-06 16:20:00,40.13,40.131,40.093,40.093,38880
3308,2023-07-06 16:15:00,40.14,40.18,40.112,40.113,15912
3309,2023-07-06 16:10:00,40.17,40.19,40.142,40.182,28309
3310,2023-07-06 16:05:00,40.14,40.18,40.112,40.172,32578
3311,2023-07-06 16:00:00,40.14,40.17,40.103,40.133,270063
3312,2023-07-06 15:55:00,40.07,40.22,40.058,40.133,1684250
3313,2023-07-06 15:50:00,40.16,40.22,40.043,40.058,1196365
3314,2023-07-06 15:45:00,40.11,40.16,40.073,40.151,515408
3315,2023-07-06 15:40:00,40.07,40.146,40.033,40.113,548751
3316,2023-07-06 15:35:00,40.16,40.19,40.033,40.063,648311
3317,2023-07-06 15:30:00,40.16,40.18,40.073,40.152,516741
3318,2023-07-06 15:25:00,40.17,40.22,40.114,40.143,375401
3319,2023-07-06 15:20:00,40.095,40.2,40.063,40.162,530454
3320,2023-07-06 15:15:00,40.1,40.15,40.053,40.093,512593
3321,2023-07-06 15:10:00,40.191,40.21,40.083,40.093,767190
3322,2023-07-06 15:05:00,40.245,40.28,40.172,40.182,340230
3323,2023-07-06 15:00:00,40.25,40.27,40.192,40.241,442162
3324,2023-07-06 14:55:00,40.27,40.28,40.222,40.247,580213
3325,2023-07-06 14:50:00,40.26,40.28,40.172,40.252,667913
3326,2023-07-06 14:45:00,40.165,40.272,40.117,40.257,903316
3327,2023-07-06 14:40:00,40.105,40.166,40.043,40.155,405125
3328,2023-07-06 14:35:00,40.1,40.111,40.003,40.103,467561
3329,2023-07-06 14:30:00,39.991,40.101,39.973,40.087,414390
3330,2023-07-06 14:25:00,40.05,40.061,39.973,39.989,318292
3331,2023-07-06 14:20:00,40.05,40.061,39.943,40.053,572933
3332,2023-07-06 14:15:00,40.005,40.091,39.983,40.043,481450
3333,2023-07-06 14:10:00,40.16,40.16,39.993,39.998,543092
3334,2023-07-06 14:05:00,40.055,40.18,40.043,40.143,499744
3335,2023-07-06 14:00:00,40.164,40.18,40.025,40.043,609626
3336,2023-07-06 13:55:00,40.011,40.17,39.993,40.162,711780
3337,2023-07-06 13:50:00,40.1,40.101,39.993,39.993,262843
3338,2023-07-06 13:45:00,40.1,40.109,39.983,40.093,711832
3339,2023-07-06 13:40:00,40.028,40.101,39.983,40.083,735718
3340,2023-07-06 13:35:00,39.856,40.031,39.843,40.013,689549
3341,2023-07-06 13:30:00,39.954,39.961,39.787,39.854,934553
3342,2023-07-06 13:25:00,40.105,40.111,39.898,39.948,999975
3343,2023-07-06 13:20:00,40.07,40.115,40.063,40.093,512546
3344,2023-07-06 13:15:00,40.035,40.1,40.013,40.065,525655
3345,2023-07-06 13:10:00,39.981,40.071,39.953,40.023,467972
3346,2023-07-06 13:05:00,39.982,40.081,39.953,39.973,641069
3347,2023-07-06 13:00:00,40.001,40.051,39.943,39.978,504238
3348,2023-07-06 12:55:00,39.921,40.021,39.883,39.983,680744
3349,2023-07-06 12:50:00,39.951,39.971,39.878,39.923,339914
3350,2023-07-06 12:45:00,39.922,39.956,39.853,39.939,729321
3351,2023-07-06 12:40:00,39.931,39.981,39.898,39.914,481197
3352,2023-07-06 12:35:00,39.951,40.021,39.873,39.923,1175405
3353,2023-07-06 12:30:00,39.876,39.981,39.862,39.94,791558
3354,2023-07-06 12:25:00,39.771,39.901,39.748,39.869,1006584
3355,2023-07-06 12:20:00,39.761,39.792,39.704,39.766,505561
3356,2023-07-06 12:15:00,39.623,39.782,39.614,39.754,600986
3357,2023-07-06 12:10:00,39.771,39.772,39.604,39.616,863493
3358,2023-07-06 12:05:00,39.652,39.802,39.644,39.764,1181005
3359,2023-07-06 12:00:00,39.542,39.692,39.525,39.651,818165
3360,2023-07-06 11:55:00,39.542,39.572,39.475,39.535,593110
3361,2023-07-06 11:50:00,39.632,39.642,39.525,39.537,815652
3362,2023-07-06 11:45:00,39.562,39.662,39.495,39.634,1752910
3363,2023-07-06 11:40:00,39.578,39.622,39.535,39.565,650445
3364,2023-07-06 11:35:00,39.452,39.612,39.435,39.565,1056447
3365,2023-07-06 11:30:00,39.353,39.493,39.345,39.445,1252903
3366,2023-07-06 11:25:00,39.303,39.413,39.196,39.336,1004169
3367,2023-07-06 11:20:00,39.238,39.368,39.206,39.306,954092
3368,2023-07-06 11:15:00,39.188,39.313,39.166,39.236,898677
3369,2023-07-06 11:10:00,39.356,39.403,39.166,39.179,1113426
3370,2023-07-06 11:05:00,39.502,39.513,39.315,39.345,698990
3371,2023-07-06 11:00:00,39.253,39.508,39.246,39.492,1156603
3372,2023-07-06 10:55:00,39.442,39.453,39.216,39.244,1029124
3373,2023-07-06 10:50:00,39.572,39.602,39.365,39.437,1049754
3374,2023-07-06 10:45:00,39.562,39.582,39.485,39.565,582735
3375,2023-07-06 10:40:00,39.582,39.612,39.495,39.555,557251
3376,2023-07-06 10:35:00,39.522,39.622,39.405,39.565,1445586
3377,2023-07-06 10:30:00,39.574,39.672,39.48,39.521,1590294
3378,2023-07-06 10:25:00,39.403,39.582,39.347,39.565,1142316
3379,2023-07-06 10:20:00,39.333,39.413,39.256,39.405,1015128
3380,2023-07-06 10:15:00,39.403,39.475,39.315,39.335,1942294
3381,2023-07-06 10:10:00,39.263,39.423,39.146,39.402,1931879
3382,2023-07-06 10:05:00,39.293,39.323,39.196,39.266,1904925
3383,2023-07-06 10:00:00,39.542,39.543,39.276,39.286,2066660
3384,2023-07-06 09:55:00,39.368,39.533,39.289,39.525,1850875
3385,2023-07-06 09:50:00,39.702,39.732,39.345,39.36,2429867
3386,2023-07-06 09:45:00,39.672,39.901,39.515,39.704,2782387
3387,2023-07-06 09:40:00,39.707,39.817,39.564,39.664,2359687
3388,2023-07-06 09:35:00,39.532,39.762,39.455,39.694,3358078
3389,2023-07-06 09:30:00,39.831,39.971,39.475,39.517,5652499
3390,2023-07-06 09:25:00,39.821,39.852,39.724,39.814,190477
3391,2023-07-06 09:20:00,39.836,39.871,39.784,39.804,317282
3392,2023-07-06 09:15:00,39.712,39.832,39.684,39.824,315900
3393,2023-07-06 09:10:00,39.75,39.762,39.674,39.704,234388
3394,2023-07-06 09:05:00,39.841,39.861,39.734,39.744,208266
3395,2023-07-06 09:00:00,39.801,39.861,39.774,39.834,195381
3396,2023-07-06 08:55:00,39.741,39.812,39.704,39.794,248706
3397,2023-07-06 08:50:00,39.731,39.772,39.574,39.734,472723
3398,2023-07-06 08:45:00,39.881,39.931,39.724,39.734,401569
3399,2023-07-06 08:40:00,40.03,40.041,39.863,39.884,356410
3400,2023-07-06 08:35:00,40.06,40.141,39.983,40.031,322559
3401,2023-07-06 08:30:00,40.26,40.33,40.013,40.053,541730
3402,2023-07-06 08:25:00,40.329,40.34,40.222,40.252,202061
3403,2023-07-06 08:20:00,40.319,40.33,40.212,40.322,184412
3404,2023-07-06 08:15:00,40.459,40.469,40.212,40.312,331816
3405,2023-07-06 08:10:00,40.45,40.459,40.401,40.451,82919
3406,2023-07-06 08:05:00,40.539,40.539,40.431,40.461,166837
3407,2023-07-06 08:00:00,40.548,41.107,40.401,40.531,430644
3408,2023-07-06 07:55:00,40.559,40.589,40.541,40.571,14047
3409,2023-07-06 07:50:00,40.539,40.579,40.521,40.561,31675
3410,2023-07-06 07:45:00,40.559,40.579,40.531,40.531,15534
3411,2023-07-06 07:40:00,40.618,40.619,40.531,40.551,52491
3412,2023-07-06 07:35:00,40.628,40.659,40.606,40.611,7779
3413,2023-07-06 07:30:00,40.688,40.699,40.611,40.621,12580
3414,2023-07-06 07:25:00,40.658,40.699,40.651,40.681,31195
3415,2023-07-06 07:20:00,40.618,40.659,40.601,40.641,16887
3416,2023-07-06 07:15:00,40.638,40.649,40.591,40.601,14542
3417,2023-07-06 07:10:00,40.618,40.649,40.581,40.631,23744
3418,2023-07-06 07:05:00,40.559,40.619,40.551,40.601,41210
3419,2023-07-06 07:00:00,40.549,40.599,40.521,40.551,53763
3420,2023-07-06 06:55:00,40.519,40.549,40.491,40.541,6319
3421,2023-07-06 06:50:00,40.529,40.539,40.501,40.501,2403
3422,2023-07-06 06:45:00,40.579,40.589,40.481,40.521,35827
3423,2023-07-06 06:40:00,40.618,40.619,40.561,40.561,5088
3424,2023-07-06 06:35:00,40.569,40.619,40.551,40.611,5182
3425,2023-07-06 06:30:00,40.618,40.649,40.521,40.551,71776
3426,2023-07-06 06:25:00,40.589,40.629,40.581,40.611,4950
3427,2023-07-06 06:20:00,40.648,40.669,40.571,40.581,14984
3428,2023-07-06 06:15:00,40.658,40.659,40.601,40.631,4187
3429,2023-07-06 06:10:00,40.618,40.669,40.591,40.651,6278
3430,2023-07-06 06:05:00,40.638,40.679,40.621,40.621,7338
3431,2023-07-06 06:00:00,40.658,40.669,40.601,40.631,16245
3432,2023-07-06 05:55:00,40.688,40.699,40.651,40.651,18301
3433,2023-07-06 05:50:00,40.668,40.689,40.621,40.661,12027
3434,2023-07-06 05:45:00,40.589,40.669,40.571,40.661,30553
3435,2023-07-06 05:40:00,40.618,40.619,40.571,40.571,8138
3436,2023-07-06 05:35:00,40.628,40.649,40.611,40.611,5922
3437,2023-07-06 05:30:00,40.618,40.649,40.601,40.631,11327
3438,2023-07-06 05:25:00,40.598,40.629,40.591,40.611,7899
3439,2023-07-06 05:20:00,40.618,40.639,40.591,40.601,16106
3440,2023-07-06 05:15:00,40.569,40.629,40.561,40.621,6648
3441,2023-07-06 05:10:00,40.559,40.599,40.551,40.551,9182
3442,2023-07-06 05:05:00,40.539,40.549,40.501,40.541,30376
3443,2023-07-06 05:00:00,40.589,40.589,40.531,40.531,9663
3444,2023-07-06 04:55:00,40.628,40.639,40.581,40.581,6304
3445,2023-07-06 04:50:00,40.648,40.669,40.611,40.631,28582
3446,2023-07-06 04:45:00,40.579,40.689,40.571,40.651,30232
3447,2023-07-06 04:40:00,40.519,40.579,40.501,40.571,11200
3448,2023-07-06 04:35:00,40.509,40.529,40.461,40.521,29017
3449,2023-07-06 04:30:00,40.489,40.549,40.471,40.501,20177
3450,2023-07-06 04:25:00,40.529,40.539,40.481,40.481,38208
3451,2023-07-06 04:20:00,40.579,40.589,40.501,40.531,13139
3452,2023-07-06 04:15:00,40.579,40.599,40.531,40.581,11649
3453,2023-07-06 04:10:00,40.569,40.589,40.541,40.571,32110
3454,2023-07-06 04:05:00,40.529,40.589,40.481,40.561,36385
3455,2023-07-06 04:00:00,40.479,40.858,40.451,40.521,132074
3456,2023-07-05 19:55:00,41.107,41.107,41.059,41.069,18418
3457,2023-07-05 19:50:00,41.127,41.127,41.089,41.104,16253
3458,2023-07-05 19:45:00,41.116,41.137,41.089,41.114,7089
3459,2023-07-05 19:40:00,41.117,41.127,41.109,41.109,5219
3460,2023-07-05 19:35:00,41.127,41.127,41.099,41.109,2629
3461,2023-07-05 19:30:00,41.142,41.142,41.114,41.114,19414
3462,2023-07-05 19:25:00,41.107,41.147,41.094,41.139,26846
3463,2023-07-05 19:20:00,41.087,41.107,41.079,41.094,15615
3464,2023-07-05 19:15:00,41.097,41.107,41.069,41.069,2511
3465,2023-07-05 19:10:00,41.097,41.107,41.069,41.099,5431
3466,2023-07-05 19:05:00,41.072,41.097,41.064,41.084,11064
3467,2023-07-05 19:00:00,41.037,41.077,41.029,41.069,14418
3468,2023-07-05 18:55:00,41.047,41.047,41.029,41.039,4441
3469,2023-07-05 18:50:00,41.047,41.057,41.029,41.039,4413
3470,2023-07-05 18:45:00,41.047,41.047,41.019,41.039,34468
3471,2023-07-05 18:40:00,41.048,41.067,41.04,41.054,353
3472,2023-07-05 18:35:00,41.057,41.057,41.029,41.039,2585
3473,2023-07-05 18:30:00,41.067,41.077,41.049,41.049,2848
3474,2023-07-05 18:25:00,41.067,41.077,41.049,41.059,6242
3475,2023-07-05 18:20:00,41.077,41.077,41.049,41.049,4002
3476,2023-07-05 18:15:00,41.077,41.087,41.039,41.069,12130
3477,2023-07-05 18:10:00,41.097,41.107,41.059,41.069,65444
3478,2023-07-05 18:05:00,41.097,41.107,41.079,41.079,7815
3479,2023-07-05 18:00:00,41.097,41.107,41.049,41.089,16132
3480,2023-07-05 17:55:00,41.107,41.107,41.089,41.099,939
3481,2023-07-05 17:50:00,41.107,41.107,41.079,41.089,2308
3482,2023-07-05 17:45:00,41.097,41.107,41.079,41.099,4873
3483,2023-07-05 17:40:00,41.107,41.107,41.079,41.088,1532
3484,2023-07-05 17:35:00,41.097,41.107,41.079,41.089,2750
3485,2023-07-05 17:30:00,41.097,41.107,41.079,41.089,2622
3486,2023-07-05 17:25:00,41.097,41.107,41.079,41.089,7422
3487,2023-07-05 17:20:00,41.097,41.097,41.079,41.089,406
3488,2023-07-05 17:15:00,41.082,41.097,41.069,41.079,4493
3489,2023-07-05 17:10:00,41.077,41.087,41.059,41.079,6566
3490,2023-07-05 17:05:00,41.062,41.077,41.049,41.069,3340
3491,2023-07-05 17:00:00,41.058,41.077,41.049,41.049,3377
3492,2023-07-05 16:55:00,41.085,41.087,41.049,41.069,25496
3493,2023-07-05 16:50:00,41.072,41.097,41.059,41.079,30621
3494,2023-07-05 16:45:00,41.057,41.077,41.039,41.069,22963
3495,2023-07-05 16:40:00,41.067,41.077,41.049,41.054,7217
3496,2023-07-05 16:35:00,41.077,41.097,41.054,41.064,56832
3497,2023-07-05 16:30:00,41.057,41.077,41.049,41.069,22005
3498,2023-07-05 16:25:00,41.057,41.067,41.049,41.059,19052
3499,2023-07-05 16:20:00,41.067,41.087,41.029,41.049,61322
3500,2023-07-05 16:15:00,41.107,41.107,41.049,41.069,34396
3501,2023-07-05 16:10:00,41.077,41.077,41.039,41.069,57225
3502,2023-07-05 16:05:00,41.107,41.117,41.049,41.069,54903
3503,2023-07-05 16:00:00,41.117,41.137,41.079,41.099,300826
3504,2023-07-05 15:55:00,41.157,41.187,41.089,41.099,1217036
3505,2023-07-05 15:50:00,41.326,41.326,41.144,41.149,883050
3506,2023-07-05 15:45:00,41.246,41.336,41.198,41.323,591943
3507,2023-07-05 15:40:00,41.266,41.326,41.228,41.244,514092
3508,2023-07-05 15:35:00,41.324,41.336,41.238,41.258,398589
3509,2023-07-05 15:30:00,41.326,41.366,41.288,41.308,748009
3510,2023-07-05 15:25:00,41.276,41.336,41.258,41.313,540535
3511,2023-07-05 15:20:00,41.266,41.316,41.228,41.278,442279
3512,2023-07-05 15:15:00,41.288,41.292,41.219,41.253,270587
3513,2023-07-05 15:10:00,41.223,41.297,41.179,41.279,381939
3514,2023-07-05 15:05:00,41.241,41.329,41.203,41.219,510546
3515,2023-07-05 15:00:00,41.236,41.267,41.208,41.234,325223
3516,2023-07-05 14:55:00,41.281,41.301,41.169,41.234,822378
3517,2023-07-05 14:50:00,41.276,41.316,41.248,41.273,621897
3518,2023-07-05 14:45:00,41.233,41.297,41.213,41.262,530059
3519,2023-07-05 14:40:00,41.181,41.247,41.149,41.224,605819
3520,2023-07-05 14:35:00,41.051,41.182,40.979,41.169,725754
3521,2023-07-05 14:30:00,40.987,41.067,40.979,41.049,488184
3522,2023-07-05 14:25:00,40.858,41.047,40.84,40.975,762964
3523,2023-07-05 14:20:00,40.977,41.003,40.823,40.86,1319626
3524,2023-07-05 14:15:00,41.176,41.177,40.92,40.979,1349146
3525,2023-07-05 14:10:00,41.251,41.262,41.159,41.175,403784
3526,2023-07-05 14:05:00,41.185,41.297,41.109,41.249,770392
3527,2023-07-05 14:00:00,41.206,41.346,41.139,41.179,1116675
3528,2023-07-05 13:55:00,41.186,41.217,41.139,41.19,231289
3529,2023-07-05 13:50:00,41.205,41.217,41.162,41.174,237306
3530,2023-07-05 13:45:00,41.137,41.217,41.119,41.189,313970
3531,2023-07-05 13:40:00,41.166,41.173,41.114,41.134,275598
3532,2023-07-05 13:35:00,41.127,41.167,41.059,41.149,415526
3533,2023-07-05 13:30:00,41.176,41.177,41.099,41.12,314147
3534,2023-07-05 13:25:00,41.267,41.276,41.124,41.168,746987
3535,2023-07-05 13:20:00,41.196,41.277,41.163,41.259,448970
3536,2023-07-05 13:15:00,41.216,41.242,41.149,41.189,402544
3537,2023-07-05 13:10:00,41.266,41.267,41.179,41.209,536641
3538,2023-07-05 13:05:00,41.196,41.277,41.179,41.253,459122
3539,2023-07-05 13:00:00,41.156,41.207,41.119,41.194,467427
3540,2023-07-05 12:55:00,41.071,41.177,41.059,41.144,396888
3541,2023-07-05 12:50:00,41.047,41.087,40.979,41.059,473186
3542,2023-07-05 12:45:00,41.057,41.057,40.949,41.049,398614
3543,2023-07-05 12:40:00,41.037,41.103,41.009,41.039,284337
3544,2023-07-05 12:35:00,41.105,41.147,40.969,41.029,1007364
3545,2023-07-05 12:30:00,41.206,41.247,41.07,41.093,731230
3546,2023-07-05 12:25:00,41.156,41.237,41.134,41.194,500519
3547,2023-07-05 12:20:00,41.181,41.182,41.049,41.144,506424
3548,2023-07-05 12:15:00,41.082,41.218,41.059,41.174,886750
3549,2023-07-05 12:10:00,41.047,41.087,40.989,41.069,411437
3550,2023-07-05 12:05:00,41.057,41.093,41.019,41.046,560099
3551,2023-07-05 12:00:00,41.05,41.067,40.931,41.044,960839
3552,2023-07-05 11:55:00,41.171,41.207,40.999,41.044,845497
3553,2023-07-05 11:50:00,41.271,41.272,41.139,41.159,522845
3554,2023-07-05 11:45:00,41.231,41.287,41.198,41.249,619894
3555,2023-07-05 11:40:00,41.122,41.237,41.099,41.222,519193
3556,2023-07-05 11:35:00,41.191,41.207,41.049,41.119,850280
3557,2023-07-05 11:30:00,41.132,41.257,41.099,41.183,891480
3558,2023-07-05 11:25:00,41.132,41.177,41.081,41.121,727041
3559,2023-07-05 11:20:00,41.236,41.242,41.119,41.119,1060897
3560,2023-07-05 11:15:00,41.365,41.376,41.173,41.234,1340211
3561,2023-07-05 11:10:00,41.455,41.496,41.288,41.358,912799
3562,2023-07-05 11:05:00,41.426,41.526,41.418,41.458,719614
3563,2023-07-05 11:00:00,41.555,41.565,41.412,41.418,827470
3564,2023-07-05 10:55:00,41.416,41.566,41.398,41.547,980766
3565,2023-07-05 10:50:00,41.455,41.506,41.338,41.407,1049624
3566,2023-07-05 10:45:00,41.495,41.556,41.348,41.453,1083595
3567,2023-07-05 10:40:00,41.635,41.665,40.578,41.488,1054836
3568,2023-07-05 10:35:00,41.575,41.695,41.567,41.627,1204888
3569,2023-07-05 10:30:00,41.525,41.622,41.517,41.557,818596
3570,2023-07-05 10:25:00,41.555,41.635,41.507,41.508,1322798
3571,2023-07-05 10:20:00,41.496,41.566,41.467,41.547,1168975
3572,2023-07-05 10:15:00,41.311,41.546,41.288,41.488,1917143
3573,2023-07-05 10:10:00,41.241,41.316,41.159,41.3,1232090
3574,2023-07-05 10:05:00,41.246,41.386,41.222,41.234,1063098
3575,2023-07-05 10:00:00,41.246,41.424,41.179,41.239,1502938
3576,2023-07-05 09:55:00,41.316,41.336,41.192,41.229,1234325
3577,2023-07-05 09:50:00,41.286,41.336,41.149,41.308,1663443
3578,2023-07-05 09:45:00,41.286,41.406,41.247,41.273,2195928
3579,2023-07-05 09:40:00,40.997,41.296,40.949,41.273,3126505
3580,2023-07-05 09:35:00,40.892,41.017,40.811,40.984,2188388
3581,2023-07-05 09:30:00,40.579,40.968,40.561,40.89,3161942
3582,2023-07-05 09:25:00,40.539,40.589,40.511,40.581,105552
3583,2023-07-05 09:20:00,40.547,40.579,40.501,40.541,198214
3584,2023-07-05 09:15:00,40.598,40.599,40.521,40.541,145698
3585,2023-07-05 09:10:00,40.509,40.599,40.491,40.591,136056
3586,2023-07-05 09:05:00,40.498,40.519,40.451,40.501,58585
3587,2023-07-05 09:00:00,40.499,40.519,40.471,40.491,50739
3588,2023-07-05 08:55:00,40.459,40.519,40.431,40.5,42263
3589,2023-07-05 08:50:00,40.499,40.509,40.461,40.461,30424
3590,2023-07-05 08:45:00,40.459,40.509,40.431,40.491,55872
3591,2023-07-05 08:40:00,40.389,40.469,40.381,40.451,39298
3592,2023-07-05 08:35:00,40.409,41.062,40.372,40.391,41525
3593,2023-07-05 08:30:00,40.429,40.439,40.391,40.402,45844
3594,2023-07-05 08:25:00,40.409,40.43,40.381,40.422,23274
3595,2023-07-05 08:20:00,40.389,40.42,40.362,40.402,41242
3596,2023-07-05 08:15:00,40.409,40.41,40.352,40.372,27306
3597,2023-07-05 08:10:00,40.379,40.42,40.332,40.412,44942
3598,2023-07-05 08:05:00,40.349,40.38,40.322,40.372,62102
3599,2023-07-05 08:00:00,40.569,40.998,40.29,40.342,313518
3600,2023-07-05 07:55:00,40.469,40.469,40.391,40.402,16554
3601,2023-07-05 07:50:00,40.479,40.489,40.431,40.461,44821
3602,2023-07-05 07:45:00,40.499,40.499,40.461,40.481,20013
3603,2023-07-05 07:40:00,40.499,40.529,40.471,40.491,19102
3604,2023-07-05 07:35:00,40.489,40.509,40.441,40.481,7975
3605,2023-07-05 07:30:00,40.469,40.509,40.441,40.491,13873
3606,2023-07-05 07:25:00,40.509,40.509,40.441,40.471,54338
3607,2023-07-05 07:20:00,40.549,40.559,40.511,40.511,10592
3608,2023-07-05 07:15:00,40.469,40.549,40.461,40.531,28341
3609,2023-07-05 07:10:00,40.509,40.509,40.461,40.471,24172
3610,2023-07-05 07:05:00,40.529,40.539,40.481,40.491,33288
3611,2023-07-05 07:00:00,40.569,40.589,40.521,40.531,49237
3612,2023-07-05 06:55:00,40.579,40.579,40.551,40.561,6233
3613,2023-07-05 06:50:00,40.539,40.589,40.521,40.561,6728
3614,2023-07-05 06:45:00,40.489,40.539,40.481,40.531,8647
3615,2023-07-05 06:40:00,40.489,40.509,40.461,40.471,25261
3616,2023-07-05 06:35:00,40.489,40.499,40.461,40.491,15665
3617,2023-07-05 06:30:00,40.459,40.509,40.441,40.481,9661
3618,2023-07-05 06:25:00,40.459,40.469,40.431,40.441,3956
3619,2023-07-05 06:20:00,40.439,40.459,40.421,40.451,6494
3620,2023-07-05 06:15:00,40.389,40.439,40.381,40.432,10899
3621,2023-07-05 06:10:00,40.349,40.39,40.342,40.372,2820
3622,2023-07-05 06:05:00,40.359,40.37,40.332,40.342,28335
3623,2023-07-05 06:00:00,40.379,40.39,40.352,40.352,7317
3624,2023-07-05 05:55:00,40.369,40.39,40.352,40.362,12109
3625,2023-07-05 05:50:00,40.379,40.38,40.342,40.362,27108
3626,2023-07-05 05:45:00,40.3,40.4,40.292,40.372,108487
3627,2023-07-05 05:40:00,40.329,40.34,40.272,40.302,30395
3628,2023-07-05 05:35:00,40.379,40.39,40.302,40.322,20251
3629,2023-07-05 05:30:00,40.389,40.42,40.322,40.372,28047
3630,2023-07-05 05:25:00,40.439,40.449,40.372,40.372,18810
3631,2023-07-05 05:20:00,40.509,40.529,40.411,40.412,33748
3632,2023-07-05 05:15:00,40.559,40.569,40.491,40.501,10661
3633,2023-07-05 05:10:00,40.569,40.599,40.531,40.551,11962
3634,2023-07-05 05:05:00,40.648,40.659,40.561,40.571,13606
3635,2023-07-05 05:00:00,40.618,40.659,40.591,40.641,8915
3636,2023-07-05 04:55:00,40.598,40.619,40.571,40.611,12187
3637,2023-07-05 04:50:00,40.638,40.649,40.601,40.601,12787
3638,2023-07-05 04:45:00,40.648,40.659,40.621,40.641,5389
3639,2023-07-05 04:40:00,40.638,40.659,40.621,40.651,17594
3640,2023-07-05 04:35:00,40.688,40.699,40.631,40.631,13607
3641,2023-07-05 04:30:00,40.708,40.738,40.67,40.671,16229
3642,2023-07-05 04:25:00,40.708,40.748,40.7,40.71,7991
3643,2023-07-05 04:20:00,40.748,40.768,40.71,40.71,15441
3644,2023-07-05 04:15:00,40.668,40.758,40.651,40.74,14896
3645,2023-07-05 04:10:00,40.728,40.738,40.66,40.661,10680
3646,2023-07-05 04:05:00,40.708,40.748,40.69,40.73,21241
3647,2023-07-05 04:00:00,40.658,40.998,40.601,40.701,108781
3648,2023-07-03 16:55:00,41.047,41.067,41.024,41.029,2419
3649,2023-07-03 16:50:00,41.057,41.057,41.024,41.039,2290
3650,2023-07-03 16:45:00,41.032,41.057,41.024,41.024,898
3651,2023-07-03 16:40:00,41.057,41.067,41.024,41.024,1665
3652,2023-07-03 16:35:00,41.032,41.077,41.024,41.059,1613
3653,2023-07-03 16:30:00,41.032,41.077,41.024,41.024,1260
3654,2023-07-03 16:25:00,41.037,41.067,41.024,41.049,1148
3655,2023-07-03 16:20:00,41.057,41.067,41.024,41.059,4650
3656,2023-07-03 16:15:00,41.067,41.067,41.024,41.049,184
3657,2023-07-03 16:10:00,41.057,41.067,41.024,41.049,3656
3658,2023-07-03 16:05:00,41.032,41.077,41.024,41.05,8555
3659,2023-07-03 16:00:00,41.067,41.077,41.024,41.024,756
3660,2023-07-03 15:55:00,41.057,41.067,41.024,41.059,5149
3661,2023-07-03 15:50:00,41.058,41.067,41.024,41.024,888
3662,2023-07-03 15:45:00,41.077,41.077,41.024,41.049,2087
3663,2023-07-03 15:40:00,41.067,41.137,41.05,41.069,2567
3664,2023-07-03 15:35:00,41.067,41.077,41.024,41.024,2351
3665,2023-07-03 15:30:00,41.057,41.087,41.049,41.079,11848
3666,2023-07-03 15:25:00,41.057,41.057,41.039,41.039,1647
3667,2023-07-03 15:20:00,41.057,41.057,41.039,41.039,3651
3668,2023-07-03 15:15:00,41.047,41.057,41.024,41.049,5696
3669,2023-07-03 15:10:00,41.047,41.057,41.019,41.039,3202
3670,2023-07-03 15:05:00,41.027,41.037,41.019,41.029,4944
3671,2023-07-03 15:00:00,41.037,41.037,41.019,41.029,7953
3672,2023-07-03 14:55:00,41.027,41.057,41.019,41.029,2790
3673,2023-07-03 14:50:00,41.057,41.057,41.009,41.014,678
3674,2023-07-03 14:45:00,41.037,41.057,40.989,41.019,8129
3675,2023-07-03 14:40:00,41.057,41.057,41.019,41.029,5476
3676,2023-07-03 14:35:00,41.037,41.057,41.009,41.049,7161
3677,2023-07-03 14:30:00,41.027,41.047,40.989,41.039,5893
3678,2023-07-03 14:25:00,41.027,41.032,40.989,41.019,31884
3679,2023-07-03 14:20:00,41.047,41.047,41.019,41.019,1746
3680,2023-07-03 14:15:00,41.018,41.057,41.009,41.049,7593
3681,2023-07-03 14:10:00,41.047,41.057,41.009,41.009,2011
3682,2023-07-03 14:05:00,41.027,41.057,41.009,41.039,7750
3683,2023-07-03 14:00:00,41.037,41.047,41.009,41.009,6397
3684,2023-07-03 13:55:00,41.017,41.037,41.009,41.019,5645
3685,2023-07-03 13:50:00,41.037,41.087,41.009,41.029,17676
3686,2023-07-03 13:45:00,41.042,41.047,41.019,41.019,6146
3687,2023-07-03 13:40:00,41.047,41.057,41.029,41.034,8931
3688,2023-07-03 13:35:00,41.027,41.057,41.019,41.029,16351
3689,2023-07-03 13:30:00,41.047,41.047,41.019,41.029,23695
3690,2023-07-03 13:25:00,41.056,41.067,41.029,41.029,9896
3691,2023-07-03 13:20:00,41.047,41.067,41.039,41.049,14702
3692,2023-07-03 13:15:00,41.137,41.137,41.039,41.049,44612
3693,2023-07-03 13:10:00,41.067,41.137,41.039,41.059,45354
3694,2023-07-03 13:05:00,41.087,41.107,41.039,41.059,105794
3695,2023-07-03 13:00:00,41.147,41.157,41.019,41.079,413111
3696,2023-07-03 12:55:00,41.057,41.167,41.049,41.143,1437215
3697,2023-07-03 12:50:00,41.027,41.057,40.969,41.049,589809
3698,2023-07-03 12:45:00,41.007,41.057,40.979,41.025,679553
3699,2023-07-03 12:40:00,40.972,41.037,40.964,41.004,537286
3700,2023-07-03 12:35:00,40.975,40.988,40.93,40.97,401332
3701,2023-07-03 12:30:00,40.952,41.008,40.92,40.965,613980
3702,2023-07-03 12:25:00,40.942,40.997,40.91,40.945,587635
3703,2023-07-03 12:20:00,40.927,40.958,40.9,40.93,516600
3704,2023-07-03 12:15:00,40.858,40.928,40.82,40.918,390336
3705,2023-07-03 12:10:00,40.778,40.868,40.762,40.85,411888
3706,2023-07-03 12:05:00,40.818,40.838,40.76,40.77,293409
3707,2023-07-03 12:00:00,40.807,40.838,40.77,40.805,307164
3708,2023-07-03 11:55:00,40.835,40.838,40.75,40.8,342932
3709,2023-07-03 11:50:00,40.818,40.838,40.759,40.826,344037
3710,2023-07-03 11:45:00,40.758,40.817,40.71,40.809,320999
3711,2023-07-03 11:40:00,40.753,40.818,40.69,40.75,563802
3712,2023-07-03 11:35:00,40.808,40.808,40.71,40.746,437921
3713,2023-07-03 11:30:00,40.808,40.843,40.72,40.802,501738
3714,2023-07-03 11:25:00,40.878,40.884,40.72,40.8,520129
3715,2023-07-03 11:20:00,40.853,40.888,40.82,40.872,350875
3716,2023-07-03 11:15:00,40.838,40.908,40.77,40.84,744754
3717,2023-07-03 11:10:00,40.798,40.858,40.75,40.84,481788
3718,2023-07-03 11:05:00,40.728,40.834,40.7,40.78,593973
3719,2023-07-03 11:00:00,40.758,40.798,40.7,40.73,685605
3720,2023-07-03 10:55:00,40.882,40.906,40.71,40.749,853380
3721,2023-07-03 10:50:00,40.848,40.898,40.78,40.88,962836
3722,2023-07-03 10:45:00,40.838,40.848,40.74,40.84,771113
3723,2023-07-03 10:40:00,40.828,40.854,40.73,40.83,916221
3724,2023-07-03 10:35:00,40.978,41.008,40.82,40.825,1436582
3725,2023-07-03 10:30:00,41.067,41.106,40.89,40.979,1330093
3726,2023-07-03 10:25:00,41.166,41.187,41.049,41.064,848413
3727,2023-07-03 10:20:00,41.075,41.177,40.979,41.169,1053713
3728,2023-07-03 10:15:00,41.117,41.147,41.039,41.069,789203
3729,2023-07-03 10:10:00,41.196,41.217,41.071,41.114,825645
3730,2023-07-03 10:05:00,41.186,41.232,41.069,41.189,1241555
3731,2023-07-03 10:00:00,41.206,41.326,41.139,41.181,1711515
3732,2023-07-03 09:55:00,41.201,41.247,41.049,41.199,1473226
3733,2023-07-03 09:50:00,41.246,41.346,41.179,41.189,1706268
3734,2023-07-03 09:45:00,41.216,41.297,41.089,41.248,1480478
3735,2023-07-03 09:40:00,41.087,41.227,41.079,41.204,1579261
3736,2023-07-03 09:35:00,41.117,41.157,40.92,41.072,1813301
3737,2023-07-03 09:30:00,41.057,41.177,40.959,41.104,2554222
3738,2023-07-03 09:25:00,41.057,41.097,40.989,41.059,182604
3739,2023-07-03 09:20:00,41.027,41.077,40.999,41.059,157266
3740,2023-07-03 09:15:00,41.057,41.067,40.979,41.019,95811
3741,2023-07-03 09:10:00,41.107,41.107,41.029,41.049,85509
3742,2023-07-03 09:05:00,41.065,41.107,41.038,41.099,62771
3743,2023-07-03 09:00:00,41.047,41.077,40.999,41.058,51147
3744,2023-07-03 08:55:00,41.057,41.097,41.019,41.029,79700
3745,2023-07-03 08:50:00,41.007,41.057,40.969,41.049,59610
3746,2023-07-03 08:45:00,40.957,41.008,40.949,40.989,50548
3747,2023-07-03 08:40:00,40.967,40.998,40.939,40.95,76598
3748,2023-07-03 08:35:00,40.966,40.978,40.9,40.96,123550
3749,2023-07-03 08:30:00,41.017,41.017,40.92,40.95,87488
3750,2023-07-03 08:25:00,41.007,41.027,40.979,40.999,56011
3751,2023-07-03 08:20:00,40.927,41.017,40.91,40.999,95800
3752,2023-07-03 08:15:00,40.907,40.938,40.88,40.92,37940
3753,2023-07-03 08:10:00,40.927,40.958,40.9,40.9,45850
3754,2023-07-03 08:05:00,40.947,40.958,40.9,40.92,62098
3755,2023-07-03 08:00:00,40.937,41.375,40.9,40.94,460535
3756,2023-07-03 07:55:00,40.957,40.978,40.929,40.93,21620
3757,2023-07-03 07:50:00,40.997,40.998,40.939,40.95,32794
3758,2023-07-03 07:45:00,40.997,41.008,40.969,40.989,16793
3759,2023-07-03 07:40:00,41.027,41.027,40.969,40.979,27883
3760,2023-07-03 07:35:00,41.017,41.057,40.999,41.019,38962
3761,2023-07-03 07:30:00,41.067,41.077,40.999,41.009,25913
3762,2023-07-03 07:25:00,41.097,41.117,41.059,41.059,29580
3763,2023-07-03 07:20:00,41.067,41.107,41.049,41.089,48159
3764,2023-07-03 07:15:00,41.087,41.097,41.039,41.069,92028
3765,2023-07-03 07:10:00,41.107,41.117,41.049,41.079,33280
3766,2023-07-03 07:05:00,41.157,41.157,41.089,41.099,13886
3767,2023-07-03 07:00:00,41.147,41.177,41.099,41.149,77619
3768,2023-07-03 06:55:00,41.216,41.227,41.139,41.139,15797
3769,2023-07-03 06:50:00,41.206,41.227,41.179,41.209,9269
3770,2023-07-03 06:45:00,41.196,41.207,41.139,41.199,7597
3771,2023-07-03 06:40:00,41.206,41.227,41.189,41.199,4770
3772,2023-07-03 06:35:00,41.236,41.247,41.189,41.189,24025
3773,2023-07-03 06:30:00,41.226,41.247,41.198,41.229,7010
3774,2023-07-03 06:25:00,41.186,41.237,41.169,41.229,5969
3775,2023-07-03 06:20:00,41.137,41.207,41.119,41.179,14349
3776,2023-07-03 06:15:00,41.087,41.167,41.079,41.129,23237
3777,2023-07-03 06:10:00,41.166,41.167,41.069,41.079,18391
3778,2023-07-03 06:05:00,41.186,41.187,40.999,41.159,57465
3779,2023-07-03 06:00:00,41.226,41.257,41.189,41.189,21497
3780,2023-07-03 05:55:00,41.216,41.227,41.198,41.219,7033
3781,2023-07-03 05:50:00,41.236,41.237,41.198,41.219,9779
3782,2023-07-03 05:45:00,41.216,41.227,41.198,41.219,6158
3783,2023-07-03 05:40:00,41.226,41.227,41.198,41.199,24272
3784,2023-07-03 05:35:00,41.226,41.247,41.208,41.219,71099
3785,2023-07-03 05:30:00,41.266,41.267,41.208,41.219,13701
3786,2023-07-03 05:25:00,41.256,41.267,41.238,41.249,6106
3787,2023-07-03 05:20:00,41.246,41.257,41.218,41.249,14270
3788,2023-07-03 05:15:00,41.276,41.287,41.238,41.239,12550
3789,2023-07-03 05:10:00,41.266,41.287,41.248,41.258,14952
3790,2023-07-03 05:05:00,41.286,41.297,41.248,41.268,5197
3791,2023-07-03 05:00:00,41.306,41.306,41.258,41.278,33080
3792,2023-07-03 04:55:00,41.326,41.326,41.278,41.298,7452
3793,2023-07-03 04:50:00,41.346,41.356,41.308,41.318,13115
3794,2023-07-03 04:45:00,41.356,41.376,41.328,41.328,31688
3795,2023-07-03 04:40:00,41.306,41.356,41.288,41.348,20763
3796,2023-07-03 04:35:00,41.296,41.316,41.268,41.298,13619
3797,2023-07-03 04:30:00,41.266,41.316,41.238,41.288,24376
3798,2023-07-03 04:25:00,41.246,41.277,41.228,41.258,30805
3799,2023-07-03 04:20:00,41.286,41.297,41.238,41.249,148660
3800,2023-07-03 04:15:00,41.296,41.306,41.228,41.278,21974
3801,2023-07-03 04:10:00,41.256,41.326,41.248,41.288,31357
3802,2023-07-03 04:05:00,41.236,41.277,41.218,41.249,24291
3803,2023-07-03 04:00:00,41.107,41.257,40.85,41.219,120165
