,timestamp,open,high,low,close,volume
0,2023-10-31 19:55:00,32.55,32.56,32.53,32.55,30306
1,2023-10-31 19:50:00,32.51,32.55,32.51,32.55,9681
2,2023-10-31 19:45:00,32.55,32.55,32.51,32.52,5258
3,2023-10-31 19:40:00,32.52,32.54,32.52,32.54,4427
4,2023-10-31 19:35:00,32.53,32.54,32.51,32.53,11279
5,2023-10-31 19:30:00,32.55,32.55,32.52,32.53,17438
6,2023-10-31 19:25:00,32.55,32.55,32.53,32.54,10607
7,2023-10-31 19:20:00,32.55,32.55,32.53,32.55,3190
8,2023-10-31 19:15:00,32.52,32.54,32.51,32.54,5012
9,2023-10-31 19:10:00,32.54,32.54,32.52,32.53,13283
10,2023-10-31 19:05:00,32.5,32.56,32.5,32.54,24334
11,2023-10-31 19:00:00,32.61,32.63,32.5,32.5,31627
12,2023-10-31 18:55:00,32.62,32.62,32.61,32.61,9931
13,2023-10-31 18:50:00,32.61,32.62,32.61,32.61,8547
14,2023-10-31 18:45:00,32.61,32.63,32.6,32.61,2798
15,2023-10-31 18:40:00,32.58,32.62,32.58,32.61,10214
16,2023-10-31 18:35:00,32.57,32.59,32.56,32.58,11650
17,2023-10-31 18:30:00,32.57,32.6,32.57,32.57,11718
18,2023-10-31 18:25:00,32.55,32.58,32.544,32.57,7305
19,2023-10-31 18:20:00,32.58,32.58,32.55,32.56,3417
20,2023-10-31 18:15:00,32.57,32.58,32.57,32.58,25900
21,2023-10-31 18:10:00,32.59,32.59,32.56,32.57,2635
22,2023-10-31 18:05:00,32.59,32.6,32.56,32.59,22527
23,2023-10-31 18:00:00,32.6,32.7,32.6,32.61,29969
24,2023-10-31 17:55:00,32.61,32.62,32.58,32.59,13920
25,2023-10-31 17:50:00,32.63,32.64,32.61,32.61,6994
26,2023-10-31 17:45:00,32.62,32.65,32.62,32.64,11448
27,2023-10-31 17:40:00,32.63,32.65,32.61,32.62,4436
28,2023-10-31 17:35:00,32.63,32.64,32.62,32.62,3074
29,2023-10-31 17:30:00,32.61,32.64,32.61,32.625,10821
30,2023-10-31 17:25:00,32.6,32.61,32.58,32.61,12665
31,2023-10-31 17:20:00,32.58,32.6,32.56,32.6,10093
32,2023-10-31 17:15:00,32.62,32.63,32.56,32.59,20400
33,2023-10-31 17:10:00,32.6,32.65,32.53,32.61,26306
34,2023-10-31 17:05:00,32.53,32.6,32.53,32.57,10218
35,2023-10-31 17:00:00,32.53,32.54,32.53,32.54,19520
36,2023-10-31 16:55:00,32.53,32.54,32.52,32.54,22867
37,2023-10-31 16:50:00,32.51,32.53,32.49,32.52,37915
38,2023-10-31 16:45:00,32.51,32.52,32.49,32.51,41743
39,2023-10-31 16:40:00,32.52,32.53,32.5,32.51,14425
40,2023-10-31 16:35:00,32.51,32.53,32.5,32.52,14776
41,2023-10-31 16:30:00,32.53,32.54,32.47,32.52,68153
42,2023-10-31 16:25:00,32.53,32.55,32.52,32.52,33624
43,2023-10-31 16:20:00,32.52,32.55,32.5,32.52,151516
44,2023-10-31 16:15:00,32.78,32.78,32.52,32.53,203098
45,2023-10-31 16:10:00,32.66,32.68,32.64,32.66,74111
46,2023-10-31 16:05:00,32.67,32.7,32.67,32.67,38393
47,2023-10-31 16:00:00,32.79,32.8,32.635,32.67,501636
48,2023-10-31 15:55:00,32.77,32.86,32.74,32.79,2163350
49,2023-10-31 15:50:00,32.74,32.78,32.66,32.77,1900207
50,2023-10-31 15:45:00,32.745,32.76,32.681,32.735,1006135
51,2023-10-31 15:40:00,32.69,32.75,32.655,32.75,1095292
52,2023-10-31 15:35:00,32.74,32.769,32.68,32.685,841294
53,2023-10-31 15:30:00,32.77,32.77,32.69,32.74,594122
54,2023-10-31 15:25:00,32.72,32.78,32.705,32.77,633087
55,2023-10-31 15:20:00,32.83,32.845,32.69,32.715,889579
56,2023-10-31 15:15:00,32.816,32.85,32.78,32.823,1534540
57,2023-10-31 15:10:00,32.842,32.88,32.801,32.816,847898
58,2023-10-31 15:05:00,32.86,32.87,32.76,32.84,942122
59,2023-10-31 15:00:00,32.76,32.885,32.745,32.861,1559266
60,2023-10-31 14:55:00,32.685,32.79,32.68,32.75,899704
61,2023-10-31 14:50:00,32.7,32.74,32.66,32.69,640512
62,2023-10-31 14:45:00,32.65,32.766,32.6,32.695,1115524
63,2023-10-31 14:40:00,32.56,32.68,32.547,32.655,1129350
64,2023-10-31 14:35:00,32.557,32.605,32.51,32.56,605241
65,2023-10-31 14:30:00,32.48,32.6,32.47,32.56,940028
66,2023-10-31 14:25:00,32.56,32.56,32.47,32.475,1100957
67,2023-10-31 14:20:00,32.6,32.64,32.525,32.564,902633
68,2023-10-31 14:15:00,32.64,32.69,32.57,32.595,905317
69,2023-10-31 14:10:00,32.68,32.72,32.63,32.635,978736
70,2023-10-31 14:05:00,32.724,32.74,32.665,32.68,588515
71,2023-10-31 14:00:00,32.715,32.78,32.68,32.725,969103
72,2023-10-31 13:55:00,32.71,32.75,32.66,32.71,1065056
73,2023-10-31 13:50:00,32.575,32.73,32.55,32.705,1170624
74,2023-10-31 13:45:00,32.62,32.625,32.55,32.58,700768
75,2023-10-31 13:40:00,32.525,32.7,32.475,32.622,1655516
76,2023-10-31 13:35:00,32.52,32.55,32.435,32.524,1054997
77,2023-10-31 13:30:00,32.4,32.54,32.4,32.525,1193362
78,2023-10-31 13:25:00,32.41,32.437,32.32,32.41,803333
79,2023-10-31 13:20:00,32.41,32.49,32.38,32.41,615379
80,2023-10-31 13:15:00,32.39,32.46,32.38,32.4,689798
81,2023-10-31 13:10:00,32.48,32.485,32.28,32.38,1257111
82,2023-10-31 13:05:00,32.41,32.5,32.41,32.483,1089551
83,2023-10-31 13:00:00,32.435,32.485,32.386,32.4,1071473
84,2023-10-31 12:55:00,32.35,32.46,32.335,32.431,907027
85,2023-10-31 12:50:00,32.43,32.44,32.315,32.356,1018291
86,2023-10-31 12:45:00,32.38,32.44,32.35,32.43,1015084
87,2023-10-31 12:40:00,32.35,32.46,32.27,32.376,1630316
88,2023-10-31 12:35:00,32.27,32.36,32.01,32.345,1891220
89,2023-10-31 12:30:00,32.17,32.36,32.16,32.271,1693190
90,2023-10-31 12:25:00,32.095,32.19,32.06,32.18,746333
91,2023-10-31 12:20:00,32.035,32.12,32.0,32.095,670078
92,2023-10-31 12:15:00,32.04,32.098,31.985,32.03,997769
93,2023-10-31 12:10:00,32.229,32.25,32.02,32.031,862743
94,2023-10-31 12:05:00,32.16,32.23,32.12,32.22,646865
95,2023-10-31 12:00:00,32.29,32.3,32.15,32.16,1274739
96,2023-10-31 11:55:00,32.06,32.29,32.054,32.29,1723920
97,2023-10-31 11:50:00,32.03,32.11,31.99,32.05,955210
98,2023-10-31 11:45:00,32.07,32.085,31.97,32.035,1036533
99,2023-10-31 11:40:00,32.182,32.22,31.99,32.07,956524
100,2023-10-31 11:35:00,32.235,32.27,32.1,32.18,768365
101,2023-10-31 11:30:00,32.06,32.25,32.0,32.24,1315434
102,2023-10-31 11:25:00,32.145,32.26,32.03,32.055,1541891
103,2023-10-31 11:20:00,32.27,32.29,32.095,32.145,1221417
104,2023-10-31 11:15:00,32.31,32.31,32.14,32.264,1287637
105,2023-10-31 11:10:00,32.33,32.34,32.185,32.31,1109598
106,2023-10-31 11:05:00,32.31,32.35,32.25,32.33,923348
107,2023-10-31 11:00:00,32.31,32.42,32.26,32.302,1587025
108,2023-10-31 10:55:00,32.38,32.41,32.22,32.305,1945227
109,2023-10-31 10:50:00,32.155,32.4,32.155,32.376,1481513
110,2023-10-31 10:45:00,32.25,32.32,32.12,32.155,1678733
111,2023-10-31 10:40:00,31.86,32.28,31.82,32.251,2348410
112,2023-10-31 10:35:00,32.07,32.07,31.85,31.864,2189478
113,2023-10-31 10:30:00,32.17,32.24,32.07,32.074,1292955
114,2023-10-31 10:25:00,32.18,32.22,32.07,32.17,1576395
115,2023-10-31 10:20:00,32.15,32.3,32.13,32.18,1469353
116,2023-10-31 10:15:00,32.1,32.24,32.09,32.15,2049517
117,2023-10-31 10:10:00,32.0,32.23,31.98,32.09,3715978
118,2023-10-31 10:05:00,31.72,32.0,31.673,31.99,2443824
119,2023-10-31 10:00:00,31.79,31.84,31.673,31.73,1771432
120,2023-10-31 09:55:00,31.76,31.84,31.67,31.79,1515103
121,2023-10-31 09:50:00,31.84,31.86,31.599,31.755,2787860
122,2023-10-31 09:45:00,31.74,31.9,31.73,31.845,2425862
123,2023-10-31 09:40:00,31.85,31.865,31.71,31.74,2286188
124,2023-10-31 09:35:00,32.05,32.05,31.7,31.85,3271763
125,2023-10-31 09:30:00,32.32,32.39,32.015,32.045,3262348
126,2023-10-31 09:25:00,32.15,32.33,32.15,32.32,303629
127,2023-10-31 09:20:00,32.22,32.22,32.15,32.15,140371
128,2023-10-31 09:15:00,32.25,32.252,32.15,32.22,322970
129,2023-10-31 09:10:00,32.3,32.32,32.24,32.25,254771
130,2023-10-31 09:05:00,32.34,32.4,32.29,32.3,95153
131,2023-10-31 09:00:00,32.28,32.37,32.27,32.35,105406
132,2023-10-31 08:55:00,32.37,32.39,32.26,32.28,146100
133,2023-10-31 08:50:00,32.35,32.37,32.3,32.37,87835
134,2023-10-31 08:45:00,32.26,32.37,32.26,32.35,139639
135,2023-10-31 08:40:00,32.27,32.31,32.212,32.26,208970
136,2023-10-31 08:35:00,32.37,32.4,32.24,32.27,370049
137,2023-10-31 08:30:00,32.53,32.53,32.36,32.38,376703
138,2023-10-31 08:25:00,32.53,32.55,32.5,32.5,98986
139,2023-10-31 08:20:00,32.5,32.55,32.48,32.522,66319
140,2023-10-31 08:15:00,32.47,32.51,32.46,32.51,114274
141,2023-10-31 08:10:00,32.43,32.48,32.42,32.47,53833
142,2023-10-31 08:05:00,32.39,32.44,32.39,32.42,50186
143,2023-10-31 08:00:00,32.35,32.51,31.68,32.4,579689
144,2023-10-31 07:55:00,32.42,32.42,32.38,32.38,20888
145,2023-10-31 07:50:00,32.39,32.44,32.36,32.43,20762
146,2023-10-31 07:45:00,32.37,32.41,32.35,32.39,62190
147,2023-10-31 07:40:00,32.41,32.44,32.35,32.37,25638
148,2023-10-31 07:35:00,32.46,32.48,32.4,32.42,26274
149,2023-10-31 07:30:00,32.47,32.49,32.42,32.46,23776
150,2023-10-31 07:25:00,32.48,32.49,32.44,32.47,23412
151,2023-10-31 07:20:00,32.48,32.51,32.45,32.48,51915
152,2023-10-31 07:15:00,32.46,32.49,32.42,32.48,27999
153,2023-10-31 07:10:00,32.37,32.47,32.37,32.46,31763
154,2023-10-31 07:05:00,32.39,32.39,32.34,32.36,30531
155,2023-10-31 07:00:00,32.36,32.41,32.33,32.38,36767
156,2023-10-31 06:55:00,32.34,32.37,32.33,32.36,13180
157,2023-10-31 06:50:00,32.39,32.39,32.34,32.34,8425
158,2023-10-31 06:45:00,32.32,32.39,32.32,32.39,5018
159,2023-10-31 06:40:00,32.36,32.36,32.3,32.32,33791
160,2023-10-31 06:35:00,32.4,32.4,32.35,32.37,14598
161,2023-10-31 06:30:00,32.34,32.4,32.34,32.37,13546
162,2023-10-31 06:25:00,32.41,32.41,32.34,32.34,9555
163,2023-10-31 06:20:00,32.43,32.45,32.4,32.4,35764
164,2023-10-31 06:15:00,32.36,32.43,32.31,32.43,21258
165,2023-10-31 06:10:00,32.29,32.37,32.27,32.35,19316
166,2023-10-31 06:05:00,32.35,32.36,32.29,32.29,54440
167,2023-10-31 06:00:00,32.3,32.37,32.27,32.36,26789
168,2023-10-31 05:55:00,32.24,32.32,32.23,32.3,29407
169,2023-10-31 05:50:00,32.29,32.29,32.23,32.23,118269
170,2023-10-31 05:45:00,32.27,32.3,32.27,32.28,16299
171,2023-10-31 05:40:00,32.25,32.29,32.22,32.28,19934
172,2023-10-31 05:35:00,32.22,32.24,32.18,32.24,22024
173,2023-10-31 05:30:00,32.09,32.22,32.08,32.22,54919
174,2023-10-31 05:25:00,32.12,32.14,32.06,32.09,107922
175,2023-10-31 05:20:00,32.2,32.2,32.12,32.12,36683
176,2023-10-31 05:15:00,32.21,32.22,32.17,32.21,44642
177,2023-10-31 05:10:00,32.17,32.23,32.17,32.2,38138
178,2023-10-31 05:05:00,32.25,32.25,32.16,32.17,37491
179,2023-10-31 05:00:00,32.29,32.3,32.24,32.25,40650
180,2023-10-31 04:55:00,32.3,32.31,32.26,32.3,17959
181,2023-10-31 04:50:00,32.23,32.31,32.23,32.29,31859
182,2023-10-31 04:45:00,32.2,32.25,32.18,32.22,59268
183,2023-10-31 04:40:00,32.12,32.2,32.12,32.2,41121
184,2023-10-31 04:35:00,32.05,32.14,32.04,32.13,45532
185,2023-10-31 04:30:00,32.02,32.06,32.01,32.05,27723
186,2023-10-31 04:25:00,32.0,32.04,31.96,32.02,67603
187,2023-10-31 04:20:00,31.96,32.02,31.95,32.01,20093
188,2023-10-31 04:15:00,31.96,31.99,31.93,31.95,20070
189,2023-10-31 04:10:00,31.87,31.97,31.86,31.97,34496
190,2023-10-31 04:05:00,31.84,31.88,31.82,31.87,157349
191,2023-10-31 04:00:00,31.86,32.08,31.83,31.83,216415
192,2023-10-30 19:55:00,32.22,32.22,32.17,32.17,106120
193,2023-10-30 19:50:00,32.21,32.23,32.21,32.22,19213
194,2023-10-30 19:45:00,32.25,32.25,32.21,32.21,14706
195,2023-10-30 19:40:00,32.25,32.25,32.23,32.24,16288
196,2023-10-30 19:35:00,32.24,32.24,32.23,32.24,16564
197,2023-10-30 19:30:00,32.23,32.24,32.22,32.23,4381
198,2023-10-30 19:25:00,32.23,32.24,32.21,32.23,14733
199,2023-10-30 19:20:00,32.23,32.25,32.23,32.24,17727
200,2023-10-30 19:15:00,32.24,32.25,32.23,32.24,5901
201,2023-10-30 19:10:00,32.25,32.26,32.24,32.25,3568
202,2023-10-30 19:05:00,32.21,32.26,32.205,32.26,18147
203,2023-10-30 19:00:00,32.23,32.25,32.22,32.22,27174
204,2023-10-30 18:55:00,32.26,32.26,32.23,32.23,2950
205,2023-10-30 18:50:00,32.25,32.26,32.25,32.26,29026
206,2023-10-30 18:45:00,32.27,32.28,32.25,32.26,16314
207,2023-10-30 18:40:00,32.24,32.28,32.24,32.27,21056
208,2023-10-30 18:35:00,32.26,32.27,32.23,32.24,12399
209,2023-10-30 18:30:00,32.26,32.27,32.25,32.25,16112
210,2023-10-30 18:25:00,32.24,32.26,32.24,32.25,13736
211,2023-10-30 18:20:00,32.24,32.25,32.23,32.24,8337
212,2023-10-30 18:15:00,32.21,32.25,32.21,32.24,8182
213,2023-10-30 18:10:00,32.24,32.24,32.21,32.22,65217
214,2023-10-30 18:05:00,32.29,32.29,32.23,32.24,18665
215,2023-10-30 18:00:00,32.25,32.3,32.24,32.29,17901
216,2023-10-30 17:55:00,32.27,32.27,32.25,32.25,7919
217,2023-10-30 17:50:00,32.26,32.27,32.26,32.27,3640
218,2023-10-30 17:45:00,32.26,32.27,32.25,32.27,5397
219,2023-10-30 17:40:00,32.27,32.27,32.24,32.26,5943
220,2023-10-30 17:35:00,32.24,32.27,32.23,32.27,13907
221,2023-10-30 17:30:00,32.24,32.25,32.24,32.24,942
222,2023-10-30 17:25:00,32.24,32.25,32.22,32.24,8399
223,2023-10-30 17:20:00,32.23,32.248,32.22,32.248,28105
224,2023-10-30 17:15:00,32.25,32.25,32.24,32.24,18007
225,2023-10-30 17:10:00,32.25,32.25,32.24,32.25,8409
226,2023-10-30 17:05:00,32.26,32.27,32.24,32.25,30126
227,2023-10-30 17:00:00,32.27,32.28,32.26,32.27,8489
228,2023-10-30 16:55:00,32.28,32.28,32.25,32.26,13371
229,2023-10-30 16:50:00,32.23,32.27,32.23,32.27,22443
230,2023-10-30 16:45:00,32.23,32.24,32.21,32.24,95639
231,2023-10-30 16:40:00,32.23,32.25,32.23,32.23,30749
232,2023-10-30 16:35:00,32.25,32.25,32.23,32.231,65262
233,2023-10-30 16:30:00,32.24,32.26,32.24,32.25,27395
234,2023-10-30 16:25:00,32.26,32.27,32.24,32.26,66211
235,2023-10-30 16:20:00,32.3,32.3,32.26,32.26,79345
236,2023-10-30 16:15:00,32.31,32.32,32.28,32.29,64148
237,2023-10-30 16:10:00,32.29,32.32,32.28,32.31,119319
238,2023-10-30 16:05:00,32.24,32.3,32.23,32.29,103162
239,2023-10-30 16:00:00,32.32,32.33,32.21,32.24,1012309
240,2023-10-30 15:55:00,32.39,32.42,32.27,32.314,2393978
241,2023-10-30 15:50:00,32.43,32.449,32.34,32.39,1796057
242,2023-10-30 15:45:00,32.45,32.46,32.38,32.43,842877
243,2023-10-30 15:40:00,32.51,32.52,32.41,32.45,1131603
244,2023-10-30 15:35:00,32.495,32.55,32.46,32.5,811183
245,2023-10-30 15:30:00,32.505,32.55,32.473,32.497,921273
246,2023-10-30 15:25:00,32.65,32.66,32.49,32.5,1464956
247,2023-10-30 15:20:00,32.5,32.66,32.47,32.656,1643169
248,2023-10-30 15:15:00,32.48,32.51,32.43,32.505,745496
249,2023-10-30 15:10:00,32.436,32.49,32.373,32.475,937547
250,2023-10-30 15:05:00,32.445,32.53,32.41,32.435,1132986
251,2023-10-30 15:00:00,32.425,32.55,32.32,32.45,2249916
252,2023-10-30 14:55:00,32.43,32.46,32.365,32.43,630482
253,2023-10-30 14:50:00,32.49,32.525,32.38,32.44,1243401
254,2023-10-30 14:45:00,32.45,32.5,32.42,32.494,1128672
255,2023-10-30 14:40:00,32.39,32.46,32.35,32.44,861576
256,2023-10-30 14:35:00,32.315,32.455,32.3,32.385,1361701
257,2023-10-30 14:30:00,32.229,32.34,32.225,32.31,583565
258,2023-10-30 14:25:00,32.28,32.305,32.213,32.224,675509
259,2023-10-30 14:20:00,32.24,32.32,32.195,32.28,784664
260,2023-10-30 14:15:00,32.26,32.28,32.18,32.25,1127838
261,2023-10-30 14:10:00,32.307,32.37,32.25,32.26,736816
262,2023-10-30 14:05:00,32.38,32.386,32.25,32.3,1031727
263,2023-10-30 14:00:00,32.36,32.38,32.3,32.376,714376
264,2023-10-30 13:55:00,32.34,32.38,32.27,32.36,1076090
265,2023-10-30 13:50:00,32.24,32.36,32.21,32.34,1590551
266,2023-10-30 13:45:00,32.181,32.25,32.14,32.24,886164
267,2023-10-30 13:40:00,32.119,32.21,32.11,32.184,952975
268,2023-10-30 13:35:00,32.14,32.17,32.055,32.12,1109624
269,2023-10-30 13:30:00,32.18,32.29,32.13,32.142,1825505
270,2023-10-30 13:25:00,31.99,32.216,31.96,32.173,2482788
271,2023-10-30 13:20:00,31.79,32.0,31.74,31.994,1339178
272,2023-10-30 13:15:00,31.76,31.84,31.75,31.79,825769
273,2023-10-30 13:10:00,31.82,31.85,31.72,31.75,773098
274,2023-10-30 13:05:00,31.76,31.84,31.75,31.819,1109666
275,2023-10-30 13:00:00,31.73,31.79,31.67,31.763,1053026
276,2023-10-30 12:55:00,31.67,31.735,31.6,31.73,1321956
277,2023-10-30 12:50:00,31.75,31.815,31.65,31.667,1242979
278,2023-10-30 12:45:00,31.69,31.76,31.6,31.76,1466526
279,2023-10-30 12:40:00,31.845,31.875,31.66,31.69,1345690
280,2023-10-30 12:35:00,31.93,32.0,31.84,31.844,970418
281,2023-10-30 12:30:00,31.84,31.95,31.821,31.925,818010
282,2023-10-30 12:25:00,31.89,31.94,31.82,31.842,1044532
283,2023-10-30 12:20:00,31.96,31.97,31.85,31.883,1143371
284,2023-10-30 12:15:00,32.1,32.17,31.925,31.955,1325616
285,2023-10-30 12:10:00,32.042,32.165,32.03,32.11,1173289
286,2023-10-30 12:05:00,32.14,32.15,31.97,32.04,1206200
287,2023-10-30 12:00:00,32.15,32.18,32.08,32.14,1428200
288,2023-10-30 11:55:00,32.071,32.17,32.02,32.154,1107046
289,2023-10-30 11:50:00,31.935,32.1,31.9,32.075,1435594
290,2023-10-30 11:45:00,31.894,31.95,31.855,31.93,1091722
291,2023-10-30 11:40:00,31.81,31.91,31.76,31.9,1611214
292,2023-10-30 11:35:00,31.945,32.06,31.815,31.815,1878620
293,2023-10-30 11:30:00,31.8,31.95,31.78,31.945,2294277
294,2023-10-30 11:25:00,31.74,31.81,31.69,31.797,1934779
295,2023-10-30 11:20:00,31.94,32.0,31.67,31.738,2309811
296,2023-10-30 11:15:00,31.935,31.96,31.87,31.93,1430435
297,2023-10-30 11:10:00,32.07,32.17,31.92,31.93,2192145
298,2023-10-30 11:05:00,32.07,32.155,32.02,32.076,1939478
299,2023-10-30 11:00:00,31.83,32.12,31.823,32.07,2816848
300,2023-10-30 10:55:00,31.94,31.953,31.76,31.82,1897738
301,2023-10-30 10:50:00,31.765,31.99,31.733,31.935,2518354
302,2023-10-30 10:45:00,31.617,31.83,31.575,31.765,2990120
303,2023-10-30 10:40:00,31.76,31.87,31.6,31.612,1907031
304,2023-10-30 10:35:00,31.785,31.88,31.72,31.74,2231273
305,2023-10-30 10:30:00,31.8,31.81,31.68,31.78,2072048
306,2023-10-30 10:25:00,31.845,31.88,31.73,31.803,2443673
307,2023-10-30 10:20:00,31.96,31.97,31.765,31.85,2495132
308,2023-10-30 10:15:00,32.26,32.27,31.9,31.955,3323985
309,2023-10-30 10:10:00,32.445,32.482,32.225,32.26,2387438
310,2023-10-30 10:05:00,32.325,32.52,32.27,32.44,2678812
311,2023-10-30 10:00:00,32.52,32.57,32.27,32.32,3201660
312,2023-10-30 09:55:00,32.56,32.66,32.47,32.514,2329469
313,2023-10-30 09:50:00,32.605,32.69,32.53,32.555,2810933
314,2023-10-30 09:45:00,32.415,32.64,32.415,32.6,3080553
315,2023-10-30 09:40:00,32.36,32.43,32.285,32.415,2257503
316,2023-10-30 09:35:00,32.16,32.365,32.07,32.35,3381771
317,2023-10-30 09:30:00,31.95,32.17,31.76,32.16,3692042
318,2023-10-30 09:25:00,31.92,31.98,31.88,31.95,190391
319,2023-10-30 09:20:00,31.9,31.92,31.89,31.92,140271
320,2023-10-30 09:15:00,31.85,31.91,31.82,31.9,80454
321,2023-10-30 09:10:00,31.908,31.94,31.8,31.85,202273
322,2023-10-30 09:05:00,31.92,31.95,31.9,31.91,202643
323,2023-10-30 09:00:00,31.93,31.97,31.91,31.92,125652
324,2023-10-30 08:55:00,31.85,31.93,31.83,31.93,94465
325,2023-10-30 08:50:00,31.85,31.852,31.83,31.85,98477
326,2023-10-30 08:45:00,31.91,31.93,31.84,31.85,109859
327,2023-10-30 08:40:00,31.9,31.94,31.88,31.92,104967
328,2023-10-30 08:35:00,31.99,31.99,31.9,31.91,114145
329,2023-10-30 08:30:00,31.955,31.99,31.93,31.99,30517
330,2023-10-30 08:25:00,31.97,31.98,31.92,31.95,72172
331,2023-10-30 08:20:00,31.99,32.01,31.96,31.97,64300
332,2023-10-30 08:15:00,31.99,32.01,31.97,32.0,57696
333,2023-10-30 08:10:00,32.0,32.01,31.97,31.99,83318
334,2023-10-30 08:05:00,32.0,32.008,31.97,32.0,66907
335,2023-10-30 08:00:00,32.04,32.14,31.73,32.01,472926
336,2023-10-30 07:55:00,32.06,32.07,32.05,32.05,16054
337,2023-10-30 07:50:00,32.1,32.13,32.05,32.06,29574
338,2023-10-30 07:45:00,32.04,32.11,32.04,32.1,66430
339,2023-10-30 07:40:00,32.04,32.05,32.03,32.05,51981
340,2023-10-30 07:35:00,32.0,32.05,31.99,32.05,35855
341,2023-10-30 07:30:00,31.97,32.01,31.97,32.0,35179
342,2023-10-30 07:25:00,32.0,32.0,31.96,31.97,7825
343,2023-10-30 07:20:00,32.01,32.02,31.98,32.0,11842
344,2023-10-30 07:15:00,32.0,32.03,32.0,32.0,28653
345,2023-10-30 07:10:00,32.0,32.02,31.99,32.0,15045
346,2023-10-30 07:05:00,32.03,32.03,31.98,32.0,45859
347,2023-10-30 07:00:00,31.98,32.04,31.96,32.04,58120
348,2023-10-30 06:55:00,32.03,32.04,31.97,31.99,13328
349,2023-10-30 06:50:00,32.01,32.05,32.0,32.02,9348
350,2023-10-30 06:45:00,32.04,32.04,31.99,32.01,7422
351,2023-10-30 06:40:00,31.99,32.04,31.97,32.04,15362
352,2023-10-30 06:35:00,31.95,31.99,31.95,31.98,6518
353,2023-10-30 06:30:00,31.97,31.99,31.95,31.95,80999
354,2023-10-30 06:25:00,31.97,31.99,31.95,31.97,116110
355,2023-10-30 06:20:00,32.01,32.03,31.98,31.98,11090
356,2023-10-30 06:15:00,32.0,32.06,31.99,32.01,10656
357,2023-10-30 06:10:00,32.03,32.05,32.0,32.0,9481
358,2023-10-30 06:05:00,32.05,32.06,32.0,32.02,31166
359,2023-10-30 06:00:00,32.06,32.07,32.03,32.04,47336
360,2023-10-30 05:55:00,32.06,32.07,32.05,32.05,60269
361,2023-10-30 05:50:00,32.04,32.07,32.03,32.06,10032
362,2023-10-30 05:45:00,32.04,32.06,32.0,32.05,68805
363,2023-10-30 05:40:00,32.01,32.06,32.0,32.04,42299
364,2023-10-30 05:35:00,32.07,32.07,32.0,32.01,34079
365,2023-10-30 05:30:00,32.06,32.09,32.05,32.06,38694
366,2023-10-30 05:25:00,32.09,32.12,32.04,32.06,29708
367,2023-10-30 05:20:00,32.13,32.14,32.09,32.09,28840
368,2023-10-30 05:15:00,32.07,32.14,32.07,32.14,48626
369,2023-10-30 05:10:00,32.07,32.09,32.04,32.06,61022
370,2023-10-30 05:05:00,32.0,32.08,31.99,32.07,108523
371,2023-10-30 05:00:00,31.93,32.0,31.93,32.0,51841
372,2023-10-30 04:55:00,31.92,31.94,31.9,31.94,40777
373,2023-10-30 04:50:00,31.89,31.95,31.88,31.92,17377
374,2023-10-30 04:45:00,31.89,31.92,31.87,31.9,19421
375,2023-10-30 04:40:00,31.93,31.95,31.88,31.88,39232
376,2023-10-30 04:35:00,31.89,31.95,31.89,31.93,26301
377,2023-10-30 04:30:00,31.95,31.97,31.89,31.9,20728
378,2023-10-30 04:25:00,31.98,31.98,31.92,31.96,20228
379,2023-10-30 04:20:00,32.04,32.05,31.95,31.98,17121
380,2023-10-30 04:15:00,31.99,32.03,31.99,32.03,18978
381,2023-10-30 04:10:00,32.02,32.02,31.94,31.99,32031
382,2023-10-30 04:05:00,32.02,32.08,31.98,32.02,46842
383,2023-10-30 04:00:00,32.01,32.06,31.82,32.02,73224
384,2023-10-27 19:55:00,31.27,31.28,31.26,31.28,26957
385,2023-10-27 19:50:00,31.3,31.32,31.27,31.28,18042
386,2023-10-27 19:45:00,31.31,31.32,31.3,31.32,36699
387,2023-10-27 19:40:00,31.3,31.31,31.3,31.3,30071
388,2023-10-27 19:35:00,31.31,31.32,31.3,31.31,15991
389,2023-10-27 19:30:00,31.32,31.32,31.31,31.315,14795
390,2023-10-27 19:25:00,31.32,31.32,31.3,31.31,16536
391,2023-10-27 19:20:00,31.32,31.32,31.31,31.32,12626
392,2023-10-27 19:15:00,31.32,31.32,31.31,31.32,9393
393,2023-10-27 19:10:00,31.32,31.32,31.31,31.32,18328
394,2023-10-27 19:05:00,31.31,31.33,31.31,31.32,15215
395,2023-10-27 19:00:00,31.32,31.34,31.31,31.32,9752
396,2023-10-27 18:55:00,31.32,31.33,31.32,31.32,9873
397,2023-10-27 18:50:00,31.31,31.33,31.3,31.32,18400
398,2023-10-27 18:45:00,31.31,31.31,31.3,31.31,3561
399,2023-10-27 18:40:00,31.31,31.32,31.3,31.31,7072
400,2023-10-27 18:35:00,31.31,31.32,31.31,31.32,7893
401,2023-10-27 18:30:00,31.33,31.33,31.31,31.31,7816
402,2023-10-27 18:25:00,31.33,31.34,31.32,31.33,14556
403,2023-10-27 18:20:00,31.31,31.33,31.31,31.33,7115
404,2023-10-27 18:15:00,31.31,31.32,31.31,31.32,4695
405,2023-10-27 18:10:00,31.31,31.32,31.3,31.31,17354
406,2023-10-27 18:05:00,31.32,31.33,31.3,31.32,10761
407,2023-10-27 18:00:00,31.31,31.34,31.3,31.33,19349
408,2023-10-27 17:55:00,31.32,31.33,31.31,31.32,5045
409,2023-10-27 17:50:00,31.31,31.32,31.3,31.32,3010
410,2023-10-27 17:45:00,31.28,31.31,31.28,31.3,17702
411,2023-10-27 17:40:00,31.29,31.3,31.28,31.29,6701
412,2023-10-27 17:35:00,31.29,31.3,31.28,31.29,9299
413,2023-10-27 17:30:00,31.28,31.29,31.27,31.28,4877
414,2023-10-27 17:25:00,31.29,31.29,31.28,31.288,8079
415,2023-10-27 17:20:00,31.31,31.32,31.28,31.28,16769
416,2023-10-27 17:15:00,31.32,31.32,31.3,31.32,27393
417,2023-10-27 17:10:00,31.31,31.32,31.31,31.32,15701
418,2023-10-27 17:05:00,31.32,31.32,31.31,31.32,14660
419,2023-10-27 17:00:00,31.32,31.33,31.31,31.31,22313
420,2023-10-27 16:55:00,31.34,31.35,31.32,31.32,30733
421,2023-10-27 16:50:00,31.33,31.34,31.325,31.338,83004
422,2023-10-27 16:45:00,31.35,31.35,31.33,31.33,28669
423,2023-10-27 16:40:00,31.37,31.38,31.34,31.35,36036
424,2023-10-27 16:35:00,31.34,31.36,31.33,31.36,82451
425,2023-10-27 16:30:00,31.32,31.36,31.32,31.34,61546
426,2023-10-27 16:25:00,31.33,31.34,31.32,31.32,70113
427,2023-10-27 16:20:00,31.31,31.34,31.31,31.32,49511
428,2023-10-27 16:15:00,31.3,31.33,31.3,31.31,119444
429,2023-10-27 16:10:00,31.31,31.34,31.3,31.31,212734
430,2023-10-27 16:05:00,31.35,31.36,31.3,31.3,161359
431,2023-10-27 16:00:00,31.31,31.41,31.3,31.35,727028
432,2023-10-27 15:55:00,31.18,31.353,31.14,31.31,3386275
433,2023-10-27 15:50:00,31.1,31.197,31.041,31.17,2717068
434,2023-10-27 15:45:00,30.97,31.107,30.97,31.104,1620029
435,2023-10-27 15:40:00,30.987,31.1,30.95,30.975,1705326
436,2023-10-27 15:35:00,31.13,31.13,30.97,30.98,1216681
437,2023-10-27 15:30:00,31.25,31.32,31.11,31.13,1809126
438,2023-10-27 15:25:00,31.17,31.28,31.17,31.25,1735163
439,2023-10-27 15:20:00,31.18,31.22,31.08,31.17,972443
440,2023-10-27 15:15:00,31.14,31.26,31.12,31.18,1307833
441,2023-10-27 15:10:00,31.12,31.26,31.06,31.14,1923208
442,2023-10-27 15:05:00,31.07,31.18,31.04,31.127,1387102
443,2023-10-27 15:00:00,31.05,31.14,31.0,31.07,1712504
444,2023-10-27 14:55:00,31.18,31.19,30.975,31.05,1763920
445,2023-10-27 14:50:00,31.2,31.26,31.12,31.175,1280618
446,2023-10-27 14:45:00,31.36,31.43,31.17,31.2,1355212
447,2023-10-27 14:40:00,31.37,31.4,31.29,31.351,1165740
448,2023-10-27 14:35:00,31.19,31.4,31.16,31.37,1907171
449,2023-10-27 14:30:00,31.07,31.33,30.995,31.191,1943735
450,2023-10-27 14:25:00,31.05,31.09,30.99,31.065,654896
451,2023-10-27 14:20:00,31.16,31.17,30.98,31.055,1571815
452,2023-10-27 14:15:00,31.15,31.31,31.12,31.16,1761315
453,2023-10-27 14:10:00,31.07,31.19,31.065,31.144,1652290
454,2023-10-27 14:05:00,31.095,31.14,30.965,31.07,2313012
455,2023-10-27 14:00:00,31.16,31.22,31.04,31.1,1699390
456,2023-10-27 13:55:00,31.138,31.194,31.07,31.165,1660961
457,2023-10-27 13:50:00,31.23,31.34,31.114,31.13,947653
458,2023-10-27 13:45:00,31.3,31.329,31.17,31.225,1015203
459,2023-10-27 13:40:00,31.21,31.39,31.13,31.3,2070633
460,2023-10-27 13:35:00,31.28,31.35,31.17,31.21,1131832
461,2023-10-27 13:30:00,31.25,31.31,31.13,31.285,1370967
462,2023-10-27 13:25:00,31.285,31.41,31.21,31.25,1546868
463,2023-10-27 13:20:00,31.22,31.32,31.14,31.29,1270299
464,2023-10-27 13:15:00,31.27,31.33,31.14,31.22,2104185
465,2023-10-27 13:10:00,31.32,31.42,31.23,31.265,1449980
466,2023-10-27 13:05:00,31.5,31.5,31.23,31.32,3072461
467,2023-10-27 13:00:00,31.56,31.61,31.48,31.498,988974
468,2023-10-27 12:55:00,31.61,31.62,31.53,31.553,651816
469,2023-10-27 12:50:00,31.632,31.641,31.5,31.612,1429304
470,2023-10-27 12:45:00,31.72,31.72,31.62,31.63,1121063
471,2023-10-27 12:40:00,31.86,31.876,31.71,31.723,1086761
472,2023-10-27 12:35:00,31.779,31.894,31.76,31.87,1117813
473,2023-10-27 12:30:00,31.77,31.79,31.69,31.775,669242
474,2023-10-27 12:25:00,31.84,31.89,31.62,31.76,1723117
475,2023-10-27 12:20:00,31.965,31.995,31.83,31.845,940263
476,2023-10-27 12:15:00,31.845,31.99,31.81,31.975,812644
477,2023-10-27 12:10:00,32.025,32.04,31.834,31.84,904113
478,2023-10-27 12:05:00,31.95,32.08,31.935,32.03,1138378
479,2023-10-27 12:00:00,32.003,32.07,31.88,31.95,1838929
480,2023-10-27 11:55:00,31.88,32.02,31.88,32.01,982958
481,2023-10-27 11:50:00,31.88,31.97,31.872,31.89,1158272
482,2023-10-27 11:45:00,31.891,31.91,31.78,31.89,1663058
483,2023-10-27 11:40:00,31.97,32.025,31.87,31.895,982315
484,2023-10-27 11:35:00,31.89,32.07,31.873,31.969,1562064
485,2023-10-27 11:30:00,32.12,32.15,31.86,31.884,1876774
486,2023-10-27 11:25:00,32.16,32.2,32.09,32.115,1854732
487,2023-10-27 11:20:00,32.09,32.23,32.04,32.15,2384806
488,2023-10-27 11:15:00,32.027,32.21,32.02,32.083,3230416
489,2023-10-27 11:10:00,31.92,32.04,31.841,32.021,2296516
490,2023-10-27 11:05:00,31.77,31.95,31.73,31.913,1854224
491,2023-10-27 11:00:00,31.78,31.82,31.7,31.77,1353349
492,2023-10-27 10:55:00,31.68,31.796,31.663,31.77,1384166
493,2023-10-27 10:50:00,31.55,31.76,31.55,31.68,1941985
494,2023-10-27 10:45:00,31.39,31.6,31.37,31.55,2198191
495,2023-10-27 10:40:00,31.56,31.58,31.37,31.39,2779481
496,2023-10-27 10:35:00,31.73,31.876,31.545,31.56,2016278
497,2023-10-27 10:30:00,31.698,31.8,31.61,31.735,1637040
498,2023-10-27 10:25:00,31.74,31.93,31.67,31.7,1676951
499,2023-10-27 10:20:00,31.65,31.9,31.642,31.746,1816268
500,2023-10-27 10:15:00,31.84,31.86,31.6,31.645,2086013
501,2023-10-27 10:10:00,31.6,32.0,31.6,31.845,2896042
502,2023-10-27 10:05:00,31.81,31.92,31.5,31.599,3145332
503,2023-10-27 10:00:00,31.71,31.82,31.5,31.8,3393702
504,2023-10-27 09:55:00,31.49,31.75,31.48,31.71,2409043
505,2023-10-27 09:50:00,31.52,31.7,31.49,31.49,2541653
506,2023-10-27 09:45:00,31.82,31.9,31.49,31.51,3068810
507,2023-10-27 09:40:00,31.62,31.829,31.55,31.815,2597013
508,2023-10-27 09:35:00,31.7,31.8,31.59,31.625,3568730
509,2023-10-27 09:30:00,31.575,31.86,31.57,31.69,4449238
510,2023-10-27 09:25:00,31.61,31.64,31.54,31.58,426519
511,2023-10-27 09:20:00,31.6,31.66,31.59,31.62,143149
512,2023-10-27 09:15:00,31.61,31.65,31.59,31.59,240691
513,2023-10-27 09:10:00,31.72,31.73,31.6,31.61,274606
514,2023-10-27 09:05:00,31.72,31.74,31.67,31.73,119890
515,2023-10-27 09:00:00,31.63,31.74,30.715,31.72,172476
516,2023-10-27 08:55:00,31.71,31.76,31.6,31.63,219244
517,2023-10-27 08:50:00,31.62,31.73,31.6,31.71,503299
518,2023-10-27 08:45:00,31.55,31.66,31.538,31.62,151234
519,2023-10-27 08:40:00,31.56,31.58,31.45,31.55,188303
520,2023-10-27 08:35:00,31.67,31.68,31.55,31.56,260195
521,2023-10-27 08:30:00,31.53,31.68,31.36,31.66,659205
522,2023-10-27 08:25:00,31.54,31.54,31.5,31.528,64741
523,2023-10-27 08:20:00,31.53,31.54,31.49,31.54,60332
524,2023-10-27 08:15:00,31.49,31.56,31.49,31.53,159102
525,2023-10-27 08:10:00,31.48,31.51,31.44,31.49,100696
526,2023-10-27 08:05:00,31.37,31.48,31.37,31.48,87520
527,2023-10-27 08:00:00,31.63,31.818,31.35,31.38,749903
528,2023-10-27 07:55:00,31.43,31.45,31.39,31.41,58986
529,2023-10-27 07:50:00,31.52,31.52,31.42,31.43,41842
530,2023-10-27 07:45:00,31.49,31.56,31.49,31.52,48708
531,2023-10-27 07:40:00,31.49,31.5,31.48,31.49,44325
532,2023-10-27 07:35:00,31.56,31.56,31.47,31.5,56007
533,2023-10-27 07:30:00,31.48,31.58,31.46,31.56,48507
534,2023-10-27 07:25:00,31.52,31.54,31.46,31.48,28958
535,2023-10-27 07:20:00,31.49,31.54,31.48,31.52,35659
536,2023-10-27 07:15:00,31.55,31.55,31.47,31.48,44626
537,2023-10-27 07:10:00,31.59,31.61,31.48,31.54,72957
538,2023-10-27 07:05:00,31.63,31.66,31.57,31.59,58316
539,2023-10-27 07:00:00,31.63,31.68,31.61,31.64,56967
540,2023-10-27 06:55:00,31.66,31.69,31.61,31.63,14554
541,2023-10-27 06:50:00,31.73,31.75,31.67,31.67,16206
542,2023-10-27 06:45:00,31.72,31.75,31.71,31.74,22062
543,2023-10-27 06:40:00,31.66,31.72,31.65,31.71,11713
544,2023-10-27 06:35:00,31.68,31.68,31.64,31.65,21456
545,2023-10-27 06:30:00,31.71,31.71,31.65,31.67,29699
546,2023-10-27 06:25:00,31.71,31.73,31.69,31.71,11032
547,2023-10-27 06:20:00,31.77,31.79,31.7,31.72,32651
548,2023-10-27 06:15:00,31.77,31.78,31.74,31.76,10708
549,2023-10-27 06:10:00,31.76,31.77,31.74,31.76,10161
550,2023-10-27 06:05:00,31.73,31.76,31.71,31.76,22818
551,2023-10-27 06:00:00,31.72,31.74,31.68,31.71,10529
552,2023-10-27 05:55:00,31.7,31.72,31.69,31.72,7786
553,2023-10-27 05:50:00,31.69,31.71,31.66,31.71,14156
554,2023-10-27 05:45:00,31.66,31.7,31.63,31.7,19467
555,2023-10-27 05:40:00,31.68,31.7,31.65,31.65,14853
556,2023-10-27 05:35:00,31.7,31.73,31.67,31.68,18435
557,2023-10-27 05:30:00,31.71,31.77,31.68,31.7,27971
558,2023-10-27 05:25:00,31.74,31.75,31.7,31.71,7719
559,2023-10-27 05:20:00,31.73,31.75,31.71,31.74,14592
560,2023-10-27 05:15:00,31.75,31.79,31.73,31.73,17850
561,2023-10-27 05:10:00,31.8,31.8,31.74,31.74,32935
562,2023-10-27 05:05:00,31.78,31.82,31.77,31.8,14392
563,2023-10-27 05:00:00,31.8,31.8,31.76,31.78,40055
564,2023-10-27 04:55:00,31.73,31.8,31.72,31.79,30222
565,2023-10-27 04:50:00,31.71,31.74,31.7,31.74,43091
566,2023-10-27 04:45:00,31.74,31.74,31.71,31.71,15422
567,2023-10-27 04:40:00,31.71,31.75,31.67,31.74,23776
568,2023-10-27 04:35:00,31.69,31.71,31.66,31.71,20022
569,2023-10-27 04:30:00,31.65,31.7,31.64,31.69,37481
570,2023-10-27 04:25:00,31.62,31.65,31.61,31.64,14637
571,2023-10-27 04:20:00,31.66,31.66,31.62,31.63,16547
572,2023-10-27 04:15:00,31.6,31.66,31.6,31.66,26443
573,2023-10-27 04:10:00,31.6,31.61,31.53,31.59,32999
574,2023-10-27 04:05:00,31.62,31.64,31.57,31.6,31597
575,2023-10-27 04:00:00,31.6,31.7,31.55,31.62,78740
576,2023-10-26 19:55:00,31.6,31.65,31.6,31.63,99871
577,2023-10-26 19:50:00,31.61,31.66,31.6,31.61,79923
578,2023-10-26 19:45:00,31.61,31.61,31.59,31.6,45010
579,2023-10-26 19:40:00,31.58,31.61,31.58,31.61,74648
580,2023-10-26 19:35:00,31.58,31.6,31.54,31.6,36721
581,2023-10-26 19:30:00,31.58,31.6,31.56,31.58,82513
582,2023-10-26 19:25:00,31.59,31.62,31.59,31.59,30502
583,2023-10-26 19:20:00,31.62,31.64,31.59,31.6,59169
584,2023-10-26 19:15:00,31.59,31.64,31.58,31.61,38850
585,2023-10-26 19:10:00,31.57,31.59,31.55,31.59,54548
586,2023-10-26 19:05:00,31.52,31.59,31.515,31.58,45109
587,2023-10-26 19:00:00,31.48,31.52,31.47,31.52,27737
588,2023-10-26 18:55:00,31.5,31.5,31.46,31.47,48591
589,2023-10-26 18:50:00,31.49,31.5,31.47,31.5,33545
590,2023-10-26 18:45:00,31.5,31.51,31.47,31.49,41083
591,2023-10-26 18:40:00,31.5,31.52,31.49,31.5,100343
592,2023-10-26 18:35:00,31.43,31.51,31.42,31.49,184613
593,2023-10-26 18:30:00,31.45,31.46,31.4,31.41,53110
594,2023-10-26 18:25:00,31.48,31.49,31.44,31.45,93240
595,2023-10-26 18:20:00,31.46,31.53,31.46,31.48,100215
596,2023-10-26 18:15:00,31.34,31.48,31.32,31.45,71472
597,2023-10-26 18:10:00,31.33,31.37,31.3,31.35,98539
598,2023-10-26 18:05:00,31.3,31.33,31.27,31.33,58582
599,2023-10-26 18:00:00,31.19,31.39,31.19,31.3,488012
600,2023-10-26 17:55:00,31.13,31.19,31.1,31.19,106144
601,2023-10-26 17:50:00,30.98,31.15,30.96,31.14,46151
602,2023-10-26 17:45:00,30.95,31.0,30.95,30.98,31288
603,2023-10-26 17:40:00,30.9,31.0,30.83,30.96,59913
604,2023-10-26 17:35:00,30.83,30.95,30.75,30.83,141437
605,2023-10-26 17:30:00,30.75,30.84,30.74,30.83,133890
606,2023-10-26 17:25:00,30.87,30.88,30.75,30.76,78595
607,2023-10-26 17:20:00,30.9,30.9,30.86,30.88,19232
608,2023-10-26 17:15:00,30.9,30.92,30.89,30.9,16070
609,2023-10-26 17:10:00,30.85,30.94,30.84,30.9,71886
610,2023-10-26 17:05:00,30.89,30.89,30.84,30.84,49012
611,2023-10-26 17:00:00,30.95,30.97,30.86,30.87,264183
612,2023-10-26 16:55:00,30.94,30.99,30.93,30.95,35660
613,2023-10-26 16:50:00,30.94,30.97,30.91,30.94,129484
614,2023-10-26 16:45:00,30.93,30.95,30.81,30.94,187172
615,2023-10-26 16:40:00,31.03,31.03,30.82,30.92,304553
616,2023-10-26 16:35:00,31.04,31.12,31.03,31.04,94571
617,2023-10-26 16:30:00,31.15,31.199,31.04,31.04,86427
618,2023-10-26 16:25:00,31.11,31.17,31.11,31.16,95994
619,2023-10-26 16:20:00,31.12,31.16,31.07,31.11,88994
620,2023-10-26 16:15:00,30.86,31.2,30.86,31.13,253457
621,2023-10-26 16:10:00,31.16,31.25,31.15,31.21,329443
622,2023-10-26 16:05:00,31.04,31.18,30.9,31.15,609728
623,2023-10-26 16:00:00,30.85,31.18,30.77,31.05,1972021
624,2023-10-26 15:55:00,30.85,30.948,30.795,30.84,3343865
625,2023-10-26 15:50:00,30.82,31.03,30.81,30.86,2793305
626,2023-10-26 15:45:00,30.82,30.88,30.733,30.825,2153600
627,2023-10-26 15:40:00,30.97,30.97,30.82,30.83,2089558
628,2023-10-26 15:35:00,31.2,31.205,30.91,30.97,2408190
629,2023-10-26 15:30:00,31.32,31.328,31.184,31.205,1628306
630,2023-10-26 15:25:00,31.37,31.44,31.31,31.32,946842
631,2023-10-26 15:20:00,31.39,31.45,31.3,31.37,970056
632,2023-10-26 15:15:00,31.39,31.46,31.315,31.385,1169740
633,2023-10-26 15:10:00,31.59,31.6,31.375,31.39,1781543
634,2023-10-26 15:05:00,31.73,31.75,31.56,31.58,1676665
635,2023-10-26 15:00:00,31.68,31.78,31.63,31.729,2844204
636,2023-10-26 14:55:00,31.595,31.69,31.56,31.69,1470286
637,2023-10-26 14:50:00,31.455,31.615,31.43,31.595,1683716
638,2023-10-26 14:45:00,31.37,31.54,31.334,31.46,1588726
639,2023-10-26 14:40:00,31.34,31.47,31.26,31.37,1282346
640,2023-10-26 14:35:00,31.46,31.46,31.31,31.345,1620880
641,2023-10-26 14:30:00,31.279,31.505,31.18,31.455,2623811
642,2023-10-26 14:25:00,31.08,31.29,31.0,31.279,1901998
643,2023-10-26 14:20:00,31.12,31.17,31.06,31.082,827646
644,2023-10-26 14:15:00,31.18,31.22,31.07,31.12,1117481
645,2023-10-26 14:10:00,31.07,31.24,31.06,31.175,1555747
646,2023-10-26 14:05:00,31.0,31.16,30.995,31.07,1337140
647,2023-10-26 14:00:00,31.052,31.12,30.97,31.001,1563107
648,2023-10-26 13:55:00,31.0,31.06,30.9,31.05,1158161
649,2023-10-26 13:50:00,31.02,31.05,30.91,30.99,1083734
650,2023-10-26 13:45:00,30.903,31.09,30.903,31.017,3027283
651,2023-10-26 13:40:00,30.73,30.94,30.7,30.903,2032223
652,2023-10-26 13:35:00,30.77,30.81,30.7,30.728,1579850
653,2023-10-26 13:30:00,30.615,30.79,30.47,30.78,3146574
654,2023-10-26 13:25:00,30.535,30.68,30.52,30.613,1352623
655,2023-10-26 13:20:00,30.819,30.82,30.51,30.535,2191707
656,2023-10-26 13:15:00,30.84,30.92,30.81,30.82,1504697
657,2023-10-26 13:10:00,30.863,30.88,30.782,30.845,1371873
658,2023-10-26 13:05:00,30.83,30.93,30.8,30.862,1914531
659,2023-10-26 13:00:00,30.56,30.875,30.5,30.826,3723408
660,2023-10-26 12:55:00,30.58,30.68,30.541,30.555,1947575
661,2023-10-26 12:50:00,30.55,30.62,30.51,30.582,1057796
662,2023-10-26 12:45:00,30.7,30.71,30.535,30.55,1163974
663,2023-10-26 12:40:00,30.62,30.75,30.56,30.705,1617728
664,2023-10-26 12:35:00,30.76,30.81,30.61,30.615,1557572
665,2023-10-26 12:30:00,30.83,30.86,30.76,30.765,1261308
666,2023-10-26 12:25:00,30.718,30.84,30.7,30.826,1672093
667,2023-10-26 12:20:00,30.635,30.79,30.62,30.71,2847516
668,2023-10-26 12:15:00,30.98,30.98,30.62,30.64,3245567
669,2023-10-26 12:10:00,30.99,31.01,30.93,30.982,1787857
670,2023-10-26 12:05:00,31.21,31.23,30.971,30.985,3066990
671,2023-10-26 12:00:00,31.33,31.385,31.185,31.21,2008956
672,2023-10-26 11:55:00,31.31,31.455,31.3,31.335,2103842
673,2023-10-26 11:50:00,31.28,31.36,31.26,31.315,1234221
674,2023-10-26 11:45:00,31.09,31.33,31.08,31.28,1511980
675,2023-10-26 11:40:00,31.33,31.35,31.07,31.09,3046278
676,2023-10-26 11:35:00,31.35,31.4,31.29,31.334,1306062
677,2023-10-26 11:30:00,31.27,31.415,31.25,31.35,1759519
678,2023-10-26 11:25:00,31.33,31.39,31.23,31.264,2471436
679,2023-10-26 11:20:00,31.444,31.47,31.28,31.32,2267653
680,2023-10-26 11:15:00,31.444,31.505,31.35,31.45,2453934
681,2023-10-26 11:10:00,31.62,31.715,31.42,31.445,2380081
682,2023-10-26 11:05:00,31.65,31.665,31.53,31.61,1967671
683,2023-10-26 11:00:00,31.92,31.95,31.64,31.645,2042239
684,2023-10-26 10:55:00,32.035,32.08,31.85,31.92,2130745
685,2023-10-26 10:50:00,32.0,32.13,31.97,32.035,2856217
686,2023-10-26 10:45:00,31.695,32.01,31.67,32.0,3664906
687,2023-10-26 10:40:00,31.39,31.71,31.371,31.7,2449555
688,2023-10-26 10:35:00,31.55,31.58,31.33,31.39,2708807
689,2023-10-26 10:30:00,31.67,31.74,31.5,31.545,2203504
690,2023-10-26 10:25:00,31.365,31.78,31.36,31.68,3429633
691,2023-10-26 10:20:00,31.46,31.64,31.35,31.36,2566502
692,2023-10-26 10:15:00,31.562,31.67,31.45,31.452,2051724
693,2023-10-26 10:10:00,31.535,31.69,31.48,31.565,3250325
694,2023-10-26 10:05:00,31.615,31.795,31.53,31.53,3215985
695,2023-10-26 10:00:00,31.76,31.82,31.56,31.62,3390438
696,2023-10-26 09:55:00,31.86,31.915,31.65,31.765,2628021
697,2023-10-26 09:50:00,31.985,32.005,31.735,31.86,3112018
698,2023-10-26 09:45:00,32.33,32.42,31.93,31.99,3594513
699,2023-10-26 09:40:00,32.04,32.43,32.02,32.332,4248029
700,2023-10-26 09:35:00,32.42,32.555,32.02,32.035,3845500
701,2023-10-26 09:30:00,32.38,32.64,32.165,32.425,5710408
702,2023-10-26 09:25:00,32.35,32.415,32.32,32.37,183550
703,2023-10-26 09:20:00,32.42,32.43,32.32,32.36,247388
704,2023-10-26 09:15:00,32.37,32.44,32.33,32.42,333482
705,2023-10-26 09:10:00,32.29,32.39,32.25,32.37,262863
706,2023-10-26 09:05:00,32.36,32.37,32.25,32.29,354504
707,2023-10-26 09:00:00,32.27,32.36,32.23,32.36,642776
708,2023-10-26 08:55:00,32.3,32.31,32.2,32.26,253496
709,2023-10-26 08:50:00,32.15,32.32,32.15,32.31,394010
710,2023-10-26 08:45:00,32.188,32.2,32.072,32.15,210877
711,2023-10-26 08:40:00,32.16,32.24,32.11,32.19,196142
712,2023-10-26 08:35:00,32.172,32.22,32.1,32.16,381131
713,2023-10-26 08:30:00,31.9,32.248,31.72,32.18,1219884
714,2023-10-26 08:25:00,31.89,31.96,31.87,31.937,329636
715,2023-10-26 08:20:00,31.93,31.96,31.84,31.9,113953
716,2023-10-26 08:15:00,31.8,31.95,31.76,31.93,171881
717,2023-10-26 08:10:00,31.832,31.85,31.79,31.8,115852
718,2023-10-26 08:05:00,31.79,31.85,31.78,31.84,87192
719,2023-10-26 08:00:00,31.798,31.978,31.29,31.79,1088287
720,2023-10-26 07:55:00,31.76,31.8,31.75,31.77,66033
721,2023-10-26 07:50:00,31.76,31.77,31.71,31.76,130144
722,2023-10-26 07:45:00,31.74,31.78,31.74,31.76,78614
723,2023-10-26 07:40:00,31.67,31.76,31.66,31.74,35731
724,2023-10-26 07:35:00,31.61,31.68,31.58,31.68,183235
725,2023-10-26 07:30:00,31.7,31.71,31.6,31.6,42091
726,2023-10-26 07:25:00,31.68,31.72,31.64,31.7,34753
727,2023-10-26 07:20:00,31.72,31.75,31.67,31.69,36645
728,2023-10-26 07:15:00,31.69,31.72,31.66,31.72,33741
729,2023-10-26 07:10:00,31.74,31.76,31.68,31.69,54184
730,2023-10-26 07:05:00,31.68,31.75,31.67,31.73,66222
731,2023-10-26 07:00:00,31.81,31.82,31.66,31.69,63499
732,2023-10-26 06:55:00,31.82,31.84,31.79,31.8,46034
733,2023-10-26 06:50:00,31.87,31.89,31.81,31.83,25349
734,2023-10-26 06:45:00,31.87,31.9,31.87,31.88,13975
735,2023-10-26 06:40:00,31.89,31.9,31.83,31.88,17018
736,2023-10-26 06:35:00,31.95,31.95,31.89,31.9,22796
737,2023-10-26 06:30:00,31.94,32.01,31.93,31.95,33174
738,2023-10-26 06:25:00,31.93,31.98,31.93,31.93,51472
739,2023-10-26 06:20:00,31.92,31.96,31.9,31.94,30744
740,2023-10-26 06:15:00,31.87,31.93,31.86,31.93,19429
741,2023-10-26 06:10:00,31.81,31.88,31.81,31.88,14752
742,2023-10-26 06:05:00,31.76,31.8,31.73,31.8,27102
743,2023-10-26 06:00:00,31.82,31.82,31.74,31.76,23783
744,2023-10-26 05:55:00,31.85,31.86,31.78,31.82,16752
745,2023-10-26 05:50:00,31.93,31.93,31.86,31.86,11176
746,2023-10-26 05:45:00,31.91,31.94,31.88,31.94,15967
747,2023-10-26 05:40:00,31.93,31.94,31.9,31.9,42512
748,2023-10-26 05:35:00,31.89,31.94,31.89,31.94,24450
749,2023-10-26 05:30:00,31.9,31.91,31.87,31.89,28915
750,2023-10-26 05:25:00,31.87,31.93,31.85,31.9,56217
751,2023-10-26 05:20:00,31.73,31.87,31.73,31.87,17021
752,2023-10-26 05:15:00,31.76,31.77,31.65,31.73,42080
753,2023-10-26 05:10:00,31.84,31.87,31.76,31.76,39481
754,2023-10-26 05:05:00,31.82,31.85,31.81,31.85,22445
755,2023-10-26 05:00:00,31.78,31.83,31.75,31.81,23472
756,2023-10-26 04:55:00,31.75,31.77,31.73,31.77,32928
757,2023-10-26 04:50:00,31.78,31.79,31.71,31.74,36551
758,2023-10-26 04:45:00,31.75,31.78,31.73,31.77,22650
759,2023-10-26 04:40:00,31.77,31.79,31.71,31.75,62561
760,2023-10-26 04:35:00,31.82,31.85,31.76,31.77,69221
761,2023-10-26 04:30:00,31.71,31.84,31.71,31.83,57066
762,2023-10-26 04:25:00,31.74,31.76,31.69,31.71,44947
763,2023-10-26 04:20:00,31.82,31.82,31.73,31.74,33178
764,2023-10-26 04:15:00,31.77,31.83,31.74,31.82,59782
765,2023-10-26 04:10:00,31.78,31.79,31.73,31.77,62134
766,2023-10-26 04:05:00,31.7,31.79,31.68,31.77,60281
767,2023-10-26 04:00:00,31.57,31.9,31.55,31.71,125224
768,2023-10-25 19:55:00,31.865,31.88,31.84,31.87,168523
769,2023-10-25 19:50:00,31.85,31.88,31.85,31.87,93853
770,2023-10-25 19:45:00,31.88,31.89,31.84,31.86,67823
771,2023-10-25 19:40:00,31.86,31.89,31.85,31.89,53145
772,2023-10-25 19:35:00,31.87,31.92,31.86,31.865,74727
773,2023-10-25 19:30:00,31.85,31.87,31.83,31.87,75878
774,2023-10-25 19:25:00,31.79,31.86,31.77,31.84,93041
775,2023-10-25 19:20:00,31.92,31.92,31.76,31.79,142899
776,2023-10-25 19:15:00,31.93,31.96,31.9,31.92,79759
777,2023-10-25 19:10:00,32.01,32.02,31.93,31.93,55528
778,2023-10-25 19:05:00,32.0,32.02,31.97,32.0,53502
779,2023-10-25 19:00:00,32.02,32.03,31.97,32.0,85781
780,2023-10-25 18:55:00,31.99,32.03,31.99,32.01,57846
781,2023-10-25 18:50:00,32.03,32.04,31.97,31.99,105365
782,2023-10-25 18:45:00,32.07,32.07,32.02,32.03,79067
783,2023-10-25 18:40:00,32.05,32.09,32.03,32.07,53896
784,2023-10-25 18:35:00,32.08,32.08,32.0,32.03,52566
785,2023-10-25 18:30:00,32.02,32.08,32.01,32.08,119752
786,2023-10-25 18:25:00,32.02,32.04,31.91,32.02,151902
787,2023-10-25 18:20:00,31.95,32.03,31.94,32.02,159127
788,2023-10-25 18:15:00,32.03,32.04,31.22,31.95,151598
789,2023-10-25 18:10:00,32.1,32.12,32.0,32.02,210734
790,2023-10-25 18:05:00,32.09,32.15,32.02,32.1,183716
791,2023-10-25 18:00:00,32.39,32.42,32.05,32.08,273245
792,2023-10-25 17:55:00,32.51,32.51,32.4,32.4,111788
793,2023-10-25 17:50:00,32.65,32.65,32.5,32.5,94728
794,2023-10-25 17:45:00,32.67,32.67,32.64,32.65,129560
795,2023-10-25 17:40:00,32.68,32.69,32.66,32.67,24101
796,2023-10-25 17:35:00,32.67,32.69,32.66,32.68,9406
797,2023-10-25 17:30:00,32.69,32.69,32.66,32.67,37537
798,2023-10-25 17:25:00,32.67,32.69,32.66,32.69,13146
799,2023-10-25 17:20:00,32.67,32.67,32.66,32.66,41074
800,2023-10-25 17:15:00,32.67,32.67,32.66,32.66,26703
801,2023-10-25 17:10:00,32.67,32.67,32.66,32.67,68111
802,2023-10-25 17:05:00,32.69,32.7,32.66,32.67,32817
803,2023-10-25 17:00:00,32.65,32.69,32.65,32.689,36975
804,2023-10-25 16:55:00,32.7,32.72,32.65,32.66,63184
805,2023-10-25 16:50:00,32.76,32.77,32.7,32.701,102355
806,2023-10-25 16:45:00,32.75,32.77,32.72,32.76,66001
807,2023-10-25 16:40:00,32.75,32.77,32.72,32.75,114543
808,2023-10-25 16:35:00,32.72,32.8,32.72,32.749,151923
809,2023-10-25 16:30:00,32.92,32.93,32.67,32.7,230372
810,2023-10-25 16:25:00,32.96,33.0,32.88,32.92,301975
811,2023-10-25 16:20:00,33.0,33.01,32.87,32.95,237751
812,2023-10-25 16:15:00,32.77,33.12,32.57,32.998,905716
813,2023-10-25 16:10:00,32.83,32.89,32.79,32.83,249542
814,2023-10-25 16:05:00,32.84,32.87,32.53,32.83,410848
815,2023-10-25 16:00:00,32.745,32.86,32.745,32.84,1456985
816,2023-10-25 15:55:00,32.72,32.78,32.705,32.75,3875276
817,2023-10-25 15:50:00,32.82,32.87,32.67,32.715,4064312
818,2023-10-25 15:45:00,32.745,32.86,32.72,32.819,1489738
819,2023-10-25 15:40:00,32.874,32.88,32.715,32.75,1645589
820,2023-10-25 15:35:00,32.87,32.92,32.85,32.88,1668309
821,2023-10-25 15:30:00,32.835,32.95,32.8,32.875,1763698
822,2023-10-25 15:25:00,32.8,32.84,32.72,32.835,1679270
823,2023-10-25 15:20:00,32.656,32.81,32.64,32.8,1751777
824,2023-10-25 15:15:00,32.595,32.72,32.59,32.655,1192677
825,2023-10-25 15:10:00,32.674,32.73,32.58,32.595,1899580
826,2023-10-25 15:05:00,32.69,32.72,32.6,32.67,1693542
827,2023-10-25 15:00:00,32.76,32.82,32.66,32.681,1222317
828,2023-10-25 14:55:00,32.74,32.855,32.73,32.76,1705754
829,2023-10-25 14:50:00,32.62,32.75,32.58,32.738,1225799
830,2023-10-25 14:45:00,32.67,32.73,32.6,32.615,1198759
831,2023-10-25 14:40:00,32.72,32.76,32.64,32.665,877828
832,2023-10-25 14:35:00,32.81,32.83,32.69,32.715,1233249
833,2023-10-25 14:30:00,32.82,32.91,32.77,32.81,834684
834,2023-10-25 14:25:00,32.9,32.95,32.8,32.814,1154679
835,2023-10-25 14:20:00,32.9,32.975,32.85,32.905,1113245
836,2023-10-25 14:15:00,32.93,32.97,32.86,32.901,1788642
837,2023-10-25 14:10:00,32.821,32.96,32.73,32.931,1835149
838,2023-10-25 14:05:00,32.8,32.87,32.77,32.821,917517
839,2023-10-25 14:00:00,32.81,32.89,32.77,32.79,1483910
840,2023-10-25 13:55:00,32.67,32.825,32.66,32.805,1884525
841,2023-10-25 13:50:00,32.65,32.718,32.59,32.68,1412700
842,2023-10-25 13:45:00,32.645,32.72,32.63,32.65,1437249
843,2023-10-25 13:40:00,32.755,32.79,32.62,32.65,1885478
844,2023-10-25 13:35:00,32.86,32.88,32.745,32.755,1155150
845,2023-10-25 13:30:00,32.965,32.97,32.79,32.85,1886784
846,2023-10-25 13:25:00,33.14,33.14,32.89,32.965,3039449
847,2023-10-25 13:20:00,33.16,33.187,33.025,33.14,1297842
848,2023-10-25 13:15:00,33.2,33.26,33.07,33.166,2363968
849,2023-10-25 13:10:00,33.15,33.22,33.09,33.205,1044365
850,2023-10-25 13:05:00,33.08,33.17,33.04,33.145,1528365
851,2023-10-25 13:00:00,33.29,33.36,33.04,33.07,2842678
852,2023-10-25 12:55:00,33.28,33.33,33.25,33.291,965151
853,2023-10-25 12:50:00,33.24,33.3,33.2,33.275,1040658
854,2023-10-25 12:45:00,33.3,33.33,33.23,33.244,1068202
855,2023-10-25 12:40:00,33.41,33.43,33.2,33.29,3157243
856,2023-10-25 12:35:00,33.52,33.53,33.41,33.414,898369
857,2023-10-25 12:30:00,33.489,33.595,33.46,33.529,1521534
858,2023-10-25 12:25:00,33.525,33.584,33.465,33.49,1489886
859,2023-10-25 12:20:00,33.418,33.56,33.39,33.52,1781831
860,2023-10-25 12:15:00,33.47,33.53,33.4,33.41,1122088
861,2023-10-25 12:10:00,33.43,33.495,33.36,33.479,879222
862,2023-10-25 12:05:00,33.47,33.51,33.38,33.44,955499
863,2023-10-25 12:00:00,33.47,33.52,33.419,33.46,1268212
864,2023-10-25 11:55:00,33.56,33.59,33.46,33.472,1190918
865,2023-10-25 11:50:00,33.63,33.64,33.46,33.56,2229594
866,2023-10-25 11:45:00,33.71,33.8,33.6,33.64,1357901
867,2023-10-25 11:40:00,33.8,33.86,33.58,33.71,2356322
868,2023-10-25 11:35:00,33.8,33.85,33.74,33.81,1254903
869,2023-10-25 11:30:00,33.9,33.97,33.76,33.8,1379583
870,2023-10-25 11:25:00,33.776,33.96,33.68,33.9,2149619
871,2023-10-25 11:20:00,34.04,34.078,33.75,33.778,1798417
872,2023-10-25 11:15:00,34.115,34.13,33.93,34.042,1395832
873,2023-10-25 11:10:00,34.05,34.127,33.99,34.11,1248472
874,2023-10-25 11:05:00,34.084,34.24,34.02,34.05,2638700
875,2023-10-25 11:00:00,33.79,34.21,33.783,34.09,4277669
876,2023-10-25 10:55:00,33.82,33.88,33.77,33.791,1830005
877,2023-10-25 10:50:00,34.1,34.11,33.8,33.82,2674146
878,2023-10-25 10:45:00,33.92,34.19,33.902,34.09,3466810
879,2023-10-25 10:40:00,34.03,34.09,33.9,33.914,2524212
880,2023-10-25 10:35:00,33.902,34.14,33.83,34.035,2815659
881,2023-10-25 10:30:00,33.72,33.972,33.69,33.903,3104233
882,2023-10-25 10:25:00,33.835,33.865,33.61,33.72,2264128
883,2023-10-25 10:20:00,33.79,33.92,33.764,33.839,1385780
884,2023-10-25 10:15:00,33.74,33.885,33.72,33.78,1968397
885,2023-10-25 10:10:00,33.91,33.91,33.67,33.745,2114708
886,2023-10-25 10:05:00,33.83,33.92,33.7,33.91,2262340
887,2023-10-25 10:00:00,33.99,33.995,33.69,33.83,3342172
888,2023-10-25 09:55:00,33.8,34.0,33.78,33.995,3411781
889,2023-10-25 09:50:00,33.725,33.81,33.66,33.8,2934010
890,2023-10-25 09:45:00,33.84,33.85,33.705,33.725,3272981
891,2023-10-25 09:40:00,34.055,34.11,33.82,33.85,3521508
892,2023-10-25 09:35:00,34.14,34.14,33.93,34.057,5056287
893,2023-10-25 09:30:00,34.63,34.68,34.115,34.14,5002804
894,2023-10-25 09:25:00,34.675,34.7,34.57,34.63,256552
895,2023-10-25 09:20:00,34.72,34.73,34.65,34.67,99263
896,2023-10-25 09:15:00,34.7,34.72,34.66,34.71,101427
897,2023-10-25 09:10:00,34.71,34.75,34.68,34.69,83382
898,2023-10-25 09:05:00,34.71,34.73,34.68,34.71,80669
899,2023-10-25 09:00:00,34.68,34.75,34.67,34.72,129873
900,2023-10-25 08:55:00,34.75,34.75,34.67,34.68,138063
901,2023-10-25 08:50:00,34.81,34.82,34.75,34.76,63041
902,2023-10-25 08:45:00,34.74,34.81,34.71,34.81,92124
903,2023-10-25 08:40:00,34.77,34.8,34.72,34.74,105262
904,2023-10-25 08:35:00,34.91,34.92,34.76,34.77,157937
905,2023-10-25 08:30:00,34.88,34.93,34.88,34.91,99350
906,2023-10-25 08:25:00,34.96,34.96,34.88,34.88,112291
907,2023-10-25 08:20:00,34.95,34.97,34.93,34.96,136247
908,2023-10-25 08:15:00,34.97,34.97,34.9,34.94,50890
909,2023-10-25 08:10:00,34.91,34.97,34.9,34.97,88544
910,2023-10-25 08:05:00,34.89,34.92,34.87,34.92,39555
911,2023-10-25 08:00:00,34.82,34.99,34.46,34.89,381850
912,2023-10-25 07:55:00,34.83,34.83,34.79,34.83,45785
913,2023-10-25 07:50:00,34.879,34.88,34.81,34.83,44895
914,2023-10-25 07:45:00,34.87,34.89,34.83,34.88,23432
915,2023-10-25 07:40:00,34.91,34.91,34.85,34.86,94669
916,2023-10-25 07:35:00,34.91,34.93,34.88,34.92,38800
917,2023-10-25 07:30:00,34.89,34.93,34.87,34.91,31150
918,2023-10-25 07:25:00,34.89,34.91,34.84,34.88,21548
919,2023-10-25 07:20:00,34.8,34.9,34.8,34.89,18271
920,2023-10-25 07:15:00,34.89,34.92,34.81,34.81,33532
921,2023-10-25 07:10:00,34.87,34.91,34.86,34.9,22409
922,2023-10-25 07:05:00,34.84,34.89,34.82,34.89,12127
923,2023-10-25 07:00:00,34.84,34.87,34.81,34.85,50275
924,2023-10-25 06:55:00,34.77,34.85,34.77,34.83,13845
925,2023-10-25 06:50:00,34.77,34.79,34.76,34.77,7380
926,2023-10-25 06:45:00,34.8,34.81,34.75,34.76,13013
927,2023-10-25 06:40:00,34.78,34.81,34.76,34.8,5419
928,2023-10-25 06:35:00,34.77,34.78,34.75,34.78,10656
929,2023-10-25 06:30:00,34.78,34.78,34.73,34.77,31520
930,2023-10-25 06:25:00,34.73,34.77,34.71,34.77,13055
931,2023-10-25 06:20:00,34.7,34.74,34.69,34.72,8972
932,2023-10-25 06:15:00,34.65,34.71,34.62,34.7,11874
933,2023-10-25 06:10:00,34.62,34.66,34.57,34.66,19459
934,2023-10-25 06:05:00,34.73,34.73,34.6,34.62,29361
935,2023-10-25 06:00:00,34.71,34.74,34.68,34.73,9959
936,2023-10-25 05:55:00,34.75,34.76,34.71,34.71,6607
937,2023-10-25 05:50:00,34.67,34.75,34.67,34.74,6684
938,2023-10-25 05:45:00,34.71,34.71,34.66,34.67,18293
939,2023-10-25 05:40:00,34.75,34.76,34.69,34.72,16110
940,2023-10-25 05:35:00,34.81,34.83,34.75,34.75,13109
941,2023-10-25 05:30:00,34.78,34.8,34.77,34.8,19567
942,2023-10-25 05:25:00,34.73,34.77,34.73,34.77,14138
943,2023-10-25 05:20:00,34.65,34.75,34.65,34.73,18904
944,2023-10-25 05:15:00,34.65,34.7,34.64,34.65,27538
945,2023-10-25 05:10:00,34.64,34.66,34.63,34.65,23337
946,2023-10-25 05:05:00,34.68,34.68,34.61,34.64,46205
947,2023-10-25 05:00:00,34.75,34.76,34.68,34.68,42016
948,2023-10-25 04:55:00,34.71,34.76,34.71,34.75,24913
949,2023-10-25 04:50:00,34.78,34.79,34.7,34.71,62258
950,2023-10-25 04:45:00,34.84,34.85,34.79,34.79,29904
951,2023-10-25 04:40:00,34.77,34.84,34.73,34.84,28963
952,2023-10-25 04:35:00,34.83,34.83,34.77,34.78,38351
953,2023-10-25 04:30:00,34.81,34.83,34.79,34.82,20401
954,2023-10-25 04:25:00,34.76,34.82,34.76,34.81,24101
955,2023-10-25 04:20:00,34.69,34.76,34.68,34.76,29133
956,2023-10-25 04:15:00,34.73,34.77,34.66,34.68,115415
957,2023-10-25 04:10:00,34.73,34.78,34.71,34.72,48373
958,2023-10-25 04:05:00,34.62,34.74,34.6,34.74,52997
959,2023-10-25 04:00:00,34.66,34.98,34.61,34.62,204722
960,2023-10-24 19:55:00,35.16,35.17,35.13,35.15,25425
961,2023-10-24 19:50:00,35.18,35.18,35.15,35.16,15774
962,2023-10-24 19:45:00,35.16,35.19,35.15,35.18,18994
963,2023-10-24 19:40:00,35.15,35.16,35.13,35.16,5972
964,2023-10-24 19:35:00,35.12,35.16,35.1,35.16,18434
965,2023-10-24 19:30:00,35.07,35.13,35.07,35.13,10616
966,2023-10-24 19:25:00,35.09,35.09,35.07,35.08,6362
967,2023-10-24 19:20:00,35.1,35.1,35.07,35.08,17546
968,2023-10-24 19:15:00,35.11,35.12,35.08,35.09,8690
969,2023-10-24 19:10:00,35.1,35.11,35.08,35.1,23403
970,2023-10-24 19:05:00,35.13,35.14,35.08,35.11,65721
971,2023-10-24 19:00:00,35.12,35.13,35.105,35.13,30901
972,2023-10-24 18:55:00,35.14,35.15,35.11,35.12,19651
973,2023-10-24 18:50:00,35.15,35.17,35.13,35.14,25142
974,2023-10-24 18:45:00,35.09,35.15,35.06,35.14,13161
975,2023-10-24 18:40:00,35.09,35.1,35.06,35.08,9075
976,2023-10-24 18:35:00,35.07,35.11,35.06,35.07,12917
977,2023-10-24 18:30:00,35.1,35.11,35.03,35.08,35881
978,2023-10-24 18:25:00,35.06,35.11,35.05,35.09,30676
979,2023-10-24 18:20:00,35.03,35.08,35.01,35.06,17298
980,2023-10-24 18:15:00,35.0,35.09,34.98,35.03,41147
981,2023-10-24 18:10:00,34.93,35.04,34.84,35.0,95387
982,2023-10-24 18:05:00,35.14,35.18,34.9,34.92,95467
983,2023-10-24 18:00:00,35.19,35.45,34.89,35.13,554503
984,2023-10-24 17:55:00,35.135,35.21,35.135,35.19,13440
985,2023-10-24 17:50:00,35.16,35.18,35.14,35.15,26045
986,2023-10-24 17:45:00,35.09,35.16,35.09,35.16,39538
987,2023-10-24 17:40:00,35.12,35.13,35.08,35.09,29555
988,2023-10-24 17:35:00,35.16,35.17,35.1,35.13,50521
989,2023-10-24 17:30:00,35.16,35.17,35.16,35.16,12739
990,2023-10-24 17:25:00,35.17,35.17,35.16,35.17,16632
991,2023-10-24 17:20:00,35.16,35.17,35.15,35.16,18731
992,2023-10-24 17:15:00,35.2,35.21,35.15,35.16,15453
993,2023-10-24 17:10:00,35.18,35.21,35.17,35.2,28157
994,2023-10-24 17:05:00,35.22,35.24,35.16,35.18,27089
995,2023-10-24 17:00:00,35.25,35.26,35.2,35.22,17974
996,2023-10-24 16:55:00,35.19,35.27,35.15,35.26,133364
997,2023-10-24 16:50:00,35.27,35.27,35.19,35.2,71622
998,2023-10-24 16:45:00,35.28,35.29,35.22,35.27,65550
999,2023-10-24 16:40:00,35.279,35.33,35.25,35.29,18806
1000,2023-10-24 16:35:00,35.32,35.33,35.22,35.28,49418
1001,2023-10-24 16:30:00,35.27,35.32,35.24,35.31,54089
1002,2023-10-24 16:25:00,35.36,35.37,35.2,35.27,90273
1003,2023-10-24 16:20:00,35.37,35.38,35.28,35.38,113972
1004,2023-10-24 16:15:00,35.36,35.44,35.33,35.37,133399
1005,2023-10-24 16:10:00,35.53,35.67,35.36,35.38,342546
1006,2023-10-24 16:05:00,35.33,35.55,35.33,35.52,503311
1007,2023-10-24 16:00:00,35.38,36.089,35.16,35.33,2083062
1008,2023-10-24 15:55:00,35.32,35.45,35.31,35.37,1916481
1009,2023-10-24 15:50:00,35.42,35.46,35.292,35.32,2426605
1010,2023-10-24 15:45:00,35.46,35.47,35.417,35.417,818488
1011,2023-10-24 15:40:00,35.38,35.47,35.38,35.47,673723
1012,2023-10-24 15:35:00,35.383,35.43,35.355,35.385,856987
1013,2023-10-24 15:30:00,35.411,35.47,35.39,35.39,903426
1014,2023-10-24 15:25:00,35.39,35.44,35.36,35.415,813502
1015,2023-10-24 15:20:00,35.37,35.43,35.324,35.39,941813
1016,2023-10-24 15:15:00,35.31,35.44,35.31,35.365,1324466
1017,2023-10-24 15:10:00,35.21,35.34,35.21,35.315,908721
1018,2023-10-24 15:05:00,35.275,35.275,35.165,35.205,884979
1019,2023-10-24 15:00:00,35.245,35.33,35.235,35.278,1171034
1020,2023-10-24 14:55:00,35.28,35.3,35.19,35.24,807354
1021,2023-10-24 14:50:00,35.27,35.31,35.17,35.289,1024989
1022,2023-10-24 14:45:00,35.25,35.29,35.21,35.27,668405
1023,2023-10-24 14:40:00,35.171,35.25,35.13,35.245,961848
1024,2023-10-24 14:35:00,35.185,35.25,35.14,35.18,1224104
1025,2023-10-24 14:30:00,35.1,35.284,35.09,35.185,1711847
1026,2023-10-24 14:25:00,35.0,35.1,34.98,35.1,1394698
1027,2023-10-24 14:20:00,34.91,35.01,34.86,34.99,804603
1028,2023-10-24 14:15:00,34.91,34.94,34.82,34.91,662370
1029,2023-10-24 14:10:00,34.92,34.946,34.81,34.905,959477
1030,2023-10-24 14:05:00,34.845,34.97,34.842,34.919,913290
1031,2023-10-24 14:00:00,34.86,34.94,34.82,34.84,972476
1032,2023-10-24 13:55:00,34.88,34.9,34.76,34.864,1180849
1033,2023-10-24 13:50:00,34.87,34.95,34.84,34.87,722051
1034,2023-10-24 13:45:00,34.896,34.935,34.825,34.865,960346
1035,2023-10-24 13:40:00,34.888,34.93,34.84,34.89,667170
1036,2023-10-24 13:35:00,34.85,34.91,34.824,34.89,1199881
1037,2023-10-24 13:30:00,34.865,34.98,34.83,34.845,1843946
1038,2023-10-24 13:25:00,34.772,34.87,34.734,34.865,1577294
1039,2023-10-24 13:20:00,34.69,34.81,34.672,34.775,1939439
1040,2023-10-24 13:15:00,34.605,34.696,34.55,34.69,879379
1041,2023-10-24 13:10:00,34.67,34.67,34.51,34.605,1278308
1042,2023-10-24 13:05:00,34.56,34.69,34.54,34.67,1210774
1043,2023-10-24 13:00:00,34.515,34.59,34.48,34.555,1380735
1044,2023-10-24 12:55:00,34.44,34.53,34.4,34.52,1187685
1045,2023-10-24 12:50:00,34.48,34.51,34.4,34.43,762678
1046,2023-10-24 12:45:00,34.485,34.53,34.41,34.48,1212446
1047,2023-10-24 12:40:00,34.59,34.61,34.47,34.49,970383
1048,2023-10-24 12:35:00,34.615,34.65,34.54,34.59,922610
1049,2023-10-24 12:30:00,34.66,34.7,34.57,34.615,1089443
1050,2023-10-24 12:25:00,34.75,34.78,34.6,34.65,1540178
1051,2023-10-24 12:20:00,34.87,34.895,34.74,34.75,1347891
1052,2023-10-24 12:15:00,35.04,35.04,34.864,34.87,1488436
1053,2023-10-24 12:10:00,35.064,35.11,35.02,35.045,655071
1054,2023-10-24 12:05:00,35.1,35.11,35.024,35.07,876147
1055,2023-10-24 12:00:00,35.2,35.29,35.07,35.096,1738187
1056,2023-10-24 11:55:00,35.14,35.21,35.04,35.2,1308573
1057,2023-10-24 11:50:00,35.07,35.15,35.0,35.145,1455968
1058,2023-10-24 11:45:00,34.98,35.12,34.96,35.076,1019173
1059,2023-10-24 11:40:00,34.945,35.035,34.896,34.98,968509
1060,2023-10-24 11:35:00,35.06,35.08,34.9,34.94,1982555
1061,2023-10-24 11:30:00,35.06,35.12,34.98,35.061,1457115
1062,2023-10-24 11:25:00,35.126,35.17,35.04,35.06,946059
1063,2023-10-24 11:20:00,35.255,35.305,35.01,35.125,1674314
1064,2023-10-24 11:15:00,35.345,35.355,35.24,35.26,942929
1065,2023-10-24 11:10:00,35.34,35.405,35.25,35.35,725211
1066,2023-10-24 11:05:00,35.46,35.46,35.32,35.335,1124110
1067,2023-10-24 11:00:00,35.377,35.47,35.22,35.46,2045536
1068,2023-10-24 10:55:00,35.32,35.39,35.28,35.375,1179633
1069,2023-10-24 10:50:00,35.546,35.58,35.29,35.315,1559857
1070,2023-10-24 10:45:00,35.44,35.59,35.38,35.544,1940772
1071,2023-10-24 10:40:00,35.5,35.515,35.342,35.437,1545686
1072,2023-10-24 10:35:00,35.36,35.54,35.281,35.51,2448104
1073,2023-10-24 10:30:00,35.38,35.42,35.26,35.36,1985281
1074,2023-10-24 10:25:00,35.28,35.39,35.16,35.385,1627076
1075,2023-10-24 10:20:00,34.961,35.32,34.92,35.278,2458168
1076,2023-10-24 10:15:00,35.15,35.19,34.94,34.97,1462224
1077,2023-10-24 10:10:00,35.28,35.33,35.07,35.15,1915574
1078,2023-10-24 10:05:00,34.98,35.3,34.98,35.29,2131024
1079,2023-10-24 10:00:00,35.226,35.27,34.905,34.98,2634411
1080,2023-10-24 09:55:00,34.99,35.24,34.88,35.235,2343540
1081,2023-10-24 09:50:00,34.86,35.06,34.765,34.99,2854344
1082,2023-10-24 09:45:00,35.195,35.195,34.835,34.854,3793618
1083,2023-10-24 09:40:00,35.14,35.31,35.07,35.2,2937294
1084,2023-10-24 09:35:00,35.135,35.18,34.94,35.13,3856988
1085,2023-10-24 09:30:00,34.9,35.15,34.784,35.13,4835126
1086,2023-10-24 09:25:00,34.89,34.93,34.85,34.89,371327
1087,2023-10-24 09:20:00,34.84,34.895,34.82,34.89,200507
1088,2023-10-24 09:15:00,34.95,34.95,34.84,34.84,164165
1089,2023-10-24 09:10:00,34.92,34.97,34.9,34.95,181359
1090,2023-10-24 09:05:00,34.96,34.98,34.9,34.92,157291
1091,2023-10-24 09:00:00,35.06,35.07,34.96,34.97,83516
1092,2023-10-24 08:55:00,35.0,35.07,35.0,35.065,75314
1093,2023-10-24 08:50:00,34.98,35.03,34.968,34.995,90022
1094,2023-10-24 08:45:00,35.01,35.05,34.97,34.98,166570
1095,2023-10-24 08:40:00,35.052,35.09,35.01,35.01,67783
1096,2023-10-24 08:35:00,35.07,35.095,34.99,35.05,85375
1097,2023-10-24 08:30:00,35.06,35.1,35.06,35.07,41824
1098,2023-10-24 08:25:00,35.1,35.11,35.06,35.07,47556
1099,2023-10-24 08:20:00,35.0,35.11,35.0,35.11,138759
1100,2023-10-24 08:15:00,34.98,35.0,34.93,35.0,59266
1101,2023-10-24 08:10:00,35.01,35.018,34.96,34.98,36589
1102,2023-10-24 08:05:00,34.96,35.02,34.93,35.01,124305
1103,2023-10-24 08:00:00,35.01,35.2,34.642,34.96,615420
1104,2023-10-24 07:55:00,35.09,35.12,35.079,35.09,107430
1105,2023-10-24 07:50:00,35.07,35.12,35.07,35.09,31088
1106,2023-10-24 07:45:00,35.1,35.13,35.07,35.07,25522
1107,2023-10-24 07:40:00,35.13,35.13,35.09,35.1,136921
1108,2023-10-24 07:35:00,35.17,35.17,35.11,35.13,42472
1109,2023-10-24 07:30:00,35.18,35.18,35.14,35.17,38187
1110,2023-10-24 07:25:00,35.16,35.18,35.14,35.18,23054
1111,2023-10-24 07:20:00,35.1,35.16,35.1,35.16,50921
1112,2023-10-24 07:15:00,35.07,35.11,35.07,35.1,22705
1113,2023-10-24 07:10:00,35.08,35.09,35.01,35.06,19077
1114,2023-10-24 07:05:00,35.03,35.08,35.03,35.07,41610
1115,2023-10-24 07:00:00,35.02,35.04,34.99,35.03,35567
1116,2023-10-24 06:55:00,35.04,35.06,35.0,35.01,14119
1117,2023-10-24 06:50:00,35.07,35.07,35.02,35.03,6119
1118,2023-10-24 06:45:00,34.98,35.06,34.98,35.06,9358
1119,2023-10-24 06:40:00,35.04,35.04,34.97,34.99,8188
1120,2023-10-24 06:35:00,35.02,35.05,34.99,35.05,24036
1121,2023-10-24 06:30:00,34.95,35.03,34.94,35.01,17085
1122,2023-10-24 06:25:00,34.97,34.99,34.95,34.95,17286
1123,2023-10-24 06:20:00,34.99,34.99,34.92,34.97,16719
1124,2023-10-24 06:15:00,35.06,35.06,34.97,34.99,34712
1125,2023-10-24 06:10:00,35.07,35.09,35.03,35.05,19870
1126,2023-10-24 06:05:00,35.06,35.1,35.06,35.08,20118
1127,2023-10-24 06:00:00,35.09,35.13,35.03,35.05,36325
1128,2023-10-24 05:55:00,35.09,35.1,35.06,35.09,15393
1129,2023-10-24 05:50:00,35.13,35.13,35.07,35.09,12082
1130,2023-10-24 05:45:00,35.06,35.14,35.06,35.14,7785
1131,2023-10-24 05:40:00,35.07,35.11,35.05,35.05,27254
1132,2023-10-24 05:35:00,35.05,35.08,35.03,35.07,27842
1133,2023-10-24 05:30:00,35.0,35.05,35.0,35.04,11247
1134,2023-10-24 05:25:00,34.99,35.0,34.98,35.0,14807
1135,2023-10-24 05:20:00,34.98,35.0,34.96,34.98,22081
1136,2023-10-24 05:15:00,34.92,34.98,34.92,34.97,23102
1137,2023-10-24 05:10:00,34.91,34.94,34.9,34.92,6998
1138,2023-10-24 05:05:00,34.92,34.93,34.87,34.89,15016
1139,2023-10-24 05:00:00,34.89,34.93,34.86,34.93,23855
1140,2023-10-24 04:55:00,34.87,34.91,34.85,34.89,18514
1141,2023-10-24 04:50:00,34.89,34.92,34.86,34.87,35269
1142,2023-10-24 04:45:00,34.83,34.89,34.78,34.87,30795
1143,2023-10-24 04:40:00,34.7,34.83,34.69,34.83,49912
1144,2023-10-24 04:35:00,34.72,34.76,34.63,34.69,23358
1145,2023-10-24 04:30:00,34.83,34.85,34.69,34.71,49161
1146,2023-10-24 04:25:00,34.86,34.88,34.82,34.84,35497
1147,2023-10-24 04:20:00,34.8,34.89,34.77,34.87,38704
1148,2023-10-24 04:15:00,34.92,34.93,34.8,34.8,53510
1149,2023-10-24 04:10:00,34.94,34.97,34.89,34.92,35902
1150,2023-10-24 04:05:00,34.93,34.97,34.93,34.95,13721
1151,2023-10-24 04:00:00,34.95,35.02,34.86,34.93,74585
1152,2023-10-23 19:55:00,34.76,34.78,34.75,34.78,49287
1153,2023-10-23 19:50:00,34.76,34.77,34.74,34.76,113105
1154,2023-10-23 19:45:00,34.69,34.77,34.69,34.76,17715
1155,2023-10-23 19:40:00,34.69,34.7,34.68,34.69,11689
1156,2023-10-23 19:35:00,34.69,34.7,34.67,34.69,7895
1157,2023-10-23 19:30:00,34.71,34.72,34.67,34.69,12854
1158,2023-10-23 19:25:00,34.7,34.72,34.7,34.71,13219
1159,2023-10-23 19:20:00,34.69,34.71,34.67,34.71,39217
1160,2023-10-23 19:15:00,34.68,34.69,34.68,34.69,21402
1161,2023-10-23 19:10:00,34.69,34.69,34.67,34.69,9348
1162,2023-10-23 19:05:00,34.68,34.69,34.671,34.69,9284
1163,2023-10-23 19:00:00,34.66,34.69,34.66,34.69,6967
1164,2023-10-23 18:55:00,34.66,34.67,34.65,34.66,18677
1165,2023-10-23 18:50:00,34.65,34.65,34.62,34.65,28183
1166,2023-10-23 18:45:00,34.65,34.66,34.64,34.64,36887
1167,2023-10-23 18:40:00,34.64,34.65,34.62,34.65,17030
1168,2023-10-23 18:35:00,34.635,34.66,34.63,34.64,7239
1169,2023-10-23 18:30:00,34.68,34.68,34.63,34.63,31223
1170,2023-10-23 18:25:00,34.62,34.68,34.62,34.66,15855
1171,2023-10-23 18:20:00,34.63,34.64,34.62,34.625,45171
1172,2023-10-23 18:15:00,34.65,34.65,34.62,34.63,10752
1173,2023-10-23 18:10:00,34.6,34.64,34.6,34.64,5479
1174,2023-10-23 18:05:00,34.61,34.62,34.6,34.61,41792
1175,2023-10-23 18:00:00,34.69,34.69,34.6,34.61,41422
1176,2023-10-23 17:55:00,34.69,34.7,34.68,34.69,13617
1177,2023-10-23 17:50:00,34.69,34.69,34.67,34.69,13094
1178,2023-10-23 17:45:00,34.67,34.69,34.66,34.69,11898
1179,2023-10-23 17:40:00,34.65,34.67,34.65,34.67,2397
1180,2023-10-23 17:35:00,34.66,34.67,34.63,34.67,2079
1181,2023-10-23 17:30:00,34.64,34.66,34.63,34.66,6453
1182,2023-10-23 17:25:00,34.61,34.65,34.61,34.65,8719
1183,2023-10-23 17:20:00,34.65,34.66,34.61,34.61,7957
1184,2023-10-23 17:15:00,34.65,34.68,34.64,34.64,7020
1185,2023-10-23 17:10:00,34.65,34.67,34.65,34.65,12875
1186,2023-10-23 17:05:00,34.669,34.67,34.65,34.65,10667
1187,2023-10-23 17:00:00,34.67,34.67,34.65,34.66,3985
1188,2023-10-23 16:55:00,34.66,34.68,34.65,34.66,28681
1189,2023-10-23 16:50:00,34.67,34.69,34.66,34.66,27927
1190,2023-10-23 16:45:00,34.69,34.7,34.66,34.67,58374
1191,2023-10-23 16:40:00,34.66,34.7,34.65,34.691,67541
1192,2023-10-23 16:35:00,34.649,34.67,34.64,34.66,41691
1193,2023-10-23 16:30:00,34.61,34.64,34.6,34.64,59555
1194,2023-10-23 16:25:00,34.6,34.62,34.59,34.62,74853
1195,2023-10-23 16:20:00,34.61,34.61,34.59,34.59,31770
1196,2023-10-23 16:15:00,34.39,34.61,34.39,34.61,54953
1197,2023-10-23 16:10:00,34.62,34.63,34.58,34.59,139409
1198,2023-10-23 16:05:00,34.55,34.63,34.55,34.62,203632
1199,2023-10-23 16:00:00,34.38,34.55,34.37,34.55,776856
1200,2023-10-23 15:55:00,34.38,34.46,34.33,34.38,2055005
1201,2023-10-23 15:50:00,34.6,34.6,34.37,34.376,1916464
1202,2023-10-23 15:45:00,34.505,34.6,34.465,34.6,1585149
1203,2023-10-23 15:40:00,34.46,34.57,34.44,34.51,1437701
1204,2023-10-23 15:35:00,34.57,34.58,34.42,34.46,909771
1205,2023-10-23 15:30:00,34.6,34.6,34.49,34.567,1575383
1206,2023-10-23 15:25:00,34.63,34.73,34.577,34.605,1037122
1207,2023-10-23 15:20:00,34.83,34.835,34.56,34.636,1511907
1208,2023-10-23 15:15:00,34.81,34.86,34.77,34.825,754122
1209,2023-10-23 15:10:00,34.93,34.93,34.64,34.81,2193139
1210,2023-10-23 15:05:00,35.02,35.045,34.86,34.926,1120307
1211,2023-10-23 15:00:00,34.89,35.029,34.88,35.01,5506831
1212,2023-10-23 14:55:00,34.925,34.96,34.76,34.89,808504
1213,2023-10-23 14:50:00,34.93,34.95,34.82,34.926,582635
1214,2023-10-23 14:45:00,34.85,35.0,34.795,34.935,924161
1215,2023-10-23 14:40:00,34.948,35.035,34.79,34.85,1432352
1216,2023-10-23 14:35:00,34.8,34.95,34.78,34.949,792359
1217,2023-10-23 14:30:00,34.92,34.95,34.8,34.81,972404
1218,2023-10-23 14:25:00,34.92,34.99,34.89,34.92,611049
1219,2023-10-23 14:20:00,34.905,34.98,34.81,34.92,1324419
1220,2023-10-23 14:15:00,35.035,35.07,34.87,34.9,1152131
1221,2023-10-23 14:10:00,35.145,35.15,34.99,35.035,1247316
1222,2023-10-23 14:05:00,35.08,35.17,35.07,35.145,1021909
1223,2023-10-23 14:00:00,35.02,35.078,34.93,35.075,1356984
1224,2023-10-23 13:55:00,35.14,35.15,34.96,35.025,1116729
1225,2023-10-23 13:50:00,35.23,35.258,35.14,35.14,816705
1226,2023-10-23 13:45:00,35.13,35.275,35.075,35.22,918470
1227,2023-10-23 13:40:00,35.095,35.16,35.05,35.13,805181
1228,2023-10-23 13:35:00,35.05,35.13,35.03,35.095,877092
1229,2023-10-23 13:30:00,34.99,35.07,34.9,35.04,1261940
1230,2023-10-23 13:25:00,35.0,35.03,34.93,34.99,845864
1231,2023-10-23 13:20:00,34.959,35.09,34.91,35.006,1566865
1232,2023-10-23 13:15:00,35.13,35.14,34.93,34.951,1527311
1233,2023-10-23 13:10:00,35.22,35.225,35.065,35.14,1487867
1234,2023-10-23 13:05:00,35.224,35.27,35.2,35.213,908017
1235,2023-10-23 13:00:00,35.4,35.41,35.17,35.221,1887965
1236,2023-10-23 12:55:00,35.015,35.4,35.01,35.396,2621932
1237,2023-10-23 12:50:00,34.945,35.04,34.94,35.016,1172382
1238,2023-10-23 12:45:00,34.903,34.98,34.901,34.94,727523
1239,2023-10-23 12:40:00,34.98,35.0,34.89,34.91,1185177
1240,2023-10-23 12:35:00,34.85,35.03,34.824,34.98,1288783
1241,2023-10-23 12:30:00,34.93,34.95,34.82,34.855,921846
1242,2023-10-23 12:25:00,34.885,34.96,34.855,34.925,1007106
1243,2023-10-23 12:20:00,34.76,34.89,34.67,34.885,1743745
1244,2023-10-23 12:15:00,34.828,34.94,34.755,34.755,1389710
1245,2023-10-23 12:10:00,34.85,34.91,34.78,34.83,1133712
1246,2023-10-23 12:05:00,34.69,34.87,34.69,34.844,1144473
1247,2023-10-23 12:00:00,34.76,34.78,34.67,34.7,1064631
1248,2023-10-23 11:55:00,34.62,34.77,34.591,34.756,961443
1249,2023-10-23 11:50:00,34.62,34.69,34.58,34.63,853780
1250,2023-10-23 11:45:00,34.635,34.68,34.54,34.615,1502068
1251,2023-10-23 11:40:00,34.79,34.8,34.624,34.63,1381095
1252,2023-10-23 11:35:00,34.67,34.82,34.62,34.795,1604028
1253,2023-10-23 11:30:00,34.64,34.696,34.58,34.68,1048983
1254,2023-10-23 11:25:00,34.61,34.68,34.575,34.639,988583
1255,2023-10-23 11:20:00,34.575,34.69,34.56,34.61,1938388
1256,2023-10-23 11:15:00,34.52,34.6,34.49,34.58,1454511
1257,2023-10-23 11:10:00,34.35,34.53,34.33,34.525,1535535
1258,2023-10-23 11:05:00,34.33,34.46,34.271,34.341,1719475
1259,2023-10-23 11:00:00,34.359,34.41,34.28,34.325,1728413
1260,2023-10-23 10:55:00,34.155,34.36,34.13,34.351,1164647
1261,2023-10-23 10:50:00,34.175,34.28,34.14,34.155,1086169
1262,2023-10-23 10:45:00,34.285,34.296,34.12,34.175,1000966
1263,2023-10-23 10:40:00,34.171,34.32,34.09,34.286,1817626
1264,2023-10-23 10:35:00,33.99,34.195,33.891,34.179,2233682
1265,2023-10-23 10:30:00,34.12,34.19,33.91,33.99,2208331
1266,2023-10-23 10:25:00,34.22,34.26,34.1,34.125,1878992
1267,2023-10-23 10:20:00,34.149,34.25,34.01,34.221,2121260
1268,2023-10-23 10:15:00,34.05,34.16,33.9,34.14,2253716
1269,2023-10-23 10:10:00,33.865,34.07,33.865,34.056,2268844
1270,2023-10-23 10:05:00,33.92,34.0,33.85,33.86,1879283
1271,2023-10-23 10:00:00,33.904,33.93,33.721,33.915,2000994
1272,2023-10-23 09:55:00,33.76,33.95,33.695,33.91,2295861
1273,2023-10-23 09:50:00,33.659,33.83,33.54,33.75,3079282
1274,2023-10-23 09:45:00,33.128,33.7,33.09,33.65,4930428
1275,2023-10-23 09:40:00,33.28,33.29,33.06,33.121,3419788
1276,2023-10-23 09:35:00,33.52,33.537,33.25,33.29,4048984
1277,2023-10-23 09:30:00,33.675,33.867,33.473,33.53,4513049
1278,2023-10-23 09:25:00,33.67,33.7,33.59,33.66,291258
1279,2023-10-23 09:20:00,33.66,33.68,33.6,33.678,147064
1280,2023-10-23 09:15:00,33.69,33.72,33.65,33.66,101689
1281,2023-10-23 09:10:00,33.71,33.75,33.67,33.69,95589
1282,2023-10-23 09:05:00,33.77,33.81,33.71,33.71,142100
1283,2023-10-23 09:00:00,33.71,33.77,33.7,33.76,94036
1284,2023-10-23 08:55:00,33.71,33.74,33.67,33.7,49763
1285,2023-10-23 08:50:00,33.7,33.78,33.67,33.72,92847
1286,2023-10-23 08:45:00,33.77,33.8,33.68,33.71,138963
1287,2023-10-23 08:40:00,33.82,33.83,33.76,33.76,141902
1288,2023-10-23 08:35:00,33.72,33.83,33.7,33.82,86538
1289,2023-10-23 08:30:00,33.71,33.75,33.66,33.72,114953
1290,2023-10-23 08:25:00,33.69,33.84,33.689,33.71,368594
1291,2023-10-23 08:20:00,33.66,33.74,33.66,33.7,91638
1292,2023-10-23 08:15:00,33.54,33.69,33.51,33.66,67771
1293,2023-10-23 08:10:00,33.51,33.58,33.51,33.533,46913
1294,2023-10-23 08:05:00,33.57,33.6,33.5,33.51,97690
1295,2023-10-23 08:00:00,33.48,34.39,33.118,33.57,857899
1296,2023-10-23 07:55:00,33.71,33.71,33.57,33.61,79332
1297,2023-10-23 07:50:00,33.7,33.73,33.69,33.7,95198
1298,2023-10-23 07:45:00,33.78,33.78,33.7,33.7,53886
1299,2023-10-23 07:40:00,33.66,33.78,33.62,33.77,73887
1300,2023-10-23 07:35:00,33.53,33.68,33.51,33.67,37467
1301,2023-10-23 07:30:00,33.52,33.54,33.48,33.53,46213
1302,2023-10-23 07:25:00,33.49,33.55,33.46,33.51,47913
1303,2023-10-23 07:20:00,33.53,33.54,33.49,33.49,17108
1304,2023-10-23 07:15:00,33.47,33.56,33.47,33.53,47966
1305,2023-10-23 07:10:00,33.43,33.501,33.42,33.47,39076
1306,2023-10-23 07:05:00,33.45,33.51,33.42,33.43,22632
1307,2023-10-23 07:00:00,33.48,33.52,33.41,33.45,83924
1308,2023-10-23 06:55:00,33.45,33.49,33.42,33.49,43231
1309,2023-10-23 06:50:00,33.45,33.46,33.43,33.45,18164
1310,2023-10-23 06:45:00,33.43,33.47,33.43,33.45,32675
1311,2023-10-23 06:40:00,33.4,33.45,33.36,33.44,51310
1312,2023-10-23 06:35:00,33.33,33.41,33.32,33.4,41088
1313,2023-10-23 06:30:00,33.31,33.34,33.3,33.33,22356
1314,2023-10-23 06:25:00,33.32,33.36,33.3,33.31,16145
1315,2023-10-23 06:20:00,33.31,33.34,33.28,33.32,33467
1316,2023-10-23 06:15:00,33.28,33.36,33.27,33.31,60147
1317,2023-10-23 06:10:00,33.33,33.34,33.29,33.29,40688
1318,2023-10-23 06:05:00,33.33,33.35,33.27,33.33,35610
1319,2023-10-23 06:00:00,33.19,33.34,33.19,33.34,43202
1320,2023-10-23 05:55:00,33.25,33.28,33.16,33.2,48927
1321,2023-10-23 05:50:00,33.15,33.26,33.14,33.26,51986
1322,2023-10-23 05:45:00,33.26,33.28,33.11,33.14,85121
1323,2023-10-23 05:40:00,33.25,33.28,33.2,33.27,252595
1324,2023-10-23 05:35:00,33.32,33.36,33.24,33.25,95133
1325,2023-10-23 05:30:00,33.56,33.57,33.28,33.31,134540
1326,2023-10-23 05:25:00,33.66,33.67,33.56,33.56,59200
1327,2023-10-23 05:20:00,33.71,33.73,33.66,33.66,33642
1328,2023-10-23 05:15:00,33.62,33.73,33.6,33.71,77161
1329,2023-10-23 05:10:00,33.68,33.69,33.6,33.62,81143
1330,2023-10-23 05:05:00,33.77,33.78,33.66,33.68,82184
1331,2023-10-23 05:00:00,33.87,33.87,33.74,33.77,65929
1332,2023-10-23 04:55:00,33.93,33.97,33.87,33.87,16881
1333,2023-10-23 04:50:00,33.99,34.01,33.9,33.93,23632
1334,2023-10-23 04:45:00,34.0,34.05,33.98,33.99,10280
1335,2023-10-23 04:40:00,34.04,34.04,33.97,33.99,9639
1336,2023-10-23 04:35:00,33.98,34.06,33.94,34.04,25401
1337,2023-10-23 04:30:00,34.03,34.04,33.91,33.98,30994
1338,2023-10-23 04:25:00,34.08,34.09,34.04,34.04,22535
1339,2023-10-23 04:20:00,34.11,34.11,34.03,34.08,19320
1340,2023-10-23 04:15:00,34.1,34.15,34.09,34.11,24454
1341,2023-10-23 04:10:00,34.03,34.14,34.02,34.1,57476
1342,2023-10-23 04:05:00,33.89,34.07,33.88,34.03,53316
1343,2023-10-23 04:00:00,33.93,34.17,33.87,33.89,177259
1344,2023-10-20 19:55:00,33.945,33.95,33.931,33.931,46860
1345,2023-10-20 19:50:00,33.96,33.96,33.93,33.945,42178
1346,2023-10-20 19:45:00,33.96,33.97,33.95,33.96,20394
1347,2023-10-20 19:40:00,33.96,33.97,33.95,33.96,9687
1348,2023-10-20 19:35:00,33.96,33.96,33.95,33.96,11174
1349,2023-10-20 19:30:00,33.965,33.97,33.95,33.96,10775
1350,2023-10-20 19:25:00,33.97,33.98,33.96,33.96,18206
1351,2023-10-20 19:20:00,33.97,33.98,33.97,33.975,4663
1352,2023-10-20 19:15:00,33.98,33.98,33.97,33.975,20224
1353,2023-10-20 19:10:00,33.97,33.98,33.96,33.98,20075
1354,2023-10-20 19:05:00,33.97,33.98,33.97,33.98,8572
1355,2023-10-20 19:00:00,33.98,33.98,33.97,33.98,12377
1356,2023-10-20 18:55:00,33.97,33.98,33.96,33.98,33004
1357,2023-10-20 18:50:00,33.98,33.99,33.97,33.98,12728
1358,2023-10-20 18:45:00,34.0,34.0,33.98,33.98,21014
1359,2023-10-20 18:40:00,33.99,34.0,33.98,34.0,11956
1360,2023-10-20 18:35:00,33.989,33.99,33.98,33.99,10130
1361,2023-10-20 18:30:00,33.99,33.99,33.98,33.99,6702
1362,2023-10-20 18:25:00,33.98,34.0,33.97,33.98,8091
1363,2023-10-20 18:20:00,33.98,33.98,33.96,33.98,14332
1364,2023-10-20 18:15:00,33.97,33.98,33.96,33.98,13104
1365,2023-10-20 18:10:00,33.98,33.98,33.96,33.97,8373
1366,2023-10-20 18:05:00,33.98,33.98,33.96,33.98,16754
1367,2023-10-20 18:00:00,34.0,34.0,33.97,33.98,6564
1368,2023-10-20 17:55:00,34.0,34.0,33.99,34.0,11836
1369,2023-10-20 17:50:00,34.0,34.0,33.98,34.0,10020
1370,2023-10-20 17:45:00,33.98,34.01,33.98,34.0,58876
1371,2023-10-20 17:40:00,33.97,33.98,33.95,33.98,27134
1372,2023-10-20 17:35:00,33.98,33.98,33.96,33.97,25996
1373,2023-10-20 17:30:00,33.991,34.0,33.96,33.98,16850
1374,2023-10-20 17:25:00,33.99,34.0,33.98,34.0,26032
1375,2023-10-20 17:20:00,33.99,33.99,33.98,33.99,7061
1376,2023-10-20 17:15:00,33.98,33.99,33.97,33.99,13240
1377,2023-10-20 17:10:00,34.0,34.0,33.98,33.98,10182
1378,2023-10-20 17:05:00,34.01,34.01,33.98,34.0,31135
1379,2023-10-20 17:00:00,34.0,34.02,34.0,34.01,21477
1380,2023-10-20 16:55:00,34.03,34.04,34.0,34.0,44562
1381,2023-10-20 16:50:00,34.03,34.06,34.03,34.03,233687
1382,2023-10-20 16:45:00,34.01,34.05,34.0,34.03,57878
1383,2023-10-20 16:40:00,34.0,34.01,33.99,34.009,21255
1384,2023-10-20 16:35:00,34.02,34.02,33.98,34.0,84020
1385,2023-10-20 16:30:00,34.03,34.04,34.01,34.02,54144
1386,2023-10-20 16:25:00,34.0,34.04,33.99,34.03,173969
1387,2023-10-20 16:20:00,33.98,34.02,33.97,34.0,81447
1388,2023-10-20 16:15:00,34.09,34.09,33.97,33.98,49305
1389,2023-10-20 16:10:00,34.04,34.04,33.985,33.99,169320
1390,2023-10-20 16:05:00,34.04,34.13,34.03,34.04,153102
1391,2023-10-20 16:00:00,34.08,34.09,33.98,34.04,803071
1392,2023-10-20 15:55:00,34.04,34.16,34.04,34.097,2898799
1393,2023-10-20 15:50:00,34.22,34.235,34.02,34.04,2851062
1394,2023-10-20 15:45:00,34.18,34.256,34.12,34.228,1648596
1395,2023-10-20 15:40:00,34.34,34.355,34.15,34.18,1556250
1396,2023-10-20 15:35:00,34.365,34.41,34.274,34.34,1019321
1397,2023-10-20 15:30:00,34.34,34.44,34.336,34.37,1252606
1398,2023-10-20 15:25:00,34.31,34.36,34.21,34.34,1364116
1399,2023-10-20 15:20:00,34.54,34.54,34.28,34.32,1473259
1400,2023-10-20 15:15:00,34.381,34.57,34.345,34.54,1317048
1401,2023-10-20 15:10:00,34.33,34.415,34.27,34.386,1223944
1402,2023-10-20 15:05:00,34.48,34.54,34.32,34.33,967171
1403,2023-10-20 15:00:00,34.43,34.585,34.39,34.475,1436069
1404,2023-10-20 14:55:00,34.475,34.605,34.4,34.425,1596889
1405,2023-10-20 14:50:00,34.41,34.5,34.35,34.47,887299
1406,2023-10-20 14:45:00,34.41,34.47,34.34,34.41,1097277
1407,2023-10-20 14:40:00,34.365,34.43,34.28,34.415,897290
1408,2023-10-20 14:35:00,34.47,34.58,34.329,34.365,1599967
1409,2023-10-20 14:30:00,34.42,34.5,34.34,34.465,1206297
1410,2023-10-20 14:25:00,34.49,34.95,34.38,34.42,897726
1411,2023-10-20 14:20:00,34.47,34.537,34.45,34.489,859491
1412,2023-10-20 14:15:00,34.61,34.655,34.4,34.465,1742411
1413,2023-10-20 14:10:00,34.85,34.87,34.59,34.62,1445626
1414,2023-10-20 14:05:00,34.83,34.89,34.756,34.85,811792
1415,2023-10-20 14:00:00,34.915,34.95,34.79,34.825,1008933
1416,2023-10-20 13:55:00,34.772,34.93,34.757,34.92,1037092
1417,2023-10-20 13:50:00,34.766,34.89,34.68,34.77,1432647
1418,2023-10-20 13:45:00,34.96,34.99,34.73,34.76,1388681
1419,2023-10-20 13:40:00,34.85,35.06,34.84,34.96,1471811
1420,2023-10-20 13:35:00,34.91,34.99,34.84,34.851,835732
1421,2023-10-20 13:30:00,34.92,34.97,34.81,34.919,1071799
1422,2023-10-20 13:25:00,34.971,34.991,34.84,34.91,1182121
1423,2023-10-20 13:20:00,35.055,35.09,34.9,34.97,1809837
1424,2023-10-20 13:15:00,34.69,35.11,34.63,35.05,3150305
1425,2023-10-20 13:10:00,34.63,34.72,34.62,34.694,755673
1426,2023-10-20 13:05:00,34.8,34.83,34.62,34.634,1373532
1427,2023-10-20 13:00:00,34.9,34.93,34.78,34.795,1335602
1428,2023-10-20 12:55:00,34.701,34.926,34.69,34.891,1917635
1429,2023-10-20 12:50:00,34.735,34.77,34.63,34.7,1188435
1430,2023-10-20 12:45:00,34.51,34.74,34.51,34.73,1644495
1431,2023-10-20 12:40:00,34.59,34.6,34.48,34.52,957974
1432,2023-10-20 12:35:00,34.59,34.69,34.54,34.59,1433391
1433,2023-10-20 12:30:00,34.41,34.6,34.41,34.59,1198587
1434,2023-10-20 12:25:00,34.54,34.54,34.4,34.41,977587
1435,2023-10-20 12:20:00,34.455,34.6,34.43,34.545,1912002
1436,2023-10-20 12:15:00,34.32,34.46,34.28,34.455,1187671
1437,2023-10-20 12:10:00,34.371,34.42,34.28,34.325,1112377
1438,2023-10-20 12:05:00,34.44,34.476,34.35,34.374,968510
1439,2023-10-20 12:00:00,34.55,34.58,34.38,34.44,1613597
1440,2023-10-20 11:55:00,34.45,34.65,34.44,34.549,2329746
1441,2023-10-20 11:50:00,34.434,34.49,34.37,34.45,1780051
1442,2023-10-20 11:45:00,34.25,34.446,34.225,34.43,2204071
1443,2023-10-20 11:40:00,34.26,34.365,34.21,34.245,1608077
1444,2023-10-20 11:35:00,34.17,34.305,34.13,34.265,1592921
1445,2023-10-20 11:30:00,34.2,34.2,34.08,34.16,1780668
1446,2023-10-20 11:25:00,34.205,34.24,34.12,34.195,1542234
1447,2023-10-20 11:20:00,34.23,34.265,34.161,34.2,1412170
1448,2023-10-20 11:15:00,34.385,34.42,34.18,34.23,2273114
1449,2023-10-20 11:10:00,34.41,34.42,34.25,34.384,2205879
1450,2023-10-20 11:05:00,34.38,34.53,34.37,34.419,2316756
1451,2023-10-20 11:00:00,34.23,34.4,34.22,34.376,1593617
1452,2023-10-20 10:55:00,34.392,34.395,34.23,34.23,2159179
1453,2023-10-20 10:50:00,34.58,34.59,34.37,34.39,1932474
1454,2023-10-20 10:45:00,34.572,34.62,34.47,34.576,2168442
1455,2023-10-20 10:40:00,34.655,34.71,34.56,34.58,1519497
1456,2023-10-20 10:35:00,34.86,34.9,34.64,34.655,2118050
1457,2023-10-20 10:30:00,34.82,34.89,34.63,34.854,2485361
1458,2023-10-20 10:25:00,34.94,34.96,34.79,34.828,1744056
1459,2023-10-20 10:20:00,35.05,35.079,34.88,34.932,1871507
1460,2023-10-20 10:15:00,34.96,35.17,34.93,35.05,2200022
1461,2023-10-20 10:10:00,35.28,35.31,34.95,34.96,3085626
1462,2023-10-20 10:05:00,35.39,35.47,35.18,35.275,1837386
1463,2023-10-20 10:00:00,35.35,35.52,35.25,35.385,2061673
1464,2023-10-20 09:55:00,35.5,35.57,35.35,35.35,1688136
1465,2023-10-20 09:50:00,35.575,35.58,35.3,35.495,2852747
1466,2023-10-20 09:45:00,35.505,35.7,35.4,35.578,2972587
1467,2023-10-20 09:40:00,35.44,35.699,35.42,35.51,3665208
1468,2023-10-20 09:35:00,35.23,35.48,35.16,35.445,4051875
1469,2023-10-20 09:30:00,35.52,35.53,35.15,35.229,2959847
1470,2023-10-20 09:25:00,35.42,35.59,35.349,35.51,403608
1471,2023-10-20 09:20:00,35.38,35.46,35.35,35.42,138067
1472,2023-10-20 09:15:00,35.31,35.39,35.3,35.39,156134
1473,2023-10-20 09:10:00,35.29,35.33,35.27,35.315,78871
1474,2023-10-20 09:05:00,35.3,35.32,35.26,35.295,96815
1475,2023-10-20 09:00:00,35.27,35.34,35.25,35.3,130531
1476,2023-10-20 08:55:00,35.24,35.3,35.22,35.27,118707
1477,2023-10-20 08:50:00,35.26,35.28,35.22,35.23,54503
1478,2023-10-20 08:45:00,35.24,35.3,35.24,35.27,76113
1479,2023-10-20 08:40:00,35.26,35.32,35.24,35.25,66338
1480,2023-10-20 08:35:00,35.23,35.29,35.2,35.26,73043
1481,2023-10-20 08:30:00,35.16,35.26,35.16,35.239,82940
1482,2023-10-20 08:25:00,35.17,35.2,35.11,35.16,253997
1483,2023-10-20 08:20:00,35.279,35.29,35.17,35.17,152211
1484,2023-10-20 08:15:00,35.33,35.33,35.26,35.28,119986
1485,2023-10-20 08:10:00,35.41,35.43,35.31,35.32,87162
1486,2023-10-20 08:05:00,35.44,35.45,35.39,35.4,54022
1487,2023-10-20 08:00:00,35.53,35.698,35.07,35.45,617416
1488,2023-10-20 07:55:00,35.5,35.58,35.49,35.54,56639
1489,2023-10-20 07:50:00,35.4,35.5,35.39,35.5,43253
1490,2023-10-20 07:45:00,35.39,35.46,35.37,35.41,33881
1491,2023-10-20 07:40:00,35.45,35.46,35.35,35.39,45467
1492,2023-10-20 07:35:00,35.42,35.45,35.4,35.44,12876
1493,2023-10-20 07:30:00,35.44,35.45,35.42,35.43,42611
1494,2023-10-20 07:25:00,35.45,35.47,35.4,35.44,23408
1495,2023-10-20 07:20:00,35.45,35.48,35.42,35.46,27097
1496,2023-10-20 07:15:00,35.44,35.48,35.43,35.46,51456
1497,2023-10-20 07:10:00,35.4,35.49,35.39,35.45,36416
1498,2023-10-20 07:05:00,35.28,35.42,35.28,35.41,39749
1499,2023-10-20 07:00:00,35.32,35.34,35.26,35.28,35218
1500,2023-10-20 06:55:00,35.32,35.35,35.29,35.32,27040
1501,2023-10-20 06:50:00,35.3,35.35,35.3,35.33,9052
1502,2023-10-20 06:45:00,35.32,35.32,35.26,35.31,11036
1503,2023-10-20 06:40:00,35.36,35.36,35.29,35.32,14445
1504,2023-10-20 06:35:00,35.32,35.39,35.32,35.36,8812
1505,2023-10-20 06:30:00,35.29,35.34,35.28,35.32,86303
1506,2023-10-20 06:25:00,35.33,35.34,35.27,35.29,91840
1507,2023-10-20 06:20:00,35.39,35.4,35.3,35.32,7659
1508,2023-10-20 06:15:00,35.38,35.42,35.36,35.39,19810
1509,2023-10-20 06:10:00,35.46,35.47,35.36,35.38,14130
1510,2023-10-20 06:05:00,35.45,35.45,35.4,35.45,7146
1511,2023-10-20 06:00:00,35.43,35.46,35.41,35.45,5449
1512,2023-10-20 05:55:00,35.44,35.49,35.43,35.44,10796
1513,2023-10-20 05:50:00,35.36,35.46,35.36,35.44,21407
1514,2023-10-20 05:45:00,35.36,35.38,35.31,35.35,19366
1515,2023-10-20 05:40:00,35.37,35.39,35.34,35.37,57677
1516,2023-10-20 05:35:00,35.39,35.42,35.35,35.38,24965
1517,2023-10-20 05:30:00,35.36,35.4,35.3,35.39,32236
1518,2023-10-20 05:25:00,35.45,35.49,35.34,35.37,38022
1519,2023-10-20 05:20:00,35.56,35.56,35.42,35.44,50308
1520,2023-10-20 05:15:00,35.53,35.57,35.5,35.56,37878
1521,2023-10-20 05:10:00,35.52,35.57,35.49,35.53,12628
1522,2023-10-20 05:05:00,35.56,35.56,35.51,35.52,15096
1523,2023-10-20 05:00:00,35.57,35.57,35.53,35.55,16493
1524,2023-10-20 04:55:00,35.55,35.61,35.52,35.56,17883
1525,2023-10-20 04:50:00,35.66,35.68,35.54,35.55,35607
1526,2023-10-20 04:45:00,35.66,35.71,35.66,35.67,43767
1527,2023-10-20 04:40:00,35.63,35.67,35.62,35.66,23113
1528,2023-10-20 04:35:00,35.58,35.62,35.53,35.62,34228
1529,2023-10-20 04:30:00,35.55,35.59,35.51,35.58,45184
1530,2023-10-20 04:25:00,35.52,35.59,35.52,35.55,70428
1531,2023-10-20 04:20:00,35.46,35.54,35.46,35.52,117411
1532,2023-10-20 04:15:00,35.43,35.47,35.39,35.46,28060
1533,2023-10-20 04:10:00,35.34,35.47,35.34,35.42,70028
1534,2023-10-20 04:05:00,35.36,35.41,35.32,35.34,110036
1535,2023-10-20 04:00:00,35.3,35.75,35.23,35.36,67994
1536,2023-10-19 19:55:00,35.34,35.38,35.325,35.37,54486
1537,2023-10-19 19:50:00,35.34,35.38,35.33,35.34,23674
1538,2023-10-19 19:45:00,35.35,35.35,35.32,35.335,17290
1539,2023-10-19 19:40:00,35.325,35.35,35.32,35.35,21846
1540,2023-10-19 19:35:00,35.34,35.36,35.32,35.33,37512
1541,2023-10-19 19:30:00,35.32,35.34,35.31,35.335,20974
1542,2023-10-19 19:25:00,35.25,35.33,35.25,35.32,32548
1543,2023-10-19 19:20:00,35.29,35.29,35.23,35.25,26308
1544,2023-10-19 19:15:00,35.27,35.3,35.26,35.29,19936
1545,2023-10-19 19:10:00,35.26,35.28,35.25,35.27,28056
1546,2023-10-19 19:05:00,35.27,35.29,35.25,35.26,18601
1547,2023-10-19 19:00:00,35.3,35.31,35.22,35.26,41947
1548,2023-10-19 18:55:00,35.32,35.33,35.29,35.3,19921
1549,2023-10-19 18:50:00,35.33,35.33,35.315,35.32,59231
1550,2023-10-19 18:45:00,35.35,35.35,35.32,35.33,30205
1551,2023-10-19 18:40:00,35.37,35.38,35.33,35.34,13691
1552,2023-10-19 18:35:00,35.35,35.38,35.34,35.37,5496
1553,2023-10-19 18:30:00,35.34,35.39,35.33,35.35,20482
1554,2023-10-19 18:25:00,35.36,35.37,35.33,35.34,15166
1555,2023-10-19 18:20:00,35.35,35.39,35.33,35.36,21007
1556,2023-10-19 18:15:00,35.39,35.4,35.32,35.35,32188
1557,2023-10-19 18:10:00,35.37,35.4,35.37,35.39,14072
1558,2023-10-19 18:05:00,35.42,35.42,35.29,35.37,62942
1559,2023-10-19 18:00:00,35.37,35.45,35.36,35.42,114643
1560,2023-10-19 17:55:00,35.36,35.38,35.35,35.38,15361
1561,2023-10-19 17:50:00,35.36,35.36,35.35,35.36,16916
1562,2023-10-19 17:45:00,35.36,35.37,35.35,35.36,27104
1563,2023-10-19 17:40:00,35.37,35.37,35.34,35.36,33023
1564,2023-10-19 17:35:00,35.37,35.37,35.36,35.36,10275
1565,2023-10-19 17:30:00,35.38,35.38,35.36,35.37,13105
1566,2023-10-19 17:25:00,35.36,35.38,35.35,35.38,28793
1567,2023-10-19 17:20:00,35.37,35.37,35.35,35.36,27280
1568,2023-10-19 17:15:00,35.39,35.399,35.35,35.37,108905
1569,2023-10-19 17:10:00,35.42,35.42,35.38,35.38,27822
1570,2023-10-19 17:05:00,35.43,35.43,35.41,35.41,4288
1571,2023-10-19 17:00:00,35.42,35.43,35.4,35.43,19431
1572,2023-10-19 16:55:00,35.41,35.43,35.4,35.41,17504
1573,2023-10-19 16:50:00,35.43,35.44,35.4,35.405,63300
1574,2023-10-19 16:45:00,35.41,35.43,35.38,35.43,59368
1575,2023-10-19 16:40:00,35.41,35.42,35.39,35.41,182190
1576,2023-10-19 16:35:00,35.43,35.44,35.41,35.41,21825
1577,2023-10-19 16:30:00,35.45,35.45,35.4,35.43,85896
1578,2023-10-19 16:25:00,35.47,35.48,35.44,35.45,95856
1579,2023-10-19 16:20:00,35.5,35.52,35.43,35.47,83196
1580,2023-10-19 16:15:00,35.7,35.7,35.37,35.5,205438
1581,2023-10-19 16:10:00,35.4,35.44,35.37,35.38,159669
1582,2023-10-19 16:05:00,35.4,35.42,35.358,35.4,260879
1583,2023-10-19 16:00:00,35.69,35.7,35.35,35.4,937819
1584,2023-10-19 15:55:00,35.835,35.86,35.675,35.68,2816360
1585,2023-10-19 15:50:00,35.72,35.896,35.704,35.836,3388328
1586,2023-10-19 15:45:00,35.485,35.74,35.44,35.72,2344884
1587,2023-10-19 15:40:00,35.75,35.76,35.45,35.485,2040116
1588,2023-10-19 15:35:00,35.85,35.89,35.74,35.75,1193059
1589,2023-10-19 15:30:00,35.76,35.89,35.69,35.855,1715029
1590,2023-10-19 15:25:00,35.745,35.76,35.62,35.75,1613398
1591,2023-10-19 15:20:00,35.83,35.86,35.665,35.746,1224932
1592,2023-10-19 15:15:00,35.775,35.84,35.68,35.825,1140551
1593,2023-10-19 15:10:00,35.835,35.919,35.76,35.775,1252803
1594,2023-10-19 15:05:00,35.945,36.0,35.82,35.836,1417335
1595,2023-10-19 15:00:00,35.73,35.975,35.71,35.941,1534161
1596,2023-10-19 14:55:00,35.73,35.93,35.67,35.732,1757167
1597,2023-10-19 14:50:00,35.75,35.84,35.713,35.747,1094020
1598,2023-10-19 14:45:00,35.785,35.87,35.7,35.76,1748668
1599,2023-10-19 14:40:00,35.951,35.96,35.77,35.785,1526931
1600,2023-10-19 14:35:00,36.01,36.016,35.84,35.955,3012495
1601,2023-10-19 14:30:00,36.43,36.43,36.0,36.002,2684394
1602,2023-10-19 14:25:00,36.41,36.54,36.38,36.42,1955800
1603,2023-10-19 14:20:00,36.55,36.625,36.35,36.4,2034934
1604,2023-10-19 14:15:00,36.49,36.649,36.38,36.54,1737987
1605,2023-10-19 14:10:00,36.43,36.6,36.425,36.488,1959287
1606,2023-10-19 14:05:00,36.47,36.55,36.355,36.42,1274510
1607,2023-10-19 14:00:00,36.44,36.61,36.344,36.465,1723412
1608,2023-10-19 13:55:00,36.41,36.63,36.38,36.447,1994752
1609,2023-10-19 13:50:00,36.37,36.5,36.33,36.415,1205734
1610,2023-10-19 13:45:00,36.37,36.445,36.302,36.36,1422622
1611,2023-10-19 13:40:00,36.5,36.52,36.32,36.365,1494221
1612,2023-10-19 13:35:00,36.83,36.86,36.43,36.5,1979693
1613,2023-10-19 13:30:00,36.98,37.15,36.78,36.82,1714395
1614,2023-10-19 13:25:00,36.98,37.055,36.83,36.98,1731388
1615,2023-10-19 13:20:00,37.21,37.27,36.94,36.973,2224618
1616,2023-10-19 13:15:00,37.2,37.33,37.03,37.21,2410835
1617,2023-10-19 13:10:00,37.25,37.37,37.17,37.2,2233817
1618,2023-10-19 13:05:00,37.03,37.37,36.98,37.24,3216767
1619,2023-10-19 13:00:00,36.92,37.216,36.915,37.02,3062715
1620,2023-10-19 12:55:00,36.927,37.035,36.77,36.91,2611503
1621,2023-10-19 12:50:00,36.74,36.95,36.53,36.92,5082469
1622,2023-10-19 12:45:00,36.21,36.76,36.19,36.73,4020523
1623,2023-10-19 12:40:00,36.17,36.46,36.04,36.21,4301128
1624,2023-10-19 12:35:00,36.24,36.247,35.97,36.17,5286090
1625,2023-10-19 12:30:00,36.78,36.84,36.18,36.24,3868302
1626,2023-10-19 12:25:00,37.36,37.365,36.695,36.78,3580866
1627,2023-10-19 12:20:00,37.15,37.51,37.13,37.352,3804032
1628,2023-10-19 12:15:00,36.82,37.22,36.75,37.15,2373203
1629,2023-10-19 12:10:00,36.86,36.985,36.77,36.81,1948381
1630,2023-10-19 12:05:00,37.11,37.195,36.84,36.855,2925883
1631,2023-10-19 12:00:00,36.78,37.42,36.53,37.105,8807919
1632,2023-10-19 11:55:00,36.85,36.876,36.75,36.775,1186713
1633,2023-10-19 11:50:00,36.93,36.94,36.83,36.848,1211617
1634,2023-10-19 11:45:00,36.835,36.98,36.81,36.935,1731026
1635,2023-10-19 11:40:00,36.69,36.84,36.68,36.835,1472013
1636,2023-10-19 11:35:00,36.665,36.76,36.62,36.685,1348272
1637,2023-10-19 11:30:00,36.61,36.67,36.545,36.665,985165
1638,2023-10-19 11:25:00,36.42,36.63,36.4,36.61,1591945
1639,2023-10-19 11:20:00,36.391,36.42,36.26,36.42,1354269
1640,2023-10-19 11:15:00,36.49,36.52,36.27,36.4,2190067
1641,2023-10-19 11:10:00,36.59,36.67,36.46,36.5,1020212
1642,2023-10-19 11:05:00,36.67,36.73,36.5,36.59,1150094
1643,2023-10-19 11:00:00,36.62,36.77,36.54,36.66,1123649
1644,2023-10-19 10:55:00,36.665,36.795,36.575,36.615,1446082
1645,2023-10-19 10:50:00,36.73,36.87,36.59,36.666,1557978
1646,2023-10-19 10:45:00,36.785,36.83,36.68,36.74,939626
1647,2023-10-19 10:40:00,36.775,36.89,36.7,36.79,2055777
1648,2023-10-19 10:35:00,36.63,36.85,36.61,36.777,2700156
1649,2023-10-19 10:30:00,36.531,36.64,36.49,36.634,2432667
1650,2023-10-19 10:25:00,36.931,36.95,36.53,36.535,2101655
1651,2023-10-19 10:20:00,36.99,37.07,36.78,36.936,1564292
1652,2023-10-19 10:15:00,37.21,37.24,36.945,36.99,2165156
1653,2023-10-19 10:10:00,36.915,37.29,36.91,37.214,3175157
1654,2023-10-19 10:05:00,36.824,37.05,36.81,36.91,2252850
1655,2023-10-19 10:00:00,36.939,37.016,36.764,36.829,3088075
1656,2023-10-19 09:55:00,36.951,36.99,36.775,36.94,2456602
1657,2023-10-19 09:50:00,36.81,37.07,36.784,36.95,4617125
1658,2023-10-19 09:45:00,36.76,36.86,36.69,36.8,2226013
1659,2023-10-19 09:40:00,36.86,36.87,36.66,36.755,2418742
1660,2023-10-19 09:35:00,37.08,37.11,36.77,36.86,2684721
1661,2023-10-19 09:30:00,37.15,37.31,37.045,37.07,3432597
1662,2023-10-19 09:25:00,37.19,37.19,37.08,37.15,192744
1663,2023-10-19 09:20:00,37.22,37.248,37.14,37.19,246977
1664,2023-10-19 09:15:00,37.23,37.27,37.2,37.23,138354
1665,2023-10-19 09:10:00,37.26,37.261,37.189,37.225,177362
1666,2023-10-19 09:05:00,37.16,37.285,37.13,37.27,147739
1667,2023-10-19 09:00:00,37.12,37.2,37.11,37.17,267816
1668,2023-10-19 08:55:00,37.15,37.17,37.11,37.12,132005
1669,2023-10-19 08:50:00,37.12,37.17,37.03,37.16,175178
1670,2023-10-19 08:45:00,37.06,37.17,37.03,37.12,247232
1671,2023-10-19 08:40:00,37.12,37.15,36.97,37.06,272134
1672,2023-10-19 08:35:00,36.98,37.445,36.9,37.11,311250
1673,2023-10-19 08:30:00,36.91,37.01,36.72,36.97,312015
1674,2023-10-19 08:25:00,36.891,36.92,36.86,36.89,75041
1675,2023-10-19 08:20:00,36.82,36.91,36.82,36.9,125262
1676,2023-10-19 08:15:00,36.79,36.84,36.73,36.83,65403
1677,2023-10-19 08:10:00,36.72,36.78,36.71,36.78,43533
1678,2023-10-19 08:05:00,36.72,36.76,36.69,36.72,33453
1679,2023-10-19 08:00:00,36.8,37.006,36.08,36.71,484757
1680,2023-10-19 07:55:00,36.72,36.79,36.69,36.76,26940
1681,2023-10-19 07:50:00,36.77,36.81,36.72,36.72,28328
1682,2023-10-19 07:45:00,36.73,36.79,36.71,36.77,19223
1683,2023-10-19 07:40:00,36.7,36.81,36.7,36.73,53724
1684,2023-10-19 07:35:00,36.71,36.72,36.67,36.71,27860
1685,2023-10-19 07:30:00,36.79,36.8,36.7,36.71,28847
1686,2023-10-19 07:25:00,36.77,36.8,36.75,36.79,28993
1687,2023-10-19 07:20:00,36.76,36.82,36.76,36.77,52628
1688,2023-10-19 07:15:00,36.8,36.83,36.74,36.76,57401
1689,2023-10-19 07:10:00,36.83,36.86,36.78,36.81,86197
1690,2023-10-19 07:05:00,36.88,36.88,36.8,36.83,50389
1691,2023-10-19 07:00:00,36.96,36.99,36.86,36.88,60441
1692,2023-10-19 06:55:00,36.94,36.97,36.92,36.96,22599
1693,2023-10-19 06:50:00,36.95,36.96,36.92,36.93,23618
1694,2023-10-19 06:45:00,36.99,37.02,36.94,36.96,37311
1695,2023-10-19 06:40:00,36.97,37.01,36.96,37.0,68785
1696,2023-10-19 06:35:00,36.93,36.97,36.9,36.95,23586
1697,2023-10-19 06:30:00,36.86,36.96,36.85,36.93,43982
1698,2023-10-19 06:25:00,36.83,36.86,36.81,36.86,10349
1699,2023-10-19 06:20:00,36.78,36.85,36.78,36.83,6871
1700,2023-10-19 06:15:00,36.78,36.83,36.78,36.79,16244
1701,2023-10-19 06:10:00,36.84,36.84,36.76,36.79,17059
1702,2023-10-19 06:05:00,36.86,36.87,36.81,36.84,31179
1703,2023-10-19 06:00:00,36.83,36.85,36.78,36.85,23199
1704,2023-10-19 05:55:00,36.75,36.83,36.74,36.83,22953
1705,2023-10-19 05:50:00,36.68,36.75,36.67,36.73,23377
1706,2023-10-19 05:45:00,36.7,36.76,36.69,36.69,16117
1707,2023-10-19 05:40:00,36.7,36.72,36.67,36.7,12047
1708,2023-10-19 05:35:00,36.65,36.7,36.65,36.7,16493
1709,2023-10-19 05:30:00,36.56,36.68,36.56,36.65,53929
1710,2023-10-19 05:25:00,36.53,36.56,36.48,36.55,22952
1711,2023-10-19 05:20:00,36.49,36.55,36.46,36.53,10206
1712,2023-10-19 05:15:00,36.54,36.54,36.47,36.49,8942
1713,2023-10-19 05:10:00,36.5,36.54,36.5,36.53,28955
1714,2023-10-19 05:05:00,36.45,36.51,36.42,36.5,16329
1715,2023-10-19 05:00:00,36.44,36.46,36.41,36.46,34690
1716,2023-10-19 04:55:00,36.49,36.49,36.43,36.44,12701
1717,2023-10-19 04:50:00,36.45,36.5,36.42,36.5,7661
1718,2023-10-19 04:45:00,36.53,36.55,36.44,36.45,20798
1719,2023-10-19 04:40:00,36.4,36.56,36.4,36.53,18922
1720,2023-10-19 04:35:00,36.49,36.55,36.4,36.4,25585
1721,2023-10-19 04:30:00,36.48,36.53,36.46,36.49,24060
1722,2023-10-19 04:25:00,36.39,36.5,36.38,36.48,28930
1723,2023-10-19 04:20:00,36.43,36.45,36.36,36.39,16349
1724,2023-10-19 04:15:00,36.35,36.46,36.34,36.43,32523
1725,2023-10-19 04:10:00,36.41,36.42,36.34,36.35,17005
1726,2023-10-19 04:05:00,36.39,36.45,36.34,36.41,27853
1727,2023-10-19 04:00:00,36.33,36.77,36.32,36.38,71233
1728,2023-10-18 19:55:00,36.73,36.77,36.73,36.76,96471
1729,2023-10-18 19:50:00,36.71,36.73,36.7,36.72,50342
1730,2023-10-18 19:45:00,36.705,36.73,36.69,36.71,33113
1731,2023-10-18 19:40:00,36.71,36.72,36.691,36.71,30843
1732,2023-10-18 19:35:00,36.77,36.77,36.72,36.72,34669
1733,2023-10-18 19:30:00,36.73,36.77,36.72,36.75,25846
1734,2023-10-18 19:25:00,36.73,36.75,36.72,36.74,11137
1735,2023-10-18 19:20:00,36.72,36.75,36.7,36.72,22232
1736,2023-10-18 19:15:00,36.72,36.75,36.71,36.72,29205
1737,2023-10-18 19:10:00,36.715,36.74,36.68,36.715,14003
1738,2023-10-18 19:05:00,36.73,36.74,36.71,36.72,14761
1739,2023-10-18 19:00:00,36.72,36.76,36.72,36.73,18773
1740,2023-10-18 18:55:00,36.74,36.77,36.72,36.72,95653
1741,2023-10-18 18:50:00,36.8,36.81,36.74,36.75,27411
1742,2023-10-18 18:45:00,36.82,36.83,36.79,36.8,25499
1743,2023-10-18 18:40:00,36.83,36.84,36.81,36.83,25055
1744,2023-10-18 18:35:00,36.821,36.83,36.8,36.83,16563
1745,2023-10-18 18:30:00,36.78,36.88,36.78,36.83,28573
1746,2023-10-18 18:25:00,36.7,36.78,36.7,36.77,34168
1747,2023-10-18 18:20:00,36.74,36.74,36.7,36.71,27962
1748,2023-10-18 18:15:00,36.83,36.83,36.72,36.72,31354
1749,2023-10-18 18:10:00,36.81,36.845,36.79,36.83,44687
1750,2023-10-18 18:05:00,36.8,36.836,36.78,36.81,90369
1751,2023-10-18 18:00:00,36.89,36.89,36.79,36.8,101211
1752,2023-10-18 17:55:00,36.94,36.95,36.9,36.9,22490
1753,2023-10-18 17:50:00,36.945,36.96,36.93,36.95,17445
1754,2023-10-18 17:45:00,36.95,36.96,36.94,36.95,9013
1755,2023-10-18 17:40:00,36.97,36.99,36.94,36.94,14076
1756,2023-10-18 17:35:00,37.07,37.07,36.95,36.969,37118
1757,2023-10-18 17:30:00,37.05,37.07,37.04,37.06,26121
1758,2023-10-18 17:25:00,37.015,37.08,37.01,37.04,61254
1759,2023-10-18 17:20:00,36.99,37.03,36.98,37.02,46954
1760,2023-10-18 17:15:00,36.98,36.99,36.98,36.985,27234
1761,2023-10-18 17:10:00,36.98,36.99,36.97,36.99,22881
1762,2023-10-18 17:05:00,36.95,37.0,36.94,36.985,47291
1763,2023-10-18 17:00:00,36.93,36.95,36.93,36.95,27071
1764,2023-10-18 16:55:00,36.95,36.96,36.93,36.94,43797
1765,2023-10-18 16:50:00,36.96,36.96,36.92,36.94,34225
1766,2023-10-18 16:45:00,36.95,36.96,36.93,36.95,35305
1767,2023-10-18 16:40:00,36.97,36.98,36.94,36.95,81829
1768,2023-10-18 16:35:00,37.01,37.02,36.96,36.97,82859
1769,2023-10-18 16:30:00,36.96,37.03,36.96,37.01,82469
1770,2023-10-18 16:25:00,36.945,36.98,36.93,36.959,113229
1771,2023-10-18 16:20:00,36.95,36.98,36.935,36.95,162652
1772,2023-10-18 16:15:00,36.68,36.97,36.68,36.95,206972
1773,2023-10-18 16:10:00,36.95,36.98,36.92,36.951,167653
1774,2023-10-18 16:05:00,36.81,37.0,36.8,36.95,396576
1775,2023-10-18 16:00:00,36.68,36.99,36.68,36.83,2008283
1776,2023-10-18 15:55:00,36.65,36.765,36.625,36.67,2470130
1777,2023-10-18 15:50:00,36.43,36.66,36.43,36.655,2018514
1778,2023-10-18 15:45:00,36.595,36.595,36.331,36.425,3023618
1779,2023-10-18 15:40:00,36.705,36.735,36.59,36.598,1326411
1780,2023-10-18 15:35:00,36.77,36.82,36.684,36.71,1139269
1781,2023-10-18 15:30:00,36.705,36.78,36.67,36.775,1075096
1782,2023-10-18 15:25:00,36.84,36.86,36.663,36.702,1068134
1783,2023-10-18 15:20:00,36.785,36.87,36.74,36.845,962082
1784,2023-10-18 15:15:00,36.755,36.85,36.68,36.78,976232
1785,2023-10-18 15:10:00,36.77,36.82,36.74,36.75,941471
1786,2023-10-18 15:05:00,36.83,36.869,36.69,36.76,1421924
1787,2023-10-18 15:00:00,36.96,36.96,36.79,36.83,1402421
1788,2023-10-18 14:55:00,36.893,37.045,36.88,36.96,1227201
1789,2023-10-18 14:50:00,36.96,36.99,36.83,36.895,1763590
1790,2023-10-18 14:45:00,37.055,37.11,36.95,36.964,1291281
1791,2023-10-18 14:40:00,37.08,37.126,36.99,37.055,1173859
1792,2023-10-18 14:35:00,37.22,37.22,37.07,37.075,996995
1793,2023-10-18 14:30:00,37.23,37.37,37.19,37.22,986797
1794,2023-10-18 14:25:00,37.19,37.26,37.124,37.23,696073
1795,2023-10-18 14:20:00,37.12,37.23,37.08,37.192,739902
1796,2023-10-18 14:15:00,37.27,37.27,37.091,37.11,1150898
1797,2023-10-18 14:10:00,37.435,37.435,37.229,37.274,1015861
1798,2023-10-18 14:05:00,37.315,37.53,37.18,37.43,1783720
1799,2023-10-18 14:00:00,37.35,37.367,37.2,37.31,1404709
1800,2023-10-18 13:55:00,37.21,37.4,37.179,37.345,1082169
1801,2023-10-18 13:50:00,37.13,37.25,37.113,37.215,1251090
1802,2023-10-18 13:45:00,37.125,37.14,36.98,37.13,1567787
1803,2023-10-18 13:40:00,37.06,37.14,37.02,37.135,1524964
1804,2023-10-18 13:35:00,37.3,37.3,37.02,37.056,1958142
1805,2023-10-18 13:30:00,37.59,37.59,37.27,37.3,1338860
1806,2023-10-18 13:25:00,37.62,37.66,37.53,37.588,779824
1807,2023-10-18 13:20:00,37.65,37.7,37.58,37.62,1063343
1808,2023-10-18 13:15:00,37.65,37.79,37.6,37.65,2760201
1809,2023-10-18 13:10:00,37.52,37.71,37.41,37.655,2400729
1810,2023-10-18 13:05:00,37.515,37.565,37.39,37.517,2146062
1811,2023-10-18 13:00:00,37.159,37.529,37.03,37.52,3854228
1812,2023-10-18 12:55:00,37.13,37.21,37.1,37.157,836896
1813,2023-10-18 12:50:00,37.215,37.22,37.11,37.12,1084581
1814,2023-10-18 12:45:00,37.31,37.34,37.17,37.22,1237166
1815,2023-10-18 12:40:00,37.22,37.39,37.214,37.31,1161396
1816,2023-10-18 12:35:00,37.31,37.39,37.2,37.22,1381196
1817,2023-10-18 12:30:00,37.346,37.415,37.31,37.31,591000
1818,2023-10-18 12:25:00,37.36,37.44,37.3,37.345,1287985
1819,2023-10-18 12:20:00,37.44,37.476,37.32,37.363,1583342
1820,2023-10-18 12:15:00,37.6,37.64,37.42,37.444,1088135
1821,2023-10-18 12:10:00,37.75,37.82,37.56,37.596,1758994
1822,2023-10-18 12:05:00,37.75,37.775,37.54,37.75,1635090
1823,2023-10-18 12:00:00,37.458,37.79,37.33,37.745,3246856
1824,2023-10-18 11:55:00,37.52,37.66,37.444,37.46,1351916
1825,2023-10-18 11:50:00,37.45,37.585,37.45,37.52,1552294
1826,2023-10-18 11:45:00,37.445,37.5,37.375,37.46,1071647
1827,2023-10-18 11:40:00,37.59,37.64,37.43,37.45,1317474
1828,2023-10-18 11:35:00,37.48,37.67,37.45,37.585,1578692
1829,2023-10-18 11:30:00,37.475,37.58,37.42,37.485,1401945
1830,2023-10-18 11:25:00,37.495,37.685,37.44,37.467,1533605
1831,2023-10-18 11:20:00,37.51,37.56,37.4,37.5,1250130
1832,2023-10-18 11:15:00,37.36,37.59,37.35,37.515,1734460
1833,2023-10-18 11:10:00,37.265,37.41,37.24,37.35,1146791
1834,2023-10-18 11:05:00,37.44,37.44,37.24,37.265,1069763
1835,2023-10-18 11:00:00,37.25,37.5,37.235,37.43,1357300
1836,2023-10-18 10:55:00,37.225,37.31,37.198,37.25,1334882
1837,2023-10-18 10:50:00,37.39,37.418,37.22,37.225,2106830
1838,2023-10-18 10:45:00,37.456,37.55,37.39,37.4,1380682
1839,2023-10-18 10:40:00,37.39,37.51,37.31,37.455,1942887
1840,2023-10-18 10:35:00,37.482,37.52,37.285,37.384,2341264
1841,2023-10-18 10:30:00,37.67,37.675,37.45,37.48,2210843
1842,2023-10-18 10:25:00,38.115,38.12,37.66,37.68,1915966
1843,2023-10-18 10:20:00,37.999,38.18,37.995,38.112,2138353
1844,2023-10-18 10:15:00,37.69,38.04,37.665,38.0,2487494
1845,2023-10-18 10:10:00,37.7,37.73,37.59,37.69,1350144
1846,2023-10-18 10:05:00,37.62,37.925,37.59,37.69,2370781
1847,2023-10-18 10:00:00,37.73,37.76,37.415,37.61,2098940
1848,2023-10-18 09:55:00,37.693,37.81,37.63,37.73,1605783
1849,2023-10-18 09:50:00,37.58,37.72,37.48,37.7,1424991
1850,2023-10-18 09:45:00,37.51,37.74,37.41,37.575,2123653
1851,2023-10-18 09:40:00,37.63,37.65,37.5,37.509,1873419
1852,2023-10-18 09:35:00,37.93,37.99,37.58,37.64,2835030
1853,2023-10-18 09:30:00,37.47,37.96,37.43,37.92,3838005
1854,2023-10-18 09:25:00,37.55,37.55,37.44,37.45,93998
1855,2023-10-18 09:20:00,37.58,37.59,37.53,37.56,59453
1856,2023-10-18 09:15:00,37.57,37.58,37.52,37.58,65733
1857,2023-10-18 09:10:00,37.53,37.57,37.52,37.57,70369
1858,2023-10-18 09:05:00,37.55,37.62,37.51,37.53,111304
1859,2023-10-18 09:00:00,37.46,37.59,37.43,37.56,204724
1860,2023-10-18 08:55:00,37.48,37.5,37.43,37.46,110130
1861,2023-10-18 08:50:00,37.55,37.56,37.44,37.48,171935
1862,2023-10-18 08:45:00,37.57,37.58,37.52,37.55,126249
1863,2023-10-18 08:40:00,37.62,37.64,37.56,37.57,118029
1864,2023-10-18 08:35:00,37.69,37.71,37.61,37.62,89763
1865,2023-10-18 08:30:00,37.71,37.79,37.66,37.69,97438
1866,2023-10-18 08:25:00,37.74,37.77,37.71,37.71,32929
1867,2023-10-18 08:20:00,37.76,37.8,37.74,37.75,87206
1868,2023-10-18 08:15:00,37.73,37.79,37.72,37.77,104024
1869,2023-10-18 08:10:00,37.72,37.73,37.68,37.73,40894
1870,2023-10-18 08:05:00,37.61,37.72,37.601,37.72,65838
1871,2023-10-18 08:00:00,37.6,38.16,37.548,37.6,400402
1872,2023-10-18 07:55:00,37.67,37.7,37.649,37.67,25335
1873,2023-10-18 07:50:00,37.65,37.7,37.64,37.67,22771
1874,2023-10-18 07:45:00,37.66,37.68,37.64,37.64,23046
1875,2023-10-18 07:40:00,37.73,37.73,37.65,37.67,21164
1876,2023-10-18 07:35:00,37.74,37.77,37.69,37.73,39587
1877,2023-10-18 07:30:00,37.71,37.75,37.67,37.74,20142
1878,2023-10-18 07:25:00,37.64,37.73,37.64,37.71,13481
1879,2023-10-18 07:20:00,37.71,37.71,37.63,37.64,38235
1880,2023-10-18 07:15:00,37.71,37.73,37.68,37.7,39290
1881,2023-10-18 07:10:00,37.74,37.76,37.67,37.68,55399
1882,2023-10-18 07:05:00,37.68,37.76,37.68,37.74,44980
1883,2023-10-18 07:00:00,37.59,37.7,37.57,37.68,68134
1884,2023-10-18 06:55:00,37.6,37.61,37.57,37.59,23520
1885,2023-10-18 06:50:00,37.58,37.61,37.55,37.61,31578
1886,2023-10-18 06:45:00,37.59,37.62,37.54,37.58,16818
1887,2023-10-18 06:40:00,37.61,37.62,37.56,37.6,18514
1888,2023-10-18 06:35:00,37.67,37.69,37.6,37.6,44420
1889,2023-10-18 06:30:00,37.69,37.69,37.65,37.68,5870
1890,2023-10-18 06:25:00,37.67,37.7,37.61,37.69,23179
1891,2023-10-18 06:20:00,37.78,37.78,37.63,37.67,41427
1892,2023-10-18 06:15:00,37.74,37.79,37.74,37.78,46008
1893,2023-10-18 06:10:00,37.81,37.81,37.73,37.75,8185
1894,2023-10-18 06:05:00,37.76,37.82,37.74,37.8,10729
1895,2023-10-18 06:00:00,37.74,37.79,37.73,37.78,15714
1896,2023-10-18 05:55:00,37.76,37.76,37.72,37.75,8107
1897,2023-10-18 05:50:00,37.75,37.77,37.71,37.76,12226
1898,2023-10-18 05:45:00,37.69,37.77,37.68,37.75,19427
1899,2023-10-18 05:40:00,37.73,37.73,37.66,37.7,32897
1900,2023-10-18 05:35:00,37.72,37.76,37.71,37.73,29700
1901,2023-10-18 05:30:00,37.86,37.87,37.68,37.71,68250
1902,2023-10-18 05:25:00,38.03,38.03,37.83,37.86,42541
1903,2023-10-18 05:20:00,38.07,38.07,38.02,38.03,2695
1904,2023-10-18 05:15:00,38.03,38.09,38.02,38.05,3748
1905,2023-10-18 05:10:00,38.03,38.07,38.02,38.04,11276
1906,2023-10-18 05:05:00,37.98,38.04,37.98,38.04,4531
1907,2023-10-18 05:00:00,38.03,38.03,37.98,37.98,6473
1908,2023-10-18 04:55:00,38.04,38.05,38.02,38.03,2968
1909,2023-10-18 04:50:00,38.06,38.08,38.02,38.04,7572
1910,2023-10-18 04:45:00,37.98,38.09,37.96,38.07,14638
1911,2023-10-18 04:40:00,37.98,38.0,37.96,37.99,11504
1912,2023-10-18 04:35:00,37.94,37.99,37.91,37.98,15863
1913,2023-10-18 04:30:00,37.95,38.0,37.92,37.96,11099
1914,2023-10-18 04:25:00,37.95,37.96,37.91,37.94,10630
1915,2023-10-18 04:20:00,37.84,37.97,37.84,37.95,17848
1916,2023-10-18 04:15:00,37.9,37.92,37.83,37.84,18270
1917,2023-10-18 04:10:00,37.92,37.97,37.88,37.89,17066
1918,2023-10-18 04:05:00,37.93,37.95,37.88,37.91,26401
1919,2023-10-18 04:00:00,38.01,38.02,37.93,37.93,55995
1920,2023-10-17 19:55:00,38.08,38.09,38.05,38.07,38614
1921,2023-10-17 19:50:00,38.13,38.13,38.07,38.085,49126
1922,2023-10-17 19:45:00,38.14,38.14,38.12,38.125,8397
1923,2023-10-17 19:40:00,38.14,38.14,38.13,38.14,13156
1924,2023-10-17 19:35:00,38.13,38.14,38.115,38.14,36357
1925,2023-10-17 19:30:00,38.14,38.14,38.12,38.135,48566
1926,2023-10-17 19:25:00,38.15,38.17,38.12,38.12,11167
1927,2023-10-17 19:20:00,38.16,38.16,38.13,38.151,28133
1928,2023-10-17 19:15:00,38.175,38.18,38.15,38.16,6586
1929,2023-10-17 19:10:00,38.2,38.21,38.165,38.165,21059
1930,2023-10-17 19:05:00,38.21,38.22,38.2,38.2,5461
1931,2023-10-17 19:00:00,38.21,38.24,38.21,38.22,9320
1932,2023-10-17 18:55:00,38.21,38.23,38.2,38.21,6719
1933,2023-10-17 18:50:00,38.23,38.24,38.2,38.21,6518
1934,2023-10-17 18:45:00,38.22,38.24,38.22,38.22,2742
1935,2023-10-17 18:40:00,38.24,38.25,38.21,38.22,5924
1936,2023-10-17 18:35:00,38.21,38.24,38.21,38.24,4246
1937,2023-10-17 18:30:00,38.21,38.23,38.205,38.22,2814
1938,2023-10-17 18:25:00,38.21,38.22,38.2,38.21,8670
1939,2023-10-17 18:20:00,38.21,38.22,38.2,38.21,14536
1940,2023-10-17 18:15:00,38.18,38.21,38.17,38.21,5955
1941,2023-10-17 18:10:00,38.19,38.2,38.18,38.19,2458
1942,2023-10-17 18:05:00,38.2,38.22,38.19,38.2,4174
1943,2023-10-17 18:00:00,38.25,38.26,38.19,38.2,24827
1944,2023-10-17 17:55:00,38.23,38.26,38.23,38.25,4345
1945,2023-10-17 17:50:00,38.23,38.24,38.22,38.24,5482
1946,2023-10-17 17:45:00,38.26,38.26,38.221,38.235,3935
1947,2023-10-17 17:40:00,38.24,38.27,38.24,38.25,3794
1948,2023-10-17 17:35:00,38.27,38.27,38.24,38.24,767
1949,2023-10-17 17:30:00,38.27,38.27,38.24,38.27,6064
1950,2023-10-17 17:25:00,38.245,38.3,38.24,38.27,8258
1951,2023-10-17 17:20:00,38.237,38.25,38.23,38.25,9045
1952,2023-10-17 17:15:00,38.25,38.26,38.23,38.23,19053
1953,2023-10-17 17:10:00,38.3,38.3,38.25,38.26,19725
1954,2023-10-17 17:05:00,38.31,38.31,38.29,38.29,4644
1955,2023-10-17 17:00:00,38.3,38.31,38.29,38.31,4961
1956,2023-10-17 16:55:00,38.31,38.31,38.29,38.3,7424
1957,2023-10-17 16:50:00,38.305,38.33,38.3,38.305,5355
1958,2023-10-17 16:45:00,38.32,38.34,38.3,38.3,20314
1959,2023-10-17 16:40:00,38.34,38.35,38.31,38.32,31470
1960,2023-10-17 16:35:00,38.31,38.34,38.31,38.34,44123
1961,2023-10-17 16:30:00,38.26,38.33,38.26,38.315,68220
1962,2023-10-17 16:25:00,38.25,38.26,38.24,38.25,21181
1963,2023-10-17 16:20:00,38.25,38.26,38.23,38.24,74032
1964,2023-10-17 16:15:00,38.3,38.31,38.22,38.235,18538
1965,2023-10-17 16:10:00,38.22,38.25,38.19,38.239,98638
1966,2023-10-17 16:05:00,38.26,38.27,38.19,38.22,118750
1967,2023-10-17 16:00:00,38.3,38.36,38.27,38.28,435542
1968,2023-10-17 15:55:00,38.27,38.33,38.221,38.3,1758744
1969,2023-10-17 15:50:00,38.05,38.28,38.02,38.26,1496749
1970,2023-10-17 15:45:00,38.03,38.1,38.0,38.06,545344
1971,2023-10-17 15:40:00,38.06,38.117,38.0,38.03,492822
1972,2023-10-17 15:35:00,38.02,38.115,38.01,38.059,389169
1973,2023-10-17 15:30:00,38.12,38.148,38.0,38.02,608499
1974,2023-10-17 15:25:00,38.05,38.17,38.03,38.119,738710
1975,2023-10-17 15:20:00,38.1,38.19,38.02,38.055,926521
1976,2023-10-17 15:15:00,38.045,38.128,38.01,38.1,744758
1977,2023-10-17 15:10:00,38.03,38.109,37.99,38.049,660409
1978,2023-10-17 15:05:00,37.9,38.099,37.82,38.03,1045546
1979,2023-10-17 15:00:00,37.94,37.985,37.834,37.9,664053
1980,2023-10-17 14:55:00,37.9,38.005,37.83,37.945,1293043
1981,2023-10-17 14:50:00,38.24,38.25,37.87,37.9,1358763
1982,2023-10-17 14:45:00,38.181,38.296,38.12,38.24,766974
1983,2023-10-17 14:40:00,38.255,38.3,38.16,38.19,875580
1984,2023-10-17 14:35:00,38.15,38.28,38.07,38.26,804122
1985,2023-10-17 14:30:00,38.13,38.19,38.04,38.14,1256643
1986,2023-10-17 14:25:00,38.16,38.21,38.08,38.135,750909
1987,2023-10-17 14:20:00,38.07,38.2,38.055,38.15,850811
1988,2023-10-17 14:15:00,38.105,38.24,38.03,38.06,1382798
1989,2023-10-17 14:10:00,38.12,38.18,38.035,38.106,1164979
1990,2023-10-17 14:05:00,38.01,38.12,37.96,38.116,709027
1991,2023-10-17 14:00:00,38.03,38.07,37.96,38.009,799353
1992,2023-10-17 13:55:00,38.03,38.09,37.92,38.024,881602
1993,2023-10-17 13:50:00,38.3,38.31,37.996,38.03,1385072
1994,2023-10-17 13:45:00,38.337,38.337,38.215,38.301,608720
1995,2023-10-17 13:40:00,38.3,38.35,38.22,38.33,649055
1996,2023-10-17 13:35:00,38.359,38.4,38.27,38.3,510048
1997,2023-10-17 13:30:00,38.44,38.44,38.22,38.35,1607605
1998,2023-10-17 13:25:00,38.435,38.51,38.41,38.43,577007
1999,2023-10-17 13:20:00,38.522,38.57,38.42,38.43,846559
2000,2023-10-17 13:15:00,38.47,38.53,38.46,38.53,625353
2001,2023-10-17 13:10:00,38.545,38.58,38.465,38.47,466839
2002,2023-10-17 13:05:00,38.53,38.57,38.46,38.544,818854
2003,2023-10-17 13:00:00,38.55,38.63,38.524,38.524,555044
2004,2023-10-17 12:55:00,38.691,38.73,38.48,38.547,1107951
2005,2023-10-17 12:50:00,38.63,38.71,38.56,38.69,565434
2006,2023-10-17 12:45:00,38.671,38.69,38.485,38.637,1390189
2007,2023-10-17 12:40:00,38.72,38.74,38.66,38.671,423519
2008,2023-10-17 12:35:00,38.71,38.74,38.65,38.714,874085
2009,2023-10-17 12:30:00,38.81,38.82,38.71,38.716,675926
2010,2023-10-17 12:25:00,38.722,38.82,38.7,38.82,762855
2011,2023-10-17 12:20:00,38.649,38.815,38.61,38.726,1121168
2012,2023-10-17 12:15:00,38.69,38.721,38.6,38.65,1111651
2013,2023-10-17 12:10:00,38.635,38.72,38.57,38.682,1070494
2014,2023-10-17 12:05:00,38.55,38.64,38.51,38.63,686838
2015,2023-10-17 12:00:00,38.54,38.71,38.515,38.558,1283060
2016,2023-10-17 11:55:00,38.48,38.55,38.45,38.54,576853
2017,2023-10-17 11:50:00,38.62,38.629,38.43,38.489,1084367
2018,2023-10-17 11:45:00,38.46,38.625,38.42,38.611,1135678
2019,2023-10-17 11:40:00,38.42,38.52,38.39,38.46,927001
2020,2023-10-17 11:35:00,38.445,38.6,38.4,38.42,1861220
2021,2023-10-17 11:30:00,38.232,38.47,38.229,38.443,1443026
2022,2023-10-17 11:25:00,38.19,38.32,38.145,38.23,789173
2023,2023-10-17 11:20:00,38.31,38.349,38.13,38.19,2598443
2024,2023-10-17 11:15:00,38.125,38.31,38.061,38.295,1841739
2025,2023-10-17 11:10:00,37.96,38.15,37.96,38.124,993749
2026,2023-10-17 11:05:00,38.0,38.13,37.92,37.954,1318606
2027,2023-10-17 11:00:00,38.0,38.06,37.88,38.0,1039603
2028,2023-10-17 10:55:00,37.97,38.15,37.97,37.991,1078554
2029,2023-10-17 10:50:00,38.135,38.15,37.95,37.968,868882
2030,2023-10-17 10:45:00,38.06,38.2,37.97,38.13,1545429
2031,2023-10-17 10:40:00,38.12,38.19,38.03,38.055,1328756
2032,2023-10-17 10:35:00,38.01,38.27,37.99,38.13,2436473
2033,2023-10-17 10:30:00,37.865,38.02,37.83,38.015,1315704
2034,2023-10-17 10:25:00,37.9,37.97,37.79,37.862,2028129
2035,2023-10-17 10:20:00,37.79,38.021,37.69,37.901,2760670
2036,2023-10-17 10:15:00,37.68,37.81,37.66,37.795,2435997
2037,2023-10-17 10:10:00,37.555,37.73,37.48,37.678,3203340
2038,2023-10-17 10:05:00,37.13,37.59,37.08,37.557,3307183
2039,2023-10-17 10:00:00,37.08,37.2,37.02,37.12,1883843
2040,2023-10-17 09:55:00,36.94,37.14,36.94,37.079,1685299
2041,2023-10-17 09:50:00,37.119,37.14,36.85,36.94,2357402
2042,2023-10-17 09:45:00,37.29,37.295,37.02,37.115,2474341
2043,2023-10-17 09:40:00,37.46,37.46,37.25,37.299,2245420
2044,2023-10-17 09:35:00,37.44,37.535,37.3,37.46,2281303
2045,2023-10-17 09:30:00,37.52,37.545,37.325,37.428,4139168
2046,2023-10-17 09:25:00,37.57,37.59,37.501,37.53,285065
2047,2023-10-17 09:20:00,37.65,37.65,37.54,37.57,424590
2048,2023-10-17 09:15:00,37.66,37.69,37.56,37.65,312246
2049,2023-10-17 09:10:00,37.68,37.699,37.65,37.66,361751
2050,2023-10-17 09:05:00,37.65,37.7,37.62,37.678,350546
2051,2023-10-17 09:00:00,37.73,37.77,37.62,37.65,390363
2052,2023-10-17 08:55:00,37.81,37.81,37.71,37.73,298685
2053,2023-10-17 08:50:00,37.83,37.861,37.75,37.81,246770
2054,2023-10-17 08:45:00,38.0,38.01,37.8,37.83,417869
2055,2023-10-17 08:40:00,37.95,38.05,37.949,38.01,136456
2056,2023-10-17 08:35:00,38.02,38.07,37.94,37.955,299605
2057,2023-10-17 08:30:00,38.21,38.22,37.99,38.02,596071
2058,2023-10-17 08:25:00,38.23,38.26,38.2,38.22,49436
2059,2023-10-17 08:20:00,38.22,38.25,38.2,38.23,34025
2060,2023-10-17 08:15:00,38.17,38.22,38.15,38.21,92288
2061,2023-10-17 08:10:00,38.19,38.22,38.12,38.179,134339
2062,2023-10-17 08:05:00,38.32,38.33,38.17,38.18,98824
2063,2023-10-17 08:00:00,38.35,38.75,38.185,38.3,423481
2064,2023-10-17 07:55:00,38.32,38.36,38.3,38.36,23711
2065,2023-10-17 07:50:00,38.33,38.34,38.27,38.31,33553
2066,2023-10-17 07:45:00,38.29,38.34,38.26,38.33,26461
2067,2023-10-17 07:40:00,38.36,38.37,38.26,38.29,37282
2068,2023-10-17 07:35:00,38.33,38.36,38.31,38.36,86954
2069,2023-10-17 07:30:00,38.27,38.35,38.26,38.33,38293
2070,2023-10-17 07:25:00,38.24,38.28,38.19,38.28,37427
2071,2023-10-17 07:20:00,38.27,38.27,38.23,38.24,24952
2072,2023-10-17 07:15:00,38.26,38.28,38.24,38.26,43431
2073,2023-10-17 07:10:00,38.22,38.26,38.18,38.26,138730
2074,2023-10-17 07:05:00,38.3,38.31,38.21,38.22,68988
2075,2023-10-17 07:00:00,38.35,38.39,38.29,38.31,35648
2076,2023-10-17 06:55:00,38.36,38.4,38.34,38.34,19664
2077,2023-10-17 06:50:00,38.34,38.4,38.34,38.35,8181
2078,2023-10-17 06:45:00,38.36,38.37,38.31,38.34,9110
2079,2023-10-17 06:40:00,38.39,38.39,38.33,38.36,10421
2080,2023-10-17 06:35:00,38.39,38.41,38.37,38.39,6374
2081,2023-10-17 06:30:00,38.4,38.4,38.31,38.39,25412
2082,2023-10-17 06:25:00,38.41,38.45,38.38,38.38,5181
2083,2023-10-17 06:20:00,38.35,38.42,38.33,38.41,10562
2084,2023-10-17 06:15:00,38.49,38.5,38.31,38.34,28595
2085,2023-10-17 06:10:00,38.4,38.53,38.4,38.49,152278
2086,2023-10-17 06:05:00,38.42,38.44,38.38,38.4,7692
2087,2023-10-17 06:00:00,38.47,38.48,38.4,38.41,15481
2088,2023-10-17 05:55:00,38.46,38.48,38.45,38.47,6899
2089,2023-10-17 05:50:00,38.47,38.48,38.45,38.46,2412
2090,2023-10-17 05:45:00,38.45,38.51,38.43,38.47,14487
2091,2023-10-17 05:40:00,38.48,38.5,38.46,38.46,6768
2092,2023-10-17 05:35:00,38.5,38.51,38.47,38.48,5855
2093,2023-10-17 05:30:00,38.46,38.51,38.46,38.5,10714
2094,2023-10-17 05:25:00,38.54,38.54,38.46,38.47,14522
2095,2023-10-17 05:20:00,38.57,38.59,38.54,38.54,11918
2096,2023-10-17 05:15:00,38.51,38.58,38.49,38.57,14010
2097,2023-10-17 05:10:00,38.5,38.52,38.48,38.5,52047
2098,2023-10-17 05:05:00,38.43,38.53,38.42,38.5,14297
2099,2023-10-17 05:00:00,38.34,38.43,38.33,38.43,14578
2100,2023-10-17 04:55:00,38.35,38.39,38.34,38.34,15611
2101,2023-10-17 04:50:00,38.38,38.38,38.34,38.36,10671
2102,2023-10-17 04:45:00,38.39,38.43,38.36,38.39,14625
2103,2023-10-17 04:40:00,38.38,38.4,38.29,38.4,46618
2104,2023-10-17 04:35:00,38.55,38.55,38.38,38.38,39089
2105,2023-10-17 04:30:00,38.64,38.65,38.54,38.54,9200
2106,2023-10-17 04:25:00,38.61,38.65,38.6,38.62,26343
2107,2023-10-17 04:20:00,38.57,38.64,38.57,38.61,14722
2108,2023-10-17 04:15:00,38.65,38.67,38.52,38.56,28194
2109,2023-10-17 04:10:00,38.61,38.68,38.61,38.65,15550
2110,2023-10-17 04:05:00,38.67,38.7,38.56,38.6,20272
2111,2023-10-17 04:00:00,38.7,38.71,38.5,38.68,21212
2112,2023-10-16 19:55:00,38.69,38.71,38.675,38.68,38554
2113,2023-10-16 19:50:00,38.65,38.71,38.64,38.69,15893
2114,2023-10-16 19:45:00,38.65,38.67,38.64,38.65,53657
2115,2023-10-16 19:40:00,38.66,38.66,38.64,38.66,20320
2116,2023-10-16 19:35:00,38.64,38.67,38.64,38.66,28936
2117,2023-10-16 19:30:00,38.62,38.65,38.61,38.65,11031
2118,2023-10-16 19:25:00,38.6,38.64,38.599,38.61,10795
2119,2023-10-16 19:20:00,38.56,38.6,38.56,38.59,13434
2120,2023-10-16 19:15:00,38.62,38.62,38.53,38.56,21491
2121,2023-10-16 19:10:00,38.6,38.63,38.6,38.61,16412
2122,2023-10-16 19:05:00,38.66,38.67,38.59,38.59,38997
2123,2023-10-16 19:00:00,38.66,38.68,38.66,38.67,27453
2124,2023-10-16 18:55:00,38.65,38.67,38.65,38.67,47489
2125,2023-10-16 18:50:00,38.68,38.69,38.66,38.66,59887
2126,2023-10-16 18:45:00,38.72,38.72,38.68,38.68,26254
2127,2023-10-16 18:40:00,38.7,38.73,38.7,38.72,64579
2128,2023-10-16 18:35:00,38.73,38.73,38.69,38.7,18992
2129,2023-10-16 18:30:00,38.72,38.73,38.71,38.71,3521
2130,2023-10-16 18:25:00,38.72,38.73,38.71,38.71,19393
2131,2023-10-16 18:20:00,38.71,38.72,38.7,38.72,12543
2132,2023-10-16 18:15:00,38.74,38.74,38.69,38.71,21008
2133,2023-10-16 18:10:00,38.729,38.74,38.72,38.73,1383
2134,2023-10-16 18:05:00,38.74,38.74,38.72,38.73,5790
2135,2023-10-16 18:00:00,38.78,38.78,38.72,38.73,38114
2136,2023-10-16 17:55:00,38.77,38.78,38.76,38.78,3045
2137,2023-10-16 17:50:00,38.76,38.78,38.75,38.77,5765
2138,2023-10-16 17:45:00,38.76,38.78,38.75,38.77,7503
2139,2023-10-16 17:40:00,38.75,38.76,38.75,38.76,8658
2140,2023-10-16 17:35:00,38.75,38.76,38.75,38.75,6698
2141,2023-10-16 17:30:00,38.77,38.77,38.75,38.75,14685
2142,2023-10-16 17:25:00,38.77,38.78,38.76,38.77,15233
2143,2023-10-16 17:20:00,38.77,38.78,38.76,38.77,3048
2144,2023-10-16 17:15:00,38.78,38.79,38.77,38.78,3403
2145,2023-10-16 17:10:00,38.79,38.8,38.77,38.78,7715
2146,2023-10-16 17:05:00,38.78,38.8,38.77,38.79,6474
2147,2023-10-16 17:00:00,38.778,38.79,38.76,38.79,4006
2148,2023-10-16 16:55:00,38.78,38.78,38.76,38.78,21999
2149,2023-10-16 16:50:00,38.72,38.77,38.71,38.77,15676
2150,2023-10-16 16:45:00,38.73,38.73,38.71,38.72,9125
2151,2023-10-16 16:40:00,38.75,38.75,38.58,38.73,14205
2152,2023-10-16 16:35:00,38.74,38.75,38.72,38.75,8785
2153,2023-10-16 16:30:00,38.79,38.79,38.749,38.75,24738
2154,2023-10-16 16:25:00,38.78,38.8,38.76,38.79,55164
2155,2023-10-16 16:20:00,38.755,38.78,38.75,38.77,19265
2156,2023-10-16 16:15:00,38.67,38.78,38.67,38.75,24331
2157,2023-10-16 16:10:00,38.73,38.79,38.72,38.78,82238
2158,2023-10-16 16:05:00,38.681,38.73,38.67,38.72,80026
2159,2023-10-16 16:00:00,38.7,38.7,38.6,38.68,881153
2160,2023-10-16 15:55:00,38.845,38.875,38.62,38.685,1709496
2161,2023-10-16 15:50:00,38.77,38.87,38.73,38.85,1399455
2162,2023-10-16 15:45:00,38.85,38.86,38.76,38.77,663255
2163,2023-10-16 15:40:00,38.85,38.9,38.81,38.855,702696
2164,2023-10-16 15:35:00,38.83,38.89,38.81,38.84,485113
2165,2023-10-16 15:30:00,38.97,39.0,38.81,38.83,1203183
2166,2023-10-16 15:25:00,38.89,38.99,38.88,38.975,860557
2167,2023-10-16 15:20:00,38.835,38.93,38.83,38.896,448967
2168,2023-10-16 15:15:00,38.84,38.91,38.81,38.83,565033
2169,2023-10-16 15:10:00,38.86,38.95,38.83,38.84,925046
2170,2023-10-16 15:05:00,38.8,38.9,38.8,38.87,567592
2171,2023-10-16 15:00:00,38.864,38.88,38.72,38.8,736787
2172,2023-10-16 14:55:00,38.8,38.88,38.78,38.862,665115
2173,2023-10-16 14:50:00,38.71,38.82,38.7,38.803,389713
2174,2023-10-16 14:45:00,38.776,38.8,38.7,38.72,464367
2175,2023-10-16 14:40:00,38.72,38.79,38.69,38.777,627864
2176,2023-10-16 14:35:00,38.783,38.83,38.623,38.72,792845
2177,2023-10-16 14:30:00,38.75,38.8,38.7,38.785,647682
2178,2023-10-16 14:25:00,38.805,38.89,38.74,38.76,766841
2179,2023-10-16 14:20:00,38.835,38.85,38.71,38.81,652075
2180,2023-10-16 14:15:00,38.82,38.857,38.755,38.833,663171
2181,2023-10-16 14:10:00,38.84,38.9,38.8,38.815,970512
2182,2023-10-16 14:05:00,38.746,38.85,38.68,38.836,763232
2183,2023-10-16 14:00:00,38.81,38.811,38.68,38.74,863885
2184,2023-10-16 13:55:00,38.76,38.83,38.756,38.8,741162
2185,2023-10-16 13:50:00,38.72,38.785,38.68,38.759,940726
2186,2023-10-16 13:45:00,38.735,38.755,38.663,38.71,675341
2187,2023-10-16 13:40:00,38.61,38.77,38.609,38.74,972397
2188,2023-10-16 13:35:00,38.51,38.63,38.505,38.61,781690
2189,2023-10-16 13:30:00,38.48,38.585,38.43,38.514,992876
2190,2023-10-16 13:25:00,38.26,38.5,38.088,38.477,1837353
2191,2023-10-16 13:20:00,38.64,38.64,38.23,38.26,2398229
2192,2023-10-16 13:15:00,38.81,38.85,38.64,38.645,880653
2193,2023-10-16 13:10:00,38.83,38.89,38.8,38.81,986383
2194,2023-10-16 13:05:00,38.769,38.82,38.75,38.82,766916
2195,2023-10-16 13:00:00,38.6,38.77,38.59,38.77,1489964
2196,2023-10-16 12:55:00,38.58,38.6,38.44,38.6,1612953
2197,2023-10-16 12:50:00,38.56,38.63,38.54,38.58,1281511
2198,2023-10-16 12:45:00,38.56,38.63,38.53,38.555,606329
2199,2023-10-16 12:40:00,38.545,38.576,38.51,38.56,286026
2200,2023-10-16 12:35:00,38.56,38.6,38.51,38.55,475447
2201,2023-10-16 12:30:00,38.6,38.66,38.534,38.565,1002851
2202,2023-10-16 12:25:00,38.58,38.62,38.53,38.6,516262
2203,2023-10-16 12:20:00,38.526,38.61,38.48,38.585,931222
2204,2023-10-16 12:15:00,38.46,38.56,38.45,38.527,432736
2205,2023-10-16 12:10:00,38.6,38.606,38.44,38.46,570406
2206,2023-10-16 12:05:00,38.475,38.61,38.47,38.595,850114
2207,2023-10-16 12:00:00,38.52,38.528,38.41,38.48,833298
2208,2023-10-16 11:55:00,38.545,38.582,38.5,38.515,463725
2209,2023-10-16 11:50:00,38.639,38.67,38.54,38.55,569424
2210,2023-10-16 11:45:00,38.58,38.65,38.47,38.635,903084
2211,2023-10-16 11:40:00,38.59,38.649,38.5,38.577,988988
2212,2023-10-16 11:35:00,38.77,38.8,38.58,38.59,793772
2213,2023-10-16 11:30:00,38.745,38.8,38.7,38.775,722185
2214,2023-10-16 11:25:00,38.62,38.76,38.59,38.741,755898
2215,2023-10-16 11:20:00,38.61,38.67,38.57,38.625,1005746
2216,2023-10-16 11:15:00,38.77,38.84,38.6,38.604,1012582
2217,2023-10-16 11:10:00,38.835,38.845,38.72,38.764,526755
2218,2023-10-16 11:05:00,38.72,38.89,38.715,38.83,835456
2219,2023-10-16 11:00:00,38.8,38.9,38.67,38.719,1180819
2220,2023-10-16 10:55:00,38.665,38.805,38.663,38.79,608706
2221,2023-10-16 10:50:00,38.77,38.81,38.624,38.664,827705
2222,2023-10-16 10:45:00,38.795,38.84,38.73,38.769,738492
2223,2023-10-16 10:40:00,38.76,38.81,38.68,38.8,1083244
2224,2023-10-16 10:35:00,38.8,38.865,38.734,38.75,1178234
2225,2023-10-16 10:30:00,38.73,38.92,38.7,38.79,2400088
2226,2023-10-16 10:25:00,38.61,38.74,37.857,38.725,1423441
2227,2023-10-16 10:20:00,38.46,38.63,38.434,38.609,1725547
2228,2023-10-16 10:15:00,38.41,38.55,38.35,38.47,1537160
2229,2023-10-16 10:10:00,38.29,38.508,38.27,38.407,2459685
2230,2023-10-16 10:05:00,38.17,38.3,38.125,38.3,1229632
2231,2023-10-16 10:00:00,38.2,38.28,38.07,38.165,1513753
2232,2023-10-16 09:55:00,37.99,38.22,37.91,38.19,1506892
2233,2023-10-16 09:50:00,37.92,38.08,37.92,37.98,1164420
2234,2023-10-16 09:45:00,38.0,38.1,37.86,37.918,1606022
2235,2023-10-16 09:40:00,38.27,38.379,37.95,38.0,2052804
2236,2023-10-16 09:35:00,38.24,38.45,38.21,38.26,2986487
2237,2023-10-16 09:30:00,37.82,38.25,37.77,38.24,3376524
2238,2023-10-16 09:25:00,37.86,37.86,37.775,37.83,184962
2239,2023-10-16 09:20:00,37.89,37.9,37.84,37.86,195904
2240,2023-10-16 09:15:00,37.84,37.9,37.83,37.89,146272
2241,2023-10-16 09:10:00,37.77,37.86,37.77,37.84,129047
2242,2023-10-16 09:05:00,37.789,37.805,37.74,37.77,110765
2243,2023-10-16 09:00:00,37.79,37.83,37.77,37.785,118415
2244,2023-10-16 08:55:00,37.78,37.82,37.77,37.78,119433
2245,2023-10-16 08:50:00,37.755,37.85,37.75,37.78,161795
2246,2023-10-16 08:45:00,37.68,37.77,37.67,37.75,88395
2247,2023-10-16 08:40:00,37.72,37.74,37.67,37.67,127452
2248,2023-10-16 08:35:00,37.55,37.74,37.51,37.72,185951
2249,2023-10-16 08:30:00,37.52,37.6,37.49,37.55,115448
2250,2023-10-16 08:25:00,37.53,37.55,37.49,37.51,43205
2251,2023-10-16 08:20:00,37.52,37.61,37.49,37.54,117012
2252,2023-10-16 08:15:00,37.46,37.52,37.46,37.52,38251
2253,2023-10-16 08:10:00,37.48,37.5,37.44,37.47,64571
2254,2023-10-16 08:05:00,37.6,37.6,37.45,37.5,74795
2255,2023-10-16 08:00:00,37.59,37.86,37.148,37.62,653198
2256,2023-10-16 07:55:00,37.62,37.63,37.57,37.58,25583
2257,2023-10-16 07:50:00,37.61,37.67,37.61,37.62,43698
2258,2023-10-16 07:45:00,37.63,37.65,37.58,37.61,76447
2259,2023-10-16 07:40:00,37.59,37.67,37.54,37.63,59768
2260,2023-10-16 07:35:00,37.44,37.6,37.44,37.59,149130
2261,2023-10-16 07:30:00,37.5,37.52,37.44,37.44,37637
2262,2023-10-16 07:25:00,37.46,37.5,37.45,37.49,57282
2263,2023-10-16 07:20:00,37.46,37.48,37.42,37.45,44456
2264,2023-10-16 07:15:00,37.41,37.45,37.41,37.45,40663
2265,2023-10-16 07:10:00,37.37,37.4,37.36,37.4,25286
2266,2023-10-16 07:05:00,37.421,37.45,37.36,37.37,27146
2267,2023-10-16 07:00:00,37.47,37.5,37.42,37.43,50814
2268,2023-10-16 06:55:00,37.42,37.49,37.41,37.48,32044
2269,2023-10-16 06:50:00,37.41,37.45,37.39,37.43,18996
2270,2023-10-16 06:45:00,37.41,37.43,37.38,37.43,4712
2271,2023-10-16 06:40:00,37.39,37.43,37.37,37.41,14965
2272,2023-10-16 06:35:00,37.37,37.39,37.35,37.39,6857
2273,2023-10-16 06:30:00,37.32,37.4,37.31,37.36,8933
2274,2023-10-16 06:25:00,37.34,37.34,37.31,37.32,8620
2275,2023-10-16 06:20:00,37.36,37.38,37.32,37.34,9098
2276,2023-10-16 06:15:00,37.27,37.36,37.27,37.34,13511
2277,2023-10-16 06:10:00,37.22,37.28,37.2,37.27,14713
2278,2023-10-16 06:05:00,37.22,37.25,37.19,37.23,40826
2279,2023-10-16 06:00:00,37.42,37.42,37.22,37.23,67420
2280,2023-10-16 05:55:00,37.47,37.47,37.41,37.43,9531
2281,2023-10-16 05:50:00,37.44,37.48,37.44,37.46,11240
2282,2023-10-16 05:45:00,37.5,37.52,37.43,37.45,8326
2283,2023-10-16 05:40:00,37.53,37.54,37.49,37.51,9124
2284,2023-10-16 05:35:00,37.45,37.53,37.45,37.53,21099
2285,2023-10-16 05:30:00,37.41,37.46,37.4,37.46,26285
2286,2023-10-16 05:25:00,37.42,37.45,37.4,37.4,17927
2287,2023-10-16 05:20:00,37.46,37.46,37.37,37.43,19200
2288,2023-10-16 05:15:00,37.42,37.5,37.41,37.44,9556
2289,2023-10-16 05:10:00,37.46,37.48,37.4,37.42,36097
2290,2023-10-16 05:05:00,37.43,37.53,37.43,37.47,23970
2291,2023-10-16 05:00:00,37.5,37.52,37.43,37.43,14751
2292,2023-10-16 04:55:00,37.51,37.53,37.48,37.49,15276
2293,2023-10-16 04:50:00,37.56,37.58,37.5,37.51,94901
2294,2023-10-16 04:45:00,37.48,37.58,37.47,37.54,84796
2295,2023-10-16 04:40:00,37.49,37.49,37.45,37.49,22576
2296,2023-10-16 04:35:00,37.45,37.52,37.44,37.49,26266
2297,2023-10-16 04:30:00,37.43,37.49,37.43,37.46,30919
2298,2023-10-16 04:25:00,37.32,37.45,37.32,37.43,54183
2299,2023-10-16 04:20:00,37.2,37.33,37.2,37.32,48732
2300,2023-10-16 04:15:00,37.2,37.23,37.13,37.21,29017
2301,2023-10-16 04:10:00,37.2,37.24,37.16,37.2,33463
2302,2023-10-16 04:05:00,37.26,37.3,37.2,37.2,119458
2303,2023-10-16 04:00:00,37.4,37.78,37.19,37.26,105969
2304,2023-10-13 19:55:00,37.2,37.21,37.18,37.19,65557
2305,2023-10-13 19:50:00,37.18,37.2,37.15,37.19,18903
2306,2023-10-13 19:45:00,37.26,37.26,37.18,37.18,16283
2307,2023-10-13 19:40:00,37.26,37.27,37.25,37.25,13485
2308,2023-10-13 19:35:00,37.27,37.27,37.26,37.26,7423
2309,2023-10-13 19:30:00,37.26,37.27,37.26,37.26,8875
2310,2023-10-13 19:25:00,37.25,37.27,37.25,37.27,15583
2311,2023-10-13 19:20:00,37.26,37.26,37.24,37.26,21192
2312,2023-10-13 19:15:00,37.25,37.27,37.24,37.26,11716
2313,2023-10-13 19:10:00,37.26,37.26,37.24,37.25,9471
2314,2023-10-13 19:05:00,37.27,37.27,37.25,37.25,8435
2315,2023-10-13 19:00:00,37.26,37.27,37.26,37.27,4409
2316,2023-10-13 18:55:00,37.27,37.27,37.25,37.26,26416
2317,2023-10-13 18:50:00,37.27,37.27,37.25,37.27,13423
2318,2023-10-13 18:45:00,37.26,37.27,37.26,37.27,25336
2319,2023-10-13 18:40:00,37.27,37.27,37.25,37.27,9329
2320,2023-10-13 18:35:00,37.28,37.28,37.25,37.27,7630
2321,2023-10-13 18:30:00,37.28,37.28,37.27,37.28,6255
2322,2023-10-13 18:25:00,37.27,37.28,37.26,37.27,8743
2323,2023-10-13 18:20:00,37.27,37.27,37.25,37.26,9240
2324,2023-10-13 18:15:00,37.27,37.28,37.26,37.27,24482
2325,2023-10-13 18:10:00,37.29,37.29,37.26,37.26,11817
2326,2023-10-13 18:05:00,37.29,37.29,37.275,37.28,18854
2327,2023-10-13 18:00:00,37.285,37.3,37.28,37.29,9083
2328,2023-10-13 17:55:00,37.29,37.29,37.27,37.27,14613
2329,2023-10-13 17:50:00,37.29,37.3,37.28,37.29,10834
2330,2023-10-13 17:45:00,37.295,37.3,37.28,37.29,7869
2331,2023-10-13 17:40:00,37.285,37.29,37.28,37.29,8816
2332,2023-10-13 17:35:00,37.29,37.3,37.28,37.285,9148
2333,2023-10-13 17:30:00,37.28,37.29,37.27,37.28,35868
2334,2023-10-13 17:25:00,37.31,37.31,37.28,37.29,24556
2335,2023-10-13 17:20:00,37.305,37.31,37.3,37.31,8827
2336,2023-10-13 17:15:00,37.31,37.31,37.3,37.305,10132
2337,2023-10-13 17:10:00,37.31,37.32,37.3,37.3,5178
2338,2023-10-13 17:05:00,37.31,37.32,37.3,37.31,8249
2339,2023-10-13 17:00:00,37.305,37.32,37.3,37.31,9129
2340,2023-10-13 16:55:00,37.32,37.32,37.3,37.305,8082
2341,2023-10-13 16:50:00,37.33,37.34,37.295,37.32,13555
2342,2023-10-13 16:45:00,37.31,37.33,37.3,37.33,20800
2343,2023-10-13 16:40:00,37.31,38.71,37.3,37.32,72499
2344,2023-10-13 16:35:00,37.325,37.33,37.3,37.31,25202
2345,2023-10-13 16:30:00,37.31,37.33,37.3,37.33,52259
2346,2023-10-13 16:25:00,37.32,37.32,37.285,37.31,45896
2347,2023-10-13 16:20:00,37.33,37.33,37.295,37.32,105597
2348,2023-10-13 16:15:00,37.41,37.41,37.29,37.32,33946
2349,2023-10-13 16:10:00,37.32,37.33,37.28,37.29,100211
2350,2023-10-13 16:05:00,37.33,37.34,37.26,37.32,117638
2351,2023-10-13 16:00:00,37.41,37.42,37.32,37.32,614114
2352,2023-10-13 15:55:00,37.46,37.46,37.3,37.405,3145747
2353,2023-10-13 15:50:00,37.37,37.48,37.28,37.47,2217268
2354,2023-10-13 15:45:00,37.19,37.38,37.19,37.37,2007306
2355,2023-10-13 15:40:00,37.34,37.365,37.12,37.18,1191164
2356,2023-10-13 15:35:00,37.35,37.41,37.3,37.35,1003260
2357,2023-10-13 15:30:00,37.33,37.46,37.33,37.36,834773
2358,2023-10-13 15:25:00,37.45,37.47,37.26,37.32,897791
2359,2023-10-13 15:20:00,37.46,37.476,37.32,37.44,963716
2360,2023-10-13 15:15:00,37.625,37.63,37.42,37.465,1312436
2361,2023-10-13 15:10:00,37.53,37.78,37.474,37.62,1431674
2362,2023-10-13 15:05:00,37.55,37.56,37.31,37.53,2031488
2363,2023-10-13 15:00:00,37.495,37.6,37.425,37.55,1693836
2364,2023-10-13 14:55:00,37.46,37.54,37.36,37.495,1882270
2365,2023-10-13 14:50:00,37.34,37.48,37.32,37.465,909418
2366,2023-10-13 14:45:00,37.34,37.41,37.26,37.345,1995182
2367,2023-10-13 14:40:00,37.409,37.5,37.315,37.335,1847862
2368,2023-10-13 14:35:00,37.52,37.55,37.33,37.401,2211623
2369,2023-10-13 14:30:00,37.35,37.58,37.34,37.525,2509074
2370,2023-10-13 14:25:00,37.23,37.362,37.18,37.355,799433
2371,2023-10-13 14:20:00,37.359,37.42,37.2,37.24,1879314
2372,2023-10-13 14:15:00,37.348,37.43,37.2,37.36,2195253
2373,2023-10-13 14:10:00,37.35,37.405,37.291,37.35,1293384
2374,2023-10-13 14:05:00,37.33,37.55,37.32,37.34,1307654
2375,2023-10-13 14:00:00,37.38,37.415,37.28,37.329,952106
2376,2023-10-13 13:55:00,37.4,37.489,37.35,37.38,872643
2377,2023-10-13 13:50:00,37.38,37.475,37.36,37.395,953634
2378,2023-10-13 13:45:00,37.41,37.45,37.32,37.37,1358441
2379,2023-10-13 13:40:00,37.04,37.47,37.03,37.4,3225511
2380,2023-10-13 13:35:00,37.083,37.12,36.974,37.05,1581958
2381,2023-10-13 13:30:00,37.09,37.129,36.98,37.09,1783464
2382,2023-10-13 13:25:00,37.385,37.4,37.06,37.085,2813478
2383,2023-10-13 13:20:00,37.391,37.5,37.36,37.38,928409
2384,2023-10-13 13:15:00,37.4,37.48,37.33,37.39,1288776
2385,2023-10-13 13:10:00,37.483,37.61,37.38,37.4,1592500
2386,2023-10-13 13:05:00,37.69,37.69,37.44,37.488,1126192
2387,2023-10-13 13:00:00,37.74,37.77,37.66,37.68,560076
2388,2023-10-13 12:55:00,37.741,37.78,37.69,37.741,536129
2389,2023-10-13 12:50:00,37.832,37.845,37.61,37.74,1958775
2390,2023-10-13 12:45:00,37.92,37.965,37.83,37.831,740985
2391,2023-10-13 12:40:00,37.87,38.0,37.87,37.915,867113
2392,2023-10-13 12:35:00,37.96,38.0,37.83,37.87,1188382
2393,2023-10-13 12:30:00,37.89,38.02,37.85,37.97,1533044
2394,2023-10-13 12:25:00,37.82,37.92,37.76,37.89,1280576
2395,2023-10-13 12:20:00,37.67,37.86,37.655,37.82,1836363
2396,2023-10-13 12:15:00,37.445,37.7,37.445,37.675,1473426
2397,2023-10-13 12:10:00,37.53,37.565,37.433,37.44,986713
2398,2023-10-13 12:05:00,37.46,37.557,37.44,37.54,858369
2399,2023-10-13 12:00:00,37.395,37.53,37.35,37.458,1130729
2400,2023-10-13 11:55:00,37.43,37.46,37.324,37.395,1831977
2401,2023-10-13 11:50:00,37.67,37.68,37.4,37.43,2239337
2402,2023-10-13 11:45:00,37.705,37.76,37.63,37.665,758086
2403,2023-10-13 11:40:00,37.81,37.819,37.67,37.703,929482
2404,2023-10-13 11:35:00,37.75,37.83,37.7,37.8,994882
2405,2023-10-13 11:30:00,37.71,37.8,37.61,37.741,1300550
2406,2023-10-13 11:25:00,37.65,37.73,37.61,37.71,1821535
2407,2023-10-13 11:20:00,37.9,37.935,37.63,37.65,1761311
2408,2023-10-13 11:15:00,37.97,37.97,37.856,37.898,1064580
2409,2023-10-13 11:10:00,37.98,38.08,37.9,37.974,2104591
2410,2023-10-13 11:05:00,37.985,37.99,37.77,37.975,2127314
2411,2023-10-13 11:00:00,38.01,38.05,37.93,37.99,1233554
2412,2023-10-13 10:55:00,38.08,38.09,37.945,38.015,1224403
2413,2023-10-13 10:50:00,38.418,38.43,37.91,38.079,2858950
2414,2023-10-13 10:45:00,38.575,38.625,38.38,38.42,1284668
2415,2023-10-13 10:40:00,38.56,38.63,38.465,38.583,1222024
2416,2023-10-13 10:35:00,38.724,38.737,38.55,38.55,1049757
2417,2023-10-13 10:30:00,38.59,38.74,38.5,38.73,1140067
2418,2023-10-13 10:25:00,38.535,38.72,38.51,38.599,1227283
2419,2023-10-13 10:20:00,38.67,38.81,38.51,38.534,1721105
2420,2023-10-13 10:15:00,38.68,38.795,38.63,38.66,1038728
2421,2023-10-13 10:10:00,38.885,38.89,38.65,38.679,1312126
2422,2023-10-13 10:05:00,38.86,38.905,38.661,38.89,1771482
2423,2023-10-13 10:00:00,39.09,39.11,38.72,38.85,4429886
2424,2023-10-13 09:55:00,39.055,39.245,39.04,39.1,2408190
2425,2023-10-13 09:50:00,39.097,39.15,38.99,39.055,1320532
2426,2023-10-13 09:45:00,38.98,39.105,38.88,39.1,1763498
2427,2023-10-13 09:40:00,39.06,39.205,38.97,38.98,2561354
2428,2023-10-13 09:35:00,39.005,39.08,38.783,39.056,2379386
2429,2023-10-13 09:30:00,39.09,39.279,38.99,39.004,3171075
2430,2023-10-13 09:25:00,39.06,39.095,39.02,39.09,330210
2431,2023-10-13 09:20:00,39.11,39.129,39.05,39.05,168195
2432,2023-10-13 09:15:00,39.12,39.14,39.07,39.11,171973
2433,2023-10-13 09:10:00,39.08,39.13,39.06,39.12,136453
2434,2023-10-13 09:05:00,39.075,39.12,39.0,39.08,256570
2435,2023-10-13 09:00:00,38.99,39.09,38.95,39.08,285404
2436,2023-10-13 08:55:00,38.94,39.02,38.94,38.99,225427
2437,2023-10-13 08:50:00,38.85,38.998,38.83,38.94,154792
2438,2023-10-13 08:45:00,38.83,38.88,38.8,38.85,161992
2439,2023-10-13 08:40:00,38.82,38.85,38.76,38.83,201125
2440,2023-10-13 08:35:00,38.72,38.83,38.71,38.819,210641
2441,2023-10-13 08:30:00,38.61,38.72,38.602,38.72,161446
2442,2023-10-13 08:25:00,38.53,38.62,38.52,38.6,85315
2443,2023-10-13 08:20:00,38.42,38.55,38.39,38.535,73678
2444,2023-10-13 08:15:00,38.44,38.47,38.4,38.42,80166
2445,2023-10-13 08:10:00,38.43,38.49,38.4,38.43,50337
2446,2023-10-13 08:05:00,38.52,38.52,38.4,38.42,126764
2447,2023-10-13 08:00:00,38.41,39.04,38.148,38.51,569352
2448,2023-10-13 07:55:00,38.53,38.56,38.48,38.53,29731
2449,2023-10-13 07:50:00,38.48,38.57,38.48,38.55,65379
2450,2023-10-13 07:45:00,38.5,38.51,38.44,38.48,31725
2451,2023-10-13 07:40:00,38.54,38.54,38.45,38.5,59666
2452,2023-10-13 07:35:00,38.48,38.55,38.47,38.54,28110
2453,2023-10-13 07:30:00,38.56,38.56,38.47,38.49,46393
2454,2023-10-13 07:25:00,38.44,38.58,38.42,38.55,131883
2455,2023-10-13 07:20:00,38.4,38.46,38.37,38.44,132699
2456,2023-10-13 07:15:00,38.48,38.49,38.4,38.4,50733
2457,2023-10-13 07:10:00,38.47,38.5,38.43,38.48,88058
2458,2023-10-13 07:05:00,38.43,38.47,38.41,38.47,47158
2459,2023-10-13 07:00:00,38.37,38.44,38.35,38.44,93153
2460,2023-10-13 06:55:00,38.4,38.41,38.35,38.36,22979
2461,2023-10-13 06:50:00,38.35,38.42,38.33,38.4,36216
2462,2023-10-13 06:45:00,38.24,38.37,38.24,38.35,186749
2463,2023-10-13 06:40:00,38.31,38.31,38.24,38.24,15598
2464,2023-10-13 06:35:00,38.23,38.32,38.22,38.31,33954
2465,2023-10-13 06:30:00,38.23,38.26,38.19,38.22,19226
2466,2023-10-13 06:25:00,38.25,38.28,38.23,38.23,14522
2467,2023-10-13 06:20:00,38.21,38.25,38.2,38.24,21775
2468,2023-10-13 06:15:00,38.21,38.28,38.21,38.21,21367
2469,2023-10-13 06:10:00,38.22,38.25,38.15,38.22,43943
2470,2023-10-13 06:05:00,38.28,38.3,38.21,38.22,32873
2471,2023-10-13 06:00:00,38.22,38.31,38.21,38.28,34047
2472,2023-10-13 05:55:00,38.25,38.32,38.22,38.22,34744
2473,2023-10-13 05:50:00,38.44,38.44,38.24,38.25,73668
2474,2023-10-13 05:45:00,38.44,38.48,38.4,38.43,69936
2475,2023-10-13 05:40:00,38.53,38.53,38.42,38.45,25037
2476,2023-10-13 05:35:00,38.51,38.57,38.5,38.53,33384
2477,2023-10-13 05:30:00,38.56,38.57,38.5,38.51,9465
2478,2023-10-13 05:25:00,38.58,38.59,38.54,38.55,23838
2479,2023-10-13 05:20:00,38.58,38.59,38.56,38.58,16022
2480,2023-10-13 05:15:00,38.56,38.59,38.5,38.57,39045
2481,2023-10-13 05:10:00,38.57,38.6,38.54,38.56,79584
2482,2023-10-13 05:05:00,38.69,38.69,38.55,38.56,94356
2483,2023-10-13 05:00:00,38.72,38.75,38.66,38.69,25563
2484,2023-10-13 04:55:00,38.73,38.75,38.72,38.73,9936
2485,2023-10-13 04:50:00,38.71,38.73,38.7,38.73,6952
2486,2023-10-13 04:45:00,38.7,38.78,38.7,38.7,15951
2487,2023-10-13 04:40:00,38.8,38.8,38.68,38.69,45367
2488,2023-10-13 04:35:00,38.85,38.88,38.79,38.79,7035
2489,2023-10-13 04:30:00,38.85,38.86,38.79,38.83,19448
2490,2023-10-13 04:25:00,38.91,38.93,38.84,38.85,19296
2491,2023-10-13 04:20:00,38.92,38.94,38.91,38.91,12851
2492,2023-10-13 04:15:00,38.98,39.0,38.91,38.92,18958
2493,2023-10-13 04:10:00,38.99,39.02,38.96,38.98,21622
2494,2023-10-13 04:05:00,38.98,39.03,38.97,38.99,30893
2495,2023-10-13 04:00:00,38.95,39.04,38.95,38.98,49565
2496,2023-10-12 19:55:00,38.98,39.01,38.97,38.97,19369
2497,2023-10-12 19:50:00,38.99,39.02,38.98,38.99,18297
2498,2023-10-12 19:45:00,38.95,38.99,38.94,38.99,47773
2499,2023-10-12 19:40:00,38.94,38.97,38.94,38.95,7461
2500,2023-10-12 19:35:00,38.99,38.99,38.93,38.93,12080
2501,2023-10-12 19:30:00,38.98,38.99,38.96,38.99,7928
2502,2023-10-12 19:25:00,38.95,38.98,38.94,38.98,27050
2503,2023-10-12 19:20:00,38.94,38.95,38.93,38.95,7369
2504,2023-10-12 19:15:00,38.91,38.95,38.91,38.95,11435
2505,2023-10-12 19:10:00,38.92,38.92,38.9,38.91,38422
2506,2023-10-12 19:05:00,38.92,38.93,38.89,38.91,14067
2507,2023-10-12 19:00:00,38.93,38.94,38.92,38.93,8274
2508,2023-10-12 18:55:00,38.91,38.94,38.9,38.93,21247
2509,2023-10-12 18:50:00,38.9,38.91,38.89,38.9,7071
2510,2023-10-12 18:45:00,38.89,38.925,38.89,38.92,7476
2511,2023-10-12 18:40:00,38.93,38.93,38.89,38.895,7955
2512,2023-10-12 18:35:00,38.9,38.94,38.9,38.92,7869
2513,2023-10-12 18:30:00,38.93,38.93,38.89,38.9,12014
2514,2023-10-12 18:25:00,38.91,38.95,38.91,38.93,8903
2515,2023-10-12 18:20:00,38.885,38.92,38.88,38.91,6413
2516,2023-10-12 18:15:00,38.88,38.891,38.88,38.89,10428
2517,2023-10-12 18:10:00,38.88,38.89,38.87,38.89,1454
2518,2023-10-12 18:05:00,38.865,38.88,38.85,38.87,18587
2519,2023-10-12 18:00:00,38.9,38.95,38.865,38.87,76760
2520,2023-10-12 17:55:00,38.885,38.9,38.88,38.9,36230
2521,2023-10-12 17:50:00,38.89,38.89,38.88,38.88,18628
2522,2023-10-12 17:45:00,38.895,38.91,38.88,38.885,17189
2523,2023-10-12 17:40:00,38.9,38.91,38.89,38.895,6448
2524,2023-10-12 17:35:00,38.9,38.91,38.9,38.9,4468
2525,2023-10-12 17:30:00,38.9,38.92,38.9,38.9,3902
2526,2023-10-12 17:25:00,38.91,38.92,38.9,38.902,1929
2527,2023-10-12 17:20:00,38.91,38.92,38.9,38.9,5710
2528,2023-10-12 17:15:00,38.9,38.92,38.9,38.92,5927
2529,2023-10-12 17:10:00,38.9,38.91,38.9,38.9,8180
2530,2023-10-12 17:05:00,38.91,38.92,38.9,38.91,15619
2531,2023-10-12 17:00:00,38.945,38.95,38.91,38.915,28239
2532,2023-10-12 16:55:00,38.92,38.95,38.89,38.94,125288
2533,2023-10-12 16:50:00,38.92,38.93,38.91,38.915,53210
2534,2023-10-12 16:45:00,38.93,38.93,38.91,38.93,55941
2535,2023-10-12 16:40:00,38.9,38.925,38.9,38.925,26129
2536,2023-10-12 16:35:00,38.92,38.93,38.9,38.901,65464
2537,2023-10-12 16:30:00,38.93,38.94,38.91,38.91,47589
2538,2023-10-12 16:25:00,38.92,39.82,38.91,38.93,36705
2539,2023-10-12 16:20:00,38.9,38.94,38.89,38.92,1369631
2540,2023-10-12 16:15:00,38.88,38.91,38.87,38.9,54194
2541,2023-10-12 16:10:00,38.94,38.955,38.87,38.895,75324
2542,2023-10-12 16:05:00,38.93,38.98,38.92,38.93,137284
2543,2023-10-12 16:00:00,38.87,38.95,38.86,38.93,880337
2544,2023-10-12 15:55:00,38.91,38.929,38.84,38.875,1941591
2545,2023-10-12 15:50:00,38.91,39.03,38.855,38.905,1999327
2546,2023-10-12 15:45:00,38.89,38.927,38.83,38.9,1083175
2547,2023-10-12 15:40:00,38.97,38.99,38.87,38.885,1111413
2548,2023-10-12 15:35:00,38.904,39.03,38.895,38.965,854809
2549,2023-10-12 15:30:00,38.78,38.98,38.775,38.9,1416051
2550,2023-10-12 15:25:00,38.78,38.82,38.71,38.786,924419
2551,2023-10-12 15:20:00,38.875,38.9,38.764,38.78,1259097
2552,2023-10-12 15:15:00,38.77,38.92,38.69,38.87,1928745
2553,2023-10-12 15:10:00,38.74,38.8,38.61,38.77,1481377
2554,2023-10-12 15:05:00,38.76,38.77,38.64,38.741,1190677
2555,2023-10-12 15:00:00,38.61,38.77,38.59,38.756,1190177
2556,2023-10-12 14:55:00,38.635,38.68,38.57,38.6,983393
2557,2023-10-12 14:50:00,38.747,38.75,38.595,38.63,1276406
2558,2023-10-12 14:45:00,38.64,38.79,38.575,38.746,1069071
2559,2023-10-12 14:40:00,38.61,38.66,38.53,38.63,1631457
2560,2023-10-12 14:35:00,38.63,38.66,38.51,38.61,1553817
2561,2023-10-12 14:30:00,38.5,38.64,38.44,38.625,2024584
2562,2023-10-12 14:25:00,38.44,38.53,38.35,38.505,1706340
2563,2023-10-12 14:20:00,38.18,38.49,38.173,38.446,2200554
2564,2023-10-12 14:15:00,38.24,38.27,38.14,38.18,1185232
2565,2023-10-12 14:10:00,38.27,38.29,38.12,38.23,1921540
2566,2023-10-12 14:05:00,38.49,38.54,38.27,38.271,2025734
2567,2023-10-12 14:00:00,38.62,38.68,38.5,38.5,1211485
2568,2023-10-12 13:55:00,38.69,38.785,38.58,38.62,968339
2569,2023-10-12 13:50:00,38.76,38.775,38.635,38.68,841992
2570,2023-10-12 13:45:00,38.694,38.82,38.691,38.755,998185
2571,2023-10-12 13:40:00,38.77,38.81,38.68,38.69,963476
2572,2023-10-12 13:35:00,38.8,38.87,38.73,38.78,1320674
2573,2023-10-12 13:30:00,38.84,38.94,38.77,38.79,1265819
2574,2023-10-12 13:25:00,38.89,38.93,38.8,38.835,1205939
2575,2023-10-12 13:20:00,38.96,39.029,38.87,38.895,1477775
2576,2023-10-12 13:15:00,39.02,39.02,38.86,38.958,1885431
2577,2023-10-12 13:10:00,39.24,39.276,39.0,39.025,1860216
2578,2023-10-12 13:05:00,39.45,39.47,39.2,39.249,2810763
2579,2023-10-12 13:00:00,39.794,39.82,39.38,39.45,2597926
2580,2023-10-12 12:55:00,39.919,39.93,39.72,39.794,946757
2581,2023-10-12 12:50:00,39.85,39.92,39.81,39.92,584269
2582,2023-10-12 12:45:00,39.98,39.98,39.83,39.84,842646
2583,2023-10-12 12:40:00,39.951,40.005,39.925,39.982,616075
2584,2023-10-12 12:35:00,39.91,39.979,39.868,39.96,551939
2585,2023-10-12 12:30:00,40.0,40.02,39.88,39.905,762404
2586,2023-10-12 12:25:00,39.978,40.04,39.9,40.0,786741
2587,2023-10-12 12:20:00,39.9,40.05,39.855,39.98,1566694
2588,2023-10-12 12:15:00,39.77,39.915,39.765,39.89,884880
2589,2023-10-12 12:10:00,39.835,39.88,39.74,39.769,514897
2590,2023-10-12 12:05:00,39.79,39.9,39.78,39.839,939151
2591,2023-10-12 12:00:00,39.865,39.959,39.74,39.79,1054704
2592,2023-10-12 11:55:00,39.811,39.87,39.77,39.86,807846
2593,2023-10-12 11:50:00,39.68,39.82,39.65,39.815,596154
2594,2023-10-12 11:45:00,39.769,39.82,39.68,39.686,825525
2595,2023-10-12 11:40:00,39.71,39.78,39.66,39.76,649570
2596,2023-10-12 11:35:00,39.69,39.735,39.608,39.72,611999
2597,2023-10-12 11:30:00,39.67,39.71,39.6,39.69,945573
2598,2023-10-12 11:25:00,39.82,39.84,39.661,39.68,999673
2599,2023-10-12 11:20:00,39.95,40.036,39.81,39.815,1758722
2600,2023-10-12 11:15:00,39.891,39.98,39.83,39.96,1022887
2601,2023-10-12 11:10:00,39.71,39.91,39.71,39.89,1630224
2602,2023-10-12 11:05:00,39.67,39.73,39.57,39.711,880032
2603,2023-10-12 11:00:00,39.76,39.77,39.53,39.669,1269115
2604,2023-10-12 10:55:00,39.67,39.8,39.61,39.759,845690
2605,2023-10-12 10:50:00,39.725,39.77,39.6,39.67,672909
2606,2023-10-12 10:45:00,39.55,39.79,39.5,39.725,1339494
2607,2023-10-12 10:40:00,39.68,39.815,39.54,39.55,1073767
2608,2023-10-12 10:35:00,39.71,39.82,39.61,39.675,1211481
2609,2023-10-12 10:30:00,39.67,39.71,39.58,39.709,1390880
2610,2023-10-12 10:25:00,39.753,39.99,39.61,39.66,2292105
2611,2023-10-12 10:20:00,39.7,39.88,39.665,39.755,1346205
2612,2023-10-12 10:15:00,39.895,39.92,39.66,39.705,1957380
2613,2023-10-12 10:10:00,39.7,39.98,39.69,39.9,2883762
2614,2023-10-12 10:05:00,39.53,39.75,39.51,39.7,2448605
2615,2023-10-12 10:00:00,39.42,39.55,39.34,39.54,1346633
2616,2023-10-12 09:55:00,39.295,39.46,39.27,39.42,1261929
2617,2023-10-12 09:50:00,39.29,39.48,39.28,39.29,1757203
2618,2023-10-12 09:45:00,39.378,39.41,39.26,39.29,1621839
2619,2023-10-12 09:40:00,39.49,39.495,39.26,39.38,2465544
2620,2023-10-12 09:35:00,39.44,39.65,39.431,39.49,2561172
2621,2023-10-12 09:30:00,39.47,39.55,39.36,39.44,3366996
2622,2023-10-12 09:25:00,39.38,39.49,39.38,39.48,255417
2623,2023-10-12 09:20:00,39.35,39.39,39.3,39.38,169467
2624,2023-10-12 09:15:00,39.39,39.44,39.34,39.35,205703
2625,2023-10-12 09:10:00,39.4,39.42,39.35,39.38,279474
2626,2023-10-12 09:05:00,39.5,39.51,39.39,39.41,171358
2627,2023-10-12 09:00:00,39.46,39.53,39.42,39.5,161633
2628,2023-10-12 08:55:00,39.5,39.54,39.45,39.46,215939
2629,2023-10-12 08:50:00,39.57,39.581,39.47,39.49,232143
2630,2023-10-12 08:45:00,39.468,39.58,39.41,39.57,565046
2631,2023-10-12 08:40:00,39.33,39.47,39.28,39.47,452321
2632,2023-10-12 08:35:00,39.44,39.48,39.23,39.33,779234
2633,2023-10-12 08:30:00,39.84,39.86,39.362,39.45,1837142
2634,2023-10-12 08:25:00,39.77,39.85,39.76,39.84,153608
2635,2023-10-12 08:20:00,39.78,39.79,39.74,39.76,55869
2636,2023-10-12 08:15:00,39.8,39.81,39.74,39.78,66496
2637,2023-10-12 08:10:00,39.82,39.87,39.79,39.81,97364
2638,2023-10-12 08:05:00,39.81,39.83,39.76,39.83,50005
2639,2023-10-12 08:00:00,39.76,39.89,39.65,39.79,535425
2640,2023-10-12 07:55:00,39.73,39.8,39.73,39.79,35535
2641,2023-10-12 07:50:00,39.75,39.78,39.73,39.73,26198
2642,2023-10-12 07:45:00,39.74,39.81,39.72,39.75,44354
2643,2023-10-12 07:40:00,39.79,39.82,39.71,39.74,72673
2644,2023-10-12 07:35:00,39.76,39.81,39.75,39.79,19777
2645,2023-10-12 07:30:00,39.76,39.78,39.75,39.75,154645
2646,2023-10-12 07:25:00,39.77,39.79,39.74,39.76,22836
2647,2023-10-12 07:20:00,39.79,39.79,39.75,39.77,44823
2648,2023-10-12 07:15:00,39.81,39.84,39.79,39.79,15240
2649,2023-10-12 07:10:00,39.78,39.81,39.78,39.8,20301
2650,2023-10-12 07:05:00,39.8,39.8,39.78,39.78,36919
2651,2023-10-12 07:00:00,39.79,39.82,39.78,39.8,17792
2652,2023-10-12 06:55:00,39.8,39.82,39.79,39.8,6544
2653,2023-10-12 06:50:00,39.81,39.83,39.8,39.81,10177
2654,2023-10-12 06:45:00,39.84,39.85,39.8,39.81,13840
2655,2023-10-12 06:40:00,39.84,39.84,39.82,39.83,5442
2656,2023-10-12 06:35:00,39.85,39.87,39.8,39.85,37788
2657,2023-10-12 06:30:00,39.8,39.84,39.79,39.84,6987
2658,2023-10-12 06:25:00,39.87,39.87,39.8,39.8,28894
2659,2023-10-12 06:20:00,39.84,39.86,39.82,39.86,5707
2660,2023-10-12 06:15:00,39.83,39.87,39.8,39.84,94869
2661,2023-10-12 06:10:00,39.79,39.85,39.79,39.83,55597
2662,2023-10-12 06:05:00,39.83,39.84,39.78,39.79,24405
2663,2023-10-12 06:00:00,39.8,39.83,39.78,39.82,17202
2664,2023-10-12 05:55:00,39.8,39.82,39.79,39.8,7905
2665,2023-10-12 05:50:00,39.84,39.84,39.8,39.81,8828
2666,2023-10-12 05:45:00,39.8,39.84,39.8,39.84,20225
2667,2023-10-12 05:40:00,39.8,39.81,39.78,39.79,8632
2668,2023-10-12 05:35:00,39.78,39.81,39.77,39.8,22338
2669,2023-10-12 05:30:00,39.74,39.8,39.74,39.78,67569
2670,2023-10-12 05:25:00,39.78,39.78,39.74,39.75,129976
2671,2023-10-12 05:20:00,39.78,39.79,39.77,39.79,5210
2672,2023-10-12 05:15:00,39.78,39.79,39.76,39.79,12490
2673,2023-10-12 05:10:00,39.81,39.81,39.76,39.79,17780
2674,2023-10-12 05:05:00,39.8,39.82,39.79,39.81,71146
2675,2023-10-12 05:00:00,39.81,39.81,39.78,39.8,18652
2676,2023-10-12 04:55:00,39.75,39.81,39.74,39.8,16778
2677,2023-10-12 04:50:00,39.71,39.76,39.69,39.76,64690
2678,2023-10-12 04:45:00,39.73,39.75,39.69,39.71,27198
2679,2023-10-12 04:40:00,39.71,39.73,39.7,39.73,17791
2680,2023-10-12 04:35:00,39.7,39.72,39.68,39.71,10832
2681,2023-10-12 04:30:00,39.7,39.71,39.68,39.7,73505
2682,2023-10-12 04:25:00,39.71,39.72,39.68,39.7,41556
2683,2023-10-12 04:20:00,39.73,39.75,39.71,39.71,9579
2684,2023-10-12 04:15:00,39.7,39.74,39.67,39.74,23598
2685,2023-10-12 04:10:00,39.69,39.71,39.65,39.69,14415
2686,2023-10-12 04:05:00,39.66,39.7,39.66,39.69,28011
2687,2023-10-12 04:00:00,39.7,39.74,39.62,39.67,47038
2688,2023-10-11 19:55:00,39.61,39.62,39.6,39.62,39356
2689,2023-10-11 19:50:00,39.59,39.61,39.58,39.61,61709
2690,2023-10-11 19:45:00,39.58,39.6,39.57,39.6,20090
2691,2023-10-11 19:40:00,39.57,39.58,39.56,39.58,16105
2692,2023-10-11 19:35:00,39.6,39.61,39.57,39.58,7558
2693,2023-10-11 19:30:00,39.58,39.61,39.57,39.61,24002
2694,2023-10-11 19:25:00,39.54,39.59,39.54,39.58,17807
2695,2023-10-11 19:20:00,39.54,39.55,39.53,39.55,6742
2696,2023-10-11 19:15:00,39.53,39.55,39.52,39.54,11453
2697,2023-10-11 19:10:00,39.53,39.54,39.51,39.53,8417
2698,2023-10-11 19:05:00,39.52,39.54,39.51,39.53,10801
2699,2023-10-11 19:00:00,39.53,39.541,39.51,39.53,13513
2700,2023-10-11 18:55:00,39.51,39.54,39.51,39.53,77640
2701,2023-10-11 18:50:00,39.51,39.52,39.51,39.51,17429
2702,2023-10-11 18:45:00,39.5,39.53,39.5,39.51,7905
2703,2023-10-11 18:40:00,39.51,39.51,39.5,39.51,9261
2704,2023-10-11 18:35:00,39.51,39.52,39.49,39.51,5360
2705,2023-10-11 18:30:00,39.48,39.51,39.48,39.5,7482
2706,2023-10-11 18:25:00,39.48,39.5,39.48,39.49,5706
2707,2023-10-11 18:20:00,39.48,39.5,39.47,39.48,12944
2708,2023-10-11 18:15:00,39.51,39.52,39.47,39.47,19706
2709,2023-10-11 18:10:00,39.51,39.55,39.51,39.51,10645
2710,2023-10-11 18:05:00,39.501,39.51,39.5,39.51,24707
2711,2023-10-11 18:00:00,39.53,39.53,39.5,39.51,33292
2712,2023-10-11 17:55:00,39.53,39.55,39.52,39.53,20103
2713,2023-10-11 17:50:00,39.55,39.56,39.53,39.54,15829
2714,2023-10-11 17:45:00,39.53,39.54,39.53,39.54,17524
2715,2023-10-11 17:40:00,39.54,39.55,39.53,39.54,10927
2716,2023-10-11 17:35:00,39.54,39.56,39.54,39.55,11737
2717,2023-10-11 17:30:00,39.561,39.58,39.54,39.54,33003
2718,2023-10-11 17:25:00,39.57,39.58,39.56,39.56,13520
2719,2023-10-11 17:20:00,39.56,39.58,39.54,39.56,16813
2720,2023-10-11 17:15:00,39.56,39.57,39.56,39.56,12292
2721,2023-10-11 17:10:00,39.58,39.59,39.56,39.565,25284
2722,2023-10-11 17:05:00,39.55,39.57,39.55,39.57,26869
2723,2023-10-11 17:00:00,39.57,39.575,39.55,39.55,28247
2724,2023-10-11 16:55:00,39.58,39.6,39.57,39.58,19248
2725,2023-10-11 16:50:00,39.575,39.6,39.57,39.6,25484
2726,2023-10-11 16:45:00,39.58,39.59,39.565,39.57,13559
2727,2023-10-11 16:40:00,39.58,39.59,39.57,39.58,33673
2728,2023-10-11 16:35:00,39.55,39.58,39.54,39.58,38409
2729,2023-10-11 16:30:00,39.54,39.57,39.53,39.55,33130
2730,2023-10-11 16:25:00,39.57,39.58,39.53,39.54,68608
2731,2023-10-11 16:20:00,39.58,39.58,39.52,39.58,107850
2732,2023-10-11 16:15:00,39.34,39.62,39.34,39.59,226281
2733,2023-10-11 16:10:00,39.55,39.59,39.55,39.58,107431
2734,2023-10-11 16:05:00,39.51,39.57,39.49,39.56,236237
2735,2023-10-11 16:00:00,39.34,39.55,39.32,39.5,836258
2736,2023-10-11 15:55:00,39.29,39.396,39.265,39.34,1832314
2737,2023-10-11 15:50:00,39.26,39.34,39.23,39.292,1685129
2738,2023-10-11 15:45:00,39.21,39.31,39.2,39.25,1429790
2739,2023-10-11 15:40:00,39.152,39.24,39.13,39.21,1253684
2740,2023-10-11 15:35:00,39.051,39.17,39.01,39.155,976314
2741,2023-10-11 15:30:00,39.06,39.1,39.03,39.055,793188
2742,2023-10-11 15:25:00,39.002,39.11,38.95,39.06,946298
2743,2023-10-11 15:20:00,38.93,39.005,38.89,39.0,643516
2744,2023-10-11 15:15:00,38.915,38.96,38.87,38.94,726260
2745,2023-10-11 15:10:00,38.972,39.01,38.9,38.915,627568
2746,2023-10-11 15:05:00,39.01,39.01,38.88,38.975,832678
2747,2023-10-11 15:00:00,38.94,39.069,38.92,39.013,707346
2748,2023-10-11 14:55:00,39.0,39.03,38.9,38.94,614600
2749,2023-10-11 14:50:00,38.951,39.02,38.91,39.0,579778
2750,2023-10-11 14:45:00,38.97,39.02,38.891,38.96,746016
2751,2023-10-11 14:40:00,38.871,38.98,38.85,38.969,766678
2752,2023-10-11 14:35:00,38.87,38.95,38.865,38.871,638321
2753,2023-10-11 14:30:00,38.82,38.93,38.8,38.87,899526
2754,2023-10-11 14:25:00,38.97,39.07,38.81,38.83,1775605
2755,2023-10-11 14:20:00,38.69,38.98,38.69,38.98,1701365
2756,2023-10-11 14:15:00,38.67,38.79,38.66,38.69,1041096
2757,2023-10-11 14:10:00,38.655,38.755,38.61,38.665,662233
2758,2023-10-11 14:05:00,38.645,38.76,38.63,38.658,889100
2759,2023-10-11 14:00:00,38.61,38.8,38.605,38.65,1839101
2760,2023-10-11 13:55:00,38.585,38.65,38.534,38.62,570113
2761,2023-10-11 13:50:00,38.42,38.59,38.42,38.58,828067
2762,2023-10-11 13:45:00,38.47,38.52,38.4,38.42,514938
2763,2023-10-11 13:40:00,38.42,38.49,38.42,38.474,435721
2764,2023-10-11 13:35:00,38.511,38.528,38.42,38.424,794145
2765,2023-10-11 13:30:00,38.63,38.63,38.505,38.514,506574
2766,2023-10-11 13:25:00,38.6,38.7,38.58,38.635,992153
2767,2023-10-11 13:20:00,38.53,38.65,38.49,38.606,860080
2768,2023-10-11 13:15:00,38.793,38.805,38.495,38.53,1129116
2769,2023-10-11 13:10:00,38.765,38.8,38.744,38.795,340157
2770,2023-10-11 13:05:00,38.71,38.775,38.69,38.763,447141
2771,2023-10-11 13:00:00,38.79,38.819,38.66,38.705,943994
2772,2023-10-11 12:55:00,38.62,38.8,38.6,38.785,773744
2773,2023-10-11 12:50:00,38.71,38.74,38.57,38.62,671482
2774,2023-10-11 12:45:00,38.743,38.76,38.68,38.71,1505303
2775,2023-10-11 12:40:00,38.8,38.83,38.74,38.745,829160
2776,2023-10-11 12:35:00,38.733,38.82,38.673,38.795,908389
2777,2023-10-11 12:30:00,38.72,38.8,38.7,38.73,1022319
2778,2023-10-11 12:25:00,38.7,38.74,38.644,38.718,651175
2779,2023-10-11 12:20:00,38.63,38.7,38.57,38.699,712867
2780,2023-10-11 12:15:00,38.71,38.71,38.58,38.64,1198735
2781,2023-10-11 12:10:00,38.79,38.8,38.67,38.705,751641
2782,2023-10-11 12:05:00,38.794,38.82,38.7,38.79,686323
2783,2023-10-11 12:00:00,38.85,38.86,38.76,38.79,627839
2784,2023-10-11 11:55:00,38.882,38.9,38.83,38.85,550535
2785,2023-10-11 11:50:00,38.85,38.977,38.83,38.89,1004295
2786,2023-10-11 11:45:00,38.74,38.89,38.725,38.85,1477037
2787,2023-10-11 11:40:00,38.845,38.855,38.69,38.74,1281099
2788,2023-10-11 11:35:00,38.9,38.92,38.79,38.83,606604
2789,2023-10-11 11:30:00,38.855,38.94,38.835,38.908,668188
2790,2023-10-11 11:25:00,39.029,39.05,38.84,38.853,945750
2791,2023-10-11 11:20:00,38.97,39.059,38.91,39.027,1321243
2792,2023-10-11 11:15:00,39.28,39.285,38.92,38.976,2021016
2793,2023-10-11 11:10:00,39.28,39.38,39.25,39.275,1096891
2794,2023-10-11 11:05:00,39.199,39.3,39.19,39.275,798888
2795,2023-10-11 11:00:00,39.19,39.315,39.16,39.2,1809802
2796,2023-10-11 10:55:00,39.185,39.21,39.134,39.185,1055490
2797,2023-10-11 10:50:00,38.92,39.25,38.91,39.19,2832068
2798,2023-10-11 10:45:00,38.98,38.99,38.79,38.925,1381995
2799,2023-10-11 10:40:00,39.06,39.09,38.901,38.97,1268477
2800,2023-10-11 10:35:00,38.97,39.07,38.87,39.055,1260228
2801,2023-10-11 10:30:00,38.88,38.989,38.75,38.975,1238236
2802,2023-10-11 10:25:00,38.97,38.995,38.825,38.88,1150914
2803,2023-10-11 10:20:00,38.845,39.02,38.82,38.97,1668822
2804,2023-10-11 10:15:00,38.802,38.895,38.755,38.845,1363929
2805,2023-10-11 10:10:00,38.905,38.99,38.79,38.804,1187150
2806,2023-10-11 10:05:00,38.83,38.95,38.82,38.905,1299735
2807,2023-10-11 10:00:00,38.98,38.985,38.78,38.835,1536062
2808,2023-10-11 09:55:00,39.02,39.06,38.923,38.975,908273
2809,2023-10-11 09:50:00,39.08,39.13,38.88,39.025,1915546
2810,2023-10-11 09:45:00,39.05,39.181,39.03,39.07,1861826
2811,2023-10-11 09:40:00,39.3,39.325,39.04,39.045,2121145
2812,2023-10-11 09:35:00,39.27,39.412,39.23,39.299,2386175
2813,2023-10-11 09:30:00,38.94,39.34,38.93,39.27,3810463
2814,2023-10-11 09:25:00,38.95,39.02,38.92,38.95,139579
2815,2023-10-11 09:20:00,38.94,38.96,38.88,38.932,109253
2816,2023-10-11 09:15:00,38.9,38.97,38.87,38.948,208774
2817,2023-10-11 09:10:00,38.98,39.01,38.89,38.9,337744
2818,2023-10-11 09:05:00,39.01,39.061,38.96,38.99,138685
2819,2023-10-11 09:00:00,39.02,39.08,38.9,39.01,310717
2820,2023-10-11 08:55:00,38.96,39.03,38.93,39.02,135836
2821,2023-10-11 08:50:00,38.96,39.0,38.92,38.97,202807
2822,2023-10-11 08:45:00,38.91,39.0,38.86,38.98,197916
2823,2023-10-11 08:40:00,38.78,38.92,38.77,38.9,360558
2824,2023-10-11 08:35:00,38.85,39.01,38.77,38.78,545466
2825,2023-10-11 08:30:00,38.989,38.989,38.64,38.85,836706
2826,2023-10-11 08:25:00,39.0,39.01,38.94,38.98,103130
2827,2023-10-11 08:20:00,38.97,39.05,38.958,39.008,119526
2828,2023-10-11 08:15:00,39.0,39.0,38.94,38.96,134582
2829,2023-10-11 08:10:00,39.01,39.03,38.95,38.99,85070
2830,2023-10-11 08:05:00,38.97,39.03,38.93,39.01,104945
2831,2023-10-11 08:00:00,39.01,39.11,38.592,38.97,496713
2832,2023-10-11 07:55:00,39.04,39.04,39.0,39.01,29852
2833,2023-10-11 07:50:00,39.06,39.06,39.02,39.05,20220
2834,2023-10-11 07:45:00,38.99,39.07,38.98,39.05,29494
2835,2023-10-11 07:40:00,39.04,39.04,38.96,38.99,81974
2836,2023-10-11 07:35:00,39.09,39.09,39.03,39.04,44303
2837,2023-10-11 07:30:00,39.04,39.12,38.99,39.1,66811
2838,2023-10-11 07:25:00,39.05,39.05,39.0,39.03,48789
2839,2023-10-11 07:20:00,39.02,39.07,39.02,39.06,37927
2840,2023-10-11 07:15:00,39.05,39.08,39.02,39.03,11601
2841,2023-10-11 07:10:00,39.04,39.06,39.02,39.05,42121
2842,2023-10-11 07:05:00,38.99,39.06,38.98,39.04,105904
2843,2023-10-11 07:00:00,38.93,38.99,38.92,38.99,47024
2844,2023-10-11 06:55:00,38.93,38.97,38.91,38.93,72980
2845,2023-10-11 06:50:00,38.91,38.94,38.89,38.93,16166
2846,2023-10-11 06:45:00,38.91,38.95,38.9,38.92,69109
2847,2023-10-11 06:40:00,38.89,38.91,38.85,38.91,42843
2848,2023-10-11 06:35:00,38.83,38.89,38.83,38.88,14255
2849,2023-10-11 06:30:00,38.84,38.87,38.8,38.84,13020
2850,2023-10-11 06:25:00,38.84,38.87,38.83,38.84,43782
2851,2023-10-11 06:20:00,38.84,38.84,38.8,38.83,19415
2852,2023-10-11 06:15:00,38.81,38.84,38.78,38.84,65762
2853,2023-10-11 06:10:00,38.83,38.84,38.81,38.81,68624
2854,2023-10-11 06:05:00,38.87,38.87,38.82,38.83,14016
2855,2023-10-11 06:00:00,38.85,38.9,38.85,38.85,7021
2856,2023-10-11 05:55:00,38.84,38.89,38.81,38.84,15839
2857,2023-10-11 05:50:00,38.8,38.85,38.79,38.84,13528
2858,2023-10-11 05:45:00,38.81,38.81,38.78,38.8,13209
2859,2023-10-11 05:40:00,38.73,38.8,38.73,38.8,22798
2860,2023-10-11 05:35:00,38.75,38.76,38.73,38.73,6418
2861,2023-10-11 05:30:00,38.7,38.78,38.69,38.76,14027
2862,2023-10-11 05:25:00,38.77,38.79,38.7,38.7,10427
2863,2023-10-11 05:20:00,38.78,38.79,38.75,38.76,9716
2864,2023-10-11 05:15:00,38.8,38.8,38.74,38.78,9318
2865,2023-10-11 05:10:00,38.75,38.82,38.72,38.79,53912
2866,2023-10-11 05:05:00,38.78,38.81,38.76,38.76,92235
2867,2023-10-11 05:00:00,38.77,38.82,38.75,38.79,13806
2868,2023-10-11 04:55:00,38.79,38.8,38.74,38.77,17696
2869,2023-10-11 04:50:00,38.75,38.81,38.75,38.78,33177
2870,2023-10-11 04:45:00,38.72,38.78,38.71,38.76,69437
2871,2023-10-11 04:40:00,38.72,38.76,38.71,38.72,139303
2872,2023-10-11 04:35:00,38.66,38.73,38.66,38.73,12009
2873,2023-10-11 04:30:00,38.64,38.67,38.61,38.67,20395
2874,2023-10-11 04:25:00,38.64,38.66,38.57,38.65,36958
2875,2023-10-11 04:20:00,38.7,38.71,38.63,38.63,16233
2876,2023-10-11 04:15:00,38.67,38.7,38.62,38.69,25549
2877,2023-10-11 04:10:00,38.7,38.73,38.66,38.67,137759
2878,2023-10-11 04:05:00,38.79,38.8,38.69,38.7,43505
2879,2023-10-11 04:00:00,38.73,39.39,38.67,38.78,66410
2880,2023-10-10 19:55:00,38.65,38.66,38.63,38.64,35760
2881,2023-10-10 19:50:00,38.65,38.66,38.64,38.645,6033
2882,2023-10-10 19:45:00,38.64,38.65,38.63,38.64,17818
2883,2023-10-10 19:40:00,38.63,38.65,38.63,38.64,9383
2884,2023-10-10 19:35:00,38.63,38.65,38.63,38.64,9974
2885,2023-10-10 19:30:00,38.65,38.66,38.64,38.64,4742
2886,2023-10-10 19:25:00,38.655,38.66,38.64,38.64,6273
2887,2023-10-10 19:20:00,38.65,38.66,38.64,38.65,9738
2888,2023-10-10 19:15:00,38.65,38.65,38.63,38.65,11734
2889,2023-10-10 19:10:00,38.63,38.65,38.63,38.65,23365
2890,2023-10-10 19:05:00,38.64,38.64,38.62,38.64,9543
2891,2023-10-10 19:00:00,38.62,38.64,38.62,38.63,20084
2892,2023-10-10 18:55:00,38.63,38.63,38.61,38.625,5131
2893,2023-10-10 18:50:00,38.61,38.63,38.6,38.62,7902
2894,2023-10-10 18:45:00,38.6,38.62,38.6,38.62,3935
2895,2023-10-10 18:40:00,38.61,38.61,38.59,38.59,24526
2896,2023-10-10 18:35:00,38.59,38.61,38.59,38.61,24947
2897,2023-10-10 18:30:00,38.58,38.59,38.58,38.58,1048
2898,2023-10-10 18:25:00,38.588,38.59,38.57,38.58,12851
2899,2023-10-10 18:20:00,38.58,38.59,38.57,38.585,16905
2900,2023-10-10 18:15:00,38.59,38.59,38.56,38.58,5368
2901,2023-10-10 18:10:00,38.56,38.59,38.56,38.59,24911
2902,2023-10-10 18:05:00,38.57,38.58,38.55,38.565,11339
2903,2023-10-10 18:00:00,38.58,38.61,38.57,38.57,23449
2904,2023-10-10 17:55:00,38.57,38.58,38.56,38.57,16889
2905,2023-10-10 17:50:00,38.57,38.57,38.56,38.56,4121
2906,2023-10-10 17:45:00,38.57,38.58,38.56,38.57,38732
2907,2023-10-10 17:40:00,38.57,38.571,38.56,38.57,3882
2908,2023-10-10 17:35:00,38.59,38.6,38.56,38.56,7662
2909,2023-10-10 17:30:00,38.58,38.6,38.58,38.6,5525
2910,2023-10-10 17:25:00,38.6,38.61,38.59,38.59,7102
2911,2023-10-10 17:20:00,38.58,38.61,38.58,38.61,8960
2912,2023-10-10 17:15:00,38.58,38.6,38.58,38.58,6707
2913,2023-10-10 17:10:00,38.59,38.6,38.58,38.585,7366
2914,2023-10-10 17:05:00,38.6,38.6,38.59,38.6,2937
2915,2023-10-10 17:00:00,38.61,38.61,38.59,38.591,16995
2916,2023-10-10 16:55:00,38.6,38.61,38.59,38.61,24544
2917,2023-10-10 16:50:00,38.59,38.6,38.58,38.59,50823
2918,2023-10-10 16:45:00,38.61,38.61,38.59,38.6,7529
2919,2023-10-10 16:40:00,38.59,38.61,38.59,38.6,13880
2920,2023-10-10 16:35:00,38.6,38.6,38.58,38.59,16949
2921,2023-10-10 16:30:00,38.6,38.61,38.59,38.6,22871
2922,2023-10-10 16:25:00,38.61,38.62,38.59,38.59,19709
2923,2023-10-10 16:20:00,38.61,38.62,38.59,38.6,43264
2924,2023-10-10 16:15:00,38.52,38.63,38.52,38.61,31724
2925,2023-10-10 16:10:00,38.61,38.64,38.61,38.61,58029
2926,2023-10-10 16:05:00,38.642,38.65,38.59,38.61,53053
2927,2023-10-10 16:00:00,38.52,38.65,38.52,38.64,514290
2928,2023-10-10 15:55:00,38.5,38.621,38.47,38.52,1566801
2929,2023-10-10 15:50:00,38.7,38.74,38.48,38.5,1707216
2930,2023-10-10 15:45:00,38.67,38.71,38.64,38.69,651146
2931,2023-10-10 15:40:00,38.655,38.73,38.635,38.66,699673
2932,2023-10-10 15:35:00,38.695,38.728,38.61,38.651,789344
2933,2023-10-10 15:30:00,38.655,38.74,38.644,38.69,665689
2934,2023-10-10 15:25:00,38.675,38.72,38.65,38.65,660858
2935,2023-10-10 15:20:00,38.67,38.69,38.54,38.677,819527
2936,2023-10-10 15:15:00,38.611,38.75,38.595,38.67,954959
2937,2023-10-10 15:10:00,38.695,38.697,38.59,38.62,653029
2938,2023-10-10 15:05:00,38.685,38.719,38.605,38.69,650712
2939,2023-10-10 15:00:00,38.58,38.7,38.54,38.68,1188542
2940,2023-10-10 14:55:00,38.505,38.585,38.46,38.57,1366647
2941,2023-10-10 14:50:00,38.7,38.715,38.504,38.504,1515681
2942,2023-10-10 14:45:00,38.666,38.84,38.652,38.703,2126000
2943,2023-10-10 14:40:00,38.62,38.69,38.56,38.661,866154
2944,2023-10-10 14:35:00,38.66,38.72,38.55,38.619,932337
2945,2023-10-10 14:30:00,38.58,38.69,38.54,38.66,635399
2946,2023-10-10 14:25:00,38.59,38.725,38.48,38.561,1048588
2947,2023-10-10 14:20:00,38.7,38.74,38.589,38.59,571882
2948,2023-10-10 14:15:00,38.57,38.715,38.55,38.705,742201
2949,2023-10-10 14:10:00,38.62,38.71,38.57,38.57,580594
2950,2023-10-10 14:05:00,38.75,38.75,38.61,38.62,696808
2951,2023-10-10 14:00:00,38.68,38.76,38.64,38.741,973578
2952,2023-10-10 13:55:00,38.7,38.77,38.67,38.685,734511
2953,2023-10-10 13:50:00,38.735,38.76,38.55,38.69,1169696
2954,2023-10-10 13:45:00,38.745,38.78,38.68,38.74,1010964
2955,2023-10-10 13:40:00,38.68,38.79,38.66,38.74,833474
2956,2023-10-10 13:35:00,38.6,38.74,38.6,38.687,959646
2957,2023-10-10 13:30:00,38.67,38.69,38.511,38.6,1148196
2958,2023-10-10 13:25:00,38.595,38.68,38.52,38.67,890140
2959,2023-10-10 13:20:00,38.55,38.66,38.51,38.59,1581467
2960,2023-10-10 13:15:00,38.5,38.57,38.41,38.55,1627784
2961,2023-10-10 13:10:00,38.64,38.71,38.474,38.51,2188509
2962,2023-10-10 13:05:00,38.76,38.79,38.56,38.64,4085092
2963,2023-10-10 13:00:00,39.191,39.191,38.76,38.76,3151124
2964,2023-10-10 12:55:00,39.255,39.267,39.14,39.199,1006781
2965,2023-10-10 12:50:00,39.15,39.3,39.15,39.26,813429
2966,2023-10-10 12:45:00,39.22,39.26,39.15,39.153,580872
2967,2023-10-10 12:40:00,39.23,39.24,39.155,39.22,827615
2968,2023-10-10 12:35:00,39.23,39.25,39.13,39.22,716595
2969,2023-10-10 12:30:00,39.27,39.29,39.22,39.228,538984
2970,2023-10-10 12:25:00,39.2,39.29,39.195,39.27,789193
2971,2023-10-10 12:20:00,39.294,39.295,39.125,39.206,1490059
2972,2023-10-10 12:15:00,39.285,39.31,39.24,39.298,504861
2973,2023-10-10 12:10:00,39.27,39.32,39.245,39.281,552708
2974,2023-10-10 12:05:00,39.24,39.29,39.22,39.27,520998
2975,2023-10-10 12:00:00,39.28,39.305,39.22,39.238,835131
2976,2023-10-10 11:55:00,39.315,39.37,39.26,39.285,985777
2977,2023-10-10 11:50:00,39.28,39.33,39.27,39.315,636275
2978,2023-10-10 11:45:00,39.305,39.31,39.247,39.281,1014259
2979,2023-10-10 11:40:00,39.2,39.32,39.18,39.31,1072146
2980,2023-10-10 11:35:00,39.245,39.26,39.13,39.205,1191654
2981,2023-10-10 11:30:00,39.14,39.26,39.11,39.24,1726849
2982,2023-10-10 11:25:00,39.175,39.18,39.08,39.132,1141332
2983,2023-10-10 11:20:00,39.175,39.19,39.11,39.17,871961
2984,2023-10-10 11:15:00,39.0,39.19,39.0,39.17,1863230
2985,2023-10-10 11:10:00,38.885,39.01,38.84,39.005,1236356
2986,2023-10-10 11:05:00,38.97,39.085,38.87,38.885,2476556
2987,2023-10-10 11:00:00,38.88,38.97,38.82,38.965,1258668
2988,2023-10-10 10:55:00,38.875,38.91,38.8,38.88,1106122
2989,2023-10-10 10:50:00,38.81,38.95,38.8,38.875,1574533
2990,2023-10-10 10:45:00,38.85,38.89,38.76,38.82,1472423
2991,2023-10-10 10:40:00,38.81,38.89,38.806,38.842,1341339
2992,2023-10-10 10:35:00,38.815,38.92,38.8,38.81,2317186
2993,2023-10-10 10:30:00,38.68,38.87,38.65,38.82,2152604
2994,2023-10-10 10:25:00,38.59,38.72,38.51,38.672,2076249
2995,2023-10-10 10:20:00,38.585,38.6,38.47,38.584,1691582
2996,2023-10-10 10:15:00,38.488,38.59,38.43,38.58,1697689
2997,2023-10-10 10:10:00,38.35,38.49,38.29,38.487,1739372
2998,2023-10-10 10:05:00,38.48,38.505,38.334,38.358,1898631
2999,2023-10-10 10:00:00,38.305,38.54,38.305,38.48,2963594
3000,2023-10-10 09:55:00,38.165,38.31,38.09,38.31,1956501
3001,2023-10-10 09:50:00,38.01,38.19,38.0,38.16,1399302
3002,2023-10-10 09:45:00,38.052,38.125,37.96,38.005,1855807
3003,2023-10-10 09:40:00,37.97,38.2,37.89,38.05,2495973
3004,2023-10-10 09:35:00,38.02,38.1,37.85,37.968,2812487
3005,2023-10-10 09:30:00,38.005,38.15,37.93,38.02,3511396
3006,2023-10-10 09:25:00,37.92,38.04,37.91,38.01,248731
3007,2023-10-10 09:20:00,38.02,38.03,37.92,37.92,267393
3008,2023-10-10 09:15:00,38.01,38.05,38.0,38.02,164475
3009,2023-10-10 09:10:00,37.93,38.03,37.92,38.02,108941
3010,2023-10-10 09:05:00,37.91,37.97,37.91,37.92,81443
3011,2023-10-10 09:00:00,37.97,37.97,37.87,37.92,114969
3012,2023-10-10 08:55:00,38.02,38.03,37.93,37.97,103003
3013,2023-10-10 08:50:00,37.92,38.03,37.85,38.015,107065
3014,2023-10-10 08:45:00,37.94,37.968,37.85,37.92,100208
3015,2023-10-10 08:40:00,37.97,37.99,37.92,37.94,116724
3016,2023-10-10 08:35:00,37.96,37.99,37.9,37.97,32818
3017,2023-10-10 08:30:00,37.93,38.02,37.93,37.97,76497
3018,2023-10-10 08:25:00,37.928,37.97,37.9,37.93,60414
3019,2023-10-10 08:20:00,37.9,37.96,37.879,37.93,50314
3020,2023-10-10 08:15:00,37.955,37.96,37.87,37.89,47145
3021,2023-10-10 08:10:00,37.92,37.98,37.89,37.96,44845
3022,2023-10-10 08:05:00,37.918,37.93,37.87,37.92,34115
3023,2023-10-10 08:00:00,38.16,38.288,37.82,37.9,416245
3024,2023-10-10 07:55:00,37.89,37.9,37.81,37.85,37320
3025,2023-10-10 07:50:00,37.93,37.94,37.88,37.89,48052
3026,2023-10-10 07:45:00,38.0,38.02,37.93,37.94,11905
3027,2023-10-10 07:40:00,38.05,38.05,37.98,37.99,23353
3028,2023-10-10 07:35:00,37.96,38.06,37.92,38.05,31296
3029,2023-10-10 07:30:00,37.89,37.98,37.89,37.95,22969
3030,2023-10-10 07:25:00,37.95,37.95,37.87,37.88,45584
3031,2023-10-10 07:20:00,38.06,38.069,37.91,37.94,49667
3032,2023-10-10 07:15:00,38.05,38.08,38.04,38.05,14405
3033,2023-10-10 07:10:00,38.14,38.15,37.97,38.04,58404
3034,2023-10-10 07:05:00,38.16,38.17,38.13,38.13,21473
3035,2023-10-10 07:00:00,38.14,38.18,38.14,38.16,65732
3036,2023-10-10 06:55:00,38.26,38.27,38.15,38.15,35301
3037,2023-10-10 06:50:00,38.23,38.27,38.23,38.26,4148
3038,2023-10-10 06:45:00,38.27,38.28,38.23,38.23,6791
3039,2023-10-10 06:40:00,38.25,38.28,38.24,38.28,4930
3040,2023-10-10 06:35:00,38.26,38.28,38.24,38.25,11987
3041,2023-10-10 06:30:00,38.27,38.28,38.26,38.27,11034
3042,2023-10-10 06:25:00,38.22,38.29,38.22,38.26,19038
3043,2023-10-10 06:20:00,38.21,38.24,38.2,38.23,6427
3044,2023-10-10 06:15:00,38.22,38.23,38.18,38.2,5834
3045,2023-10-10 06:10:00,38.24,38.25,38.19,38.23,9462
3046,2023-10-10 06:05:00,38.16,38.26,38.15,38.24,10747
3047,2023-10-10 06:00:00,38.18,38.19,38.13,38.17,7726
3048,2023-10-10 05:55:00,38.2,38.21,38.16,38.18,5301
3049,2023-10-10 05:50:00,38.14,38.21,38.13,38.2,11751
3050,2023-10-10 05:45:00,38.18,38.18,38.12,38.14,5208
3051,2023-10-10 05:40:00,38.17,38.2,38.15,38.18,11071
3052,2023-10-10 05:35:00,38.18,38.18,38.1,38.17,11623
3053,2023-10-10 05:30:00,38.19,38.19,38.11,38.18,13716
3054,2023-10-10 05:25:00,38.16,38.19,38.16,38.19,10629
3055,2023-10-10 05:20:00,38.15,38.18,38.14,38.16,13794
3056,2023-10-10 05:15:00,38.1,38.17,38.1,38.15,6449
3057,2023-10-10 05:10:00,38.14,38.17,38.1,38.11,24202
3058,2023-10-10 05:05:00,38.17,38.18,38.11,38.14,18312
3059,2023-10-10 05:00:00,38.22,38.23,38.13,38.16,28476
3060,2023-10-10 04:55:00,38.26,38.28,38.21,38.23,120480
3061,2023-10-10 04:50:00,38.26,38.28,38.23,38.25,14703
3062,2023-10-10 04:45:00,38.17,38.26,38.17,38.25,11162
3063,2023-10-10 04:40:00,38.25,38.25,38.14,38.18,25000
3064,2023-10-10 04:35:00,38.25,38.26,38.21,38.26,189789
3065,2023-10-10 04:30:00,38.25,38.3,38.22,38.25,168491
3066,2023-10-10 04:25:00,38.19,38.25,38.19,38.25,22808
3067,2023-10-10 04:20:00,38.06,38.19,38.06,38.18,25478
3068,2023-10-10 04:15:00,38.06,38.15,38.02,38.05,51017
3069,2023-10-10 04:10:00,37.98,38.18,37.96,38.05,117033
3070,2023-10-10 04:05:00,38.0,38.04,37.97,37.98,40197
3071,2023-10-10 04:00:00,38.09,38.12,37.88,38.0,60198
3072,2023-10-09 19:55:00,37.98,37.99,37.97,37.98,47959
3073,2023-10-09 19:50:00,37.95,37.98,37.95,37.97,31304
3074,2023-10-09 19:45:00,37.93,37.96,37.93,37.96,21398
3075,2023-10-09 19:40:00,37.95,37.95,37.92,37.93,18631
3076,2023-10-09 19:35:00,37.96,37.97,37.95,37.96,6802
3077,2023-10-09 19:30:00,37.96,37.98,37.96,37.97,10040
3078,2023-10-09 19:25:00,37.96,37.98,37.96,37.96,26494
3079,2023-10-09 19:20:00,37.95,37.97,37.95,37.95,19104
3080,2023-10-09 19:15:00,37.96,37.97,37.95,37.96,15960
3081,2023-10-09 19:10:00,37.95,37.96,37.94,37.95,4227
3082,2023-10-09 19:05:00,37.92,37.96,37.92,37.95,26027
3083,2023-10-09 19:00:00,37.92,37.93,37.91,37.92,6663
3084,2023-10-09 18:55:00,37.93,37.94,37.92,37.92,8753
3085,2023-10-09 18:50:00,37.941,37.95,37.93,37.93,13704
3086,2023-10-09 18:45:00,37.94,37.95,37.93,37.94,6946
3087,2023-10-09 18:40:00,37.945,37.95,37.93,37.94,4107
3088,2023-10-09 18:35:00,37.93,37.95,37.93,37.95,9408
3089,2023-10-09 18:30:00,37.93,37.94,37.93,37.935,7368
3090,2023-10-09 18:25:00,37.925,37.94,37.91,37.94,7608
3091,2023-10-09 18:20:00,37.92,37.93,37.91,37.92,3554
3092,2023-10-09 18:15:00,37.91,37.93,37.91,37.92,31005
3093,2023-10-09 18:10:00,37.9,37.92,37.9,37.91,7012
3094,2023-10-09 18:05:00,37.91,37.91,37.89,37.9,17771
3095,2023-10-09 18:00:00,37.94,37.94,37.9,37.9,12754
3096,2023-10-09 17:55:00,37.94,37.95,37.92,37.94,11724
3097,2023-10-09 17:50:00,37.93,37.95,37.93,37.94,5411
3098,2023-10-09 17:45:00,37.94,37.96,37.92,37.93,4292
3099,2023-10-09 17:40:00,37.97,37.97,37.92,37.95,13793
3100,2023-10-09 17:35:00,37.95,37.969,37.94,37.96,13593
3101,2023-10-09 17:30:00,37.93,37.96,37.93,37.95,7733
3102,2023-10-09 17:25:00,37.938,37.95,37.93,37.931,36332
3103,2023-10-09 17:20:00,37.9,37.94,37.9,37.93,19866
3104,2023-10-09 17:15:00,37.93,37.94,37.9,37.91,11161
3105,2023-10-09 17:10:00,37.93,37.94,37.92,37.93,15329
3106,2023-10-09 17:05:00,37.94,37.95,37.93,37.93,5030
3107,2023-10-09 17:00:00,37.94,37.95,37.93,37.95,16555
3108,2023-10-09 16:55:00,37.92,37.94,37.91,37.94,10527
3109,2023-10-09 16:50:00,37.9,37.939,37.88,37.92,31931
3110,2023-10-09 16:45:00,37.9,37.91,37.88,37.89,25800
3111,2023-10-09 16:40:00,37.93,37.93,37.9,37.92,25168
3112,2023-10-09 16:35:00,37.93,37.93,37.91,37.92,25914
3113,2023-10-09 16:30:00,37.93,37.95,37.92,37.93,10538
3114,2023-10-09 16:25:00,37.97,37.98,37.93,37.93,106918
3115,2023-10-09 16:20:00,37.98,37.99,37.96,37.97,61153
3116,2023-10-09 16:15:00,37.9,37.99,37.9,37.981,58172
3117,2023-10-09 16:10:00,37.98,37.99,37.96,37.97,58524
3118,2023-10-09 16:05:00,37.98,38.0,37.97,37.98,91606
3119,2023-10-09 16:00:00,37.91,37.98,37.87,37.98,755014
3120,2023-10-09 15:55:00,37.88,37.94,37.86,37.91,1748167
3121,2023-10-09 15:50:00,37.86,37.9,37.74,37.88,1563650
3122,2023-10-09 15:45:00,37.81,37.87,37.77,37.865,827005
3123,2023-10-09 15:40:00,37.86,37.895,37.8,37.81,769243
3124,2023-10-09 15:35:00,37.868,37.905,37.82,37.852,808520
3125,2023-10-09 15:30:00,37.94,37.947,37.845,37.86,720239
3126,2023-10-09 15:25:00,37.93,37.99,37.89,37.945,1215404
3127,2023-10-09 15:20:00,37.88,37.985,37.075,37.92,772496
3128,2023-10-09 15:15:00,37.95,37.96,37.841,37.875,1208034
3129,2023-10-09 15:10:00,38.02,38.08,37.945,37.955,993762
3130,2023-10-09 15:05:00,37.98,38.06,37.96,38.019,663217
3131,2023-10-09 15:00:00,37.973,38.04,37.87,37.97,1258934
3132,2023-10-09 14:55:00,38.02,38.09,37.97,37.975,964550
3133,2023-10-09 14:50:00,37.973,38.02,37.905,38.02,562717
3134,2023-10-09 14:45:00,38.03,38.04,37.93,37.97,1061508
3135,2023-10-09 14:40:00,37.905,38.06,37.9,38.025,974656
3136,2023-10-09 14:35:00,37.86,37.91,37.74,37.905,1107257
3137,2023-10-09 14:30:00,37.97,38.0,37.85,37.86,1229402
3138,2023-10-09 14:25:00,37.905,37.97,37.86,37.965,839480
3139,2023-10-09 14:20:00,37.87,37.93,37.86,37.91,735290
3140,2023-10-09 14:15:00,37.876,37.95,37.86,37.873,884468
3141,2023-10-09 14:10:00,37.965,37.99,37.87,37.88,1048001
3142,2023-10-09 14:05:00,37.9,38.04,37.86,37.965,1450850
3143,2023-10-09 14:00:00,37.93,37.947,37.82,37.91,2529325
3144,2023-10-09 13:55:00,37.805,37.94,37.78,37.93,1477589
3145,2023-10-09 13:50:00,37.76,37.857,37.73,37.81,1203711
3146,2023-10-09 13:45:00,37.72,37.85,37.68,37.755,1904425
3147,2023-10-09 13:40:00,37.53,37.78,37.524,37.723,1877386
3148,2023-10-09 13:35:00,37.46,37.54,37.42,37.535,1391973
3149,2023-10-09 13:30:00,37.29,37.49,37.29,37.466,2190409
3150,2023-10-09 13:25:00,37.12,37.3,37.11,37.282,1009981
3151,2023-10-09 13:20:00,37.095,37.12,37.04,37.118,539691
3152,2023-10-09 13:15:00,37.06,37.13,37.05,37.1,577505
3153,2023-10-09 13:10:00,37.077,37.1,37.017,37.055,535203
3154,2023-10-09 13:05:00,37.02,37.079,36.99,37.07,486574
3155,2023-10-09 13:00:00,36.98,37.08,36.97,37.025,1253073
3156,2023-10-09 12:55:00,36.98,37.01,36.86,36.981,723366
3157,2023-10-09 12:50:00,36.996,37.026,36.931,36.989,616203
3158,2023-10-09 12:45:00,36.91,37.0,36.864,36.994,842616
3159,2023-10-09 12:40:00,36.995,37.03,36.893,36.905,612338
3160,2023-10-09 12:35:00,37.085,37.085,36.96,36.99,908906
3161,2023-10-09 12:30:00,37.01,37.09,37.003,37.085,849655
3162,2023-10-09 12:25:00,37.12,37.135,37.0,37.0,664100
3163,2023-10-09 12:20:00,37.069,37.22,37.05,37.13,1481156
3164,2023-10-09 12:15:00,36.94,37.07,36.93,37.069,914149
3165,2023-10-09 12:10:00,36.965,36.99,36.91,36.937,926131
3166,2023-10-09 12:05:00,36.861,37.02,36.86,36.96,980555
3167,2023-10-09 12:00:00,36.89,36.94,36.84,36.86,1292947
3168,2023-10-09 11:55:00,36.8,36.89,36.775,36.885,819172
3169,2023-10-09 11:50:00,36.805,36.83,36.78,36.803,568636
3170,2023-10-09 11:45:00,36.8,36.82,36.68,36.806,1762243
3171,2023-10-09 11:40:00,36.809,36.83,36.73,36.804,989162
3172,2023-10-09 11:35:00,36.77,36.85,36.75,36.81,769285
3173,2023-10-09 11:30:00,36.75,36.82,36.73,36.775,1155147
3174,2023-10-09 11:25:00,36.601,36.78,36.57,36.745,1495070
3175,2023-10-09 11:20:00,36.529,36.63,36.49,36.605,1024465
3176,2023-10-09 11:15:00,36.38,36.53,36.38,36.525,909765
3177,2023-10-09 11:10:00,36.37,36.46,36.26,36.38,1175816
3178,2023-10-09 11:05:00,36.525,36.525,36.33,36.366,886335
3179,2023-10-09 11:00:00,36.45,36.54,36.4,36.525,719482
3180,2023-10-09 10:55:00,36.485,36.57,36.43,36.45,967659
3181,2023-10-09 10:50:00,36.39,36.505,36.36,36.485,1178927
3182,2023-10-09 10:45:00,36.655,36.68,36.365,36.38,1425057
3183,2023-10-09 10:40:00,36.55,36.695,36.48,36.659,1377600
3184,2023-10-09 10:35:00,36.75,36.76,36.5,36.545,1227667
3185,2023-10-09 10:30:00,36.765,36.84,36.69,36.746,1210469
3186,2023-10-09 10:25:00,36.975,36.975,36.72,36.761,1615222
3187,2023-10-09 10:20:00,36.86,36.97,36.735,36.97,1170192
3188,2023-10-09 10:15:00,36.76,36.89,36.72,36.862,1269619
3189,2023-10-09 10:10:00,36.68,36.819,36.63,36.75,1373613
3190,2023-10-09 10:05:00,36.48,36.73,36.45,36.67,1850547
3191,2023-10-09 10:00:00,36.92,37.02,36.43,36.47,3023829
3192,2023-10-09 09:55:00,36.92,36.985,36.59,36.92,1417376
3193,2023-10-09 09:50:00,36.97,36.99,36.77,36.925,1832263
3194,2023-10-09 09:45:00,36.79,36.97,36.66,36.967,2262500
3195,2023-10-09 09:40:00,36.425,36.8,36.34,36.79,3088344
3196,2023-10-09 09:35:00,36.34,36.46,36.14,36.425,3174169
3197,2023-10-09 09:30:00,36.61,36.635,36.28,36.34,4732699
3198,2023-10-09 09:25:00,36.73,36.73,36.57,36.61,149785
3199,2023-10-09 09:20:00,36.62,36.77,36.62,36.73,296034
3200,2023-10-09 09:15:00,36.63,36.68,36.58,36.63,146824
3201,2023-10-09 09:10:00,36.62,36.66,36.6,36.64,121057
3202,2023-10-09 09:05:00,36.63,36.66,36.53,36.63,156693
3203,2023-10-09 09:00:00,36.42,36.69,36.41,36.63,376955
3204,2023-10-09 08:55:00,36.52,36.52,36.42,36.42,89866
3205,2023-10-09 08:50:00,36.46,36.52,36.43,36.52,135435
3206,2023-10-09 08:45:00,36.35,36.5,36.33,36.46,309799
3207,2023-10-09 08:40:00,36.38,36.4,36.31,36.35,190410
3208,2023-10-09 08:35:00,36.49,36.49,36.36,36.38,175750
3209,2023-10-09 08:30:00,36.63,36.63,36.46,36.49,123393
3210,2023-10-09 08:25:00,36.55,36.66,36.535,36.62,144810
3211,2023-10-09 08:20:00,36.57,36.62,36.5,36.54,116843
3212,2023-10-09 08:15:00,36.59,36.62,36.548,36.58,41743
3213,2023-10-09 08:10:00,36.54,36.63,36.53,36.59,121222
3214,2023-10-09 08:05:00,36.43,36.55,36.42,36.53,125651
3215,2023-10-09 08:00:00,36.499,36.75,36.3,36.43,785496
3216,2023-10-09 07:55:00,36.46,36.47,36.4,36.47,52042
3217,2023-10-09 07:50:00,36.39,36.48,36.37,36.47,70336
3218,2023-10-09 07:45:00,36.39,36.41,36.36,36.39,45690
3219,2023-10-09 07:40:00,36.47,36.49,36.37,36.39,45286
3220,2023-10-09 07:35:00,36.42,36.5,36.41,36.47,134483
3221,2023-10-09 07:30:00,36.43,36.44,36.39,36.42,33017
3222,2023-10-09 07:25:00,36.46,36.47,36.42,36.43,37898
3223,2023-10-09 07:20:00,36.45,36.5,36.43,36.46,63023
3224,2023-10-09 07:15:00,36.46,36.48,36.41,36.45,48963
3225,2023-10-09 07:10:00,36.47,36.52,36.46,36.47,75229
3226,2023-10-09 07:05:00,36.51,36.52,36.41,36.47,170990
3227,2023-10-09 07:00:00,36.5,36.56,36.49,36.51,97297
3228,2023-10-09 06:55:00,36.54,36.55,36.48,36.48,17606
3229,2023-10-09 06:50:00,36.55,36.6,36.53,36.55,10909
3230,2023-10-09 06:45:00,36.55,36.56,36.53,36.55,9112
3231,2023-10-09 06:40:00,36.57,36.58,36.54,36.54,6121
3232,2023-10-09 06:35:00,36.55,36.62,36.55,36.58,7506
3233,2023-10-09 06:30:00,36.58,36.59,36.54,36.55,9573
3234,2023-10-09 06:25:00,36.6,36.62,36.55,36.57,15582
3235,2023-10-09 06:20:00,36.64,36.67,36.59,36.6,24813
3236,2023-10-09 06:15:00,36.63,36.68,36.62,36.63,17281
3237,2023-10-09 06:10:00,36.6,36.64,36.59,36.64,26440
3238,2023-10-09 06:05:00,36.57,36.62,36.54,36.6,14942
3239,2023-10-09 06:00:00,36.52,36.61,36.52,36.58,15284
3240,2023-10-09 05:55:00,36.52,36.53,36.49,36.52,14082
3241,2023-10-09 05:50:00,36.52,36.55,36.5,36.52,18696
3242,2023-10-09 05:45:00,36.56,36.56,36.51,36.51,9343
3243,2023-10-09 05:40:00,36.56,36.58,36.52,36.55,29144
3244,2023-10-09 05:35:00,36.63,36.67,36.56,36.56,59352
3245,2023-10-09 05:30:00,36.66,36.67,36.62,36.63,14054
3246,2023-10-09 05:25:00,36.67,36.72,36.66,36.66,21002
3247,2023-10-09 05:20:00,36.67,36.7,36.66,36.68,9813
3248,2023-10-09 05:15:00,36.63,36.7,36.62,36.67,20952
3249,2023-10-09 05:10:00,36.64,36.65,36.6,36.62,17347
3250,2023-10-09 05:05:00,36.64,36.73,36.63,36.64,127321
3251,2023-10-09 05:00:00,36.64,36.64,36.57,36.64,34650
3252,2023-10-09 04:55:00,36.67,36.69,36.61,36.64,29540
3253,2023-10-09 04:50:00,36.63,36.67,36.62,36.67,46219
3254,2023-10-09 04:45:00,36.59,36.63,36.57,36.62,39387
3255,2023-10-09 04:40:00,36.57,36.61,36.55,36.59,175668
3256,2023-10-09 04:35:00,36.42,36.58,36.42,36.57,146061
3257,2023-10-09 04:30:00,36.36,36.5,36.36,36.43,64611
3258,2023-10-09 04:25:00,36.37,36.4,36.34,36.36,59396
3259,2023-10-09 04:20:00,36.48,36.52,36.36,36.37,47133
3260,2023-10-09 04:15:00,36.48,36.51,36.43,36.49,33711
3261,2023-10-09 04:10:00,36.47,36.54,36.43,36.5,74432
3262,2023-10-09 04:05:00,36.49,36.51,36.42,36.47,58570
3263,2023-10-09 04:00:00,36.49,36.77,36.48,36.49,374812
3264,2023-10-06 19:55:00,37.57,37.6,37.56,37.59,64955
3265,2023-10-06 19:50:00,37.57,37.6,37.57,37.57,11860
3266,2023-10-06 19:45:00,37.54,37.58,37.54,37.57,5958
3267,2023-10-06 19:40:00,37.53,37.55,37.53,37.55,13702
3268,2023-10-06 19:35:00,37.54,37.54,37.53,37.54,28547
3269,2023-10-06 19:30:00,37.56,37.56,37.53,37.54,22594
3270,2023-10-06 19:25:00,37.57,37.58,37.54,37.55,5402
3271,2023-10-06 19:20:00,37.58,37.6,37.56,37.56,10223
3272,2023-10-06 19:15:00,37.57,37.59,37.57,37.59,9054
3273,2023-10-06 19:10:00,37.56,37.58,37.55,37.57,5220
3274,2023-10-06 19:05:00,37.54,37.56,37.52,37.55,8577
3275,2023-10-06 19:00:00,37.53,37.55,37.52,37.52,7417
3276,2023-10-06 18:55:00,37.52,37.54,37.51,37.53,19413
3277,2023-10-06 18:50:00,37.51,37.53,37.51,37.53,5588
3278,2023-10-06 18:45:00,37.52,37.53,37.51,37.53,6137
3279,2023-10-06 18:40:00,37.54,37.54,37.51,37.51,12206
3280,2023-10-06 18:35:00,37.55,37.55,37.53,37.55,8792
3281,2023-10-06 18:30:00,37.54,37.58,37.52,37.54,21286
3282,2023-10-06 18:25:00,37.58,37.58,37.53,37.54,10237
3283,2023-10-06 18:20:00,37.57,37.58,37.57,37.57,7985
3284,2023-10-06 18:15:00,37.57,37.58,37.56,37.57,12542
3285,2023-10-06 18:10:00,37.56,37.58,37.55,37.57,26439
3286,2023-10-06 18:05:00,37.56,37.57,37.532,37.55,12347
3287,2023-10-06 18:00:00,37.52,37.56,37.51,37.56,18418
3288,2023-10-06 17:55:00,37.52,37.55,37.52,37.52,18050
3289,2023-10-06 17:50:00,37.53,37.54,37.52,37.53,10046
3290,2023-10-06 17:45:00,37.52,37.54,37.5,37.53,14530
3291,2023-10-06 17:40:00,37.51,37.52,37.51,37.52,8691
3292,2023-10-06 17:35:00,37.51,37.52,37.49,37.52,7464
3293,2023-10-06 17:30:00,37.5,37.51,37.5,37.5,17375
3294,2023-10-06 17:25:00,37.47,37.501,37.47,37.502,33580
3295,2023-10-06 17:20:00,37.46,37.49,37.46,37.47,32589
3296,2023-10-06 17:15:00,37.49,37.49,37.45,37.46,26681
3297,2023-10-06 17:10:00,37.49,37.495,37.47,37.49,35176
3298,2023-10-06 17:05:00,37.505,37.51,37.49,37.5,21659
3299,2023-10-06 17:00:00,37.54,37.54,37.5,37.501,88625
3300,2023-10-06 16:55:00,37.52,37.54,37.5,37.53,89029
3301,2023-10-06 16:50:00,37.491,37.53,37.49,37.51,280632
3302,2023-10-06 16:45:00,37.5,37.5,37.48,37.49,33525
3303,2023-10-06 16:40:00,37.49,37.52,37.48,37.5,101837
3304,2023-10-06 16:35:00,37.48,37.49,37.48,37.49,42176
3305,2023-10-06 16:30:00,37.47,37.49,37.47,37.48,98717
3306,2023-10-06 16:25:00,37.48,37.5,37.47,37.47,46057
3307,2023-10-06 16:20:00,37.475,37.49,37.47,37.48,60374
3308,2023-10-06 16:15:00,37.49,37.51,37.35,37.475,84722
3309,2023-10-06 16:10:00,37.46,37.5,37.44,37.491,144455
3310,2023-10-06 16:05:00,37.46,37.5,37.45,37.46,245253
3311,2023-10-06 16:00:00,37.35,37.46,37.3,37.46,802418
3312,2023-10-06 15:55:00,37.35,37.42,37.32,37.35,2303295
3313,2023-10-06 15:50:00,37.54,37.54,37.35,37.358,1958992
3314,2023-10-06 15:45:00,37.546,37.605,37.52,37.541,1189720
3315,2023-10-06 15:40:00,37.68,37.69,37.532,37.55,1019800
3316,2023-10-06 15:35:00,37.56,37.67,37.54,37.67,937094
3317,2023-10-06 15:30:00,37.624,37.67,37.54,37.568,989314
3318,2023-10-06 15:25:00,37.55,37.65,37.52,37.625,1211293
3319,2023-10-06 15:20:00,37.48,37.58,37.45,37.555,793098
3320,2023-10-06 15:15:00,37.48,37.51,37.434,37.47,584414
3321,2023-10-06 15:10:00,37.56,37.565,37.42,37.48,1392318
3322,2023-10-06 15:05:00,37.445,37.6,37.42,37.57,1172346
3323,2023-10-06 15:00:00,37.52,37.52,37.42,37.44,780924
3324,2023-10-06 14:55:00,37.49,37.54,37.44,37.51,921588
3325,2023-10-06 14:50:00,37.54,37.545,37.46,37.49,1001168
3326,2023-10-06 14:45:00,37.53,37.59,37.51,37.55,985169
3327,2023-10-06 14:40:00,37.519,37.58,37.49,37.529,1208106
3328,2023-10-06 14:35:00,37.424,37.54,37.41,37.515,1712447
3329,2023-10-06 14:30:00,37.44,37.445,37.38,37.42,944273
3330,2023-10-06 14:25:00,37.329,37.45,37.32,37.441,1291390
3331,2023-10-06 14:20:00,37.25,37.36,37.248,37.325,699581
3332,2023-10-06 14:15:00,37.279,37.29,37.22,37.255,576497
3333,2023-10-06 14:10:00,37.24,37.34,37.234,37.27,1572389
3334,2023-10-06 14:05:00,37.22,37.27,37.13,37.243,1077586
3335,2023-10-06 14:00:00,37.231,37.25,37.14,37.22,864825
3336,2023-10-06 13:55:00,37.159,37.245,37.15,37.23,674895
3337,2023-10-06 13:50:00,37.154,37.18,37.12,37.16,461978
3338,2023-10-06 13:45:00,37.11,37.18,37.07,37.156,759306
3339,2023-10-06 13:40:00,37.227,37.25,37.07,37.11,1053626
3340,2023-10-06 13:35:00,37.23,37.24,37.12,37.22,976475
3341,2023-10-06 13:30:00,37.17,37.25,37.16,37.24,713995
3342,2023-10-06 13:25:00,37.2,37.21,37.131,37.169,918112
3343,2023-10-06 13:20:00,37.13,37.25,37.11,37.205,1609140
3344,2023-10-06 13:15:00,37.08,37.13,37.05,37.125,1173769
3345,2023-10-06 13:10:00,36.92,37.09,36.82,37.08,1522587
3346,2023-10-06 13:05:00,36.89,36.938,36.84,36.92,481276
3347,2023-10-06 13:00:00,36.88,36.95,36.85,36.88,489846
3348,2023-10-06 12:55:00,36.87,36.91,36.82,36.88,566511
3349,2023-10-06 12:50:00,36.934,36.99,36.82,36.875,1028038
3350,2023-10-06 12:45:00,36.895,36.98,36.881,36.94,914002
3351,2023-10-06 12:40:00,36.77,36.91,36.75,36.89,982404
3352,2023-10-06 12:35:00,36.7,36.83,36.68,36.77,922384
3353,2023-10-06 12:30:00,36.84,36.869,36.69,36.7,1224616
3354,2023-10-06 12:25:00,36.74,36.87,36.68,36.84,1416586
3355,2023-10-06 12:20:00,36.891,36.9,36.68,36.741,1887881
3356,2023-10-06 12:15:00,36.84,36.94,36.82,36.885,1198619
3357,2023-10-06 12:10:00,36.93,36.95,36.822,36.834,1568258
3358,2023-10-06 12:05:00,36.93,37.0,36.895,36.93,1361910
3359,2023-10-06 12:00:00,36.88,37.04,36.86,36.925,2931395
3360,2023-10-06 11:55:00,36.68,36.897,36.64,36.88,2060121
3361,2023-10-06 11:50:00,36.68,36.701,36.59,36.68,1494112
3362,2023-10-06 11:45:00,36.58,36.69,36.5,36.68,1621587
3363,2023-10-06 11:40:00,36.47,36.67,36.47,36.57,2207473
3364,2023-10-06 11:35:00,36.399,36.51,36.35,36.475,2147663
3365,2023-10-06 11:30:00,36.005,36.405,35.993,36.4,2651119
3366,2023-10-06 11:25:00,35.966,36.186,35.92,36.0,3310184
3367,2023-10-06 11:20:00,35.87,35.96,35.82,35.96,1162120
3368,2023-10-06 11:15:00,35.941,36.04,35.84,35.861,2592979
3369,2023-10-06 11:10:00,36.01,36.1,35.9,35.945,3420057
3370,2023-10-06 11:05:00,35.95,36.07,35.86,36.01,3116243
3371,2023-10-06 11:00:00,35.72,35.97,35.699,35.95,2448983
3372,2023-10-06 10:55:00,35.623,35.76,35.53,35.72,1676046
3373,2023-10-06 10:50:00,35.7,35.79,35.61,35.62,1332828
3374,2023-10-06 10:45:00,35.68,35.84,35.63,35.7,2303907
3375,2023-10-06 10:40:00,35.643,35.72,35.52,35.676,2126159
3376,2023-10-06 10:35:00,35.635,35.74,35.55,35.645,3264571
3377,2023-10-06 10:30:00,35.41,35.73,35.41,35.63,3820314
3378,2023-10-06 10:25:00,35.285,35.435,35.244,35.409,3150952
3379,2023-10-06 10:20:00,34.85,35.29,34.71,35.28,3172307
3380,2023-10-06 10:15:00,34.97,35.05,34.85,34.86,2037868
3381,2023-10-06 10:10:00,34.59,35.02,34.56,34.964,2207376
3382,2023-10-06 10:05:00,34.64,34.7,34.45,34.591,1685104
3383,2023-10-06 10:00:00,34.85,34.86,34.51,34.63,1954488
3384,2023-10-06 09:55:00,34.8,34.89,34.571,34.834,1974446
3385,2023-10-06 09:50:00,34.7,34.89,34.66,34.79,1619953
3386,2023-10-06 09:45:00,34.705,35.095,34.65,34.7,3662642
3387,2023-10-06 09:40:00,34.585,34.795,34.41,34.699,2783429
3388,2023-10-06 09:35:00,34.865,34.93,34.5,34.585,3155285
3389,2023-10-06 09:30:00,34.65,35.118,34.65,34.86,5680483
3390,2023-10-06 09:25:00,34.83,34.87,34.61,34.65,621482
3391,2023-10-06 09:20:00,34.71,34.85,34.7,34.83,462879
3392,2023-10-06 09:15:00,34.55,34.74,34.55,34.71,598118
3393,2023-10-06 09:10:00,34.49,34.66,34.43,34.54,651384
3394,2023-10-06 09:05:00,34.28,34.57,34.27,34.48,634546
3395,2023-10-06 09:00:00,34.28,34.37,34.19,34.28,511940
3396,2023-10-06 08:55:00,34.26,34.31,34.13,34.28,499498
3397,2023-10-06 08:50:00,34.28,34.35,34.1,34.27,1073259
3398,2023-10-06 08:45:00,34.48,34.5,34.27,34.29,808098
3399,2023-10-06 08:40:00,34.45,34.61,34.41,34.47,1100477
3400,2023-10-06 08:35:00,34.25,34.57,34.23,34.45,1550059
3401,2023-10-06 08:30:00,35.71,35.72,34.21,34.24,3527698
3402,2023-10-06 08:25:00,35.67,35.75,35.66,35.7,156279
3403,2023-10-06 08:20:00,35.7,35.71,35.64,35.67,112273
3404,2023-10-06 08:15:00,35.73,35.77,35.688,35.71,81417
3405,2023-10-06 08:10:00,35.73,35.75,35.68,35.73,226359
3406,2023-10-06 08:05:00,35.7,35.8,35.7,35.72,90922
3407,2023-10-06 08:00:00,35.83,35.962,35.35,35.7,583177
3408,2023-10-06 07:55:00,35.69,35.7,35.62,35.64,36058
3409,2023-10-06 07:50:00,35.72,35.77,35.69,35.69,34429
3410,2023-10-06 07:45:00,35.68,35.75,35.68,35.72,49349
3411,2023-10-06 07:40:00,35.63,35.69,35.63,35.67,29166
3412,2023-10-06 07:35:00,35.66,35.68,35.62,35.63,37002
3413,2023-10-06 07:30:00,35.74,35.76,35.62,35.66,107162
3414,2023-10-06 07:25:00,35.78,35.81,35.71,35.74,89016
3415,2023-10-06 07:20:00,35.9,35.92,35.77,35.78,69723
3416,2023-10-06 07:15:00,35.81,35.9,35.81,35.89,33157
3417,2023-10-06 07:10:00,35.79,35.83,35.77,35.81,34456
3418,2023-10-06 07:05:00,35.81,35.83,35.75,35.78,64232
3419,2023-10-06 07:00:00,35.85,35.86,35.8,35.81,110053
3420,2023-10-06 06:55:00,35.86,35.87,35.82,35.86,16767
3421,2023-10-06 06:50:00,35.89,35.89,35.85,35.86,27279
3422,2023-10-06 06:45:00,35.95,35.95,35.87,35.88,90452
3423,2023-10-06 06:40:00,35.95,35.96,35.92,35.96,39259
3424,2023-10-06 06:35:00,35.93,35.96,35.93,35.94,77370
3425,2023-10-06 06:30:00,35.91,35.94,35.88,35.93,79486
3426,2023-10-06 06:25:00,35.85,35.91,35.84,35.91,33292
3427,2023-10-06 06:20:00,35.82,35.85,35.82,35.85,26865
3428,2023-10-06 06:15:00,35.82,35.85,35.8,35.82,14875
3429,2023-10-06 06:10:00,35.8,35.83,35.78,35.81,14697
3430,2023-10-06 06:05:00,35.75,35.8,35.74,35.8,44331
3431,2023-10-06 06:00:00,35.73,35.77,35.7,35.74,32287
3432,2023-10-06 05:55:00,35.68,35.74,35.68,35.73,23003
3433,2023-10-06 05:50:00,35.65,35.7,35.64,35.69,12413
3434,2023-10-06 05:45:00,35.69,35.69,35.64,35.65,7384
3435,2023-10-06 05:40:00,35.68,35.72,35.67,35.69,12085
3436,2023-10-06 05:35:00,35.74,35.74,35.67,35.68,19458
3437,2023-10-06 05:30:00,35.72,35.74,35.7,35.74,13009
3438,2023-10-06 05:25:00,35.71,35.73,35.68,35.72,15057
3439,2023-10-06 05:20:00,35.65,35.71,35.64,35.71,28658
3440,2023-10-06 05:15:00,35.67,35.69,35.63,35.65,11312
3441,2023-10-06 05:10:00,35.64,35.67,35.64,35.66,17324
3442,2023-10-06 05:05:00,35.62,35.66,35.61,35.64,8784
3443,2023-10-06 05:00:00,35.59,35.63,35.59,35.63,22521
3444,2023-10-06 04:55:00,35.58,35.62,35.57,35.59,9174
3445,2023-10-06 04:50:00,35.65,35.65,35.58,35.59,11702
3446,2023-10-06 04:45:00,35.62,35.66,35.61,35.65,21203
3447,2023-10-06 04:40:00,35.57,35.62,35.56,35.62,21676
3448,2023-10-06 04:35:00,35.56,35.59,35.55,35.58,18074
3449,2023-10-06 04:30:00,35.68,35.68,35.55,35.57,28476
3450,2023-10-06 04:25:00,35.65,35.69,35.65,35.67,25903
3451,2023-10-06 04:20:00,35.7,35.71,35.62,35.65,34882
3452,2023-10-06 04:15:00,35.7,35.72,35.68,35.7,32338
3453,2023-10-06 04:10:00,35.73,35.77,35.68,35.69,191160
3454,2023-10-06 04:05:00,35.67,35.77,35.67,35.72,47884
3455,2023-10-06 04:00:00,35.74,35.78,35.49,35.66,49901
3456,2023-10-05 19:55:00,35.47,35.48,35.45,35.47,52764
3457,2023-10-05 19:50:00,35.49,35.49,35.46,35.46,29819
3458,2023-10-05 19:45:00,35.49,35.5,35.48,35.49,38558
3459,2023-10-05 19:40:00,35.47,35.49,35.47,35.49,8807
3460,2023-10-05 19:35:00,35.48,35.49,35.47,35.48,10326
3461,2023-10-05 19:30:00,35.51,35.51,35.47,35.48,13650
3462,2023-10-05 19:25:00,35.5,35.52,35.5,35.51,7992
3463,2023-10-05 19:20:00,35.49,35.51,35.48,35.51,34637
3464,2023-10-05 19:15:00,35.53,35.53,35.48,35.49,15549
3465,2023-10-05 19:10:00,35.52,35.53,35.51,35.52,8801
3466,2023-10-05 19:05:00,35.5,35.53,35.49,35.53,15992
3467,2023-10-05 19:00:00,35.51,35.51,35.5,35.5,21367
3468,2023-10-05 18:55:00,35.52,35.52,35.5,35.52,2943
3469,2023-10-05 18:50:00,35.52,35.52,35.51,35.52,8244
3470,2023-10-05 18:45:00,35.51,35.531,35.5,35.52,16011
3471,2023-10-05 18:40:00,35.53,35.53,35.51,35.51,10658
3472,2023-10-05 18:35:00,35.53,35.54,35.52,35.53,6963
3473,2023-10-05 18:30:00,35.53,35.53,35.52,35.53,8879
3474,2023-10-05 18:25:00,35.51,35.53,35.5,35.53,10961
3475,2023-10-05 18:20:00,35.515,35.52,35.51,35.51,6298
3476,2023-10-05 18:15:00,35.52,35.53,35.51,35.52,6465
3477,2023-10-05 18:10:00,35.51,35.53,35.51,35.52,4832
3478,2023-10-05 18:05:00,35.51,35.52,35.49,35.5,17297
3479,2023-10-05 18:00:00,35.48,35.53,35.48,35.52,29088
3480,2023-10-05 17:55:00,35.48,35.48,35.47,35.48,2350
3481,2023-10-05 17:50:00,35.48,35.48,35.47,35.48,3437
3482,2023-10-05 17:45:00,35.48,35.48,35.47,35.48,17350
3483,2023-10-05 17:40:00,35.48,35.48,35.47,35.48,5812
3484,2023-10-05 17:35:00,35.47,35.48,35.47,35.47,6649
3485,2023-10-05 17:30:00,35.48,35.48,35.47,35.48,9916
3486,2023-10-05 17:25:00,35.498,35.5,35.47,35.48,14001
3487,2023-10-05 17:20:00,35.48,35.5,35.48,35.49,2375
3488,2023-10-05 17:15:00,35.49,35.52,35.48,35.5,11162
3489,2023-10-05 17:10:00,35.52,35.53,35.48,35.48,31823
3490,2023-10-05 17:05:00,35.53,35.53,35.52,35.529,2392
3491,2023-10-05 17:00:00,35.54,35.55,35.53,35.53,3571
3492,2023-10-05 16:55:00,35.52,35.55,35.52,35.54,71774
3493,2023-10-05 16:50:00,35.5,35.52,35.49,35.52,229559
3494,2023-10-05 16:45:00,35.5,35.51,35.49,35.49,40436
3495,2023-10-05 16:40:00,35.49,35.5,35.49,35.5,39469
3496,2023-10-05 16:35:00,35.48,35.51,35.47,35.49,39194
3497,2023-10-05 16:30:00,35.47,35.49,35.46,35.48,22154
3498,2023-10-05 16:25:00,35.48,35.5,35.46,35.47,33396
3499,2023-10-05 16:20:00,35.49,35.5,35.48,35.48,34874
3500,2023-10-05 16:15:00,35.56,35.56,35.48,35.49,49502
3501,2023-10-05 16:10:00,35.51,35.54,35.49,35.52,40941
3502,2023-10-05 16:05:00,35.56,35.57,35.48,35.52,137207
3503,2023-10-05 16:00:00,35.58,35.61,35.55,35.57,1215452
3504,2023-10-05 15:55:00,35.58,35.62,35.48,35.564,1902451
3505,2023-10-05 15:50:00,35.68,35.72,35.55,35.58,1621561
3506,2023-10-05 15:45:00,35.615,35.73,35.57,35.68,1253529
3507,2023-10-05 15:40:00,35.635,35.67,35.58,35.615,717490
3508,2023-10-05 15:35:00,35.637,35.69,35.6,35.639,747343
3509,2023-10-05 15:30:00,35.69,35.72,35.61,35.635,930046
3510,2023-10-05 15:25:00,35.548,35.69,35.548,35.689,850445
3511,2023-10-05 15:20:00,35.609,35.644,35.5,35.545,963096
3512,2023-10-05 15:15:00,35.649,35.706,35.58,35.605,834189
3513,2023-10-05 15:10:00,35.699,35.72,35.56,35.649,1068958
3514,2023-10-05 15:05:00,35.75,35.775,35.681,35.693,876623
3515,2023-10-05 15:00:00,35.81,35.85,35.7,35.74,912609
3516,2023-10-05 14:55:00,35.76,35.84,35.712,35.81,776557
3517,2023-10-05 14:50:00,35.743,35.81,35.74,35.757,586685
3518,2023-10-05 14:45:00,35.75,35.8,35.724,35.749,784754
3519,2023-10-05 14:40:00,35.815,35.87,35.7,35.756,1519705
3520,2023-10-05 14:35:00,35.72,35.83,35.65,35.82,1864627
3521,2023-10-05 14:30:00,35.56,35.72,35.54,35.72,1232991
3522,2023-10-05 14:25:00,35.54,35.579,35.46,35.567,760791
3523,2023-10-05 14:20:00,35.6,35.62,35.52,35.535,736149
3524,2023-10-05 14:15:00,35.546,35.66,35.53,35.604,1008042
3525,2023-10-05 14:10:00,35.51,35.55,35.45,35.55,762772
3526,2023-10-05 14:05:00,35.64,35.64,35.5,35.51,770365
3527,2023-10-05 14:00:00,35.499,35.675,35.49,35.631,1487920
3528,2023-10-05 13:55:00,35.435,35.5,35.41,35.5,640093
3529,2023-10-05 13:50:00,35.47,35.55,35.4,35.43,878465
3530,2023-10-05 13:45:00,35.459,35.52,35.429,35.47,901731
3531,2023-10-05 13:40:00,35.41,35.51,35.39,35.45,1158493
3532,2023-10-05 13:35:00,35.224,35.42,35.224,35.405,2014752
3533,2023-10-05 13:30:00,35.215,35.262,35.07,35.225,1581266
3534,2023-10-05 13:25:00,35.12,35.22,35.1,35.215,495765
3535,2023-10-05 13:20:00,35.08,35.2,35.04,35.125,660971
3536,2023-10-05 13:15:00,35.11,35.17,35.05,35.075,688942
3537,2023-10-05 13:10:00,34.91,35.136,34.9,35.11,1003804
3538,2023-10-05 13:05:00,35.03,35.06,34.895,34.91,1018870
3539,2023-10-05 13:00:00,35.13,35.17,35.02,35.025,738589
3540,2023-10-05 12:55:00,35.11,35.135,35.024,35.13,549398
3541,2023-10-05 12:50:00,35.02,35.14,35.02,35.11,820166
3542,2023-10-05 12:45:00,35.111,35.14,35.0,35.021,845832
3543,2023-10-05 12:40:00,35.16,35.16,35.07,35.11,968902
3544,2023-10-05 12:35:00,35.165,35.26,35.15,35.15,1177665
3545,2023-10-05 12:30:00,35.26,35.33,35.16,35.16,1411138
3546,2023-10-05 12:25:00,35.135,35.27,35.11,35.26,1066338
3547,2023-10-05 12:20:00,35.154,35.22,35.12,35.13,679285
3548,2023-10-05 12:15:00,35.195,35.228,35.06,35.15,1460075
3549,2023-10-05 12:10:00,35.05,35.21,35.03,35.193,1330253
3550,2023-10-05 12:05:00,35.02,35.09,35.0,35.046,980099
3551,2023-10-05 12:00:00,34.87,35.05,34.82,35.02,1150239
3552,2023-10-05 11:55:00,35.05,35.06,34.81,34.861,1234415
3553,2023-10-05 11:50:00,34.85,35.06,34.79,35.05,1456054
3554,2023-10-05 11:45:00,34.74,34.916,34.72,34.855,1041318
3555,2023-10-05 11:40:00,34.845,34.9,34.74,34.748,1145271
3556,2023-10-05 11:35:00,34.73,34.88,34.73,34.85,1581435
3557,2023-10-05 11:30:00,34.79,34.81,34.64,34.735,1190969
3558,2023-10-05 11:25:00,34.835,34.846,34.735,34.79,1447992
3559,2023-10-05 11:20:00,34.621,34.87,34.62,34.83,1260577
3560,2023-10-05 11:15:00,34.681,34.75,34.61,34.63,957919
3561,2023-10-05 11:10:00,34.61,34.745,34.56,34.68,1281791
3562,2023-10-05 11:05:00,34.59,34.66,34.52,34.61,1284780
3563,2023-10-05 11:00:00,34.64,34.72,34.52,34.6,1145096
3564,2023-10-05 10:55:00,34.68,34.73,34.57,34.635,1249736
3565,2023-10-05 10:50:00,34.57,34.72,34.5,34.681,1913284
3566,2023-10-05 10:45:00,34.66,34.705,34.555,34.57,1384624
3567,2023-10-05 10:40:00,34.62,34.679,34.515,34.668,1961434
3568,2023-10-05 10:35:00,34.98,34.997,34.58,34.617,2230821
3569,2023-10-05 10:30:00,35.1,35.13,34.97,34.98,1581882
3570,2023-10-05 10:25:00,34.89,35.18,34.89,35.105,1653519
3571,2023-10-05 10:20:00,35.055,35.09,34.84,34.888,1872120
3572,2023-10-05 10:15:00,34.996,35.085,34.89,35.057,2095038
3573,2023-10-05 10:10:00,34.91,35.01,34.83,34.995,1925825
3574,2023-10-05 10:05:00,35.032,35.049,34.86,34.91,2442372
3575,2023-10-05 10:00:00,35.37,35.37,34.994,35.03,3093366
3576,2023-10-05 09:55:00,35.27,35.44,35.259,35.36,1759907
3577,2023-10-05 09:50:00,35.44,35.5,35.23,35.27,1815731
3578,2023-10-05 09:45:00,35.61,35.642,35.41,35.44,1816269
3579,2023-10-05 09:40:00,35.69,35.7,35.49,35.615,2065223
3580,2023-10-05 09:35:00,35.93,36.0,35.683,35.685,2006828
3581,2023-10-05 09:30:00,35.89,35.96,35.74,35.928,2923586
3582,2023-10-05 09:25:00,35.78,35.97,35.74,35.89,487341
3583,2023-10-05 09:20:00,35.75,35.79,35.7,35.789,191877
3584,2023-10-05 09:15:00,35.7,35.77,35.64,35.75,139932
3585,2023-10-05 09:10:00,35.8,35.82,35.68,35.7,226604
3586,2023-10-05 09:05:00,35.7,35.81,35.67,35.8,131105
3587,2023-10-05 09:00:00,35.77,35.84,35.7,35.7,229511
3588,2023-10-05 08:55:00,35.66,35.77,35.66,35.76,198977
3589,2023-10-05 08:50:00,35.67,35.74,35.63,35.65,164107
3590,2023-10-05 08:45:00,35.6,35.71,35.58,35.66,255732
3591,2023-10-05 08:40:00,35.66,35.7,35.53,35.6,339317
3592,2023-10-05 08:35:00,35.71,35.75,35.55,35.66,591400
3593,2023-10-05 08:30:00,36.01,36.05,35.7,35.72,381851
3594,2023-10-05 08:25:00,35.97,36.02,35.91,36.0,142938
3595,2023-10-05 08:20:00,35.99,36.05,35.96,35.97,136069
3596,2023-10-05 08:15:00,36.02,36.07,35.99,36.0,187611
3597,2023-10-05 08:10:00,36.14,36.14,36.01,36.01,310398
3598,2023-10-05 08:05:00,36.21,36.23,36.12,36.14,159548
3599,2023-10-05 08:00:00,35.95,36.22,35.508,36.21,824088
3600,2023-10-05 07:55:00,36.07,36.14,36.06,36.13,63194
3601,2023-10-05 07:50:00,36.14,36.15,36.05,36.07,51433
3602,2023-10-05 07:45:00,36.12,36.15,36.09,36.14,23893
3603,2023-10-05 07:40:00,36.04,36.13,36.04,36.12,51466
3604,2023-10-05 07:35:00,35.95,36.09,35.94,36.04,78987
3605,2023-10-05 07:30:00,35.93,36.02,35.93,35.95,80492
3606,2023-10-05 07:25:00,35.89,35.96,35.88,35.92,44426
3607,2023-10-05 07:20:00,35.78,35.91,35.76,35.89,61812
3608,2023-10-05 07:15:00,35.85,35.87,35.76,35.79,68495
3609,2023-10-05 07:10:00,35.85,35.91,35.84,35.85,103452
3610,2023-10-05 07:05:00,35.91,35.91,35.82,35.84,28988
3611,2023-10-05 07:00:00,35.93,36.01,35.9,35.91,47830
3612,2023-10-05 06:55:00,35.86,35.94,35.86,35.92,31755
3613,2023-10-05 06:50:00,35.83,35.87,35.81,35.86,28073
3614,2023-10-05 06:45:00,35.91,35.93,35.82,35.83,75185
3615,2023-10-05 06:40:00,35.9,35.92,35.88,35.92,38493
3616,2023-10-05 06:35:00,35.88,35.97,35.87,35.9,20108
3617,2023-10-05 06:30:00,35.84,35.91,35.82,35.88,49955
3618,2023-10-05 06:25:00,35.78,35.84,35.77,35.84,58663
3619,2023-10-05 06:20:00,35.76,35.79,35.73,35.77,51371
3620,2023-10-05 06:15:00,35.79,35.8,35.72,35.76,18086
3621,2023-10-05 06:10:00,35.74,35.8,35.71,35.79,23310
3622,2023-10-05 06:05:00,35.66,35.74,35.63,35.74,19626
3623,2023-10-05 06:00:00,35.63,35.68,35.58,35.68,7414
3624,2023-10-05 05:55:00,35.64,35.68,35.63,35.63,34497
3625,2023-10-05 05:50:00,35.55,35.64,35.54,35.64,37908
3626,2023-10-05 05:45:00,35.56,35.59,35.55,35.55,7366
3627,2023-10-05 05:40:00,35.53,35.57,35.48,35.56,26592
3628,2023-10-05 05:35:00,35.63,35.63,35.54,35.55,28866
3629,2023-10-05 05:30:00,35.62,35.63,35.57,35.59,17188
3630,2023-10-05 05:25:00,35.59,35.64,35.56,35.62,12687
3631,2023-10-05 05:20:00,35.57,35.65,35.55,35.59,10249
3632,2023-10-05 05:15:00,35.6,35.6,35.5,35.57,23697
3633,2023-10-05 05:10:00,35.64,35.68,35.59,35.61,25653
3634,2023-10-05 05:05:00,35.55,35.63,35.51,35.63,41639
3635,2023-10-05 05:00:00,35.61,35.62,35.55,35.55,65653
3636,2023-10-05 04:55:00,35.63,35.67,35.61,35.61,23255
3637,2023-10-05 04:50:00,35.75,35.76,35.64,35.64,45916
3638,2023-10-05 04:45:00,35.84,35.86,35.76,35.76,10693
3639,2023-10-05 04:40:00,35.88,35.89,35.83,35.85,33159
3640,2023-10-05 04:35:00,35.93,35.95,35.87,35.88,15462
3641,2023-10-05 04:30:00,35.89,35.95,35.85,35.93,35489
3642,2023-10-05 04:25:00,35.91,35.93,35.87,35.89,15419
3643,2023-10-05 04:20:00,35.86,35.92,35.82,35.9,44296
3644,2023-10-05 04:15:00,35.845,35.87,35.78,35.86,21589
3645,2023-10-05 04:10:00,35.88,35.88,35.82,35.84,29828
3646,2023-10-05 04:05:00,35.84,35.87,35.77,35.87,67132
3647,2023-10-05 04:00:00,35.75,35.87,35.71,35.84,141535
3648,2023-10-04 19:55:00,35.86,35.89,35.85,35.88,45988
3649,2023-10-04 19:50:00,35.86,35.87,35.85,35.87,31911
3650,2023-10-04 19:45:00,35.85,35.87,35.85,35.85,24008
3651,2023-10-04 19:40:00,35.84,35.87,35.84,35.85,8528
3652,2023-10-04 19:35:00,35.88,35.88,35.83,35.84,10404
3653,2023-10-04 19:30:00,35.89,35.89,35.85,35.88,16901
3654,2023-10-04 19:25:00,35.87,35.885,35.85,35.88,24829
3655,2023-10-04 19:20:00,35.84,35.87,35.84,35.87,19338
3656,2023-10-04 19:15:00,35.89,35.89,35.84,35.84,12507
3657,2023-10-04 19:10:00,35.89,35.9,35.88,35.88,15505
3658,2023-10-04 19:05:00,35.88,35.89,35.87,35.89,22952
3659,2023-10-04 19:00:00,35.86,35.88,35.86,35.88,19213
3660,2023-10-04 18:55:00,35.87,35.87,35.85,35.86,4782
3661,2023-10-04 18:50:00,35.88,35.89,35.86,35.86,66321
3662,2023-10-04 18:45:00,35.85,35.88,35.82,35.88,23135
3663,2023-10-04 18:40:00,35.87,35.89,35.85,35.85,6068
3664,2023-10-04 18:35:00,35.84,35.88,35.83,35.87,13735
3665,2023-10-04 18:30:00,35.81,35.845,35.81,35.83,10221
3666,2023-10-04 18:25:00,35.83,35.83,35.81,35.81,3334
3667,2023-10-04 18:20:00,35.82,35.86,35.82,35.83,18171
3668,2023-10-04 18:15:00,35.8,35.83,35.8,35.83,18332
3669,2023-10-04 18:10:00,35.79,35.81,35.79,35.8,26205
3670,2023-10-04 18:05:00,35.79,35.8,35.78,35.79,11470
3671,2023-10-04 18:00:00,35.81,35.81,35.76,35.78,63131
3672,2023-10-04 17:55:00,35.81,35.83,35.8,35.82,11477
3673,2023-10-04 17:50:00,35.81,35.82,35.81,35.81,4821
3674,2023-10-04 17:45:00,35.819,35.82,35.8,35.81,4948
3675,2023-10-04 17:40:00,35.81,35.829,35.8,35.81,4526
3676,2023-10-04 17:35:00,35.82,35.82,35.34,35.819,5529
3677,2023-10-04 17:30:00,35.84,35.85,35.81,35.81,23994
3678,2023-10-04 17:25:00,35.805,35.84,35.8,35.84,6919
3679,2023-10-04 17:20:00,35.81,35.82,35.8,35.805,10862
3680,2023-10-04 17:15:00,35.8,35.82,35.8,35.81,6159
3681,2023-10-04 17:10:00,35.8,35.82,35.8,35.8,23930
3682,2023-10-04 17:05:00,35.82,35.82,35.8,35.81,16624
3683,2023-10-04 17:00:00,35.82,35.83,35.81,35.83,14139
3684,2023-10-04 16:55:00,35.84,35.84,35.82,35.82,52744
3685,2023-10-04 16:50:00,35.81,35.85,35.8,35.84,986808
3686,2023-10-04 16:45:00,35.82,35.83,35.8,35.8,53363
3687,2023-10-04 16:40:00,35.85,35.86,35.82,35.83,69083
3688,2023-10-04 16:35:00,35.84,35.85,35.82,35.85,75970
3689,2023-10-04 16:30:00,35.87,35.88,35.83,35.84,31647
3690,2023-10-04 16:25:00,35.87,35.88,35.86,35.87,58926
3691,2023-10-04 16:20:00,35.88,35.89,35.86,35.87,22436
3692,2023-10-04 16:15:00,35.94,35.94,35.85,35.89,72380
3693,2023-10-04 16:10:00,35.92,35.92,35.87,35.88,59545
3694,2023-10-04 16:05:00,35.86,35.93,35.85,35.92,235257
3695,2023-10-04 16:00:00,35.94,35.94,35.8,35.86,1573044
3696,2023-10-04 15:55:00,36.06,36.08,35.9,35.93,2160095
3697,2023-10-04 15:50:00,36.0,36.08,35.85,36.061,2576947
3698,2023-10-04 15:45:00,36.04,36.15,36.0,36.005,1312598
3699,2023-10-04 15:40:00,36.11,36.16,36.04,36.05,1221227
3700,2023-10-04 15:35:00,36.028,36.19,36.025,36.11,1567784
3701,2023-10-04 15:30:00,35.93,36.07,35.91,36.03,1646658
3702,2023-10-04 15:25:00,35.974,36.015,35.89,35.925,1853642
3703,2023-10-04 15:20:00,35.92,35.99,35.87,35.98,940440
3704,2023-10-04 15:15:00,35.847,36.0,35.82,35.93,2101518
3705,2023-10-04 15:10:00,35.705,35.88,35.674,35.843,1703234
3706,2023-10-04 15:05:00,35.625,35.73,35.56,35.707,883037
3707,2023-10-04 15:00:00,35.6,35.701,35.57,35.63,1396025
3708,2023-10-04 14:55:00,35.505,35.63,35.49,35.6,850663
3709,2023-10-04 14:50:00,35.52,35.56,35.48,35.508,696989
3710,2023-10-04 14:45:00,35.56,35.62,35.52,35.525,1048865
3711,2023-10-04 14:40:00,35.45,35.57,35.431,35.56,1314270
3712,2023-10-04 14:35:00,35.35,35.46,35.28,35.455,1093262
3713,2023-10-04 14:30:00,35.399,35.48,35.35,35.35,810134
3714,2023-10-04 14:25:00,35.185,35.42,35.16,35.395,1191787
3715,2023-10-04 14:20:00,35.425,35.44,35.13,35.189,1270173
3716,2023-10-04 14:15:00,35.325,35.44,35.32,35.43,1170720
3717,2023-10-04 14:10:00,35.19,35.35,35.18,35.329,927037
3718,2023-10-04 14:05:00,35.33,35.37,35.17,35.195,1094092
3719,2023-10-04 14:00:00,35.24,35.33,35.16,35.325,1211136
3720,2023-10-04 13:55:00,35.265,35.35,35.212,35.25,743322
3721,2023-10-04 13:50:00,35.425,35.43,35.23,35.263,983318
3722,2023-10-04 13:45:00,35.41,35.445,35.35,35.43,638276
3723,2023-10-04 13:40:00,35.395,35.41,35.28,35.405,621477
3724,2023-10-04 13:35:00,35.38,35.405,35.321,35.39,609268
3725,2023-10-04 13:30:00,35.347,35.41,35.26,35.37,1424006
3726,2023-10-04 13:25:00,35.47,35.48,35.322,35.345,1105517
3727,2023-10-04 13:20:00,35.56,35.62,35.424,35.47,1112253
3728,2023-10-04 13:15:00,35.53,35.64,35.517,35.568,605531
3729,2023-10-04 13:10:00,35.62,35.64,35.515,35.525,632800
3730,2023-10-04 13:05:00,35.53,35.645,35.52,35.62,677034
3731,2023-10-04 13:00:00,35.63,35.656,35.52,35.53,770503
3732,2023-10-04 12:55:00,35.676,35.71,35.58,35.63,769302
3733,2023-10-04 12:50:00,35.72,35.759,35.64,35.68,819534
3734,2023-10-04 12:45:00,35.565,35.73,35.56,35.725,921228
3735,2023-10-04 12:40:00,35.62,35.67,35.54,35.57,663243
3736,2023-10-04 12:35:00,35.68,35.7,35.58,35.611,825654
3737,2023-10-04 12:30:00,35.67,35.75,35.6,35.69,1180649
3738,2023-10-04 12:25:00,35.52,35.68,35.52,35.67,1210026
3739,2023-10-04 12:20:00,35.65,35.75,35.51,35.52,1167563
3740,2023-10-04 12:15:00,35.55,35.66,35.51,35.649,732945
3741,2023-10-04 12:10:00,35.61,35.705,35.5,35.547,1003502
3742,2023-10-04 12:05:00,35.59,35.665,35.55,35.61,937796
3743,2023-10-04 12:00:00,35.77,35.8,35.57,35.59,1223931
3744,2023-10-04 11:55:00,35.62,35.79,35.602,35.775,1826881
3745,2023-10-04 11:50:00,35.56,35.645,35.46,35.619,1540893
3746,2023-10-04 11:45:00,35.42,35.666,35.35,35.565,1941137
3747,2023-10-04 11:40:00,35.5,35.52,35.31,35.41,995437
3748,2023-10-04 11:35:00,35.38,35.53,35.322,35.495,1555926
3749,2023-10-04 11:30:00,35.38,35.42,35.31,35.38,751984
3750,2023-10-04 11:25:00,35.281,35.42,35.28,35.38,805166
3751,2023-10-04 11:20:00,35.42,35.5,35.27,35.28,2049583
3752,2023-10-04 11:15:00,35.18,35.427,35.17,35.42,2031023
3753,2023-10-04 11:10:00,35.085,35.24,35.085,35.186,1539499
3754,2023-10-04 11:05:00,35.01,35.127,34.95,35.084,1209539
3755,2023-10-04 11:00:00,34.93,35.08,34.82,35.016,1527455
3756,2023-10-04 10:55:00,34.91,35.01,34.857,34.935,1129711
3757,2023-10-04 10:50:00,34.92,35.05,34.88,34.91,1219418
3758,2023-10-04 10:45:00,35.32,35.39,34.905,34.924,2322413
3759,2023-10-04 10:40:00,35.229,35.45,35.22,35.32,2520352
3760,2023-10-04 10:35:00,35.14,35.3,35.135,35.225,2320177
3761,2023-10-04 10:30:00,34.68,35.15,34.655,35.15,2649543
3762,2023-10-04 10:25:00,34.81,34.94,34.64,34.67,1685931
3763,2023-10-04 10:20:00,35.03,35.06,34.72,34.82,1711167
3764,2023-10-04 10:15:00,35.009,35.07,34.81,35.03,2200507
3765,2023-10-04 10:10:00,34.803,35.03,34.788,35.01,1882963
3766,2023-10-04 10:05:00,34.845,34.98,34.68,34.8,2694507
3767,2023-10-04 10:00:00,35.12,35.23,34.8,34.844,4168398
3768,2023-10-04 09:55:00,35.2,35.26,35.07,35.12,1544340
3769,2023-10-04 09:50:00,35.235,35.27,35.0,35.2,2411516
3770,2023-10-04 09:45:00,35.16,35.326,35.1,35.235,2673227
3771,2023-10-04 09:40:00,35.31,35.31,35.08,35.16,2883789
3772,2023-10-04 09:35:00,35.09,35.355,35.05,35.303,3189413
3773,2023-10-04 09:30:00,34.78,35.13,34.76,35.09,3137901
3774,2023-10-04 09:25:00,34.83,34.84,34.76,34.78,189341
3775,2023-10-04 09:20:00,34.83,34.85,34.81,34.83,260849
3776,2023-10-04 09:15:00,34.87,34.88,34.83,34.83,103749
3777,2023-10-04 09:10:00,34.92,34.93,34.83,34.87,163772
3778,2023-10-04 09:05:00,34.93,34.98,34.88,34.92,161415
3779,2023-10-04 09:00:00,34.94,34.96,34.85,34.93,275393
3780,2023-10-04 08:55:00,34.96,35.02,34.93,34.94,229317
3781,2023-10-04 08:50:00,35.08,35.08,34.959,34.97,247861
3782,2023-10-04 08:45:00,35.07,35.1,35.0,35.08,451064
3783,2023-10-04 08:40:00,35.0,35.1,35.0,35.06,282200
3784,2023-10-04 08:35:00,34.95,35.03,34.92,35.01,380813
3785,2023-10-04 08:30:00,34.9,34.96,34.81,34.96,351765
3786,2023-10-04 08:25:00,34.92,34.95,34.8,34.9,373009
3787,2023-10-04 08:20:00,34.93,34.99,34.82,34.92,325125
3788,2023-10-04 08:15:00,34.73,35.05,34.7,34.92,1586542
3789,2023-10-04 08:10:00,34.71,34.76,34.7,34.74,50468
3790,2023-10-04 08:05:00,34.729,34.75,34.67,34.72,66823
3791,2023-10-04 08:00:00,34.395,34.79,33.65,34.73,920161
3792,2023-10-04 07:55:00,34.73,34.75,34.67,34.73,37905
3793,2023-10-04 07:50:00,34.75,34.79,34.73,34.73,40607
3794,2023-10-04 07:45:00,34.69,34.78,34.69,34.76,139544
3795,2023-10-04 07:40:00,34.66,34.7,34.62,34.69,84653
3796,2023-10-04 07:35:00,34.62,34.69,34.57,34.66,67517
3797,2023-10-04 07:30:00,34.6,34.66,34.56,34.62,98570
3798,2023-10-04 07:25:00,34.62,34.66,34.59,34.61,53069
3799,2023-10-04 07:20:00,34.65,34.66,34.6,34.62,172946
3800,2023-10-04 07:15:00,34.65,34.75,34.64,34.66,136658
3801,2023-10-04 07:10:00,34.62,34.66,34.58,34.65,86557
3802,2023-10-04 07:05:00,34.42,34.63,34.41,34.62,190427
3803,2023-10-04 07:00:00,34.39,34.43,34.36,34.43,28153
3804,2023-10-04 06:55:00,34.31,34.4,34.3,34.4,33257
3805,2023-10-04 06:50:00,34.29,34.33,34.23,34.31,55844
3806,2023-10-04 06:45:00,34.35,34.35,34.27,34.29,30164
3807,2023-10-04 06:40:00,34.39,34.41,34.34,34.35,16504
3808,2023-10-04 06:35:00,34.4,34.42,34.37,34.4,43192
3809,2023-10-04 06:30:00,34.47,34.47,34.38,34.4,33830
3810,2023-10-04 06:25:00,34.51,34.54,34.48,34.48,12471
3811,2023-10-04 06:20:00,34.46,34.54,34.44,34.53,27879
3812,2023-10-04 06:15:00,34.46,34.48,34.42,34.46,32438
3813,2023-10-04 06:10:00,34.43,34.47,34.41,34.46,12260
3814,2023-10-04 06:05:00,34.42,34.47,34.41,34.43,21761
3815,2023-10-04 06:00:00,34.41,34.47,34.4,34.41,19995
3816,2023-10-04 05:55:00,34.43,34.43,34.38,34.41,12310
3817,2023-10-04 05:50:00,34.39,34.45,34.39,34.45,18176
3818,2023-10-04 05:45:00,34.4,34.43,34.38,34.39,22601
3819,2023-10-04 05:40:00,34.43,34.45,34.39,34.4,25745
3820,2023-10-04 05:35:00,34.36,34.44,34.36,34.42,94609
3821,2023-10-04 05:30:00,34.31,34.39,34.29,34.36,90468
3822,2023-10-04 05:25:00,34.31,34.32,34.28,34.32,16447
3823,2023-10-04 05:20:00,34.29,34.32,34.25,34.31,12109
3824,2023-10-04 05:15:00,34.29,34.32,34.26,34.3,58245
3825,2023-10-04 05:10:00,34.31,34.33,34.29,34.29,70306
3826,2023-10-04 05:05:00,34.19,34.32,34.18,34.32,39011
3827,2023-10-04 05:00:00,34.24,34.24,34.19,34.2,21372
3828,2023-10-04 04:55:00,34.23,34.3,34.23,34.23,15498
3829,2023-10-04 04:50:00,34.23,34.26,34.21,34.22,9630
3830,2023-10-04 04:45:00,34.27,34.28,34.23,34.23,19895
3831,2023-10-04 04:40:00,34.24,34.29,34.23,34.28,95756
3832,2023-10-04 04:35:00,34.22,34.26,34.17,34.24,155381
3833,2023-10-04 04:30:00,34.23,34.26,34.19,34.23,77326
3834,2023-10-04 04:25:00,34.16,34.25,34.13,34.23,107665
3835,2023-10-04 04:20:00,34.13,34.17,34.07,34.16,31232
3836,2023-10-04 04:15:00,34.14,34.22,34.12,34.13,153441
3837,2023-10-04 04:10:00,34.06,34.16,34.04,34.13,105908
3838,2023-10-04 04:05:00,34.01,34.11,33.98,34.06,134975
3839,2023-10-04 04:00:00,34.04,34.09,33.93,34.02,234959
3840,2023-10-03 19:55:00,34.51,34.52,34.48,34.495,96226
3841,2023-10-03 19:50:00,34.53,34.53,34.49,34.51,59007
3842,2023-10-03 19:45:00,34.52,34.53,34.5,34.53,40342
3843,2023-10-03 19:40:00,34.51,34.53,34.5,34.53,52804
3844,2023-10-03 19:35:00,34.45,34.51,34.45,34.51,44825
3845,2023-10-03 19:30:00,34.42,34.46,34.42,34.45,23141
3846,2023-10-03 19:25:00,34.41,34.43,34.4,34.41,104724
3847,2023-10-03 19:20:00,34.395,34.41,34.38,34.41,31533
3848,2023-10-03 19:15:00,34.41,34.41,34.36,34.4,24630
3849,2023-10-03 19:10:00,34.41,34.41,34.39,34.41,30030
3850,2023-10-03 19:05:00,34.41,34.42,34.38,34.41,8663
3851,2023-10-03 19:00:00,34.51,34.51,34.42,34.42,22226
3852,2023-10-03 18:55:00,34.52,34.52,34.5,34.52,7389
3853,2023-10-03 18:50:00,34.5,34.52,34.49,34.51,24269
3854,2023-10-03 18:45:00,34.5,34.5,34.49,34.49,12236
3855,2023-10-03 18:40:00,34.49,34.49,34.47,34.49,12990
3856,2023-10-03 18:35:00,34.49,34.49,34.46,34.49,16868
3857,2023-10-03 18:30:00,34.45,34.5,34.44,34.49,21347
3858,2023-10-03 18:25:00,34.45,34.47,34.44,34.44,8170
3859,2023-10-03 18:20:00,34.42,34.46,34.42,34.45,36588
3860,2023-10-03 18:15:00,34.42,34.43,34.4,34.42,17645
3861,2023-10-03 18:10:00,34.41,34.43,34.4,34.42,24166
3862,2023-10-03 18:05:00,34.44,34.44,34.4,34.4,42805
3863,2023-10-03 18:00:00,34.44,34.51,34.43,34.43,38790
3864,2023-10-03 17:55:00,34.43,34.44,34.4,34.44,14105
3865,2023-10-03 17:50:00,34.42,34.44,34.41,34.43,23456
3866,2023-10-03 17:45:00,34.42,34.42,34.4,34.42,25500
3867,2023-10-03 17:40:00,34.43,34.43,34.41,34.41,8993
3868,2023-10-03 17:35:00,34.43,34.43,34.41,34.43,3882
3869,2023-10-03 17:30:00,34.42,34.43,34.41,34.41,13357
3870,2023-10-03 17:25:00,34.41,34.44,34.41,34.43,7679
3871,2023-10-03 17:20:00,34.41,34.46,34.41,34.425,20664
3872,2023-10-03 17:15:00,34.43,34.44,34.4,34.41,14067
3873,2023-10-03 17:10:00,34.47,34.47,34.43,34.44,17443
3874,2023-10-03 17:05:00,34.48,34.48,34.45,34.47,38240
3875,2023-10-03 17:00:00,34.49,34.49,34.47,34.47,14733
3876,2023-10-03 16:55:00,34.49,34.5,34.46,34.48,38687
3877,2023-10-03 16:50:00,34.54,34.56,34.49,34.49,24340
3878,2023-10-03 16:45:00,34.56,34.58,34.53,34.54,35377
3879,2023-10-03 16:40:00,34.55,34.56,34.53,34.55,20189
3880,2023-10-03 16:35:00,34.55,34.56,34.51,34.53,42991
3881,2023-10-03 16:30:00,34.58,34.58,34.55,34.56,47346
3882,2023-10-03 16:25:00,34.589,34.59,34.57,34.58,50123
3883,2023-10-03 16:20:00,34.6,34.6,34.58,34.585,35481
3884,2023-10-03 16:15:00,34.54,34.6,34.54,34.6,106750
3885,2023-10-03 16:10:00,34.57,34.58,34.55,34.57,251424
3886,2023-10-03 16:05:00,34.63,34.63,34.57,34.57,490381
3887,2023-10-03 16:00:00,34.55,34.64,34.54,34.62,1365777
3888,2023-10-03 15:55:00,34.36,34.57,34.36,34.54,3482295
3889,2023-10-03 15:50:00,34.33,34.48,34.31,34.36,2716239
3890,2023-10-03 15:45:00,34.27,34.359,34.23,34.339,1455672
3891,2023-10-03 15:40:00,34.14,34.34,34.133,34.264,1565624
3892,2023-10-03 15:35:00,34.055,34.16,34.05,34.13,1105505
3893,2023-10-03 15:30:00,34.15,34.21,34.04,34.051,1496078
3894,2023-10-03 15:25:00,34.3,34.31,34.14,34.15,1428162
3895,2023-10-03 15:20:00,34.28,34.34,34.26,34.295,743584
3896,2023-10-03 15:15:00,34.205,34.33,34.185,34.279,1194960
3897,2023-10-03 15:10:00,34.27,34.3,34.18,34.205,945992
3898,2023-10-03 15:05:00,34.435,34.44,34.21,34.27,1311480
3899,2023-10-03 15:00:00,34.39,34.51,34.31,34.436,1385419
3900,2023-10-03 14:55:00,34.43,34.465,34.35,34.393,931637
3901,2023-10-03 14:50:00,34.47,34.53,34.35,34.44,1245126
3902,2023-10-03 14:45:00,34.46,34.51,34.4,34.469,884927
3903,2023-10-03 14:40:00,34.45,34.484,34.39,34.47,759359
3904,2023-10-03 14:35:00,34.375,34.461,34.345,34.45,992509
3905,2023-10-03 14:30:00,34.3,34.41,34.28,34.375,1182741
3906,2023-10-03 14:25:00,34.32,34.37,34.25,34.3,1237427
3907,2023-10-03 14:20:00,34.285,34.34,34.22,34.32,1066547
3908,2023-10-03 14:15:00,34.309,34.32,34.19,34.285,1313063
3909,2023-10-03 14:10:00,34.32,34.37,34.26,34.302,960006
3910,2023-10-03 14:05:00,34.34,34.38,34.27,34.315,1711537
3911,2023-10-03 14:00:00,34.385,34.456,34.32,34.335,721288
3912,2023-10-03 13:55:00,34.43,34.435,34.33,34.387,623312
3913,2023-10-03 13:50:00,34.42,34.465,34.35,34.43,941124
3914,2023-10-03 13:45:00,34.494,34.546,34.4,34.411,855393
3915,2023-10-03 13:40:00,34.47,34.575,34.46,34.5,699718
3916,2023-10-03 13:35:00,34.54,34.549,34.442,34.46,934297
3917,2023-10-03 13:30:00,34.595,34.62,34.48,34.53,1081746
3918,2023-10-03 13:25:00,34.69,34.7,34.53,34.594,1070292
3919,2023-10-03 13:20:00,34.66,34.73,34.58,34.685,940006
3920,2023-10-03 13:15:00,34.79,34.81,34.65,34.664,1026355
3921,2023-10-03 13:10:00,34.81,34.83,34.72,34.78,896521
3922,2023-10-03 13:05:00,34.955,34.993,34.79,34.817,1018162
3923,2023-10-03 13:00:00,34.86,35.03,34.86,34.96,1474257
3924,2023-10-03 12:55:00,34.82,34.95,34.77,34.865,1058860
3925,2023-10-03 12:50:00,34.885,34.929,34.8,34.823,840731
3926,2023-10-03 12:45:00,34.8,34.9,34.8,34.88,751350
3927,2023-10-03 12:40:00,34.87,34.97,34.79,34.79,937393
3928,2023-10-03 12:35:00,34.831,34.89,34.76,34.875,879319
3929,2023-10-03 12:30:00,34.907,34.95,34.83,34.833,1040497
3930,2023-10-03 12:25:00,34.85,34.965,34.77,34.9,1653818
3931,2023-10-03 12:20:00,34.85,34.88,34.74,34.855,1266291
3932,2023-10-03 12:15:00,34.795,34.93,34.74,34.86,1545780
3933,2023-10-03 12:10:00,34.731,34.81,34.7,34.796,883207
3934,2023-10-03 12:05:00,34.79,34.85,34.7,34.737,1461245
3935,2023-10-03 12:00:00,34.62,34.82,34.595,34.792,2504459
3936,2023-10-03 11:55:00,34.51,34.66,34.49,34.626,1393757
3937,2023-10-03 11:50:00,34.596,34.67,34.5,34.502,1167165
3938,2023-10-03 11:45:00,34.64,34.7,34.571,34.595,1054330
3939,2023-10-03 11:40:00,34.61,34.72,34.61,34.65,1271662
3940,2023-10-03 11:35:00,34.557,34.61,34.5,34.61,1383914
3941,2023-10-03 11:30:00,34.68,34.775,34.53,34.555,2063974
3942,2023-10-03 11:25:00,34.715,34.745,34.6,34.68,846950
3943,2023-10-03 11:20:00,34.73,34.83,34.63,34.72,1326894
3944,2023-10-03 11:15:00,34.69,34.75,34.64,34.724,1313671
3945,2023-10-03 11:10:00,34.659,34.72,34.6,34.691,1161350
3946,2023-10-03 11:05:00,34.64,34.758,34.6,34.655,1410395
3947,2023-10-03 11:00:00,34.74,34.79,34.59,34.647,2141024
3948,2023-10-03 10:55:00,34.82,34.87,34.7,34.75,1708807
3949,2023-10-03 10:50:00,34.87,34.89,34.745,34.815,1495232
3950,2023-10-03 10:45:00,35.06,35.08,34.79,34.865,2309630
3951,2023-10-03 10:40:00,34.881,35.1,34.86,35.06,1688530
3952,2023-10-03 10:35:00,35.075,35.22,34.87,34.882,2585466
3953,2023-10-03 10:30:00,34.97,35.17,34.88,35.077,2108017
3954,2023-10-03 10:25:00,34.94,35.15,34.93,34.968,2088069
3955,2023-10-03 10:20:00,35.04,35.17,34.92,34.95,2875650
3956,2023-10-03 10:15:00,35.25,35.26,34.91,35.04,3982085
3957,2023-10-03 10:10:00,35.31,35.597,35.25,35.25,3093770
3958,2023-10-03 10:05:00,35.52,35.58,35.29,35.304,3159521
3959,2023-10-03 10:00:00,36.22,36.24,35.5,35.525,7019835
3960,2023-10-03 09:55:00,36.32,36.39,36.2,36.215,1559783
3961,2023-10-03 09:50:00,36.08,36.33,36.07,36.328,2607343
3962,2023-10-03 09:45:00,35.91,36.105,35.8,36.07,1784662
3963,2023-10-03 09:40:00,35.88,36.03,35.82,35.92,2645566
3964,2023-10-03 09:35:00,35.89,36.03,35.78,35.89,2229063
3965,2023-10-03 09:30:00,35.71,35.93,35.66,35.89,3877746
3966,2023-10-03 09:25:00,35.58,35.71,35.58,35.71,236201
3967,2023-10-03 09:20:00,35.6,35.64,35.57,35.58,171022
3968,2023-10-03 09:15:00,35.6,35.62,35.52,35.6,406191
3969,2023-10-03 09:10:00,35.68,35.69,35.58,35.59,256726
3970,2023-10-03 09:05:00,35.66,35.75,35.63,35.68,262074
3971,2023-10-03 09:00:00,35.52,35.67,35.48,35.67,369731
3972,2023-10-03 08:55:00,35.55,35.59,35.49,35.53,335925
3973,2023-10-03 08:50:00,35.61,35.62,35.54,35.55,215814
3974,2023-10-03 08:45:00,35.61,35.69,35.58,35.59,244874
3975,2023-10-03 08:40:00,35.7,35.71,35.52,35.61,360392
3976,2023-10-03 08:35:00,35.79,35.81,35.62,35.7,273965
3977,2023-10-03 08:30:00,35.84,35.84,35.75,35.79,149244
3978,2023-10-03 08:25:00,35.81,35.9,35.79,35.84,144586
3979,2023-10-03 08:20:00,35.76,35.83,35.74,35.81,131747
3980,2023-10-03 08:15:00,35.83,35.83,35.68,35.76,283221
3981,2023-10-03 08:10:00,35.74,35.85,35.71,35.83,148813
3982,2023-10-03 08:05:00,35.81,35.82,35.73,35.74,152794
3983,2023-10-03 08:00:00,36.33,36.58,35.75,35.8,742551
3984,2023-10-03 07:55:00,35.82,35.88,35.81,35.86,74311
3985,2023-10-03 07:50:00,35.82,35.83,35.75,35.83,91905
3986,2023-10-03 07:45:00,35.91,35.93,35.82,35.82,119878
3987,2023-10-03 07:40:00,35.95,36.0,35.89,35.91,72258
3988,2023-10-03 07:35:00,35.98,36.0,35.92,35.95,68624
3989,2023-10-03 07:30:00,35.97,36.04,35.96,35.98,118613
3990,2023-10-03 07:25:00,35.96,35.98,35.9,35.96,103935
3991,2023-10-03 07:20:00,36.08,36.11,35.94,35.96,135226
3992,2023-10-03 07:15:00,36.1,36.13,36.05,36.09,72311
3993,2023-10-03 07:10:00,36.2,36.2,36.09,36.09,75914
3994,2023-10-03 07:05:00,36.28,36.3,36.21,36.21,41754
3995,2023-10-03 07:00:00,36.34,36.36,36.27,36.28,65928
3996,2023-10-03 06:55:00,36.37,36.38,36.35,36.35,20056
3997,2023-10-03 06:50:00,36.4,36.4,36.36,36.37,15950
3998,2023-10-03 06:45:00,36.39,36.42,36.38,36.39,10794
3999,2023-10-03 06:40:00,36.51,36.52,36.38,36.39,28860
4000,2023-10-03 06:35:00,36.62,36.62,36.5,36.51,27627
4001,2023-10-03 06:30:00,36.55,36.64,36.54,36.62,32618
4002,2023-10-03 06:25:00,36.5,36.55,36.49,36.55,17744
4003,2023-10-03 06:20:00,36.42,36.5,36.41,36.5,7316
4004,2023-10-03 06:15:00,36.45,36.45,36.41,36.42,9117
4005,2023-10-03 06:10:00,36.53,36.54,36.44,36.45,8207
4006,2023-10-03 06:05:00,36.5,36.54,36.5,36.52,10620
4007,2023-10-03 06:00:00,36.44,36.53,36.44,36.51,12570
4008,2023-10-03 05:55:00,36.49,36.5,36.43,36.43,7734
4009,2023-10-03 05:50:00,36.41,36.52,36.41,36.5,31702
4010,2023-10-03 05:45:00,36.4,36.44,36.37,36.41,9141
4011,2023-10-03 05:40:00,36.39,36.42,36.36,36.4,39729
4012,2023-10-03 05:35:00,36.42,36.42,36.38,36.38,40527
4013,2023-10-03 05:30:00,36.49,36.49,36.41,36.42,15670
4014,2023-10-03 05:25:00,36.49,36.52,36.48,36.5,7982
4015,2023-10-03 05:20:00,36.56,36.56,36.46,36.49,15471
4016,2023-10-03 05:15:00,36.47,36.56,36.46,36.56,16121
4017,2023-10-03 05:10:00,36.49,36.49,36.42,36.47,18006
4018,2023-10-03 05:05:00,36.54,36.54,36.45,36.49,18453
4019,2023-10-03 05:00:00,36.63,36.64,36.48,36.55,19827
4020,2023-10-03 04:55:00,36.67,36.68,36.6,36.63,6844
4021,2023-10-03 04:50:00,36.66,36.69,36.62,36.68,5414
4022,2023-10-03 04:45:00,36.65,36.68,36.62,36.66,13056
4023,2023-10-03 04:40:00,36.64,36.65,36.62,36.63,10583
4024,2023-10-03 04:35:00,36.7,36.71,36.61,36.64,27130
4025,2023-10-03 04:30:00,36.75,36.78,36.69,36.71,51255
4026,2023-10-03 04:25:00,36.68,36.75,36.68,36.75,16328
4027,2023-10-03 04:20:00,36.78,36.8,36.66,36.68,44210
4028,2023-10-03 04:15:00,36.69,36.79,36.68,36.78,21229
4029,2023-10-03 04:10:00,36.69,36.73,36.66,36.68,43888
4030,2023-10-03 04:05:00,36.62,36.69,36.6,36.68,22211
4031,2023-10-03 04:00:00,36.44,36.63,36.33,36.62,33078
4032,2023-10-02 19:55:00,36.51,36.53,36.5,36.51,35611
4033,2023-10-02 19:50:00,36.54,36.56,36.5,36.52,19060
4034,2023-10-02 19:45:00,36.5,36.58,36.5,36.54,56739
4035,2023-10-02 19:40:00,36.5,36.51,36.49,36.49,34267
4036,2023-10-02 19:35:00,36.46,36.5,36.46,36.49,55056
4037,2023-10-02 19:30:00,36.42,36.46,36.42,36.46,66812
4038,2023-10-02 19:25:00,36.42,36.44,36.41,36.41,37793
4039,2023-10-02 19:20:00,36.47,36.48,36.42,36.43,44555
4040,2023-10-02 19:15:00,36.49,36.49,36.46,36.47,44239
4041,2023-10-02 19:10:00,36.5,36.52,36.48,36.49,30609
4042,2023-10-02 19:05:00,36.5,36.52,36.5,36.51,5203
4043,2023-10-02 19:00:00,36.49,36.52,36.48,36.5,10997
4044,2023-10-02 18:55:00,36.52,36.52,36.47,36.49,22564
4045,2023-10-02 18:50:00,36.51,36.53,36.51,36.51,10235
4046,2023-10-02 18:45:00,36.51,36.53,36.51,36.519,41337
4047,2023-10-02 18:40:00,36.54,36.56,36.51,36.51,45748
4048,2023-10-02 18:35:00,36.56,36.57,36.55,36.56,14744
4049,2023-10-02 18:30:00,36.59,36.59,36.56,36.56,16289
4050,2023-10-02 18:25:00,36.565,36.59,36.56,36.59,28013
4051,2023-10-02 18:20:00,36.53,36.57,36.52,36.56,9401
4052,2023-10-02 18:15:00,36.54,36.56,36.53,36.54,27466
4053,2023-10-02 18:10:00,36.5,36.53,36.48,36.53,14696
4054,2023-10-02 18:05:00,36.51,36.51,36.49,36.49,15298
4055,2023-10-02 18:00:00,36.49,36.51,36.48,36.49,23405
4056,2023-10-02 17:55:00,36.5,36.5,36.47,36.49,8212
4057,2023-10-02 17:50:00,36.5,36.51,36.49,36.49,3575
4058,2023-10-02 17:45:00,36.49,36.5,36.47,36.5,13844
4059,2023-10-02 17:40:00,36.49,36.5,36.48,36.48,4251
4060,2023-10-02 17:35:00,36.49,36.5,36.48,36.49,5208
4061,2023-10-02 17:30:00,36.49,36.525,36.49,36.5,17125
4062,2023-10-02 17:25:00,36.5,36.5,36.49,36.5,5419
4063,2023-10-02 17:20:00,36.49,36.5,36.48,36.5,12345
4064,2023-10-02 17:15:00,36.5,36.51,36.48,36.49,10122
4065,2023-10-02 17:10:00,36.51,36.52,36.5,36.5,7319
4066,2023-10-02 17:05:00,36.51,36.53,36.5,36.51,16549
4067,2023-10-02 17:00:00,36.52,36.53,36.51,36.52,20097
4068,2023-10-02 16:55:00,36.57,36.57,36.52,36.52,41194
4069,2023-10-02 16:50:00,36.56,36.57,36.56,36.561,33729
4070,2023-10-02 16:45:00,36.57,36.58,36.56,36.57,17801
4071,2023-10-02 16:40:00,36.59,36.59,36.57,36.58,20982
4072,2023-10-02 16:35:00,36.59,36.59,36.56,36.585,35057
4073,2023-10-02 16:30:00,36.565,36.59,36.56,36.58,46879
4074,2023-10-02 16:25:00,36.57,36.581,36.55,36.56,48997
4075,2023-10-02 16:20:00,36.57,36.58,36.56,36.57,66886
4076,2023-10-02 16:15:00,36.47,36.57,36.47,36.57,115054
4077,2023-10-02 16:10:00,36.53,36.55,36.5,36.53,138592
4078,2023-10-02 16:05:00,36.55,36.56,36.52,36.52,178747
4079,2023-10-02 16:00:00,36.49,36.6,36.47,36.55,1109336
4080,2023-10-02 15:55:00,36.359,36.496,36.32,36.495,2952833
4081,2023-10-02 15:50:00,36.12,36.36,36.06,36.35,1769499
4082,2023-10-02 15:45:00,36.12,36.22,36.1,36.12,1336495
4083,2023-10-02 15:40:00,36.135,36.17,36.09,36.12,886096
4084,2023-10-02 15:35:00,36.175,36.185,36.04,36.13,984757
4085,2023-10-02 15:30:00,35.995,36.2,35.95,36.175,1470601
4086,2023-10-02 15:25:00,36.065,36.066,35.92,35.99,996958
4087,2023-10-02 15:20:00,35.84,36.086,35.806,36.07,1467497
4088,2023-10-02 15:15:00,35.779,35.93,35.775,35.83,874596
4089,2023-10-02 15:10:00,35.845,35.95,35.745,35.78,1453400
4090,2023-10-02 15:05:00,35.685,35.87,35.63,35.845,1005940
4091,2023-10-02 15:00:00,35.81,35.86,35.63,35.685,1109975
4092,2023-10-02 14:55:00,35.77,35.838,35.71,35.81,962226
4093,2023-10-02 14:50:00,35.769,35.89,35.735,35.775,1090081
4094,2023-10-02 14:45:00,35.665,35.77,35.66,35.765,771528
4095,2023-10-02 14:40:00,35.7,35.71,35.61,35.665,1105897
4096,2023-10-02 14:35:00,35.8,35.85,35.69,35.7,665411
4097,2023-10-02 14:30:00,35.73,35.82,35.729,35.8,698396
4098,2023-10-02 14:25:00,35.92,35.93,35.71,35.725,1093833
4099,2023-10-02 14:20:00,36.04,36.05,35.83,35.919,1074342
4100,2023-10-02 14:15:00,36.26,36.27,36.0,36.039,1531898
4101,2023-10-02 14:10:00,35.93,36.26,35.93,36.254,1639349
4102,2023-10-02 14:05:00,35.92,36.034,35.92,35.939,846966
4103,2023-10-02 14:00:00,35.92,35.98,35.85,35.91,700260
4104,2023-10-02 13:55:00,36.054,36.089,35.9,35.927,710721
4105,2023-10-02 13:50:00,35.96,36.075,35.95,36.055,662356
4106,2023-10-02 13:45:00,35.97,36.04,35.93,35.97,675670
4107,2023-10-02 13:40:00,35.875,36.019,35.87,35.975,551548
4108,2023-10-02 13:35:00,35.89,35.96,35.855,35.87,397520
4109,2023-10-02 13:30:00,35.96,36.03,35.88,35.89,930403
4110,2023-10-02 13:25:00,35.9,36.0,35.89,35.95,739469
4111,2023-10-02 13:20:00,35.83,35.95,35.81,35.91,1081312
4112,2023-10-02 13:15:00,35.644,35.88,35.64,35.825,987353
4113,2023-10-02 13:10:00,35.78,35.8,35.62,35.645,769041
4114,2023-10-02 13:05:00,35.85,35.885,35.704,35.785,927506
4115,2023-10-02 13:00:00,35.79,35.915,35.77,35.84,835681
4116,2023-10-02 12:55:00,35.78,35.85,35.75,35.798,843833
4117,2023-10-02 12:50:00,35.78,35.83,35.72,35.775,963754
4118,2023-10-02 12:45:00,35.88,35.988,35.75,35.77,1223312
4119,2023-10-02 12:40:00,35.96,36.01,35.88,35.88,602335
4120,2023-10-02 12:35:00,35.96,36.05,35.88,35.96,1196505
4121,2023-10-02 12:30:00,35.95,35.98,35.87,35.96,981286
4122,2023-10-02 12:25:00,36.05,36.11,35.86,35.95,1254238
4123,2023-10-02 12:20:00,35.93,36.07,35.922,36.05,782311
4124,2023-10-02 12:15:00,35.98,36.109,35.91,35.926,1500005
4125,2023-10-02 12:10:00,35.82,35.99,35.78,35.99,1133349
4126,2023-10-02 12:05:00,35.97,36.0,35.76,35.83,1290902
4127,2023-10-02 12:00:00,36.0,36.03,35.89,35.97,1056950
4128,2023-10-02 11:55:00,36.0,36.05,35.93,36.0,1696177
4129,2023-10-02 11:50:00,36.22,36.305,35.96,36.01,2295693
4130,2023-10-02 11:45:00,36.3,36.35,36.19,36.23,1522428
4131,2023-10-02 11:40:00,36.536,36.57,36.3,36.305,1601681
4132,2023-10-02 11:35:00,36.704,36.73,36.465,36.535,1489131
4133,2023-10-02 11:30:00,36.86,36.89,36.694,36.7,1359331
4134,2023-10-02 11:25:00,36.86,36.9,36.81,36.86,1671852
4135,2023-10-02 11:20:00,36.61,36.9,36.594,36.86,2708171
4136,2023-10-02 11:15:00,36.48,36.635,36.465,36.61,2109980
4137,2023-10-02 11:10:00,36.26,36.49,36.239,36.475,1292757
4138,2023-10-02 11:05:00,36.33,36.39,36.18,36.26,1302355
4139,2023-10-02 11:00:00,36.1,36.43,36.086,36.33,1641787
4140,2023-10-02 10:55:00,36.215,36.24,36.021,36.09,1476387
4141,2023-10-02 10:50:00,36.23,36.38,36.189,36.214,1424984
4142,2023-10-02 10:45:00,36.095,36.286,36.065,36.23,1499800
4143,2023-10-02 10:40:00,36.16,36.24,35.93,36.09,1738840
4144,2023-10-02 10:35:00,36.14,36.238,36.05,36.155,1176648
4145,2023-10-02 10:30:00,36.1,36.235,35.91,36.13,2192740
4146,2023-10-02 10:25:00,36.286,36.398,36.04,36.1,1987711
4147,2023-10-02 10:20:00,36.2,36.29,36.03,36.28,1805012
4148,2023-10-02 10:15:00,36.06,36.37,36.06,36.201,1922316
4149,2023-10-02 10:10:00,36.295,36.32,36.05,36.056,1506198
4150,2023-10-02 10:05:00,36.45,36.509,36.28,36.292,1814621
4151,2023-10-02 10:00:00,36.0,36.52,35.92,36.451,4927025
4152,2023-10-02 09:55:00,36.02,36.12,35.95,36.0,1209127
4153,2023-10-02 09:50:00,36.095,36.14,35.89,36.02,1954986
4154,2023-10-02 09:45:00,36.26,36.28,36.04,36.09,1899072
4155,2023-10-02 09:40:00,36.24,36.295,36.123,36.27,2304142
4156,2023-10-02 09:35:00,35.92,36.26,35.87,36.237,3556768
4157,2023-10-02 09:30:00,35.67,35.91,35.48,35.91,3522431
4158,2023-10-02 09:25:00,35.6,35.68,35.57,35.68,307140
4159,2023-10-02 09:20:00,35.54,35.62,35.47,35.6,331979
4160,2023-10-02 09:15:00,35.48,35.55,35.47,35.531,230013
4161,2023-10-02 09:10:00,35.36,35.49,35.36,35.48,258669
4162,2023-10-02 09:05:00,35.37,35.42,35.33,35.36,274643
4163,2023-10-02 09:00:00,35.52,35.55,35.37,35.38,327988
4164,2023-10-02 08:55:00,35.52,35.59,35.5,35.53,193442
4165,2023-10-02 08:50:00,35.58,35.63,35.51,35.52,201011
4166,2023-10-02 08:45:00,35.67,35.69,35.55,35.57,178010
4167,2023-10-02 08:40:00,35.64,35.69,35.6,35.67,121121
4168,2023-10-02 08:35:00,35.57,35.66,35.57,35.64,115811
4169,2023-10-02 08:30:00,35.59,35.64,35.56,35.57,188151
4170,2023-10-02 08:25:00,35.54,35.6,35.52,35.6,131757
4171,2023-10-02 08:20:00,35.61,35.638,35.48,35.54,223946
4172,2023-10-02 08:15:00,35.63,35.64,35.55,35.609,128418
4173,2023-10-02 08:10:00,35.61,35.69,35.61,35.63,123654
4174,2023-10-02 08:05:00,35.57,35.62,35.54,35.61,63270
4175,2023-10-02 08:00:00,35.69,36.64,35.55,35.57,732955
4176,2023-10-02 07:55:00,35.66,35.7,35.65,35.69,64953
4177,2023-10-02 07:50:00,35.69,35.75,35.65,35.66,104829
4178,2023-10-02 07:45:00,35.72,35.73,35.63,35.7,144161
4179,2023-10-02 07:40:00,35.86,35.86,35.7,35.71,126147
4180,2023-10-02 07:35:00,35.81,35.89,35.81,35.86,78719
4181,2023-10-02 07:30:00,35.9,35.91,35.79,35.81,83148
4182,2023-10-02 07:25:00,35.92,35.93,35.88,35.9,99486
4183,2023-10-02 07:20:00,35.86,35.93,35.86,35.91,67071
4184,2023-10-02 07:15:00,35.81,35.87,35.8,35.86,39156
4185,2023-10-02 07:10:00,35.8,35.82,35.78,35.82,115166
4186,2023-10-02 07:05:00,35.81,35.84,35.77,35.8,152901
4187,2023-10-02 07:00:00,35.81,35.85,35.8,35.81,82517
4188,2023-10-02 06:55:00,35.87,35.87,35.78,35.81,15277
4189,2023-10-02 06:50:00,35.825,35.87,35.76,35.87,43196
4190,2023-10-02 06:45:00,35.83,35.86,35.82,35.83,39883
4191,2023-10-02 06:40:00,35.84,35.86,35.81,35.82,7853
4192,2023-10-02 06:35:00,35.82,35.85,35.8,35.84,15493
4193,2023-10-02 06:30:00,35.82,35.87,35.76,35.82,39093
4194,2023-10-02 06:25:00,35.9,35.92,35.81,35.81,14621
4195,2023-10-02 06:20:00,35.92,35.92,35.89,35.91,20872
4196,2023-10-02 06:15:00,35.82,35.92,35.79,35.92,34134
4197,2023-10-02 06:10:00,35.88,35.89,35.73,35.8,53410
4198,2023-10-02 06:05:00,35.87,35.91,35.85,35.88,36360
4199,2023-10-02 06:00:00,35.86,35.89,35.84,35.85,31704
4200,2023-10-02 05:55:00,35.86,35.89,35.82,35.86,76041
4201,2023-10-02 05:50:00,35.95,35.98,35.83,35.86,140692
4202,2023-10-02 05:45:00,36.19,36.19,35.91,35.95,138058
4203,2023-10-02 05:40:00,36.22,36.22,36.18,36.19,37031
4204,2023-10-02 05:35:00,36.2,36.22,36.18,36.21,67759
4205,2023-10-02 05:30:00,36.19,36.23,36.18,36.2,14178
4206,2023-10-02 05:25:00,36.25,36.26,36.16,36.19,41815
4207,2023-10-02 05:20:00,36.22,36.29,36.22,36.25,16278
4208,2023-10-02 05:15:00,36.26,36.26,36.2,36.21,12048
4209,2023-10-02 05:10:00,36.2,36.27,36.2,36.27,19212
4210,2023-10-02 05:05:00,36.24,36.25,36.16,36.2,34113
4211,2023-10-02 05:00:00,36.32,36.33,36.24,36.25,36769
4212,2023-10-02 04:55:00,36.38,36.39,36.33,36.33,38307
4213,2023-10-02 04:50:00,36.46,36.46,36.38,36.38,4962
4214,2023-10-02 04:45:00,36.47,36.48,36.42,36.46,16042
4215,2023-10-02 04:40:00,36.47,36.53,36.46,36.48,12659
4216,2023-10-02 04:35:00,36.43,36.5,36.43,36.47,17892
4217,2023-10-02 04:30:00,36.43,36.44,36.39,36.43,8556
4218,2023-10-02 04:25:00,36.42,36.45,36.38,36.43,14532
4219,2023-10-02 04:20:00,36.36,36.41,36.34,36.4,20714
4220,2023-10-02 04:15:00,36.44,36.44,36.36,36.36,34096
4221,2023-10-02 04:10:00,36.47,36.48,36.43,36.43,75539
4222,2023-10-02 04:05:00,36.56,36.57,36.46,36.47,92278
4223,2023-10-02 04:00:00,36.5,37.41,36.31,36.55,74971
