,timestamp,open,high,low,close,volume
0,2023-08-31 19:55:00,42.243,42.263,42.225,42.245,20554
1,2023-08-31 19:50:00,42.243,42.253,42.225,42.235,9532
2,2023-08-31 19:45:00,42.263,42.263,42.205,42.235,6183
3,2023-08-31 19:40:00,42.253,42.263,42.235,42.255,3527
4,2023-08-31 19:35:00,42.253,42.263,42.225,42.235,2513
5,2023-08-31 19:30:00,42.223,42.273,42.215,42.255,22837
6,2023-08-31 19:25:00,42.203,42.213,42.195,42.205,8566
7,2023-08-31 19:20:00,42.213,42.213,42.195,42.195,4000
8,2023-08-31 19:15:00,42.218,42.233,42.195,42.205,5767
9,2023-08-31 19:10:00,42.223,42.233,42.205,42.215,5842
10,2023-08-31 19:05:00,42.183,42.223,42.175,42.205,5332
11,2023-08-31 19:00:00,42.213,42.213,42.175,42.175,2177
12,2023-08-31 18:55:00,42.193,42.223,42.165,42.205,10243
13,2023-08-31 18:50:00,42.183,42.213,42.175,42.185,13233
14,2023-08-31 18:45:00,42.183,42.203,42.155,42.175,26468
15,2023-08-31 18:40:00,42.223,42.223,42.175,42.175,5921
16,2023-08-31 18:35:00,42.213,42.233,42.195,42.214,5437
17,2023-08-31 18:30:00,42.203,42.233,42.195,42.195,8597
18,2023-08-31 18:25:00,42.203,42.223,42.195,42.205,4596
19,2023-08-31 18:20:00,42.203,42.223,42.195,42.205,7560
20,2023-08-31 18:15:00,42.163,42.213,42.155,42.195,8018
21,2023-08-31 18:10:00,42.163,42.181,42.155,42.165,6474
22,2023-08-31 18:05:00,42.203,42.203,42.135,42.155,30959
23,2023-08-31 18:00:00,42.193,42.253,42.175,42.175,31842
24,2023-08-31 17:55:00,42.183,42.193,42.175,42.185,12977
25,2023-08-31 17:50:00,42.184,42.193,42.175,42.175,4660
26,2023-08-31 17:45:00,42.203,42.223,42.175,42.175,10049
27,2023-08-31 17:40:00,42.203,42.223,42.175,42.205,16028
28,2023-08-31 17:35:00,42.223,42.233,42.195,42.205,8700
29,2023-08-31 17:30:00,42.233,42.253,42.205,42.215,5092
30,2023-08-31 17:25:00,42.253,42.263,42.225,42.225,7765
31,2023-08-31 17:20:00,42.263,42.263,42.245,42.245,6379
32,2023-08-31 17:15:00,42.253,42.263,42.245,42.245,16093
33,2023-08-31 17:10:00,42.253,42.263,42.245,42.245,4506
34,2023-08-31 17:05:00,42.253,42.263,42.245,42.245,9049
35,2023-08-31 17:00:00,42.263,42.283,42.245,42.245,24585
36,2023-08-31 16:55:00,42.263,42.283,42.245,42.255,16630
37,2023-08-31 16:50:00,42.283,42.293,42.255,42.265,10684
38,2023-08-31 16:45:00,42.293,42.303,42.245,42.275,13249
39,2023-08-31 16:40:00,42.283,42.303,42.265,42.285,13355
40,2023-08-31 16:35:00,42.293,42.293,42.255,42.275,27308
41,2023-08-31 16:30:00,42.303,42.313,42.265,42.285,14256
42,2023-08-31 16:25:00,42.322,42.343,42.294,42.295,19219
43,2023-08-31 16:20:00,42.303,42.343,42.284,42.325,30245
44,2023-08-31 16:15:00,42.293,42.353,42.215,42.305,87165
45,2023-08-31 16:10:00,42.342,42.373,42.314,42.335,116863
46,2023-08-31 16:05:00,42.312,42.353,42.265,42.335,162403
47,2023-08-31 16:00:00,42.223,42.333,42.215,42.295,1603652
48,2023-08-31 15:55:00,42.432,42.433,42.205,42.215,2853102
49,2023-08-31 15:50:00,42.597,42.642,42.395,42.424,1813230
50,2023-08-31 15:45:00,42.671,42.722,42.583,42.593,800585
51,2023-08-31 15:40:00,42.582,42.672,42.554,42.653,627658
52,2023-08-31 15:35:00,42.57,42.592,42.504,42.577,397400
53,2023-08-31 15:30:00,42.537,42.632,42.524,42.564,484708
54,2023-08-31 15:25:00,42.527,42.592,42.474,42.525,449692
55,2023-08-31 15:20:00,42.577,42.627,42.494,42.524,716603
56,2023-08-31 15:15:00,42.567,42.602,42.504,42.564,829052
57,2023-08-31 15:10:00,42.547,42.602,42.524,42.554,890519
58,2023-08-31 15:05:00,42.467,42.562,42.414,42.544,819967
59,2023-08-31 15:00:00,42.402,42.522,42.379,42.464,969904
60,2023-08-31 14:55:00,42.417,42.433,42.354,42.399,356300
61,2023-08-31 14:50:00,42.422,42.452,42.364,42.409,436801
62,2023-08-31 14:45:00,42.412,42.482,42.374,42.424,589824
63,2023-08-31 14:40:00,42.522,42.552,42.368,42.409,743135
64,2023-08-31 14:35:00,42.595,42.597,42.484,42.512,637477
65,2023-08-31 14:30:00,42.651,42.672,42.563,42.594,631341
66,2023-08-31 14:25:00,42.716,42.741,42.623,42.633,564522
67,2023-08-31 14:20:00,42.641,42.732,42.593,42.711,664237
68,2023-08-31 14:15:00,42.616,42.692,42.593,42.623,783304
69,2023-08-31 14:10:00,42.572,42.622,42.563,42.609,376411
70,2023-08-31 14:05:00,42.531,42.641,42.514,42.574,948689
71,2023-08-31 14:00:00,42.422,42.542,42.398,42.519,639730
72,2023-08-31 13:55:00,42.367,42.433,42.35,42.414,488274
73,2023-08-31 13:50:00,42.382,42.413,42.284,42.364,627334
74,2023-08-31 13:45:00,42.538,42.538,42.344,42.384,768632
75,2023-08-31 13:40:00,42.502,42.542,42.454,42.529,395542
76,2023-08-31 13:35:00,42.532,42.552,42.434,42.494,642968
77,2023-08-31 13:30:00,42.532,42.572,42.494,42.514,450489
78,2023-08-31 13:25:00,42.482,42.552,42.454,42.519,733984
79,2023-08-31 13:20:00,42.442,42.502,42.374,42.469,924859
80,2023-08-31 13:15:00,42.342,42.443,42.334,42.434,625022
81,2023-08-31 13:10:00,42.308,42.373,42.294,42.339,662007
82,2023-08-31 13:05:00,42.213,42.323,42.2,42.3,872360
83,2023-08-31 13:00:00,42.192,42.213,42.115,42.2,551485
84,2023-08-31 12:55:00,42.083,42.199,42.065,42.18,621064
85,2023-08-31 12:50:00,41.944,42.094,41.936,42.07,830224
86,2023-08-31 12:45:00,42.163,42.163,41.906,41.941,1534359
87,2023-08-31 12:40:00,42.273,42.313,42.125,42.155,515144
88,2023-08-31 12:35:00,42.225,42.293,42.155,42.265,482248
89,2023-08-31 12:30:00,42.243,42.313,42.19,42.225,581268
90,2023-08-31 12:25:00,42.162,42.253,42.135,42.24,575789
91,2023-08-31 12:20:00,42.322,42.368,42.105,42.149,1277682
92,2023-08-31 12:15:00,42.527,42.532,42.265,42.315,943790
93,2023-08-31 12:10:00,42.591,42.632,42.454,42.519,820508
94,2023-08-31 12:05:00,42.438,42.592,42.424,42.574,718383
95,2023-08-31 12:00:00,42.492,42.498,42.324,42.432,703280
96,2023-08-31 11:55:00,42.512,42.517,42.419,42.484,433847
97,2023-08-31 11:50:00,42.442,42.559,42.424,42.504,509953
98,2023-08-31 11:45:00,42.447,42.522,42.394,42.434,538306
99,2023-08-31 11:40:00,42.452,42.512,42.414,42.434,505483
100,2023-08-31 11:35:00,42.322,42.481,42.284,42.439,883939
101,2023-08-31 11:30:00,42.502,42.572,42.309,42.325,980213
102,2023-08-31 11:25:00,42.412,42.547,42.304,42.502,1029336
103,2023-08-31 11:20:00,42.562,42.572,42.354,42.419,816525
104,2023-08-31 11:15:00,42.612,42.622,42.534,42.554,534322
105,2023-08-31 11:10:00,42.601,42.702,42.554,42.609,957701
106,2023-08-31 11:05:00,42.592,42.612,42.434,42.598,758705
107,2023-08-31 11:00:00,42.64,42.641,42.474,42.589,790881
108,2023-08-31 10:55:00,42.537,42.652,42.444,42.628,950825
109,2023-08-31 10:50:00,42.593,42.622,42.364,42.529,1726638
110,2023-08-31 10:45:00,42.683,42.722,42.554,42.589,1329829
111,2023-08-31 10:40:00,42.821,42.822,42.673,42.678,977866
112,2023-08-31 10:35:00,42.791,42.831,42.723,42.813,1059192
113,2023-08-31 10:30:00,42.731,42.811,42.653,42.79,1217100
114,2023-08-31 10:25:00,42.572,42.732,42.524,42.72,1060070
115,2023-08-31 10:20:00,42.67,42.722,42.504,42.564,1516316
116,2023-08-31 10:15:00,42.631,42.682,42.534,42.663,1226952
117,2023-08-31 10:10:00,42.464,42.641,42.315,42.63,1356840
118,2023-08-31 10:05:00,42.447,42.482,42.27,42.46,1262903
119,2023-08-31 10:00:00,42.512,42.582,42.404,42.434,1511466
120,2023-08-31 09:55:00,42.352,42.522,42.289,42.504,1491955
121,2023-08-31 09:50:00,42.222,42.452,42.1,42.339,1860697
122,2023-08-31 09:45:00,42.233,42.482,42.045,42.195,2529465
123,2023-08-31 09:40:00,42.332,42.393,42.105,42.215,1549457
124,2023-08-31 09:35:00,42.098,42.393,42.065,42.321,2428429
125,2023-08-31 09:30:00,41.894,42.407,41.866,42.09,4039906
126,2023-08-31 09:25:00,41.854,41.894,41.816,41.886,215053
127,2023-08-31 09:20:00,41.834,41.867,41.796,41.846,234202
128,2023-08-31 09:15:00,41.874,41.894,41.816,41.826,170400
129,2023-08-31 09:10:00,41.874,41.904,41.786,41.866,163040
130,2023-08-31 09:05:00,41.924,41.924,41.826,41.876,247810
131,2023-08-31 09:00:00,42.023,42.034,41.896,41.916,177296
132,2023-08-31 08:55:00,42.014,42.044,41.966,42.016,183380
133,2023-08-31 08:50:00,41.964,42.024,41.936,41.996,213363
134,2023-08-31 08:45:00,41.994,42.014,41.906,41.946,220941
135,2023-08-31 08:40:00,42.004,42.054,41.946,41.986,250773
136,2023-08-31 08:35:00,42.153,42.183,41.976,41.996,410672
137,2023-08-31 08:30:00,42.167,42.315,41.936,42.145,657971
138,2023-08-31 08:25:00,42.183,42.223,42.155,42.185,158021
139,2023-08-31 08:20:00,42.231,42.233,42.155,42.185,124476
140,2023-08-31 08:15:00,42.183,42.248,42.155,42.215,123102
141,2023-08-31 08:10:00,42.113,42.183,42.095,42.173,87211
142,2023-08-31 08:05:00,42.133,42.144,42.085,42.115,57287
143,2023-08-31 08:00:00,41.824,42.203,41.675,42.135,470500
144,2023-08-31 07:55:00,42.173,42.173,42.115,42.125,47782
145,2023-08-31 07:50:00,42.193,42.193,42.155,42.155,35147
146,2023-08-31 07:45:00,42.173,42.203,42.125,42.185,50200
147,2023-08-31 07:40:00,42.093,42.173,42.065,42.155,69655
148,2023-08-31 07:35:00,42.083,42.104,42.045,42.085,48893
149,2023-08-31 07:30:00,41.984,42.094,41.966,42.075,36425
150,2023-08-31 07:25:00,41.954,41.999,41.936,41.966,44294
151,2023-08-31 07:20:00,41.924,41.984,41.916,41.946,21935
152,2023-08-31 07:15:00,41.884,41.944,41.876,41.926,44595
153,2023-08-31 07:10:00,41.844,41.904,41.836,41.876,32440
154,2023-08-31 07:05:00,41.794,41.845,41.746,41.836,10592
155,2023-08-31 07:00:00,41.824,41.845,41.756,41.767,55554
156,2023-08-31 06:55:00,41.844,41.874,41.806,41.806,3554
157,2023-08-31 06:50:00,41.844,41.855,41.806,41.826,1380
158,2023-08-31 06:45:00,41.834,41.855,41.806,41.836,2977
159,2023-08-31 06:40:00,41.864,41.884,41.816,41.826,31337
160,2023-08-31 06:35:00,41.884,41.884,41.846,41.856,13071
161,2023-08-31 06:30:00,41.874,41.884,41.836,41.876,5257
162,2023-08-31 06:25:00,41.854,41.894,41.846,41.866,4300
163,2023-08-31 06:20:00,41.834,41.865,41.826,41.836,6437
164,2023-08-31 06:15:00,41.814,41.845,41.806,41.816,8162
165,2023-08-31 06:10:00,41.784,41.825,41.766,41.806,9509
166,2023-08-31 06:05:00,41.804,41.805,41.776,41.787,3543
167,2023-08-31 06:00:00,41.705,41.805,41.687,41.796,10426
168,2023-08-31 05:55:00,41.705,41.715,41.637,41.687,13564
169,2023-08-31 05:50:00,41.764,41.765,41.697,41.697,12039
170,2023-08-31 05:45:00,41.774,41.805,41.737,41.767,5903
171,2023-08-31 05:40:00,41.744,41.815,41.737,41.767,10422
172,2023-08-31 05:35:00,41.764,41.765,41.727,41.737,8166
173,2023-08-31 05:30:00,41.754,41.785,41.746,41.757,15492
174,2023-08-31 05:25:00,41.744,41.775,41.737,41.747,8404
175,2023-08-31 05:20:00,41.774,41.785,41.697,41.737,15306
176,2023-08-31 05:15:00,41.764,41.785,41.637,41.757,35851
177,2023-08-31 05:10:00,41.754,41.815,41.667,41.757,57959
178,2023-08-31 05:05:00,41.914,41.924,41.727,41.747,35925
179,2023-08-31 05:00:00,42.023,42.024,41.846,41.876,17957
180,2023-08-31 04:55:00,41.994,42.014,41.986,42.006,4751
181,2023-08-31 04:50:00,41.984,41.994,41.966,41.986,1971
182,2023-08-31 04:45:00,41.994,42.024,41.986,41.986,3835
183,2023-08-31 04:40:00,42.004,42.014,41.966,41.986,2910
184,2023-08-31 04:35:00,42.004,42.014,41.946,41.996,13515
185,2023-08-31 04:30:00,42.023,42.054,41.996,41.996,7671
186,2023-08-31 04:25:00,42.014,42.034,41.986,42.016,11871
187,2023-08-31 04:20:00,42.023,42.034,41.976,41.996,20709
188,2023-08-31 04:15:00,42.093,42.094,41.986,42.016,21157
189,2023-08-31 04:10:00,42.023,42.094,42.015,42.085,33255
190,2023-08-31 04:05:00,42.014,42.044,41.976,42.026,14463
191,2023-08-31 04:00:00,42.053,42.074,41.926,41.996,98089
192,2023-08-30 19:55:00,41.944,41.954,41.926,41.926,13167
193,2023-08-30 19:50:00,41.954,41.954,41.916,41.936,16252
194,2023-08-30 19:45:00,41.954,41.984,41.936,41.956,10163
195,2023-08-30 19:40:00,41.974,41.984,41.946,41.946,8370
196,2023-08-30 19:35:00,41.984,41.994,41.956,41.966,13408
197,2023-08-30 19:30:00,41.984,41.984,41.956,41.976,1997
198,2023-08-30 19:25:00,41.974,41.994,41.966,41.986,7921
199,2023-08-30 19:20:00,41.974,41.994,41.966,41.971,8000
200,2023-08-30 19:15:00,41.984,41.984,41.966,41.976,7357
201,2023-08-30 19:10:00,41.984,41.994,41.966,41.966,5486
202,2023-08-30 19:05:00,41.984,41.994,41.966,41.977,5218
203,2023-08-30 19:00:00,41.974,41.994,41.956,41.986,6669
204,2023-08-30 18:55:00,41.994,41.994,41.956,41.966,13851
205,2023-08-30 18:50:00,41.994,42.004,41.976,41.986,3194
206,2023-08-30 18:45:00,42.004,42.004,41.976,41.976,7595
207,2023-08-30 18:40:00,41.994,42.014,41.976,41.991,8556
208,2023-08-30 18:35:00,41.984,42.014,41.966,41.996,17715
209,2023-08-30 18:30:00,41.974,41.994,41.966,41.976,3792
210,2023-08-30 18:25:00,41.984,41.994,41.966,41.971,5686
211,2023-08-30 18:20:00,41.984,41.994,41.976,41.976,3599
212,2023-08-30 18:15:00,41.974,41.994,41.956,41.976,7551
213,2023-08-30 18:10:00,41.994,42.004,41.966,41.966,5730
214,2023-08-30 18:05:00,41.974,41.994,41.956,41.986,5214
215,2023-08-30 18:00:00,41.974,42.024,41.966,41.966,24280
216,2023-08-30 17:55:00,41.964,41.994,41.946,41.966,22809
217,2023-08-30 17:50:00,41.944,41.974,41.936,41.946,34118
218,2023-08-30 17:45:00,41.949,41.954,41.936,41.937,7357
219,2023-08-30 17:40:00,41.944,41.954,41.926,41.936,4983
220,2023-08-30 17:35:00,41.924,41.954,41.906,41.941,21378
221,2023-08-30 17:30:00,41.964,41.964,41.906,41.911,37316
222,2023-08-30 17:25:00,41.974,41.984,41.956,41.965,9513
223,2023-08-30 17:20:00,42.004,42.004,41.966,41.976,13315
224,2023-08-30 17:15:00,41.999,42.004,41.986,41.996,8781
225,2023-08-30 17:10:00,41.994,42.004,41.986,41.996,5720
226,2023-08-30 17:05:00,41.994,42.014,41.976,41.996,7148
227,2023-08-30 17:00:00,42.014,42.014,41.986,41.986,9577
228,2023-08-30 16:55:00,42.004,42.024,41.996,42.006,41895
229,2023-08-30 16:50:00,42.004,42.014,41.976,41.996,46400
230,2023-08-30 16:45:00,41.994,42.004,41.976,41.986,31497
231,2023-08-30 16:40:00,42.033,42.034,41.986,41.996,33407
232,2023-08-30 16:35:00,42.033,42.034,42.006,42.026,36871
233,2023-08-30 16:30:00,42.014,42.034,42.006,42.026,67644
234,2023-08-30 16:25:00,42.014,42.024,41.996,42.016,71899
235,2023-08-30 16:20:00,41.994,42.014,41.986,41.996,57161
236,2023-08-30 16:15:00,41.914,42.014,41.906,41.986,90492
237,2023-08-30 16:10:00,41.974,42.004,41.936,41.986,96605
238,2023-08-30 16:05:00,41.904,41.974,41.866,41.966,233225
239,2023-08-30 16:00:00,41.944,41.974,41.866,41.896,630664
240,2023-08-30 15:55:00,41.814,41.984,41.786,41.936,1555957
241,2023-08-30 15:50:00,41.894,41.924,41.766,41.806,1275519
242,2023-08-30 15:45:00,41.889,42.024,41.866,41.877,718456
243,2023-08-30 15:40:00,41.939,41.961,41.846,41.885,553329
244,2023-08-30 15:35:00,41.898,42.009,41.886,41.933,787417
245,2023-08-30 15:30:00,41.904,41.944,41.826,41.891,486506
246,2023-08-30 15:25:00,41.949,41.954,41.86,41.896,486759
247,2023-08-30 15:20:00,41.994,42.004,41.84,41.94,794490
248,2023-08-30 15:15:00,42.025,42.034,41.926,41.986,579662
249,2023-08-30 15:10:00,42.009,42.074,41.961,42.026,601264
250,2023-08-30 15:05:00,42.083,42.104,41.986,42.001,950545
251,2023-08-30 15:00:00,42.014,42.104,41.976,42.075,1139517
252,2023-08-30 14:55:00,41.952,42.033,41.934,41.998,468330
253,2023-08-30 14:50:00,41.933,42.004,41.911,41.942,459345
254,2023-08-30 14:45:00,41.994,42.044,41.896,41.916,958056
255,2023-08-30 14:40:00,41.814,42.014,41.806,41.981,1318106
256,2023-08-30 14:35:00,41.771,41.865,41.722,41.811,836668
257,2023-08-30 14:30:00,41.609,41.775,41.587,41.764,880919
258,2023-08-30 14:25:00,41.705,41.715,41.547,41.607,843999
259,2023-08-30 14:20:00,41.744,41.785,41.667,41.707,458168
260,2023-08-30 14:15:00,41.764,41.815,41.627,41.732,917208
261,2023-08-30 14:10:00,41.635,41.77,41.537,41.762,838456
262,2023-08-30 14:05:00,41.764,41.775,41.582,41.632,1152677
263,2023-08-30 14:00:00,41.824,41.845,41.687,41.747,703308
264,2023-08-30 13:55:00,41.789,41.835,41.667,41.811,1016268
265,2023-08-30 13:50:00,41.954,41.964,41.756,41.782,1251027
266,2023-08-30 13:45:00,42.009,42.04,41.916,41.946,664882
267,2023-08-30 13:40:00,42.043,42.049,41.986,41.999,400369
268,2023-08-30 13:35:00,42.048,42.079,41.97,42.036,402865
269,2023-08-30 13:30:00,41.918,42.064,41.905,42.045,532744
270,2023-08-30 13:25:00,41.954,42.024,41.886,41.908,473276
271,2023-08-30 13:20:00,41.999,42.034,41.946,41.946,330326
272,2023-08-30 13:15:00,42.023,42.03,41.916,41.986,512504
273,2023-08-30 13:10:00,41.964,42.064,41.946,42.015,530287
274,2023-08-30 13:05:00,41.984,41.994,41.906,41.951,393418
275,2023-08-30 13:00:00,42.028,42.034,41.926,41.977,408504
276,2023-08-30 12:55:00,41.907,42.034,41.886,42.021,529746
277,2023-08-30 12:50:00,42.043,42.054,41.886,41.896,479713
278,2023-08-30 12:45:00,42.074,42.134,42.006,42.035,631598
279,2023-08-30 12:40:00,41.974,42.089,41.956,42.066,566866
280,2023-08-30 12:35:00,42.103,42.114,41.876,41.966,1049634
281,2023-08-30 12:30:00,42.033,42.134,42.006,42.095,536766
282,2023-08-30 12:25:00,42.004,42.04,41.98,42.026,408835
283,2023-08-30 12:20:00,42.053,42.084,41.976,42.0,535623
284,2023-08-30 12:15:00,41.944,42.094,41.916,42.044,1492808
285,2023-08-30 12:10:00,41.995,42.004,41.876,41.936,489435
286,2023-08-30 12:05:00,41.914,42.004,41.886,41.991,670313
287,2023-08-30 12:00:00,41.914,41.964,41.836,41.901,712496
288,2023-08-30 11:55:00,41.804,41.919,41.761,41.911,606513
289,2023-08-30 11:50:00,41.837,41.852,41.717,41.806,945003
290,2023-08-30 11:45:00,41.874,41.894,41.821,41.831,553283
291,2023-08-30 11:40:00,41.884,41.934,41.836,41.856,706591
292,2023-08-30 11:35:00,41.705,41.934,41.696,41.876,1341652
293,2023-08-30 11:30:00,41.655,41.735,41.617,41.688,715644
294,2023-08-30 11:25:00,41.675,41.675,41.517,41.642,986857
295,2023-08-30 11:20:00,41.744,41.765,41.627,41.677,689044
296,2023-08-30 11:15:00,41.67,41.765,41.597,41.731,822807
297,2023-08-30 11:10:00,41.655,41.745,41.617,41.667,652790
298,2023-08-30 11:05:00,41.495,41.725,41.487,41.637,1035087
299,2023-08-30 11:00:00,41.735,41.755,41.408,41.497,1528989
300,2023-08-30 10:55:00,41.609,41.785,41.527,41.733,1617029
301,2023-08-30 10:50:00,41.427,41.615,41.358,41.601,1159591
302,2023-08-30 10:45:00,41.515,41.574,41.378,41.423,988856
303,2023-08-30 10:40:00,41.56,41.625,41.418,41.511,1184786
304,2023-08-30 10:35:00,41.524,41.605,41.378,41.557,2769489
305,2023-08-30 10:30:00,41.201,41.536,41.169,41.515,3100783
306,2023-08-30 10:25:00,41.246,41.262,40.929,41.189,4108329
307,2023-08-30 10:20:00,41.625,41.635,41.208,41.239,3057326
308,2023-08-30 10:15:00,41.994,42.013,41.567,41.611,2037628
309,2023-08-30 10:10:00,41.774,42.014,41.756,41.989,1760310
310,2023-08-30 10:05:00,41.744,41.86,41.72,41.772,1964067
311,2023-08-30 10:00:00,41.67,41.84,41.632,41.737,2596673
312,2023-08-30 09:55:00,41.66,41.755,41.562,41.662,2379280
313,2023-08-30 09:50:00,41.251,41.675,41.238,41.655,3196512
314,2023-08-30 09:45:00,41.236,41.376,41.109,41.239,2158538
315,2023-08-30 09:40:00,41.339,41.396,41.109,41.224,1713998
316,2023-08-30 09:35:00,41.458,41.526,41.029,41.333,2534990
317,2023-08-30 09:30:00,41.286,41.516,41.248,41.456,3220022
318,2023-08-30 09:25:00,41.216,41.306,41.203,41.288,92131
319,2023-08-30 09:20:00,41.236,41.267,41.198,41.209,138891
320,2023-08-30 09:15:00,41.286,41.316,41.198,41.229,145260
321,2023-08-30 09:10:00,41.306,41.316,41.248,41.288,92389
322,2023-08-30 09:05:00,41.306,41.376,41.258,41.298,146819
323,2023-08-30 09:00:00,41.376,41.376,41.208,41.298,254859
324,2023-08-30 08:55:00,41.276,41.396,41.258,41.368,114154
325,2023-08-30 08:50:00,41.306,41.346,41.238,41.278,116729
326,2023-08-30 08:45:00,41.346,41.396,39.42,41.298,100044
327,2023-08-30 08:40:00,41.321,41.406,41.258,41.338,155490
328,2023-08-30 08:35:00,41.495,41.506,41.268,41.318,230104
329,2023-08-30 08:30:00,41.366,41.566,41.318,41.478,448833
330,2023-08-30 08:25:00,41.296,41.416,41.288,41.352,116129
331,2023-08-30 08:20:00,41.386,41.386,41.258,41.298,160534
332,2023-08-30 08:15:00,41.196,41.396,41.164,41.368,350987
333,2023-08-30 08:10:00,41.186,41.227,41.149,41.149,51992
334,2023-08-30 08:05:00,41.156,41.197,41.139,41.179,81015
335,2023-08-30 08:00:00,41.107,41.595,40.832,41.147,384267
336,2023-08-30 07:55:00,41.186,41.207,41.099,41.099,28617
337,2023-08-30 07:50:00,41.157,41.197,41.139,41.179,16348
338,2023-08-30 07:45:00,41.087,41.157,41.069,41.149,16749
339,2023-08-30 07:40:00,41.097,41.127,41.069,41.089,10240
340,2023-08-30 07:35:00,41.117,41.137,41.039,41.089,30006
341,2023-08-30 07:30:00,41.147,41.147,41.059,41.109,45596
342,2023-08-30 07:25:00,41.107,41.167,41.069,41.149,40461
343,2023-08-30 07:20:00,41.027,41.127,40.999,41.089,51584
344,2023-08-30 07:15:00,41.077,41.087,40.999,41.019,20599
345,2023-08-30 07:10:00,41.067,41.077,41.039,41.069,20595
346,2023-08-30 07:05:00,41.027,41.067,40.999,41.049,96428
347,2023-08-30 07:00:00,41.107,41.127,41.009,41.019,93611
348,2023-08-30 06:55:00,41.087,41.127,41.069,41.109,9422
349,2023-08-30 06:50:00,41.077,41.107,41.069,41.079,5393
350,2023-08-30 06:45:00,41.117,41.117,41.059,41.069,11897
351,2023-08-30 06:40:00,41.067,41.147,41.059,41.119,41267
352,2023-08-30 06:35:00,41.057,41.067,41.029,41.049,6207
353,2023-08-30 06:30:00,41.057,41.087,41.029,41.049,12632
354,2023-08-30 06:25:00,41.037,41.057,40.999,41.039,17450
355,2023-08-30 06:20:00,41.017,41.057,41.009,41.019,13241
356,2023-08-30 06:15:00,41.007,41.017,40.979,41.009,43710
357,2023-08-30 06:10:00,40.987,41.017,40.959,40.999,22349
358,2023-08-30 06:05:00,40.987,40.988,40.929,40.97,13601
359,2023-08-30 06:00:00,40.947,40.988,40.92,40.97,9080
360,2023-08-30 05:55:00,40.957,40.978,40.92,40.94,13302
361,2023-08-30 05:50:00,40.907,40.988,40.9,40.95,18797
362,2023-08-30 05:45:00,40.877,40.918,40.86,40.9,17814
363,2023-08-30 05:40:00,40.897,40.898,40.85,40.87,7090
364,2023-08-30 05:35:00,40.868,40.908,40.84,40.89,16061
365,2023-08-30 05:30:00,40.947,40.948,40.85,40.86,15792
366,2023-08-30 05:25:00,40.947,40.958,40.88,40.94,8312
367,2023-08-30 05:20:00,40.897,40.978,40.89,40.94,16928
368,2023-08-30 05:15:00,40.887,40.908,40.87,40.89,28023
369,2023-08-30 05:10:00,40.907,40.918,40.87,40.88,25852
370,2023-08-30 05:05:00,40.957,40.968,40.89,40.9,18718
371,2023-08-30 05:00:00,40.967,40.998,40.949,40.95,8537
372,2023-08-30 04:55:00,40.987,41.017,40.959,40.97,68359
373,2023-08-30 04:50:00,41.027,41.027,40.959,40.979,20790
374,2023-08-30 04:45:00,41.017,41.037,40.989,41.019,17374
375,2023-08-30 04:40:00,41.017,41.047,40.999,41.019,11312
376,2023-08-30 04:35:00,41.047,41.057,41.009,41.009,11837
377,2023-08-30 04:30:00,40.977,41.047,40.959,41.039,36388
378,2023-08-30 04:25:00,41.037,41.057,40.969,40.97,50444
379,2023-08-30 04:20:00,41.087,41.107,41.019,41.029,25674
380,2023-08-30 04:15:00,41.117,41.137,41.059,41.079,33735
381,2023-08-30 04:10:00,41.107,41.127,41.029,41.109,56274
382,2023-08-30 04:05:00,41.157,41.157,41.069,41.099,28982
383,2023-08-30 04:00:00,41.226,41.376,41.139,41.139,73269
384,2023-08-29 19:55:00,41.406,41.426,41.388,41.408,43491
385,2023-08-29 19:50:00,41.416,41.416,41.368,41.398,38811
386,2023-08-29 19:45:00,41.426,41.436,41.398,41.408,10612
387,2023-08-29 19:40:00,41.406,41.436,41.388,41.418,18458
388,2023-08-29 19:35:00,41.406,41.416,41.388,41.398,28045
389,2023-08-29 19:30:00,41.396,41.416,41.388,41.398,4071
390,2023-08-29 19:25:00,41.406,41.416,41.388,41.396,10203
391,2023-08-29 19:20:00,41.406,41.416,41.388,41.398,16918
392,2023-08-29 19:15:00,41.416,41.426,41.378,41.398,18875
393,2023-08-29 19:10:00,41.436,41.446,41.408,41.408,9482
394,2023-08-29 19:05:00,41.436,41.446,41.418,41.428,17932
395,2023-08-29 19:00:00,41.396,41.426,41.388,41.418,10427
396,2023-08-29 18:55:00,41.396,41.406,41.378,41.388,8725
397,2023-08-29 18:50:00,41.406,41.416,41.388,41.398,12467
398,2023-08-29 18:45:00,41.396,41.426,41.388,41.398,7072
399,2023-08-29 18:40:00,41.446,41.446,41.388,41.388,19540
400,2023-08-29 18:35:00,41.431,41.456,41.418,41.428,34959
401,2023-08-29 18:30:00,41.446,41.446,41.418,41.428,12964
402,2023-08-29 18:25:00,41.446,41.446,41.418,41.428,17158
403,2023-08-29 18:20:00,41.406,41.446,41.398,41.428,10853
404,2023-08-29 18:15:00,41.396,41.416,41.378,41.408,6455
405,2023-08-29 18:10:00,41.446,41.446,41.388,41.388,5232
406,2023-08-29 18:05:00,41.396,41.456,41.378,41.438,26474
407,2023-08-29 18:00:00,41.336,41.416,41.308,41.398,123971
408,2023-08-29 17:55:00,41.336,41.346,41.318,41.328,15257
409,2023-08-29 17:50:00,41.336,41.346,41.328,41.328,8605
410,2023-08-29 17:45:00,41.326,41.346,41.318,41.328,10594
411,2023-08-29 17:40:00,41.336,41.346,41.318,41.328,10272
412,2023-08-29 17:35:00,41.336,41.346,41.328,41.328,3813
413,2023-08-29 17:30:00,41.336,41.346,41.319,41.319,4455
414,2023-08-29 17:25:00,41.337,41.356,41.328,41.328,5513
415,2023-08-29 17:20:00,41.345,41.356,41.318,41.328,18905
416,2023-08-29 17:15:00,41.336,41.346,41.328,41.328,15611
417,2023-08-29 17:10:00,41.347,41.348,41.328,41.328,13357
418,2023-08-29 17:05:00,41.346,41.356,41.338,41.34,14163
419,2023-08-29 17:00:00,41.326,41.355,41.308,41.338,21420
420,2023-08-29 16:55:00,41.326,41.336,41.31,41.328,30894
421,2023-08-29 16:50:00,41.326,41.336,41.308,41.318,40360
422,2023-08-29 16:45:00,41.326,41.336,41.308,41.313,32395
423,2023-08-29 16:40:00,41.326,41.336,41.308,41.318,25137
424,2023-08-29 16:35:00,41.326,41.346,41.318,41.328,31808
425,2023-08-29 16:30:00,41.326,41.346,41.309,41.323,65805
426,2023-08-29 16:25:00,41.326,41.336,41.298,41.318,30550
427,2023-08-29 16:20:00,41.336,41.346,41.308,41.319,39804
428,2023-08-29 16:15:00,41.226,41.356,41.218,41.333,82543
429,2023-08-29 16:10:00,41.316,41.356,41.298,41.348,186654
430,2023-08-29 16:05:00,41.276,41.326,41.268,41.308,131915
431,2023-08-29 16:00:00,41.251,41.326,41.218,41.288,1048292
432,2023-08-29 15:55:00,41.191,41.311,41.164,41.239,1664714
433,2023-08-29 15:50:00,41.256,41.272,41.149,41.186,1520666
434,2023-08-29 15:45:00,41.361,41.376,41.189,41.243,1043619
435,2023-08-29 15:40:00,41.266,41.376,41.243,41.348,922724
436,2023-08-29 15:35:00,41.236,41.301,41.219,41.249,536590
437,2023-08-29 15:30:00,41.346,41.356,41.228,41.239,752091
438,2023-08-29 15:25:00,41.306,41.366,41.288,41.338,732992
439,2023-08-29 15:20:00,41.335,41.335,41.242,41.306,732259
440,2023-08-29 15:15:00,41.262,41.356,41.208,41.328,777917
441,2023-08-29 15:10:00,41.182,41.267,41.149,41.253,569861
442,2023-08-29 15:05:00,41.162,41.217,41.129,41.179,688743
443,2023-08-29 15:00:00,41.176,41.187,41.054,41.153,1034213
444,2023-08-29 14:55:00,41.163,41.217,41.079,41.169,875910
445,2023-08-29 14:50:00,41.147,41.207,41.099,41.159,646660
446,2023-08-29 14:45:00,41.177,41.234,41.123,41.139,943913
447,2023-08-29 14:40:00,41.107,41.197,41.079,41.177,382233
448,2023-08-29 14:35:00,41.137,41.227,41.069,41.093,1007192
449,2023-08-29 14:30:00,41.107,41.152,41.069,41.128,521683
450,2023-08-29 14:25:00,41.042,41.157,41.019,41.102,930695
451,2023-08-29 14:20:00,41.067,41.137,41.009,41.032,749667
452,2023-08-29 14:15:00,41.022,41.067,40.989,41.05,316595
453,2023-08-29 14:10:00,41.056,41.117,40.984,41.019,900969
454,2023-08-29 14:05:00,40.967,41.057,40.944,41.044,398389
455,2023-08-29 14:00:00,40.923,40.993,40.884,40.964,619638
456,2023-08-29 13:55:00,40.948,40.968,40.807,40.915,1235713
457,2023-08-29 13:50:00,41.048,41.081,40.89,40.95,1346052
458,2023-08-29 13:45:00,41.042,41.077,40.999,41.049,384654
459,2023-08-29 13:40:00,41.077,41.107,41.004,41.033,533496
460,2023-08-29 13:35:00,41.037,41.137,41.019,41.079,1155687
461,2023-08-29 13:30:00,40.967,41.036,40.95,41.024,331739
462,2023-08-29 13:25:00,41.027,41.032,40.934,40.955,315231
463,2023-08-29 13:20:00,40.917,41.027,40.87,41.017,514935
464,2023-08-29 13:15:00,40.992,40.993,40.9,40.91,375637
465,2023-08-29 13:10:00,41.037,41.039,40.91,40.987,589682
466,2023-08-29 13:05:00,41.007,41.047,40.969,41.019,561303
467,2023-08-29 13:00:00,40.976,41.017,40.88,40.995,627810
468,2023-08-29 12:55:00,40.917,40.998,40.89,40.969,587778
469,2023-08-29 12:50:00,40.868,40.938,40.79,40.905,569043
470,2023-08-29 12:45:00,40.947,40.948,40.84,40.86,556557
471,2023-08-29 12:40:00,40.927,40.978,40.905,40.94,430755
472,2023-08-29 12:35:00,41.043,41.057,40.87,40.925,874057
473,2023-08-29 12:30:00,41.027,41.057,40.949,41.039,529137
474,2023-08-29 12:25:00,40.977,41.072,40.959,41.009,1017637
475,2023-08-29 12:20:00,40.878,40.988,40.865,40.977,756796
476,2023-08-29 12:15:00,40.853,40.906,40.77,40.87,477759
477,2023-08-29 12:10:00,40.917,40.954,40.82,40.845,676612
478,2023-08-29 12:05:00,40.862,40.938,40.78,40.91,1064057
479,2023-08-29 12:00:00,40.892,40.928,40.84,40.86,617025
480,2023-08-29 11:55:00,40.967,40.974,40.85,40.88,882433
481,2023-08-29 11:50:00,40.927,41.017,40.89,40.969,596909
482,2023-08-29 11:45:00,41.017,41.018,40.89,40.92,926391
483,2023-08-29 11:40:00,40.967,41.033,40.949,41.004,1168646
484,2023-08-29 11:35:00,40.858,40.978,40.83,40.95,1404138
485,2023-08-29 11:30:00,40.713,40.858,40.69,40.848,980260
486,2023-08-29 11:25:00,40.748,40.788,40.66,40.702,1280548
487,2023-08-29 11:20:00,40.718,40.758,40.611,40.738,970094
488,2023-08-29 11:15:00,40.658,40.719,40.571,40.701,1283425
489,2023-08-29 11:10:00,40.484,40.689,40.461,40.656,1706270
490,2023-08-29 11:05:00,40.429,40.574,40.362,40.476,1272140
491,2023-08-29 11:00:00,40.389,40.499,40.352,40.412,1053757
492,2023-08-29 10:55:00,40.389,40.41,40.272,40.376,1171389
493,2023-08-29 10:50:00,40.449,40.569,40.375,40.384,1381304
494,2023-08-29 10:45:00,40.409,40.479,40.302,40.451,1755972
495,2023-08-29 10:40:00,40.359,40.449,40.312,40.392,1835336
496,2023-08-29 10:35:00,40.509,40.589,40.332,40.352,3016695
497,2023-08-29 10:30:00,40.3,40.529,40.292,40.507,2229149
498,2023-08-29 10:25:00,40.24,40.35,40.132,40.292,1914986
499,2023-08-29 10:20:00,40.12,40.27,40.068,40.232,2119029
500,2023-08-29 10:15:00,39.941,40.175,39.907,40.113,2607310
501,2023-08-29 10:10:00,39.841,40.0,39.734,39.933,2114892
502,2023-08-29 10:05:00,39.831,39.936,39.794,39.834,2883640
503,2023-08-29 10:00:00,39.273,39.832,39.266,39.815,5618133
504,2023-08-29 09:55:00,39.297,39.353,39.166,39.261,1407234
505,2023-08-29 09:50:00,39.338,39.413,39.216,39.286,1578764
506,2023-08-29 09:45:00,39.054,39.353,39.046,39.336,2793448
507,2023-08-29 09:40:00,38.775,39.104,38.728,39.037,2213921
508,2023-08-29 09:35:00,38.929,38.984,38.738,38.765,1848879
509,2023-08-29 09:30:00,38.665,38.945,38.549,38.927,2227115
510,2023-08-29 09:25:00,38.645,38.656,38.572,38.648,39638
511,2023-08-29 09:20:00,38.645,38.696,38.618,38.648,91017
512,2023-08-29 09:15:00,38.595,38.646,38.528,38.636,91051
513,2023-08-29 09:10:00,38.665,38.666,38.568,38.588,55086
514,2023-08-29 09:05:00,38.576,38.696,38.548,38.658,45950
515,2023-08-29 09:00:00,38.625,38.656,38.568,38.573,33215
516,2023-08-29 08:55:00,38.595,38.646,38.568,38.618,33371
517,2023-08-29 08:50:00,38.605,38.676,38.583,38.593,56312
518,2023-08-29 08:45:00,38.605,38.616,38.528,38.596,63804
519,2023-08-29 08:40:00,38.556,38.606,38.498,38.588,32594
520,2023-08-29 08:35:00,38.556,38.566,38.488,38.538,42575
521,2023-08-29 08:30:00,38.496,38.574,38.449,38.558,105423
522,2023-08-29 08:25:00,38.566,38.596,38.478,38.489,68567
523,2023-08-29 08:20:00,38.645,39.194,38.548,38.568,148635
524,2023-08-29 08:15:00,38.695,38.725,38.628,38.638,33406
525,2023-08-29 08:10:00,38.735,38.745,38.663,38.678,26301
526,2023-08-29 08:05:00,38.675,38.745,38.658,38.718,46640
527,2023-08-29 08:00:00,38.724,39.074,38.608,38.668,235890
528,2023-08-29 07:55:00,38.675,38.676,38.628,38.628,18258
529,2023-08-29 07:50:00,38.665,38.686,38.638,38.678,38159
530,2023-08-29 07:45:00,38.635,38.676,38.608,38.668,16682
531,2023-08-29 07:40:00,38.625,38.656,38.618,38.628,7679
532,2023-08-29 07:35:00,38.725,38.725,38.588,38.618,16380
533,2023-08-29 07:30:00,38.645,38.745,38.638,38.708,19248
534,2023-08-29 07:25:00,38.745,38.755,38.638,38.638,36547
535,2023-08-29 07:20:00,38.745,38.795,38.738,38.738,11312
536,2023-08-29 07:15:00,38.755,38.775,38.718,38.728,8179
537,2023-08-29 07:10:00,38.765,38.805,38.728,38.728,10468
538,2023-08-29 07:05:00,38.715,38.775,38.698,38.768,11203
539,2023-08-29 07:00:00,38.725,38.745,38.688,38.708,56132
540,2023-08-29 06:55:00,38.775,38.795,38.708,38.708,11635
541,2023-08-29 06:50:00,38.785,38.795,38.748,38.768,8319
542,2023-08-29 06:45:00,38.865,38.875,38.767,38.768,12739
543,2023-08-29 06:40:00,38.865,38.895,38.847,38.857,4812
544,2023-08-29 06:35:00,38.874,38.895,38.827,38.857,13294
545,2023-08-29 06:30:00,38.825,38.905,38.817,38.867,5929
546,2023-08-29 06:25:00,38.815,38.845,38.797,38.827,17187
547,2023-08-29 06:20:00,38.755,38.835,38.728,38.817,16344
548,2023-08-29 06:15:00,38.855,38.865,38.748,38.748,20412
549,2023-08-29 06:10:00,38.924,38.935,38.827,38.847,20827
550,2023-08-29 06:05:00,38.884,38.935,38.877,38.917,16630
551,2023-08-29 06:00:00,38.914,38.945,38.877,38.877,12664
552,2023-08-29 05:55:00,38.855,38.915,38.837,38.897,15826
553,2023-08-29 05:50:00,38.815,38.855,38.787,38.847,5798
554,2023-08-29 05:45:00,38.775,38.815,38.767,38.807,7550
555,2023-08-29 05:40:00,38.775,38.785,38.728,38.768,5464
556,2023-08-29 05:35:00,38.725,38.775,38.698,38.768,7667
557,2023-08-29 05:30:00,38.735,38.745,38.698,38.718,6152
558,2023-08-29 05:25:00,38.695,38.735,38.678,38.728,3901
559,2023-08-29 05:20:00,38.665,38.715,38.638,38.668,13154
560,2023-08-29 05:15:00,38.725,38.725,38.638,38.648,17012
561,2023-08-29 05:10:00,38.745,38.755,38.718,38.718,7582
562,2023-08-29 05:05:00,38.665,38.745,38.648,38.728,7020
563,2023-08-29 05:00:00,38.645,38.706,38.598,38.658,24598
564,2023-08-29 04:55:00,38.735,38.825,38.638,38.638,48785
565,2023-08-29 04:50:00,38.795,38.795,38.698,38.728,9899
566,2023-08-29 04:45:00,38.795,38.825,38.777,38.788,6167
567,2023-08-29 04:40:00,38.795,38.825,38.767,38.798,12613
568,2023-08-29 04:35:00,38.745,38.825,38.728,38.788,26815
569,2023-08-29 04:30:00,38.695,38.745,38.678,38.738,7897
570,2023-08-29 04:25:00,38.725,38.735,38.688,38.698,11077
571,2023-08-29 04:20:00,38.685,38.745,38.668,38.728,18856
572,2023-08-29 04:15:00,38.625,38.706,38.618,38.678,8375
573,2023-08-29 04:10:00,38.735,38.735,38.598,38.618,41871
574,2023-08-29 04:05:00,38.745,38.795,38.688,38.738,36046
575,2023-08-29 04:00:00,38.735,38.815,38.708,38.748,57841
576,2023-08-28 19:55:00,38.805,38.815,38.777,38.798,26742
577,2023-08-28 19:50:00,38.815,38.815,38.787,38.798,26519
578,2023-08-28 19:45:00,38.815,38.835,38.807,38.817,8852
579,2023-08-28 19:40:00,38.815,38.825,38.797,38.817,1490
580,2023-08-28 19:35:00,38.825,38.825,38.797,38.807,10483
581,2023-08-28 19:30:00,38.825,38.835,38.798,38.817,10824
582,2023-08-28 19:25:00,38.815,38.825,38.807,38.817,3828
583,2023-08-28 19:20:00,38.815,38.825,38.797,38.817,8391
584,2023-08-28 19:15:00,38.804,38.825,38.787,38.807,3678
585,2023-08-28 19:10:00,38.815,38.835,38.777,38.798,20999
586,2023-08-28 19:05:00,38.825,38.845,38.807,38.808,13018
587,2023-08-28 19:00:00,38.865,38.885,38.817,38.819,22536
588,2023-08-28 18:55:00,38.865,38.895,38.857,38.867,4036
589,2023-08-28 18:50:00,38.874,38.885,38.857,38.857,5412
590,2023-08-28 18:45:00,38.894,38.895,38.867,38.867,10773
591,2023-08-28 18:40:00,38.874,38.895,38.837,38.882,14618
592,2023-08-28 18:35:00,38.874,38.895,38.857,38.877,10741
593,2023-08-28 18:30:00,38.884,38.885,38.857,38.877,3843
594,2023-08-28 18:25:00,38.904,38.905,38.867,38.877,7587
595,2023-08-28 18:20:00,38.914,38.915,38.887,38.887,31829
596,2023-08-28 18:15:00,38.894,38.915,38.877,38.907,46676
597,2023-08-28 18:10:00,38.865,38.915,38.857,38.897,17409
598,2023-08-28 18:05:00,38.904,38.905,38.857,38.857,33153
599,2023-08-28 18:00:00,38.815,38.905,38.807,38.897,29532
600,2023-08-28 17:55:00,38.815,38.825,38.787,38.798,6526
601,2023-08-28 17:50:00,38.785,38.815,38.777,38.807,8960
602,2023-08-28 17:45:00,38.805,38.805,38.777,38.778,434
603,2023-08-28 17:40:00,38.805,38.815,38.777,38.778,4347
604,2023-08-28 17:35:00,38.805,38.815,38.787,38.807,1078
605,2023-08-28 17:30:00,38.824,38.825,38.787,38.798,3641
606,2023-08-28 17:25:00,38.795,38.825,38.787,38.817,7279
607,2023-08-28 17:20:00,38.795,38.805,38.787,38.789,3890
608,2023-08-28 17:15:00,38.805,38.805,38.777,38.788,7988
609,2023-08-28 17:10:00,38.825,38.825,38.787,38.788,7122
610,2023-08-28 17:05:00,38.805,38.825,38.797,38.807,15103
611,2023-08-28 17:00:00,38.815,38.825,38.799,38.799,5161
612,2023-08-28 16:55:00,38.805,38.825,38.797,38.807,44380
613,2023-08-28 16:50:00,38.815,38.815,38.797,38.807,5112
614,2023-08-28 16:45:00,38.795,38.815,38.787,38.798,27036
615,2023-08-28 16:40:00,38.815,38.815,38.787,38.798,22797
616,2023-08-28 16:35:00,38.805,38.825,38.787,38.798,21101
617,2023-08-28 16:30:00,38.815,38.825,38.797,38.798,35979
618,2023-08-28 16:25:00,38.795,38.825,38.787,38.807,25910
619,2023-08-28 16:20:00,38.785,38.805,38.767,38.788,22441
620,2023-08-28 16:15:00,38.755,38.815,38.748,38.778,49610
621,2023-08-28 16:10:00,38.815,38.825,38.787,38.807,49491
622,2023-08-28 16:05:00,38.795,38.825,38.757,38.807,36822
623,2023-08-28 16:00:00,38.76,38.835,38.718,38.817,2697839
624,2023-08-28 15:55:00,38.665,38.82,38.623,38.753,1662891
625,2023-08-28 15:50:00,38.69,38.722,38.608,38.668,1698498
626,2023-08-28 15:45:00,38.625,38.905,38.608,38.688,2397132
627,2023-08-28 15:40:00,38.507,38.634,38.488,38.623,768918
628,2023-08-28 15:35:00,38.496,38.581,38.474,38.499,1009335
629,2023-08-28 15:30:00,38.417,38.521,38.363,38.489,962182
630,2023-08-28 15:25:00,38.366,38.474,38.319,38.412,700156
631,2023-08-28 15:20:00,38.466,38.496,38.29,38.349,1209303
632,2023-08-28 15:15:00,38.506,38.516,38.419,38.453,604766
633,2023-08-28 15:10:00,38.588,38.606,38.459,38.494,809072
634,2023-08-28 15:05:00,38.506,38.606,38.439,38.582,765374
635,2023-08-28 15:00:00,38.451,38.536,38.382,38.499,722123
636,2023-08-28 14:55:00,38.476,38.496,38.359,38.441,762725
637,2023-08-28 14:50:00,38.386,38.466,38.359,38.459,556528
638,2023-08-28 14:45:00,38.365,38.396,38.289,38.385,458367
639,2023-08-28 14:40:00,38.309,38.417,38.279,38.349,673076
640,2023-08-28 14:35:00,38.227,38.417,38.219,38.299,1155449
641,2023-08-28 14:30:00,38.267,38.277,38.15,38.22,428934
642,2023-08-28 14:25:00,38.207,38.287,38.13,38.25,684728
643,2023-08-28 14:20:00,38.137,38.223,38.11,38.2,315779
644,2023-08-28 14:15:00,38.212,38.257,38.11,38.13,627204
645,2023-08-28 14:10:00,38.267,38.292,38.151,38.205,575623
646,2023-08-28 14:05:00,38.206,38.297,38.16,38.269,801121
647,2023-08-28 14:00:00,38.147,38.227,38.12,38.2,974248
648,2023-08-28 13:55:00,38.266,38.266,38.06,38.141,1685876
649,2023-08-28 13:50:00,38.484,38.491,38.239,38.25,1095892
650,2023-08-28 13:45:00,38.486,38.526,38.419,38.479,582952
651,2023-08-28 13:40:00,38.576,38.617,38.469,38.484,593698
652,2023-08-28 13:35:00,38.705,38.706,38.498,38.568,1263581
653,2023-08-28 13:30:00,38.705,38.765,38.692,38.693,505296
654,2023-08-28 13:25:00,38.705,38.735,38.638,38.688,465686
655,2023-08-28 13:20:00,38.645,38.775,38.638,38.698,828074
656,2023-08-28 13:15:00,38.705,38.712,38.608,38.644,937504
657,2023-08-28 13:10:00,38.725,38.765,38.678,38.698,577958
658,2023-08-28 13:05:00,38.724,38.865,38.708,38.723,1777149
659,2023-08-28 13:00:00,38.625,38.765,38.608,38.713,1423479
660,2023-08-28 12:55:00,38.486,38.646,38.469,38.619,974134
661,2023-08-28 12:50:00,38.346,38.516,38.339,38.484,823745
662,2023-08-28 12:45:00,38.361,38.417,38.319,38.33,533699
663,2023-08-28 12:40:00,38.296,38.436,38.249,38.349,923939
664,2023-08-28 12:35:00,38.137,38.317,38.122,38.295,737321
665,2023-08-28 12:30:00,38.112,38.192,38.04,38.13,496364
666,2023-08-28 12:25:00,38.097,38.137,38.02,38.11,490079
667,2023-08-28 12:20:00,38.117,38.137,38.02,38.09,731996
668,2023-08-28 12:15:00,38.197,38.237,38.1,38.12,468388
669,2023-08-28 12:10:00,38.194,38.237,38.105,38.195,657283
670,2023-08-28 12:05:00,38.161,38.217,38.06,38.185,966280
671,2023-08-28 12:00:00,38.188,38.195,38.08,38.15,626187
672,2023-08-28 11:55:00,38.077,38.207,38.06,38.19,721287
673,2023-08-28 11:50:00,38.047,38.104,37.941,38.065,787784
674,2023-08-28 11:45:00,38.087,38.118,37.96,38.04,1045571
675,2023-08-28 11:40:00,38.316,38.347,37.97,38.08,1804379
676,2023-08-28 11:35:00,38.292,38.367,38.259,38.309,885215
677,2023-08-28 11:30:00,38.207,38.327,38.153,38.285,1130422
678,2023-08-28 11:25:00,38.237,38.377,38.15,38.195,1395586
679,2023-08-28 11:20:00,38.217,38.327,38.19,38.22,783597
680,2023-08-28 11:15:00,38.247,38.327,38.16,38.2,598272
681,2023-08-28 11:10:00,38.277,38.294,38.135,38.24,636587
682,2023-08-28 11:05:00,38.287,38.306,38.1,38.264,1065170
683,2023-08-28 11:00:00,38.321,38.357,38.213,38.28,1165631
684,2023-08-28 10:55:00,38.197,38.327,38.14,38.319,1215845
685,2023-08-28 10:50:00,38.316,38.337,38.06,38.18,1744845
686,2023-08-28 10:45:00,38.326,38.436,38.219,38.309,1429998
687,2023-08-28 10:40:00,38.516,38.546,38.269,38.319,1614705
688,2023-08-28 10:35:00,38.755,38.795,38.488,38.515,1383143
689,2023-08-28 10:30:00,38.775,38.805,38.658,38.758,1394819
690,2023-08-28 10:25:00,38.755,38.79,38.668,38.768,1472443
691,2023-08-28 10:20:00,38.49,38.765,38.46,38.748,1435492
692,2023-08-28 10:15:00,38.416,38.666,38.389,38.488,1382841
693,2023-08-28 10:10:00,38.546,38.616,38.349,38.409,1110051
694,2023-08-28 10:05:00,38.526,38.586,38.409,38.538,1064071
695,2023-08-28 10:00:00,38.466,38.601,38.369,38.524,1703823
696,2023-08-28 09:55:00,38.351,38.536,38.304,38.459,1611692
697,2023-08-28 09:50:00,38.491,38.536,38.091,38.339,2504432
698,2023-08-28 09:45:00,38.575,38.706,38.389,38.489,2088174
699,2023-08-28 09:40:00,38.595,38.661,38.329,38.558,2195063
700,2023-08-28 09:35:00,38.855,39.034,38.533,38.578,2964343
701,2023-08-28 09:30:00,38.815,38.945,38.518,38.842,3165060
702,2023-08-28 09:25:00,38.815,38.875,38.688,38.817,247783
703,2023-08-28 09:20:00,38.665,38.825,38.648,38.817,198977
704,2023-08-28 09:15:00,38.705,38.715,38.638,38.658,217032
705,2023-08-28 09:10:00,38.725,38.795,38.688,38.693,116421
706,2023-08-28 09:05:00,38.705,38.745,38.688,38.718,106086
707,2023-08-28 09:00:00,38.765,38.785,38.688,38.698,118371
708,2023-08-28 08:55:00,38.615,38.775,38.608,38.758,199391
709,2023-08-28 08:50:00,38.526,38.626,38.488,38.608,80498
710,2023-08-28 08:45:00,38.615,38.626,38.508,38.518,100135
711,2023-08-28 08:40:00,38.585,38.636,38.573,38.608,134515
712,2023-08-28 08:35:00,38.595,38.636,38.568,38.578,176062
713,2023-08-28 08:30:00,38.516,38.596,38.498,38.588,181048
714,2023-08-28 08:25:00,38.406,38.536,38.399,38.508,113282
715,2023-08-28 08:20:00,38.406,38.436,38.379,38.389,48668
716,2023-08-28 08:15:00,38.396,38.417,38.369,38.388,21247
717,2023-08-28 08:10:00,38.406,38.426,38.359,38.394,82609
718,2023-08-28 08:05:00,38.316,38.426,38.309,38.399,136277
719,2023-08-28 08:00:00,38.172,38.347,37.911,38.299,354707
720,2023-08-28 07:55:00,38.316,38.337,38.299,38.309,28372
721,2023-08-28 07:50:00,38.336,38.347,38.289,38.309,24383
722,2023-08-28 07:45:00,38.296,38.347,38.259,38.329,28031
723,2023-08-28 07:40:00,38.277,38.327,38.259,38.279,24993
724,2023-08-28 07:35:00,38.326,38.347,38.269,38.269,38483
725,2023-08-28 07:30:00,38.247,38.327,38.219,38.309,27219
726,2023-08-28 07:25:00,38.287,38.297,38.229,38.23,37287
727,2023-08-28 07:20:00,38.257,38.307,38.239,38.289,34909
728,2023-08-28 07:15:00,38.227,38.257,38.2,38.25,26351
729,2023-08-28 07:10:00,38.217,38.227,38.14,38.22,30389
730,2023-08-28 07:05:00,38.257,38.267,38.2,38.24,25802
731,2023-08-28 07:00:00,38.167,38.277,38.16,38.24,56173
732,2023-08-28 06:55:00,38.187,38.197,38.14,38.16,3227
733,2023-08-28 06:50:00,38.207,38.227,38.18,38.19,14860
734,2023-08-28 06:45:00,38.147,38.217,38.12,38.2,6002
735,2023-08-28 06:40:00,38.157,38.177,38.15,38.15,2384
736,2023-08-28 06:35:00,38.157,38.167,38.14,38.15,5162
737,2023-08-28 06:30:00,38.097,38.177,38.09,38.16,17856
738,2023-08-28 06:25:00,38.087,38.098,38.07,38.07,3717
739,2023-08-28 06:20:00,38.067,38.108,38.06,38.08,4724
740,2023-08-28 06:15:00,38.087,38.098,38.04,38.06,4605
741,2023-08-28 06:10:00,38.057,38.108,38.05,38.08,8590
742,2023-08-28 06:05:00,38.087,38.108,38.04,38.05,18246
743,2023-08-28 06:00:00,38.177,38.187,38.07,38.08,14655
744,2023-08-28 05:55:00,38.157,38.187,38.15,38.17,6616
745,2023-08-28 05:50:00,38.137,38.197,38.13,38.15,5874
746,2023-08-28 05:45:00,38.187,38.197,38.12,38.13,11976
747,2023-08-28 05:40:00,38.197,38.207,38.15,38.18,8680
748,2023-08-28 05:35:00,38.197,38.247,38.19,38.2,13229
749,2023-08-28 05:30:00,38.207,38.227,38.17,38.18,10719
750,2023-08-28 05:25:00,38.127,38.207,38.12,38.19,15622
751,2023-08-28 05:20:00,38.097,38.137,38.05,38.11,69197
752,2023-08-28 05:15:00,38.127,38.128,38.04,38.09,91599
753,2023-08-28 05:10:00,38.117,38.137,38.1,38.12,15218
754,2023-08-28 05:05:00,38.187,38.197,38.11,38.11,22025
755,2023-08-28 05:00:00,38.237,38.257,38.19,38.19,16596
756,2023-08-28 04:55:00,38.247,38.257,38.219,38.23,4349
757,2023-08-28 04:50:00,38.227,38.247,38.209,38.24,4790
758,2023-08-28 04:45:00,38.247,38.257,38.2,38.22,12348
759,2023-08-28 04:40:00,38.287,38.307,38.229,38.23,12406
760,2023-08-28 04:35:00,38.296,38.317,38.269,38.289,43663
761,2023-08-28 04:30:00,38.306,38.307,38.249,38.289,19126
762,2023-08-28 04:25:00,38.267,38.307,38.259,38.299,26159
763,2023-08-28 04:20:00,38.157,38.277,38.15,38.259,17468
764,2023-08-28 04:15:00,38.127,38.177,38.11,38.15,10221
765,2023-08-28 04:10:00,38.197,38.197,38.1,38.12,43601
766,2023-08-28 04:05:00,38.117,38.187,38.09,38.18,27870
767,2023-08-28 04:00:00,38.037,38.147,37.871,38.11,52359
768,2023-08-25 19:55:00,37.848,37.868,37.821,37.851,23216
769,2023-08-25 19:50:00,37.838,37.848,37.811,37.831,12217
770,2023-08-25 19:45:00,37.808,37.839,37.791,37.811,15720
771,2023-08-25 19:40:00,37.798,37.809,37.781,37.801,10198
772,2023-08-25 19:35:00,37.818,37.819,37.791,37.791,3566
773,2023-08-25 19:30:00,37.818,37.819,37.791,37.801,16446
774,2023-08-25 19:25:00,37.818,37.819,37.801,37.811,4549
775,2023-08-25 19:20:00,37.808,37.819,37.791,37.801,6006
776,2023-08-25 19:15:00,37.798,37.809,37.781,37.801,6009
777,2023-08-25 19:10:00,37.838,37.839,37.791,37.801,9695
778,2023-08-25 19:05:00,37.828,37.839,37.811,37.831,18552
779,2023-08-25 19:00:00,37.838,37.839,37.811,37.821,3724
780,2023-08-25 18:55:00,37.828,37.839,37.811,37.831,19008
781,2023-08-25 18:50:00,37.828,37.829,37.811,37.821,8950
782,2023-08-25 18:45:00,37.828,37.839,37.811,37.811,12413
783,2023-08-25 18:40:00,37.828,37.829,37.811,37.811,9149
784,2023-08-25 18:35:00,37.818,37.829,37.811,37.821,4457
785,2023-08-25 18:30:00,37.818,37.829,37.801,37.821,11654
786,2023-08-25 18:25:00,37.808,37.819,37.781,37.801,4411
787,2023-08-25 18:20:00,37.808,37.819,37.791,37.791,2772
788,2023-08-25 18:15:00,37.818,37.829,37.791,37.801,6478
789,2023-08-25 18:10:00,37.848,37.848,37.811,37.821,6277
790,2023-08-25 18:05:00,37.858,37.858,37.831,37.841,5383
791,2023-08-25 18:00:00,37.858,37.868,37.841,37.851,16839
792,2023-08-25 17:55:00,37.868,37.888,37.851,37.861,3480
793,2023-08-25 17:50:00,37.888,37.888,37.861,37.861,2445
794,2023-08-25 17:45:00,37.908,37.908,37.871,37.871,8094
795,2023-08-25 17:40:00,37.918,37.918,37.871,37.881,5477
796,2023-08-25 17:35:00,37.928,37.938,37.911,37.911,6087
797,2023-08-25 17:30:00,37.908,37.938,37.901,37.921,13377
798,2023-08-25 17:25:00,37.888,37.908,37.861,37.901,47883
799,2023-08-25 17:20:00,37.869,37.888,37.861,37.881,5543
800,2023-08-25 17:15:00,37.868,37.888,37.841,37.871,20588
801,2023-08-25 17:10:00,37.868,37.878,37.851,37.866,36168
802,2023-08-25 17:05:00,37.868,37.868,37.851,37.86,3876
803,2023-08-25 17:00:00,37.858,37.868,37.841,37.861,8813
804,2023-08-25 16:55:00,37.858,37.868,37.831,37.841,66149
805,2023-08-25 16:50:00,37.848,37.868,37.841,37.841,44605
806,2023-08-25 16:45:00,37.857,37.858,37.831,37.841,50951
807,2023-08-25 16:40:00,37.858,37.878,37.841,37.851,25606
808,2023-08-25 16:35:00,37.888,37.888,37.841,37.861,15445
809,2023-08-25 16:30:00,37.868,37.888,37.861,37.881,19314
810,2023-08-25 16:25:00,37.878,37.888,37.841,37.881,48388
811,2023-08-25 16:20:00,37.878,37.898,37.861,37.861,12290
812,2023-08-25 16:15:00,37.908,37.908,37.851,37.861,32713
813,2023-08-25 16:10:00,37.858,37.888,37.821,37.881,146170
814,2023-08-25 16:05:00,37.958,37.958,37.831,37.841,295331
815,2023-08-25 16:00:00,37.903,38.018,37.891,37.961,2048581
816,2023-08-25 15:55:00,37.858,38.07,37.841,37.896,2580004
817,2023-08-25 15:50:00,37.968,38.008,37.811,37.846,2034913
818,2023-08-25 15:45:00,38.137,38.197,37.945,37.966,936266
819,2023-08-25 15:40:00,38.037,38.147,37.941,38.136,899493
820,2023-08-25 15:35:00,38.106,38.108,37.97,38.035,885809
821,2023-08-25 15:30:00,38.167,38.226,38.08,38.1,852953
822,2023-08-25 15:25:00,38.216,38.267,38.15,38.16,900961
823,2023-08-25 15:20:00,38.117,38.247,38.1,38.21,1083489
824,2023-08-25 15:15:00,38.007,38.152,37.98,38.11,820739
825,2023-08-25 15:10:00,38.047,38.098,37.97,37.99,805235
826,2023-08-25 15:05:00,37.988,38.068,37.891,38.036,884761
827,2023-08-25 15:00:00,38.037,38.197,37.891,37.979,1885981
828,2023-08-25 14:55:00,37.958,38.056,37.94,38.02,950089
829,2023-08-25 14:50:00,37.878,37.968,37.831,37.961,828639
830,2023-08-25 14:45:00,37.798,37.898,37.702,37.866,1027106
831,2023-08-25 14:40:00,37.848,37.938,37.741,37.784,1293006
832,2023-08-25 14:35:00,37.983,38.028,37.791,37.841,1586680
833,2023-08-25 14:30:00,37.878,38.008,37.821,37.976,1579668
834,2023-08-25 14:25:00,37.738,37.888,37.731,37.866,1557821
835,2023-08-25 14:20:00,37.619,37.807,37.612,37.736,1931732
836,2023-08-25 14:15:00,37.464,37.639,37.323,37.612,1833424
837,2023-08-25 14:10:00,37.3,37.48,37.223,37.457,1099618
838,2023-08-25 14:05:00,37.195,37.33,37.183,37.293,1146035
839,2023-08-25 14:00:00,37.18,37.246,37.133,37.193,740879
840,2023-08-25 13:55:00,37.19,37.211,37.084,37.182,918956
841,2023-08-25 13:50:00,37.012,37.191,36.994,37.178,1172665
842,2023-08-25 13:45:00,37.051,37.051,36.884,37.004,456228
843,2023-08-25 13:40:00,36.852,37.061,36.845,37.044,603051
844,2023-08-25 13:35:00,36.941,37.021,36.845,36.859,709323
845,2023-08-25 13:30:00,37.091,37.091,36.874,36.924,719988
846,2023-08-25 13:25:00,36.971,37.101,36.904,37.094,859303
847,2023-08-25 13:20:00,37.131,37.136,36.934,36.963,1148242
848,2023-08-25 13:15:00,37.27,37.36,37.044,37.114,1368826
849,2023-08-25 13:10:00,37.15,37.27,37.024,37.257,1066192
850,2023-08-25 13:05:00,37.19,37.3,37.123,37.144,943405
851,2023-08-25 13:00:00,37.196,37.27,37.136,37.193,969340
852,2023-08-25 12:55:00,36.981,37.211,36.934,37.188,793115
853,2023-08-25 12:50:00,37.2,37.241,36.949,36.968,1066607
854,2023-08-25 12:45:00,37.136,37.27,37.044,37.183,750154
855,2023-08-25 12:40:00,37.245,37.31,37.084,37.13,1005692
856,2023-08-25 12:35:00,37.11,37.3,37.054,37.243,1066016
857,2023-08-25 12:30:00,37.18,37.221,37.064,37.094,1017797
858,2023-08-25 12:25:00,37.08,37.181,37.024,37.174,912330
859,2023-08-25 12:20:00,36.861,37.092,36.775,37.064,1430028
860,2023-08-25 12:15:00,36.911,36.952,36.675,36.858,1230337
861,2023-08-25 12:10:00,36.891,36.962,36.735,36.905,1120073
862,2023-08-25 12:05:00,36.822,36.932,36.74,36.875,855350
863,2023-08-25 12:00:00,36.622,36.892,36.585,36.815,1462410
864,2023-08-25 11:55:00,36.881,36.882,36.526,36.621,1771853
865,2023-08-25 11:50:00,37.061,37.141,36.825,36.875,1492812
866,2023-08-25 11:45:00,37.121,37.131,36.924,37.06,1274996
867,2023-08-25 11:40:00,37.22,37.231,36.954,37.12,2122539
868,2023-08-25 11:35:00,36.971,37.252,36.947,37.206,2830434
869,2023-08-25 11:30:00,37.021,37.031,36.805,36.964,2028313
870,2023-08-25 11:25:00,36.582,37.051,36.575,37.024,2374927
871,2023-08-25 11:20:00,36.587,36.593,36.416,36.576,1171509
872,2023-08-25 11:15:00,36.702,36.717,36.396,36.58,1550167
873,2023-08-25 11:10:00,36.712,36.882,36.615,36.7,2430923
874,2023-08-25 11:05:00,36.353,36.722,36.316,36.705,3424845
875,2023-08-25 11:00:00,36.274,36.438,36.217,36.347,1925508
876,2023-08-25 10:55:00,36.4,36.493,36.227,36.267,2608173
877,2023-08-25 10:50:00,36.493,36.64,36.376,36.388,1878569
878,2023-08-25 10:45:00,36.772,36.79,36.436,36.486,3075149
879,2023-08-25 10:40:00,37.051,37.27,36.765,36.77,2612586
880,2023-08-25 10:35:00,37.111,37.3,36.854,37.034,3601995
881,2023-08-25 10:30:00,37.23,37.38,37.074,37.094,2560998
882,2023-08-25 10:25:00,37.35,37.46,37.094,37.223,3362085
883,2023-08-25 10:20:00,37.758,37.827,37.323,37.348,4068280
884,2023-08-25 10:15:00,38.062,38.426,37.711,37.751,6814034
885,2023-08-25 10:10:00,37.28,38.088,37.263,38.055,4416386
886,2023-08-25 10:05:00,37.714,37.739,37.173,37.264,4324946
887,2023-08-25 10:00:00,37.679,38.038,37.432,37.702,4541935
888,2023-08-25 09:55:00,37.619,37.729,37.493,37.682,1187023
889,2023-08-25 09:50:00,37.679,37.737,37.542,37.617,1348249
890,2023-08-25 09:45:00,37.629,37.709,37.512,37.667,1623618
891,2023-08-25 09:40:00,37.509,37.686,37.392,37.618,1646414
892,2023-08-25 09:35:00,37.494,37.649,37.348,37.512,2552662
893,2023-08-25 09:30:00,37.3,37.577,37.273,37.482,2921940
894,2023-08-25 09:25:00,37.18,37.3,37.173,37.283,93208
895,2023-08-25 09:20:00,37.24,37.241,37.153,37.164,101510
896,2023-08-25 09:15:00,37.29,37.32,37.173,37.233,153054
897,2023-08-25 09:10:00,37.25,37.3,37.203,37.273,141486
898,2023-08-25 09:05:00,37.25,37.27,37.203,37.238,45055
899,2023-08-25 09:00:00,37.31,37.32,37.233,37.243,94482
900,2023-08-25 08:55:00,37.35,37.36,37.268,37.303,97686
901,2023-08-25 08:50:00,37.42,37.43,37.333,37.333,129943
902,2023-08-25 08:45:00,37.43,37.46,37.402,37.423,102979
903,2023-08-25 08:40:00,37.37,37.452,37.343,37.423,80829
904,2023-08-25 08:35:00,37.32,37.38,37.313,37.373,65682
905,2023-08-25 08:30:00,37.3,37.4,37.293,37.323,119915
906,2023-08-25 08:25:00,37.31,37.35,37.263,37.303,123961
907,2023-08-25 08:20:00,37.27,37.32,37.233,37.293,39390
908,2023-08-25 08:15:00,37.25,37.3,37.233,37.263,77473
909,2023-08-25 08:10:00,37.268,37.29,37.233,37.243,72256
910,2023-08-25 08:05:00,37.16,37.27,37.143,37.253,61899
911,2023-08-25 08:00:00,37.155,37.253,36.496,37.154,494583
912,2023-08-25 07:55:00,37.061,37.161,37.044,37.134,53983
913,2023-08-25 07:50:00,37.091,37.101,37.034,37.064,27134
914,2023-08-25 07:45:00,37.101,37.141,37.064,37.094,25660
915,2023-08-25 07:40:00,37.101,37.131,37.094,37.104,39949
916,2023-08-25 07:35:00,37.011,37.121,36.994,37.094,48767
917,2023-08-25 07:30:00,37.061,37.091,36.984,37.004,38107
918,2023-08-25 07:25:00,37.061,37.071,37.034,37.054,58205
919,2023-08-25 07:20:00,37.071,37.091,37.034,37.054,49121
920,2023-08-25 07:15:00,37.131,37.131,37.044,37.064,39388
921,2023-08-25 07:10:00,37.17,37.181,37.104,37.114,28954
922,2023-08-25 07:05:00,37.19,37.201,37.133,37.164,22455
923,2023-08-25 07:00:00,37.15,37.201,37.114,37.193,39288
924,2023-08-25 06:55:00,37.15,37.191,37.133,37.144,3547
925,2023-08-25 06:50:00,37.17,37.211,37.133,37.164,24591
926,2023-08-25 06:45:00,37.131,37.181,37.123,37.154,8129
927,2023-08-25 06:40:00,37.22,37.231,37.123,37.124,23951
928,2023-08-25 06:35:00,37.21,37.231,37.183,37.213,5179
929,2023-08-25 06:30:00,37.17,37.221,37.163,37.203,7904
930,2023-08-25 06:25:00,37.19,37.231,37.163,37.164,11199
931,2023-08-25 06:20:00,37.16,37.201,37.143,37.173,12657
932,2023-08-25 06:15:00,37.15,37.201,37.143,37.164,20678
933,2023-08-25 06:10:00,37.121,37.151,37.104,37.144,7892
934,2023-08-25 06:05:00,37.071,37.131,37.064,37.114,12589
935,2023-08-25 06:00:00,36.991,37.081,36.964,37.064,28806
936,2023-08-25 05:55:00,37.021,37.051,36.944,36.984,17097
937,2023-08-25 05:50:00,37.091,37.121,37.004,37.024,13579
938,2023-08-25 05:45:00,37.121,37.131,37.064,37.084,16672
939,2023-08-25 05:40:00,37.18,37.181,37.094,37.124,7489
940,2023-08-25 05:35:00,37.111,37.181,37.104,37.173,14624
941,2023-08-25 05:30:00,37.2,37.201,37.084,37.094,29619
942,2023-08-25 05:25:00,37.121,37.211,37.104,37.193,22753
943,2023-08-25 05:20:00,37.111,37.121,37.084,37.104,12309
944,2023-08-25 05:15:00,37.111,37.131,37.084,37.104,12073
945,2023-08-25 05:10:00,37.051,37.101,37.044,37.094,26298
946,2023-08-25 05:05:00,37.091,37.111,37.044,37.044,31866
947,2023-08-25 05:00:00,37.18,37.191,37.084,37.094,17923
948,2023-08-25 04:55:00,37.121,37.201,37.114,37.164,5623
949,2023-08-25 04:50:00,37.091,37.141,37.074,37.104,15154
950,2023-08-25 04:45:00,37.15,37.161,37.054,37.084,34739
951,2023-08-25 04:40:00,37.18,37.191,37.143,37.144,13360
952,2023-08-25 04:35:00,37.2,37.241,37.143,37.164,17782
953,2023-08-25 04:30:00,37.19,37.211,37.163,37.203,9449
954,2023-08-25 04:25:00,37.23,37.261,37.153,37.183,35488
955,2023-08-25 04:20:00,37.17,37.261,37.143,37.233,26769
956,2023-08-25 04:15:00,37.15,37.171,37.104,37.164,21692
957,2023-08-25 04:10:00,37.051,37.211,37.034,37.144,56608
958,2023-08-25 04:05:00,37.091,37.131,36.974,37.044,43470
959,2023-08-25 04:00:00,36.881,37.091,36.874,37.084,82059
960,2023-08-24 19:55:00,36.991,36.991,36.944,36.944,46291
961,2023-08-24 19:50:00,37.021,37.021,36.964,36.984,31890
962,2023-08-24 19:45:00,37.021,37.031,37.004,37.024,25808
963,2023-08-24 19:40:00,37.011,37.021,36.984,37.014,19150
964,2023-08-24 19:35:00,37.011,37.011,36.984,37.004,19524
965,2023-08-24 19:30:00,36.971,37.021,36.954,37.014,25436
966,2023-08-24 19:25:00,36.951,36.972,36.924,36.964,14761
967,2023-08-24 19:20:00,36.931,36.962,36.914,36.944,33328
968,2023-08-24 19:15:00,36.891,36.932,36.874,36.924,12189
969,2023-08-24 19:10:00,36.901,36.912,36.825,36.865,34090
970,2023-08-24 19:05:00,37.021,37.021,36.884,36.904,25397
971,2023-08-24 19:00:00,37.091,37.091,37.004,37.004,22799
972,2023-08-24 18:55:00,37.071,37.101,37.054,37.084,38833
973,2023-08-24 18:50:00,37.051,37.071,37.044,37.064,16626
974,2023-08-24 18:45:00,37.041,37.061,37.024,37.044,16439
975,2023-08-24 18:40:00,37.051,37.051,37.014,37.033,23062
976,2023-08-24 18:35:00,36.991,37.051,36.984,37.044,52724
977,2023-08-24 18:30:00,36.991,37.021,36.974,36.994,22506
978,2023-08-24 18:25:00,36.971,36.991,36.954,36.964,30966
979,2023-08-24 18:20:00,36.971,37.011,36.934,36.944,19153
980,2023-08-24 18:15:00,36.941,36.981,36.914,36.964,7725
981,2023-08-24 18:10:00,36.981,36.981,36.924,36.934,26303
982,2023-08-24 18:05:00,36.931,36.992,36.914,36.984,81899
983,2023-08-24 18:00:00,36.832,36.962,36.815,36.934,74329
984,2023-08-24 17:55:00,36.822,36.842,36.805,36.835,41865
985,2023-08-24 17:50:00,36.812,36.832,36.795,36.825,21125
986,2023-08-24 17:45:00,36.792,36.812,36.765,36.805,29698
987,2023-08-24 17:40:00,36.772,36.792,36.755,36.785,19909
988,2023-08-24 17:35:00,36.762,36.772,36.745,36.765,19816
989,2023-08-24 17:30:00,36.742,36.762,36.705,36.755,13976
990,2023-08-24 17:25:00,36.752,36.752,36.705,36.715,33763
991,2023-08-24 17:20:00,36.732,36.752,36.715,36.745,44668
992,2023-08-24 17:15:00,36.732,36.732,36.685,36.725,36652
993,2023-08-24 17:10:00,36.812,36.812,36.713,36.725,41447
994,2023-08-24 17:05:00,36.792,36.812,36.775,36.805,31781
995,2023-08-24 17:00:00,36.822,36.832,36.765,36.785,33792
996,2023-08-24 16:55:00,36.812,36.832,36.785,36.815,36294
997,2023-08-24 16:50:00,36.802,36.822,36.775,36.805,49021
998,2023-08-24 16:45:00,36.762,36.822,36.745,36.785,83055
999,2023-08-24 16:40:00,36.772,36.782,36.735,36.755,41252
1000,2023-08-24 16:35:00,36.752,36.782,36.695,36.765,92689
1001,2023-08-24 16:30:00,36.772,36.792,36.705,36.755,158900
1002,2023-08-24 16:25:00,36.852,36.862,36.755,36.765,159880
1003,2023-08-24 16:20:00,36.772,36.852,36.755,36.835,148133
1004,2023-08-24 16:15:00,37.031,37.031,36.745,36.765,242188
1005,2023-08-24 16:10:00,36.991,37.001,36.914,36.934,120984
1006,2023-08-24 16:05:00,36.961,37.031,36.914,36.984,313322
1007,2023-08-24 16:00:00,37.001,37.101,36.849,36.955,1686073
1008,2023-08-24 15:55:00,37.17,37.256,36.964,36.994,2678848
1009,2023-08-24 15:50:00,37.131,37.3,37.084,37.168,1934930
1010,2023-08-24 15:45:00,37.255,37.27,37.004,37.124,1781916
1011,2023-08-24 15:40:00,37.365,37.4,37.183,37.243,1274915
1012,2023-08-24 15:35:00,37.479,37.485,37.285,37.353,1176411
1013,2023-08-24 15:30:00,37.509,37.579,37.402,37.477,1068373
1014,2023-08-24 15:25:00,37.569,37.599,37.462,37.497,1073757
1015,2023-08-24 15:20:00,37.639,37.749,37.532,37.562,927574
1016,2023-08-24 15:15:00,37.639,37.709,37.602,37.622,504168
1017,2023-08-24 15:10:00,37.61,37.724,37.537,37.641,896060
1018,2023-08-24 15:05:00,37.714,37.784,37.587,37.602,865515
1019,2023-08-24 15:00:00,37.798,37.858,37.691,37.707,744420
1020,2023-08-24 14:55:00,37.659,37.848,37.582,37.792,1426057
1021,2023-08-24 14:50:00,37.689,37.749,37.632,37.646,584836
1022,2023-08-24 14:45:00,37.649,37.799,37.632,37.683,1081640
1023,2023-08-24 14:40:00,37.788,37.795,37.622,37.637,1349219
1024,2023-08-24 14:35:00,37.928,37.958,37.731,37.787,969424
1025,2023-08-24 14:30:00,37.868,38.167,37.851,37.929,495802
1026,2023-08-24 14:25:00,37.987,38.167,37.821,37.866,1016782
1027,2023-08-24 14:20:00,37.913,38.008,37.891,37.971,549735
1028,2023-08-24 14:15:00,38.137,38.142,37.896,37.905,643789
1029,2023-08-24 14:10:00,38.027,38.167,38.0,38.13,735961
1030,2023-08-24 14:05:00,37.993,38.078,37.931,38.02,608228
1031,2023-08-24 14:00:00,37.928,38.088,37.921,37.985,869411
1032,2023-08-24 13:55:00,37.878,37.928,37.831,37.916,561595
1033,2023-08-24 13:50:00,37.938,37.948,37.871,37.881,681508
1034,2023-08-24 13:45:00,37.898,38.038,37.891,37.931,736948
1035,2023-08-24 13:40:00,38.007,38.028,37.871,37.886,692300
1036,2023-08-24 13:35:00,37.859,38.008,37.831,37.995,679460
1037,2023-08-24 13:30:00,37.878,37.998,37.831,37.851,773616
1038,2023-08-24 13:25:00,37.988,37.995,37.801,37.871,1145828
1039,2023-08-24 13:20:00,37.993,38.038,37.931,37.982,604277
1040,2023-08-24 13:15:00,38.097,38.098,37.94,37.99,870836
1041,2023-08-24 13:10:00,38.147,38.217,38.055,38.096,816233
1042,2023-08-24 13:05:00,38.007,38.167,37.988,38.14,668091
1043,2023-08-24 13:00:00,38.112,38.167,37.96,38.007,1085245
1044,2023-08-24 12:55:00,38.222,38.227,38.09,38.1,962449
1045,2023-08-24 12:50:00,38.325,38.372,38.209,38.214,882386
1046,2023-08-24 12:45:00,38.335,38.426,38.249,38.319,1265966
1047,2023-08-24 12:40:00,38.267,38.407,38.244,38.324,1218254
1048,2023-08-24 12:35:00,38.147,38.297,38.125,38.265,1222787
1049,2023-08-24 12:30:00,38.067,38.177,38.045,38.139,551314
1050,2023-08-24 12:25:00,38.119,38.197,38.015,38.06,1118126
1051,2023-08-24 12:20:00,38.077,38.207,38.06,38.112,930137
1052,2023-08-24 12:15:00,38.072,38.157,38.035,38.08,1438475
1053,2023-08-24 12:10:00,37.898,38.078,37.871,38.07,1225506
1054,2023-08-24 12:05:00,37.798,37.968,37.791,37.896,1154264
1055,2023-08-24 12:00:00,37.745,37.878,37.721,37.781,1184712
1056,2023-08-24 11:55:00,37.768,37.848,37.721,37.737,854356
1057,2023-08-24 11:50:00,37.899,37.913,37.671,37.751,1190190
1058,2023-08-24 11:45:00,37.908,38.008,37.791,37.899,1353908
1059,2023-08-24 11:40:00,37.888,37.976,37.821,37.901,1362949
1060,2023-08-24 11:35:00,38.087,38.117,37.861,37.886,1993249
1061,2023-08-24 11:30:00,38.252,38.252,38.06,38.086,1320096
1062,2023-08-24 11:25:00,38.227,38.267,38.04,38.248,1473469
1063,2023-08-24 11:20:00,38.287,38.357,38.134,38.21,1369319
1064,2023-08-24 11:15:00,38.227,38.336,38.175,38.288,1256430
1065,2023-08-24 11:10:00,38.217,38.307,38.07,38.212,1654941
1066,2023-08-24 11:05:00,38.307,38.367,38.11,38.21,1902189
1067,2023-08-24 11:00:00,38.421,38.426,38.16,38.305,2171505
1068,2023-08-24 10:55:00,38.605,38.685,38.389,38.419,1580176
1069,2023-08-24 10:50:00,38.448,38.676,38.439,38.607,1684231
1070,2023-08-24 10:45:00,38.456,38.516,38.341,38.447,1644461
1071,2023-08-24 10:40:00,38.7,38.752,38.379,38.459,1982614
1072,2023-08-24 10:35:00,38.615,38.745,38.548,38.688,1772465
1073,2023-08-24 10:30:00,38.685,38.785,38.498,38.608,2701903
1074,2023-08-24 10:25:00,38.894,38.965,38.678,38.684,2097001
1075,2023-08-24 10:20:00,39.07,39.194,38.877,38.882,1786409
1076,2023-08-24 10:15:00,39.263,39.264,39.036,39.066,2004466
1077,2023-08-24 10:10:00,39.358,39.383,39.178,39.259,2302037
1078,2023-08-24 10:05:00,39.855,39.866,39.325,39.35,3389822
1079,2023-08-24 10:00:00,39.861,39.941,39.664,39.853,2205870
1080,2023-08-24 09:55:00,39.82,39.911,39.722,39.845,2455759
1081,2023-08-24 09:50:00,39.682,39.832,39.555,39.809,2639425
1082,2023-08-24 09:45:00,39.811,39.842,39.654,39.669,1976999
1083,2023-08-24 09:40:00,39.965,40.051,39.759,39.794,2309274
1084,2023-08-24 09:35:00,40.115,40.2,39.863,39.958,2829942
1085,2023-08-24 09:30:00,40.738,40.763,40.093,40.103,4232535
1086,2023-08-24 09:25:00,40.758,40.848,40.69,40.72,168668
1087,2023-08-24 09:20:00,40.877,40.898,40.75,40.75,261683
1088,2023-08-24 09:15:00,40.838,40.918,40.82,40.87,150833
1089,2023-08-24 09:10:00,40.788,40.866,40.75,40.83,88415
1090,2023-08-24 09:05:00,40.808,40.868,40.78,40.78,141358
1091,2023-08-24 09:00:00,40.758,40.808,40.7,40.8,139042
1092,2023-08-24 08:55:00,40.738,40.768,40.641,40.74,305047
1093,2023-08-24 08:50:00,40.828,40.828,40.71,40.74,202436
1094,2023-08-24 08:45:00,40.768,40.878,40.73,40.82,162731
1095,2023-08-24 08:40:00,40.738,40.788,40.73,40.75,167258
1096,2023-08-24 08:35:00,40.718,40.758,40.631,40.74,242687
1097,2023-08-24 08:30:00,40.788,40.838,40.631,40.71,210985
1098,2023-08-24 08:25:00,40.738,40.818,40.72,40.79,85243
1099,2023-08-24 08:20:00,40.738,40.768,40.69,40.73,59911
1100,2023-08-24 08:15:00,40.768,40.808,40.72,40.73,140016
1101,2023-08-24 08:10:00,40.877,40.898,40.76,40.77,118448
1102,2023-08-24 08:05:00,40.858,40.938,40.8,40.87,97654
1103,2023-08-24 08:00:00,41.048,41.354,40.762,40.85,526090
1104,2023-08-24 07:55:00,40.937,40.988,40.92,40.97,160638
1105,2023-08-24 07:50:00,40.977,40.978,40.92,40.93,77479
1106,2023-08-24 07:45:00,40.997,41.027,40.939,40.96,207272
1107,2023-08-24 07:40:00,41.027,41.057,40.969,40.989,75926
1108,2023-08-24 07:35:00,41.087,41.097,41.019,41.029,86651
1109,2023-08-24 07:30:00,41.077,41.117,41.049,41.089,124128
1110,2023-08-24 07:25:00,41.137,41.147,41.069,41.069,30416
1111,2023-08-24 07:20:00,41.157,41.157,41.099,41.139,80461
1112,2023-08-24 07:15:00,41.127,41.207,41.119,41.149,62756
1113,2023-08-24 07:10:00,41.067,41.137,41.059,41.119,42784
1114,2023-08-24 07:05:00,41.037,41.077,41.019,41.059,28466
1115,2023-08-24 07:00:00,41.047,41.057,41.019,41.029,50299
1116,2023-08-24 06:55:00,41.037,41.087,41.029,41.049,10768
1117,2023-08-24 06:50:00,41.057,41.097,41.029,41.039,24902
1118,2023-08-24 06:45:00,41.067,41.077,41.019,41.049,11942
1119,2023-08-24 06:40:00,41.027,41.107,41.019,41.059,15982
1120,2023-08-24 06:35:00,41.017,41.047,40.989,41.029,13129
1121,2023-08-24 06:30:00,41.067,41.067,40.999,41.009,22524
1122,2023-08-24 06:25:00,40.997,41.097,40.979,41.069,27777
1123,2023-08-24 06:20:00,40.997,41.008,40.959,40.989,5142
1124,2023-08-24 06:15:00,40.987,40.998,40.949,40.979,15279
1125,2023-08-24 06:10:00,40.997,41.027,40.969,40.97,27809
1126,2023-08-24 06:05:00,40.987,40.998,40.959,40.989,13144
1127,2023-08-24 06:00:00,40.907,40.988,40.89,40.979,18671
1128,2023-08-24 05:55:00,40.907,40.928,40.86,40.91,5512
1129,2023-08-24 05:50:00,40.858,40.938,40.84,40.9,13268
1130,2023-08-24 05:45:00,40.848,40.908,40.84,40.86,18230
1131,2023-08-24 05:40:00,40.788,40.858,40.75,40.83,20033
1132,2023-08-24 05:35:00,40.848,40.868,40.78,40.79,45920
1133,2023-08-24 05:30:00,40.997,41.017,40.83,40.83,57039
1134,2023-08-24 05:25:00,41.017,41.037,40.979,40.989,16444
1135,2023-08-24 05:20:00,41.027,41.067,40.989,41.019,13708
1136,2023-08-24 05:15:00,41.057,41.067,40.969,41.019,12594
1137,2023-08-24 05:10:00,41.057,41.077,40.999,41.049,27916
1138,2023-08-24 05:05:00,41.017,41.077,40.959,41.049,34944
1139,2023-08-24 05:00:00,41.067,41.107,41.009,41.009,19903
1140,2023-08-24 04:55:00,41.067,41.097,41.049,41.059,10220
1141,2023-08-24 04:50:00,41.057,41.087,41.009,41.069,36678
1142,2023-08-24 04:45:00,41.087,41.117,41.049,41.059,18404
1143,2023-08-24 04:40:00,41.117,41.137,41.069,41.079,47114
1144,2023-08-24 04:35:00,41.176,41.197,41.099,41.109,33056
1145,2023-08-24 04:30:00,41.216,41.237,41.159,41.169,36998
1146,2023-08-24 04:25:00,41.246,41.267,41.208,41.209,21580
1147,2023-08-24 04:20:00,41.226,41.277,41.198,41.239,25828
1148,2023-08-24 04:15:00,41.186,41.247,41.139,41.229,33215
1149,2023-08-24 04:10:00,41.246,41.267,41.169,41.179,62491
1150,2023-08-24 04:05:00,41.316,41.356,41.228,41.239,95052
1151,2023-08-24 04:00:00,41.097,41.326,40.959,41.308,112117
1152,2023-08-23 19:55:00,40.648,40.738,40.631,40.701,33274
1153,2023-08-23 19:50:00,40.668,40.669,40.601,40.641,45847
1154,2023-08-23 19:45:00,40.688,40.689,40.651,40.66,25955
1155,2023-08-23 19:40:00,40.678,40.689,40.651,40.681,15198
1156,2023-08-23 19:35:00,40.708,40.719,40.66,40.681,33786
1157,2023-08-23 19:30:00,40.718,40.719,40.68,40.701,47949
1158,2023-08-23 19:25:00,40.708,40.758,40.69,40.71,76745
1159,2023-08-23 19:20:00,40.678,40.719,40.651,40.701,35525
1160,2023-08-23 19:15:00,40.668,40.679,40.651,40.671,37856
1161,2023-08-23 19:10:00,40.643,40.679,40.631,40.66,31571
1162,2023-08-23 19:05:00,40.653,40.689,40.621,40.636,53424
1163,2023-08-23 19:00:00,40.598,40.659,40.571,40.641,14091
1164,2023-08-23 18:55:00,40.598,40.619,40.576,40.581,15786
1165,2023-08-23 18:50:00,40.589,40.609,40.541,40.591,34897
1166,2023-08-23 18:45:00,40.539,40.569,40.531,40.561,20136
1167,2023-08-23 18:40:00,40.529,40.559,40.521,40.541,18073
1168,2023-08-23 18:35:00,40.479,40.539,40.471,40.531,38954
1169,2023-08-23 18:30:00,40.499,40.549,40.471,40.481,46180
1170,2023-08-23 18:25:00,40.429,40.519,40.411,40.501,50601
1171,2023-08-23 18:20:00,40.479,40.509,40.391,40.412,43122
1172,2023-08-23 18:15:00,40.559,40.569,40.431,40.471,75897
1173,2023-08-23 18:10:00,40.748,40.768,40.551,40.571,25048
1174,2023-08-23 18:05:00,40.718,40.778,40.68,40.74,10133
1175,2023-08-23 18:00:00,40.668,40.768,40.651,40.71,39480
1176,2023-08-23 17:55:00,40.748,40.758,40.651,40.661,53045
1177,2023-08-23 17:50:00,40.788,40.798,40.74,40.75,39933
1178,2023-08-23 17:45:00,40.798,40.808,40.76,40.78,18574
1179,2023-08-23 17:40:00,40.748,40.808,40.74,40.78,24585
1180,2023-08-23 17:35:00,40.798,40.808,40.74,40.74,40210
1181,2023-08-23 17:30:00,40.828,40.838,40.79,40.79,51291
1182,2023-08-23 17:25:00,40.798,40.848,40.79,40.83,27910
1183,2023-08-23 17:20:00,40.808,40.848,40.77,40.79,69594
1184,2023-08-23 17:15:00,40.877,40.878,40.8,40.819,60815
1185,2023-08-23 17:10:00,40.897,40.908,40.83,40.86,100985
1186,2023-08-23 17:05:00,40.848,40.908,40.82,40.89,159262
1187,2023-08-23 17:00:00,40.838,40.838,40.77,40.83,265883
1188,2023-08-23 16:55:00,40.748,40.838,40.72,40.83,182165
1189,2023-08-23 16:50:00,40.688,40.808,40.68,40.74,162311
1190,2023-08-23 16:45:00,40.767,40.808,40.67,40.681,239202
1191,2023-08-23 16:40:00,40.589,40.788,40.581,40.76,367449
1192,2023-08-23 16:35:00,40.489,40.599,40.461,40.581,206312
1193,2023-08-23 16:30:00,40.529,40.579,40.391,40.491,254849
1194,2023-08-23 16:25:00,40.658,40.679,40.332,40.531,698887
1195,2023-08-23 16:20:00,39.761,40.728,39.704,40.651,2123692
1196,2023-08-23 16:15:00,39.642,39.852,39.634,39.754,76576
1197,2023-08-23 16:10:00,39.722,39.782,39.694,39.764,72740
1198,2023-08-23 16:05:00,39.731,39.852,39.694,39.714,195673
1199,2023-08-23 16:00:00,39.647,39.752,39.604,39.724,1112517
1200,2023-08-23 15:55:00,39.607,39.657,39.535,39.644,2312263
1201,2023-08-23 15:50:00,39.786,39.827,39.599,39.6,1781940
1202,2023-08-23 15:45:00,39.841,39.847,39.764,39.781,832316
1203,2023-08-23 15:40:00,39.851,39.911,39.824,39.834,808172
1204,2023-08-23 15:35:00,39.831,39.861,39.794,39.834,522241
1205,2023-08-23 15:30:00,39.871,39.871,39.774,39.829,762400
1206,2023-08-23 15:25:00,39.827,39.881,39.794,39.873,508528
1207,2023-08-23 15:20:00,39.861,39.866,39.784,39.819,747954
1208,2023-08-23 15:15:00,39.831,39.901,39.814,39.854,742622
1209,2023-08-23 15:10:00,39.84,39.871,39.794,39.824,567986
1210,2023-08-23 15:05:00,39.796,39.871,39.754,39.829,816822
1211,2023-08-23 15:00:00,39.697,39.812,39.594,39.789,1136824
1212,2023-08-23 14:55:00,39.731,39.772,39.674,39.694,582397
1213,2023-08-23 14:50:00,39.68,39.742,39.624,39.724,605388
1214,2023-08-23 14:45:00,39.622,39.722,39.599,39.671,810613
1215,2023-08-23 14:40:00,39.602,39.672,39.578,39.615,732501
1216,2023-08-23 14:35:00,39.686,39.712,39.545,39.603,850486
1217,2023-08-23 14:30:00,39.736,39.751,39.654,39.684,855224
1218,2023-08-23 14:25:00,39.751,39.812,39.724,39.724,712767
1219,2023-08-23 14:20:00,39.702,39.752,39.605,39.744,948719
1220,2023-08-23 14:15:00,39.766,39.772,39.654,39.694,734804
1221,2023-08-23 14:10:00,39.841,39.847,39.744,39.758,486834
1222,2023-08-23 14:05:00,39.906,39.921,39.814,39.827,654293
1223,2023-08-23 14:00:00,39.931,39.941,39.868,39.897,609898
1224,2023-08-23 13:55:00,39.936,39.981,39.913,39.933,509505
1225,2023-08-23 13:50:00,39.941,39.981,39.893,39.923,562050
1226,2023-08-23 13:45:00,39.867,39.946,39.824,39.938,605110
1227,2023-08-23 13:40:00,39.831,39.891,39.807,39.859,473001
1228,2023-08-23 13:35:00,39.851,39.861,39.784,39.824,659396
1229,2023-08-23 13:30:00,39.811,39.911,39.804,39.849,987786
1230,2023-08-23 13:25:00,39.801,39.842,39.784,39.805,535556
1231,2023-08-23 13:20:00,39.786,39.822,39.764,39.794,610144
1232,2023-08-23 13:15:00,39.633,39.797,39.621,39.779,1238871
1233,2023-08-23 13:10:00,39.627,39.648,39.594,39.624,348488
1234,2023-08-23 13:05:00,39.562,39.632,39.535,39.624,445960
1235,2023-08-23 13:00:00,39.488,39.582,39.445,39.56,580967
1236,2023-08-23 12:55:00,39.572,39.61,39.475,39.476,545814
1237,2023-08-23 12:50:00,39.623,39.672,39.545,39.57,476771
1238,2023-08-23 12:45:00,39.591,39.642,39.555,39.615,741764
1239,2023-08-23 12:40:00,39.597,39.607,39.535,39.58,476969
1240,2023-08-23 12:35:00,39.521,39.602,39.499,39.585,667841
1241,2023-08-23 12:30:00,39.472,39.533,39.415,39.515,417696
1242,2023-08-23 12:25:00,39.482,39.523,39.445,39.469,286001
1243,2023-08-23 12:20:00,39.467,39.539,39.431,39.476,479644
1244,2023-08-23 12:15:00,39.513,39.528,39.405,39.46,587166
1245,2023-08-23 12:10:00,39.492,39.552,39.445,39.505,507300
1246,2023-08-23 12:05:00,39.532,39.543,39.465,39.485,471393
1247,2023-08-23 12:00:00,39.662,39.677,39.515,39.525,681085
1248,2023-08-23 11:55:00,39.592,39.702,39.58,39.659,841296
1249,2023-08-23 11:50:00,39.482,39.612,39.475,39.58,710457
1250,2023-08-23 11:45:00,39.443,39.528,39.42,39.475,661968
1251,2023-08-23 11:40:00,39.582,39.583,39.435,39.443,747694
1252,2023-08-23 11:35:00,39.537,39.599,39.465,39.575,1019843
1253,2023-08-23 11:30:00,39.583,39.642,39.515,39.528,541613
1254,2023-08-23 11:25:00,39.602,39.642,39.56,39.578,783202
1255,2023-08-23 11:20:00,39.587,39.642,39.525,39.591,777359
1256,2023-08-23 11:15:00,39.572,39.602,39.485,39.585,808449
1257,2023-08-23 11:10:00,39.487,39.572,39.445,39.555,981677
1258,2023-08-23 11:05:00,39.428,39.513,39.395,39.48,1202259
1259,2023-08-23 11:00:00,39.502,39.558,39.395,39.425,996838
1260,2023-08-23 10:55:00,39.492,39.534,39.455,39.495,856406
1261,2023-08-23 10:50:00,39.477,39.543,39.4,39.49,1213168
1262,2023-08-23 10:45:00,39.338,39.483,39.276,39.47,1096238
1263,2023-08-23 10:40:00,39.144,39.393,39.106,39.331,1540135
1264,2023-08-23 10:35:00,39.213,39.229,39.081,39.13,963678
1265,2023-08-23 10:30:00,39.114,39.234,39.106,39.206,939671
1266,2023-08-23 10:25:00,39.165,39.244,39.086,39.106,1203653
1267,2023-08-23 10:20:00,39.069,39.214,38.947,39.156,1824469
1268,2023-08-23 10:15:00,39.084,39.14,38.977,39.062,1456062
1269,2023-08-23 10:10:00,38.944,39.134,38.882,39.071,1590079
1270,2023-08-23 10:05:00,38.865,38.975,38.767,38.946,1699240
1271,2023-08-23 10:00:00,38.855,38.965,38.767,38.857,2110735
1272,2023-08-23 09:55:00,38.589,38.955,38.578,38.847,2555815
1273,2023-08-23 09:50:00,38.571,38.735,38.526,38.584,1635312
1274,2023-08-23 09:45:00,38.346,38.666,38.314,38.558,3718945
1275,2023-08-23 09:40:00,38.227,38.357,38.16,38.339,1688688
1276,2023-08-23 09:35:00,38.316,38.446,38.164,38.21,2397260
1277,2023-08-23 09:30:00,38.217,38.436,38.14,38.304,3235554
1278,2023-08-23 09:25:00,38.197,38.268,38.179,38.2,139014
1279,2023-08-23 09:20:00,38.217,38.227,38.159,38.19,96587
1280,2023-08-23 09:15:00,38.267,38.287,38.2,38.22,128581
1281,2023-08-23 09:10:00,38.187,38.287,38.18,38.259,175496
1282,2023-08-23 09:05:00,38.137,38.247,38.1,38.18,111311
1283,2023-08-23 09:00:00,38.017,38.137,37.99,38.13,96527
1284,2023-08-23 08:55:00,38.007,38.038,37.931,38.01,140520
1285,2023-08-23 08:50:00,38.077,38.108,38.0,38.01,126644
1286,2023-08-23 08:45:00,38.137,38.157,38.05,38.07,51473
1287,2023-08-23 08:40:00,38.147,38.157,38.03,38.138,196565
1288,2023-08-23 08:35:00,38.007,38.167,37.97,38.14,155907
1289,2023-08-23 08:30:00,37.898,38.018,37.891,38.005,178917
1290,2023-08-23 08:25:00,38.035,38.038,37.831,37.881,307404
1291,2023-08-23 08:20:00,38.047,38.068,37.97,38.03,148460
1292,2023-08-23 08:15:00,38.117,38.177,38.03,38.04,139635
1293,2023-08-23 08:10:00,38.057,38.137,38.05,38.1,125012
1294,2023-08-23 08:05:00,37.995,38.088,37.98,38.05,110194
1295,2023-08-23 08:00:00,38.306,38.763,37.841,37.99,573081
1296,2023-08-23 07:55:00,37.998,38.038,37.98,38.03,27723
1297,2023-08-23 07:50:00,37.948,38.018,37.94,37.981,35815
1298,2023-08-23 07:45:00,37.898,37.978,37.881,37.951,116062
1299,2023-08-23 07:40:00,37.978,37.998,37.881,37.891,69970
1300,2023-08-23 07:35:00,38.027,38.028,37.96,37.981,79153
1301,2023-08-23 07:30:00,37.908,38.038,37.891,38.02,88992
1302,2023-08-23 07:25:00,37.968,37.988,37.901,37.901,64801
1303,2023-08-23 07:20:00,37.888,37.988,37.861,37.961,76260
1304,2023-08-23 07:15:00,37.878,37.928,37.851,37.881,60213
1305,2023-08-23 07:10:00,37.958,37.958,37.821,37.861,75121
1306,2023-08-23 07:05:00,38.127,38.128,37.931,37.961,103004
1307,2023-08-23 07:00:00,38.306,38.317,38.1,38.12,121660
1308,2023-08-23 06:55:00,38.277,38.307,38.239,38.299,10789
1309,2023-08-23 06:50:00,38.296,38.307,38.259,38.269,13091
1310,2023-08-23 06:45:00,38.316,38.327,38.259,38.299,39335
1311,2023-08-23 06:40:00,38.396,38.397,38.309,38.319,29179
1312,2023-08-23 06:35:00,38.456,38.466,38.389,38.389,12284
1313,2023-08-23 06:30:00,38.446,38.486,38.419,38.439,13805
1314,2023-08-23 06:25:00,38.546,38.566,38.439,38.439,57096
1315,2023-08-23 06:20:00,38.546,38.576,38.518,38.528,14498
1316,2023-08-23 06:15:00,38.556,38.566,38.518,38.528,7326
1317,2023-08-23 06:10:00,38.566,38.566,38.528,38.558,27809
1318,2023-08-23 06:05:00,38.585,38.586,38.528,38.558,11151
1319,2023-08-23 06:00:00,38.576,38.616,38.568,38.578,5266
1320,2023-08-23 05:55:00,38.605,38.616,38.558,38.568,3533
1321,2023-08-23 05:50:00,38.595,38.626,38.578,38.608,13106
1322,2023-08-23 05:45:00,38.595,38.616,38.558,38.588,7457
1323,2023-08-23 05:40:00,38.585,38.636,38.578,38.588,18890
1324,2023-08-23 05:35:00,38.546,38.596,38.528,38.578,8559
1325,2023-08-23 05:30:00,38.585,38.606,38.528,38.528,16194
1326,2023-08-23 05:25:00,38.576,38.586,38.528,38.578,9479
1327,2023-08-23 05:20:00,38.516,38.576,38.508,38.568,28197
1328,2023-08-23 05:15:00,38.625,38.636,38.508,38.519,106065
1329,2023-08-23 05:10:00,38.695,38.725,38.618,38.618,55384
1330,2023-08-23 05:05:00,38.665,38.706,38.648,38.698,13202
1331,2023-08-23 05:00:00,38.645,38.686,38.618,38.658,14029
1332,2023-08-23 04:55:00,38.635,38.646,38.608,38.638,13227
1333,2023-08-23 04:50:00,38.655,38.666,38.628,38.628,8992
1334,2023-08-23 04:45:00,38.635,38.656,38.618,38.648,14151
1335,2023-08-23 04:40:00,38.675,38.686,38.628,38.628,7034
1336,2023-08-23 04:35:00,38.685,38.696,38.648,38.678,18425
1337,2023-08-23 04:30:00,38.715,38.715,38.678,38.688,25373
1338,2023-08-23 04:25:00,38.705,38.725,38.688,38.718,17888
1339,2023-08-23 04:20:00,38.725,38.725,38.678,38.708,22716
1340,2023-08-23 04:15:00,38.715,38.775,38.698,38.718,68208
1341,2023-08-23 04:10:00,38.625,38.735,38.588,38.708,74626
1342,2023-08-23 04:05:00,38.526,38.636,38.508,38.618,44380
1343,2023-08-23 04:00:00,38.526,38.586,38.449,38.528,117923
1344,2023-08-22 19:55:00,37.828,37.858,37.811,37.841,33389
1345,2023-08-22 19:50:00,37.858,37.858,37.831,37.831,11989
1346,2023-08-22 19:45:00,37.878,37.878,37.811,37.861,32936
1347,2023-08-22 19:40:00,37.908,37.918,37.881,37.881,7807
1348,2023-08-22 19:35:00,37.908,37.908,37.881,37.891,6856
1349,2023-08-22 19:30:00,37.908,37.928,37.891,37.891,10555
1350,2023-08-22 19:25:00,37.908,37.908,37.881,37.901,1947
1351,2023-08-22 19:20:00,37.888,37.918,37.881,37.901,6788
1352,2023-08-22 19:15:00,37.888,37.898,37.881,37.881,2380
1353,2023-08-22 19:10:00,37.888,37.908,37.871,37.881,4774
1354,2023-08-22 19:05:00,37.888,37.898,37.871,37.871,2243
1355,2023-08-22 19:00:00,37.908,37.908,37.881,37.881,9404
1356,2023-08-22 18:55:00,37.898,37.918,37.881,37.911,8763
1357,2023-08-22 18:50:00,37.938,37.938,37.901,37.901,5061
1358,2023-08-22 18:45:00,37.908,37.938,37.891,37.931,5556
1359,2023-08-22 18:40:00,37.908,37.918,37.896,37.896,5527
1360,2023-08-22 18:35:00,37.938,37.948,37.901,37.901,7505
1361,2023-08-22 18:30:00,37.948,37.958,37.931,37.931,3591
1362,2023-08-22 18:25:00,37.948,37.968,37.931,37.941,4577
1363,2023-08-22 18:20:00,37.968,37.978,37.931,37.961,9118
1364,2023-08-22 18:15:00,37.938,37.968,37.921,37.941,27039
1365,2023-08-22 18:10:00,37.909,37.948,37.901,37.931,6366
1366,2023-08-22 18:05:00,37.908,37.928,37.891,37.911,13708
1367,2023-08-22 18:00:00,37.848,37.918,37.841,37.911,33863
1368,2023-08-22 17:55:00,37.858,37.858,37.831,37.841,3948
1369,2023-08-22 17:50:00,37.848,37.868,37.831,37.851,1347
1370,2023-08-22 17:45:00,37.858,37.868,37.841,37.841,4652
1371,2023-08-22 17:40:00,37.868,37.888,37.841,37.861,6200
1372,2023-08-22 17:35:00,37.878,37.878,37.851,37.851,1103
1373,2023-08-22 17:30:00,37.888,37.888,37.861,37.881,2744
1374,2023-08-22 17:25:00,37.898,37.898,37.861,37.871,5800
1375,2023-08-22 17:20:00,37.888,37.898,37.871,37.881,2235
1376,2023-08-22 17:15:00,37.868,37.888,37.861,37.871,3364
1377,2023-08-22 17:10:00,37.858,37.898,37.851,37.861,12940
1378,2023-08-22 17:05:00,37.858,37.858,37.831,37.851,6650
1379,2023-08-22 17:00:00,37.868,37.868,37.208,37.841,12532
1380,2023-08-22 16:55:00,37.848,37.868,37.832,37.859,36640
1381,2023-08-22 16:50:00,37.828,37.848,37.811,37.841,38854
1382,2023-08-22 16:45:00,37.848,37.858,37.811,37.82,16792
1383,2023-08-22 16:40:00,37.848,37.868,37.831,37.851,12658
1384,2023-08-22 16:35:00,37.838,37.858,37.821,37.841,51665
1385,2023-08-22 16:30:00,37.818,37.839,37.811,37.831,42050
1386,2023-08-22 16:25:00,37.858,37.858,37.801,37.811,19656
1387,2023-08-22 16:20:00,37.858,37.858,37.821,37.841,19497
1388,2023-08-22 16:15:00,37.858,37.868,37.821,37.841,20386
1389,2023-08-22 16:10:00,37.878,37.898,37.856,37.856,53627
1390,2023-08-22 16:05:00,37.858,37.898,37.841,37.881,88512
1391,2023-08-22 16:00:00,37.858,37.878,37.821,37.851,559681
1392,2023-08-22 15:55:00,37.778,37.918,37.771,37.836,2285213
1393,2023-08-22 15:50:00,37.679,37.834,37.652,37.761,1367161
1394,2023-08-22 15:45:00,37.659,37.749,37.632,37.677,774579
1395,2023-08-22 15:40:00,37.709,37.719,37.632,37.652,1076016
1396,2023-08-22 15:35:00,37.798,37.818,37.697,37.711,403392
1397,2023-08-22 15:30:00,37.918,37.934,37.751,37.8,1094607
1398,2023-08-22 15:25:00,37.968,38.028,37.851,37.921,679257
1399,2023-08-22 15:20:00,38.047,38.078,37.911,37.959,893510
1400,2023-08-22 15:15:00,38.192,38.227,38.03,38.03,806394
1401,2023-08-22 15:10:00,38.117,38.197,38.073,38.18,954538
1402,2023-08-22 15:05:00,38.022,38.137,38.01,38.105,722974
1403,2023-08-22 15:00:00,37.958,38.048,37.931,38.02,678588
1404,2023-08-22 14:55:00,37.848,37.968,37.816,37.955,482706
1405,2023-08-22 14:50:00,37.858,37.898,37.821,37.846,363175
1406,2023-08-22 14:45:00,37.878,37.908,37.791,37.861,790358
1407,2023-08-22 14:40:00,38.007,38.018,37.821,37.869,1033938
1408,2023-08-22 14:35:00,38.037,38.078,37.94,38.0,666201
1409,2023-08-22 14:30:00,37.998,38.058,37.97,38.025,694414
1410,2023-08-22 14:25:00,37.823,38.028,37.802,37.989,862130
1411,2023-08-22 14:20:00,37.786,37.868,37.711,37.811,445725
1412,2023-08-22 14:15:00,37.788,37.868,37.731,37.781,417925
1413,2023-08-22 14:10:00,37.86,37.908,37.721,37.781,995827
1414,2023-08-22 14:05:00,37.798,37.878,37.752,37.856,441743
1415,2023-08-22 14:00:00,37.838,37.878,37.681,37.796,999975
1416,2023-08-22 13:55:00,37.735,37.864,37.714,37.831,630494
1417,2023-08-22 13:50:00,37.733,37.769,37.632,37.724,531084
1418,2023-08-22 13:45:00,37.768,37.819,37.671,37.721,566844
1419,2023-08-22 13:40:00,37.768,37.829,37.711,37.763,485917
1420,2023-08-22 13:35:00,37.878,37.914,37.741,37.761,987606
1421,2023-08-22 13:30:00,37.849,37.878,37.791,37.868,489121
1422,2023-08-22 13:25:00,37.738,37.868,37.721,37.842,575061
1423,2023-08-22 13:20:00,37.738,37.819,37.681,37.741,703641
1424,2023-08-22 13:15:00,37.768,37.799,37.652,37.731,829306
1425,2023-08-22 13:10:00,37.868,37.928,37.746,37.761,1339180
1426,2023-08-22 13:05:00,37.778,37.908,37.711,37.861,1357967
1427,2023-08-22 13:00:00,37.948,38.008,37.731,37.766,1716492
1428,2023-08-22 12:55:00,38.097,38.118,37.914,37.941,1033565
1429,2023-08-22 12:50:00,38.027,38.137,38.01,38.1,707958
1430,2023-08-22 12:45:00,38.042,38.088,37.99,38.03,497446
1431,2023-08-22 12:40:00,38.016,38.088,37.99,38.03,759424
1432,2023-08-22 12:35:00,37.8,38.018,37.771,38.008,1018313
1433,2023-08-22 12:30:00,37.868,37.938,37.781,37.801,1220677
1434,2023-08-22 12:25:00,37.778,37.897,37.691,37.857,1110493
1435,2023-08-22 12:20:00,37.738,37.779,37.691,37.761,842396
1436,2023-08-22 12:15:00,37.719,37.769,37.632,37.737,1751014
1437,2023-08-22 12:10:00,37.938,37.948,37.701,37.716,1804459
1438,2023-08-22 12:05:00,37.974,38.028,37.896,37.926,831762
1439,2023-08-22 12:00:00,38.027,38.068,37.94,37.961,895097
1440,2023-08-22 11:55:00,37.978,38.058,37.931,38.022,755383
1441,2023-08-22 11:50:00,38.236,38.246,37.95,37.976,1179047
1442,2023-08-22 11:45:00,38.147,38.247,38.12,38.223,411939
1443,2023-08-22 11:40:00,38.187,38.257,38.13,38.14,839979
1444,2023-08-22 11:35:00,38.355,38.407,38.18,38.18,1011430
1445,2023-08-22 11:30:00,38.306,38.421,38.244,38.343,669412
1446,2023-08-22 11:25:00,38.377,38.426,38.269,38.299,617550
1447,2023-08-22 11:20:00,38.326,38.491,38.318,38.369,739394
1448,2023-08-22 11:15:00,38.277,38.382,38.191,38.319,841131
1449,2023-08-22 11:10:00,38.356,38.536,38.259,38.269,1033726
1450,2023-08-22 11:05:00,38.466,38.486,38.303,38.344,1008026
1451,2023-08-22 11:00:00,38.516,38.566,38.429,38.459,862921
1452,2023-08-22 10:55:00,38.426,38.541,38.419,38.507,1166413
1453,2023-08-22 10:50:00,38.197,38.446,38.15,38.419,1369292
1454,2023-08-22 10:45:00,38.137,38.237,38.05,38.19,1107201
1455,2023-08-22 10:40:00,38.107,38.177,38.01,38.13,1142538
1456,2023-08-22 10:35:00,37.968,38.137,37.921,38.092,1627088
1457,2023-08-22 10:30:00,38.237,38.238,37.901,37.956,2514131
1458,2023-08-22 10:25:00,38.277,38.375,38.18,38.23,1107022
1459,2023-08-22 10:20:00,38.496,38.586,38.249,38.269,1712414
1460,2023-08-22 10:15:00,38.476,38.586,38.359,38.494,1625115
1461,2023-08-22 10:10:00,38.247,38.556,38.224,38.474,2041387
1462,2023-08-22 10:05:00,38.301,38.417,38.229,38.25,1467538
1463,2023-08-22 10:00:00,38.177,38.307,38.143,38.294,1391630
1464,2023-08-22 09:55:00,38.262,38.262,38.12,38.17,1904782
1465,2023-08-22 09:50:00,38.426,38.476,38.209,38.25,1723619
1466,2023-08-22 09:45:00,38.486,38.591,38.399,38.411,1965697
1467,2023-08-22 09:40:00,38.431,38.516,38.279,38.479,2089221
1468,2023-08-22 09:35:00,38.745,38.745,38.389,38.424,2188172
1469,2023-08-22 09:30:00,38.835,38.845,38.628,38.738,3451649
1470,2023-08-22 09:25:00,38.805,38.855,38.767,38.827,133390
1471,2023-08-22 09:20:00,38.815,38.875,38.787,38.802,126891
1472,2023-08-22 09:15:00,38.795,38.835,38.738,38.807,107152
1473,2023-08-22 09:10:00,38.805,38.835,38.777,38.788,98292
1474,2023-08-22 09:05:00,38.845,38.855,38.777,38.79,111551
1475,2023-08-22 09:00:00,38.805,38.845,38.767,38.837,106562
1476,2023-08-22 08:55:00,38.825,38.855,38.787,38.798,90365
1477,2023-08-22 08:50:00,38.874,38.915,38.817,38.827,121680
1478,2023-08-22 08:45:00,38.845,38.875,38.817,38.867,170412
1479,2023-08-22 08:40:00,38.944,38.965,38.837,38.837,151402
1480,2023-08-22 08:35:00,38.964,38.995,38.917,38.937,135012
1481,2023-08-22 08:30:00,38.914,39.044,38.907,38.957,416592
1482,2023-08-22 08:25:00,38.904,38.925,38.877,38.907,133324
1483,2023-08-22 08:20:00,38.944,38.965,38.887,38.897,180432
1484,2023-08-22 08:15:00,38.944,38.955,38.897,38.947,114506
1485,2023-08-22 08:10:00,38.984,39.004,38.927,38.937,164791
1486,2023-08-22 08:05:00,38.924,39.004,38.02,38.977,203575
1487,2023-08-22 08:00:00,38.64,38.955,37.781,38.927,773787
1488,2023-08-22 07:55:00,38.914,38.935,38.877,38.887,65555
1489,2023-08-22 07:50:00,38.934,38.955,38.887,38.907,63287
1490,2023-08-22 07:45:00,38.894,38.955,38.877,38.917,38090
1491,2023-08-22 07:40:00,38.835,38.905,38.827,38.887,101902
1492,2023-08-22 07:35:00,38.805,38.855,38.767,38.827,38253
1493,2023-08-22 07:30:00,38.775,38.835,38.767,38.798,43423
1494,2023-08-22 07:25:00,38.795,38.805,38.757,38.768,39160
1495,2023-08-22 07:20:00,38.745,38.805,38.738,38.788,55864
1496,2023-08-22 07:15:00,38.635,38.745,38.608,38.728,57099
1497,2023-08-22 07:10:00,38.576,38.646,38.558,38.638,25745
1498,2023-08-22 07:05:00,38.625,38.656,38.568,38.568,25828
1499,2023-08-22 07:00:00,38.645,38.666,38.588,38.618,38398
1500,2023-08-22 06:55:00,38.635,38.676,38.608,38.638,6175
1501,2023-08-22 06:50:00,38.635,38.636,38.598,38.618,16641
1502,2023-08-22 06:45:00,38.715,38.715,38.628,38.628,17177
1503,2023-08-22 06:40:00,38.685,38.745,38.678,38.718,51037
1504,2023-08-22 06:35:00,38.715,38.715,38.658,38.678,93264
1505,2023-08-22 06:30:00,38.695,38.745,38.688,38.718,8205
1506,2023-08-22 06:25:00,38.715,38.715,38.678,38.688,20645
1507,2023-08-22 06:20:00,38.705,38.715,38.678,38.708,16428
1508,2023-08-22 06:15:00,38.675,38.706,38.668,38.688,11068
1509,2023-08-22 06:10:00,38.695,38.706,38.658,38.668,19714
1510,2023-08-22 06:05:00,38.685,38.706,38.648,38.688,116122
1511,2023-08-22 06:00:00,38.685,38.696,38.638,38.678,19783
1512,2023-08-22 05:55:00,38.675,38.696,38.628,38.678,23632
1513,2023-08-22 05:50:00,38.715,38.725,38.658,38.668,71530
1514,2023-08-22 05:45:00,38.665,38.715,38.648,38.708,70622
1515,2023-08-22 05:40:00,38.605,38.676,38.588,38.658,47040
1516,2023-08-22 05:35:00,38.585,38.616,38.568,38.608,6204
1517,2023-08-22 05:30:00,38.576,38.596,38.558,38.588,15452
1518,2023-08-22 05:25:00,38.585,38.586,38.528,38.568,28473
1519,2023-08-22 05:20:00,38.506,38.586,38.478,38.578,12884
1520,2023-08-22 05:15:00,38.496,38.516,38.469,38.509,10278
1521,2023-08-22 05:10:00,38.506,38.516,38.478,38.489,22840
1522,2023-08-22 05:05:00,38.526,38.556,38.498,38.509,8071
1523,2023-08-22 05:00:00,38.595,38.596,38.498,38.519,12462
1524,2023-08-22 04:55:00,38.566,38.596,38.518,38.578,25362
1525,2023-08-22 04:50:00,38.595,38.596,38.558,38.558,60458
1526,2023-08-22 04:45:00,38.625,38.636,38.568,38.588,23717
1527,2023-08-22 04:40:00,38.576,38.626,38.548,38.618,23832
1528,2023-08-22 04:35:00,38.526,38.566,38.518,38.558,16862
1529,2023-08-22 04:30:00,38.526,38.556,38.508,38.528,10749
1530,2023-08-22 04:25:00,38.595,38.606,38.488,38.509,41722
1531,2023-08-22 04:20:00,38.536,38.606,38.518,38.588,24305
1532,2023-08-22 04:15:00,38.556,38.606,38.498,38.528,66739
1533,2023-08-22 04:10:00,38.556,38.586,38.528,38.548,31550
1534,2023-08-22 04:05:00,38.566,38.576,38.498,38.538,45020
1535,2023-08-22 04:00:00,38.466,38.576,38.02,38.558,91536
1536,2023-08-21 19:55:00,37.788,37.799,37.761,37.781,39523
1537,2023-08-21 19:50:00,37.858,37.858,37.781,37.781,31821
1538,2023-08-21 19:45:00,37.898,37.898,37.841,37.851,33896
1539,2023-08-21 19:40:00,37.918,37.938,37.881,37.891,12219
1540,2023-08-21 19:35:00,37.938,37.948,37.911,37.911,14004
1541,2023-08-21 19:30:00,37.938,37.948,37.921,37.931,7113
1542,2023-08-21 19:25:00,37.928,37.948,37.911,37.921,21338
1543,2023-08-21 19:20:00,37.898,37.938,37.891,37.931,61190
1544,2023-08-21 19:15:00,37.898,37.918,37.891,37.891,12963
1545,2023-08-21 19:10:00,37.868,37.908,37.861,37.891,6712
1546,2023-08-21 19:05:00,37.858,37.868,37.831,37.851,13717
1547,2023-08-21 19:00:00,37.838,37.858,37.831,37.851,13223
1548,2023-08-21 18:55:00,37.848,37.868,37.821,37.841,15347
1549,2023-08-21 18:50:00,37.827,37.839,37.801,37.821,32013
1550,2023-08-21 18:45:00,37.838,37.839,37.811,37.821,29477
1551,2023-08-21 18:40:00,37.838,37.848,37.821,37.821,11767
1552,2023-08-21 18:35:00,37.848,37.858,37.831,37.831,41584
1553,2023-08-21 18:30:00,37.858,37.878,37.841,37.851,69379
1554,2023-08-21 18:25:00,37.868,37.868,37.831,37.841,18203
1555,2023-08-21 18:20:00,37.868,37.878,37.851,37.852,18345
1556,2023-08-21 18:15:00,37.828,37.868,37.811,37.861,56313
1557,2023-08-21 18:10:00,37.908,37.918,37.811,37.821,34180
1558,2023-08-21 18:05:00,37.898,37.918,37.891,37.901,9100
1559,2023-08-21 18:00:00,37.978,37.988,37.881,37.891,91807
1560,2023-08-21 17:55:00,38.007,38.018,37.98,37.981,19811
1561,2023-08-21 17:50:00,38.007,38.018,37.99,38.0,12297
1562,2023-08-21 17:45:00,38.027,38.028,38.0,38.0,12569
1563,2023-08-21 17:40:00,38.037,38.038,38.0,38.02,12207
1564,2023-08-21 17:35:00,38.027,38.038,38.01,38.02,11991
1565,2023-08-21 17:30:00,38.017,38.038,38.01,38.03,9382
1566,2023-08-21 17:25:00,38.017,38.038,38.0,38.03,20345
1567,2023-08-21 17:20:00,38.027,38.042,38.01,38.02,16432
1568,2023-08-21 17:15:00,38.057,38.058,38.01,38.03,40387
1569,2023-08-21 17:10:00,37.978,38.068,37.97,38.04,183497
1570,2023-08-21 17:05:00,37.958,37.998,37.95,37.99,117734
1571,2023-08-21 17:00:00,37.919,37.958,37.911,37.951,113893
1572,2023-08-21 16:55:00,37.913,37.928,37.901,37.911,25913
1573,2023-08-21 16:50:00,37.908,37.928,37.891,37.911,60736
1574,2023-08-21 16:45:00,37.918,37.918,37.891,37.911,32545
1575,2023-08-21 16:40:00,37.918,37.928,37.911,37.911,34487
1576,2023-08-21 16:35:00,37.908,37.928,37.891,37.921,54711
1577,2023-08-21 16:30:00,37.908,37.928,37.891,37.9,44788
1578,2023-08-21 16:25:00,37.908,37.928,37.901,37.901,59519
1579,2023-08-21 16:20:00,37.898,37.918,37.891,37.911,107598
1580,2023-08-21 16:15:00,38.027,38.028,37.861,37.891,114132
1581,2023-08-21 16:10:00,37.928,37.928,37.851,37.891,142146
1582,2023-08-21 16:05:00,37.918,37.958,37.891,37.921,164721
1583,2023-08-21 16:00:00,38.047,38.048,37.891,37.911,749032
1584,2023-08-21 15:55:00,38.127,38.137,37.97,38.05,2018553
1585,2023-08-21 15:50:00,38.127,38.197,38.08,38.12,1484714
1586,2023-08-21 15:45:00,38.177,38.182,38.1,38.12,968915
1587,2023-08-21 15:40:00,38.122,38.247,38.115,38.175,1083981
1588,2023-08-21 15:35:00,38.087,38.157,38.054,38.115,1011656
1589,2023-08-21 15:30:00,38.057,38.118,37.99,38.086,1229381
1590,2023-08-21 15:25:00,38.147,38.167,38.041,38.054,773384
1591,2023-08-21 15:20:00,38.112,38.177,38.07,38.15,846333
1592,2023-08-21 15:15:00,38.097,38.157,38.085,38.101,833713
1593,2023-08-21 15:10:00,38.057,38.108,37.985,38.09,788127
1594,2023-08-21 15:05:00,38.075,38.123,38.01,38.055,914854
1595,2023-08-21 15:00:00,37.998,38.108,37.99,38.06,1043196
1596,2023-08-21 14:55:00,38.042,38.058,37.95,37.985,810550
1597,2023-08-21 14:50:00,38.077,38.088,38.0,38.033,646300
1598,2023-08-21 14:45:00,37.978,38.088,37.95,38.06,753136
1599,2023-08-21 14:40:00,37.888,38.018,37.881,37.98,1123100
1600,2023-08-21 14:35:00,37.808,37.923,37.801,37.881,526212
1601,2023-08-21 14:30:00,37.828,37.884,37.781,37.801,560263
1602,2023-08-21 14:25:00,37.857,37.888,37.741,37.816,820735
1603,2023-08-21 14:20:00,37.875,37.958,37.841,37.846,890619
1604,2023-08-21 14:15:00,37.853,37.898,37.831,37.861,630946
1605,2023-08-21 14:10:00,37.768,37.888,37.761,37.851,1036169
1606,2023-08-21 14:05:00,37.761,37.819,37.716,37.756,515180
1607,2023-08-21 14:00:00,37.728,37.789,37.686,37.751,1047362
1608,2023-08-21 13:55:00,37.733,37.749,37.652,37.72,863872
1609,2023-08-21 13:50:00,37.818,37.837,37.701,37.731,1643669
1610,2023-08-21 13:45:00,37.828,37.868,37.761,37.811,823197
1611,2023-08-21 13:40:00,37.723,37.837,37.716,37.829,1074381
1612,2023-08-21 13:35:00,37.699,37.789,37.691,37.711,798642
1613,2023-08-21 13:30:00,37.64,37.749,37.602,37.695,882921
1614,2023-08-21 13:25:00,37.629,37.749,37.612,37.642,1154705
1615,2023-08-21 13:20:00,37.519,37.639,37.512,37.617,927446
1616,2023-08-21 13:15:00,37.355,37.52,37.348,37.507,871422
1617,2023-08-21 13:10:00,37.42,37.436,37.333,37.351,649590
1618,2023-08-21 13:05:00,37.315,37.45,37.293,37.413,620305
1619,2023-08-21 13:00:00,37.419,37.46,37.303,37.303,793501
1620,2023-08-21 12:55:00,37.31,37.44,37.263,37.403,752913
1621,2023-08-21 12:50:00,37.365,37.37,37.283,37.294,584637
1622,2023-08-21 12:45:00,37.285,37.377,37.263,37.358,885494
1623,2023-08-21 12:40:00,37.22,37.31,37.203,37.276,612239
1624,2023-08-21 12:35:00,37.22,37.251,37.153,37.213,760649
1625,2023-08-21 12:30:00,37.23,37.266,37.163,37.212,806816
1626,2023-08-21 12:25:00,37.19,37.241,37.173,37.22,812583
1627,2023-08-21 12:20:00,37.036,37.211,37.015,37.178,1006478
1628,2023-08-21 12:15:00,36.931,37.051,36.924,37.028,945985
1629,2023-08-21 12:10:00,36.813,36.952,36.725,36.924,902056
1630,2023-08-21 12:05:00,36.842,36.862,36.765,36.805,440442
1631,2023-08-21 12:00:00,36.742,36.869,36.715,36.845,751764
1632,2023-08-21 11:55:00,36.707,36.797,36.675,36.74,510611
1633,2023-08-21 11:50:00,36.712,36.792,36.655,36.695,574241
1634,2023-08-21 11:45:00,36.632,36.762,36.575,36.711,824908
1635,2023-08-21 11:40:00,36.772,36.799,36.625,36.63,809512
1636,2023-08-21 11:35:00,36.901,36.932,36.72,36.765,744158
1637,2023-08-21 11:30:00,36.752,36.937,36.727,36.89,1146598
1638,2023-08-21 11:25:00,36.762,36.802,36.685,36.75,603331
1639,2023-08-21 11:20:00,36.762,36.842,36.705,36.745,2044508
1640,2023-08-21 11:15:00,36.762,36.782,36.615,36.755,1780226
1641,2023-08-21 11:10:00,36.871,36.89,36.695,36.755,1592821
1642,2023-08-21 11:05:00,37.042,37.083,36.805,36.865,993800
1643,2023-08-21 11:00:00,36.899,37.081,36.795,37.044,1469440
1644,2023-08-21 10:55:00,36.97,37.026,36.884,36.894,1645342
1645,2023-08-21 10:50:00,37.066,37.071,36.889,36.964,2089601
1646,2023-08-21 10:45:00,37.061,37.171,36.984,37.044,990221
1647,2023-08-21 10:40:00,37.001,37.161,36.964,37.054,1830033
1648,2023-08-21 10:35:00,36.991,37.051,36.884,36.995,1818644
1649,2023-08-21 10:30:00,36.896,37.021,36.815,36.989,2518124
1650,2023-08-21 10:25:00,37.101,37.121,36.857,36.89,2599381
1651,2023-08-21 10:20:00,37.32,37.33,37.084,37.084,1636182
1652,2023-08-21 10:15:00,37.362,37.38,37.233,37.311,1725809
1653,2023-08-21 10:10:00,37.567,37.574,37.333,37.362,1387546
1654,2023-08-21 10:05:00,37.529,37.649,37.502,37.557,1552605
1655,2023-08-21 10:00:00,37.509,37.54,37.412,37.512,1384641
1656,2023-08-21 09:55:00,37.215,37.505,37.185,37.497,1777557
1657,2023-08-21 09:50:00,37.136,37.251,37.044,37.208,1417487
1658,2023-08-21 09:45:00,37.21,37.231,37.074,37.129,1544371
1659,2023-08-21 09:40:00,37.24,37.33,37.173,37.193,1834234
1660,2023-08-21 09:35:00,37.011,37.29,37.004,37.224,2836455
1661,2023-08-21 09:30:00,36.742,37.021,36.685,37.004,2936577
1662,2023-08-21 09:25:00,36.702,36.732,36.675,36.715,125012
1663,2023-08-21 09:20:00,36.672,36.712,36.635,36.7,214875
1664,2023-08-21 09:15:00,36.682,36.702,36.625,36.665,319847
1665,2023-08-21 09:10:00,36.722,36.732,36.645,36.675,146432
1666,2023-08-21 09:05:00,36.802,36.802,36.695,36.715,116874
1667,2023-08-21 09:00:00,36.782,36.832,36.765,36.795,146083
1668,2023-08-21 08:55:00,36.842,36.842,36.765,36.775,99510
1669,2023-08-21 08:50:00,36.871,36.892,36.825,36.845,103959
1670,2023-08-21 08:45:00,36.911,36.922,36.864,36.865,94052
1671,2023-08-21 08:40:00,36.901,36.922,36.864,36.902,38353
1672,2023-08-21 08:35:00,36.931,36.932,36.874,36.894,92064
1673,2023-08-21 08:30:00,37.011,37.031,36.904,36.924,112631
1674,2023-08-21 08:25:00,36.951,37.041,36.944,37.004,70583
1675,2023-08-21 08:20:00,36.981,36.991,36.944,36.944,48848
1676,2023-08-21 08:15:00,37.006,37.011,36.954,36.974,80418
1677,2023-08-21 08:10:00,37.011,37.031,36.994,37.004,49469
1678,2023-08-21 08:05:00,37.051,37.061,36.994,36.999,85712
1679,2023-08-21 08:00:00,37.031,37.081,36.087,37.034,543720
1680,2023-08-21 07:55:00,37.021,37.031,36.994,37.024,33601
1681,2023-08-21 07:50:00,37.021,37.051,37.005,37.024,25503
1682,2023-08-21 07:45:00,36.991,37.021,36.984,37.014,26969
1683,2023-08-21 07:40:00,36.941,37.001,36.924,36.974,35558
1684,2023-08-21 07:35:00,36.961,36.962,36.904,36.934,21260
1685,2023-08-21 07:30:00,36.941,36.981,36.924,36.954,42979
1686,2023-08-21 07:25:00,36.921,36.932,36.894,36.924,17813
1687,2023-08-21 07:20:00,36.901,36.932,36.874,36.914,17654
1688,2023-08-21 07:15:00,36.842,36.912,36.825,36.894,20380
1689,2023-08-21 07:10:00,36.911,36.912,36.825,36.835,14460
1690,2023-08-21 07:05:00,36.901,36.922,36.854,36.894,51882
1691,2023-08-21 07:00:00,36.861,36.912,36.835,36.894,108618
1692,2023-08-21 06:55:00,36.852,36.872,36.815,36.865,7751
1693,2023-08-21 06:50:00,36.842,36.862,36.825,36.845,8228
1694,2023-08-21 06:45:00,36.871,36.882,36.805,36.835,25449
1695,2023-08-21 06:40:00,36.861,36.872,36.825,36.865,15858
1696,2023-08-21 06:35:00,36.871,36.872,36.835,36.855,20481
1697,2023-08-21 06:30:00,36.871,36.912,36.845,36.855,22248
1698,2023-08-21 06:25:00,36.911,36.932,36.864,36.865,48690
1699,2023-08-21 06:20:00,36.931,36.942,36.874,36.904,14235
1700,2023-08-21 06:15:00,36.931,36.962,36.914,36.924,10923
1701,2023-08-21 06:10:00,36.991,36.991,36.924,36.924,16324
1702,2023-08-21 06:05:00,36.921,37.011,36.914,36.984,16552
1703,2023-08-21 06:00:00,36.951,36.981,36.904,36.904,13210
1704,2023-08-21 05:55:00,36.951,36.981,36.894,36.954,20692
1705,2023-08-21 05:50:00,36.931,36.952,36.904,36.934,8364
1706,2023-08-21 05:45:00,36.871,36.942,36.864,36.914,12397
1707,2023-08-21 05:40:00,36.871,36.912,36.864,36.875,30803
1708,2023-08-21 05:35:00,36.881,36.912,36.864,36.865,17592
1709,2023-08-21 05:30:00,36.941,36.942,36.864,36.875,17143
1710,2023-08-21 05:25:00,36.941,36.981,36.924,36.924,64419
1711,2023-08-21 05:20:00,36.941,36.942,36.904,36.934,14806
1712,2023-08-21 05:15:00,36.981,36.981,36.924,36.944,23028
1713,2023-08-21 05:10:00,36.921,36.981,36.904,36.974,23680
1714,2023-08-21 05:05:00,36.911,36.962,36.894,36.914,29594
1715,2023-08-21 05:00:00,36.891,36.942,36.884,36.904,22101
1716,2023-08-21 04:55:00,36.881,36.902,36.864,36.885,28613
1717,2023-08-21 04:50:00,36.881,36.902,36.864,36.875,8213
1718,2023-08-21 04:45:00,36.891,36.922,36.854,36.885,18469
1719,2023-08-21 04:40:00,36.842,36.912,36.815,36.875,13933
1720,2023-08-21 04:35:00,36.871,36.882,36.835,36.835,22590
1721,2023-08-21 04:30:00,36.871,36.892,36.845,36.875,34924
1722,2023-08-21 04:25:00,36.852,36.872,36.815,36.855,30974
1723,2023-08-21 04:20:00,36.792,36.852,36.765,36.845,55977
1724,2023-08-21 04:15:00,36.772,36.822,36.745,36.795,16295
1725,2023-08-21 04:10:00,36.792,36.812,36.735,36.765,24452
1726,2023-08-21 04:05:00,36.812,36.832,36.775,36.795,20860
1727,2023-08-21 04:00:00,36.762,36.842,36.436,36.815,85332
1728,2023-08-18 19:55:00,36.363,36.433,36.336,36.406,39329
1729,2023-08-18 19:50:00,36.343,36.374,36.326,36.357,17412
1730,2023-08-18 19:45:00,36.393,36.394,36.346,36.347,10203
1731,2023-08-18 19:40:00,36.363,36.394,36.346,36.376,17988
1732,2023-08-18 19:35:00,36.353,36.384,36.336,36.356,15116
1733,2023-08-18 19:30:00,36.353,36.364,36.346,36.356,6530
1734,2023-08-18 19:25:00,36.343,36.354,36.326,36.347,6228
1735,2023-08-18 19:20:00,36.343,36.354,36.316,36.347,3337
1736,2023-08-18 19:15:00,36.343,36.344,36.326,36.327,9561
1737,2023-08-18 19:10:00,36.313,36.344,36.306,36.337,3148
1738,2023-08-18 19:05:00,36.313,36.324,36.297,36.317,1952
1739,2023-08-18 19:00:00,36.313,36.324,36.297,36.307,4794
1740,2023-08-18 18:55:00,36.343,36.344,36.306,36.307,6899
1741,2023-08-18 18:50:00,36.323,36.334,36.316,36.327,6417
1742,2023-08-18 18:45:00,36.323,36.324,36.306,36.317,25808
1743,2023-08-18 18:40:00,36.318,36.324,36.297,36.317,4229
1744,2023-08-18 18:35:00,36.313,36.334,36.306,36.307,4642
1745,2023-08-18 18:30:00,36.363,36.364,36.316,36.317,3978
1746,2023-08-18 18:25:00,36.363,36.364,36.346,36.356,19125
1747,2023-08-18 18:20:00,36.383,36.384,36.346,36.356,18559
1748,2023-08-18 18:15:00,36.373,36.394,36.366,36.376,9940
1749,2023-08-18 18:10:00,36.363,36.384,36.351,36.376,11354
1750,2023-08-18 18:05:00,36.363,36.364,36.346,36.356,13176
1751,2023-08-18 18:00:00,36.363,36.374,36.346,36.356,30785
1752,2023-08-18 17:55:00,36.343,36.364,36.336,36.356,10256
1753,2023-08-18 17:50:00,36.328,36.354,36.316,36.337,5922
1754,2023-08-18 17:45:00,36.303,36.324,36.297,36.317,10471
1755,2023-08-18 17:40:00,36.323,36.324,36.287,36.297,4941
1756,2023-08-18 17:35:00,36.313,36.324,36.287,36.317,13009
1757,2023-08-18 17:30:00,36.323,36.324,36.277,36.307,14610
1758,2023-08-18 17:25:00,36.323,36.324,36.306,36.307,4572
1759,2023-08-18 17:20:00,36.284,36.324,36.267,36.317,11685
1760,2023-08-18 17:15:00,36.293,36.294,36.277,36.287,16462
1761,2023-08-18 17:10:00,36.284,36.294,36.277,36.277,21135
1762,2023-08-18 17:05:00,36.269,36.294,36.257,36.287,12257
1763,2023-08-18 17:00:00,36.274,36.274,36.247,36.267,30133
1764,2023-08-18 16:55:00,36.254,36.274,36.227,36.267,31587
1765,2023-08-18 16:50:00,36.284,36.294,36.247,36.247,38450
1766,2023-08-18 16:45:00,36.272,36.294,36.265,36.287,19853
1767,2023-08-18 16:40:00,36.313,36.314,36.257,36.267,93632
1768,2023-08-18 16:35:00,36.303,36.324,36.297,36.297,27993
1769,2023-08-18 16:30:00,36.293,36.314,36.277,36.307,50354
1770,2023-08-18 16:25:00,36.293,36.304,36.287,36.287,47860
1771,2023-08-18 16:20:00,36.293,36.314,36.277,36.287,38696
1772,2023-08-18 16:15:00,36.274,36.324,36.267,36.287,170807
1773,2023-08-18 16:10:00,36.293,36.354,36.277,36.327,171854
1774,2023-08-18 16:05:00,36.313,36.334,36.277,36.287,137192
1775,2023-08-18 16:00:00,36.298,36.433,36.257,36.307,1131047
1776,2023-08-18 15:55:00,36.313,36.314,36.147,36.292,2937363
1777,2023-08-18 15:50:00,36.622,36.663,36.287,36.307,1833981
1778,2023-08-18 15:45:00,36.453,36.682,36.436,36.606,1937221
1779,2023-08-18 15:40:00,36.303,36.473,36.292,36.456,1354427
1780,2023-08-18 15:35:00,36.339,36.339,36.227,36.287,577553
1781,2023-08-18 15:30:00,36.323,36.354,36.258,36.331,654678
1782,2023-08-18 15:25:00,36.194,36.344,36.177,36.317,778555
1783,2023-08-18 15:20:00,36.194,36.279,36.117,36.187,814765
1784,2023-08-18 15:15:00,36.134,36.211,36.097,36.177,1123873
1785,2023-08-18 15:10:00,36.244,36.264,36.087,36.132,1152426
1786,2023-08-18 15:05:00,36.264,36.362,36.217,36.237,962148
1787,2023-08-18 15:00:00,36.284,36.284,36.152,36.257,1122427
1788,2023-08-18 14:55:00,36.318,36.404,36.247,36.267,729396
1789,2023-08-18 14:50:00,36.452,36.453,36.257,36.317,967729
1790,2023-08-18 14:45:00,36.368,36.473,36.316,36.441,902148
1791,2023-08-18 14:40:00,36.439,36.503,36.331,36.357,1705604
1792,2023-08-18 14:35:00,36.333,36.434,36.306,36.426,904621
1793,2023-08-18 14:30:00,36.204,36.384,36.167,36.322,1278050
1794,2023-08-18 14:25:00,36.194,36.223,35.878,36.197,730795
1795,2023-08-18 14:20:00,36.194,36.284,35.629,36.182,910005
1796,2023-08-18 14:15:00,36.164,36.264,35.878,36.189,1294458
1797,2023-08-18 14:10:00,36.184,36.194,35.629,36.157,1287584
1798,2023-08-18 14:05:00,36.174,36.274,36.157,36.174,1083093
1799,2023-08-18 14:00:00,36.144,36.194,36.117,36.177,733585
1800,2023-08-18 13:55:00,36.154,36.154,36.047,36.137,534674
1801,2023-08-18 13:50:00,36.103,36.174,36.047,36.147,640309
1802,2023-08-18 13:45:00,36.064,36.134,36.008,36.097,620723
1803,2023-08-18 13:40:00,35.94,36.055,35.858,36.048,781671
1804,2023-08-18 13:35:00,36.074,36.085,35.908,35.929,832419
1805,2023-08-18 13:30:00,35.985,36.095,35.639,36.068,1309658
1806,2023-08-18 13:25:00,35.765,35.995,35.669,35.968,1292663
1807,2023-08-18 13:20:00,35.91,35.954,35.758,35.769,1151767
1808,2023-08-18 13:15:00,35.975,36.045,35.838,35.9,674961
1809,2023-08-18 13:10:00,35.995,36.015,35.888,35.978,836833
1810,2023-08-18 13:05:00,36.072,36.164,35.948,35.978,953899
1811,2023-08-18 13:00:00,36.034,36.075,35.928,36.058,831600
1812,2023-08-18 12:55:00,36.189,36.189,36.008,36.02,934762
1813,2023-08-18 12:50:00,36.234,36.274,36.157,36.177,725587
1814,2023-08-18 12:45:00,36.194,36.264,36.107,36.217,719996
1815,2023-08-18 12:40:00,36.094,36.204,36.051,36.182,546541
1816,2023-08-18 12:35:00,36.039,36.115,35.978,36.077,999123
1817,2023-08-18 12:30:00,35.985,36.085,35.942,36.033,752226
1818,2023-08-18 12:25:00,36.034,36.053,35.958,35.978,733487
1819,2023-08-18 12:20:00,36.035,36.115,35.998,36.038,834117
1820,2023-08-18 12:15:00,36.143,36.154,36.008,36.038,850265
1821,2023-08-18 12:10:00,36.254,36.299,36.057,36.137,1401132
1822,2023-08-18 12:05:00,36.212,36.294,36.168,36.252,1069719
1823,2023-08-18 12:00:00,36.194,36.249,36.107,36.201,1261459
1824,2023-08-18 11:55:00,36.044,36.234,36.023,36.182,1560143
1825,2023-08-18 11:50:00,35.845,36.075,35.828,36.038,1293539
1826,2023-08-18 11:45:00,35.795,35.865,35.734,35.838,2231303
1827,2023-08-18 11:40:00,35.701,35.796,35.53,35.784,1991547
1828,2023-08-18 11:35:00,35.695,35.816,35.674,35.694,1065141
1829,2023-08-18 11:30:00,35.706,35.806,35.659,35.679,1131036
1830,2023-08-18 11:25:00,35.86,35.885,35.699,35.709,1795917
1831,2023-08-18 11:20:00,35.903,35.965,35.814,35.848,1142920
1832,2023-08-18 11:15:00,35.905,36.03,35.868,35.888,1573188
1833,2023-08-18 11:10:00,35.76,35.935,35.749,35.893,1659166
1834,2023-08-18 11:05:00,35.965,36.015,35.724,35.754,1801447
1835,2023-08-18 11:00:00,35.78,35.975,35.768,35.958,2124854
1836,2023-08-18 10:55:00,35.656,35.786,35.609,35.776,1184721
1837,2023-08-18 10:50:00,35.77,35.806,35.569,35.649,1391594
1838,2023-08-18 10:45:00,35.875,35.88,35.729,35.769,1158778
1839,2023-08-18 10:40:00,35.825,35.915,35.788,35.858,1308756
1840,2023-08-18 10:35:00,35.656,35.885,35.634,35.818,2773394
1841,2023-08-18 10:30:00,35.456,35.666,35.43,35.654,1330145
1842,2023-08-18 10:25:00,35.705,35.706,35.44,35.45,1300000
1843,2023-08-18 10:20:00,35.526,35.716,35.508,35.689,2120621
1844,2023-08-18 10:15:00,35.546,35.566,35.24,35.52,2392767
1845,2023-08-18 10:10:00,35.481,35.596,35.39,35.539,2359087
1846,2023-08-18 10:05:00,35.506,35.517,35.334,35.47,1520194
1847,2023-08-18 10:00:00,35.476,35.517,35.29,35.505,2444234
1848,2023-08-18 09:55:00,35.656,35.661,35.418,35.475,2284464
1849,2023-08-18 09:50:00,35.765,35.895,35.569,35.639,3143103
1850,2023-08-18 09:45:00,35.646,35.806,35.47,35.764,2805427
1851,2023-08-18 09:40:00,35.686,35.721,35.455,35.649,3411790
1852,2023-08-18 09:35:00,35.524,35.722,35.375,35.674,5724422
1853,2023-08-18 09:30:00,35.407,35.722,35.34,35.51,6646298
1854,2023-08-18 09:25:00,35.506,35.537,35.33,35.4,387678
1855,2023-08-18 09:20:00,35.556,35.576,35.47,35.51,192355
1856,2023-08-18 09:15:00,35.626,35.636,35.539,35.549,176188
1857,2023-08-18 09:10:00,35.576,35.636,35.529,35.619,338573
1858,2023-08-18 09:05:00,35.486,35.626,35.45,35.579,374863
1859,2023-08-18 09:00:00,35.536,35.616,35.47,35.48,240816
1860,2023-08-18 08:55:00,35.456,35.556,35.44,35.53,291601
1861,2023-08-18 08:50:00,35.426,35.497,35.41,35.44,271227
1862,2023-08-18 08:45:00,35.486,35.497,35.39,35.42,237297
1863,2023-08-18 08:40:00,35.506,35.537,35.44,35.47,157657
1864,2023-08-18 08:35:00,35.456,35.517,35.43,35.5,140500
1865,2023-08-18 08:30:00,35.506,35.537,35.45,35.46,169146
1866,2023-08-18 08:25:00,35.417,35.517,35.41,35.497,147657
1867,2023-08-18 08:20:00,35.506,35.507,35.4,35.41,277744
1868,2023-08-18 08:15:00,35.556,35.596,35.45,35.5,304098
1869,2023-08-18 08:10:00,35.636,35.656,35.549,35.549,105699
1870,2023-08-18 08:05:00,35.715,35.726,35.599,35.639,191170
1871,2023-08-18 08:00:00,35.626,36.453,35.47,35.709,936681
1872,2023-08-18 07:55:00,35.596,35.646,35.589,35.619,133813
1873,2023-08-18 07:50:00,35.566,35.606,35.549,35.579,132751
1874,2023-08-18 07:45:00,35.606,35.616,35.549,35.559,88829
1875,2023-08-18 07:40:00,35.486,35.616,35.48,35.599,159578
1876,2023-08-18 07:35:00,35.646,35.656,35.48,35.48,229455
1877,2023-08-18 07:30:00,35.656,35.716,35.599,35.639,191333
1878,2023-08-18 07:25:00,35.725,35.736,35.639,35.659,96663
1879,2023-08-18 07:20:00,35.815,35.816,35.699,35.719,170541
1880,2023-08-18 07:15:00,35.865,35.885,35.788,35.799,78579
1881,2023-08-18 07:10:00,35.885,35.905,35.858,35.868,106569
1882,2023-08-18 07:05:00,35.935,35.935,35.828,35.878,158398
1883,2023-08-18 07:00:00,35.995,36.045,35.918,35.918,124815
1884,2023-08-18 06:55:00,35.965,35.995,35.948,35.988,49761
1885,2023-08-18 06:50:00,35.995,36.025,35.948,35.948,42431
1886,2023-08-18 06:45:00,35.995,36.005,35.968,35.988,26675
1887,2023-08-18 06:40:00,36.024,36.045,35.968,35.978,49489
1888,2023-08-18 06:35:00,36.034,36.065,35.998,36.018,64464
1889,2023-08-18 06:30:00,36.134,36.134,36.028,36.028,34513
1890,2023-08-18 06:25:00,36.174,36.204,36.127,36.137,16291
1891,2023-08-18 06:20:00,36.204,36.224,36.167,36.177,51052
1892,2023-08-18 06:15:00,36.214,36.214,36.157,36.187,11240
1893,2023-08-18 06:10:00,36.174,36.214,36.117,36.207,17720
1894,2023-08-18 06:05:00,36.124,36.174,36.117,36.157,29382
1895,2023-08-18 06:00:00,36.144,36.164,36.097,36.117,30313
1896,2023-08-18 05:55:00,36.164,36.194,36.127,36.147,17098
1897,2023-08-18 05:50:00,36.104,36.164,36.087,36.157,15600
1898,2023-08-18 05:45:00,36.134,36.134,36.067,36.097,15223
1899,2023-08-18 05:40:00,36.114,36.184,36.087,36.127,27731
1900,2023-08-18 05:35:00,36.124,36.134,36.067,36.107,30157
1901,2023-08-18 05:30:00,36.104,36.144,36.057,36.107,50020
1902,2023-08-18 05:25:00,36.164,36.174,36.087,36.087,28118
1903,2023-08-18 05:20:00,36.144,36.174,36.117,36.157,10899
1904,2023-08-18 05:15:00,36.124,36.174,36.097,36.137,28984
1905,2023-08-18 05:10:00,36.184,36.214,36.107,36.117,25004
1906,2023-08-18 05:05:00,36.284,36.294,36.167,36.177,25897
1907,2023-08-18 05:00:00,36.323,36.344,36.277,36.277,17467
1908,2023-08-18 04:55:00,36.254,36.324,36.247,36.317,33108
1909,2023-08-18 04:50:00,36.224,36.264,36.197,36.257,13302
1910,2023-08-18 04:45:00,36.234,36.254,36.187,36.217,16901
1911,2023-08-18 04:40:00,36.224,36.264,36.197,36.217,15937
1912,2023-08-18 04:35:00,36.303,36.304,36.187,36.217,23155
1913,2023-08-18 04:30:00,36.224,36.314,36.207,36.307,40910
1914,2023-08-18 04:25:00,36.274,36.314,36.207,36.217,23145
1915,2023-08-18 04:20:00,36.303,36.334,36.247,36.257,55845
1916,2023-08-18 04:15:00,36.363,36.384,36.287,36.297,24567
1917,2023-08-18 04:10:00,36.293,36.364,36.287,36.356,8785
1918,2023-08-18 04:05:00,36.353,36.384,36.277,36.277,22012
1919,2023-08-18 04:00:00,36.254,36.473,36.227,36.356,73663
1920,2023-08-17 19:55:00,36.333,36.344,36.306,36.317,56165
1921,2023-08-17 19:50:00,36.333,36.354,36.316,36.337,75227
1922,2023-08-17 19:45:00,36.353,36.374,36.336,36.347,19998
1923,2023-08-17 19:40:00,36.373,36.394,36.346,36.356,132020
1924,2023-08-17 19:35:00,36.363,36.384,36.346,36.366,31998
1925,2023-08-17 19:30:00,36.293,36.364,36.287,36.356,24369
1926,2023-08-17 19:25:00,36.293,36.304,36.267,36.277,11591
1927,2023-08-17 19:20:00,36.284,36.314,36.267,36.287,20893
1928,2023-08-17 19:15:00,36.303,36.304,36.267,36.287,10591
1929,2023-08-17 19:10:00,36.293,36.314,36.267,36.297,13424
1930,2023-08-17 19:05:00,36.304,36.334,36.287,36.287,22457
1931,2023-08-17 19:00:00,36.234,36.314,36.227,36.307,30426
1932,2023-08-17 18:55:00,36.234,36.254,36.217,36.227,15457
1933,2023-08-17 18:50:00,36.224,36.244,36.207,36.217,28856
1934,2023-08-17 18:45:00,36.204,36.234,36.177,36.227,9982
1935,2023-08-17 18:40:00,36.184,36.224,36.157,36.187,27362
1936,2023-08-17 18:35:00,36.234,36.244,36.157,36.177,68233
1937,2023-08-17 18:30:00,36.244,36.254,36.197,36.217,22206
1938,2023-08-17 18:25:00,36.224,36.244,36.197,36.237,19936
1939,2023-08-17 18:20:00,36.204,36.234,36.197,36.217,18253
1940,2023-08-17 18:15:00,36.244,36.244,36.207,36.207,38462
1941,2023-08-17 18:10:00,36.204,36.254,36.147,36.237,35335
1942,2023-08-17 18:05:00,36.284,36.324,36.177,36.177,56859
1943,2023-08-17 18:00:00,36.224,36.354,36.207,36.267,66957
1944,2023-08-17 17:55:00,36.234,36.234,36.187,36.207,31007
1945,2023-08-17 17:50:00,36.264,36.274,36.197,36.227,47826
1946,2023-08-17 17:45:00,36.264,36.324,36.257,36.267,40912
1947,2023-08-17 17:40:00,36.234,36.304,36.217,36.257,42848
1948,2023-08-17 17:35:00,36.234,36.234,36.197,36.227,38140
1949,2023-08-17 17:30:00,36.224,36.234,36.207,36.227,11889
1950,2023-08-17 17:25:00,36.224,36.244,36.217,36.227,18014
1951,2023-08-17 17:20:00,36.234,36.244,36.217,36.227,20776
1952,2023-08-17 17:15:00,36.194,36.234,36.187,36.227,24936
1953,2023-08-17 17:10:00,36.224,36.234,36.167,36.197,72666
1954,2023-08-17 17:05:00,36.244,36.254,36.207,36.217,54897
1955,2023-08-17 17:00:00,36.244,36.264,36.227,36.237,34845
1956,2023-08-17 16:55:00,36.234,36.254,36.227,36.237,67107
1957,2023-08-17 16:50:00,36.234,36.254,36.197,36.227,90127
1958,2023-08-17 16:45:00,36.303,36.304,36.226,36.227,119817
1959,2023-08-17 16:40:00,36.303,36.314,36.257,36.297,112024
1960,2023-08-17 16:35:00,36.313,36.334,36.287,36.297,51990
1961,2023-08-17 16:30:00,36.323,36.344,36.287,36.297,100818
1962,2023-08-17 16:25:00,36.313,36.334,36.287,36.317,93524
1963,2023-08-17 16:20:00,36.254,36.374,36.237,36.307,165985
1964,2023-08-17 16:15:00,36.443,36.453,36.247,36.247,314974
1965,2023-08-17 16:10:00,36.413,36.453,36.386,36.416,137970
1966,2023-08-17 16:05:00,36.393,36.433,36.386,36.416,200005
1967,2023-08-17 16:00:00,36.443,36.483,36.376,36.376,968669
1968,2023-08-17 15:55:00,36.692,36.722,36.42,36.436,2712398
1969,2023-08-17 15:50:00,36.433,36.702,36.426,36.69,1936408
1970,2023-08-17 15:45:00,36.408,36.513,36.33,36.426,1505796
1971,2023-08-17 15:40:00,36.523,36.593,36.386,36.406,1204792
1972,2023-08-17 15:35:00,36.513,36.608,36.468,36.516,1217314
1973,2023-08-17 15:30:00,36.612,36.673,36.416,36.501,1796274
1974,2023-08-17 15:25:00,36.403,36.628,36.386,36.611,1998083
1975,2023-08-17 15:20:00,36.503,36.543,36.346,36.396,1575579
1976,2023-08-17 15:15:00,36.453,36.513,36.297,36.5,2130803
1977,2023-08-17 15:10:00,36.548,36.569,36.406,36.436,2864111
1978,2023-08-17 15:05:00,36.662,36.772,36.536,36.546,1745661
1979,2023-08-17 15:00:00,36.742,36.827,36.645,36.66,1098612
1980,2023-08-17 14:55:00,36.778,36.812,36.646,36.745,1995796
1981,2023-08-17 14:50:00,36.881,36.952,36.745,36.769,1462346
1982,2023-08-17 14:45:00,36.883,36.932,36.765,36.884,1566623
1983,2023-08-17 14:40:00,37.001,37.007,36.864,36.865,713244
1984,2023-08-17 14:35:00,36.981,37.041,36.884,36.994,909746
1985,2023-08-17 14:30:00,37.101,37.111,36.924,36.979,1021575
1986,2023-08-17 14:25:00,37.051,37.151,37.039,37.093,907741
1987,2023-08-17 14:20:00,37.031,37.061,36.954,37.04,700318
1988,2023-08-17 14:15:00,37.111,37.111,36.984,37.033,1167805
1989,2023-08-17 14:10:00,37.181,37.191,37.094,37.109,495397
1990,2023-08-17 14:05:00,37.131,37.211,37.044,37.179,1300122
1991,2023-08-17 14:00:00,37.24,37.28,37.123,37.129,641765
1992,2023-08-17 13:55:00,37.27,37.27,37.183,37.243,541832
1993,2023-08-17 13:50:00,37.161,37.29,37.153,37.263,854350
1994,2023-08-17 13:45:00,37.16,37.209,37.123,37.163,825118
1995,2023-08-17 13:40:00,37.335,37.37,37.109,37.159,1364954
1996,2023-08-17 13:35:00,37.331,37.38,37.304,37.324,545799
1997,2023-08-17 13:30:00,37.449,37.45,37.313,37.328,989442
1998,2023-08-17 13:25:00,37.459,37.52,37.412,37.447,817786
1999,2023-08-17 13:20:00,37.592,37.592,37.442,37.452,864803
2000,2023-08-17 13:15:00,37.639,37.709,37.567,37.587,691049
2001,2023-08-17 13:10:00,37.651,37.659,37.582,37.627,680226
2002,2023-08-17 13:05:00,37.704,37.754,37.642,37.647,689608
2003,2023-08-17 13:00:00,37.808,37.844,37.691,37.692,1135261
2004,2023-08-17 12:55:00,37.758,37.809,37.721,37.796,1016452
2005,2023-08-17 12:50:00,37.609,37.759,37.602,37.751,1094986
2006,2023-08-17 12:45:00,37.598,37.629,37.522,37.608,662438
2007,2023-08-17 12:40:00,37.54,37.629,37.522,37.587,847398
2008,2023-08-17 12:35:00,37.619,37.629,37.522,37.542,752831
2009,2023-08-17 12:30:00,37.719,37.744,37.582,37.612,1044421
2010,2023-08-17 12:25:00,37.628,37.759,37.592,37.702,1418163
2011,2023-08-17 12:20:00,37.479,37.639,37.402,37.617,1543129
2012,2023-08-17 12:15:00,37.459,37.52,37.383,37.472,999307
2013,2023-08-17 12:10:00,37.31,37.49,37.293,37.447,1102584
2014,2023-08-17 12:05:00,37.374,37.38,37.218,37.293,813115
2015,2023-08-17 12:00:00,37.449,37.455,37.333,37.367,666712
2016,2023-08-17 11:55:00,37.26,37.47,37.224,37.433,1142815
2017,2023-08-17 11:50:00,37.179,37.41,37.158,37.258,1381065
2018,2023-08-17 11:45:00,37.25,37.3,37.153,37.164,768191
2019,2023-08-17 11:40:00,37.19,37.36,37.173,37.253,935228
2020,2023-08-17 11:35:00,37.19,37.305,37.104,37.193,1107496
2021,2023-08-17 11:30:00,37.177,37.221,37.085,37.183,960466
2022,2023-08-17 11:25:00,37.36,37.385,37.163,37.17,699306
2023,2023-08-17 11:20:00,37.2,37.376,37.123,37.353,1335756
2024,2023-08-17 11:15:00,37.285,37.33,37.183,37.198,816064
2025,2023-08-17 11:10:00,37.23,37.36,37.213,37.273,984711
2026,2023-08-17 11:05:00,37.291,37.41,37.193,37.218,1109429
2027,2023-08-17 11:00:00,37.332,37.37,37.233,37.283,792195
2028,2023-08-17 10:55:00,37.539,37.565,37.313,37.323,1296275
2029,2023-08-17 10:50:00,37.35,37.559,37.343,37.538,1458870
2030,2023-08-17 10:45:00,37.2,37.36,37.183,37.338,1150641
2031,2023-08-17 10:40:00,37.203,37.231,37.123,37.183,969596
2032,2023-08-17 10:35:00,37.131,37.231,37.074,37.2,2072541
2033,2023-08-17 10:30:00,37.31,37.44,37.114,37.119,1519553
2034,2023-08-17 10:25:00,37.4,37.436,37.263,37.313,1288113
2035,2023-08-17 10:20:00,37.41,37.51,37.383,37.403,1083898
2036,2023-08-17 10:15:00,37.42,37.579,37.343,37.408,1582750
2037,2023-08-17 10:10:00,37.579,37.599,37.313,37.413,2080371
2038,2023-08-17 10:05:00,37.559,37.679,37.432,37.572,1678950
2039,2023-08-17 10:00:00,37.626,37.738,37.522,37.552,1518077
2040,2023-08-17 09:55:00,37.529,37.729,37.462,37.617,2396268
2041,2023-08-17 09:50:00,37.764,37.819,37.492,37.517,1748047
2042,2023-08-17 09:45:00,37.738,37.779,37.632,37.751,1358714
2043,2023-08-17 09:40:00,37.848,37.978,37.701,37.732,1592760
2044,2023-08-17 09:35:00,37.938,37.978,37.801,37.831,1358908
2045,2023-08-17 09:30:00,38.117,38.227,37.911,37.931,2818699
2046,2023-08-17 09:25:00,38.087,38.128,38.048,38.1,411469
2047,2023-08-17 09:20:00,38.137,38.177,38.08,38.08,116685
2048,2023-08-17 09:15:00,38.137,38.157,38.075,38.13,101961
2049,2023-08-17 09:10:00,38.157,38.177,38.12,38.13,92627
2050,2023-08-17 09:05:00,38.157,38.197,38.11,38.14,74956
2051,2023-08-17 09:00:00,38.237,38.267,38.13,38.15,111782
2052,2023-08-17 08:55:00,38.207,38.277,38.2,38.24,83257
2053,2023-08-17 08:50:00,38.197,38.247,38.17,38.2,105598
2054,2023-08-17 08:45:00,38.207,38.257,38.19,38.19,177881
2055,2023-08-17 08:40:00,38.207,38.247,38.13,38.207,100928
2056,2023-08-17 08:35:00,38.157,38.297,38.15,38.19,200200
2057,2023-08-17 08:30:00,38.087,38.187,38.01,38.15,246796
2058,2023-08-17 08:25:00,38.077,38.118,38.07,38.08,92035
2059,2023-08-17 08:20:00,38.067,38.098,38.04,38.08,48580
2060,2023-08-17 08:15:00,38.047,38.088,38.03,38.07,95224
2061,2023-08-17 08:10:00,38.017,38.058,38.0,38.049,103714
2062,2023-08-17 08:05:00,37.998,38.018,37.955,38.01,58197
2063,2023-08-17 08:00:00,37.873,38.058,37.462,37.99,422377
2064,2023-08-17 07:55:00,38.007,38.048,37.99,38.04,60850
2065,2023-08-17 07:50:00,38.017,38.018,37.96,37.99,12007
2066,2023-08-17 07:45:00,37.988,38.038,37.96,38.02,43683
2067,2023-08-17 07:40:00,37.978,37.988,37.96,37.971,78345
2068,2023-08-17 07:35:00,37.908,37.988,37.901,37.971,90076
2069,2023-08-17 07:30:00,37.938,37.948,37.901,37.901,39036
2070,2023-08-17 07:25:00,37.978,37.978,37.911,37.931,55183
2071,2023-08-17 07:20:00,37.948,37.978,37.911,37.971,75072
2072,2023-08-17 07:15:00,37.918,37.948,37.891,37.941,40796
2073,2023-08-17 07:10:00,37.938,37.938,37.891,37.911,62937
2074,2023-08-17 07:05:00,37.908,37.938,37.891,37.921,63702
2075,2023-08-17 07:00:00,37.868,37.918,37.801,37.901,37741
2076,2023-08-17 06:55:00,37.898,37.908,37.861,37.871,8012
2077,2023-08-17 06:50:00,37.838,37.908,37.831,37.891,13299
2078,2023-08-17 06:45:00,37.908,37.918,37.831,37.831,47354
2079,2023-08-17 06:40:00,37.908,37.948,37.901,37.911,5706
2080,2023-08-17 06:35:00,37.948,37.968,37.911,37.911,8816
2081,2023-08-17 06:30:00,38.007,38.008,37.901,37.941,24801
2082,2023-08-17 06:25:00,38.007,38.038,37.97,38.0,11679
2083,2023-08-17 06:20:00,38.017,38.028,37.98,38.0,15193
2084,2023-08-17 06:15:00,37.988,38.038,37.97,38.01,17008
2085,2023-08-17 06:10:00,37.978,38.028,37.97,37.981,24287
2086,2023-08-17 06:05:00,37.988,37.998,37.96,37.981,14546
2087,2023-08-17 06:00:00,37.988,38.018,37.97,37.99,21525
2088,2023-08-17 05:55:00,37.968,38.008,37.94,37.981,43074
2089,2023-08-17 05:50:00,37.938,37.978,37.921,37.961,7409
2090,2023-08-17 05:45:00,37.878,37.958,37.861,37.931,14071
2091,2023-08-17 05:40:00,37.918,37.918,37.851,37.861,8489
2092,2023-08-17 05:35:00,37.858,37.918,37.851,37.911,9056
2093,2023-08-17 05:30:00,37.918,37.938,37.841,37.851,7953
2094,2023-08-17 05:25:00,37.938,37.968,37.871,37.891,8933
2095,2023-08-17 05:20:00,37.928,37.968,37.911,37.931,6693
2096,2023-08-17 05:15:00,37.918,37.988,37.901,37.921,15685
2097,2023-08-17 05:10:00,37.898,37.948,37.891,37.891,11895
2098,2023-08-17 05:05:00,37.918,37.928,37.871,37.891,27177
2099,2023-08-17 05:00:00,37.878,37.918,37.871,37.911,8523
2100,2023-08-17 04:55:00,37.878,37.888,37.841,37.871,9948
2101,2023-08-17 04:50:00,37.968,37.978,37.861,37.861,26383
2102,2023-08-17 04:45:00,37.998,37.998,37.94,37.961,11960
2103,2023-08-17 04:40:00,37.988,38.018,37.96,37.99,19246
2104,2023-08-17 04:35:00,37.968,38.008,37.95,37.981,17110
2105,2023-08-17 04:30:00,37.928,37.958,37.901,37.951,21005
2106,2023-08-17 04:25:00,37.918,37.948,37.881,37.921,16610
2107,2023-08-17 04:20:00,37.958,37.988,37.891,37.921,21780
2108,2023-08-17 04:15:00,37.928,37.958,37.891,37.941,17970
2109,2023-08-17 04:10:00,37.858,37.928,37.841,37.921,44451
2110,2023-08-17 04:05:00,37.848,37.918,37.811,37.841,32444
2111,2023-08-17 04:00:00,37.808,37.858,37.622,37.841,48026
2112,2023-08-16 19:55:00,37.629,37.629,37.592,37.612,65275
2113,2023-08-16 19:50:00,37.629,37.629,37.592,37.622,32468
2114,2023-08-16 19:45:00,37.599,37.639,37.592,37.622,25500
2115,2023-08-16 19:40:00,37.629,37.639,37.582,37.592,52064
2116,2023-08-16 19:35:00,37.659,37.689,37.612,37.631,23948
2117,2023-08-16 19:30:00,37.679,37.709,37.632,37.652,20528
2118,2023-08-16 19:25:00,37.689,37.689,37.661,37.662,11252
2119,2023-08-16 19:20:00,37.699,37.709,37.661,37.682,10708
2120,2023-08-16 19:15:00,37.689,37.719,37.681,37.702,3675
2121,2023-08-16 19:10:00,37.699,37.709,37.671,37.692,4915
2122,2023-08-16 19:05:00,37.689,37.699,37.661,37.692,17686
2123,2023-08-16 19:00:00,37.699,37.709,37.632,37.682,18397
2124,2023-08-16 18:55:00,37.738,37.739,37.681,37.692,7932
2125,2023-08-16 18:50:00,37.738,37.749,37.721,37.741,16786
2126,2023-08-16 18:45:00,37.728,37.739,37.721,37.721,4684
2127,2023-08-16 18:40:00,37.738,37.739,37.701,37.721,17639
2128,2023-08-16 18:35:00,37.778,37.779,37.721,37.731,17090
2129,2023-08-16 18:30:00,37.768,37.789,37.751,37.751,18878
2130,2023-08-16 18:25:00,37.748,37.769,37.731,37.761,11832
2131,2023-08-16 18:20:00,37.758,37.759,37.731,37.741,10516
2132,2023-08-16 18:15:00,37.757,37.769,37.731,37.751,11416
2133,2023-08-16 18:10:00,37.748,37.769,37.731,37.751,12985
2134,2023-08-16 18:05:00,37.758,37.769,37.711,37.741,32220
2135,2023-08-16 18:00:00,37.669,37.759,37.661,37.741,73115
2136,2023-08-16 17:55:00,37.649,37.669,37.632,37.662,21462
2137,2023-08-16 17:50:00,37.629,37.659,37.612,37.642,23448
2138,2023-08-16 17:45:00,37.639,37.639,37.612,37.622,10586
2139,2023-08-16 17:40:00,37.659,37.659,37.632,37.642,22422
2140,2023-08-16 17:35:00,37.679,37.689,37.642,37.642,11590
2141,2023-08-16 17:30:00,37.709,37.709,37.661,37.682,12476
2142,2023-08-16 17:25:00,37.719,37.719,37.681,37.702,13406
2143,2023-08-16 17:20:00,37.719,37.719,37.701,37.711,10173
2144,2023-08-16 17:15:00,37.709,37.719,37.691,37.711,13638
2145,2023-08-16 17:10:00,37.709,37.709,37.691,37.702,16677
2146,2023-08-16 17:05:00,37.709,37.709,37.691,37.702,19263
2147,2023-08-16 17:00:00,37.689,37.709,37.671,37.702,15235
2148,2023-08-16 16:55:00,37.699,37.719,37.671,37.677,60098
2149,2023-08-16 16:50:00,37.678,37.709,37.661,37.692,142268
2150,2023-08-16 16:45:00,37.689,37.699,37.661,37.672,59800
2151,2023-08-16 16:40:00,37.669,37.699,37.632,37.682,65491
2152,2023-08-16 16:35:00,37.619,37.669,37.597,37.662,74854
2153,2023-08-16 16:30:00,37.589,37.619,37.562,37.612,87156
2154,2023-08-16 16:25:00,37.609,37.609,37.562,37.572,120867
2155,2023-08-16 16:20:00,37.649,37.659,37.572,37.602,131022
2156,2023-08-16 16:15:00,37.719,37.719,37.632,37.642,104667
2157,2023-08-16 16:10:00,37.719,37.734,37.661,37.711,69265
2158,2023-08-16 16:05:00,37.719,37.759,37.681,37.721,143001
2159,2023-08-16 16:00:00,37.694,37.759,37.642,37.721,1103418
2160,2023-08-16 15:55:00,37.818,37.883,37.681,37.687,3460053
2161,2023-08-16 15:50:00,37.938,37.968,37.771,37.811,1691387
2162,2023-08-16 15:45:00,37.953,37.988,37.891,37.941,1112605
2163,2023-08-16 15:40:00,37.918,37.978,37.841,37.946,1130851
2164,2023-08-16 15:35:00,38.017,38.068,37.861,37.911,1212021
2165,2023-08-16 15:30:00,37.908,38.038,37.831,38.009,1842294
2166,2023-08-16 15:25:00,37.858,37.943,37.831,37.9,892046
2167,2023-08-16 15:20:00,37.878,38.003,37.815,37.846,1453214
2168,2023-08-16 15:15:00,37.888,37.908,37.761,37.879,1480615
2169,2023-08-16 15:10:00,38.147,38.217,37.841,37.881,2621179
2170,2023-08-16 15:05:00,38.289,38.297,38.11,38.15,1183454
2171,2023-08-16 15:00:00,38.406,38.407,38.219,38.27,1139415
2172,2023-08-16 14:55:00,38.336,38.437,38.309,38.408,749284
2173,2023-08-16 14:50:00,38.406,38.417,38.269,38.334,1096133
2174,2023-08-16 14:45:00,38.526,38.604,38.379,38.404,912783
2175,2023-08-16 14:40:00,38.655,38.671,38.424,38.519,916878
2176,2023-08-16 14:35:00,38.73,38.765,38.618,38.648,702358
2177,2023-08-16 14:30:00,38.69,38.835,38.638,38.718,1612004
2178,2023-08-16 14:25:00,38.665,38.765,38.533,38.688,1356066
2179,2023-08-16 14:20:00,38.476,38.715,38.429,38.663,1887847
2180,2023-08-16 14:15:00,38.237,38.496,38.2,38.459,1579245
2181,2023-08-16 14:10:00,38.306,38.307,38.04,38.239,1773798
2182,2023-08-16 14:05:00,38.287,38.37,38.239,38.309,863717
2183,2023-08-16 14:00:00,38.526,38.541,38.185,38.294,1683840
2184,2023-08-16 13:55:00,38.565,38.611,38.518,38.528,335590
2185,2023-08-16 13:50:00,38.605,38.636,38.518,38.55,621015
2186,2023-08-16 13:45:00,38.491,38.676,38.469,38.589,1220053
2187,2023-08-16 13:40:00,38.326,38.545,38.301,38.484,1441638
2188,2023-08-16 13:35:00,38.287,38.337,38.249,38.314,399540
2189,2023-08-16 13:30:00,38.277,38.317,38.204,38.279,556714
2190,2023-08-16 13:25:00,38.287,38.327,38.239,38.269,465605
2191,2023-08-16 13:20:00,38.197,38.307,38.185,38.284,588113
2192,2023-08-16 13:15:00,38.197,38.257,38.16,38.195,635989
2193,2023-08-16 13:10:00,38.152,38.227,38.06,38.193,1254819
2194,2023-08-16 13:05:00,38.336,38.387,38.11,38.145,1775565
2195,2023-08-16 13:00:00,38.287,38.397,38.27,38.338,505595
2196,2023-08-16 12:55:00,38.341,38.387,38.259,38.279,472255
2197,2023-08-16 12:50:00,38.38,38.397,38.329,38.329,351141
2198,2023-08-16 12:45:00,38.451,38.452,38.349,38.374,508042
2199,2023-08-16 12:40:00,38.406,38.486,38.384,38.439,533294
2200,2023-08-16 12:35:00,38.337,38.446,38.319,38.404,1112495
2201,2023-08-16 12:30:00,38.247,38.357,38.209,38.334,766829
2202,2023-08-16 12:25:00,38.326,38.327,38.209,38.24,904239
2203,2023-08-16 12:20:00,38.272,38.337,38.229,38.324,773912
2204,2023-08-16 12:15:00,38.321,38.376,38.239,38.264,876024
2205,2023-08-16 12:10:00,38.461,38.472,38.279,38.308,1714660
2206,2023-08-16 12:05:00,38.526,38.561,38.439,38.459,785745
2207,2023-08-16 12:00:00,38.506,38.616,38.459,38.515,828613
2208,2023-08-16 11:55:00,38.625,38.641,38.419,38.499,1355784
2209,2023-08-16 11:50:00,38.625,38.646,38.513,38.614,1125677
2210,2023-08-16 11:45:00,38.755,38.805,38.583,38.608,881029
2211,2023-08-16 11:40:00,38.775,38.865,38.728,38.753,572662
2212,2023-08-16 11:35:00,38.855,38.905,38.767,38.771,508725
2213,2023-08-16 11:30:00,38.929,38.935,38.822,38.849,563284
2214,2023-08-16 11:25:00,39.03,39.034,38.857,38.919,821297
2215,2023-08-16 11:20:00,38.974,39.054,38.917,39.017,744536
2216,2023-08-16 11:15:00,39.004,39.064,38.897,38.973,743486
2217,2023-08-16 11:10:00,39.114,39.134,38.947,39.005,701714
2218,2023-08-16 11:05:00,39.183,39.254,39.076,39.109,652001
2219,2023-08-16 11:00:00,39.149,39.184,39.037,39.166,1024303
2220,2023-08-16 10:55:00,39.074,39.154,39.017,39.142,697409
2221,2023-08-16 10:50:00,38.909,39.084,38.902,39.072,772444
2222,2023-08-16 10:45:00,39.183,39.189,38.877,38.902,1232188
2223,2023-08-16 10:40:00,39.034,39.224,39.007,39.181,1105712
2224,2023-08-16 10:35:00,38.984,39.094,38.906,39.028,975982
2225,2023-08-16 10:30:00,38.964,39.054,38.927,38.977,886762
2226,2023-08-16 10:25:00,39.074,39.084,38.927,38.967,981500
2227,2023-08-16 10:20:00,39.223,39.279,39.056,39.066,1030740
2228,2023-08-16 10:15:00,39.054,39.234,39.017,39.216,1085892
2229,2023-08-16 10:10:00,38.969,39.199,38.962,39.056,1343497
2230,2023-08-16 10:05:00,38.78,39.064,38.767,38.967,1433676
2231,2023-08-16 10:00:00,38.944,38.955,38.708,38.777,1710233
2232,2023-08-16 09:55:00,38.845,39.012,38.827,38.945,1166272
2233,2023-08-16 09:50:00,39.094,39.094,38.837,38.847,1568125
2234,2023-08-16 09:45:00,38.904,39.154,38.797,39.086,2149241
2235,2023-08-16 09:40:00,38.914,39.004,38.837,38.888,2707783
2236,2023-08-16 09:35:00,38.635,38.995,38.568,38.902,2548933
2237,2023-08-16 09:30:00,38.785,38.865,38.558,38.618,2131586
2238,2023-08-16 09:25:00,38.765,38.795,38.698,38.778,117359
2239,2023-08-16 09:20:00,38.735,38.787,38.718,38.758,101793
2240,2023-08-16 09:15:00,38.785,38.785,38.708,38.726,122538
2241,2023-08-16 09:10:00,38.735,38.795,38.688,38.778,141111
2242,2023-08-16 09:05:00,38.745,38.775,38.718,38.718,347105
2243,2023-08-16 09:00:00,38.685,38.765,38.668,38.737,170187
2244,2023-08-16 08:55:00,38.735,38.775,38.658,38.679,155824
2245,2023-08-16 08:50:00,38.855,38.885,38.708,38.728,141263
2246,2023-08-16 08:45:00,38.865,38.905,38.817,38.857,72785
2247,2023-08-16 08:40:00,38.914,38.915,38.828,38.867,119001
2248,2023-08-16 08:35:00,38.934,38.945,38.857,38.917,59808
2249,2023-08-16 08:30:00,38.845,38.955,38.777,38.917,94254
2250,2023-08-16 08:25:00,38.874,38.915,38.797,38.847,72404
2251,2023-08-16 08:20:00,39.004,39.004,38.847,38.867,145132
2252,2023-08-16 08:15:00,38.984,38.995,38.937,38.987,45846
2253,2023-08-16 08:10:00,39.044,39.054,38.967,38.977,37683
2254,2023-08-16 08:05:00,39.054,39.084,39.017,39.037,66884
2255,2023-08-16 08:00:00,39.004,39.441,38.767,39.037,564504
2256,2023-08-16 07:55:00,38.914,39.034,38.897,39.007,26109
2257,2023-08-16 07:50:00,38.954,38.975,38.917,38.917,51356
2258,2023-08-16 07:45:00,38.984,39.004,38.907,38.947,33802
2259,2023-08-16 07:40:00,39.004,39.034,38.957,38.967,46514
2260,2023-08-16 07:35:00,39.004,39.004,38.957,38.987,36921
2261,2023-08-16 07:30:00,38.934,39.004,38.897,38.997,48036
2262,2023-08-16 07:25:00,38.884,38.945,38.877,38.917,40010
2263,2023-08-16 07:20:00,38.865,38.905,38.847,38.877,51344
2264,2023-08-16 07:15:00,38.835,38.875,38.807,38.867,45547
2265,2023-08-16 07:10:00,38.884,38.885,38.767,38.817,51678
2266,2023-08-16 07:05:00,38.974,38.975,38.877,38.877,29852
2267,2023-08-16 07:00:00,39.024,39.064,38.947,38.967,56442
2268,2023-08-16 06:55:00,39.054,39.074,39.026,39.027,5961
2269,2023-08-16 06:50:00,39.054,39.084,38.997,39.047,7889
2270,2023-08-16 06:45:00,39.084,39.094,39.046,39.057,3836
2271,2023-08-16 06:40:00,39.114,39.114,39.017,39.067,6109
2272,2023-08-16 06:35:00,39.154,39.154,39.086,39.116,24284
2273,2023-08-16 06:30:00,39.134,39.164,39.096,39.146,6909
2274,2023-08-16 06:25:00,39.134,39.154,39.116,39.136,4136
2275,2023-08-16 06:20:00,39.084,39.134,39.056,39.116,5131
2276,2023-08-16 06:15:00,39.054,39.094,39.017,39.076,5423
2277,2023-08-16 06:10:00,39.124,39.134,39.046,39.047,27978
2278,2023-08-16 06:05:00,39.094,39.134,39.086,39.116,8877
2279,2023-08-16 06:00:00,39.084,39.104,39.046,39.086,10322
2280,2023-08-16 05:55:00,39.064,39.104,39.046,39.076,7064
2281,2023-08-16 05:50:00,39.044,39.054,38.977,39.037,11114
2282,2023-08-16 05:45:00,38.994,39.064,38.977,39.037,20739
2283,2023-08-16 05:40:00,39.094,39.094,38.987,38.997,19469
2284,2023-08-16 05:35:00,39.144,39.144,39.066,39.086,4419
2285,2023-08-16 05:30:00,39.144,39.164,39.126,39.136,1680
2286,2023-08-16 05:25:00,39.104,39.154,39.076,39.126,14213
2287,2023-08-16 05:20:00,39.173,39.184,39.046,39.106,27363
2288,2023-08-16 05:15:00,39.253,39.254,39.146,39.166,32683
2289,2023-08-16 05:10:00,39.293,39.303,39.246,39.246,12074
2290,2023-08-16 05:05:00,39.313,39.313,39.216,39.286,17730
2291,2023-08-16 05:00:00,39.313,39.343,39.305,39.306,3611
2292,2023-08-16 04:55:00,39.373,39.373,39.295,39.306,8785
2293,2023-08-16 04:50:00,39.343,39.373,39.315,39.365,6171
2294,2023-08-16 04:45:00,39.363,39.393,39.325,39.336,6569
2295,2023-08-16 04:40:00,39.333,39.393,39.325,39.345,13819
2296,2023-08-16 04:35:00,39.383,39.383,39.295,39.345,11266
2297,2023-08-16 04:30:00,39.403,39.453,39.375,39.375,20406
2298,2023-08-16 04:25:00,39.363,39.433,39.355,39.405,16700
2299,2023-08-16 04:20:00,39.333,39.373,39.325,39.345,15663
2300,2023-08-16 04:15:00,39.313,39.393,39.295,39.316,27985
2301,2023-08-16 04:10:00,39.283,39.323,39.246,39.306,6438
2302,2023-08-16 04:05:00,39.313,39.323,39.256,39.276,20040
2303,2023-08-16 04:00:00,39.273,39.313,39.136,39.306,63295
2304,2023-08-15 19:55:00,39.084,39.104,39.076,39.096,25946
2305,2023-08-15 19:50:00,39.114,39.114,39.056,39.076,13070
2306,2023-08-15 19:45:00,39.104,39.124,39.076,39.106,16372
2307,2023-08-15 19:40:00,39.134,39.144,39.106,39.106,15286
2308,2023-08-15 19:35:00,39.114,39.144,39.106,39.117,13101
2309,2023-08-15 19:30:00,39.104,39.114,39.086,39.106,14810
2310,2023-08-15 19:25:00,39.094,39.114,39.086,39.096,6935
2311,2023-08-15 19:20:00,39.074,39.095,39.056,39.086,66581
2312,2023-08-15 19:15:00,39.064,39.084,39.046,39.057,7867
2313,2023-08-15 19:10:00,39.064,39.064,39.036,39.057,2826
2314,2023-08-15 19:05:00,39.074,39.084,39.046,39.047,20823
2315,2023-08-15 19:00:00,39.064,39.084,39.036,39.067,20422
2316,2023-08-15 18:55:00,39.044,39.064,39.036,39.057,22915
2317,2023-08-15 18:50:00,39.044,39.054,39.017,39.037,4230
2318,2023-08-15 18:45:00,39.044,39.054,39.017,39.037,3897
2319,2023-08-15 18:40:00,39.054,39.074,39.026,39.037,3103
2320,2023-08-15 18:35:00,39.054,39.064,39.017,39.057,12312
2321,2023-08-15 18:30:00,39.084,39.103,39.036,39.047,12924
2322,2023-08-15 18:25:00,39.084,39.094,39.056,39.076,16524
2323,2023-08-15 18:20:00,39.104,39.104,39.056,39.076,5914
2324,2023-08-15 18:15:00,39.104,39.104,39.076,39.096,4158
2325,2023-08-15 18:10:00,39.034,39.104,39.017,39.096,23871
2326,2023-08-15 18:05:00,39.054,39.054,39.007,39.017,10022
2327,2023-08-15 18:00:00,39.014,39.074,38.997,39.046,48168
2328,2023-08-15 17:55:00,39.034,39.034,38.997,39.007,5034
2329,2023-08-15 17:50:00,39.014,39.034,38.997,39.027,4042
2330,2023-08-15 17:45:00,39.024,39.034,38.997,39.007,10029
2331,2023-08-15 17:40:00,39.004,39.034,38.997,39.027,7877
2332,2023-08-15 17:35:00,39.024,39.024,38.997,39.007,9547
2333,2023-08-15 17:30:00,39.024,39.024,39.007,39.007,10451
2334,2023-08-15 17:25:00,39.014,39.024,39.007,39.007,4835
2335,2023-08-15 17:20:00,39.024,39.024,39.007,39.017,8025
2336,2023-08-15 17:15:00,39.014,39.024,38.997,39.017,5844
2337,2023-08-15 17:10:00,39.034,39.034,39.007,39.016,5142
2338,2023-08-15 17:05:00,39.024,39.044,39.017,39.027,9484
2339,2023-08-15 17:00:00,39.024,39.044,39.017,39.037,17774
2340,2023-08-15 16:55:00,39.044,39.044,39.007,39.017,22135
2341,2023-08-15 16:50:00,39.034,39.054,39.026,39.037,43929
2342,2023-08-15 16:45:00,39.024,39.044,39.007,39.027,60901
2343,2023-08-15 16:40:00,39.014,39.024,38.997,39.017,34449
2344,2023-08-15 16:35:00,39.034,39.044,39.007,39.007,34276
2345,2023-08-15 16:30:00,39.044,39.054,39.017,39.037,24574
2346,2023-08-15 16:25:00,39.034,39.054,39.026,39.047,24959
2347,2023-08-15 16:20:00,39.034,39.054,39.017,39.037,46065
2348,2023-08-15 16:15:00,39.014,39.054,38.997,39.027,78689
2349,2023-08-15 16:10:00,38.984,39.064,38.967,39.017,130802
2350,2023-08-15 16:05:00,38.964,38.975,38.907,38.967,90552
2351,2023-08-15 16:00:00,38.974,39.044,38.937,38.957,1011709
2352,2023-08-15 15:55:00,38.914,39.083,38.882,38.967,3165294
2353,2023-08-15 15:50:00,38.865,38.984,38.787,38.912,1702294
2354,2023-08-15 15:45:00,38.785,38.915,38.757,38.857,994716
2355,2023-08-15 15:40:00,38.83,38.86,38.738,38.784,963729
2356,2023-08-15 15:35:00,38.933,38.954,38.817,38.822,688519
2357,2023-08-15 15:30:00,38.845,38.965,38.777,38.922,1556090
2358,2023-08-15 15:25:00,39.135,39.154,38.837,38.845,2123474
2359,2023-08-15 15:20:00,39.243,39.254,39.116,39.131,755519
2360,2023-08-15 15:15:00,39.233,39.274,39.176,39.242,550955
2361,2023-08-15 15:10:00,39.329,39.413,39.226,39.227,591223
2362,2023-08-15 15:05:00,39.373,39.388,39.295,39.321,342311
2363,2023-08-15 15:00:00,39.424,39.443,39.345,39.37,357872
2364,2023-08-15 14:55:00,39.447,39.468,39.345,39.415,527119
2365,2023-08-15 14:50:00,39.462,39.483,39.43,39.455,265117
2366,2023-08-15 14:45:00,39.502,39.543,39.43,39.455,509878
2367,2023-08-15 14:40:00,39.433,39.513,39.395,39.495,334421
2368,2023-08-15 14:35:00,39.433,39.473,39.385,39.433,456071
2369,2023-08-15 14:30:00,39.313,39.463,39.286,39.42,658603
2370,2023-08-15 14:25:00,39.273,39.333,39.256,39.301,314791
2371,2023-08-15 14:20:00,39.413,39.423,39.246,39.267,609912
2372,2023-08-15 14:15:00,39.393,39.433,39.34,39.404,370840
2373,2023-08-15 14:10:00,39.398,39.453,39.37,39.395,358332
2374,2023-08-15 14:05:00,39.349,39.433,39.305,39.397,311294
2375,2023-08-15 14:00:00,39.383,39.413,39.305,39.336,484944
2376,2023-08-15 13:55:00,39.323,39.413,39.271,39.375,681384
2377,2023-08-15 13:50:00,39.296,39.378,39.276,39.316,544357
2378,2023-08-15 13:45:00,39.283,39.363,39.246,39.286,544254
2379,2023-08-15 13:40:00,39.373,39.383,39.231,39.281,782358
2380,2023-08-15 13:35:00,39.393,39.453,39.335,39.362,505291
2381,2023-08-15 13:30:00,39.532,39.562,39.365,39.395,668802
2382,2023-08-15 13:25:00,39.552,39.602,39.515,39.531,387352
2383,2023-08-15 13:20:00,39.551,39.592,39.495,39.545,496173
2384,2023-08-15 13:15:00,39.522,39.602,39.515,39.539,545513
2385,2023-08-15 13:10:00,39.348,39.533,39.325,39.525,666422
2386,2023-08-15 13:05:00,39.393,39.402,39.305,39.345,464802
2387,2023-08-15 13:00:00,39.423,39.46,39.345,39.385,597325
2388,2023-08-15 12:55:00,39.372,39.453,39.305,39.408,676448
2389,2023-08-15 12:50:00,39.393,39.433,39.325,39.36,715532
2390,2023-08-15 12:45:00,39.452,39.513,39.368,39.385,676605
2391,2023-08-15 12:40:00,39.532,39.543,39.435,39.445,340292
2392,2023-08-15 12:35:00,39.503,39.582,39.455,39.52,446877
2393,2023-08-15 12:30:00,39.592,39.622,39.465,39.495,550995
2394,2023-08-15 12:25:00,39.651,39.651,39.515,39.59,584010
2395,2023-08-15 12:20:00,39.591,39.672,39.55,39.644,458124
2396,2023-08-15 12:15:00,39.551,39.592,39.435,39.576,593601
2397,2023-08-15 12:10:00,39.509,39.612,39.455,39.54,923069
2398,2023-08-15 12:05:00,39.662,39.702,39.465,39.505,1010550
2399,2023-08-15 12:00:00,39.692,39.792,39.624,39.658,1228345
2400,2023-08-15 11:55:00,39.553,39.702,39.546,39.674,746257
2401,2023-08-15 11:50:00,39.532,39.612,39.509,39.545,610274
2402,2023-08-15 11:45:00,39.532,39.572,39.435,39.53,674657
2403,2023-08-15 11:40:00,39.622,39.662,39.505,39.525,971506
2404,2023-08-15 11:35:00,39.502,39.642,39.485,39.615,810086
2405,2023-08-15 11:30:00,39.502,39.533,39.455,39.495,565233
2406,2023-08-15 11:25:00,39.383,39.553,39.295,39.5,1106688
2407,2023-08-15 11:20:00,39.532,39.533,39.345,39.369,867528
2408,2023-08-15 11:15:00,39.552,39.572,39.428,39.52,767549
2409,2023-08-15 11:10:00,39.477,39.592,39.468,39.553,884518
2410,2023-08-15 11:05:00,39.502,39.523,39.415,39.465,976832
2411,2023-08-15 11:00:00,39.223,39.523,39.206,39.495,1237200
2412,2023-08-15 10:55:00,39.272,39.363,39.211,39.216,821974
2413,2023-08-15 10:50:00,39.323,39.383,39.246,39.252,851867
2414,2023-08-15 10:45:00,39.233,39.423,39.201,39.316,1450722
2415,2023-08-15 10:40:00,39.189,39.288,39.096,39.226,912186
2416,2023-08-15 10:35:00,39.064,39.214,39.007,39.181,1606637
2417,2023-08-15 10:30:00,39.228,39.253,38.997,39.057,1901067
2418,2023-08-15 10:25:00,39.109,39.26,39.026,39.226,1374294
2419,2023-08-15 10:20:00,39.233,39.413,39.076,39.102,1830934
2420,2023-08-15 10:15:00,39.213,39.303,39.19,39.216,1069770
2421,2023-08-15 10:10:00,39.21,39.323,39.176,39.211,1640206
2422,2023-08-15 10:05:00,39.413,39.423,39.106,39.206,2698583
2423,2023-08-15 10:00:00,39.582,39.582,39.385,39.406,1910831
2424,2023-08-15 09:55:00,39.701,39.762,39.525,39.575,1158165
2425,2023-08-15 09:50:00,39.712,39.867,39.614,39.684,1761789
2426,2023-08-15 09:45:00,39.791,39.792,39.545,39.7,2119146
2427,2023-08-15 09:40:00,40.19,40.19,39.724,39.782,2582635
2428,2023-08-15 09:35:00,39.996,40.199,39.893,40.178,2016593
2429,2023-08-15 09:30:00,39.931,40.091,39.815,39.983,2657752
2430,2023-08-15 09:25:00,39.931,39.941,39.863,39.913,326325
2431,2023-08-15 09:20:00,39.941,39.991,39.883,39.933,140164
2432,2023-08-15 09:15:00,39.871,40.011,39.843,39.933,269091
2433,2023-08-15 09:10:00,39.859,39.901,39.804,39.864,188858
2434,2023-08-15 09:05:00,39.702,39.871,39.684,39.844,206733
2435,2023-08-15 09:00:00,39.602,39.702,39.545,39.694,66428
2436,2023-08-15 08:55:00,39.582,39.672,39.555,39.595,71644
2437,2023-08-15 08:50:00,39.702,39.702,39.574,39.575,100445
2438,2023-08-15 08:45:00,39.622,39.732,39.574,39.674,159974
2439,2023-08-15 08:40:00,39.542,39.652,39.505,39.605,218412
2440,2023-08-15 08:35:00,39.572,39.752,39.525,39.525,369120
2441,2023-08-15 08:30:00,39.712,39.722,39.345,39.565,485105
2442,2023-08-15 08:25:00,39.642,39.702,39.634,39.674,67827
2443,2023-08-15 08:20:00,39.642,39.672,39.587,39.624,47541
2444,2023-08-15 08:15:00,39.642,39.662,39.602,39.624,44166
2445,2023-08-15 08:10:00,39.552,39.632,39.515,39.624,55452
2446,2023-08-15 08:05:00,39.512,39.592,39.505,39.565,50730
2447,2023-08-15 08:00:00,39.597,40.719,39.405,39.505,458651
2448,2023-08-15 07:55:00,39.502,39.523,39.435,39.495,47908
2449,2023-08-15 07:50:00,39.482,39.493,39.435,39.485,28899
2450,2023-08-15 07:45:00,39.562,39.563,39.455,39.485,32980
2451,2023-08-15 07:40:00,39.582,39.582,39.495,39.555,53555
2452,2023-08-15 07:35:00,39.702,39.742,39.584,39.585,83644
2453,2023-08-15 07:30:00,39.682,39.712,39.664,39.674,32517
2454,2023-08-15 07:25:00,39.662,39.712,39.654,39.684,37145
2455,2023-08-15 07:20:00,39.572,39.682,39.564,39.654,63210
2456,2023-08-15 07:15:00,39.592,39.642,39.555,39.575,21536
2457,2023-08-15 07:10:00,39.592,39.622,39.564,39.595,19472
2458,2023-08-15 07:05:00,39.502,39.582,39.405,39.575,104789
2459,2023-08-15 07:00:00,39.602,39.612,39.495,39.495,119617
2460,2023-08-15 06:55:00,39.562,39.602,39.535,39.585,13549
2461,2023-08-15 06:50:00,39.562,39.582,39.525,39.555,13671
2462,2023-08-15 06:45:00,39.502,39.592,39.465,39.545,33895
2463,2023-08-15 06:40:00,39.522,39.533,39.455,39.495,15987
2464,2023-08-15 06:35:00,39.512,39.543,39.495,39.525,44492
2465,2023-08-15 06:30:00,39.492,39.513,39.405,39.495,30376
2466,2023-08-15 06:25:00,39.492,39.543,39.475,39.495,37753
2467,2023-08-15 06:20:00,39.522,39.563,39.445,39.465,35971
2468,2023-08-15 06:15:00,39.731,39.732,39.485,39.525,64022
2469,2023-08-15 06:10:00,39.692,39.732,39.654,39.724,22266
2470,2023-08-15 06:05:00,39.771,39.772,39.684,39.694,43890
2471,2023-08-15 06:00:00,39.821,39.891,39.764,39.764,24343
2472,2023-08-15 05:55:00,39.851,39.871,39.814,39.824,3118
2473,2023-08-15 05:50:00,39.911,39.911,39.814,39.834,9981
2474,2023-08-15 05:45:00,39.891,39.901,39.843,39.884,17519
2475,2023-08-15 05:40:00,39.961,39.991,39.863,39.864,10330
2476,2023-08-15 05:35:00,39.961,39.991,39.933,39.963,9076
2477,2023-08-15 05:30:00,39.911,40.001,39.893,39.953,10121
2478,2023-08-15 05:25:00,39.961,40.001,39.883,39.913,9840
2479,2023-08-15 05:20:00,39.861,39.961,39.853,39.943,12542
2480,2023-08-15 05:15:00,39.781,39.861,39.754,39.854,11153
2481,2023-08-15 05:10:00,39.911,39.911,39.764,39.764,10728
2482,2023-08-15 05:05:00,39.881,39.911,39.853,39.893,9644
2483,2023-08-15 05:00:00,39.961,39.961,39.853,39.884,14368
2484,2023-08-15 04:55:00,39.941,39.981,39.923,39.953,20818
2485,2023-08-15 04:50:00,39.891,39.981,39.873,39.933,19968
2486,2023-08-15 04:45:00,39.901,39.921,39.863,39.884,8630
2487,2023-08-15 04:40:00,39.861,39.921,39.824,39.893,11168
2488,2023-08-15 04:35:00,39.751,39.911,39.724,39.854,53346
2489,2023-08-15 04:30:00,39.791,39.792,39.724,39.754,24618
2490,2023-08-15 04:25:00,39.751,39.832,39.724,39.784,29308
2491,2023-08-15 04:20:00,39.791,39.792,39.724,39.734,17262
2492,2023-08-15 04:15:00,39.781,39.812,39.714,39.784,22714
2493,2023-08-15 04:10:00,39.731,39.792,39.694,39.774,33364
2494,2023-08-15 04:05:00,39.731,39.742,39.624,39.734,49370
2495,2023-08-15 04:00:00,39.761,40.24,39.664,39.724,152692
2496,2023-08-14 19:55:00,40.529,40.539,40.501,40.521,57339
2497,2023-08-14 19:50:00,40.529,40.539,40.501,40.521,12513
2498,2023-08-14 19:45:00,40.539,40.539,40.481,40.521,40865
2499,2023-08-14 19:40:00,40.549,40.579,40.521,40.531,33827
2500,2023-08-14 19:35:00,40.469,40.559,40.461,40.541,9786
2501,2023-08-14 19:30:00,40.479,40.499,40.461,40.461,12560
2502,2023-08-14 19:25:00,40.489,40.499,40.461,40.471,6736
2503,2023-08-14 19:20:00,40.499,40.529,40.481,40.491,18159
2504,2023-08-14 19:15:00,40.509,40.529,40.491,40.511,13465
2505,2023-08-14 19:10:00,40.539,40.549,40.491,40.491,8110
2506,2023-08-14 19:05:00,40.559,40.579,40.501,40.541,23006
2507,2023-08-14 19:00:00,40.608,40.619,40.551,40.561,9756
2508,2023-08-14 18:55:00,40.569,40.619,40.561,40.601,28649
2509,2023-08-14 18:50:00,40.608,40.619,40.571,40.571,46350
2510,2023-08-14 18:45:00,40.589,40.609,40.551,40.591,19061
2511,2023-08-14 18:40:00,40.509,40.599,40.501,40.581,20665
2512,2023-08-14 18:35:00,40.509,40.509,40.481,40.501,23235
2513,2023-08-14 18:30:00,40.509,40.559,40.491,40.501,46406
2514,2023-08-14 18:25:00,40.419,40.529,40.401,40.511,27373
2515,2023-08-14 18:20:00,40.349,40.42,40.332,40.412,31680
2516,2023-08-14 18:15:00,40.349,40.36,40.322,40.342,5886
2517,2023-08-14 18:10:00,40.339,40.36,40.302,40.342,8641
2518,2023-08-14 18:05:00,40.329,40.35,40.292,40.322,11634
2519,2023-08-14 18:00:00,40.349,40.36,40.312,40.331,19543
2520,2023-08-14 17:55:00,40.349,40.35,40.332,40.342,5185
2521,2023-08-14 17:50:00,40.339,40.35,38.491,40.332,11203
2522,2023-08-14 17:45:00,40.339,40.36,40.322,40.332,10145
2523,2023-08-14 17:40:00,40.349,40.36,40.322,40.332,7517
2524,2023-08-14 17:35:00,40.359,40.36,40.342,40.352,6175
2525,2023-08-14 17:30:00,40.349,40.36,40.342,40.342,10278
2526,2023-08-14 17:25:00,40.349,40.36,40.332,40.342,24040
2527,2023-08-14 17:20:00,40.359,40.36,40.342,40.352,15889
2528,2023-08-14 17:15:00,40.35,40.36,40.342,40.342,16833
2529,2023-08-14 17:10:00,40.349,40.36,40.342,40.352,12682
2530,2023-08-14 17:05:00,40.349,40.36,40.342,40.342,18527
2531,2023-08-14 17:00:00,40.349,40.36,40.342,40.342,27803
2532,2023-08-14 16:55:00,40.329,40.36,40.322,40.352,34140
2533,2023-08-14 16:50:00,40.329,40.34,40.322,40.332,23563
2534,2023-08-14 16:45:00,40.309,40.34,40.302,40.322,19787
2535,2023-08-14 16:40:00,40.301,40.34,40.292,40.312,43296
2536,2023-08-14 16:35:00,40.3,40.31,40.282,40.292,54598
2537,2023-08-14 16:30:00,40.29,40.3,40.262,40.292,29207
2538,2023-08-14 16:25:00,40.29,40.3,38.488,40.292,63112
2539,2023-08-14 16:20:00,39.104,40.291,38.498,40.272,31291
2540,2023-08-14 16:15:00,40.25,40.33,38.486,39.096,48644
2541,2023-08-14 16:10:00,40.3,40.33,40.292,40.312,45583
2542,2023-08-14 16:05:00,40.29,40.33,40.272,40.297,126497
2543,2023-08-14 16:00:00,40.28,40.31,40.222,40.272,944103
2544,2023-08-14 15:55:00,40.07,40.3,40.048,40.291,1813331
2545,2023-08-14 15:50:00,40.07,40.101,39.983,40.061,846417
2546,2023-08-14 15:45:00,40.135,40.141,40.013,40.062,794040
2547,2023-08-14 15:40:00,39.995,40.15,39.983,40.123,1006008
2548,2023-08-14 15:35:00,39.915,40.041,39.907,39.993,528683
2549,2023-08-14 15:30:00,39.916,39.951,39.873,39.913,473829
2550,2023-08-14 15:25:00,39.946,39.981,39.873,39.913,463762
2551,2023-08-14 15:20:00,39.951,40.011,39.913,39.933,649890
2552,2023-08-14 15:15:00,39.921,39.961,39.873,39.948,454994
2553,2023-08-14 15:10:00,39.841,39.931,39.784,39.921,356286
2554,2023-08-14 15:05:00,39.901,39.921,39.764,39.835,493876
2555,2023-08-14 15:00:00,39.841,39.921,39.784,39.889,571673
2556,2023-08-14 14:55:00,39.89,39.901,39.814,39.834,404980
2557,2023-08-14 14:50:00,39.811,39.898,39.759,39.884,626531
2558,2023-08-14 14:45:00,39.746,39.831,39.687,39.799,320414
2559,2023-08-14 14:40:00,39.751,39.832,39.724,39.734,395354
2560,2023-08-14 14:35:00,39.821,39.861,39.729,39.754,418889
2561,2023-08-14 14:30:00,39.841,39.866,39.624,39.804,932947
2562,2023-08-14 14:25:00,39.801,39.866,39.754,39.834,380126
2563,2023-08-14 14:20:00,39.717,39.832,39.694,39.789,383369
2564,2023-08-14 14:15:00,39.791,39.812,39.684,39.707,382438
2565,2023-08-14 14:10:00,39.771,39.857,39.674,39.784,639086
2566,2023-08-14 14:05:00,39.871,39.94,39.749,39.774,639814
2567,2023-08-14 14:00:00,39.911,39.921,39.824,39.864,470167
2568,2023-08-14 13:55:00,39.856,39.911,39.784,39.899,395838
2569,2023-08-14 13:50:00,39.851,39.886,39.754,39.854,380061
2570,2023-08-14 13:45:00,39.911,39.926,39.814,39.854,431445
2571,2023-08-14 13:40:00,39.931,39.971,39.883,39.903,299806
2572,2023-08-14 13:35:00,39.862,39.951,39.843,39.923,364608
2573,2023-08-14 13:30:00,39.971,40.021,39.838,39.859,669553
2574,2023-08-14 13:25:00,39.981,39.986,39.903,39.953,568135
2575,2023-08-14 13:20:00,39.99,40.081,39.963,39.973,596829
2576,2023-08-14 13:15:00,39.951,40.011,39.94,39.978,463670
2577,2023-08-14 13:10:00,39.98,39.991,39.893,39.953,563339
2578,2023-08-14 13:05:00,39.887,39.981,39.834,39.973,600187
2579,2023-08-14 13:00:00,39.851,39.917,39.814,39.874,486902
2580,2023-08-14 12:55:00,39.791,39.853,39.754,39.838,496404
2581,2023-08-14 12:50:00,39.816,39.861,39.744,39.784,515892
2582,2023-08-14 12:45:00,39.736,39.832,39.704,39.814,658396
2583,2023-08-14 12:40:00,39.682,39.762,39.644,39.729,481875
2584,2023-08-14 12:35:00,39.638,39.712,39.564,39.679,457896
2585,2023-08-14 12:30:00,39.652,39.762,39.594,39.628,676141
2586,2023-08-14 12:25:00,39.617,39.722,39.564,39.645,565419
2587,2023-08-14 12:20:00,39.75,39.757,39.512,39.605,722397
2588,2023-08-14 12:15:00,39.761,39.782,39.604,39.742,1004330
2589,2023-08-14 12:10:00,39.862,39.863,39.724,39.764,680966
2590,2023-08-14 12:05:00,39.89,39.961,39.834,39.854,525646
2591,2023-08-14 12:00:00,39.831,39.901,39.774,39.884,535581
2592,2023-08-14 11:55:00,39.941,39.991,39.784,39.815,798582
2593,2023-08-14 11:50:00,40.011,40.091,39.913,39.923,903160
2594,2023-08-14 11:45:00,39.891,40.061,39.883,40.008,1082894
2595,2023-08-14 11:40:00,39.831,39.931,39.784,39.889,623873
2596,2023-08-14 11:35:00,39.781,39.861,39.724,39.834,595792
2597,2023-08-14 11:30:00,39.893,39.931,39.764,39.774,788978
2598,2023-08-14 11:25:00,39.794,39.901,39.694,39.889,815035
2599,2023-08-14 11:20:00,39.742,39.802,39.684,39.789,633703
2600,2023-08-14 11:15:00,39.741,39.831,39.694,39.734,786544
2601,2023-08-14 11:10:00,39.851,39.871,39.724,39.744,622129
2602,2023-08-14 11:05:00,39.945,39.976,39.754,39.844,1815822
2603,2023-08-14 11:00:00,39.961,39.99,39.903,39.943,862541
2604,2023-08-14 10:55:00,40.07,40.101,39.923,39.953,1190222
2605,2023-08-14 10:50:00,39.891,40.081,39.843,40.058,1752833
2606,2023-08-14 10:45:00,39.741,39.891,39.704,39.881,1092852
2607,2023-08-14 10:40:00,39.722,39.822,39.664,39.725,1073271
2608,2023-08-14 10:35:00,39.562,39.787,39.541,39.719,1842584
2609,2023-08-14 10:30:00,39.323,39.577,39.286,39.555,1144751
2610,2023-08-14 10:25:00,39.368,39.523,39.246,39.308,1382141
2611,2023-08-14 10:20:00,39.338,39.443,39.295,39.36,1166670
2612,2023-08-14 10:15:00,39.447,39.473,39.306,39.321,1327006
2613,2023-08-14 10:10:00,39.213,39.453,39.15,39.44,1751467
2614,2023-08-14 10:05:00,39.188,39.293,39.056,39.206,1538843
2615,2023-08-14 10:00:00,39.084,39.194,38.967,39.186,1297640
2616,2023-08-14 09:55:00,39.084,39.101,38.957,39.085,1104400
2617,2023-08-14 09:50:00,38.881,39.164,38.802,39.078,1668304
2618,2023-08-14 09:45:00,38.949,39.084,38.748,38.867,1801156
2619,2023-08-14 09:40:00,38.805,39.034,38.787,38.942,2006665
2620,2023-08-14 09:35:00,38.7,38.835,38.498,38.798,2015437
2621,2023-08-14 09:30:00,38.695,38.785,38.459,38.698,2704925
2622,2023-08-14 09:25:00,38.615,38.725,38.588,38.698,113794
2623,2023-08-14 09:20:00,38.685,38.725,38.578,38.618,90709
2624,2023-08-14 09:15:00,38.735,38.745,38.628,38.688,136108
2625,2023-08-14 09:10:00,38.785,38.785,38.698,38.728,112080
2626,2023-08-14 09:05:00,38.805,38.805,38.698,38.768,80549
2627,2023-08-14 09:00:00,38.815,38.835,38.738,38.807,87593
2628,2023-08-14 08:55:00,38.855,38.875,38.797,38.817,68423
2629,2023-08-14 08:50:00,38.725,38.905,38.708,38.837,259611
2630,2023-08-14 08:45:00,38.765,38.803,38.608,38.718,210704
2631,2023-08-14 08:40:00,38.775,38.825,38.738,38.758,157981
2632,2023-08-14 08:35:00,38.775,38.865,38.748,38.778,177309
2633,2023-08-14 08:30:00,38.874,38.895,38.678,38.778,294012
2634,2023-08-14 08:25:00,38.904,38.955,38.837,38.877,46993
2635,2023-08-14 08:20:00,38.954,38.995,38.877,38.907,118844
2636,2023-08-14 08:15:00,39.104,39.114,38.947,38.947,120739
2637,2023-08-14 08:10:00,39.114,39.134,39.076,39.096,35355
2638,2023-08-14 08:05:00,39.134,39.134,39.066,39.096,95592
2639,2023-08-14 08:00:00,39.193,39.752,38.638,39.116,273875
2640,2023-08-14 07:55:00,39.173,39.214,39.146,39.196,12924
2641,2023-08-14 07:50:00,39.154,39.204,39.106,39.176,21895
2642,2023-08-14 07:45:00,39.134,39.164,39.106,39.146,18957
2643,2023-08-14 07:40:00,39.173,39.224,39.106,39.126,54551
2644,2023-08-14 07:35:00,39.263,39.264,39.146,39.186,32709
2645,2023-08-14 07:30:00,39.283,39.323,39.236,39.266,26755
2646,2023-08-14 07:25:00,39.303,39.303,39.256,39.266,18242
2647,2023-08-14 07:20:00,39.263,39.303,39.246,39.266,30328
2648,2023-08-14 07:15:00,39.253,39.283,39.226,39.266,11682
2649,2023-08-14 07:10:00,39.323,39.323,39.236,39.256,17113
2650,2023-08-14 07:05:00,39.323,39.373,39.295,39.326,24773
2651,2023-08-14 07:00:00,39.373,39.383,39.315,39.316,71242
2652,2023-08-14 06:55:00,39.452,39.473,39.365,39.375,4814
2653,2023-08-14 06:50:00,39.433,39.473,39.425,39.445,10163
2654,2023-08-14 06:45:00,39.413,39.453,39.405,39.435,8368
2655,2023-08-14 06:40:00,39.383,39.413,39.365,39.395,8005
2656,2023-08-14 06:35:00,39.363,39.383,39.325,39.375,3637
2657,2023-08-14 06:30:00,39.333,39.363,39.305,39.326,1823
2658,2023-08-14 06:25:00,39.353,39.353,39.305,39.326,6816
2659,2023-08-14 06:20:00,39.403,39.453,39.335,39.345,20357
2660,2023-08-14 06:15:00,39.373,39.413,39.355,39.395,21716
2661,2023-08-14 06:10:00,39.393,39.403,39.345,39.365,4982
2662,2023-08-14 06:05:00,39.303,39.433,39.295,39.375,38899
2663,2023-08-14 06:00:00,39.293,39.323,39.236,39.296,7681
2664,2023-08-14 05:55:00,39.263,39.303,39.256,39.296,7706
2665,2023-08-14 05:50:00,39.283,39.283,39.226,39.256,8209
2666,2023-08-14 05:45:00,39.283,39.323,39.266,39.286,4919
2667,2023-08-14 05:40:00,39.293,39.333,39.256,39.276,3326
2668,2023-08-14 05:35:00,39.313,39.393,39.276,39.286,3732
2669,2023-08-14 05:30:00,39.353,39.353,39.286,39.296,16556
2670,2023-08-14 05:25:00,39.383,39.383,39.305,39.345,8145
2671,2023-08-14 05:20:00,39.373,39.413,39.345,39.345,15225
2672,2023-08-14 05:15:00,39.373,39.403,39.325,39.375,5212
2673,2023-08-14 05:10:00,39.293,39.393,39.236,39.385,8926
2674,2023-08-14 05:05:00,39.333,39.383,39.286,39.286,11355
2675,2023-08-14 05:00:00,39.333,39.343,39.266,39.326,16202
2676,2023-08-14 04:55:00,39.433,39.433,39.305,39.316,33085
2677,2023-08-14 04:50:00,39.373,39.433,39.355,39.405,6310
2678,2023-08-14 04:45:00,39.423,39.453,39.375,39.375,10009
2679,2023-08-14 04:40:00,39.452,39.473,39.385,39.415,17144
2680,2023-08-14 04:35:00,39.353,39.453,39.345,39.445,19956
2681,2023-08-14 04:30:00,39.373,39.393,39.315,39.365,13790
2682,2023-08-14 04:25:00,39.413,39.443,39.365,39.365,42869
2683,2023-08-14 04:20:00,39.403,39.483,39.365,39.405,27898
2684,2023-08-14 04:15:00,39.423,39.493,39.355,39.365,31882
2685,2023-08-14 04:10:00,39.622,39.672,39.395,39.415,37204
2686,2023-08-14 04:05:00,39.552,39.632,39.465,39.615,71109
2687,2023-08-14 04:00:00,39.682,39.861,38.947,39.555,255549
2688,2023-08-11 19:55:00,38.974,38.995,38.937,38.957,14978
2689,2023-08-11 19:50:00,38.984,39.004,38.947,38.967,14941
2690,2023-08-11 19:45:00,39.004,39.014,38.957,38.972,11075
2691,2023-08-11 19:40:00,39.004,39.014,38.977,38.997,13609
2692,2023-08-11 19:35:00,38.984,39.004,38.967,38.997,10792
2693,2023-08-11 19:30:00,38.984,38.985,38.967,38.967,2404
2694,2023-08-11 19:25:00,38.999,39.004,38.957,38.977,2657
2695,2023-08-11 19:20:00,38.974,38.995,38.957,38.987,2042
2696,2023-08-11 19:15:00,39.004,39.014,38.966,38.967,10506
2697,2023-08-11 19:10:00,39.004,39.014,38.997,39.007,1486
2698,2023-08-11 19:05:00,39.014,39.014,38.997,38.997,11997
2699,2023-08-11 19:00:00,39.024,39.024,38.997,39.007,10961
2700,2023-08-11 18:55:00,39.024,39.034,39.007,39.017,3389
2701,2023-08-11 18:50:00,39.014,39.024,39.007,39.017,2704
2702,2023-08-11 18:45:00,39.004,39.014,38.977,39.007,4757
2703,2023-08-11 18:40:00,38.974,39.004,38.967,38.987,8264
2704,2023-08-11 18:35:00,38.994,39.004,38.967,38.967,3687
2705,2023-08-11 18:30:00,38.994,39.014,38.977,38.987,12164
2706,2023-08-11 18:25:00,38.974,39.004,38.957,38.997,15294
2707,2023-08-11 18:20:00,38.964,38.975,38.947,38.967,37272
2708,2023-08-11 18:15:00,38.953,38.965,38.937,38.948,3452
2709,2023-08-11 18:10:00,38.954,38.965,38.937,38.937,10080
2710,2023-08-11 18:05:00,38.964,38.965,38.947,38.952,3425
2711,2023-08-11 18:00:00,38.954,38.965,38.937,38.957,10318
2712,2023-08-11 17:55:00,38.974,38.975,38.937,38.937,13942
2713,2023-08-11 17:50:00,38.964,38.985,38.947,38.957,9819
2714,2023-08-11 17:45:00,38.964,38.965,38.937,38.957,8372
2715,2023-08-11 17:40:00,38.984,38.985,38.937,38.957,11632
2716,2023-08-11 17:35:00,38.964,38.985,38.947,38.976,6108
2717,2023-08-11 17:30:00,38.974,38.975,38.957,38.967,6326
2718,2023-08-11 17:25:00,38.994,39.004,38.977,38.977,9860
2719,2023-08-11 17:20:00,38.974,39.004,38.947,38.997,31651
2720,2023-08-11 17:15:00,38.974,38.985,38.957,38.967,11647
2721,2023-08-11 17:10:00,38.974,38.985,38.967,38.967,3285
2722,2023-08-11 17:05:00,38.976,38.985,38.967,38.967,7193
2723,2023-08-11 17:00:00,38.984,40.748,38.967,38.977,9171
2724,2023-08-11 16:55:00,39.004,39.014,38.977,38.987,10698
2725,2023-08-11 16:50:00,38.994,39.014,38.977,39.007,22611
2726,2023-08-11 16:45:00,38.994,39.014,38.987,38.997,59612
2727,2023-08-11 16:40:00,39.004,39.004,38.977,38.987,21092
2728,2023-08-11 16:35:00,38.994,39.004,38.977,38.997,12964
2729,2023-08-11 16:30:00,38.994,39.004,38.967,38.987,35212
2730,2023-08-11 16:25:00,39.044,39.044,38.987,38.997,15820
2731,2023-08-11 16:20:00,39.034,39.044,38.987,39.035,38594
2732,2023-08-11 16:15:00,38.954,39.064,38.947,39.027,38025
2733,2023-08-11 16:10:00,39.004,39.074,38.987,39.057,139862
2734,2023-08-11 16:05:00,39.024,39.024,38.987,38.997,60508
2735,2023-08-11 16:00:00,38.954,39.044,38.947,39.017,872719
2736,2023-08-11 15:55:00,38.924,38.975,38.802,38.962,2354768
2737,2023-08-11 15:50:00,38.974,39.034,38.887,38.926,1293355
2738,2023-08-11 15:45:00,39.034,39.054,38.912,38.975,785781
2739,2023-08-11 15:40:00,39.004,39.061,38.917,39.033,896368
2740,2023-08-11 15:35:00,39.134,39.164,38.969,38.992,859250
2741,2023-08-11 15:30:00,39.084,39.174,39.036,39.126,830699
2742,2023-08-11 15:25:00,39.064,39.154,39.056,39.077,991932
2743,2023-08-11 15:20:00,39.004,39.084,38.94,39.062,861015
2744,2023-08-11 15:15:00,38.944,39.044,38.897,39.007,1000773
2745,2023-08-11 15:10:00,38.889,38.975,38.827,38.937,876730
2746,2023-08-11 15:05:00,39.089,39.114,38.877,38.887,826592
2747,2023-08-11 15:00:00,39.183,39.194,39.007,39.086,950261
2748,2023-08-11 14:55:00,39.164,39.254,39.136,39.181,549576
2749,2023-08-11 14:50:00,39.173,39.214,39.116,39.166,494341
2750,2023-08-11 14:45:00,39.104,39.194,39.076,39.166,561311
2751,2023-08-11 14:40:00,39.163,39.214,39.056,39.096,798628
2752,2023-08-11 14:35:00,39.064,39.174,38.94,39.151,1292751
2753,2023-08-11 14:30:00,39.039,39.254,39.026,39.067,1415977
2754,2023-08-11 14:25:00,39.034,39.134,39.017,39.037,878271
2755,2023-08-11 14:20:00,39.014,39.064,38.887,39.027,770865
2756,2023-08-11 14:15:00,38.924,39.054,38.882,38.999,711655
2757,2023-08-11 14:10:00,38.904,38.965,38.857,38.917,563597
2758,2023-08-11 14:05:00,38.904,39.044,38.877,38.897,894798
2759,2023-08-11 14:00:00,38.84,38.985,38.797,38.887,954972
2760,2023-08-11 13:55:00,38.755,38.865,38.673,38.827,585433
2761,2023-08-11 13:50:00,38.735,38.765,38.658,38.758,536857
2762,2023-08-11 13:45:00,38.775,38.805,38.678,38.728,658165
2763,2023-08-11 13:40:00,38.934,38.975,38.718,38.778,724330
2764,2023-08-11 13:35:00,38.954,38.985,38.857,38.922,655716
2765,2023-08-11 13:30:00,38.984,39.024,38.927,38.937,850440
2766,2023-08-11 13:25:00,38.795,39.013,38.782,38.973,1014111
2767,2023-08-11 13:20:00,38.755,38.855,38.748,38.793,767805
2768,2023-08-11 13:15:00,38.655,38.775,38.628,38.743,606596
2769,2023-08-11 13:10:00,38.625,38.696,38.588,38.643,628648
2770,2023-08-11 13:05:00,38.795,38.795,38.583,38.613,745104
2771,2023-08-11 13:00:00,38.675,38.825,38.668,38.788,965942
2772,2023-08-11 12:55:00,38.648,38.686,38.588,38.668,498932
2773,2023-08-11 12:50:00,38.625,38.695,38.578,38.639,523994
2774,2023-08-11 12:45:00,38.646,38.715,38.598,38.628,501659
2775,2023-08-11 12:40:00,38.735,38.765,38.628,38.63,710634
2776,2023-08-11 12:35:00,38.874,38.875,38.729,38.729,482616
2777,2023-08-11 12:30:00,38.815,38.925,38.807,38.872,695344
2778,2023-08-11 12:25:00,38.874,38.895,38.688,38.816,982579
2779,2023-08-11 12:20:00,38.934,38.99,38.847,38.857,649063
2780,2023-08-11 12:15:00,39.044,39.114,38.917,38.927,940488
2781,2023-08-11 12:10:00,38.895,39.074,38.837,39.037,1078563
2782,2023-08-11 12:05:00,38.865,38.995,38.842,38.879,1066626
2783,2023-08-11 12:00:00,38.83,38.905,38.779,38.86,1174694
2784,2023-08-11 11:55:00,38.585,38.835,38.548,38.816,1398105
2785,2023-08-11 11:50:00,38.556,38.596,38.478,38.575,1261119
2786,2023-08-11 11:45:00,38.656,38.696,38.508,38.548,881424
2787,2023-08-11 11:40:00,38.605,38.675,38.518,38.648,1052770
2788,2023-08-11 11:35:00,38.496,38.715,38.479,38.603,1423637
2789,2023-08-11 11:30:00,38.625,38.715,38.459,38.489,1316492
2790,2023-08-11 11:25:00,38.685,38.735,38.608,38.628,999603
2791,2023-08-11 11:20:00,38.735,38.825,38.638,38.678,1560108
2792,2023-08-11 11:15:00,38.74,38.765,38.658,38.734,1177902
2793,2023-08-11 11:10:00,38.904,38.908,38.694,38.733,1494652
2794,2023-08-11 11:05:00,39.034,39.074,38.827,38.897,980629
2795,2023-08-11 11:00:00,38.974,39.084,38.964,39.027,989278
2796,2023-08-11 10:55:00,38.934,39.05,38.926,38.962,1089502
2797,2023-08-11 10:50:00,39.233,39.239,38.907,38.927,1465572
2798,2023-08-11 10:45:00,39.255,39.343,39.136,39.231,1112555
2799,2023-08-11 10:40:00,39.333,39.473,39.196,39.256,1583260
2800,2023-08-11 10:35:00,39.158,39.373,39.091,39.326,1712051
2801,2023-08-11 10:30:00,39.323,39.42,39.146,39.156,1512429
2802,2023-08-11 10:25:00,39.452,39.468,39.266,39.316,1428907
2803,2023-08-11 10:20:00,39.303,39.538,39.291,39.45,3416776
2804,2023-08-11 10:15:00,39.213,39.403,39.176,39.292,2944210
2805,2023-08-11 10:10:00,39.013,39.244,38.857,39.201,2133588
2806,2023-08-11 10:05:00,39.073,39.184,38.947,38.997,2019009
2807,2023-08-11 10:00:00,38.73,39.174,38.723,39.067,3868532
2808,2023-08-11 09:55:00,38.72,38.83,38.688,38.718,1254184
2809,2023-08-11 09:50:00,38.785,38.825,38.628,38.714,1251624
2810,2023-08-11 09:45:00,38.725,38.885,38.568,38.776,2378591
2811,2023-08-11 09:40:00,38.954,39.023,38.628,38.718,2487749
2812,2023-08-11 09:35:00,38.805,39.094,38.777,38.947,2797250
2813,2023-08-11 09:30:00,38.894,38.895,38.618,38.807,3656760
2814,2023-08-11 09:25:00,38.914,39.014,38.797,38.867,394132
2815,2023-08-11 09:20:00,39.024,39.054,38.897,38.907,187516
2816,2023-08-11 09:15:00,39.054,39.064,38.917,39.007,141089
2817,2023-08-11 09:10:00,39.054,39.094,39.015,39.047,146410
2818,2023-08-11 09:05:00,39.064,39.104,38.977,39.047,263419
2819,2023-08-11 09:00:00,38.924,39.074,38.897,39.047,401787
2820,2023-08-11 08:55:00,38.934,38.993,38.887,38.927,276510
2821,2023-08-11 08:50:00,38.865,39.034,38.827,38.937,518645
2822,2023-08-11 08:45:00,39.163,39.169,38.857,38.857,603560
2823,2023-08-11 08:40:00,39.163,39.283,39.106,39.156,396504
2824,2023-08-11 08:35:00,39.114,39.265,39.096,39.156,380991
2825,2023-08-11 08:30:00,39.592,39.622,39.096,39.126,817488
2826,2023-08-11 08:25:00,39.532,39.602,39.485,39.595,54752
2827,2023-08-11 08:20:00,39.502,39.553,39.475,39.525,58792
2828,2023-08-11 08:15:00,39.512,39.553,39.485,39.485,45844
2829,2023-08-11 08:10:00,39.532,39.543,39.485,39.505,61439
2830,2023-08-11 08:05:00,39.562,39.582,39.485,39.515,88074
2831,2023-08-11 08:00:00,39.482,40.081,39.304,39.555,348322
2832,2023-08-11 07:55:00,39.522,39.563,39.485,39.525,24699
2833,2023-08-11 07:50:00,39.582,39.612,39.515,39.515,51671
2834,2023-08-11 07:45:00,39.542,39.632,39.535,39.565,25079
2835,2023-08-11 07:40:00,39.612,39.612,39.525,39.535,56970
2836,2023-08-11 07:35:00,39.652,39.652,39.584,39.634,50701
2837,2023-08-11 07:30:00,39.632,39.682,39.564,39.654,25552
2838,2023-08-11 07:25:00,39.592,39.642,39.564,39.634,55347
2839,2023-08-11 07:20:00,39.602,39.662,39.574,39.595,39464
2840,2023-08-11 07:15:00,39.592,39.642,39.584,39.595,24157
2841,2023-08-11 07:10:00,39.642,39.652,39.555,39.575,15615
2842,2023-08-11 07:05:00,39.632,39.692,39.584,39.634,23882
2843,2023-08-11 07:00:00,39.472,39.642,39.455,39.615,50935
2844,2023-08-11 06:55:00,39.512,39.523,39.425,39.465,23793
2845,2023-08-11 06:50:00,39.532,39.543,39.465,39.495,5602
2846,2023-08-11 06:45:00,39.542,39.553,39.485,39.535,20335
2847,2023-08-11 06:40:00,39.562,39.612,39.535,39.535,8190
2848,2023-08-11 06:35:00,39.572,39.632,39.555,39.565,5752
2849,2023-08-11 06:30:00,39.502,39.582,39.495,39.555,8050
2850,2023-08-11 06:25:00,39.512,39.543,39.485,39.495,6777
2851,2023-08-11 06:20:00,39.532,39.533,39.455,39.505,8018
2852,2023-08-11 06:15:00,39.482,39.543,39.465,39.515,12451
2853,2023-08-11 06:10:00,39.492,39.513,39.465,39.485,4957
2854,2023-08-11 06:05:00,39.452,39.513,39.445,39.475,9659
2855,2023-08-11 06:00:00,39.423,39.463,39.375,39.445,11653
2856,2023-08-11 05:55:00,39.353,39.433,39.295,39.415,16469
2857,2023-08-11 05:50:00,39.552,39.553,39.335,39.355,40246
2858,2023-08-11 05:45:00,39.642,39.642,39.555,39.555,7425
2859,2023-08-11 05:40:00,39.652,39.702,39.634,39.634,8480
2860,2023-08-11 05:35:00,39.602,39.662,39.555,39.644,8034
2861,2023-08-11 05:30:00,39.642,39.652,39.584,39.595,4255
2862,2023-08-11 05:25:00,39.612,39.662,39.604,39.615,11830
2863,2023-08-11 05:20:00,39.612,39.622,39.555,39.615,7852
2864,2023-08-11 05:15:00,39.612,39.642,39.594,39.615,8336
2865,2023-08-11 05:10:00,39.602,39.622,39.574,39.605,7175
2866,2023-08-11 05:05:00,39.552,39.632,39.545,39.595,21196
2867,2023-08-11 05:00:00,39.522,39.582,39.515,39.545,45792
2868,2023-08-11 04:55:00,39.522,39.563,39.465,39.515,21328
2869,2023-08-11 04:50:00,39.462,39.533,39.445,39.525,21725
2870,2023-08-11 04:45:00,39.492,39.493,39.415,39.455,122260
2871,2023-08-11 04:40:00,39.413,39.503,39.385,39.475,17111
2872,2023-08-11 04:35:00,39.482,39.543,39.385,39.405,31003
2873,2023-08-11 04:30:00,39.612,39.612,39.455,39.485,30245
2874,2023-08-11 04:25:00,39.602,39.662,39.584,39.615,19374
2875,2023-08-11 04:20:00,39.712,39.722,39.574,39.595,14859
2876,2023-08-11 04:15:00,39.692,39.722,39.624,39.694,17419
2877,2023-08-11 04:10:00,39.761,39.762,39.664,39.684,45227
2878,2023-08-11 04:05:00,39.811,39.822,39.744,39.764,19740
2879,2023-08-11 04:00:00,39.871,40.041,39.764,39.814,53962
2880,2023-08-10 19:55:00,40.04,40.051,40.013,40.043,29590
2881,2023-08-10 19:50:00,40.08,40.081,40.023,40.033,28775
2882,2023-08-10 19:45:00,40.041,40.071,40.033,40.063,28052
2883,2023-08-10 19:40:00,40.05,40.061,40.023,40.043,29763
2884,2023-08-10 19:35:00,40.06,40.071,40.033,40.043,9816
2885,2023-08-10 19:30:00,40.011,40.071,39.993,40.033,92167
2886,2023-08-10 19:25:00,39.991,40.011,39.983,39.993,9627
2887,2023-08-10 19:20:00,40.001,40.001,39.973,39.973,8603
2888,2023-08-10 19:15:00,39.981,40.001,39.963,39.983,48446
2889,2023-08-10 19:10:00,39.921,39.991,39.913,39.973,13786
2890,2023-08-10 19:05:00,39.971,39.991,39.913,39.923,31927
2891,2023-08-10 19:00:00,39.991,39.991,39.953,39.963,7467
2892,2023-08-10 18:55:00,40.011,40.011,39.973,39.983,22288
2893,2023-08-10 18:50:00,40.011,40.011,39.973,39.993,7289
2894,2023-08-10 18:45:00,39.991,40.021,39.983,40.003,13525
2895,2023-08-10 18:40:00,40.001,40.001,39.963,39.993,15018
2896,2023-08-10 18:35:00,40.011,40.011,39.983,39.993,8836
2897,2023-08-10 18:30:00,40.001,40.011,39.983,39.984,12153
2898,2023-08-10 18:25:00,39.961,40.011,39.943,40.003,26648
2899,2023-08-10 18:20:00,39.96,39.971,39.923,39.953,26534
2900,2023-08-10 18:15:00,39.981,39.991,39.943,39.943,8640
2901,2023-08-10 18:10:00,39.961,39.991,39.953,39.983,38278
2902,2023-08-10 18:05:00,39.951,39.961,39.924,39.943,14712
2903,2023-08-10 18:00:00,39.901,39.961,39.863,39.953,20124
2904,2023-08-10 17:55:00,39.891,39.911,39.873,39.903,14403
2905,2023-08-10 17:50:00,39.871,39.901,39.863,39.874,14111
2906,2023-08-10 17:45:00,39.871,39.881,39.853,39.873,2717
2907,2023-08-10 17:40:00,39.871,39.881,39.853,39.864,12051
2908,2023-08-10 17:35:00,39.861,39.871,39.853,39.864,5954
2909,2023-08-10 17:30:00,39.851,39.861,39.834,39.854,17810
2910,2023-08-10 17:25:00,39.851,39.861,39.834,39.844,5052
2911,2023-08-10 17:20:00,39.861,39.871,39.834,39.854,6526
2912,2023-08-10 17:15:00,39.871,39.871,39.853,39.864,13778
2913,2023-08-10 17:10:00,39.87,39.871,39.853,39.864,9731
2914,2023-08-10 17:05:00,39.861,39.871,39.843,39.864,20761
2915,2023-08-10 17:00:00,39.861,39.871,39.834,39.854,19910
2916,2023-08-10 16:55:00,39.861,39.891,39.843,39.872,12033
2917,2023-08-10 16:50:00,39.861,39.871,39.843,39.854,44797
2918,2023-08-10 16:45:00,39.861,39.871,39.834,39.854,18893
2919,2023-08-10 16:40:00,39.861,39.881,39.843,39.854,22312
2920,2023-08-10 16:35:00,39.901,39.911,39.853,39.854,76625
2921,2023-08-10 16:30:00,39.841,39.901,39.834,39.893,41424
2922,2023-08-10 16:25:00,39.821,39.852,39.804,39.834,28207
2923,2023-08-10 16:20:00,39.811,39.822,39.794,39.814,29980
2924,2023-08-10 16:15:00,39.751,39.812,39.744,39.804,46841
2925,2023-08-10 16:10:00,39.771,39.812,39.744,39.794,93571
2926,2023-08-10 16:05:00,39.702,39.782,39.684,39.764,125542
2927,2023-08-10 16:00:00,39.741,39.772,39.664,39.684,665291
2928,2023-08-10 15:55:00,39.722,39.802,39.658,39.724,2234775
2929,2023-08-10 15:50:00,39.642,39.812,39.599,39.714,1551333
2930,2023-08-10 15:45:00,39.577,39.821,39.535,39.644,1499495
2931,2023-08-10 15:40:00,39.662,39.712,39.545,39.575,1206347
2932,2023-08-10 15:35:00,39.637,39.762,39.604,39.66,819014
2933,2023-08-10 15:30:00,39.771,39.772,39.594,39.634,975745
2934,2023-08-10 15:25:00,39.921,39.931,39.714,39.768,1006441
2935,2023-08-10 15:20:00,40.061,40.101,39.863,39.923,1099448
2936,2023-08-10 15:15:00,40.02,40.111,39.953,40.058,826708
2937,2023-08-10 15:10:00,39.931,40.051,39.923,40.012,1047686
2938,2023-08-10 15:05:00,39.911,39.95,39.828,39.923,796537
2939,2023-08-10 15:00:00,40.09,40.1,39.774,39.903,1280720
2940,2023-08-10 14:55:00,39.999,40.101,39.923,40.08,1260281
2941,2023-08-10 14:50:00,39.846,40.048,39.794,39.99,1334548
2942,2023-08-10 14:45:00,39.756,39.95,39.644,39.844,1174900
2943,2023-08-10 14:40:00,39.821,39.841,39.623,39.755,950245
2944,2023-08-10 14:35:00,39.751,39.841,39.644,39.814,1430880
2945,2023-08-10 14:30:00,39.801,39.896,39.724,39.744,940305
2946,2023-08-10 14:25:00,39.881,39.921,39.704,39.784,934534
2947,2023-08-10 14:20:00,39.761,39.921,39.724,39.864,1058353
2948,2023-08-10 14:15:00,39.861,39.966,39.724,39.764,1463722
2949,2023-08-10 14:10:00,39.632,39.891,39.614,39.859,1835497
2950,2023-08-10 14:05:00,39.512,39.722,39.505,39.628,1050045
2951,2023-08-10 14:00:00,39.308,39.521,39.276,39.5,1203045
2952,2023-08-10 13:55:00,39.582,39.582,39.229,39.296,1902830
2953,2023-08-10 13:50:00,39.642,39.752,39.564,39.575,853318
2954,2023-08-10 13:45:00,39.477,39.746,39.445,39.639,1203781
2955,2023-08-10 13:40:00,39.662,39.687,39.365,39.475,1718577
2956,2023-08-10 13:35:00,39.761,39.779,39.584,39.654,810894
2957,2023-08-10 13:30:00,39.731,39.772,39.595,39.754,1054782
2958,2023-08-10 13:25:00,39.741,39.782,39.646,39.734,804180
2959,2023-08-10 13:20:00,39.881,39.883,39.604,39.742,1341237
2960,2023-08-10 13:15:00,39.957,39.981,39.824,39.864,763406
2961,2023-08-10 13:10:00,39.981,39.986,39.844,39.952,826366
2962,2023-08-10 13:05:00,39.881,39.996,39.853,39.973,993443
2963,2023-08-10 13:00:00,39.841,39.931,39.754,39.874,1386324
2964,2023-08-10 12:55:00,40.02,40.046,39.732,39.834,1579578
2965,2023-08-10 12:50:00,40.293,40.3,39.973,40.023,1283534
2966,2023-08-10 12:45:00,40.23,40.36,40.192,40.292,1628500
2967,2023-08-10 12:40:00,40.209,40.24,40.103,40.227,964453
2968,2023-08-10 12:35:00,40.03,40.23,39.953,40.202,1276356
2969,2023-08-10 12:30:00,40.001,40.087,39.943,40.023,989914
2970,2023-08-10 12:25:00,39.981,40.011,39.694,39.993,1810535
2971,2023-08-10 12:20:00,39.961,40.091,39.863,39.983,1187732
2972,2023-08-10 12:15:00,39.991,40.046,39.893,39.953,964670
2973,2023-08-10 12:10:00,40.001,40.101,39.888,39.983,976204
2974,2023-08-10 12:05:00,40.02,40.111,39.953,39.993,1293632
2975,2023-08-10 12:00:00,40.025,40.051,39.868,40.006,1166506
2976,2023-08-10 11:55:00,39.901,41.277,39.824,40.023,1766692
2977,2023-08-10 11:50:00,40.13,40.141,39.784,39.903,2558959
2978,2023-08-10 11:45:00,40.389,40.39,40.053,40.123,2270083
2979,2023-08-10 11:40:00,40.678,40.679,40.302,40.378,1436781
2980,2023-08-10 11:35:00,40.648,40.719,40.581,40.674,1647121
2981,2023-08-10 11:30:00,40.489,40.649,40.372,40.641,1259369
2982,2023-08-10 11:25:00,40.29,40.499,40.272,40.481,1435499
2983,2023-08-10 11:20:00,40.419,40.43,40.207,40.287,2011667
2984,2023-08-10 11:15:00,40.519,40.548,40.372,40.412,1475711
2985,2023-08-10 11:10:00,40.52,40.918,40.471,40.511,1127848
2986,2023-08-10 11:05:00,40.519,40.676,40.312,40.521,2083336
2987,2023-08-10 11:00:00,40.768,40.813,40.444,40.521,2042365
2988,2023-08-10 10:55:00,40.828,40.948,40.74,40.75,2040806
2989,2023-08-10 10:50:00,40.718,40.838,40.581,40.83,1598230
2990,2023-08-10 10:45:00,40.917,40.918,40.551,40.72,2593800
2991,2023-08-10 10:40:00,41.077,41.077,40.84,40.91,1563978
2992,2023-08-10 10:35:00,41.376,41.416,40.979,41.071,2003741
2993,2023-08-10 10:30:00,41.266,41.444,41.233,41.377,1634806
2994,2023-08-10 10:25:00,41.406,41.416,41.169,41.268,1028419
2995,2023-08-10 10:20:00,41.376,41.401,41.228,41.393,1396260
2996,2023-08-10 10:15:00,41.381,41.566,41.348,41.368,1339077
2997,2023-08-10 10:10:00,41.475,41.476,41.318,41.369,1329128
2998,2023-08-10 10:05:00,41.525,41.585,41.413,41.473,1678336
2999,2023-08-10 10:00:00,41.465,41.605,41.458,41.508,2800232
3000,2023-08-10 09:55:00,41.251,41.486,41.179,41.45,2315682
3001,2023-08-10 09:50:00,41.107,41.257,41.049,41.248,1919224
3002,2023-08-10 09:45:00,40.688,41.177,40.68,41.104,3168207
3003,2023-08-10 09:40:00,40.798,40.948,40.621,40.673,1928034
3004,2023-08-10 09:35:00,40.653,40.917,40.611,40.785,3277249
3005,2023-08-10 09:30:00,40.519,40.748,40.292,40.645,4356530
3006,2023-08-10 09:25:00,40.549,40.619,40.491,40.501,318095
3007,2023-08-10 09:20:00,40.658,40.709,40.461,40.531,314530
3008,2023-08-10 09:15:00,40.638,40.728,40.611,40.651,203038
3009,2023-08-10 09:10:00,40.698,40.719,40.561,40.631,246261
3010,2023-08-10 09:05:00,40.808,40.868,40.551,40.701,769691
3011,2023-08-10 09:00:00,40.738,40.838,40.7,40.79,379622
3012,2023-08-10 08:55:00,40.698,40.758,40.571,40.73,440724
3013,2023-08-10 08:50:00,40.688,40.719,40.531,40.681,570400
3014,2023-08-10 08:45:00,40.29,40.768,40.222,40.681,779595
3015,2023-08-10 08:40:00,40.429,40.469,40.063,40.282,1050904
3016,2023-08-10 08:35:00,40.469,40.719,40.401,40.422,1140463
3017,2023-08-10 08:30:00,40.309,40.948,40.302,40.451,2134148
3018,2023-08-10 08:25:00,40.429,40.479,40.222,40.342,257427
3019,2023-08-10 08:20:00,40.421,40.449,40.381,40.422,288207
3020,2023-08-10 08:15:00,40.389,40.559,40.381,40.422,373850
3021,2023-08-10 08:10:00,40.29,41.825,40.272,40.382,219810
3022,2023-08-10 08:05:00,40.28,40.29,40.242,40.282,119325
3023,2023-08-10 08:00:00,40.27,40.432,39.863,40.272,498779
3024,2023-08-10 07:55:00,40.22,40.24,40.192,40.212,41657
3025,2023-08-10 07:50:00,40.17,40.23,40.152,40.192,44648
3026,2023-08-10 07:45:00,40.2,40.2,40.152,40.172,37250
3027,2023-08-10 07:40:00,40.245,40.26,40.172,40.182,36063
3028,2023-08-10 07:35:00,40.24,40.29,40.222,40.242,76566
3029,2023-08-10 07:30:00,40.24,40.28,40.212,40.232,68998
3030,2023-08-10 07:25:00,40.3,40.32,40.222,40.242,60537
3031,2023-08-10 07:20:00,40.319,40.32,40.262,40.282,40529
3032,2023-08-10 07:15:00,40.359,40.37,40.302,40.312,38581
3033,2023-08-10 07:10:00,40.349,40.36,40.282,40.352,58936
3034,2023-08-10 07:05:00,40.329,40.38,40.322,40.352,98526
3035,2023-08-10 07:00:00,40.27,40.35,40.262,40.322,86321
3036,2023-08-10 06:55:00,40.28,40.29,40.242,40.272,5470
3037,2023-08-10 06:50:00,40.28,40.31,40.262,40.272,7803
3038,2023-08-10 06:45:00,40.23,40.28,40.222,40.262,4839
3039,2023-08-10 06:40:00,40.21,40.28,40.192,40.222,177071
3040,2023-08-10 06:35:00,40.21,40.24,40.192,40.202,5016
3041,2023-08-10 06:30:00,40.24,40.24,40.182,40.202,8079
3042,2023-08-10 06:25:00,40.27,40.28,40.232,40.232,8462
3043,2023-08-10 06:20:00,40.27,40.28,40.232,40.252,10229
3044,2023-08-10 06:15:00,40.26,40.31,40.252,40.262,10657
3045,2023-08-10 06:10:00,40.19,40.29,40.172,40.252,30460
3046,2023-08-10 06:05:00,40.319,40.32,40.192,40.192,39450
3047,2023-08-10 06:00:00,40.379,40.39,40.302,40.312,39052
3048,2023-08-10 05:55:00,40.369,40.39,40.342,40.372,27339
3049,2023-08-10 05:50:00,40.309,40.38,40.302,40.362,22701
3050,2023-08-10 05:45:00,40.319,40.33,40.292,40.302,4007
3051,2023-08-10 05:40:00,40.3,40.34,40.292,40.302,15233
3052,2023-08-10 05:35:00,40.29,40.31,40.262,40.292,13386
3053,2023-08-10 05:30:00,40.3,40.31,40.262,40.282,22503
3054,2023-08-10 05:25:00,40.319,40.32,40.262,40.292,7397
3055,2023-08-10 05:20:00,40.359,40.4,40.312,40.312,14051
3056,2023-08-10 05:15:00,40.369,40.42,40.342,40.352,18392
3057,2023-08-10 05:10:00,40.319,40.37,40.302,40.352,5736
3058,2023-08-10 05:05:00,40.3,40.35,40.292,40.312,13774
3059,2023-08-10 05:00:00,40.329,40.34,40.272,40.292,28182
3060,2023-08-10 04:55:00,40.419,40.43,40.332,40.332,16938
3061,2023-08-10 04:50:00,40.419,40.439,40.381,40.412,12800
3062,2023-08-10 04:45:00,40.379,40.42,40.352,40.412,25491
3063,2023-08-10 04:40:00,40.359,40.42,40.332,40.372,38436
3064,2023-08-10 04:35:00,40.309,40.36,40.302,40.342,24302
3065,2023-08-10 04:30:00,40.26,40.31,40.252,40.302,11222
3066,2023-08-10 04:25:00,40.23,40.28,40.212,40.252,10971
3067,2023-08-10 04:20:00,40.26,40.3,40.232,40.232,23360
3068,2023-08-10 04:15:00,40.23,40.25,40.212,40.242,31662
3069,2023-08-10 04:10:00,40.23,40.26,40.212,40.222,24102
3070,2023-08-10 04:05:00,40.28,40.31,40.222,40.222,25835
3071,2023-08-10 04:00:00,40.339,40.459,40.262,40.262,119765
3072,2023-08-09 19:55:00,39.881,39.901,39.853,39.859,89080
3073,2023-08-09 19:50:00,39.871,39.901,39.863,39.883,29304
3074,2023-08-09 19:45:00,39.881,39.901,39.863,39.874,34084
3075,2023-08-09 19:40:00,39.831,39.911,39.814,39.884,26770
3076,2023-08-09 19:35:00,39.791,39.832,39.784,39.824,7844
3077,2023-08-09 19:30:00,39.791,39.802,39.774,39.784,14520
3078,2023-08-09 19:25:00,39.791,39.802,39.764,39.784,3446
3079,2023-08-09 19:20:00,39.771,39.792,39.744,39.784,29415
3080,2023-08-09 19:15:00,39.811,39.822,39.754,39.764,4193
3081,2023-08-09 19:10:00,39.801,39.812,39.784,39.804,10728
3082,2023-08-09 19:05:00,39.811,39.822,39.764,39.784,9337
3083,2023-08-09 19:00:00,39.841,39.842,39.804,39.824,4302
3084,2023-08-09 18:55:00,39.841,39.852,39.814,39.824,4819
3085,2023-08-09 18:50:00,39.861,39.861,39.834,39.844,13792
3086,2023-08-09 18:45:00,39.841,39.861,39.834,39.854,11759
3087,2023-08-09 18:40:00,39.841,39.842,39.794,39.824,32324
3088,2023-08-09 18:35:00,39.861,39.861,39.814,39.814,16304
3089,2023-08-09 18:30:00,39.861,39.881,39.843,39.844,42166
3090,2023-08-09 18:25:00,39.841,39.861,39.814,39.854,45070
3091,2023-08-09 18:20:00,39.831,39.842,39.804,39.834,16919
3092,2023-08-09 18:15:00,39.841,39.852,39.814,39.824,24047
3093,2023-08-09 18:10:00,39.821,39.852,39.814,39.824,19400
3094,2023-08-09 18:05:00,39.831,39.832,39.794,39.813,24087
3095,2023-08-09 18:00:00,39.702,39.832,39.694,39.824,64091
3096,2023-08-09 17:55:00,39.702,39.712,39.684,39.694,9176
3097,2023-08-09 17:50:00,39.712,39.712,39.684,39.704,3804
3098,2023-08-09 17:45:00,39.692,39.702,39.664,39.694,7549
3099,2023-08-09 17:40:00,39.682,39.692,39.654,39.684,13505
3100,2023-08-09 17:35:00,39.672,39.682,39.654,39.674,12806
3101,2023-08-09 17:30:00,39.682,39.682,39.654,39.664,13635
3102,2023-08-09 17:25:00,39.692,39.722,39.664,39.674,47532
3103,2023-08-09 17:20:00,39.712,39.712,39.664,39.683,17016
3104,2023-08-09 17:15:00,39.761,39.762,39.694,39.704,21605
3105,2023-08-09 17:10:00,39.781,39.782,39.744,39.753,10983
3106,2023-08-09 17:05:00,39.751,39.792,39.744,39.774,24491
3107,2023-08-09 17:00:00,39.751,39.762,39.734,39.754,13759
3108,2023-08-09 16:55:00,39.751,39.752,39.724,39.744,83718
3109,2023-08-09 16:50:00,39.692,39.752,39.684,39.744,25569
3110,2023-08-09 16:45:00,39.682,39.702,39.664,39.694,32133
3111,2023-08-09 16:40:00,39.692,39.712,39.664,39.674,79399
3112,2023-08-09 16:35:00,39.692,39.702,39.664,39.684,50222
3113,2023-08-09 16:30:00,39.712,39.712,39.674,39.684,35417
3114,2023-08-09 16:25:00,39.712,39.732,39.704,39.714,45434
3115,2023-08-09 16:20:00,39.722,39.732,39.664,39.704,133928
3116,2023-08-09 16:15:00,39.572,39.802,39.555,39.714,116703
3117,2023-08-09 16:10:00,39.712,39.792,39.674,39.784,84993
3118,2023-08-09 16:05:00,39.692,39.722,39.664,39.694,156211
3119,2023-08-09 16:00:00,39.572,39.732,39.555,39.684,1136301
3120,2023-08-09 15:55:00,39.652,39.652,39.45,39.555,2762075
3121,2023-08-09 15:50:00,39.682,39.762,39.564,39.644,2023095
3122,2023-08-09 15:45:00,39.921,39.921,39.586,39.684,2328240
3123,2023-08-09 15:40:00,39.951,40.021,39.913,39.918,864742
3124,2023-08-09 15:35:00,40.044,40.15,39.938,39.953,868762
3125,2023-08-09 15:30:00,40.12,40.17,40.003,40.033,872378
3126,2023-08-09 15:25:00,40.176,40.24,40.083,40.109,932277
3127,2023-08-09 15:20:00,40.07,40.22,40.023,40.167,1041000
3128,2023-08-09 15:15:00,40.07,40.086,39.973,40.063,697441
3129,2023-08-09 15:10:00,40.07,40.091,39.953,40.063,1675248
3130,2023-08-09 15:05:00,40.298,40.32,40.053,40.053,1092836
3131,2023-08-09 15:00:00,40.3,40.339,40.212,40.287,1059539
3132,2023-08-09 14:55:00,40.309,40.416,40.272,40.287,1220397
3133,2023-08-09 14:50:00,40.479,40.489,40.262,40.298,1270166
3134,2023-08-09 14:45:00,40.459,40.509,40.401,40.481,589574
3135,2023-08-09 14:40:00,40.499,40.529,40.394,40.45,696510
3136,2023-08-09 14:35:00,40.435,40.519,40.421,40.491,663756
3137,2023-08-09 14:30:00,40.453,40.569,40.411,40.422,1806249
3138,2023-08-09 14:25:00,40.389,40.469,40.372,40.442,530673
3139,2023-08-09 14:20:00,40.429,40.469,40.342,40.382,871992
3140,2023-08-09 14:15:00,40.349,40.459,40.334,40.407,1134948
3141,2023-08-09 14:10:00,40.22,40.36,40.194,40.338,967857
3142,2023-08-09 14:05:00,40.21,40.26,40.182,40.217,589942
3143,2023-08-09 14:00:00,40.11,40.21,40.043,40.202,749635
3144,2023-08-09 13:55:00,40.165,40.2,40.083,40.103,503680
3145,2023-08-09 13:50:00,40.089,40.17,40.073,40.153,515875
3146,2023-08-09 13:45:00,40.19,40.231,40.073,40.073,825552
3147,2023-08-09 13:40:00,40.22,40.23,40.132,40.184,597614
3148,2023-08-09 13:35:00,40.14,40.22,40.103,40.21,491737
3149,2023-08-09 13:30:00,40.089,40.2,40.074,40.123,826873
3150,2023-08-09 13:25:00,40.03,40.121,40.013,40.075,530641
3151,2023-08-09 13:20:00,40.07,40.089,40.003,40.033,481563
3152,2023-08-09 13:15:00,40.075,40.16,40.013,40.057,1307590
3153,2023-08-09 13:10:00,39.936,40.101,39.893,40.073,1113903
3154,2023-08-09 13:05:00,39.821,39.951,39.804,39.924,1114523
3155,2023-08-09 13:00:00,39.642,39.841,39.569,39.814,1251230
3156,2023-08-09 12:55:00,39.746,39.772,39.618,39.643,910019
3157,2023-08-09 12:50:00,39.851,39.861,39.714,39.739,643436
3158,2023-08-09 12:45:00,39.76,39.881,39.684,39.844,842452
3159,2023-08-09 12:40:00,39.761,39.851,39.739,39.744,479734
3160,2023-08-09 12:35:00,39.846,39.852,39.744,39.764,946560
3161,2023-08-09 12:30:00,39.702,39.871,39.674,39.839,1277743
3162,2023-08-09 12:25:00,39.672,39.792,39.634,39.694,892289
3163,2023-08-09 12:20:00,39.647,39.672,39.505,39.659,1109089
3164,2023-08-09 12:15:00,39.682,39.747,39.614,39.64,989149
3165,2023-08-09 12:10:00,39.622,39.692,39.524,39.664,1383222
3166,2023-08-09 12:05:00,39.572,39.698,39.515,39.615,1093845
3167,2023-08-09 12:00:00,39.467,39.612,39.435,39.57,1262597
3168,2023-08-09 11:55:00,39.418,39.508,39.305,39.46,1160292
3169,2023-08-09 11:50:00,39.438,39.503,39.31,39.405,1761757
3170,2023-08-09 11:45:00,39.513,39.602,39.414,39.435,1260141
3171,2023-08-09 11:40:00,39.612,39.672,39.505,39.505,1305669
3172,2023-08-09 11:35:00,39.637,39.638,39.555,39.595,941882
3173,2023-08-09 11:30:00,39.492,39.642,39.395,39.631,2038467
3174,2023-08-09 11:25:00,39.433,39.513,39.405,39.485,1259939
3175,2023-08-09 11:20:00,39.462,39.494,39.325,39.425,2122580
3176,2023-08-09 11:15:00,39.552,39.641,39.388,39.463,2147912
3177,2023-08-09 11:10:00,39.851,39.862,39.544,39.545,1996379
3178,2023-08-09 11:05:00,39.921,39.941,39.814,39.844,1017841
3179,2023-08-09 11:00:00,39.771,39.941,39.704,39.908,2221867
3180,2023-08-09 10:55:00,39.921,39.991,39.764,39.769,2134925
3181,2023-08-09 10:50:00,40.18,40.22,39.915,39.923,2040040
3182,2023-08-09 10:45:00,40.28,40.34,40.177,40.182,813306
3183,2023-08-09 10:40:00,40.309,40.34,40.162,40.277,1311321
3184,2023-08-09 10:35:00,40.29,40.405,40.194,40.302,1015192
3185,2023-08-09 10:30:00,40.379,40.449,40.262,40.282,967497
3186,2023-08-09 10:25:00,40.25,40.4,40.242,40.372,869610
3187,2023-08-09 10:20:00,40.408,40.425,40.182,40.242,1680904
3188,2023-08-09 10:15:00,40.499,40.519,40.373,40.402,1060860
3189,2023-08-09 10:10:00,40.359,40.529,40.338,40.492,1284330
3190,2023-08-09 10:05:00,40.459,40.505,40.287,40.347,977565
3191,2023-08-09 10:00:00,40.369,40.539,40.322,40.441,1460236
3192,2023-08-09 09:55:00,40.349,40.459,40.312,40.352,955190
3193,2023-08-09 09:50:00,40.429,40.499,40.232,40.342,1589790
3194,2023-08-09 09:45:00,40.489,40.559,40.382,40.422,1471012
3195,2023-08-09 09:40:00,40.608,40.714,40.372,40.481,1958995
3196,2023-08-09 09:35:00,40.957,40.965,40.581,40.601,1550538
3197,2023-08-09 09:30:00,41.012,41.067,40.81,40.945,2201942
3198,2023-08-09 09:25:00,41.087,41.087,40.969,41.009,167677
3199,2023-08-09 09:20:00,41.097,41.137,41.069,41.079,120934
3200,2023-08-09 09:15:00,41.049,41.117,41.039,41.099,159739
3201,2023-08-09 09:10:00,41.137,41.137,41.019,41.039,229634
3202,2023-08-09 09:05:00,41.127,41.147,41.079,41.129,138405
3203,2023-08-09 09:00:00,41.117,41.137,41.049,41.109,75915
3204,2023-08-09 08:55:00,41.136,41.136,41.059,41.109,91158
3205,2023-08-09 08:50:00,41.166,41.167,41.089,41.119,96363
3206,2023-08-09 08:45:00,41.067,41.167,41.059,41.159,101841
3207,2023-08-09 08:40:00,41.256,41.267,41.049,41.059,221242
3208,2023-08-09 08:35:00,41.266,41.306,41.238,41.249,152255
3209,2023-08-09 08:30:00,41.147,41.277,41.129,41.258,104466
3210,2023-08-09 08:25:00,41.147,41.197,41.137,41.139,87334
3211,2023-08-09 08:20:00,41.176,41.177,41.089,41.149,208653
3212,2023-08-09 08:15:00,41.236,41.237,41.119,41.177,142106
3213,2023-08-09 08:10:00,41.286,41.316,41.208,41.229,114832
3214,2023-08-09 08:05:00,41.356,41.376,41.278,41.278,114671
3215,2023-08-09 08:00:00,41.191,41.546,41.047,41.348,468232
3216,2023-08-09 07:55:00,41.326,41.346,41.278,41.298,63932
3217,2023-08-09 07:50:00,41.316,41.336,41.298,41.318,47625
3218,2023-08-09 07:45:00,41.266,41.336,41.238,41.308,58072
3219,2023-08-09 07:40:00,41.196,41.277,41.189,41.268,35986
3220,2023-08-09 07:35:00,41.176,41.227,41.169,41.189,44294
3221,2023-08-09 07:30:00,41.067,41.187,41.039,41.169,182870
3222,2023-08-09 07:25:00,41.077,41.097,41.049,41.059,16219
3223,2023-08-09 07:20:00,41.067,41.117,41.059,41.069,58343
3224,2023-08-09 07:15:00,41.117,41.127,41.049,41.059,73926
3225,2023-08-09 07:10:00,41.137,41.147,41.099,41.109,45895
3226,2023-08-09 07:05:00,41.127,41.147,41.099,41.119,33277
3227,2023-08-09 07:00:00,41.196,41.227,41.109,41.119,48563
3228,2023-08-09 06:55:00,41.226,41.247,41.189,41.189,5997
3229,2023-08-09 06:50:00,41.216,41.257,41.208,41.219,13651
3230,2023-08-09 06:45:00,41.216,41.247,41.189,41.209,15454
3231,2023-08-09 06:40:00,41.296,41.297,41.208,41.219,15892
3232,2023-08-09 06:35:00,41.346,41.356,41.278,41.288,23798
3233,2023-08-09 06:30:00,41.336,41.376,41.328,41.338,10218
3234,2023-08-09 06:25:00,41.326,41.346,41.318,41.338,1966
3235,2023-08-09 06:20:00,41.286,41.326,41.278,41.318,12764
3236,2023-08-09 06:15:00,41.276,41.306,41.248,41.278,17414
3237,2023-08-09 06:10:00,41.356,41.356,41.238,41.268,10771
3238,2023-08-09 06:05:00,41.306,41.356,41.298,41.348,6566
3239,2023-08-09 06:00:00,41.326,41.346,41.288,41.308,10522
3240,2023-08-09 05:55:00,41.346,41.356,41.308,41.328,6402
3241,2023-08-09 05:50:00,41.296,41.356,41.268,41.338,15966
3242,2023-08-09 05:45:00,41.406,41.406,41.288,41.288,8100
3243,2023-08-09 05:40:00,41.386,41.416,41.378,41.388,3438
3244,2023-08-09 05:35:00,41.426,41.426,41.348,41.378,10308
3245,2023-08-09 05:30:00,41.416,41.436,41.398,41.408,6186
3246,2023-08-09 05:25:00,41.436,41.446,41.398,41.408,1950
3247,2023-08-09 05:20:00,41.416,41.466,41.398,41.428,7610
3248,2023-08-09 05:15:00,41.485,41.496,41.398,41.398,12561
3249,2023-08-09 05:10:00,41.455,41.506,41.408,41.468,11657
3250,2023-08-09 05:05:00,41.455,41.476,41.448,41.468,2745
3251,2023-08-09 05:00:00,41.495,41.496,41.448,41.458,8687
3252,2023-08-09 04:55:00,41.485,41.506,41.467,41.488,15074
3253,2023-08-09 04:50:00,41.505,41.526,41.477,41.478,12468
3254,2023-08-09 04:45:00,41.475,41.536,41.458,41.498,19015
3255,2023-08-09 04:40:00,41.485,41.486,41.448,41.458,12479
3256,2023-08-09 04:35:00,41.475,41.526,41.467,41.478,31785
3257,2023-08-09 04:30:00,41.446,41.476,41.428,41.468,22568
3258,2023-08-09 04:25:00,41.416,41.436,41.388,41.428,18170
3259,2023-08-09 04:20:00,41.286,41.416,41.278,41.408,22113
3260,2023-08-09 04:15:00,41.346,41.356,41.268,41.268,37229
3261,2023-08-09 04:10:00,41.346,41.356,41.288,41.328,27198
3262,2023-08-09 04:05:00,41.376,41.376,41.328,41.338,43197
3263,2023-08-09 04:00:00,41.336,41.376,41.258,41.358,78563
3264,2023-08-08 19:55:00,40.927,40.928,40.9,40.92,36377
3265,2023-08-08 19:50:00,40.927,40.938,40.9,40.91,17943
3266,2023-08-08 19:45:00,40.897,40.938,40.88,40.93,18330
3267,2023-08-08 19:40:00,40.897,40.908,40.88,40.89,9772
3268,2023-08-08 19:35:00,40.878,40.908,40.87,40.89,10719
3269,2023-08-08 19:30:00,40.907,40.918,40.87,40.88,3202
3270,2023-08-08 19:25:00,40.907,40.908,40.87,40.89,5072
3271,2023-08-08 19:20:00,40.897,40.908,40.87,40.88,9404
3272,2023-08-08 19:15:00,40.907,40.918,40.89,40.91,12542
3273,2023-08-08 19:10:00,40.877,40.918,40.86,40.91,11998
3274,2023-08-08 19:05:00,40.937,40.938,40.85,40.87,9753
3275,2023-08-08 19:00:00,40.897,40.938,40.89,40.92,19789
3276,2023-08-08 18:55:00,40.897,40.908,40.87,40.89,5157
3277,2023-08-08 18:50:00,40.877,40.898,40.86,40.89,4422
3278,2023-08-08 18:45:00,40.897,40.918,40.86,40.87,12708
3279,2023-08-08 18:40:00,40.887,40.888,40.86,40.88,7988
3280,2023-08-08 18:35:00,40.877,40.893,40.86,40.88,13370
3281,2023-08-08 18:30:00,40.917,40.928,40.85,40.87,8416
3282,2023-08-08 18:25:00,40.937,40.938,40.9,40.91,2376
3283,2023-08-08 18:20:00,40.947,40.958,40.91,40.93,8011
3284,2023-08-08 18:15:00,40.967,40.968,40.92,40.93,8675
3285,2023-08-08 18:10:00,40.917,40.958,40.91,40.95,6885
3286,2023-08-08 18:05:00,40.947,40.958,40.9,40.92,9797
3287,2023-08-08 18:00:00,40.887,40.968,40.88,40.94,35926
3288,2023-08-08 17:55:00,40.877,40.898,40.86,40.88,6261
3289,2023-08-08 17:50:00,40.839,40.898,40.831,40.87,16414
3290,2023-08-08 17:45:00,40.848,40.858,40.82,40.85,16418
3291,2023-08-08 17:40:00,40.838,40.848,40.83,40.84,2679
3292,2023-08-08 17:35:00,40.858,40.858,40.82,40.83,4149
3293,2023-08-08 17:30:00,40.838,40.858,40.83,40.85,8252
3294,2023-08-08 17:25:00,40.848,40.848,40.82,40.83,14406
3295,2023-08-08 17:20:00,40.868,40.868,40.82,40.84,13121
3296,2023-08-08 17:15:00,40.858,40.868,40.85,40.86,15276
3297,2023-08-08 17:10:00,40.877,40.898,40.85,40.86,23188
3298,2023-08-08 17:05:00,40.868,40.888,40.86,40.875,9332
3299,2023-08-08 17:00:00,40.907,40.918,40.87,40.87,9691
3300,2023-08-08 16:55:00,40.917,40.918,40.89,40.91,2962
3301,2023-08-08 16:50:00,40.907,40.918,40.88,40.9,9576
3302,2023-08-08 16:45:00,40.877,40.908,40.87,40.89,21066
3303,2023-08-08 16:40:00,40.887,40.908,40.87,40.87,17271
3304,2023-08-08 16:35:00,40.897,40.908,40.88,40.88,25508
3305,2023-08-08 16:30:00,40.897,40.898,40.87,40.89,15103
3306,2023-08-08 16:25:00,40.897,40.908,40.86,40.89,126748
3307,2023-08-08 16:20:00,40.927,40.928,40.89,40.89,56994
3308,2023-08-08 16:15:00,40.937,40.948,40.9,40.918,36687
3309,2023-08-08 16:10:00,40.947,40.968,40.91,40.92,117614
3310,2023-08-08 16:05:00,40.907,40.958,40.88,40.95,117366
3311,2023-08-08 16:00:00,40.917,40.988,40.89,40.9,522640
3312,2023-08-08 15:55:00,40.897,40.998,40.865,40.91,1710753
3313,2023-08-08 15:50:00,40.957,41.077,40.883,40.9,1492428
3314,2023-08-08 15:45:00,40.877,41.017,40.865,40.955,1081664
3315,2023-08-08 15:40:00,40.728,40.968,40.713,40.88,1703559
3316,2023-08-08 15:35:00,40.668,40.768,40.626,40.725,772604
3317,2023-08-08 15:30:00,40.778,40.814,40.611,40.661,1017898
3318,2023-08-08 15:25:00,40.808,40.843,40.75,40.77,600818
3319,2023-08-08 15:20:00,40.693,40.818,40.68,40.805,602836
3320,2023-08-08 15:15:00,40.743,40.798,40.651,40.69,599272
3321,2023-08-08 15:10:00,40.718,40.768,40.68,40.731,469590
3322,2023-08-08 15:05:00,40.788,40.838,40.695,40.71,755094
3323,2023-08-08 15:00:00,40.798,40.843,40.71,40.78,757249
3324,2023-08-08 14:55:00,40.653,40.878,40.636,40.79,1461459
3325,2023-08-08 14:50:00,40.598,40.659,40.551,40.647,475522
3326,2023-08-08 14:45:00,40.519,40.609,40.501,40.591,420078
3327,2023-08-08 14:40:00,40.589,40.594,40.481,40.511,486777
3328,2023-08-08 14:35:00,40.628,40.669,40.551,40.581,522518
3329,2023-08-08 14:30:00,40.608,40.649,40.521,40.621,556192
3330,2023-08-08 14:25:00,40.638,40.678,40.533,40.596,530058
3331,2023-08-08 14:20:00,40.688,40.738,40.611,40.631,656244
3332,2023-08-08 14:15:00,40.569,40.758,40.556,40.69,1139169
3333,2023-08-08 14:10:00,40.459,40.619,40.401,40.567,961146
3334,2023-08-08 14:05:00,40.449,40.519,40.391,40.461,495704
3335,2023-08-08 14:00:00,40.519,40.559,40.386,40.442,540516
3336,2023-08-08 13:55:00,40.489,40.539,40.441,40.511,762984
3337,2023-08-08 13:50:00,40.384,40.549,40.352,40.482,784227
3338,2023-08-08 13:45:00,40.439,40.484,40.352,40.372,710932
3339,2023-08-08 13:40:00,40.454,40.509,40.411,40.432,621723
3340,2023-08-08 13:35:00,40.364,40.459,40.222,40.449,760564
3341,2023-08-08 13:30:00,40.389,40.499,40.352,40.352,695871
3342,2023-08-08 13:25:00,40.399,40.406,40.282,40.392,821474
3343,2023-08-08 13:20:00,40.459,40.529,40.362,40.382,751152
3344,2023-08-08 13:15:00,40.359,40.559,40.344,40.461,1282734
3345,2023-08-08 13:10:00,40.285,40.36,40.204,40.352,588751
3346,2023-08-08 13:05:00,40.389,40.41,40.252,40.282,679762
3347,2023-08-08 13:00:00,40.3,40.42,40.263,40.372,740834
3348,2023-08-08 12:55:00,40.18,40.31,40.172,40.289,442918
3349,2023-08-08 12:50:00,40.18,40.235,40.132,40.18,492641
3350,2023-08-08 12:45:00,40.175,40.24,40.162,40.179,473081
3351,2023-08-08 12:40:00,40.319,40.33,40.162,40.167,649346
3352,2023-08-08 12:35:00,40.429,40.449,40.271,40.322,809042
3353,2023-08-08 12:30:00,40.25,40.43,40.232,40.417,879099
3354,2023-08-08 12:25:00,40.304,40.336,40.224,40.236,556760
3355,2023-08-08 12:20:00,40.339,40.34,40.237,40.292,829499
3356,2023-08-08 12:15:00,40.26,40.35,40.247,40.322,919731
3357,2023-08-08 12:10:00,40.264,40.29,40.212,40.257,567192
3358,2023-08-08 12:05:00,40.12,40.28,40.103,40.257,1122020
3359,2023-08-08 12:00:00,39.981,40.141,39.933,40.108,1035418
3360,2023-08-08 11:55:00,39.971,40.061,39.943,39.978,897057
3361,2023-08-08 11:50:00,39.891,40.041,39.883,39.968,1074986
3362,2023-08-08 11:45:00,40.011,40.021,39.853,39.889,1401260
3363,2023-08-08 11:40:00,40.23,40.236,39.903,40.008,1359064
3364,2023-08-08 11:35:00,40.09,40.28,40.063,40.222,1325008
3365,2023-08-08 11:30:00,40.19,40.22,40.063,40.078,1253304
3366,2023-08-08 11:25:00,40.12,40.23,40.013,40.187,1462108
3367,2023-08-08 11:20:00,40.07,40.131,39.993,40.113,754014
3368,2023-08-08 11:15:00,40.05,40.087,39.973,40.053,1196406
3369,2023-08-08 11:10:00,39.98,40.071,39.864,40.041,1093919
3370,2023-08-08 11:05:00,39.941,40.011,39.903,39.973,1090072
3371,2023-08-08 11:00:00,39.961,40.021,39.873,39.938,1831504
3372,2023-08-08 10:55:00,40.225,40.225,39.943,39.943,2021500
3373,2023-08-08 10:50:00,40.2,40.29,40.067,40.217,1875162
3374,2023-08-08 10:45:00,40.419,40.439,40.162,40.194,1295867
3375,2023-08-08 10:40:00,40.349,40.479,40.267,40.422,1824871
3376,2023-08-08 10:35:00,40.215,40.35,40.147,40.342,1173915
3377,2023-08-08 10:30:00,40.399,40.415,40.152,40.212,1608248
3378,2023-08-08 10:25:00,40.17,40.42,40.112,40.392,1812653
3379,2023-08-08 10:20:00,40.185,40.269,40.063,40.161,1673544
3380,2023-08-08 10:15:00,40.19,40.29,40.063,40.177,2929847
3381,2023-08-08 10:10:00,40.399,40.4,40.132,40.182,2343385
3382,2023-08-08 10:05:00,40.498,40.575,40.362,40.388,1618014
3383,2023-08-08 10:00:00,40.459,40.499,40.216,40.491,2790368
3384,2023-08-08 09:55:00,40.439,40.499,40.332,40.461,1601487
3385,2023-08-08 09:50:00,40.399,40.469,40.292,40.441,2782183
3386,2023-08-08 09:45:00,40.758,40.758,40.372,40.387,2883699
3387,2023-08-08 09:40:00,41.037,41.067,40.641,40.74,2207917
3388,2023-08-08 09:35:00,41.027,41.112,40.85,41.034,1810964
3389,2023-08-08 09:30:00,41.147,41.147,40.91,41.029,2171519
3390,2023-08-08 09:25:00,41.166,41.177,41.059,41.129,139513
3391,2023-08-08 09:20:00,41.176,41.227,41.138,41.164,118995
3392,2023-08-08 09:15:00,41.057,41.177,41.039,41.169,130102
3393,2023-08-08 09:10:00,41.057,41.117,41.029,41.047,83700
3394,2023-08-08 09:05:00,41.097,41.097,40.979,41.049,166071
3395,2023-08-08 09:00:00,41.127,41.127,41.049,41.099,97422
3396,2023-08-08 08:55:00,41.157,41.167,41.109,41.119,44917
3397,2023-08-08 08:50:00,41.176,41.187,41.139,41.139,89167
3398,2023-08-08 08:45:00,41.241,41.257,41.159,41.169,117213
3399,2023-08-08 08:40:00,41.117,41.277,41.099,41.239,359356
3400,2023-08-08 08:35:00,41.017,41.127,40.999,41.119,167446
3401,2023-08-08 08:30:00,41.047,41.057,40.969,41.019,74333
3402,2023-08-08 08:25:00,41.027,41.067,40.999,41.029,62998
3403,2023-08-08 08:20:00,40.957,41.037,40.929,41.009,51038
3404,2023-08-08 08:15:00,40.858,40.968,40.85,40.95,107189
3405,2023-08-08 08:10:00,40.828,40.868,40.79,40.85,133364
3406,2023-08-08 08:05:00,40.997,41.008,40.66,40.82,330128
3407,2023-08-08 08:00:00,41.376,41.685,40.91,40.979,457039
3408,2023-08-08 07:55:00,41.057,41.097,41.009,41.089,32061
3409,2023-08-08 07:50:00,40.987,41.077,40.979,41.049,37036
3410,2023-08-08 07:45:00,41.017,41.027,40.959,40.989,44436
3411,2023-08-08 07:40:00,40.987,41.037,40.949,41.019,59075
3412,2023-08-08 07:35:00,40.967,40.998,40.92,40.979,102741
3413,2023-08-08 07:30:00,41.057,41.057,40.91,40.96,94731
3414,2023-08-08 07:25:00,41.067,41.117,41.049,41.059,63258
3415,2023-08-08 07:20:00,41.067,41.127,41.029,41.069,43332
3416,2023-08-08 07:15:00,41.107,41.147,41.049,41.059,58022
3417,2023-08-08 07:10:00,41.196,41.197,41.079,41.109,58406
3418,2023-08-08 07:05:00,41.256,41.277,41.159,41.189,48014
3419,2023-08-08 07:00:00,41.376,41.406,41.228,41.258,72321
3420,2023-08-08 06:55:00,41.346,41.386,41.328,41.358,8846
3421,2023-08-08 06:50:00,41.406,41.416,41.278,41.338,25050
3422,2023-08-08 06:45:00,41.386,41.426,41.368,41.398,6727
3423,2023-08-08 06:40:00,41.336,41.426,41.318,41.378,15274
3424,2023-08-08 06:35:00,41.346,41.366,41.308,41.328,36283
3425,2023-08-08 06:30:00,41.366,41.386,41.288,41.338,37413
3426,2023-08-08 06:25:00,41.406,41.406,41.348,41.368,18874
3427,2023-08-08 06:20:00,41.426,41.456,41.368,41.388,16473
3428,2023-08-08 06:15:00,41.465,41.536,41.428,41.428,9312
3429,2023-08-08 06:10:00,41.515,41.546,41.438,41.468,17726
3430,2023-08-08 06:05:00,41.455,41.526,41.438,41.518,8575
3431,2023-08-08 06:00:00,41.495,41.526,41.408,41.448,14666
3432,2023-08-08 05:55:00,41.406,41.516,41.388,41.488,47772
3433,2023-08-08 05:50:00,41.416,41.456,41.368,41.378,17466
3434,2023-08-08 05:45:00,41.426,41.456,41.378,41.408,23736
3435,2023-08-08 05:40:00,41.366,41.426,41.358,41.418,14344
3436,2023-08-08 05:35:00,41.386,41.396,41.328,41.358,32888
3437,2023-08-08 05:30:00,41.386,41.406,41.358,41.378,7818
3438,2023-08-08 05:25:00,41.396,41.406,41.358,41.368,3304
3439,2023-08-08 05:20:00,41.356,41.416,41.338,41.378,14575
3440,2023-08-08 05:15:00,41.386,41.406,41.328,41.348,27497
3441,2023-08-08 05:10:00,41.485,41.486,41.388,41.388,29736
3442,2023-08-08 05:05:00,41.575,41.595,41.467,41.468,8714
3443,2023-08-08 05:00:00,41.575,41.585,41.537,41.567,13247
3444,2023-08-08 04:55:00,41.575,41.585,41.547,41.567,5692
3445,2023-08-08 04:50:00,41.555,41.576,41.527,41.557,7448
3446,2023-08-08 04:45:00,41.525,41.585,41.517,41.567,10842
3447,2023-08-08 04:40:00,41.465,41.556,41.458,41.527,8491
3448,2023-08-08 04:35:00,41.455,41.526,41.428,41.468,16546
3449,2023-08-08 04:30:00,41.416,41.466,41.408,41.448,27621
3450,2023-08-08 04:25:00,41.485,41.486,41.398,41.408,8906
3451,2023-08-08 04:20:00,41.505,41.516,41.408,41.468,14148
3452,2023-08-08 04:15:00,41.495,41.546,41.458,41.508,15958
3453,2023-08-08 04:10:00,41.505,41.516,41.458,41.498,13241
3454,2023-08-08 04:05:00,41.585,41.605,41.487,41.498,19188
3455,2023-08-08 04:00:00,41.635,42.034,41.557,41.577,76242
3456,2023-08-07 19:55:00,41.994,42.034,41.986,42.016,13973
3457,2023-08-07 19:50:00,42.023,42.034,41.986,41.996,8742
3458,2023-08-07 19:45:00,42.012,42.034,41.986,42.016,11892
3459,2023-08-07 19:40:00,41.994,42.024,41.976,42.006,15870
3460,2023-08-07 19:35:00,42.004,42.004,41.986,41.986,4036
3461,2023-08-07 19:30:00,42.014,42.024,41.986,41.986,19358
3462,2023-08-07 19:25:00,42.014,42.024,41.996,42.006,10867
3463,2023-08-07 19:20:00,42.004,42.024,41.986,41.996,8036
3464,2023-08-07 19:15:00,41.994,42.014,41.976,42.006,3364
3465,2023-08-07 19:10:00,41.994,42.004,41.976,41.986,2778
3466,2023-08-07 19:05:00,42.014,42.014,41.976,41.986,9191
3467,2023-08-07 19:00:00,41.994,42.024,41.986,42.006,11921
3468,2023-08-07 18:55:00,42.014,42.014,41.986,41.986,13112
3469,2023-08-07 18:50:00,41.999,42.014,41.986,41.986,4220
3470,2023-08-07 18:45:00,42.014,42.024,41.996,41.996,3057
3471,2023-08-07 18:40:00,42.023,42.044,41.996,41.996,11426
3472,2023-08-07 18:35:00,41.994,42.033,41.986,42.016,21977
3473,2023-08-07 18:30:00,41.984,42.004,41.966,41.996,13073
3474,2023-08-07 18:25:00,41.984,41.994,41.966,41.976,12887
3475,2023-08-07 18:20:00,42.004,42.014,41.976,41.976,16326
3476,2023-08-07 18:15:00,42.033,42.044,41.996,42.006,5850
3477,2023-08-07 18:10:00,42.053,42.064,42.015,42.026,31009
3478,2023-08-07 18:05:00,42.083,42.084,42.035,42.046,13226
3479,2023-08-07 18:00:00,42.073,42.094,42.055,42.075,5958
3480,2023-08-07 17:55:00,42.063,42.084,42.055,42.056,5314
3481,2023-08-07 17:50:00,42.053,42.084,42.045,42.056,5180
3482,2023-08-07 17:45:00,42.063,42.084,42.045,42.056,9149
3483,2023-08-07 17:40:00,42.063,42.074,42.045,42.056,5005
3484,2023-08-07 17:35:00,42.053,42.074,42.035,42.046,5710
3485,2023-08-07 17:30:00,42.068,42.084,42.045,42.047,8367
3486,2023-08-07 17:25:00,42.063,42.084,42.045,42.061,11244
3487,2023-08-07 17:20:00,42.053,42.064,42.045,42.046,2326
3488,2023-08-07 17:15:00,42.063,42.074,42.035,42.056,21978
3489,2023-08-07 17:10:00,42.043,42.084,42.035,42.056,11816
3490,2023-08-07 17:05:00,42.043,42.054,42.035,42.036,15520
3491,2023-08-07 17:00:00,42.043,42.054,42.025,42.036,6517
3492,2023-08-07 16:55:00,42.053,42.064,42.035,42.036,11214
3493,2023-08-07 16:50:00,42.063,42.084,42.045,42.056,33892
3494,2023-08-07 16:45:00,42.043,42.064,42.025,42.055,77049
3495,2023-08-07 16:40:00,42.053,42.064,42.035,42.046,47601
3496,2023-08-07 16:35:00,42.034,42.064,42.025,42.046,48814
3497,2023-08-07 16:30:00,42.033,42.054,42.015,42.026,23259
3498,2023-08-07 16:25:00,42.023,42.054,42.006,42.026,9503
3499,2023-08-07 16:20:00,42.033,42.054,41.991,42.016,25254
3500,2023-08-07 16:15:00,42.014,42.054,42.006,42.026,91053
3501,2023-08-07 16:10:00,42.014,42.034,41.996,42.016,97104
3502,2023-08-07 16:05:00,42.033,42.044,41.976,42.006,152457
3503,2023-08-07 16:00:00,42.014,42.044,41.965,42.026,565311
3504,2023-08-07 15:55:00,41.904,42.054,41.896,42.016,2066029
3505,2023-08-07 15:50:00,41.844,41.964,41.826,41.899,1687801
3506,2023-08-07 15:45:00,41.784,41.865,41.717,41.841,978795
3507,2023-08-07 15:40:00,41.789,41.855,41.766,41.777,697832
3508,2023-08-07 15:35:00,41.739,41.815,41.727,41.787,601934
3509,2023-08-07 15:30:00,41.675,41.755,41.597,41.737,869042
3510,2023-08-07 15:25:00,41.739,41.775,41.637,41.667,520370
3511,2023-08-07 15:20:00,41.717,41.784,41.697,41.737,347599
3512,2023-08-07 15:15:00,41.715,41.774,41.667,41.717,440908
3513,2023-08-07 15:10:00,41.76,41.805,41.697,41.712,442004
3514,2023-08-07 15:05:00,41.794,41.83,41.727,41.747,406423
3515,2023-08-07 15:00:00,41.715,41.835,41.707,41.777,710973
3516,2023-08-07 14:55:00,41.695,41.775,41.667,41.701,585148
3517,2023-08-07 14:50:00,41.735,41.75,41.627,41.687,362576
3518,2023-08-07 14:45:00,41.675,41.735,41.617,41.717,458931
3519,2023-08-07 14:40:00,41.709,41.73,41.632,41.677,530414
3520,2023-08-07 14:35:00,41.755,41.805,41.697,41.707,455964
3521,2023-08-07 14:30:00,41.55,41.795,41.537,41.747,935488
3522,2023-08-07 14:25:00,41.665,41.675,41.478,41.537,739080
3523,2023-08-07 14:20:00,41.7,41.735,41.651,41.662,541731
3524,2023-08-07 14:15:00,41.612,41.705,41.592,41.692,436329
3525,2023-08-07 14:10:00,41.69,41.705,41.597,41.598,531763
3526,2023-08-07 14:05:00,41.705,41.735,41.622,41.681,587788
3527,2023-08-07 14:00:00,41.685,41.805,41.667,41.697,840716
3528,2023-08-07 13:55:00,41.596,41.705,41.587,41.677,608079
3529,2023-08-07 13:50:00,41.595,41.635,41.557,41.587,471425
3530,2023-08-07 13:45:00,41.535,41.685,41.388,41.592,1116181
3531,2023-08-07 13:40:00,41.531,41.625,41.518,41.532,482052
3532,2023-08-07 13:35:00,41.525,41.605,41.487,41.521,383935
3533,2023-08-07 13:30:00,41.525,41.541,41.441,41.508,424276
3534,2023-08-07 13:25:00,41.535,41.582,41.467,41.513,348454
3535,2023-08-07 13:20:00,41.579,41.645,41.517,41.527,635503
3536,2023-08-07 13:15:00,41.47,41.585,41.442,41.572,498038
3537,2023-08-07 13:10:00,41.524,41.625,41.442,41.459,585282
3538,2023-08-07 13:05:00,41.525,41.573,41.458,41.513,365793
3539,2023-08-07 13:00:00,41.505,41.571,41.478,41.513,552284
3540,2023-08-07 12:55:00,41.52,41.541,41.4,41.503,513231
3541,2023-08-07 12:50:00,41.426,41.546,41.378,41.508,606963
3542,2023-08-07 12:45:00,41.346,41.436,41.258,41.418,496890
3543,2023-08-07 12:40:00,41.301,41.356,41.248,41.338,433664
3544,2023-08-07 12:35:00,41.326,41.406,41.288,41.293,370092
3545,2023-08-07 12:30:00,41.495,41.531,41.298,41.328,622452
3546,2023-08-07 12:25:00,41.386,41.536,41.368,41.488,704440
3547,2023-08-07 12:20:00,41.386,41.394,41.278,41.378,402635
3548,2023-08-07 12:15:00,41.426,41.452,41.338,41.398,567514
3549,2023-08-07 12:10:00,41.436,41.526,41.398,41.411,805604
3550,2023-08-07 12:05:00,41.436,41.495,41.409,41.432,483324
3551,2023-08-07 12:00:00,41.441,41.506,41.378,41.418,768386
3552,2023-08-07 11:55:00,41.266,41.465,41.257,41.438,1493079
3553,2023-08-07 11:50:00,41.174,41.267,41.119,41.258,774253
3554,2023-08-07 11:45:00,41.117,41.306,41.029,41.161,881218
3555,2023-08-07 11:40:00,41.027,41.386,41.009,41.109,732495
3556,2023-08-07 11:35:00,40.977,41.117,40.939,41.013,904688
3557,2023-08-07 11:30:00,40.997,41.047,40.79,40.965,1369140
3558,2023-08-07 11:25:00,40.967,41.097,40.88,40.999,802532
3559,2023-08-07 11:20:00,40.867,41.077,40.845,40.959,1038852
3560,2023-08-07 11:15:00,41.167,41.217,40.83,40.853,1391558
3561,2023-08-07 11:10:00,41.047,41.202,41.019,41.159,799304
3562,2023-08-07 11:05:00,41.191,41.192,40.959,41.031,1508301
3563,2023-08-07 11:00:00,41.266,41.326,41.159,41.189,843597
3564,2023-08-07 10:55:00,41.326,41.366,41.198,41.263,826488
3565,2023-08-07 10:50:00,41.495,41.516,41.278,41.319,870332
3566,2023-08-07 10:45:00,41.376,41.506,41.328,41.497,710812
3567,2023-08-07 10:40:00,41.535,41.675,41.368,41.368,1451077
3568,2023-08-07 10:35:00,41.446,41.62,41.428,41.527,828965
3569,2023-08-07 10:30:00,41.515,41.536,41.348,41.448,887900
3570,2023-08-07 10:25:00,41.545,41.635,41.438,41.518,1142141
3571,2023-08-07 10:20:00,41.525,41.561,41.428,41.542,899815
3572,2023-08-07 10:15:00,41.337,41.536,41.307,41.513,1279687
3573,2023-08-07 10:10:00,41.485,41.516,41.248,41.338,1144745
3574,2023-08-07 10:05:00,41.196,41.506,41.112,41.478,1511838
3575,2023-08-07 10:00:00,41.206,41.242,40.969,41.179,2013899
3576,2023-08-07 09:55:00,41.515,41.601,41.169,41.204,1209904
3577,2023-08-07 09:50:00,41.176,41.605,41.169,41.506,2394670
3578,2023-08-07 09:45:00,41.226,41.396,41.094,41.159,1999085
3579,2023-08-07 09:40:00,41.485,41.556,41.208,41.229,1966850
3580,2023-08-07 09:35:00,41.504,41.705,41.428,41.473,2311457
3581,2023-08-07 09:30:00,41.585,41.904,41.418,41.488,3804742
3582,2023-08-07 09:25:00,41.625,41.625,41.547,41.577,144169
3583,2023-08-07 09:20:00,41.605,41.625,41.567,41.607,54423
3584,2023-08-07 09:15:00,41.715,41.715,41.587,41.592,92123
3585,2023-08-07 09:10:00,41.645,41.727,41.637,41.707,150333
3586,2023-08-07 09:05:00,41.595,41.655,41.587,41.637,56885
3587,2023-08-07 09:00:00,41.645,41.665,41.557,41.587,124767
3588,2023-08-07 08:55:00,41.645,41.655,41.607,41.647,102177
3589,2023-08-07 08:50:00,41.565,41.655,41.547,41.637,118425
3590,2023-08-07 08:45:00,41.525,41.615,41.507,41.547,83981
3591,2023-08-07 08:40:00,41.495,41.566,41.467,41.508,106412
3592,2023-08-07 08:35:00,41.446,41.516,41.438,41.478,234832
3593,2023-08-07 08:30:00,41.336,41.446,41.298,41.438,102168
3594,2023-08-07 08:25:00,41.306,41.346,41.27,41.318,48276
3595,2023-08-07 08:20:00,41.316,41.346,41.268,41.298,108926
3596,2023-08-07 08:15:00,41.465,41.476,41.298,41.308,122922
3597,2023-08-07 08:10:00,41.416,41.476,41.398,41.458,53700
3598,2023-08-07 08:05:00,41.465,41.476,41.398,41.408,40744
3599,2023-08-07 08:00:00,41.446,41.793,40.989,41.458,397835
3600,2023-08-07 07:55:00,41.495,41.496,41.438,41.438,13117
3601,2023-08-07 07:50:00,41.475,41.496,41.448,41.468,43691
3602,2023-08-07 07:45:00,41.406,41.496,41.378,41.458,49745
3603,2023-08-07 07:40:00,41.446,41.446,41.368,41.408,14433
3604,2023-08-07 07:35:00,41.426,41.476,41.408,41.438,35858
3605,2023-08-07 07:30:00,41.436,41.456,41.388,41.418,38020
3606,2023-08-07 07:25:00,41.396,41.446,41.368,41.438,61727
3607,2023-08-07 07:20:00,41.426,41.476,41.388,41.388,69891
3608,2023-08-07 07:15:00,41.495,41.496,41.408,41.418,32024
3609,2023-08-07 07:10:00,41.436,41.496,41.408,41.468,35454
3610,2023-08-07 07:05:00,41.446,41.466,41.408,41.428,22116
3611,2023-08-07 07:00:00,41.446,41.486,41.428,41.438,53249
3612,2023-08-07 06:55:00,41.465,41.486,41.428,41.458,14104
3613,2023-08-07 06:50:00,41.416,41.476,41.398,41.458,26265
3614,2023-08-07 06:45:00,41.426,41.446,41.378,41.398,14829
3615,2023-08-07 06:40:00,41.406,41.416,41.358,41.408,7920
3616,2023-08-07 06:35:00,41.386,41.416,41.348,41.398,11013
3617,2023-08-07 06:30:00,41.326,41.406,41.268,41.378,41837
3618,2023-08-07 06:25:00,41.396,41.436,41.318,41.318,30609
3619,2023-08-07 06:20:00,41.505,41.506,41.368,41.378,90456
3620,2023-08-07 06:15:00,41.455,41.526,41.438,41.498,18797
3621,2023-08-07 06:10:00,41.495,41.496,41.428,41.448,16020
3622,2023-08-07 06:05:00,41.595,41.595,41.477,41.478,10183
3623,2023-08-07 06:00:00,41.575,41.615,41.557,41.577,9349
3624,2023-08-07 05:55:00,41.615,41.655,41.567,41.567,9168
3625,2023-08-07 05:50:00,41.645,41.665,41.587,41.607,9302
3626,2023-08-07 05:45:00,41.635,41.655,41.617,41.637,16017
3627,2023-08-07 05:40:00,41.645,41.655,41.597,41.637,9561
3628,2023-08-07 05:35:00,41.565,41.655,41.547,41.647,22671
3629,2023-08-07 05:30:00,41.545,41.595,41.537,41.547,15223
3630,2023-08-07 05:25:00,41.575,41.585,41.537,41.537,32635
3631,2023-08-07 05:20:00,41.525,41.576,41.497,41.567,10282
3632,2023-08-07 05:15:00,41.455,41.536,41.448,41.527,7888
3633,2023-08-07 05:10:00,41.495,41.546,41.458,41.458,10454
3634,2023-08-07 05:05:00,41.465,41.546,41.448,41.488,14832
3635,2023-08-07 05:00:00,41.495,41.516,41.418,41.458,13132
3636,2023-08-07 04:55:00,41.515,41.536,41.477,41.478,75581
3637,2023-08-07 04:50:00,41.386,41.536,41.368,41.508,37200
3638,2023-08-07 04:45:00,41.475,41.476,41.378,41.378,17239
3639,2023-08-07 04:40:00,41.515,41.546,41.428,41.468,18513
3640,2023-08-07 04:35:00,41.515,41.556,41.477,41.508,67231
3641,2023-08-07 04:30:00,41.605,41.635,41.497,41.498,42808
3642,2023-08-07 04:25:00,41.585,41.625,41.577,41.597,21403
3643,2023-08-07 04:20:00,41.665,41.695,41.577,41.587,15069
3644,2023-08-07 04:15:00,41.645,41.685,41.607,41.647,61983
3645,2023-08-07 04:10:00,41.675,41.705,41.627,41.637,23394
3646,2023-08-07 04:05:00,41.695,41.755,41.657,41.667,57051
3647,2023-08-07 04:00:00,41.774,41.835,41.467,41.697,204033
3648,2023-08-04 19:55:00,40.937,40.938,40.9,40.9,35489
3649,2023-08-04 19:50:00,40.937,40.948,40.92,40.92,17473
3650,2023-08-04 19:45:00,40.947,40.948,40.92,40.925,4710
3651,2023-08-04 19:40:00,40.957,40.958,40.929,40.94,10434
3652,2023-08-04 19:35:00,40.967,40.968,40.939,40.94,5065
3653,2023-08-04 19:30:00,40.952,40.968,40.939,40.96,9944
3654,2023-08-04 19:25:00,40.957,40.958,40.939,40.949,4651
3655,2023-08-04 19:20:00,40.957,40.958,40.92,40.95,9226
3656,2023-08-04 19:15:00,40.977,40.978,40.929,40.95,5879
3657,2023-08-04 19:10:00,40.957,40.978,40.929,40.97,8962
3658,2023-08-04 19:05:00,40.947,40.978,40.929,40.95,7315
3659,2023-08-04 19:00:00,40.957,40.968,40.929,40.949,4624
3660,2023-08-04 18:55:00,40.947,40.968,40.939,40.95,7351
3661,2023-08-04 18:50:00,40.962,40.968,40.939,40.945,6574
3662,2023-08-04 18:45:00,40.967,40.968,40.929,40.95,28954
3663,2023-08-04 18:40:00,40.967,40.978,40.949,40.96,8456
3664,2023-08-04 18:35:00,40.977,40.978,40.939,40.965,4679
3665,2023-08-04 18:30:00,40.997,40.998,40.949,40.97,4445
3666,2023-08-04 18:25:00,40.997,40.998,40.959,40.989,4246
3667,2023-08-04 18:20:00,40.987,40.998,40.969,40.989,11349
3668,2023-08-04 18:15:00,40.947,40.988,40.929,40.97,15089
3669,2023-08-04 18:10:00,40.957,40.968,40.929,40.93,12701
3670,2023-08-04 18:05:00,40.967,40.968,40.939,40.96,3778
3671,2023-08-04 18:00:00,40.967,40.978,40.939,40.96,3034
3672,2023-08-04 17:55:00,40.992,40.998,40.949,40.96,11329
3673,2023-08-04 17:50:00,41.007,41.008,40.959,40.975,3283
3674,2023-08-04 17:45:00,40.987,41.008,40.85,40.999,34689
3675,2023-08-04 17:40:00,40.997,40.998,40.979,40.989,6455
3676,2023-08-04 17:35:00,40.997,40.998,40.969,40.989,16778
3677,2023-08-04 17:30:00,40.987,40.998,40.969,40.979,3311
3678,2023-08-04 17:25:00,40.967,40.998,40.959,40.989,8596
3679,2023-08-04 17:20:00,40.977,40.988,40.939,40.979,28837
3680,2023-08-04 17:15:00,40.997,41.017,40.949,40.96,54660
3681,2023-08-04 17:10:00,41.027,41.047,40.979,40.999,37191
3682,2023-08-04 17:05:00,41.057,41.057,41.029,41.029,13314
3683,2023-08-04 17:00:00,41.037,41.066,41.019,41.058,17942
3684,2023-08-04 16:55:00,41.067,41.087,41.019,41.029,16746
3685,2023-08-04 16:50:00,41.087,41.087,41.039,41.059,16486
3686,2023-08-04 16:45:00,41.077,41.087,41.039,41.059,66410
3687,2023-08-04 16:40:00,41.087,41.087,41.049,41.069,49054
3688,2023-08-04 16:35:00,41.047,41.077,41.029,41.069,40379
3689,2023-08-04 16:30:00,41.066,44.675,41.039,41.049,40177
3690,2023-08-04 16:25:00,41.067,41.107,41.039,41.049,83147
3691,2023-08-04 16:20:00,41.107,41.107,41.059,41.059,81161
3692,2023-08-04 16:15:00,40.997,41.107,40.989,41.089,94840
3693,2023-08-04 16:10:00,41.127,41.137,41.029,41.079,102301
3694,2023-08-04 16:05:00,41.007,41.137,40.979,41.119,183847
3695,2023-08-04 16:00:00,40.992,41.057,40.979,40.999,841171
3696,2023-08-04 15:55:00,40.858,41.008,40.83,40.989,1970331
3697,2023-08-04 15:50:00,40.937,41.018,40.82,40.855,1959619
3698,2023-08-04 15:45:00,40.902,41.008,40.865,40.925,1152182
3699,2023-08-04 15:40:00,40.957,41.017,40.86,40.89,1797707
3700,2023-08-04 15:35:00,41.117,41.182,40.929,40.96,1467791
3701,2023-08-04 15:30:00,41.157,41.267,41.104,41.109,1274553
3702,2023-08-04 15:25:00,41.117,41.157,41.009,41.143,886373
3703,2023-08-04 15:20:00,41.186,41.297,41.081,41.113,914027
3704,2023-08-04 15:15:00,41.346,41.416,41.179,41.184,1199031
3705,2023-08-04 15:10:00,41.057,41.351,41.049,41.333,1180811
3706,2023-08-04 15:05:00,41.166,41.217,41.019,41.069,1050614
3707,2023-08-04 15:00:00,41.127,41.286,41.092,41.159,1335201
3708,2023-08-04 14:55:00,41.137,41.237,40.999,41.119,1788917
3709,2023-08-04 14:50:00,41.236,41.476,41.129,41.135,2210781
3710,2023-08-04 14:45:00,41.276,41.287,41.109,41.229,1316352
3711,2023-08-04 14:40:00,41.216,41.37,41.129,41.273,1723893
3712,2023-08-04 14:35:00,41.49,41.496,41.198,41.209,1862832
3713,2023-08-04 14:30:00,41.515,41.634,41.368,41.478,1578761
3714,2023-08-04 14:25:00,41.515,41.665,41.438,41.517,2163413
3715,2023-08-04 14:20:00,41.735,41.735,41.482,41.508,1649654
3716,2023-08-04 14:15:00,41.954,41.969,41.627,41.737,1681902
3717,2023-08-04 14:10:00,41.959,42.054,41.841,41.956,1237673
3718,2023-08-04 14:05:00,41.864,41.964,41.811,41.955,2037281
3719,2023-08-04 14:00:00,42.332,42.333,41.856,41.856,2947121
3720,2023-08-04 13:55:00,42.506,42.522,42.265,42.325,1243804
3721,2023-08-04 13:50:00,42.631,42.642,42.484,42.509,787476
3722,2023-08-04 13:45:00,42.552,42.702,42.529,42.63,827515
3723,2023-08-04 13:40:00,42.492,42.577,42.414,42.539,743773
3724,2023-08-04 13:35:00,42.562,42.572,42.454,42.494,372025
3725,2023-08-04 13:30:00,42.542,42.592,42.474,42.554,564567
3726,2023-08-04 13:25:00,42.631,42.647,42.385,42.529,2211851
3727,2023-08-04 13:20:00,42.729,42.74,42.623,42.628,367674
3728,2023-08-04 13:15:00,42.711,42.761,42.593,42.719,558948
3729,2023-08-04 13:10:00,42.731,42.732,42.653,42.703,491448
3730,2023-08-04 13:05:00,42.791,42.801,42.616,42.728,1286492
3731,2023-08-04 13:00:00,42.9,42.921,42.733,42.787,681520
3732,2023-08-04 12:55:00,42.955,42.961,42.862,42.892,555463
3733,2023-08-04 12:50:00,42.915,42.981,42.872,42.952,583626
3734,2023-08-04 12:45:00,43.01,43.021,42.882,42.916,740786
3735,2023-08-04 12:40:00,42.89,43.011,42.834,42.997,943284
3736,2023-08-04 12:35:00,42.831,42.901,42.783,42.883,502796
3737,2023-08-04 12:30:00,42.871,42.911,42.793,42.813,928516
3738,2023-08-04 12:25:00,42.711,42.871,42.698,42.853,1721200
3739,2023-08-04 12:20:00,42.666,42.712,42.554,42.693,588977
3740,2023-08-04 12:15:00,42.697,42.702,42.573,42.657,482422
3741,2023-08-04 12:10:00,42.542,42.712,42.504,42.688,901945
3742,2023-08-04 12:05:00,42.681,42.687,42.524,42.534,800125
3743,2023-08-04 12:00:00,42.696,42.731,42.633,42.678,435299
3744,2023-08-04 11:55:00,42.697,42.761,42.643,42.683,662378
3745,2023-08-04 11:50:00,42.741,42.786,42.613,42.693,1237067
3746,2023-08-04 11:45:00,42.588,42.761,42.577,42.733,1354041
3747,2023-08-04 11:40:00,42.362,42.632,42.324,42.585,997414
3748,2023-08-04 11:35:00,42.456,42.516,42.314,42.354,959998
3749,2023-08-04 11:30:00,42.477,42.506,42.405,42.444,597609
3750,2023-08-04 11:25:00,42.402,42.502,42.389,42.469,513761
3751,2023-08-04 11:20:00,42.362,42.423,42.304,42.396,675935
3752,2023-08-04 11:15:00,42.352,42.468,42.294,42.347,817166
3753,2023-08-04 11:10:00,42.522,42.552,42.32,42.349,1022938
3754,2023-08-04 11:05:00,42.422,42.562,42.368,42.509,1170421
3755,2023-08-04 11:00:00,42.283,42.443,42.23,42.408,1157448
3756,2023-08-04 10:55:00,42.322,42.363,42.205,42.277,946196
3757,2023-08-04 10:50:00,42.133,42.343,42.035,42.317,1244720
3758,2023-08-04 10:45:00,42.143,42.203,42.055,42.135,950172
3759,2023-08-04 10:40:00,42.113,42.227,42.006,42.125,1100852
3760,2023-08-04 10:35:00,42.163,42.273,42.095,42.1,1262712
3761,2023-08-04 10:30:00,41.859,42.224,41.846,42.155,2430838
3762,2023-08-04 10:25:00,41.944,41.984,41.727,41.856,1438115
3763,2023-08-04 10:20:00,41.854,41.954,41.657,41.936,1761886
3764,2023-08-04 10:15:00,41.59,41.884,41.458,41.846,2126222
3765,2023-08-04 10:10:00,41.535,41.795,41.507,41.577,2594620
3766,2023-08-04 10:05:00,41.525,41.566,41.268,41.527,2612796
3767,2023-08-04 10:00:00,41.725,41.771,41.368,41.518,3008829
3768,2023-08-04 09:55:00,41.904,41.949,41.647,41.717,2698590
3769,2023-08-04 09:50:00,42.362,42.452,41.796,41.906,3284283
3770,2023-08-04 09:45:00,42.153,42.478,42.121,42.349,2965834
3771,2023-08-04 09:40:00,42.731,42.746,42.095,42.145,3049414
3772,2023-08-04 09:35:00,42.58,42.821,42.544,42.713,5554363
3773,2023-08-04 09:30:00,42.243,42.612,42.105,42.574,6276732
3774,2023-08-04 09:25:00,42.193,42.263,42.105,42.215,176967
3775,2023-08-04 09:20:00,42.183,42.283,42.165,42.175,86833
3776,2023-08-04 09:15:00,42.303,42.303,42.165,42.175,135340
3777,2023-08-04 09:10:00,42.303,42.333,42.175,42.285,247804
3778,2023-08-04 09:05:00,42.352,42.393,42.245,42.295,154706
3779,2023-08-04 09:00:00,42.253,42.393,42.195,42.344,192461
3780,2023-08-04 08:55:00,42.283,42.313,42.155,42.255,291180
3781,2023-08-04 08:50:00,42.183,42.443,42.175,42.275,704774
3782,2023-08-04 08:45:00,41.934,42.243,41.926,42.165,536136
3783,2023-08-04 08:40:00,41.595,42.054,41.517,41.916,872206
3784,2023-08-04 08:35:00,41.794,41.865,41.348,41.578,655339
3785,2023-08-04 08:30:00,41.844,42.183,41.687,41.786,983450
3786,2023-08-04 08:25:00,41.884,41.924,41.826,41.876,86642
3787,2023-08-04 08:20:00,41.735,41.894,41.727,41.876,83955
3788,2023-08-04 08:15:00,41.725,41.765,41.677,41.737,90247
3789,2023-08-04 08:10:00,41.784,41.815,41.697,41.707,48581
3790,2023-08-04 08:05:00,41.804,41.845,41.756,41.787,56769
3791,2023-08-04 08:00:00,42.014,42.604,41.579,41.787,581669
3792,2023-08-04 07:55:00,41.715,41.805,41.687,41.757,101028
3793,2023-08-04 07:50:00,41.655,41.725,41.567,41.697,92031
3794,2023-08-04 07:45:00,41.754,41.775,41.617,41.647,92272
3795,2023-08-04 07:40:00,41.774,41.805,41.727,41.747,83604
3796,2023-08-04 07:35:00,41.854,41.894,41.766,41.777,39119
3797,2023-08-04 07:30:00,41.794,41.894,41.776,41.836,43818
3798,2023-08-04 07:25:00,41.914,41.944,41.786,41.796,51189
3799,2023-08-04 07:20:00,41.904,41.934,41.866,41.896,53442
3800,2023-08-04 07:15:00,41.974,41.994,41.866,41.896,40113
3801,2023-08-04 07:10:00,41.994,41.994,41.916,41.966,83742
3802,2023-08-04 07:05:00,42.033,42.034,41.976,41.996,66308
3803,2023-08-04 07:00:00,42.063,42.074,41.966,42.026,34489
3804,2023-08-04 06:55:00,42.053,42.054,41.986,42.046,12422
3805,2023-08-04 06:50:00,42.093,42.114,42.035,42.056,18336
3806,2023-08-04 06:45:00,42.163,42.183,42.085,42.085,19439
3807,2023-08-04 06:40:00,42.193,42.193,42.145,42.165,9401
3808,2023-08-04 06:35:00,42.263,42.273,42.175,42.185,15370
3809,2023-08-04 06:30:00,42.263,42.323,42.255,42.255,7353
3810,2023-08-04 06:25:00,42.253,42.273,42.215,42.255,92949
3811,2023-08-04 06:20:00,42.263,42.303,42.245,42.255,7226
3812,2023-08-04 06:15:00,42.273,42.293,42.235,42.245,20361
3813,2023-08-04 06:10:00,42.283,42.293,42.225,42.275,20531
3814,2023-08-04 06:05:00,42.303,42.313,42.245,42.275,6788
3815,2023-08-04 06:00:00,42.332,42.343,42.275,42.295,11383
3816,2023-08-04 05:55:00,42.402,42.443,42.314,42.335,16336
3817,2023-08-04 05:50:00,42.303,42.393,42.294,42.384,6796
3818,2023-08-04 05:45:00,42.312,42.353,42.284,42.305,9418
3819,2023-08-04 05:40:00,42.372,42.393,42.304,42.305,15729
3820,2023-08-04 05:35:00,42.362,42.373,42.304,42.364,10782
3821,2023-08-04 05:30:00,42.482,42.482,42.344,42.364,13076
3822,2023-08-04 05:25:00,42.452,42.512,42.414,42.474,24128
3823,2023-08-04 05:20:00,42.412,42.462,42.404,42.444,8832
3824,2023-08-04 05:15:00,42.402,42.452,42.384,42.404,10972
3825,2023-08-04 05:10:00,42.342,42.413,42.334,42.394,6837
3826,2023-08-04 05:05:00,42.352,42.363,42.284,42.335,14110
3827,2023-08-04 05:00:00,42.303,42.383,42.294,42.354,15945
3828,2023-08-04 04:55:00,42.293,42.323,42.265,42.295,8820
3829,2023-08-04 04:50:00,42.283,42.313,42.235,42.285,7328
3830,2023-08-04 04:45:00,42.303,42.353,42.255,42.255,33288
3831,2023-08-04 04:40:00,42.263,42.313,42.245,42.295,30588
3832,2023-08-04 04:35:00,42.283,42.313,42.245,42.245,120245
3833,2023-08-04 04:30:00,42.392,42.403,42.255,42.255,31807
3834,2023-08-04 04:25:00,42.472,42.492,42.384,42.394,27386
3835,2023-08-04 04:20:00,42.532,42.552,42.434,42.464,18607
3836,2023-08-04 04:15:00,42.582,42.612,42.534,42.534,40539
3837,2023-08-04 04:10:00,42.522,42.592,42.474,42.574,72873
3838,2023-08-04 04:05:00,42.482,42.562,42.464,42.524,79154
3839,2023-08-04 04:00:00,42.382,42.851,42.265,42.464,78304
3840,2023-08-03 19:55:00,41.984,42.004,41.956,41.986,106357
3841,2023-08-03 19:50:00,41.914,41.984,41.896,41.976,23036
3842,2023-08-03 19:45:00,41.904,41.944,41.886,41.916,19539
3843,2023-08-03 19:40:00,41.894,41.914,41.846,41.896,24022
3844,2023-08-03 19:35:00,41.884,41.924,41.876,41.906,24769
3845,2023-08-03 19:30:00,41.914,41.954,41.856,41.876,33825
3846,2023-08-03 19:25:00,41.984,41.984,41.916,41.916,60009
3847,2023-08-03 19:20:00,42.014,42.014,41.946,41.966,16533
3848,2023-08-03 19:15:00,42.025,42.034,41.986,42.006,23755
3849,2023-08-03 19:10:00,42.083,42.094,42.015,42.026,36889
3850,2023-08-03 19:05:00,41.964,42.114,41.956,42.066,47620
3851,2023-08-03 19:00:00,41.954,41.994,41.946,41.966,48914
3852,2023-08-03 18:55:00,41.884,42.004,41.866,41.945,36096
3853,2023-08-03 18:50:00,41.884,41.884,41.846,41.876,9106
3854,2023-08-03 18:45:00,41.774,41.884,41.766,41.876,23851
3855,2023-08-03 18:40:00,41.794,41.795,41.756,41.777,45857
3856,2023-08-03 18:35:00,41.814,41.825,41.786,41.787,12040
3857,2023-08-03 18:30:00,41.764,41.835,41.756,41.816,5911
3858,2023-08-03 18:25:00,41.794,41.795,41.717,41.757,9665
3859,2023-08-03 18:20:00,41.695,41.805,41.687,41.796,22903
3860,2023-08-03 18:15:00,41.715,41.725,41.647,41.687,37474
3861,2023-08-03 18:10:00,41.684,41.765,41.667,41.705,19240
3862,2023-08-03 18:05:00,41.744,41.755,41.647,41.687,18486
3863,2023-08-03 18:00:00,41.625,41.874,41.577,41.737,94595
3864,2023-08-03 17:55:00,41.565,41.675,41.537,41.657,55517
3865,2023-08-03 17:50:00,41.535,41.576,41.497,41.547,18277
3866,2023-08-03 17:45:00,41.426,41.546,41.408,41.518,30387
3867,2023-08-03 17:40:00,41.525,41.536,41.408,41.418,31765
3868,2023-08-03 17:35:00,41.535,41.576,41.458,41.498,18673
3869,2023-08-03 17:30:00,41.635,41.645,41.487,41.527,28392
3870,2023-08-03 17:25:00,41.635,41.755,41.487,41.647,54504
3871,2023-08-03 17:20:00,41.725,41.745,41.398,41.657,128697
3872,2023-08-03 17:15:00,41.744,41.755,41.697,41.717,15941
3873,2023-08-03 17:10:00,41.696,41.755,41.688,41.727,13702
3874,2023-08-03 17:05:00,41.705,41.775,41.667,41.697,40398
3875,2023-08-03 17:00:00,41.725,41.765,41.667,41.667,55801
3876,2023-08-03 16:55:00,41.725,41.775,41.567,41.727,143018
3877,2023-08-03 16:50:00,41.625,41.735,41.607,41.722,107989
3878,2023-08-03 16:45:00,41.764,41.795,41.587,41.607,274058
3879,2023-08-03 16:40:00,41.894,41.924,41.647,41.756,386337
3880,2023-08-03 16:35:00,41.934,41.955,41.846,41.896,312539
3881,2023-08-03 16:30:00,42.223,42.532,41.746,41.946,1298025
3882,2023-08-03 16:25:00,42.233,42.293,42.225,42.225,219313
3883,2023-08-03 16:20:00,42.233,42.293,42.185,42.235,185587
3884,2023-08-03 16:15:00,41.575,42.263,41.567,42.235,146889
3885,2023-08-03 16:10:00,42.193,42.343,41.642,42.245,326474
3886,2023-08-03 16:05:00,42.073,42.193,41.966,42.18,620104
3887,2023-08-03 16:00:00,41.575,42.343,41.398,42.066,1584717
3888,2023-08-03 15:55:00,41.735,41.855,41.557,41.587,2054940
3889,2023-08-03 15:50:00,41.605,41.79,41.567,41.718,1352344
3890,2023-08-03 15:45:00,41.605,41.635,41.547,41.587,500404
3891,2023-08-03 15:40:00,41.585,41.64,41.547,41.597,574383
3892,2023-08-03 15:35:00,41.685,41.735,41.537,41.577,762476
3893,2023-08-03 15:30:00,41.645,41.755,41.627,41.687,765480
3894,2023-08-03 15:25:00,41.655,41.695,41.607,41.637,650041
3895,2023-08-03 15:20:00,41.575,41.655,41.527,41.637,975556
3896,2023-08-03 15:15:00,41.515,41.586,41.428,41.557,876148
3897,2023-08-03 15:10:00,41.731,41.745,41.438,41.517,1547220
3898,2023-08-03 15:05:00,41.894,41.904,41.661,41.727,843489
3899,2023-08-03 15:00:00,41.924,41.934,41.826,41.896,509237
3900,2023-08-03 14:55:00,41.954,41.954,41.856,41.906,702751
3901,2023-08-03 14:50:00,41.804,41.954,41.756,41.941,724842
3902,2023-08-03 14:45:00,41.924,41.964,41.767,41.796,816682
3903,2023-08-03 14:40:00,41.824,41.954,41.81,41.917,744236
3904,2023-08-03 14:35:00,41.884,41.904,41.707,41.816,1044273
3905,2023-08-03 14:30:00,41.854,41.944,41.831,41.885,612684
3906,2023-08-03 14:25:00,41.944,41.944,41.796,41.846,677828
3907,2023-08-03 14:20:00,41.884,41.954,41.836,41.931,683676
3908,2023-08-03 14:15:00,41.715,41.884,41.707,41.871,916923
3909,2023-08-03 14:10:00,41.672,41.775,41.617,41.717,731036
3910,2023-08-03 14:05:00,41.794,41.795,41.66,41.66,669755
3911,2023-08-03 14:00:00,41.725,41.815,41.638,41.782,974842
3912,2023-08-03 13:55:00,41.894,41.91,41.707,41.73,1333258
3913,2023-08-03 13:50:00,41.904,41.974,41.836,41.885,621880
3914,2023-08-03 13:45:00,41.939,41.954,41.826,41.906,928028
3915,2023-08-03 13:40:00,42.038,42.044,41.916,41.926,519377
3916,2023-08-03 13:35:00,42.004,42.064,41.916,42.036,788998
3917,2023-08-03 13:30:00,42.063,42.114,41.986,41.986,758991
3918,2023-08-03 13:25:00,42.173,42.203,42.025,42.046,817069
3919,2023-08-03 13:20:00,42.113,42.193,42.098,42.165,652072
3920,2023-08-03 13:15:00,42.102,42.154,42.006,42.105,745358
3921,2023-08-03 13:10:00,42.083,42.163,42.055,42.095,608614
3922,2023-08-03 13:05:00,42.193,42.222,42.049,42.08,1262765
3923,2023-08-03 13:00:00,42.193,42.253,42.135,42.185,921041
3924,2023-08-03 12:55:00,42.183,42.223,42.11,42.19,974711
3925,2023-08-03 12:50:00,42.283,42.313,42.166,42.175,1003847
3926,2023-08-03 12:45:00,42.143,42.293,42.125,42.275,1267538
3927,2023-08-03 12:40:00,41.954,42.163,41.936,42.13,1141225
3928,2023-08-03 12:35:00,41.912,42.014,41.89,41.941,716897
3929,2023-08-03 12:30:00,41.904,41.964,41.866,41.896,504330
3930,2023-08-03 12:25:00,41.914,41.969,41.846,41.895,682639
3931,2023-08-03 12:20:00,41.88,41.924,41.836,41.906,745719
3932,2023-08-03 12:15:00,41.774,41.884,41.717,41.876,704206
3933,2023-08-03 12:10:00,41.844,41.9,41.746,41.767,709743
3934,2023-08-03 12:05:00,41.754,41.884,41.731,41.836,865550
3935,2023-08-03 12:00:00,41.735,41.79,41.637,41.747,923282
3936,2023-08-03 11:55:00,41.924,41.929,41.692,41.727,1640314
3937,2023-08-03 11:50:00,41.809,41.999,41.799,41.916,1414111
3938,2023-08-03 11:45:00,41.804,41.83,41.667,41.805,974988
3939,2023-08-03 11:40:00,41.805,41.874,41.756,41.806,825227
3940,2023-08-03 11:35:00,41.776,41.874,41.699,41.796,863116
3941,2023-08-03 11:30:00,41.804,41.865,41.707,41.777,963768
3942,2023-08-03 11:25:00,41.844,41.904,41.786,41.801,952424
3943,2023-08-03 11:20:00,41.894,41.939,41.771,41.836,1158591
3944,2023-08-03 11:15:00,41.705,41.954,41.627,41.886,1706610
3945,2023-08-03 11:10:00,41.595,41.705,41.507,41.692,1036472
3946,2023-08-03 11:05:00,41.545,41.635,41.497,41.597,1234025
3947,2023-08-03 11:00:00,41.515,41.585,41.428,41.542,1352774
3948,2023-08-03 10:55:00,41.256,41.516,41.198,41.508,1309560
3949,2023-08-03 10:50:00,41.446,41.446,41.179,41.258,1114363
3950,2023-08-03 10:45:00,41.455,41.501,41.308,41.438,914236
3951,2023-08-03 10:40:00,41.475,41.565,41.358,41.458,1372895
3952,2023-08-03 10:35:00,41.256,41.496,41.238,41.487,1670599
3953,2023-08-03 10:30:00,40.957,41.266,40.924,41.249,1512506
3954,2023-08-03 10:25:00,41.135,41.167,40.929,40.94,2197580
3955,2023-08-03 10:20:00,41.446,41.452,41.099,41.129,1750562
3956,2023-08-03 10:15:00,41.455,41.476,41.328,41.443,1043017
3957,2023-08-03 10:10:00,41.366,41.546,41.258,41.448,1662769
3958,2023-08-03 10:05:00,41.665,41.724,41.358,41.363,2189839
3959,2023-08-03 10:00:00,41.605,41.854,41.547,41.657,2927749
3960,2023-08-03 09:55:00,41.645,41.783,41.557,41.597,1459469
3961,2023-08-03 09:50:00,41.61,41.725,41.537,41.636,1817875
3962,2023-08-03 09:45:00,41.292,41.635,41.189,41.597,2145175
3963,2023-08-03 09:40:00,41.337,41.416,41.218,41.278,1857744
3964,2023-08-03 09:35:00,41.047,41.396,41.009,41.318,3023076
3965,2023-08-03 09:30:00,40.967,41.252,40.9,41.039,3960324
3966,2023-08-03 09:25:00,40.997,41.017,40.9,40.95,288181
3967,2023-08-03 09:20:00,40.997,41.077,40.979,40.979,151414
3968,2023-08-03 09:15:00,40.997,41.017,40.929,41.009,193214
3969,2023-08-03 09:10:00,41.057,41.077,40.959,40.979,131309
3970,2023-08-03 09:05:00,41.037,41.137,41.029,41.059,139678
3971,2023-08-03 09:00:00,41.137,41.137,41.029,41.029,129344
3972,2023-08-03 08:55:00,41.256,41.269,41.059,41.129,185280
3973,2023-08-03 08:50:00,41.226,41.306,41.169,41.253,126957
3974,2023-08-03 08:45:00,41.246,41.316,41.159,41.219,119219
3975,2023-08-03 08:40:00,41.266,41.336,41.179,41.239,118657
3976,2023-08-03 08:35:00,41.107,41.376,41.079,41.268,289433
3977,2023-08-03 08:30:00,41.107,41.346,40.999,41.099,349122
3978,2023-08-03 08:25:00,41.097,41.15,41.059,41.109,119657
3979,2023-08-03 08:20:00,41.216,41.237,41.079,41.089,290391
3980,2023-08-03 08:15:00,41.256,41.297,41.149,41.189,121957
3981,2023-08-03 08:10:00,41.326,41.326,41.228,41.258,95600
3982,2023-08-03 08:05:00,41.306,41.326,41.179,41.318,84390
3983,2023-08-03 08:00:00,41.416,41.994,40.85,41.288,571323
3984,2023-08-03 07:55:00,41.406,41.406,41.328,41.348,22199
3985,2023-08-03 07:50:00,41.376,41.426,41.308,41.398,342914
3986,2023-08-03 07:45:00,41.356,41.406,41.278,41.368,50643
3987,2023-08-03 07:40:00,41.436,41.466,41.298,41.348,61055
3988,2023-08-03 07:35:00,41.416,41.506,41.338,41.438,160309
3989,2023-08-03 07:30:00,41.356,41.496,41.338,41.408,56139
3990,2023-08-03 07:25:00,41.317,41.366,41.268,41.358,36912
3991,2023-08-03 07:20:00,41.455,41.516,41.308,41.318,47589
3992,2023-08-03 07:15:00,41.465,41.526,41.438,41.448,47007
3993,2023-08-03 07:10:00,41.416,41.506,41.398,41.458,31681
3994,2023-08-03 07:05:00,41.515,41.526,41.368,41.408,56673
3995,2023-08-03 07:00:00,41.416,41.675,41.388,41.498,78999
3996,2023-08-03 06:55:00,41.376,41.426,41.348,41.388,29709
3997,2023-08-03 06:50:00,41.455,41.496,41.368,41.368,21336
3998,2023-08-03 06:45:00,41.475,41.496,41.418,41.438,11734
3999,2023-08-03 06:40:00,41.455,41.496,41.448,41.488,12548
4000,2023-08-03 06:35:00,41.475,41.506,41.428,41.448,17660
4001,2023-08-03 06:30:00,41.446,41.546,41.418,41.468,20466
4002,2023-08-03 06:25:00,41.436,41.476,41.418,41.438,21475
4003,2023-08-03 06:20:00,41.555,41.576,41.418,41.438,16919
4004,2023-08-03 06:15:00,41.525,41.585,41.507,41.557,25221
4005,2023-08-03 06:10:00,41.565,41.566,41.497,41.518,11227
4006,2023-08-03 06:05:00,41.605,41.625,41.547,41.547,25085
4007,2023-08-03 06:00:00,41.455,41.595,41.438,41.587,29312
4008,2023-08-03 05:55:00,41.475,41.486,41.418,41.438,10434
4009,2023-08-03 05:50:00,41.465,41.486,41.418,41.478,7240
4010,2023-08-03 05:45:00,41.465,41.506,41.408,41.458,25219
4011,2023-08-03 05:40:00,41.406,41.486,41.358,41.448,13755
4012,2023-08-03 05:35:00,41.416,41.416,41.328,41.388,16903
4013,2023-08-03 05:30:00,41.446,41.466,41.378,41.398,11558
4014,2023-08-03 05:25:00,41.426,41.486,41.378,41.438,17938
4015,2023-08-03 05:20:00,41.505,41.506,41.398,41.408,13522
4016,2023-08-03 05:15:00,41.396,41.496,41.388,41.488,22730
4017,2023-08-03 05:10:00,41.475,41.526,41.368,41.388,75048
4018,2023-08-03 05:05:00,41.356,41.486,41.298,41.458,25159
4019,2023-08-03 05:00:00,41.246,41.376,41.238,41.348,28983
4020,2023-08-03 04:55:00,41.097,41.267,41.089,41.239,40020
4021,2023-08-03 04:50:00,41.087,41.157,41.059,41.089,31170
4022,2023-08-03 04:45:00,41.007,41.097,40.989,41.069,9227
4023,2023-08-03 04:40:00,41.127,41.137,40.979,41.009,25518
4024,2023-08-03 04:35:00,41.117,41.127,41.039,41.119,29449
4025,2023-08-03 04:30:00,41.216,41.267,41.099,41.109,45742
4026,2023-08-03 04:25:00,41.276,41.326,41.208,41.209,29413
4027,2023-08-03 04:20:00,41.157,41.287,41.149,41.268,61648
4028,2023-08-03 04:15:00,41.117,41.157,41.039,41.149,32391
4029,2023-08-03 04:10:00,41.067,41.127,41.019,41.109,43455
4030,2023-08-03 04:05:00,41.067,41.147,40.979,41.059,60903
4031,2023-08-03 04:00:00,40.858,42.054,40.85,41.059,206104
4032,2023-08-02 19:55:00,42.013,42.054,41.996,42.026,71478
4033,2023-08-02 19:50:00,42.014,42.024,41.976,42.006,22168
4034,2023-08-02 19:45:00,42.004,42.054,41.996,42.016,84369
4035,2023-08-02 19:40:00,42.014,42.024,41.986,42.016,27650
4036,2023-08-02 19:35:00,42.033,42.034,41.986,41.996,26388
4037,2023-08-02 19:30:00,42.053,42.054,42.006,42.026,18537
4038,2023-08-02 19:25:00,42.053,42.064,42.025,42.046,28881
4039,2023-08-02 19:20:00,42.073,42.094,42.035,42.046,58467
4040,2023-08-02 19:15:00,42.063,42.074,42.006,42.066,20663
4041,2023-08-02 19:10:00,42.083,42.084,42.045,42.056,34471
4042,2023-08-02 19:05:00,42.083,42.094,42.045,42.056,47658
4043,2023-08-02 19:00:00,42.023,42.084,42.006,42.075,76054
4044,2023-08-02 18:55:00,41.974,42.024,41.946,42.006,21099
4045,2023-08-02 18:50:00,41.944,41.994,41.916,41.966,20960
4046,2023-08-02 18:45:00,41.924,41.944,41.896,41.926,10556
4047,2023-08-02 18:40:00,41.874,41.924,41.856,41.916,15962
4048,2023-08-02 18:35:00,41.884,41.904,41.866,41.866,13768
4049,2023-08-02 18:30:00,41.944,41.944,41.877,41.886,43076
4050,2023-08-02 18:25:00,41.934,41.954,41.896,41.926,19606
4051,2023-08-02 18:20:00,41.884,41.954,41.876,41.936,51059
4052,2023-08-02 18:15:00,41.874,41.894,41.856,41.876,11963
4053,2023-08-02 18:10:00,41.834,41.904,41.826,41.866,53659
4054,2023-08-02 18:05:00,41.844,41.865,41.816,41.826,26486
4055,2023-08-02 18:00:00,41.744,41.855,41.707,41.836,56180
4056,2023-08-02 17:55:00,41.754,41.755,41.727,41.747,16082
4057,2023-08-02 17:50:00,41.764,41.775,41.727,41.747,21913
4058,2023-08-02 17:45:00,41.774,41.775,41.746,41.757,11344
4059,2023-08-02 17:40:00,41.764,41.775,41.746,41.767,8962
4060,2023-08-02 17:35:00,41.744,41.765,41.717,41.757,14003
4061,2023-08-02 17:30:00,41.715,41.755,41.697,41.727,18403
4062,2023-08-02 17:25:00,41.69,41.715,41.677,41.707,26729
4063,2023-08-02 17:20:00,41.715,41.715,41.677,41.687,20141
4064,2023-08-02 17:15:00,41.715,41.725,41.687,41.707,28224
4065,2023-08-02 17:10:00,41.705,41.725,41.687,41.707,18441
4066,2023-08-02 17:05:00,41.695,41.725,41.647,41.687,18065
4067,2023-08-02 17:00:00,41.705,41.715,41.657,41.682,34837
4068,2023-08-02 16:55:00,41.715,41.725,41.687,41.707,28253
4069,2023-08-02 16:50:00,41.685,41.725,41.657,41.716,76015
4070,2023-08-02 16:45:00,41.744,41.745,41.676,41.677,41281
4071,2023-08-02 16:40:00,41.844,41.845,41.727,41.727,70999
4072,2023-08-02 16:35:00,41.864,41.865,41.816,41.836,70634
4073,2023-08-02 16:30:00,41.854,41.884,41.826,41.866,69402
4074,2023-08-02 16:25:00,41.844,41.865,41.826,41.836,45546
4075,2023-08-02 16:20:00,41.854,41.874,41.826,41.836,25571
4076,2023-08-02 16:15:00,41.874,41.924,41.836,41.846,199470
4077,2023-08-02 16:10:00,41.914,41.944,41.866,41.916,109145
4078,2023-08-02 16:05:00,41.824,41.924,41.766,41.916,127135
4079,2023-08-02 16:00:00,41.834,41.924,41.786,41.806,893364
4080,2023-08-02 15:55:00,41.824,41.984,41.741,41.826,2817881
4081,2023-08-02 15:50:00,41.914,41.964,41.776,41.816,1696441
4082,2023-08-02 15:45:00,41.834,41.944,41.806,41.896,1383040
4083,2023-08-02 15:40:00,41.744,41.865,41.627,41.821,1262548
4084,2023-08-02 15:35:00,41.595,41.785,41.587,41.727,899976
4085,2023-08-02 15:30:00,41.575,41.66,41.537,41.582,850764
4086,2023-08-02 15:25:00,41.774,41.805,41.547,41.562,1670227
4087,2023-08-02 15:20:00,41.779,41.85,41.746,41.761,810845
4088,2023-08-02 15:15:00,41.784,41.835,41.657,41.775,962705
4089,2023-08-02 15:10:00,41.864,41.884,41.746,41.787,998098
4090,2023-08-02 15:05:00,42.153,42.163,41.846,41.856,1229469
4091,2023-08-02 15:00:00,42.053,42.183,42.015,42.145,790935
4092,2023-08-02 14:55:00,42.093,42.104,41.98,42.046,661114
4093,2023-08-02 14:50:00,42.053,42.114,42.015,42.076,691675
4094,2023-08-02 14:45:00,41.934,42.104,41.916,42.046,788354
4095,2023-08-02 14:40:00,41.964,42.024,41.901,41.926,690655
4096,2023-08-02 14:35:00,42.083,42.089,41.956,41.966,776094
4097,2023-08-02 14:30:00,42.093,42.134,41.976,42.075,778979
4098,2023-08-02 14:25:00,42.083,42.154,42.015,42.087,757868
4099,2023-08-02 14:20:00,42.223,42.223,42.035,42.066,784714
4100,2023-08-02 14:15:00,42.103,42.243,42.065,42.215,1323098
4101,2023-08-02 14:10:00,42.083,42.114,41.946,42.095,970941
4102,2023-08-02 14:05:00,41.999,42.104,41.876,42.075,1130971
4103,2023-08-02 14:00:00,41.864,42.014,41.836,41.996,1069210
4104,2023-08-02 13:55:00,41.894,41.923,41.781,41.856,1173981
4105,2023-08-02 13:50:00,41.953,42.024,41.886,41.888,752204
4106,2023-08-02 13:45:00,42.004,42.084,41.926,41.946,779625
4107,2023-08-02 13:40:00,42.142,42.173,41.956,42.005,1287094
4108,2023-08-02 13:35:00,42.153,42.203,42.075,42.125,1228289
4109,2023-08-02 13:30:00,42.063,42.193,41.976,42.146,1811725
4110,2023-08-02 13:25:00,41.994,42.074,41.886,42.053,992268
4111,2023-08-02 13:20:00,42.053,42.07,41.946,41.996,940985
4112,2023-08-02 13:15:00,42.019,42.104,41.966,42.056,936616
4113,2023-08-02 13:10:00,42.033,42.114,41.996,42.011,1109757
4114,2023-08-02 13:05:00,42.043,42.074,41.946,42.021,1138164
4115,2023-08-02 13:00:00,41.954,42.114,41.921,42.026,1514717
4116,2023-08-02 12:55:00,41.814,41.959,41.796,41.951,879858
4117,2023-08-02 12:50:00,41.984,41.994,41.766,41.816,1088615
4118,2023-08-02 12:45:00,41.904,41.994,41.891,41.976,1244187
4119,2023-08-02 12:40:00,41.804,41.914,41.741,41.896,1229027
4120,2023-08-02 12:35:00,41.685,41.894,41.657,41.796,2935388
4121,2023-08-02 12:30:00,41.515,41.695,41.463,41.682,1237312
4122,2023-08-02 12:25:00,41.505,41.595,41.418,41.513,1059099
4123,2023-08-02 12:20:00,41.655,41.675,41.487,41.498,1122487
4124,2023-08-02 12:15:00,41.555,41.685,41.542,41.647,1650013
4125,2023-08-02 12:10:00,41.52,41.576,41.378,41.557,1719729
4126,2023-08-02 12:05:00,41.525,41.605,41.448,41.508,2134110
4127,2023-08-02 12:00:00,41.677,41.735,41.507,41.518,1942048
4128,2023-08-02 11:55:00,41.874,41.884,41.667,41.677,2641863
4129,2023-08-02 11:50:00,41.928,41.954,41.836,41.866,1924326
4130,2023-08-02 11:45:00,42.088,42.173,41.856,41.921,1983367
4131,2023-08-02 11:40:00,42.179,42.193,42.045,42.085,1309429
4132,2023-08-02 11:35:00,42.193,42.323,42.155,42.165,1907044
4133,2023-08-02 11:30:00,42.158,42.218,42.065,42.181,947989
4134,2023-08-02 11:25:00,42.203,42.253,42.085,42.152,1118652
4135,2023-08-02 11:20:00,42.103,42.243,42.006,42.195,1800048
4136,2023-08-02 11:15:00,42.303,42.313,42.085,42.095,1767040
4137,2023-08-02 11:10:00,42.223,43.529,42.195,42.285,1931064
4138,2023-08-02 11:05:00,42.168,42.233,42.075,42.21,2466835
4139,2023-08-02 11:00:00,42.053,42.173,41.986,42.164,3814834
4140,2023-08-02 10:55:00,42.203,42.213,41.996,42.046,3082117
4141,2023-08-02 10:50:00,42.233,42.343,42.175,42.195,1461619
4142,2023-08-02 10:45:00,42.432,42.452,42.165,42.23,2228114
4143,2023-08-02 10:40:00,42.562,42.612,42.374,42.429,1226523
4144,2023-08-02 10:35:00,42.577,42.607,42.469,42.554,792776
4145,2023-08-02 10:30:00,42.512,42.632,42.444,42.564,1193776
4146,2023-08-02 10:25:00,42.606,42.712,42.498,42.504,1529214
4147,2023-08-02 10:20:00,42.522,42.622,42.424,42.595,1783473
4148,2023-08-02 10:15:00,42.392,42.532,42.344,42.509,2717006
4149,2023-08-02 10:10:00,42.601,42.608,42.344,42.384,2773133
4150,2023-08-02 10:05:00,42.96,42.991,42.554,42.603,2576209
4151,2023-08-02 10:00:00,43.0,43.055,42.862,42.962,1599463
4152,2023-08-02 09:55:00,42.868,43.09,42.852,42.987,1586027
4153,2023-08-02 09:50:00,43.125,43.129,42.818,42.853,2181164
4154,2023-08-02 09:45:00,43.047,43.17,42.932,43.117,2189404
4155,2023-08-02 09:40:00,43.09,43.24,42.972,43.038,2924413
4156,2023-08-02 09:35:00,43.184,43.19,42.852,43.087,3813723
4157,2023-08-02 09:30:00,43.538,43.544,43.155,43.176,3326797
4158,2023-08-02 09:25:00,43.558,43.608,43.48,43.53,105878
4159,2023-08-02 09:20:00,43.568,43.618,43.54,43.54,193330
4160,2023-08-02 09:15:00,43.538,43.579,43.44,43.56,199537
4161,2023-08-02 09:10:00,43.449,43.539,43.43,43.52,168489
4162,2023-08-02 09:05:00,43.548,43.618,43.43,43.44,260857
4163,2023-08-02 09:00:00,43.638,43.643,43.52,43.54,155772
4164,2023-08-02 08:55:00,43.743,43.768,43.64,43.64,115279
4165,2023-08-02 08:50:00,43.678,43.808,43.659,43.729,271372
4166,2023-08-02 08:45:00,43.538,43.698,43.53,43.669,149826
4167,2023-08-02 08:40:00,43.508,43.599,43.48,43.54,155365
4168,2023-08-02 08:35:00,43.628,43.648,43.51,43.51,270693
4169,2023-08-02 08:30:00,43.678,43.758,43.61,43.62,149819
4170,2023-08-02 08:25:00,43.767,43.768,43.64,43.66,109703
4171,2023-08-02 08:20:00,43.708,43.798,43.649,43.759,144976
4172,2023-08-02 08:15:00,43.807,43.838,43.689,43.7,301430
4173,2023-08-02 08:10:00,43.867,43.887,43.799,43.829,42335
4174,2023-08-02 08:05:00,43.877,43.907,43.789,43.859,78285
4175,2023-08-02 08:00:00,43.747,43.977,42.884,43.859,667313
4176,2023-08-02 07:55:00,43.797,43.878,43.779,43.779,21630
4177,2023-08-02 07:50:00,43.817,43.868,43.759,43.789,25939
4178,2023-08-02 07:45:00,43.917,43.927,43.809,43.819,34123
4179,2023-08-02 07:40:00,43.907,43.917,43.849,43.909,10779
4180,2023-08-02 07:35:00,43.827,43.917,43.819,43.899,40743
4181,2023-08-02 07:30:00,43.857,43.897,43.809,43.829,63023
4182,2023-08-02 07:25:00,43.847,43.907,43.809,43.839,55076
4183,2023-08-02 07:20:00,43.817,43.927,43.779,43.849,50669
4184,2023-08-02 07:15:00,43.857,43.878,43.809,43.809,22156
4185,2023-08-02 07:10:00,43.807,43.878,43.799,43.849,49428
4186,2023-08-02 07:05:00,43.917,43.987,43.799,43.799,63954
4187,2023-08-02 07:00:00,43.757,43.947,43.719,43.919,163054
4188,2023-08-02 06:55:00,43.688,43.768,43.649,43.749,32786
4189,2023-08-02 06:50:00,43.678,43.738,43.669,43.68,79443
4190,2023-08-02 06:45:00,43.648,43.708,43.6,43.67,125996
4191,2023-08-02 06:40:00,43.608,43.668,43.55,43.63,70512
4192,2023-08-02 06:35:00,43.468,43.608,43.46,43.59,34755
4193,2023-08-02 06:30:00,43.399,43.479,43.321,43.46,22255
4194,2023-08-02 06:25:00,43.389,43.449,43.341,43.391,16498
4195,2023-08-02 06:20:00,43.458,43.469,43.351,43.371,27814
4196,2023-08-02 06:15:00,43.478,43.479,43.4,43.45,34764
4197,2023-08-02 06:10:00,43.439,43.489,43.42,43.47,52697
4198,2023-08-02 06:05:00,43.369,43.449,43.351,43.43,40087
4199,2023-08-02 06:00:00,43.309,43.379,43.291,43.371,29013
4200,2023-08-02 05:55:00,43.269,43.349,43.261,43.301,12954
4201,2023-08-02 05:50:00,43.279,43.29,43.231,43.261,15893
4202,2023-08-02 05:45:00,43.229,43.28,43.201,43.271,22737
4203,2023-08-02 05:40:00,43.229,43.27,43.191,43.221,20492
4204,2023-08-02 05:35:00,43.189,43.24,43.181,43.221,21044
4205,2023-08-02 05:30:00,43.229,43.25,43.111,43.181,22082
4206,2023-08-02 05:25:00,43.359,43.359,43.211,43.221,32176
4207,2023-08-02 05:20:00,43.379,43.409,43.301,43.341,38609
4208,2023-08-02 05:15:00,43.329,43.389,43.301,43.371,50374
4209,2023-08-02 05:10:00,43.349,43.359,43.241,43.311,79511
4210,2023-08-02 05:05:00,43.199,43.339,43.181,43.331,79456
4211,2023-08-02 05:00:00,43.259,43.27,43.121,43.191,38782
4212,2023-08-02 04:55:00,43.08,43.27,43.072,43.251,64945
4213,2023-08-02 04:50:00,43.03,43.08,43.012,43.062,41511
4214,2023-08-02 04:45:00,42.97,43.04,42.942,43.012,40150
4215,2023-08-02 04:40:00,42.92,43.011,42.902,42.962,41021
4216,2023-08-02 04:35:00,42.94,42.981,42.902,42.902,46881
4217,2023-08-02 04:30:00,43.01,43.04,42.922,42.932,53132
4218,2023-08-02 04:25:00,43.01,43.04,42.972,43.012,62302
4219,2023-08-02 04:20:00,42.91,43.04,42.892,43.002,102464
4220,2023-08-02 04:15:00,43.1,43.12,42.892,42.902,113754
4221,2023-08-02 04:10:00,43.1,43.14,43.062,43.092,50851
4222,2023-08-02 04:05:00,43.06,43.18,43.042,43.102,107350
4223,2023-08-02 04:00:00,43.15,43.828,43.002,43.062,310541
4224,2023-08-01 19:55:00,44.236,44.266,44.227,44.238,59162
4225,2023-08-01 19:50:00,44.216,44.266,44.187,44.238,19853
4226,2023-08-01 19:45:00,44.206,44.236,44.187,44.218,31976
4227,2023-08-01 19:40:00,44.156,44.226,44.148,44.218,14112
4228,2023-08-01 19:35:00,44.196,44.196,44.118,44.138,50301
4229,2023-08-01 19:30:00,44.206,44.216,44.168,44.188,16376
4230,2023-08-01 19:25:00,44.206,44.246,44.197,44.218,9029
4231,2023-08-01 19:20:00,44.226,44.246,44.187,44.198,12168
4232,2023-08-01 19:15:00,44.256,44.256,44.197,44.218,5815
4233,2023-08-01 19:10:00,44.246,44.266,44.227,44.238,21765
4234,2023-08-01 19:05:00,44.256,44.276,44.237,44.247,27719
4235,2023-08-01 19:00:00,44.296,44.316,44.237,44.238,13362
4236,2023-08-01 18:55:00,44.276,44.296,44.237,44.282,11775
4237,2023-08-01 18:50:00,44.226,44.296,44.197,44.267,39979
4238,2023-08-01 18:45:00,44.256,44.266,44.187,44.198,13769
4239,2023-08-01 18:40:00,44.186,44.257,44.178,44.247,16065
4240,2023-08-01 18:35:00,44.246,44.246,44.168,44.188,13040
4241,2023-08-01 18:30:00,44.266,44.286,44.227,44.247,35578
4242,2023-08-01 18:25:00,44.137,44.286,44.128,44.246,62345
4243,2023-08-01 18:20:00,44.116,44.167,44.098,44.138,33456
4244,2023-08-01 18:15:00,44.046,44.147,43.988,44.108,150994
4245,2023-08-01 18:10:00,44.176,44.196,43.988,44.028,106186
4246,2023-08-01 18:05:00,44.116,44.256,44.098,44.158,41482
4247,2023-08-01 18:00:00,44.296,44.296,43.699,44.118,327955
4248,2023-08-01 17:55:00,44.335,44.346,44.287,44.327,33459
4249,2023-08-01 17:50:00,44.335,44.346,44.317,44.327,19375
4250,2023-08-01 17:45:00,44.335,44.346,44.317,44.317,38505
4251,2023-08-01 17:40:00,44.455,44.465,44.287,44.327,128006
4252,2023-08-01 17:35:00,44.535,44.55,44.447,44.457,50502
4253,2023-08-01 17:30:00,44.555,44.595,44.526,44.526,12585
4254,2023-08-01 17:25:00,44.595,44.595,44.506,44.536,28144
4255,2023-08-01 17:20:00,44.535,44.764,44.447,44.586,51024
4256,2023-08-01 17:15:00,44.694,44.705,44.466,44.497,64963
4257,2023-08-01 17:10:00,44.764,44.784,44.626,44.686,48392
4258,2023-08-01 17:05:00,44.764,44.774,44.735,44.766,7407
4259,2023-08-01 17:00:00,44.754,44.794,44.735,44.756,4440
4260,2023-08-01 16:55:00,44.804,44.804,44.735,44.746,9637
4261,2023-08-01 16:50:00,44.754,44.814,44.726,44.805,17935
4262,2023-08-01 16:45:00,44.844,44.844,44.735,44.736,40884
4263,2023-08-01 16:40:00,44.834,44.854,44.825,44.826,19840
4264,2023-08-01 16:35:00,44.843,44.844,44.815,44.825,13464
4265,2023-08-01 16:30:00,44.864,44.874,44.805,44.835,63923
4266,2023-08-01 16:25:00,44.834,44.884,44.815,44.845,60081
4267,2023-08-01 16:20:00,44.814,44.834,44.755,44.825,38167
4268,2023-08-01 16:15:00,44.804,44.884,44.696,44.805,264682
4269,2023-08-01 16:10:00,44.704,44.764,44.656,44.746,61271
4270,2023-08-01 16:05:00,44.774,44.784,44.696,44.716,73258
4271,2023-08-01 16:00:00,44.804,44.824,44.726,44.776,640582
4272,2023-08-01 15:55:00,44.943,44.944,44.765,44.79,1963249
4273,2023-08-01 15:50:00,44.913,45.003,44.885,44.94,1114193
4274,2023-08-01 15:45:00,44.824,44.914,44.785,44.905,889611
4275,2023-08-01 15:40:00,44.928,44.934,44.786,44.825,812934
4276,2023-08-01 15:35:00,45.023,45.043,44.885,44.924,647407
4277,2023-08-01 15:30:00,44.943,45.038,44.916,45.017,768621
4278,2023-08-01 15:25:00,44.924,44.964,44.865,44.945,482888
4279,2023-08-01 15:20:00,44.993,45.016,44.915,44.915,503799
4280,2023-08-01 15:15:00,45.013,45.038,44.975,44.975,426230
4281,2023-08-01 15:10:00,45.053,45.073,44.985,44.995,599458
4282,2023-08-01 15:05:00,44.993,45.073,44.975,45.045,529446
4283,2023-08-01 15:00:00,44.933,45.014,44.92,44.99,437607
4284,2023-08-01 14:55:00,44.943,44.964,44.815,44.925,701707
4285,2023-08-01 14:50:00,45.043,45.043,44.915,44.935,820572
4286,2023-08-01 14:45:00,44.963,45.047,44.93,45.028,361732
4287,2023-08-01 14:40:00,44.983,44.994,44.905,44.955,364804
4288,2023-08-01 14:35:00,44.923,45.014,44.915,44.975,345539
4289,2023-08-01 14:30:00,44.933,44.964,44.845,44.925,428296
4290,2023-08-01 14:25:00,44.983,45.043,44.855,44.925,866374
4291,2023-08-01 14:20:00,45.043,45.043,44.951,44.975,539181
4292,2023-08-01 14:15:00,44.923,45.053,44.905,45.032,968873
4293,2023-08-01 14:10:00,44.933,44.964,44.865,44.915,359657
4294,2023-08-01 14:05:00,44.973,45.004,44.855,44.925,763576
4295,2023-08-01 14:00:00,44.913,44.974,44.885,44.965,649834
4296,2023-08-01 13:55:00,44.844,44.934,44.815,44.89,605528
4297,2023-08-01 13:50:00,44.784,44.864,44.766,44.835,539014
4298,2023-08-01 13:45:00,44.764,44.794,44.726,44.776,472388
4299,2023-08-01 13:40:00,44.654,44.774,44.636,44.766,616456
4300,2023-08-01 13:35:00,44.784,44.794,44.606,44.651,785179
4301,2023-08-01 13:30:00,44.814,44.83,44.686,44.776,691983
4302,2023-08-01 13:25:00,44.903,44.914,44.795,44.806,520061
4303,2023-08-01 13:20:00,44.834,44.924,44.805,44.898,480666
4304,2023-08-01 13:15:00,44.918,44.931,44.805,44.825,588610
4305,2023-08-01 13:10:00,44.943,44.944,44.855,44.91,569858
4306,2023-08-01 13:05:00,44.968,45.029,44.925,44.935,691120
4307,2023-08-01 13:00:00,44.884,44.984,44.865,44.955,656748
4308,2023-08-01 12:55:00,44.804,44.904,44.765,44.875,861101
4309,2023-08-01 12:50:00,44.764,44.814,44.696,44.795,396409
4310,2023-08-01 12:45:00,44.754,44.784,44.706,44.746,407418
4311,2023-08-01 12:40:00,44.704,44.784,44.676,44.756,498983
4312,2023-08-01 12:35:00,44.684,44.725,44.656,44.686,441818
4313,2023-08-01 12:30:00,44.614,44.725,44.467,44.676,1203833
4314,2023-08-01 12:25:00,44.654,44.713,44.556,44.608,889757
4315,2023-08-01 12:20:00,44.744,44.754,44.636,44.655,711704
4316,2023-08-01 12:15:00,44.834,44.854,44.726,44.726,468902
4317,2023-08-01 12:10:00,44.775,44.859,44.765,44.815,373202
4318,2023-08-01 12:05:00,44.734,44.794,44.706,44.766,432057
4319,2023-08-01 12:00:00,44.844,44.869,44.716,44.731,561485
4320,2023-08-01 11:55:00,44.844,44.904,44.78,44.835,1459543
4321,2023-08-01 11:50:00,44.754,44.854,44.731,44.835,469307
4322,2023-08-01 11:45:00,44.699,44.804,44.686,44.751,423999
4323,2023-08-01 11:40:00,44.874,44.874,44.686,44.696,513149
4324,2023-08-01 11:35:00,44.774,44.881,44.726,44.86,587565
4325,2023-08-01 11:30:00,44.854,44.884,44.726,44.766,717617
4326,2023-08-01 11:25:00,44.653,44.914,44.616,44.845,960710
4327,2023-08-01 11:20:00,44.719,44.74,44.606,44.646,780911
4328,2023-08-01 11:15:00,44.674,44.784,44.636,44.716,760047
4329,2023-08-01 11:10:00,44.774,44.804,44.656,44.676,691202
4330,2023-08-01 11:05:00,44.694,44.824,44.681,44.771,732428
4331,2023-08-01 11:00:00,44.824,44.894,44.666,44.691,1306337
4332,2023-08-01 10:55:00,44.864,44.904,44.716,44.805,923005
4333,2023-08-01 10:50:00,44.873,44.974,44.815,44.858,1236263
4334,2023-08-01 10:45:00,44.734,44.884,44.686,44.865,972400
4335,2023-08-01 10:40:00,44.764,44.894,44.666,44.726,1644137
4336,2023-08-01 10:35:00,44.595,44.781,44.556,44.752,1659005
4337,2023-08-01 10:30:00,44.505,44.705,44.457,44.596,1876722
4338,2023-08-01 10:25:00,44.346,44.52,44.317,44.497,1790425
4339,2023-08-01 10:20:00,44.176,44.356,44.097,44.345,1437727
4340,2023-08-01 10:15:00,44.281,44.372,44.049,44.168,3210457
4341,2023-08-01 10:10:00,44.674,44.715,44.242,44.277,2139635
4342,2023-08-01 10:05:00,44.684,44.784,44.561,44.676,1753602
4343,2023-08-01 10:00:00,44.505,44.695,44.427,44.675,2592824
4344,2023-08-01 09:55:00,44.543,44.585,44.457,44.487,865459
4345,2023-08-01 09:50:00,44.515,44.611,44.427,44.536,1297739
4346,2023-08-01 09:45:00,44.605,44.735,44.466,44.516,1461873
4347,2023-08-01 09:40:00,44.585,44.705,44.517,44.596,1643812
4348,2023-08-01 09:35:00,44.609,44.675,44.491,44.581,1656250
4349,2023-08-01 09:30:00,44.634,44.675,44.357,44.596,2509883
4350,2023-08-01 09:25:00,44.595,44.645,44.536,44.616,159057
4351,2023-08-01 09:20:00,44.585,44.645,44.566,44.596,124390
4352,2023-08-01 09:15:00,44.605,44.635,44.536,44.576,121624
4353,2023-08-01 09:10:00,44.525,44.615,44.496,44.596,117190
4354,2023-08-01 09:05:00,44.505,44.575,44.486,44.517,208253
4355,2023-08-01 09:00:00,44.425,44.505,44.377,44.487,180967
4356,2023-08-01 08:55:00,44.405,44.446,44.377,44.427,129645
4357,2023-08-01 08:50:00,44.365,44.406,44.296,44.387,133442
4358,2023-08-01 08:45:00,44.435,44.456,44.357,44.367,68140
4359,2023-08-01 08:40:00,44.375,44.446,44.347,44.427,73025
4360,2023-08-01 08:35:00,44.425,44.456,44.337,44.367,64414
4361,2023-08-01 08:30:00,44.345,44.446,44.287,44.417,127739
4362,2023-08-01 08:25:00,44.465,44.485,44.337,44.347,181074
4363,2023-08-01 08:20:00,44.545,44.545,44.457,44.457,73524
4364,2023-08-01 08:15:00,44.495,44.555,44.466,44.526,55272
4365,2023-08-01 08:10:00,44.445,44.515,44.437,44.487,87388
4366,2023-08-01 08:05:00,44.525,44.545,44.407,44.437,106787
4367,2023-08-01 08:00:00,44.874,45.273,44.387,44.517,443244
4368,2023-08-01 07:55:00,44.515,44.515,44.407,44.407,48174
4369,2023-08-01 07:50:00,44.495,44.535,44.466,44.507,41988
4370,2023-08-01 07:45:00,44.425,44.515,44.417,44.477,69822
4371,2023-08-01 07:40:00,44.595,44.595,44.387,44.417,116735
4372,2023-08-01 07:35:00,44.614,44.625,44.546,44.596,36342
4373,2023-08-01 07:30:00,44.674,44.675,44.566,44.606,69501
4374,2023-08-01 07:25:00,44.754,44.754,44.636,44.676,61925
4375,2023-08-01 07:20:00,44.804,44.814,44.735,44.746,30773
4376,2023-08-01 07:15:00,44.794,44.834,44.785,44.795,17382
4377,2023-08-01 07:10:00,44.834,44.874,44.775,44.776,30778
4378,2023-08-01 07:05:00,44.884,44.884,44.825,44.835,37383
4379,2023-08-01 07:00:00,44.864,44.914,44.845,44.875,47982
4380,2023-08-01 06:55:00,44.854,44.874,44.845,44.855,7798
4381,2023-08-01 06:50:00,44.834,44.874,44.805,44.845,24474
4382,2023-08-01 06:45:00,44.834,44.844,44.795,44.825,4757
4383,2023-08-01 06:40:00,44.764,44.834,44.745,44.815,20443
4384,2023-08-01 06:35:00,44.724,44.774,44.716,44.766,12901
4385,2023-08-01 06:30:00,44.764,44.784,44.696,44.726,13051
4386,2023-08-01 06:25:00,44.804,44.804,44.765,44.766,11094
4387,2023-08-01 06:20:00,44.744,44.804,44.726,44.795,6515
4388,2023-08-01 06:15:00,44.744,44.764,44.726,44.726,4918
4389,2023-08-01 06:10:00,44.744,44.774,44.726,44.736,11376
4390,2023-08-01 06:05:00,44.744,44.754,44.706,44.736,3070
4391,2023-08-01 06:00:00,44.724,44.764,44.696,44.726,6819
4392,2023-08-01 05:55:00,44.634,44.735,44.606,44.696,22859
4393,2023-08-01 05:50:00,44.634,44.665,44.616,44.626,4470
4394,2023-08-01 05:45:00,44.565,44.655,44.546,44.626,13815
4395,2023-08-01 05:40:00,44.614,44.645,44.556,44.556,16218
4396,2023-08-01 05:35:00,44.585,44.645,44.576,44.606,9242
4397,2023-08-01 05:30:00,44.654,44.665,44.546,44.576,27082
4398,2023-08-01 05:25:00,44.644,44.655,44.606,44.646,12696
4399,2023-08-01 05:20:00,44.684,44.705,44.616,44.636,12974
4400,2023-08-01 05:15:00,44.674,44.705,44.656,44.686,13534
4401,2023-08-01 05:10:00,44.734,44.754,44.676,44.676,6182
4402,2023-08-01 05:05:00,44.734,44.784,44.716,44.736,5679
4403,2023-08-01 05:00:00,44.764,44.764,44.696,44.736,5298
4404,2023-08-01 04:55:00,44.734,44.814,44.716,44.756,23028
4405,2023-08-01 04:50:00,44.674,44.764,44.666,44.716,12265
4406,2023-08-01 04:45:00,44.734,44.735,44.616,44.666,49672
4407,2023-08-01 04:40:00,44.794,44.794,44.706,44.726,14185
4408,2023-08-01 04:35:00,44.684,44.814,44.666,44.795,21124
4409,2023-08-01 04:30:00,44.754,44.754,44.626,44.676,48206
4410,2023-08-01 04:25:00,44.784,44.814,44.735,44.736,12480
4411,2023-08-01 04:20:00,44.794,44.834,44.745,44.766,12397
4412,2023-08-01 04:15:00,44.844,44.844,44.755,44.786,24101
4413,2023-08-01 04:10:00,44.834,44.864,44.785,44.835,17922
4414,2023-08-01 04:05:00,44.903,44.904,44.815,44.825,37763
4415,2023-08-01 04:00:00,44.884,45.073,44.855,44.885,57194
