,timestamp,open,high,low,close,volume
0,2022-02-28 19:55:00,51.278,51.401,51.221,51.328,28877
1,2022-02-28 19:50:00,51.14,51.332,51.084,51.24,21663
2,2022-02-28 19:45:00,51.602,51.647,51.045,51.073,59123
3,2022-02-28 19:40:00,51.671,51.745,51.545,51.584,21591
4,2022-02-28 19:35:00,51.69,51.755,51.614,51.633,8697
5,2022-02-28 19:30:00,51.818,51.833,51.614,51.691,4274
6,2022-02-28 19:25:00,51.739,51.833,51.683,51.741,27091
7,2022-02-28 19:20:00,51.798,51.814,51.663,51.691,11874
8,2022-02-28 19:15:00,51.848,51.863,51.722,51.76,4479
9,2022-02-28 19:10:00,51.651,51.745,51.565,51.691,25219
10,2022-02-28 19:05:00,51.808,51.833,51.584,51.613,18091
11,2022-02-28 19:00:00,51.887,51.932,51.751,51.79,26249
12,2022-02-28 18:55:00,51.897,51.991,51.81,51.829,21002
13,2022-02-28 18:50:00,51.759,51.981,51.702,51.888,24251
14,2022-02-28 18:45:00,51.779,51.794,51.673,51.721,6050
15,2022-02-28 18:40:00,51.789,51.814,51.702,51.731,7991
16,2022-02-28 18:35:00,51.73,51.902,51.673,51.78,35823
17,2022-02-28 18:30:00,51.582,51.765,51.526,51.682,35784
18,2022-02-28 18:25:00,51.602,51.617,51.486,51.515,21162
19,2022-02-28 18:20:00,51.474,51.627,51.418,51.515,10965
20,2022-02-28 18:15:00,51.455,51.578,51.359,51.417,11627
21,2022-02-28 18:10:00,51.464,51.489,51.29,51.377,15306
22,2022-02-28 18:05:00,51.464,51.529,51.359,51.426,39013
23,2022-02-28 18:00:00,51.356,51.47,51.241,51.377,20239
24,2022-02-28 17:55:00,51.337,51.372,51.221,51.318,25833
25,2022-02-28 17:50:00,51.278,51.352,51.221,51.289,10962
26,2022-02-28 17:45:00,51.278,51.313,51.192,51.24,14128
27,2022-02-28 17:40:00,51.307,51.322,51.192,51.26,2910
28,2022-02-28 17:35:00,51.239,51.293,51.182,51.24,8821
29,2022-02-28 17:30:00,51.258,51.293,51.153,51.24,8361
30,2022-02-28 17:25:00,51.288,51.322,51.202,51.22,6566
31,2022-02-28 17:20:00,51.347,51.381,51.231,51.25,6945
32,2022-02-28 17:15:00,51.347,51.362,51.27,51.309,5415
33,2022-02-28 17:10:00,51.337,51.381,51.27,51.289,6100
34,2022-02-28 17:05:00,51.415,51.431,51.27,51.289,6906
35,2022-02-28 17:00:00,51.405,51.44,51.319,51.387,12020
36,2022-02-28 16:55:00,51.426,51.46,51.339,51.387,23820
37,2022-02-28 16:50:00,51.435,51.48,51.378,51.397,9815
38,2022-02-28 16:45:00,51.464,51.489,51.369,51.397,13596
39,2022-02-28 16:40:00,51.464,51.48,51.378,51.417,17854
40,2022-02-28 16:35:00,51.455,51.481,51.369,51.427,12201
41,2022-02-28 16:30:00,51.435,51.509,51.369,51.417,28048
42,2022-02-28 16:25:00,51.396,51.44,51.29,51.387,28527
43,2022-02-28 16:20:00,51.445,51.47,51.349,51.368,37824
44,2022-02-28 16:15:00,51.425,51.529,51.369,51.407,14373
45,2022-02-28 16:10:00,51.376,51.548,51.29,51.387,48141
46,2022-02-28 16:05:00,51.543,51.607,51.231,51.338,69497
47,2022-02-28 16:00:00,51.612,51.637,51.319,51.485,362675
48,2022-02-28 15:55:00,51.229,51.686,51.064,51.554,2995614
49,2022-02-28 15:50:00,50.62,51.283,50.559,51.191,3323454
50,2022-02-28 15:45:00,50.217,50.782,50.142,50.572,2375212
51,2022-02-28 15:40:00,49.524,50.312,49.47,50.18,1650808
52,2022-02-28 15:35:00,49.775,49.799,49.337,49.483,1316611
53,2022-02-28 15:30:00,50.237,50.251,49.71,49.738,1335428
54,2022-02-28 15:25:00,50.305,50.507,50.094,50.196,1114442
55,2022-02-28 15:20:00,49.863,50.463,49.794,50.268,1449154
56,2022-02-28 15:15:00,49.578,50.006,49.455,49.817,939995
57,2022-02-28 15:10:00,49.775,49.858,49.357,49.532,604634
58,2022-02-28 15:05:00,49.844,49.898,49.298,49.766,1068324
59,2022-02-28 15:00:00,49.942,50.016,49.73,49.807,881072
60,2022-02-28 14:55:00,49.706,50.104,49.612,49.905,1227441
61,2022-02-28 14:50:00,49.627,49.76,49.426,49.669,775767
62,2022-02-28 14:45:00,49.794,49.863,49.386,49.601,1079216
63,2022-02-28 14:40:00,49.136,49.917,49.053,49.758,1346116
64,2022-02-28 14:35:00,49.206,49.573,49.004,49.102,1076829
65,2022-02-28 14:30:00,49.284,49.455,49.023,49.154,988124
66,2022-02-28 14:25:00,49.097,49.401,49.014,49.238,942522
67,2022-02-28 14:20:00,49.637,49.662,48.985,49.051,1046267
68,2022-02-28 14:15:00,49.392,49.672,49.161,49.591,1440687
69,2022-02-28 14:10:00,49.205,49.475,49.043,49.365,1586296
70,2022-02-28 14:05:00,49.716,49.809,49.112,49.179,1646050
71,2022-02-28 14:00:00,50.58,50.595,49.592,49.679,1385050
72,2022-02-28 13:55:00,50.718,50.792,50.373,50.553,871044
73,2022-02-28 13:50:00,50.453,50.9,50.388,50.671,1376233
74,2022-02-28 13:45:00,50.325,50.487,50.054,50.425,965725
75,2022-02-28 13:40:00,50.453,50.605,50.191,50.289,918143
76,2022-02-28 13:35:00,50.266,50.536,50.083,50.415,844374
77,2022-02-28 13:30:00,50.369,50.556,50.044,50.219,1331995
78,2022-02-28 13:25:00,50.05,50.497,49.98,50.337,1318021
79,2022-02-28 13:20:00,50.197,50.251,49.877,50.028,824532
80,2022-02-28 13:15:00,50.826,50.88,50.093,50.17,1437631
81,2022-02-28 13:10:00,50.895,51.06,50.721,50.784,898131
82,2022-02-28 13:05:00,50.58,50.929,50.466,50.858,1085958
83,2022-02-28 13:00:00,50.256,50.674,50.142,50.533,1395966
84,2022-02-28 12:55:00,49.961,50.3,49.789,50.229,989336
85,2022-02-28 12:50:00,50.119,50.192,49.769,49.925,863598
86,2022-02-28 12:45:00,50.03,50.163,49.769,50.087,1088767
87,2022-02-28 12:40:00,50.227,50.369,49.965,50.013,1473551
88,2022-02-28 12:35:00,50.61,50.664,50.152,50.197,1074040
89,2022-02-28 12:30:00,50.698,50.831,50.358,50.543,964249
90,2022-02-28 12:25:00,50.571,50.752,50.485,50.661,879071
91,2022-02-28 12:20:00,50.826,50.979,50.427,50.533,1535450
92,2022-02-28 12:15:00,50.826,50.861,50.554,50.788,1143365
93,2022-02-28 12:10:00,51.072,51.126,50.608,50.779,1574347
94,2022-02-28 12:05:00,51.808,51.843,50.956,51.034,1694598
95,2022-02-28 12:00:00,51.862,52.03,51.692,51.77,758884
96,2022-02-28 11:55:00,51.7,51.971,51.633,51.829,801581
97,2022-02-28 11:50:00,51.666,51.784,51.516,51.662,1007139
98,2022-02-28 11:45:00,51.898,51.981,51.457,51.626,1156169
99,2022-02-28 11:40:00,51.848,52.0,51.653,51.858,863136
100,2022-02-28 11:35:00,52.005,52.118,51.741,51.814,1185322
101,2022-02-28 11:30:00,51.946,52.261,51.84,51.966,1951413
102,2022-02-28 11:25:00,51.897,52.089,51.702,51.912,1749845
103,2022-02-28 11:20:00,51.572,51.932,51.506,51.858,1283139
104,2022-02-28 11:15:00,51.199,51.745,51.084,51.544,1300902
105,2022-02-28 11:10:00,51.337,51.48,51.074,51.152,798964
106,2022-02-28 11:05:00,51.553,51.588,51.153,51.299,983557
107,2022-02-28 11:00:00,51.425,51.696,51.241,51.525,1222246
108,2022-02-28 10:55:00,51.258,51.647,51.202,51.387,1250066
109,2022-02-28 10:50:00,51.18,51.489,51.005,51.211,1244126
110,2022-02-28 10:45:00,51.425,51.617,51.104,51.142,1371620
111,2022-02-28 10:40:00,51.032,51.548,50.868,51.387,2103696
112,2022-02-28 10:35:00,50.404,51.057,50.319,50.995,1647867
113,2022-02-28 10:30:00,50.109,50.664,50.024,50.366,1311162
114,2022-02-28 10:25:00,49.981,50.329,49.74,50.072,1102916
115,2022-02-28 10:20:00,49.626,50.114,49.553,49.954,1435720
116,2022-02-28 10:15:00,49.618,49.79,49.397,49.581,1274851
117,2022-02-28 10:10:00,49.942,50.049,49.435,49.581,1400600
118,2022-02-28 10:05:00,50.089,50.271,49.72,49.91,1555239
119,2022-02-28 10:00:00,50.659,50.802,49.965,50.052,1995827
120,2022-02-28 09:55:00,50.237,50.694,50.083,50.617,2624162
121,2022-02-28 09:50:00,49.961,50.517,49.583,50.209,2244255
122,2022-02-28 09:45:00,49.598,50.183,49.465,49.924,1881078
123,2022-02-28 09:40:00,49.775,50.006,49.337,49.561,2398128
124,2022-02-28 09:35:00,50.119,50.32,49.612,49.738,2704594
125,2022-02-28 09:30:00,49.564,50.281,49.406,50.072,2407916
126,2022-02-28 09:25:00,49.372,49.602,49.318,49.512,77687
127,2022-02-28 09:20:00,49.51,49.524,49.288,49.306,65206
128,2022-02-28 09:15:00,49.49,49.642,49.406,49.444,106473
129,2022-02-28 09:10:00,49.392,49.514,49.21,49.385,65845
130,2022-02-28 09:05:00,49.303,49.406,49.19,49.345,65142
131,2022-02-28 09:00:00,49.097,49.357,48.925,49.267,101632
132,2022-02-28 08:55:00,49.146,49.22,48.454,49.061,42239
133,2022-02-28 08:50:00,49.009,49.347,48.935,49.139,84840
134,2022-02-28 08:45:00,48.94,49.033,48.788,48.982,74302
135,2022-02-28 08:40:00,48.842,49.072,48.739,48.884,103181
136,2022-02-28 08:35:00,49.018,49.053,48.807,48.825,107019
137,2022-02-28 08:30:00,49.293,49.426,48.906,48.972,80712
138,2022-02-28 08:25:00,49.225,49.318,49.043,49.247,67083
139,2022-02-28 08:20:00,49.264,49.279,49.082,49.179,40999
140,2022-02-28 08:15:00,49.156,49.308,49.082,49.188,53563
141,2022-02-28 08:10:00,49.254,49.357,49.102,49.12,63728
142,2022-02-28 08:05:00,49.206,49.328,49.072,49.208,61943
143,2022-02-28 08:00:00,49.588,49.799,47.463,49.169,389161
144,2022-02-28 07:55:00,49.716,49.731,49.014,49.257,110704
145,2022-02-28 07:50:00,49.608,49.77,49.504,49.679,33680
146,2022-02-28 07:45:00,49.598,49.74,49.416,49.601,27062
147,2022-02-28 07:40:00,49.657,49.809,49.406,49.512,56443
148,2022-02-28 07:35:00,49.588,49.76,49.475,49.62,82802
149,2022-02-28 07:30:00,49.637,49.77,49.485,49.581,65377
150,2022-02-28 07:25:00,49.814,49.829,49.563,49.591,94545
151,2022-02-28 07:20:00,49.46,49.878,49.347,49.758,105977
152,2022-02-28 07:15:00,49.254,49.485,49.082,49.375,81158
153,2022-02-28 07:10:00,49.166,49.328,49.063,49.198,65861
154,2022-02-28 07:05:00,49.156,49.239,49.072,49.129,71517
155,2022-02-28 07:00:00,49.009,49.249,48.896,49.1,102506
156,2022-02-28 06:55:00,48.842,49.141,48.749,48.963,15644
157,2022-02-28 06:50:00,48.871,48.974,48.67,48.806,17557
158,2022-02-28 06:45:00,48.861,48.925,48.719,48.796,14403
159,2022-02-28 06:40:00,48.999,49.013,48.768,48.815,9423
160,2022-02-28 06:35:00,48.891,49.121,48.768,48.963,8215
161,2022-02-28 06:30:00,48.812,48.915,48.749,48.835,29012
162,2022-02-28 06:25:00,48.95,49.053,48.758,48.815,12577
163,2022-02-28 06:20:00,48.92,49.003,48.817,48.933,11356
164,2022-02-28 06:15:00,49.048,49.062,48.798,48.845,19177
165,2022-02-28 06:10:00,49.018,49.249,48.964,49.002,23927
166,2022-02-28 06:05:00,49.107,49.17,48.984,49.031,17567
167,2022-02-28 06:00:00,49.156,49.475,49.063,49.08,20290
168,2022-02-28 05:55:00,49.146,49.239,48.945,49.12,17117
169,2022-02-28 05:50:00,49.156,49.17,49.023,49.08,7908
170,2022-02-28 05:45:00,49.038,49.161,48.896,49.08,21331
171,2022-02-28 05:40:00,48.901,49.033,48.758,48.933,18872
172,2022-02-28 05:35:00,48.773,48.895,48.66,48.717,21068
173,2022-02-28 05:30:00,48.714,48.856,48.493,48.796,15099
174,2022-02-28 05:25:00,49.048,49.082,48.621,48.668,15894
175,2022-02-28 05:20:00,48.832,49.082,48.778,49.002,12074
176,2022-02-28 05:15:00,48.822,48.895,48.758,48.796,14222
177,2022-02-28 05:10:00,48.861,48.895,48.66,48.806,16299
178,2022-02-28 05:05:00,48.999,49.082,48.798,48.815,13366
179,2022-02-28 05:00:00,48.901,49.072,48.827,48.972,10358
180,2022-02-28 04:55:00,49.058,49.092,48.768,48.855,21719
181,2022-02-28 04:50:00,49.048,49.259,48.886,49.022,18577
182,2022-02-28 04:45:00,49.058,49.151,48.925,49.012,14847
183,2022-02-28 04:40:00,48.851,49.112,48.719,49.061,20347
184,2022-02-28 04:35:00,48.684,48.886,48.523,48.825,29999
185,2022-02-28 04:30:00,48.596,48.718,48.474,48.658,16787
186,2022-02-28 04:25:00,48.802,48.856,48.454,48.59,60098
187,2022-02-28 04:20:00,49.117,49.161,48.68,48.727,34031
188,2022-02-28 04:15:00,49.264,49.279,49.023,49.08,34107
189,2022-02-28 04:10:00,49.529,49.573,49.22,49.247,53047
190,2022-02-28 04:05:00,48.92,49.652,48.866,49.493,95990
191,2022-02-28 04:00:00,48.625,49.033,48.474,48.894,98244
192,2022-02-25 19:55:00,51.022,51.067,50.966,51.004,9991
193,2022-02-25 19:50:00,51.032,51.077,50.966,50.985,12269
194,2022-02-25 19:45:00,51.032,51.067,50.976,51.004,4981
195,2022-02-25 19:40:00,51.032,51.057,50.976,50.995,4620
196,2022-02-25 19:35:00,51.032,51.067,50.976,51.014,1865
197,2022-02-25 19:30:00,51.022,51.057,50.966,51.004,1050
198,2022-02-25 19:25:00,51.022,51.067,50.966,51.004,4319
199,2022-02-25 19:20:00,51.042,51.067,50.976,50.995,1733
200,2022-02-25 19:15:00,51.032,51.077,50.976,51.014,5228
201,2022-02-25 19:10:00,51.032,51.067,50.966,50.995,8769
202,2022-02-25 19:05:00,51.042,51.057,50.966,50.995,4580
203,2022-02-25 19:00:00,51.042,51.057,50.976,51.004,6787
204,2022-02-25 18:55:00,51.032,51.057,50.976,50.995,2607
205,2022-02-25 18:50:00,51.042,51.057,50.976,51.004,6305
206,2022-02-25 18:45:00,51.032,51.067,50.976,51.014,3894
207,2022-02-25 18:40:00,51.052,51.087,50.976,50.995,18687
208,2022-02-25 18:35:00,51.032,51.067,50.976,51.004,3292
209,2022-02-25 18:30:00,51.032,51.057,50.966,50.995,9437
210,2022-02-25 18:25:00,51.022,51.067,50.966,50.994,5594
211,2022-02-25 18:20:00,51.013,51.087,50.917,50.985,4773
212,2022-02-25 18:15:00,50.983,51.047,50.917,50.955,15997
213,2022-02-25 18:10:00,51.081,51.096,50.907,50.926,11882
214,2022-02-25 18:05:00,51.091,51.126,51.025,51.044,9887
215,2022-02-25 18:00:00,51.14,51.155,51.055,51.073,4573
216,2022-02-25 17:55:00,51.18,51.205,51.104,51.122,12841
217,2022-02-25 17:50:00,51.15,51.205,51.094,51.142,10385
218,2022-02-25 17:45:00,51.15,51.195,51.084,51.142,3978
219,2022-02-25 17:40:00,51.16,51.195,51.064,51.132,8324
220,2022-02-25 17:35:00,51.13,51.195,51.025,51.142,19663
221,2022-02-25 17:30:00,51.111,51.195,51.055,51.142,11729
222,2022-02-25 17:25:00,51.101,51.146,51.025,51.053,6376
223,2022-02-25 17:20:00,51.081,51.195,51.025,51.083,3666
224,2022-02-25 17:15:00,51.052,51.155,50.996,51.083,21534
225,2022-02-25 17:10:00,51.121,51.146,51.005,51.093,13472
226,2022-02-25 17:05:00,51.111,51.136,51.055,51.073,16877
227,2022-02-25 17:00:00,51.091,51.146,51.025,51.093,9102
228,2022-02-25 16:55:00,51.16,51.185,51.025,51.053,46235
229,2022-02-25 16:50:00,51.101,51.205,51.045,51.132,50042
230,2022-02-25 16:45:00,51.101,51.146,51.045,51.063,33724
231,2022-02-25 16:40:00,51.072,51.136,50.996,51.073,54872
232,2022-02-25 16:35:00,51.12,51.146,51.015,51.034,34139
233,2022-02-25 16:30:00,51.15,51.214,51.055,51.083,32443
234,2022-02-25 16:25:00,51.081,51.195,51.005,51.122,65160
235,2022-02-25 16:20:00,51.042,51.096,50.976,51.044,26284
236,2022-02-25 16:15:00,51.072,51.087,50.966,51.004,30208
237,2022-02-25 16:10:00,51.062,51.205,51.005,51.034,90306
238,2022-02-25 16:05:00,51.042,51.126,50.966,51.034,110515
239,2022-02-25 16:00:00,51.052,51.205,50.907,51.004,254878
240,2022-02-25 15:55:00,50.944,51.101,50.736,51.004,2756838
241,2022-02-25 15:50:00,50.688,51.057,50.49,50.906,2260704
242,2022-02-25 15:45:00,50.718,50.861,50.534,50.651,1254082
243,2022-02-25 15:40:00,50.634,50.851,50.348,50.681,1158810
244,2022-02-25 15:35:00,50.531,50.679,50.314,50.599,865569
245,2022-02-25 15:30:00,50.561,50.811,50.476,50.494,1077453
246,2022-02-25 15:25:00,50.757,50.949,50.417,50.518,1414659
247,2022-02-25 15:20:00,50.492,50.939,50.328,50.72,1986884
248,2022-02-25 15:15:00,50.237,50.555,50.103,50.445,1280967
249,2022-02-25 15:10:00,50.119,50.251,49.897,50.19,819718
250,2022-02-25 15:05:00,50.04,50.212,49.857,50.072,881076
251,2022-02-25 15:00:00,50.286,50.31,49.867,50.003,876414
252,2022-02-25 14:55:00,50.079,50.458,49.957,50.258,949838
253,2022-02-25 14:50:00,50.237,50.286,49.74,50.023,1707865
254,2022-02-25 14:45:00,50.384,50.487,50.162,50.18,517345
255,2022-02-25 14:40:00,50.335,50.536,50.113,50.357,688925
256,2022-02-25 14:35:00,50.158,50.438,50.103,50.298,691734
257,2022-02-25 14:30:00,50.521,50.792,50.005,50.116,1207752
258,2022-02-25 14:25:00,50.599,50.683,50.417,50.484,719401
259,2022-02-25 14:20:00,50.153,50.635,50.044,50.572,952206
260,2022-02-25 14:15:00,50.011,50.251,49.956,50.131,636713
261,2022-02-25 14:10:00,50.099,50.192,49.779,49.974,1237113
262,2022-02-25 14:05:00,50.492,50.561,49.975,50.052,866643
263,2022-02-25 14:00:00,50.315,50.644,49.955,50.455,1082419
264,2022-02-25 13:55:00,50.462,50.502,49.926,50.268,1472354
265,2022-02-25 13:50:00,50.571,50.713,50.388,50.425,667908
266,2022-02-25 13:45:00,50.669,50.713,50.368,50.543,741518
267,2022-02-25 13:40:00,50.453,50.733,50.387,50.622,918628
268,2022-02-25 13:35:00,50.443,50.542,50.122,50.415,868768
269,2022-02-25 13:30:00,50.246,50.576,50.171,50.425,948208
270,2022-02-25 13:25:00,50.104,50.35,50.024,50.199,1131688
271,2022-02-25 13:20:00,50.05,50.143,49.828,50.072,833554
272,2022-02-25 13:15:00,49.765,50.084,49.553,50.013,1037020
273,2022-02-25 13:10:00,49.882,49.947,49.485,49.738,1225421
274,2022-02-25 13:05:00,50.148,50.163,49.769,49.836,735031
275,2022-02-25 13:00:00,49.981,50.291,49.926,50.111,1173885
276,2022-02-25 12:55:00,49.922,50.094,49.661,49.954,1322598
277,2022-02-25 12:50:00,50.423,50.448,49.867,49.895,1434709
278,2022-02-25 12:45:00,50.787,50.811,50.358,50.378,503040
279,2022-02-25 12:40:00,50.726,50.866,50.603,50.734,512692
280,2022-02-25 12:35:00,50.86,50.949,50.593,50.68,631591
281,2022-02-25 12:30:00,50.679,50.929,50.574,50.828,1196833
282,2022-02-25 12:25:00,50.384,50.701,50.25,50.626,797594
283,2022-02-25 12:20:00,50.551,50.574,50.27,50.357,728433
284,2022-02-25 12:15:00,50.325,50.615,50.181,50.512,940144
285,2022-02-25 12:10:00,50.549,50.684,50.25,50.288,859736
286,2022-02-25 12:05:00,50.787,50.813,50.466,50.504,1008056
287,2022-02-25 12:00:00,50.865,51.018,50.711,50.74,1500807
288,2022-02-25 11:55:00,50.659,50.889,50.574,50.826,1135406
289,2022-02-25 11:50:00,50.59,50.733,50.32,50.622,1343286
290,2022-02-25 11:45:00,50.246,50.605,50.186,50.552,882157
291,2022-02-25 11:40:00,50.276,50.438,50.063,50.199,763576
292,2022-02-25 11:35:00,50.512,50.595,49.985,50.22,1328076
293,2022-02-25 11:30:00,50.443,50.526,50.103,50.469,996591
294,2022-02-25 11:25:00,50.512,50.585,50.201,50.396,839237
295,2022-02-25 11:20:00,50.561,50.694,50.338,50.474,1429686
296,2022-02-25 11:15:00,50.148,50.585,49.877,50.528,1480951
297,2022-02-25 11:10:00,49.844,50.34,49.642,50.106,1904119
298,2022-02-25 11:05:00,49.912,49.927,49.406,49.797,1109771
299,2022-02-25 11:00:00,49.765,49.957,49.328,49.885,1824212
300,2022-02-25 10:55:00,49.824,50.113,49.543,49.738,1794178
301,2022-02-25 10:50:00,49.932,50.011,49.612,49.777,1367415
302,2022-02-25 10:45:00,49.569,49.996,49.455,49.895,2013593
303,2022-02-25 10:40:00,48.773,49.583,48.719,49.531,2020712
304,2022-02-25 10:35:00,49.018,49.102,48.476,48.727,1092005
305,2022-02-25 10:30:00,49.068,49.347,48.818,48.987,1429783
306,2022-02-25 10:25:00,48.93,49.229,48.758,49.041,1855988
307,2022-02-25 10:20:00,48.409,49.023,48.238,48.884,2252643
308,2022-02-25 10:15:00,48.154,48.502,47.728,48.374,1431455
309,2022-02-25 10:10:00,48.35,48.64,47.993,48.099,1602554
310,2022-02-25 10:05:00,47.56,48.443,47.502,48.297,2262708
311,2022-02-25 10:00:00,47.781,47.932,47.345,47.529,2213823
312,2022-02-25 09:55:00,48.38,48.559,47.64,47.755,2065251
313,2022-02-25 09:50:00,48.763,48.983,48.15,48.334,2225088
314,2022-02-25 09:45:00,47.899,48.856,47.807,48.737,2604948
315,2022-02-25 09:40:00,48.35,48.728,47.767,47.853,3135933
316,2022-02-25 09:35:00,49.077,49.318,48.229,48.316,2710856
317,2022-02-25 09:30:00,49.097,49.2,48.258,49.041,3683602
318,2022-02-25 09:25:00,49.323,49.377,48.984,49.071,353472
319,2022-02-25 09:20:00,49.097,49.357,49.014,49.287,149883
320,2022-02-25 09:15:00,49.156,49.229,48.847,49.061,233362
321,2022-02-25 09:10:00,49.382,49.416,49.092,49.149,154781
322,2022-02-25 09:05:00,49.51,49.582,49.298,49.375,149370
323,2022-02-25 09:00:00,49.559,49.672,49.278,49.463,169328
324,2022-02-25 08:55:00,49.51,49.721,49.445,49.542,131582
325,2022-02-25 08:50:00,49.755,49.77,49.455,49.473,144396
326,2022-02-25 08:45:00,49.863,49.976,49.691,49.738,190118
327,2022-02-25 08:40:00,50.227,50.251,49.74,49.826,246462
328,2022-02-25 08:35:00,50.119,50.3,50.005,50.17,329868
329,2022-02-25 08:30:00,49.677,50.163,49.494,50.091,334526
330,2022-02-25 08:25:00,49.775,49.819,49.504,49.669,218928
331,2022-02-25 08:20:00,49.548,49.819,49.445,49.748,243079
332,2022-02-25 08:15:00,49.392,49.564,49.171,49.483,215325
333,2022-02-25 08:10:00,49.195,49.406,49.072,49.355,160657
334,2022-02-25 08:05:00,49.058,49.308,48.964,49.159,139959
335,2022-02-25 08:00:00,49.205,49.426,46.708,49.022,410713
336,2022-02-25 07:55:00,49.107,49.426,49.023,49.159,226876
337,2022-02-25 07:50:00,48.282,49.161,48.219,49.08,224883
338,2022-02-25 07:45:00,48.38,48.394,48.121,48.197,22179
339,2022-02-25 07:40:00,48.37,48.394,48.179,48.334,29347
340,2022-02-25 07:35:00,48.38,48.394,48.16,48.334,24702
341,2022-02-25 07:30:00,48.478,48.561,48.307,48.364,32636
342,2022-02-25 07:25:00,48.429,48.679,48.376,48.452,51299
343,2022-02-25 07:20:00,48.478,48.532,48.327,48.403,31127
344,2022-02-25 07:15:00,48.311,48.718,48.248,48.433,92058
345,2022-02-25 07:10:00,48.439,48.512,48.229,48.315,74465
346,2022-02-25 07:05:00,48.193,48.453,48.081,48.403,99347
347,2022-02-25 07:00:00,48.036,48.257,47.924,48.197,160662
348,2022-02-25 06:55:00,47.879,48.247,47.826,48.04,56916
349,2022-02-25 06:50:00,47.987,48.031,47.699,47.863,83426
350,2022-02-25 06:45:00,48.134,48.542,47.728,47.902,59977
351,2022-02-25 06:40:00,48.36,48.414,47.983,48.099,39642
352,2022-02-25 06:35:00,48.036,48.551,47.924,48.334,32870
353,2022-02-25 06:30:00,47.908,48.139,47.738,48.001,54314
354,2022-02-25 06:25:00,47.751,47.972,47.62,47.902,37972
355,2022-02-25 06:20:00,47.653,47.903,47.561,47.755,42901
356,2022-02-25 06:15:00,47.702,47.755,47.493,47.628,34544
357,2022-02-25 06:10:00,47.604,47.755,47.542,47.706,23964
358,2022-02-25 06:05:00,47.791,47.805,47.394,47.588,58286
359,2022-02-25 06:00:00,48.223,48.237,47.738,47.775,22983
360,2022-02-25 05:55:00,48.144,48.237,48.022,48.187,65883
361,2022-02-25 05:50:00,48.085,48.217,47.993,48.118,120194
362,2022-02-25 05:45:00,48.085,48.109,48.013,48.05,59274
363,2022-02-25 05:40:00,48.213,48.247,48.013,48.089,82341
364,2022-02-25 05:35:00,48.183,48.306,48.121,48.187,45382
365,2022-02-25 05:30:00,48.095,48.266,48.042,48.148,217281
366,2022-02-25 05:25:00,48.213,48.247,48.003,48.03,35455
367,2022-02-25 05:20:00,48.203,48.375,48.062,48.138,41221
368,2022-02-25 05:15:00,47.938,48.188,47.836,48.138,100202
369,2022-02-25 05:10:00,47.869,47.952,47.659,47.902,37306
370,2022-02-25 05:05:00,47.741,47.932,47.689,47.834,18668
371,2022-02-25 05:00:00,47.761,47.824,47.64,47.696,16757
372,2022-02-25 04:55:00,47.506,47.962,47.444,47.736,33053
373,2022-02-25 04:50:00,47.339,47.588,47.277,47.461,24476
374,2022-02-25 04:45:00,47.172,47.451,47.12,47.304,26894
375,2022-02-25 04:40:00,47.152,47.176,46.953,47.127,14069
376,2022-02-25 04:35:00,46.985,47.195,46.933,47.098,20294
377,2022-02-25 04:30:00,46.956,47.225,46.776,46.95,49135
378,2022-02-25 04:25:00,46.857,46.91,46.708,46.852,18602
379,2022-02-25 04:20:00,46.956,46.989,46.766,46.783,29386
380,2022-02-25 04:15:00,46.828,47.058,46.757,46.891,49500
381,2022-02-25 04:10:00,46.759,46.871,46.688,46.793,26822
382,2022-02-25 04:05:00,46.887,46.94,46.659,46.744,64637
383,2022-02-25 04:00:00,47.339,47.353,46.766,46.852,105512
384,2022-02-24 19:55:00,47.722,47.903,47.64,47.755,48181
385,2022-02-24 19:50:00,48.242,48.257,47.64,47.667,36137
386,2022-02-24 19:45:00,48.282,48.306,48.17,48.187,10125
387,2022-02-24 19:40:00,48.262,48.335,48.17,48.236,11131
388,2022-02-24 19:35:00,48.331,48.345,48.179,48.256,17726
389,2022-02-24 19:30:00,48.311,48.394,48.209,48.295,66041
390,2022-02-24 19:25:00,48.38,48.512,48.278,48.295,64556
391,2022-02-24 19:20:00,47.977,48.384,47.924,48.334,36978
392,2022-02-24 19:15:00,47.889,48.001,47.836,47.932,36112
393,2022-02-24 19:10:00,47.889,47.932,47.738,47.795,27277
394,2022-02-24 19:05:00,48.036,48.06,47.875,47.961,17420
395,2022-02-24 19:00:00,47.692,48.011,47.64,47.961,63357
396,2022-02-24 18:55:00,47.741,47.765,47.601,47.628,32442
397,2022-02-24 18:50:00,47.682,47.805,47.63,47.716,85519
398,2022-02-24 18:45:00,47.594,47.736,47.453,47.687,37164
399,2022-02-24 18:40:00,47.614,47.638,47.502,47.579,26573
400,2022-02-24 18:35:00,47.496,47.628,47.404,47.569,46106
401,2022-02-24 18:30:00,47.692,47.706,47.424,47.461,58861
402,2022-02-24 18:25:00,47.761,47.775,47.561,47.667,73272
403,2022-02-24 18:20:00,47.81,47.854,47.61,47.765,31768
404,2022-02-24 18:15:00,47.919,47.933,47.689,47.755,31696
405,2022-02-24 18:10:00,47.938,47.972,47.778,47.922,64020
406,2022-02-24 18:05:00,47.899,48.05,47.846,47.902,51731
407,2022-02-24 18:00:00,48.311,48.325,47.787,47.873,49048
408,2022-02-24 17:55:00,48.282,48.365,48.189,48.275,3582
409,2022-02-24 17:50:00,48.252,48.394,48.179,48.246,23130
410,2022-02-24 17:45:00,48.242,48.296,48.111,48.207,32694
411,2022-02-24 17:40:00,48.272,48.296,48.179,48.197,30261
412,2022-02-24 17:35:00,48.203,48.276,48.101,48.197,5551
413,2022-02-24 17:30:00,48.233,48.247,48.111,48.168,8385
414,2022-02-24 17:25:00,48.233,48.276,48.101,48.138,8132
415,2022-02-24 17:20:00,48.252,48.296,48.179,48.226,23105
416,2022-02-24 17:15:00,48.331,48.345,48.189,48.226,5025
417,2022-02-24 17:10:00,48.262,48.335,48.189,48.285,19212
418,2022-02-24 17:05:00,48.272,48.335,48.189,48.207,6237
419,2022-02-24 17:00:00,48.233,48.355,48.179,48.246,17956
420,2022-02-24 16:55:00,48.547,48.61,48.14,48.207,92564
421,2022-02-24 16:50:00,48.361,48.591,48.287,48.491,123654
422,2022-02-24 16:45:00,48.115,48.394,48.052,48.325,108240
423,2022-02-24 16:40:00,48.026,48.139,47.954,48.05,74392
424,2022-02-24 16:35:00,48.066,48.099,47.964,47.991,29832
425,2022-02-24 16:30:00,48.134,48.149,47.983,48.02,71499
426,2022-02-24 16:25:00,48.125,48.188,48.003,48.079,68146
427,2022-02-24 16:20:00,48.174,48.217,47.964,48.079,91174
428,2022-02-24 16:15:00,48.164,48.276,48.062,48.128,98694
429,2022-02-24 16:10:00,48.37,48.443,48.042,48.099,152551
430,2022-02-24 16:05:00,48.596,48.738,48.287,48.344,245739
431,2022-02-24 16:00:00,48.822,48.836,48.503,48.55,662822
432,2022-02-24 15:55:00,48.871,48.942,48.513,48.776,2250699
433,2022-02-24 15:50:00,48.154,48.984,48.062,48.83,3725167
434,2022-02-24 15:45:00,48.154,48.404,47.944,48.118,2063347
435,2022-02-24 15:40:00,48.488,48.561,48.081,48.128,1909480
436,2022-02-24 15:35:00,48.37,48.581,48.208,48.462,2505696
437,2022-02-24 15:30:00,47.29,48.404,47.218,48.334,2232434
438,2022-02-24 15:25:00,47.525,47.785,47.198,47.264,1742140
439,2022-02-24 15:20:00,47.56,47.657,47.198,47.5,1543684
440,2022-02-24 15:15:00,47.398,47.598,47.188,47.532,1462559
441,2022-02-24 15:10:00,47.25,47.431,47.12,47.351,1215432
442,2022-02-24 15:05:00,47.417,47.52,47.198,47.22,1543017
443,2022-02-24 15:00:00,46.906,47.48,46.678,47.392,2042564
444,2022-02-24 14:55:00,47.142,47.176,46.639,46.877,1533100
445,2022-02-24 14:50:00,47.034,47.195,46.708,47.107,2376855
446,2022-02-24 14:45:00,46.709,47.087,46.531,46.999,1919810
447,2022-02-24 14:40:00,47.113,47.205,46.57,46.675,2140285
448,2022-02-24 14:35:00,46.641,47.146,46.532,47.078,2288859
449,2022-02-24 14:30:00,45.845,46.704,45.795,46.598,2947660
450,2022-02-24 14:25:00,45.688,45.898,45.461,45.821,1586342
451,2022-02-24 14:20:00,45.855,45.977,45.452,45.645,1974192
452,2022-02-24 14:15:00,45.561,45.913,45.363,45.821,2016108
453,2022-02-24 14:10:00,44.952,45.663,44.863,45.537,1984434
454,2022-02-24 14:05:00,45.266,45.476,44.745,44.889,2137466
455,2022-02-24 14:00:00,45.217,45.363,44.784,45.213,2263980
456,2022-02-24 13:55:00,45.669,45.741,45.049,45.193,1927165
457,2022-02-24 13:50:00,45.993,46.204,45.579,45.645,3656859
458,2022-02-24 13:45:00,44.888,46.046,44.627,45.959,4044226
459,2022-02-24 13:40:00,45.138,45.279,44.814,44.86,1923354
460,2022-02-24 13:35:00,44.401,45.181,44.245,45.11,3486195
461,2022-02-24 13:30:00,44.038,44.532,43.969,44.369,965395
462,2022-02-24 13:25:00,44.293,44.434,43.95,43.995,1000405
463,2022-02-24 13:20:00,44.559,44.69,44.196,44.251,1245388
464,2022-02-24 13:15:00,44.524,44.67,44.137,44.535,1446078
465,2022-02-24 13:10:00,44.205,44.552,44.004,44.486,1354824
466,2022-02-24 13:05:00,43.812,44.238,43.734,44.174,1068955
467,2022-02-24 13:00:00,43.773,43.874,43.577,43.79,907268
468,2022-02-24 12:55:00,44.038,44.336,43.666,43.75,944079
469,2022-02-24 12:50:00,43.92,44.11,43.754,44.006,934412
470,2022-02-24 12:45:00,44.225,44.341,43.814,43.888,1093815
471,2022-02-24 12:40:00,44.225,44.508,44.144,44.202,2212683
472,2022-02-24 12:35:00,43.645,44.287,43.597,44.202,1695995
473,2022-02-24 12:30:00,43.724,43.992,43.342,43.632,1671463
474,2022-02-24 12:25:00,43.36,43.746,43.254,43.701,1529150
475,2022-02-24 12:20:00,43.802,43.874,43.234,43.318,2325904
476,2022-02-24 12:15:00,43.733,43.953,43.558,43.77,2040712
477,2022-02-24 12:10:00,44.361,44.474,43.646,43.701,1888753
478,2022-02-24 12:05:00,44.657,44.758,44.259,44.329,1150106
479,2022-02-24 12:00:00,44.637,44.778,44.48,44.624,1339502
480,2022-02-24 11:55:00,44.451,44.739,44.235,44.614,1598849
481,2022-02-24 11:50:00,44.009,44.523,43.911,44.428,1259875
482,2022-02-24 11:45:00,43.764,44.022,43.499,43.971,1417475
483,2022-02-24 11:40:00,44.401,44.434,43.626,43.736,2190562
484,2022-02-24 11:35:00,44.185,44.464,43.882,44.369,1702962
485,2022-02-24 11:30:00,44.176,44.513,43.882,44.153,1561885
486,2022-02-24 11:25:00,44.284,44.532,44.009,44.143,1522256
487,2022-02-24 11:20:00,44.775,44.857,44.196,44.252,2180635
488,2022-02-24 11:15:00,44.323,44.788,44.078,44.742,2209872
489,2022-02-24 11:10:00,44.136,44.503,43.764,44.285,2197590
490,2022-02-24 11:05:00,43.547,44.257,43.411,44.084,2213179
491,2022-02-24 11:00:00,43.773,44.189,43.381,43.505,1951620
492,2022-02-24 10:55:00,43.743,44.203,43.636,43.74,2206636
493,2022-02-24 10:50:00,43.547,43.904,43.097,43.701,2077697
494,2022-02-24 10:45:00,42.894,43.746,42.812,43.525,2444649
495,2022-02-24 10:40:00,42.8,43.039,42.302,42.857,1902164
496,2022-02-24 10:35:00,43.252,43.392,42.547,42.769,2292476
497,2022-02-24 10:30:00,42.928,43.491,42.567,43.222,2473420
498,2022-02-24 10:25:00,43.429,43.589,42.822,42.896,2370557
499,2022-02-24 10:20:00,43.665,44.09,43.234,43.407,3858696
500,2022-02-24 10:15:00,43.046,43.737,42.91,43.652,3455975
501,2022-02-24 10:10:00,42.614,43.147,42.312,43.015,3084237
502,2022-02-24 10:05:00,41.965,42.656,41.703,42.582,2850776
503,2022-02-24 10:00:00,42.673,42.695,41.86,41.925,2805660
504,2022-02-24 09:55:00,42.466,42.793,42.081,42.651,2960521
505,2022-02-24 09:50:00,42.594,42.911,42.263,42.435,3326676
506,2022-02-24 09:45:00,41.719,42.607,41.438,42.562,3080170
507,2022-02-24 09:40:00,42.289,42.302,41.281,41.689,3910156
508,2022-02-24 09:35:00,41.17,42.322,40.781,42.258,5141303
509,2022-02-24 09:30:00,40.05,41.437,39.849,41.129,7232921
510,2022-02-24 09:25:00,40.384,40.396,39.937,40.01,229759
511,2022-02-24 09:20:00,40.57,40.7,40.329,40.354,186022
512,2022-02-24 09:15:00,40.443,40.612,40.349,40.55,118164
513,2022-02-24 09:10:00,40.629,40.651,40.339,40.354,156273
514,2022-02-24 09:05:00,40.443,40.779,40.388,40.58,232545
515,2022-02-24 09:00:00,40.266,40.494,40.143,40.403,273953
516,2022-02-24 08:55:00,40.542,40.582,40.202,40.246,127480
517,2022-02-24 08:50:00,40.57,40.769,40.477,40.54,253166
518,2022-02-24 08:45:00,40.452,40.592,40.212,40.511,223032
519,2022-02-24 08:40:00,40.001,40.484,39.917,40.413,251416
520,2022-02-24 08:35:00,40.01,40.15,39.908,39.961,136650
521,2022-02-24 08:30:00,39.686,40.042,39.613,39.961,206664
522,2022-02-24 08:25:00,39.735,39.757,39.544,39.686,177270
523,2022-02-24 08:20:00,39.794,39.885,39.594,39.696,140139
524,2022-02-24 08:15:00,39.863,39.963,39.643,39.775,227242
525,2022-02-24 08:10:00,39.843,39.953,39.76,39.824,132837
526,2022-02-24 08:05:00,40.118,40.17,39.741,39.814,202776
527,2022-02-24 08:00:00,40.109,41.889,39.8,40.069,708735
528,2022-02-24 07:55:00,40.079,40.13,39.849,40.079,163701
529,2022-02-24 07:50:00,40.109,40.248,39.986,40.059,122395
530,2022-02-24 07:45:00,39.971,40.15,39.839,40.069,84933
531,2022-02-24 07:40:00,40.04,40.052,39.8,39.951,103337
532,2022-02-24 07:35:00,40.01,40.071,39.878,40.02,76621
533,2022-02-24 07:30:00,40.227,40.258,39.927,39.991,127538
534,2022-02-24 07:25:00,40.285,40.356,40.094,40.207,120592
535,2022-02-24 07:20:00,40.335,40.396,40.143,40.266,191187
536,2022-02-24 07:15:00,40.521,40.681,40.251,40.305,149907
537,2022-02-24 07:10:00,40.305,40.563,40.231,40.501,119485
538,2022-02-24 07:05:00,40.492,40.514,40.241,40.256,152991
539,2022-02-24 07:00:00,40.836,40.926,40.408,40.482,377823
540,2022-02-24 06:55:00,40.61,40.887,40.496,40.835,72771
541,2022-02-24 06:50:00,40.649,40.877,40.496,40.59,92861
542,2022-02-24 06:45:00,40.551,40.808,40.467,40.609,63742
543,2022-02-24 06:40:00,40.099,40.631,39.996,40.59,56391
544,2022-02-24 06:35:00,40.089,40.258,39.966,40.069,89046
545,2022-02-24 06:30:00,40.335,40.366,40.035,40.069,47887
546,2022-02-24 06:25:00,40.452,40.494,40.104,40.236,58759
547,2022-02-24 06:20:00,40.109,40.474,40.055,40.413,88538
548,2022-02-24 06:15:00,40.374,40.386,40.015,40.099,59389
549,2022-02-24 06:10:00,40.227,40.464,40.143,40.403,42898
550,2022-02-24 06:05:00,40.403,40.484,40.172,40.226,180854
551,2022-02-24 06:00:00,40.718,40.848,40.329,40.374,70915
552,2022-02-24 05:55:00,40.659,40.789,40.526,40.648,17222
553,2022-02-24 05:50:00,40.993,41.025,40.604,40.619,27615
554,2022-02-24 05:45:00,40.806,41.025,40.643,40.972,90254
555,2022-02-24 05:40:00,40.904,41.074,40.742,40.786,37029
556,2022-02-24 05:35:00,40.806,40.897,40.526,40.855,34202
557,2022-02-24 05:30:00,40.57,40.877,40.457,40.815,49400
558,2022-02-24 05:25:00,40.502,40.749,40.408,40.56,87513
559,2022-02-24 05:20:00,40.855,40.907,40.398,40.482,94578
560,2022-02-24 05:15:00,41.14,41.152,40.8,40.815,46026
561,2022-02-24 05:10:00,41.425,41.437,41.085,41.1,30848
562,2022-02-24 05:05:00,40.924,41.427,40.869,41.385,82768
563,2022-02-24 05:00:00,40.895,40.975,40.761,40.894,50881
564,2022-02-24 04:55:00,40.944,41.113,40.84,40.874,85805
565,2022-02-24 04:50:00,41.042,41.172,40.84,40.933,36918
566,2022-02-24 04:45:00,40.865,41.093,40.722,41.041,71721
567,2022-02-24 04:40:00,41.258,41.349,40.673,40.835,89692
568,2022-02-24 04:35:00,41.248,41.319,41.075,41.208,48408
569,2022-02-24 04:30:00,41.297,41.398,41.114,41.286,92729
570,2022-02-24 04:25:00,41.484,41.496,41.203,41.257,58733
571,2022-02-24 04:20:00,41.327,41.614,41.232,41.414,112387
572,2022-02-24 04:15:00,41.258,41.477,41.114,41.277,123334
573,2022-02-24 04:10:00,41.553,41.663,40.967,41.159,161034
574,2022-02-24 04:05:00,41.16,41.781,41.026,41.571,252944
575,2022-02-24 04:00:00,42.122,42.135,40.928,41.139,382501
576,2022-02-23 19:55:00,43.291,43.422,42.998,43.044,163247
577,2022-02-23 19:50:00,43.508,43.579,43.254,43.269,60380
578,2022-02-23 19:45:00,43.537,43.589,43.391,43.495,43835
579,2022-02-23 19:40:00,43.557,43.668,43.44,43.466,41576
580,2022-02-23 19:35:00,43.527,43.756,43.322,43.515,84978
581,2022-02-23 19:30:00,43.714,43.796,43.391,43.475,73734
582,2022-02-23 19:25:00,44.058,44.09,43.469,43.652,103829
583,2022-02-23 19:20:00,44.048,44.08,43.872,44.025,23418
584,2022-02-23 19:15:00,44.136,44.149,43.882,44.035,30448
585,2022-02-23 19:10:00,44.018,44.287,43.94,44.172,31395
586,2022-02-23 19:05:00,44.117,44.208,43.882,43.976,38000
587,2022-02-23 19:00:00,44.225,44.365,44.039,44.094,26451
588,2022-02-23 18:55:00,44.323,44.346,44.127,44.153,18116
589,2022-02-23 18:50:00,44.284,44.316,44.166,44.251,10772
590,2022-02-23 18:45:00,44.333,44.365,44.196,44.221,29008
591,2022-02-23 18:40:00,44.126,44.405,44.078,44.29,45816
592,2022-02-23 18:35:00,44.126,44.149,44.058,44.104,21597
593,2022-02-23 18:30:00,44.058,44.149,43.98,44.104,31023
594,2022-02-23 18:25:00,43.891,44.13,43.833,43.996,27269
595,2022-02-23 18:20:00,43.842,43.894,43.774,43.809,34550
596,2022-02-23 18:15:00,44.028,44.071,43.774,43.809,28092
597,2022-02-23 18:10:00,44.009,44.09,43.872,43.986,29909
598,2022-02-23 18:05:00,44.156,44.169,43.911,43.966,26633
599,2022-02-23 18:00:00,44.009,44.365,43.96,44.074,78739
600,2022-02-23 17:55:00,43.989,44.022,43.891,43.927,24019
601,2022-02-23 17:50:00,43.989,44.012,43.882,43.937,18567
602,2022-02-23 17:45:00,43.959,44.002,43.882,43.956,10625
603,2022-02-23 17:40:00,43.881,43.963,43.823,43.917,17945
604,2022-02-23 17:35:00,43.842,43.894,43.793,43.848,27255
605,2022-02-23 17:30:00,43.891,43.904,43.783,43.799,23275
606,2022-02-23 17:25:00,44.009,44.022,43.842,43.868,47385
607,2022-02-23 17:20:00,44.048,44.061,43.911,43.986,27061
608,2022-02-23 17:15:00,44.087,44.1,43.96,43.996,14602
609,2022-02-23 17:10:00,44.107,44.149,44.019,44.045,17373
610,2022-02-23 17:05:00,44.107,44.159,44.019,44.074,17956
611,2022-02-23 17:00:00,44.067,44.169,44.009,44.123,50752
612,2022-02-23 16:55:00,44.156,44.169,43.96,44.025,36460
613,2022-02-23 16:50:00,44.176,44.208,44.029,44.113,34204
614,2022-02-23 16:45:00,44.097,44.228,44.029,44.133,40727
615,2022-02-23 16:40:00,44.343,44.356,43.901,44.064,157375
616,2022-02-23 16:35:00,44.294,44.395,44.127,44.3,92716
617,2022-02-23 16:30:00,44.401,44.424,44.245,44.261,83845
618,2022-02-23 16:25:00,44.48,44.503,44.313,44.369,124274
619,2022-02-23 16:20:00,44.47,44.483,44.362,44.437,57855
620,2022-02-23 16:15:00,44.51,44.542,44.402,44.428,104847
621,2022-02-23 16:10:00,44.5,44.611,44.353,44.486,74874
622,2022-02-23 16:05:00,44.549,44.621,44.431,44.457,103196
623,2022-02-23 16:00:00,44.313,44.552,44.264,44.496,529572
624,2022-02-23 15:55:00,44.308,44.503,44.127,44.261,3558034
625,2022-02-23 15:50:00,44.323,44.621,44.156,44.28,4204921
626,2022-02-23 15:45:00,44.549,44.768,44.274,44.3,3190850
627,2022-02-23 15:40:00,44.603,44.808,44.49,44.526,1805312
628,2022-02-23 15:35:00,44.942,45.102,44.549,44.57,1750962
629,2022-02-23 15:30:00,45.05,45.201,44.716,44.9,2051637
630,2022-02-23 15:25:00,44.686,45.161,44.59,45.02,2307810
631,2022-02-23 15:20:00,44.647,44.758,44.446,44.661,1373495
632,2022-02-23 15:15:00,44.686,44.988,44.539,44.614,1830132
633,2022-02-23 15:10:00,44.686,44.783,44.433,44.66,1822383
634,2022-02-23 15:05:00,44.794,44.98,44.544,44.653,1713624
635,2022-02-23 15:00:00,45.148,45.25,44.706,44.769,1666477
636,2022-02-23 14:55:00,45.089,45.333,44.932,45.125,1116781
637,2022-02-23 14:50:00,45.197,45.358,45.035,45.057,1325629
638,2022-02-23 14:45:00,44.991,45.39,44.897,45.174,1817974
639,2022-02-23 14:40:00,45.362,45.378,44.889,44.958,2309673
640,2022-02-23 14:35:00,45.345,45.515,45.285,45.321,1121299
641,2022-02-23 14:30:00,45.459,45.613,45.227,45.301,1244396
642,2022-02-23 14:25:00,45.511,45.594,45.314,45.421,1349231
643,2022-02-23 14:20:00,46.003,46.105,45.403,45.478,1945483
644,2022-02-23 14:15:00,46.052,46.272,45.785,45.979,1068262
645,2022-02-23 14:10:00,46.111,46.36,45.962,46.018,887582
646,2022-02-23 14:05:00,45.963,46.272,45.844,46.077,704668
647,2022-02-23 14:00:00,46.121,46.38,45.795,45.929,1219550
648,2022-02-23 13:55:00,46.014,46.232,45.883,46.096,641420
649,2022-02-23 13:50:00,46.464,46.517,45.864,45.988,1186966
650,2022-02-23 13:45:00,46.229,46.567,46.129,46.43,1360475
651,2022-02-23 13:40:00,46.248,46.365,46.07,46.204,857550
652,2022-02-23 13:35:00,45.836,46.311,45.746,46.216,1472205
653,2022-02-23 13:30:00,46.032,46.144,45.766,45.811,1197584
654,2022-02-23 13:25:00,46.204,46.341,45.893,45.988,1084010
655,2022-02-23 13:20:00,46.258,46.385,46.04,46.165,901445
656,2022-02-23 13:15:00,46.17,46.341,45.981,46.229,1791662
657,2022-02-23 13:10:00,46.71,46.778,46.099,46.134,2730412
658,2022-02-23 13:05:00,46.838,46.92,46.531,46.675,1154642
659,2022-02-23 13:00:00,46.956,46.989,46.717,46.793,523802
660,2022-02-23 12:55:00,46.965,47.038,46.786,46.921,602165
661,2022-02-23 12:50:00,47.329,47.381,46.874,46.931,1169810
662,2022-02-23 12:45:00,47.486,47.618,47.247,47.294,637705
663,2022-02-23 12:40:00,47.388,47.539,47.287,47.451,585099
664,2022-02-23 12:35:00,47.565,47.613,47.277,47.353,993373
665,2022-02-23 12:30:00,47.908,47.986,47.512,47.529,1014499
666,2022-02-23 12:25:00,47.879,48.02,47.718,47.863,1448400
667,2022-02-23 12:20:00,47.771,47.972,47.649,47.844,1385786
668,2022-02-23 12:15:00,47.402,47.814,47.343,47.736,1063673
669,2022-02-23 12:10:00,47.555,47.697,47.296,47.363,963185
670,2022-02-23 12:05:00,47.375,47.588,47.209,47.525,896929
671,2022-02-23 12:00:00,47.455,47.539,47.223,47.333,938126
672,2022-02-23 11:55:00,47.398,47.667,47.336,47.417,1570955
673,2022-02-23 11:50:00,47.091,47.47,46.906,47.368,1244014
674,2022-02-23 11:45:00,46.897,47.117,46.708,47.058,1170035
675,2022-02-23 11:40:00,47.055,47.236,46.776,46.864,1117589
676,2022-02-23 11:35:00,46.897,47.274,46.738,47.027,1809194
677,2022-02-23 11:30:00,46.68,47.112,46.443,46.879,1648432
678,2022-02-23 11:25:00,46.661,46.891,46.57,46.646,1092073
679,2022-02-23 11:20:00,46.641,46.802,46.531,46.636,967605
680,2022-02-23 11:15:00,46.759,46.773,46.394,46.607,1316929
681,2022-02-23 11:10:00,46.71,46.871,46.6,46.734,917449
682,2022-02-23 11:05:00,46.838,46.94,46.531,46.685,1229319
683,2022-02-23 11:00:00,47.103,47.244,46.678,46.813,1404347
684,2022-02-23 10:55:00,47.054,47.328,46.786,47.083,1741195
685,2022-02-23 10:50:00,47.039,47.284,46.934,47.029,1149257
686,2022-02-23 10:45:00,47.137,47.364,46.963,47.009,1303927
687,2022-02-23 10:40:00,47.525,47.588,47.002,47.107,1933928
688,2022-02-23 10:35:00,47.457,47.785,47.385,47.49,1590964
689,2022-02-23 10:30:00,47.378,47.618,47.139,47.412,1491118
690,2022-02-23 10:25:00,47.692,47.765,47.228,47.343,1806022
691,2022-02-23 10:20:00,47.795,48.158,47.537,47.647,1741005
692,2022-02-23 10:15:00,48.183,48.208,47.61,47.775,1807699
693,2022-02-23 10:10:00,47.779,48.247,47.699,48.148,1707558
694,2022-02-23 10:05:00,48.154,48.198,47.571,47.743,1761894
695,2022-02-23 10:00:00,48.419,48.434,47.738,48.109,2444571
696,2022-02-23 09:55:00,48.331,48.65,48.229,48.393,1354988
697,2022-02-23 09:50:00,48.979,49.023,48.258,48.295,1909042
698,2022-02-23 09:45:00,48.93,49.229,48.817,48.963,1977693
699,2022-02-23 09:40:00,49.578,49.75,48.753,48.894,2302551
700,2022-02-23 09:35:00,49.519,49.731,48.964,49.552,2593764
701,2022-02-23 09:30:00,49.352,49.701,49.112,49.488,1939727
702,2022-02-23 09:25:00,49.529,49.544,49.259,49.296,77133
703,2022-02-23 09:20:00,49.51,49.573,49.337,49.503,77510
704,2022-02-23 09:15:00,49.578,49.701,49.455,49.483,59743
705,2022-02-23 09:10:00,49.589,49.642,49.465,49.512,42163
706,2022-02-23 09:05:00,49.627,49.642,49.455,49.581,28113
707,2022-02-23 09:00:00,49.637,49.672,49.455,49.571,41156
708,2022-02-23 08:55:00,49.559,49.681,49.494,49.601,75987
709,2022-02-23 08:50:00,49.46,49.593,49.347,49.532,68943
710,2022-02-23 08:45:00,49.362,49.495,49.308,49.434,39716
711,2022-02-23 08:40:00,49.382,49.426,49.249,49.345,49401
712,2022-02-23 08:35:00,49.304,49.455,49.22,49.365,58585
713,2022-02-23 08:30:00,49.46,49.505,49.259,49.287,58680
714,2022-02-23 08:25:00,49.47,49.524,49.357,49.414,52500
715,2022-02-23 08:20:00,49.618,49.681,49.386,49.414,71712
716,2022-02-23 08:15:00,49.627,49.691,49.563,49.601,39528
717,2022-02-23 08:10:00,49.726,49.77,49.553,49.591,53485
718,2022-02-23 08:05:00,49.637,49.77,49.583,49.718,33686
719,2022-02-23 08:00:00,49.107,49.78,48.895,49.601,250031
720,2022-02-23 07:55:00,49.726,49.77,49.592,49.63,35116
721,2022-02-23 07:50:00,49.578,49.78,49.514,49.689,22512
722,2022-02-23 07:45:00,49.716,49.731,49.475,49.542,27577
723,2022-02-23 07:40:00,49.706,49.76,49.632,49.669,47423
724,2022-02-23 07:35:00,49.618,49.75,49.504,49.669,41757
725,2022-02-23 07:30:00,49.519,49.672,49.455,49.571,48214
726,2022-02-23 07:25:00,49.48,49.544,49.416,49.483,47451
727,2022-02-23 07:20:00,49.362,49.495,49.288,49.444,30423
728,2022-02-23 07:15:00,49.392,49.446,49.298,49.336,40900
729,2022-02-23 07:10:00,49.235,49.406,49.121,49.345,55212
730,2022-02-23 07:05:00,49.185,49.298,49.102,49.198,31711
731,2022-02-23 07:00:00,48.999,49.2,48.886,49.129,56581
732,2022-02-23 06:55:00,49.185,49.2,48.866,48.982,56096
733,2022-02-23 06:50:00,49.146,49.279,49.092,49.139,27408
734,2022-02-23 06:45:00,49.284,49.298,49.102,49.12,53769
735,2022-02-23 06:40:00,49.293,49.357,49.239,49.257,13073
736,2022-02-23 06:35:00,49.46,49.485,49.21,49.287,13715
737,2022-02-23 06:30:00,49.372,49.495,49.318,49.444,11168
738,2022-02-23 06:25:00,49.303,49.387,49.239,49.336,6902
739,2022-02-23 06:20:00,49.274,49.347,49.063,49.277,19247
740,2022-02-23 06:15:00,49.343,49.396,49.2,49.247,17191
741,2022-02-23 06:10:00,49.392,49.505,49.21,49.228,12768
742,2022-02-23 06:05:00,49.431,49.495,49.249,49.375,14085
743,2022-02-23 06:00:00,49.411,49.465,49.298,49.395,9937
744,2022-02-23 05:55:00,49.333,49.446,49.278,49.395,5167
745,2022-02-23 05:50:00,49.264,49.347,49.19,49.296,11077
746,2022-02-23 05:45:00,49.608,49.642,49.19,49.237,26052
747,2022-02-23 05:40:00,49.637,49.78,49.573,49.591,8823
748,2022-02-23 05:35:00,49.608,49.662,49.524,49.581,7460
749,2022-02-23 05:30:00,49.608,49.691,49.514,49.571,4424
750,2022-02-23 05:25:00,49.657,49.731,49.543,49.571,24455
751,2022-02-23 05:20:00,49.569,49.652,49.494,49.601,11253
752,2022-02-23 05:15:00,49.441,49.583,49.357,49.532,21225
753,2022-02-23 05:10:00,49.608,49.622,49.357,49.375,28397
754,2022-02-23 05:05:00,49.765,49.809,49.553,49.571,11077
755,2022-02-23 05:00:00,49.677,49.809,49.602,49.758,18989
756,2022-02-23 04:55:00,49.863,49.937,49.622,49.64,18580
757,2022-02-23 04:50:00,50.03,50.065,49.799,49.817,31092
758,2022-02-23 04:45:00,50.04,50.074,49.926,50.013,9774
759,2022-02-23 04:40:00,50.001,50.114,49.946,50.003,17979
760,2022-02-23 04:35:00,49.991,50.074,49.887,49.925,11270
761,2022-02-23 04:30:00,49.873,50.045,49.818,49.974,44030
762,2022-02-23 04:25:00,49.903,49.937,49.779,49.797,20430
763,2022-02-23 04:20:00,49.903,49.937,49.759,49.817,31488
764,2022-02-23 04:15:00,49.853,49.966,49.789,49.876,27504
765,2022-02-23 04:10:00,49.657,49.907,49.602,49.826,46500
766,2022-02-23 04:05:00,49.637,49.721,49.563,49.601,69699
767,2022-02-23 04:00:00,49.51,49.681,49.455,49.601,57237
768,2022-02-22 19:55:00,49.058,49.22,49.004,49.129,68957
769,2022-02-22 19:50:00,49.038,49.072,48.964,49.022,16854
770,2022-02-22 19:45:00,48.989,49.062,48.935,49.002,8251
771,2022-02-22 19:40:00,48.989,49.033,48.915,48.933,22007
772,2022-02-22 19:35:00,49.107,49.121,48.935,48.953,15007
773,2022-02-22 19:30:00,49.068,49.131,48.964,49.08,25207
774,2022-02-22 19:25:00,49.009,49.102,48.955,49.051,23081
775,2022-02-22 19:20:00,49.058,49.092,48.955,48.982,5777
776,2022-02-22 19:15:00,49.038,49.112,48.964,48.982,12763
777,2022-02-22 19:10:00,48.999,49.062,48.817,49.002,25296
778,2022-02-22 19:05:00,49.146,49.161,49.014,49.041,32126
779,2022-02-22 19:00:00,49.117,49.18,49.063,49.129,20083
780,2022-02-22 18:55:00,49.205,49.249,49.023,49.061,28437
781,2022-02-22 18:50:00,49.215,49.288,49.141,49.188,15831
782,2022-02-22 18:45:00,49.166,49.249,49.063,49.169,30789
783,2022-02-22 18:40:00,48.94,49.131,48.886,49.08,7631
784,2022-02-22 18:35:00,48.999,49.013,48.886,48.904,16555
785,2022-02-22 18:30:00,49.087,49.112,48.876,48.894,34303
786,2022-02-22 18:25:00,48.773,49.161,48.719,49.041,42573
787,2022-02-22 18:20:00,48.724,48.787,48.67,48.737,7525
788,2022-02-22 18:15:00,48.783,48.797,48.65,48.737,19002
789,2022-02-22 18:10:00,48.812,48.866,48.709,48.737,6458
790,2022-02-22 18:05:00,48.783,48.817,48.709,48.737,11185
791,2022-02-22 18:00:00,48.675,48.817,48.543,48.737,53427
792,2022-02-22 17:55:00,48.704,48.728,48.621,48.639,16638
793,2022-02-22 17:50:00,48.743,48.768,48.65,48.668,31683
794,2022-02-22 17:45:00,48.704,48.738,48.65,48.688,4340
795,2022-02-22 17:40:00,48.734,48.787,48.592,48.658,15572
796,2022-02-22 17:35:00,48.734,48.817,48.68,48.698,3108
797,2022-02-22 17:30:00,48.714,48.738,48.582,48.678,26748
798,2022-02-22 17:25:00,48.714,48.728,48.592,48.609,806
799,2022-02-22 17:20:00,48.635,48.728,48.582,48.678,3651
800,2022-02-22 17:15:00,48.586,48.728,48.513,48.609,5652
801,2022-02-22 17:10:00,48.675,48.689,48.474,48.59,43162
802,2022-02-22 17:05:00,48.724,48.905,48.582,48.678,15923
803,2022-02-22 17:00:00,48.625,48.738,48.523,48.688,11651
804,2022-02-22 16:55:00,48.606,48.64,48.454,48.56,32403
805,2022-02-22 16:50:00,48.842,48.876,48.464,48.59,52217
806,2022-02-22 16:45:00,48.832,48.876,48.749,48.806,69377
807,2022-02-22 16:40:00,48.714,48.866,48.66,48.806,43956
808,2022-02-22 16:35:00,48.635,48.728,48.582,48.678,33961
809,2022-02-22 16:30:00,48.684,48.718,48.513,48.599,30057
810,2022-02-22 16:25:00,48.645,48.699,48.562,48.649,30752
811,2022-02-22 16:20:00,48.763,48.777,48.592,48.609,23714
812,2022-02-22 16:15:00,48.792,48.827,48.67,48.708,63198
813,2022-02-22 16:10:00,48.753,48.817,48.66,48.717,61094
814,2022-02-22 16:05:00,48.763,48.856,48.493,48.786,131749
815,2022-02-22 16:00:00,48.016,48.768,47.954,48.717,721664
816,2022-02-22 15:55:00,47.633,48.149,47.581,47.971,2471294
817,2022-02-22 15:50:00,48.105,48.119,47.375,47.598,3066911
818,2022-02-22 15:45:00,48.37,48.414,47.983,48.069,1993956
819,2022-02-22 15:40:00,48.851,48.935,48.17,48.364,2028074
820,2022-02-22 15:35:00,48.822,48.994,48.513,48.815,1443579
821,2022-02-22 15:30:00,49.028,49.067,48.513,48.776,2002940
822,2022-02-22 15:25:00,48.812,49.357,48.69,48.997,1718727
823,2022-02-22 15:20:00,49.028,49.269,48.611,48.776,1763894
824,2022-02-22 15:15:00,49.235,49.583,48.876,48.992,2396307
825,2022-02-22 15:10:00,49.043,49.573,48.989,49.188,2284587
826,2022-02-22 15:05:00,49.402,49.494,48.955,49.012,2345879
827,2022-02-22 15:00:00,48.655,49.436,48.552,49.375,2680509
828,2022-02-22 14:55:00,48.547,49.003,48.493,48.617,1953111
829,2022-02-22 14:50:00,48.056,48.807,48.003,48.521,3097470
830,2022-02-22 14:45:00,47.191,48.09,46.953,48.015,1786732
831,2022-02-22 14:40:00,47.545,47.72,47.08,47.166,1320826
832,2022-02-22 14:35:00,47.584,47.942,47.444,47.51,1735591
833,2022-02-22 14:30:00,47.407,48.06,47.071,47.549,2910746
834,2022-02-22 14:25:00,46.847,47.613,46.786,47.372,3086943
835,2022-02-22 14:20:00,46.995,47.254,46.521,46.813,1815108
836,2022-02-22 14:15:00,46.828,47.087,46.709,46.95,1052203
837,2022-02-22 14:10:00,46.504,46.91,46.32,46.803,1492552
838,2022-02-22 14:05:00,46.739,46.822,46.443,46.469,953015
839,2022-02-22 14:00:00,46.916,46.969,46.678,46.704,686819
840,2022-02-22 13:55:00,46.808,46.979,46.698,46.896,909070
841,2022-02-22 13:50:00,47.072,47.087,46.757,46.783,1184543
842,2022-02-22 13:45:00,47.172,47.254,46.953,47.028,1025596
843,2022-02-22 13:40:00,47.363,47.51,47.071,47.147,1137434
844,2022-02-22 13:35:00,47.535,47.574,47.228,47.328,465217
845,2022-02-22 13:30:00,47.447,47.657,47.277,47.5,478710
846,2022-02-22 13:25:00,47.457,47.515,47.306,47.421,303768
847,2022-02-22 13:20:00,47.299,47.529,47.237,47.417,481234
848,2022-02-22 13:15:00,47.778,47.795,47.149,47.274,1056125
849,2022-02-22 13:10:00,47.682,47.939,47.625,47.745,1221358
850,2022-02-22 13:05:00,47.52,47.761,47.434,47.633,681231
851,2022-02-22 13:00:00,47.663,47.741,47.326,47.49,1008504
852,2022-02-22 12:55:00,47.574,47.775,47.512,47.618,621290
853,2022-02-22 12:50:00,47.535,47.726,47.473,47.539,609320
854,2022-02-22 12:45:00,47.751,47.859,47.424,47.5,930749
855,2022-02-22 12:40:00,47.859,47.932,47.65,47.741,567454
856,2022-02-22 12:35:00,47.663,48.021,47.61,47.829,773558
857,2022-02-22 12:30:00,47.889,48.04,47.581,47.618,848395
858,2022-02-22 12:25:00,47.811,48.119,47.718,47.853,471344
859,2022-02-22 12:20:00,47.791,48.07,47.708,47.795,550528
860,2022-02-22 12:15:00,48.007,48.031,47.708,47.75,471714
861,2022-02-22 12:10:00,48.321,48.335,47.895,47.971,623122
862,2022-02-22 12:05:00,48.272,48.473,48.12,48.275,587908
863,2022-02-22 12:00:00,48.056,48.443,47.973,48.236,782673
864,2022-02-22 11:55:00,47.879,48.119,47.63,48.03,1389789
865,2022-02-22 11:50:00,48.38,48.645,47.758,47.834,1828891
866,2022-02-22 11:45:00,48.279,48.542,48.15,48.354,725476
867,2022-02-22 11:40:00,48.282,48.472,48.15,48.236,700831
868,2022-02-22 11:35:00,48.457,48.532,48.072,48.246,1188441
869,2022-02-22 11:30:00,48.311,48.561,48.15,48.423,875551
870,2022-02-22 11:25:00,48.37,48.776,48.15,48.266,1795523
871,2022-02-22 11:20:00,48.39,48.404,48.111,48.334,1189906
872,2022-02-22 11:15:00,48.586,48.697,48.219,48.344,1542120
873,2022-02-22 11:10:00,48.635,48.826,48.464,48.541,1107037
874,2022-02-22 11:05:00,48.812,49.003,48.543,48.599,1611322
875,2022-02-22 11:00:00,48.842,49.043,48.651,48.791,1655454
876,2022-02-22 10:55:00,49.077,49.188,48.709,48.796,1981497
877,2022-02-22 10:50:00,49.49,49.524,48.935,49.071,2210842
878,2022-02-22 10:45:00,49.509,49.627,49.22,49.458,1194605
879,2022-02-22 10:40:00,49.613,49.77,49.232,49.473,1572523
880,2022-02-22 10:35:00,49.952,50.016,49.544,49.571,1513976
881,2022-02-22 10:30:00,50.561,50.605,49.759,49.926,1481581
882,2022-02-22 10:25:00,49.903,50.595,49.848,50.514,1471843
883,2022-02-22 10:20:00,49.981,50.363,49.818,49.857,1472214
884,2022-02-22 10:15:00,49.893,50.084,49.71,49.964,1338229
885,2022-02-22 10:10:00,49.549,49.947,49.22,49.866,1411835
886,2022-02-22 10:05:00,49.598,49.714,49.11,49.503,1747860
887,2022-02-22 10:00:00,49.657,49.75,49.318,49.561,1895805
888,2022-02-22 09:55:00,50.259,50.274,49.592,49.625,1566873
889,2022-02-22 09:50:00,49.893,50.468,49.632,50.219,2615825
890,2022-02-22 09:45:00,49.225,49.947,49.082,49.858,2498455
891,2022-02-22 09:40:00,48.439,49.318,48.209,49.188,3181787
892,2022-02-22 09:35:00,48.262,48.669,47.924,48.403,2339935
893,2022-02-22 09:30:00,48.164,48.748,47.993,48.226,2749741
894,2022-02-22 09:25:00,48.488,48.502,48.071,48.118,206883
895,2022-02-22 09:20:00,48.635,48.65,48.425,48.452,55811
896,2022-02-22 09:15:00,48.665,48.699,48.533,48.58,43124
897,2022-02-22 09:10:00,48.645,48.768,48.572,48.609,42960
898,2022-02-22 09:05:00,48.695,48.728,48.552,48.619,40674
899,2022-02-22 09:00:00,48.763,48.896,48.621,48.663,77012
900,2022-02-22 08:55:00,48.773,48.856,48.68,48.776,43692
901,2022-02-22 08:50:00,48.832,48.905,48.709,48.727,41243
902,2022-02-22 08:45:00,48.881,48.915,48.69,48.786,50081
903,2022-02-22 08:40:00,48.655,48.935,48.601,48.855,139327
904,2022-02-22 08:35:00,48.586,48.679,48.493,48.609,86520
905,2022-02-22 08:30:00,48.331,48.64,48.268,48.55,92050
906,2022-02-22 08:25:00,48.409,48.492,48.258,48.275,49728
907,2022-02-22 08:20:00,48.468,48.512,48.229,48.364,62416
908,2022-02-22 08:15:00,48.517,48.581,48.356,48.443,64444
909,2022-02-22 08:10:00,48.773,48.787,48.454,48.491,65313
910,2022-02-22 08:05:00,48.655,48.846,48.543,48.737,71853
911,2022-02-22 08:00:00,48.331,48.984,45.717,48.639,440829
912,2022-02-22 07:55:00,48.871,48.886,48.69,48.737,14597
913,2022-02-22 07:50:00,48.725,48.886,48.671,48.825,45271
914,2022-02-22 07:45:00,48.773,48.944,48.66,48.698,69670
915,2022-02-22 07:40:00,48.606,48.777,48.493,48.688,41533
916,2022-02-22 07:35:00,48.763,48.777,48.307,48.58,63789
917,2022-02-22 07:30:00,48.714,48.817,48.572,48.747,75168
918,2022-02-22 07:25:00,48.783,48.807,48.66,48.727,33186
919,2022-02-22 07:20:00,48.92,49.003,48.739,48.756,58219
920,2022-02-22 07:15:00,48.675,48.944,48.621,48.845,108365
921,2022-02-22 07:10:00,48.301,48.679,48.219,48.629,171515
922,2022-02-22 07:05:00,48.183,48.365,48.13,48.285,84386
923,2022-02-22 07:00:00,48.498,48.512,48.052,48.168,178895
924,2022-02-22 06:55:00,48.527,48.61,48.435,48.462,13993
925,2022-02-22 06:50:00,48.301,48.689,48.248,48.482,22315
926,2022-02-22 06:45:00,48.262,48.335,48.209,48.236,20303
927,2022-02-22 06:40:00,48.105,48.296,47.983,48.246,34456
928,2022-02-22 06:35:00,48.321,48.365,48.022,48.079,30446
929,2022-02-22 06:30:00,48.557,48.571,48.189,48.236,29774
930,2022-02-22 06:25:00,48.508,48.581,48.376,48.442,30958
931,2022-02-22 06:20:00,48.586,48.699,48.454,48.482,37327
932,2022-02-22 06:15:00,48.517,48.64,48.425,48.56,47913
933,2022-02-22 06:10:00,48.498,48.718,48.376,48.501,332222
934,2022-02-22 06:05:00,48.724,48.738,48.386,48.442,40209
935,2022-02-22 06:00:00,48.616,48.738,48.493,48.688,43199
936,2022-02-22 05:55:00,48.871,48.905,48.572,48.59,20576
937,2022-02-22 05:50:00,48.773,49.092,48.7,48.864,27512
938,2022-02-22 05:45:00,48.724,48.846,48.552,48.698,25612
939,2022-02-22 05:40:00,48.665,49.102,48.601,48.649,73495
940,2022-02-22 05:35:00,47.869,48.66,47.807,48.599,54077
941,2022-02-22 05:30:00,47.879,47.962,47.748,47.853,41442
942,2022-02-22 05:25:00,47.761,47.942,47.669,47.853,70517
943,2022-02-22 05:20:00,47.457,47.854,47.345,47.736,65094
944,2022-02-22 05:15:00,47.25,47.471,47.149,47.392,33137
945,2022-02-22 05:10:00,46.818,47.303,46.747,47.235,38115
946,2022-02-22 05:05:00,46.808,46.891,46.737,46.803,14106
947,2022-02-22 05:00:00,46.563,46.871,46.462,46.764,27392
948,2022-02-22 04:55:00,46.73,46.763,46.443,46.509,29085
949,2022-02-22 04:50:00,46.553,46.793,46.482,46.695,21270
950,2022-02-22 04:45:00,46.651,46.665,46.472,46.518,22199
951,2022-02-22 04:40:00,46.759,46.783,46.57,46.597,28115
952,2022-02-22 04:35:00,46.857,46.93,46.688,46.764,20008
953,2022-02-22 04:30:00,46.749,46.999,46.678,46.783,80011
954,2022-02-22 04:25:00,46.484,46.773,46.423,46.725,37851
955,2022-02-22 04:20:00,46.661,46.724,46.403,46.43,46694
956,2022-02-22 04:15:00,46.464,46.665,46.266,46.607,46111
957,2022-02-22 04:10:00,46.582,46.616,46.266,46.381,81196
958,2022-02-22 04:05:00,46.386,46.576,46.227,46.528,143250
959,2022-02-22 04:00:00,47.574,47.588,46.266,46.381,228149
960,2022-02-18 19:55:00,48.655,48.689,48.572,48.609,28910
961,2022-02-18 19:50:00,48.606,48.669,48.542,48.619,11593
962,2022-02-18 19:45:00,48.625,48.679,48.523,48.57,36531
963,2022-02-18 19:40:00,48.665,49.131,48.543,48.599,41586
964,2022-02-18 19:35:00,48.684,48.699,48.572,48.619,15793
965,2022-02-18 19:30:00,48.675,48.699,48.601,48.629,6929
966,2022-02-18 19:25:00,48.655,48.689,48.592,48.639,11523
967,2022-02-18 19:20:00,48.665,48.689,48.572,48.619,7546
968,2022-02-18 19:15:00,48.635,48.689,48.582,48.639,4761
969,2022-02-18 19:10:00,48.665,48.689,48.582,48.599,5318
970,2022-02-18 19:05:00,48.655,48.699,48.601,48.629,9417
971,2022-02-18 19:00:00,48.665,48.709,48.572,48.619,21704
972,2022-02-18 18:55:00,48.714,48.728,48.543,48.59,27839
973,2022-02-18 18:50:00,48.704,48.797,48.621,48.639,6038
974,2022-02-18 18:45:00,48.734,48.748,48.582,48.599,8270
975,2022-02-18 18:40:00,48.704,48.738,48.631,48.658,8577
976,2022-02-18 18:35:00,48.714,48.787,48.621,48.668,7915
977,2022-02-18 18:30:00,48.743,48.758,48.592,48.639,9802
978,2022-02-18 18:25:00,48.802,48.827,48.67,48.717,8472
979,2022-02-18 18:20:00,48.792,48.836,48.739,48.766,14597
980,2022-02-18 18:15:00,48.822,48.836,48.729,48.786,20143
981,2022-02-18 18:10:00,48.861,48.886,48.69,48.786,21697
982,2022-02-18 18:05:00,49.018,49.033,48.817,48.953,13958
983,2022-02-18 18:00:00,48.881,49.003,48.827,48.884,1732
984,2022-02-18 17:55:00,48.959,49.013,48.837,48.943,12670
985,2022-02-18 17:50:00,49.048,49.062,48.906,48.923,2249
986,2022-02-18 17:45:00,48.979,49.082,48.925,49.031,18861
987,2022-02-18 17:40:00,49.117,49.131,48.915,48.953,119843
988,2022-02-18 17:35:00,49.166,49.19,49.023,49.08,17528
989,2022-02-18 17:30:00,49.146,49.18,49.063,49.129,10222
990,2022-02-18 17:25:00,49.225,49.249,49.063,49.09,24176
991,2022-02-18 17:20:00,49.264,49.308,49.141,49.159,20218
992,2022-02-18 17:15:00,49.293,49.328,49.21,49.267,15231
993,2022-02-18 17:10:00,49.293,49.328,49.21,49.247,31943
994,2022-02-18 17:05:00,49.313,49.328,49.21,49.228,34471
995,2022-02-18 17:00:00,49.441,49.475,49.239,49.277,17579
996,2022-02-18 16:55:00,49.49,49.505,49.259,49.404,23857
997,2022-02-18 16:50:00,49.47,49.534,49.337,49.434,18861
998,2022-02-18 16:45:00,49.578,49.603,49.308,49.404,53224
999,2022-02-18 16:40:00,49.578,49.652,49.524,49.581,41922
1000,2022-02-18 16:35:00,49.647,49.681,49.485,49.522,21044
1001,2022-02-18 16:30:00,49.775,49.809,49.592,49.62,45176
1002,2022-02-18 16:25:00,49.716,49.799,49.661,49.718,9798
1003,2022-02-18 16:20:00,49.736,49.829,49.632,49.66,38462
1004,2022-02-18 16:15:00,49.696,49.78,49.592,49.709,65981
1005,2022-02-18 16:10:00,49.608,49.691,49.455,49.63,48224
1006,2022-02-18 16:05:00,49.785,49.819,49.553,49.581,123286
1007,2022-02-18 16:00:00,49.529,49.888,49.435,49.728,356052
1008,2022-02-18 15:55:00,49.46,49.661,49.229,49.493,3511364
1009,2022-02-18 15:50:00,49.824,49.907,49.288,49.424,3022134
1010,2022-02-18 15:45:00,49.824,50.074,49.465,49.797,2027881
1011,2022-02-18 15:40:00,49.293,49.898,49.2,49.787,1635058
1012,2022-02-18 15:35:00,49.235,49.475,49.043,49.262,1193178
1013,2022-02-18 15:30:00,49.613,49.632,48.994,49.203,2299461
1014,2022-02-18 15:25:00,49.716,49.898,49.524,49.586,1155995
1015,2022-02-18 15:20:00,49.745,49.927,49.524,49.684,1051417
1016,2022-02-18 15:15:00,50.287,50.428,49.637,49.701,1532965
1017,2022-02-18 15:10:00,50.453,50.684,50.113,50.258,1293467
1018,2022-02-18 15:05:00,50.629,50.831,50.201,50.399,1320613
1019,2022-02-18 15:00:00,50.61,51.037,50.477,50.583,1825730
1020,2022-02-18 14:55:00,50.561,50.713,50.319,50.572,1363447
1021,2022-02-18 14:50:00,50.02,50.585,49.878,50.533,1308916
1022,2022-02-18 14:45:00,50.168,50.319,49.936,49.983,1076653
1023,2022-02-18 14:40:00,50.364,50.409,50.093,50.121,1413831
1024,2022-02-18 14:35:00,50.59,50.654,50.231,50.317,1426799
1025,2022-02-18 14:30:00,50.369,50.929,50.284,50.553,2503373
1026,2022-02-18 14:25:00,50.109,50.458,49.936,50.337,2103481
1027,2022-02-18 14:20:00,49.765,50.143,49.632,50.067,1519078
1028,2022-02-18 14:15:00,49.352,49.824,49.229,49.718,1165106
1029,2022-02-18 14:10:00,49.328,49.446,49.22,49.316,926911
1030,2022-02-18 14:05:00,49.47,49.593,49.2,49.287,739750
1031,2022-02-18 14:00:00,49.323,49.632,49.264,49.434,727767
1032,2022-02-18 13:55:00,49.519,49.573,49.269,49.296,717342
1033,2022-02-18 13:50:00,49.323,49.583,49.229,49.483,834865
1034,2022-02-18 13:45:00,49.117,49.446,49.058,49.296,1343668
1035,2022-02-18 13:40:00,49.235,49.278,48.945,49.09,813673
1036,2022-02-18 13:35:00,48.807,49.279,48.669,49.188,1440327
1037,2022-02-18 13:30:00,48.724,48.895,48.601,48.766,517712
1038,2022-02-18 13:25:00,48.92,48.943,48.582,48.698,512589
1039,2022-02-18 13:20:00,48.538,48.974,48.435,48.879,810071
1040,2022-02-18 13:15:00,48.621,48.758,48.386,48.511,971004
1041,2022-02-18 13:10:00,48.851,48.871,48.513,48.59,780346
1042,2022-02-18 13:05:00,48.802,48.943,48.621,48.797,757708
1043,2022-02-18 13:00:00,48.842,48.984,48.67,48.766,882117
1044,2022-02-18 12:55:00,48.989,49.092,48.768,48.815,527319
1045,2022-02-18 12:50:00,48.96,49.151,48.749,48.953,909745
1046,2022-02-18 12:45:00,48.901,49.053,48.768,48.923,904934
1047,2022-02-18 12:40:00,48.969,49.22,48.827,48.865,879650
1048,2022-02-18 12:35:00,49.411,49.534,48.837,48.942,1348089
1049,2022-02-18 12:30:00,49.569,49.831,49.19,49.375,1100005
1050,2022-02-18 12:25:00,49.549,49.77,49.485,49.542,423582
1051,2022-02-18 12:20:00,49.844,49.957,49.494,49.515,572679
1052,2022-02-18 12:15:00,49.618,50.084,49.445,49.806,1032172
1053,2022-02-18 12:10:00,49.609,49.77,49.494,49.571,1019976
1054,2022-02-18 12:05:00,49.195,49.632,49.141,49.576,930884
1055,2022-02-18 12:00:00,49.185,49.328,49.063,49.164,636533
1056,2022-02-18 11:55:00,49.431,49.534,48.994,49.15,1503208
1057,2022-02-18 11:50:00,49.637,49.711,49.318,49.394,867697
1058,2022-02-18 11:45:00,49.804,50.025,49.534,49.581,545890
1059,2022-02-18 11:40:00,49.991,50.143,49.72,49.777,694825
1060,2022-02-18 11:35:00,49.755,50.163,49.602,49.964,776318
1061,2022-02-18 11:30:00,49.814,50.025,49.592,49.718,784866
1062,2022-02-18 11:25:00,49.853,50.065,49.715,49.777,754711
1063,2022-02-18 11:20:00,49.785,50.055,49.71,49.807,1005452
1064,2022-02-18 11:15:00,49.549,49.819,49.326,49.758,1098936
1065,2022-02-18 11:10:00,49.372,49.598,49.141,49.511,1266273
1066,2022-02-18 11:05:00,49.313,49.658,49.2,49.336,1160166
1067,2022-02-18 11:00:00,49.991,50.006,49.2,49.277,1992005
1068,2022-02-18 10:55:00,50.04,50.163,49.808,49.945,821773
1069,2022-02-18 10:50:00,49.981,50.173,49.789,50.018,859284
1070,2022-02-18 10:45:00,50.197,50.291,49.759,49.954,910105
1071,2022-02-18 10:40:00,50.05,50.242,49.779,50.17,1300379
1072,2022-02-18 10:35:00,50.168,50.242,49.906,50.003,937599
1073,2022-02-18 10:30:00,50.502,50.517,49.98,50.131,1684439
1074,2022-02-18 10:25:00,50.561,50.723,50.328,50.464,1044614
1075,2022-02-18 10:20:00,50.855,50.977,50.397,50.533,1211941
1076,2022-02-18 10:15:00,51.004,51.391,50.593,50.82,1457640
1077,2022-02-18 10:10:00,51.022,51.214,50.642,50.975,1193824
1078,2022-02-18 10:05:00,51.16,51.332,50.819,50.955,1163761
1079,2022-02-18 10:00:00,51.464,51.588,50.956,51.112,1451234
1080,2022-02-18 09:55:00,51.697,51.872,51.31,51.426,1498453
1081,2022-02-18 09:50:00,50.973,51.745,50.917,51.658,2381561
1082,2022-02-18 09:45:00,50.59,51.047,50.407,50.926,1645889
1083,2022-02-18 09:40:00,50.885,50.949,50.348,50.534,1920783
1084,2022-02-18 09:35:00,51.081,51.273,50.701,50.847,2165932
1085,2022-02-18 09:30:00,51.681,51.843,51.015,51.044,2620421
1086,2022-02-18 09:25:00,51.327,51.735,51.27,51.642,182990
1087,2022-02-18 09:20:00,51.278,51.342,51.133,51.289,60064
1088,2022-02-18 09:15:00,51.288,51.421,51.202,51.25,49509
1089,2022-02-18 09:10:00,51.405,51.488,51.202,51.269,95963
1090,2022-02-18 09:05:00,51.671,51.696,51.369,51.387,90724
1091,2022-02-18 09:00:00,51.425,51.755,51.319,51.633,186721
1092,2022-02-18 08:55:00,51.376,51.489,51.3,51.387,115400
1093,2022-02-18 08:50:00,51.229,51.489,51.143,51.338,88878
1094,2022-02-18 08:45:00,51.229,51.254,51.045,51.201,68689
1095,2022-02-18 08:40:00,51.307,51.342,51.172,51.211,88114
1096,2022-02-18 08:35:00,51.111,51.362,51.015,51.279,135309
1097,2022-02-18 08:30:00,51.229,51.283,50.8,51.044,187540
1098,2022-02-18 08:25:00,51.415,51.47,51.055,51.211,142332
1099,2022-02-18 08:20:00,51.759,51.774,51.319,51.358,154523
1100,2022-02-18 08:15:00,51.72,51.824,51.565,51.731,112977
1101,2022-02-18 08:10:00,52.005,52.089,51.643,51.721,217269
1102,2022-02-18 08:05:00,52.309,52.452,51.967,51.996,99193
1103,2022-02-18 08:00:00,52.192,52.728,51.967,52.261,215042
1104,2022-02-18 07:55:00,52.182,52.344,52.124,52.29,31261
1105,2022-02-18 07:50:00,52.299,52.325,52.144,52.163,21996
1106,2022-02-18 07:45:00,52.309,52.354,52.212,52.261,12740
1107,2022-02-18 07:40:00,52.25,52.335,52.193,52.271,12473
1108,2022-02-18 07:35:00,52.24,52.325,52.183,52.222,51750
1109,2022-02-18 07:30:00,52.182,52.256,52.104,52.202,18373
1110,2022-02-18 07:25:00,52.26,52.295,52.124,52.143,14802
1111,2022-02-18 07:20:00,52.211,52.276,52.095,52.212,23315
1112,2022-02-18 07:15:00,52.221,52.236,52.114,52.153,6466
1113,2022-02-18 07:10:00,52.26,52.285,52.154,52.202,13119
1114,2022-02-18 07:05:00,52.172,52.285,52.095,52.231,26732
1115,2022-02-18 07:00:00,52.132,52.177,51.987,52.114,102352
1116,2022-02-18 06:55:00,52.054,52.138,51.928,52.084,8077
1117,2022-02-18 06:50:00,51.995,52.118,51.908,52.015,16628
1118,2022-02-18 06:45:00,52.152,52.197,51.938,51.957,28178
1119,2022-02-18 06:40:00,52.309,52.325,52.085,52.123,47926
1120,2022-02-18 06:35:00,52.319,52.344,52.173,52.261,9484
1121,2022-02-18 06:30:00,52.349,52.403,52.252,52.271,14703
1122,2022-02-18 06:25:00,52.368,52.393,52.281,52.3,1245
1123,2022-02-18 06:20:00,52.378,52.433,52.301,52.32,3451
1124,2022-02-18 06:15:00,52.388,52.433,52.311,52.359,4504
1125,2022-02-18 06:10:00,52.358,52.374,52.183,52.251,5307
1126,2022-02-18 06:05:00,52.29,52.374,52.232,52.32,5861
1127,2022-02-18 06:00:00,52.319,52.335,52.203,52.251,7585
1128,2022-02-18 05:55:00,52.368,52.413,52.252,52.271,2818
1129,2022-02-18 05:50:00,52.368,52.384,52.252,52.271,12589
1130,2022-02-18 05:45:00,52.407,52.433,52.301,52.349,6460
1131,2022-02-18 05:40:00,52.447,52.462,52.32,52.369,10783
1132,2022-02-18 05:35:00,52.358,52.482,52.261,52.428,6832
1133,2022-02-18 05:30:00,52.368,52.384,52.291,52.32,1942
1134,2022-02-18 05:25:00,52.319,52.403,52.261,52.31,3068
1135,2022-02-18 05:20:00,52.319,52.364,52.261,52.3,1804
1136,2022-02-18 05:15:00,52.28,52.374,52.222,52.271,23317
1137,2022-02-18 05:10:00,52.25,52.295,52.104,52.231,12044
1138,2022-02-18 05:05:00,52.339,52.354,52.154,52.202,11137
1139,2022-02-18 05:00:00,52.388,52.443,52.291,52.32,8806
1140,2022-02-18 04:55:00,52.221,52.403,52.154,52.339,22409
1141,2022-02-18 04:50:00,52.152,52.226,52.065,52.172,34717
1142,2022-02-18 04:45:00,52.162,52.197,51.997,52.084,14083
1143,2022-02-18 04:40:00,52.142,52.207,52.075,52.133,5503
1144,2022-02-18 04:35:00,52.211,52.246,52.055,52.074,12889
1145,2022-02-18 04:30:00,52.113,52.217,52.055,52.143,7933
1146,2022-02-18 04:25:00,52.064,52.217,52.006,52.094,18006
1147,2022-02-18 04:20:00,52.044,52.079,51.938,52.025,10030
1148,2022-02-18 04:15:00,52.005,52.079,51.879,52.025,15769
1149,2022-02-18 04:10:00,52.191,52.207,51.84,51.917,75831
1150,2022-02-18 04:05:00,52.24,52.354,52.144,52.163,28001
1151,2022-02-18 04:00:00,52.083,52.276,51.761,52.202,142425
1152,2022-02-17 19:55:00,51.13,51.263,51.045,51.132,62688
1153,2022-02-17 19:50:00,50.963,51.146,50.829,51.093,43674
1154,2022-02-17 19:45:00,51.081,51.146,50.878,50.936,49729
1155,2022-02-17 19:40:00,51.101,51.146,51.025,51.063,10920
1156,2022-02-17 19:35:00,51.14,51.155,51.015,51.073,49975
1157,2022-02-17 19:30:00,51.18,51.234,51.064,51.112,30815
1158,2022-02-17 19:25:00,51.14,51.214,51.064,51.152,14507
1159,2022-02-17 19:20:00,51.248,51.263,51.064,51.122,11437
1160,2022-02-17 19:15:00,51.376,51.391,51.123,51.23,23931
1161,2022-02-17 19:10:00,51.376,51.44,51.261,51.338,13212
1162,2022-02-17 19:05:00,51.396,51.421,51.319,51.338,10801
1163,2022-02-17 19:00:00,51.327,51.47,51.27,51.358,9286
1164,2022-02-17 18:55:00,51.347,51.421,51.261,51.309,11866
1165,2022-02-17 18:50:00,51.386,51.44,51.27,51.289,14739
1166,2022-02-17 18:45:00,51.337,51.421,51.27,51.358,12776
1167,2022-02-17 18:40:00,51.366,51.421,51.261,51.318,4582
1168,2022-02-17 18:35:00,51.435,51.45,51.29,51.318,9336
1169,2022-02-17 18:30:00,51.356,51.45,51.3,51.397,74743
1170,2022-02-17 18:25:00,51.317,51.381,51.251,51.299,21174
1171,2022-02-17 18:20:00,51.248,51.381,51.172,51.299,38941
1172,2022-02-17 18:15:00,51.111,51.274,51.016,51.211,34940
1173,2022-02-17 18:10:00,51.032,51.146,50.976,51.093,17702
1174,2022-02-17 18:05:00,51.003,51.047,50.917,50.985,15244
1175,2022-02-17 18:00:00,51.15,51.185,50.947,50.965,97375
1176,2022-02-17 17:55:00,51.16,51.185,51.084,51.112,3708
1177,2022-02-17 17:50:00,51.15,51.175,51.074,51.112,18979
1178,2022-02-17 17:45:00,51.15,51.185,51.074,51.112,12491
1179,2022-02-17 17:40:00,51.15,51.195,51.084,51.103,4308
1180,2022-02-17 17:35:00,51.16,51.195,51.094,51.112,1431
1181,2022-02-17 17:30:00,51.17,51.195,51.104,51.142,2870
1182,2022-02-17 17:25:00,51.16,51.195,51.104,51.132,7217
1183,2022-02-17 17:20:00,51.18,51.195,51.084,51.122,5442
1184,2022-02-17 17:15:00,51.13,51.195,51.064,51.142,7960
1185,2022-02-17 17:10:00,51.121,51.165,51.035,51.112,20641
1186,2022-02-17 17:05:00,51.179,51.195,51.064,51.103,12407
1187,2022-02-17 17:00:00,51.17,51.195,51.094,51.142,10289
1188,2022-02-17 16:55:00,51.219,51.263,51.074,51.122,34052
1189,2022-02-17 16:50:00,51.229,51.254,51.143,51.161,21475
1190,2022-02-17 16:45:00,51.219,51.322,51.123,51.181,24025
1191,2022-02-17 16:40:00,51.239,51.313,51.123,51.181,47422
1192,2022-02-17 16:35:00,51.239,51.303,51.153,51.191,53263
1193,2022-02-17 16:30:00,51.13,51.273,51.064,51.22,45830
1194,2022-02-17 16:25:00,51.14,51.175,51.025,51.083,30037
1195,2022-02-17 16:20:00,51.062,51.165,50.937,51.103,65229
1196,2022-02-17 16:15:00,51.229,51.263,50.937,51.024,110922
1197,2022-02-17 16:10:00,51.101,51.263,50.858,51.191,189150
1198,2022-02-17 16:05:00,51.347,51.362,50.947,51.034,312755
1199,2022-02-17 16:00:00,51.268,51.372,51.104,51.299,344778
1200,2022-02-17 15:55:00,51.199,51.48,51.094,51.211,3064612
1201,2022-02-17 15:50:00,51.671,51.725,50.996,51.166,3208681
1202,2022-02-17 15:45:00,51.769,51.941,51.545,51.613,1132556
1203,2022-02-17 15:40:00,51.769,51.794,51.527,51.731,901656
1204,2022-02-17 15:35:00,51.401,51.863,51.341,51.736,1011558
1205,2022-02-17 15:30:00,51.622,51.863,51.251,51.367,1213332
1206,2022-02-17 15:25:00,51.71,51.843,51.476,51.575,759568
1207,2022-02-17 15:20:00,51.725,51.853,51.584,51.671,1239415
1208,2022-02-17 15:15:00,51.622,51.755,51.429,51.682,984283
1209,2022-02-17 15:10:00,51.71,51.832,51.506,51.584,1148236
1210,2022-02-17 15:05:00,51.916,51.961,51.643,51.662,1021087
1211,2022-02-17 15:00:00,52.083,52.182,51.8,51.868,1119184
1212,2022-02-17 14:55:00,52.182,52.3,52.006,52.035,730482
1213,2022-02-17 14:50:00,52.358,52.374,52.036,52.148,565683
1214,2022-02-17 14:45:00,52.211,52.433,52.055,52.32,861344
1215,2022-02-17 14:40:00,52.27,52.393,52.134,52.172,541537
1216,2022-02-17 14:35:00,52.368,52.443,52.163,52.231,888144
1217,2022-02-17 14:30:00,52.486,52.59,52.237,52.32,642577
1218,2022-02-17 14:25:00,52.427,52.541,52.332,52.447,467986
1219,2022-02-17 14:20:00,52.683,52.737,52.369,52.398,676956
1220,2022-02-17 14:15:00,52.73,52.777,52.566,52.644,438720
1221,2022-02-17 14:10:00,52.555,52.757,52.46,52.683,444677
1222,2022-02-17 14:05:00,52.692,52.728,52.428,52.524,1083277
1223,2022-02-17 14:00:00,52.84,52.855,52.595,52.653,470753
1224,2022-02-17 13:55:00,52.85,52.944,52.723,52.811,378173
1225,2022-02-17 13:50:00,52.701,52.914,52.575,52.811,503240
1226,2022-02-17 13:45:00,52.81,52.836,52.595,52.663,545714
1227,2022-02-17 13:40:00,52.815,52.855,52.654,52.781,388833
1228,2022-02-17 13:35:00,52.953,53.052,52.718,52.781,387677
1229,2022-02-17 13:30:00,52.859,53.081,52.751,52.914,467650
1230,2022-02-17 13:25:00,52.773,52.895,52.615,52.82,486056
1231,2022-02-17 13:20:00,52.908,53.003,52.649,52.742,632686
1232,2022-02-17 13:15:00,52.908,53.052,52.782,52.86,555920
1233,2022-02-17 13:10:00,53.154,53.17,52.791,52.872,934963
1234,2022-02-17 13:05:00,53.134,53.297,53.007,53.11,448562
1235,2022-02-17 13:00:00,53.37,53.425,53.037,53.085,451468
1236,2022-02-17 12:55:00,53.37,53.465,53.214,53.331,366852
1237,2022-02-17 12:50:00,53.282,53.445,53.164,53.331,377978
1238,2022-02-17 12:45:00,53.439,53.514,53.135,53.252,491591
1239,2022-02-17 12:40:00,53.36,53.469,53.174,53.39,399631
1240,2022-02-17 12:35:00,53.429,53.509,53.253,53.331,238388
1241,2022-02-17 12:30:00,53.301,53.602,53.194,53.38,529240
1242,2022-02-17 12:25:00,53.331,53.445,53.243,53.272,404144
1243,2022-02-17 12:20:00,53.125,53.425,53.061,53.301,456376
1244,2022-02-17 12:15:00,53.155,53.229,53.017,53.085,354947
1245,2022-02-17 12:10:00,53.202,53.219,52.909,53.124,919781
1246,2022-02-17 12:05:00,53.527,53.612,52.988,53.154,1060671
1247,2022-02-17 12:00:00,53.492,53.612,53.342,53.479,498505
1248,2022-02-17 11:55:00,53.763,53.857,53.38,53.449,639886
1249,2022-02-17 11:50:00,53.989,54.005,53.674,53.719,594745
1250,2022-02-17 11:45:00,53.665,54.054,53.552,53.949,605136
1251,2022-02-17 11:40:00,53.665,53.768,53.509,53.625,355886
1252,2022-02-17 11:35:00,53.763,53.867,53.513,53.615,546371
1253,2022-02-17 11:30:00,53.93,53.976,53.646,53.714,528473
1254,2022-02-17 11:25:00,53.783,54.084,53.724,53.89,562172
1255,2022-02-17 11:20:00,53.881,53.976,53.714,53.748,488417
1256,2022-02-17 11:15:00,53.763,54.025,53.596,53.831,836344
1257,2022-02-17 11:10:00,53.459,53.877,53.4,53.728,868263
1258,2022-02-17 11:05:00,53.409,53.646,53.351,53.434,682148
1259,2022-02-17 11:00:00,53.513,53.661,53.321,53.365,701061
1260,2022-02-17 10:55:00,53.341,53.538,53.262,53.478,615274
1261,2022-02-17 10:50:00,53.321,53.396,53.007,53.311,784125
1262,2022-02-17 10:45:00,53.487,53.695,53.066,53.292,1581872
1263,2022-02-17 10:40:00,53.518,53.543,53.311,53.458,576893
1264,2022-02-17 10:35:00,53.4,53.602,53.262,53.488,684596
1265,2022-02-17 10:30:00,53.292,53.553,53.154,53.36,1050069
1266,2022-02-17 10:25:00,53.488,53.513,53.194,53.262,1037059
1267,2022-02-17 10:20:00,53.606,53.641,53.272,53.451,1532723
1268,2022-02-17 10:15:00,54.077,54.192,53.529,53.565,1201700
1269,2022-02-17 10:10:00,54.097,54.157,53.89,54.042,802040
1270,2022-02-17 10:05:00,54.146,54.271,53.979,54.057,979348
1271,2022-02-17 10:00:00,53.999,54.319,53.709,54.106,1375227
1272,2022-02-17 09:55:00,53.802,54.093,53.694,53.959,1571887
1273,2022-02-17 09:50:00,54.303,54.339,53.616,53.763,2327072
1274,2022-02-17 09:45:00,54.829,54.88,54.042,54.263,2281600
1275,2022-02-17 09:40:00,54.981,55.066,54.643,54.793,1722605
1276,2022-02-17 09:35:00,54.775,55.076,54.567,54.946,1830785
1277,2022-02-17 09:30:00,54.657,54.938,54.41,54.734,1971566
1278,2022-02-17 09:25:00,54.873,54.899,54.607,54.636,108521
1279,2022-02-17 09:20:00,54.844,54.988,54.715,54.842,68874
1280,2022-02-17 09:15:00,54.962,55.027,54.773,54.813,59323
1281,2022-02-17 09:10:00,54.903,55.145,54.823,54.901,274200
1282,2022-02-17 09:05:00,54.912,54.978,54.705,54.862,78620
1283,2022-02-17 09:00:00,54.618,54.988,54.538,54.823,232813
1284,2022-02-17 08:55:00,54.637,54.762,54.44,54.597,149786
1285,2022-02-17 08:50:00,54.637,54.781,54.558,54.597,136425
1286,2022-02-17 08:45:00,54.765,54.781,54.538,54.577,191851
1287,2022-02-17 08:40:00,55.217,55.263,54.646,54.774,173711
1288,2022-02-17 08:35:00,55.335,55.39,55.156,55.176,53996
1289,2022-02-17 08:30:00,55.207,55.43,55.146,55.323,45414
1290,2022-02-17 08:25:00,55.296,55.361,55.137,55.245,40372
1291,2022-02-17 08:20:00,55.246,55.312,55.117,55.245,86300
1292,2022-02-17 08:15:00,55.246,55.282,55.048,55.225,90700
1293,2022-02-17 08:10:00,55.413,55.44,55.068,55.206,159019
1294,2022-02-17 08:05:00,55.61,55.626,55.225,55.363,117246
1295,2022-02-17 08:00:00,55.472,55.882,55.009,55.588,166204
1296,2022-02-17 07:55:00,55.669,55.695,55.549,55.608,12689
1297,2022-02-17 07:50:00,55.679,55.705,55.568,55.608,17412
1298,2022-02-17 07:45:00,55.649,55.764,55.578,55.618,19054
1299,2022-02-17 07:40:00,55.502,55.715,55.421,55.618,19607
1300,2022-02-17 07:35:00,55.502,55.567,55.392,55.461,11303
1301,2022-02-17 07:30:00,55.502,55.538,55.382,55.441,12336
1302,2022-02-17 07:25:00,55.404,55.518,55.313,55.441,8382
1303,2022-02-17 07:20:00,55.394,55.44,55.303,55.382,5104
1304,2022-02-17 07:15:00,55.364,55.42,55.294,55.333,10915
1305,2022-02-17 07:10:00,55.502,55.518,55.294,55.323,26776
1306,2022-02-17 07:05:00,55.463,55.587,55.362,55.422,60003
1307,2022-02-17 07:00:00,55.217,55.548,55.107,55.402,79973
1308,2022-02-17 06:55:00,55.089,55.302,55.029,55.166,19814
1309,2022-02-17 06:50:00,55.129,55.174,55.029,55.049,4519
1310,2022-02-17 06:45:00,55.187,55.214,55.078,55.107,3543
1311,2022-02-17 06:40:00,55.109,55.223,55.038,55.147,13183
1312,2022-02-17 06:35:00,54.952,55.125,54.891,55.068,8453
1313,2022-02-17 06:30:00,55.099,55.115,54.901,54.921,10033
1314,2022-02-17 06:25:00,55.079,55.115,54.989,55.029,9478
1315,2022-02-17 06:20:00,55.089,55.145,54.999,55.019,5814
1316,2022-02-17 06:15:00,55.109,55.145,54.999,55.058,4482
1317,2022-02-17 06:10:00,55.099,55.174,55.019,55.068,2919
1318,2022-02-17 06:05:00,55.119,55.135,54.98,55.058,13099
1319,2022-02-17 06:00:00,55.227,55.263,54.999,55.127,27627
1320,2022-02-17 05:55:00,55.345,55.361,55.166,55.186,8874
1321,2022-02-17 05:50:00,55.227,55.41,55.166,55.314,26595
1322,2022-02-17 05:45:00,55.266,55.282,55.087,55.166,18038
1323,2022-02-17 05:40:00,55.217,55.292,55.107,55.235,9176
1324,2022-02-17 05:35:00,55.207,55.223,55.087,55.147,10641
1325,2022-02-17 05:30:00,55.207,55.263,55.127,55.166,5621
1326,2022-02-17 05:25:00,55.168,55.233,55.107,55.137,5093
1327,2022-02-17 05:20:00,55.197,55.243,55.087,55.107,6113
1328,2022-02-17 05:15:00,55.256,55.322,55.097,55.127,14375
1329,2022-02-17 05:10:00,55.129,55.302,55.068,55.225,9208
1330,2022-02-17 05:05:00,55.187,55.223,54.989,55.088,17988
1331,2022-02-17 05:00:00,55.06,55.243,54.98,55.137,12999
1332,2022-02-17 04:55:00,55.04,55.164,54.95,55.049,11061
1333,2022-02-17 04:50:00,54.922,55.076,54.783,55.019,16450
1334,2022-02-17 04:45:00,55.06,55.076,54.813,54.852,23860
1335,2022-02-17 04:40:00,55.148,55.204,54.93,55.049,15995
1336,2022-02-17 04:35:00,55.266,55.282,55.029,55.098,12348
1337,2022-02-17 04:30:00,55.246,55.273,55.127,55.166,12319
1338,2022-02-17 04:25:00,55.158,55.273,55.087,55.196,12354
1339,2022-02-17 04:20:00,55.138,55.184,54.989,55.127,13095
1340,2022-02-17 04:15:00,55.148,55.204,55.019,55.078,11294
1341,2022-02-17 04:10:00,55.168,55.223,54.989,55.058,16398
1342,2022-02-17 04:05:00,55.04,55.322,54.97,55.088,86415
1343,2022-02-17 04:00:00,55.305,55.41,54.98,55.0,67432
1344,2022-02-16 19:55:00,55.865,55.96,55.794,55.873,16010
1345,2022-02-16 19:50:00,55.934,55.951,55.794,55.824,29722
1346,2022-02-16 19:45:00,55.895,56.029,55.784,55.883,27490
1347,2022-02-16 19:40:00,55.954,55.99,55.824,55.873,5890
1348,2022-02-16 19:35:00,55.944,56.019,55.882,55.912,17238
1349,2022-02-16 19:30:00,55.875,55.97,55.814,55.893,10572
1350,2022-02-16 19:25:00,55.836,55.901,55.774,55.814,6870
1351,2022-02-16 19:20:00,55.846,55.892,55.765,55.795,13161
1352,2022-02-16 19:15:00,55.856,55.901,55.755,55.804,16951
1353,2022-02-16 19:10:00,55.846,55.931,55.755,55.824,5815
1354,2022-02-16 19:05:00,55.836,55.931,55.755,55.804,36768
1355,2022-02-16 19:00:00,55.934,55.97,55.784,55.804,13115
1356,2022-02-16 18:55:00,55.944,55.97,55.823,55.883,4157
1357,2022-02-16 18:50:00,55.955,56.01,55.823,55.912,17273
1358,2022-02-16 18:45:00,56.091,56.118,55.892,55.922,25325
1359,2022-02-16 18:40:00,56.445,56.471,56.029,56.05,32712
1360,2022-02-16 18:35:00,56.415,56.491,56.343,56.403,11846
1361,2022-02-16 18:30:00,56.425,56.471,56.343,56.393,20435
1362,2022-02-16 18:25:00,56.347,56.432,56.275,56.364,12760
1363,2022-02-16 18:20:00,56.317,56.353,56.226,56.295,6031
1364,2022-02-16 18:15:00,56.347,56.363,56.137,56.246,10266
1365,2022-02-16 18:10:00,56.347,56.373,56.255,56.315,10044
1366,2022-02-16 18:05:00,56.298,56.363,56.226,56.295,17835
1367,2022-02-16 18:00:00,56.17,56.353,56.108,56.276,27428
1368,2022-02-16 17:55:00,56.199,56.236,56.069,56.091,5533
1369,2022-02-16 17:50:00,56.189,56.245,56.079,56.128,11269
1370,2022-02-16 17:45:00,56.219,56.245,56.137,56.158,3269
1371,2022-02-16 17:40:00,56.248,56.275,56.157,56.177,5403
1372,2022-02-16 17:35:00,56.268,56.294,56.167,56.187,5292
1373,2022-02-16 17:30:00,56.248,56.294,56.186,56.227,2340
1374,2022-02-16 17:25:00,56.199,56.265,56.137,56.207,13480
1375,2022-02-16 17:20:00,56.239,56.265,56.147,56.197,10938
1376,2022-02-16 17:15:00,56.189,56.285,56.128,56.207,9174
1377,2022-02-16 17:10:00,56.189,56.245,56.098,56.119,7456
1378,2022-02-16 17:05:00,56.268,56.285,56.088,56.109,5270
1379,2022-02-16 17:00:00,56.17,56.344,56.079,56.148,10856
1380,2022-02-16 16:55:00,56.072,56.216,56.01,56.148,34305
1381,2022-02-16 16:50:00,56.042,56.078,55.951,56.011,18314
1382,2022-02-16 16:45:00,56.14,56.157,55.961,55.991,44696
1383,2022-02-16 16:40:00,56.219,56.255,56.079,56.128,36062
1384,2022-02-16 16:35:00,56.258,56.285,56.147,56.168,24027
1385,2022-02-16 16:30:00,56.18,56.403,56.108,56.207,60172
1386,2022-02-16 16:25:00,56.091,56.236,56.0,56.148,49432
1387,2022-02-16 16:20:00,56.268,56.727,55.774,56.06,255812
1388,2022-02-16 16:15:00,56.209,56.324,56.147,56.217,21793
1389,2022-02-16 16:10:00,56.189,56.314,56.088,56.177,54692
1390,2022-02-16 16:05:00,56.14,56.245,56.079,56.128,45482
1391,2022-02-16 16:00:00,56.258,56.363,56.01,56.099,212759
1392,2022-02-16 15:55:00,56.288,56.393,56.029,56.217,1520108
1393,2022-02-16 15:50:00,56.573,56.796,56.177,56.244,1400863
1394,2022-02-16 15:45:00,56.415,56.634,56.206,56.522,1038376
1395,2022-02-16 15:40:00,56.563,56.629,56.275,56.384,668976
1396,2022-02-16 15:35:00,56.327,56.599,56.157,56.531,708428
1397,2022-02-16 15:30:00,56.69,56.766,56.108,56.281,1260775
1398,2022-02-16 15:25:00,56.386,56.726,56.314,56.639,904665
1399,2022-02-16 15:20:00,56.514,56.53,56.186,56.354,709703
1400,2022-02-16 15:15:00,56.42,56.56,56.236,56.472,630756
1401,2022-02-16 15:10:00,56.563,56.618,56.245,56.369,889662
1402,2022-02-16 15:05:00,56.725,56.756,56.402,56.531,1029444
1403,2022-02-16 15:00:00,56.111,56.756,55.981,56.688,2424602
1404,2022-02-16 14:55:00,55.738,56.147,55.657,56.069,1682570
1405,2022-02-16 14:50:00,55.571,55.861,55.455,55.687,731896
1406,2022-02-16 14:45:00,55.765,55.941,55.411,55.53,1099963
1407,2022-02-16 14:40:00,55.905,55.96,55.568,55.717,1432907
1408,2022-02-16 14:35:00,56.032,56.108,55.686,55.863,2025661
1409,2022-02-16 14:30:00,55.797,56.363,55.735,55.991,3177482
1410,2022-02-16 14:25:00,55.777,55.921,55.539,55.753,2035702
1411,2022-02-16 14:20:00,55.001,55.803,54.823,55.733,2824321
1412,2022-02-16 14:15:00,54.701,55.145,54.641,54.966,1602404
1413,2022-02-16 14:10:00,54.922,55.066,54.528,54.656,1851039
1414,2022-02-16 14:05:00,54.637,55.263,54.43,54.882,2896498
1415,2022-02-16 14:00:00,54.264,55.184,53.812,54.602,4893657
1416,2022-02-16 13:55:00,54.323,54.359,53.981,54.223,563274
1417,2022-02-16 13:50:00,54.264,54.398,54.204,54.293,660744
1418,2022-02-16 13:45:00,54.186,54.339,54.087,54.223,393237
1419,2022-02-16 13:40:00,54.205,54.241,54.013,54.136,291465
1420,2022-02-16 13:35:00,54.195,54.29,54.087,54.175,262048
1421,2022-02-16 13:30:00,54.362,54.378,54.059,54.155,332775
1422,2022-02-16 13:25:00,54.352,54.378,54.185,54.321,259611
1423,2022-02-16 13:20:00,54.244,54.467,54.136,54.322,734633
1424,2022-02-16 13:15:00,54.225,54.305,54.106,54.195,258706
1425,2022-02-16 13:10:00,54.146,54.265,53.998,54.18,386303
1426,2022-02-16 13:05:00,53.989,54.2,53.871,54.108,530541
1427,2022-02-16 13:00:00,54.117,54.221,53.871,53.949,703464
1428,2022-02-16 12:55:00,54.23,54.26,54.028,54.087,416568
1429,2022-02-16 12:50:00,54.254,54.359,54.116,54.195,360336
1430,2022-02-16 12:45:00,54.186,54.319,54.067,54.214,488147
1431,2022-02-16 12:40:00,54.028,54.26,53.969,54.146,807305
1432,2022-02-16 12:35:00,53.871,54.064,53.763,53.989,733255
1433,2022-02-16 12:30:00,54.421,54.437,53.734,53.841,1342061
1434,2022-02-16 12:25:00,54.411,54.546,54.302,54.381,363452
1435,2022-02-16 12:20:00,54.402,54.496,54.253,54.386,301517
1436,2022-02-16 12:15:00,54.539,54.555,54.283,54.352,336699
1437,2022-02-16 12:10:00,54.628,54.683,54.399,54.497,441477
1438,2022-02-16 12:05:00,54.726,54.806,54.548,54.582,427049
1439,2022-02-16 12:00:00,54.637,54.83,54.518,54.695,672756
1440,2022-02-16 11:55:00,54.505,54.693,54.396,54.597,435159
1441,2022-02-16 11:50:00,54.451,54.639,54.391,54.469,501168
1442,2022-02-16 11:45:00,54.372,54.477,54.253,54.401,342347
1443,2022-02-16 11:40:00,54.461,54.555,54.214,54.322,401987
1444,2022-02-16 11:35:00,54.431,54.585,54.293,54.42,435806
1445,2022-02-16 11:30:00,54.549,54.613,54.332,54.387,500883
1446,2022-02-16 11:25:00,54.402,54.632,54.304,54.519,605719
1447,2022-02-16 11:20:00,54.284,54.467,54.146,54.371,733932
1448,2022-02-16 11:15:00,54.529,54.644,54.214,54.234,794522
1449,2022-02-16 11:10:00,54.736,54.839,54.41,54.465,771472
1450,2022-02-16 11:05:00,54.549,54.899,54.337,54.685,973506
1451,2022-02-16 11:00:00,54.49,54.614,54.307,54.509,658041
1452,2022-02-16 10:55:00,54.657,54.712,54.293,54.44,1021960
1453,2022-02-16 10:50:00,54.48,54.752,54.391,54.627,1485552
1454,2022-02-16 10:45:00,54.593,54.693,54.332,54.43,928718
1455,2022-02-16 10:40:00,54.313,54.634,54.136,54.553,1666230
1456,2022-02-16 10:35:00,54.372,54.447,54.145,54.274,832538
1457,2022-02-16 10:30:00,54.328,54.398,54.082,54.307,840607
1458,2022-02-16 10:25:00,54.205,54.359,54.013,54.293,912623
1459,2022-02-16 10:20:00,54.038,54.29,53.841,54.15,982009
1460,2022-02-16 10:15:00,54.2,54.271,53.753,53.998,1884921
1461,2022-02-16 10:10:00,54.313,54.477,53.989,54.155,1422989
1462,2022-02-16 10:05:00,54.225,54.466,54.067,54.283,1190535
1463,2022-02-16 10:00:00,54.048,54.378,53.743,54.195,1596929
1464,2022-02-16 09:55:00,53.94,54.23,53.862,54.018,1377780
1465,2022-02-16 09:50:00,54.421,54.496,53.674,53.91,2098504
1466,2022-02-16 09:45:00,54.333,54.663,54.199,54.391,1738482
1467,2022-02-16 09:40:00,54.598,54.752,54.263,54.288,1735326
1468,2022-02-16 09:35:00,55.03,55.047,54.518,54.568,1627993
1469,2022-02-16 09:30:00,55.276,55.302,54.695,54.986,1783400
1470,2022-02-16 09:25:00,55.256,55.332,55.166,55.196,64438
1471,2022-02-16 09:20:00,55.325,55.341,55.097,55.265,100103
1472,2022-02-16 09:15:00,55.187,55.361,55.117,55.274,112672
1473,2022-02-16 09:10:00,55.237,55.282,55.019,55.127,191773
1474,2022-02-16 09:05:00,55.423,55.489,55.087,55.215,195509
1475,2022-02-16 09:00:00,55.433,55.479,55.244,55.392,116551
1476,2022-02-16 08:55:00,55.551,55.567,55.254,55.382,126054
1477,2022-02-16 08:50:00,55.747,55.764,55.431,55.53,208001
1478,2022-02-16 08:45:00,56.081,56.108,55.637,55.706,56420
1479,2022-02-16 08:40:00,56.239,56.255,56.0,56.02,45491
1480,2022-02-16 08:35:00,56.15,56.727,56.029,56.217,99609
1481,2022-02-16 08:30:00,56.022,56.236,55.725,56.109,144041
1482,2022-02-16 08:25:00,56.081,56.177,55.98,56.0,33595
1483,2022-02-16 08:20:00,56.042,56.127,55.98,56.05,34331
1484,2022-02-16 08:15:00,56.022,56.108,55.922,56.011,29638
1485,2022-02-16 08:10:00,55.924,56.049,55.833,55.981,18503
1486,2022-02-16 08:05:00,56.042,56.068,55.823,55.883,17139
1487,2022-02-16 08:00:00,56.425,56.54,55.726,55.981,171033
1488,2022-02-16 07:55:00,55.944,55.98,55.725,55.893,25039
1489,2022-02-16 07:50:00,56.091,56.137,55.882,55.903,29516
1490,2022-02-16 07:45:00,56.022,56.108,55.941,56.05,12042
1491,2022-02-16 07:40:00,55.973,56.059,55.863,55.971,27804
1492,2022-02-16 07:35:00,56.16,56.226,55.912,55.952,36093
1493,2022-02-16 07:30:00,56.307,56.353,56.108,56.148,42759
1494,2022-02-16 07:25:00,56.307,56.432,56.245,56.325,19638
1495,2022-02-16 07:20:00,56.366,56.403,56.226,56.285,8676
1496,2022-02-16 07:15:00,56.445,56.462,56.265,56.325,15714
1497,2022-02-16 07:10:00,56.425,56.501,56.236,56.442,18513
1498,2022-02-16 07:05:00,56.484,56.55,56.343,56.364,12480
1499,2022-02-16 07:00:00,56.356,56.55,56.275,56.462,36782
1500,2022-02-16 06:55:00,56.337,56.462,56.275,56.325,5950
1501,2022-02-16 06:50:00,56.376,56.403,56.245,56.295,3125
1502,2022-02-16 06:45:00,56.356,56.422,56.294,56.335,6333
1503,2022-02-16 06:40:00,56.425,56.452,56.294,56.325,6632
1504,2022-02-16 06:35:00,56.298,56.442,56.226,56.374,5386
1505,2022-02-16 06:30:00,56.229,56.393,56.137,56.295,36689
1506,2022-02-16 06:25:00,56.209,56.245,56.039,56.148,4278
1507,2022-02-16 06:20:00,56.16,56.226,56.098,56.168,811
1508,2022-02-16 06:15:00,56.16,56.236,56.079,56.138,1559
1509,2022-02-16 06:10:00,56.15,56.167,56.029,56.109,2795
1510,2022-02-16 06:05:00,56.239,56.275,56.118,56.138,1890
1511,2022-02-16 06:00:00,56.189,56.304,56.098,56.138,7231
1512,2022-02-16 05:55:00,56.17,56.275,56.108,56.207,2428
1513,2022-02-16 05:50:00,56.121,56.196,56.059,56.119,2062
1514,2022-02-16 05:45:00,56.131,56.147,56.0,56.089,1534
1515,2022-02-16 05:40:00,56.14,56.177,56.049,56.109,2992
1516,2022-02-16 05:35:00,56.18,56.206,56.029,56.099,6476
1517,2022-02-16 05:30:00,56.081,56.157,55.961,56.099,8128
1518,2022-02-16 05:25:00,55.993,56.137,55.853,56.069,27537
1519,2022-02-16 05:20:00,56.248,56.285,55.833,55.903,11952
1520,2022-02-16 05:15:00,56.455,56.471,56.216,56.246,8487
1521,2022-02-16 05:10:00,56.327,56.471,56.265,56.403,6298
1522,2022-02-16 05:05:00,56.239,56.344,56.157,56.276,8201
1523,2022-02-16 05:00:00,56.317,56.344,55.98,56.207,44255
1524,2022-02-16 04:55:00,56.435,56.511,56.255,56.285,18782
1525,2022-02-16 04:50:00,56.435,56.511,56.363,56.384,5835
1526,2022-02-16 04:45:00,56.376,56.452,56.314,56.393,12170
1527,2022-02-16 04:40:00,56.494,56.511,56.314,56.344,6822
1528,2022-02-16 04:35:00,56.445,56.501,56.304,56.442,7082
1529,2022-02-16 04:30:00,56.415,56.53,56.324,56.423,8066
1530,2022-02-16 04:25:00,56.455,56.471,56.314,56.335,6595
1531,2022-02-16 04:20:00,56.523,56.589,56.275,56.344,15655
1532,2022-02-16 04:15:00,56.474,56.55,56.363,56.472,11142
1533,2022-02-16 04:10:00,56.504,56.56,56.275,56.442,24905
1534,2022-02-16 04:05:00,56.897,56.914,56.422,56.511,35750
1535,2022-02-16 04:00:00,56.975,57.071,55.657,56.884,96473
1536,2022-02-15 19:55:00,55.747,55.774,55.637,55.677,32041
1537,2022-02-15 19:50:00,55.777,55.803,55.637,55.696,43990
1538,2022-02-15 19:45:00,55.767,55.793,55.686,55.736,17771
1539,2022-02-15 19:40:00,55.767,55.803,55.686,55.716,15397
1540,2022-02-15 19:35:00,55.747,55.803,55.686,55.726,5441
1541,2022-02-15 19:30:00,55.738,55.764,55.676,55.706,13686
1542,2022-02-15 19:25:00,55.738,55.813,55.657,55.687,10723
1543,2022-02-15 19:20:00,55.806,55.823,55.666,55.687,7815
1544,2022-02-15 19:15:00,55.816,55.852,55.715,55.775,7599
1545,2022-02-15 19:10:00,55.846,55.872,55.725,55.775,9175
1546,2022-02-15 19:05:00,55.855,55.892,55.706,55.834,28399
1547,2022-02-15 19:00:00,55.836,55.901,55.765,55.795,7718
1548,2022-02-15 18:55:00,55.846,55.892,55.774,55.795,7151
1549,2022-02-15 18:50:00,55.855,55.901,55.735,55.795,32089
1550,2022-02-15 18:45:00,56.032,56.049,55.794,55.824,43495
1551,2022-02-15 18:40:00,56.042,56.088,55.98,56.001,6465
1552,2022-02-15 18:35:00,56.032,56.088,55.961,56.001,9185
1553,2022-02-15 18:30:00,55.964,56.059,55.902,55.952,8933
1554,2022-02-15 18:25:00,55.954,56.029,55.892,55.952,9050
1555,2022-02-15 18:20:00,56.052,56.068,55.902,55.932,7988
1556,2022-02-15 18:15:00,56.052,56.098,55.961,56.04,13806
1557,2022-02-15 18:10:00,56.101,56.118,55.99,56.02,9948
1558,2022-02-15 18:05:00,56.111,56.186,56.01,56.03,16576
1559,2022-02-15 18:00:00,56.121,56.147,55.971,56.089,9640
1560,2022-02-15 17:55:00,56.081,56.147,56.01,56.04,2520
1561,2022-02-15 17:50:00,56.111,56.147,56.0,56.05,5693
1562,2022-02-15 17:45:00,56.111,56.157,55.98,56.001,8144
1563,2022-02-15 17:40:00,56.091,56.147,56.029,56.069,6116
1564,2022-02-15 17:35:00,56.062,56.137,56.0,56.03,1255
1565,2022-02-15 17:30:00,56.072,56.118,55.971,56.03,3122
1566,2022-02-15 17:25:00,56.111,56.127,56.01,56.03,781
1567,2022-02-15 17:20:00,56.123,56.14,55.971,55.991,1883
1568,2022-02-15 17:15:00,56.14,56.186,55.931,56.099,11223
1569,2022-02-15 17:10:00,56.17,56.206,56.088,56.128,7978
1570,2022-02-15 17:05:00,56.15,56.226,56.088,56.128,3257
1571,2022-02-15 17:00:00,56.14,56.226,56.0,56.148,22239
1572,2022-02-15 16:55:00,56.081,56.118,55.941,56.04,29014
1573,2022-02-15 16:50:00,55.934,56.118,55.872,56.03,14773
1574,2022-02-15 16:45:00,56.081,56.157,55.833,55.854,48836
1575,2022-02-15 16:40:00,56.18,56.216,56.02,56.04,116267
1576,2022-02-15 16:35:00,56.189,56.226,56.088,56.109,24991
1577,2022-02-15 16:30:00,56.17,56.226,56.108,56.138,19766
1578,2022-02-15 16:25:00,56.14,56.216,56.079,56.139,18287
1579,2022-02-15 16:20:00,56.062,56.186,55.98,56.099,31848
1580,2022-02-15 16:15:00,56.022,56.098,55.931,56.03,37117
1581,2022-02-15 16:10:00,55.944,56.088,55.843,56.001,70560
1582,2022-02-15 16:05:00,56.091,56.108,55.814,55.903,125869
1583,2022-02-15 16:00:00,56.366,56.383,56.0,56.03,236608
1584,2022-02-15 15:55:00,56.209,56.442,55.951,56.305,1618186
1585,2022-02-15 15:50:00,55.865,56.442,55.794,56.163,2564345
1586,2022-02-15 15:45:00,55.983,56.068,55.637,55.823,1240573
1587,2022-02-15 15:40:00,55.6,56.019,55.362,55.932,1537149
1588,2022-02-15 15:35:00,55.595,55.842,55.441,55.569,1107323
1589,2022-02-15 15:30:00,56.072,56.098,55.5,55.569,1546337
1590,2022-02-15 15:25:00,56.022,56.098,55.863,56.029,448458
1591,2022-02-15 15:20:00,56.14,56.216,55.823,55.971,762775
1592,2022-02-15 15:15:00,56.111,56.177,55.922,56.089,445564
1593,2022-02-15 15:10:00,56.131,56.185,55.951,56.069,511859
1594,2022-02-15 15:05:00,56.076,56.206,55.99,56.089,696822
1595,2022-02-15 15:00:00,55.846,56.108,55.715,56.03,1110285
1596,2022-02-15 14:55:00,55.767,55.872,55.657,55.804,384807
1597,2022-02-15 14:50:00,55.777,55.852,55.539,55.726,512463
1598,2022-02-15 14:45:00,55.865,55.951,55.647,55.731,691144
1599,2022-02-15 14:40:00,55.728,55.901,55.323,55.824,1084561
1600,2022-02-15 14:35:00,55.531,55.764,55.47,55.677,370759
1601,2022-02-15 14:30:00,55.639,55.71,55.421,55.49,376692
1602,2022-02-15 14:25:00,55.6,55.685,55.48,55.588,308826
1603,2022-02-15 14:20:00,55.6,55.734,55.5,55.554,410211
1604,2022-02-15 14:15:00,55.463,55.695,55.254,55.569,495035
1605,2022-02-15 14:10:00,55.399,55.528,55.294,55.412,435522
1606,2022-02-15 14:05:00,55.571,55.616,55.151,55.355,948660
1607,2022-02-15 14:00:00,55.639,55.764,55.46,55.539,640222
1608,2022-02-15 13:55:00,55.576,55.715,55.5,55.588,699619
1609,2022-02-15 13:50:00,55.6,55.656,55.46,55.539,422947
1610,2022-02-15 13:45:00,55.472,55.646,55.372,55.554,671345
1611,2022-02-15 13:40:00,55.472,55.567,55.323,55.431,318957
1612,2022-02-15 13:35:00,55.482,55.548,55.313,55.432,516209
1613,2022-02-15 13:30:00,55.541,55.646,55.372,55.431,492842
1614,2022-02-15 13:25:00,55.482,55.626,55.421,55.49,575410
1615,2022-02-15 13:20:00,54.991,55.567,54.93,55.441,1335473
1616,2022-02-15 13:15:00,55.109,55.155,54.911,54.96,466733
1617,2022-02-15 13:10:00,55.089,55.155,54.94,55.054,388934
1618,2022-02-15 13:05:00,54.971,55.145,54.881,55.049,622104
1619,2022-02-15 13:00:00,54.814,55.027,54.685,54.926,656606
1620,2022-02-15 12:55:00,54.628,54.85,54.528,54.774,558464
1621,2022-02-15 12:50:00,54.411,54.663,54.342,54.587,1183255
1622,2022-02-15 12:45:00,54.814,54.88,54.312,54.381,1148062
1623,2022-02-15 12:40:00,54.858,54.958,54.68,54.784,418463
1624,2022-02-15 12:35:00,54.785,54.978,54.724,54.822,386424
1625,2022-02-15 12:30:00,54.927,55.027,54.666,54.735,858037
1626,2022-02-15 12:25:00,54.893,54.988,54.626,54.882,907821
1627,2022-02-15 12:20:00,55.03,55.066,54.773,54.847,826619
1628,2022-02-15 12:15:00,55.364,55.42,54.872,54.985,1174667
1629,2022-02-15 12:10:00,55.453,55.587,55.264,55.304,511100
1630,2022-02-15 12:05:00,55.566,55.655,55.313,55.402,1428064
1631,2022-02-15 12:00:00,55.718,55.833,55.411,55.53,581641
1632,2022-02-15 11:55:00,55.688,55.882,55.578,55.672,1414350
1633,2022-02-15 11:50:00,55.698,55.774,55.578,55.633,525479
1634,2022-02-15 11:45:00,55.62,55.779,55.5,55.638,426566
1635,2022-02-15 11:40:00,55.728,55.793,55.539,55.574,620389
1636,2022-02-15 11:35:00,55.551,55.823,55.446,55.693,1352887
1637,2022-02-15 11:30:00,55.384,55.577,55.313,55.5,468853
1638,2022-02-15 11:25:00,55.512,55.538,55.215,55.353,869515
1639,2022-02-15 11:20:00,55.472,55.656,55.41,55.471,652416
1640,2022-02-15 11:15:00,55.482,55.626,55.392,55.431,461952
1641,2022-02-15 11:10:00,55.659,55.68,55.382,55.451,585735
1642,2022-02-15 11:05:00,55.531,55.705,55.245,55.618,856534
1643,2022-02-15 11:00:00,55.413,55.567,55.294,55.481,639482
1644,2022-02-15 10:55:00,55.59,55.675,55.254,55.363,1169048
1645,2022-02-15 10:50:00,55.639,55.685,55.411,55.539,824779
1646,2022-02-15 10:45:00,55.6,55.695,55.384,55.608,1317906
1647,2022-02-15 10:40:00,55.187,55.621,55.127,55.559,1926435
1648,2022-02-15 10:35:00,55.079,55.263,54.832,55.137,909688
1649,2022-02-15 10:30:00,55.148,55.273,54.989,55.044,882063
1650,2022-02-15 10:25:00,54.863,55.164,54.616,55.107,1037293
1651,2022-02-15 10:20:00,54.893,55.017,54.572,54.823,1138750
1652,2022-02-15 10:15:00,54.922,55.174,54.794,54.842,1072976
1653,2022-02-15 10:10:00,55.129,55.164,54.724,54.877,1180055
1654,2022-02-15 10:05:00,55.079,55.341,54.872,55.098,1242207
1655,2022-02-15 10:00:00,55.178,55.4,54.96,55.039,1363789
1656,2022-02-15 09:55:00,55.011,55.322,54.813,55.137,1581671
1657,2022-02-15 09:50:00,54.726,55.066,54.499,54.97,1772199
1658,2022-02-15 09:45:00,55.02,55.312,54.666,54.685,1598712
1659,2022-02-15 09:40:00,55.129,55.273,54.82,54.98,1604799
1660,2022-02-15 09:35:00,55.197,55.42,54.901,55.088,1849234
1661,2022-02-15 09:30:00,54.844,55.263,54.499,55.147,2133400
1662,2022-02-15 09:25:00,55.138,55.164,54.744,54.793,133663
1663,2022-02-15 09:20:00,54.912,55.204,54.852,55.078,118971
1664,2022-02-15 09:15:00,54.795,54.978,54.705,54.872,102248
1665,2022-02-15 09:10:00,54.971,55.007,54.715,54.754,70415
1666,2022-02-15 09:05:00,54.863,55.017,54.744,54.931,58131
1667,2022-02-15 09:00:00,54.844,54.988,54.695,54.803,123527
1668,2022-02-15 08:55:00,55.011,55.066,54.675,54.793,161170
1669,2022-02-15 08:50:00,55.237,55.302,54.95,54.98,142773
1670,2022-02-15 08:45:00,55.305,55.322,55.087,55.196,102538
1671,2022-02-15 08:40:00,55.129,55.322,54.999,55.255,120863
1672,2022-02-15 08:35:00,55.187,55.302,55.038,55.117,169608
1673,2022-02-15 08:30:00,55.463,55.479,54.881,55.166,250812
1674,2022-02-15 08:25:00,55.472,55.499,55.225,55.392,75749
1675,2022-02-15 08:20:00,55.384,55.518,55.284,55.451,82497
1676,2022-02-15 08:15:00,55.541,55.567,55.264,55.353,76584
1677,2022-02-15 08:10:00,55.6,55.626,55.451,55.471,88941
1678,2022-02-15 08:05:00,55.649,55.695,55.5,55.539,51921
1679,2022-02-15 08:00:00,55.698,55.97,52.399,55.608,374352
1680,2022-02-15 07:55:00,55.698,55.734,55.598,55.647,34070
1681,2022-02-15 07:50:00,55.6,55.725,55.49,55.647,57831
1682,2022-02-15 07:45:00,55.649,55.715,55.529,55.559,80085
1683,2022-02-15 07:40:00,55.659,55.715,55.519,55.608,81207
1684,2022-02-15 07:35:00,55.747,55.774,55.47,55.638,73291
1685,2022-02-15 07:30:00,55.826,55.852,55.657,55.706,25020
1686,2022-02-15 07:25:00,55.836,55.872,55.696,55.765,41552
1687,2022-02-15 07:20:00,55.836,55.941,55.735,55.775,44878
1688,2022-02-15 07:15:00,55.895,55.921,55.755,55.775,71222
1689,2022-02-15 07:10:00,55.816,55.97,55.735,55.854,182948
1690,2022-02-15 07:05:00,55.679,55.892,55.568,55.765,145825
1691,2022-02-15 07:00:00,55.718,55.803,55.421,55.647,176069
1692,2022-02-15 06:55:00,55.797,55.862,55.666,55.696,14468
1693,2022-02-15 06:50:00,55.924,55.941,55.676,55.726,25378
1694,2022-02-15 06:45:00,55.708,56.01,55.627,55.883,29406
1695,2022-02-15 06:40:00,55.659,55.725,55.539,55.638,18528
1696,2022-02-15 06:35:00,55.531,55.725,55.47,55.638,12974
1697,2022-02-15 06:30:00,55.502,55.616,55.431,55.471,18780
1698,2022-02-15 06:25:00,55.59,55.607,55.392,55.441,11996
1699,2022-02-15 06:20:00,55.521,55.656,55.421,55.549,8444
1700,2022-02-15 06:15:00,55.6,55.715,55.421,55.441,46023
1701,2022-02-15 06:10:00,55.453,55.646,55.372,55.569,15850
1702,2022-02-15 06:05:00,55.472,55.538,55.372,55.392,30350
1703,2022-02-15 06:00:00,55.404,55.548,55.294,55.49,11295
1704,2022-02-15 05:55:00,55.404,55.489,55.333,55.373,6258
1705,2022-02-15 05:50:00,55.443,55.459,55.264,55.314,9428
1706,2022-02-15 05:45:00,55.502,55.518,55.284,55.392,17372
1707,2022-02-15 05:40:00,55.443,55.607,55.382,55.481,25997
1708,2022-02-15 05:35:00,55.404,55.558,55.313,55.431,30022
1709,2022-02-15 05:30:00,55.207,55.43,55.087,55.353,24489
1710,2022-02-15 05:25:00,55.227,55.273,55.029,55.147,23729
1711,2022-02-15 05:20:00,55.276,55.459,55.009,55.147,39817
1712,2022-02-15 05:15:00,55.197,55.371,55.127,55.206,16804
1713,2022-02-15 05:10:00,55.246,55.282,55.097,55.137,12460
1714,2022-02-15 05:05:00,55.256,55.351,55.166,55.225,23583
1715,2022-02-15 05:00:00,55.237,55.646,55.176,55.215,63603
1716,2022-02-15 04:55:00,55.138,55.263,55.048,55.206,13591
1717,2022-02-15 04:50:00,55.207,55.253,55.029,55.088,11804
1718,2022-02-15 04:45:00,55.158,55.282,55.009,55.206,26244
1719,2022-02-15 04:40:00,55.246,55.312,55.048,55.117,13561
1720,2022-02-15 04:35:00,55.266,55.312,55.146,55.206,19469
1721,2022-02-15 04:30:00,55.266,55.351,55.186,55.245,10931
1722,2022-02-15 04:25:00,55.404,55.44,55.176,55.206,20393
1723,2022-02-15 04:20:00,55.443,55.469,55.244,55.314,33438
1724,2022-02-15 04:15:00,54.942,55.558,54.881,55.402,42383
1725,2022-02-15 04:10:00,55.109,55.125,54.773,54.911,60553
1726,2022-02-15 04:05:00,54.853,55.174,54.793,55.068,91942
1727,2022-02-15 04:00:00,52.859,54.997,52.801,54.813,177116
1728,2022-02-14 19:55:00,52.653,52.816,52.575,52.752,25303
1729,2022-02-14 19:50:00,52.663,52.718,52.556,52.614,10763
1730,2022-02-14 19:45:00,52.525,52.678,52.468,52.624,10412
1731,2022-02-14 19:40:00,52.496,52.551,52.438,52.467,11639
1732,2022-02-14 19:35:00,52.447,52.521,52.36,52.467,22780
1733,2022-02-14 19:30:00,52.555,52.57,52.389,52.447,32758
1734,2022-02-14 19:25:00,52.653,52.688,52.556,52.575,36627
1735,2022-02-14 19:20:00,52.732,52.757,52.546,52.604,10845
1736,2022-02-14 19:15:00,52.938,52.954,52.654,52.673,6312
1737,2022-02-14 19:10:00,53.085,53.101,52.87,52.899,19772
1738,2022-02-14 19:05:00,52.889,53.081,52.831,53.026,22700
1739,2022-02-14 19:00:00,52.928,53.062,52.821,52.84,58670
1740,2022-02-14 18:55:00,52.918,52.944,52.85,52.889,5614
1741,2022-02-14 18:50:00,52.879,52.954,52.821,52.869,16969
1742,2022-02-14 18:45:00,52.899,52.924,52.821,52.86,11504
1743,2022-02-14 18:40:00,52.928,52.963,52.84,52.869,11636
1744,2022-02-14 18:35:00,52.899,52.954,52.811,52.899,6190
1745,2022-02-14 18:30:00,52.908,52.973,52.84,52.86,16558
1746,2022-02-14 18:25:00,52.879,52.914,52.811,52.85,5850
1747,2022-02-14 18:20:00,52.879,52.934,52.811,52.879,35415
1748,2022-02-14 18:15:00,52.83,52.885,52.752,52.801,25289
1749,2022-02-14 18:10:00,52.8,52.845,52.732,52.791,7317
1750,2022-02-14 18:05:00,52.643,52.845,52.585,52.761,56261
1751,2022-02-14 18:00:00,52.525,52.669,52.468,52.604,16772
1752,2022-02-14 17:55:00,52.516,52.57,52.428,52.477,3942
1753,2022-02-14 17:50:00,52.516,52.531,52.448,52.477,1500
1754,2022-02-14 17:45:00,52.516,52.531,52.438,52.477,1867
1755,2022-02-14 17:40:00,52.506,52.521,52.448,52.467,588
1756,2022-02-14 17:35:00,52.525,52.541,52.448,52.477,4880
1757,2022-02-14 17:30:00,52.555,52.57,52.458,52.487,330
1758,2022-02-14 17:25:00,52.555,52.57,52.478,52.497,750
1759,2022-02-14 17:20:00,52.506,52.531,52.448,52.477,274
1760,2022-02-14 17:15:00,52.525,52.58,52.448,52.467,4625
1761,2022-02-14 17:10:00,52.545,52.561,52.468,52.487,3243
1762,2022-02-14 17:05:00,52.555,52.57,52.468,52.506,2610
1763,2022-02-14 17:00:00,52.506,52.57,52.438,52.487,14174
1764,2022-02-14 16:55:00,52.447,52.541,52.389,52.477,21026
1765,2022-02-14 16:50:00,52.447,52.502,52.379,52.447,7986
1766,2022-02-14 16:45:00,52.476,52.502,52.369,52.388,23806
1767,2022-02-14 16:40:00,52.555,52.57,52.389,52.428,20128
1768,2022-02-14 16:35:00,52.614,52.629,52.497,52.516,30134
1769,2022-02-14 16:30:00,52.594,52.639,52.497,52.565,31982
1770,2022-02-14 16:25:00,52.555,52.61,52.497,52.545,30492
1771,2022-02-14 16:20:00,52.525,52.57,52.428,52.506,39495
1772,2022-02-14 16:15:00,52.545,52.619,52.477,52.496,40619
1773,2022-02-14 16:10:00,52.506,52.59,52.379,52.506,64709
1774,2022-02-14 16:05:00,52.535,52.708,52.428,52.457,93645
1775,2022-02-14 16:00:00,52.516,52.561,52.33,52.487,212534
1776,2022-02-14 15:55:00,52.506,52.787,52.281,52.467,1387445
1777,2022-02-14 15:50:00,52.683,52.698,52.065,52.467,1528599
1778,2022-02-14 15:45:00,52.643,52.845,52.055,52.644,1602715
1779,2022-02-14 15:40:00,52.663,52.796,52.301,52.614,742744
1780,2022-02-14 15:35:00,52.879,52.903,52.517,52.624,813210
1781,2022-02-14 15:30:00,52.358,52.924,52.217,52.832,1196075
1782,2022-02-14 15:25:00,52.506,52.619,52.216,52.32,595665
1783,2022-02-14 15:20:00,51.995,52.747,51.697,52.457,1188437
1784,2022-02-14 15:15:00,52.373,52.433,51.84,51.947,720759
1785,2022-02-14 15:10:00,52.044,52.492,51.741,52.33,1476911
1786,2022-02-14 15:05:00,52.073,52.207,51.496,52.006,1099700
1787,2022-02-14 15:00:00,52.191,52.369,51.938,52.045,785018
1788,2022-02-14 14:55:00,52.191,52.364,51.957,52.182,629935
1789,2022-02-14 14:50:00,51.857,52.6,51.776,52.154,1471848
1790,2022-02-14 14:45:00,51.936,52.167,51.629,51.819,982564
1791,2022-02-14 14:40:00,52.044,52.335,51.781,51.898,968178
1792,2022-02-14 14:35:00,52.113,52.254,51.761,51.996,1342458
1793,2022-02-14 14:30:00,51.926,52.197,51.486,52.084,1765657
1794,2022-02-14 14:25:00,51.224,52.443,50.937,51.898,2225074
1795,2022-02-14 14:20:00,51.317,51.539,51.143,51.191,919941
1796,2022-02-14 14:15:00,51.209,51.352,50.956,51.25,864059
1797,2022-02-14 14:10:00,50.954,51.362,50.736,51.18,1080890
1798,2022-02-14 14:05:00,51.081,51.249,50.731,50.936,1596142
1799,2022-02-14 14:00:00,51.209,51.529,50.986,51.044,1783454
1800,2022-02-14 13:55:00,51.523,51.765,51.143,51.166,1717471
1801,2022-02-14 13:50:00,52.427,52.472,51.418,51.485,1820180
1802,2022-02-14 13:45:00,52.741,52.827,52.266,52.388,733769
1803,2022-02-14 13:40:00,52.761,52.885,52.518,52.703,454694
1804,2022-02-14 13:35:00,52.771,52.924,52.566,52.73,561729
1805,2022-02-14 13:30:00,52.949,53.011,52.497,52.693,898526
1806,2022-02-14 13:25:00,52.918,53.081,52.831,52.91,632626
1807,2022-02-14 13:20:00,53.498,53.543,52.801,52.869,911176
1808,2022-02-14 13:15:00,53.409,53.543,53.292,53.449,356302
1809,2022-02-14 13:10:00,53.537,53.641,53.311,53.37,324159
1810,2022-02-14 13:05:00,53.527,53.789,53.444,53.496,437986
1811,2022-02-14 13:00:00,53.507,53.602,53.213,53.478,546251
1812,2022-02-14 12:55:00,53.812,53.838,53.313,53.458,593020
1813,2022-02-14 12:50:00,53.832,53.887,53.645,53.773,429833
1814,2022-02-14 12:45:00,53.675,53.867,53.547,53.792,330480
1815,2022-02-14 12:40:00,53.626,53.799,53.478,53.645,544884
1816,2022-02-14 12:35:00,53.852,53.912,53.517,53.586,444947
1817,2022-02-14 12:30:00,53.753,54.015,53.645,53.803,1396148
1818,2022-02-14 12:25:00,53.439,53.769,53.302,53.714,429033
1819,2022-02-14 12:20:00,53.36,53.582,53.272,53.39,331500
1820,2022-02-14 12:15:00,53.537,53.719,53.233,53.328,609873
1821,2022-02-14 12:10:00,53.36,53.612,53.251,53.478,384334
1822,2022-02-14 12:05:00,53.488,53.582,53.223,53.309,373583
1823,2022-02-14 12:00:00,53.419,53.7,53.164,53.449,719346
1824,2022-02-14 11:55:00,53.223,53.474,53.096,53.375,466820
1825,2022-02-14 11:50:00,53.567,53.661,53.086,53.184,515993
1826,2022-02-14 11:45:00,53.341,53.602,53.243,53.527,570466
1827,2022-02-14 11:40:00,53.341,53.552,53.145,53.287,525606
1828,2022-02-14 11:35:00,53.547,53.729,53.096,53.292,772962
1829,2022-02-14 11:30:00,53.626,53.808,53.169,53.507,1458323
1830,2022-02-14 11:25:00,53.468,53.828,53.316,53.586,1225977
1831,2022-02-14 11:20:00,53.39,53.563,53.155,53.429,1175612
1832,2022-02-14 11:15:00,52.653,53.483,52.595,53.349,1350994
1833,2022-02-14 11:10:00,52.83,52.993,52.527,52.604,765069
1834,2022-02-14 11:05:00,52.997,53.052,52.615,52.811,606802
1835,2022-02-14 11:00:00,52.663,53.111,52.448,52.963,838086
1836,2022-02-14 10:55:00,52.84,53.042,52.477,52.623,909254
1837,2022-02-14 10:50:00,53.046,53.237,52.556,52.806,1215895
1838,2022-02-14 10:45:00,52.673,53.16,52.536,53.007,1094373
1839,2022-02-14 10:40:00,52.25,52.85,52.124,52.639,1114822
1840,2022-02-14 10:35:00,52.231,52.384,51.869,52.222,1038786
1841,2022-02-14 10:30:00,52.673,52.914,52.006,52.202,1234544
1842,2022-02-14 10:25:00,52.692,52.854,52.291,52.624,1023736
1843,2022-02-14 10:20:00,52.506,52.855,52.124,52.653,1245828
1844,2022-02-14 10:15:00,52.741,52.89,52.026,52.467,1329909
1845,2022-02-14 10:10:00,52.388,53.057,52.271,52.703,1660072
1846,2022-02-14 10:05:00,52.182,52.443,52.055,52.349,1175303
1847,2022-02-14 10:00:00,52.84,52.885,51.918,52.138,1760684
1848,2022-02-14 09:55:00,53.321,53.354,52.634,52.801,1156062
1849,2022-02-14 09:50:00,52.84,53.366,52.752,53.272,2023996
1850,2022-02-14 09:45:00,52.398,52.944,51.967,52.81,1751859
1851,2022-02-14 09:40:00,52.398,52.855,52.222,52.359,1641839
1852,2022-02-14 09:35:00,52.231,52.728,52.134,52.359,1669895
1853,2022-02-14 09:30:00,51.946,52.551,51.604,52.187,2412872
1854,2022-02-14 09:25:00,52.162,52.177,51.84,51.907,299624
1855,2022-02-14 09:20:00,52.29,52.335,52.046,52.153,89958
1856,2022-02-14 09:15:00,52.299,52.423,52.114,52.202,136474
1857,2022-02-14 09:10:00,51.916,52.335,51.859,52.251,193740
1858,2022-02-14 09:05:00,51.838,52.02,51.781,51.868,97377
1859,2022-02-14 09:00:00,51.681,51.922,51.486,51.809,127534
1860,2022-02-14 08:55:00,51.906,52.118,51.624,51.642,120424
1861,2022-02-14 08:50:00,51.494,51.932,51.427,51.839,106289
1862,2022-02-14 08:45:00,51.592,51.755,51.427,51.456,145865
1863,2022-02-14 08:40:00,52.093,52.187,51.526,51.554,203304
1864,2022-02-14 08:35:00,52.034,52.187,51.869,52.104,207889
1865,2022-02-14 08:30:00,52.457,52.521,51.908,51.986,209380
1866,2022-02-14 08:25:00,52.368,52.511,52.261,52.379,104880
1867,2022-02-14 08:20:00,52.182,52.462,52.114,52.369,89527
1868,2022-02-14 08:15:00,52.083,52.276,52.026,52.182,180282
1869,2022-02-14 08:10:00,52.574,52.6,52.016,52.055,164040
1870,2022-02-14 08:05:00,52.368,52.619,52.271,52.565,153047
1871,2022-02-14 08:00:00,52.26,53.042,50.397,52.349,545209
1872,2022-02-14 07:55:00,52.103,52.492,52.046,52.222,133056
1873,2022-02-14 07:50:00,52.182,52.403,51.879,52.065,209777
1874,2022-02-14 07:45:00,51.975,52.57,51.869,52.133,324075
1875,2022-02-14 07:40:00,51.366,52.167,51.3,51.927,301572
1876,2022-02-14 07:35:00,50.62,51.411,50.534,51.338,142453
1877,2022-02-14 07:30:00,50.708,50.851,50.564,50.592,31218
1878,2022-02-14 07:25:00,50.62,50.723,50.436,50.671,40211
1879,2022-02-14 07:20:00,50.502,50.684,50.446,50.572,49340
1880,2022-02-14 07:15:00,50.502,50.615,50.427,50.494,32331
1881,2022-02-14 07:10:00,50.6,50.635,50.397,50.435,108778
1882,2022-02-14 07:05:00,50.669,50.752,50.534,50.563,56469
1883,2022-02-14 07:00:00,50.875,51.018,50.584,50.612,89122
1884,2022-02-14 06:55:00,51.032,51.077,50.809,50.857,14655
1885,2022-02-14 06:50:00,50.855,51.077,50.799,50.995,31379
1886,2022-02-14 06:45:00,50.914,50.929,50.691,50.847,20002
1887,2022-02-14 06:40:00,50.905,50.979,50.799,50.887,24560
1888,2022-02-14 06:35:00,50.767,50.959,50.633,50.877,19365
1889,2022-02-14 06:30:00,50.777,50.9,50.603,50.72,24866
1890,2022-02-14 06:25:00,50.649,50.89,50.534,50.72,17772
1891,2022-02-14 06:20:00,50.639,50.762,50.485,50.622,43730
1892,2022-02-14 06:15:00,50.551,50.684,50.495,50.592,28325
1893,2022-02-14 06:10:00,50.688,50.723,50.476,50.533,40558
1894,2022-02-14 06:05:00,50.629,50.664,50.456,50.553,21123
1895,2022-02-14 06:00:00,50.767,50.782,50.554,50.592,16610
1896,2022-02-14 05:55:00,50.806,50.87,50.682,50.749,13614
1897,2022-02-14 05:50:00,51.003,51.136,50.77,50.788,31018
1898,2022-02-14 05:45:00,50.649,51.028,50.593,50.965,50219
1899,2022-02-14 05:40:00,50.796,50.851,50.564,50.612,15572
1900,2022-02-14 05:35:00,50.61,50.851,50.505,50.749,27724
1901,2022-02-14 05:30:00,50.767,50.782,50.534,50.572,28891
1902,2022-02-14 05:25:00,50.787,50.9,50.623,50.71,40213
1903,2022-02-14 05:20:00,50.62,50.88,50.505,50.759,38719
1904,2022-02-14 05:15:00,50.777,50.87,50.476,50.602,31630
1905,2022-02-14 05:10:00,50.718,50.802,50.574,50.73,28831
1906,2022-02-14 05:05:00,50.462,50.782,50.407,50.71,31244
1907,2022-02-14 05:00:00,50.551,50.566,50.073,50.435,96215
1908,2022-02-14 04:55:00,50.61,50.625,50.417,50.445,15056
1909,2022-02-14 04:50:00,50.6,50.654,50.407,50.553,31696
1910,2022-02-14 04:45:00,50.551,50.713,50.427,50.563,44710
1911,2022-02-14 04:40:00,50.571,50.684,50.485,50.514,25860
1912,2022-02-14 04:35:00,50.777,50.792,50.476,50.533,31163
1913,2022-02-14 04:30:00,50.767,50.929,50.534,50.661,32628
1914,2022-02-14 04:25:00,50.875,51.018,50.691,50.72,34867
1915,2022-02-14 04:20:00,50.688,50.979,50.623,50.798,41438
1916,2022-02-14 04:15:00,50.433,50.821,50.348,50.671,60147
1917,2022-02-14 04:10:00,50.551,50.644,50.171,50.357,85640
1918,2022-02-14 04:05:00,50.345,50.595,50.152,50.523,100743
1919,2022-02-14 04:00:00,52.466,52.482,50.25,50.337,145985
1920,2022-02-11 19:55:00,52.457,52.511,52.379,52.418,17508
1921,2022-02-11 19:50:00,52.447,52.502,52.389,52.418,12088
1922,2022-02-11 19:45:00,52.437,52.482,52.379,52.418,16290
1923,2022-02-11 19:40:00,52.466,52.482,52.379,52.398,9893
1924,2022-02-11 19:35:00,52.486,52.502,52.399,52.428,5125
1925,2022-02-11 19:30:00,52.457,52.521,52.369,52.447,5698
1926,2022-02-11 19:25:00,52.447,52.472,52.369,52.388,3350
1927,2022-02-11 19:20:00,52.457,52.472,52.35,52.398,4370
1928,2022-02-11 19:15:00,52.457,52.521,52.379,52.467,10899
1929,2022-02-11 19:10:00,52.447,52.472,52.389,52.418,4116
1930,2022-02-11 19:05:00,52.466,52.521,52.389,52.408,5119
1931,2022-02-11 19:00:00,52.417,52.521,52.36,52.438,8367
1932,2022-02-11 18:55:00,52.388,52.433,52.33,52.379,2690
1933,2022-02-11 18:50:00,52.457,52.472,52.33,52.349,2038
1934,2022-02-11 18:45:00,52.339,52.472,52.281,52.418,3249
1935,2022-02-11 18:40:00,52.319,52.374,52.222,52.3,17104
1936,2022-02-11 18:35:00,52.329,52.374,52.252,52.28,8968
1937,2022-02-11 18:30:00,52.407,52.423,52.281,52.3,5427
1938,2022-02-11 18:25:00,52.466,52.482,52.33,52.349,3580
1939,2022-02-11 18:20:00,52.417,52.502,52.35,52.447,2258
1940,2022-02-11 18:15:00,52.535,52.561,52.35,52.379,7026
1941,2022-02-11 18:10:00,52.604,52.619,52.477,52.496,2374
1942,2022-02-11 18:05:00,52.565,52.59,52.477,52.516,6163
1943,2022-02-11 18:00:00,52.574,52.6,52.497,52.516,8057
1944,2022-02-11 17:55:00,52.614,52.659,52.517,52.536,2278
1945,2022-02-11 17:50:00,52.604,52.649,52.546,52.595,557
1946,2022-02-11 17:45:00,52.555,52.669,52.497,52.595,11304
1947,2022-02-11 17:40:00,52.535,52.59,52.477,52.516,1535
1948,2022-02-11 17:35:00,52.574,52.6,52.497,52.526,4595
1949,2022-02-11 17:30:00,52.565,52.59,52.477,52.536,10547
1950,2022-02-11 17:25:00,52.574,52.59,52.497,52.526,2625
1951,2022-02-11 17:20:00,52.574,52.6,52.497,52.516,9478
1952,2022-02-11 17:15:00,52.584,52.61,52.517,52.536,2231
1953,2022-02-11 17:10:00,52.604,52.619,52.497,52.536,10353
1954,2022-02-11 17:05:00,52.584,52.629,52.526,52.565,10601
1955,2022-02-11 17:00:00,52.555,52.649,52.448,52.536,6726
1956,2022-02-11 16:55:00,52.545,52.61,52.428,52.477,48431
1957,2022-02-11 16:50:00,52.614,52.659,52.468,52.506,25723
1958,2022-02-11 16:45:00,52.633,52.659,52.507,52.585,18227
1959,2022-02-11 16:40:00,52.604,52.659,52.497,52.604,32165
1960,2022-02-11 16:35:00,52.663,52.678,52.497,52.545,100359
1961,2022-02-11 16:30:00,52.673,52.865,52.595,52.653,70012
1962,2022-02-11 16:25:00,52.417,52.708,52.32,52.624,41285
1963,2022-02-11 16:20:00,52.28,52.531,52.203,52.379,104411
1964,2022-02-11 16:15:00,52.319,52.354,52.203,52.261,128655
1965,2022-02-11 16:10:00,52.191,52.354,52.124,52.271,253020
1966,2022-02-11 16:05:00,52.142,52.217,51.938,52.163,168811
1967,2022-02-11 16:00:00,52.28,52.354,52.055,52.133,436193
1968,2022-02-11 15:55:00,52.565,53.239,52.203,52.241,3318610
1969,2022-02-11 15:50:00,52.751,52.924,52.341,52.526,2505551
1970,2022-02-11 15:45:00,52.005,52.782,51.898,52.693,2604973
1971,2022-02-11 15:40:00,52.093,52.236,51.57,51.966,2142860
1972,2022-02-11 15:35:00,52.466,52.531,52.006,52.055,1510410
1973,2022-02-11 15:30:00,52.545,52.639,52.006,52.424,1649415
1974,2022-02-11 15:25:00,52.329,52.728,52.183,52.507,1859296
1975,2022-02-11 15:20:00,52.398,52.629,52.104,52.28,1185781
1976,2022-02-11 15:15:00,52.678,53.198,52.283,52.378,1654755
1977,2022-02-11 15:10:00,52.791,52.963,52.448,52.653,1058871
1978,2022-02-11 15:05:00,53.252,53.366,52.654,52.752,1485885
1979,2022-02-11 15:00:00,52.604,53.504,52.487,53.223,2551945
1980,2022-02-11 14:55:00,52.191,52.649,52.134,52.562,1480760
1981,2022-02-11 14:50:00,52.484,52.531,51.879,52.163,1877291
1982,2022-02-11 14:45:00,52.781,52.914,52.301,52.438,1741726
1983,2022-02-11 14:40:00,53.007,53.258,52.615,52.732,1515740
1984,2022-02-11 14:35:00,53.36,53.381,52.88,52.958,1623229
1985,2022-02-11 14:30:00,52.85,53.592,52.605,53.331,1852513
1986,2022-02-11 14:25:00,53.262,53.386,52.575,52.801,2226199
1987,2022-02-11 14:20:00,53.743,53.917,53.203,53.223,1363164
1988,2022-02-11 14:15:00,53.409,54.103,53.194,53.723,3910294
1989,2022-02-11 14:10:00,53.174,53.415,52.801,53.36,1987948
1990,2022-02-11 14:05:00,53.351,53.725,52.811,53.115,3628939
1991,2022-02-11 14:00:00,53.292,53.769,52.713,53.311,3745292
1992,2022-02-11 13:55:00,53.94,53.976,53.233,53.252,1963434
1993,2022-02-11 13:50:00,53.704,54.034,53.272,53.895,2558713
1994,2022-02-11 13:45:00,53.861,53.877,53.076,53.654,3263570
1995,2022-02-11 13:40:00,53.832,54.28,53.616,53.831,2849223
1996,2022-02-11 13:35:00,54.588,54.654,53.753,53.783,2544921
1997,2022-02-11 13:30:00,55.137,55.164,54.43,54.553,2673021
1998,2022-02-11 13:25:00,55.59,55.626,55.068,55.098,1270734
1999,2022-02-11 13:20:00,55.718,55.774,55.47,55.539,488751
2000,2022-02-11 13:15:00,55.6,55.791,55.372,55.687,594582
2001,2022-02-11 13:10:00,55.846,55.872,55.441,55.554,556827
2002,2022-02-11 13:05:00,55.438,55.936,55.293,55.8,992456
2003,2022-02-11 13:00:00,55.482,55.636,55.264,55.401,794511
2004,2022-02-11 12:55:00,55.482,55.616,55.362,55.441,816271
2005,2022-02-11 12:50:00,55.953,56.0,55.362,55.441,1251723
2006,2022-02-11 12:45:00,56.022,56.127,55.774,55.893,611453
2007,2022-02-11 12:40:00,56.229,56.314,55.941,55.981,443295
2008,2022-02-11 12:35:00,56.229,56.388,55.99,56.187,657131
2009,2022-02-11 12:30:00,56.209,56.442,56.039,56.187,606855
2010,2022-02-11 12:25:00,55.934,56.344,55.804,56.177,691678
2011,2022-02-11 12:20:00,56.003,56.039,55.735,55.901,650711
2012,2022-02-11 12:15:00,56.356,56.393,55.823,55.952,769070
2013,2022-02-11 12:10:00,56.17,56.54,56.04,56.308,904312
2014,2022-02-11 12:05:00,56.189,56.275,55.892,56.128,604947
2015,2022-02-11 12:00:00,56.101,56.304,55.843,56.138,738823
2016,2022-02-11 11:55:00,55.944,56.339,55.872,56.06,1102181
2017,2022-02-11 11:50:00,56.022,56.176,55.668,55.903,934863
2018,2022-02-11 11:45:00,55.851,56.177,55.627,55.991,1162893
2019,2022-02-11 11:40:00,55.836,55.932,55.598,55.814,1134338
2020,2022-02-11 11:35:00,56.023,56.147,55.637,55.795,1588478
2021,2022-02-11 11:30:00,56.248,56.491,55.931,55.981,1048478
2022,2022-02-11 11:25:00,56.43,56.52,56.039,56.218,1001170
2023,2022-02-11 11:20:00,56.395,56.609,56.206,56.384,909196
2024,2022-02-11 11:15:00,56.366,56.491,55.98,56.344,1318521
2025,2022-02-11 11:10:00,56.523,56.726,56.265,56.32,1512387
2026,2022-02-11 11:05:00,57.339,57.356,56.402,56.482,1091248
2027,2022-02-11 11:00:00,56.769,57.405,56.599,57.306,1122069
2028,2022-02-11 10:55:00,56.995,57.13,56.55,56.727,799962
2029,2022-02-11 10:50:00,57.191,57.331,56.726,56.963,964408
2030,2022-02-11 10:45:00,57.368,57.582,57.021,57.159,839987
2031,2022-02-11 10:40:00,57.525,57.69,57.217,57.326,785574
2032,2022-02-11 10:35:00,57.132,57.66,56.757,57.5,1156411
2033,2022-02-11 10:30:00,57.093,57.592,56.873,57.081,1529117
2034,2022-02-11 10:25:00,57.083,57.375,56.746,57.051,1399828
2035,2022-02-11 10:20:00,56.789,57.218,56.639,57.047,1612108
2036,2022-02-11 10:15:00,56.877,57.022,56.353,56.747,1690991
2037,2022-02-11 10:10:00,57.383,57.542,56.589,56.845,1616386
2038,2022-02-11 10:05:00,57.486,58.014,57.207,57.355,1543372
2039,2022-02-11 10:00:00,56.99,57.562,56.844,57.439,1933910
2040,2022-02-11 09:55:00,57.869,58.034,56.775,56.948,2719586
2041,2022-02-11 09:50:00,58.223,58.417,57.757,57.841,1530880
2042,2022-02-11 09:45:00,57.349,58.515,57.285,58.18,2956255
2043,2022-02-11 09:40:00,57.535,57.621,57.148,57.316,1270526
2044,2022-02-11 09:35:00,57.909,57.955,57.276,57.482,1737021
2045,2022-02-11 09:30:00,57.742,58.348,57.649,57.876,1869338
2046,2022-02-11 09:25:00,57.633,57.793,57.57,57.709,63388
2047,2022-02-11 09:20:00,57.742,57.759,57.492,57.611,66745
2048,2022-02-11 09:15:00,57.781,57.827,57.678,57.699,45179
2049,2022-02-11 09:10:00,57.85,57.916,57.688,57.728,74756
2050,2022-02-11 09:05:00,58.125,58.142,57.756,57.797,54164
2051,2022-02-11 09:00:00,57.977,58.171,57.894,58.101,66450
2052,2022-02-11 08:55:00,58.066,58.122,57.894,57.915,44003
2053,2022-02-11 08:50:00,58.144,58.201,57.923,58.032,96620
2054,2022-02-11 08:45:00,57.958,58.161,57.825,58.101,73993
2055,2022-02-11 08:40:00,57.81,58.171,57.747,57.915,206162
2056,2022-02-11 08:35:00,57.82,57.926,57.727,57.806,95904
2057,2022-02-11 08:30:00,57.663,57.818,57.59,57.758,32840
2058,2022-02-11 08:25:00,57.751,57.788,57.541,57.63,76618
2059,2022-02-11 08:20:00,57.702,57.926,57.609,57.738,101200
2060,2022-02-11 08:15:00,57.575,57.778,57.482,57.709,65021
2061,2022-02-11 08:10:00,57.437,57.651,57.364,57.581,76874
2062,2022-02-11 08:05:00,57.3,57.533,57.227,57.385,85603
2063,2022-02-11 08:00:00,57.201,57.749,55.931,57.247,407932
2064,2022-02-11 07:55:00,57.27,57.405,57.187,57.326,71233
2065,2022-02-11 07:50:00,57.329,57.346,57.168,57.228,45932
2066,2022-02-11 07:45:00,57.368,57.385,57.197,57.306,34804
2067,2022-02-11 07:40:00,57.535,57.631,57.295,57.326,50003
2068,2022-02-11 07:35:00,57.565,57.601,57.433,57.503,58653
2069,2022-02-11 07:30:00,57.604,57.749,57.482,57.522,78684
2070,2022-02-11 07:25:00,57.221,57.631,57.138,57.552,133792
2071,2022-02-11 07:20:00,57.123,57.316,57.06,57.179,29325
2072,2022-02-11 07:15:00,57.182,57.257,57.03,57.071,35205
2073,2022-02-11 07:10:00,56.857,57.189,56.775,57.13,81816
2074,2022-02-11 07:05:00,56.632,56.904,56.55,56.835,25351
2075,2022-02-11 07:00:00,56.553,56.727,56.432,56.56,39280
2076,2022-02-11 06:55:00,56.415,56.54,56.353,56.482,855
2077,2022-02-11 06:50:00,56.435,56.501,56.324,56.403,16170
2078,2022-02-11 06:45:00,56.435,56.501,56.334,56.442,1256
2079,2022-02-11 06:40:00,56.474,56.599,56.412,56.511,4365
2080,2022-02-11 06:35:00,56.425,56.511,56.314,56.442,6232
2081,2022-02-11 06:30:00,56.445,56.471,56.343,56.364,6686
2082,2022-02-11 06:25:00,56.347,56.511,56.177,56.452,21096
2083,2022-02-11 06:20:00,56.356,56.432,56.275,56.344,3372
2084,2022-02-11 06:15:00,56.445,56.501,56.255,56.276,4487
2085,2022-02-11 06:10:00,56.425,56.481,56.294,56.344,10558
2086,2022-02-11 06:05:00,56.553,56.579,56.334,56.354,21225
2087,2022-02-11 06:00:00,56.69,56.707,56.442,56.462,11742
2088,2022-02-11 05:55:00,56.651,56.747,56.579,56.639,12827
2089,2022-02-11 05:50:00,56.622,56.658,56.55,56.6,5737
2090,2022-02-11 05:45:00,56.681,56.747,56.51,56.57,7514
2091,2022-02-11 05:40:00,56.533,56.747,56.461,56.541,10926
2092,2022-02-11 05:35:00,56.504,56.55,56.432,56.472,2308
2093,2022-02-11 05:30:00,56.523,56.56,56.383,56.452,3751
2094,2022-02-11 05:25:00,56.543,56.599,56.383,56.452,23469
2095,2022-02-11 05:20:00,56.415,56.52,56.353,56.462,5204
2096,2022-02-11 05:15:00,56.376,56.491,56.314,56.403,1340
2097,2022-02-11 05:10:00,56.465,56.491,56.324,56.344,6263
2098,2022-02-11 05:05:00,56.514,56.54,56.393,56.462,5414
2099,2022-02-11 05:00:00,56.386,56.54,56.314,56.472,9452
2100,2022-02-11 04:55:00,56.425,56.452,56.275,56.344,8285
2101,2022-02-11 04:50:00,56.435,56.481,56.186,56.354,14423
2102,2022-02-11 04:45:00,56.455,56.55,56.324,56.344,11111
2103,2022-02-11 04:40:00,56.523,56.54,56.294,56.403,10124
2104,2022-02-11 04:35:00,56.553,56.579,56.383,56.501,16698
2105,2022-02-11 04:30:00,56.779,56.796,56.51,56.55,14158
2106,2022-02-11 04:25:00,56.838,56.904,56.687,56.796,25107
2107,2022-02-11 04:20:00,56.956,56.973,56.775,56.796,11939
2108,2022-02-11 04:15:00,56.877,57.041,56.795,56.923,25697
2109,2022-02-11 04:10:00,56.818,56.855,56.657,56.757,6929
2110,2022-02-11 04:05:00,56.681,56.835,56.52,56.776,18293
2111,2022-02-11 04:00:00,57.113,57.13,56.373,56.56,55401
2112,2022-02-10 19:55:00,57.064,57.159,56.942,57.071,36303
2113,2022-02-10 19:50:00,57.103,57.13,56.991,57.031,20297
2114,2022-02-10 19:45:00,56.956,57.12,56.883,57.031,25081
2115,2022-02-10 19:40:00,56.975,57.051,56.883,56.914,6925
2116,2022-02-10 19:35:00,56.975,57.031,56.903,56.953,6469
2117,2022-02-10 19:30:00,56.887,57.002,56.775,56.933,47119
2118,2022-02-10 19:25:00,56.907,56.973,56.775,56.825,31960
2119,2022-02-10 19:20:00,57.044,57.071,56.726,56.825,50642
2120,2022-02-10 19:15:00,57.172,57.218,56.942,56.982,19494
2121,2022-02-10 19:10:00,57.299,57.326,57.158,57.179,3858
2122,2022-02-10 19:05:00,57.152,57.287,57.079,57.228,7567
2123,2022-02-10 19:00:00,57.27,57.326,57.109,57.13,50541
2124,2022-02-10 18:55:00,57.368,57.385,57.148,57.228,22063
2125,2022-02-10 18:50:00,57.476,57.493,57.305,57.326,20641
2126,2022-02-10 18:45:00,57.408,57.493,57.325,57.424,8028
2127,2022-02-10 18:40:00,57.408,57.503,57.256,57.326,84673
2128,2022-02-10 18:35:00,57.427,57.464,57.256,57.365,49428
2129,2022-02-10 18:30:00,57.516,57.542,57.325,57.385,47678
2130,2022-02-10 18:25:00,57.732,57.749,57.452,57.483,17660
2131,2022-02-10 18:20:00,57.85,57.867,57.668,57.689,11333
2132,2022-02-10 18:15:00,57.771,57.877,57.688,57.817,11815
2133,2022-02-10 18:10:00,57.663,57.788,57.599,57.728,16287
2134,2022-02-10 18:05:00,57.624,57.759,57.511,57.581,36444
2135,2022-02-10 18:00:00,57.653,57.709,57.403,57.611,37719
2136,2022-02-10 17:55:00,57.653,57.69,57.57,57.591,9225
2137,2022-02-10 17:50:00,57.663,57.68,57.57,57.611,3905
2138,2022-02-10 17:45:00,57.633,57.67,57.57,57.601,4259
2139,2022-02-10 17:40:00,57.673,57.69,57.57,57.601,4868
2140,2022-02-10 17:35:00,57.673,57.69,57.609,57.63,1570
2141,2022-02-10 17:30:00,57.673,57.7,57.55,57.591,3466
2142,2022-02-10 17:25:00,57.535,57.7,57.472,57.63,12890
2143,2022-02-10 17:20:00,57.683,57.7,57.452,57.473,10932
2144,2022-02-10 17:15:00,57.643,57.68,57.58,57.62,13493
2145,2022-02-10 17:10:00,57.653,57.69,57.55,57.601,5956
2146,2022-02-10 17:05:00,57.683,57.7,57.55,57.571,3341
2147,2022-02-10 17:00:00,57.673,57.729,57.482,57.503,9601
2148,2022-02-10 16:55:00,57.584,57.729,57.511,57.62,30141
2149,2022-02-10 16:50:00,57.516,57.621,57.452,57.562,16608
2150,2022-02-10 16:45:00,57.457,57.582,57.335,57.503,28910
2151,2022-02-10 16:40:00,57.545,57.572,57.384,57.404,18652
2152,2022-02-10 16:35:00,57.525,57.601,57.433,57.493,44882
2153,2022-02-10 16:30:00,57.466,57.562,57.344,57.473,65474
2154,2022-02-10 16:25:00,57.29,57.483,57.187,57.385,63979
2155,2022-02-10 16:20:00,57.388,57.405,57.148,57.238,52062
2156,2022-02-10 16:15:00,57.545,57.621,57.305,57.346,74139
2157,2022-02-10 16:10:00,57.722,57.739,57.433,57.522,83104
2158,2022-02-10 16:05:00,57.643,60.899,57.56,57.699,103723
2159,2022-02-10 16:00:00,57.742,57.798,57.472,57.571,360370
2160,2022-02-10 15:55:00,57.309,58.073,57.246,57.699,3691204
2161,2022-02-10 15:50:00,57.083,57.621,56.716,57.267,2944282
2162,2022-02-10 15:45:00,57.26,57.366,56.785,57.051,2003463
2163,2022-02-10 15:40:00,57.584,57.709,57.089,57.228,1167452
2164,2022-02-10 15:35:00,57.36,57.67,57.109,57.542,1391913
2165,2022-02-10 15:30:00,57.987,58.004,57.276,57.326,1714663
2166,2022-02-10 15:25:00,58.247,58.348,57.904,57.974,1231031
2167,2022-02-10 15:20:00,58.203,58.387,57.904,58.2,972057
2168,2022-02-10 15:15:00,58.351,58.646,58.026,58.16,949801
2169,2022-02-10 15:10:00,58.36,58.555,58.129,58.308,1009824
2170,2022-02-10 15:05:00,58.085,58.397,57.904,58.303,1100002
2171,2022-02-10 15:00:00,58.076,58.211,57.58,58.033,1723180
2172,2022-02-10 14:55:00,58.095,58.284,57.766,58.052,1170849
2173,2022-02-10 14:50:00,58.37,58.604,57.963,58.053,984492
2174,2022-02-10 14:45:00,58.665,58.938,58.267,58.327,977059
2175,2022-02-10 14:40:00,58.773,59.115,58.512,58.622,880997
2176,2022-02-10 14:35:00,58.655,59.056,58.434,58.728,1089503
2177,2022-02-10 14:30:00,58.567,58.815,58.414,58.61,701487
2178,2022-02-10 14:25:00,58.467,58.781,58.277,58.509,951934
2179,2022-02-10 14:20:00,58.085,58.496,57.884,58.406,1608074
2180,2022-02-10 14:15:00,58.429,58.486,57.953,58.033,1039435
2181,2022-02-10 14:10:00,58.783,58.839,58.296,58.396,725183
2182,2022-02-10 14:05:00,58.714,58.83,58.365,58.739,850876
2183,2022-02-10 14:00:00,59.186,60.899,58.625,58.661,1083988
2184,2022-02-10 13:55:00,58.753,59.233,58.473,59.152,853517
2185,2022-02-10 13:50:00,58.763,58.977,58.551,58.685,597497
2186,2022-02-10 13:45:00,58.773,59.016,58.551,58.73,1127849
2187,2022-02-10 13:40:00,58.567,58.889,58.473,58.729,1388252
2188,2022-02-10 13:35:00,58.449,58.633,58.021,58.514,1626312
2189,2022-02-10 13:30:00,58.704,58.898,58.345,58.406,1458183
2190,2022-02-10 13:25:00,59.205,59.272,58.63,58.671,1398517
2191,2022-02-10 13:20:00,59.048,59.262,58.846,59.162,1958339
2192,2022-02-10 13:15:00,59.814,59.852,58.973,59.004,1623575
2193,2022-02-10 13:10:00,59.971,60.097,59.611,59.76,780119
2194,2022-02-10 13:05:00,60.075,60.284,59.719,59.908,1097956
2195,2022-02-10 13:00:00,59.844,60.235,59.513,60.035,1690777
2196,2022-02-10 12:55:00,59.706,60.089,59.483,59.829,1540619
2197,2022-02-10 12:50:00,59.608,59.886,58.924,59.652,2844176
2198,2022-02-10 12:45:00,60.914,61.011,59.081,59.554,4407363
2199,2022-02-10 12:40:00,60.954,61.07,60.739,60.86,448930
2200,2022-02-10 12:35:00,60.669,61.021,60.602,60.919,452162
2201,2022-02-10 12:30:00,60.944,61.188,60.519,60.622,775593
2202,2022-02-10 12:25:00,61.003,61.08,60.838,60.899,382982
2203,2022-02-10 12:20:00,60.914,61.139,60.838,60.958,513078
2204,2022-02-10 12:15:00,60.738,61.06,60.465,60.87,688163
2205,2022-02-10 12:10:00,60.639,60.834,60.524,60.703,385112
2206,2022-02-10 12:05:00,60.63,60.765,60.455,60.6,546299
2207,2022-02-10 12:00:00,60.894,60.952,60.455,60.585,605091
2208,2022-02-10 11:55:00,60.561,60.991,60.484,60.85,886858
2209,2022-02-10 11:50:00,60.601,60.746,60.416,60.516,695353
2210,2022-02-10 11:45:00,60.276,60.746,60.111,60.555,1303703
2211,2022-02-10 11:40:00,59.795,60.323,59.699,60.256,867533
2212,2022-02-10 11:35:00,59.706,59.95,59.557,59.76,1280240
2213,2022-02-10 11:30:00,60.266,60.333,59.601,59.652,1531496
2214,2022-02-10 11:25:00,60.355,60.471,60.041,60.222,1010909
2215,2022-02-10 11:20:00,60.315,60.49,59.886,60.305,1151651
2216,2022-02-10 11:15:00,60.256,60.598,60.023,60.271,1227452
2217,2022-02-10 11:10:00,60.659,60.706,60.161,60.212,848299
2218,2022-02-10 11:05:00,60.487,60.854,60.259,60.604,944853
2219,2022-02-10 11:00:00,60.472,60.706,59.974,60.447,1947367
2220,2022-02-10 10:55:00,60.571,60.726,60.2,60.428,1955252
2221,2022-02-10 10:50:00,61.553,61.596,60.445,60.528,2120068
2222,2022-02-10 10:45:00,61.494,61.64,61.142,61.498,1375384
2223,2022-02-10 10:40:00,61.563,61.817,61.318,61.458,1373571
2224,2022-02-10 10:35:00,60.973,61.581,60.789,61.508,1893200
2225,2022-02-10 10:30:00,60.836,61.227,60.632,60.924,1694449
2226,2022-02-10 10:25:00,60.531,60.874,60.259,60.789,1300704
2227,2022-02-10 10:20:00,60.512,60.736,60.278,60.477,1199218
2228,2022-02-10 10:15:00,60.757,60.854,60.308,60.477,1670329
2229,2022-02-10 10:10:00,61.268,61.345,60.661,60.732,1953210
2230,2022-02-10 10:05:00,60.934,61.301,60.671,61.213,2168961
2231,2022-02-10 10:00:00,60.335,60.996,60.092,60.889,2182841
2232,2022-02-10 09:55:00,60.369,60.643,60.19,60.281,2006872
2233,2022-02-10 09:50:00,59.431,60.431,59.299,60.33,2976085
2234,2022-02-10 09:45:00,59.342,59.606,59.042,59.368,2047247
2235,2022-02-10 09:40:00,59.289,59.685,59.12,59.289,2093392
2236,2022-02-10 09:35:00,58.861,59.409,58.698,59.26,3183142
2237,2022-02-10 09:30:00,58.262,58.918,58.11,58.818,3792326
2238,2022-02-10 09:25:00,58.243,58.446,58.032,58.249,284987
2239,2022-02-10 09:20:00,58.301,58.397,58.09,58.18,199079
2240,2022-02-10 09:15:00,58.252,58.446,58.139,58.308,196418
2241,2022-02-10 09:10:00,58.233,58.437,57.943,58.15,283899
2242,2022-02-10 09:05:00,58.262,58.584,58.002,58.17,372363
2243,2022-02-10 09:00:00,58.999,59.026,58.07,58.209,710761
2244,2022-02-10 08:55:00,59.019,59.242,58.875,58.975,276450
2245,2022-02-10 08:50:00,59.058,59.301,58.885,58.946,623003
2246,2022-02-10 08:45:00,59.52,59.635,58.934,59.044,292321
2247,2022-02-10 08:40:00,59.854,59.881,59.346,59.485,298041
2248,2022-02-10 08:35:00,59.539,59.852,59.071,59.79,603898
2249,2022-02-10 08:30:00,61.808,61.827,59.189,59.456,1231904
2250,2022-02-10 08:25:00,61.759,61.856,61.593,61.792,47817
2251,2022-02-10 08:20:00,61.887,61.905,61.632,61.704,37870
2252,2022-02-10 08:15:00,61.867,61.974,61.78,61.832,25768
2253,2022-02-10 08:10:00,62.044,62.062,61.809,61.841,88311
2254,2022-02-10 08:05:00,61.828,62.092,61.75,62.028,65982
2255,2022-02-10 08:00:00,61.573,61.836,61.289,61.773,106497
2256,2022-02-10 07:55:00,61.73,61.797,61.564,61.655,7349
2257,2022-02-10 07:50:00,61.612,61.758,61.544,61.635,10402
2258,2022-02-10 07:45:00,61.602,61.66,61.534,61.566,3683
2259,2022-02-10 07:40:00,61.681,61.699,61.524,61.547,4995
2260,2022-02-10 07:35:00,61.651,61.709,61.544,61.645,9211
2261,2022-02-10 07:30:00,61.661,61.709,61.554,61.596,7587
2262,2022-02-10 07:25:00,61.72,61.738,61.574,61.616,12391
2263,2022-02-10 07:20:00,61.681,61.778,61.613,61.674,5838
2264,2022-02-10 07:15:00,61.72,61.787,61.603,61.635,5285
2265,2022-02-10 07:10:00,61.71,61.768,61.603,61.694,18555
2266,2022-02-10 07:05:00,61.582,61.738,61.515,61.674,18342
2267,2022-02-10 07:00:00,61.376,61.581,61.289,61.517,17373
2268,2022-02-10 06:55:00,61.376,61.394,61.23,61.301,1755
2269,2022-02-10 06:50:00,61.406,61.434,61.25,61.321,3134
2270,2022-02-10 06:45:00,61.415,61.463,61.318,61.39,12376
2271,2022-02-10 06:40:00,61.465,61.493,61.328,61.351,3459
2272,2022-02-10 06:35:00,61.425,61.542,61.358,61.419,2540
2273,2022-02-10 06:30:00,61.465,61.493,61.328,61.38,10013
2274,2022-02-10 06:25:00,61.455,61.473,61.367,61.39,818
2275,2022-02-10 06:20:00,61.425,61.463,61.358,61.39,1454
2276,2022-02-10 06:15:00,61.347,61.443,61.279,61.38,7618
2277,2022-02-10 06:10:00,61.317,61.414,61.23,61.351,2833
2278,2022-02-10 06:05:00,61.396,61.414,61.21,61.233,2072
2279,2022-02-10 06:00:00,61.465,61.493,61.367,61.39,736
2280,2022-02-10 05:55:00,61.376,61.463,61.289,61.4,1419
2281,2022-02-10 05:50:00,61.435,61.473,61.348,61.37,1921
2282,2022-02-10 05:45:00,61.435,61.453,61.309,61.331,543
2283,2022-02-10 05:40:00,61.455,61.473,61.328,61.39,5819
2284,2022-02-10 05:35:00,61.347,61.463,61.279,61.4,1317
2285,2022-02-10 05:30:00,61.357,61.414,61.279,61.301,27096
2286,2022-02-10 05:25:00,61.307,61.326,61.23,61.252,1802
2287,2022-02-10 05:20:00,61.317,61.365,61.23,61.272,23818
2288,2022-02-10 05:15:00,61.298,61.384,61.23,61.272,1409
2289,2022-02-10 05:10:00,61.199,61.316,61.132,61.252,3009
2290,2022-02-10 05:05:00,61.239,61.267,61.093,61.203,4427
2291,2022-02-10 05:00:00,61.288,61.306,61.112,61.135,10205
2292,2022-02-10 04:55:00,61.229,61.326,61.152,61.203,16906
2293,2022-02-10 04:50:00,61.199,61.267,61.122,61.144,33727
2294,2022-02-10 04:45:00,61.258,61.276,61.103,61.125,2320
2295,2022-02-10 04:40:00,61.199,61.237,61.093,61.174,1500
2296,2022-02-10 04:35:00,61.239,61.306,61.171,61.213,5962
2297,2022-02-10 04:30:00,61.199,61.247,61.093,61.184,11097
2298,2022-02-10 04:25:00,61.15,61.296,61.083,61.184,24475
2299,2022-02-10 04:20:00,61.19,61.227,61.053,61.076,7641
2300,2022-02-10 04:15:00,61.219,61.247,61.083,61.144,14229
2301,2022-02-10 04:10:00,61.17,61.276,61.093,61.213,5221
2302,2022-02-10 04:05:00,61.19,61.257,61.103,61.135,22582
2303,2022-02-10 04:00:00,61.543,61.561,60.896,61.154,42464
2304,2022-02-09 19:55:00,61.563,61.64,61.495,61.537,11550
2305,2022-02-09 19:50:00,61.651,61.689,61.495,61.517,10249
2306,2022-02-09 19:45:00,61.749,61.768,61.574,61.596,11803
2307,2022-02-09 19:40:00,61.759,61.807,61.672,61.724,13007
2308,2022-02-09 19:35:00,61.73,61.787,61.662,61.724,3946
2309,2022-02-09 19:30:00,61.779,61.846,61.691,61.714,13185
2310,2022-02-09 19:25:00,61.769,61.807,61.691,61.743,5207
2311,2022-02-09 19:20:00,61.71,61.768,61.642,61.694,16121
2312,2022-02-09 19:15:00,61.749,61.797,61.632,61.684,11588
2313,2022-02-09 19:10:00,61.828,61.866,61.691,61.714,14973
2314,2022-02-09 19:05:00,61.926,61.974,61.711,61.733,10614
2315,2022-02-09 19:00:00,61.926,62.004,61.838,61.9,8670
2316,2022-02-09 18:55:00,61.848,61.994,61.78,61.92,23517
2317,2022-02-09 18:50:00,61.916,61.935,61.77,61.822,7024
2318,2022-02-09 18:45:00,61.867,61.935,61.78,61.871,3410
2319,2022-02-09 18:40:00,61.936,61.954,61.789,61.822,4060
2320,2022-02-09 18:35:00,61.887,61.945,61.819,61.881,5480
2321,2022-02-09 18:30:00,62.005,62.023,61.809,61.841,59058
2322,2022-02-09 18:25:00,61.995,62.053,61.917,61.969,3195
2323,2022-02-09 18:20:00,62.034,62.053,61.878,61.939,11791
2324,2022-02-09 18:15:00,62.123,62.141,61.917,61.979,8344
2325,2022-02-09 18:10:00,62.093,62.151,62.005,62.067,10959
2326,2022-02-09 18:05:00,62.093,62.112,61.986,62.038,8162
2327,2022-02-09 18:00:00,62.083,62.171,61.966,62.038,38143
2328,2022-02-09 17:55:00,62.054,62.102,61.986,62.038,4061
2329,2022-02-09 17:50:00,62.074,62.112,61.995,62.018,4680
2330,2022-02-09 17:45:00,62.034,62.102,61.956,62.038,2289
2331,2022-02-09 17:40:00,62.015,62.082,61.946,61.979,2685
2332,2022-02-09 17:35:00,62.044,62.082,61.937,62.018,4711
2333,2022-02-09 17:30:00,62.054,62.082,61.927,61.998,16080
2334,2022-02-09 17:25:00,62.054,62.082,61.927,61.949,18412
2335,2022-02-09 17:20:00,62.064,62.102,61.976,61.998,12311
2336,2022-02-09 17:15:00,62.064,62.112,61.995,62.028,12474
2337,2022-02-09 17:10:00,62.093,62.112,61.986,62.018,5434
2338,2022-02-09 17:05:00,62.074,62.141,61.986,62.047,4798
2339,2022-02-09 17:00:00,62.064,62.141,61.966,61.989,22243
2340,2022-02-09 16:55:00,62.064,62.121,61.976,62.057,36371
2341,2022-02-09 16:50:00,62.025,62.131,61.946,62.018,8785
2342,2022-02-09 16:45:00,62.142,62.161,61.976,62.008,24737
2343,2022-02-09 16:40:00,62.182,62.21,62.074,62.097,11670
2344,2022-02-09 16:35:00,62.152,62.22,62.074,62.126,12161
2345,2022-02-09 16:30:00,62.201,62.239,62.064,62.097,22148
2346,2022-02-09 16:25:00,62.182,62.279,62.103,62.195,42181
2347,2022-02-09 16:20:00,62.015,62.2,61.888,62.126,64539
2348,2022-02-09 16:15:00,61.946,62.023,61.868,61.959,41222
2349,2022-02-09 16:10:00,61.838,61.994,61.76,61.91,45340
2350,2022-02-09 16:05:00,61.848,61.905,61.721,61.782,101762
2351,2022-02-09 16:00:00,61.956,61.974,61.701,61.792,276142
2352,2022-02-09 15:55:00,61.789,61.984,61.563,61.92,1598940
2353,2022-02-09 15:50:00,61.749,61.984,61.534,61.743,1962642
2354,2022-02-09 15:45:00,61.543,61.836,61.377,61.704,852508
2355,2022-02-09 15:40:00,61.749,61.768,61.24,61.507,1145884
2356,2022-02-09 15:35:00,61.818,61.905,61.642,61.699,804410
2357,2022-02-09 15:30:00,61.519,61.846,61.387,61.763,1379189
2358,2022-02-09 15:25:00,61.248,61.552,60.956,61.473,854945
2359,2022-02-09 15:20:00,61.139,61.296,61.0,61.189,700517
2360,2022-02-09 15:15:00,60.993,61.158,60.759,61.095,863510
2361,2022-02-09 15:10:00,61.072,61.276,60.916,60.938,611530
2362,2022-02-09 15:05:00,61.347,61.365,60.946,61.017,670747
2363,2022-02-09 15:00:00,61.327,61.375,60.99,61.292,1048594
2364,2022-02-09 14:55:00,61.553,61.581,61.23,61.272,640525
2365,2022-02-09 14:50:00,61.524,61.65,61.407,61.508,509990
2366,2022-02-09 14:45:00,61.681,61.748,61.426,61.478,646541
2367,2022-02-09 14:40:00,61.582,61.728,61.446,61.635,724365
2368,2022-02-09 14:35:00,61.484,61.64,61.398,61.547,429842
2369,2022-02-09 14:30:00,61.563,61.591,61.359,61.439,345679
2370,2022-02-09 14:25:00,61.504,61.61,61.407,61.517,309486
2371,2022-02-09 14:20:00,61.474,61.542,61.387,61.448,274112
2372,2022-02-09 14:15:00,61.553,61.61,61.397,61.439,538509
2373,2022-02-09 14:10:00,61.587,61.66,61.426,61.507,559980
2374,2022-02-09 14:05:00,61.376,61.61,61.289,61.532,762774
2375,2022-02-09 14:00:00,61.239,61.453,61.161,61.324,827118
2376,2022-02-09 13:55:00,61.121,61.257,60.995,61.193,415435
2377,2022-02-09 13:50:00,61.101,61.188,60.965,61.085,278664
2378,2022-02-09 13:45:00,61.16,61.237,61.004,61.056,360545
2379,2022-02-09 13:40:00,60.983,61.208,60.888,61.125,414305
2380,2022-02-09 13:35:00,61.219,61.237,60.906,60.938,396657
2381,2022-02-09 13:30:00,61.19,61.286,61.073,61.173,274977
2382,2022-02-09 13:25:00,61.19,61.316,61.063,61.14,236819
2383,2022-02-09 13:20:00,61.199,61.345,61.093,61.135,348996
2384,2022-02-09 13:15:00,61.091,61.286,61.014,61.16,429989
2385,2022-02-09 13:10:00,61.244,61.316,60.995,61.046,405556
2386,2022-02-09 13:05:00,61.239,61.345,61.103,61.203,439641
2387,2022-02-09 13:00:00,61.278,61.394,61.084,61.193,616952
2388,2022-02-09 12:55:00,61.18,61.316,61.073,61.223,470022
2389,2022-02-09 12:50:00,61.214,61.257,61.024,61.125,320545
2390,2022-02-09 12:45:00,61.209,61.267,61.073,61.174,423531
2391,2022-02-09 12:40:00,61.179,61.286,61.024,61.154,775415
2392,2022-02-09 12:35:00,60.826,61.198,60.705,61.124,904604
2393,2022-02-09 12:30:00,60.856,61.016,60.612,60.781,782043
2394,2022-02-09 12:25:00,60.818,60.972,60.751,60.82,570334
2395,2022-02-09 12:20:00,60.757,60.902,60.622,60.781,684133
2396,2022-02-09 12:15:00,60.679,60.805,60.563,60.713,513977
2397,2022-02-09 12:10:00,60.541,60.706,60.347,60.634,658035
2398,2022-02-09 12:05:00,60.679,60.697,60.318,60.497,861885
2399,2022-02-09 12:00:00,60.595,60.775,60.367,60.624,592636
2400,2022-02-09 11:55:00,60.541,60.716,60.367,60.554,733045
2401,2022-02-09 11:50:00,60.846,60.982,60.455,60.497,775108
2402,2022-02-09 11:45:00,60.679,60.937,60.592,60.811,535631
2403,2022-02-09 11:40:00,60.856,60.953,60.543,60.642,604664
2404,2022-02-09 11:35:00,60.787,61.011,60.64,60.801,777638
2405,2022-02-09 11:30:00,60.728,60.844,60.504,60.752,822038
2406,2022-02-09 11:25:00,60.836,60.942,60.661,60.688,524624
2407,2022-02-09 11:20:00,60.718,60.903,60.573,60.771,559804
2408,2022-02-09 11:15:00,60.58,60.81,60.466,60.673,710708
2409,2022-02-09 11:10:00,60.738,60.932,60.396,60.526,1093538
2410,2022-02-09 11:05:00,61.032,61.07,60.622,60.693,880336
2411,2022-02-09 11:00:00,60.835,61.09,60.759,60.978,1751979
2412,2022-02-09 10:55:00,60.364,60.859,60.283,60.781,1565988
2413,2022-02-09 10:50:00,60.384,60.598,60.2,60.31,832826
2414,2022-02-09 10:45:00,60.345,60.477,60.141,60.339,538830
2415,2022-02-09 10:40:00,60.487,60.638,60.268,60.3,714695
2416,2022-02-09 10:35:00,60.58,60.746,60.386,60.447,1309483
2417,2022-02-09 10:30:00,60.286,60.726,60.121,60.531,1297913
2418,2022-02-09 10:25:00,59.971,60.49,59.856,60.231,2385104
2419,2022-02-09 10:20:00,59.775,60.196,59.66,59.927,1279140
2420,2022-02-09 10:15:00,60.079,60.196,59.621,59.728,1367494
2421,2022-02-09 10:10:00,60.463,60.559,59.856,60.015,1319858
2422,2022-02-09 10:05:00,60.355,60.618,60.053,60.418,1169574
2423,2022-02-09 10:00:00,60.011,60.485,59.945,60.32,1285928
2424,2022-02-09 09:55:00,60.05,60.215,59.768,59.962,1379871
2425,2022-02-09 09:50:00,60.168,60.304,59.778,60.006,1490889
2426,2022-02-09 09:45:00,60.472,60.657,59.935,60.133,2078244
2427,2022-02-09 09:40:00,60.689,60.824,60.308,60.428,1692039
2428,2022-02-09 09:35:00,60.364,60.893,60.087,60.642,2120312
2429,2022-02-09 09:30:00,60.482,60.736,60.043,60.32,3766101
2430,2022-02-09 09:25:00,60.541,60.589,60.376,60.447,212631
2431,2022-02-09 09:20:00,60.492,60.589,60.347,60.487,33511
2432,2022-02-09 09:15:00,60.453,60.51,60.357,60.428,22313
2433,2022-02-09 09:10:00,60.541,60.608,60.396,60.428,26867
2434,2022-02-09 09:05:00,60.423,60.579,60.347,60.497,26085
2435,2022-02-09 09:00:00,60.472,60.539,60.337,60.379,51919
2436,2022-02-09 08:55:00,60.561,60.589,60.386,60.408,48486
2437,2022-02-09 08:50:00,60.512,60.569,60.435,60.487,24631
2438,2022-02-09 08:45:00,60.541,60.598,60.416,60.467,47760
2439,2022-02-09 08:40:00,60.522,60.598,60.435,60.506,16226
2440,2022-02-09 08:35:00,60.61,60.667,60.455,60.477,23258
2441,2022-02-09 08:30:00,60.649,60.667,60.475,60.565,38356
2442,2022-02-09 08:25:00,60.649,60.706,60.533,60.604,46889
2443,2022-02-09 08:20:00,60.679,60.746,60.524,60.575,80541
2444,2022-02-09 08:15:00,60.698,60.785,60.612,60.644,80415
2445,2022-02-09 08:10:00,60.551,60.805,60.484,60.673,59869
2446,2022-02-09 08:05:00,60.482,60.618,60.416,60.516,42526
2447,2022-02-09 08:00:00,60.286,60.648,58.875,60.438,225013
2448,2022-02-09 07:55:00,60.522,60.638,60.435,60.457,30564
2449,2022-02-09 07:50:00,60.472,60.579,60.406,60.447,14895
2450,2022-02-09 07:45:00,60.443,60.53,60.376,60.428,14708
2451,2022-02-09 07:40:00,60.315,60.48,60.249,60.418,19336
2452,2022-02-09 07:35:00,60.404,60.431,60.2,60.261,61491
2453,2022-02-09 07:30:00,60.423,60.461,60.347,60.369,38491
2454,2022-02-09 07:25:00,60.394,60.5,60.318,60.359,12476
2455,2022-02-09 07:20:00,60.492,60.51,60.327,60.369,37992
2456,2022-02-09 07:15:00,60.522,60.569,60.367,60.438,45823
2457,2022-02-09 07:10:00,60.512,60.638,60.445,60.467,69538
2458,2022-02-09 07:05:00,60.443,60.53,60.347,60.467,43508
2459,2022-02-09 07:00:00,60.276,60.549,60.102,60.447,93582
2460,2022-02-09 06:55:00,60.197,60.372,60.092,60.231,17583
2461,2022-02-09 06:50:00,60.06,60.205,59.994,60.143,6888
2462,2022-02-09 06:45:00,60.03,60.078,59.945,60.006,2711
2463,2022-02-09 06:40:00,59.952,60.068,59.886,60.006,4746
2464,2022-02-09 06:35:00,59.942,59.96,59.847,59.888,2916
2465,2022-02-09 06:30:00,59.932,59.999,59.856,59.908,8526
2466,2022-02-09 06:25:00,59.893,59.95,59.827,59.888,3963
2467,2022-02-09 06:20:00,59.952,59.97,59.807,59.829,6514
2468,2022-02-09 06:15:00,59.844,59.989,59.778,59.878,5604
2469,2022-02-09 06:10:00,59.785,59.871,59.719,59.79,3552
2470,2022-02-09 06:05:00,59.795,59.812,59.67,59.721,3380
2471,2022-02-09 06:00:00,59.903,59.93,59.758,59.78,7390
2472,2022-02-09 05:55:00,59.952,59.989,59.827,59.849,5739
2473,2022-02-09 05:50:00,59.913,59.989,59.847,59.927,5585
2474,2022-02-09 05:45:00,59.962,60.009,59.856,59.878,22994
2475,2022-02-09 05:40:00,59.893,59.999,59.827,59.898,20695
2476,2022-02-09 05:35:00,59.903,59.94,59.807,59.849,1763
2477,2022-02-09 05:30:00,59.942,59.989,59.817,59.839,1470
2478,2022-02-09 05:25:00,59.913,59.94,59.748,59.878,9110
2479,2022-02-09 05:20:00,59.962,59.989,59.856,59.878,4604
2480,2022-02-09 05:15:00,59.952,60.009,59.856,59.898,13153
2481,2022-02-09 05:10:00,59.775,59.989,59.699,59.927,16361
2482,2022-02-09 05:05:00,59.687,59.822,59.591,59.741,6651
2483,2022-02-09 05:00:00,59.598,59.704,59.474,59.633,3018
2484,2022-02-09 04:55:00,59.608,59.655,59.523,59.544,14048
2485,2022-02-09 04:50:00,59.647,59.665,59.542,59.574,19356
2486,2022-02-09 04:45:00,59.677,59.724,59.572,59.613,10314
2487,2022-02-09 04:40:00,59.696,59.763,59.621,59.643,4550
2488,2022-02-09 04:35:00,59.667,59.753,59.601,59.662,7963
2489,2022-02-09 04:30:00,59.618,59.694,59.523,59.633,30770
2490,2022-02-09 04:25:00,59.647,59.665,59.513,59.584,17933
2491,2022-02-09 04:20:00,59.726,59.744,59.562,59.603,15364
2492,2022-02-09 04:15:00,59.726,59.763,59.572,59.692,6553
2493,2022-02-09 04:10:00,59.736,59.812,59.64,59.692,10795
2494,2022-02-09 04:05:00,59.549,59.763,59.483,59.682,44181
2495,2022-02-09 04:00:00,58.94,59.724,58.875,59.515,40741
2496,2022-02-08 19:55:00,58.577,58.613,58.453,58.503,29720
2497,2022-02-08 19:50:00,58.577,58.604,58.453,58.543,11298
2498,2022-02-08 19:45:00,58.518,58.594,58.453,58.533,6939
2499,2022-02-08 19:40:00,58.527,58.545,58.424,58.445,1909
2500,2022-02-08 19:35:00,58.498,58.515,58.404,58.445,2820
2501,2022-02-08 19:30:00,58.508,58.555,58.394,58.445,7156
2502,2022-02-08 19:25:00,58.567,58.613,58.473,58.494,3861
2503,2022-02-08 19:20:00,58.694,58.751,58.463,58.484,8896
2504,2022-02-08 19:15:00,58.734,58.761,58.639,58.661,3440
2505,2022-02-08 19:10:00,58.812,58.83,58.669,58.69,4840
2506,2022-02-08 19:05:00,58.832,58.849,58.728,58.778,10613
2507,2022-02-08 19:00:00,58.822,58.849,58.64,58.7,22088
2508,2022-02-08 18:55:00,58.763,58.82,58.679,58.759,11446
2509,2022-02-08 18:50:00,58.704,58.82,58.64,58.759,22640
2510,2022-02-08 18:45:00,58.793,58.82,58.649,58.671,3340
2511,2022-02-08 18:40:00,58.714,58.81,58.649,58.749,2966
2512,2022-02-08 18:35:00,58.763,58.781,58.63,58.651,3676
2513,2022-02-08 18:30:00,58.812,58.83,58.689,58.739,10821
2514,2022-02-08 18:25:00,58.734,58.938,58.669,58.808,24144
2515,2022-02-08 18:20:00,58.626,58.761,58.561,58.69,13534
2516,2022-02-08 18:15:00,58.616,58.682,58.541,58.563,15486
2517,2022-02-08 18:10:00,58.557,58.643,58.492,58.553,5821
2518,2022-02-08 18:05:00,58.498,58.613,58.434,58.514,7078
2519,2022-02-08 18:00:00,58.41,58.515,58.306,58.445,13711
2520,2022-02-08 17:55:00,58.292,58.348,58.227,58.288,4634
2521,2022-02-08 17:50:00,58.282,58.309,58.188,58.249,4939
2522,2022-02-08 17:45:00,58.272,58.289,58.208,58.229,117
2523,2022-02-08 17:40:00,58.301,58.348,58.218,58.258,2370
2524,2022-02-08 17:35:00,58.321,58.338,58.139,58.209,1934
2525,2022-02-08 17:30:00,58.252,58.27,58.188,58.209,1591
2526,2022-02-08 17:25:00,58.292,58.309,58.188,58.209,1243
2527,2022-02-08 17:20:00,58.243,58.309,58.149,58.229,3767
2528,2022-02-08 17:15:00,58.38,58.397,58.149,58.17,9289
2529,2022-02-08 17:10:00,58.41,58.456,58.306,58.327,3542
2530,2022-02-08 17:05:00,58.41,58.427,58.335,58.357,1581
2531,2022-02-08 17:00:00,58.449,58.476,58.345,58.406,5410
2532,2022-02-08 16:55:00,58.41,58.456,58.316,58.396,7351
2533,2022-02-08 16:50:00,58.419,58.437,58.306,58.337,7867
2534,2022-02-08 16:45:00,58.4,58.446,58.326,58.357,26518
2535,2022-02-08 16:40:00,58.41,58.437,58.316,58.357,8742
2536,2022-02-08 16:35:00,58.41,58.437,58.326,58.366,13932
2537,2022-02-08 16:30:00,58.419,58.466,58.335,58.386,7942
2538,2022-02-08 16:25:00,58.41,58.437,58.326,58.357,6688
2539,2022-02-08 16:20:00,58.439,58.466,58.316,58.357,15561
2540,2022-02-08 16:15:00,58.37,58.466,58.277,58.386,25011
2541,2022-02-08 16:10:00,58.537,58.574,58.296,58.317,79103
2542,2022-02-08 16:05:00,58.38,58.604,58.316,58.494,66207
2543,2022-02-08 16:00:00,58.292,58.427,58.09,58.317,234903
2544,2022-02-08 15:55:00,58.567,58.786,58.159,58.239,2008841
2545,2022-02-08 15:50:00,58.193,58.653,57.894,58.533,1937378
2546,2022-02-08 15:45:00,58.1,58.338,57.894,58.141,1051815
2547,2022-02-08 15:40:00,58.075,58.368,57.999,58.062,1135591
2548,2022-02-08 15:35:00,58.159,58.201,57.86,58.031,859477
2549,2022-02-08 15:30:00,57.879,58.309,57.737,58.121,1114847
2550,2022-02-08 15:25:00,57.967,58.024,57.619,57.841,654806
2551,2022-02-08 15:20:00,58.085,58.171,57.786,57.925,770322
2552,2022-02-08 15:15:00,58.026,58.26,57.884,58.034,1596543
2553,2022-02-08 15:10:00,57.476,58.083,57.374,57.993,1544226
2554,2022-02-08 15:05:00,57.309,57.55,57.089,57.424,559895
2555,2022-02-08 15:00:00,57.27,57.444,56.854,57.267,929113
2556,2022-02-08 14:55:00,57.453,57.513,57.099,57.228,590288
2557,2022-02-08 14:50:00,57.299,57.542,57.197,57.414,727208
2558,2022-02-08 14:45:00,57.26,57.385,57.011,57.257,642790
2559,2022-02-08 14:40:00,57.074,57.326,57.006,57.228,698323
2560,2022-02-08 14:35:00,57.408,57.533,56.932,57.022,1068870
2561,2022-02-08 14:30:00,57.172,57.474,57.03,57.365,1021394
2562,2022-02-08 14:25:00,57.388,57.425,57.079,57.13,897602
2563,2022-02-08 14:20:00,57.732,57.759,57.232,57.355,1084124
2564,2022-02-08 14:15:00,57.937,57.985,57.58,57.699,638887
2565,2022-02-08 14:10:00,57.948,58.004,57.776,57.876,463965
2566,2022-02-08 14:05:00,58.026,58.152,57.855,57.915,627300
2567,2022-02-08 14:00:00,57.811,58.053,57.717,57.993,581791
2568,2022-02-08 13:55:00,57.604,57.847,57.529,57.773,614851
2569,2022-02-08 13:50:00,57.761,57.778,57.384,57.542,574788
2570,2022-02-08 13:45:00,57.633,57.808,57.462,57.709,500731
2571,2022-02-08 13:40:00,57.731,57.808,57.443,57.591,733955
2572,2022-02-08 13:35:00,57.909,58.093,57.57,57.679,941420
2573,2022-02-08 13:30:00,57.751,57.985,57.678,57.866,556092
2574,2022-02-08 13:25:00,57.761,57.837,57.541,57.699,484082
2575,2022-02-08 13:20:00,57.8,57.881,57.619,57.719,342549
2576,2022-02-08 13:15:00,58.115,58.132,57.521,57.748,1172046
2577,2022-02-08 13:10:00,57.967,58.152,57.766,58.077,693842
2578,2022-02-08 13:05:00,58.066,58.093,57.816,57.925,545251
2579,2022-02-08 13:00:00,58.181,58.198,57.912,58.013,495344
2580,2022-02-08 12:55:00,58.331,58.358,58.07,58.131,442859
2581,2022-02-08 12:50:00,58.302,58.417,58.208,58.288,338927
2582,2022-02-08 12:45:00,58.419,58.535,58.208,58.268,509447
2583,2022-02-08 12:40:00,58.478,58.594,58.326,58.366,682367
2584,2022-02-08 12:35:00,58.193,58.564,58.09,58.428,1034874
2585,2022-02-08 12:30:00,57.899,58.259,57.83,58.16,880137
2586,2022-02-08 12:25:00,57.789,57.935,57.658,57.846,448234
2587,2022-02-08 12:20:00,57.742,57.896,57.59,57.733,459091
2588,2022-02-08 12:15:00,57.535,57.778,57.359,57.698,566757
2589,2022-02-08 12:10:00,57.525,57.7,57.398,57.488,394003
2590,2022-02-08 12:05:00,57.781,57.818,57.374,57.483,726237
2591,2022-02-08 12:00:00,57.771,58.063,57.652,57.748,1309256
2592,2022-02-08 11:55:00,57.742,57.867,57.59,57.719,450310
2593,2022-02-08 11:50:00,57.752,57.945,57.531,57.694,713605
2594,2022-02-08 11:45:00,57.8,57.965,57.678,57.709,567266
2595,2022-02-08 11:40:00,57.791,57.921,57.599,57.749,527213
2596,2022-02-08 11:35:00,57.722,57.926,57.531,57.748,645628
2597,2022-02-08 11:30:00,57.496,57.877,57.403,57.669,1252149
2598,2022-02-08 11:25:00,57.447,57.552,57.236,57.454,612394
2599,2022-02-08 11:20:00,57.624,57.66,57.246,57.395,990513
2600,2022-02-08 11:15:00,57.486,57.709,57.344,57.571,1352529
2601,2022-02-08 11:10:00,57.367,57.557,57.089,57.454,872731
2602,2022-02-08 11:05:00,57.28,57.415,57.011,57.316,844900
2603,2022-02-08 11:00:00,56.818,57.308,56.728,57.238,1167143
2604,2022-02-08 10:55:00,56.936,56.973,56.726,56.771,729328
2605,2022-02-08 10:50:00,56.641,57.076,56.471,56.885,1245709
2606,2022-02-08 10:45:00,56.17,56.805,56.108,56.609,1551458
2607,2022-02-08 10:40:00,55.895,56.245,55.706,56.133,811235
2608,2022-02-08 10:35:00,55.493,56.029,55.222,55.844,1349035
2609,2022-02-08 10:30:00,55.63,55.764,55.401,55.47,787523
2610,2022-02-08 10:25:00,56.013,56.083,55.377,55.579,1121283
2611,2022-02-08 10:20:00,56.042,56.157,55.843,55.961,922777
2612,2022-02-08 10:15:00,55.6,56.255,55.519,56.011,1798421
2613,2022-02-08 10:10:00,55.551,55.774,55.264,55.559,1308640
2614,2022-02-08 10:05:00,55.354,55.742,55.176,55.515,1372096
2615,2022-02-08 10:00:00,55.846,55.872,55.176,55.314,2029936
2616,2022-02-08 09:55:00,56.013,56.255,55.706,55.814,1148117
2617,2022-02-08 09:50:00,56.131,56.294,55.794,55.981,1455278
2618,2022-02-08 09:45:00,56.16,56.54,55.941,56.099,1384796
2619,2022-02-08 09:40:00,56.347,56.638,55.882,56.115,1329084
2620,2022-02-08 09:35:00,55.738,56.56,55.666,56.325,1730012
2621,2022-02-08 09:30:00,55.787,56.363,55.549,55.687,1885263
2622,2022-02-08 09:25:00,55.816,55.951,55.647,55.765,58064
2623,2022-02-08 09:20:00,55.728,55.842,55.647,55.765,32803
2624,2022-02-08 09:15:00,55.747,55.793,55.657,55.677,19659
2625,2022-02-08 09:10:00,55.855,55.96,55.715,55.736,39917
2626,2022-02-08 09:05:00,55.905,56.0,55.784,55.804,80548
2627,2022-02-08 09:00:00,55.944,56.029,55.843,55.903,54853
2628,2022-02-08 08:55:00,55.826,56.018,55.725,55.903,37879
2629,2022-02-08 08:50:00,55.708,55.921,55.549,55.785,33956
2630,2022-02-08 08:45:00,55.757,55.784,55.608,55.667,31918
2631,2022-02-08 08:40:00,55.846,55.862,55.676,55.706,24435
2632,2022-02-08 08:35:00,55.885,55.97,55.755,55.804,20920
2633,2022-02-08 08:30:00,55.914,55.951,55.706,55.844,42216
2634,2022-02-08 08:25:00,55.964,55.99,55.814,55.854,24263
2635,2022-02-08 08:20:00,56.101,56.177,55.902,55.952,30667
2636,2022-02-08 08:15:00,56.072,56.137,55.97,56.04,32044
2637,2022-02-08 08:10:00,56.042,56.088,55.931,56.03,27412
2638,2022-02-08 08:05:00,55.895,56.137,55.814,55.971,54942
2639,2022-02-08 08:00:00,55.659,56.589,55.392,55.854,114148
2640,2022-02-08 07:55:00,55.61,55.882,55.549,55.804,19730
2641,2022-02-08 07:50:00,55.708,55.764,55.509,55.608,47313
2642,2022-02-08 07:45:00,55.58,55.754,55.49,55.647,40138
2643,2022-02-08 07:40:00,55.738,55.754,55.568,55.588,20399
2644,2022-02-08 07:35:00,55.688,55.734,55.539,55.677,10378
2645,2022-02-08 07:30:00,55.62,55.725,55.549,55.618,9649
2646,2022-02-08 07:25:00,55.531,55.675,55.392,55.618,18686
2647,2022-02-08 07:20:00,55.688,55.705,55.392,55.49,29609
2648,2022-02-08 07:15:00,55.905,55.921,55.392,55.696,84953
2649,2022-02-08 07:10:00,55.895,55.99,55.765,55.863,22219
2650,2022-02-08 07:05:00,55.797,55.921,55.658,55.863,28468
2651,2022-02-08 07:00:00,55.983,56.01,55.706,55.726,40501
2652,2022-02-08 06:55:00,55.865,56.01,55.784,55.952,3121
2653,2022-02-08 06:50:00,55.826,55.931,55.657,55.863,30230
2654,2022-02-08 06:45:00,56.022,56.039,55.735,55.765,8544
2655,2022-02-08 06:40:00,55.895,56.206,55.833,56.06,6897
2656,2022-02-08 06:35:00,56.219,56.245,55.804,55.863,9032
2657,2022-02-08 06:30:00,56.131,56.304,56.059,56.148,5748
2658,2022-02-08 06:25:00,56.131,56.147,55.961,56.089,17659
2659,2022-02-08 06:20:00,56.268,56.285,56.098,56.119,1785
2660,2022-02-08 06:15:00,56.327,56.344,56.118,56.207,12007
2661,2022-02-08 06:10:00,56.327,56.363,56.177,56.236,18043
2662,2022-02-08 06:05:00,56.435,56.599,56.255,56.276,27326
2663,2022-02-08 06:00:00,56.484,56.501,56.137,56.384,2847
2664,2022-02-08 05:55:00,56.386,56.462,56.324,56.403,7046
2665,2022-02-08 05:50:00,56.602,56.619,56.324,56.364,10871
2666,2022-02-08 05:45:00,56.445,56.57,56.383,56.511,132063
2667,2022-02-08 05:40:00,56.425,56.501,56.343,56.403,88040
2668,2022-02-08 05:35:00,56.474,56.491,56.334,56.393,71144
2669,2022-02-08 05:30:00,56.356,56.491,56.294,56.393,69562
2670,2022-02-08 05:25:00,56.111,56.373,56.049,56.256,3970
2671,2022-02-08 05:20:00,56.219,56.245,56.059,56.089,4074
2672,2022-02-08 05:15:00,56.248,56.275,56.029,56.128,8541
2673,2022-02-08 05:10:00,56.347,56.383,56.186,56.207,10437
2674,2022-02-08 05:05:00,56.278,56.334,56.216,56.276,3650
2675,2022-02-08 05:00:00,56.327,56.344,56.147,56.246,18294
2676,2022-02-08 04:55:00,56.523,56.54,56.265,56.354,25451
2677,2022-02-08 04:50:00,56.582,56.963,56.481,56.501,18017
2678,2022-02-08 04:45:00,56.514,56.57,56.442,56.462,5514
2679,2022-02-08 04:40:00,56.641,56.678,56.442,56.472,5729
2680,2022-02-08 04:35:00,56.632,56.648,56.53,56.58,31371
2681,2022-02-08 04:30:00,56.661,56.727,56.559,56.58,25157
2682,2022-02-08 04:25:00,56.838,56.884,56.599,56.619,22333
2683,2022-02-08 04:20:00,56.779,56.894,56.687,56.786,19264
2684,2022-02-08 04:15:00,56.671,56.845,56.608,56.786,6156
2685,2022-02-08 04:10:00,56.681,56.707,56.599,56.629,6892
2686,2022-02-08 04:05:00,56.681,56.737,56.55,56.629,35990
2687,2022-02-08 04:00:00,56.602,56.737,56.52,56.658,42960
2688,2022-02-07 19:55:00,56.808,56.845,56.677,56.776,34993
2689,2022-02-07 19:50:00,56.799,56.845,56.716,56.766,19398
2690,2022-02-07 19:45:00,56.759,56.874,56.677,56.815,10665
2691,2022-02-07 19:40:00,56.73,56.766,56.648,56.708,4526
2692,2022-02-07 19:35:00,56.74,56.756,56.638,56.658,355
2693,2022-02-07 19:30:00,56.71,56.796,56.648,56.737,3515
2694,2022-02-07 19:25:00,56.651,56.737,56.579,56.639,21932
2695,2022-02-07 19:20:00,56.916,56.933,56.559,56.6,7679
2696,2022-02-07 19:15:00,56.877,56.923,56.814,56.865,8320
2697,2022-02-07 19:10:00,56.907,56.923,56.765,56.806,3435
2698,2022-02-07 19:05:00,56.956,56.973,56.805,56.835,13609
2699,2022-02-07 19:00:00,56.926,56.992,56.864,56.914,19481
2700,2022-02-07 18:55:00,56.857,56.904,56.775,56.845,3950
2701,2022-02-07 18:50:00,56.907,56.933,56.795,56.815,20222
2702,2022-02-07 18:45:00,56.857,56.933,56.785,56.835,25615
2703,2022-02-07 18:40:00,56.828,56.864,56.746,56.786,21723
2704,2022-02-07 18:35:00,56.808,56.854,56.716,56.786,5518
2705,2022-02-07 18:30:00,56.838,56.894,56.736,56.766,10857
2706,2022-02-07 18:25:00,56.887,56.904,56.785,56.815,6568
2707,2022-02-07 18:20:00,56.74,56.923,56.667,56.845,11347
2708,2022-02-07 18:15:00,56.7,56.727,56.618,56.668,6635
2709,2022-02-07 18:10:00,56.632,56.717,56.55,56.649,3104
2710,2022-02-07 18:05:00,56.71,56.727,56.53,56.55,4608
2711,2022-02-07 18:00:00,56.74,56.805,56.589,56.658,10925
2712,2022-02-07 17:55:00,56.74,56.756,56.618,56.688,2850
2713,2022-02-07 17:50:00,56.72,56.766,56.599,56.708,3746
2714,2022-02-07 17:45:00,56.632,56.766,56.55,56.639,6406
2715,2022-02-07 17:40:00,56.632,56.697,56.559,56.58,2887
2716,2022-02-07 17:35:00,56.681,56.697,56.599,56.619,3253
2717,2022-02-07 17:30:00,56.622,56.697,56.52,56.639,3800
2718,2022-02-07 17:25:00,56.632,56.678,56.559,56.58,1290
2719,2022-02-07 17:20:00,56.622,56.678,56.559,56.59,2793
2720,2022-02-07 17:15:00,56.69,56.747,56.53,56.56,7872
2721,2022-02-07 17:10:00,56.779,56.796,56.618,56.737,1290
2722,2022-02-07 17:05:00,56.681,56.796,56.569,56.737,19065
2723,2022-02-07 17:00:00,56.749,56.796,56.618,56.639,9191
2724,2022-02-07 16:55:00,56.828,56.864,56.697,56.717,39018
2725,2022-02-07 16:50:00,56.759,56.845,56.697,56.776,21455
2726,2022-02-07 16:45:00,56.74,56.776,56.657,56.708,8192
2727,2022-02-07 16:40:00,56.769,56.786,56.657,56.717,26065
2728,2022-02-07 16:35:00,56.72,56.796,56.638,56.708,38929
2729,2022-02-07 16:30:00,56.681,56.747,56.599,56.688,11757
2730,2022-02-07 16:25:00,56.641,56.727,56.579,56.649,21638
2731,2022-02-07 16:20:00,56.632,56.688,56.559,56.609,13366
2732,2022-02-07 16:15:00,56.681,56.707,56.53,56.58,25954
2733,2022-02-07 16:10:00,56.612,56.717,56.55,56.619,63423
2734,2022-02-07 16:05:00,56.632,56.697,56.54,56.58,90866
2735,2022-02-07 16:00:00,56.356,56.697,56.294,56.619,382431
2736,2022-02-07 15:55:00,55.836,56.432,55.657,56.315,2229772
2737,2022-02-07 15:50:00,56.317,56.648,55.706,55.795,2039780
2738,2022-02-07 15:45:00,56.582,56.628,56.196,56.276,1250300
2739,2022-02-07 15:40:00,56.69,56.815,56.432,56.541,1112326
2740,2022-02-07 15:35:00,57.25,57.39,56.608,56.649,1181457
2741,2022-02-07 15:30:00,57.241,57.425,57.07,57.198,910834
2742,2022-02-07 15:25:00,57.643,57.759,57.06,57.189,1004823
2743,2022-02-07 15:20:00,57.923,58.019,57.492,57.591,673722
2744,2022-02-07 15:15:00,58.223,58.27,57.845,57.885,427859
2745,2022-02-07 15:10:00,57.84,58.259,57.688,58.19,1063333
2746,2022-02-07 15:05:00,57.889,57.955,57.521,57.807,489306
2747,2022-02-07 15:00:00,57.683,57.916,57.403,57.836,765232
2748,2022-02-07 14:55:00,57.771,57.877,57.59,57.655,412614
2749,2022-02-07 14:50:00,57.771,57.827,57.492,57.728,464805
2750,2022-02-07 14:45:00,57.967,58.034,57.688,57.738,508114
2751,2022-02-07 14:40:00,57.733,58.043,57.599,57.935,608623
2752,2022-02-07 14:35:00,57.825,57.985,57.57,57.69,765412
2753,2022-02-07 14:30:00,57.83,57.955,57.649,57.777,708442
2754,2022-02-07 14:25:00,57.29,57.857,57.187,57.797,713621
2755,2022-02-07 14:20:00,57.329,57.464,57.13,57.247,391089
2756,2022-02-07 14:15:00,57.211,57.533,57.089,57.296,607656
2757,2022-02-07 14:10:00,57.221,57.375,57.138,57.169,326688
2758,2022-02-07 14:05:00,57.506,57.528,57.109,57.174,717415
2759,2022-02-07 14:00:00,57.575,57.641,57.354,57.473,801783
2760,2022-02-07 13:55:00,57.231,57.67,57.168,57.521,647130
2761,2022-02-07 13:50:00,57.201,57.385,57.071,57.198,441605
2762,2022-02-07 13:45:00,57.457,57.542,57.041,57.17,664850
2763,2022-02-07 13:40:00,57.466,57.572,57.355,57.405,307884
2764,2022-02-07 13:35:00,57.378,57.542,57.236,57.424,276597
2765,2022-02-07 13:30:00,57.447,57.611,57.227,57.326,779188
2766,2022-02-07 13:25:00,57.299,57.557,57.168,57.414,674116
2767,2022-02-07 13:20:00,57.285,57.459,57.128,57.244,366221
2768,2022-02-07 13:15:00,57.369,57.425,57.109,57.247,639842
2769,2022-02-07 13:10:00,57.245,57.552,57.07,57.336,712681
2770,2022-02-07 13:05:00,57.034,57.316,56.893,57.198,634434
2771,2022-02-07 13:00:00,56.715,57.208,56.54,56.992,1099060
2772,2022-02-07 12:55:00,56.71,56.904,56.569,56.668,441382
2773,2022-02-07 12:50:00,56.799,56.923,56.628,56.668,446694
2774,2022-02-07 12:45:00,56.652,56.982,56.51,56.766,547734
2775,2022-02-07 12:40:00,56.435,56.756,56.373,56.619,470351
2776,2022-02-07 12:35:00,56.789,56.914,56.196,56.383,912249
2777,2022-02-07 12:30:00,56.681,56.904,56.422,56.756,577278
2778,2022-02-07 12:25:00,57.103,57.199,56.584,56.648,574278
2779,2022-02-07 12:20:00,56.926,57.189,56.805,57.061,626198
2780,2022-02-07 12:15:00,56.808,57.13,56.643,56.894,703208
2781,2022-02-07 12:10:00,56.73,56.943,56.608,56.767,472852
2782,2022-02-07 12:05:00,56.985,57.041,56.599,56.678,566375
2783,2022-02-07 12:00:00,56.907,57.071,56.589,56.943,731047
2784,2022-02-07 11:55:00,56.666,56.992,56.52,56.865,866838
2785,2022-02-07 11:50:00,56.69,56.825,56.432,56.628,757041
2786,2022-02-07 11:45:00,56.513,56.747,56.353,56.649,866598
2787,2022-02-07 11:40:00,56.838,56.922,56.373,56.462,1048585
2788,2022-02-07 11:35:00,57.309,57.385,56.687,56.796,1064234
2789,2022-02-07 11:30:00,57.594,57.621,57.109,57.262,772906
2790,2022-02-07 11:25:00,57.476,57.867,57.413,57.562,761859
2791,2022-02-07 11:20:00,57.624,57.7,57.266,57.429,673861
2792,2022-02-07 11:15:00,57.83,57.867,57.335,57.581,798022
2793,2022-02-07 11:10:00,57.624,57.896,57.532,57.795,752387
2794,2022-02-07 11:05:00,58.076,58.229,57.462,57.59,917128
2795,2022-02-07 11:00:00,58.223,58.486,57.864,58.033,919642
2796,2022-02-07 10:55:00,58.105,58.348,57.895,58.18,600982
2797,2022-02-07 10:50:00,57.987,58.397,57.835,58.062,806857
2798,2022-02-07 10:45:00,58.076,58.319,57.796,57.974,851259
2799,2022-02-07 10:40:00,58.508,58.535,57.845,58.042,1294301
2800,2022-02-07 10:35:00,58.665,58.782,58.326,58.465,799334
2801,2022-02-07 10:30:00,58.39,58.761,58.07,58.612,1126352
2802,2022-02-07 10:25:00,58.321,58.663,58.11,58.337,965623
2803,2022-02-07 10:20:00,57.948,58.456,57.756,58.273,1218254
2804,2022-02-07 10:15:00,58.076,58.279,57.737,57.895,1450490
2805,2022-02-07 10:10:00,58.763,58.889,57.943,58.033,1722608
2806,2022-02-07 10:05:00,58.557,58.948,58.375,58.73,1088711
2807,2022-02-07 10:00:00,58.911,59.036,58.326,58.504,1225329
2808,2022-02-07 09:55:00,59.136,59.223,58.541,58.862,1610141
2809,2022-02-07 09:50:00,58.37,59.178,58.277,59.095,1907858
2810,2022-02-07 09:45:00,58.724,58.879,58.129,58.327,1542276
2811,2022-02-07 09:40:00,58.537,58.957,58.286,58.661,2056086
2812,2022-02-07 09:35:00,57.725,58.643,57.639,58.509,2055715
2813,2022-02-07 09:30:00,58.026,58.279,57.55,57.679,2182824
2814,2022-02-07 09:25:00,58.164,58.25,57.933,57.984,92235
2815,2022-02-07 09:20:00,58.026,58.211,57.904,58.15,30692
2816,2022-02-07 09:15:00,58.105,58.152,57.845,57.954,98484
2817,2022-02-07 09:10:00,58.331,58.387,58.051,58.072,35732
2818,2022-02-07 09:05:00,58.272,58.358,58.11,58.298,59943
2819,2022-02-07 09:00:00,58.301,58.348,58.169,58.229,30147
2820,2022-02-07 08:55:00,58.213,58.348,58.12,58.268,50406
2821,2022-02-07 08:50:00,58.301,58.338,58.11,58.141,30687
2822,2022-02-07 08:45:00,58.213,58.348,58.08,58.22,18403
2823,2022-02-07 08:40:00,58.252,58.309,58.09,58.16,26678
2824,2022-02-07 08:35:00,58.213,58.289,58.002,58.19,58237
2825,2022-02-07 08:30:00,58.4,58.437,58.11,58.17,27073
2826,2022-02-07 08:25:00,58.547,58.564,58.335,58.376,35046
2827,2022-02-07 08:20:00,58.468,58.663,58.404,58.445,25787
2828,2022-02-07 08:15:00,58.567,58.584,58.384,58.435,23502
2829,2022-02-07 08:10:00,58.547,58.663,58.434,58.504,41498
2830,2022-02-07 08:05:00,58.449,58.663,58.316,58.514,83131
2831,2022-02-07 08:00:00,57.988,58.486,57.639,58.406,218450
2832,2022-02-07 07:55:00,58.252,58.407,58.178,58.209,44030
2833,2022-02-07 07:50:00,58.223,58.378,58.149,58.209,47072
2834,2022-02-07 07:45:00,58.076,58.27,58.012,58.17,33877
2835,2022-02-07 07:40:00,58.026,58.093,57.963,58.023,6264
2836,2022-02-07 07:35:00,58.026,58.112,57.894,57.915,7529
2837,2022-02-07 07:30:00,58.056,58.132,57.953,57.984,13941
2838,2022-02-07 07:25:00,58.066,58.103,57.894,57.993,36367
2839,2022-02-07 07:20:00,58.154,58.181,57.982,58.023,14883
2840,2022-02-07 07:15:00,58.095,58.319,58.031,58.131,43948
2841,2022-02-07 07:10:00,58.007,58.152,57.933,58.033,25847
2842,2022-02-07 07:05:00,57.987,58.053,57.884,57.964,76393
2843,2022-02-07 07:00:00,57.683,57.994,57.609,57.935,73803
2844,2022-02-07 06:55:00,57.643,57.827,57.541,57.669,2453
2845,2022-02-07 06:50:00,57.663,57.7,57.57,57.601,16102
2846,2022-02-07 06:45:00,57.624,57.7,57.501,57.62,14855
2847,2022-02-07 06:40:00,57.722,57.739,57.541,57.571,4479
2848,2022-02-07 06:35:00,57.722,57.886,57.649,57.719,12880
2849,2022-02-07 06:30:00,57.614,57.709,57.55,57.65,10197
2850,2022-02-07 06:25:00,57.575,57.67,57.511,57.571,5920
2851,2022-02-07 06:20:00,57.496,57.641,57.433,57.532,3464
2852,2022-02-07 06:15:00,57.457,57.572,57.393,57.424,6062
2853,2022-02-07 06:10:00,57.408,57.641,57.256,57.463,18566
2854,2022-02-07 06:05:00,57.368,57.434,57.285,57.375,2199
2855,2022-02-07 06:00:00,57.417,57.493,57.305,57.346,1310
2856,2022-02-07 05:55:00,57.535,57.552,57.305,57.326,13364
2857,2022-02-07 05:50:00,57.653,57.68,57.492,57.522,3279
2858,2022-02-07 05:45:00,57.633,57.778,57.541,57.601,59487
2859,2022-02-07 05:40:00,57.525,57.651,57.423,57.591,5034
2860,2022-02-07 05:35:00,57.408,57.562,57.256,57.434,6789
2861,2022-02-07 05:30:00,57.516,57.582,57.364,57.385,1560
2862,2022-02-07 05:25:00,57.398,57.641,57.335,57.454,3539
2863,2022-02-07 05:20:00,57.398,57.483,57.315,57.346,1940
2864,2022-02-07 05:15:00,57.545,57.562,57.403,57.424,3662
2865,2022-02-07 05:10:00,57.398,57.582,57.335,57.463,1502
2866,2022-02-07 05:05:00,57.486,57.513,57.335,57.404,1780
2867,2022-02-07 05:00:00,57.466,57.582,57.384,57.463,9309
2868,2022-02-07 04:55:00,57.299,57.483,57.236,57.424,5552
2869,2022-02-07 04:50:00,57.123,57.336,57.021,57.228,3586
2870,2022-02-07 04:45:00,57.29,57.385,57.109,57.13,16861
2871,2022-02-07 04:40:00,57.368,57.434,57.148,57.257,12287
2872,2022-02-07 04:35:00,57.417,57.582,57.325,57.444,34562
2873,2022-02-07 04:30:00,57.496,57.66,57.433,57.463,2911
2874,2022-02-07 04:25:00,57.378,57.513,57.315,57.454,899
2875,2022-02-07 04:20:00,57.368,57.552,57.276,57.326,9798
2876,2022-02-07 04:15:00,57.565,57.68,57.315,57.336,23710
2877,2022-02-07 04:10:00,57.565,57.631,57.256,57.503,20936
2878,2022-02-07 04:05:00,57.614,57.788,57.531,57.562,12292
2879,2022-02-07 04:00:00,57.673,57.837,57.354,57.62,55311
2880,2022-02-04 19:55:00,57.633,57.68,57.57,57.62,16384
2881,2022-02-04 19:50:00,57.633,57.66,57.57,57.591,5404
2882,2022-02-04 19:45:00,57.614,57.66,57.551,57.601,2872
2883,2022-02-04 19:40:00,57.604,57.641,57.541,57.571,2160
2884,2022-02-04 19:35:00,57.604,57.631,57.541,57.562,1917
2885,2022-02-04 19:30:00,57.565,57.621,57.482,57.562,4411
2886,2022-02-04 19:25:00,57.624,57.651,57.492,57.522,14141
2887,2022-02-04 19:20:00,57.643,57.66,57.56,57.581,1740
2888,2022-02-04 19:15:00,57.643,57.66,57.58,57.601,100
2889,2022-02-04 19:10:00,57.643,57.67,57.492,57.512,2423
2890,2022-02-04 19:05:00,57.555,57.68,57.492,57.581,3391
2891,2022-02-04 19:00:00,57.565,57.621,57.472,57.522,3969
2892,2022-02-04 18:55:00,57.565,57.621,57.492,57.512,1901
2893,2022-02-04 18:50:00,57.624,57.641,57.511,57.532,1604
2894,2022-02-04 18:45:00,57.594,57.611,57.521,57.552,7348
2895,2022-02-04 18:40:00,57.584,57.601,57.521,57.542,660
2896,2022-02-04 18:35:00,57.633,57.651,57.511,57.562,11356
2897,2022-02-04 18:30:00,57.643,57.68,57.57,57.601,3624
2898,2022-02-04 18:25:00,57.565,57.67,57.482,57.591,8411
2899,2022-02-04 18:20:00,57.565,57.582,57.482,57.503,3409
2900,2022-02-04 18:15:00,57.506,57.582,57.442,57.522,4170
2901,2022-02-04 18:10:00,57.457,57.533,57.393,57.454,3723
2902,2022-02-04 18:05:00,57.427,57.464,57.354,57.404,2300
2903,2022-02-04 18:00:00,57.408,57.474,57.344,57.414,1939
2904,2022-02-04 17:55:00,57.457,57.474,57.354,57.375,4369
2905,2022-02-04 17:50:00,57.388,57.464,57.325,57.404,1696
2906,2022-02-04 17:45:00,57.299,57.405,57.236,57.336,12937
2907,2022-02-04 17:40:00,57.28,57.326,57.207,57.238,4223
2908,2022-02-04 17:35:00,57.349,57.366,57.207,57.228,2004
2909,2022-02-04 17:30:00,57.309,57.336,57.236,57.277,1233
2910,2022-02-04 17:25:00,57.368,57.385,57.246,57.316,12411
2911,2022-02-04 17:20:00,57.329,57.415,57.207,57.355,19347
2912,2022-02-04 17:15:00,57.299,57.366,57.236,57.277,9589
2913,2022-02-04 17:10:00,57.319,57.336,57.236,57.277,13035
2914,2022-02-04 17:05:00,57.27,57.375,57.207,57.277,8233
2915,2022-02-04 17:00:00,57.28,57.336,57.197,57.247,6528
2916,2022-02-04 16:55:00,57.29,57.326,57.168,57.247,25237
2917,2022-02-04 16:50:00,57.291,57.366,57.187,57.218,43385
2918,2022-02-04 16:45:00,57.339,57.395,57.217,57.257,17372
2919,2022-02-04 16:40:00,57.309,57.366,57.217,57.287,11452
2920,2022-02-04 16:35:00,57.319,57.385,57.227,57.247,31589
2921,2022-02-04 16:30:00,57.28,57.356,57.178,57.277,22891
2922,2022-02-04 16:25:00,57.319,57.405,57.207,57.238,47013
2923,2022-02-04 16:20:00,57.28,57.375,57.207,57.277,49095
2924,2022-02-04 16:15:00,57.486,57.503,57.197,57.247,37662
2925,2022-02-04 16:10:00,57.299,57.503,57.06,57.444,112680
2926,2022-02-04 16:05:00,57.309,57.385,57.128,57.238,138606
2927,2022-02-04 16:00:00,57.751,57.916,57.187,57.277,548984
2928,2022-02-04 15:55:00,58.174,58.191,57.59,57.681,2001744
2929,2022-02-04 15:50:00,58.193,58.407,57.737,58.141,2108152
2930,2022-02-04 15:45:00,58.459,58.584,57.943,58.141,1737885
2931,2022-02-04 15:40:00,58.896,58.948,58.335,58.435,1527697
2932,2022-02-04 15:35:00,59.107,59.124,58.808,58.854,679897
2933,2022-02-04 15:30:00,58.861,59.272,58.767,59.054,926796
2934,2022-02-04 15:25:00,59.048,59.193,58.679,58.798,849491
2935,2022-02-04 15:20:00,58.852,59.075,58.743,59.0,749692
2936,2022-02-04 15:15:00,59.205,59.277,58.757,58.808,871727
2937,2022-02-04 15:10:00,58.999,59.36,58.895,59.162,1103912
2938,2022-02-04 15:05:00,58.979,59.124,58.826,58.956,740016
2939,2022-02-04 15:00:00,58.616,59.007,58.551,58.941,1276524
2940,2022-02-04 14:55:00,58.547,58.663,58.394,58.573,519613
2941,2022-02-04 14:50:00,58.311,58.594,58.198,58.504,650374
2942,2022-02-04 14:45:00,58.331,58.416,58.1,58.268,486406
2943,2022-02-04 14:40:00,58.547,58.648,58.188,58.298,727254
2944,2022-02-04 14:35:00,58.459,58.761,58.384,58.499,1040273
2945,2022-02-04 14:30:00,58.184,58.613,58.043,58.416,654951
2946,2022-02-04 14:25:00,58.115,58.378,58.012,58.134,438853
2947,2022-02-04 14:20:00,57.85,58.27,57.776,58.087,783227
2948,2022-02-04 14:15:00,58.174,58.24,57.776,57.797,630693
2949,2022-02-04 14:10:00,58.508,58.594,57.933,58.131,722605
2950,2022-02-04 14:05:00,58.311,58.564,58.188,58.455,592527
2951,2022-02-04 14:00:00,58.478,58.604,58.188,58.268,592224
2952,2022-02-04 13:55:00,58.518,58.594,58.237,58.435,802542
2953,2022-02-04 13:50:00,58.316,58.584,58.252,58.474,929247
2954,2022-02-04 13:45:00,58.439,58.466,58.051,58.275,637478
2955,2022-02-04 13:40:00,58.007,58.515,57.938,58.386,910326
2956,2022-02-04 13:35:00,58.219,58.26,57.815,57.944,584733
2957,2022-02-04 13:30:00,58.056,58.27,57.894,58.17,538607
2958,2022-02-04 13:25:00,58.301,58.319,57.845,58.003,753153
2959,2022-02-04 13:20:00,57.899,58.348,57.776,58.259,903237
2960,2022-02-04 13:15:00,57.987,58.063,57.678,57.866,637621
2961,2022-02-04 13:10:00,57.967,58.161,57.796,57.943,769194
2962,2022-02-04 13:05:00,57.956,58.073,57.776,57.943,800664
2963,2022-02-04 13:00:00,57.417,58.024,57.354,57.91,1489219
2964,2022-02-04 12:55:00,57.201,57.483,57.05,57.365,900714
2965,2022-02-04 12:50:00,57.245,57.385,57.05,57.149,725852
2966,2022-02-04 12:45:00,57.034,57.292,56.893,57.208,763652
2967,2022-02-04 12:40:00,56.916,57.189,56.746,57.002,959167
2968,2022-02-04 12:35:00,56.582,56.933,56.442,56.874,541423
2969,2022-02-04 12:30:00,56.73,56.992,56.285,56.531,821630
2970,2022-02-04 12:25:00,56.681,56.923,56.51,56.678,481281
2971,2022-02-04 12:20:00,56.799,56.963,56.5,56.658,509605
2972,2022-02-04 12:15:00,56.818,57.041,56.579,56.765,721549
2973,2022-02-04 12:10:00,56.661,56.953,56.275,56.771,971827
2974,2022-02-04 12:05:00,56.553,56.756,56.265,56.624,523066
2975,2022-02-04 12:00:00,56.622,56.716,56.275,56.501,989879
2976,2022-02-04 11:55:00,56.681,57.11,56.525,56.57,1186148
2977,2022-02-04 11:50:00,56.73,56.805,56.471,56.639,644287
2978,2022-02-04 11:45:00,56.661,57.07,56.54,56.688,1168234
2979,2022-02-04 11:40:00,56.582,56.805,56.412,56.609,708989
2980,2022-02-04 11:35:00,56.484,56.796,56.402,56.531,1003046
2981,2022-02-04 11:30:00,56.14,56.599,55.971,56.433,1202615
2982,2022-02-04 11:25:00,55.59,56.324,55.519,56.099,1438799
2983,2022-02-04 11:20:00,55.551,55.695,55.24,55.559,1079585
2984,2022-02-04 11:15:00,55.207,55.636,54.96,55.51,1196471
2985,2022-02-04 11:10:00,55.703,55.754,55.117,55.147,1151878
2986,2022-02-04 11:05:00,55.993,56.108,55.588,55.657,743494
2987,2022-02-04 11:00:00,55.708,56.098,55.411,55.952,1192244
2988,2022-02-04 10:55:00,55.934,56.157,55.568,55.657,1043897
2989,2022-02-04 10:50:00,55.826,56.049,55.519,55.894,1333026
2990,2022-02-04 10:45:00,56.013,56.029,55.47,55.775,2002037
2991,2022-02-04 10:40:00,56.356,56.638,55.872,55.981,1232175
2992,2022-02-04 10:35:00,56.661,56.737,56.029,56.323,1163228
2993,2022-02-04 10:30:00,56.366,56.815,56.299,56.629,1495042
2994,2022-02-04 10:25:00,56.946,57.395,56.275,56.335,1395383
2995,2022-02-04 10:20:00,57.324,57.523,56.814,56.904,1233047
2996,2022-02-04 10:15:00,57.005,57.601,56.932,57.287,1639445
2997,2022-02-04 10:10:00,56.72,57.11,56.196,56.977,1434434
2998,2022-02-04 10:05:00,56.936,57.199,56.599,56.668,1441992
2999,2022-02-04 10:00:00,56.553,57.061,56.373,56.894,1807988
3000,2022-02-04 09:55:00,55.777,56.678,55.715,56.501,1420123
3001,2022-02-04 09:50:00,56.307,56.491,55.598,55.726,1757143
3002,2022-02-04 09:45:00,56.347,56.904,56.108,56.271,1935318
3003,2022-02-04 09:40:00,55.187,56.599,55.107,56.315,3095794
3004,2022-02-04 09:35:00,55.256,55.469,54.842,55.137,1852573
3005,2022-02-04 09:30:00,55.865,56.441,55.087,55.196,2063931
3006,2022-02-04 09:25:00,55.571,56.01,55.509,55.854,251771
3007,2022-02-04 09:20:00,55.453,55.656,55.392,55.559,271011
3008,2022-02-04 09:15:00,55.07,55.489,54.95,55.402,265172
3009,2022-02-04 09:10:00,54.618,55.106,54.479,55.039,284007
3010,2022-02-04 09:05:00,54.244,54.762,51.81,54.607,232810
3011,2022-02-04 09:00:00,54.716,54.811,54.018,54.224,522746
3012,2022-02-04 08:55:00,55.315,55.42,54.646,54.685,312541
3013,2022-02-04 08:50:00,55.62,55.744,55.078,55.274,171947
3014,2022-02-04 08:45:00,55.394,55.813,55.294,55.559,133037
3015,2022-02-04 08:40:00,55.934,56.098,55.303,55.363,327197
3016,2022-02-04 08:35:00,55.453,55.98,55.195,55.912,395823
3017,2022-02-04 08:30:00,56.936,56.953,55.294,55.431,613764
3018,2022-02-04 08:25:00,56.808,57.189,56.746,56.982,77327
3019,2022-02-04 08:20:00,56.69,56.894,56.589,56.786,73156
3020,2022-02-04 08:15:00,57.044,57.071,56.599,56.629,32633
3021,2022-02-04 08:10:00,56.946,57.11,56.795,57.012,57722
3022,2022-02-04 08:05:00,56.936,57.041,56.824,56.923,67763
3023,2022-02-04 08:00:00,57.172,59.35,56.02,56.904,291373
3024,2022-02-04 07:55:00,57.044,57.257,56.981,57.101,84720
3025,2022-02-04 07:50:00,56.946,57.159,56.864,56.982,145751
3026,2022-02-04 07:45:00,56.612,57.022,56.54,56.904,134356
3027,2022-02-04 07:40:00,56.563,56.688,56.402,56.59,54474
3028,2022-02-04 07:35:00,56.445,56.609,56.383,56.511,22373
3029,2022-02-04 07:30:00,56.523,56.55,56.314,56.393,25499
3030,2022-02-04 07:25:00,56.406,56.57,56.324,56.492,51562
3031,2022-02-04 07:20:00,56.258,56.501,56.137,56.354,51908
3032,2022-02-04 07:15:00,56.199,56.314,56.079,56.217,40820
3033,2022-02-04 07:10:00,56.248,56.334,56.059,56.128,109393
3034,2022-02-04 07:05:00,56.239,56.304,56.039,56.227,77594
3035,2022-02-04 07:00:00,55.934,56.294,55.872,56.177,114774
3036,2022-02-04 06:55:00,56.14,56.196,55.853,55.873,28755
3037,2022-02-04 06:50:00,56.189,56.206,55.941,56.109,43229
3038,2022-02-04 06:45:00,56.425,56.442,56.128,56.158,49112
3039,2022-02-04 06:40:00,56.641,56.658,56.373,56.433,26816
3040,2022-02-04 06:35:00,56.504,56.727,56.353,56.649,49828
3041,2022-02-04 06:30:00,56.582,56.688,56.461,56.482,8684
3042,2022-02-04 06:25:00,56.415,56.658,56.353,56.511,14981
3043,2022-02-04 06:20:00,56.573,56.609,56.186,56.344,45315
3044,2022-02-04 06:15:00,56.484,56.727,56.422,56.57,50143
3045,2022-02-04 06:10:00,56.74,56.756,56.383,56.501,51233
3046,2022-02-04 06:05:00,56.926,56.982,56.648,56.766,37099
3047,2022-02-04 06:00:00,57.093,57.11,56.873,56.933,18969
3048,2022-02-04 05:55:00,56.975,57.14,56.716,57.051,18325
3049,2022-02-04 05:50:00,56.907,57.149,56.844,56.884,10285
3050,2022-02-04 05:45:00,56.877,56.992,56.697,56.825,8560
3051,2022-02-04 05:40:00,56.926,57.041,56.746,56.815,22799
3052,2022-02-04 05:35:00,57.034,57.09,56.814,56.923,6397
3053,2022-02-04 05:30:00,57.015,57.031,56.579,56.923,41928
3054,2022-02-04 05:25:00,56.946,57.179,56.883,57.002,11809
3055,2022-02-04 05:20:00,57.25,57.267,56.805,56.904,49195
3056,2022-02-04 05:15:00,57.378,57.395,57.138,57.238,27127
3057,2022-02-04 05:10:00,57.692,57.709,57.276,57.336,25812
3058,2022-02-04 05:05:00,57.859,57.877,57.56,57.62,20514
3059,2022-02-04 05:00:00,57.761,57.906,57.639,57.817,9967
3060,2022-02-04 04:55:00,57.918,57.945,57.707,57.748,35618
3061,2022-02-04 04:50:00,58.026,58.073,57.835,57.915,19574
3062,2022-02-04 04:45:00,58.085,58.181,57.992,58.042,5388
3063,2022-02-04 04:40:00,58.085,58.112,57.884,58.023,31584
3064,2022-02-04 04:35:00,58.076,58.22,57.992,58.101,42311
3065,2022-02-04 04:30:00,57.958,58.103,57.864,58.023,13034
3066,2022-02-04 04:25:00,57.83,58.073,57.678,57.954,73551
3067,2022-02-04 04:20:00,58.017,58.034,57.698,57.748,21643
3068,2022-02-04 04:15:00,58.115,58.23,57.913,57.993,30708
3069,2022-02-04 04:10:00,58.105,58.181,57.904,58.062,38754
3070,2022-02-04 04:05:00,58.233,58.319,58.09,58.111,29170
3071,2022-02-04 04:00:00,58.94,58.957,58.159,58.209,77760
3072,2022-02-03 19:55:00,58.694,58.741,58.61,58.671,34780
3073,2022-02-03 19:50:00,58.665,58.741,58.591,58.661,21436
3074,2022-02-03 19:45:00,58.586,58.712,58.522,58.631,16337
3075,2022-02-03 19:40:00,58.537,58.603,58.434,58.533,11860
3076,2022-02-03 19:35:00,58.577,58.672,58.453,58.474,15362
3077,2022-02-03 19:30:00,58.694,58.741,58.483,58.504,38906
3078,2022-02-03 19:25:00,58.773,58.83,58.63,58.651,14153
3079,2022-02-03 19:20:00,58.773,58.83,58.669,58.749,13996
3080,2022-02-03 19:15:00,58.842,58.879,58.659,58.72,10649
3081,2022-02-03 19:10:00,58.861,58.928,58.689,58.71,45080
3082,2022-02-03 19:05:00,58.793,58.859,58.64,58.798,13908
3083,2022-02-03 19:00:00,58.675,58.8,58.61,58.739,14683
3084,2022-02-03 18:55:00,58.685,58.712,58.561,58.622,12868
3085,2022-02-03 18:50:00,58.773,58.79,58.62,58.651,21726
3086,2022-02-03 18:45:00,58.783,58.889,58.718,58.759,7510
3087,2022-02-03 18:40:00,58.812,58.859,58.63,58.739,16380
3088,2022-02-03 18:35:00,58.793,58.839,58.659,58.73,29825
3089,2022-02-03 18:30:00,58.645,58.82,58.581,58.749,8999
3090,2022-02-03 18:25:00,58.842,58.869,58.571,58.612,31272
3091,2022-02-03 18:20:00,58.891,58.948,58.757,58.789,18501
3092,2022-02-03 18:15:00,58.655,58.938,58.581,58.828,28905
3093,2022-02-03 18:10:00,58.665,58.81,58.502,58.592,49286
3094,2022-02-03 18:05:00,58.606,58.731,58.532,58.582,43458
3095,2022-02-03 18:00:00,58.449,58.781,58.375,58.504,87109
3096,2022-02-03 17:55:00,58.252,58.466,58.139,58.406,48478
3097,2022-02-03 17:50:00,58.243,58.27,57.953,58.111,40768
3098,2022-02-03 17:45:00,58.233,58.417,58.149,58.17,22329
3099,2022-02-03 17:40:00,58.272,58.348,58.1,58.209,30236
3100,2022-02-03 17:35:00,58.336,58.466,58.208,58.229,47040
3101,2022-02-03 17:30:00,58.282,58.397,58.218,58.298,28750
3102,2022-02-03 17:25:00,58.4,58.417,58.139,58.298,63866
3103,2022-02-03 17:20:00,58.783,58.8,58.237,58.308,120685
3104,2022-02-03 17:15:00,58.881,58.948,58.698,58.739,22483
3105,2022-02-03 17:10:00,58.852,58.918,58.679,58.779,44914
3106,2022-02-03 17:05:00,59.254,59.282,58.816,58.838,96991
3107,2022-02-03 17:00:00,59.156,59.301,59.071,59.211,50324
3108,2022-02-03 16:55:00,59.215,59.282,59.081,59.122,105821
3109,2022-02-03 16:50:00,58.93,59.242,58.738,59.162,221245
3110,2022-02-03 16:45:00,58.94,59.016,58.826,58.877,102557
3111,2022-02-03 16:40:00,59.008,59.124,58.865,58.896,169473
3112,2022-02-03 16:35:00,58.753,59.056,58.689,58.946,194641
3113,2022-02-03 16:30:00,58.901,59.056,58.679,58.73,346184
3114,2022-02-03 16:25:00,58.783,58.938,58.532,58.857,284615
3115,2022-02-03 16:20:00,58.93,59.144,58.669,58.74,564508
3116,2022-02-03 16:15:00,57.928,58.957,57.707,58.887,820240
3117,2022-02-03 16:10:00,57.437,57.975,57.276,57.885,569495
3118,2022-02-03 16:05:00,57.869,58.112,57.138,57.365,846621
3119,2022-02-03 16:00:00,55.698,58.368,55.509,57.866,1976411
3120,2022-02-03 15:55:00,55.354,56.049,55.246,55.657,3168326
3121,2022-02-03 15:50:00,55.954,55.98,55.068,55.314,2315675
3122,2022-02-03 15:45:00,56.317,56.334,55.804,55.932,1978973
3123,2022-02-03 15:40:00,56.268,56.57,56.108,56.276,1003670
3124,2022-02-03 15:35:00,56.258,56.506,55.961,56.241,1300417
3125,2022-02-03 15:30:00,56.897,56.923,56.196,56.217,1338278
3126,2022-02-03 15:25:00,57.093,57.129,56.697,56.845,843453
3127,2022-02-03 15:20:00,57.191,57.454,57.016,57.051,1035386
3128,2022-02-03 15:15:00,56.936,57.238,56.868,57.135,913744
3129,2022-02-03 15:10:00,56.719,57.036,56.54,56.904,882869
3130,2022-02-03 15:05:00,56.681,56.963,56.569,56.673,704185
3131,2022-02-03 15:00:00,56.818,57.031,56.471,56.649,969077
3132,2022-02-03 14:55:00,56.72,56.973,56.618,56.768,1013670
3133,2022-02-03 14:50:00,56.641,56.766,56.456,56.688,1189042
3134,2022-02-03 14:45:00,56.656,56.805,56.442,56.59,1240168
3135,2022-02-03 14:40:00,56.995,57.031,56.589,56.619,1192766
3136,2022-02-03 14:35:00,57.437,57.562,56.913,56.971,1492215
3137,2022-02-03 14:30:00,57.447,57.562,57.158,57.395,1041624
3138,2022-02-03 14:25:00,57.614,57.709,57.256,57.406,948946
3139,2022-02-03 14:20:00,57.683,57.827,57.467,57.581,516138
3140,2022-02-03 14:15:00,57.594,57.808,57.521,57.65,425284
3141,2022-02-03 14:10:00,57.869,57.955,57.467,57.571,693492
3142,2022-02-03 14:05:00,57.987,58.161,57.786,57.817,457490
3143,2022-02-03 14:00:00,57.683,58.132,57.55,57.944,591019
3144,2022-02-03 13:55:00,57.692,57.847,57.501,57.638,484223
3145,2022-02-03 13:50:00,57.85,57.896,57.541,57.642,460295
3146,2022-02-03 13:45:00,57.761,58.004,57.658,57.817,399611
3147,2022-02-03 13:40:00,57.761,57.906,57.619,57.699,450901
3148,2022-02-03 13:35:00,58.134,58.161,57.56,57.717,747542
3149,2022-02-03 13:30:00,57.997,58.358,57.835,58.087,858897
3150,2022-02-03 13:25:00,58.115,58.181,57.845,57.954,510998
3151,2022-02-03 13:20:00,57.781,58.245,57.653,58.082,1125629
3152,2022-02-03 13:15:00,57.712,57.886,57.541,57.748,777303
3153,2022-02-03 13:10:00,57.584,57.759,57.325,57.669,876995
3154,2022-02-03 13:05:00,57.584,57.857,57.472,57.541,783454
3155,2022-02-03 13:00:00,57.8,57.818,57.442,57.532,574283
3156,2022-02-03 12:55:00,57.594,57.896,57.438,57.758,699343
3157,2022-02-03 12:50:00,57.584,57.788,57.413,57.561,599819
3158,2022-02-03 12:45:00,57.594,57.786,57.398,57.542,896659
3159,2022-02-03 12:40:00,57.938,58.132,57.526,57.581,636987
3160,2022-02-03 12:35:00,57.761,58.142,57.668,57.905,893271
3161,2022-02-03 12:30:00,57.909,58.044,57.482,57.719,738231
3162,2022-02-03 12:25:00,57.879,58.073,57.727,57.876,770671
3163,2022-02-03 12:20:00,57.329,57.916,57.266,57.826,820227
3164,2022-02-03 12:15:00,57.967,57.994,57.256,57.306,1004401
3165,2022-02-03 12:10:00,57.594,58.004,57.393,57.943,1030488
3166,2022-02-03 12:05:00,57.437,57.679,57.285,57.561,835799
3167,2022-02-03 12:00:00,57.791,58.005,57.276,57.404,1773659
3168,2022-02-03 11:55:00,58.292,58.456,57.698,57.748,1253083
3169,2022-02-03 11:50:00,58.331,58.609,58.09,58.239,952989
3170,2022-02-03 11:45:00,58.498,58.643,58.237,58.308,620888
3171,2022-02-03 11:40:00,58.41,58.613,58.178,58.455,781615
3172,2022-02-03 11:35:00,58.287,58.604,58.188,58.357,663049
3173,2022-02-03 11:30:00,58.508,58.584,58.139,58.239,859542
3174,2022-02-03 11:25:00,58.586,58.731,58.227,58.465,953541
3175,2022-02-03 11:20:00,59.392,59.429,58.434,58.538,1081289
3176,2022-02-03 11:15:00,59.48,59.547,59.16,59.348,761428
3177,2022-02-03 11:10:00,58.891,59.537,58.708,59.427,1129688
3178,2022-02-03 11:05:00,58.665,59.149,58.551,58.857,932379
3179,2022-02-03 11:00:00,58.798,58.83,58.306,58.631,829167
3180,2022-02-03 10:55:00,58.92,59.174,58.6,58.749,912501
3181,2022-02-03 10:50:00,58.645,59.016,58.541,58.877,884444
3182,2022-02-03 10:45:00,59.127,59.242,58.492,58.602,947646
3183,2022-02-03 10:40:00,59.333,59.655,58.934,59.073,1011705
3184,2022-02-03 10:35:00,59.362,59.567,59.032,59.279,906033
3185,2022-02-03 10:30:00,59.746,60.009,59.12,59.319,1560056
3186,2022-02-03 10:25:00,59.353,59.783,59.169,59.711,1378698
3187,2022-02-03 10:20:00,59.441,59.881,59.228,59.328,1585535
3188,2022-02-03 10:15:00,58.989,59.478,58.846,59.397,1825359
3189,2022-02-03 10:10:00,58.792,59.075,58.335,58.95,1503620
3190,2022-02-03 10:05:00,58.488,58.997,58.208,58.732,1614279
3191,2022-02-03 10:00:00,58.331,58.79,57.904,58.435,2305293
3192,2022-02-03 09:55:00,58.351,58.682,58.12,58.288,1190662
3193,2022-02-03 09:50:00,58.429,58.898,58.139,58.298,2371557
3194,2022-02-03 09:45:00,58.871,58.908,58.208,58.386,2028459
3195,2022-02-03 09:40:00,59.392,59.449,58.661,58.828,2009710
3196,2022-02-03 09:35:00,58.331,59.449,58.169,59.348,2755857
3197,2022-02-03 09:30:00,58.262,58.751,57.825,58.308,4565477
3198,2022-02-03 09:25:00,58.321,58.338,58.041,58.209,130141
3199,2022-02-03 09:20:00,58.203,58.387,58.1,58.308,70117
3200,2022-02-03 09:15:00,58.351,58.407,58.12,58.141,147422
3201,2022-02-03 09:10:00,58.351,58.466,58.188,58.278,85277
3202,2022-02-03 09:05:00,58.017,58.446,57.835,58.347,183014
3203,2022-02-03 09:00:00,58.203,58.25,57.786,57.925,214373
3204,2022-02-03 08:55:00,58.282,58.407,58.041,58.18,131846
3205,2022-02-03 08:50:00,58.459,58.525,58.188,58.239,167585
3206,2022-02-03 08:45:00,58.93,59.026,58.335,58.366,216706
3207,2022-02-03 08:40:00,59.294,59.36,58.797,58.847,104206
3208,2022-02-03 08:35:00,59.392,59.508,59.12,59.191,51887
3209,2022-02-03 08:30:00,59.343,59.694,59.238,59.377,64307
3210,2022-02-03 08:25:00,59.421,59.547,59.287,59.387,19941
3211,2022-02-03 08:20:00,59.461,59.576,59.258,59.377,20683
3212,2022-02-03 08:15:00,59.284,59.537,59.219,59.456,28832
3213,2022-02-03 08:10:00,59.343,59.4,59.012,59.162,78983
3214,2022-02-03 08:05:00,59.51,59.527,59.238,59.309,30955
3215,2022-02-03 08:00:00,59.539,59.812,58.872,59.436,267101
3216,2022-02-03 07:55:00,59.628,59.704,59.434,59.525,30418
3217,2022-02-03 07:50:00,59.49,59.773,59.405,59.633,26779
3218,2022-02-03 07:45:00,59.579,59.665,59.395,59.446,21104
3219,2022-02-03 07:40:00,59.755,59.802,59.483,59.584,45962
3220,2022-02-03 07:35:00,59.343,59.793,59.268,59.711,66540
3221,2022-02-03 07:30:00,59.264,59.36,59.091,59.299,11175
3222,2022-02-03 07:25:00,59.254,59.291,59.062,59.22,17770
3223,2022-02-03 07:20:00,59.313,59.429,59.189,59.211,20178
3224,2022-02-03 07:15:00,59.146,59.4,59.052,59.338,19753
3225,2022-02-03 07:10:00,59.087,59.252,59.022,59.191,32012
3226,2022-02-03 07:05:00,58.96,59.164,58.836,59.073,36119
3227,2022-02-03 07:00:00,59.431,59.478,58.905,58.926,54765
3228,2022-02-03 06:55:00,59.402,59.557,59.297,59.377,15404
3229,2022-02-03 06:50:00,59.294,59.449,59.199,59.368,15870
3230,2022-02-03 06:45:00,59.294,59.35,59.179,59.27,5447
3231,2022-02-03 06:40:00,59.107,59.331,59.042,59.24,5314
3232,2022-02-03 06:35:00,59.009,59.183,58.924,59.063,7222
3233,2022-02-03 06:30:00,59.058,59.085,58.924,58.995,12751
3234,2022-02-03 06:25:00,58.96,59.075,58.806,59.014,18100
3235,2022-02-03 06:20:00,58.979,59.007,58.748,58.946,30182
3236,2022-02-03 06:15:00,59.205,59.223,58.885,58.946,11523
3237,2022-02-03 06:10:00,59.303,59.331,59.091,59.162,2154
3238,2022-02-03 06:05:00,59.195,59.439,59.13,59.289,7466
3239,2022-02-03 06:00:00,59.264,59.321,58.973,59.162,21708
3240,2022-02-03 05:55:00,59.254,59.35,59.081,59.24,6391
3241,2022-02-03 05:50:00,59.372,59.4,59.209,59.23,9316
3242,2022-02-03 05:45:00,59.5,59.517,59.277,59.309,2317
3243,2022-02-03 05:40:00,59.353,59.498,59.258,59.436,2835
3244,2022-02-03 05:35:00,59.48,59.498,59.268,59.358,8971
3245,2022-02-03 05:30:00,59.382,59.527,59.317,59.427,6172
3246,2022-02-03 05:25:00,59.343,59.498,59.268,59.368,6044
3247,2022-02-03 05:20:00,59.48,59.498,59.248,59.328,3825
3248,2022-02-03 05:15:00,59.382,59.498,59.307,59.436,14040
3249,2022-02-03 05:10:00,59.441,59.498,59.268,59.289,17343
3250,2022-02-03 05:05:00,59.382,59.488,59.317,59.427,13708
3251,2022-02-03 05:00:00,59.323,59.429,59.189,59.319,4280
3252,2022-02-03 04:55:00,59.441,59.508,59.16,59.211,12020
3253,2022-02-03 04:50:00,59.706,59.724,59.366,59.387,3697
3254,2022-02-03 04:45:00,59.51,59.665,59.444,59.603,6746
3255,2022-02-03 04:40:00,59.706,59.734,59.307,59.407,22513
3256,2022-02-03 04:35:00,59.903,59.92,59.611,59.633,17909
3257,2022-02-03 04:30:00,59.913,59.96,59.817,59.858,27740
3258,2022-02-03 04:25:00,59.991,60.009,59.797,59.839,6990
3259,2022-02-03 04:20:00,60.021,60.078,59.837,59.908,15264
3260,2022-02-03 04:15:00,59.844,60.087,59.758,59.966,17229
3261,2022-02-03 04:10:00,59.726,59.901,59.591,59.8,38724
3262,2022-02-03 04:05:00,59.696,59.763,59.542,59.672,67762
3263,2022-02-03 04:00:00,59.559,59.95,59.493,59.662,59950
3264,2022-02-02 19:55:00,59.313,59.331,59.003,59.054,47845
3265,2022-02-02 19:50:00,59.264,59.38,59.199,59.25,28983
3266,2022-02-02 19:45:00,59.343,59.4,59.189,59.24,13819
3267,2022-02-02 19:40:00,59.284,59.4,59.219,59.279,21347
3268,2022-02-02 19:35:00,59.284,59.4,59.189,59.23,10241
3269,2022-02-02 19:30:00,59.372,59.459,59.219,59.24,33579
3270,2022-02-02 19:25:00,59.431,59.459,59.228,59.348,24176
3271,2022-02-02 19:20:00,59.333,59.439,59.258,59.377,16396
3272,2022-02-02 19:15:00,59.274,59.459,59.209,59.299,35166
3273,2022-02-02 19:10:00,59.048,59.301,58.983,59.23,41730
3274,2022-02-02 19:05:00,59.245,59.262,58.944,59.024,17599
3275,2022-02-02 19:00:00,59.009,59.35,58.934,59.24,27455
3276,2022-02-02 18:55:00,59.068,59.115,58.875,58.936,65090
3277,2022-02-02 18:50:00,59.028,59.154,58.875,59.044,52623
3278,2022-02-02 18:45:00,59.107,59.164,58.914,58.985,40087
3279,2022-02-02 18:40:00,59.254,59.291,59.042,59.063,55367
3280,2022-02-02 18:35:00,59.628,59.675,59.169,59.23,83336
3281,2022-02-02 18:30:00,59.755,59.773,59.454,59.593,60320
3282,2022-02-02 18:25:00,59.834,59.881,59.601,59.711,35187
3283,2022-02-02 18:20:00,59.804,59.94,59.719,59.878,18435
3284,2022-02-02 18:15:00,59.824,59.97,59.729,59.75,33278
3285,2022-02-02 18:10:00,59.883,59.96,59.709,59.76,45363
3286,2022-02-02 18:05:00,60.099,60.196,59.797,59.819,64674
3287,2022-02-02 18:00:00,59.922,60.274,59.827,60.074,59310
3288,2022-02-02 17:55:00,59.922,59.96,59.758,59.878,34187
3289,2022-02-02 17:50:00,59.981,60.058,59.866,59.888,18098
3290,2022-02-02 17:45:00,59.971,60.038,59.905,59.927,3649
3291,2022-02-02 17:40:00,60.03,60.078,59.886,59.927,9791
3292,2022-02-02 17:35:00,60.05,60.078,59.915,59.986,18579
3293,2022-02-02 17:30:00,59.922,60.028,59.817,59.966,14574
3294,2022-02-02 17:25:00,59.903,59.989,59.817,59.878,31184
3295,2022-02-02 17:20:00,60.06,60.077,59.807,59.849,24184
3296,2022-02-02 17:15:00,60.001,60.038,59.856,59.966,41890
3297,2022-02-02 17:10:00,60.089,60.166,59.935,59.957,19357
3298,2022-02-02 17:05:00,60.138,60.186,60.023,60.045,16640
3299,2022-02-02 17:00:00,60.217,60.313,60.053,60.104,28224
3300,2022-02-02 16:55:00,60.089,60.284,60.023,60.173,52157
3301,2022-02-02 16:50:00,60.021,60.186,59.915,60.035,92863
3302,2022-02-02 16:45:00,60.335,60.392,59.886,59.947,74463
3303,2022-02-02 16:40:00,60.207,60.441,60.102,60.3,89205
3304,2022-02-02 16:35:00,60.03,60.343,59.935,60.173,159523
3305,2022-02-02 16:30:00,59.932,60.146,59.847,59.996,150823
3306,2022-02-02 16:25:00,59.971,60.186,59.768,59.947,186897
3307,2022-02-02 16:20:00,60.089,60.156,59.719,59.898,291655
3308,2022-02-02 16:15:00,60.148,60.53,60.004,60.074,295725
3309,2022-02-02 16:10:00,60.531,60.618,59.768,60.143,554208
3310,2022-02-02 16:05:00,63.135,63.153,60.494,60.516,651196
3311,2022-02-02 16:00:00,63.39,63.477,63.026,63.078,244263
3312,2022-02-02 15:55:00,63.508,63.767,63.232,63.314,1789235
3313,2022-02-02 15:50:00,63.508,63.645,62.996,63.471,1383874
3314,2022-02-02 15:45:00,63.415,63.645,63.271,63.461,1002542
3315,2022-02-02 15:40:00,63.316,63.497,63.075,63.358,739960
3316,2022-02-02 15:35:00,63.527,63.62,63.095,63.27,929167
3317,2022-02-02 15:30:00,63.341,63.556,63.124,63.481,698635
3318,2022-02-02 15:25:00,63.508,63.694,63.016,63.284,1060794
3319,2022-02-02 15:20:00,63.67,63.871,63.369,63.461,1215160
3320,2022-02-02 15:15:00,63.272,63.733,63.094,63.623,1119281
3321,2022-02-02 15:10:00,63.282,63.409,63.026,63.216,629172
3322,2022-02-02 15:05:00,63.41,63.497,63.134,63.225,628462
3323,2022-02-02 15:00:00,63.154,63.566,62.8,63.373,1646419
3324,2022-02-02 14:55:00,63.439,63.477,63.075,63.126,664547
3325,2022-02-02 14:50:00,63.439,63.585,63.23,63.391,789936
3326,2022-02-02 14:45:00,63.282,63.536,63.006,63.362,902299
3327,2022-02-02 14:40:00,62.997,63.419,62.928,63.225,999578
3328,2022-02-02 14:35:00,63.115,63.232,62.78,62.941,811082
3329,2022-02-02 14:30:00,62.634,63.202,62.516,63.068,867725
3330,2022-02-02 14:25:00,62.408,62.721,62.074,62.578,665538
3331,2022-02-02 14:20:00,62.751,62.788,62.28,62.362,409585
3332,2022-02-02 14:15:00,62.624,62.849,62.231,62.705,843531
3333,2022-02-02 14:10:00,62.84,63.006,62.457,62.573,635425
3334,2022-02-02 14:05:00,63.017,63.084,62.633,62.789,522009
3335,2022-02-02 14:00:00,62.742,63.104,62.643,62.965,573748
3336,2022-02-02 13:55:00,62.693,62.849,62.525,62.695,419305
3337,2022-02-02 13:50:00,62.634,62.789,62.447,62.646,557340
3338,2022-02-02 13:45:00,62.988,63.114,62.565,62.592,551266
3339,2022-02-02 13:40:00,63.017,63.211,62.78,62.941,711386
3340,2022-02-02 13:35:00,62.791,63.064,62.684,62.98,652118
3341,2022-02-02 13:30:00,62.673,62.849,62.506,62.735,410096
3342,2022-02-02 13:25:00,62.653,62.78,62.379,62.626,797228
3343,2022-02-02 13:20:00,62.889,63.025,62.535,62.612,649532
3344,2022-02-02 13:15:00,62.909,63.163,62.731,62.834,917818
3345,2022-02-02 13:10:00,62.987,63.03,62.653,62.852,711890
3346,2022-02-02 13:05:00,63.017,63.222,62.83,62.931,848134
3347,2022-02-02 13:00:00,63.469,63.517,62.946,62.97,800083
3348,2022-02-02 12:55:00,63.243,63.507,63.016,63.432,1080955
3349,2022-02-02 12:50:00,63.135,63.281,62.957,63.196,692204
3350,2022-02-02 12:45:00,62.85,63.34,62.771,63.096,1454122
3351,2022-02-02 12:40:00,62.643,62.888,62.516,62.813,506224
3352,2022-02-02 12:35:00,62.398,62.711,62.256,62.617,697572
3353,2022-02-02 12:30:00,62.368,62.48,62.074,62.371,633847
3354,2022-02-02 12:25:00,62.467,62.613,62.231,62.322,468118
3355,2022-02-02 12:20:00,62.43,62.691,62.309,62.425,568895
3356,2022-02-02 12:15:00,62.79,62.888,62.222,62.386,1608943
3357,2022-02-02 12:10:00,62.756,62.868,62.496,62.735,1072283
3358,2022-02-02 12:05:00,62.044,62.809,61.976,62.715,1561730
3359,2022-02-02 12:00:00,62.329,62.347,61.859,61.998,853265
3360,2022-02-02 11:55:00,62.044,62.387,61.819,62.283,895162
3361,2022-02-02 11:50:00,61.74,62.2,61.564,61.984,882506
3362,2022-02-02 11:45:00,61.661,62.062,61.367,61.684,945884
3363,2022-02-02 11:40:00,61.406,61.748,61.24,61.606,1293202
3364,2022-02-02 11:35:00,61.749,61.886,61.181,61.351,1274466
3365,2022-02-02 11:30:00,61.995,62.038,61.515,61.704,937068
3366,2022-02-02 11:25:00,61.985,62.338,61.847,61.949,1193127
3367,2022-02-02 11:20:00,61.759,62.161,61.652,61.938,1692442
3368,2022-02-02 11:15:00,61.504,61.895,61.24,61.714,1687732
3369,2022-02-02 11:10:00,62.015,62.19,61.387,61.468,2462448
3370,2022-02-02 11:05:00,62.26,62.554,61.878,61.989,1517261
3371,2022-02-02 11:00:00,62.786,62.986,62.054,62.223,1515053
3372,2022-02-02 10:55:00,62.565,62.878,62.457,62.764,791961
3373,2022-02-02 10:50:00,63.066,63.202,62.29,62.519,1349045
3374,2022-02-02 10:45:00,62.948,63.33,62.623,63.029,1412680
3375,2022-02-02 10:40:00,62.958,63.045,62.408,62.902,1061013
3376,2022-02-02 10:35:00,62.594,63.035,62.123,62.921,1810537
3377,2022-02-02 10:30:00,62.801,63.035,62.466,62.538,1071657
3378,2022-02-02 10:25:00,62.771,63.025,62.379,62.744,1314620
3379,2022-02-02 10:20:00,63.251,63.527,62.633,62.744,1303602
3380,2022-02-02 10:15:00,63.223,63.438,62.82,63.198,1485955
3381,2022-02-02 10:10:00,63.92,64.008,63.036,63.176,1680116
3382,2022-02-02 10:05:00,63.626,64.097,63.458,63.854,1410023
3383,2022-02-02 10:00:00,63.184,63.9,63.105,63.608,2095369
3384,2022-02-02 09:55:00,63.154,63.389,62.643,63.127,1588511
3385,2022-02-02 09:50:00,62.373,63.2,62.26,63.108,1916941
3386,2022-02-02 09:45:00,63.066,63.202,62.251,62.332,1980151
3387,2022-02-02 09:40:00,63.92,64.018,62.703,63.009,2629548
3388,2022-02-02 09:35:00,63.557,64.234,63.418,63.873,2615290
3389,2022-02-02 09:30:00,64.038,64.155,63.036,63.5,3168263
3390,2022-02-02 09:25:00,64.097,64.234,63.919,64.03,96341
3391,2022-02-02 09:20:00,63.881,64.116,63.781,64.021,74112
3392,2022-02-02 09:15:00,63.97,64.057,63.732,63.814,110360
3393,2022-02-02 09:10:00,64.087,64.136,63.87,63.903,88669
3394,2022-02-02 09:05:00,64.166,64.234,63.919,64.05,120406
3395,2022-02-02 09:00:00,64.097,64.205,63.909,64.109,98565
3396,2022-02-02 08:55:00,64.097,64.214,63.997,64.07,95540
3397,2022-02-02 08:50:00,64.48,64.499,64.017,64.05,107108
3398,2022-02-02 08:45:00,64.372,64.558,64.262,64.443,52840
3399,2022-02-02 08:40:00,64.421,64.529,64.272,64.325,68659
3400,2022-02-02 08:35:00,64.51,64.686,64.35,64.374,60919
3401,2022-02-02 08:30:00,64.52,64.588,64.35,64.482,83414
3402,2022-02-02 08:25:00,64.529,64.637,64.341,64.472,122536
3403,2022-02-02 08:20:00,64.736,64.775,64.419,64.492,111009
3404,2022-02-02 08:15:00,64.814,65.001,64.664,64.688,57988
3405,2022-02-02 08:10:00,64.893,64.951,64.733,64.786,44245
3406,2022-02-02 08:05:00,64.932,65.01,64.792,64.845,42419
3407,2022-02-02 08:00:00,64.677,65.217,63.83,64.865,290944
3408,2022-02-02 07:55:00,65.021,65.187,64.939,65.032,34558
3409,2022-02-02 07:50:00,65.119,65.177,64.89,64.953,21619
3410,2022-02-02 07:45:00,65.08,65.197,64.969,65.041,33021
3411,2022-02-02 07:40:00,64.952,65.099,64.821,65.032,44692
3412,2022-02-02 07:35:00,65.119,65.168,64.9,64.933,21852
3413,2022-02-02 07:30:00,65.148,65.207,65.008,65.081,31187
3414,2022-02-02 07:25:00,65.129,65.217,65.018,65.1,58966
3415,2022-02-02 07:20:00,65.168,65.187,64.978,65.08,16644
3416,2022-02-02 07:15:00,64.962,65.197,64.89,65.09,82743
3417,2022-02-02 07:10:00,64.736,65.079,64.664,64.904,62585
3418,2022-02-02 07:05:00,64.667,64.755,64.557,64.678,20025
3419,2022-02-02 07:00:00,64.785,64.843,64.478,64.649,97871
3420,2022-02-02 06:55:00,64.755,64.804,64.645,64.717,8492
3421,2022-02-02 06:50:00,64.598,64.824,64.517,64.747,15630
3422,2022-02-02 06:45:00,64.588,64.696,64.517,64.57,3486
3423,2022-02-02 06:40:00,64.628,64.676,64.468,64.511,7061
3424,2022-02-02 06:35:00,64.628,64.745,64.527,64.56,7736
3425,2022-02-02 06:30:00,64.529,64.676,64.458,64.609,3938
3426,2022-02-02 06:25:00,64.49,64.558,64.35,64.492,7100
3427,2022-02-02 06:20:00,64.323,64.549,64.252,64.443,30080
3428,2022-02-02 06:15:00,64.323,64.362,64.223,64.295,7595
3429,2022-02-02 06:10:00,64.412,64.431,64.213,64.256,10310
3430,2022-02-02 06:05:00,64.529,64.549,64.272,64.394,29827
3431,2022-02-02 06:00:00,64.638,64.696,64.419,64.511,7426
3432,2022-02-02 05:55:00,64.628,64.686,64.468,64.58,8129
3433,2022-02-02 05:50:00,64.579,64.666,64.507,64.59,4637
3434,2022-02-02 05:45:00,64.716,64.735,64.449,64.521,10705
3435,2022-02-02 05:40:00,64.716,64.804,64.615,64.649,3255
3436,2022-02-02 05:35:00,64.814,64.863,64.576,64.678,9302
3437,2022-02-02 05:30:00,64.736,64.912,64.664,64.688,20301
3438,2022-02-02 05:25:00,64.706,64.755,64.625,64.668,2790
3439,2022-02-02 05:20:00,64.736,64.775,64.586,64.688,27136
3440,2022-02-02 05:15:00,64.863,64.922,64.694,64.727,6037
3441,2022-02-02 05:10:00,64.824,64.863,64.674,64.796,13401
3442,2022-02-02 05:05:00,65.001,65.02,64.743,64.767,7886
3443,2022-02-02 05:00:00,65.03,65.05,64.782,64.884,24485
3444,2022-02-02 04:55:00,65.011,65.138,64.92,65.032,21951
3445,2022-02-02 04:50:00,64.932,65.01,64.831,64.943,17960
3446,2022-02-02 04:45:00,64.736,64.932,64.645,64.865,20980
3447,2022-02-02 04:40:00,64.588,64.765,64.498,64.698,25077
3448,2022-02-02 04:35:00,64.441,64.627,64.301,64.56,17875
3449,2022-02-02 04:30:00,64.402,64.509,64.331,64.394,15653
3450,2022-02-02 04:25:00,64.5,64.558,64.282,64.374,9220
3451,2022-02-02 04:20:00,64.421,64.509,64.321,64.443,24215
3452,2022-02-02 04:15:00,64.549,64.578,64.35,64.374,27664
3453,2022-02-02 04:10:00,64.284,64.647,64.203,64.492,21028
3454,2022-02-02 04:05:00,64.254,64.391,64.184,64.266,17831
3455,2022-02-02 04:00:00,63.812,64.293,63.742,64.197,59008
3456,2022-02-01 19:55:00,63.665,63.733,63.565,63.667,46124
3457,2022-02-01 19:50:00,63.616,63.684,63.536,63.618,15765
3458,2022-02-01 19:45:00,63.606,63.664,63.536,63.569,10327
3459,2022-02-01 19:40:00,63.626,63.645,63.516,63.559,8476
3460,2022-02-01 19:35:00,63.636,63.674,63.536,63.559,14335
3461,2022-02-01 19:30:00,63.665,63.694,63.546,63.569,10936
3462,2022-02-01 19:25:00,63.655,63.694,63.556,63.608,6813
3463,2022-02-01 19:20:00,63.665,63.703,63.585,63.618,14373
3464,2022-02-01 19:15:00,63.586,63.723,63.487,63.638,22338
3465,2022-02-01 19:10:00,63.606,63.645,63.487,63.559,22750
3466,2022-02-01 19:05:00,63.577,63.625,63.467,63.53,25652
3467,2022-02-01 19:00:00,63.518,63.635,63.418,63.559,22954
3468,2022-02-01 18:55:00,63.459,63.536,63.379,63.471,13833
3469,2022-02-01 18:50:00,63.449,63.497,63.379,63.412,5733
3470,2022-02-01 18:45:00,63.469,63.487,63.369,63.402,11040
3471,2022-02-01 18:40:00,63.459,63.487,63.369,63.422,7049
3472,2022-02-01 18:35:00,63.4,63.477,63.301,63.412,17065
3473,2022-02-01 18:30:00,63.459,63.477,63.301,63.353,23553
3474,2022-02-01 18:25:00,63.449,63.497,63.35,63.422,16709
3475,2022-02-01 18:20:00,63.439,63.497,63.35,63.373,8481
3476,2022-02-01 18:15:00,63.449,63.527,63.34,63.402,13818
3477,2022-02-01 18:10:00,63.41,63.477,63.242,63.402,32934
3478,2022-02-01 18:05:00,63.39,63.507,63.291,63.363,24682
3479,2022-02-01 18:00:00,63.557,63.576,63.291,63.392,38893
3480,2022-02-01 17:55:00,63.557,63.625,63.467,63.559,4500
3481,2022-02-01 17:50:00,63.616,63.635,63.438,63.53,3925
3482,2022-02-01 17:45:00,63.577,63.625,63.458,63.559,10821
3483,2022-02-01 17:40:00,63.567,63.635,63.408,63.53,16854
3484,2022-02-01 17:35:00,63.488,63.576,63.389,63.51,10247
3485,2022-02-01 17:30:00,63.606,63.625,63.369,63.441,29624
3486,2022-02-01 17:25:00,63.557,63.625,63.467,63.51,11030
3487,2022-02-01 17:20:00,63.488,63.576,63.389,63.461,13389
3488,2022-02-01 17:15:00,63.518,63.576,63.32,63.461,29214
3489,2022-02-01 17:10:00,63.508,63.615,63.399,63.51,21963
3490,2022-02-01 17:05:00,63.39,63.507,63.291,63.412,19318
3491,2022-02-01 17:00:00,63.429,63.477,63.301,63.343,9454
3492,2022-02-01 16:55:00,63.439,63.527,63.33,63.412,50691
3493,2022-02-01 16:50:00,63.262,63.517,63.193,63.392,76895
3494,2022-02-01 16:45:00,63.38,63.428,63.094,63.225,180647
3495,2022-02-01 16:40:00,63.685,63.713,63.261,63.333,132810
3496,2022-02-01 16:35:00,63.586,63.723,63.516,63.638,121889
3497,2022-02-01 16:30:00,63.36,63.635,63.163,63.559,179686
3498,2022-02-01 16:25:00,63.066,63.379,62.967,63.314,104747
3499,2022-02-01 16:20:00,62.879,63.124,62.751,63.019,118554
3500,2022-02-01 16:15:00,62.81,63.124,62.692,62.833,179073
3501,2022-02-01 16:10:00,62.614,62.868,62.545,62.745,314333
3502,2022-02-01 16:05:00,62.201,62.662,61.956,62.548,395120
3503,2022-02-01 16:00:00,61.887,62.377,61.74,62.175,357393
3504,2022-02-01 15:55:00,62.044,62.249,61.77,61.822,2117566
3505,2022-02-01 15:50:00,61.808,62.161,61.672,61.993,1926487
3506,2022-02-01 15:45:00,61.592,61.846,61.447,61.758,1329547
3507,2022-02-01 15:40:00,61.17,61.64,61.063,61.537,958726
3508,2022-02-01 15:35:00,61.558,61.66,61.044,61.125,1184392
3509,2022-02-01 15:30:00,61.337,61.689,61.26,61.503,1508608
3510,2022-02-01 15:25:00,61.267,61.384,60.995,61.282,964262
3511,2022-02-01 15:20:00,61.032,61.286,60.931,61.213,913533
3512,2022-02-01 15:15:00,61.027,61.144,60.798,60.992,521678
3513,2022-02-01 15:10:00,61.145,61.168,60.837,60.985,656601
3514,2022-02-01 15:05:00,60.983,61.168,60.798,61.095,1369468
3515,2022-02-01 15:00:00,60.379,61.099,60.19,60.953,2170749
3516,2022-02-01 14:55:00,60.355,60.49,60.072,60.33,526903
3517,2022-02-01 14:50:00,60.384,60.451,60.072,60.3,458048
3518,2022-02-01 14:45:00,60.384,60.598,60.219,60.344,770496
3519,2022-02-01 14:40:00,60.256,60.422,60.033,60.33,475178
3520,2022-02-01 14:35:00,60.335,60.412,59.905,60.212,520361
3521,2022-02-01 14:30:00,60.192,60.422,60.111,60.281,663447
3522,2022-02-01 14:25:00,60.119,60.215,59.866,60.148,429365
3523,2022-02-01 14:20:00,60.269,60.304,59.748,60.079,1194058
3524,2022-02-01 14:15:00,60.393,60.569,60.141,60.222,627273
3525,2022-02-01 14:10:00,60.58,60.795,60.129,60.34,979671
3526,2022-02-01 14:05:00,60.585,60.638,60.376,60.546,450602
3527,2022-02-01 14:00:00,60.522,60.726,60.322,60.536,646071
3528,2022-02-01 13:55:00,60.531,60.549,60.111,60.457,661260
3529,2022-02-01 13:50:00,60.6,60.628,60.308,60.477,494104
3530,2022-02-01 13:45:00,60.669,60.726,60.425,60.555,443111
3531,2022-02-01 13:40:00,60.61,60.765,60.504,60.619,399534
3532,2022-02-01 13:35:00,60.534,60.687,60.092,60.575,748240
3533,2022-02-01 13:30:00,60.787,60.811,60.406,60.477,644068
3534,2022-02-01 13:25:00,60.561,60.844,60.445,60.742,817356
3535,2022-02-01 13:20:00,60.551,60.618,60.396,60.506,353954
3536,2022-02-01 13:15:00,60.522,60.667,60.357,60.501,275799
3537,2022-02-01 13:10:00,60.444,60.677,60.357,60.477,397968
3538,2022-02-01 13:05:00,60.561,60.657,60.308,60.398,528293
3539,2022-02-01 13:00:00,60.826,60.883,60.425,60.506,740864
3540,2022-02-01 12:55:00,60.394,60.874,60.327,60.79,842663
3541,2022-02-01 12:50:00,60.266,60.461,60.161,60.354,515314
3542,2022-02-01 12:45:00,60.305,60.431,60.058,60.222,802004
3543,2022-02-01 12:40:00,60.276,60.471,60.092,60.246,594636
3544,2022-02-01 12:35:00,60.138,60.49,60.072,60.231,798939
3545,2022-02-01 12:30:00,60.654,60.716,59.984,60.094,961111
3546,2022-02-01 12:25:00,60.826,60.908,60.288,60.609,788168
3547,2022-02-01 12:20:00,60.826,60.962,60.514,60.786,635464
3548,2022-02-01 12:15:00,60.541,60.883,60.475,60.781,621797
3549,2022-02-01 12:10:00,60.767,60.785,60.249,60.497,947280
3550,2022-02-01 12:05:00,60.86,60.982,60.641,60.712,589891
3551,2022-02-01 12:00:00,61.072,61.163,60.749,60.811,834054
3552,2022-02-01 11:55:00,60.974,61.306,60.828,61.027,953777
3553,2022-02-01 11:50:00,60.905,61.08,60.661,60.928,762315
3554,2022-02-01 11:45:00,60.718,61.163,60.641,60.87,1377306
3555,2022-02-01 11:40:00,60.63,60.864,60.475,60.663,814493
3556,2022-02-01 11:35:00,60.846,60.952,60.367,60.595,1063213
3557,2022-02-01 11:30:00,60.659,60.932,60.2,60.801,1064413
3558,2022-02-01 11:25:00,60.404,60.775,60.259,60.619,930368
3559,2022-02-01 11:20:00,60.738,60.828,60.21,60.349,1073725
3560,2022-02-01 11:15:00,60.954,61.001,60.533,60.683,1101607
3561,2022-02-01 11:10:00,60.637,60.991,60.376,60.899,1390287
3562,2022-02-01 11:05:00,60.207,60.756,60.062,60.585,1226673
3563,2022-02-01 11:00:00,60.237,60.52,60.018,60.173,1640458
3564,2022-02-01 10:55:00,59.81,60.304,59.74,60.222,1402996
3565,2022-02-01 10:50:00,59.421,59.891,59.277,59.778,1233469
3566,2022-02-01 10:45:00,59.254,59.527,58.973,59.387,963150
3567,2022-02-01 10:40:00,59.736,60.127,59.101,59.211,1358539
3568,2022-02-01 10:35:00,59.677,60.058,59.287,59.683,1332280
3569,2022-02-01 10:30:00,59.814,60.274,59.434,59.628,1738608
3570,2022-02-01 10:25:00,60.06,60.361,59.67,59.76,1518538
3571,2022-02-01 10:20:00,59.318,60.165,59.238,60.016,1718446
3572,2022-02-01 10:15:00,59.677,59.812,59.179,59.279,1959691
3573,2022-02-01 10:10:00,59.205,59.724,58.905,59.628,2065540
3574,2022-02-01 10:05:00,59.038,59.331,58.61,59.17,2637900
3575,2022-02-01 10:00:00,60.05,60.156,58.895,58.985,3203737
3576,2022-02-01 09:55:00,59.677,60.156,59.395,60.025,1767048
3577,2022-02-01 09:50:00,59.971,60.304,59.562,59.643,1980030
3578,2022-02-01 09:45:00,59.598,60.122,59.405,59.917,2093179
3579,2022-02-01 09:40:00,60.266,60.677,59.326,59.549,3819238
3580,2022-02-01 09:35:00,60.846,61.05,60.151,60.222,2829301
3581,2022-02-01 09:30:00,61.327,61.434,60.298,60.791,3848249
3582,2022-02-01 09:25:00,61.337,61.502,61.23,61.272,125749
3583,2022-02-01 09:20:00,61.278,61.335,61.093,61.262,51646
3584,2022-02-01 09:15:00,61.317,61.384,61.152,61.233,57309
3585,2022-02-01 09:10:00,61.415,61.512,61.25,61.282,58633
3586,2022-02-01 09:05:00,61.386,61.512,61.289,61.36,47696
3587,2022-02-01 09:00:00,61.415,61.552,61.289,61.341,97803
3588,2022-02-01 08:55:00,61.317,61.463,61.181,61.36,32470
3589,2022-02-01 08:50:00,61.298,61.404,61.22,61.282,21484
3590,2022-02-01 08:45:00,61.317,61.37,61.112,61.252,23221
3591,2022-02-01 08:40:00,61.248,61.424,61.152,61.233,56026
3592,2022-02-01 08:35:00,61.16,61.306,60.995,61.174,72059
3593,2022-02-01 08:30:00,61.396,61.414,61.053,61.085,65573
3594,2022-02-01 08:25:00,61.523,61.542,61.309,61.351,76173
3595,2022-02-01 08:20:00,61.445,61.571,61.358,61.458,74048
3596,2022-02-01 08:15:00,61.445,61.512,61.328,61.409,41834
3597,2022-02-01 08:10:00,61.327,61.522,61.24,61.39,93978
3598,2022-02-01 08:05:00,61.258,61.394,61.161,61.282,68609
3599,2022-02-01 08:00:00,61.15,61.296,60.357,61.213,213590
3600,2022-02-01 07:55:00,61.16,61.276,61.034,61.095,44992
3601,2022-02-01 07:50:00,61.19,61.237,61.083,61.125,23850
3602,2022-02-01 07:45:00,61.15,61.247,60.985,61.154,52286
3603,2022-02-01 07:40:00,61.17,61.217,61.034,61.105,38351
3604,2022-02-01 07:35:00,61.16,61.257,61.034,61.125,46378
3605,2022-02-01 07:30:00,61.013,61.267,60.936,61.125,86454
3606,2022-02-01 07:25:00,60.924,61.031,60.769,60.968,18711
3607,2022-02-01 07:20:00,60.747,60.991,60.641,60.879,49192
3608,2022-02-01 07:15:00,60.669,60.785,60.543,60.654,19857
3609,2022-02-01 07:10:00,60.659,60.765,60.592,60.624,23451
3610,2022-02-01 07:05:00,60.453,60.648,60.386,60.575,24962
3611,2022-02-01 07:00:00,60.463,60.569,60.347,60.447,13205
3612,2022-02-01 06:55:00,60.453,60.589,60.327,60.487,1885
3613,2022-02-01 06:50:00,60.492,60.549,60.347,60.369,3529
3614,2022-02-01 06:45:00,60.413,60.5,60.249,60.438,7537
3615,2022-02-01 06:40:00,60.522,60.539,60.298,60.32,5099
3616,2022-02-01 06:35:00,60.62,60.677,60.445,60.477,9385
3617,2022-02-01 06:30:00,60.463,60.638,60.327,60.575,2912
3618,2022-02-01 06:25:00,60.512,60.53,60.308,60.379,13575
3619,2022-02-01 06:20:00,60.512,60.608,60.396,60.467,2803
3620,2022-02-01 06:15:00,60.63,60.687,60.396,60.418,4457
3621,2022-02-01 06:10:00,60.757,60.854,60.641,60.663,4842
3622,2022-02-01 06:05:00,60.708,60.893,60.641,60.83,5255
3623,2022-02-01 06:00:00,60.512,60.785,60.386,60.722,10283
3624,2022-02-01 05:55:00,60.443,60.579,60.288,60.428,9589
3625,2022-02-01 05:50:00,60.59,60.657,60.386,60.428,3968
3626,2022-02-01 05:45:00,60.708,60.726,60.543,60.575,2957
3627,2022-02-01 05:40:00,60.914,60.952,60.671,60.693,8293
3628,2022-02-01 05:35:00,60.797,60.982,60.73,60.909,6020
3629,2022-02-01 05:30:00,60.708,60.815,60.563,60.752,3182
3630,2022-02-01 05:25:00,60.659,60.844,60.592,60.781,2723
3631,2022-02-01 05:20:00,60.689,60.706,60.524,60.604,2602
3632,2022-02-01 05:15:00,60.698,60.805,60.504,60.526,1773
3633,2022-02-01 05:10:00,60.797,60.834,60.543,60.575,2627
3634,2022-02-01 05:05:00,60.728,60.913,60.661,60.771,4879
3635,2022-02-01 05:00:00,60.571,60.746,60.435,60.683,9922
3636,2022-02-01 04:55:00,60.315,60.677,60.229,60.555,5295
3637,2022-02-01 04:50:00,60.296,60.431,60.092,60.349,11014
3638,2022-02-01 04:45:00,60.62,60.677,60.131,60.202,11591
3639,2022-02-01 04:40:00,60.61,60.716,60.396,60.516,13415
3640,2022-02-01 04:35:00,60.453,60.736,60.386,60.624,8346
3641,2022-02-01 04:30:00,60.463,60.618,60.337,60.428,39674
3642,2022-02-01 04:25:00,60.954,61.05,60.396,60.418,19423
3643,2022-02-01 04:20:00,61.15,61.267,60.838,60.909,16248
3644,2022-02-01 04:15:00,61.209,61.326,61.073,61.144,24291
3645,2022-02-01 04:10:00,61.268,61.384,61.132,61.154,14162
3646,2022-02-01 04:05:00,61.415,61.434,61.191,61.243,43765
3647,2022-02-01 04:00:00,60.659,61.552,60.592,61.38,94844
