,timestamp,open,high,low,close,volume
0,2024-04-30 19:55:00,52.14,52.25,52.13,52.24,43181
1,2024-04-30 19:50:00,52.19,52.19,52.11,52.14,48930
2,2024-04-30 19:45:00,52.14,52.19,52.14,52.19,8666
3,2024-04-30 19:40:00,52.04,52.13,52.04,52.13,29533
4,2024-04-30 19:35:00,52.02,52.09,52.01,52.06,17594
5,2024-04-30 19:30:00,52.13,52.15,52.0,52.03,38631
6,2024-04-30 19:25:00,52.17,52.17,52.12,52.12,10823
7,2024-04-30 19:20:00,52.19,52.21,52.16,52.16,10424
8,2024-04-30 19:15:00,52.25,52.26,52.19,52.19,9045
9,2024-04-30 19:10:00,52.24,52.28,52.22,52.25,33108
10,2024-04-30 19:05:00,52.15,52.26,52.14,52.25,19644
11,2024-04-30 19:00:00,52.15,52.16,52.11,52.16,29350
12,2024-04-30 18:55:00,52.19,52.19,52.13,52.15,17087
13,2024-04-30 18:50:00,52.13,52.19,52.12,52.18,21095
14,2024-04-30 18:45:00,52.16,52.17,52.13,52.13,16157
15,2024-04-30 18:40:00,52.18,52.21,52.13,52.16,14140
16,2024-04-30 18:35:00,52.14,52.21,52.14,52.18,37140
17,2024-04-30 18:30:00,52.05,52.15,52.05,52.15,46994
18,2024-04-30 18:25:00,52.11,52.12,52.04,52.049,33795
19,2024-04-30 18:20:00,52.14,52.14,52.03,52.11,14468
20,2024-04-30 18:15:00,52.04,52.15,52.025,52.13,25138
21,2024-04-30 18:10:00,52.04,52.074,51.95,52.05,105775
22,2024-04-30 18:05:00,52.16,52.16,51.98,52.02,129922
23,2024-04-30 18:00:00,51.88,52.2,51.8,52.17,125564
24,2024-04-30 17:55:00,51.88,51.9,51.86,51.89,42250
25,2024-04-30 17:50:00,51.88,51.9,51.84,51.88,49271
26,2024-04-30 17:45:00,52.11,52.12,51.87,51.88,99948
27,2024-04-30 17:40:00,52.26,52.27,52.11,52.11,50910
28,2024-04-30 17:35:00,52.28,52.28,52.26,52.27,36704
29,2024-04-30 17:30:00,52.28,52.28,52.27,52.28,12086
30,2024-04-30 17:25:00,52.27,52.28,52.26,52.27,23920
31,2024-04-30 17:20:00,52.25,52.27,52.214,52.26,19555
32,2024-04-30 17:15:00,52.19,52.25,52.19,52.24,13982
33,2024-04-30 17:10:00,52.18,52.21,52.14,52.2,38341
34,2024-04-30 17:05:00,52.22,52.25,52.15,52.18,32709
35,2024-04-30 17:00:00,52.26,52.28,52.17,52.2,65683
36,2024-04-30 16:55:00,52.32,52.35,52.24,52.26,62809
37,2024-04-30 16:50:00,52.34,52.38,52.29,52.32,65074
38,2024-04-30 16:45:00,52.43,52.45,52.31,52.35,72284
39,2024-04-30 16:40:00,52.34,52.45,52.33,52.42,84626
40,2024-04-30 16:35:00,52.28,52.39,52.27,52.33,55342
41,2024-04-30 16:30:00,52.23,52.42,52.23,52.28,88679
42,2024-04-30 16:25:00,52.33,52.51,52.23,52.23,231611
43,2024-04-30 16:20:00,52.26,52.45,52.25,52.35,276276
44,2024-04-30 16:15:00,52.735,52.735,51.96,52.27,469043
45,2024-04-30 16:10:00,52.74,52.82,52.56,52.71,363473
46,2024-04-30 16:05:00,53.12,53.15,52.48,52.739,458649
47,2024-04-30 16:00:00,52.73,53.35,52.24,53.13,1805754
48,2024-04-30 15:55:00,53.35,53.355,52.732,52.732,4208880
49,2024-04-30 15:50:00,54.075,54.075,53.29,53.36,2263522
50,2024-04-30 15:45:00,53.87,54.1,53.861,54.08,570600
51,2024-04-30 15:40:00,53.88,53.97,53.85,53.875,477408
52,2024-04-30 15:35:00,54.01,54.055,53.85,53.89,513713
53,2024-04-30 15:30:00,53.95,54.055,53.91,54.01,521943
54,2024-04-30 15:25:00,53.75,53.97,53.75,53.95,505998
55,2024-04-30 15:20:00,53.81,53.9,53.66,53.75,741881
56,2024-04-30 15:15:00,53.98,54.0,53.78,53.81,584852
57,2024-04-30 15:10:00,54.005,54.07,53.96,53.975,243242
58,2024-04-30 15:05:00,53.983,54.059,53.97,54.01,316606
59,2024-04-30 15:00:00,53.86,54.025,53.81,53.985,397142
60,2024-04-30 14:55:00,53.78,53.88,53.765,53.86,376226
61,2024-04-30 14:50:00,53.97,53.98,53.73,53.79,822992
62,2024-04-30 14:45:00,54.119,54.16,53.95,53.965,361438
63,2024-04-30 14:40:00,54.21,54.23,54.065,54.115,428743
64,2024-04-30 14:35:00,54.15,54.23,54.115,54.21,318184
65,2024-04-30 14:30:00,53.94,54.17,53.94,54.155,519213
66,2024-04-30 14:25:00,54.134,54.18,53.91,53.93,646918
67,2024-04-30 14:20:00,54.155,54.28,54.115,54.14,349697
68,2024-04-30 14:15:00,54.205,54.265,54.1,54.15,323328
69,2024-04-30 14:10:00,54.28,54.325,54.18,54.206,367091
70,2024-04-30 14:05:00,54.44,54.44,54.21,54.27,493800
71,2024-04-30 14:00:00,54.3,54.456,54.294,54.43,453679
72,2024-04-30 13:55:00,54.35,54.38,54.255,54.305,397494
73,2024-04-30 13:50:00,54.215,54.36,54.17,54.35,560093
74,2024-04-30 13:45:00,54.09,54.22,54.08,54.21,466472
75,2024-04-30 13:40:00,54.135,54.27,54.04,54.095,483991
76,2024-04-30 13:35:00,54.04,54.16,54.02,54.132,327038
77,2024-04-30 13:30:00,54.01,54.098,53.95,54.05,293741
78,2024-04-30 13:25:00,54.06,54.146,54.0,54.01,497661
79,2024-04-30 13:20:00,53.905,54.08,53.9,54.055,449693
80,2024-04-30 13:15:00,53.91,53.96,53.81,53.9,553282
81,2024-04-30 13:10:00,54.055,54.12,53.8,53.905,637157
82,2024-04-30 13:05:00,54.036,54.16,53.96,54.05,402351
83,2024-04-30 13:00:00,54.06,54.24,53.95,54.04,582549
84,2024-04-30 12:55:00,53.933,54.15,53.9,54.075,542704
85,2024-04-30 12:50:00,53.93,54.015,53.89,53.945,584018
86,2024-04-30 12:45:00,53.96,53.98,53.87,53.925,595014
87,2024-04-30 12:40:00,54.09,54.1,53.89,53.97,1011441
88,2024-04-30 12:35:00,54.14,54.27,54.06,54.085,660842
89,2024-04-30 12:30:00,54.64,54.64,54.08,54.136,1213792
90,2024-04-30 12:25:00,54.648,54.707,54.61,54.645,291412
91,2024-04-30 12:20:00,54.66,54.74,54.64,54.65,551963
92,2024-04-30 12:15:00,54.64,54.69,54.55,54.67,317204
93,2024-04-30 12:10:00,54.48,54.655,54.47,54.65,368166
94,2024-04-30 12:05:00,54.505,54.51,54.41,54.47,385789
95,2024-04-30 12:00:00,54.63,54.65,54.44,54.51,380240
96,2024-04-30 11:55:00,54.455,54.685,54.45,54.635,633060
97,2024-04-30 11:50:00,54.4,54.5,54.34,54.455,475068
98,2024-04-30 11:45:00,54.43,54.52,54.334,54.404,458717
99,2024-04-30 11:40:00,54.555,54.57,54.33,54.433,776637
100,2024-04-30 11:35:00,54.6,54.67,54.55,54.555,428599
101,2024-04-30 11:30:00,54.695,54.71,54.42,54.59,955433
102,2024-04-30 11:25:00,54.65,54.73,54.607,54.695,480831
103,2024-04-30 11:20:00,54.755,54.8,54.58,54.64,647961
104,2024-04-30 11:15:00,54.56,54.79,54.52,54.755,1254080
105,2024-04-30 11:10:00,54.935,54.98,54.531,54.565,1435831
106,2024-04-30 11:05:00,55.11,55.18,54.82,54.935,996301
107,2024-04-30 11:00:00,55.32,55.334,55.08,55.111,739285
108,2024-04-30 10:55:00,55.34,55.35,55.2,55.32,559192
109,2024-04-30 10:50:00,55.61,55.62,55.28,55.35,616511
110,2024-04-30 10:45:00,55.56,55.7,55.54,55.601,726790
111,2024-04-30 10:40:00,55.37,55.58,55.33,55.565,557754
112,2024-04-30 10:35:00,55.3,55.39,55.22,55.36,482091
113,2024-04-30 10:30:00,55.2,55.32,55.13,55.3,772506
114,2024-04-30 10:25:00,55.53,55.57,55.2,55.2,676086
115,2024-04-30 10:20:00,55.59,55.64,55.47,55.53,423349
116,2024-04-30 10:15:00,55.6,55.72,55.56,55.58,639490
117,2024-04-30 10:10:00,55.61,55.62,55.35,55.6,1014157
118,2024-04-30 10:05:00,55.55,55.745,55.54,55.605,614512
119,2024-04-30 10:00:00,55.625,55.85,55.49,55.55,1191422
120,2024-04-30 09:55:00,55.56,55.659,55.49,55.615,524131
121,2024-04-30 09:50:00,55.54,55.58,55.37,55.56,565984
122,2024-04-30 09:45:00,55.74,55.78,55.38,55.53,1239266
123,2024-04-30 09:40:00,55.39,55.76,55.37,55.73,1355288
124,2024-04-30 09:35:00,55.45,55.47,55.2,55.39,880955
125,2024-04-30 09:30:00,55.3,55.5,55.199,55.46,1996384
126,2024-04-30 09:25:00,55.26,55.35,55.25,55.3,104279
127,2024-04-30 09:20:00,55.31,55.32,55.23,55.28,40325
128,2024-04-30 09:15:00,55.31,55.35,55.27,55.29,76138
129,2024-04-30 09:10:00,55.16,56.145,55.16,55.3,83211
130,2024-04-30 09:05:00,55.149,55.27,55.12,55.16,135836
131,2024-04-30 09:00:00,55.21,55.22,55.08,55.14,153028
132,2024-04-30 08:55:00,55.3,55.34,55.13,55.2,171545
133,2024-04-30 08:50:00,55.1,55.37,55.05,55.31,134000
134,2024-04-30 08:45:00,55.12,55.14,55.08,55.1,57114
135,2024-04-30 08:40:00,55.02,55.15,54.92,55.12,101356
136,2024-04-30 08:35:00,55.02,55.23,55.01,55.03,175628
137,2024-04-30 08:30:00,55.68,55.68,54.88,55.02,374847
138,2024-04-30 08:25:00,55.74,55.77,55.65,55.68,35009
139,2024-04-30 08:20:00,55.73,55.76,55.719,55.74,18177
140,2024-04-30 08:15:00,55.69,55.72,55.681,55.72,18458
141,2024-04-30 08:10:00,55.63,55.69,55.61,55.69,72687
142,2024-04-30 08:05:00,55.68,55.71,55.63,55.63,23894
143,2024-04-30 08:00:00,55.82,56.0,55.551,55.67,165084
144,2024-04-30 07:55:00,55.71,55.75,55.63,55.67,16546
145,2024-04-30 07:50:00,55.7,55.73,55.67,55.72,6675
146,2024-04-30 07:45:00,55.72,55.75,55.7,55.7,14229
147,2024-04-30 07:40:00,55.7,55.73,55.67,55.7,15521
148,2024-04-30 07:35:00,55.67,55.7,55.66,55.7,6581
149,2024-04-30 07:30:00,55.68,55.71,55.62,55.68,14577
150,2024-04-30 07:25:00,55.71,55.72,55.63,55.68,15151
151,2024-04-30 07:20:00,55.77,55.77,55.67,55.7,26152
152,2024-04-30 07:15:00,55.81,55.81,55.77,55.77,9825
153,2024-04-30 07:10:00,55.77,55.83,55.75,55.81,19534
154,2024-04-30 07:05:00,55.68,55.76,55.67,55.76,18883
155,2024-04-30 07:00:00,55.82,55.85,55.69,55.7,57708
156,2024-04-30 06:55:00,55.78,55.82,55.78,55.82,6182
157,2024-04-30 06:50:00,55.82,55.85,55.79,55.79,7891
158,2024-04-30 06:45:00,55.74,55.82,55.71,55.82,9872
159,2024-04-30 06:40:00,55.77,55.78,55.74,55.74,3300
160,2024-04-30 06:35:00,55.67,55.78,55.65,55.77,11742
161,2024-04-30 06:30:00,55.65,55.69,55.63,55.68,4756
162,2024-04-30 06:25:00,55.66,55.67,55.65,55.65,4603
163,2024-04-30 06:20:00,55.66,55.7,55.63,55.68,9046
164,2024-04-30 06:15:00,55.64,55.66,55.61,55.66,4172
165,2024-04-30 06:10:00,55.61,55.65,55.6,55.63,17039
166,2024-04-30 06:05:00,55.64,55.64,55.61,55.61,50930
167,2024-04-30 06:00:00,55.64,55.66,55.61,55.66,1974
168,2024-04-30 05:55:00,55.62,55.65,55.6,55.64,5524
169,2024-04-30 05:50:00,55.72,55.73,55.6,55.61,9121
170,2024-04-30 05:45:00,55.74,55.77,55.69,55.72,2253
171,2024-04-30 05:40:00,55.76,55.77,55.69,55.74,2827
172,2024-04-30 05:35:00,55.7,55.75,55.68,55.74,2885
173,2024-04-30 05:30:00,55.71,55.75,55.69,55.71,6499
174,2024-04-30 05:25:00,55.73,55.77,55.69,55.72,7181
175,2024-04-30 05:20:00,55.63,55.74,55.62,55.74,16810
176,2024-04-30 05:15:00,55.56,55.65,55.55,55.63,9039
177,2024-04-30 05:10:00,55.62,55.62,55.54,55.54,13203
178,2024-04-30 05:05:00,55.68,55.69,55.58,55.61,7987
179,2024-04-30 05:00:00,55.63,55.72,55.56,55.72,30611
180,2024-04-30 04:55:00,55.63,55.67,55.62,55.63,22905
181,2024-04-30 04:50:00,55.75,55.75,55.63,55.63,31885
182,2024-04-30 04:45:00,55.76,55.78,55.73,55.75,7193
183,2024-04-30 04:40:00,55.75,55.77,55.71,55.76,6082
184,2024-04-30 04:35:00,55.78,55.82,55.75,55.75,5860
185,2024-04-30 04:30:00,55.79,55.83,55.77,55.77,6544
186,2024-04-30 04:25:00,55.76,55.83,55.75,55.8,6587
187,2024-04-30 04:20:00,55.78,55.83,55.76,55.76,7774
188,2024-04-30 04:15:00,55.78,55.82,55.75,55.8,15066
189,2024-04-30 04:10:00,55.81,55.81,55.73,55.78,15743
190,2024-04-30 04:05:00,55.9,55.91,55.79,55.82,14662
191,2024-04-30 04:00:00,55.88,55.93,55.84,55.89,38823
192,2024-04-29 19:55:00,55.99,55.99,55.96,55.97,12735
193,2024-04-29 19:50:00,55.99,55.99,55.97,55.99,6169
194,2024-04-29 19:45:00,55.96,56.0,55.96,55.99,5181
195,2024-04-29 19:40:00,55.97,55.97,55.96,55.96,5466
196,2024-04-29 19:35:00,55.96,55.97,55.96,55.97,7465
197,2024-04-29 19:30:00,55.95,55.98,55.95,55.97,3984
198,2024-04-29 19:25:00,55.95,55.96,55.94,55.94,11580
199,2024-04-29 19:20:00,55.95,55.96,55.93,55.95,1819
200,2024-04-29 19:15:00,55.96,55.97,55.94,55.96,1945
201,2024-04-29 19:10:00,55.97,55.98,55.94,55.96,13894
202,2024-04-29 19:05:00,55.96,55.98,55.96,55.96,2971
203,2024-04-29 19:00:00,55.98,55.98,55.95,55.98,16676
204,2024-04-29 18:55:00,55.95,55.97,55.94,55.97,599
205,2024-04-29 18:50:00,55.97,55.97,55.94,55.97,2398
206,2024-04-29 18:45:00,55.96,55.97,55.93,55.95,8745
207,2024-04-29 18:40:00,55.96,55.98,55.95,55.96,5277
208,2024-04-29 18:35:00,56.01,56.01,55.953,55.96,6396
209,2024-04-29 18:30:00,56.0,56.01,55.99,56.01,15527
210,2024-04-29 18:25:00,55.97,56.01,55.97,56.0,16810
211,2024-04-29 18:20:00,55.97,55.98,55.96,55.97,1747
212,2024-04-29 18:15:00,55.97,55.99,55.96,55.98,18538
213,2024-04-29 18:10:00,55.96,56.01,55.96,55.97,2788
214,2024-04-29 18:05:00,55.97,55.98,55.96,55.96,4590
215,2024-04-29 18:00:00,56.0,56.04,55.97,55.98,12466
216,2024-04-29 17:55:00,56.01,56.01,55.97,55.97,6640
217,2024-04-29 17:50:00,55.99,56.01,55.98,56.0,6770
218,2024-04-29 17:45:00,56.0,56.01,55.98,55.99,8435
219,2024-04-29 17:40:00,55.98,56.0,55.98,55.98,6433
220,2024-04-29 17:35:00,56.0,56.0,55.97,55.97,1862
221,2024-04-29 17:30:00,56.01,56.01,55.98,56.0,2658
222,2024-04-29 17:25:00,56.02,56.02,56.0,56.0,6023
223,2024-04-29 17:20:00,56.05,56.05,56.01,56.01,8843
224,2024-04-29 17:15:00,56.07,56.07,56.03,56.05,3095
225,2024-04-29 17:10:00,56.02,56.07,56.0,56.05,5362
226,2024-04-29 17:05:00,56.0,56.05,56.0,56.0,5534
227,2024-04-29 17:00:00,56.0,56.0,55.97,55.99,12024
228,2024-04-29 16:55:00,56.0,56.02,55.97,55.99,17034
229,2024-04-29 16:50:00,56.02,56.039,56.0,56.01,9787
230,2024-04-29 16:45:00,56.05,56.05,56.0,56.02,30379
231,2024-04-29 16:40:00,56.09,56.1,56.05,56.06,20473
232,2024-04-29 16:35:00,56.07,56.09,56.06,56.09,9358
233,2024-04-29 16:30:00,56.06,56.095,56.06,56.07,63957
234,2024-04-29 16:25:00,56.08,56.08,56.06,56.06,15846
235,2024-04-29 16:20:00,56.08,56.09,56.07,56.08,29686
236,2024-04-29 16:15:00,55.94,56.09,55.94,56.08,52869
237,2024-04-29 16:10:00,56.04,56.1,56.0,56.06,49109
238,2024-04-29 16:05:00,56.07,56.11,56.02,56.05,79930
239,2024-04-29 16:00:00,55.94,56.17,55.94,56.05,548666
240,2024-04-29 15:55:00,55.835,55.98,55.815,55.95,1262650
241,2024-04-29 15:50:00,55.53,55.88,55.52,55.831,1204415
242,2024-04-29 15:45:00,55.51,55.63,55.49,55.54,608483
243,2024-04-29 15:40:00,55.45,55.56,55.38,55.515,504311
244,2024-04-29 15:35:00,55.475,55.525,55.353,55.44,439351
245,2024-04-29 15:30:00,55.4,55.505,55.4,55.48,385213
246,2024-04-29 15:25:00,55.39,55.49,55.33,55.395,472970
247,2024-04-29 15:20:00,55.3,55.49,55.3,55.384,637977
248,2024-04-29 15:15:00,55.25,55.37,55.184,55.29,438793
249,2024-04-29 15:10:00,55.2,55.315,55.19,55.27,718977
250,2024-04-29 15:05:00,55.095,55.25,54.875,55.2,1232555
251,2024-04-29 15:00:00,55.77,55.77,54.98,55.11,2309569
252,2024-04-29 14:55:00,55.693,55.806,55.67,55.774,408546
253,2024-04-29 14:50:00,55.71,55.75,55.65,55.684,206663
254,2024-04-29 14:45:00,55.734,55.77,55.68,55.706,265226
255,2024-04-29 14:40:00,55.54,55.77,55.53,55.735,618823
256,2024-04-29 14:35:00,55.48,55.555,55.45,55.524,411821
257,2024-04-29 14:30:00,55.76,55.76,55.37,55.485,1143853
258,2024-04-29 14:25:00,55.83,55.869,55.723,55.77,345619
259,2024-04-29 14:20:00,55.83,55.895,55.79,55.835,230937
260,2024-04-29 14:15:00,55.84,55.91,55.81,55.835,344433
261,2024-04-29 14:10:00,55.879,55.91,55.8,55.845,323970
262,2024-04-29 14:05:00,55.89,55.9,55.82,55.88,346188
263,2024-04-29 14:00:00,56.03,56.03,55.83,55.91,518057
264,2024-04-29 13:55:00,56.02,56.1,55.99,56.03,265435
265,2024-04-29 13:50:00,56.07,56.1,55.99,56.026,308413
266,2024-04-29 13:45:00,56.125,56.18,56.06,56.072,382162
267,2024-04-29 13:40:00,56.09,56.14,56.08,56.115,239961
268,2024-04-29 13:35:00,56.123,56.15,56.07,56.09,323727
269,2024-04-29 13:30:00,56.11,56.14,56.0,56.12,449698
270,2024-04-29 13:25:00,55.97,56.11,55.965,56.105,640877
271,2024-04-29 13:20:00,55.864,55.996,55.85,55.97,361036
272,2024-04-29 13:15:00,55.816,55.886,55.771,55.875,287894
273,2024-04-29 13:10:00,55.74,55.839,55.74,55.816,277720
274,2024-04-29 13:05:00,55.8,55.805,55.64,55.745,360917
275,2024-04-29 13:00:00,55.859,55.87,55.7,55.8,295548
276,2024-04-29 12:55:00,55.85,55.867,55.77,55.855,227125
277,2024-04-29 12:50:00,55.9,55.92,55.78,55.845,231611
278,2024-04-29 12:45:00,55.9,55.94,55.85,55.881,251399
279,2024-04-29 12:40:00,55.88,55.97,55.73,55.898,420555
280,2024-04-29 12:35:00,55.948,55.965,55.86,55.88,269240
281,2024-04-29 12:30:00,55.95,56.01,55.86,55.956,582238
282,2024-04-29 12:25:00,55.854,55.95,55.79,55.95,398871
283,2024-04-29 12:20:00,55.88,55.9,55.81,55.86,325228
284,2024-04-29 12:15:00,55.89,55.935,55.85,55.885,345554
285,2024-04-29 12:10:00,55.815,55.91,55.81,55.88,278858
286,2024-04-29 12:05:00,55.77,55.89,55.76,55.82,356422
287,2024-04-29 12:00:00,55.78,55.84,55.72,55.77,464220
288,2024-04-29 11:55:00,55.69,55.799,55.65,55.765,210380
289,2024-04-29 11:50:00,55.63,55.72,55.615,55.69,225737
290,2024-04-29 11:45:00,55.735,55.735,55.54,55.621,406619
291,2024-04-29 11:40:00,55.48,55.745,55.48,55.73,434998
292,2024-04-29 11:35:00,55.44,55.5,55.37,55.475,479351
293,2024-04-29 11:30:00,55.68,55.69,55.41,55.44,478213
294,2024-04-29 11:25:00,55.64,55.75,55.63,55.674,204463
295,2024-04-29 11:20:00,55.775,55.78,55.57,55.64,283988
296,2024-04-29 11:15:00,55.72,55.785,55.66,55.775,245177
297,2024-04-29 11:10:00,55.66,55.75,55.59,55.714,283047
298,2024-04-29 11:05:00,55.7,55.71,55.51,55.666,447477
299,2024-04-29 11:00:00,55.76,55.8,55.62,55.695,350387
300,2024-04-29 10:55:00,55.745,55.85,55.72,55.75,274384
301,2024-04-29 10:50:00,55.73,55.84,55.68,55.74,335833
302,2024-04-29 10:45:00,55.84,55.88,55.65,55.73,469692
303,2024-04-29 10:40:00,55.676,55.91,55.67,55.84,533123
304,2024-04-29 10:35:00,55.993,56.005,55.6,55.68,856380
305,2024-04-29 10:30:00,55.835,56.04,55.83,56.0,1132225
306,2024-04-29 10:25:00,55.76,55.885,55.72,55.83,521684
307,2024-04-29 10:20:00,55.845,55.95,55.67,55.758,937558
308,2024-04-29 10:15:00,55.85,55.91,55.76,55.84,717693
309,2024-04-29 10:10:00,55.79,55.895,55.74,55.85,772957
310,2024-04-29 10:05:00,55.62,55.85,55.56,55.795,770361
311,2024-04-29 10:00:00,55.575,55.765,55.54,55.621,892006
312,2024-04-29 09:55:00,55.26,55.595,55.235,55.58,1224246
313,2024-04-29 09:50:00,55.57,55.58,55.23,55.265,1095196
314,2024-04-29 09:45:00,55.38,55.6,55.339,55.57,1447803
315,2024-04-29 09:40:00,55.85,55.85,55.241,55.375,2004872
316,2024-04-29 09:35:00,56.22,56.259,55.795,55.84,1716536
317,2024-04-29 09:30:00,56.08,56.33,55.97,56.21,2642268
318,2024-04-29 09:25:00,55.97,56.1,55.93,56.08,149743
319,2024-04-29 09:20:00,56.049,56.05,55.98,55.98,47818
320,2024-04-29 09:15:00,56.01,56.15,55.93,56.04,71271
321,2024-04-29 09:10:00,56.0,56.14,55.75,56.0,93219
322,2024-04-29 09:05:00,56.09,56.13,53.895,56.0,102297
323,2024-04-29 09:00:00,56.09,56.12,56.04,56.09,54770
324,2024-04-29 08:55:00,56.149,56.149,56.06,56.085,53107
325,2024-04-29 08:50:00,56.05,56.15,56.04,56.14,46346
326,2024-04-29 08:45:00,56.079,56.12,56.05,56.05,55737
327,2024-04-29 08:40:00,55.97,56.09,55.95,56.07,108912
328,2024-04-29 08:35:00,55.97,55.99,55.935,55.97,22584
329,2024-04-29 08:30:00,56.01,56.02,55.94,55.98,51297
330,2024-04-29 08:25:00,56.07,56.08,56.0,56.01,55774
331,2024-04-29 08:20:00,56.04,56.13,56.02,56.07,72509
332,2024-04-29 08:15:00,56.039,56.05,55.98,56.04,55411
333,2024-04-29 08:10:00,56.05,56.06,56.01,56.03,29478
334,2024-04-29 08:05:00,55.78,56.09,55.73,56.05,126707
335,2024-04-29 08:00:00,55.84,56.09,55.591,56.05,358202
336,2024-04-29 07:55:00,56.07,56.07,56.0,56.0,30156
337,2024-04-29 07:50:00,56.05,56.08,56.03,56.07,32566
338,2024-04-29 07:45:00,56.01,56.07,56.0,56.05,31149
339,2024-04-29 07:40:00,55.96,56.03,55.96,56.01,64699
340,2024-04-29 07:35:00,55.95,55.97,55.89,55.95,35114
341,2024-04-29 07:30:00,55.95,55.99,55.921,55.94,20583
342,2024-04-29 07:25:00,55.87,55.959,55.87,55.93,45600
343,2024-04-29 07:20:00,55.77,55.87,55.74,55.86,22959
344,2024-04-29 07:15:00,55.81,55.81,55.74,55.78,25098
345,2024-04-29 07:10:00,55.84,55.86,55.79,55.8,49259
346,2024-04-29 07:05:00,55.84,55.87,55.81,55.85,31686
347,2024-04-29 07:00:00,55.87,55.89,55.81,55.84,46262
348,2024-04-29 06:55:00,55.91,55.93,55.86,55.87,9195
349,2024-04-29 06:50:00,55.89,55.96,55.87,55.91,21537
350,2024-04-29 06:45:00,55.87,55.89,55.84,55.88,8586
351,2024-04-29 06:40:00,55.81,55.88,55.78,55.86,13854
352,2024-04-29 06:35:00,55.8,55.82,55.76,55.81,4526
353,2024-04-29 06:30:00,55.81,55.82,55.78,55.8,5416
354,2024-04-29 06:25:00,55.79,55.83,55.72,55.82,15771
355,2024-04-29 06:20:00,55.8,55.8,55.77,55.77,4428
356,2024-04-29 06:15:00,55.69,55.79,55.69,55.79,11364
357,2024-04-29 06:10:00,55.68,55.74,55.66,55.7,9739
358,2024-04-29 06:05:00,55.67,55.68,55.65,55.67,7961
359,2024-04-29 06:00:00,55.59,55.69,55.58,55.67,27192
360,2024-04-29 05:55:00,55.66,55.67,55.58,55.6,30762
361,2024-04-29 05:50:00,55.74,55.78,55.66,55.66,11878
362,2024-04-29 05:45:00,55.77,55.78,55.74,55.74,20238
363,2024-04-29 05:40:00,55.78,55.81,55.75,55.78,9554
364,2024-04-29 05:35:00,55.72,55.79,55.72,55.79,8599
365,2024-04-29 05:30:00,55.73,55.76,55.71,55.72,12087
366,2024-04-29 05:25:00,55.78,55.79,55.72,55.74,9015
367,2024-04-29 05:20:00,55.78,55.79,55.71,55.77,32000
368,2024-04-29 05:15:00,55.85,55.86,55.77,55.78,12093
369,2024-04-29 05:10:00,55.9,55.92,55.82,55.86,22420
370,2024-04-29 05:05:00,55.83,55.91,55.83,55.91,21736
371,2024-04-29 05:00:00,55.84,55.86,55.81,55.84,25113
372,2024-04-29 04:55:00,55.85,55.85,55.78,55.84,8016
373,2024-04-29 04:50:00,55.83,55.85,55.82,55.84,5574
374,2024-04-29 04:45:00,55.88,55.9,55.81,55.84,6517
375,2024-04-29 04:40:00,55.89,55.92,55.86,55.88,12345
376,2024-04-29 04:35:00,55.89,55.92,55.87,55.89,8249
377,2024-04-29 04:30:00,55.94,55.94,55.88,55.88,10817
378,2024-04-29 04:25:00,55.96,55.98,55.89,55.93,9549
379,2024-04-29 04:20:00,55.94,55.99,55.92,55.97,13761
380,2024-04-29 04:15:00,55.97,55.98,55.93,55.95,8332
381,2024-04-29 04:10:00,55.95,56.02,55.95,55.98,27536
382,2024-04-29 04:05:00,55.88,55.96,55.85,55.95,17666
383,2024-04-29 04:00:00,55.94,55.95,55.88,55.89,55356
384,2024-04-26 19:55:00,55.3,55.38,55.29,55.32,9013
385,2024-04-26 19:50:00,55.33,55.34,55.3,55.3,3834
386,2024-04-26 19:45:00,55.31,55.34,55.31,55.33,4098
387,2024-04-26 19:40:00,55.3,55.31,55.29,55.305,2758
388,2024-04-26 19:35:00,55.31,55.31,55.29,55.3,2806
389,2024-04-26 19:30:00,55.31,55.32,55.3,55.3,3421
390,2024-04-26 19:25:00,55.38,55.38,55.3,55.32,52021
391,2024-04-26 19:20:00,55.33,55.37,55.32,55.37,15332
392,2024-04-26 19:15:00,55.31,55.33,55.31,55.32,2742
393,2024-04-26 19:10:00,55.33,55.33,55.3,55.33,2236
394,2024-04-26 19:05:00,55.33,55.33,55.3,55.33,3239
395,2024-04-26 19:00:00,55.29,55.33,55.29,55.3,5331
396,2024-04-26 18:55:00,55.29,55.3,55.28,55.29,4739
397,2024-04-26 18:50:00,55.3,55.3,55.28,55.28,1945
398,2024-04-26 18:45:00,55.28,55.32,55.28,55.3,17582
399,2024-04-26 18:40:00,55.27,55.29,55.26,55.29,8398
400,2024-04-26 18:35:00,55.27,55.28,55.27,55.27,4027
401,2024-04-26 18:30:00,55.31,55.31,55.26,55.27,39323
402,2024-04-26 18:25:00,55.3,55.31,55.29,55.31,4394
403,2024-04-26 18:20:00,55.31,55.31,55.29,55.3,14773
404,2024-04-26 18:15:00,55.33,55.33,55.3,55.3,4185
405,2024-04-26 18:10:00,55.32,55.33,55.3,55.311,7271
406,2024-04-26 18:05:00,55.32,55.34,55.29,55.3,7422
407,2024-04-26 18:00:00,55.32,55.34,55.29,55.3,8965
408,2024-04-26 17:55:00,55.31,55.35,55.31,55.33,3745
409,2024-04-26 17:50:00,55.31,55.35,55.3,55.32,19702
410,2024-04-26 17:45:00,55.33,55.34,55.3,55.3,23750
411,2024-04-26 17:40:00,55.31,55.34,55.3,55.33,8221
412,2024-04-26 17:35:00,55.34,55.34,55.3,55.3,1343
413,2024-04-26 17:30:00,55.28,55.34,55.27,55.34,13926
414,2024-04-26 17:25:00,55.28,55.29,55.26,55.28,3580
415,2024-04-26 17:20:00,55.29,55.29,55.26,55.27,5353
416,2024-04-26 17:15:00,55.3,55.31,55.27,55.28,8072
417,2024-04-26 17:10:00,55.3,55.31,55.3,55.3,5116
418,2024-04-26 17:05:00,55.3,55.31,55.29,55.3,9921
419,2024-04-26 17:00:00,55.28,55.31,55.28,55.31,8815
420,2024-04-26 16:55:00,55.29,55.3,55.28,55.28,21074
421,2024-04-26 16:50:00,55.29,55.31,55.28,55.3,10382
422,2024-04-26 16:45:00,55.27,55.3,55.26,55.29,13284
423,2024-04-26 16:40:00,55.28,55.29,55.27,55.27,32302
424,2024-04-26 16:35:00,55.28,55.29,55.27,55.28,10120
425,2024-04-26 16:30:00,55.25,55.29,55.24,55.29,9394
426,2024-04-26 16:25:00,55.28,55.29,55.22,55.25,27583
427,2024-04-26 16:20:00,55.28,55.28,55.26,55.27,52079
428,2024-04-26 16:15:00,55.28,55.28,55.25,55.28,35258
429,2024-04-26 16:10:00,55.28,55.29,55.23,55.26,65605
430,2024-04-26 16:05:00,55.33,55.35,55.27,55.27,82841
431,2024-04-26 16:00:00,55.31,55.38,55.28,55.33,447924
432,2024-04-26 15:55:00,55.47,55.52,55.285,55.31,1742060
433,2024-04-26 15:50:00,55.58,55.6,55.441,55.47,1148123
434,2024-04-26 15:45:00,55.48,55.616,55.47,55.58,571606
435,2024-04-26 15:40:00,55.65,55.685,55.43,55.47,702532
436,2024-04-26 15:35:00,55.645,55.689,55.62,55.667,405074
437,2024-04-26 15:30:00,55.745,55.76,55.63,55.66,454804
438,2024-04-26 15:25:00,55.73,55.76,55.7,55.75,412301
439,2024-04-26 15:20:00,55.61,55.75,55.59,55.73,417604
440,2024-04-26 15:15:00,55.576,55.62,55.56,55.615,293957
441,2024-04-26 15:10:00,55.61,55.64,55.55,55.576,338165
442,2024-04-26 15:05:00,55.52,55.61,55.5,55.6,454652
443,2024-04-26 15:00:00,55.56,55.62,55.43,55.52,671575
444,2024-04-26 14:55:00,55.335,55.565,55.29,55.56,760489
445,2024-04-26 14:50:00,55.36,55.4,55.32,55.323,210213
446,2024-04-26 14:45:00,55.34,55.43,55.305,55.35,183676
447,2024-04-26 14:40:00,55.42,55.46,55.34,55.35,323742
448,2024-04-26 14:35:00,55.3,55.47,55.3,55.42,652652
449,2024-04-26 14:30:00,55.41,55.42,55.28,55.29,447111
450,2024-04-26 14:25:00,55.438,55.45,55.34,55.41,344234
451,2024-04-26 14:20:00,55.4,55.505,55.36,55.44,432952
452,2024-04-26 14:15:00,55.46,55.53,55.38,55.411,347311
453,2024-04-26 14:10:00,55.49,55.56,55.44,55.46,285993
454,2024-04-26 14:05:00,55.505,55.58,55.49,55.495,358570
455,2024-04-26 14:00:00,55.65,55.68,55.47,55.517,463364
456,2024-04-26 13:55:00,55.73,55.73,55.61,55.64,447185
457,2024-04-26 13:50:00,55.79,55.82,55.715,55.73,403806
458,2024-04-26 13:45:00,55.694,55.84,55.694,55.79,500939
459,2024-04-26 13:40:00,55.72,55.729,55.511,55.695,634037
460,2024-04-26 13:35:00,55.79,55.835,55.681,55.716,380862
461,2024-04-26 13:30:00,55.77,55.87,55.72,55.79,514828
462,2024-04-26 13:25:00,55.755,55.84,55.735,55.762,511656
463,2024-04-26 13:20:00,55.7,55.76,55.67,55.75,341619
464,2024-04-26 13:15:00,55.72,55.795,55.65,55.69,432305
465,2024-04-26 13:10:00,55.652,55.735,55.641,55.715,355486
466,2024-04-26 13:05:00,55.65,55.729,55.62,55.655,304991
467,2024-04-26 13:00:00,55.7,55.77,55.61,55.64,614200
468,2024-04-26 12:55:00,55.59,55.7,55.59,55.695,495103
469,2024-04-26 12:50:00,55.56,55.62,55.51,55.585,577924
470,2024-04-26 12:45:00,55.53,55.59,55.503,55.555,244355
471,2024-04-26 12:40:00,55.566,55.6,55.45,55.525,429869
472,2024-04-26 12:35:00,55.445,55.57,55.415,55.567,475947
473,2024-04-26 12:30:00,55.38,55.45,55.27,55.439,424128
474,2024-04-26 12:25:00,55.35,55.426,55.323,55.37,433819
475,2024-04-26 12:20:00,55.35,55.39,55.31,55.35,375174
476,2024-04-26 12:15:00,55.38,55.39,55.29,55.36,367200
477,2024-04-26 12:10:00,55.36,55.404,55.29,55.37,409239
478,2024-04-26 12:05:00,55.34,55.37,55.26,55.354,408648
479,2024-04-26 12:00:00,55.39,55.39,55.2,55.335,530415
480,2024-04-26 11:55:00,55.395,55.441,55.345,55.39,373910
481,2024-04-26 11:50:00,55.6,55.62,55.34,55.396,572160
482,2024-04-26 11:45:00,55.5,55.64,55.46,55.6,723523
483,2024-04-26 11:40:00,55.29,55.51,55.24,55.502,725422
484,2024-04-26 11:35:00,55.23,55.32,55.165,55.29,531251
485,2024-04-26 11:30:00,55.29,55.38,55.19,55.228,550781
486,2024-04-26 11:25:00,55.24,55.39,55.23,55.29,502100
487,2024-04-26 11:20:00,55.415,55.425,55.16,55.24,715168
488,2024-04-26 11:15:00,55.245,55.45,55.2,55.415,647996
489,2024-04-26 11:10:00,55.511,55.535,55.08,55.25,1095705
490,2024-04-26 11:05:00,55.6,55.65,55.48,55.515,613364
491,2024-04-26 11:00:00,55.45,55.73,55.45,55.6,1429074
492,2024-04-26 10:55:00,55.475,55.49,55.38,55.44,609130
493,2024-04-26 10:50:00,55.38,55.49,55.16,55.47,1000266
494,2024-04-26 10:45:00,55.22,55.41,55.1,55.37,847712
495,2024-04-26 10:40:00,55.19,55.36,55.165,55.22,1011092
496,2024-04-26 10:35:00,55.105,55.27,55.05,55.188,782551
497,2024-04-26 10:30:00,54.92,55.13,54.79,55.105,1146215
498,2024-04-26 10:25:00,55.22,55.228,54.892,54.91,1135138
499,2024-04-26 10:20:00,55.24,55.26,55.06,55.23,1046679
500,2024-04-26 10:15:00,55.24,55.322,55.11,55.25,6599809
501,2024-04-26 10:10:00,55.069,55.295,55.04,55.243,1337552
502,2024-04-26 10:05:00,55.04,55.11,54.68,55.06,1350623
503,2024-04-26 10:00:00,54.85,55.06,54.75,55.04,1452779
504,2024-04-26 09:55:00,54.796,54.99,54.79,54.85,1351744
505,2024-04-26 09:50:00,54.61,54.88,54.549,54.795,1511732
506,2024-04-26 09:45:00,54.37,54.61,54.3,54.61,1188726
507,2024-04-26 09:40:00,54.56,54.58,54.15,54.37,1463689
508,2024-04-26 09:35:00,54.37,54.65,54.21,54.55,2061986
509,2024-04-26 09:30:00,54.03,54.38,53.77,54.36,2614158
510,2024-04-26 09:25:00,54.16,54.28,53.87,54.041,228903
511,2024-04-26 09:20:00,54.14,54.21,54.11,54.16,54919
512,2024-04-26 09:15:00,54.15,54.23,54.13,54.13,73652
513,2024-04-26 09:10:00,54.26,54.31,54.09,54.14,131585
514,2024-04-26 09:05:00,54.35,54.4,54.18,54.26,98467
515,2024-04-26 09:00:00,54.32,54.51,54.3,54.32,213251
516,2024-04-26 08:55:00,54.09,54.32,54.069,54.31,152044
517,2024-04-26 08:50:00,54.26,54.28,54.02,54.09,258053
518,2024-04-26 08:45:00,54.56,54.58,54.18,54.26,200741
519,2024-04-26 08:40:00,54.58,54.58,54.23,54.55,209661
520,2024-04-26 08:35:00,54.62,54.64,54.29,54.59,270881
521,2024-04-26 08:30:00,54.21,55.11,54.2,54.59,932092
522,2024-04-26 08:25:00,54.33,54.36,54.12,54.31,141379
523,2024-04-26 08:20:00,54.41,54.43,54.3,54.34,145055
524,2024-04-26 08:15:00,54.44,54.47,54.4,54.42,72115
525,2024-04-26 08:10:00,54.34,54.47,54.3,54.44,61847
526,2024-04-26 08:05:00,54.4,54.86,54.33,54.34,129731
527,2024-04-26 08:00:00,54.36,54.86,54.171,54.82,284449
528,2024-04-26 07:55:00,54.49,54.5,54.42,54.45,28439
529,2024-04-26 07:50:00,54.45,54.52,54.389,54.51,35968
530,2024-04-26 07:45:00,54.45,54.5,54.43,54.44,46597
531,2024-04-26 07:40:00,54.37,54.45,54.35,54.45,30378
532,2024-04-26 07:35:00,54.49,54.53,54.36,54.37,84952
533,2024-04-26 07:30:00,54.52,54.55,54.48,54.48,25509
534,2024-04-26 07:25:00,54.55,54.55,54.47,54.53,47553
535,2024-04-26 07:20:00,54.57,54.62,54.52,54.54,63277
536,2024-04-26 07:15:00,54.56,54.6,54.53,54.56,38960
537,2024-04-26 07:10:00,54.48,54.59,54.48,54.56,51324
538,2024-04-26 07:05:00,54.38,54.51,54.36,54.47,42645
539,2024-04-26 07:00:00,54.3,54.44,54.29,54.38,74911
540,2024-04-26 06:55:00,54.34,54.34,54.21,54.3,35097
541,2024-04-26 06:50:00,54.39,54.42,54.33,54.34,10334
542,2024-04-26 06:45:00,54.44,54.45,54.37,54.38,5455
543,2024-04-26 06:40:00,54.44,54.46,54.42,54.43,6067
544,2024-04-26 06:35:00,54.46,54.47,54.42,54.44,9706
545,2024-04-26 06:30:00,54.46,54.47,54.38,54.45,8522
546,2024-04-26 06:25:00,54.43,54.46,54.42,54.46,10360
547,2024-04-26 06:20:00,54.39,54.44,54.39,54.42,6827
548,2024-04-26 06:15:00,54.31,54.39,54.29,54.38,7253
549,2024-04-26 06:10:00,54.36,54.42,54.31,54.31,19859
550,2024-04-26 06:05:00,54.29,54.37,54.29,54.36,10999
551,2024-04-26 06:00:00,54.32,54.35,54.27,54.28,17268
552,2024-04-26 05:55:00,54.36,54.38,54.26,54.31,36579
553,2024-04-26 05:50:00,54.35,54.39,54.32,54.36,14707
554,2024-04-26 05:45:00,54.35,54.4,54.35,54.36,41537
555,2024-04-26 05:40:00,54.31,54.38,54.31,54.36,20536
556,2024-04-26 05:35:00,54.33,54.34,54.3,54.31,29310
557,2024-04-26 05:30:00,54.24,54.33,54.21,54.32,28126
558,2024-04-26 05:25:00,54.21,54.24,54.19,54.24,23555
559,2024-04-26 05:20:00,54.2,54.24,54.18,54.22,21231
560,2024-04-26 05:15:00,54.26,54.3,54.16,54.19,25943
561,2024-04-26 05:10:00,54.29,54.32,54.21,54.26,27057
562,2024-04-26 05:05:00,54.28,54.34,54.27,54.3,34589
563,2024-04-26 05:00:00,54.37,54.39,54.28,54.28,19767
564,2024-04-26 04:55:00,54.35,54.38,54.31,54.38,30686
565,2024-04-26 04:50:00,54.44,54.48,54.34,54.35,26281
566,2024-04-26 04:45:00,54.49,54.53,54.44,54.44,8265
567,2024-04-26 04:40:00,54.44,54.5,54.43,54.5,6495
568,2024-04-26 04:35:00,54.52,54.53,54.43,54.44,27680
569,2024-04-26 04:30:00,54.58,54.59,54.52,54.52,10839
570,2024-04-26 04:25:00,54.58,54.58,54.49,54.58,22907
571,2024-04-26 04:20:00,54.63,54.64,54.54,54.58,9600
572,2024-04-26 04:15:00,54.56,54.64,54.54,54.63,14421
573,2024-04-26 04:10:00,54.56,54.58,54.53,54.57,15325
574,2024-04-26 04:05:00,54.58,54.64,54.54,54.54,20475
575,2024-04-26 04:00:00,54.6,54.62,54.52,54.59,76548
576,2024-04-25 19:55:00,54.6,54.61,54.56,54.6,42024
577,2024-04-25 19:50:00,54.66,54.67,54.59,54.61,38681
578,2024-04-25 19:45:00,54.61,54.67,54.59,54.67,37217
579,2024-04-25 19:40:00,54.53,54.61,54.51,54.59,22879
580,2024-04-25 19:35:00,54.54,54.58,54.49,54.53,50623
581,2024-04-25 19:30:00,54.6,54.63,54.53,54.53,7134
582,2024-04-25 19:25:00,54.65,54.66,54.59,54.59,47046
583,2024-04-25 19:20:00,54.64,54.67,54.62,54.65,46575
584,2024-04-25 19:15:00,54.61,54.64,54.58,54.64,11738
585,2024-04-25 19:10:00,54.67,54.68,54.52,54.59,95488
586,2024-04-25 19:05:00,54.73,54.74,54.67,54.68,36549
587,2024-04-25 19:00:00,54.73,54.75,54.64,54.73,30526
588,2024-04-25 18:55:00,54.7,54.75,54.7,54.75,10522
589,2024-04-25 18:50:00,54.74,54.75,54.7,54.7,10109
590,2024-04-25 18:45:00,54.77,54.8,54.73,54.73,24105
591,2024-04-25 18:40:00,54.73,54.81,54.72,54.77,39823
592,2024-04-25 18:35:00,54.71,54.74,54.7,54.73,14581
593,2024-04-25 18:30:00,54.66,54.75,54.66,54.71,28991
594,2024-04-25 18:25:00,54.69,54.7,54.64,54.65,30870
595,2024-04-25 18:20:00,54.63,54.69,54.63,54.68,32617
596,2024-04-25 18:15:00,54.7,54.7,54.611,54.63,26669
597,2024-04-25 18:10:00,54.651,54.7,54.58,54.7,41543
598,2024-04-25 18:05:00,54.72,54.73,54.55,54.65,93402
599,2024-04-25 18:00:00,54.95,55.12,54.6,54.75,156541
600,2024-04-25 17:55:00,54.75,54.99,54.7,54.94,90579
601,2024-04-25 17:50:00,54.7,54.77,54.7,54.76,35434
602,2024-04-25 17:45:00,54.71,54.73,54.7,54.71,39057
603,2024-04-25 17:40:00,54.72,54.74,54.7,54.71,28943
604,2024-04-25 17:35:00,54.77,54.78,54.7,54.739,39553
605,2024-04-25 17:30:00,54.82,54.82,54.77,54.78,32279
606,2024-04-25 17:25:00,54.86,54.9,54.8,54.81,49508
607,2024-04-25 17:20:00,54.89,54.9,54.852,54.86,27312
608,2024-04-25 17:15:00,54.93,54.95,54.87,54.881,58233
609,2024-04-25 17:10:00,54.94,54.96,54.88,54.94,60818
610,2024-04-25 17:05:00,54.98,55.01,54.94,54.94,67869
611,2024-04-25 17:00:00,55.04,55.05,54.97,54.981,61735
612,2024-04-25 16:55:00,55.08,55.12,54.97,55.05,147822
613,2024-04-25 16:50:00,55.16,55.18,55.07,55.07,131060
614,2024-04-25 16:45:00,54.98,55.18,54.95,55.18,217446
615,2024-04-25 16:40:00,54.91,55.0,54.879,54.98,187145
616,2024-04-25 16:35:00,54.72,54.929,54.7,54.91,161278
617,2024-04-25 16:30:00,54.66,54.75,54.65,54.72,182854
618,2024-04-25 16:25:00,54.72,54.74,54.57,54.68,188523
619,2024-04-25 16:20:00,54.77,54.87,54.68,54.72,166344
620,2024-04-25 16:15:00,52.85,54.93,52.85,54.76,378148
621,2024-04-25 16:10:00,54.85,54.99,54.64,54.79,446615
622,2024-04-25 16:05:00,54.77,55.1,52.85,54.87,1230732
623,2024-04-25 16:00:00,52.86,54.85,52.67,54.79,1496429
624,2024-04-25 15:55:00,52.69,52.88,52.607,52.85,1324642
625,2024-04-25 15:50:00,52.585,52.7,52.55,52.7,1085521
626,2024-04-25 15:45:00,52.644,52.72,52.555,52.58,556551
627,2024-04-25 15:40:00,52.79,52.79,52.54,52.65,829358
628,2024-04-25 15:35:00,53.0,53.02,52.77,52.78,568798
629,2024-04-25 15:30:00,53.13,53.15,52.93,53.01,713218
630,2024-04-25 15:25:00,53.146,53.16,53.01,53.125,680586
631,2024-04-25 15:20:00,53.12,53.19,53.063,53.14,820501
632,2024-04-25 15:15:00,52.87,53.15,52.842,53.13,867575
633,2024-04-25 15:10:00,52.815,52.898,52.75,52.86,583872
634,2024-04-25 15:05:00,52.85,52.915,52.73,52.815,799725
635,2024-04-25 15:00:00,52.49,52.9,52.46,52.855,1241559
636,2024-04-25 14:55:00,52.303,52.5,52.18,52.48,884919
637,2024-04-25 14:50:00,52.295,52.35,52.172,52.301,560381
638,2024-04-25 14:45:00,52.24,52.3,52.19,52.295,457975
639,2024-04-25 14:40:00,52.36,52.43,52.19,52.25,611395
640,2024-04-25 14:35:00,52.48,52.515,52.31,52.37,648689
641,2024-04-25 14:30:00,52.35,52.66,52.32,52.47,838420
642,2024-04-25 14:25:00,52.775,52.8,52.34,52.358,1044443
643,2024-04-25 14:20:00,52.965,52.98,52.76,52.774,614652
644,2024-04-25 14:15:00,52.879,53.0,52.875,52.96,542472
645,2024-04-25 14:10:00,52.92,52.98,52.84,52.864,511666
646,2024-04-25 14:05:00,52.795,52.96,52.763,52.92,734794
647,2024-04-25 14:00:00,52.87,52.89,52.71,52.8,810571
648,2024-04-25 13:55:00,52.95,52.955,52.79,52.855,991303
649,2024-04-25 13:50:00,52.76,52.97,52.725,52.94,720928
650,2024-04-25 13:45:00,52.56,52.86,52.535,52.77,788663
651,2024-04-25 13:40:00,52.66,52.675,52.47,52.555,756071
652,2024-04-25 13:35:00,52.3,52.676,52.295,52.67,1013664
653,2024-04-25 13:30:00,52.19,52.325,52.15,52.29,618688
654,2024-04-25 13:25:00,51.97,52.226,51.94,52.197,532311
655,2024-04-25 13:20:00,52.12,52.155,51.91,51.977,847826
656,2024-04-25 13:15:00,52.135,52.2,52.11,52.13,379899
657,2024-04-25 13:10:00,52.19,52.3,52.07,52.12,683922
658,2024-04-25 13:05:00,52.27,52.34,52.145,52.2,588540
659,2024-04-25 13:00:00,52.2,52.401,52.12,52.266,847590
660,2024-04-25 12:55:00,52.115,52.31,52.105,52.196,913151
661,2024-04-25 12:50:00,51.95,52.12,51.88,52.111,566409
662,2024-04-25 12:45:00,51.93,52.02,51.894,51.95,572066
663,2024-04-25 12:40:00,51.84,51.96,51.76,51.928,510296
664,2024-04-25 12:35:00,51.84,51.93,51.74,51.84,568329
665,2024-04-25 12:30:00,51.88,51.89,51.74,51.825,512833
666,2024-04-25 12:25:00,51.83,51.915,51.785,51.875,627597
667,2024-04-25 12:20:00,51.62,51.873,51.564,51.82,879389
668,2024-04-25 12:15:00,51.5,51.73,51.5,51.617,622631
669,2024-04-25 12:10:00,51.57,51.6,51.31,51.495,736104
670,2024-04-25 12:05:00,51.53,51.69,51.51,51.565,652000
671,2024-04-25 12:00:00,51.46,51.59,51.365,51.53,558082
672,2024-04-25 11:55:00,51.28,51.51,51.21,51.462,877924
673,2024-04-25 11:50:00,51.08,51.315,51.05,51.283,709235
674,2024-04-25 11:45:00,51.205,51.241,51.03,51.08,641976
675,2024-04-25 11:40:00,51.21,51.31,51.13,51.201,523631
676,2024-04-25 11:35:00,51.1,51.27,51.09,51.21,387790
677,2024-04-25 11:30:00,51.39,51.41,50.96,51.1,934337
678,2024-04-25 11:25:00,51.11,51.418,51.08,51.39,814840
679,2024-04-25 11:20:00,51.07,51.2,51.02,51.12,585342
680,2024-04-25 11:15:00,51.23,51.23,50.924,51.07,574374
681,2024-04-25 11:10:00,51.165,51.29,51.13,51.23,523471
682,2024-04-25 11:05:00,51.175,51.21,51.07,51.16,493972
683,2024-04-25 11:00:00,50.9,51.26,50.87,51.16,974321
684,2024-04-25 10:55:00,50.88,50.965,50.805,50.91,590230
685,2024-04-25 10:50:00,51.025,51.11,50.82,50.87,956896
686,2024-04-25 10:45:00,51.26,51.316,51.0,51.01,880217
687,2024-04-25 10:40:00,51.25,51.31,50.94,51.27,1158764
688,2024-04-25 10:35:00,51.17,51.37,51.152,51.25,928024
689,2024-04-25 10:30:00,51.62,51.665,51.133,51.17,1619075
690,2024-04-25 10:25:00,51.69,51.756,51.605,51.621,989486
691,2024-04-25 10:20:00,51.59,51.74,51.55,51.698,1018337
692,2024-04-25 10:15:00,51.425,51.728,51.38,51.59,1546471
693,2024-04-25 10:10:00,51.09,51.48,51.064,51.43,1661702
694,2024-04-25 10:05:00,50.945,51.23,50.94,51.097,1375081
695,2024-04-25 10:00:00,50.94,50.99,50.685,50.935,1224541
696,2024-04-25 09:55:00,51.07,51.09,50.7,50.94,1330904
697,2024-04-25 09:50:00,50.92,51.089,50.83,51.06,1421239
698,2024-04-25 09:45:00,51.06,51.155,50.9,50.92,2365430
699,2024-04-25 09:40:00,50.71,51.11,50.6,51.07,2498766
700,2024-04-25 09:35:00,50.53,50.82,50.485,50.72,2194659
701,2024-04-25 09:30:00,50.9,50.94,50.48,50.53,4784807
702,2024-04-25 09:25:00,50.98,51.0,50.871,50.9,244062
703,2024-04-25 09:20:00,50.8,50.99,50.77,50.97,180408
704,2024-04-25 09:15:00,50.72,50.86,50.71,50.8,201159
705,2024-04-25 09:10:00,51.021,51.04,50.71,50.72,381939
706,2024-04-25 09:05:00,51.18,51.18,51.0,51.02,309192
707,2024-04-25 09:00:00,51.15,51.24,51.11,51.17,235688
708,2024-04-25 08:55:00,51.14,51.16,51.06,51.14,137018
709,2024-04-25 08:50:00,51.14,51.18,51.04,51.14,286173
710,2024-04-25 08:45:00,51.42,51.45,51.14,51.14,327044
711,2024-04-25 08:40:00,51.33,51.45,51.312,51.41,337177
712,2024-04-25 08:35:00,51.52,51.69,51.33,51.35,320981
713,2024-04-25 08:30:00,52.03,52.38,51.25,51.5,831901
714,2024-04-25 08:25:00,51.92,52.04,51.91,52.0,109693
715,2024-04-25 08:20:00,51.95,51.99,51.89,51.91,56867
716,2024-04-25 08:15:00,52.0,52.03,51.85,51.95,73423
717,2024-04-25 08:10:00,52.07,52.08,51.92,52.01,84889
718,2024-04-25 08:05:00,51.41,52.11,51.4,52.08,46388
719,2024-04-25 08:00:00,52.06,52.469,51.4,51.53,473771
720,2024-04-25 07:55:00,52.2,52.26,52.16,52.24,19038
721,2024-04-25 07:50:00,52.2,52.21,52.11,52.2,36371
722,2024-04-25 07:45:00,52.15,52.22,52.12,52.21,39857
723,2024-04-25 07:40:00,52.02,52.16,51.98,52.14,59570
724,2024-04-25 07:35:00,52.05,52.07,51.96,52.02,74656
725,2024-04-25 07:30:00,52.07,52.1,52.03,52.06,40626
726,2024-04-25 07:25:00,52.13,52.16,52.02,52.07,23628
727,2024-04-25 07:20:00,52.2,52.23,52.1,52.14,31293
728,2024-04-25 07:15:00,52.07,52.21,52.05,52.19,38293
729,2024-04-25 07:10:00,51.99,52.08,51.98,52.07,24935
730,2024-04-25 07:05:00,52.08,52.11,51.96,52.0,52674
731,2024-04-25 07:00:00,52.09,52.11,51.9,52.08,144289
732,2024-04-25 06:55:00,52.15,52.15,52.02,52.1,28195
733,2024-04-25 06:50:00,52.19,52.26,52.15,52.16,31257
734,2024-04-25 06:45:00,52.23,52.29,52.18,52.19,28915
735,2024-04-25 06:40:00,52.37,52.39,52.17,52.22,35145
736,2024-04-25 06:35:00,52.37,52.38,52.3,52.37,10789
737,2024-04-25 06:30:00,52.35,52.38,52.29,52.37,19854
738,2024-04-25 06:25:00,52.3,52.37,52.28,52.33,12076
739,2024-04-25 06:20:00,52.29,52.32,52.24,52.3,9430
740,2024-04-25 06:15:00,52.24,52.3,52.19,52.3,21236
741,2024-04-25 06:10:00,52.35,52.35,52.24,52.24,17299
742,2024-04-25 06:05:00,52.39,52.4,52.27,52.34,13066
743,2024-04-25 06:00:00,52.4,52.44,52.33,52.39,13983
744,2024-04-25 05:55:00,52.34,52.4,52.34,52.39,12384
745,2024-04-25 05:50:00,52.41,52.44,52.34,52.35,11652
746,2024-04-25 05:45:00,52.42,52.47,52.39,52.4,24065
747,2024-04-25 05:40:00,52.35,52.46,52.35,52.42,16219
748,2024-04-25 05:35:00,52.35,52.4,52.35,52.35,21803
749,2024-04-25 05:30:00,52.33,52.36,52.3,52.33,58719
750,2024-04-25 05:25:00,52.35,52.36,52.29,52.33,26308
751,2024-04-25 05:20:00,52.35,52.39,52.34,52.35,22625
752,2024-04-25 05:15:00,52.3,52.36,52.29,52.35,21275
753,2024-04-25 05:10:00,52.25,52.29,52.2,52.29,11463
754,2024-04-25 05:05:00,52.26,52.28,52.22,52.24,27121
755,2024-04-25 05:00:00,52.21,52.29,52.17,52.28,22276
756,2024-04-25 04:55:00,52.26,52.28,52.16,52.21,9274
757,2024-04-25 04:50:00,52.27,52.28,52.23,52.26,22793
758,2024-04-25 04:45:00,52.27,52.35,52.26,52.27,46965
759,2024-04-25 04:40:00,52.27,52.28,52.22,52.26,11165
760,2024-04-25 04:35:00,52.16,52.29,52.16,52.27,32139
761,2024-04-25 04:30:00,52.01,52.18,52.0,52.16,25269
762,2024-04-25 04:25:00,52.09,52.09,51.99,52.02,60642
763,2024-04-25 04:20:00,52.12,52.13,52.08,52.09,10942
764,2024-04-25 04:15:00,52.1,52.16,52.08,52.12,10186
765,2024-04-25 04:10:00,52.04,52.16,52.03,52.1,105082
766,2024-04-25 04:05:00,51.96,52.05,51.95,52.04,65159
767,2024-04-25 04:00:00,51.81,51.99,51.79,51.96,94241
768,2024-04-24 19:55:00,51.77,51.87,51.76,51.87,28254
769,2024-04-24 19:50:00,51.85,51.85,51.72,51.77,39678
770,2024-04-24 19:45:00,51.92,51.93,51.84,51.85,21877
771,2024-04-24 19:40:00,51.94,51.95,51.92,51.92,8124
772,2024-04-24 19:35:00,51.91,51.94,51.91,51.93,10432
773,2024-04-24 19:30:00,51.96,51.99,51.9,51.93,15811
774,2024-04-24 19:25:00,51.95,51.98,51.94,51.98,18015
775,2024-04-24 19:20:00,51.95,51.98,51.94,51.94,7732
776,2024-04-24 19:15:00,52.0,52.01,51.93,51.97,8132
777,2024-04-24 19:10:00,51.97,52.04,51.97,52.0,26769
778,2024-04-24 19:05:00,51.92,51.96,51.9,51.96,11142
779,2024-04-24 19:00:00,51.91,51.96,51.89,51.92,11406
780,2024-04-24 18:55:00,51.88,51.93,51.88,51.9,8621
781,2024-04-24 18:50:00,51.94,51.96,51.89,51.89,11233
782,2024-04-24 18:45:00,51.94,51.96,51.92,51.94,8478
783,2024-04-24 18:40:00,51.87,51.97,51.87,51.93,19005
784,2024-04-24 18:35:00,52.0,52.0,51.83,51.87,55920
785,2024-04-24 18:30:00,52.05,52.07,51.97,51.98,48085
786,2024-04-24 18:25:00,51.93,52.05,51.92,52.05,48263
787,2024-04-24 18:20:00,51.91,51.95,51.9,51.93,25043
788,2024-04-24 18:15:00,51.93,51.94,51.86,51.91,19527
789,2024-04-24 18:10:00,51.97,51.97,51.86,51.92,45971
790,2024-04-24 18:05:00,51.86,51.97,51.86,51.95,67113
791,2024-04-24 18:00:00,51.59,51.895,51.58,51.87,175931
792,2024-04-24 17:55:00,51.58,51.6,51.5,51.58,42754
793,2024-04-24 17:50:00,51.55,51.63,51.51,51.57,39230
794,2024-04-24 17:45:00,51.62,51.64,51.53,51.53,29766
795,2024-04-24 17:40:00,51.578,51.67,51.53,51.63,30577
796,2024-04-24 17:35:00,51.6,51.61,51.5,51.58,56396
797,2024-04-24 17:30:00,51.75,51.76,51.55,51.56,47313
798,2024-04-24 17:25:00,51.77,51.77,51.71,51.75,17076
799,2024-04-24 17:20:00,51.8,51.85,51.75,51.768,26847
800,2024-04-24 17:15:00,51.679,51.9,51.65,51.8,67423
801,2024-04-24 17:10:00,51.87,51.87,51.561,51.66,176180
802,2024-04-24 17:05:00,52.2,52.22,51.81,51.85,109028
803,2024-04-24 17:00:00,52.26,52.3,52.11,52.19,38781
804,2024-04-24 16:55:00,52.355,52.38,52.21,52.27,98494
805,2024-04-24 16:50:00,52.27,52.37,52.26,52.35,44755
806,2024-04-24 16:45:00,52.16,52.27,52.16,52.27,118617
807,2024-04-24 16:40:00,52.201,52.28,52.05,52.16,83169
808,2024-04-24 16:35:00,52.22,52.27,52.13,52.2,64622
809,2024-04-24 16:30:00,52.38,52.42,52.209,52.22,86040
810,2024-04-24 16:25:00,52.23,52.58,52.08,52.36,439244
811,2024-04-24 16:20:00,52.54,52.54,52.15,52.22,618381
812,2024-04-24 16:15:00,52.61,53.71,52.53,52.54,285707
813,2024-04-24 16:10:00,52.76,52.8,52.61,52.62,250337
814,2024-04-24 16:05:00,53.76,53.79,52.48,52.78,771590
815,2024-04-24 16:00:00,53.665,53.82,53.58,53.75,331259
816,2024-04-24 15:55:00,53.74,53.9,53.66,53.66,1223573
817,2024-04-24 15:50:00,53.83,53.86,53.72,53.74,998291
818,2024-04-24 15:45:00,53.75,53.93,53.69,53.84,525443
819,2024-04-24 15:40:00,53.74,53.84,53.72,53.75,435080
820,2024-04-24 15:35:00,53.766,53.789,53.688,53.735,478356
821,2024-04-24 15:30:00,53.77,53.79,53.69,53.78,425677
822,2024-04-24 15:25:00,53.8,53.9,53.7,53.76,710806
823,2024-04-24 15:20:00,53.56,53.81,53.52,53.79,682387
824,2024-04-24 15:15:00,53.56,53.61,53.5,53.56,569781
825,2024-04-24 15:10:00,53.44,53.625,53.426,53.561,585951
826,2024-04-24 15:05:00,53.23,53.47,53.2,53.45,549988
827,2024-04-24 15:00:00,53.25,53.33,53.2,53.23,528622
828,2024-04-24 14:55:00,53.31,53.39,53.23,53.259,560745
829,2024-04-24 14:50:00,53.42,53.43,53.24,53.32,507773
830,2024-04-24 14:45:00,53.52,53.559,53.38,53.43,471981
831,2024-04-24 14:40:00,53.44,53.52,53.385,53.52,367615
832,2024-04-24 14:35:00,53.38,53.526,53.35,53.445,420016
833,2024-04-24 14:30:00,53.474,53.5,53.265,53.385,768905
834,2024-04-24 14:25:00,53.62,53.66,53.44,53.48,364227
835,2024-04-24 14:20:00,53.58,53.66,53.51,53.62,404236
836,2024-04-24 14:15:00,53.54,53.64,53.445,53.58,694093
837,2024-04-24 14:10:00,53.79,53.846,53.52,53.53,671526
838,2024-04-24 14:05:00,53.86,53.87,53.62,53.795,986297
839,2024-04-24 14:00:00,54.03,54.066,53.86,53.87,459782
840,2024-04-24 13:55:00,54.02,54.06,53.94,54.025,501926
841,2024-04-24 13:50:00,53.94,54.04,53.88,54.0,556687
842,2024-04-24 13:45:00,53.946,54.1,53.93,53.934,987530
843,2024-04-24 13:40:00,53.82,53.97,53.82,53.946,564216
844,2024-04-24 13:35:00,53.74,53.94,53.685,53.815,790423
845,2024-04-24 13:30:00,53.63,53.805,53.615,53.735,776148
846,2024-04-24 13:25:00,53.566,53.67,53.55,53.625,734797
847,2024-04-24 13:20:00,53.46,53.58,53.37,53.57,435702
848,2024-04-24 13:15:00,53.302,53.52,53.28,53.454,550512
849,2024-04-24 13:10:00,53.29,53.4,53.29,53.31,388404
850,2024-04-24 13:05:00,53.278,53.376,53.23,53.3,414898
851,2024-04-24 13:00:00,53.34,53.42,53.22,53.27,835526
852,2024-04-24 12:55:00,53.2,53.37,53.11,53.34,761717
853,2024-04-24 12:50:00,52.98,53.24,52.925,53.21,602950
854,2024-04-24 12:45:00,52.99,53.03,52.87,52.99,442092
855,2024-04-24 12:40:00,53.07,53.08,52.92,52.995,479648
856,2024-04-24 12:35:00,52.89,53.08,52.87,53.07,403532
857,2024-04-24 12:30:00,53.21,53.215,52.832,52.88,629958
858,2024-04-24 12:25:00,53.12,53.23,53.065,53.21,536171
859,2024-04-24 12:20:00,53.105,53.18,53.02,53.12,370840
860,2024-04-24 12:15:00,53.05,53.2,53.05,53.11,530762
861,2024-04-24 12:10:00,53.12,53.14,52.97,53.046,733551
862,2024-04-24 12:05:00,53.35,53.35,53.08,53.11,1030971
863,2024-04-24 12:00:00,53.19,53.42,53.134,53.35,1099649
864,2024-04-24 11:55:00,53.35,53.355,53.15,53.2,754237
865,2024-04-24 11:50:00,53.39,53.417,53.25,53.358,539298
866,2024-04-24 11:45:00,53.34,53.465,53.22,53.4,1109638
867,2024-04-24 11:40:00,53.855,53.875,53.34,53.34,993631
868,2024-04-24 11:35:00,53.8,53.87,53.7,53.855,638494
869,2024-04-24 11:30:00,53.67,53.81,53.62,53.798,835913
870,2024-04-24 11:25:00,53.48,53.72,53.455,53.66,1192118
871,2024-04-24 11:20:00,53.58,53.63,53.45,53.475,921343
872,2024-04-24 11:15:00,53.66,53.68,53.51,53.58,578001
873,2024-04-24 11:10:00,53.65,53.76,53.63,53.65,644188
874,2024-04-24 11:05:00,53.69,53.81,53.52,53.644,876005
875,2024-04-24 11:00:00,53.97,54.05,53.675,53.695,955308
876,2024-04-24 10:55:00,53.97,54.03,53.84,53.98,734471
877,2024-04-24 10:50:00,54.153,54.153,53.921,53.98,621507
878,2024-04-24 10:45:00,54.09,54.2,53.96,54.16,929022
879,2024-04-24 10:40:00,54.13,54.2,54.0,54.085,1155985
880,2024-04-24 10:35:00,54.27,54.31,54.09,54.129,781131
881,2024-04-24 10:30:00,54.29,54.42,54.18,54.27,784779
882,2024-04-24 10:25:00,54.36,54.48,54.24,54.29,680611
883,2024-04-24 10:20:00,54.274,54.445,54.2,54.37,765495
884,2024-04-24 10:15:00,54.23,54.397,54.15,54.265,1015362
885,2024-04-24 10:10:00,54.651,54.71,54.2,54.225,1002392
886,2024-04-24 10:05:00,54.4,54.73,54.304,54.649,1256662
887,2024-04-24 10:00:00,54.38,54.48,54.23,54.41,846773
888,2024-04-24 09:55:00,54.62,54.67,54.15,54.37,1526913
889,2024-04-24 09:50:00,54.814,54.91,54.304,54.615,1315527
890,2024-04-24 09:45:00,54.68,54.87,54.66,54.815,1324606
891,2024-04-24 09:40:00,54.65,54.83,54.538,54.67,1481632
892,2024-04-24 09:35:00,54.37,54.728,54.36,54.65,2236708
893,2024-04-24 09:30:00,54.32,54.52,54.17,54.36,2766203
894,2024-04-24 09:25:00,54.1,54.37,54.1,54.35,172542
895,2024-04-24 09:20:00,53.99,54.14,53.99,54.09,78593
896,2024-04-24 09:15:00,54.03,54.07,53.98,53.99,92327
897,2024-04-24 09:10:00,54.07,54.09,54.02,54.04,58902
898,2024-04-24 09:05:00,54.05,54.11,54.03,54.07,80498
899,2024-04-24 09:00:00,54.1,54.1,53.95,54.05,343838
900,2024-04-24 08:55:00,54.12,54.13,54.03,54.1,90002
901,2024-04-24 08:50:00,54.14,54.22,54.11,54.13,107707
902,2024-04-24 08:45:00,54.26,54.29,54.12,54.15,129862
903,2024-04-24 08:40:00,54.36,54.4,54.24,54.26,105391
904,2024-04-24 08:35:00,54.481,54.5,54.28,54.37,190478
905,2024-04-24 08:30:00,54.38,54.54,54.34,54.49,229598
906,2024-04-24 08:25:00,54.36,54.41,54.36,54.389,110430
907,2024-04-24 08:20:00,54.29,54.39,54.29,54.37,164741
908,2024-04-24 08:15:00,54.25,54.32,54.23,54.3,120216
909,2024-04-24 08:10:00,54.27,54.29,54.19,54.24,96498
910,2024-04-24 08:05:00,54.2,54.47,54.16,54.27,142504
911,2024-04-24 08:00:00,54.28,54.47,53.769,54.28,514404
912,2024-04-24 07:55:00,54.24,54.32,54.22,54.27,69338
913,2024-04-24 07:50:00,54.16,54.269,54.14,54.24,47771
914,2024-04-24 07:45:00,54.24,54.28,54.13,54.17,92821
915,2024-04-24 07:40:00,54.24,54.27,54.21,54.239,57105
916,2024-04-24 07:35:00,54.23,54.27,54.19,54.25,41287
917,2024-04-24 07:30:00,54.19,54.25,54.16,54.23,77247
918,2024-04-24 07:25:00,54.15,54.19,54.12,54.19,39243
919,2024-04-24 07:20:00,54.09,54.17,54.03,54.17,60044
920,2024-04-24 07:15:00,54.1,54.18,54.019,54.09,97211
921,2024-04-24 07:10:00,54.09,54.12,54.06,54.11,101953
922,2024-04-24 07:05:00,54.05,54.11,54.04,54.089,61908
923,2024-04-24 07:00:00,54.02,54.11,53.99,54.06,92758
924,2024-04-24 06:55:00,54.07,54.09,54.01,54.01,9824
925,2024-04-24 06:50:00,54.02,54.08,54.02,54.07,12895
926,2024-04-24 06:45:00,54.02,54.1,54.01,54.04,13970
927,2024-04-24 06:40:00,54.05,54.05,53.93,54.02,24362
928,2024-04-24 06:35:00,54.13,54.13,54.04,54.04,21148
929,2024-04-24 06:30:00,54.15,54.15,54.11,54.14,10244
930,2024-04-24 06:25:00,54.15,54.15,54.1,54.13,15630
931,2024-04-24 06:20:00,54.09,54.16,54.06,54.15,38890
932,2024-04-24 06:15:00,54.08,54.11,54.05,54.09,20478
933,2024-04-24 06:10:00,53.96,54.09,53.96,54.09,42391
934,2024-04-24 06:05:00,54.0,54.01,53.92,53.96,48852
935,2024-04-24 06:00:00,53.88,54.01,53.83,54.0,30761
936,2024-04-24 05:55:00,53.8,53.9,53.8,53.89,26457
937,2024-04-24 05:50:00,53.87,53.87,53.76,53.79,46060
938,2024-04-24 05:45:00,53.91,53.92,53.87,53.87,21852
939,2024-04-24 05:40:00,53.91,53.96,53.89,53.91,37850
940,2024-04-24 05:35:00,53.95,53.96,53.89,53.9,11243
941,2024-04-24 05:30:00,53.97,54.01,53.94,53.94,26494
942,2024-04-24 05:25:00,53.97,53.99,53.93,53.97,22676
943,2024-04-24 05:20:00,54.12,54.12,53.96,53.97,27895
944,2024-04-24 05:15:00,54.03,54.13,54.03,54.13,35780
945,2024-04-24 05:10:00,54.08,54.11,54.03,54.05,10045
946,2024-04-24 05:05:00,54.05,54.11,54.04,54.09,13944
947,2024-04-24 05:00:00,54.02,54.06,54.0,54.06,10611
948,2024-04-24 04:55:00,53.99,54.05,53.97,54.02,35785
949,2024-04-24 04:50:00,54.14,54.15,53.98,53.99,41430
950,2024-04-24 04:45:00,54.21,54.23,54.13,54.13,24717
951,2024-04-24 04:40:00,54.16,54.21,54.12,54.2,19249
952,2024-04-24 04:35:00,54.15,54.16,54.11,54.15,19708
953,2024-04-24 04:30:00,54.17,54.17,54.04,54.15,55772
954,2024-04-24 04:25:00,54.21,54.21,54.17,54.18,24094
955,2024-04-24 04:20:00,54.19,54.23,54.13,54.21,36250
956,2024-04-24 04:15:00,54.22,54.24,54.18,54.19,30124
957,2024-04-24 04:10:00,54.28,54.29,54.17,54.22,71177
958,2024-04-24 04:05:00,54.25,54.3,54.22,54.29,31597
959,2024-04-24 04:00:00,54.32,54.41,54.15,54.25,57186
960,2024-04-23 19:55:00,54.15,54.15,54.04,54.06,59303
961,2024-04-23 19:50:00,54.1,54.19,54.1,54.16,57932
962,2024-04-23 19:45:00,54.08,54.11,54.04,54.11,41826
963,2024-04-23 19:40:00,53.99,54.12,53.96,54.09,51685
964,2024-04-23 19:35:00,53.9,53.99,53.89,53.98,21823
965,2024-04-23 19:30:00,53.97,53.99,53.89,53.89,23949
966,2024-04-23 19:25:00,53.91,53.97,53.9,53.96,20160
967,2024-04-23 19:20:00,53.89,53.91,53.86,53.91,41141
968,2024-04-23 19:15:00,53.86,53.9,53.85,53.9,33040
969,2024-04-23 19:10:00,53.82,53.88,53.82,53.85,21086
970,2024-04-23 19:05:00,53.8,53.85,53.8,53.82,14025
971,2024-04-23 19:00:00,53.855,53.89,53.8,53.811,29785
972,2024-04-23 18:55:00,53.83,53.87,53.82,53.85,29476
973,2024-04-23 18:50:00,53.81,53.83,53.79,53.83,21656
974,2024-04-23 18:45:00,53.77,53.81,53.76,53.81,15016
975,2024-04-23 18:40:00,53.76,53.79,53.74,53.76,10235
976,2024-04-23 18:35:00,53.75,53.78,53.741,53.76,17765
977,2024-04-23 18:30:00,53.77,53.77,53.73,53.76,18797
978,2024-04-23 18:25:00,53.79,53.8,53.76,53.76,21364
979,2024-04-23 18:20:00,53.85,53.85,53.75,53.781,24921
980,2024-04-23 18:15:00,53.74,53.89,53.74,53.85,50845
981,2024-04-23 18:10:00,53.76,53.8,53.73,53.74,34433
982,2024-04-23 18:05:00,53.86,53.86,53.75,53.76,44905
983,2024-04-23 18:00:00,54.0,54.0,53.8,53.86,95529
984,2024-04-23 17:55:00,54.05,54.07,53.98,54.03,81622
985,2024-04-23 17:50:00,54.07,54.1,54.05,54.07,54767
986,2024-04-23 17:45:00,54.0,54.07,53.97,54.07,95510
987,2024-04-23 17:40:00,53.96,54.0,53.95,54.0,84736
988,2024-04-23 17:35:00,53.88,53.97,53.851,53.95,69337
989,2024-04-23 17:30:00,53.78,53.89,53.75,53.88,41553
990,2024-04-23 17:25:00,53.74,53.79,53.72,53.78,35543
991,2024-04-23 17:20:00,53.72,53.74,53.7,53.74,19298
992,2024-04-23 17:15:00,53.7,53.74,53.69,53.73,16209
993,2024-04-23 17:10:00,53.74,53.76,53.68,53.71,39082
994,2024-04-23 17:05:00,53.68,53.75,53.67,53.74,38351
995,2024-04-23 17:00:00,53.64,53.7,53.63,53.68,23926
996,2024-04-23 16:55:00,53.68,53.71,53.62,53.64,50198
997,2024-04-23 16:50:00,53.63,53.72,53.615,53.68,98526
998,2024-04-23 16:45:00,53.6,53.63,53.57,53.63,51146
999,2024-04-23 16:40:00,53.58,53.61,53.57,53.61,74046
1000,2024-04-23 16:35:00,53.59,53.6,53.57,53.58,54295
1001,2024-04-23 16:30:00,53.59,53.61,53.57,53.58,61558
1002,2024-04-23 16:25:00,53.56,53.61,53.53,53.59,166199
1003,2024-04-23 16:20:00,53.49,53.57,53.47,53.55,168677
1004,2024-04-23 16:15:00,53.19,53.52,53.19,53.48,93787
1005,2024-04-23 16:10:00,53.43,53.48,53.37,53.47,190652
1006,2024-04-23 16:05:00,53.48,53.54,53.27,53.45,487615
1007,2024-04-23 16:00:00,53.2,53.65,53.07,53.47,1073253
1008,2024-04-23 15:55:00,53.21,53.305,53.06,53.21,2162623
1009,2024-04-23 15:50:00,53.33,53.33,53.16,53.2,1287381
1010,2024-04-23 15:45:00,53.36,53.365,53.25,53.33,939281
1011,2024-04-23 15:40:00,53.38,53.4,53.28,53.37,484829
1012,2024-04-23 15:35:00,53.37,53.43,53.33,53.376,466761
1013,2024-04-23 15:30:00,53.35,53.386,53.285,53.385,640756
1014,2024-04-23 15:25:00,53.375,53.4,53.3,53.355,448703
1015,2024-04-23 15:20:00,53.37,53.416,53.3,53.37,432055
1016,2024-04-23 15:15:00,53.415,53.43,53.314,53.375,413752
1017,2024-04-23 15:10:00,53.31,53.5,53.3,53.41,544546
1018,2024-04-23 15:05:00,53.3,53.375,53.23,53.31,483991
1019,2024-04-23 15:00:00,53.52,53.556,53.23,53.31,1081841
1020,2024-04-23 14:55:00,53.4,53.54,53.39,53.525,413912
1021,2024-04-23 14:50:00,53.52,53.52,53.36,53.393,715894
1022,2024-04-23 14:45:00,53.59,53.59,53.48,53.52,518681
1023,2024-04-23 14:40:00,53.52,53.615,53.463,53.59,640704
1024,2024-04-23 14:35:00,53.527,53.58,53.5,53.51,344267
1025,2024-04-23 14:30:00,53.55,53.59,53.44,53.53,530568
1026,2024-04-23 14:25:00,53.53,53.58,53.475,53.55,725675
1027,2024-04-23 14:20:00,53.41,53.525,53.402,53.52,496434
1028,2024-04-23 14:15:00,53.424,53.46,53.37,53.414,383304
1029,2024-04-23 14:10:00,53.445,53.495,53.31,53.42,621699
1030,2024-04-23 14:05:00,53.42,53.51,53.39,53.444,470939
1031,2024-04-23 14:00:00,53.45,53.5,53.4,53.426,550319
1032,2024-04-23 13:55:00,53.41,53.475,53.41,53.445,391308
1033,2024-04-23 13:50:00,53.33,53.447,53.3,53.41,632962
1034,2024-04-23 13:45:00,53.29,53.37,53.22,53.34,627942
1035,2024-04-23 13:40:00,53.19,53.35,53.15,53.285,822131
1036,2024-04-23 13:35:00,53.11,53.19,53.06,53.17,314631
1037,2024-04-23 13:30:00,53.12,53.14,53.02,53.1,448940
1038,2024-04-23 13:25:00,53.055,53.13,53.0,53.124,378681
1039,2024-04-23 13:20:00,53.02,53.16,53.012,53.055,478517
1040,2024-04-23 13:15:00,52.99,53.04,52.885,53.01,497766
1041,2024-04-23 13:10:00,53.13,53.16,52.88,52.989,746536
1042,2024-04-23 13:05:00,53.095,53.25,53.07,53.135,609430
1043,2024-04-23 13:00:00,53.065,53.12,52.97,53.1,572502
1044,2024-04-23 12:55:00,53.08,53.09,52.94,53.08,852781
1045,2024-04-23 12:50:00,53.18,53.2,53.07,53.08,338564
1046,2024-04-23 12:45:00,53.185,53.225,53.14,53.18,362633
1047,2024-04-23 12:40:00,53.176,53.235,53.14,53.18,439256
1048,2024-04-23 12:35:00,53.21,53.26,53.07,53.19,576560
1049,2024-04-23 12:30:00,53.188,53.25,53.13,53.214,583507
1050,2024-04-23 12:25:00,53.135,53.22,53.06,53.18,504528
1051,2024-04-23 12:20:00,53.14,53.16,53.08,53.14,463173
1052,2024-04-23 12:15:00,53.135,53.26,53.1,53.148,926949
1053,2024-04-23 12:10:00,53.08,53.14,52.99,53.13,496223
1054,2024-04-23 12:05:00,52.995,53.1,52.95,53.085,580823
1055,2024-04-23 12:00:00,52.8,53.01,52.8,53.0,739004
1056,2024-04-23 11:55:00,52.946,53.0,52.77,52.8,530958
1057,2024-04-23 11:50:00,52.89,53.005,52.81,52.945,465985
1058,2024-04-23 11:45:00,52.97,53.01,52.83,52.904,661701
1059,2024-04-23 11:40:00,53.08,53.116,52.94,52.96,592147
1060,2024-04-23 11:35:00,52.99,53.12,52.96,53.089,532624
1061,2024-04-23 11:30:00,53.025,53.123,52.91,52.985,697725
1062,2024-04-23 11:25:00,53.15,53.19,52.98,53.02,809723
1063,2024-04-23 11:20:00,53.02,53.176,52.97,53.15,936065
1064,2024-04-23 11:15:00,52.98,53.05,52.93,53.005,618131
1065,2024-04-23 11:10:00,52.74,52.985,52.74,52.975,837009
1066,2024-04-23 11:05:00,52.69,52.775,52.64,52.73,607447
1067,2024-04-23 11:00:00,53.06,53.13,52.61,52.69,1871863
1068,2024-04-23 10:55:00,52.92,53.1,52.89,53.055,875573
1069,2024-04-23 10:50:00,52.83,52.94,52.7,52.925,899234
1070,2024-04-23 10:45:00,52.904,52.92,52.74,52.825,988843
1071,2024-04-23 10:40:00,52.935,52.99,52.87,52.91,1386160
1072,2024-04-23 10:35:00,53.09,53.106,52.922,52.93,1490862
1073,2024-04-23 10:30:00,52.83,53.12,52.83,53.095,1785630
1074,2024-04-23 10:25:00,52.516,52.875,52.45,52.83,1572961
1075,2024-04-23 10:20:00,52.49,52.66,52.45,52.525,1269344
1076,2024-04-23 10:15:00,52.35,52.53,52.313,52.49,1050720
1077,2024-04-23 10:10:00,52.38,52.56,52.28,52.34,1374217
1078,2024-04-23 10:05:00,52.14,52.53,52.11,52.383,1541775
1079,2024-04-23 10:00:00,52.26,52.31,52.035,52.147,1322255
1080,2024-04-23 09:55:00,52.325,52.49,52.17,52.25,1495138
1081,2024-04-23 09:50:00,52.13,52.34,51.86,52.329,1644395
1082,2024-04-23 09:45:00,51.79,52.42,51.785,52.13,2996781
1083,2024-04-23 09:40:00,51.72,52.05,51.67,51.785,1895284
1084,2024-04-23 09:35:00,51.6,51.78,51.6,51.73,1479816
1085,2024-04-23 09:30:00,51.62,51.92,51.49,51.6,2813934
1086,2024-04-23 09:25:00,51.59,51.68,51.59,51.61,89212
1087,2024-04-23 09:20:00,51.59,51.66,51.57,51.59,111375
1088,2024-04-23 09:15:00,51.66,51.66,51.57,51.59,87077
1089,2024-04-23 09:10:00,51.6,51.68,51.58,51.66,192595
1090,2024-04-23 09:05:00,51.52,51.6,51.49,51.591,74634
1091,2024-04-23 09:00:00,51.56,51.58,51.47,51.51,139476
1092,2024-04-23 08:55:00,51.49,51.61,51.49,51.55,133365
1093,2024-04-23 08:50:00,51.38,51.501,51.38,51.49,58529
1094,2024-04-23 08:45:00,51.45,51.48,51.32,51.38,114320
1095,2024-04-23 08:40:00,51.47,51.51,51.41,51.45,165027
1096,2024-04-23 08:35:00,51.36,51.48,51.32,51.46,99923
1097,2024-04-23 08:30:00,51.25,51.38,51.25,51.35,133525
1098,2024-04-23 08:25:00,51.2,51.26,51.17,51.24,53688
1099,2024-04-23 08:20:00,51.08,51.22,51.08,51.21,81633
1100,2024-04-23 08:15:00,51.13,51.13,51.02,51.07,70985
1101,2024-04-23 08:10:00,51.15,51.16,51.08,51.12,76523
1102,2024-04-23 08:05:00,51.2,51.26,51.11,51.15,113141
1103,2024-04-23 08:00:00,51.47,51.62,50.65,51.2,393714
1104,2024-04-23 07:55:00,51.29,51.32,51.26,51.29,27982
1105,2024-04-23 07:50:00,51.27,51.31,51.24,51.29,55045
1106,2024-04-23 07:45:00,51.38,51.42,51.27,51.27,26938
1107,2024-04-23 07:40:00,51.45,51.46,51.37,51.39,35523
1108,2024-04-23 07:35:00,51.35,51.46,51.35,51.45,27577
1109,2024-04-23 07:30:00,51.39,51.42,51.33,51.34,42471
1110,2024-04-23 07:25:00,51.44,51.49,51.38,51.39,102598
1111,2024-04-23 07:20:00,51.47,51.48,51.41,51.44,45406
1112,2024-04-23 07:15:00,51.57,51.57,51.46,51.47,34967
1113,2024-04-23 07:10:00,51.54,51.62,51.53,51.56,106703
1114,2024-04-23 07:05:00,51.5,51.55,51.49,51.53,30416
1115,2024-04-23 07:00:00,51.46,51.54,51.43,51.499,132515
1116,2024-04-23 06:55:00,51.48,51.49,51.44,51.47,14816
1117,2024-04-23 06:50:00,51.4,51.52,51.4,51.48,27128
1118,2024-04-23 06:45:00,51.43,51.43,51.37,51.4,17490
1119,2024-04-23 06:40:00,51.45,51.49,51.42,51.43,14116
1120,2024-04-23 06:35:00,51.43,51.48,51.41,51.45,18226
1121,2024-04-23 06:30:00,51.36,51.46,51.35,51.44,19025
1122,2024-04-23 06:25:00,51.36,51.37,51.33,51.36,4893
1123,2024-04-23 06:20:00,51.36,51.41,51.34,51.35,13579
1124,2024-04-23 06:15:00,51.3,51.37,51.29,51.37,45115
1125,2024-04-23 06:10:00,51.16,51.31,51.16,51.31,15141
1126,2024-04-23 06:05:00,51.19,51.19,51.12,51.16,6967
1127,2024-04-23 06:00:00,51.14,51.23,51.13,51.19,7192
1128,2024-04-23 05:55:00,51.12,51.15,51.09,51.15,13390
1129,2024-04-23 05:50:00,51.16,51.17,51.11,51.11,19549
1130,2024-04-23 05:45:00,51.18,51.18,51.11,51.17,31520
1131,2024-04-23 05:40:00,51.14,51.28,51.14,51.18,16830
1132,2024-04-23 05:35:00,51.17,51.23,51.14,51.14,19130
1133,2024-04-23 05:30:00,51.39,51.4,51.13,51.15,40190
1134,2024-04-23 05:25:00,51.29,51.4,51.28,51.38,16552
1135,2024-04-23 05:20:00,51.26,51.29,51.2,51.28,15098
1136,2024-04-23 05:15:00,51.3,51.34,51.26,51.27,18962
1137,2024-04-23 05:10:00,51.29,51.3,51.26,51.29,12423
1138,2024-04-23 05:05:00,51.32,51.35,51.25,51.29,13212
1139,2024-04-23 05:00:00,51.22,51.32,51.19,51.31,18110
1140,2024-04-23 04:55:00,51.27,51.27,51.18,51.21,21428
1141,2024-04-23 04:50:00,51.2,51.27,51.17,51.27,35697
1142,2024-04-23 04:45:00,51.18,51.22,51.15,51.2,26483
1143,2024-04-23 04:40:00,51.13,51.21,51.09,51.2,20656
1144,2024-04-23 04:35:00,51.16,51.2,51.11,51.13,23498
1145,2024-04-23 04:30:00,51.29,51.32,51.12,51.16,32294
1146,2024-04-23 04:25:00,51.33,51.33,51.26,51.3,22441
1147,2024-04-23 04:20:00,51.35,51.36,51.32,51.32,19532
1148,2024-04-23 04:15:00,51.33,51.37,51.3,51.35,17953
1149,2024-04-23 04:10:00,51.16,51.33,51.16,51.32,12758
1150,2024-04-23 04:05:00,51.19,51.22,51.11,51.16,28634
1151,2024-04-23 04:00:00,51.05,51.2,50.79,51.2,48474
1152,2024-04-22 19:55:00,50.66,50.69,50.65,50.681,39851
1153,2024-04-22 19:50:00,50.74,50.75,50.65,50.68,17038
1154,2024-04-22 19:45:00,50.69,50.74,50.67,50.74,12691
1155,2024-04-22 19:40:00,50.67,50.69,50.66,50.68,6155
1156,2024-04-22 19:35:00,50.67,50.69,50.64,50.67,13791
1157,2024-04-22 19:30:00,50.67,50.76,50.655,50.68,18950
1158,2024-04-22 19:25:00,50.66,50.7,50.6,50.68,43479
1159,2024-04-22 19:20:00,50.68,50.68,50.63,50.65,30071
1160,2024-04-22 19:15:00,50.48,50.68,50.48,50.68,18210
1161,2024-04-22 19:10:00,50.8,50.8,50.38,50.5,77072
1162,2024-04-22 19:05:00,50.84,50.86,50.79,50.8,9803
1163,2024-04-22 19:00:00,50.81,50.85,50.8,50.83,6228
1164,2024-04-22 18:55:00,50.87,50.87,50.8,50.82,5985
1165,2024-04-22 18:50:00,50.88,50.89,50.85,50.85,7332
1166,2024-04-22 18:45:00,50.85,50.898,50.84,50.87,2837
1167,2024-04-22 18:40:00,50.85,50.87,50.82,50.85,11321
1168,2024-04-22 18:35:00,50.86,50.87,50.85,50.85,10199
1169,2024-04-22 18:30:00,50.84,50.88,50.84,50.86,2895
1170,2024-04-22 18:25:00,50.78,50.84,50.78,50.83,6294
1171,2024-04-22 18:20:00,50.78,50.8,50.75,50.78,24627
1172,2024-04-22 18:15:00,50.9,50.9,50.76,50.77,44178
1173,2024-04-22 18:10:00,50.93,50.95,50.88,50.9,28035
1174,2024-04-22 18:05:00,51.02,51.02,50.92,50.92,29725
1175,2024-04-22 18:00:00,51.0,51.11,51.0,51.02,38108
1176,2024-04-22 17:55:00,51.02,51.04,51.0,51.02,12612
1177,2024-04-22 17:50:00,51.05,51.07,51.0,51.0,27079
1178,2024-04-22 17:45:00,51.06,51.07,51.05,51.05,9491
1179,2024-04-22 17:40:00,51.08,51.09,51.03,51.059,7791
1180,2024-04-22 17:35:00,51.1,51.11,51.08,51.09,16944
1181,2024-04-22 17:30:00,51.06,51.1,51.05,51.09,30197
1182,2024-04-22 17:25:00,51.04,51.06,51.04,51.06,8689
1183,2024-04-22 17:20:00,51.06,51.06,51.04,51.05,6126
1184,2024-04-22 17:15:00,51.0,51.05,51.0,51.05,64509
1185,2024-04-22 17:10:00,50.98,51.0,50.95,50.99,13943
1186,2024-04-22 17:05:00,50.94,50.98,50.92,50.98,6105
1187,2024-04-22 17:00:00,50.87,51.009,50.85,50.97,112407
1188,2024-04-22 16:55:00,50.85,50.88,50.83,50.87,8220
1189,2024-04-22 16:50:00,50.8,50.85,50.78,50.84,33131
1190,2024-04-22 16:45:00,50.83,50.85,50.78,50.78,26518
1191,2024-04-22 16:40:00,50.85,50.86,50.81,50.84,25091
1192,2024-04-22 16:35:00,50.86,50.89,50.83,50.84,24004
1193,2024-04-22 16:30:00,50.8,50.879,50.79,50.87,26879
1194,2024-04-22 16:25:00,50.73,50.8,50.73,50.8,12380
1195,2024-04-22 16:20:00,50.71,50.751,50.71,50.73,21850
1196,2024-04-22 16:15:00,50.92,50.92,50.72,50.72,171521
1197,2024-04-22 16:10:00,50.79,50.8,50.72,50.77,76118
1198,2024-04-22 16:05:00,50.71,50.82,50.69,50.79,63237
1199,2024-04-22 16:00:00,50.93,50.96,50.71,50.71,638629
1200,2024-04-22 15:55:00,50.77,50.956,50.7,50.93,1385774
1201,2024-04-22 15:50:00,51.12,51.12,50.71,50.77,1429795
1202,2024-04-22 15:45:00,51.005,51.16,50.96,51.125,876281
1203,2024-04-22 15:40:00,50.78,51.02,50.745,51.005,761434
1204,2024-04-22 15:35:00,50.95,50.975,50.763,50.785,1121504
1205,2024-04-22 15:30:00,51.26,51.295,50.93,50.94,792903
1206,2024-04-22 15:25:00,51.21,51.31,51.16,51.266,426197
1207,2024-04-22 15:20:00,51.34,51.35,51.14,51.218,958203
1208,2024-04-22 15:15:00,51.44,51.51,51.34,51.35,580118
1209,2024-04-22 15:10:00,51.41,51.48,51.34,51.44,549495
1210,2024-04-22 15:05:00,51.41,51.43,51.33,51.415,558139
1211,2024-04-22 15:00:00,51.44,51.47,51.33,51.405,513492
1212,2024-04-22 14:55:00,51.24,51.46,51.24,51.44,656931
1213,2024-04-22 14:50:00,51.335,51.37,51.19,51.24,721903
1214,2024-04-22 14:45:00,51.42,51.465,51.26,51.335,885705
1215,2024-04-22 14:40:00,51.55,51.58,51.31,51.415,1133511
1216,2024-04-22 14:35:00,51.734,51.77,51.45,51.549,1013810
1217,2024-04-22 14:30:00,51.6,51.75,51.6,51.735,550887
1218,2024-04-22 14:25:00,51.64,51.66,51.56,51.595,546353
1219,2024-04-22 14:20:00,51.56,51.678,51.53,51.645,848031
1220,2024-04-22 14:15:00,51.5,51.58,51.44,51.557,656262
1221,2024-04-22 14:10:00,51.415,51.51,51.38,51.49,616626
1222,2024-04-22 14:05:00,51.28,51.44,51.21,51.415,588891
1223,2024-04-22 14:00:00,51.33,51.342,51.23,51.275,613201
1224,2024-04-22 13:55:00,51.43,51.475,51.19,51.325,990837
1225,2024-04-22 13:50:00,51.17,51.44,51.12,51.43,1144664
1226,2024-04-22 13:45:00,50.947,51.19,50.93,51.175,854432
1227,2024-04-22 13:40:00,50.95,50.98,50.88,50.94,435048
1228,2024-04-22 13:35:00,50.935,50.98,50.85,50.945,755363
1229,2024-04-22 13:30:00,50.865,50.98,50.84,50.935,913520
1230,2024-04-22 13:25:00,50.645,50.865,50.635,50.865,797918
1231,2024-04-22 13:20:00,50.545,50.648,50.52,50.645,455371
1232,2024-04-22 13:15:00,50.56,50.595,50.47,50.54,460406
1233,2024-04-22 13:10:00,50.43,50.58,50.41,50.56,413593
1234,2024-04-22 13:05:00,50.35,50.505,50.35,50.43,606681
1235,2024-04-22 13:00:00,50.26,50.4,50.2,50.34,538379
1236,2024-04-22 12:55:00,50.18,50.275,50.13,50.254,332789
1237,2024-04-22 12:50:00,50.143,50.2,50.06,50.175,319759
1238,2024-04-22 12:45:00,50.06,50.23,50.05,50.15,386328
1239,2024-04-22 12:40:00,50.083,50.12,50.025,50.05,246783
1240,2024-04-22 12:35:00,49.97,50.116,49.97,50.09,333341
1241,2024-04-22 12:30:00,50.12,50.13,49.92,49.98,557035
1242,2024-04-22 12:25:00,50.12,50.24,50.09,50.125,444969
1243,2024-04-22 12:20:00,50.245,50.345,50.113,50.12,611740
1244,2024-04-22 12:15:00,50.229,50.44,50.204,50.24,687284
1245,2024-04-22 12:10:00,50.07,50.22,50.07,50.22,255518
1246,2024-04-22 12:05:00,50.157,50.19,50.05,50.07,366858
1247,2024-04-22 12:00:00,50.07,50.21,50.02,50.15,678393
1248,2024-04-22 11:55:00,49.945,50.08,49.945,50.065,712226
1249,2024-04-22 11:50:00,49.77,49.986,49.76,49.94,506925
1250,2024-04-22 11:45:00,49.755,49.81,49.685,49.77,438258
1251,2024-04-22 11:40:00,49.935,49.98,49.735,49.758,758877
1252,2024-04-22 11:35:00,49.74,49.96,49.72,49.93,548810
1253,2024-04-22 11:30:00,49.67,49.785,49.64,49.746,885814
1254,2024-04-22 11:25:00,49.445,49.69,49.44,49.665,800009
1255,2024-04-22 11:20:00,49.35,49.46,49.3,49.45,415695
1256,2024-04-22 11:15:00,49.29,49.44,49.17,49.34,753189
1257,2024-04-22 11:10:00,49.36,49.475,49.27,49.29,478383
1258,2024-04-22 11:05:00,49.42,49.455,49.285,49.36,546365
1259,2024-04-22 11:00:00,49.49,49.53,49.41,49.44,576987
1260,2024-04-22 10:55:00,49.39,49.5,49.31,49.49,671514
1261,2024-04-22 10:50:00,49.704,49.71,49.335,49.395,1235623
1262,2024-04-22 10:45:00,49.75,49.84,49.635,49.705,676598
1263,2024-04-22 10:40:00,49.74,49.925,49.69,49.75,1059394
1264,2024-04-22 10:35:00,49.62,49.76,49.608,49.735,979617
1265,2024-04-22 10:30:00,49.555,49.759,49.544,49.62,1276332
1266,2024-04-22 10:25:00,49.74,49.756,49.46,49.551,1687663
1267,2024-04-22 10:20:00,50.12,50.125,49.707,49.74,1703141
1268,2024-04-22 10:15:00,50.21,50.28,50.06,50.128,787275
1269,2024-04-22 10:10:00,50.24,50.405,50.13,50.21,835106
1270,2024-04-22 10:05:00,50.405,50.49,50.16,50.235,1086182
1271,2024-04-22 10:00:00,50.33,50.6,50.32,50.4,1070277
1272,2024-04-22 09:55:00,50.59,50.639,50.32,50.325,1112582
1273,2024-04-22 09:50:00,50.72,50.75,50.555,50.598,1135335
1274,2024-04-22 09:45:00,50.39,50.73,50.326,50.71,1719329
1275,2024-04-22 09:40:00,50.335,50.53,50.2,50.382,1748224
1276,2024-04-22 09:35:00,50.23,50.39,50.17,50.34,1470585
1277,2024-04-22 09:30:00,50.38,50.53,50.19,50.23,2996926
1278,2024-04-22 09:25:00,50.43,50.48,50.35,50.37,129013
1279,2024-04-22 09:20:00,50.47,50.52,50.39,50.43,101707
1280,2024-04-22 09:15:00,50.46,50.52,50.44,50.47,77213
1281,2024-04-22 09:10:00,50.48,50.49,50.44,50.46,52627
1282,2024-04-22 09:05:00,50.43,50.49,50.42,50.471,33267
1283,2024-04-22 09:00:00,50.44,50.51,50.42,50.43,126770
1284,2024-04-22 08:55:00,50.47,52.095,49.055,50.44,72398
1285,2024-04-22 08:50:00,50.42,50.5,50.4,50.46,78993
1286,2024-04-22 08:45:00,50.46,50.47,50.36,50.42,132068
1287,2024-04-22 08:40:00,50.44,50.49,50.42,50.46,120150
1288,2024-04-22 08:35:00,50.18,50.45,50.14,50.44,287912
1289,2024-04-22 08:30:00,50.13,50.18,50.09,50.18,77681
1290,2024-04-22 08:25:00,50.08,50.18,50.06,50.14,85230
1291,2024-04-22 08:20:00,50.13,50.17,50.06,50.08,97178
1292,2024-04-22 08:15:00,50.1,50.16,50.03,50.13,83881
1293,2024-04-22 08:10:00,50.21,50.23,50.0,50.1,195686
1294,2024-04-22 08:05:00,50.11,50.5,49.9,50.21,181129
1295,2024-04-22 08:00:00,50.28,50.599,49.9,50.36,497423
1296,2024-04-22 07:55:00,50.35,50.36,50.27,50.29,71489
1297,2024-04-22 07:50:00,50.42,50.46,50.35,50.36,77009
1298,2024-04-22 07:45:00,50.43,50.44,50.38,50.42,26932
1299,2024-04-22 07:40:00,50.34,50.44,50.34,50.43,25645
1300,2024-04-22 07:35:00,50.31,50.38,50.29,50.35,61899
1301,2024-04-22 07:30:00,50.3,50.32,50.25,50.31,29482
1302,2024-04-22 07:25:00,50.32,50.38,50.27,50.28,29694
1303,2024-04-22 07:20:00,50.46,50.47,50.3,50.3,35151
1304,2024-04-22 07:15:00,50.26,50.45,50.25,50.45,60492
1305,2024-04-22 07:10:00,50.19,50.28,50.18,50.26,65449
1306,2024-04-22 07:05:00,50.15,50.19,50.12,50.19,69540
1307,2024-04-22 07:00:00,50.31,50.32,50.13,50.14,250259
1308,2024-04-22 06:55:00,50.32,50.34,50.29,50.32,17847
1309,2024-04-22 06:50:00,50.32,50.33,50.26,50.32,36280
1310,2024-04-22 06:45:00,50.36,50.36,50.27,50.3,35160
1311,2024-04-22 06:40:00,50.39,50.41,50.32,50.36,33097
1312,2024-04-22 06:35:00,50.41,50.46,50.37,50.39,23395
1313,2024-04-22 06:30:00,50.52,50.52,50.39,50.41,48489
1314,2024-04-22 06:25:00,50.58,50.59,50.51,50.52,34424
1315,2024-04-22 06:20:00,50.57,50.6,50.56,50.59,21289
1316,2024-04-22 06:15:00,50.55,50.59,50.53,50.56,23497
1317,2024-04-22 06:10:00,50.56,50.62,50.54,50.56,53852
1318,2024-04-22 06:05:00,50.57,50.59,50.54,50.56,37773
1319,2024-04-22 06:00:00,50.43,50.57,50.43,50.56,25050
1320,2024-04-22 05:55:00,50.44,50.47,50.42,50.43,14252
1321,2024-04-22 05:50:00,50.44,50.45,50.42,50.45,25892
1322,2024-04-22 05:45:00,50.45,50.48,50.39,50.44,10601
1323,2024-04-22 05:40:00,50.33,50.48,50.33,50.45,29707
1324,2024-04-22 05:35:00,50.33,50.35,50.29,50.32,20021
1325,2024-04-22 05:30:00,50.33,50.37,50.3,50.34,18131
1326,2024-04-22 05:25:00,50.36,50.41,50.32,50.33,16281
1327,2024-04-22 05:20:00,50.34,50.36,50.3,50.36,15450
1328,2024-04-22 05:15:00,50.3,50.36,50.28,50.36,34050
1329,2024-04-22 05:10:00,50.3,50.32,50.28,50.29,21257
1330,2024-04-22 05:05:00,50.28,50.31,50.25,50.3,22897
1331,2024-04-22 05:00:00,50.17,50.29,50.13,50.27,24593
1332,2024-04-22 04:55:00,50.22,50.23,50.16,50.18,28534
1333,2024-04-22 04:50:00,50.19,50.25,50.15,50.21,27240
1334,2024-04-22 04:45:00,50.05,50.2,50.05,50.2,33963
1335,2024-04-22 04:40:00,50.25,50.26,50.04,50.05,29858
1336,2024-04-22 04:35:00,50.16,50.24,50.12,50.24,15361
1337,2024-04-22 04:30:00,50.13,50.19,50.09,50.17,18812
1338,2024-04-22 04:25:00,50.11,50.24,50.11,50.12,29337
1339,2024-04-22 04:20:00,50.09,50.15,50.08,50.1,36348
1340,2024-04-22 04:15:00,50.11,50.14,50.03,50.08,44706
1341,2024-04-22 04:10:00,49.93,50.14,49.93,50.11,37059
1342,2024-04-22 04:05:00,50.0,50.02,49.91,49.92,167850
1343,2024-04-22 04:00:00,50.14,50.26,49.98,50.0,104569
1344,2024-04-19 19:55:00,49.23,49.29,49.2,49.26,32224
1345,2024-04-19 19:50:00,49.24,49.26,49.2,49.23,17754
1346,2024-04-19 19:45:00,49.25,49.27,49.2,49.245,29538
1347,2024-04-19 19:40:00,49.25,49.28,49.24,49.24,14819
1348,2024-04-19 19:35:00,49.23,49.28,49.2,49.25,22774
1349,2024-04-19 19:30:00,49.24,49.26,49.23,49.23,6942
1350,2024-04-19 19:25:00,49.24,49.24,49.2,49.24,26677
1351,2024-04-19 19:20:00,49.27,49.27,49.22,49.24,28047
1352,2024-04-19 19:15:00,49.26,49.29,49.0,49.25,23946
1353,2024-04-19 19:10:00,49.25,49.3,49.25,49.26,25067
1354,2024-04-19 19:05:00,49.3,49.3,49.26,49.26,43813
1355,2024-04-19 19:00:00,49.29,49.3,49.27,49.3,12247
1356,2024-04-19 18:55:00,49.28,49.3,49.28,49.29,15009
1357,2024-04-19 18:50:00,49.33,49.33,49.28,49.29,14266
1358,2024-04-19 18:45:00,49.33,49.34,49.31,49.33,10734
1359,2024-04-19 18:40:00,49.38,49.38,49.33,49.33,13116
1360,2024-04-19 18:35:00,49.36,49.37,49.35,49.37,15669
1361,2024-04-19 18:30:00,49.36,49.37,49.35,49.36,14722
1362,2024-04-19 18:25:00,49.36,49.37,49.35,49.36,9707
1363,2024-04-19 18:20:00,49.37,49.37,49.35,49.36,4557
1364,2024-04-19 18:15:00,49.35,49.37,49.35,49.37,16645
1365,2024-04-19 18:10:00,49.34,49.36,49.33,49.36,9127
1366,2024-04-19 18:05:00,49.35,49.37,49.33,49.34,7337
1367,2024-04-19 18:00:00,49.32,49.37,49.3,49.36,69906
1368,2024-04-19 17:55:00,49.35,49.36,49.3,49.31,34469
1369,2024-04-19 17:50:00,49.35,49.36,49.33,49.355,41351
1370,2024-04-19 17:45:00,49.34,49.36,49.33,49.35,27067
1371,2024-04-19 17:40:00,49.35,49.36,49.33,49.34,15428
1372,2024-04-19 17:35:00,49.36,49.36,49.34,49.35,14689
1373,2024-04-19 17:30:00,49.35,49.38,49.35,49.36,14362
1374,2024-04-19 17:25:00,49.4,49.4,49.35,49.35,17355
1375,2024-04-19 17:20:00,49.4,49.4,49.38,49.395,15290
1376,2024-04-19 17:15:00,49.41,49.41,49.39,49.4,15663
1377,2024-04-19 17:10:00,49.42,49.42,49.39,49.41,25045
1378,2024-04-19 17:05:00,49.44,49.44,49.41,49.42,10033
1379,2024-04-19 17:00:00,49.43,49.46,49.42,49.44,14728
1380,2024-04-19 16:55:00,49.42,49.47,49.41,49.44,32010
1381,2024-04-19 16:50:00,49.41,49.43,49.38,49.42,93073
1382,2024-04-19 16:45:00,49.4,49.43,49.37,49.41,52053
1383,2024-04-19 16:40:00,49.4,49.43,49.39,49.395,48237
1384,2024-04-19 16:35:00,49.46,49.47,49.399,49.4,59335
1385,2024-04-19 16:30:00,49.47,49.5,49.44,49.46,48113
1386,2024-04-19 16:25:00,49.425,49.47,49.4,49.46,50971
1387,2024-04-19 16:20:00,49.48,49.49,49.4,49.43,90425
1388,2024-04-19 16:15:00,49.48,49.5,49.41,49.48,84500
1389,2024-04-19 16:10:00,49.36,49.42,49.35,49.42,62015
1390,2024-04-19 16:05:00,49.39,49.39,49.26,49.36,192331
1391,2024-04-19 16:00:00,49.46,49.48,49.34,49.39,794660
1392,2024-04-19 15:55:00,49.47,49.58,49.35,49.454,2926365
1393,2024-04-19 15:50:00,49.18,49.46,49.105,49.46,2288197
1394,2024-04-19 15:45:00,49.08,49.236,48.85,49.185,2401989
1395,2024-04-19 15:40:00,49.22,49.23,48.89,49.07,2053227
1396,2024-04-19 15:35:00,49.387,49.42,49.03,49.23,2136024
1397,2024-04-19 15:30:00,49.45,49.54,49.34,49.38,1269106
1398,2024-04-19 15:25:00,49.39,49.63,49.28,49.457,1674217
1399,2024-04-19 15:20:00,49.5,49.566,49.36,49.4,1516549
1400,2024-04-19 15:15:00,49.54,49.56,49.27,49.49,1485720
1401,2024-04-19 15:10:00,49.37,49.675,49.3,49.54,2032765
1402,2024-04-19 15:05:00,49.13,49.46,48.92,49.37,2499627
1403,2024-04-19 15:00:00,49.26,49.3,49.06,49.135,1696339
1404,2024-04-19 14:55:00,49.17,49.41,49.13,49.265,2143387
1405,2024-04-19 14:50:00,49.32,49.39,49.08,49.17,1664572
1406,2024-04-19 14:45:00,49.19,49.34,49.01,49.31,2605714
1407,2024-04-19 14:40:00,49.44,49.445,49.185,49.19,2003343
1408,2024-04-19 14:35:00,49.78,49.82,49.402,49.44,1798382
1409,2024-04-19 14:30:00,49.72,49.91,49.705,49.785,892277
1410,2024-04-19 14:25:00,50.16,50.16,49.72,49.72,1420686
1411,2024-04-19 14:20:00,50.1,50.205,50.03,50.16,824204
1412,2024-04-19 14:15:00,50.035,50.14,49.88,50.1,1188641
1413,2024-04-19 14:10:00,50.06,50.25,50.02,50.035,1094668
1414,2024-04-19 14:05:00,50.07,50.33,49.85,50.055,2280959
1415,2024-04-19 14:00:00,50.42,50.44,50.0,50.069,1498055
1416,2024-04-19 13:55:00,50.83,50.89,50.331,50.43,1698119
1417,2024-04-19 13:50:00,50.53,50.865,50.522,50.825,1190898
1418,2024-04-19 13:45:00,50.245,50.54,50.245,50.54,763250
1419,2024-04-19 13:40:00,50.18,50.35,50.18,50.245,649571
1420,2024-04-19 13:35:00,50.35,50.4,50.16,50.17,492119
1421,2024-04-19 13:30:00,50.17,50.435,50.17,50.35,847333
1422,2024-04-19 13:25:00,50.44,50.48,50.14,50.179,1061729
1423,2024-04-19 13:20:00,50.59,50.626,50.38,50.44,726499
1424,2024-04-19 13:15:00,50.47,50.67,50.315,50.585,1399205
1425,2024-04-19 13:10:00,50.495,50.555,50.41,50.48,878101
1426,2024-04-19 13:05:00,50.4,50.52,50.31,50.495,1146208
1427,2024-04-19 13:00:00,50.38,50.525,50.32,50.4,1005602
1428,2024-04-19 12:55:00,50.16,50.395,50.14,50.38,795080
1429,2024-04-19 12:50:00,50.03,50.41,50.03,50.15,1601124
1430,2024-04-19 12:45:00,50.01,50.146,49.94,50.025,1494928
1431,2024-04-19 12:40:00,49.71,50.03,49.66,50.02,1518992
1432,2024-04-19 12:35:00,49.87,49.899,49.69,49.705,736015
1433,2024-04-19 12:30:00,49.71,49.885,49.71,49.87,887211
1434,2024-04-19 12:25:00,49.832,49.93,49.68,49.701,1258132
1435,2024-04-19 12:20:00,49.85,49.99,49.8,49.83,1167677
1436,2024-04-19 12:15:00,49.87,50.0,49.83,49.85,1779295
1437,2024-04-19 12:10:00,50.26,50.297,49.84,49.866,2153793
1438,2024-04-19 12:05:00,50.38,50.41,50.14,50.26,1625094
1439,2024-04-19 12:00:00,50.44,50.69,50.36,50.386,1024134
1440,2024-04-19 11:55:00,50.67,50.72,50.42,50.45,1305784
1441,2024-04-19 11:50:00,50.86,50.925,50.664,50.68,721282
1442,2024-04-19 11:45:00,50.86,50.985,50.835,50.85,725579
1443,2024-04-19 11:40:00,50.83,50.935,50.73,50.87,875600
1444,2024-04-19 11:35:00,50.73,50.87,50.615,50.83,1301370
1445,2024-04-19 11:30:00,50.82,50.94,50.72,50.73,935707
1446,2024-04-19 11:25:00,50.775,50.845,50.71,50.825,868303
1447,2024-04-19 11:20:00,50.89,50.95,50.76,50.78,988757
1448,2024-04-19 11:15:00,51.11,51.175,50.86,50.89,1172998
1449,2024-04-19 11:10:00,51.28,51.31,51.05,51.12,1243445
1450,2024-04-19 11:05:00,51.05,51.27,50.97,51.27,1006337
1451,2024-04-19 11:00:00,51.32,51.32,51.0,51.04,1154762
1452,2024-04-19 10:55:00,51.5,51.55,51.26,51.33,1039529
1453,2024-04-19 10:50:00,51.49,51.62,51.39,51.495,1234173
1454,2024-04-19 10:45:00,51.33,51.57,51.29,51.5,1359171
1455,2024-04-19 10:40:00,51.005,51.36,50.93,51.34,1022420
1456,2024-04-19 10:35:00,51.3,51.32,50.935,51.005,1286622
1457,2024-04-19 10:30:00,51.205,51.47,51.15,51.31,1727851
1458,2024-04-19 10:25:00,51.09,51.225,50.89,51.206,2085280
1459,2024-04-19 10:20:00,51.325,51.465,51.06,51.08,1993661
1460,2024-04-19 10:15:00,51.53,51.685,51.32,51.33,1820116
1461,2024-04-19 10:10:00,51.76,51.79,51.48,51.52,2017541
1462,2024-04-19 10:05:00,51.85,51.97,51.705,51.754,1015436
1463,2024-04-19 10:00:00,51.92,52.08,51.741,51.85,1173182
1464,2024-04-19 09:55:00,52.08,52.23,51.86,51.92,1319523
1465,2024-04-19 09:50:00,52.0,52.15,51.69,52.09,1864903
1466,2024-04-19 09:45:00,52.23,52.47,51.975,52.002,1915691
1467,2024-04-19 09:40:00,51.8,52.34,51.73,52.235,2141227
1468,2024-04-19 09:35:00,52.08,52.17,51.72,51.793,2070254
1469,2024-04-19 09:30:00,52.28,52.28,51.84,52.08,3403229
1470,2024-04-19 09:25:00,52.23,52.35,52.06,52.25,254663
1471,2024-04-19 09:20:00,52.25,52.29,52.17,52.27,104461
1472,2024-04-19 09:15:00,52.22,52.29,52.17,52.24,160652
1473,2024-04-19 09:10:00,52.31,52.38,52.18,52.22,179205
1474,2024-04-19 09:05:00,52.51,52.52,52.26,52.31,189694
1475,2024-04-19 09:00:00,52.48,52.53,52.4,52.51,59403
1476,2024-04-19 08:55:00,52.56,52.56,52.42,52.49,96743
1477,2024-04-19 08:50:00,52.57,52.6,52.5,52.535,88517
1478,2024-04-19 08:45:00,52.59,52.59,52.43,52.57,99743
1479,2024-04-19 08:40:00,52.69,53.935,52.45,52.58,141425
1480,2024-04-19 08:35:00,52.76,52.76,52.68,52.7,155987
1481,2024-04-19 08:30:00,52.6,52.81,52.56,52.75,221657
1482,2024-04-19 08:25:00,52.55,52.66,52.49,52.6,119106
1483,2024-04-19 08:20:00,52.48,52.66,52.47,52.56,144354
1484,2024-04-19 08:15:00,52.48,52.55,52.41,52.48,137466
1485,2024-04-19 08:10:00,52.28,52.49,52.25,52.489,117364
1486,2024-04-19 08:05:00,52.28,52.29,52.17,52.27,67772
1487,2024-04-19 08:00:00,51.87,52.395,50.94,52.27,457466
1488,2024-04-19 07:55:00,52.2,52.38,52.17,52.37,41103
1489,2024-04-19 07:50:00,52.17,52.2,52.09,52.19,60062
1490,2024-04-19 07:45:00,52.33,52.34,52.15,52.17,61362
1491,2024-04-19 07:40:00,52.26,52.41,52.26,52.35,103747
1492,2024-04-19 07:35:00,52.19,52.26,52.14,52.25,51198
1493,2024-04-19 07:30:00,52.17,52.28,52.16,52.18,93062
1494,2024-04-19 07:25:00,52.09,52.22,52.08,52.18,134599
1495,2024-04-19 07:20:00,51.98,52.11,51.91,52.09,61628
1496,2024-04-19 07:15:00,51.78,52.07,51.76,51.98,111279
1497,2024-04-19 07:10:00,51.8,51.88,51.71,51.78,63846
1498,2024-04-19 07:05:00,51.78,51.83,51.75,51.79,174732
1499,2024-04-19 07:00:00,51.84,51.9,51.74,51.78,268191
1500,2024-04-19 06:55:00,51.6,51.85,51.6,51.83,47600
1501,2024-04-19 06:50:00,51.66,51.68,51.56,51.61,10447
1502,2024-04-19 06:45:00,51.55,51.67,51.55,51.66,40650
1503,2024-04-19 06:40:00,51.6,51.7,51.52,51.54,18397
1504,2024-04-19 06:35:00,51.7,51.72,51.58,51.61,17527
1505,2024-04-19 06:30:00,51.69,51.75,51.66,51.71,14671
1506,2024-04-19 06:25:00,51.6,51.74,51.59,51.7,22924
1507,2024-04-19 06:20:00,51.75,51.75,51.6,51.6,62053
1508,2024-04-19 06:15:00,51.84,51.84,51.74,51.75,13060
1509,2024-04-19 06:10:00,51.95,51.95,51.82,51.85,25797
1510,2024-04-19 06:05:00,51.83,52.01,51.83,51.93,80046
1511,2024-04-19 06:00:00,51.75,51.88,51.73,51.82,39114
1512,2024-04-19 05:55:00,51.8,51.84,51.73,51.74,19665
1513,2024-04-19 05:50:00,51.81,51.85,51.72,51.8,21097
1514,2024-04-19 05:45:00,51.81,51.84,51.78,51.8,42487
1515,2024-04-19 05:40:00,51.93,51.93,51.77,51.81,26455
1516,2024-04-19 05:35:00,51.92,52.0,51.91,51.94,19033
1517,2024-04-19 05:30:00,51.77,51.93,51.76,51.91,34890
1518,2024-04-19 05:25:00,51.7,51.79,51.68,51.77,65297
1519,2024-04-19 05:20:00,51.63,51.74,51.63,51.7,27416
1520,2024-04-19 05:15:00,51.55,51.69,51.55,51.63,70285
1521,2024-04-19 05:10:00,51.6,51.64,51.54,51.55,49568
1522,2024-04-19 05:05:00,51.64,51.66,51.53,51.61,36713
1523,2024-04-19 05:00:00,51.52,51.72,51.52,51.62,61330
1524,2024-04-19 04:55:00,51.59,51.61,51.48,51.53,18894
1525,2024-04-19 04:50:00,51.54,51.65,51.54,51.59,22562
1526,2024-04-19 04:45:00,51.43,51.55,51.42,51.55,17258
1527,2024-04-19 04:40:00,51.53,51.53,51.39,51.43,42107
1528,2024-04-19 04:35:00,51.56,51.59,51.46,51.51,19127
1529,2024-04-19 04:30:00,51.76,51.82,51.55,51.56,28790
1530,2024-04-19 04:25:00,51.73,51.85,51.73,51.77,21990
1531,2024-04-19 04:20:00,51.78,51.8,51.66,51.72,63754
1532,2024-04-19 04:15:00,51.44,51.82,51.44,51.78,63494
1533,2024-04-19 04:10:00,51.59,51.61,51.32,51.45,48409
1534,2024-04-19 04:05:00,51.72,51.73,51.44,51.58,137925
1535,2024-04-19 04:00:00,51.73,52.05,51.63,51.72,138843
1536,2024-04-18 19:55:00,52.33,52.37,52.2,52.22,48930
1537,2024-04-18 19:50:00,52.41,52.41,52.1,52.34,72516
1538,2024-04-18 19:45:00,52.43,52.44,52.4,52.4,11900
1539,2024-04-18 19:40:00,52.45,52.45,52.4,52.42,10014
1540,2024-04-18 19:35:00,52.42,52.46,52.42,52.46,11266
1541,2024-04-18 19:30:00,52.42,52.46,52.41,52.44,9933
1542,2024-04-18 19:25:00,52.42,52.45,52.41,52.42,8464
1543,2024-04-18 19:20:00,52.38,52.47,52.38,52.43,8557
1544,2024-04-18 19:15:00,52.5,52.5,52.38,52.4,45318
1545,2024-04-18 19:10:00,52.48,52.51,52.48,52.49,14003
1546,2024-04-18 19:05:00,52.49,52.51,52.46,52.47,22098
1547,2024-04-18 19:00:00,52.52,52.52,52.47,52.49,18988
1548,2024-04-18 18:55:00,52.53,52.53,52.5,52.51,18511
1549,2024-04-18 18:50:00,52.6,52.6,52.51,52.53,30900
1550,2024-04-18 18:45:00,52.58,52.6,52.56,52.6,17542
1551,2024-04-18 18:40:00,52.62,52.62,52.57,52.58,8075
1552,2024-04-18 18:35:00,52.6,52.63,52.58,52.62,5429
1553,2024-04-18 18:30:00,52.61,52.65,52.56,52.6,19230
1554,2024-04-18 18:25:00,52.62,52.65,52.61,52.62,7426
1555,2024-04-18 18:20:00,52.615,52.66,52.61,52.62,4955
1556,2024-04-18 18:15:00,52.65,52.66,52.6,52.62,13798
1557,2024-04-18 18:10:00,52.68,52.69,52.64,52.64,7382
1558,2024-04-18 18:05:00,52.68,52.7,52.63,52.68,15960
1559,2024-04-18 18:00:00,52.56,52.68,52.56,52.67,62965
1560,2024-04-18 17:55:00,52.54,52.58,52.51,52.56,20614
1561,2024-04-18 17:50:00,52.559,52.56,52.51,52.51,9639
1562,2024-04-18 17:45:00,52.52,52.56,52.51,52.559,14015
1563,2024-04-18 17:40:00,52.49,52.52,52.486,52.52,23598
1564,2024-04-18 17:35:00,52.49,52.52,52.48,52.5,24207
1565,2024-04-18 17:30:00,52.52,52.52,52.47,52.485,15444
1566,2024-04-18 17:25:00,52.57,52.57,52.5,52.501,18947
1567,2024-04-18 17:20:00,52.58,52.59,52.56,52.565,4877
1568,2024-04-18 17:15:00,52.58,52.59,52.57,52.57,7730
1569,2024-04-18 17:10:00,52.59,52.59,52.57,52.58,6003
1570,2024-04-18 17:05:00,52.58,52.59,52.57,52.58,10690
1571,2024-04-18 17:00:00,52.58,52.59,52.57,52.59,4238
1572,2024-04-18 16:55:00,52.56,52.6,52.54,52.589,21703
1573,2024-04-18 16:50:00,52.49,52.6,52.48,52.55,31106
1574,2024-04-18 16:45:00,52.49,52.53,52.45,52.48,58555
1575,2024-04-18 16:40:00,52.56,52.6,52.5,52.5,53654
1576,2024-04-18 16:35:00,52.58,52.61,52.55,52.55,25401
1577,2024-04-18 16:30:00,52.63,52.65,52.59,52.59,17976
1578,2024-04-18 16:25:00,52.66,52.67,52.56,52.62,48794
1579,2024-04-18 16:20:00,52.68,52.72,52.62,52.67,44692
1580,2024-04-18 16:15:00,52.75,52.77,52.66,52.69,60001
1581,2024-04-18 16:10:00,52.61,52.72,52.59,52.67,83577
1582,2024-04-18 16:05:00,52.72,52.73,52.43,52.63,177960
1583,2024-04-18 16:00:00,52.71,53.08,52.38,52.72,755019
1584,2024-04-18 15:55:00,52.65,52.8,52.59,52.71,1630598
1585,2024-04-18 15:50:00,53.0,53.16,52.604,52.65,1933454
1586,2024-04-18 15:45:00,53.01,53.06,52.94,52.995,612548
1587,2024-04-18 15:40:00,52.88,53.07,52.835,53.02,576232
1588,2024-04-18 15:35:00,52.98,53.08,52.87,52.87,590541
1589,2024-04-18 15:30:00,52.88,53.01,52.86,52.99,637348
1590,2024-04-18 15:25:00,52.89,52.94,52.725,52.88,611132
1591,2024-04-18 15:20:00,52.84,52.99,52.72,52.89,737230
1592,2024-04-18 15:15:00,52.89,52.95,52.745,52.83,606619
1593,2024-04-18 15:10:00,52.94,53.133,52.83,52.9,852819
1594,2024-04-18 15:05:00,52.91,53.118,52.85,52.94,765813
1595,2024-04-18 15:00:00,52.62,53.03,52.62,52.91,1014789
1596,2024-04-18 14:55:00,52.715,52.76,52.56,52.62,639438
1597,2024-04-18 14:50:00,52.84,52.85,52.605,52.71,716702
1598,2024-04-18 14:45:00,52.81,52.855,52.69,52.845,649428
1599,2024-04-18 14:40:00,52.67,52.875,52.65,52.825,906958
1600,2024-04-18 14:35:00,52.564,52.765,52.55,52.68,768745
1601,2024-04-18 14:30:00,52.89,52.9,52.52,52.555,908010
1602,2024-04-18 14:25:00,53.05,53.171,52.801,52.88,966401
1603,2024-04-18 14:20:00,52.955,53.19,52.9,53.053,928457
1604,2024-04-18 14:15:00,52.76,53.03,52.75,52.95,954340
1605,2024-04-18 14:10:00,52.685,52.87,52.51,52.77,1505196
1606,2024-04-18 14:05:00,52.8,52.82,52.61,52.69,815797
1607,2024-04-18 14:00:00,52.865,52.88,52.71,52.8,622782
1608,2024-04-18 13:55:00,52.77,52.9,52.71,52.87,708970
1609,2024-04-18 13:50:00,52.967,52.967,52.69,52.763,937267
1610,2024-04-18 13:45:00,52.915,53.04,52.88,52.969,883395
1611,2024-04-18 13:40:00,52.875,52.97,52.655,52.915,1193831
1612,2024-04-18 13:35:00,52.943,53.02,52.82,52.875,518689
1613,2024-04-18 13:30:00,53.105,53.17,52.9,52.95,745121
1614,2024-04-18 13:25:00,52.68,53.13,52.65,53.105,1441011
1615,2024-04-18 13:20:00,52.98,53.065,52.67,52.67,1208843
1616,2024-04-18 13:15:00,53.1,53.18,52.815,52.96,1067233
1617,2024-04-18 13:10:00,53.364,53.37,53.034,53.11,956160
1618,2024-04-18 13:05:00,53.35,53.38,53.196,53.36,940827
1619,2024-04-18 13:00:00,53.32,53.45,53.29,53.35,587932
1620,2024-04-18 12:55:00,53.33,53.465,53.27,53.315,673073
1621,2024-04-18 12:50:00,53.47,53.535,53.25,53.332,883126
1622,2024-04-18 12:45:00,53.71,53.735,53.35,53.47,900440
1623,2024-04-18 12:40:00,53.93,53.95,53.65,53.72,555552
1624,2024-04-18 12:35:00,53.65,54.03,53.65,53.92,792906
1625,2024-04-18 12:30:00,54.0,54.02,53.61,53.655,1013451
1626,2024-04-18 12:25:00,53.95,54.06,53.88,54.005,499528
1627,2024-04-18 12:20:00,54.005,54.04,53.92,53.95,388787
1628,2024-04-18 12:15:00,53.875,54.03,53.86,54.005,448662
1629,2024-04-18 12:10:00,53.95,54.06,53.87,53.885,633328
1630,2024-04-18 12:05:00,54.03,54.056,53.87,53.947,1180685
1631,2024-04-18 12:00:00,54.07,54.246,54.02,54.04,846495
1632,2024-04-18 11:55:00,54.086,54.16,54.05,54.075,636862
1633,2024-04-18 11:50:00,54.08,54.12,53.99,54.09,773361
1634,2024-04-18 11:45:00,54.17,54.19,54.04,54.08,600131
1635,2024-04-18 11:40:00,54.15,54.18,54.028,54.18,679422
1636,2024-04-18 11:35:00,54.2,54.246,54.09,54.15,926569
1637,2024-04-18 11:30:00,54.19,54.275,54.085,54.2,920692
1638,2024-04-18 11:25:00,54.485,54.49,54.125,54.19,1129513
1639,2024-04-18 11:20:00,54.38,54.56,54.35,54.48,908850
1640,2024-04-18 11:15:00,54.34,54.52,54.32,54.37,1088499
1641,2024-04-18 11:10:00,54.3,54.45,54.21,54.33,1028222
1642,2024-04-18 11:05:00,54.11,54.36,54.09,54.298,927025
1643,2024-04-18 11:00:00,54.25,54.3,54.08,54.1,1157268
1644,2024-04-18 10:55:00,54.14,54.42,54.1,54.246,1808025
1645,2024-04-18 10:50:00,54.2,54.27,54.05,54.13,979373
1646,2024-04-18 10:45:00,54.18,54.279,54.03,54.19,1199799
1647,2024-04-18 10:40:00,53.98,54.19,53.94,54.17,849466
1648,2024-04-18 10:35:00,53.92,54.21,53.87,53.981,1775034
1649,2024-04-18 10:30:00,53.71,53.95,53.69,53.93,1244532
1650,2024-04-18 10:25:00,53.58,53.87,53.58,53.71,1187311
1651,2024-04-18 10:20:00,53.68,53.74,53.55,53.595,1002848
1652,2024-04-18 10:15:00,53.667,53.8,53.55,53.69,1228995
1653,2024-04-18 10:10:00,53.6,53.7,53.51,53.67,1199892
1654,2024-04-18 10:05:00,53.22,53.63,53.18,53.605,1430989
1655,2024-04-18 10:00:00,53.32,53.38,53.06,53.22,1234765
1656,2024-04-18 09:55:00,53.254,53.48,53.2,53.315,1289042
1657,2024-04-18 09:50:00,53.54,53.65,53.215,53.26,1436996
1658,2024-04-18 09:45:00,53.17,53.54,53.13,53.52,1947394
1659,2024-04-18 09:40:00,52.89,53.215,52.85,53.18,1932975
1660,2024-04-18 09:35:00,53.52,53.6,52.78,52.88,3026086
1661,2024-04-18 09:30:00,53.89,53.94,53.45,53.53,2084848
1662,2024-04-18 09:25:00,53.93,53.99,53.86,53.89,72085
1663,2024-04-18 09:20:00,53.98,54.08,53.93,53.94,61872
1664,2024-04-18 09:15:00,54.05,54.07,53.89,53.97,70087
1665,2024-04-18 09:10:00,54.02,54.08,53.97,54.06,76464
1666,2024-04-18 09:05:00,54.05,54.1,53.97,54.0,70148
1667,2024-04-18 09:00:00,53.98,54.08,53.91,54.05,108244
1668,2024-04-18 08:55:00,54.03,54.06,53.91,53.97,105709
1669,2024-04-18 08:50:00,54.05,54.11,54.01,54.04,115006
1670,2024-04-18 08:45:00,54.0,54.12,53.81,54.049,199984
1671,2024-04-18 08:40:00,54.1,54.16,53.95,54.02,96586
1672,2024-04-18 08:35:00,53.99,54.2,53.97,54.1,117249
1673,2024-04-18 08:30:00,54.03,54.19,53.86,54.0,213354
1674,2024-04-18 08:25:00,54.0,54.1,53.99,54.04,106368
1675,2024-04-18 08:20:00,54.06,54.11,53.98,54.01,89513
1676,2024-04-18 08:15:00,54.09,54.1,54.03,54.05,42629
1677,2024-04-18 08:10:00,54.13,54.14,54.04,54.09,63016
1678,2024-04-18 08:05:00,54.57,54.79,54.1,54.13,181996
1679,2024-04-18 08:00:00,54.23,54.8,53.939,54.57,452445
1680,2024-04-18 07:55:00,54.25,54.28,54.21,54.22,73150
1681,2024-04-18 07:50:00,54.25,54.28,54.2,54.25,15330
1682,2024-04-18 07:45:00,54.29,54.36,54.24,54.25,48110
1683,2024-04-18 07:40:00,54.23,54.32,54.2,54.3,19963
1684,2024-04-18 07:35:00,54.32,54.35,54.21,54.249,18870
1685,2024-04-18 07:30:00,54.22,54.34,54.21,54.33,60777
1686,2024-04-18 07:25:00,54.2,54.26,54.2,54.22,20667
1687,2024-04-18 07:20:00,54.18,54.27,54.18,54.2,30449
1688,2024-04-18 07:15:00,54.15,54.19,54.11,54.18,20532
1689,2024-04-18 07:10:00,54.3,54.3,54.1,54.17,28718
1690,2024-04-18 07:05:00,54.27,54.35,54.24,54.31,31190
1691,2024-04-18 07:00:00,54.23,54.28,54.19,54.26,37893
1692,2024-04-18 06:55:00,54.23,54.25,54.2,54.21,7395
1693,2024-04-18 06:50:00,54.25,54.3,54.22,54.23,5520
1694,2024-04-18 06:45:00,54.27,54.33,54.25,54.25,10091
1695,2024-04-18 06:40:00,54.28,54.3,54.22,54.25,6721
1696,2024-04-18 06:35:00,54.26,54.3,54.22,54.29,10679
1697,2024-04-18 06:30:00,54.23,54.32,54.21,54.26,12544
1698,2024-04-18 06:25:00,54.22,54.25,54.17,54.23,24394
1699,2024-04-18 06:20:00,54.05,54.22,54.04,54.21,11309
1700,2024-04-18 06:15:00,54.11,54.11,54.0,54.05,32167
1701,2024-04-18 06:10:00,54.22,54.22,54.05,54.12,33339
1702,2024-04-18 06:05:00,54.23,54.26,54.21,54.22,15844
1703,2024-04-18 06:00:00,54.24,54.25,54.19,54.23,8333
1704,2024-04-18 05:55:00,54.2,54.23,54.15,54.22,7671
1705,2024-04-18 05:50:00,54.14,54.24,54.13,54.2,8851
1706,2024-04-18 05:45:00,54.17,54.19,54.11,54.15,19524
1707,2024-04-18 05:40:00,54.12,54.19,54.1,54.17,12584
1708,2024-04-18 05:35:00,54.05,54.15,54.0,54.12,25501
1709,2024-04-18 05:30:00,53.99,54.08,53.93,54.06,25754
1710,2024-04-18 05:25:00,54.2,54.22,53.97,54.02,42411
1711,2024-04-18 05:20:00,54.29,54.3,54.16,54.22,49995
1712,2024-04-18 05:15:00,54.4,54.4,54.29,54.29,20700
1713,2024-04-18 05:10:00,54.39,54.44,54.36,54.41,8906
1714,2024-04-18 05:05:00,54.42,54.43,54.36,54.39,4987
1715,2024-04-18 05:00:00,54.37,54.42,54.32,54.42,13997
1716,2024-04-18 04:55:00,54.37,54.37,54.29,54.36,12260
1717,2024-04-18 04:50:00,54.41,54.45,54.37,54.38,6313
1718,2024-04-18 04:45:00,54.35,54.43,54.32,54.42,7388
1719,2024-04-18 04:40:00,54.34,54.38,54.32,54.33,13932
1720,2024-04-18 04:35:00,54.43,54.44,54.33,54.34,10620
1721,2024-04-18 04:30:00,54.43,54.46,54.39,54.41,13712
1722,2024-04-18 04:25:00,54.32,54.42,54.32,54.41,19700
1723,2024-04-18 04:20:00,54.37,54.37,54.23,54.31,20500
1724,2024-04-18 04:15:00,54.44,54.45,54.3,54.38,29419
1725,2024-04-18 04:10:00,54.5,54.51,54.36,54.41,20244
1726,2024-04-18 04:05:00,54.52,54.59,54.47,54.47,34009
1727,2024-04-18 04:00:00,54.59,54.7,54.42,54.51,123921
1728,2024-04-17 19:55:00,53.98,54.02,53.97,54.0,21344
1729,2024-04-17 19:50:00,53.97,54.01,53.97,53.99,32354
1730,2024-04-17 19:45:00,53.97,53.99,53.94,53.97,13089
1731,2024-04-17 19:40:00,53.96,54.0,53.95,53.97,7745
1732,2024-04-17 19:35:00,53.96,53.96,53.93,53.96,16883
1733,2024-04-17 19:30:00,53.94,53.96,53.93,53.95,9745
1734,2024-04-17 19:25:00,53.92,53.94,53.91,53.93,12575
1735,2024-04-17 19:20:00,53.96,53.96,53.88,53.91,56248
1736,2024-04-17 19:15:00,53.96,53.97,53.94,53.96,5368
1737,2024-04-17 19:10:00,54.0,54.0,53.96,53.96,20121
1738,2024-04-17 19:05:00,53.99,54.02,53.97,53.99,7486
1739,2024-04-17 19:00:00,53.95,54.01,53.92,53.99,20465
1740,2024-04-17 18:55:00,53.94,53.95,53.93,53.95,6685
1741,2024-04-17 18:50:00,53.94,53.95,53.9,53.93,23070
1742,2024-04-17 18:45:00,53.97,53.97,53.94,53.94,7635
1743,2024-04-17 18:40:00,53.95,53.98,53.94,53.95,4388
1744,2024-04-17 18:35:00,53.95,53.97,53.91,53.95,8907
1745,2024-04-17 18:30:00,53.95,53.97,53.94,53.95,12992
1746,2024-04-17 18:25:00,53.969,53.97,53.94,53.95,5370
1747,2024-04-17 18:20:00,53.95,53.99,53.94,53.97,15992
1748,2024-04-17 18:15:00,53.94,53.95,53.91,53.95,9030
1749,2024-04-17 18:10:00,53.96,53.97,53.94,53.94,8969
1750,2024-04-17 18:05:00,53.94,53.97,53.91,53.97,19815
1751,2024-04-17 18:00:00,53.86,53.98,53.86,53.94,38611
1752,2024-04-17 17:55:00,53.86,53.88,53.85,53.86,7501
1753,2024-04-17 17:50:00,53.89,53.9,53.85,53.85,38349
1754,2024-04-17 17:45:00,53.88,53.9,53.87,53.89,8238
1755,2024-04-17 17:40:00,53.88,53.89,53.86,53.87,14054
1756,2024-04-17 17:35:00,53.88,53.9,53.86,53.88,12072
1757,2024-04-17 17:30:00,53.84,53.9,53.83,53.86,16077
1758,2024-04-17 17:25:00,53.83,53.84,53.82,53.84,13344
1759,2024-04-17 17:20:00,53.82,53.83,53.8,53.83,9783
1760,2024-04-17 17:15:00,53.83,53.84,53.8,53.82,20718
1761,2024-04-17 17:10:00,53.814,53.83,53.8,53.83,4863
1762,2024-04-17 17:05:00,53.82,53.82,53.8,53.81,16834
1763,2024-04-17 17:00:00,53.81,53.82,53.8,53.82,7453
1764,2024-04-17 16:55:00,53.8,53.81,53.78,53.81,76048
1765,2024-04-17 16:50:00,53.79,53.8,53.78,53.8,8876
1766,2024-04-17 16:45:00,53.79,53.82,53.77,53.78,34607
1767,2024-04-17 16:40:00,53.83,53.83,53.77,53.8,29455
1768,2024-04-17 16:35:00,53.82,53.84,53.8,53.81,39008
1769,2024-04-17 16:30:00,53.81,53.83,53.78,53.82,55880
1770,2024-04-17 16:25:00,53.789,53.82,53.77,53.81,61761
1771,2024-04-17 16:20:00,53.76,53.8,53.74,53.78,98383
1772,2024-04-17 16:15:00,53.71,53.8,53.7,53.755,203435
1773,2024-04-17 16:10:00,53.79,53.81,53.72,53.78,121068
1774,2024-04-17 16:05:00,53.811,53.84,53.65,53.79,144861
1775,2024-04-17 16:00:00,53.7,53.84,53.56,53.81,768930
1776,2024-04-17 15:55:00,54.13,54.148,53.66,53.7,2117290
1777,2024-04-17 15:50:00,54.18,54.23,53.925,54.14,1821832
1778,2024-04-17 15:45:00,54.01,54.252,53.915,54.185,1227190
1779,2024-04-17 15:40:00,53.78,54.045,53.65,54.01,1127602
1780,2024-04-17 15:35:00,53.89,53.925,53.68,53.777,730007
1781,2024-04-17 15:30:00,53.72,53.95,53.67,53.9,1081558
1782,2024-04-17 15:25:00,53.86,53.95,53.67,53.72,678334
1783,2024-04-17 15:20:00,54.02,54.105,53.814,53.865,685907
1784,2024-04-17 15:15:00,53.77,54.14,53.76,54.015,990526
1785,2024-04-17 15:10:00,53.9,53.99,53.71,53.778,882844
1786,2024-04-17 15:05:00,53.88,53.995,53.79,53.9,980157
1787,2024-04-17 15:00:00,54.165,54.165,53.865,53.88,1196455
1788,2024-04-17 14:55:00,54.19,54.309,54.05,54.17,1251054
1789,2024-04-17 14:50:00,54.65,54.76,54.14,54.2,1368233
1790,2024-04-17 14:45:00,54.975,55.03,54.61,54.646,1628848
1791,2024-04-17 14:40:00,54.22,54.98,54.21,54.97,1851284
1792,2024-04-17 14:35:00,54.17,54.275,54.0,54.21,654118
1793,2024-04-17 14:30:00,54.23,54.29,54.13,54.17,516500
1794,2024-04-17 14:25:00,54.23,54.445,54.158,54.23,540344
1795,2024-04-17 14:20:00,54.29,54.3,54.13,54.23,477643
1796,2024-04-17 14:15:00,54.28,54.399,54.07,54.3,737103
1797,2024-04-17 14:10:00,54.43,54.44,54.2,54.27,756402
1798,2024-04-17 14:05:00,54.47,54.52,54.36,54.43,494012
1799,2024-04-17 14:00:00,54.52,54.535,54.36,54.48,474880
1800,2024-04-17 13:55:00,54.41,54.57,54.395,54.51,671681
1801,2024-04-17 13:50:00,54.35,54.49,54.14,54.42,753983
1802,2024-04-17 13:45:00,54.27,54.34,54.05,54.34,647036
1803,2024-04-17 13:40:00,54.34,54.425,54.125,54.28,844046
1804,2024-04-17 13:35:00,54.255,54.46,54.244,54.33,752097
1805,2024-04-17 13:30:00,54.254,54.34,54.2,54.25,987997
1806,2024-04-17 13:25:00,54.07,54.26,53.99,54.26,728479
1807,2024-04-17 13:20:00,54.1,54.24,54.013,54.07,760397
1808,2024-04-17 13:15:00,53.99,54.23,53.935,54.1,1256970
1809,2024-04-17 13:10:00,54.02,54.07,53.87,53.987,689691
1810,2024-04-17 13:05:00,53.81,54.07,53.753,54.023,1272647
1811,2024-04-17 13:00:00,53.6,53.86,53.535,53.815,1184677
1812,2024-04-17 12:55:00,53.69,53.695,53.5,53.59,1061535
1813,2024-04-17 12:50:00,53.69,53.74,53.59,53.69,1133560
1814,2024-04-17 12:45:00,53.49,53.705,53.35,53.68,1672058
1815,2024-04-17 12:40:00,53.77,53.87,53.47,53.48,1376970
1816,2024-04-17 12:35:00,53.9,53.92,53.75,53.77,927117
1817,2024-04-17 12:30:00,53.95,54.02,53.81,53.9,676510
1818,2024-04-17 12:25:00,53.89,54.1,53.875,53.95,627511
1819,2024-04-17 12:20:00,54.075,54.23,53.86,53.89,1380714
1820,2024-04-17 12:15:00,54.223,54.28,54.05,54.06,608358
1821,2024-04-17 12:10:00,54.02,54.3,54.02,54.225,1410464
1822,2024-04-17 12:05:00,54.2,54.23,53.92,54.005,1786186
1823,2024-04-17 12:00:00,54.565,54.59,54.18,54.195,1365804
1824,2024-04-17 11:55:00,54.574,54.68,54.52,54.57,427663
1825,2024-04-17 11:50:00,54.47,54.63,54.45,54.58,574421
1826,2024-04-17 11:45:00,54.62,54.67,54.38,54.462,653155
1827,2024-04-17 11:40:00,54.46,54.68,54.46,54.63,837831
1828,2024-04-17 11:35:00,54.44,54.552,54.39,54.46,840177
1829,2024-04-17 11:30:00,54.75,54.805,54.37,54.44,2289180
1830,2024-04-17 11:25:00,54.99,55.11,54.75,54.75,712979
1831,2024-04-17 11:20:00,54.89,55.095,54.83,54.99,870359
1832,2024-04-17 11:15:00,55.05,55.185,54.87,54.89,872835
1833,2024-04-17 11:10:00,55.23,55.28,54.98,55.06,716688
1834,2024-04-17 11:05:00,55.505,55.505,55.09,55.221,924723
1835,2024-04-17 11:00:00,55.08,55.536,55.06,55.5,1120787
1836,2024-04-17 10:55:00,54.82,55.13,54.82,55.08,1325195
1837,2024-04-17 10:50:00,55.57,55.575,54.73,54.825,2322700
1838,2024-04-17 10:45:00,55.38,55.619,55.3,55.58,591786
1839,2024-04-17 10:40:00,55.325,55.47,55.26,55.38,444905
1840,2024-04-17 10:35:00,55.38,55.49,55.22,55.32,548322
1841,2024-04-17 10:30:00,55.54,55.6,55.375,55.392,740180
1842,2024-04-17 10:25:00,55.365,55.63,55.362,55.52,772501
1843,2024-04-17 10:20:00,55.425,55.47,55.145,55.36,891296
1844,2024-04-17 10:15:00,55.39,55.505,55.29,55.413,685325
1845,2024-04-17 10:10:00,55.58,55.62,55.24,55.39,1052294
1846,2024-04-17 10:05:00,55.5,55.74,55.47,55.59,837990
1847,2024-04-17 10:00:00,55.93,55.94,55.44,55.5,1133558
1848,2024-04-17 09:55:00,55.945,56.03,55.755,55.92,856462
1849,2024-04-17 09:50:00,56.04,56.13,55.82,55.944,1209212
1850,2024-04-17 09:45:00,56.31,56.39,56.03,56.05,852517
1851,2024-04-17 09:40:00,56.34,56.38,56.11,56.303,863644
1852,2024-04-17 09:35:00,56.26,56.52,56.13,56.33,1141029
1853,2024-04-17 09:30:00,56.54,56.55,56.23,56.253,1912784
1854,2024-04-17 09:25:00,56.56,56.62,56.47,56.53,98284
1855,2024-04-17 09:20:00,56.54,56.58,56.51,56.57,58659
1856,2024-04-17 09:15:00,56.53,56.62,56.47,56.53,157725
1857,2024-04-17 09:10:00,56.31,56.55,56.3,56.54,154528
1858,2024-04-17 09:05:00,56.36,56.4,56.24,56.3,91493
1859,2024-04-17 09:00:00,56.27,56.36,56.22,56.36,76868
1860,2024-04-17 08:55:00,56.31,56.36,56.24,56.27,82669
1861,2024-04-17 08:50:00,56.26,56.33,56.24,56.31,63774
1862,2024-04-17 08:45:00,56.159,56.32,56.109,56.24,93787
1863,2024-04-17 08:40:00,56.18,56.21,56.1,56.155,34770
1864,2024-04-17 08:35:00,56.16,56.23,56.09,56.17,66523
1865,2024-04-17 08:30:00,56.06,56.16,56.03,56.14,47307
1866,2024-04-17 08:25:00,56.02,56.13,55.93,56.08,63223
1867,2024-04-17 08:20:00,56.26,56.28,56.01,56.018,52986
1868,2024-04-17 08:15:00,56.12,56.3,56.09,56.26,87731
1869,2024-04-17 08:10:00,56.04,56.12,55.96,56.12,84825
1870,2024-04-17 08:05:00,56.05,56.35,54.95,56.04,62195
1871,2024-04-17 08:00:00,56.2,56.381,54.9,55.68,543578
1872,2024-04-17 07:55:00,56.13,56.14,56.04,56.08,62490
1873,2024-04-17 07:50:00,56.22,56.23,56.1,56.12,57691
1874,2024-04-17 07:45:00,56.2,56.26,56.14,56.22,25554
1875,2024-04-17 07:40:00,56.15,56.22,56.12,56.21,36079
1876,2024-04-17 07:35:00,56.24,56.25,56.11,56.15,32381
1877,2024-04-17 07:30:00,56.24,56.29,56.14,56.24,27659
1878,2024-04-17 07:25:00,56.14,56.24,56.11,56.24,38789
1879,2024-04-17 07:20:00,56.19,56.2,56.11,56.14,44130
1880,2024-04-17 07:15:00,56.26,56.28,56.18,56.19,31947
1881,2024-04-17 07:10:00,56.3,56.33,56.25,56.25,24276
1882,2024-04-17 07:05:00,56.29,56.34,56.26,56.28,76137
1883,2024-04-17 07:00:00,56.2,56.29,56.18,56.29,41795
1884,2024-04-17 06:55:00,56.26,56.27,56.17,56.19,29484
1885,2024-04-17 06:50:00,56.38,56.38,56.23,56.25,21978
1886,2024-04-17 06:45:00,56.33,56.39,56.3,56.38,11885
1887,2024-04-17 06:40:00,56.3,56.37,56.27,56.34,18266
1888,2024-04-17 06:35:00,56.31,56.32,56.24,56.28,19018
1889,2024-04-17 06:30:00,56.29,56.36,56.29,56.31,19106
1890,2024-04-17 06:25:00,56.21,56.29,56.21,56.28,7137
1891,2024-04-17 06:20:00,56.3,56.3,56.14,56.22,16369
1892,2024-04-17 06:15:00,56.28,56.32,56.25,56.31,15459
1893,2024-04-17 06:10:00,56.27,56.3,56.25,56.27,9527
1894,2024-04-17 06:05:00,56.18,56.28,56.17,56.27,22701
1895,2024-04-17 06:00:00,56.27,56.29,56.15,56.19,22754
1896,2024-04-17 05:55:00,56.19,56.26,56.17,56.26,28967
1897,2024-04-17 05:50:00,56.08,56.18,56.06,56.18,15071
1898,2024-04-17 05:45:00,56.01,56.1,55.97,56.08,10517
1899,2024-04-17 05:40:00,56.0,56.02,55.97,56.01,7008
1900,2024-04-17 05:35:00,55.95,56.02,55.94,55.99,7191
1901,2024-04-17 05:30:00,55.98,56.05,55.93,55.95,9288
1902,2024-04-17 05:25:00,55.98,56.02,55.91,55.97,8557
1903,2024-04-17 05:20:00,55.91,55.99,55.89,55.99,6301
1904,2024-04-17 05:15:00,55.96,55.99,55.9,55.94,36167
1905,2024-04-17 05:10:00,56.05,56.07,55.96,55.96,28299
1906,2024-04-17 05:05:00,56.02,56.08,56.0,56.06,18807
1907,2024-04-17 05:00:00,56.1,56.1,55.84,56.02,68024
1908,2024-04-17 04:55:00,56.06,56.13,56.04,56.12,15329
1909,2024-04-17 04:50:00,56.14,56.14,56.04,56.06,76378
1910,2024-04-17 04:45:00,56.17,56.21,56.14,56.14,19166
1911,2024-04-17 04:40:00,56.07,56.19,56.07,56.18,25099
1912,2024-04-17 04:35:00,56.09,56.11,56.03,56.06,8530
1913,2024-04-17 04:30:00,55.95,56.11,55.91,56.1,18407
1914,2024-04-17 04:25:00,55.94,56.04,55.91,55.97,29229
1915,2024-04-17 04:20:00,55.83,55.95,55.79,55.94,40887
1916,2024-04-17 04:15:00,55.86,55.88,55.79,55.83,33552
1917,2024-04-17 04:10:00,55.68,55.86,55.67,55.84,21657
1918,2024-04-17 04:05:00,55.73,55.8,55.66,55.68,29559
1919,2024-04-17 04:00:00,55.78,55.98,55.69,55.73,92907
1920,2024-04-16 19:55:00,56.31,56.36,56.31,56.33,20722
1921,2024-04-16 19:50:00,56.29,56.33,56.28,56.31,17817
1922,2024-04-16 19:45:00,56.3,56.31,56.25,56.3,34072
1923,2024-04-16 19:40:00,56.24,56.33,56.24,56.31,35430
1924,2024-04-16 19:35:00,56.21,56.26,56.2,56.25,44437
1925,2024-04-16 19:30:00,56.16,56.22,56.16,56.22,19683
1926,2024-04-16 19:25:00,56.09,56.19,56.08,56.16,36487
1927,2024-04-16 19:20:00,56.07,56.1,56.05,56.1,28888
1928,2024-04-16 19:15:00,56.0,56.06,56.0,56.05,9238
1929,2024-04-16 19:10:00,56.02,56.02,56.0,56.01,23888
1930,2024-04-16 19:05:00,55.99,56.05,55.98,56.02,6974
1931,2024-04-16 19:00:00,56.06,56.06,55.98,55.99,4044
1932,2024-04-16 18:55:00,56.08,56.1,56.06,56.06,4647
1933,2024-04-16 18:50:00,56.07,56.09,56.07,56.09,16037
1934,2024-04-16 18:45:00,56.07,56.08,56.031,56.08,6901
1935,2024-04-16 18:40:00,56.07,56.09,56.05,56.07,27248
1936,2024-04-16 18:35:00,56.06,56.089,56.03,56.08,9713
1937,2024-04-16 18:30:00,56.02,56.07,56.0,56.07,15166
1938,2024-04-16 18:25:00,55.981,56.01,55.96,56.01,5991
1939,2024-04-16 18:20:00,55.97,56.0,55.97,55.99,7214
1940,2024-04-16 18:15:00,56.03,56.04,55.97,55.98,4203
1941,2024-04-16 18:10:00,56.06,56.06,55.99,56.03,9877
1942,2024-04-16 18:05:00,56.09,56.1,56.04,56.05,7391
1943,2024-04-16 18:00:00,56.0,56.13,55.99,56.1,42913
1944,2024-04-16 17:55:00,56.01,56.02,56.0,56.02,6268
1945,2024-04-16 17:50:00,56.0,56.02,56.0,56.01,4764
1946,2024-04-16 17:45:00,56.02,56.02,56.0,56.009,6765
1947,2024-04-16 17:40:00,55.98,56.02,55.96,56.02,34129
1948,2024-04-16 17:35:00,55.98,55.99,55.961,55.98,2308
1949,2024-04-16 17:30:00,55.98,55.99,55.96,55.99,3515
1950,2024-04-16 17:25:00,55.99,55.99,55.97,55.98,2761
1951,2024-04-16 17:20:00,55.99,56.0,55.98,55.99,5185
1952,2024-04-16 17:15:00,56.0,56.0,55.99,55.99,5593
1953,2024-04-16 17:10:00,55.98,56.0,55.98,56.0,11157
1954,2024-04-16 17:05:00,55.98,55.99,55.97,55.98,11535
1955,2024-04-16 17:00:00,55.94,55.97,55.94,55.97,15001
1956,2024-04-16 16:55:00,55.86,55.95,55.86,55.93,23844
1957,2024-04-16 16:50:00,55.89,55.9,55.85,55.87,12154
1958,2024-04-16 16:45:00,55.87,55.9,55.86,55.88,25753
1959,2024-04-16 16:40:00,55.88,55.88,55.85,55.87,13658
1960,2024-04-16 16:35:00,55.85,55.88,55.845,55.88,11386
1961,2024-04-16 16:30:00,55.81,55.87,55.81,55.85,29975
1962,2024-04-16 16:25:00,55.82,55.82,55.77,55.81,58750
1963,2024-04-16 16:20:00,55.78,55.84,55.78,55.84,18430
1964,2024-04-16 16:15:00,55.78,55.85,55.78,55.79,22671
1965,2024-04-16 16:10:00,55.76,56.17,55.34,55.8,57290
1966,2024-04-16 16:05:00,55.81,55.81,55.74,55.76,56805
1967,2024-04-16 16:00:00,55.78,56.845,55.73,55.81,361388
1968,2024-04-16 15:55:00,56.14,56.19,55.74,55.77,1689505
1969,2024-04-16 15:50:00,56.12,56.215,56.07,56.14,1542515
1970,2024-04-16 15:45:00,56.07,56.22,55.96,56.13,1060879
1971,2024-04-16 15:40:00,56.11,56.135,55.93,56.07,1081599
1972,2024-04-16 15:35:00,55.91,56.185,55.815,56.115,912774
1973,2024-04-16 15:30:00,56.41,56.41,55.89,55.91,883191
1974,2024-04-16 15:25:00,56.33,56.48,56.29,56.405,453256
1975,2024-04-16 15:20:00,56.33,56.4,56.21,56.35,533919
1976,2024-04-16 15:15:00,56.25,56.33,56.09,56.327,654699
1977,2024-04-16 15:10:00,56.286,56.378,56.23,56.26,562165
1978,2024-04-16 15:05:00,56.26,56.38,56.15,56.29,554467
1979,2024-04-16 15:00:00,56.46,56.51,56.2,56.26,938466
1980,2024-04-16 14:55:00,56.34,56.465,56.22,56.46,711399
1981,2024-04-16 14:50:00,55.985,56.4,55.98,56.33,998113
1982,2024-04-16 14:45:00,56.01,56.138,55.86,55.98,763112
1983,2024-04-16 14:40:00,55.96,56.1,55.87,56.01,765774
1984,2024-04-16 14:35:00,55.98,56.06,55.77,55.96,741576
1985,2024-04-16 14:30:00,55.59,56.005,55.571,55.965,1035888
1986,2024-04-16 14:25:00,55.66,55.945,55.49,55.59,1230708
1987,2024-04-16 14:20:00,55.86,55.94,55.48,55.66,1273060
1988,2024-04-16 14:15:00,56.19,56.245,55.81,55.855,1507851
1989,2024-04-16 14:10:00,56.72,56.81,56.17,56.19,1396586
1990,2024-04-16 14:05:00,56.03,56.75,55.97,56.721,1982624
1991,2024-04-16 14:00:00,55.89,56.06,55.705,56.03,748147
1992,2024-04-16 13:55:00,55.81,55.938,55.7,55.88,694327
1993,2024-04-16 13:50:00,55.66,55.95,55.42,55.81,1359374
1994,2024-04-16 13:45:00,55.92,56.085,55.64,55.65,1066729
1995,2024-04-16 13:40:00,55.86,56.16,55.859,55.92,1448821
1996,2024-04-16 13:35:00,55.66,56.12,55.65,55.86,2136442
1997,2024-04-16 13:30:00,55.99,56.05,55.24,55.67,3756789
1998,2024-04-16 13:25:00,56.22,56.26,55.91,55.98,885001
1999,2024-04-16 13:20:00,56.11,56.23,56.07,56.223,465411
2000,2024-04-16 13:15:00,56.12,56.195,56.02,56.12,442226
2001,2024-04-16 13:10:00,56.15,56.19,55.931,56.111,654711
2002,2024-04-16 13:05:00,55.912,56.205,55.87,56.142,628177
2003,2024-04-16 13:00:00,56.11,56.16,55.87,55.925,569604
2004,2024-04-16 12:55:00,56.11,56.18,55.98,56.1,483756
2005,2024-04-16 12:50:00,56.17,56.27,56.09,56.1,551160
2006,2024-04-16 12:45:00,55.96,56.19,55.96,56.175,427588
2007,2024-04-16 12:40:00,56.01,56.16,55.91,55.955,517297
2008,2024-04-16 12:35:00,55.99,56.05,55.91,56.01,402479
2009,2024-04-16 12:30:00,55.99,56.13,55.96,55.97,348707
2010,2024-04-16 12:25:00,56.06,56.205,55.95,55.994,461301
2011,2024-04-16 12:20:00,56.087,56.12,55.99,56.067,290230
2012,2024-04-16 12:15:00,56.069,56.15,56.02,56.07,412844
2013,2024-04-16 12:10:00,56.03,56.09,55.92,56.07,784731
2014,2024-04-16 12:05:00,55.75,56.065,55.704,56.02,725157
2015,2024-04-16 12:00:00,55.9,55.9,55.64,55.755,918991
2016,2024-04-16 11:55:00,56.3,56.32,55.86,55.899,892477
2017,2024-04-16 11:50:00,56.0,56.315,56.0,56.3,701297
2018,2024-04-16 11:45:00,56.025,56.095,55.89,56.01,467996
2019,2024-04-16 11:40:00,55.845,56.05,55.841,56.02,373889
2020,2024-04-16 11:35:00,56.01,56.02,55.84,55.845,485178
2021,2024-04-16 11:30:00,56.095,56.11,55.865,56.005,530423
2022,2024-04-16 11:25:00,56.07,56.165,56.03,56.1,710871
2023,2024-04-16 11:20:00,55.81,56.12,55.77,56.08,554971
2024,2024-04-16 11:15:00,55.81,56.0,55.751,55.82,489397
2025,2024-04-16 11:10:00,55.91,55.975,55.77,55.813,644140
2026,2024-04-16 11:05:00,55.768,55.99,55.72,55.913,812024
2027,2024-04-16 11:00:00,55.64,55.83,55.54,55.77,689317
2028,2024-04-16 10:55:00,55.75,55.82,55.6,55.64,570373
2029,2024-04-16 10:50:00,55.72,55.827,55.58,55.74,726110
2030,2024-04-16 10:45:00,55.64,55.836,55.64,55.72,782501
2031,2024-04-16 10:40:00,55.555,55.69,55.461,55.65,765558
2032,2024-04-16 10:35:00,55.65,55.727,55.37,55.552,1321260
2033,2024-04-16 10:30:00,55.6,55.79,55.56,55.645,1562739
2034,2024-04-16 10:25:00,55.87,55.97,55.59,55.595,1153719
2035,2024-04-16 10:20:00,56.115,56.22,55.791,55.86,1042973
2036,2024-04-16 10:15:00,56.11,56.29,55.955,56.11,1353936
2037,2024-04-16 10:10:00,56.01,56.14,55.86,56.125,866062
2038,2024-04-16 10:05:00,55.945,56.05,55.68,56.01,933769
2039,2024-04-16 10:00:00,55.97,56.04,55.8,55.945,1013220
2040,2024-04-16 09:55:00,55.685,56.095,55.64,55.975,1793337
2041,2024-04-16 09:50:00,55.55,55.76,55.543,55.69,1257622
2042,2024-04-16 09:45:00,55.54,55.645,55.264,55.55,1553501
2043,2024-04-16 09:40:00,55.64,55.76,55.425,55.54,1310466
2044,2024-04-16 09:35:00,55.81,55.87,55.38,55.633,1856845
2045,2024-04-16 09:30:00,55.69,55.84,55.5,55.815,2119733
2046,2024-04-16 09:25:00,55.76,55.799,55.68,55.7,142848
2047,2024-04-16 09:20:00,55.78,55.87,55.73,55.79,106219
2048,2024-04-16 09:15:00,55.89,55.95,55.75,55.78,76485
2049,2024-04-16 09:10:00,55.94,55.99,55.82,55.88,54310
2050,2024-04-16 09:05:00,55.87,55.96,55.82,55.94,57777
2051,2024-04-16 09:00:00,55.93,56.04,55.81,55.869,159084
2052,2024-04-16 08:55:00,56.04,56.1,55.91,55.94,72262
2053,2024-04-16 08:50:00,56.091,56.11,55.95,56.04,75422
2054,2024-04-16 08:45:00,56.12,56.15,56.02,56.08,58404
2055,2024-04-16 08:40:00,56.07,56.14,56.02,56.12,102081
2056,2024-04-16 08:35:00,55.96,56.11,55.93,56.075,117840
2057,2024-04-16 08:30:00,55.78,56.04,55.67,55.94,137794
2058,2024-04-16 08:25:00,55.73,55.78,55.67,55.78,67621
2059,2024-04-16 08:20:00,55.86,55.88,55.71,55.73,97336
2060,2024-04-16 08:15:00,55.89,55.95,55.82,55.86,54175
2061,2024-04-16 08:10:00,55.86,56.03,55.86,55.89,73903
2062,2024-04-16 08:05:00,55.48,55.96,55.29,55.86,193072
2063,2024-04-16 08:00:00,55.54,56.15,55.019,55.67,455464
2064,2024-04-16 07:55:00,56.14,56.15,56.06,56.06,98141
2065,2024-04-16 07:50:00,56.08,56.17,56.05,56.13,134067
2066,2024-04-16 07:45:00,55.93,56.1,55.9,56.1,109251
2067,2024-04-16 07:40:00,56.01,56.01,55.9,55.93,120684
2068,2024-04-16 07:35:00,55.91,56.09,55.87,56.01,354265
2069,2024-04-16 07:30:00,55.77,55.98,55.75,55.9,88766
2070,2024-04-16 07:25:00,55.77,55.86,55.76,55.77,56686
2071,2024-04-16 07:20:00,55.75,55.79,55.64,55.78,55028
2072,2024-04-16 07:15:00,55.89,55.9,55.75,55.75,90156
2073,2024-04-16 07:10:00,55.71,55.9,55.71,55.88,71275
2074,2024-04-16 07:05:00,55.73,55.78,55.7,55.71,69010
2075,2024-04-16 07:00:00,55.6,55.75,55.54,55.72,106634
2076,2024-04-16 06:55:00,55.55,55.61,55.52,55.58,18505
2077,2024-04-16 06:50:00,55.6,55.61,55.51,55.58,27894
2078,2024-04-16 06:45:00,55.54,55.62,55.53,55.58,25113
2079,2024-04-16 06:40:00,55.49,55.59,55.44,55.55,24839
2080,2024-04-16 06:35:00,55.44,55.54,55.42,55.49,34248
2081,2024-04-16 06:30:00,55.15,55.46,55.11,55.43,52860
2082,2024-04-16 06:25:00,55.15,55.18,54.99,55.16,67027
2083,2024-04-16 06:20:00,55.2,55.24,55.07,55.15,50247
2084,2024-04-16 06:15:00,55.25,55.3,55.21,55.21,26953
2085,2024-04-16 06:10:00,55.21,55.26,55.18,55.25,58932
2086,2024-04-16 06:05:00,55.4,55.41,55.21,55.21,50851
2087,2024-04-16 06:00:00,55.5,55.5,55.35,55.41,31580
2088,2024-04-16 05:55:00,55.37,55.53,55.34,55.48,60364
2089,2024-04-16 05:50:00,55.5,55.5,55.26,55.38,49703
2090,2024-04-16 05:45:00,55.57,55.59,55.49,55.49,14452
2091,2024-04-16 05:40:00,55.56,55.6,55.54,55.56,10360
2092,2024-04-16 05:35:00,55.5,55.59,55.5,55.57,30586
2093,2024-04-16 05:30:00,55.65,55.69,55.5,55.5,15666
2094,2024-04-16 05:25:00,55.48,55.7,55.48,55.63,31535
2095,2024-04-16 05:20:00,55.65,55.69,55.48,55.48,26524
2096,2024-04-16 05:15:00,55.67,55.69,55.63,55.65,11196
2097,2024-04-16 05:10:00,55.71,55.73,55.63,55.67,18618
2098,2024-04-16 05:05:00,55.7,55.77,55.69,55.72,8937
2099,2024-04-16 05:00:00,55.68,55.72,55.62,55.7,18374
2100,2024-04-16 04:55:00,55.66,55.77,55.62,55.69,20561
2101,2024-04-16 04:50:00,55.68,55.71,55.61,55.66,10736
2102,2024-04-16 04:45:00,55.62,55.72,55.61,55.7,20518
2103,2024-04-16 04:40:00,55.76,55.78,55.62,55.62,19593
2104,2024-04-16 04:35:00,55.7,55.79,55.69,55.76,38424
2105,2024-04-16 04:30:00,55.67,55.73,55.63,55.7,21718
2106,2024-04-16 04:25:00,55.61,55.74,55.61,55.66,12701
2107,2024-04-16 04:20:00,55.64,55.7,55.57,55.62,15425
2108,2024-04-16 04:15:00,55.8,55.8,55.65,55.65,23069
2109,2024-04-16 04:10:00,55.75,55.83,55.72,55.81,30035
2110,2024-04-16 04:05:00,55.78,55.78,55.64,55.74,40306
2111,2024-04-16 04:00:00,55.75,55.83,55.58,55.8,74363
2112,2024-04-15 19:55:00,55.73,55.75,55.68,55.7,33640
2113,2024-04-15 19:50:00,55.78,55.79,55.72,55.74,21141
2114,2024-04-15 19:45:00,55.74,55.79,55.73,55.79,38176
2115,2024-04-15 19:40:00,55.74,55.78,55.73,55.73,36242
2116,2024-04-15 19:35:00,55.71,55.75,55.69,55.74,17481
2117,2024-04-15 19:30:00,55.7,55.74,55.65,55.71,14775
2118,2024-04-15 19:25:00,55.68,55.71,55.67,55.7,11051
2119,2024-04-15 19:20:00,55.63,55.72,55.62,55.69,23801
2120,2024-04-15 19:15:00,55.729,55.729,55.49,55.64,113521
2121,2024-04-15 19:10:00,55.76,55.79,55.73,55.73,30447
2122,2024-04-15 19:05:00,55.74,55.76,55.7,55.75,15472
2123,2024-04-15 19:00:00,55.82,55.82,55.63,55.729,22644
2124,2024-04-15 18:55:00,55.81,55.82,55.79,55.81,15531
2125,2024-04-15 18:50:00,55.79,55.82,55.78,55.81,17816
2126,2024-04-15 18:45:00,55.79,55.85,55.78,55.8,14319
2127,2024-04-15 18:40:00,55.82,55.82,55.77,55.79,37325
2128,2024-04-15 18:35:00,55.85,55.86,55.81,55.82,12156
2129,2024-04-15 18:30:00,55.8,55.85,55.79,55.85,10413
2130,2024-04-15 18:25:00,55.86,55.87,55.8,55.81,32833
2131,2024-04-15 18:20:00,55.83,55.86,55.82,55.85,26877
2132,2024-04-15 18:15:00,55.87,55.88,55.79,55.83,19630
2133,2024-04-15 18:10:00,55.8,55.89,55.76,55.88,21719
2134,2024-04-15 18:05:00,55.77,55.82,55.77,55.8,33906
2135,2024-04-15 18:00:00,55.69,55.88,55.69,55.77,47489
2136,2024-04-15 17:55:00,55.64,55.7,55.61,55.68,17103
2137,2024-04-15 17:50:00,55.63,55.68,55.6,55.64,7641
2138,2024-04-15 17:45:00,55.58,55.67,55.58,55.64,10811
2139,2024-04-15 17:40:00,55.59,55.59,55.55,55.58,17517
2140,2024-04-15 17:35:00,55.6,55.6,55.56,55.59,18086
2141,2024-04-15 17:30:00,55.62,55.63,55.58,55.6,25147
2142,2024-04-15 17:25:00,55.68,55.68,55.6,55.62,47629
2143,2024-04-15 17:20:00,55.72,55.72,55.66,55.68,11227
2144,2024-04-15 17:15:00,55.73,55.74,55.55,55.71,20418
2145,2024-04-15 17:10:00,55.74,55.74,55.72,55.73,12577
2146,2024-04-15 17:05:00,55.75,55.76,55.73,55.74,16324
2147,2024-04-15 17:00:00,55.749,55.78,55.72,55.75,24897
2148,2024-04-15 16:55:00,55.65,55.82,55.64,55.75,71774
2149,2024-04-15 16:50:00,55.55,55.65,55.55,55.65,170117
2150,2024-04-15 16:45:00,55.53,55.56,55.505,55.55,71428
2151,2024-04-15 16:40:00,55.56,55.58,55.46,55.52,50048
2152,2024-04-15 16:35:00,55.63,55.64,55.55,55.56,37618
2153,2024-04-15 16:30:00,55.65,55.66,55.63,55.63,32122
2154,2024-04-15 16:25:00,55.65,58.565,55.62,55.64,27244
2155,2024-04-15 16:20:00,55.64,55.66,55.62,55.65,25325
2156,2024-04-15 16:15:00,55.77,55.77,55.62,55.63,51718
2157,2024-04-15 16:10:00,55.65,55.68,55.63,55.64,66440
2158,2024-04-15 16:05:00,55.659,55.68,55.63,55.65,124070
2159,2024-04-15 16:00:00,55.76,55.77,55.59,55.65,602834
2160,2024-04-15 15:55:00,55.88,55.98,55.71,55.75,1708168
2161,2024-04-15 15:50:00,56.01,56.015,55.79,55.88,1657664
2162,2024-04-15 15:45:00,55.72,56.05,55.67,56.025,1768653
2163,2024-04-15 15:40:00,55.9,55.92,55.7,55.72,916331
2164,2024-04-15 15:35:00,55.81,55.935,55.71,55.905,808734
2165,2024-04-15 15:30:00,55.61,55.91,55.57,55.8,1265014
2166,2024-04-15 15:25:00,55.8,55.855,55.6,55.607,677319
2167,2024-04-15 15:20:00,55.465,55.92,55.465,55.8,1186257
2168,2024-04-15 15:15:00,55.68,55.79,55.44,55.46,1350339
2169,2024-04-15 15:10:00,55.79,55.825,55.66,55.67,620898
2170,2024-04-15 15:05:00,55.66,55.785,55.58,55.78,934079
2171,2024-04-15 15:00:00,55.875,55.935,55.64,55.65,1065605
2172,2024-04-15 14:55:00,55.75,56.05,55.73,55.88,760796
2173,2024-04-15 14:50:00,55.905,55.95,55.69,55.73,977715
2174,2024-04-15 14:45:00,56.02,56.08,55.885,55.9,667965
2175,2024-04-15 14:40:00,56.105,56.245,55.99,56.02,699762
2176,2024-04-15 14:35:00,56.2,56.38,56.05,56.1,1432580
2177,2024-04-15 14:30:00,55.93,56.275,55.875,56.21,1148259
2178,2024-04-15 14:25:00,55.82,56.145,55.81,55.94,832987
2179,2024-04-15 14:20:00,55.93,56.04,55.73,55.81,862638
2180,2024-04-15 14:15:00,55.88,55.98,55.78,55.94,1004844
2181,2024-04-15 14:10:00,56.03,56.04,55.73,55.895,1642407
2182,2024-04-15 14:05:00,56.08,56.196,55.943,56.035,843462
2183,2024-04-15 14:00:00,56.235,56.25,55.92,56.07,989494
2184,2024-04-15 13:55:00,56.13,56.34,56.04,56.235,1215254
2185,2024-04-15 13:50:00,55.97,56.654,55.78,56.137,6470435
2186,2024-04-15 13:45:00,56.07,56.23,55.9,55.97,1044293
2187,2024-04-15 13:40:00,56.04,56.31,55.875,56.075,1818893
2188,2024-04-15 13:35:00,56.28,56.475,56.01,56.04,1863647
2189,2024-04-15 13:30:00,56.49,56.505,56.0,56.288,3470907
2190,2024-04-15 13:25:00,57.095,57.165,56.44,56.49,2967112
2191,2024-04-15 13:20:00,57.47,57.49,57.07,57.1,1661243
2192,2024-04-15 13:15:00,57.936,57.97,57.445,57.47,1493555
2193,2024-04-15 13:10:00,58.19,58.191,57.9,57.93,766227
2194,2024-04-15 13:05:00,58.04,58.245,58.03,58.185,706791
2195,2024-04-15 13:00:00,58.035,58.125,57.89,58.05,520653
2196,2024-04-15 12:55:00,57.997,58.06,57.9,58.035,488303
2197,2024-04-15 12:50:00,57.929,58.03,57.865,57.995,534337
2198,2024-04-15 12:45:00,57.86,58.015,57.78,57.93,718920
2199,2024-04-15 12:40:00,57.92,58.07,57.8,57.86,843652
2200,2024-04-15 12:35:00,58.08,58.13,57.84,57.91,1029673
2201,2024-04-15 12:30:00,58.28,58.29,57.995,58.085,1327305
2202,2024-04-15 12:25:00,58.28,58.36,58.19,58.28,942624
2203,2024-04-15 12:20:00,58.71,58.795,58.255,58.28,1226764
2204,2024-04-15 12:15:00,59.04,59.05,58.68,58.701,663240
2205,2024-04-15 12:10:00,59.12,59.17,59.0,59.045,381289
2206,2024-04-15 12:05:00,59.12,59.14,58.96,59.11,627547
2207,2024-04-15 12:00:00,59.01,59.15,58.95,59.12,442885
2208,2024-04-15 11:55:00,59.1,59.125,58.97,59.01,512314
2209,2024-04-15 11:50:00,58.74,59.1,58.71,59.096,684447
2210,2024-04-15 11:45:00,58.78,58.92,58.71,58.75,610139
2211,2024-04-15 11:40:00,58.98,59.04,58.74,58.78,706755
2212,2024-04-15 11:35:00,58.98,59.11,58.865,58.97,986101
2213,2024-04-15 11:30:00,58.85,58.99,58.79,58.98,857404
2214,2024-04-15 11:25:00,58.64,58.86,58.614,58.855,617186
2215,2024-04-15 11:20:00,58.665,58.7,58.5,58.64,575223
2216,2024-04-15 11:15:00,58.715,58.735,58.53,58.67,741951
2217,2024-04-15 11:10:00,58.68,58.876,58.675,58.71,618118
2218,2024-04-15 11:05:00,58.8,58.87,58.64,58.67,702582
2219,2024-04-15 11:00:00,58.63,58.87,58.54,58.8,1090467
2220,2024-04-15 10:55:00,58.71,58.86,58.62,58.63,747954
2221,2024-04-15 10:50:00,59.06,59.08,58.7,58.71,918773
2222,2024-04-15 10:45:00,59.0,59.105,58.8,59.05,1130528
2223,2024-04-15 10:40:00,58.93,59.13,58.84,59.01,1223068
2224,2024-04-15 10:35:00,59.08,59.24,58.78,58.92,1283063
2225,2024-04-15 10:30:00,59.18,59.37,59.07,59.09,985023
2226,2024-04-15 10:25:00,59.14,59.22,59.003,59.18,1054941
2227,2024-04-15 10:20:00,59.34,60.0,58.971,59.145,1318034
2228,2024-04-15 10:15:00,59.2,59.48,59.14,59.34,1296511
2229,2024-04-15 10:10:00,59.285,59.33,58.81,59.18,2337753
2230,2024-04-15 10:05:00,59.83,59.91,59.285,59.29,1472386
2231,2024-04-15 10:00:00,59.91,60.106,59.78,59.822,1274320
2232,2024-04-15 09:55:00,60.06,60.08,59.802,59.91,729397
2233,2024-04-15 09:50:00,59.86,60.1,59.83,60.055,1003693
2234,2024-04-15 09:45:00,59.94,60.01,59.635,59.86,1327799
2235,2024-04-15 09:40:00,59.78,59.99,59.772,59.932,1377167
2236,2024-04-15 09:35:00,59.56,59.793,59.48,59.76,1420405
2237,2024-04-15 09:30:00,60.2,60.23,59.545,59.56,2784975
2238,2024-04-15 09:25:00,60.23,60.27,60.14,60.19,309701
2239,2024-04-15 09:20:00,60.25,60.3,60.22,60.24,112215
2240,2024-04-15 09:15:00,60.28,60.33,60.25,60.26,110605
2241,2024-04-15 09:10:00,60.14,60.28,60.13,60.28,141044
2242,2024-04-15 09:05:00,60.2,60.27,60.14,60.15,128951
2243,2024-04-15 09:00:00,60.15,60.27,60.14,60.19,203249
2244,2024-04-15 08:55:00,60.11,60.19,60.06,60.15,120822
2245,2024-04-15 08:50:00,60.06,60.17,59.98,60.12,202889
2246,2024-04-15 08:45:00,60.08,60.15,60.04,60.07,109220
2247,2024-04-15 08:40:00,60.06,60.2,60.05,60.08,215394
2248,2024-04-15 08:35:00,59.96,60.29,59.93,60.06,332577
2249,2024-04-15 08:30:00,59.85,60.01,59.56,59.94,405722
2250,2024-04-15 08:25:00,59.851,59.91,59.85,59.87,165069
2251,2024-04-15 08:20:00,59.8,59.88,59.77,59.85,74723
2252,2024-04-15 08:15:00,59.75,59.89,59.73,59.8,85556
2253,2024-04-15 08:10:00,59.76,59.79,59.73,59.76,24858
2254,2024-04-15 08:05:00,59.73,59.81,59.14,59.76,129343
2255,2024-04-15 08:00:00,59.76,59.82,59.14,59.64,492203
2256,2024-04-15 07:55:00,59.7,59.76,59.67,59.751,41013
2257,2024-04-15 07:50:00,59.76,59.76,59.69,59.69,59637
2258,2024-04-15 07:45:00,59.8,59.8,59.71,59.75,40731
2259,2024-04-15 07:40:00,59.741,59.81,59.7,59.8,122744
2260,2024-04-15 07:35:00,59.66,59.76,59.66,59.74,96885
2261,2024-04-15 07:30:00,59.74,59.75,59.62,59.65,34792
2262,2024-04-15 07:25:00,59.64,59.79,59.64,59.73,102619
2263,2024-04-15 07:20:00,59.64,59.66,59.6,59.64,24526
2264,2024-04-15 07:15:00,59.63,59.68,59.6,59.64,28518
2265,2024-04-15 07:10:00,59.63,59.68,59.62,59.63,28417
2266,2024-04-15 07:05:00,59.58,59.69,59.5,59.64,69915
2267,2024-04-15 07:00:00,59.62,59.69,59.57,59.58,183200
2268,2024-04-15 06:55:00,59.66,59.7,59.62,59.62,11022
2269,2024-04-15 06:50:00,59.66,59.73,59.64,59.69,14618
2270,2024-04-15 06:45:00,59.62,59.67,59.61,59.65,13958
2271,2024-04-15 06:40:00,59.63,59.64,59.57,59.61,17156
2272,2024-04-15 06:35:00,59.62,59.63,59.58,59.62,18536
2273,2024-04-15 06:30:00,59.54,59.62,59.53,59.62,14830
2274,2024-04-15 06:25:00,59.56,59.62,59.53,59.53,11961
2275,2024-04-15 06:20:00,59.62,59.66,59.53,59.56,13574
2276,2024-04-15 06:15:00,59.6,59.68,59.6,59.62,16102
2277,2024-04-15 06:10:00,59.63,59.63,59.56,59.58,18346
2278,2024-04-15 06:05:00,59.59,59.66,59.59,59.63,13223
2279,2024-04-15 06:00:00,59.56,59.62,59.55,59.61,6206
2280,2024-04-15 05:55:00,59.53,59.57,59.53,59.56,14099
2281,2024-04-15 05:50:00,59.61,59.61,59.51,59.52,14558
2282,2024-04-15 05:45:00,59.66,59.67,59.61,59.64,4683
2283,2024-04-15 05:40:00,59.56,59.65,59.56,59.65,25859
2284,2024-04-15 05:35:00,59.5,59.57,59.47,59.56,30822
2285,2024-04-15 05:30:00,59.56,59.56,59.45,59.51,29979
2286,2024-04-15 05:25:00,59.54,59.6,59.51,59.54,31648
2287,2024-04-15 05:20:00,59.59,59.63,59.49,59.54,55470
2288,2024-04-15 05:15:00,59.63,59.67,59.58,59.6,76239
2289,2024-04-15 05:10:00,59.78,59.79,59.61,59.62,57642
2290,2024-04-15 05:05:00,59.76,59.79,59.72,59.78,34858
2291,2024-04-15 05:00:00,59.62,59.75,59.61,59.75,35178
2292,2024-04-15 04:55:00,59.68,59.72,59.6,59.62,20586
2293,2024-04-15 04:50:00,59.67,59.68,59.6,59.67,30166
2294,2024-04-15 04:45:00,59.63,59.69,59.58,59.67,32098
2295,2024-04-15 04:40:00,59.67,59.71,59.62,59.63,28827
2296,2024-04-15 04:35:00,59.61,59.7,59.6,59.66,40139
2297,2024-04-15 04:30:00,59.6,59.63,59.55,59.62,23843
2298,2024-04-15 04:25:00,59.63,59.63,59.52,59.59,57187
2299,2024-04-15 04:20:00,59.69,59.71,59.61,59.64,31910
2300,2024-04-15 04:15:00,59.64,59.69,59.61,59.69,38864
2301,2024-04-15 04:10:00,59.62,59.68,59.58,59.62,34567
2302,2024-04-15 04:05:00,59.6,59.66,59.58,59.63,60875
2303,2024-04-15 04:00:00,59.69,59.7,59.31,59.61,139214
2304,2024-04-12 19:55:00,58.37,58.41,58.35,58.39,42119
2305,2024-04-12 19:50:00,58.36,58.4,58.35,58.37,24702
2306,2024-04-12 19:45:00,58.36,58.36,58.35,58.36,8429
2307,2024-04-12 19:40:00,58.4,58.4,58.35,58.36,22245
2308,2024-04-12 19:35:00,58.42,58.42,58.36,58.4,14326
2309,2024-04-12 19:30:00,58.45,58.45,58.41,58.41,5356
2310,2024-04-12 19:25:00,58.43,58.46,58.43,58.45,6497
2311,2024-04-12 19:20:00,58.48,58.48,58.43,58.43,14451
2312,2024-04-12 19:15:00,58.49,58.5,58.47,58.48,4629
2313,2024-04-12 19:10:00,58.47,58.5,58.47,58.49,3981
2314,2024-04-12 19:05:00,58.5,58.51,58.485,58.5,3263
2315,2024-04-12 19:00:00,58.51,58.51,58.49,58.51,2055
2316,2024-04-12 18:55:00,58.5,58.51,58.49,58.51,3191
2317,2024-04-12 18:50:00,58.49,58.51,58.47,58.5,33872
2318,2024-04-12 18:45:00,58.48,58.5,58.48,58.48,7837
2319,2024-04-12 18:40:00,58.48,58.5,58.47,58.48,14795
2320,2024-04-12 18:35:00,58.47,58.49,58.45,58.48,9288
2321,2024-04-12 18:30:00,58.45,58.48,58.42,58.47,7884
2322,2024-04-12 18:25:00,58.48,58.49,58.44,58.45,20943
2323,2024-04-12 18:20:00,58.49,58.5,58.46,58.48,13063
2324,2024-04-12 18:15:00,58.49,58.5,58.48,58.49,6865
2325,2024-04-12 18:10:00,58.47,58.49,58.46,58.485,10462
2326,2024-04-12 18:05:00,58.5,58.5,58.46,58.47,7506
2327,2024-04-12 18:00:00,58.5,58.52,58.49,58.5,12126
2328,2024-04-12 17:55:00,58.54,58.54,58.5,58.51,11393
2329,2024-04-12 17:50:00,58.55,58.57,58.54,58.54,7200
2330,2024-04-12 17:45:00,58.54,58.56,58.52,58.56,8878
2331,2024-04-12 17:40:00,58.54,58.57,58.5,58.52,6235
2332,2024-04-12 17:35:00,58.59,58.6,58.53,58.56,10146
2333,2024-04-12 17:30:00,58.61,58.61,58.58,58.59,8034
2334,2024-04-12 17:25:00,58.6,58.61,58.58,58.61,5965
2335,2024-04-12 17:20:00,58.59,58.61,58.58,58.6,12688
2336,2024-04-12 17:15:00,58.649,58.649,58.58,58.59,25354
2337,2024-04-12 17:10:00,58.67,58.67,58.64,58.64,5527
2338,2024-04-12 17:05:00,58.67,58.7,58.66,58.67,22046
2339,2024-04-12 17:00:00,58.63,58.67,58.62,58.66,10789
2340,2024-04-12 16:55:00,58.63,58.72,58.59,58.63,76478
2341,2024-04-12 16:50:00,58.7,58.71,58.62,58.63,59789
2342,2024-04-12 16:45:00,58.8,58.81,58.69,58.7,49942
2343,2024-04-12 16:40:00,58.78,58.8,58.77,58.8,29711
2344,2024-04-12 16:35:00,58.77,58.78,58.76,58.78,7548
2345,2024-04-12 16:30:00,58.77,58.79,58.76,58.77,9764
2346,2024-04-12 16:25:00,58.78,58.79,58.76,58.77,20956
2347,2024-04-12 16:20:00,58.76,58.8,58.75,58.79,37830
2348,2024-04-12 16:15:00,58.72,58.8,58.72,58.76,55225
2349,2024-04-12 16:10:00,58.78,58.8,58.76,58.79,60751
2350,2024-04-12 16:05:00,58.82,58.83,58.75,58.79,64720
2351,2024-04-12 16:00:00,58.71,58.83,58.69,58.82,910260
2352,2024-04-12 15:55:00,58.61,58.73,58.535,58.72,1652548
2353,2024-04-12 15:50:00,58.81,58.88,58.462,58.61,1654880
2354,2024-04-12 15:45:00,58.7,58.84,58.68,58.805,1187764
2355,2024-04-12 15:40:00,58.275,58.7,58.275,58.7,1156051
2356,2024-04-12 15:35:00,58.455,58.495,58.26,58.28,700710
2357,2024-04-12 15:30:00,58.3,58.54,58.3,58.45,692502
2358,2024-04-12 15:25:00,58.39,58.465,58.28,58.3,645121
2359,2024-04-12 15:20:00,58.25,58.43,58.23,58.39,706839
2360,2024-04-12 15:15:00,58.22,58.36,58.135,58.26,842275
2361,2024-04-12 15:10:00,58.32,58.4,58.21,58.215,499214
2362,2024-04-12 15:05:00,58.38,58.455,58.24,58.31,825752
2363,2024-04-12 15:00:00,58.26,58.43,58.12,58.38,1116011
2364,2024-04-12 14:55:00,58.475,58.5,58.231,58.25,710686
2365,2024-04-12 14:50:00,58.31,58.54,58.3,58.48,543760
2366,2024-04-12 14:45:00,58.42,58.475,58.27,58.315,575623
2367,2024-04-12 14:40:00,58.337,58.58,58.275,58.412,907718
2368,2024-04-12 14:35:00,58.48,58.55,58.29,58.345,730874
2369,2024-04-12 14:30:00,58.61,58.625,58.38,58.49,600194
2370,2024-04-12 14:25:00,58.549,58.63,58.47,58.61,671102
2371,2024-04-12 14:20:00,58.69,58.77,58.52,58.535,473773
2372,2024-04-12 14:15:00,58.61,58.8,58.57,58.687,532802
2373,2024-04-12 14:10:00,58.7,58.795,58.59,58.605,522975
2374,2024-04-12 14:05:00,58.495,58.79,58.48,58.71,1138219
2375,2024-04-12 14:00:00,58.52,58.527,58.33,58.5,837506
2376,2024-04-12 13:55:00,58.6,58.73,58.51,58.535,569684
2377,2024-04-12 13:50:00,58.72,58.85,58.56,58.59,1012514
2378,2024-04-12 13:45:00,58.49,58.825,58.49,58.71,1010432
2379,2024-04-12 13:40:00,58.3,58.6,58.29,58.5,1067476
2380,2024-04-12 13:35:00,58.22,58.32,58.16,58.31,646200
2381,2024-04-12 13:30:00,58.3,58.3,58.16,58.23,699517
2382,2024-04-12 13:25:00,58.266,58.35,58.19,58.291,809794
2383,2024-04-12 13:20:00,58.52,58.53,58.254,58.26,937782
2384,2024-04-12 13:15:00,58.605,58.82,58.5,58.52,1128654
2385,2024-04-12 13:10:00,58.465,58.67,58.464,58.61,761361
2386,2024-04-12 13:05:00,58.47,58.6,58.37,58.47,865157
2387,2024-04-12 13:00:00,58.51,58.59,58.34,58.47,761907
2388,2024-04-12 12:55:00,58.55,58.62,58.5,58.505,624578
2389,2024-04-12 12:50:00,58.415,58.657,58.415,58.56,965298
2390,2024-04-12 12:45:00,58.48,58.59,58.4,58.411,864482
2391,2024-04-12 12:40:00,58.66,58.685,58.43,58.475,1137091
2392,2024-04-12 12:35:00,58.86,58.919,58.515,58.66,1426726
2393,2024-04-12 12:30:00,58.95,59.01,58.76,58.86,1293601
2394,2024-04-12 12:25:00,59.12,59.2,58.933,58.942,865301
2395,2024-04-12 12:20:00,58.945,59.16,58.94,59.11,1051505
2396,2024-04-12 12:15:00,59.23,59.31,58.924,58.94,1203680
2397,2024-04-12 12:10:00,59.4,59.43,59.22,59.23,943124
2398,2024-04-12 12:05:00,59.41,59.595,59.39,59.394,512206
2399,2024-04-12 12:00:00,59.49,59.52,59.32,59.41,816998
2400,2024-04-12 11:55:00,59.54,59.6,59.46,59.485,404891
2401,2024-04-12 11:50:00,59.77,59.8,59.48,59.538,828149
2402,2024-04-12 11:45:00,59.6,59.82,59.54,59.765,832820
2403,2024-04-12 11:40:00,59.59,59.63,59.44,59.605,706267
2404,2024-04-12 11:35:00,59.72,59.84,59.56,59.588,995380
2405,2024-04-12 11:30:00,59.57,59.73,59.48,59.72,843975
2406,2024-04-12 11:25:00,59.33,59.57,59.275,59.56,768667
2407,2024-04-12 11:20:00,59.355,59.46,59.23,59.33,878485
2408,2024-04-12 11:15:00,59.12,59.4,59.085,59.35,1112026
2409,2024-04-12 11:10:00,59.03,59.16,58.95,59.115,802609
2410,2024-04-12 11:05:00,59.145,59.18,59.02,59.03,811047
2411,2024-04-12 11:00:00,58.915,59.188,58.87,59.14,1251142
2412,2024-04-12 10:55:00,59.09,59.17,58.87,58.91,1345699
2413,2024-04-12 10:50:00,59.09,59.12,58.91,59.09,1363929
2414,2024-04-12 10:45:00,59.21,59.25,59.07,59.11,708594
2415,2024-04-12 10:40:00,59.245,59.31,59.06,59.21,1136606
2416,2024-04-12 10:35:00,59.53,59.62,59.153,59.255,1584272
2417,2024-04-12 10:30:00,59.67,59.799,59.49,59.52,1011011
2418,2024-04-12 10:25:00,59.85,59.89,59.65,59.67,632234
2419,2024-04-12 10:20:00,59.915,60.015,59.84,59.852,743066
2420,2024-04-12 10:15:00,59.83,59.995,59.51,59.92,1430190
2421,2024-04-12 10:10:00,59.7,59.899,59.63,59.835,962996
2422,2024-04-12 10:05:00,59.93,60.01,59.58,59.69,2004233
2423,2024-04-12 10:00:00,60.31,60.34,59.81,59.93,1899082
2424,2024-04-12 09:55:00,60.25,60.35,60.11,60.3,1013297
2425,2024-04-12 09:50:00,60.03,60.27,60.03,60.25,1091538
2426,2024-04-12 09:45:00,60.09,60.26,60.015,60.035,1710540
2427,2024-04-12 09:40:00,59.985,60.115,59.88,60.08,1305452
2428,2024-04-12 09:35:00,59.96,60.08,59.871,59.98,1432738
2429,2024-04-12 09:30:00,59.88,60.185,59.72,59.96,3812139
2430,2024-04-12 09:25:00,59.81,59.91,59.68,59.88,258611
2431,2024-04-12 09:20:00,60.0,60.06,59.79,59.81,178117
2432,2024-04-12 09:15:00,59.99,60.06,59.94,59.99,178832
2433,2024-04-12 09:10:00,59.94,60.01,59.87,60.0,382762
2434,2024-04-12 09:05:00,59.93,59.99,59.84,59.95,358155
2435,2024-04-12 09:00:00,60.1,60.1,59.78,59.92,411609
2436,2024-04-12 08:55:00,60.239,60.25,60.05,60.1,199643
2437,2024-04-12 08:50:00,60.25,60.29,60.19,60.23,124402
2438,2024-04-12 08:45:00,60.15,60.3,60.1,60.26,168115
2439,2024-04-12 08:40:00,60.58,60.61,60.13,60.14,237486
2440,2024-04-12 08:35:00,60.86,60.9,60.55,60.57,162077
2441,2024-04-12 08:30:00,60.89,60.9,60.72,60.85,133981
2442,2024-04-12 08:25:00,60.83,60.94,60.82,60.9,49053
2443,2024-04-12 08:20:00,60.96,61.0,60.81,60.83,70634
2444,2024-04-12 08:15:00,60.96,61.03,60.95,61.0,28228
2445,2024-04-12 08:10:00,60.98,61.04,60.91,60.98,50827
2446,2024-04-12 08:05:00,61.14,61.92,60.98,60.99,97832
2447,2024-04-12 08:00:00,60.74,61.93,60.529,61.92,406308
2448,2024-04-12 07:55:00,61.0,61.04,60.97,61.03,44690
2449,2024-04-12 07:50:00,61.14,61.18,60.97,61.0,62286
2450,2024-04-12 07:45:00,60.94,61.15,60.9,61.14,143342
2451,2024-04-12 07:40:00,60.88,60.94,60.82,60.93,34867
2452,2024-04-12 07:35:00,60.84,60.93,60.82,60.88,39466
2453,2024-04-12 07:30:00,60.8,60.87,60.77,60.83,64786
2454,2024-04-12 07:25:00,60.74,60.8,60.7,60.8,20951
2455,2024-04-12 07:20:00,60.7,60.75,60.67,60.75,25730
2456,2024-04-12 07:15:00,60.71,60.77,60.67,60.7,38604
2457,2024-04-12 07:10:00,60.69,60.8,60.67,60.7,41632
2458,2024-04-12 07:05:00,60.82,60.84,60.67,60.69,103725
2459,2024-04-12 07:00:00,60.74,60.85,60.68,60.82,125876
2460,2024-04-12 06:55:00,60.73,60.78,60.54,60.74,43259
2461,2024-04-12 06:50:00,60.85,60.85,60.51,60.71,57464
2462,2024-04-12 06:45:00,60.99,61.01,60.78,60.86,51615
2463,2024-04-12 06:40:00,60.99,61.02,60.98,61.01,6842
2464,2024-04-12 06:35:00,61.04,61.08,60.98,60.99,16732
2465,2024-04-12 06:30:00,61.07,61.09,61.03,61.06,8837
2466,2024-04-12 06:25:00,61.06,61.11,61.03,61.07,12994
2467,2024-04-12 06:20:00,61.12,61.14,61.04,61.04,8772
2468,2024-04-12 06:15:00,61.08,61.15,61.06,61.11,5339
2469,2024-04-12 06:10:00,61.04,61.09,61.04,61.08,6699
2470,2024-04-12 06:05:00,61.03,61.08,61.0,61.05,7297
2471,2024-04-12 06:00:00,61.15,61.16,60.97,61.03,39995
2472,2024-04-12 05:55:00,61.15,61.17,61.11,61.15,14715
2473,2024-04-12 05:50:00,61.08,61.18,61.08,61.16,17168
2474,2024-04-12 05:45:00,61.1,61.12,61.01,61.07,18689
2475,2024-04-12 05:40:00,61.22,61.22,61.1,61.14,17718
2476,2024-04-12 05:35:00,61.15,61.23,61.12,61.23,10837
2477,2024-04-12 05:30:00,61.11,61.17,61.07,61.15,20094
2478,2024-04-12 05:25:00,61.19,61.19,61.06,61.12,17378
2479,2024-04-12 05:20:00,61.18,61.22,61.16,61.2,15852
2480,2024-04-12 05:15:00,61.24,61.28,61.16,61.18,29036
2481,2024-04-12 05:10:00,61.18,61.29,61.18,61.26,23728
2482,2024-04-12 05:05:00,61.35,61.35,61.18,61.18,19379
2483,2024-04-12 05:00:00,61.33,61.35,61.28,61.35,21444
2484,2024-04-12 04:55:00,61.44,61.5,61.33,61.33,19072
2485,2024-04-12 04:50:00,61.52,61.58,61.42,61.46,21393
2486,2024-04-12 04:45:00,61.48,61.54,61.47,61.54,11709
2487,2024-04-12 04:40:00,61.61,61.63,61.48,61.48,11664
2488,2024-04-12 04:35:00,61.61,61.61,61.55,61.61,6298
2489,2024-04-12 04:30:00,61.68,61.68,61.56,61.6,14653
2490,2024-04-12 04:25:00,61.67,61.71,61.65,61.67,7368
2491,2024-04-12 04:20:00,61.63,61.66,61.57,61.66,15253
2492,2024-04-12 04:15:00,61.48,61.66,61.47,61.63,9243
2493,2024-04-12 04:10:00,61.54,61.54,61.46,61.48,14132
2494,2024-04-12 04:05:00,61.57,61.58,61.47,61.54,24488
2495,2024-04-12 04:00:00,61.56,61.78,61.52,61.57,29964
2496,2024-04-11 19:55:00,61.7,61.77,61.7,61.76,16837
2497,2024-04-11 19:50:00,61.7,61.72,61.67,61.71,14350
2498,2024-04-11 19:45:00,61.8,61.81,61.61,61.69,25616
2499,2024-04-11 19:40:00,61.79,61.8,61.78,61.8,26044
2500,2024-04-11 19:35:00,61.799,61.82,61.79,61.79,10740
2501,2024-04-11 19:30:00,61.8,61.81,61.77,61.8,6713
2502,2024-04-11 19:25:00,61.82,61.84,61.8,61.8,9077
2503,2024-04-11 19:20:00,61.82,61.83,61.81,61.82,8358
2504,2024-04-11 19:15:00,61.81,61.84,61.8,61.82,4858
2505,2024-04-11 19:10:00,61.81,61.84,61.8,61.81,6976
2506,2024-04-11 19:05:00,61.81,61.82,61.79,61.8,3134
2507,2024-04-11 19:00:00,61.8,61.85,61.8,61.82,9216
2508,2024-04-11 18:55:00,61.8,61.8,61.78,61.8,5598
2509,2024-04-11 18:50:00,61.8,61.81,61.79,61.8,6073
2510,2024-04-11 18:45:00,61.8,61.8,61.78,61.79,11696
2511,2024-04-11 18:40:00,61.77,61.8,61.751,61.791,16217
2512,2024-04-11 18:35:00,61.76,61.77,61.74,61.77,19443
2513,2024-04-11 18:30:00,61.78,61.78,61.751,61.76,7107
2514,2024-04-11 18:25:00,61.81,61.81,61.77,61.8,12906
2515,2024-04-11 18:20:00,61.79,61.865,61.79,61.81,50561
2516,2024-04-11 18:15:00,61.76,61.79,61.75,61.79,14550
2517,2024-04-11 18:10:00,61.75,61.8,61.74,61.76,24264
2518,2024-04-11 18:05:00,61.68,61.75,61.67,61.75,28726
2519,2024-04-11 18:00:00,61.63,61.69,61.63,61.68,16300
2520,2024-04-11 17:55:00,61.62,61.67,61.6,61.6,9080
2521,2024-04-11 17:50:00,61.61,61.65,61.6,61.62,11318
2522,2024-04-11 17:45:00,61.62,61.64,61.6,61.61,12515
2523,2024-04-11 17:40:00,61.61,61.64,61.6,61.62,19823
2524,2024-04-11 17:35:00,61.64,61.64,61.61,61.62,10792
2525,2024-04-11 17:30:00,61.62,61.65,61.62,61.63,8465
2526,2024-04-11 17:25:00,61.62,61.63,61.62,61.62,12085
2527,2024-04-11 17:20:00,61.62,61.63,61.601,61.63,10457
2528,2024-04-11 17:15:00,61.63,61.64,61.61,61.61,19257
2529,2024-04-11 17:10:00,61.641,61.67,61.62,61.63,25417
2530,2024-04-11 17:05:00,61.67,61.68,61.64,61.64,21816
2531,2024-04-11 17:00:00,61.72,61.73,61.67,61.67,6382
2532,2024-04-11 16:55:00,61.7,61.73,61.68,61.72,18951
2533,2024-04-11 16:50:00,61.74,61.76,61.7,61.7,13723
2534,2024-04-11 16:45:00,61.75,61.76,61.71,61.74,58371
2535,2024-04-11 16:40:00,61.77,61.77,61.73,61.76,16775
2536,2024-04-11 16:35:00,61.771,61.8,61.77,61.77,26095
2537,2024-04-11 16:30:00,61.781,61.8,61.77,61.77,33145
2538,2024-04-11 16:25:00,61.78,61.8,61.77,61.781,43930
2539,2024-04-11 16:20:00,61.76,61.81,61.75,61.78,35518
2540,2024-04-11 16:15:00,61.7,61.81,61.7,61.77,35367
2541,2024-04-11 16:10:00,61.78,61.81,61.77,61.8,35318
2542,2024-04-11 16:05:00,61.71,61.8,61.7,61.8,123522
2543,2024-04-11 16:00:00,61.7,61.77,61.66,61.71,932564
2544,2024-04-11 15:55:00,61.81,61.9,61.694,61.71,1359403
2545,2024-04-11 15:50:00,61.95,61.95,61.795,61.81,1372894
2546,2024-04-11 15:45:00,62.01,62.06,61.93,61.955,705206
2547,2024-04-11 15:40:00,61.97,62.04,61.93,62.01,879462
2548,2024-04-11 15:35:00,61.925,61.98,61.885,61.965,487570
2549,2024-04-11 15:30:00,61.88,61.95,61.83,61.925,532183
2550,2024-04-11 15:25:00,61.88,61.95,61.82,61.888,543412
2551,2024-04-11 15:20:00,61.745,61.91,61.73,61.881,495362
2552,2024-04-11 15:15:00,61.795,61.856,61.715,61.745,650923
2553,2024-04-11 15:10:00,61.84,61.907,61.79,61.795,402421
2554,2024-04-11 15:05:00,61.77,61.908,61.76,61.84,622166
2555,2024-04-11 15:00:00,61.655,61.79,61.655,61.778,515424
2556,2024-04-11 14:55:00,61.69,61.76,61.65,61.66,428857
2557,2024-04-11 14:50:00,61.79,61.83,61.64,61.7,621544
2558,2024-04-11 14:45:00,61.905,61.937,61.72,61.79,803578
2559,2024-04-11 14:40:00,61.96,61.98,61.87,61.905,635472
2560,2024-04-11 14:35:00,61.908,61.96,61.85,61.955,575216
2561,2024-04-11 14:30:00,61.84,61.92,61.79,61.902,728407
2562,2024-04-11 14:25:00,61.67,61.86,61.66,61.83,758654
2563,2024-04-11 14:20:00,61.595,61.67,61.57,61.67,387969
2564,2024-04-11 14:15:00,61.64,61.725,61.572,61.61,710490
2565,2024-04-11 14:10:00,61.68,61.68,61.57,61.635,926205
2566,2024-04-11 14:05:00,61.345,61.7,61.33,61.67,1275043
2567,2024-04-11 14:00:00,61.25,61.43,61.211,61.34,1053865
2568,2024-04-11 13:55:00,61.23,61.286,61.17,61.24,477836
2569,2024-04-11 13:50:00,61.205,61.315,61.11,61.23,543136
2570,2024-04-11 13:45:00,61.175,61.25,61.07,61.2,749166
2571,2024-04-11 13:40:00,60.901,61.22,60.84,61.17,854123
2572,2024-04-11 13:35:00,61.048,61.07,60.9,60.9,741743
2573,2024-04-11 13:30:00,61.02,61.14,61.02,61.04,632403
2574,2024-04-11 13:25:00,61.01,61.14,61.0,61.01,1010611
2575,2024-04-11 13:20:00,61.0,61.12,60.883,61.011,1252503
2576,2024-04-11 13:15:00,60.83,61.02,60.73,61.001,1097412
2577,2024-04-11 13:10:00,60.65,60.86,60.64,60.829,1032564
2578,2024-04-11 13:05:00,60.4,60.72,60.37,60.64,1533868
2579,2024-04-11 13:00:00,60.015,60.469,59.85,60.4,1491413
2580,2024-04-11 12:55:00,60.1,60.12,59.99,60.02,367780
2581,2024-04-11 12:50:00,60.135,60.16,60.085,60.103,315740
2582,2024-04-11 12:45:00,60.01,60.14,59.99,60.138,303179
2583,2024-04-11 12:40:00,59.99,60.08,59.921,60.01,312477
2584,2024-04-11 12:35:00,59.995,60.05,59.91,59.98,388097
2585,2024-04-11 12:30:00,59.89,60.01,59.82,59.99,495624
2586,2024-04-11 12:25:00,60.14,60.146,59.87,59.88,685674
2587,2024-04-11 12:20:00,60.055,60.15,59.94,60.14,510483
2588,2024-04-11 12:15:00,60.01,60.06,59.92,60.057,356277
2589,2024-04-11 12:10:00,59.95,60.03,59.93,60.015,414144
2590,2024-04-11 12:05:00,60.06,60.09,59.93,59.945,479216
2591,2024-04-11 12:00:00,60.11,60.19,59.96,60.06,931053
2592,2024-04-11 11:55:00,59.747,60.16,59.721,60.105,1436241
2593,2024-04-11 11:50:00,59.65,59.76,59.62,59.735,481155
2594,2024-04-11 11:45:00,59.54,59.728,59.53,59.645,476617
2595,2024-04-11 11:40:00,59.64,59.825,59.53,59.536,1091094
2596,2024-04-11 11:35:00,59.513,59.665,59.48,59.64,508083
2597,2024-04-11 11:30:00,59.43,59.59,59.39,59.515,468944
2598,2024-04-11 11:25:00,59.551,59.596,59.4,59.42,550375
2599,2024-04-11 11:20:00,59.535,59.72,59.535,59.555,447267
2600,2024-04-11 11:15:00,59.48,59.7,59.47,59.53,512473
2601,2024-04-11 11:10:00,59.39,59.56,59.388,59.48,460248
2602,2024-04-11 11:05:00,59.6,59.627,59.34,59.38,707265
2603,2024-04-11 11:00:00,59.345,59.675,59.33,59.605,1133920
2604,2024-04-11 10:55:00,59.47,59.53,59.29,59.34,510800
2605,2024-04-11 10:50:00,59.481,59.55,59.4,59.455,541817
2606,2024-04-11 10:45:00,59.4,59.61,59.4,59.485,1224194
2607,2024-04-11 10:40:00,59.37,59.455,59.31,59.39,793857
2608,2024-04-11 10:35:00,59.14,59.39,59.115,59.37,797019
2609,2024-04-11 10:30:00,59.07,59.39,59.0,59.127,1326273
2610,2024-04-11 10:25:00,59.098,59.125,58.93,59.07,906174
2611,2024-04-11 10:20:00,58.82,59.125,58.79,59.093,990520
2612,2024-04-11 10:15:00,59.09,59.1,58.684,58.825,1519717
2613,2024-04-11 10:10:00,59.28,59.355,59.01,59.095,1117533
2614,2024-04-11 10:05:00,59.41,59.455,59.15,59.28,1149847
2615,2024-04-11 10:00:00,59.57,59.6,59.22,59.41,1331813
2616,2024-04-11 09:55:00,59.548,59.68,59.43,59.57,798868
2617,2024-04-11 09:50:00,59.49,59.68,59.41,59.54,1121754
2618,2024-04-11 09:45:00,59.34,59.59,59.33,59.49,1403959
2619,2024-04-11 09:40:00,59.371,59.6,59.205,59.34,1723902
2620,2024-04-11 09:35:00,59.64,59.69,59.32,59.37,1529200
2621,2024-04-11 09:30:00,59.61,59.72,59.24,59.632,2346437
2622,2024-04-11 09:25:00,59.59,59.66,59.54,59.64,251363
2623,2024-04-11 09:20:00,59.6,59.67,59.58,59.589,78513
2624,2024-04-11 09:15:00,59.652,59.74,59.56,59.59,125805
2625,2024-04-11 09:10:00,59.64,59.81,59.62,59.67,222667
2626,2024-04-11 09:05:00,59.5,59.711,59.48,59.641,282958
2627,2024-04-11 09:00:00,59.43,59.59,59.38,59.49,148971
2628,2024-04-11 08:55:00,59.49,59.6,59.31,59.42,181555
2629,2024-04-11 08:50:00,59.43,59.54,59.33,59.49,275846
2630,2024-04-11 08:45:00,59.18,59.46,59.081,59.43,254463
2631,2024-04-11 08:40:00,59.5,59.54,59.11,59.18,492169
2632,2024-04-11 08:35:00,59.23,59.54,59.14,59.5,544997
2633,2024-04-11 08:30:00,58.26,59.3,57.91,59.23,1268860
2634,2024-04-11 08:25:00,58.25,58.31,58.16,58.27,87852
2635,2024-04-11 08:20:00,58.34,58.36,58.19,58.26,132565
2636,2024-04-11 08:15:00,58.31,58.43,58.22,58.33,91499
2637,2024-04-11 08:10:00,58.4,58.4,58.265,58.31,51379
2638,2024-04-11 08:05:00,58.29,58.411,58.26,58.4,38171
2639,2024-04-11 08:00:00,58.67,59.11,58.13,58.3,279780
2640,2024-04-11 07:55:00,58.3,58.31,58.2,58.25,45312
2641,2024-04-11 07:50:00,58.26,58.31,58.13,58.28,72203
2642,2024-04-11 07:45:00,58.38,58.4,58.23,58.24,60477
2643,2024-04-11 07:40:00,58.38,58.41,58.31,58.38,32127
2644,2024-04-11 07:35:00,58.42,58.44,58.33,58.38,37581
2645,2024-04-11 07:30:00,58.45,58.5,58.38,58.42,41705
2646,2024-04-11 07:25:00,58.57,58.57,58.44,58.45,28877
2647,2024-04-11 07:20:00,58.41,58.58,58.35,58.55,41357
2648,2024-04-11 07:15:00,58.52,58.53,58.4,58.41,30978
2649,2024-04-11 07:10:00,58.57,58.62,58.51,58.51,19589
2650,2024-04-11 07:05:00,58.58,58.59,58.49,58.57,24022
2651,2024-04-11 07:00:00,58.64,58.7,58.56,58.59,45791
2652,2024-04-11 06:55:00,58.65,58.67,58.6,58.64,17873
2653,2024-04-11 06:50:00,58.66,58.66,58.57,58.65,14608
2654,2024-04-11 06:45:00,58.67,58.68,58.58,58.68,14550
2655,2024-04-11 06:40:00,58.53,58.69,58.53,58.66,16139
2656,2024-04-11 06:35:00,58.64,58.68,58.53,58.53,4814
2657,2024-04-11 06:30:00,58.63,58.69,58.6,58.63,7543
2658,2024-04-11 06:25:00,58.54,58.65,58.52,58.64,13488
2659,2024-04-11 06:20:00,58.5,58.54,58.47,58.54,14350
2660,2024-04-11 06:15:00,58.5,58.54,58.46,58.5,12208
2661,2024-04-11 06:10:00,58.47,58.57,58.47,58.52,5857
2662,2024-04-11 06:05:00,58.54,58.55,58.43,58.49,24267
2663,2024-04-11 06:00:00,58.63,58.64,58.52,58.54,13269
2664,2024-04-11 05:55:00,58.56,58.61,58.52,58.6,7508
2665,2024-04-11 05:50:00,58.59,58.59,58.51,58.55,12732
2666,2024-04-11 05:45:00,58.62,58.7,58.57,58.59,15365
2667,2024-04-11 05:40:00,58.63,58.67,58.59,58.63,15720
2668,2024-04-11 05:35:00,58.64,58.73,58.61,58.61,23078
2669,2024-04-11 05:30:00,58.57,58.67,58.55,58.64,33927
2670,2024-04-11 05:25:00,58.57,58.57,58.5,58.56,18105
2671,2024-04-11 05:20:00,58.51,58.64,58.46,58.56,31393
2672,2024-04-11 05:15:00,58.66,58.69,58.51,58.51,30340
2673,2024-04-11 05:10:00,58.58,58.69,58.57,58.67,20081
2674,2024-04-11 05:05:00,58.66,58.68,58.56,58.56,13412
2675,2024-04-11 05:00:00,58.58,58.66,58.54,58.66,22491
2676,2024-04-11 04:55:00,58.72,58.75,58.58,58.58,27107
2677,2024-04-11 04:50:00,58.79,58.81,58.68,58.75,21590
2678,2024-04-11 04:45:00,58.96,58.98,58.78,58.79,28323
2679,2024-04-11 04:40:00,58.91,59.01,58.89,58.95,16819
2680,2024-04-11 04:35:00,58.95,58.99,58.89,58.91,9453
2681,2024-04-11 04:30:00,58.94,58.97,58.87,58.94,15668
2682,2024-04-11 04:25:00,58.92,58.98,58.89,58.93,20357
2683,2024-04-11 04:20:00,58.97,59.03,58.91,58.92,14225
2684,2024-04-11 04:15:00,58.94,59.02,58.91,58.98,31811
2685,2024-04-11 04:10:00,59.04,59.04,58.92,58.93,30809
2686,2024-04-11 04:05:00,58.96,59.07,58.95,59.02,40179
2687,2024-04-11 04:00:00,58.99,59.05,58.81,58.98,45021
2688,2024-04-10 19:55:00,58.55,58.56,58.5,58.55,56161
2689,2024-04-10 19:50:00,58.59,58.59,58.52,58.54,9696
2690,2024-04-10 19:45:00,58.59,58.62,58.56,58.59,10301
2691,2024-04-10 19:40:00,58.57,58.59,58.56,58.59,6074
2692,2024-04-10 19:35:00,58.47,58.59,58.47,58.57,14252
2693,2024-04-10 19:30:00,58.48,58.49,58.46,58.47,9998
2694,2024-04-10 19:25:00,58.44,58.48,58.41,58.48,20121
2695,2024-04-10 19:20:00,58.47,58.51,58.43,58.44,30184
2696,2024-04-10 19:15:00,58.52,58.54,58.43,58.47,43328
2697,2024-04-10 19:10:00,58.6,58.6,58.5,58.52,31828
2698,2024-04-10 19:05:00,58.63,58.65,58.6,58.61,3465
2699,2024-04-10 19:00:00,58.69,58.7,58.58,58.62,13583
2700,2024-04-10 18:55:00,58.68,58.7,58.66,58.69,7968
2701,2024-04-10 18:50:00,58.71,58.74,58.67,58.67,3410
2702,2024-04-10 18:45:00,58.71,58.74,58.71,58.71,5143
2703,2024-04-10 18:40:00,58.68,58.72,58.67,58.71,1472
2704,2024-04-10 18:35:00,58.7,58.7,58.67,58.68,9411
2705,2024-04-10 18:30:00,58.73,58.74,58.64,58.7,15960
2706,2024-04-10 18:25:00,58.72,58.75,58.72,58.74,6397
2707,2024-04-10 18:20:00,58.66,58.73,58.65,58.73,3127
2708,2024-04-10 18:15:00,58.65,58.68,58.63,58.65,6874
2709,2024-04-10 18:10:00,58.65,58.66,58.63,58.65,1171
2710,2024-04-10 18:05:00,58.65,58.67,58.58,58.63,13214
2711,2024-04-10 18:00:00,58.77,58.77,58.63,58.655,26218
2712,2024-04-10 17:55:00,58.77,58.78,58.76,58.76,20275
2713,2024-04-10 17:50:00,58.77,58.78,58.77,58.78,2278
2714,2024-04-10 17:45:00,58.78,58.79,58.77,58.77,5132
2715,2024-04-10 17:40:00,58.79,58.81,58.78,58.79,3852
2716,2024-04-10 17:35:00,58.79,58.81,58.78,58.79,2250
2717,2024-04-10 17:30:00,58.81,58.82,58.78,58.78,6613
2718,2024-04-10 17:25:00,58.81,58.82,58.8,58.8,7943
2719,2024-04-10 17:20:00,58.81,58.82,58.8,58.8,10399
2720,2024-04-10 17:15:00,58.8,58.82,58.8,58.81,1533
2721,2024-04-10 17:10:00,58.799,58.82,58.791,58.8,5406
2722,2024-04-10 17:05:00,58.849,58.849,58.76,58.79,9591
2723,2024-04-10 17:00:00,58.9,58.92,58.81,58.85,21914
2724,2024-04-10 16:55:00,58.8,58.9,58.79,58.9,24862
2725,2024-04-10 16:50:00,58.77,58.829,58.75,58.8,12730
2726,2024-04-10 16:45:00,58.71,58.78,58.7,58.78,23917
2727,2024-04-10 16:40:00,58.715,58.73,58.69,58.71,11393
2728,2024-04-10 16:35:00,58.66,58.72,58.65,58.72,13912
2729,2024-04-10 16:30:00,58.67,58.689,58.64,58.66,25017
2730,2024-04-10 16:25:00,58.67,58.719,58.66,58.67,13650
2731,2024-04-10 16:20:00,58.69,58.69,58.65,58.67,14529
2732,2024-04-10 16:15:00,58.93,58.93,58.65,58.69,34816
2733,2024-04-10 16:10:00,58.64,58.72,58.63,58.68,59821
2734,2024-04-10 16:05:00,58.64,58.963,58.5,58.64,401088
2735,2024-04-10 16:00:00,58.87,58.94,58.57,58.63,857321
2736,2024-04-10 15:55:00,59.02,59.126,58.83,58.87,1395521
2737,2024-04-10 15:50:00,59.06,59.105,58.88,59.02,1205804
2738,2024-04-10 15:45:00,59.0,59.196,58.94,59.055,1123019
2739,2024-04-10 15:40:00,58.57,59.051,58.57,59.01,873651
2740,2024-04-10 15:35:00,58.58,58.7,58.55,58.57,560979
2741,2024-04-10 15:30:00,58.78,58.82,58.47,58.59,865548
2742,2024-04-10 15:25:00,58.97,59.145,58.753,58.78,1242767
2743,2024-04-10 15:20:00,58.84,59.01,58.77,58.97,1162976
2744,2024-04-10 15:15:00,58.76,58.91,58.661,58.83,1344858
2745,2024-04-10 15:10:00,58.435,58.77,58.425,58.76,1023749
2746,2024-04-10 15:05:00,58.2,58.45,58.16,58.43,496205
2747,2024-04-10 15:00:00,58.26,58.475,58.192,58.2,859918
2748,2024-04-10 14:55:00,58.56,58.56,58.22,58.255,822335
2749,2024-04-10 14:50:00,58.72,58.82,58.47,58.555,926933
2750,2024-04-10 14:45:00,58.67,58.765,58.629,58.73,466326
2751,2024-04-10 14:40:00,58.67,58.74,58.563,58.67,579084
2752,2024-04-10 14:35:00,58.428,58.7,58.39,58.67,493252
2753,2024-04-10 14:30:00,58.39,58.52,58.31,58.43,543124
2754,2024-04-10 14:25:00,58.405,58.61,58.36,58.39,668726
2755,2024-04-10 14:20:00,58.55,58.766,58.332,58.407,1180280
2756,2024-04-10 14:15:00,58.8,58.917,58.46,58.57,780438
2757,2024-04-10 14:10:00,58.685,58.84,58.581,58.8,683548
2758,2024-04-10 14:05:00,58.82,58.82,58.485,58.7,869549
2759,2024-04-10 14:00:00,58.62,58.9,58.36,58.82,1596443
2760,2024-04-10 13:55:00,58.45,59.03,58.39,58.62,2024967
2761,2024-04-10 13:50:00,58.46,58.54,58.27,58.455,806674
2762,2024-04-10 13:45:00,58.23,58.49,58.2,58.47,646870
2763,2024-04-10 13:40:00,58.21,58.447,58.11,58.23,1186862
2764,2024-04-10 13:35:00,58.47,58.545,58.14,58.21,1365714
2765,2024-04-10 13:30:00,58.69,58.865,58.26,58.47,2576402
2766,2024-04-10 13:25:00,59.075,59.19,58.675,58.71,1623881
2767,2024-04-10 13:20:00,58.66,59.16,58.603,59.085,2224389
2768,2024-04-10 13:15:00,58.39,58.7,58.29,58.665,1066425
2769,2024-04-10 13:10:00,58.18,58.44,58.13,58.4,1185993
2770,2024-04-10 13:05:00,58.4,58.42,58.151,58.175,1272029
2771,2024-04-10 13:00:00,58.88,58.98,58.3,58.39,2138565
2772,2024-04-10 12:55:00,58.77,58.97,58.751,58.875,1033351
2773,2024-04-10 12:50:00,58.615,58.79,58.55,58.78,799572
2774,2024-04-10 12:45:00,58.49,58.63,58.45,58.61,470668
2775,2024-04-10 12:40:00,58.59,58.617,58.49,58.49,361254
2776,2024-04-10 12:35:00,58.56,58.7,58.56,58.595,645980
2777,2024-04-10 12:30:00,58.48,58.565,58.441,58.55,349092
2778,2024-04-10 12:25:00,58.38,58.53,58.375,58.48,455096
2779,2024-04-10 12:20:00,58.31,58.39,58.25,58.39,419516
2780,2024-04-10 12:15:00,58.27,58.38,58.27,58.3,430109
2781,2024-04-10 12:10:00,58.43,58.46,58.24,58.265,487686
2782,2024-04-10 12:05:00,58.58,58.635,58.4,58.417,350800
2783,2024-04-10 12:00:00,58.41,58.61,58.35,58.57,524207
2784,2024-04-10 11:55:00,58.4,58.44,58.33,58.41,292877
2785,2024-04-10 11:50:00,58.321,58.43,58.29,58.415,398268
2786,2024-04-10 11:45:00,58.29,58.423,58.22,58.324,575150
2787,2024-04-10 11:40:00,58.39,58.44,58.225,58.28,693731
2788,2024-04-10 11:35:00,58.58,58.61,58.35,58.39,557509
2789,2024-04-10 11:30:00,58.78,58.785,58.45,58.577,659127
2790,2024-04-10 11:25:00,58.498,58.77,58.48,58.77,860311
2791,2024-04-10 11:20:00,58.37,58.585,58.37,58.5,513875
2792,2024-04-10 11:15:00,58.46,58.52,58.33,58.37,407263
2793,2024-04-10 11:10:00,58.46,58.5,58.26,58.46,946402
2794,2024-04-10 11:05:00,58.43,58.64,58.365,58.46,833316
2795,2024-04-10 11:00:00,58.545,58.59,58.4,58.423,762646
2796,2024-04-10 10:55:00,58.495,58.56,58.321,58.54,1233475
2797,2024-04-10 10:50:00,58.825,58.899,58.47,58.491,1118440
2798,2024-04-10 10:45:00,58.93,59.017,58.725,58.83,1050240
2799,2024-04-10 10:40:00,59.17,59.18,58.915,58.925,861075
2800,2024-04-10 10:35:00,58.905,59.275,58.83,59.17,1488891
2801,2024-04-10 10:30:00,58.74,59.11,58.68,58.905,1372253
2802,2024-04-10 10:25:00,58.73,58.915,58.64,58.73,1184299
2803,2024-04-10 10:20:00,58.92,58.92,58.63,58.72,1145227
2804,2024-04-10 10:15:00,58.66,59.05,58.47,58.92,1784992
2805,2024-04-10 10:10:00,58.88,58.89,58.55,58.65,1074223
2806,2024-04-10 10:05:00,58.54,58.99,58.44,58.89,1511090
2807,2024-04-10 10:00:00,58.76,58.88,58.445,58.535,1519160
2808,2024-04-10 09:55:00,58.89,59.04,58.675,58.75,1769704
2809,2024-04-10 09:50:00,58.24,58.96,58.2,58.89,2436872
2810,2024-04-10 09:45:00,58.87,58.88,58.06,58.225,4098359
2811,2024-04-10 09:40:00,58.8,58.925,58.5,58.865,2457780
2812,2024-04-10 09:35:00,58.5,58.86,58.47,58.805,2902678
2813,2024-04-10 09:30:00,58.36,58.64,58.16,58.5,3965917
2814,2024-04-10 09:25:00,58.14,58.38,58.12,58.35,290015
2815,2024-04-10 09:20:00,58.11,58.29,58.01,58.13,340470
2816,2024-04-10 09:15:00,57.75,58.27,57.75,58.12,455821
2817,2024-04-10 09:10:00,57.68,57.81,57.61,57.74,344130
2818,2024-04-10 09:05:00,57.87,57.939,57.64,57.69,400143
2819,2024-04-10 09:00:00,58.06,58.08,57.71,57.87,379441
2820,2024-04-10 08:55:00,58.14,58.15,57.87,58.05,406245
2821,2024-04-10 08:50:00,58.11,58.32,57.92,58.15,475802
2822,2024-04-10 08:45:00,57.75,58.27,57.725,58.12,892083
2823,2024-04-10 08:40:00,57.85,57.99,57.52,57.75,707215
2824,2024-04-10 08:35:00,58.27,58.32,57.61,57.89,1054475
2825,2024-04-10 08:30:00,61.0,61.0,58.03,58.27,1825809
2826,2024-04-10 08:25:00,60.76,61.56,60.71,61.01,291568
2827,2024-04-10 08:20:00,60.78,60.79,60.73,60.76,98478
2828,2024-04-10 08:15:00,60.92,60.92,60.76,60.77,147413
2829,2024-04-10 08:10:00,60.88,60.95,60.87,60.93,84406
2830,2024-04-10 08:05:00,60.82,60.88,60.82,60.87,63371
2831,2024-04-10 08:00:00,60.63,60.999,60.359,60.82,566094
2832,2024-04-10 07:55:00,60.68,60.75,60.66,60.75,30831
2833,2024-04-10 07:50:00,60.73,60.75,60.67,60.69,47347
2834,2024-04-10 07:45:00,60.76,60.76,60.72,60.72,23628
2835,2024-04-10 07:40:00,60.72,60.76,60.7,60.76,27474
2836,2024-04-10 07:35:00,60.72,60.73,60.69,60.71,39911
2837,2024-04-10 07:30:00,60.64,60.72,60.62,60.71,27518
2838,2024-04-10 07:25:00,60.65,60.67,60.61,60.65,31165
2839,2024-04-10 07:20:00,60.68,60.68,60.62,60.65,156583
2840,2024-04-10 07:15:00,60.72,60.74,60.66,60.67,32327
2841,2024-04-10 07:10:00,60.67,60.74,60.66,60.71,37057
2842,2024-04-10 07:05:00,60.64,60.69,60.6,60.68,20389
2843,2024-04-10 07:00:00,60.62,60.68,60.61,60.63,18515
2844,2024-04-10 06:55:00,60.67,60.69,60.62,60.64,10858
2845,2024-04-10 06:50:00,60.56,60.67,60.56,60.67,6229
2846,2024-04-10 06:45:00,60.51,60.55,60.47,60.55,10648
2847,2024-04-10 06:40:00,60.52,60.58,60.51,60.52,8279
2848,2024-04-10 06:35:00,60.52,60.53,60.48,60.52,7664
2849,2024-04-10 06:30:00,60.5,60.54,60.42,60.53,9533
2850,2024-04-10 06:25:00,60.48,60.51,60.45,60.48,2747
2851,2024-04-10 06:20:00,60.47,60.51,60.46,60.46,9836
2852,2024-04-10 06:15:00,60.52,60.53,60.45,60.47,12018
2853,2024-04-10 06:10:00,60.47,60.54,60.47,60.52,16239
2854,2024-04-10 06:05:00,60.45,60.49,60.44,60.47,17511
2855,2024-04-10 06:00:00,60.48,60.54,60.34,60.45,36389
2856,2024-04-10 05:55:00,60.58,60.59,60.48,60.48,14077
2857,2024-04-10 05:50:00,60.65,60.65,60.54,60.6,24988
2858,2024-04-10 05:45:00,60.64,60.66,60.62,60.64,7798
2859,2024-04-10 05:40:00,60.65,60.69,60.64,60.64,7083
2860,2024-04-10 05:35:00,60.78,60.78,60.66,60.66,7810
2861,2024-04-10 05:30:00,60.79,60.81,60.76,60.79,3812
2862,2024-04-10 05:25:00,60.84,60.85,60.78,60.8,4872
2863,2024-04-10 05:20:00,60.82,60.85,60.81,60.83,2080
2864,2024-04-10 05:15:00,60.8,60.84,60.77,60.84,5704
2865,2024-04-10 05:10:00,60.84,60.85,60.8,60.8,7286
2866,2024-04-10 05:05:00,60.8,60.89,60.78,60.83,9665
2867,2024-04-10 05:00:00,60.95,61.02,60.8,60.8,17610
2868,2024-04-10 04:55:00,60.91,61.01,60.91,60.96,17447
2869,2024-04-10 04:50:00,60.86,60.94,60.85,60.91,12527
2870,2024-04-10 04:45:00,60.82,60.87,60.81,60.86,39736
2871,2024-04-10 04:40:00,60.87,60.87,60.81,60.83,10338
2872,2024-04-10 04:35:00,60.83,60.87,60.8,60.86,9215
2873,2024-04-10 04:30:00,60.81,60.89,60.81,60.84,5793
2874,2024-04-10 04:25:00,60.76,60.85,60.75,60.81,4405
2875,2024-04-10 04:20:00,60.85,60.86,60.75,60.76,19029
2876,2024-04-10 04:15:00,60.8,60.85,60.78,60.85,4970
2877,2024-04-10 04:10:00,60.78,60.81,60.77,60.8,4323
2878,2024-04-10 04:05:00,60.83,60.86,60.73,60.77,24347
2879,2024-04-10 04:00:00,60.82,60.89,60.81,60.82,88033
2880,2024-04-09 19:55:00,60.61,60.63,60.58,60.58,17649
2881,2024-04-09 19:50:00,60.62,60.63,60.61,60.61,10117
2882,2024-04-09 19:45:00,60.63,60.64,60.61,60.63,11148
2883,2024-04-09 19:40:00,60.64,60.64,60.62,60.63,7705
2884,2024-04-09 19:35:00,60.611,60.65,60.61,60.65,10251
2885,2024-04-09 19:30:00,60.64,60.64,60.61,60.61,6831
2886,2024-04-09 19:25:00,60.64,60.65,60.63,60.65,7865
2887,2024-04-09 19:20:00,60.65,60.65,59.75,60.65,6780
2888,2024-04-09 19:15:00,60.66,60.67,60.64,60.64,8682
2889,2024-04-09 19:10:00,60.65,60.68,60.63,60.66,8759
2890,2024-04-09 19:05:00,60.64,60.65,60.63,60.65,3449
2891,2024-04-09 19:00:00,60.66,60.67,60.63,60.65,4938
2892,2024-04-09 18:55:00,60.63,60.66,60.63,60.65,4125
2893,2024-04-09 18:50:00,60.64,60.65,60.63,60.64,8804
2894,2024-04-09 18:45:00,60.62,60.65,60.61,60.65,7193
2895,2024-04-09 18:40:00,60.68,60.69,60.62,60.62,9032
2896,2024-04-09 18:35:00,60.66,60.7,60.65,60.68,7377
2897,2024-04-09 18:30:00,60.639,60.66,60.61,60.65,7828
2898,2024-04-09 18:25:00,60.64,60.66,60.64,60.64,4476
2899,2024-04-09 18:20:00,60.685,60.7,60.64,60.64,5270
2900,2024-04-09 18:15:00,60.67,60.69,60.67,60.69,3607
2901,2024-04-09 18:10:00,60.709,60.71,60.64,60.67,15291
2902,2024-04-09 18:05:00,60.66,60.71,60.66,60.7,20134
2903,2024-04-09 18:00:00,60.67,60.74,60.65,60.67,8461
2904,2024-04-09 17:55:00,60.65,60.69,60.64,60.66,9309
2905,2024-04-09 17:50:00,60.69,60.69,60.65,60.651,8970
2906,2024-04-09 17:45:00,60.68,60.7,60.65,60.69,10355
2907,2024-04-09 17:40:00,60.66,60.67,60.64,60.67,7435
2908,2024-04-09 17:35:00,60.64,60.66,60.64,60.66,5398
2909,2024-04-09 17:30:00,60.64,60.66,60.63,60.65,8521
2910,2024-04-09 17:25:00,60.68,60.68,60.63,60.65,5895
2911,2024-04-09 17:20:00,60.72,60.75,60.64,60.68,15021
2912,2024-04-09 17:15:00,60.73,60.76,60.72,60.72,15479
2913,2024-04-09 17:10:00,60.74,60.75,60.72,60.73,20867
2914,2024-04-09 17:05:00,60.74,60.75,60.73,60.74,8730
2915,2024-04-09 17:00:00,60.73,60.75,60.73,60.73,8188
2916,2024-04-09 16:55:00,60.74,60.751,60.71,60.73,14488
2917,2024-04-09 16:50:00,60.71,60.74,60.7,60.74,9052
2918,2024-04-09 16:45:00,60.78,60.78,60.71,60.71,22302
2919,2024-04-09 16:40:00,60.81,60.81,60.78,60.79,19389
2920,2024-04-09 16:35:00,60.79,60.84,60.78,60.82,24480
2921,2024-04-09 16:30:00,60.8,60.83,60.78,60.78,45452
2922,2024-04-09 16:25:00,60.8,60.83,60.78,60.8,29878
2923,2024-04-09 16:20:00,60.83,60.9,60.8,60.81,83159
2924,2024-04-09 16:15:00,60.52,60.84,60.52,60.83,87788
2925,2024-04-09 16:10:00,60.83,60.86,60.82,60.83,62492
2926,2024-04-09 16:05:00,60.88,60.915,60.82,60.84,184371
2927,2024-04-09 16:00:00,60.53,60.97,60.51,60.89,966648
2928,2024-04-09 15:55:00,60.12,60.555,60.115,60.54,1986781
2929,2024-04-09 15:50:00,60.05,60.116,59.93,60.116,771806
2930,2024-04-09 15:45:00,60.09,60.12,59.95,60.05,548979
2931,2024-04-09 15:40:00,59.99,60.115,59.82,60.08,906990
2932,2024-04-09 15:35:00,60.24,60.31,59.98,59.98,905620
2933,2024-04-09 15:30:00,60.19,60.415,60.115,60.235,1533655
2934,2024-04-09 15:25:00,59.71,60.225,59.695,60.19,1297650
2935,2024-04-09 15:20:00,59.475,59.74,59.46,59.72,706924
2936,2024-04-09 15:15:00,59.25,59.49,59.235,59.48,492612
2937,2024-04-09 15:10:00,59.19,59.31,59.1,59.26,582608
2938,2024-04-09 15:05:00,59.33,59.38,59.115,59.2,516997
2939,2024-04-09 15:00:00,59.45,59.46,59.23,59.33,437567
2940,2024-04-09 14:55:00,59.5,59.535,59.43,59.46,322863
2941,2024-04-09 14:50:00,59.405,59.587,59.346,59.505,448132
2942,2024-04-09 14:45:00,59.48,59.536,59.39,59.4,271932
2943,2024-04-09 14:40:00,59.44,59.56,59.39,59.48,322038
2944,2024-04-09 14:35:00,59.475,59.61,59.41,59.45,414009
2945,2024-04-09 14:30:00,59.535,59.55,59.421,59.47,300117
2946,2024-04-09 14:25:00,59.578,59.67,59.49,59.54,267669
2947,2024-04-09 14:20:00,59.68,59.77,59.54,59.575,281606
2948,2024-04-09 14:15:00,59.59,59.715,59.54,59.68,253720
2949,2024-04-09 14:10:00,59.63,59.67,59.53,59.59,281192
2950,2024-04-09 14:05:00,59.5,59.66,59.461,59.622,344360
2951,2024-04-09 14:00:00,59.49,59.52,59.32,59.49,480980
2952,2024-04-09 13:55:00,59.64,59.65,59.47,59.498,219655
2953,2024-04-09 13:50:00,59.55,59.685,59.53,59.63,211128
2954,2024-04-09 13:45:00,59.645,59.66,59.505,59.55,263136
2955,2024-04-09 13:40:00,59.82,59.87,59.56,59.63,383290
2956,2024-04-09 13:35:00,59.66,59.81,59.64,59.81,179218
2957,2024-04-09 13:30:00,59.69,59.798,59.62,59.65,230388
2958,2024-04-09 13:25:00,59.73,59.77,59.63,59.7,262983
2959,2024-04-09 13:20:00,59.72,59.89,59.67,59.74,288501
2960,2024-04-09 13:15:00,59.74,59.76,59.625,59.71,188860
2961,2024-04-09 13:10:00,59.83,59.865,59.7,59.74,242025
2962,2024-04-09 13:05:00,59.74,59.85,59.7,59.823,392984
2963,2024-04-09 13:00:00,59.58,59.74,59.47,59.723,616856
2964,2024-04-09 12:55:00,59.53,59.67,59.5,59.58,420097
2965,2024-04-09 12:50:00,59.83,59.88,59.5,59.532,538712
2966,2024-04-09 12:45:00,59.89,59.93,59.77,59.84,359145
2967,2024-04-09 12:40:00,59.95,59.965,59.87,59.89,205484
2968,2024-04-09 12:35:00,59.937,59.95,59.845,59.934,279367
2969,2024-04-09 12:30:00,59.78,59.958,59.764,59.938,370616
2970,2024-04-09 12:25:00,59.85,59.945,59.76,59.771,464247
2971,2024-04-09 12:20:00,59.77,59.88,59.76,59.86,319737
2972,2024-04-09 12:15:00,59.8,59.83,59.72,59.77,393159
2973,2024-04-09 12:10:00,59.66,59.89,59.61,59.795,544962
2974,2024-04-09 12:05:00,59.6,59.72,59.51,59.67,430604
2975,2024-04-09 12:00:00,59.55,59.75,59.505,59.61,545337
2976,2024-04-09 11:55:00,59.595,59.639,59.555,59.555,385562
2977,2024-04-09 11:50:00,59.64,59.66,59.49,59.59,687391
2978,2024-04-09 11:45:00,59.505,59.68,59.48,59.64,762542
2979,2024-04-09 11:40:00,59.18,59.59,59.18,59.51,763371
2980,2024-04-09 11:35:00,59.12,59.32,59.033,59.18,678433
2981,2024-04-09 11:30:00,59.2,59.328,59.11,59.12,451005
2982,2024-04-09 11:25:00,59.36,59.369,59.155,59.2,423459
2983,2024-04-09 11:20:00,59.43,59.44,59.22,59.35,515202
2984,2024-04-09 11:15:00,59.115,59.5,59.115,59.44,817683
2985,2024-04-09 11:10:00,59.27,59.325,59.11,59.115,813850
2986,2024-04-09 11:05:00,59.11,59.405,59.08,59.273,1038068
2987,2024-04-09 11:00:00,59.12,59.188,58.99,59.11,942593
2988,2024-04-09 10:55:00,58.61,59.15,58.595,59.125,1166946
2989,2024-04-09 10:50:00,58.775,58.9,58.575,58.62,1242811
2990,2024-04-09 10:45:00,58.82,59.08,58.67,58.77,1855151
2991,2024-04-09 10:40:00,59.18,59.32,58.68,58.82,2384175
2992,2024-04-09 10:35:00,59.36,59.41,59.09,59.18,1840155
2993,2024-04-09 10:30:00,59.76,59.77,59.2,59.355,2505552
2994,2024-04-09 10:25:00,60.43,60.46,59.64,59.75,1609647
2995,2024-04-09 10:20:00,60.41,60.54,60.363,60.44,426568
2996,2024-04-09 10:15:00,60.5,60.61,60.36,60.418,615605
2997,2024-04-09 10:10:00,60.32,60.55,60.27,60.5,629976
2998,2024-04-09 10:05:00,60.45,60.48,60.23,60.32,680370
2999,2024-04-09 10:00:00,60.34,60.58,60.33,60.46,771459
3000,2024-04-09 09:55:00,60.43,60.5,60.31,60.34,566585
3001,2024-04-09 09:50:00,60.39,60.48,60.265,60.426,991436
3002,2024-04-09 09:45:00,60.69,60.815,60.38,60.392,1175321
3003,2024-04-09 09:40:00,60.8,60.928,60.65,60.7,1136230
3004,2024-04-09 09:35:00,60.44,60.82,60.34,60.8,1457498
3005,2024-04-09 09:30:00,60.81,60.935,60.43,60.435,2127822
3006,2024-04-09 09:25:00,60.74,60.82,60.71,60.81,111956
3007,2024-04-09 09:20:00,60.76,60.81,60.73,60.77,146105
3008,2024-04-09 09:15:00,60.61,60.85,60.581,60.73,217162
3009,2024-04-09 09:10:00,60.48,60.61,60.46,60.6,62527
3010,2024-04-09 09:05:00,60.55,60.55,60.46,60.48,40861
3011,2024-04-09 09:00:00,60.54,60.59,60.5,60.55,64638
3012,2024-04-09 08:55:00,60.545,60.57,60.51,60.53,34457
3013,2024-04-09 08:50:00,60.55,60.57,60.5,60.541,41837
3014,2024-04-09 08:45:00,60.6,60.62,60.51,60.55,60431
3015,2024-04-09 08:40:00,60.49,60.62,60.49,60.59,72917
3016,2024-04-09 08:35:00,60.49,60.57,60.47,60.5,35219
3017,2024-04-09 08:30:00,60.45,60.52,60.4,60.5,25386
3018,2024-04-09 08:25:00,60.47,60.48,60.4,60.45,58569
3019,2024-04-09 08:20:00,60.55,60.56,60.4,60.48,74841
3020,2024-04-09 08:15:00,60.54,60.59,60.53,60.56,129764
3021,2024-04-09 08:10:00,60.31,60.58,60.305,60.54,132307
3022,2024-04-09 08:05:00,60.34,60.36,60.3,60.31,26431
3023,2024-04-09 08:00:00,59.83,60.39,59.489,60.35,220286
3024,2024-04-09 07:55:00,60.2,60.35,60.17,60.33,39246
3025,2024-04-09 07:50:00,60.18,60.22,60.13,60.2,15516
3026,2024-04-09 07:45:00,60.25,60.25,60.13,60.17,14305
3027,2024-04-09 07:40:00,60.18,60.27,60.17,60.25,26377
3028,2024-04-09 07:35:00,60.11,60.22,60.1,60.18,21853
3029,2024-04-09 07:30:00,60.16,60.2,60.11,60.11,36093
3030,2024-04-09 07:25:00,60.15,60.17,60.11,60.16,6983
3031,2024-04-09 07:20:00,60.1,60.21,60.09,60.14,16501
3032,2024-04-09 07:15:00,60.18,60.27,60.08,60.09,55158
3033,2024-04-09 07:10:00,59.98,60.19,59.96,60.17,42906
3034,2024-04-09 07:05:00,59.89,60.0,59.89,59.99,32434
3035,2024-04-09 07:00:00,59.78,59.89,59.77,59.89,37975
3036,2024-04-09 06:55:00,59.73,59.81,59.71,59.78,7009
3037,2024-04-09 06:50:00,59.68,59.75,59.67,59.73,12710
3038,2024-04-09 06:45:00,59.59,59.7,59.56,59.68,15175
3039,2024-04-09 06:40:00,59.56,59.63,59.48,59.59,27938
3040,2024-04-09 06:35:00,59.74,59.74,59.51,59.54,36659
3041,2024-04-09 06:30:00,59.92,59.92,59.65,59.74,41709
3042,2024-04-09 06:25:00,60.08,60.08,59.92,59.93,7509
3043,2024-04-09 06:20:00,60.16,60.16,60.07,60.08,8805
3044,2024-04-09 06:15:00,60.14,60.16,60.13,60.16,2131
3045,2024-04-09 06:10:00,60.13,60.17,60.12,60.15,4107
3046,2024-04-09 06:05:00,60.13,60.17,60.12,60.13,1254
3047,2024-04-09 06:00:00,60.1,60.17,60.1,60.15,10398
3048,2024-04-09 05:55:00,60.24,60.27,60.1,60.11,7540
3049,2024-04-09 05:50:00,60.21,60.25,60.19,60.22,13761
3050,2024-04-09 05:45:00,60.11,60.21,60.07,60.2,13177
3051,2024-04-09 05:40:00,60.05,60.11,60.05,60.11,13985
3052,2024-04-09 05:35:00,60.09,60.11,60.01,60.05,7198
3053,2024-04-09 05:30:00,60.12,60.12,60.09,60.1,3356
3054,2024-04-09 05:25:00,60.12,60.14,60.08,60.12,7415
3055,2024-04-09 05:20:00,60.08,60.13,60.06,60.12,4959
3056,2024-04-09 05:15:00,59.97,60.08,59.96,60.08,5560
3057,2024-04-09 05:10:00,59.89,59.98,59.89,59.97,11537
3058,2024-04-09 05:05:00,59.97,60.05,59.88,59.88,17887
3059,2024-04-09 05:00:00,59.96,59.97,59.91,59.97,2091
3060,2024-04-09 04:55:00,59.97,60.01,59.95,59.97,3689
3061,2024-04-09 04:50:00,59.91,59.97,59.9,59.97,5139
3062,2024-04-09 04:45:00,59.94,59.95,59.85,59.92,6346
3063,2024-04-09 04:40:00,59.94,59.97,59.92,59.94,9388
3064,2024-04-09 04:35:00,59.91,59.96,59.89,59.94,7348
3065,2024-04-09 04:30:00,60.02,60.03,59.89,59.9,10043
3066,2024-04-09 04:25:00,60.0,60.04,59.97,60.03,6603
3067,2024-04-09 04:20:00,59.95,60.02,59.95,59.99,6589
3068,2024-04-09 04:15:00,59.85,59.95,59.85,59.95,8409
3069,2024-04-09 04:10:00,59.79,59.85,59.76,59.85,7881
3070,2024-04-09 04:05:00,59.85,59.87,59.74,59.8,12046
3071,2024-04-09 04:00:00,59.7,60.12,59.64,59.84,31832
3072,2024-04-08 19:55:00,59.97,59.98,59.91,59.93,14854
3073,2024-04-08 19:50:00,60.01,60.02,59.97,59.98,6419
3074,2024-04-08 19:45:00,60.0,60.03,59.99,60.02,4642
3075,2024-04-08 19:40:00,60.03,60.03,59.96,60.01,18200
3076,2024-04-08 19:35:00,60.02,60.03,60.01,60.03,4445
3077,2024-04-08 19:30:00,60.0,60.04,60.0,60.02,10005
3078,2024-04-08 19:25:00,59.99,60.02,59.99,60.01,5200
3079,2024-04-08 19:20:00,60.01,60.01,59.99,60.0,4682
3080,2024-04-08 19:15:00,60.03,60.04,60.0,60.01,5026
3081,2024-04-08 19:10:00,60.039,60.04,60.02,60.03,1370
3082,2024-04-08 19:05:00,60.04,60.05,60.02,60.02,5610
3083,2024-04-08 19:00:00,60.05,60.06,60.03,60.04,4580
3084,2024-04-08 18:55:00,60.06,60.06,60.04,60.05,2904
3085,2024-04-08 18:50:00,60.04,60.055,60.04,60.055,1176
3086,2024-04-08 18:45:00,60.04,60.06,60.03,60.04,2189
3087,2024-04-08 18:40:00,60.06,60.07,60.03,60.04,2625
3088,2024-04-08 18:35:00,60.08,60.08,60.04,60.05,5664
3089,2024-04-08 18:30:00,60.06,60.085,60.06,60.085,2816
3090,2024-04-08 18:25:00,60.06,60.08,60.06,60.07,1909
3091,2024-04-08 18:20:00,60.05,60.08,60.04,60.06,2402
3092,2024-04-08 18:15:00,60.05,60.06,60.02,60.06,8562
3093,2024-04-08 18:10:00,60.05,60.06,60.03,60.04,4271
3094,2024-04-08 18:05:00,60.07,60.07,60.06,60.06,4660
3095,2024-04-08 18:00:00,60.04,60.14,60.04,60.079,21212
3096,2024-04-08 17:55:00,60.05,60.06,60.04,60.05,1907
3097,2024-04-08 17:50:00,60.07,60.07,60.04,60.05,6947
3098,2024-04-08 17:45:00,60.04,60.07,60.04,60.06,15838
3099,2024-04-08 17:40:00,60.03,60.05,60.02,60.049,8138
3100,2024-04-08 17:35:00,60.02,60.03,60.01,60.03,1473
3101,2024-04-08 17:30:00,60.03,60.03,60.01,60.02,1212
3102,2024-04-08 17:25:00,60.0,60.03,59.99,60.03,5368
3103,2024-04-08 17:20:00,59.99,60.0,59.99,59.995,2634
3104,2024-04-08 17:15:00,60.0,60.0,59.99,59.99,1120
3105,2024-04-08 17:10:00,59.99,60.0,59.99,60.0,2784
3106,2024-04-08 17:05:00,60.02,60.02,59.99,60.0,10543
3107,2024-04-08 17:00:00,60.02,60.02,60.0,60.0,1028
3108,2024-04-08 16:55:00,60.01,60.02,59.99,60.02,7186
3109,2024-04-08 16:50:00,59.99,60.01,59.98,60.01,6444
3110,2024-04-08 16:45:00,60.0,60.02,59.9,59.99,16573
3111,2024-04-08 16:40:00,59.99,60.01,59.99,60.009,6102
3112,2024-04-08 16:35:00,59.97,60.0,59.96,60.0,7779
3113,2024-04-08 16:30:00,59.99,59.99,59.94,59.965,6602
3114,2024-04-08 16:25:00,60.02,60.02,59.99,59.99,8913
3115,2024-04-08 16:20:00,60.001,60.05,60.001,60.02,8781
3116,2024-04-08 16:15:00,59.9,60.05,59.9,60.01,14220
3117,2024-04-08 16:10:00,60.04,60.05,60.01,60.04,31724
3118,2024-04-08 16:05:00,59.99,60.06,59.97,60.03,65846
3119,2024-04-08 16:00:00,59.89,60.04,59.88,59.98,300115
3120,2024-04-08 15:55:00,59.89,59.915,59.78,59.89,1164666
3121,2024-04-08 15:50:00,59.99,59.995,59.8,59.89,832691
3122,2024-04-08 15:45:00,59.9,60.03,59.89,59.993,504079
3123,2024-04-08 15:40:00,60.07,60.09,59.835,59.905,691930
3124,2024-04-08 15:35:00,60.21,60.21,60.06,60.07,504892
3125,2024-04-08 15:30:00,60.07,60.23,60.05,60.21,570354
3126,2024-04-08 15:25:00,59.91,60.08,59.891,60.07,282351
3127,2024-04-08 15:20:00,60.01,60.05,59.875,59.905,230673
3128,2024-04-08 15:15:00,59.98,60.015,59.925,60.01,185656
3129,2024-04-08 15:10:00,59.97,60.05,59.95,59.98,305711
3130,2024-04-08 15:05:00,60.0,60.02,59.85,59.977,322221
3131,2024-04-08 15:00:00,60.1,60.13,59.975,60.0,307796
3132,2024-04-08 14:55:00,59.96,60.1,59.951,60.1,271950
3133,2024-04-08 14:50:00,59.935,59.99,59.87,59.965,195666
3134,2024-04-08 14:45:00,59.89,59.955,59.78,59.938,352401
3135,2024-04-08 14:40:00,59.89,59.92,59.835,59.88,194477
3136,2024-04-08 14:35:00,59.95,59.99,59.874,59.9,224448
3137,2024-04-08 14:30:00,60.06,60.06,59.95,59.955,227170
3138,2024-04-08 14:25:00,59.97,60.15,59.955,60.055,285823
3139,2024-04-08 14:20:00,60.08,60.14,59.94,59.961,395385
3140,2024-04-08 14:15:00,60.078,60.158,60.06,60.09,317604
3141,2024-04-08 14:10:00,60.088,60.11,60.01,60.077,337898
3142,2024-04-08 14:05:00,59.97,60.09,59.95,60.085,193530
3143,2024-04-08 14:00:00,60.002,60.1,59.934,59.976,405574
3144,2024-04-08 13:55:00,59.85,60.02,59.846,60.0,393634
3145,2024-04-08 13:50:00,59.79,59.86,59.75,59.85,206693
3146,2024-04-08 13:45:00,59.84,59.845,59.72,59.788,260093
3147,2024-04-08 13:40:00,59.88,59.92,59.74,59.845,344411
3148,2024-04-08 13:35:00,59.955,59.965,59.83,59.89,245072
3149,2024-04-08 13:30:00,60.04,60.05,59.93,59.955,149832
3150,2024-04-08 13:25:00,59.955,60.04,59.87,60.035,157370
3151,2024-04-08 13:20:00,59.925,59.97,59.85,59.953,219111
3152,2024-04-08 13:15:00,59.95,59.97,59.82,59.92,295754
3153,2024-04-08 13:10:00,60.0,60.04,59.9,59.943,415516
3154,2024-04-08 13:05:00,60.03,60.055,59.95,60.001,244669
3155,2024-04-08 13:00:00,60.085,60.11,59.995,60.02,279931
3156,2024-04-08 12:55:00,59.968,60.09,59.93,60.085,512545
3157,2024-04-08 12:50:00,59.918,59.985,59.881,59.97,280354
3158,2024-04-08 12:45:00,59.99,60.03,59.86,59.92,330104
3159,2024-04-08 12:40:00,59.86,60.02,59.845,59.98,413216
3160,2024-04-08 12:35:00,59.91,59.96,59.81,59.869,373202
3161,2024-04-08 12:30:00,59.75,59.915,59.703,59.91,393494
3162,2024-04-08 12:25:00,59.54,59.82,59.533,59.75,553268
3163,2024-04-08 12:20:00,59.76,59.78,59.46,59.55,603468
3164,2024-04-08 12:15:00,59.7,59.86,59.63,59.76,380696
3165,2024-04-08 12:10:00,59.825,59.854,59.61,59.7,465944
3166,2024-04-08 12:05:00,59.82,59.93,59.77,59.82,359206
3167,2024-04-08 12:00:00,59.94,59.94,59.76,59.81,353677
3168,2024-04-08 11:55:00,59.93,59.955,59.715,59.933,330013
3169,2024-04-08 11:50:00,59.95,60.01,59.87,59.93,416672
3170,2024-04-08 11:45:00,60.06,60.06,59.78,59.955,634814
3171,2024-04-08 11:40:00,60.07,60.11,59.98,60.063,337988
3172,2024-04-08 11:35:00,60.19,60.201,59.845,60.071,926027
3173,2024-04-08 11:30:00,60.27,60.27,60.07,60.2,514915
3174,2024-04-08 11:25:00,60.44,60.45,60.21,60.265,360125
3175,2024-04-08 11:20:00,60.35,60.465,60.265,60.44,357781
3176,2024-04-08 11:15:00,60.4,60.41,60.291,60.36,304870
3177,2024-04-08 11:10:00,60.36,60.47,60.33,60.4,385216
3178,2024-04-08 11:05:00,60.36,60.44,60.273,60.35,341144
3179,2024-04-08 11:00:00,60.56,60.63,60.175,60.36,830318
3180,2024-04-08 10:55:00,60.64,60.66,60.475,60.56,518503
3181,2024-04-08 10:50:00,60.53,60.64,60.53,60.63,543542
3182,2024-04-08 10:45:00,60.395,60.535,60.37,60.53,425613
3183,2024-04-08 10:40:00,60.45,60.48,60.32,60.39,497268
3184,2024-04-08 10:35:00,60.5,60.575,60.44,60.44,567972
3185,2024-04-08 10:30:00,60.33,60.66,60.31,60.497,1501792
3186,2024-04-08 10:25:00,60.15,60.334,60.085,60.32,971923
3187,2024-04-08 10:20:00,59.94,60.15,59.89,60.14,681792
3188,2024-04-08 10:15:00,60.01,60.13,59.89,59.94,781928
3189,2024-04-08 10:10:00,59.96,60.095,59.84,60.02,719020
3190,2024-04-08 10:05:00,59.91,60.05,59.7,59.96,979271
3191,2024-04-08 10:00:00,59.94,60.06,59.754,59.915,837411
3192,2024-04-08 09:55:00,59.9,60.01,59.82,59.94,633093
3193,2024-04-08 09:50:00,59.835,59.972,59.63,59.9,878157
3194,2024-04-08 09:45:00,59.74,59.93,59.71,59.835,952064
3195,2024-04-08 09:40:00,59.38,59.875,59.312,59.74,1749609
3196,2024-04-08 09:35:00,59.84,59.87,59.354,59.38,1461729
3197,2024-04-08 09:30:00,60.21,60.28,59.81,59.835,2041531
3198,2024-04-08 09:25:00,60.52,60.52,60.17,60.22,197349
3199,2024-04-08 09:20:00,60.47,60.53,60.45,60.515,94352
3200,2024-04-08 09:15:00,60.5,60.53,60.42,60.47,67515
3201,2024-04-08 09:10:00,60.48,60.5,60.43,60.5,43065
3202,2024-04-08 09:05:00,60.49,60.51,60.42,60.47,29509
3203,2024-04-08 09:00:00,60.49,60.58,60.46,60.51,97449
3204,2024-04-08 08:55:00,60.5,60.58,60.44,60.49,89632
3205,2024-04-08 08:50:00,60.42,60.55,58.41,60.49,133733
3206,2024-04-08 08:45:00,60.29,60.47,60.24,60.42,125062
3207,2024-04-08 08:40:00,60.23,60.3,60.23,60.28,101638
3208,2024-04-08 08:35:00,60.22,60.289,60.16,60.24,92448
3209,2024-04-08 08:30:00,60.17,60.22,60.1,60.22,47613
3210,2024-04-08 08:25:00,60.1,60.19,60.08,60.18,61350
3211,2024-04-08 08:20:00,60.19,60.19,60.07,60.1,61933
3212,2024-04-08 08:15:00,60.03,60.191,60.01,60.19,91812
3213,2024-04-08 08:10:00,59.86,60.03,59.84,60.021,30756
3214,2024-04-08 08:05:00,59.96,60.3,59.72,59.87,33029
3215,2024-04-08 08:00:00,60.16,60.33,59.439,59.82,335232
3216,2024-04-08 07:55:00,59.97,60.0,59.92,59.95,37012
3217,2024-04-08 07:50:00,59.89,60.0,59.88,59.97,31792
3218,2024-04-08 07:45:00,59.8,59.89,59.76,59.88,14002
3219,2024-04-08 07:40:00,59.9,59.92,59.75,59.81,45856
3220,2024-04-08 07:35:00,59.92,59.94,59.89,59.9,21101
3221,2024-04-08 07:30:00,59.96,59.96,59.86,59.9,31125
3222,2024-04-08 07:25:00,60.06,60.06,59.95,59.97,20624
3223,2024-04-08 07:20:00,60.08,60.08,60.01,60.06,25176
3224,2024-04-08 07:15:00,59.96,60.08,59.94,60.07,42113
3225,2024-04-08 07:10:00,60.06,60.07,59.95,59.95,25203
3226,2024-04-08 07:05:00,60.13,60.13,60.05,60.07,34716
3227,2024-04-08 07:00:00,60.04,60.16,60.03,60.13,65028
3228,2024-04-08 06:55:00,59.91,60.05,59.91,60.04,9943
3229,2024-04-08 06:50:00,59.92,59.95,59.87,59.91,12027
3230,2024-04-08 06:45:00,59.85,59.93,59.83,59.91,6525
3231,2024-04-08 06:40:00,59.82,59.85,59.76,59.85,8656
3232,2024-04-08 06:35:00,59.86,59.86,59.77,59.8,24483
3233,2024-04-08 06:30:00,59.93,59.94,59.87,59.87,20995
3234,2024-04-08 06:25:00,59.88,59.92,59.81,59.92,9513
3235,2024-04-08 06:20:00,59.77,59.89,59.76,59.88,17283
3236,2024-04-08 06:15:00,59.77,59.84,59.73,59.77,12625
3237,2024-04-08 06:10:00,59.84,59.84,59.72,59.77,18216
3238,2024-04-08 06:05:00,59.9,59.95,59.83,59.84,7036
3239,2024-04-08 06:00:00,59.96,59.98,59.83,59.9,21029
3240,2024-04-08 05:55:00,59.9,59.99,59.87,59.98,9099
3241,2024-04-08 05:50:00,59.97,59.98,59.9,59.9,19455
3242,2024-04-08 05:45:00,59.92,59.98,59.91,59.97,9175
3243,2024-04-08 05:40:00,59.83,59.93,59.78,59.93,18178
3244,2024-04-08 05:35:00,59.9,59.92,59.81,59.83,23573
3245,2024-04-08 05:30:00,59.93,59.96,59.86,59.89,20117
3246,2024-04-08 05:25:00,59.96,59.99,59.91,59.93,18420
3247,2024-04-08 05:20:00,59.84,59.96,59.81,59.96,11966
3248,2024-04-08 05:15:00,59.73,59.83,59.68,59.83,15540
3249,2024-04-08 05:10:00,59.68,59.8,59.68,59.74,16305
3250,2024-04-08 05:05:00,59.82,59.86,59.63,59.68,24345
3251,2024-04-08 05:00:00,59.66,59.82,59.57,59.8,32726
3252,2024-04-08 04:55:00,59.67,59.69,59.58,59.67,38840
3253,2024-04-08 04:50:00,59.82,59.82,59.66,59.7,19610
3254,2024-04-08 04:45:00,59.87,59.88,59.73,59.83,25320
3255,2024-04-08 04:40:00,59.91,59.94,59.87,59.89,18707
3256,2024-04-08 04:35:00,59.77,59.94,59.77,59.92,31552
3257,2024-04-08 04:30:00,59.65,59.81,59.56,59.78,22840
3258,2024-04-08 04:25:00,59.52,59.67,59.4,59.66,42708
3259,2024-04-08 04:20:00,59.89,59.89,59.46,59.51,67439
3260,2024-04-08 04:15:00,60.19,60.23,59.89,59.9,32211
3261,2024-04-08 04:10:00,60.17,60.19,60.12,60.19,12145
3262,2024-04-08 04:05:00,60.15,60.21,60.09,60.18,32914
3263,2024-04-08 04:00:00,60.16,60.24,59.99,60.14,56144
3264,2024-04-05 19:55:00,59.97,59.99,59.96,59.99,11099
3265,2024-04-05 19:50:00,59.97,59.97,59.96,59.96,5603
3266,2024-04-05 19:45:00,59.95,59.97,59.95,59.96,3844
3267,2024-04-05 19:40:00,59.95,59.98,59.95,59.95,3802
3268,2024-04-05 19:35:00,59.97,59.97,59.94,59.96,2884
3269,2024-04-05 19:30:00,59.93,59.97,59.92,59.97,27026
3270,2024-04-05 19:25:00,59.97,59.97,59.93,59.93,4317
3271,2024-04-05 19:20:00,59.97,59.98,59.96,59.97,1913
3272,2024-04-05 19:15:00,59.97,59.97,59.96,59.97,2181
3273,2024-04-05 19:10:00,59.96,59.97,59.95,59.97,1655
3274,2024-04-05 19:05:00,59.97,59.97,59.95,59.96,4572
3275,2024-04-05 19:00:00,59.99,59.99,59.97,59.98,3265
3276,2024-04-05 18:55:00,59.97,59.99,59.96,59.99,7463
3277,2024-04-05 18:50:00,59.99,59.99,59.98,59.98,2561
3278,2024-04-05 18:45:00,60.0,60.0,59.98,59.98,2634
3279,2024-04-05 18:40:00,60.0,60.0,59.99,60.0,748
3280,2024-04-05 18:35:00,59.98,60.0,59.98,59.99,4897
3281,2024-04-05 18:30:00,59.96,59.98,59.96,59.98,4081
3282,2024-04-05 18:25:00,59.96,59.97,59.95,59.96,899
3283,2024-04-05 18:20:00,59.93,59.97,59.92,59.96,6450
3284,2024-04-05 18:15:00,59.95,59.95,59.92,59.93,3105
3285,2024-04-05 18:10:00,59.94,59.95,59.93,59.95,4270
3286,2024-04-05 18:05:00,59.94,59.95,59.92,59.94,5624
3287,2024-04-05 18:00:00,59.94,59.94,59.91,59.93,2686
3288,2024-04-05 17:55:00,59.94,59.95,59.9,59.92,10166
3289,2024-04-05 17:50:00,59.94,59.96,59.93,59.93,24613
3290,2024-04-05 17:45:00,59.93,59.95,59.93,59.935,2384
3291,2024-04-05 17:40:00,59.95,59.95,59.93,59.93,2123
3292,2024-04-05 17:35:00,59.95,59.96,59.93,59.93,6048
3293,2024-04-05 17:30:00,59.97,59.988,59.95,59.95,7445
3294,2024-04-05 17:25:00,59.98,59.98,59.95,59.97,4036
3295,2024-04-05 17:20:00,59.99,60.01,59.94,59.98,5901
3296,2024-04-05 17:15:00,60.06,60.06,59.99,60.009,15551
3297,2024-04-05 17:10:00,60.03,60.1,60.02,60.05,29271
3298,2024-04-05 17:05:00,60.03,60.03,60.01,60.02,6423
3299,2024-04-05 17:00:00,60.01,60.06,60.01,60.03,27638
3300,2024-04-05 16:55:00,59.96,60.01,59.941,60.01,23373
3301,2024-04-05 16:50:00,59.94,59.98,59.92,59.96,48010
3302,2024-04-05 16:45:00,59.88,59.96,59.83,59.96,36635
3303,2024-04-05 16:40:00,59.88,59.88,59.85,59.88,35175
3304,2024-04-05 16:35:00,59.92,59.92,59.86,59.88,48944
3305,2024-04-05 16:30:00,59.88,59.94,59.88,59.92,34001
3306,2024-04-05 16:25:00,59.81,59.89,59.81,59.88,29139
3307,2024-04-05 16:20:00,59.8,59.82,59.77,59.811,47195
3308,2024-04-05 16:15:00,59.86,59.86,59.76,59.8,49085
3309,2024-04-05 16:10:00,59.79,59.82,59.76,59.77,97299
3310,2024-04-05 16:05:00,59.78,59.84,59.76,59.78,162038
3311,2024-04-05 16:00:00,59.85,59.86,59.75,59.78,532355
3312,2024-04-05 15:55:00,60.14,60.22,59.86,59.87,1606647
3313,2024-04-05 15:50:00,59.86,60.17,59.85,60.155,1397189
3314,2024-04-05 15:45:00,59.83,60.01,59.78,59.86,779119
3315,2024-04-05 15:40:00,59.915,59.96,59.79,59.83,629158
3316,2024-04-05 15:35:00,60.1,60.11,59.79,59.91,978974
3317,2024-04-05 15:30:00,59.8,60.13,59.75,60.11,900100
3318,2024-04-05 15:25:00,59.755,59.835,59.71,59.8,334156
3319,2024-04-05 15:20:00,59.85,59.88,59.665,59.76,486881
3320,2024-04-05 15:15:00,59.88,59.895,59.7,59.851,420459
3321,2024-04-05 15:10:00,59.715,59.89,59.69,59.878,496831
3322,2024-04-05 15:05:00,59.77,59.91,59.615,59.71,782203
3323,2024-04-05 15:00:00,59.71,59.775,59.62,59.77,483829
3324,2024-04-05 14:55:00,59.61,59.71,59.48,59.7,870748
3325,2024-04-05 14:50:00,59.62,59.76,59.53,59.61,540730
3326,2024-04-05 14:45:00,59.89,59.9,59.58,59.619,627171
3327,2024-04-05 14:40:00,60.02,60.095,59.72,59.885,677156
3328,2024-04-05 14:35:00,59.87,60.09,59.81,60.015,584029
3329,2024-04-05 14:30:00,59.72,59.988,59.72,59.87,667260
3330,2024-04-05 14:25:00,59.9,60.075,59.7,59.71,769663
3331,2024-04-05 14:20:00,60.04,60.31,59.885,59.9,1143139
3332,2024-04-05 14:15:00,60.033,60.139,60.0,60.04,495804
3333,2024-04-05 14:10:00,60.13,60.215,59.94,60.035,1056227
3334,2024-04-05 14:05:00,59.7,60.17,59.68,60.14,1253737
3335,2024-04-05 14:00:00,59.813,59.84,59.435,59.695,1822244
3336,2024-04-05 13:55:00,60.062,60.119,59.71,59.81,1212798
3337,2024-04-05 13:50:00,60.28,60.37,60.05,60.065,821073
3338,2024-04-05 13:45:00,60.39,60.4,60.214,60.295,583168
3339,2024-04-05 13:40:00,60.48,60.57,60.24,60.39,674409
3340,2024-04-05 13:35:00,60.68,60.69,60.47,60.47,421100
3341,2024-04-05 13:30:00,60.55,60.72,60.55,60.68,445579
3342,2024-04-05 13:25:00,60.55,60.579,60.47,60.547,290431
3343,2024-04-05 13:20:00,60.43,60.62,60.43,60.555,422202
3344,2024-04-05 13:15:00,60.342,60.47,60.335,60.43,391439
3345,2024-04-05 13:10:00,60.47,60.56,60.3,60.35,805565
3346,2024-04-05 13:05:00,60.71,60.71,60.41,60.46,703820
3347,2024-04-05 13:00:00,60.86,60.929,60.67,60.71,749739
3348,2024-04-05 12:55:00,60.56,60.92,60.54,60.867,1249286
3349,2024-04-05 12:50:00,60.44,60.6,60.44,60.565,318329
3350,2024-04-05 12:45:00,60.49,60.555,60.38,60.435,303154
3351,2024-04-05 12:40:00,60.59,60.59,60.435,60.47,345169
3352,2024-04-05 12:35:00,60.432,60.596,60.36,60.594,535378
3353,2024-04-05 12:30:00,60.445,60.51,60.235,60.44,871569
3354,2024-04-05 12:25:00,60.605,60.615,60.425,60.435,458075
3355,2024-04-05 12:20:00,60.58,60.62,60.39,60.61,926066
3356,2024-04-05 12:15:00,60.49,60.625,60.49,60.585,452112
3357,2024-04-05 12:10:00,60.505,60.57,60.45,60.49,523680
3358,2024-04-05 12:05:00,60.48,60.56,60.41,60.512,590121
3359,2024-04-05 12:00:00,60.45,60.62,60.441,60.49,831896
3360,2024-04-05 11:55:00,60.345,60.54,60.333,60.442,991352
3361,2024-04-05 11:50:00,60.17,60.37,60.16,60.35,745578
3362,2024-04-05 11:45:00,60.205,60.34,60.15,60.17,1015606
3363,2024-04-05 11:40:00,59.987,60.25,59.96,60.2,850547
3364,2024-04-05 11:35:00,59.68,60.03,59.68,59.985,753669
3365,2024-04-05 11:30:00,59.76,59.86,59.66,59.68,744761
3366,2024-04-05 11:25:00,59.63,59.775,59.51,59.76,717492
3367,2024-04-05 11:20:00,59.57,59.66,59.46,59.62,690530
3368,2024-04-05 11:15:00,59.65,59.65,59.3,59.58,1286184
3369,2024-04-05 11:10:00,59.82,59.935,59.58,59.66,953529
3370,2024-04-05 11:05:00,59.905,59.92,59.66,59.821,1198892
3371,2024-04-05 11:00:00,60.03,60.15,59.88,59.91,1474790
3372,2024-04-05 10:55:00,59.78,60.04,59.72,60.033,1012136
3373,2024-04-05 10:50:00,59.63,59.816,59.6,59.78,1088218
3374,2024-04-05 10:45:00,59.3,59.64,59.27,59.63,973462
3375,2024-04-05 10:40:00,59.16,59.37,59.1,59.304,508112
3376,2024-04-05 10:35:00,59.17,59.36,59.08,59.15,663751
3377,2024-04-05 10:30:00,59.02,59.215,58.91,59.17,896802
3378,2024-04-05 10:25:00,59.28,59.28,58.81,59.01,1374372
3379,2024-04-05 10:20:00,59.19,59.3,59.1,59.28,679057
3380,2024-04-05 10:15:00,59.365,59.45,59.15,59.2,940905
3381,2024-04-05 10:10:00,59.09,59.485,58.98,59.365,1273617
3382,2024-04-05 10:05:00,59.11,59.289,58.75,59.089,1558745
3383,2024-04-05 10:00:00,59.06,59.13,58.88,59.11,1156939
3384,2024-04-05 09:55:00,59.235,59.27,59.0,59.055,1337160
3385,2024-04-05 09:50:00,58.85,59.25,58.8,59.235,1661726
3386,2024-04-05 09:45:00,58.72,58.99,58.61,58.86,1532745
3387,2024-04-05 09:40:00,58.09,58.82,58.055,58.705,2203254
3388,2024-04-05 09:35:00,58.3,58.505,58.072,58.091,1590617
3389,2024-04-05 09:30:00,58.4,58.7,58.26,58.3,2209308
3390,2024-04-05 09:25:00,58.28,58.5,58.28,58.37,100059
3391,2024-04-05 09:20:00,58.29,58.39,58.23,58.28,69147
3392,2024-04-05 09:15:00,58.27,58.45,58.25,58.27,102742
3393,2024-04-05 09:10:00,58.36,58.39,58.25,58.28,87014
3394,2024-04-05 09:05:00,58.43,58.53,58.24,58.37,87862
3395,2024-04-05 09:00:00,58.45,58.68,58.33,58.43,249323
3396,2024-04-05 08:55:00,58.62,58.65,58.31,58.45,228228
3397,2024-04-05 08:50:00,58.47,58.69,58.39,58.61,194429
3398,2024-04-05 08:45:00,58.8,58.84,58.37,58.48,245569
3399,2024-04-05 08:40:00,58.43,58.88,58.35,58.77,327787
3400,2024-04-05 08:35:00,58.58,58.69,58.25,58.42,528099
3401,2024-04-05 08:30:00,58.53,58.64,57.52,58.56,1177911
3402,2024-04-05 08:25:00,58.43,58.567,58.401,58.53,108278
3403,2024-04-05 08:20:00,58.5,58.53,58.43,58.43,105032
3404,2024-04-05 08:15:00,58.43,58.5,58.43,58.49,53402
3405,2024-04-05 08:10:00,58.48,58.51,58.429,58.43,63918
3406,2024-04-05 08:05:00,58.19,58.61,58.03,58.47,88093
3407,2024-04-05 08:00:00,58.44,58.65,58.03,58.19,343888
3408,2024-04-05 07:55:00,58.51,58.52,58.45,58.46,44181
3409,2024-04-05 07:50:00,58.59,58.62,58.52,58.52,36858
3410,2024-04-05 07:45:00,58.6,58.62,58.57,58.59,38749
3411,2024-04-05 07:40:00,58.53,58.67,58.53,58.62,62731
3412,2024-04-05 07:35:00,58.4,58.57,58.4,58.54,71576
3413,2024-04-05 07:30:00,58.41,58.42,58.38,58.4,7948
3414,2024-04-05 07:25:00,58.43,58.43,58.35,58.41,29067
3415,2024-04-05 07:20:00,58.42,58.45,58.4,58.42,32743
3416,2024-04-05 07:15:00,58.37,58.42,58.36,58.41,12766
3417,2024-04-05 07:10:00,58.4,58.42,58.37,58.37,26207
3418,2024-04-05 07:05:00,58.4,58.44,58.39,58.41,25035
3419,2024-04-05 07:00:00,58.42,58.46,58.39,58.41,66577
3420,2024-04-05 06:55:00,58.41,58.44,58.38,58.41,4255
3421,2024-04-05 06:50:00,58.37,58.45,58.37,58.42,9142
3422,2024-04-05 06:45:00,58.39,58.39,58.35,58.37,6061
3423,2024-04-05 06:40:00,58.39,58.39,58.34,58.37,5692
3424,2024-04-05 06:35:00,58.32,58.41,58.32,58.39,5413
3425,2024-04-05 06:30:00,58.31,58.33,58.26,58.32,14905
3426,2024-04-05 06:25:00,58.33,58.36,58.31,58.32,3510
3427,2024-04-05 06:20:00,58.36,58.38,58.31,58.33,14338
3428,2024-04-05 06:15:00,58.33,58.36,58.32,58.36,3730
3429,2024-04-05 06:10:00,58.34,58.38,58.32,58.33,3790
3430,2024-04-05 06:05:00,58.36,58.38,58.31,58.32,10248
3431,2024-04-05 06:00:00,58.42,58.43,58.33,58.34,7541
3432,2024-04-05 05:55:00,58.46,58.48,58.4,58.42,24135
3433,2024-04-05 05:50:00,58.38,58.45,58.37,58.45,9672
3434,2024-04-05 05:45:00,58.33,58.37,58.31,58.36,4827
3435,2024-04-05 05:40:00,58.38,58.39,58.33,58.33,5111
3436,2024-04-05 05:35:00,58.35,58.39,58.32,58.38,4182
3437,2024-04-05 05:30:00,58.36,58.4,58.33,58.35,5080
3438,2024-04-05 05:25:00,58.35,58.37,58.32,58.36,7949
3439,2024-04-05 05:20:00,58.38,58.42,58.35,58.35,5895
3440,2024-04-05 05:15:00,58.41,58.42,58.31,58.38,15492
3441,2024-04-05 05:10:00,58.37,58.43,58.36,58.41,4817
3442,2024-04-05 05:05:00,58.39,58.41,58.34,58.37,7948
3443,2024-04-05 05:00:00,58.41,58.44,58.37,58.4,9138
3444,2024-04-05 04:55:00,58.33,58.43,58.25,58.41,16543
3445,2024-04-05 04:50:00,58.38,58.4,58.31,58.34,11633
3446,2024-04-05 04:45:00,58.37,58.39,58.33,58.38,22117
3447,2024-04-05 04:40:00,58.44,58.46,58.33,58.38,9227
3448,2024-04-05 04:35:00,58.43,58.47,58.41,58.41,9845
3449,2024-04-05 04:30:00,58.41,58.47,58.41,58.43,11075
3450,2024-04-05 04:25:00,58.31,58.42,58.3,58.41,10523
3451,2024-04-05 04:20:00,58.31,58.34,58.27,58.33,26671
3452,2024-04-05 04:15:00,58.31,58.38,58.26,58.31,29874
3453,2024-04-05 04:10:00,58.37,58.38,58.3,58.31,19355
3454,2024-04-05 04:05:00,58.48,58.51,58.37,58.37,32646
3455,2024-04-05 04:00:00,58.8,58.8,58.34,58.48,65016
3456,2024-04-04 19:55:00,58.01,58.01,57.96,57.96,53561
3457,2024-04-04 19:50:00,58.01,58.05,58.0,58.01,14385
3458,2024-04-04 19:45:00,57.99,58.02,57.98,58.02,44584
3459,2024-04-04 19:40:00,58.05,58.05,57.96,57.981,22228
3460,2024-04-04 19:35:00,58.03,58.07,58.03,58.04,33124
3461,2024-04-04 19:30:00,57.98,58.09,57.98,58.04,18049
3462,2024-04-04 19:25:00,58.0,58.02,57.9,57.97,31203
3463,2024-04-04 19:20:00,57.98,58.0,57.94,57.99,18046
3464,2024-04-04 19:15:00,58.03,58.04,57.93,57.98,46055
3465,2024-04-04 19:10:00,58.019,58.05,58.0,58.04,12576
3466,2024-04-04 19:05:00,58.09,58.1,57.99,58.02,24249
3467,2024-04-04 19:00:00,58.0,58.11,57.92,58.1,25367
3468,2024-04-04 18:55:00,57.98,58.04,57.97,58.0,14411
3469,2024-04-04 18:50:00,58.06,58.06,57.94,57.99,25958
3470,2024-04-04 18:45:00,58.12,58.13,58.03,58.07,27148
3471,2024-04-04 18:40:00,58.06,58.13,58.04,58.13,21459
3472,2024-04-04 18:35:00,58.12,58.13,58.01,58.05,32587
3473,2024-04-04 18:30:00,58.0,58.15,58.0,58.12,37104
3474,2024-04-04 18:25:00,57.92,58.02,57.81,57.99,30270
3475,2024-04-04 18:20:00,58.14,58.16,57.82,57.9,96210
3476,2024-04-04 18:15:00,58.19,58.2,58.12,58.15,49319
3477,2024-04-04 18:10:00,58.13,58.22,58.13,58.19,56489
3478,2024-04-04 18:05:00,58.1,58.13,58.04,58.13,16334
3479,2024-04-04 18:00:00,58.02,58.19,57.96,58.1,103428
3480,2024-04-04 17:55:00,58.02,58.05,58.01,58.03,29704
3481,2024-04-04 17:50:00,58.03,58.05,58.01,58.03,23479
3482,2024-04-04 17:45:00,58.059,58.07,58.02,58.03,21851
3483,2024-04-04 17:40:00,58.03,58.07,58.02,58.05,18747
3484,2024-04-04 17:35:00,58.04,58.07,58.02,58.02,29613
3485,2024-04-04 17:30:00,58.0,58.05,57.98,58.04,21500
3486,2024-04-04 17:25:00,58.01,58.01,57.95,58.0,37165
3487,2024-04-04 17:20:00,57.99,58.01,57.98,58.01,33680
3488,2024-04-04 17:15:00,57.94,57.99,57.93,57.99,33165
3489,2024-04-04 17:10:00,57.92,57.96,57.9,57.94,34360
3490,2024-04-04 17:05:00,57.849,57.92,57.84,57.9,35270
3491,2024-04-04 17:00:00,57.79,57.86,57.79,57.85,28727
3492,2024-04-04 16:55:00,57.789,57.8,57.76,57.8,37011
3493,2024-04-04 16:50:00,57.85,57.85,57.78,57.79,41058
3494,2024-04-04 16:45:00,57.79,57.85,57.79,57.85,62456
3495,2024-04-04 16:40:00,57.78,57.8,57.76,57.781,43348
3496,2024-04-04 16:35:00,57.7,57.8,57.69,57.78,73943
3497,2024-04-04 16:30:00,57.63,57.71,57.63,57.7,47056
3498,2024-04-04 16:25:00,57.7,57.71,57.612,57.64,66607
3499,2024-04-04 16:20:00,57.72,57.82,57.67,57.68,79716
3500,2024-04-04 16:15:00,57.92,57.93,57.62,57.719,148338
3501,2024-04-04 16:10:00,57.92,58.0,57.88,57.93,136647
3502,2024-04-04 16:05:00,58.0,58.03,57.86,57.91,275019
3503,2024-04-04 16:00:00,57.81,58.02,57.81,58.0,1133430
3504,2024-04-04 15:55:00,58.28,58.29,57.74,57.81,2423807
3505,2024-04-04 15:50:00,58.24,58.43,58.02,58.28,2460382
3506,2024-04-04 15:45:00,58.08,58.26,58.045,58.23,1642548
3507,2024-04-04 15:40:00,58.015,58.13,57.85,58.07,1533977
3508,2024-04-04 15:35:00,58.37,58.37,57.98,58.01,1684650
3509,2024-04-04 15:30:00,58.12,58.435,58.08,58.36,1956025
3510,2024-04-04 15:25:00,58.6,58.71,58.1,58.12,1805856
3511,2024-04-04 15:20:00,58.57,58.83,58.5,58.59,1531210
3512,2024-04-04 15:15:00,58.88,58.9,58.53,58.575,1816873
3513,2024-04-04 15:10:00,59.06,59.06,58.725,58.89,1891768
3514,2024-04-04 15:05:00,58.79,59.16,58.79,59.06,1871385
3515,2024-04-04 15:00:00,59.27,59.27,58.73,58.78,3074246
3516,2024-04-04 14:55:00,59.55,59.565,59.1,59.28,2502569
3517,2024-04-04 14:50:00,59.83,59.83,59.47,59.545,1135620
3518,2024-04-04 14:45:00,59.47,59.85,59.445,59.83,1668399
3519,2024-04-04 14:40:00,60.11,60.11,59.4,59.46,2103292
3520,2024-04-04 14:35:00,59.73,60.255,59.73,60.118,2635163
3521,2024-04-04 14:30:00,60.33,60.33,59.65,59.73,4157302
3522,2024-04-04 14:25:00,60.985,61.0,60.26,60.335,1579541
3523,2024-04-04 14:20:00,60.82,61.01,60.72,60.98,1443780
3524,2024-04-04 14:15:00,61.13,61.15,60.735,60.83,1640241
3525,2024-04-04 14:10:00,61.51,61.515,61.11,61.12,2387535
3526,2024-04-04 14:05:00,61.8,61.81,61.48,61.504,1764237
3527,2024-04-04 14:00:00,61.92,61.93,61.78,61.81,854056
3528,2024-04-04 13:55:00,62.08,62.11,61.83,61.93,649001
3529,2024-04-04 13:50:00,62.07,62.145,62.05,62.084,393439
3530,2024-04-04 13:45:00,62.15,62.19,61.97,62.08,594779
3531,2024-04-04 13:40:00,62.32,62.32,62.11,62.15,418067
3532,2024-04-04 13:35:00,62.33,62.385,62.305,62.32,206776
3533,2024-04-04 13:30:00,62.36,62.385,62.28,62.34,299683
3534,2024-04-04 13:25:00,62.375,62.42,62.34,62.351,114342
3535,2024-04-04 13:20:00,62.41,62.42,62.35,62.378,243652
3536,2024-04-04 13:15:00,62.46,62.469,62.39,62.415,170036
3537,2024-04-04 13:10:00,62.465,62.49,62.425,62.455,142866
3538,2024-04-04 13:05:00,62.39,62.47,62.38,62.46,156922
3539,2024-04-04 13:00:00,62.5,62.52,62.38,62.393,314687
3540,2024-04-04 12:55:00,62.575,62.59,62.43,62.505,394125
3541,2024-04-04 12:50:00,62.507,62.6,62.49,62.575,300543
3542,2024-04-04 12:45:00,62.5,62.57,62.48,62.505,261389
3543,2024-04-04 12:40:00,62.52,62.56,62.481,62.51,228596
3544,2024-04-04 12:35:00,62.475,62.548,62.45,62.53,209357
3545,2024-04-04 12:30:00,62.48,62.5,62.43,62.476,193450
3546,2024-04-04 12:25:00,62.465,62.49,62.44,62.48,198359
3547,2024-04-04 12:20:00,62.44,62.52,62.41,62.47,625707
3548,2024-04-04 12:15:00,62.44,62.47,62.4,62.44,293156
3549,2024-04-04 12:10:00,62.524,62.59,62.43,62.438,1038106
3550,2024-04-04 12:05:00,62.4,62.56,62.395,62.529,939164
3551,2024-04-04 12:00:00,62.3,62.4,62.26,62.394,608672
3552,2024-04-04 11:55:00,62.229,62.29,62.205,62.29,358314
3553,2024-04-04 11:50:00,62.135,62.23,62.135,62.22,412296
3554,2024-04-04 11:45:00,62.15,62.18,62.07,62.13,369888
3555,2024-04-04 11:40:00,62.07,62.16,62.065,62.14,559267
3556,2024-04-04 11:35:00,61.97,62.08,61.96,62.065,331146
3557,2024-04-04 11:30:00,61.98,62.04,61.94,61.97,442558
3558,2024-04-04 11:25:00,61.875,61.98,61.82,61.971,474766
3559,2024-04-04 11:20:00,61.811,61.895,61.805,61.87,357547
3560,2024-04-04 11:15:00,61.79,61.87,61.76,61.815,295717
3561,2024-04-04 11:10:00,61.94,61.986,61.78,61.8,463147
3562,2024-04-04 11:05:00,61.958,62.04,61.895,61.94,316750
3563,2024-04-04 11:00:00,61.96,62.03,61.95,61.955,393493
3564,2024-04-04 10:55:00,61.9,62.0,61.88,61.97,471203
3565,2024-04-04 10:50:00,62.0,62.01,61.85,61.895,341226
3566,2024-04-04 10:45:00,62.0,62.03,61.95,62.005,233408
3567,2024-04-04 10:40:00,61.97,62.03,61.93,62.0,321126
3568,2024-04-04 10:35:00,61.86,61.985,61.83,61.975,444997
3569,2024-04-04 10:30:00,62.04,62.074,61.83,61.86,463118
3570,2024-04-04 10:25:00,61.922,62.07,61.86,62.04,542268
3571,2024-04-04 10:20:00,62.055,62.1,61.81,61.92,1011557
3572,2024-04-04 10:15:00,62.125,62.185,62.02,62.051,443052
3573,2024-04-04 10:10:00,62.19,62.25,62.065,62.12,588632
3574,2024-04-04 10:05:00,62.1,62.23,62.07,62.19,480560
3575,2024-04-04 10:00:00,62.12,62.25,62.09,62.091,721266
3576,2024-04-04 09:55:00,62.12,62.17,62.0,62.12,786594
3577,2024-04-04 09:50:00,62.295,62.33,62.02,62.11,1049888
3578,2024-04-04 09:45:00,62.31,62.41,62.21,62.29,939145
3579,2024-04-04 09:40:00,62.28,62.43,62.24,62.31,1224379
3580,2024-04-04 09:35:00,62.44,62.61,62.21,62.28,1879406
3581,2024-04-04 09:30:00,62.35,62.45,62.24,62.43,2129351
3582,2024-04-04 09:25:00,62.37,62.41,62.29,62.36,209159
3583,2024-04-04 09:20:00,62.37,62.38,62.34,62.371,85267
3584,2024-04-04 09:15:00,62.37,62.43,62.32,62.375,125241
3585,2024-04-04 09:10:00,62.32,62.45,62.32,62.37,125506
3586,2024-04-04 09:05:00,62.29,62.35,62.27,62.31,104530
3587,2024-04-04 09:00:00,62.3,62.36,62.24,62.29,153981
3588,2024-04-04 08:55:00,62.19,62.35,62.19,62.29,176362
3589,2024-04-04 08:50:00,62.061,62.24,62.05,62.2,164370
3590,2024-04-04 08:45:00,61.83,62.11,61.83,62.061,206597
3591,2024-04-04 08:40:00,61.81,61.88,61.8,61.82,106693
3592,2024-04-04 08:35:00,61.7,61.81,61.7,61.81,145967
3593,2024-04-04 08:30:00,61.52,61.73,60.095,61.7,248815
3594,2024-04-04 08:25:00,61.46,61.52,61.44,61.47,52235
3595,2024-04-04 08:20:00,61.43,61.48,61.42,61.46,15416
3596,2024-04-04 08:15:00,61.51,61.51,61.43,61.44,14084
3597,2024-04-04 08:10:00,61.48,61.51,61.43,61.51,16253
3598,2024-04-04 08:05:00,61.46,61.54,61.45,61.461,26764
3599,2024-04-04 08:00:00,61.56,61.585,61.07,61.465,230617
3600,2024-04-04 07:55:00,61.48,61.5,61.46,61.5,9433
3601,2024-04-04 07:50:00,61.45,61.5,61.429,61.48,16153
3602,2024-04-04 07:45:00,61.44,61.51,61.43,61.46,17424
3603,2024-04-04 07:40:00,61.46,61.52,61.42,61.44,18847
3604,2024-04-04 07:35:00,61.44,61.5,61.43,61.46,9985
3605,2024-04-04 07:30:00,61.48,61.52,61.43,61.44,30062
3606,2024-04-04 07:25:00,61.47,61.49,61.45,61.49,7305
3607,2024-04-04 07:20:00,61.52,61.57,61.46,61.47,14843
3608,2024-04-04 07:15:00,61.54,61.55,61.52,61.521,6041
3609,2024-04-04 07:10:00,61.57,61.58,61.52,61.54,15755
3610,2024-04-04 07:05:00,61.54,61.57,61.52,61.57,25876
3611,2024-04-04 07:00:00,61.58,61.59,61.52,61.55,41443
3612,2024-04-04 06:55:00,61.51,61.59,61.5,61.57,16329
3613,2024-04-04 06:50:00,61.46,61.52,61.44,61.51,1959
3614,2024-04-04 06:45:00,61.41,61.47,61.41,61.46,6386
3615,2024-04-04 06:40:00,61.37,61.43,61.37,61.43,5142
3616,2024-04-04 06:35:00,61.46,61.47,61.37,61.37,8540
3617,2024-04-04 06:30:00,61.5,61.51,61.46,61.46,8995
3618,2024-04-04 06:25:00,61.53,61.55,61.5,61.51,4468
3619,2024-04-04 06:20:00,61.5,61.56,61.48,61.54,6351
3620,2024-04-04 06:15:00,61.53,61.54,61.49,61.5,8483
3621,2024-04-04 06:10:00,61.47,61.54,61.47,61.52,3234
3622,2024-04-04 06:05:00,61.43,61.47,61.42,61.46,3087
3623,2024-04-04 06:00:00,61.51,61.52,61.44,61.44,5580
3624,2024-04-04 05:55:00,61.51,61.53,61.5,61.5,2067
3625,2024-04-04 05:50:00,61.47,61.53,61.46,61.52,15012
3626,2024-04-04 05:45:00,61.54,61.54,61.46,61.46,4449
3627,2024-04-04 05:40:00,61.46,61.53,61.45,61.53,3705
3628,2024-04-04 05:35:00,61.51,61.52,61.47,61.47,947
3629,2024-04-04 05:30:00,61.52,61.52,61.48,61.51,5661
3630,2024-04-04 05:25:00,61.53,61.55,61.5,61.52,8823
3631,2024-04-04 05:20:00,61.47,61.54,61.47,61.54,8222
3632,2024-04-04 05:15:00,61.44,61.49,61.43,61.47,6608
3633,2024-04-04 05:10:00,61.39,61.44,61.36,61.44,4539
3634,2024-04-04 05:05:00,61.4,61.42,61.38,61.38,2583
3635,2024-04-04 05:00:00,61.42,61.44,61.4,61.41,4831
3636,2024-04-04 04:55:00,61.48,61.48,61.41,61.41,4783
3637,2024-04-04 04:50:00,61.43,61.5,61.42,61.5,4374
3638,2024-04-04 04:45:00,61.43,61.46,61.41,61.44,8794
3639,2024-04-04 04:40:00,61.45,61.47,61.43,61.43,13702
3640,2024-04-04 04:35:00,61.52,61.56,61.44,61.44,7293
3641,2024-04-04 04:30:00,61.49,61.57,61.49,61.5,13812
3642,2024-04-04 04:25:00,61.47,61.52,61.45,61.49,8334
3643,2024-04-04 04:20:00,61.49,61.49,61.42,61.48,2668
3644,2024-04-04 04:15:00,61.43,61.52,61.38,61.51,53082
3645,2024-04-04 04:10:00,61.46,61.48,61.44,61.44,77415
3646,2024-04-04 04:05:00,61.39,61.48,61.39,61.46,61304
3647,2024-04-04 04:00:00,61.36,61.41,61.25,61.39,70731
3648,2024-04-03 19:55:00,61.32,61.36,61.28,61.36,86058
3649,2024-04-03 19:50:00,61.33,61.38,61.3,61.33,26388
3650,2024-04-03 19:45:00,61.34,61.36,61.26,61.3,47363
3651,2024-04-03 19:40:00,61.32,61.36,61.31,61.35,69349
3652,2024-04-03 19:35:00,61.38,61.39,61.27,61.32,96631
3653,2024-04-03 19:30:00,61.11,61.75,61.11,61.39,210958
3654,2024-04-03 19:25:00,60.98,61.11,60.97,61.1,27170
3655,2024-04-03 19:20:00,60.94,60.98,60.94,60.98,8327
3656,2024-04-03 19:15:00,60.93,60.95,60.93,60.95,25407
3657,2024-04-03 19:10:00,60.88,60.92,60.87,60.92,8537
3658,2024-04-03 19:05:00,60.84,60.89,60.83,60.89,7568
3659,2024-04-03 19:00:00,60.82,60.85,60.82,60.85,3760
3660,2024-04-03 18:55:00,60.82,60.84,60.81,60.82,5679
3661,2024-04-03 18:50:00,60.81,60.82,60.81,60.82,10624
3662,2024-04-03 18:45:00,60.81,60.83,60.8,60.82,10338
3663,2024-04-03 18:40:00,60.8,60.82,60.8,60.8,9161
3664,2024-04-03 18:35:00,60.79,60.83,60.77,60.82,9769
3665,2024-04-03 18:30:00,60.8,60.8,60.75,60.78,5535
3666,2024-04-03 18:25:00,60.78,60.8,60.77,60.8,2083
3667,2024-04-03 18:20:00,60.75,60.78,60.75,60.78,14567
3668,2024-04-03 18:15:00,60.76,60.77,60.74,60.76,5432
3669,2024-04-03 18:10:00,60.77,60.78,60.75,60.77,8056
3670,2024-04-03 18:05:00,60.74,60.78,60.74,60.77,3360
3671,2024-04-03 18:00:00,60.85,60.85,60.73,60.74,29091
3672,2024-04-03 17:55:00,60.84,60.86,60.84,60.85,3903
3673,2024-04-03 17:50:00,60.83,60.84,60.82,60.84,5998
3674,2024-04-03 17:45:00,60.81,60.84,60.81,60.83,8670
3675,2024-04-03 17:40:00,60.85,60.85,60.81,60.82,11179
3676,2024-04-03 17:35:00,60.84,60.85,60.83,60.85,1274
3677,2024-04-03 17:30:00,60.84,60.85,60.81,60.83,2883
3678,2024-04-03 17:25:00,60.83,60.854,60.81,60.84,7258
3679,2024-04-03 17:20:00,60.85,60.86,60.83,60.84,9255
3680,2024-04-03 17:15:00,60.84,60.87,60.83,60.85,10358
3681,2024-04-03 17:10:00,60.83,60.84,60.81,60.83,9207
3682,2024-04-03 17:05:00,60.83,60.84,60.82,60.83,5834
3683,2024-04-03 17:00:00,60.82,60.83,60.81,60.82,6578
3684,2024-04-03 16:55:00,60.85,60.87,60.825,60.825,10553
3685,2024-04-03 16:50:00,60.88,60.88,60.85,60.86,5870
3686,2024-04-03 16:45:00,60.87,60.88,60.85,60.86,12675
3687,2024-04-03 16:40:00,60.85,60.88,60.85,60.86,16812
3688,2024-04-03 16:35:00,60.82,60.86,60.81,60.85,10551
3689,2024-04-03 16:30:00,60.86,60.86,60.82,60.82,17703
3690,2024-04-03 16:25:00,60.83,60.86,60.82,60.86,45748
3691,2024-04-03 16:20:00,60.84,60.84,60.81,60.83,34931
3692,2024-04-03 16:15:00,60.68,60.9,60.68,60.84,31077
3693,2024-04-03 16:10:00,60.82,60.89,60.82,60.85,42241
3694,2024-04-03 16:05:00,60.87,60.9,60.81,60.82,92028
3695,2024-04-03 16:00:00,60.65,60.95,60.64,60.88,1005285
3696,2024-04-03 15:55:00,60.64,60.74,60.5,60.651,1197918
3697,2024-04-03 15:50:00,60.69,60.73,60.58,60.65,1096402
3698,2024-04-03 15:45:00,60.57,60.705,60.57,60.69,498701
3699,2024-04-03 15:40:00,60.57,60.615,60.49,60.57,397609
3700,2024-04-03 15:35:00,60.39,60.62,60.39,60.57,967511
3701,2024-04-03 15:30:00,60.3,60.39,60.13,60.385,706734
3702,2024-04-03 15:25:00,60.26,60.37,60.17,60.3,553992
3703,2024-04-03 15:20:00,60.42,60.5,60.22,60.25,613742
3704,2024-04-03 15:15:00,60.4,60.545,60.005,60.41,1728240
3705,2024-04-03 15:10:00,60.9,60.915,60.322,60.395,1438240
3706,2024-04-03 15:05:00,60.86,60.94,60.84,60.896,310454
3707,2024-04-03 15:00:00,60.93,60.93,60.82,60.867,330684
3708,2024-04-03 14:55:00,60.985,61.04,60.87,60.93,360842
3709,2024-04-03 14:50:00,60.995,61.037,60.895,60.987,357191
3710,2024-04-03 14:45:00,61.12,61.12,60.99,61.0,235784
3711,2024-04-03 14:40:00,61.14,61.21,61.07,61.11,259979
3712,2024-04-03 14:35:00,61.06,61.18,61.06,61.14,449503
3713,2024-04-03 14:30:00,61.03,61.07,60.94,61.06,599026
3714,2024-04-03 14:25:00,61.13,61.13,61.03,61.03,234116
3715,2024-04-03 14:20:00,61.12,61.17,61.09,61.14,160542
3716,2024-04-03 14:15:00,61.14,61.17,61.01,61.12,445959
3717,2024-04-03 14:10:00,61.219,61.26,61.13,61.135,214858
3718,2024-04-03 14:05:00,61.117,61.25,61.095,61.22,214894
3719,2024-04-03 14:00:00,61.12,61.14,61.07,61.12,174447
3720,2024-04-03 13:55:00,61.165,61.18,61.08,61.12,171497
3721,2024-04-03 13:50:00,61.18,61.26,61.16,61.17,272308
3722,2024-04-03 13:45:00,61.1,61.2,61.085,61.176,174676
3723,2024-04-03 13:40:00,61.037,61.15,61.035,61.115,154302
3724,2024-04-03 13:35:00,61.14,61.15,61.03,61.03,224839
3725,2024-04-03 13:30:00,61.18,61.2,61.09,61.142,233264
3726,2024-04-03 13:25:00,61.133,61.2,61.133,61.18,188238
3727,2024-04-03 13:20:00,61.116,61.19,61.06,61.13,245520
3728,2024-04-03 13:15:00,61.11,61.13,61.02,61.12,258417
3729,2024-04-03 13:10:00,61.09,61.155,61.085,61.11,250414
3730,2024-04-03 13:05:00,61.08,61.13,61.04,61.085,256456
3731,2024-04-03 13:00:00,61.07,61.2,61.03,61.09,388829
3732,2024-04-03 12:55:00,61.2,61.23,61.065,61.065,362712
3733,2024-04-03 12:50:00,61.11,61.26,61.07,61.176,458738
3734,2024-04-03 12:45:00,61.1,61.165,61.05,61.1,493188
3735,2024-04-03 12:40:00,60.72,61.155,60.72,61.11,807488
3736,2024-04-03 12:35:00,61.258,61.277,60.67,60.719,1726899
3737,2024-04-03 12:30:00,61.22,61.34,61.18,61.25,573815
3738,2024-04-03 12:25:00,61.18,61.22,61.09,61.212,492001
3739,2024-04-03 12:20:00,61.11,61.2,61.06,61.175,717159
3740,2024-04-03 12:15:00,60.94,61.11,60.85,61.105,828164
3741,2024-04-03 12:10:00,60.88,60.97,60.73,60.94,1333016
3742,2024-04-03 12:05:00,60.82,60.898,60.79,60.89,526721
3743,2024-04-03 12:00:00,60.995,60.998,60.79,60.83,822642
3744,2024-04-03 11:55:00,61.02,61.04,60.934,60.99,623155
3745,2024-04-03 11:50:00,61.265,61.27,61.01,61.03,843971
3746,2024-04-03 11:45:00,61.34,61.355,61.22,61.263,568563
3747,2024-04-03 11:40:00,61.32,61.425,61.31,61.35,337263
3748,2024-04-03 11:35:00,61.33,61.405,61.3,61.32,465559
3749,2024-04-03 11:30:00,61.365,61.46,61.32,61.32,451933
3750,2024-04-03 11:25:00,61.365,61.44,61.34,61.36,304311
3751,2024-04-03 11:20:00,61.3,61.374,61.28,61.37,415440
3752,2024-04-03 11:15:00,61.4,61.43,61.26,61.3,771608
3753,2024-04-03 11:10:00,61.3,61.418,61.265,61.4,541759
3754,2024-04-03 11:05:00,61.27,61.335,61.26,61.29,409952
3755,2024-04-03 11:00:00,61.25,61.33,61.21,61.27,727353
3756,2024-04-03 10:55:00,61.104,61.29,61.1,61.245,711821
3757,2024-04-03 10:50:00,61.06,61.15,61.06,61.105,593540
3758,2024-04-03 10:45:00,61.13,61.14,61.03,61.06,500050
3759,2024-04-03 10:40:00,61.04,61.14,60.98,61.12,760392
3760,2024-04-03 10:35:00,61.105,61.2,61.0,61.039,677325
3761,2024-04-03 10:30:00,61.05,61.215,61.01,61.12,901560
3762,2024-04-03 10:25:00,60.95,61.14,60.924,61.05,759400
3763,2024-04-03 10:20:00,60.865,61.02,60.8,60.95,907758
3764,2024-04-03 10:15:00,60.68,60.87,60.68,60.87,1116041
3765,2024-04-03 10:10:00,60.3,60.68,60.265,60.675,1227639
3766,2024-04-03 10:05:00,60.5,60.666,60.27,60.29,1544736
3767,2024-04-03 10:00:00,59.71,60.51,59.7,60.504,2599179
3768,2024-04-03 09:55:00,59.8,59.825,59.59,59.69,749663
3769,2024-04-03 09:50:00,59.655,59.81,59.64,59.804,659304
3770,2024-04-03 09:45:00,59.57,59.79,59.53,59.655,874861
3771,2024-04-03 09:40:00,59.722,59.785,59.54,59.573,900123
3772,2024-04-03 09:35:00,59.69,59.825,59.64,59.705,1120548
3773,2024-04-03 09:30:00,59.4,59.73,59.38,59.68,1462683
3774,2024-04-03 09:25:00,59.39,59.429,59.32,59.39,84007
3775,2024-04-03 09:20:00,59.53,59.56,59.35,59.4,94845
3776,2024-04-03 09:15:00,59.57,59.61,59.46,59.53,58945
3777,2024-04-03 09:10:00,59.71,59.72,59.55,59.58,44059
3778,2024-04-03 09:05:00,59.74,59.81,59.68,59.73,50647
3779,2024-04-03 09:00:00,59.66,59.76,59.64,59.74,61043
3780,2024-04-03 08:55:00,59.7,59.74,59.6,59.68,82871
3781,2024-04-03 08:50:00,59.615,59.71,59.49,59.7,189159
3782,2024-04-03 08:45:00,59.75,59.75,59.6,59.6,128494
3783,2024-04-03 08:40:00,59.78,59.79,59.68,59.74,36845
3784,2024-04-03 08:35:00,59.71,59.78,59.65,59.78,70027
3785,2024-04-03 08:30:00,59.64,59.73,59.59,59.7,77885
3786,2024-04-03 08:25:00,59.869,59.91,59.61,59.65,199482
3787,2024-04-03 08:20:00,60.01,60.05,59.86,59.87,53315
3788,2024-04-03 08:15:00,60.08,60.08,59.94,60.02,85673
3789,2024-04-03 08:10:00,60.18,60.18,60.03,60.08,24259
3790,2024-04-03 08:05:00,60.13,60.19,60.109,60.179,30459
3791,2024-04-03 08:00:00,59.78,60.16,59.529,60.14,258739
3792,2024-04-03 07:55:00,60.04,60.08,59.99,60.04,16228
3793,2024-04-03 07:50:00,59.86,60.08,59.85,60.04,41942
3794,2024-04-03 07:45:00,59.89,59.93,59.83,59.85,24871
3795,2024-04-03 07:40:00,59.98,59.99,59.89,59.89,20983
3796,2024-04-03 07:35:00,60.03,60.04,59.97,59.98,41758
3797,2024-04-03 07:30:00,59.96,60.08,59.95,60.02,78569
3798,2024-04-03 07:25:00,59.92,59.98,59.88,59.969,15954
3799,2024-04-03 07:20:00,59.88,59.99,59.85,59.93,27175
3800,2024-04-03 07:15:00,59.87,59.96,59.86,59.88,11885
3801,2024-04-03 07:10:00,59.75,59.86,59.74,59.86,10327
3802,2024-04-03 07:05:00,59.86,59.89,59.74,59.75,14803
3803,2024-04-03 07:00:00,59.69,59.87,59.68,59.85,24885
3804,2024-04-03 06:55:00,59.69,59.69,59.63,59.68,23319
3805,2024-04-03 06:50:00,59.68,59.69,59.64,59.69,11953
3806,2024-04-03 06:45:00,59.62,59.68,59.6,59.68,6611
3807,2024-04-03 06:40:00,59.54,59.63,59.53,59.62,2801
3808,2024-04-03 06:35:00,59.6,59.63,59.53,59.54,22428
3809,2024-04-03 06:30:00,59.64,59.7,59.57,59.6,12577
3810,2024-04-03 06:25:00,59.71,59.71,59.64,59.65,5269
3811,2024-04-03 06:20:00,59.76,59.78,59.71,59.71,2424
3812,2024-04-03 06:15:00,59.7,59.76,59.7,59.76,7622
3813,2024-04-03 06:10:00,59.73,59.74,59.66,59.71,6819
3814,2024-04-03 06:05:00,59.68,59.76,59.67,59.73,6519
3815,2024-04-03 06:00:00,59.66,59.71,59.63,59.69,6962
3816,2024-04-03 05:55:00,59.7,59.71,59.65,59.66,8989
3817,2024-04-03 05:50:00,59.78,59.78,59.69,59.7,11577
3818,2024-04-03 05:45:00,59.85,59.85,59.76,59.76,6185
3819,2024-04-03 05:40:00,59.83,59.86,59.81,59.84,938
3820,2024-04-03 05:35:00,59.82,59.86,59.79,59.83,4117
3821,2024-04-03 05:30:00,59.72,59.82,59.72,59.82,7847
3822,2024-04-03 05:25:00,59.82,59.82,59.71,59.71,14845
3823,2024-04-03 05:20:00,59.93,59.93,59.82,59.82,11365
3824,2024-04-03 05:15:00,59.92,59.93,59.89,59.92,1704
3825,2024-04-03 05:10:00,59.89,59.96,59.86,59.93,6376
3826,2024-04-03 05:05:00,59.86,59.89,59.85,59.88,4389
3827,2024-04-03 05:00:00,59.88,59.9,59.81,59.83,11349
3828,2024-04-03 04:55:00,59.97,59.97,59.88,59.88,3718
3829,2024-04-03 04:50:00,60.01,60.01,59.96,59.97,8636
3830,2024-04-03 04:45:00,59.88,60.03,59.88,60.03,19872
3831,2024-04-03 04:40:00,59.86,59.89,59.83,59.88,4408
3832,2024-04-03 04:35:00,59.86,59.9,59.81,59.87,6352
3833,2024-04-03 04:30:00,59.82,59.93,59.81,59.86,5261
3834,2024-04-03 04:25:00,59.82,59.85,59.79,59.82,4671
3835,2024-04-03 04:20:00,59.84,59.87,59.77,59.81,8249
3836,2024-04-03 04:15:00,59.81,59.86,59.75,59.82,8352
3837,2024-04-03 04:10:00,59.82,59.82,59.73,59.82,8871
3838,2024-04-03 04:05:00,59.82,59.86,59.71,59.82,23159
3839,2024-04-03 04:00:00,59.72,60.12,59.69,59.83,34110
3840,2024-04-02 19:55:00,60.24,60.27,60.24,60.26,24036
3841,2024-04-02 19:50:00,60.245,60.25,60.22,60.25,14485
3842,2024-04-02 19:45:00,60.29,60.3,60.24,60.25,7792
3843,2024-04-02 19:40:00,60.3,60.31,60.25,60.28,11561
3844,2024-04-02 19:35:00,60.3,60.3,60.28,60.3,32275
3845,2024-04-02 19:30:00,60.29,60.3,60.27,60.3,11770
3846,2024-04-02 19:25:00,60.28,60.29,60.27,60.29,3667
3847,2024-04-02 19:20:00,60.28,60.29,60.27,60.28,4430
3848,2024-04-02 19:15:00,60.26,60.28,60.25,60.28,6431
3849,2024-04-02 19:10:00,60.24,60.27,60.24,60.25,12812
3850,2024-04-02 19:05:00,60.23,60.25,60.22,60.24,27067
3851,2024-04-02 19:00:00,60.24,60.25,60.22,60.24,15070
3852,2024-04-02 18:55:00,60.24,60.25,60.22,60.24,17528
3853,2024-04-02 18:50:00,60.28,60.28,60.22,60.23,10676
3854,2024-04-02 18:45:00,60.28,60.29,60.26,60.26,13389
3855,2024-04-02 18:40:00,60.3,60.33,60.27,60.28,6518
3856,2024-04-02 18:35:00,60.31,60.31,60.3,60.3,5298
3857,2024-04-02 18:30:00,60.3,60.319,60.27,60.31,12533
3858,2024-04-02 18:25:00,60.3,60.31,60.26,60.3,8755
3859,2024-04-02 18:20:00,60.3,60.33,60.27,60.3,8222
3860,2024-04-02 18:15:00,60.29,60.29,60.26,60.286,9924
3861,2024-04-02 18:10:00,60.32,60.33,60.27,60.3,19704
3862,2024-04-02 18:05:00,60.33,60.33,60.29,60.33,19987
3863,2024-04-02 18:00:00,60.38,60.4,60.33,60.33,14015
3864,2024-04-02 17:55:00,60.395,60.4,60.38,60.39,2497
3865,2024-04-02 17:50:00,60.39,60.4,60.38,60.39,3629
3866,2024-04-02 17:45:00,60.4,60.4,60.38,60.39,3535
3867,2024-04-02 17:40:00,60.4,60.4,60.38,60.4,1858
3868,2024-04-02 17:35:00,60.4,60.4,60.38,60.4,10485
3869,2024-04-02 17:30:00,60.41,60.41,60.38,60.41,3551
3870,2024-04-02 17:25:00,60.4,60.41,60.4,60.41,3260
3871,2024-04-02 17:20:00,60.4,60.41,60.39,60.41,4776
3872,2024-04-02 17:15:00,60.41,60.43,60.4,60.41,8508
3873,2024-04-02 17:10:00,60.41,60.42,60.4,60.41,4095
3874,2024-04-02 17:05:00,60.43,60.43,60.41,60.42,9452
3875,2024-04-02 17:00:00,60.42,60.43,60.41,60.43,11083
3876,2024-04-02 16:55:00,60.4,60.43,60.38,60.42,15405
3877,2024-04-02 16:50:00,60.42,60.42,60.4,60.41,15419
3878,2024-04-02 16:45:00,60.43,60.44,60.41,60.42,44153
3879,2024-04-02 16:40:00,60.4,60.43,60.4,60.42,47271
3880,2024-04-02 16:35:00,60.42,60.42,60.4,60.4,58607
3881,2024-04-02 16:30:00,60.42,60.43,60.4,60.42,32045
3882,2024-04-02 16:25:00,60.41,60.42,60.4,60.41,51998
3883,2024-04-02 16:20:00,60.4,60.42,60.39,60.41,75876
3884,2024-04-02 16:15:00,60.28,60.41,60.28,60.4,51587
3885,2024-04-02 16:10:00,60.37,60.41,60.36,60.38,55234
3886,2024-04-02 16:05:00,60.36,60.38,60.35,60.37,53288
3887,2024-04-02 16:00:00,60.28,60.38,60.25,60.36,604610
3888,2024-04-02 15:55:00,60.36,60.37,60.22,60.28,1518118
3889,2024-04-02 15:50:00,60.42,60.42,60.27,60.355,1297894
3890,2024-04-02 15:45:00,60.22,60.415,60.18,60.414,726561
3891,2024-04-02 15:40:00,60.265,60.32,60.19,60.235,657663
3892,2024-04-02 15:35:00,60.16,60.28,60.155,60.265,751597
3893,2024-04-02 15:30:00,60.05,60.19,59.99,60.167,635388
3894,2024-04-02 15:25:00,60.0,60.085,59.975,60.04,450308
3895,2024-04-02 15:20:00,59.765,60.0,59.75,59.995,458268
3896,2024-04-02 15:15:00,59.84,59.89,59.75,59.77,423422
3897,2024-04-02 15:10:00,60.0,60.056,59.83,59.84,523292
3898,2024-04-02 15:05:00,59.925,60.117,59.905,60.0,1169225
3899,2024-04-02 15:00:00,59.755,59.94,59.74,59.92,420778
3900,2024-04-02 14:55:00,59.79,59.845,59.74,59.76,203766
3901,2024-04-02 14:50:00,59.712,59.83,59.71,59.797,193332
3902,2024-04-02 14:45:00,59.845,59.85,59.665,59.71,396309
3903,2024-04-02 14:40:00,59.745,59.91,59.745,59.844,295423
3904,2024-04-02 14:35:00,59.844,59.845,59.71,59.745,351745
3905,2024-04-02 14:30:00,59.8,59.88,59.79,59.84,176888
3906,2024-04-02 14:25:00,59.82,59.88,59.8,59.8,173373
3907,2024-04-02 14:20:00,59.88,59.95,59.82,59.83,397425
3908,2024-04-02 14:15:00,59.826,59.89,59.82,59.88,169447
3909,2024-04-02 14:10:00,59.88,59.89,59.785,59.825,196848
3910,2024-04-02 14:05:00,59.8,59.89,59.744,59.876,237837
3911,2024-04-02 14:00:00,59.755,59.82,59.73,59.79,207656
3912,2024-04-02 13:55:00,59.806,59.839,59.745,59.755,219414
3913,2024-04-02 13:50:00,59.89,59.92,59.76,59.81,302775
3914,2024-04-02 13:45:00,59.76,59.894,59.745,59.887,385934
3915,2024-04-02 13:40:00,59.78,59.8,59.69,59.77,447129
3916,2024-04-02 13:35:00,59.74,59.81,59.67,59.78,334651
3917,2024-04-02 13:30:00,59.78,59.82,59.725,59.74,213720
3918,2024-04-02 13:25:00,59.77,59.8,59.71,59.78,250302
3919,2024-04-02 13:20:00,59.72,59.82,59.72,59.77,299629
3920,2024-04-02 13:15:00,59.78,59.86,59.73,59.73,378239
3921,2024-04-02 13:10:00,59.895,59.91,59.765,59.78,451873
3922,2024-04-02 13:05:00,59.93,59.99,59.88,59.895,529127
3923,2024-04-02 13:00:00,59.89,59.96,59.85,59.924,571773
3924,2024-04-02 12:55:00,59.788,59.89,59.76,59.885,378977
3925,2024-04-02 12:50:00,59.79,59.802,59.71,59.785,371247
3926,2024-04-02 12:45:00,59.615,59.835,59.6,59.79,560393
3927,2024-04-02 12:40:00,59.62,59.7,59.59,59.61,436217
3928,2024-04-02 12:35:00,59.59,59.66,59.57,59.615,284504
3929,2024-04-02 12:30:00,59.52,59.6,59.5,59.589,353633
3930,2024-04-02 12:25:00,59.41,59.535,59.37,59.525,384086
3931,2024-04-02 12:20:00,59.346,59.47,59.3,59.41,335178
3932,2024-04-02 12:15:00,59.365,59.43,59.31,59.34,286463
3933,2024-04-02 12:10:00,59.39,59.42,59.33,59.362,299386
3934,2024-04-02 12:05:00,59.448,59.448,59.32,59.39,490412
3935,2024-04-02 12:00:00,59.316,59.47,59.311,59.45,297742
3936,2024-04-02 11:55:00,59.312,59.45,59.29,59.315,436203
3937,2024-04-02 11:50:00,59.49,59.5,59.31,59.311,525279
3938,2024-04-02 11:45:00,59.54,59.595,59.48,59.485,288171
3939,2024-04-02 11:40:00,59.637,59.66,59.53,59.545,527399
3940,2024-04-02 11:35:00,59.63,59.84,59.622,59.63,885999
3941,2024-04-02 11:30:00,59.66,59.72,59.61,59.63,431894
3942,2024-04-02 11:25:00,59.67,59.7,59.62,59.67,337710
3943,2024-04-02 11:20:00,59.68,59.715,59.63,59.665,503774
3944,2024-04-02 11:15:00,59.57,59.687,59.51,59.685,678198
3945,2024-04-02 11:10:00,59.34,59.57,59.33,59.57,908150
3946,2024-04-02 11:05:00,59.17,59.365,59.15,59.34,435088
3947,2024-04-02 11:00:00,59.16,59.26,59.12,59.165,418078
3948,2024-04-02 10:55:00,59.22,59.23,59.07,59.169,719827
3949,2024-04-02 10:50:00,59.22,59.29,59.18,59.23,336258
3950,2024-04-02 10:45:00,59.43,59.456,59.185,59.227,705875
3951,2024-04-02 10:40:00,59.38,59.5,59.3,59.425,473109
3952,2024-04-02 10:35:00,59.33,59.49,59.33,59.385,646073
3953,2024-04-02 10:30:00,59.37,59.48,59.28,59.327,770535
3954,2024-04-02 10:25:00,59.42,59.51,59.29,59.37,727276
3955,2024-04-02 10:20:00,59.09,59.478,59.07,59.42,1235154
3956,2024-04-02 10:15:00,59.16,59.239,59.001,59.1,1089362
3957,2024-04-02 10:10:00,59.4,59.44,59.08,59.155,1374338
3958,2024-04-02 10:05:00,59.725,59.73,59.36,59.41,999658
3959,2024-04-02 10:00:00,59.54,59.742,59.14,59.73,2162526
3960,2024-04-02 09:55:00,59.41,59.54,59.32,59.539,790693
3961,2024-04-02 09:50:00,59.36,59.49,59.32,59.41,1055096
3962,2024-04-02 09:45:00,59.4,59.5,59.313,59.37,969469
3963,2024-04-02 09:40:00,59.475,59.475,59.225,59.39,1583791
3964,2024-04-02 09:35:00,59.66,59.89,59.44,59.48,1726735
3965,2024-04-02 09:30:00,59.87,59.905,59.59,59.66,2884930
3966,2024-04-02 09:25:00,59.8,59.87,59.69,59.86,393342
3967,2024-04-02 09:20:00,59.78,59.88,59.755,59.81,169668
3968,2024-04-02 09:15:00,59.91,59.94,59.75,59.78,188714
3969,2024-04-02 09:10:00,60.09,60.09,59.84,59.9,281384
3970,2024-04-02 09:05:00,60.16,60.2,60.06,60.09,179309
3971,2024-04-02 09:00:00,60.37,60.38,60.15,60.16,348518
3972,2024-04-02 08:55:00,60.42,60.42,60.28,60.37,103240
3973,2024-04-02 08:50:00,60.39,60.47,60.31,60.41,105127
3974,2024-04-02 08:45:00,60.52,60.54,60.34,60.41,194795
3975,2024-04-02 08:40:00,60.76,60.77,60.44,60.53,203710
3976,2024-04-02 08:35:00,60.96,60.99,60.75,60.77,204693
3977,2024-04-02 08:30:00,61.1,61.13,60.95,60.96,61677
3978,2024-04-02 08:25:00,60.99,61.1,60.98,61.099,81006
3979,2024-04-02 08:20:00,60.96,61.0,60.94,61.0,45095
3980,2024-04-02 08:15:00,60.98,60.98,60.92,60.97,132252
3981,2024-04-02 08:10:00,61.05,61.09,60.97,60.97,39729
3982,2024-04-02 08:05:00,61.7,61.96,60.98,61.055,37523
3983,2024-04-02 08:00:00,61.38,62.071,60.979,61.49,289771
3984,2024-04-02 07:55:00,61.03,61.07,60.97,61.0,63302
3985,2024-04-02 07:50:00,61.05,61.099,61.02,61.03,110475
3986,2024-04-02 07:45:00,61.18,61.19,61.03,61.07,33919
3987,2024-04-02 07:40:00,61.24,61.26,61.15,61.18,29272
3988,2024-04-02 07:35:00,61.17,61.26,61.17,61.25,14693
3989,2024-04-02 07:30:00,61.18,61.2,61.14,61.17,53588
3990,2024-04-02 07:25:00,61.11,61.19,61.09,61.19,66451
3991,2024-04-02 07:20:00,61.3,61.3,61.05,61.11,188296
3992,2024-04-02 07:15:00,61.33,61.38,61.28,61.3,16894
3993,2024-04-02 07:10:00,61.35,61.36,61.29,61.32,26160
3994,2024-04-02 07:05:00,61.39,61.41,61.28,61.35,23168
3995,2024-04-02 07:00:00,61.35,61.41,61.33,61.4,33267
3996,2024-04-02 06:55:00,61.32,61.43,61.31,61.35,4799
3997,2024-04-02 06:50:00,61.36,61.39,61.27,61.32,6731
3998,2024-04-02 06:45:00,61.32,61.37,61.28,61.37,6363
3999,2024-04-02 06:40:00,61.26,61.35,61.19,61.32,60817
4000,2024-04-02 06:35:00,61.53,61.55,61.24,61.26,14504
4001,2024-04-02 06:30:00,61.52,61.57,61.51,61.53,7164
4002,2024-04-02 06:25:00,61.53,61.57,61.5,61.51,3880
4003,2024-04-02 06:20:00,61.54,61.58,61.5,61.51,5334
4004,2024-04-02 06:15:00,61.47,61.54,61.46,61.53,10600
4005,2024-04-02 06:10:00,61.45,61.51,61.42,61.48,12943
4006,2024-04-02 06:05:00,61.48,61.48,61.4,61.46,15888
4007,2024-04-02 06:00:00,61.57,61.57,61.46,61.48,21621
4008,2024-04-02 05:55:00,61.63,61.63,61.56,61.58,9481
4009,2024-04-02 05:50:00,61.71,61.75,61.6,61.61,24437
4010,2024-04-02 05:45:00,61.79,61.8,61.7,61.73,4313
4011,2024-04-02 05:40:00,61.78,61.84,61.77,61.82,6221
4012,2024-04-02 05:35:00,61.77,61.8,61.75,61.77,1368
4013,2024-04-02 05:30:00,61.81,61.81,61.72,61.77,5980
4014,2024-04-02 05:25:00,61.87,61.87,61.8,61.81,1608
4015,2024-04-02 05:20:00,61.74,61.86,61.74,61.86,6539
4016,2024-04-02 05:15:00,61.81,61.81,61.74,61.74,2829
4017,2024-04-02 05:10:00,61.85,61.89,61.81,61.83,5519
4018,2024-04-02 05:05:00,61.77,61.85,61.74,61.84,9979
4019,2024-04-02 05:00:00,61.75,61.8,61.73,61.76,13581
4020,2024-04-02 04:55:00,61.71,61.74,61.68,61.73,3882
4021,2024-04-02 04:50:00,61.73,61.73,61.65,61.71,10310
4022,2024-04-02 04:45:00,61.81,61.81,61.7,61.72,25996
4023,2024-04-02 04:40:00,61.91,61.91,61.79,61.81,44282
4024,2024-04-02 04:35:00,61.99,61.99,61.9,61.92,61323
4025,2024-04-02 04:30:00,61.99,62.03,61.96,61.98,31015
4026,2024-04-02 04:25:00,62.01,62.03,61.98,62.01,58393
4027,2024-04-02 04:20:00,62.06,62.08,61.99,62.02,57933
4028,2024-04-02 04:15:00,61.89,62.09,61.86,62.05,32059
4029,2024-04-02 04:10:00,61.9,61.93,61.86,61.89,47748
4030,2024-04-02 04:05:00,61.97,61.99,61.85,61.9,33408
4031,2024-04-02 04:00:00,61.64,62.03,61.64,61.97,49123
4032,2024-04-01 19:55:00,61.66,61.7,61.66,61.68,9793
4033,2024-04-01 19:50:00,61.65,61.67,61.63,61.655,8042
4034,2024-04-01 19:45:00,61.59,61.66,61.57,61.645,15569
4035,2024-04-01 19:40:00,61.58,61.955,61.58,61.58,20038
4036,2024-04-01 19:35:00,61.75,61.75,61.58,61.61,17120
4037,2024-04-01 19:30:00,61.75,61.78,61.73,61.77,11085
4038,2024-04-01 19:25:00,61.77,61.8,61.7,61.745,10401
4039,2024-04-01 19:20:00,61.79,61.81,61.75,61.75,3051
4040,2024-04-01 19:15:00,61.76,61.78,61.74,61.78,3376
4041,2024-04-01 19:10:00,61.75,61.77,61.74,61.76,6477
4042,2024-04-01 19:05:00,61.76,61.76,61.73,61.75,5612
4043,2024-04-01 19:00:00,61.75,61.76,61.74,61.76,2775
4044,2024-04-01 18:55:00,61.73,61.77,61.72,61.76,5943
4045,2024-04-01 18:50:00,61.82,61.82,61.74,61.75,6177
4046,2024-04-01 18:45:00,61.79,61.83,61.78,61.83,3573
4047,2024-04-01 18:40:00,61.8,61.8,61.78,61.79,63
4048,2024-04-01 18:35:00,61.75,61.81,61.749,61.8,4644
4049,2024-04-01 18:30:00,61.74,61.769,61.7,61.75,11199
4050,2024-04-01 18:25:00,61.78,61.78,61.75,61.75,12354
4051,2024-04-01 18:20:00,61.81,61.83,61.78,61.79,5509
4052,2024-04-01 18:15:00,61.86,61.87,61.81,61.81,6559
4053,2024-04-01 18:10:00,61.81,61.89,61.81,61.85,34102
4054,2024-04-01 18:05:00,61.87,61.91,61.815,61.815,5699
4055,2024-04-01 18:00:00,61.91,61.94,61.82,61.87,17298
4056,2024-04-01 17:55:00,61.89,61.91,61.88,61.905,9721
4057,2024-04-01 17:50:00,61.91,61.91,61.881,61.89,11563
4058,2024-04-01 17:45:00,61.9,61.91,61.9,61.901,1469
4059,2024-04-01 17:40:00,61.91,61.91,61.89,61.91,4284
4060,2024-04-01 17:35:00,61.9,61.91,61.9,61.9,5398
4061,2024-04-01 17:30:00,61.91,61.92,61.9,61.9,15722
4062,2024-04-01 17:25:00,61.94,61.94,61.91,61.91,6865
4063,2024-04-01 17:20:00,61.92,61.94,61.92,61.94,1363
4064,2024-04-01 17:15:00,61.92,61.93,61.91,61.921,1970
4065,2024-04-01 17:10:00,61.93,61.93,61.9,61.93,21846
4066,2024-04-01 17:05:00,61.94,61.95,61.93,61.93,4637
4067,2024-04-01 17:00:00,61.955,61.96,61.94,61.94,3563
4068,2024-04-01 16:55:00,61.94,61.96,61.94,61.96,5167
4069,2024-04-01 16:50:00,61.95,61.95,61.93,61.94,6372
4070,2024-04-01 16:45:00,61.95,61.97,61.94,61.95,24820
4071,2024-04-01 16:40:00,61.95,62.0,61.93,61.95,34073
4072,2024-04-01 16:35:00,61.93,61.95,61.91,61.94,44983
4073,2024-04-01 16:30:00,61.93,61.95,61.91,61.94,28868
4074,2024-04-01 16:25:00,61.94,61.95,61.91,61.93,53687
4075,2024-04-01 16:20:00,61.96,62.0,61.92,61.94,55647
4076,2024-04-01 16:15:00,61.94,61.98,61.92,61.95,24525
4077,2024-04-01 16:10:00,61.97,62.03,61.95,61.97,58577
4078,2024-04-01 16:05:00,61.98,61.99,61.91,61.96,33699
4079,2024-04-01 16:00:00,61.93,62.01,61.87,61.98,651267
4080,2024-04-01 15:55:00,61.95,62.1,61.87,61.93,1975463
4081,2024-04-01 15:50:00,61.71,61.965,61.65,61.95,1264091
4082,2024-04-01 15:45:00,61.765,61.807,61.69,61.7,660016
4083,2024-04-01 15:40:00,61.57,61.78,61.57,61.765,300776
4084,2024-04-01 15:35:00,61.765,61.786,61.54,61.58,881995
4085,2024-04-01 15:30:00,61.66,61.8,61.615,61.765,433035
4086,2024-04-01 15:25:00,61.73,61.756,61.6,61.654,297798
4087,2024-04-01 15:20:00,61.71,61.82,61.68,61.74,451104
4088,2024-04-01 15:15:00,61.735,61.8,61.65,61.715,594373
4089,2024-04-01 15:10:00,61.77,61.8,61.665,61.725,316751
4090,2024-04-01 15:05:00,61.67,61.83,61.67,61.76,512156
4091,2024-04-01 15:00:00,61.65,61.687,61.53,61.67,264216
4092,2024-04-01 14:55:00,61.72,61.764,61.58,61.655,371749
4093,2024-04-01 14:50:00,61.71,61.786,61.65,61.715,334881
4094,2024-04-01 14:45:00,61.69,61.746,61.66,61.71,196001
4095,2024-04-01 14:40:00,61.76,61.785,61.61,61.687,332332
4096,2024-04-01 14:35:00,61.73,61.79,61.66,61.76,250197
4097,2024-04-01 14:30:00,61.67,61.77,61.668,61.73,304008
4098,2024-04-01 14:25:00,61.745,61.756,61.654,61.67,363669
4099,2024-04-01 14:20:00,61.625,61.759,61.57,61.746,553087
4100,2024-04-01 14:15:00,61.505,61.63,61.49,61.625,247875
4101,2024-04-01 14:10:00,61.605,61.61,61.47,61.51,385339
4102,2024-04-01 14:05:00,61.65,61.65,61.56,61.61,218451
4103,2024-04-01 14:00:00,61.61,61.65,61.57,61.645,319442
4104,2024-04-01 13:55:00,61.52,61.61,61.52,61.609,337917
4105,2024-04-01 13:50:00,61.57,61.629,61.413,61.514,366802
4106,2024-04-01 13:45:00,61.6,61.62,61.52,61.565,219487
4107,2024-04-01 13:40:00,61.45,61.63,61.43,61.605,269072
4108,2024-04-01 13:35:00,61.415,61.53,61.41,61.45,212112
4109,2024-04-01 13:30:00,61.48,61.51,61.4,61.41,302107
4110,2024-04-01 13:25:00,61.23,61.48,61.22,61.476,593798
4111,2024-04-01 13:20:00,61.46,61.466,61.23,61.24,582229
4112,2024-04-01 13:15:00,61.522,61.575,61.45,61.46,338670
4113,2024-04-01 13:10:00,61.55,61.58,61.489,61.529,257580
4114,2024-04-01 13:05:00,61.62,61.69,61.5,61.55,260910
4115,2024-04-01 13:00:00,61.655,61.68,61.59,61.62,270984
4116,2024-04-01 12:55:00,61.76,61.765,61.64,61.655,378130
4117,2024-04-01 12:50:00,61.765,61.85,61.75,61.767,228813
4118,2024-04-01 12:45:00,61.83,61.87,61.715,61.761,360768
4119,2024-04-01 12:40:00,61.74,61.85,61.74,61.835,405815
4120,2024-04-01 12:35:00,61.78,61.83,61.67,61.742,572354
4121,2024-04-01 12:30:00,61.715,61.82,61.715,61.78,600819
4122,2024-04-01 12:25:00,61.64,61.74,61.62,61.715,308573
4123,2024-04-01 12:20:00,61.689,61.735,61.6,61.65,395833
4124,2024-04-01 12:15:00,61.659,61.76,61.65,61.68,735539
4125,2024-04-01 12:10:00,61.62,61.7,61.57,61.65,581350
4126,2024-04-01 12:05:00,61.47,61.687,61.45,61.63,699880
4127,2024-04-01 12:00:00,61.22,61.47,61.12,61.47,610800
4128,2024-04-01 11:55:00,61.26,61.36,61.181,61.22,488630
4129,2024-04-01 11:50:00,61.65,61.655,61.216,61.26,726263
4130,2024-04-01 11:45:00,61.6,61.665,61.44,61.65,679585
4131,2024-04-01 11:40:00,61.5,61.6,61.452,61.6,283749
4132,2024-04-01 11:35:00,61.557,61.73,61.485,61.5,533765
4133,2024-04-01 11:30:00,61.67,61.68,61.546,61.55,431757
4134,2024-04-01 11:25:00,61.48,61.68,61.45,61.67,624301
4135,2024-04-01 11:20:00,61.365,61.55,61.22,61.48,746351
4136,2024-04-01 11:15:00,61.561,61.565,61.25,61.37,1112665
4137,2024-04-01 11:10:00,61.71,61.71,61.5,61.569,746786
4138,2024-04-01 11:05:00,61.76,61.85,61.61,61.716,807903
4139,2024-04-01 11:00:00,61.78,61.79,61.595,61.74,729487
4140,2024-04-01 10:55:00,61.7,61.796,61.63,61.775,483664
4141,2024-04-01 10:50:00,61.9,61.9,61.63,61.7,838625
4142,2024-04-01 10:45:00,61.985,62.015,61.82,61.9,620442
4143,2024-04-01 10:40:00,61.83,62.04,61.78,61.99,857512
4144,2024-04-01 10:35:00,62.24,62.25,61.75,61.83,1009330
4145,2024-04-01 10:30:00,62.28,62.355,62.08,62.24,632429
4146,2024-04-01 10:25:00,62.39,62.46,62.26,62.28,576293
4147,2024-04-01 10:20:00,62.18,62.405,62.09,62.39,1211760
4148,2024-04-01 10:15:00,62.78,62.83,62.17,62.175,1578877
4149,2024-04-01 10:10:00,62.693,62.8,62.65,62.77,775129
4150,2024-04-01 10:05:00,62.436,62.76,62.403,62.7,1151742
4151,2024-04-01 10:00:00,62.77,62.96,62.405,62.45,2172818
4152,2024-04-01 09:55:00,62.88,62.96,62.75,62.786,681765
4153,2024-04-01 09:50:00,62.803,62.9,62.74,62.87,836434
4154,2024-04-01 09:45:00,62.81,62.99,62.725,62.81,1570212
4155,2024-04-01 09:40:00,62.88,62.97,62.77,62.805,1722324
4156,2024-04-01 09:35:00,62.427,62.88,62.42,62.871,2344506
4157,2024-04-01 09:30:00,61.92,62.43,61.76,62.42,2130449
4158,2024-04-01 09:25:00,61.86,61.95,61.8,61.91,158894
4159,2024-04-01 09:20:00,61.79,61.89,61.73,61.86,60856
4160,2024-04-01 09:15:00,61.88,61.91,61.709,61.79,96119
4161,2024-04-01 09:10:00,62.01,62.02,61.85,61.89,84360
4162,2024-04-01 09:05:00,61.96,62.03,61.96,62.01,31566
4163,2024-04-01 09:00:00,62.07,62.07,61.93,61.959,60163
4164,2024-04-01 08:55:00,62.11,62.11,62.02,62.07,53435
4165,2024-04-01 08:50:00,62.1,62.14,62.06,62.11,44817
4166,2024-04-01 08:45:00,62.09,62.14,62.09,62.1,42511
4167,2024-04-01 08:40:00,62.02,62.11,61.999,62.08,61842
4168,2024-04-01 08:35:00,61.94,62.04,61.94,62.009,102960
4169,2024-04-01 08:30:00,62.02,62.02,61.86,61.94,72584
4170,2024-04-01 08:25:00,61.97,62.04,61.96,62.02,36491
4171,2024-04-01 08:20:00,62.03,62.04,61.9,61.97,74560
4172,2024-04-01 08:15:00,62.03,62.05,61.95,62.04,69031
4173,2024-04-01 08:10:00,62.06,62.09,61.94,62.04,146389
4174,2024-04-01 08:05:00,62.64,62.91,61.98,62.07,151624
4175,2024-04-01 08:00:00,62.66,62.91,62.21,62.9,304317
4176,2024-04-01 07:55:00,62.35,62.35,62.31,62.33,12533
4177,2024-04-01 07:50:00,62.34,62.35,62.29,62.35,18516
4178,2024-04-01 07:45:00,62.33,62.35,62.3,62.34,19542
4179,2024-04-01 07:40:00,62.35,62.37,62.31,62.33,18641
4180,2024-04-01 07:35:00,62.26,62.35,62.25,62.35,15679
4181,2024-04-01 07:30:00,62.28,62.28,62.2,62.25,24163
4182,2024-04-01 07:25:00,62.31,62.31,62.24,62.28,22700
4183,2024-04-01 07:20:00,62.38,62.39,62.31,62.31,41508
4184,2024-04-01 07:15:00,62.48,62.5,62.37,62.38,51044
4185,2024-04-01 07:10:00,62.51,62.52,62.46,62.48,46602
4186,2024-04-01 07:05:00,62.52,62.53,62.48,62.51,71045
4187,2024-04-01 07:00:00,62.7,62.71,62.52,62.52,105776
4188,2024-04-01 06:55:00,62.69,62.71,62.68,62.71,5564
4189,2024-04-01 06:50:00,62.67,62.72,62.66,62.69,4829
4190,2024-04-01 06:45:00,62.69,62.7,62.67,62.68,4414
4191,2024-04-01 06:40:00,62.68,62.69,62.65,62.69,3220
4192,2024-04-01 06:35:00,62.71,62.73,62.69,62.69,2210
4193,2024-04-01 06:30:00,62.7,62.74,62.67,62.7,4656
4194,2024-04-01 06:25:00,62.69,62.7,62.69,62.69,1826
4195,2024-04-01 06:20:00,62.69,62.72,62.68,62.69,8868
4196,2024-04-01 06:15:00,62.66,62.7,62.66,62.69,9889
4197,2024-04-01 06:10:00,62.64,62.65,62.6,62.65,7750
4198,2024-04-01 06:05:00,62.64,62.66,62.62,62.64,7453
4199,2024-04-01 06:00:00,62.64,62.65,62.63,62.64,9911
4200,2024-04-01 05:55:00,62.61,62.64,62.6,62.63,9203
4201,2024-04-01 05:50:00,62.57,62.62,62.56,62.61,8024
4202,2024-04-01 05:45:00,62.57,62.59,62.56,62.58,2180
4203,2024-04-01 05:40:00,62.53,62.58,62.53,62.57,4136
4204,2024-04-01 05:35:00,62.56,62.56,62.51,62.53,4712
4205,2024-04-01 05:30:00,62.57,62.57,62.53,62.56,5914
4206,2024-04-01 05:25:00,62.55,62.57,62.54,62.56,3142
4207,2024-04-01 05:20:00,62.62,62.62,62.55,62.56,2092
4208,2024-04-01 05:15:00,62.62,62.64,62.61,62.63,3068
4209,2024-04-01 05:10:00,62.66,62.68,62.62,62.62,5170
4210,2024-04-01 05:05:00,62.69,62.69,62.62,62.66,4538
4211,2024-04-01 05:00:00,62.68,62.7,62.67,62.68,2080
4212,2024-04-01 04:55:00,62.69,62.69,62.68,62.68,4369
4213,2024-04-01 04:50:00,62.62,62.69,62.62,62.69,6429
4214,2024-04-01 04:45:00,62.65,62.66,62.61,62.61,3323
4215,2024-04-01 04:40:00,62.7,62.7,62.64,62.65,4094
4216,2024-04-01 04:35:00,62.66,62.71,62.65,62.7,21612
4217,2024-04-01 04:30:00,62.64,62.7,62.63,62.68,67740
4218,2024-04-01 04:25:00,62.61,62.65,62.61,62.64,8070
4219,2024-04-01 04:20:00,62.57,62.63,62.57,62.62,9126
4220,2024-04-01 04:15:00,62.51,62.58,62.49,62.57,12522
4221,2024-04-01 04:10:00,62.55,62.55,62.46,62.52,80129
4222,2024-04-01 04:05:00,62.71,62.72,62.55,62.55,55948
4223,2024-04-01 04:00:00,62.88,62.88,62.52,62.72,112431
